activo,sinal_em,entrada_em,saida_em,lado,entrada,stop,alvo,saida,motivo,R_bruto,R_liquido,duracao,duracao_h,R_preco
BTC,2023-01-15 16:00:00+00:00,2023-01-15 16:00:00+00:00,2023-01-17 16:00:00+00:00,1,20925.0,20120.015052795658,825909.9472043425,21175.6,tempo,0.31131016905386266,0.2773152600868837,192,48.0,804.9849472043425
BTC,2023-01-17 16:00:00+00:00,2023-01-17 16:00:00+00:00,2023-01-18 16:45:00+00:00,1,21175.7,20386.306519462018,810569.1805379831,20386.306519462018,stop,-1.0,-1.034222862113377,99,24.75,789.3934805379831
BTC,2023-01-19 22:00:00+00:00,2023-01-19 22:00:00+00:00,2023-01-21 22:00:00+00:00,1,20929.8,20175.241682212607,775488.1177873923,23197.7,tempo,3.0055993639434178,2.967586563177922,192,48.0,754.5583177873923
BTC,2023-01-29 02:00:00+00:00,2023-01-29 02:00:00+00:00,2023-01-31 02:00:00+00:00,1,23232.1,22350.025552577445,905306.5474225539,22828.3,tempo,-0.45778448880354045,-0.4917263630835214,192,48.0,882.0744474225539
BTC,2023-01-31 20:00:00+00:00,2023-01-31 20:00:00+00:00,2023-02-02 20:00:00+00:00,1,23154.6,22306.802095358747,870952.504641251,23804.9,tempo,0.7670460099511331,0.7310425298376547,192,48.0,847.7979046412511
BTC,2023-02-15 13:00:00+00:00,2023-02-15 13:00:00+00:00,2023-02-17 13:00:00+00:00,1,22763.6,22029.794093495275,756569.5065047237,23869.6,tempo,1.5072105446358661,1.465903191109127,192,48.0,733.8059065047237
BTC,2023-02-18 05:00:00+00:00,2023-02-18 05:00:00+00:00,2023-02-20 05:00:00+00:00,1,24632.4,23622.998436348968,1034033.9636510339,24482.4,tempo,-0.14860290037341112,-0.1802301745422045,192,48.0,1009.4015636510339
BTC,2023-02-21 02:00:00+00:00,2023-02-21 02:00:00+00:00,2023-02-22 02:45:00+00:00,1,24869.9,23908.831637926603,985938.262073398,23908.831637926603,stop,-1.0,-1.032990551781613,99,24.75,961.068362073398
BTC,2023-03-13 19:00:00+00:00,2023-03-13 19:00:00+00:00,2023-03-15 19:00:00+00:00,1,24291.3,23040.628743073372,1274962.5569266274,24418.5,tempo,0.10170538364540277,0.07638988220995444,192,48.0,1250.6712569266274
BTC,2023-03-16 23:00:00+00:00,2023-03-16 23:00:00+00:00,2023-03-18 23:00:00+00:00,1,24968.9,23632.402419717448,1361466.4802825537,26901.9,tempo,1.4463176204115067,1.4210904741020671,192,48.0,1336.4975802825538
BTC,2023-03-20 12:00:00+00:00,2023-03-20 12:00:00+00:00,2023-03-22 12:00:00+00:00,1,28176.8,26669.363020561424,1535613.7794385748,28113.5,tempo,-0.041991805205398726,-0.0662639276881754,192,48.0,1507.4369794385748
BTC,2023-03-29 16:00:00+00:00,2023-03-29 16:00:00+00:00,2023-03-31 16:00:00+00:00,1,28426.4,26957.972993011637,1496853.4069883642,28488.5,tempo,0.042290151096690244,0.01709674017198015,192,48.0,1468.4270069883642
BTC,2023-04-10 16:00:00+00:00,2023-04-10 16:00:00+00:00,2023-04-12 16:00:00+00:00,1,28427.7,27406.485796691286,1049641.9033087147,29948.0,tempo,1.4887180329790322,1.4515620622952505,192,48.0,1021.2142033087148
BTC,2023-04-21 04:00:00+00:00,2023-04-21 04:00:00+00:00,2023-04-23 04:00:00+00:00,-1,28309.2,29268.93073378079,-931421.5337807906,27545.2,tempo,0.7960566157866765,0.75822792204778,192,48.0,959.7307337807906
BTC,2023-04-26 11:00:00+00:00,2023-04-26 11:00:00+00:00,2023-04-26 20:00:00+00:00,1,28982.8,28033.301565878824,978481.2341211748,28033.301565878824,stop,-1.0,-1.0390316241565192,36,9.0,949.4984341211748
BTC,2023-04-27 20:00:00+00:00,2023-04-27 20:00:00+00:00,2023-04-29 20:00:00+00:00,1,29659.9,28170.660730017193,1518899.1699828086,29222.0,tempo,-0.2940427430476343,-0.3197425991899195,192,48.0,1489.2392699828088
BTC,2023-04-30 18:00:00+00:00,2023-04-30 18:00:00+00:00,2023-05-01 05:45:00+00:00,1,29628.4,28309.930449819116,1348097.9501808854,28309.930449819116,stop,-1.0,-1.0285633557386409,47,11.75,1318.4695501808856
BTC,2023-05-02 01:00:00+00:00,2023-05-02 01:00:00+00:00,2023-05-04 01:00:00+00:00,-1,28033.0,29300.183476375874,-1239150.4763758744,29030.0,tempo,-0.7867842491534099,-0.8160546355587627,192,48.0,1267.1834763758743
BTC,2023-05-04 18:00:00+00:00,2023-05-04 18:00:00+00:00,2023-05-06 18:00:00+00:00,1,28830.9,27613.777190281693,1245953.7097183084,28757.7,tempo,-0.06014183565990533,-0.0908968175739025,192,48.0,1217.1228097183084
BTC,2023-05-08 05:00:00+00:00,2023-05-08 05:00:00+00:00,2023-05-10 05:00:00+00:00,-1,28110.2,29201.852903475236,-1063542.7034752348,27673.6,tempo,0.3999439735927995,0.366728773152651,192,48.0,1091.6529034752348
BTC,2023-05-11 20:00:00+00:00,2023-05-11 20:00:00+00:00,2023-05-13 20:00:00+00:00,-1,26831.5,27872.403961340857,-1014072.4613408567,26822.6,tempo,0.008550260476035446,-0.02495442996156747,192,48.0,1040.9039613408568
BTC,2023-05-22 11:00:00+00:00,2023-05-22 11:00:00+00:00,2023-05-24 11:00:00+00:00,-1,26820.9,27616.721693061303,-769000.7930613016,26715.3,tempo,0.13269304031382803,0.08896649917602634,192,48.0,795.8216930613016
BTC,2023-05-24 11:00:00+00:00,2023-05-24 11:00:00+00:00,2023-05-26 11:00:00+00:00,-1,26715.2,27487.84361951136,-745928.4195113602,26443.2,tempo,0.35203811062598284,0.30731767402695653,192,48.0,772.6436195113602
BTC,2023-05-28 17:00:00+00:00,2023-05-28 17:00:00+00:00,2023-05-30 17:00:00+00:00,1,27242.9,26541.534153980963,728608.7460190381,27696.9,tempo,0.6473083948654045,0.596392214383142,192,48.0,701.3658460190381
BTC,2023-06-02 03:00:00+00:00,2023-06-02 03:00:00+00:00,2023-06-04 03:00:00+00:00,1,26950.8,26254.882576639644,722868.2233603554,27080.7,tempo,0.18666007724416106,0.13619363708749013,192,48.0,695.9174233603553
BTC,2023-06-05 12:00:00+00:00,2023-06-05 12:00:00+00:00,2023-06-07 01:00:00+00:00,-1,26760.2,27385.434477858416,-598474.2778584156,27385.434477858416,stop,-1.0,-1.056290341714933,148,37.0,625.2344778584156
BTC,2023-06-10 07:00:00+00:00,2023-06-10 07:00:00+00:00,2023-06-12 07:00:00+00:00,-1,25525.8,26304.538719189728,-753212.9191897287,25832.1,tempo,-0.39332833009600693,-0.4361958980971644,192,48.0,778.7387191897287
BTC,2023-06-13 03:00:00+00:00,2023-06-13 03:00:00+00:00,2023-06-14 20:45:00+00:00,1,26115.4,25328.801750629063,812713.649370938,25328.801750629063,stop,-1.0,-1.0425105588076895,167,41.75,786.598249370938
BTC,2023-06-15 12:00:00+00:00,2023-06-15 12:00:00+00:00,2023-06-16 16:00:00+00:00,-1,25007.0,25831.046603552517,-799039.6035525169,25831.046603552517,stop,-1.0,-1.0401005600288276,112,28.0,824.0466035525169
BTC,2023-06-18 20:00:00+00:00,2023-06-18 20:00:00+00:00,2023-06-20 20:00:00+00:00,1,26641.6,25822.325002895293,845916.597104705,27973.8,tempo,1.6260718375490015,1.5827408313234288,192,48.0,819.2749971047051
BTC,2023-06-20 20:00:00+00:00,2023-06-20 20:00:00+00:00,2023-06-22 20:00:00+00:00,1,27973.7,27097.882557120214,903791.1428797864,30208.8,tempo,2.5520158546405947,2.5088349094476694,192,48.0,875.8174428797865
BTC,2023-06-23 15:00:00+00:00,2023-06-23 15:00:00+00:00,2023-06-25 15:00:00+00:00,1,30275.0,29278.727129211242,1026547.8707887582,30540.3,tempo,0.2662925065800084,0.22661467718302425,192,48.0,996.2728707887582
BTC,2023-06-29 12:00:00+00:00,2023-06-29 12:00:00+00:00,2023-06-30 14:00:00+00:00,1,30660.7,29679.51715861327,1011843.5413867297,29679.51715861327,stop,-1.0,-1.03997332556047,104,26.0,981.1828413867297
BTC,2023-07-03 16:00:00+00:00,2023-07-03 16:00:00+00:00,2023-07-05 16:00:00+00:00,1,31068.0,30122.813534199755,976254.4658002451,30345.0,tempo,-0.7649284306963386,-0.8071618433026045,192,48.0,945.1864658002451
BTC,2023-07-06 10:00:00+00:00,2023-07-06 10:00:00+00:00,2023-07-06 14:15:00+00:00,1,31064.8,30151.02475548287,944840.0445171283,30151.02475548287,stop,-1.0,-1.0435449376964578,17,4.25,913.7752445171282
BTC,2023-07-10 21:00:00+00:00,2023-07-10 21:00:00+00:00,2023-07-12 21:00:00+00:00,1,30773.3,29945.288314689984,858784.9853100154,30330.0,tempo,-0.5353789177915087,-0.5833458072746318,192,48.0,828.0116853100153
BTC,2023-07-17 20:00:00+00:00,2023-07-17 20:00:00+00:00,2023-07-19 20:00:00+00:00,-1,29869.9,30651.54441918923,-751774.5191892296,30032.4,tempo,-0.20789504282337887,-0.25770860771825443,192,48.0,781.6444191892297
BTC,2023-07-24 15:00:00+00:00,2023-07-24 15:00:00+00:00,2023-07-26 15:00:00+00:00,-1,29032.3,29753.522912503875,-692190.6125038756,29255.2,tempo,-0.3090584008571742,-0.36158983648290577,192,48.0,721.2229125038757
BTC,2023-07-27 14:00:00+00:00,2023-07-27 14:00:00+00:00,2023-07-29 14:00:00+00:00,1,29430.5,28761.599961717056,698330.5382829435,29283.7,tempo,-0.2194647803830789,-0.2765199871640009,192,48.0,668.9000382829436
BTC,2023-08-08 13:00:00+00:00,2023-08-08 13:00:00+00:00,2023-08-10 13:00:00+00:00,1,29561.0,29010.87288533463,579688.1146653708,29552.2,tempo,-0.015996302973272102,-0.08584121513211405,192,48.0,550.1271146653708
BTC,2023-08-15 19:00:00+00:00,2023-08-15 19:00:00+00:00,2023-08-17 19:00:00+00:00,-1,29314.5,29796.116331934318,-452301.8319343177,27875.0,tempo,2.9888936577763676,2.911709450067503,192,48.0,481.6163319343177
BTC,2023-08-29 19:00:00+00:00,2023-08-29 19:00:00+00:00,2023-08-31 15:45:00+00:00,1,27960.1,26948.011139970302,1040048.9600296967,26948.011139970302,stop,-1.0,-1.0352639710310945,179,44.75,1012.0888600296967
BTC,2023-09-11 16:00:00+00:00,2023-09-11 16:00:00+00:00,2023-09-12 03:30:00+00:00,-1,25102.4,25776.409253736383,-648906.8537363816,25776.409253736383,stop,-1.0,-1.049066427250958,46,11.5,674.0092537363817
BTC,2023-09-12 05:00:00+00:00,2023-09-12 05:00:00+00:00,2023-09-12 16:45:00+00:00,-1,25752.2,26489.774789660027,-711822.589660026,26489.774789660027,stop,-1.0,-1.04603910557861,47,11.75,737.574789660026
BTC,2023-09-15 06:00:00+00:00,2023-09-15 06:00:00+00:00,2023-09-17 06:00:00+00:00,1,26577.3,25819.307506888388,784569.7931116112,26528.3,tempo,-0.06464443968152196,-0.11018399358699485,192,48.0,757.9924931116111
BTC,2023-09-18 10:00:00+00:00,2023-09-18 10:00:00+00:00,2023-09-20 10:00:00+00:00,1,26858.5,26155.583363878304,729775.1361216957,27041.4,tempo,0.26020155250435134,0.21035931915886769,192,48.0,702.9166361216958
BTC,2023-09-21 18:00:00+00:00,2023-09-21 18:00:00+00:00,2023-09-23 18:00:00+00:00,-1,26636.1,27370.796038075947,-708059.9380759484,26584.7,tempo,0.0699609053760603,0.02287541939658652,192,48.0,734.6960380759483
BTC,2023-09-27 13:00:00+00:00,2023-09-27 13:00:00+00:00,2023-09-27 14:30:00+00:00,1,26710.8,26093.03816219032,644472.6378096777,26093.03816219032,stop,-1.0,-1.0555594287389405,6,1.5,617.7618378096777
BTC,2023-09-28 16:00:00+00:00,2023-09-28 16:00:00+00:00,2023-09-30 16:00:00+00:00,1,27012.3,26357.374914459433,681937.3855405663,26986.2,tempo,-0.03985188623284442,-0.09344431348126742,192,48.0,654.9250855405662
BTC,2023-10-01 10:00:00+00:00,2023-10-01 10:00:00+00:00,2023-10-03 10:00:00+00:00,1,27202.7,26593.778266052323,636124.4339476781,27530.3,tempo,0.5380001759440364,0.47957485128144695,192,48.0,608.9217339476781
BTC,2023-10-05 01:00:00+00:00,2023-10-05 01:00:00+00:00,2023-10-07 01:00:00+00:00,1,27793.1,27058.45026452305,762442.835476949,27901.6,tempo,0.1476894290713379,0.09841212962945184,192,48.0,734.649735476949
BTC,2023-10-11 04:00:00+00:00,2023-10-11 04:00:00+00:00,2023-10-13 04:00:00+00:00,-1,27000.7,27674.45077544572,-646750.0754457184,26769.5,tempo,0.34315359391913264,0.29127887811360575,192,48.0,673.7507754457183
BTC,2023-10-19 16:00:00+00:00,2023-10-19 16:00:00+00:00,2023-10-21 16:00:00+00:00,1,28659.5,27940.733680291014,747425.819708986,29916.5,tempo,1.748829856842672,1.695857981344366,192,48.0,718.766319708986
BTC,2023-10-22 00:00:00+00:00,2023-10-22 00:00:00+00:00,2023-10-24 00:00:00+00:00,1,29895.4,29108.833338576598,816462.0614234033,33074.0,tempo,4.041106947309302,3.98907053131637,192,48.0,786.5666614234033
BTC,2023-10-29 14:00:00+00:00,2023-10-29 14:00:00+00:00,2023-10-31 14:00:00+00:00,1,34393.8,33139.779859897586,1288413.940102417,34227.0,tempo,-0.13301221779929326,-0.16858064176125387,192,48.0,1254.020140102417
BTC,2023-11-05 05:00:00+00:00,2023-11-05 05:00:00+00:00,2023-11-07 05:00:00+00:00,1,35159.2,33971.2620160466,1223097.183953394,34910.0,tempo,-0.20977526046492162,-0.24811478711969592,192,48.0,1187.937983953394
BTC,2023-11-07 11:00:00+00:00,2023-11-07 11:00:00+00:00,2023-11-07 21:00:00+00:00,-1,34645.6,35755.4851889782,-1075239.5889782016,35755.4851889782,stop,-1.0,-1.0412301252663483,40,10.0,1109.8851889782018
BTC,2023-11-09 10:00:00+00:00,2023-11-09 10:00:00+00:00,2023-11-09 16:45:00+00:00,1,36854.6,35663.91761490883,1227536.985091168,35663.91761490883,stop,-1.0,-1.0395882537945513,27,6.75,1190.6823850911678
BTC,2023-11-15 19:00:00+00:00,2023-11-15 19:00:00+00:00,2023-11-16 19:15:00+00:00,1,37413.8,36081.45212578832,1369761.6742116858,36081.45212578832,stop,-1.0,-1.0358554359611432,97,24.25,1332.3478742116858
BTC,2023-11-21 15:00:00+00:00,2023-11-21 15:00:00+00:00,2023-11-22 21:30:00+00:00,-1,36646.6,37821.349691076546,-1138103.0910765475,37821.349691076546,stop,-1.0,-1.0412038136012123,122,30.5,1174.7496910765476
BTC,2023-11-28 18:00:00+00:00,2023-11-28 18:00:00+00:00,2023-11-30 18:00:00+00:00,1,38202.4,37054.53373468392,1186068.665316079,37728.7,tempo,-0.4126787364637511,-0.45567609294273903,192,48.0,1147.866265316079
BTC,2023-12-01 10:00:00+00:00,2023-12-01 10:00:00+00:00,2023-12-03 10:00:00+00:00,1,38706.1,37591.507868615714,1153298.2313842848,39449.8,tempo,0.6672395929050341,0.6216611848313054,192,48.0,1114.5921313842846
BTC,2023-12-05 16:00:00+00:00,2023-12-05 16:00:00+00:00,2023-12-07 16:00:00+00:00,1,42266.8,41008.299576994505,1300767.2230054983,43679.8,tempo,1.12276481928034,1.0783744567673226,192,48.0,1258.5004230054983
BTC,2023-12-13 13:00:00+00:00,2023-12-13 13:00:00+00:00,2023-12-13 19:45:00+00:00,-1,41236.6,42622.06355117931,-1344226.9511793093,42622.06355117931,stop,-1.0,-1.0393428836593133,27,6.75,1385.4635511793094
BTC,2023-12-20 20:00:00+00:00,2023-12-20 20:00:00+00:00,2023-12-22 20:00:00+00:00,1,43760.1,42223.0692203404,1580790.8796595954,43666.4,tempo,-0.06096169396213961,-0.09793377399594705,192,48.0,1537.0307796595953
BTC,2024-01-01 23:00:00+00:00,2024-01-01 23:00:00+00:00,2024-01-03 12:15:00+00:00,1,43584.0,42293.59085981999,1333993.1401800106,42293.59085981999,stop,-1.0,-1.0432579344959507,149,37.25,1290.4091401800106
BTC,2024-01-04 13:00:00+00:00,2024-01-04 13:00:00+00:00,2024-01-06 13:00:00+00:00,1,43386.2,41724.67106241488,1704915.1375851135,43607.4,tempo,0.13313039273423619,0.09909797914161804,192,48.0,1661.5289375851135
BTC,2024-01-07 14:00:00+00:00,2024-01-07 14:00:00+00:00,2024-01-09 14:00:00+00:00,1,44406.3,42780.65438867527,1670051.9113247332,46835.4,tempo,1.4942371099076956,1.4577549242536705,192,48.0,1625.6456113247332
BTC,2024-01-12 01:00:00+00:00,2024-01-12 01:00:00+00:00,2024-01-14 01:00:00+00:00,-1,46299.0,48602.93905625061,-2257640.0562506085,42691.2,tempo,1.5659268374360888,1.5408204311520035,192,48.0,2303.9390562506087
BTC,2024-01-19 16:00:00+00:00,2024-01-19 16:00:00+00:00,2024-01-21 16:00:00+00:00,-1,40897.1,42639.065106200054,-1701068.0062000556,41652.8,tempo,-0.4338204004835078,-0.46462321898372966,192,48.0,1741.9651062000557
BTC,2024-01-22 16:00:00+00:00,2024-01-22 16:00:00+00:00,2024-01-24 16:00:00+00:00,-1,40775.0,42393.45069853095,-1577675.698530949,40046.7,tempo,0.4499982610907291,0.4175387582787592,192,48.0,1618.450698530949
BTC,2024-02-08 04:00:00+00:00,2024-02-08 04:00:00+00:00,2024-02-10 04:00:00+00:00,1,44523.5,43129.372325719014,1438651.174280986,47366.9,tempo,2.039554950708851,1.996711844512853,192,48.0,1394.127674280986
BTC,2024-02-11 06:00:00+00:00,2024-02-11 06:00:00+00:00,2024-02-13 06:00:00+00:00,1,48217.3,46673.815927647396,1591701.3723526068,50072.3,tempo,1.2018264608150928,1.1604342358194566,192,48.0,1543.4840723526067
BTC,2024-03-04 01:00:00+00:00,2024-03-04 01:00:00+00:00,2024-03-05 20:00:00+00:00,1,63544.5,61010.844101069364,2597200.398930636,61010.844101069364,stop,-1.0,-1.0319542103960786,172,43.0,2533.655898930636
BTC,2024-03-10 05:00:00+00:00,2024-03-10 05:00:00+00:00,2024-03-12 05:00:00+00:00,1,69492.5,66103.66774146642,3458324.7585335844,71870.9,tempo,0.7018346788959025,0.6747202621912642,192,48.0,3388.8322585335845
BTC,2024-03-14 18:00:00+00:00,2024-03-14 18:00:00+00:00,2024-03-16 18:00:00+00:00,-1,71097.1,74369.12382341996,-3200926.7234199494,67325.9,tempo,1.1525588453871092,1.1250605890003456,192,48.0,3272.0238234199496
BTC,2024-03-19 06:00:00+00:00,2024-03-19 06:00:00+00:00,2024-03-21 06:00:00+00:00,-1,65265.8,68741.69100736489,-3410625.207364888,67059.3,tempo,-0.5159828073434537,-0.5407279201268393,192,48.0,3475.8910073648876
BTC,2024-03-24 13:00:00+00:00,2024-03-24 13:00:00+00:00,2024-03-26 13:00:00+00:00,1,65683.7,62067.25723219741,3682126.4678025898,71168.1,tempo,1.5165178469926184,1.4919208394602554,192,48.0,3616.4427678025895
BTC,2024-03-27 16:00:00+00:00,2024-03-27 16:00:00+00:00,2024-03-29 16:00:00+00:00,-1,68922.1,72519.40063843207,-3528378.538432061,69240.1,tempo,-0.08839961736937427,-0.11336428922375202,192,48.0,3597.3006384320615
BTC,2024-04-07 15:00:00+00:00,2024-04-07 15:00:00+00:00,2024-04-09 15:00:00+00:00,1,69595.3,66680.74029573292,2984155.004267085,69416.0,tempo,-0.06151872604891136,-0.09252078267781197,192,48.0,2914.559704267085
BTC,2024-04-11 13:00:00+00:00,2024-04-11 13:00:00+00:00,2024-04-12 17:30:00+00:00,1,70906.5,68037.35604327865,2940050.456721353,68037.35604327865,stop,-1.0,-1.031477509595348,114,28.5,2869.143956721353
BTC,2024-04-17 23:00:00+00:00,2024-04-17 23:00:00+00:00,2024-04-19 07:00:00+00:00,-1,61661.9,64911.63121555036,-3188069.3155503604,64911.63121555036,stop,-1.0,-1.0253168000160822,128,32.0,3249.7312155503605
BTC,2024-04-23 02:00:00+00:00,2024-04-23 02:00:00+00:00,2024-04-25 02:00:00+00:00,1,66742.0,63410.1482894482,3398593.7105517965,64028.4,tempo,-0.814442008750321,-0.839953576306226,192,48.0,3331.8517105517967
BTC,2024-04-30 13:00:00+00:00,2024-04-30 13:00:00+00:00,2024-05-02 13:00:00+00:00,-1,61204.7,63825.024191476325,-2559119.491476327,58533.0,tempo,1.0196066611493304,0.9899044184828801,192,48.0,2620.3241914763275
BTC,2024-05-03 22:00:00+00:00,2024-05-03 22:00:00+00:00,2024-05-05 22:00:00+00:00,1,62713.8,59568.70051882159,3207813.281178411,63848.3,tempo,0.36071990943031274,0.3345632280622637,192,48.0,3145.099481178411
BTC,2024-05-06 08:00:00+00:00,2024-05-06 08:00:00+00:00,2024-05-08 08:00:00+00:00,1,64509.5,61500.81762340711,3073191.876592893,62186.7,tempo,-0.7720323082526244,-0.799403934663139,192,48.0,3008.682376592893
BTC,2024-05-10 08:00:00+00:00,2024-05-10 08:00:00+00:00,2024-05-10 16:15:00+00:00,1,63053.8,60317.64129790933,2799212.5020906734,60317.64129790933,stop,-1.0,-1.029308035671457,33,8.25,2736.1587020906736
BTC,2024-05-10 22:00:00+00:00,2024-05-10 22:00:00+00:00,2024-05-12 22:00:00+00:00,-1,60697.7,63438.04676942996,-2679649.0694299615,61219.9,tempo,-0.19055982470008012,-0.21947822323417682,192,48.0,2740.3467694299616
BTC,2024-05-15 16:00:00+00:00,2024-05-15 16:00:00+00:00,2024-05-17 16:00:00+00:00,1,64685.4,62106.56202048728,2643523.3795127184,67170.0,tempo,0.9634571926342862,0.9302228403093703,192,48.0,2578.8379795127184
BTC,2024-05-18 04:00:00+00:00,2024-05-18 04:00:00+00:00,2024-05-20 04:00:00+00:00,1,66919.0,64374.15869261357,2611760.3073864286,66643.1,tempo,-0.1084154046066415,-0.1425296594908331,192,48.0,2544.8413073864285
BTC,2024-05-21 22:00:00+00:00,2024-05-21 22:00:00+00:00,2024-05-23 18:15:00+00:00,1,69751.7,67102.64477364559,2718806.9263544087,67102.64477364559,stop,-1.0,-1.0335800187243693,177,44.25,2649.0552263544087
BTC,2024-05-29 21:00:00+00:00,2024-05-29 21:00:00+00:00,2024-05-31 21:00:00+00:00,-1,67516.3,69773.08739485744,-2189271.0948574417,67755.0,tempo,-0.10576982153654553,-0.14473066702884063,192,48.0,2256.7873948574415
BTC,2024-06-03 09:00:00+00:00,2024-06-03 09:00:00+00:00,2024-06-05 09:00:00+00:00,1,69177.4,67107.42241641959,2139154.983580403,70972.0,tempo,0.8669659102761482,0.822957167996712,192,48.0,2069.977583580403
BTC,2024-06-05 09:00:00+00:00,2024-06-05 09:00:00+00:00,2024-06-07 09:00:00+00:00,1,70971.9,68826.17144903411,2216700.450965883,71161.4,tempo,0.08831499208727872,0.045258919147198366,192,48.0,2145.728550965883
BTC,2024-06-13 21:00:00+00:00,2024-06-13 21:00:00+00:00,2024-06-15 21:00:00+00:00,-1,66725.5,68793.66943778949,-2001443.937789489,66035.3,tempo,0.3337250746426753,0.29200000201408366,192,48.0,2068.169437789489
BTC,2024-06-21 18:00:00+00:00,2024-06-21 18:00:00+00:00,2024-06-23 18:00:00+00:00,-1,63651.8,65474.268887645834,-1758817.0876458313,64094.6,tempo,-0.2429671107153885,-0.28852901882963916,192,48.0,1822.4688876458313
BTC,2024-06-24 07:00:00+00:00,2024-06-24 07:00:00+00:00,2024-06-26 07:00:00+00:00,-1,62385.8,64052.53138637134,-1604345.5863713352,61565.8,tempo,0.491980895485045,0.4436416485861149,192,48.0,1666.7313863713352
BTC,2024-06-28 18:00:00+00:00,2024-06-28 18:00:00+00:00,2024-06-30 18:00:00+00:00,-1,60812.4,62615.848915014,-1742636.5150139998,61697.7,tempo,-0.49089275145513245,-0.5350479056915816,192,48.0,1803.4489150139998
BTC,2024-06-30 20:00:00+00:00,2024-06-30 20:00:00+00:00,2024-07-02 20:00:00+00:00,1,62016.8,60275.95627745324,1802860.5225467642,61944.0,tempo,-0.041818802605382795,-0.08810355462328573,192,48.0,1740.8437225467642
BTC,2024-07-03 13:00:00+00:00,2024-07-03 13:00:00+00:00,2024-07-05 13:00:00+00:00,-1,60032.3,61736.70911371166,-1644376.8137116556,55037.2,tempo,2.9306930829079425,2.886809736827306,192,48.0,1704.4091137116557
BTC,2024-07-19 20:00:00+00:00,2024-07-19 20:00:00+00:00,2024-07-21 20:00:00+00:00,1,67107.8,64482.50603387407,2692401.7661259295,67391.4,tempo,0.10802599772035876,0.07472516317457653,192,48.0,2625.2939661259297
BTC,2024-07-26 07:00:00+00:00,2024-07-26 07:00:00+00:00,2024-07-28 07:00:00+00:00,1,67041.9,64560.43159857523,2548510.3014247613,67459.9,tempo,0.16844864909825202,0.13321702174817038,192,48.0,2481.4684014247614
BTC,2024-07-29 07:00:00+00:00,2024-07-29 07:00:00+00:00,2024-07-29 16:45:00+00:00,1,69553.0,67030.14244877736,2592410.551222638,67030.14244877736,stop,-1.0,-1.0351898752859354,39,9.75,2522.857551222638
BTC,2024-08-01 15:00:00+00:00,2024-08-01 15:00:00+00:00,2024-08-03 15:00:00+00:00,-1,63918.1,66253.91799859153,-2271899.898591527,61959.9,tempo,0.8383358640017204,0.8033071502708831,192,48.0,2335.8179985915267
BTC,2024-08-04 17:00:00+00:00,2024-08-04 17:00:00+00:00,2024-08-06 17:00:00+00:00,-1,58647.3,61039.01125492468,-2333063.9549246742,56743.7,tempo,0.7959154751980958,0.7645554396396387,192,48.0,2391.711254924674
BTC,2024-08-06 20:00:00+00:00,2024-08-06 20:00:00+00:00,2024-08-08 20:00:00+00:00,1,56737.0,53177.16058637025,3616576.4136297503,59389.1,tempo,0.7450055162167595,0.7238017605891888,192,48.0,3559.83941362975
BTC,2024-08-13 23:00:00+00:00,2024-08-13 23:00:00+00:00,2024-08-15 19:30:00+00:00,1,60557.5,56958.00223954006,3660055.260459941,56958.00223954006,stop,-1.0,-1.0212210373610402,178,44.5,3599.4977604599408
BTC,2024-08-15 22:00:00+00:00,2024-08-15 22:00:00+00:00,2024-08-17 22:00:00+00:00,-1,57583.0,60925.32757361738,-3284744.573617382,59279.1,tempo,-0.5074607328701535,-0.5301875193166982,192,48.0,3342.327573617382
BTC,2024-08-23 19:00:00+00:00,2024-08-23 19:00:00+00:00,2024-08-25 19:00:00+00:00,1,63117.5,60066.793400520764,3113824.0994792357,64138.3,tempo,0.33461100460275545,0.3074971975869907,192,48.0,3050.7065994792356
BTC,2024-09-05 15:00:00+00:00,2024-09-05 15:00:00+00:00,2024-09-07 15:00:00+00:00,-1,56528.9,58818.76251138046,-2233333.6113804593,54595.8,tempo,0.8441991562343261,0.812655316968424,192,48.0,2289.862511380459
BTC,2024-09-09 18:00:00+00:00,2024-09-09 18:00:00+00:00,2024-09-11 18:00:00+00:00,1,56480.0,54124.404583476266,2412075.4165237346,57660.9,tempo,0.5013169883573269,0.4698210937399532,192,48.0,2355.5954165237345
BTC,2024-09-13 23:00:00+00:00,2024-09-13 23:00:00+00:00,2024-09-15 23:00:00+00:00,1,60577.0,58090.81173343821,2546765.2665617885,59400.1,tempo,-0.4733752531249637,-0.504742594065659,192,48.0,2486.1882665617886
BTC,2024-09-17 17:00:00+00:00,2024-09-17 17:00:00+00:00,2024-09-19 17:00:00+00:00,1,60857.3,58469.0362541813,2449121.045818702,63523.3,tempo,1.1162921200254998,1.0824401678943565,192,48.0,2388.263745818702
BTC,2024-09-19 17:00:00+00:00,2024-09-19 17:00:00+00:00,2024-09-21 17:00:00+00:00,1,63523.4,61046.151032918235,2540772.3670817665,63192.1,tempo,-0.1337370625247566,-0.1669856685770692,192,48.0,2477.2489670817668
BTC,2024-09-23 18:00:00+00:00,2024-09-23 18:00:00+00:00,2024-09-25 18:00:00+00:00,1,63290.9,61065.28458458326,2288906.315416738,63142.5,tempo,-0.06667818661393218,-0.10360357337695107,192,48.0,2225.615415416738
BTC,2024-09-27 10:00:00+00:00,2024-09-27 10:00:00+00:00,2024-09-29 10:00:00+00:00,1,65713.7,63547.996343357176,2231417.356642822,65559.4,tempo,-0.07124705151913166,-0.11064649323788968,192,48.0,2165.7036566428214
BTC,2024-09-30 09:00:00+00:00,2024-09-30 09:00:00+00:00,2024-10-02 09:00:00+00:00,-1,64284.2,66229.47951455678,-1880995.3145567798,61773.3,tempo,1.2907656618036651,1.2486445299113833,192,48.0,1945.2795145567798
BTC,2024-10-04 06:00:00+00:00,2024-10-04 06:00:00+00:00,2024-10-06 06:00:00+00:00,1,61193.8,59155.40559677524,2099588.20322476,61913.0,tempo,0.3528267144288738,0.3135706117465821,192,48.0,2038.39440322476
BTC,2024-10-07 03:00:00+00:00,2024-10-07 03:00:00+00:00,2024-10-09 03:00:00+00:00,1,63608.9,61606.062203815454,2066446.6961845472,62240.0,tempo,-0.6834802112321766,-0.7243231517617763,192,48.0,2002.8377961845472
BTC,2024-10-11 22:00:00+00:00,2024-10-11 22:00:00+00:00,2024-10-13 22:00:00+00:00,1,62817.6,60791.98281705912,2088434.7829408778,62861.0,tempo,0.02142556864421513,-0.018903418830800947,192,48.0,2025.6171829408777
BTC,2024-10-18 16:00:00+00:00,2024-10-18 16:00:00+00:00,2024-10-20 16:00:00+00:00,1,68710.0,66199.19042190362,2579519.5780963777,68605.0,tempo,-0.04181918091917107,-0.07736737652055568,192,48.0,2510.8095780963777
BTC,2024-10-28 12:00:00+00:00,2024-10-28 12:00:00+00:00,2024-10-30 12:00:00+00:00,1,68731.1,66768.97389985435,2030857.2001456588,71995.0,tempo,1.6634506822765867,1.6168318818879626,192,48.0,1962.1261001456587
BTC,2024-11-06 07:00:00+00:00,2024-11-06 07:00:00+00:00,2024-11-08 07:00:00+00:00,1,74288.1,71440.82675887147,2921561.3411285398,75882.8,tempo,0.5600797201212501,0.5257974167616641,192,48.0,2847.2732411285397
BTC,2024-11-11 16:00:00+00:00,2024-11-11 16:00:00+00:00,2024-11-13 16:00:00+00:00,1,84114.1,80876.79327179333,3321420.828206677,92608.1,tempo,2.623785978014291,2.5883029547347416,192,48.0,3237.306728206677
BTC,2024-11-19 18:00:00+00:00,2024-11-19 18:00:00+00:00,2024-11-21 18:00:00+00:00,1,92904.1,88538.958634506,4458045.4654940115,98099.3,tempo,1.1901561862503498,1.1617144475746197,192,48.0,4365.141365494012
BTC,2024-11-22 16:00:00+00:00,2024-11-22 16:00:00+00:00,2024-11-24 16:00:00+00:00,1,98696.6,94279.72246322999,4515574.136770014,95986.4,tempo,-0.6136008928112445,-0.6422509853135916,192,48.0,4416.877536770015
BTC,2024-11-25 21:00:00+00:00,2024-11-25 21:00:00+00:00,2024-11-27 21:00:00+00:00,-1,95018.0,98982.39099599338,-3869372.995993381,96545.6,tempo,-0.3853303071124613,-0.4167390001817985,192,48.0,3964.390995993381
BTC,2024-11-29 16:00:00+00:00,2024-11-29 16:00:00+00:00,2024-12-01 16:00:00+00:00,1,98076.3,94074.82257495975,4099553.725040255,97081.4,tempo,-0.24863316578376046,-0.28033458291688945,192,48.0,4001.477425040255
BTC,2024-12-02 14:00:00+00:00,2024-12-02 14:00:00+00:00,2024-12-04 14:00:00+00:00,-1,95739.5,99364.58617693685,-3529346.6769368495,95731.6,tempo,0.0021792585374258815,-0.03215267425683499,192,48.0,3625.0861769368494
BTC,2024-12-04 17:00:00+00:00,2024-12-04 17:00:00+00:00,2024-12-04 20:30:00+00:00,-1,94895.2,98516.92368665534,-3526828.486655343,98516.92368665534,stop,-1.0,-1.034712167816542,14,3.5,3621.723686655343
BTC,2024-12-04 21:00:00+00:00,2024-12-04 21:00:00+00:00,2024-12-05 22:30:00+00:00,1,98803.5,94932.50837652589,3969795.1234741104,94932.50837652589,stop,-1.0,-1.0325313040413464,102,25.5,3870.9916234741104
BTC,2024-12-11 16:00:00+00:00,2024-12-11 16:00:00+00:00,2024-12-13 16:00:00+00:00,1,100352.7,95874.69269680933,4578360.0031906655,99831.0,tempo,-0.11650271307692509,-0.1455601478219036,192,48.0,4478.007303190665
BTC,2024-12-14 04:00:00+00:00,2024-12-14 04:00:00+00:00,2024-12-16 04:00:00+00:00,1,102040.7,97649.20130579511,4493539.394204886,104560.0,tempo,0.5736765909379694,0.5430969496011263,192,48.0,4391.498694204885
BTC,2024-12-19 02:00:00+00:00,2024-12-19 02:00:00+00:00,2024-12-21 02:00:00+00:00,-1,99753.6,103923.24018987491,-4069886.5898749027,97306.1,tempo,0.5869811035358017,0.5562617130927038,192,48.0,4169.640189874903
BTC,2024-12-23 17:00:00+00:00,2024-12-23 17:00:00+00:00,2024-12-24 16:00:00+00:00,-1,93950.0,98224.71795896243,-4180767.9589624284,98224.71795896243,stop,-1.0,-1.0292214756324287,92,23.0,4274.717958962428
BTC,2025-01-06 01:00:00+00:00,2025-01-06 01:00:00+00:00,2025-01-08 01:00:00+00:00,1,98185.3,94787.44396572607,3496041.334273936,97228.0,tempo,-0.2817364803993414,-0.3191184776702004,192,48.0,3397.8560342739365
BTC,2025-01-15 18:00:00+00:00,2025-01-15 18:00:00+00:00,2025-01-17 18:00:00+00:00,1,98596.4,94917.64451227157,3777351.887728427,104079.4,tempo,1.4904496964503788,1.454638871175512,192,48.0,3678.7554877284274
BTC,2025-01-17 18:00:00+00:00,2025-01-17 18:00:00+00:00,2025-01-19 18:00:00+00:00,1,104079.5,100084.30195206165,4099277.547938349,105130.0,tempo,0.26294065710762243,0.22890325186054758,192,48.0,3995.198047938349
BTC,2025-01-27 01:00:00+00:00,2025-01-27 01:00:00+00:00,2025-01-29 01:00:00+00:00,-1,101670.7,106377.39711209745,-4605026.4120974485,101651.6,tempo,0.004058047404601254,-0.024020983782749927,192,48.0,4706.697112097449
BTC,2025-01-30 06:00:00+00:00,2025-01-30 06:00:00+00:00,2025-02-01 06:00:00+00:00,1,105343.1,100628.76213237361,4819680.967626397,102445.0,tempo,-0.6147416840658386,-0.6433909384876483,192,48.0,4714.3378676263965
BTC,2025-02-10 14:00:00+00:00,2025-02-10 14:00:00+00:00,2025-02-12 13:45:00+00:00,1,98175.3,94004.86513132416,4268610.1686758455,94004.86513132416,stop,-1.0,-1.0299530171957878,191,47.75,4170.434868675846
BTC,2025-02-12 14:00:00+00:00,2025-02-12 14:00:00+00:00,2025-02-14 14:00:00+00:00,-1,94918.0,98781.55928159565,-3768641.281595648,96740.7,tempo,-0.47176705911633454,-0.5040114601776661,192,48.0,3863.559281595648
BTC,2025-02-18 07:00:00+00:00,2025-02-18 07:00:00+00:00,2025-02-20 07:00:00+00:00,-1,95323.7,98610.38230731201,-3191358.6073120176,96868.0,tempo,-0.46986591815227624,-0.507875251978693,192,48.0,3286.6823073120177
BTC,2025-02-20 19:00:00+00:00,2025-02-20 19:00:00+00:00,2025-02-21 21:00:00+00:00,1,98238.0,95012.48589369976,3323752.1063002376,95012.48589369976,stop,-1.0,-1.0389435022421858,104,26.0,3225.5141063002375
BTC,2025-02-24 15:00:00+00:00,2025-02-24 15:00:00+00:00,2025-02-26 15:00:00+00:00,-1,94638.6,97468.66186628675,-2735423.266286749,87589.1,tempo,2.490934945266573,2.4490814414930275,192,48.0,2830.061866286749
BTC,2025-02-28 09:00:00+00:00,2025-02-28 09:00:00+00:00,2025-02-28 14:15:00+00:00,-1,78955.8,82122.9595035094,-3088203.7035093927,82122.9595035094,stop,-1.0,-1.0330583898794066,21,5.25,3167.1595035093924
BTC,2025-03-06 03:00:00+00:00,2025-03-06 03:00:00+00:00,2025-03-07 00:45:00+00:00,1,91775.9,86394.86937069808,5472806.52930191,86394.86937069808,stop,-1.0,-1.0215220852786668,87,21.75,5381.030629301909
BTC,2025-03-07 19:00:00+00:00,2025-03-07 19:00:00+00:00,2025-03-09 16:00:00+00:00,1,88560.7,82852.56811601961,5796692.583980386,82852.56811601961,stop,-1.0,-1.0195192799570914,180,45.0,5708.131883980386
BTC,2025-03-09 19:00:00+00:00,2025-03-09 19:00:00+00:00,2025-03-11 19:00:00+00:00,-1,82637.5,87582.35256674682,-4862215.06674682,83226.4,tempo,-0.11909354061640444,-0.14089632109261352,192,48.0,4944.85256674682
BTC,2025-03-13 20:00:00+00:00,2025-03-13 20:00:00+00:00,2025-03-14 15:45:00+00:00,-1,80177.5,84984.7653099687,-4727087.809968702,84984.7653099687,stop,-1.0,-1.0223319216912907,79,19.75,4807.265309968701
BTC,2025-03-14 16:00:00+00:00,2025-03-14 16:00:00+00:00,2025-03-16 16:00:00+00:00,1,84692.1,79746.25336924537,5030538.7307546325,83280.0,tempo,-0.28551229049829,-0.3075877556615398,192,48.0,4945.846630754633
BTC,2025-03-19 20:00:00+00:00,2025-03-19 20:00:00+00:00,2025-03-21 20:00:00+00:00,1,85382.6,81154.99588890858,4312986.7110914225,83925.0,tempo,-0.34478157407782994,-0.3708128525769865,192,48.0,4227.604111091423
BTC,2025-03-24 00:00:00+00:00,2025-03-24 00:00:00+00:00,2025-03-26 00:00:00+00:00,1,86044.1,82345.95781070538,3784186.289294624,87369.8,tempo,0.3584772926897271,0.32799738433836656,192,48.0,3698.1421892946237
BTC,2025-03-28 21:00:00+00:00,2025-03-28 21:00:00+00:00,2025-03-30 21:00:00+00:00,-1,83769.3,86901.43841699048,-3048369.116990478,82524.7,tempo,0.3973643033298262,0.3628539830279988,192,48.0,3132.1384169904777
ETH,2023-01-16 01:00:00+00:00,2023-01-16 01:00:00+00:00,2023-01-18 01:00:00+00:00,1,1558.51,1489.4608324974993,70607.67750250072,1570.81,tempo,0.17813393622094706,0.14867582581105207,192,48.0,69.04916750250072
ETH,2023-01-20 18:00:00+00:00,2023-01-20 18:00:00+00:00,2023-01-22 18:00:00+00:00,1,1591.86,1523.9216142615742,69530.24573842573,1657.81,tempo,0.9707325142213226,0.9396413206782105,192,48.0,67.93838573842572
ETH,2023-01-29 19:00:00+00:00,2023-01-29 19:00:00+00:00,2023-01-30 19:15:00+00:00,1,1629.08,1558.5169672416673,72192.11275833262,1558.5169672416673,stop,-1.0,-1.0293629390307408,97,24.25,70.56303275833261
ETH,2023-02-02 02:00:00+00:00,2023-02-02 02:00:00+00:00,2023-02-04 02:00:00+00:00,1,1676.22,1599.9481983285891,77948.02167141091,1657.01,tempo,-0.25186241283193067,-0.28026871047432805,192,48.0,76.27180167141091
ETH,2023-02-04 14:00:00+00:00,2023-02-04 14:00:00+00:00,2023-02-05 19:30:00+00:00,1,1684.84,1608.4184102766383,78106.42972336165,1608.4184102766383,stop,-1.0,-1.0280106443012849,118,29.5,76.42158972336165
ETH,2023-02-08 01:00:00+00:00,2023-02-08 01:00:00+00:00,2023-02-09 03:15:00+00:00,1,1687.21,1613.5899247963605,75307.28520363955,1613.5899247963605,stop,-1.0,-1.029143137183478,105,26.25,73.62007520363954
ETH,2023-02-13 15:00:00+00:00,2023-02-13 15:00:00+00:00,2023-02-14 15:00:00+00:00,-1,1488.21,1549.9570395419923,-60258.82954199231,1549.9570395419923,stop,-1.0,-1.0319822389923534,96,24.0,61.74703954199231
ETH,2023-02-18 02:00:00+00:00,2023-02-18 02:00:00+00:00,2023-02-20 02:00:00+00:00,1,1702.61,1626.397766855958,77914.84314404188,1670.1,tempo,-0.42657193811072,-0.45533715610212305,192,48.0,76.21223314404187
ETH,2023-03-09 00:00:00+00:00,2023-03-09 00:00:00+00:00,2023-03-11 00:00:00+00:00,-1,1531.81,1588.2423038814889,-54900.49388148891,1425.79,tempo,1.8787111761846211,1.844644872529232,192,48.0,56.432303881488906
ETH,2023-03-13 23:00:00+00:00,2023-03-13 23:00:00+00:00,2023-03-15 23:00:00+00:00,1,1680.87,1591.615630800744,90935.23919925596,1647.89,tempo,-0.3695057205140689,-0.3937476037900535,192,48.0,89.25436919925596
ETH,2023-03-17 10:00:00+00:00,2023-03-17 10:00:00+00:00,2023-03-19 10:00:00+00:00,1,1719.64,1630.2655300025394,91094.10999746066,1777.36,tempo,0.64582201160622,0.6203891335140245,192,48.0,89.37446999746066
ETH,2023-03-21 14:00:00+00:00,2023-03-21 14:00:00+00:00,2023-03-22 20:00:00+00:00,1,1819.21,1724.9025046915747,96126.70530842537,1724.9025046915747,stop,-1.0,-1.0244272538520458,120,30.0,94.30749530842536
ETH,2023-03-23 16:00:00+00:00,2023-03-23 16:00:00+00:00,2023-03-24 12:00:00+00:00,1,1837.44,1738.7859931903047,100491.44680969538,1738.7859931903047,stop,-1.0,-1.0235626202193466,80,20.0,98.65400680969537
ETH,2023-03-29 02:00:00+00:00,2023-03-29 02:00:00+00:00,2023-03-31 02:00:00+00:00,1,1778.02,1688.747885240697,91050.1347593029,1801.63,tempo,0.2644722830153384,0.23840846111223368,192,48.0,89.2721147593029
ETH,2023-03-31 14:00:00+00:00,2023-03-31 14:00:00+00:00,2023-04-02 14:00:00+00:00,1,1825.81,1738.8419140357182,88793.89596428172,1813.21,tempo,-0.14488073251577363,-0.1720787899844808,192,48.0,86.96808596428173
ETH,2023-04-04 11:00:00+00:00,2023-04-04 11:00:00+00:00,2023-04-06 11:00:00+00:00,1,1831.65,1751.2800483549636,82201.6016450365,1860.81,tempo,0.36282216678179025,0.3329590282471259,192,48.0,80.36995164503651
ETH,2023-04-12 15:00:00+00:00,2023-04-12 15:00:00+00:00,2023-04-14 15:00:00+00:00,1,1913.45,1844.7065988297159,70656.85117028418,2095.11,tempo,2.642580915512317,2.6046781647661654,192,48.0,68.74340117028419
ETH,2023-05-01 20:00:00+00:00,2023-05-01 20:00:00+00:00,2023-05-03 18:15:00+00:00,-1,1812.19,1896.3087368555964,-82306.54685559635,1896.3087368555964,stop,-1.0,-1.0286562098892926,185,46.25,84.11873685559635
ETH,2023-05-05 14:00:00+00:00,2023-05-05 14:00:00+00:00,2023-05-06 14:15:00+00:00,1,1931.78,1850.9680984313263,82743.68156867365,1850.9680984313263,stop,-1.0,-1.0304260414153341,97,24.25,80.81190156867365
ETH,2023-05-11 20:00:00+00:00,2023-05-11 20:00:00+00:00,2023-05-13 20:00:00+00:00,-1,1783.81,1856.21973428981,-70625.92428981011,1791.73,tempo,-0.10937755921464028,-0.1414740863293249,192,48.0,72.4097342898101
ETH,2023-05-22 14:00:00+00:00,2023-05-22 14:00:00+00:00,2023-05-24 14:00:00+00:00,1,1821.38,1766.5949144063695,56606.46559363058,1802.26,tempo,-0.3490000935988872,-0.3919929259451022,192,48.0,54.78508559363058
ETH,2023-05-29 13:00:00+00:00,2023-05-29 13:00:00+00:00,2023-05-31 13:00:00+00:00,1,1897.69,1844.8124512594554,54775.23874054463,1865.99,tempo,-0.5994982890667474,-0.6457635199306773,192,48.0,52.877548740544626
ETH,2023-06-02 20:00:00+00:00,2023-06-02 20:00:00+00:00,2023-06-04 20:00:00+00:00,1,1907.31,1857.7568804212428,51460.4295787571,1903.67,tempo,-0.07345652566262048,-0.12344605247864604,192,48.0,49.553119578757105
ETH,2023-06-06 01:00:00+00:00,2023-06-06 01:00:00+00:00,2023-06-06 17:00:00+00:00,-1,1810.09,1857.793963019999,-45893.87301999904,1857.793963019999,stop,-1.0,-1.049977495055568,64,16.0,47.70396301999904
ETH,2023-06-10 04:00:00+00:00,2023-06-10 04:00:00+00:00,2023-06-12 04:00:00+00:00,-1,1826.51,1874.5972001254956,-46260.690125495654,1735.15,tempo,1.899881876290842,1.8517385243394242,192,48.0,48.087200125495656
ETH,2023-06-14 08:00:00+00:00,2023-06-14 08:00:00+00:00,2023-06-16 08:00:00+00:00,-1,1740.4,1790.5618572387484,-48421.45723874833,1670.31,tempo,1.397276812666697,1.3530806520371526,192,48.0,50.161857238748325
ETH,2023-06-25 07:00:00+00:00,2023-06-25 07:00:00+00:00,2023-06-26 17:00:00+00:00,1,1919.79,1853.661882926005,68047.90707399487,1853.661882926005,stop,-1.0,-1.0370907842598538,136,34.0,66.12811707399487
ETH,2023-06-27 18:00:00+00:00,2023-06-27 18:00:00+00:00,2023-06-28 19:30:00+00:00,1,1901.36,1833.8824104877508,69378.94951224909,1833.8824104877508,stop,-1.0,-1.0359809469242571,102,25.5,67.4775895122491
ETH,2023-06-29 01:00:00+00:00,2023-06-29 01:00:00+00:00,2023-06-30 04:45:00+00:00,-1,1831.75,1894.621158888501,-61039.408888500984,1894.621158888501,stop,-1.0,-1.0385254748933939,111,27.75,62.871158888500986
ETH,2023-06-30 13:00:00+00:00,2023-06-30 13:00:00+00:00,2023-06-30 14:00:00+00:00,1,1906.57,1842.5687621504271,65907.80784957283,1842.5687621504271,stop,-1.0,-1.038076454101177,4,1.0,64.00123784957282
ETH,2023-06-30 18:00:00+00:00,2023-06-30 18:00:00+00:00,2023-07-02 18:00:00+00:00,1,1931.79,1857.2535393872538,76468.25061274617,1906.57,tempo,-0.33835789615810197,-0.37183056147504556,192,48.0,74.53646061274617
ETH,2023-07-03 08:00:00+00:00,2023-07-03 08:00:00+00:00,2023-07-05 08:00:00+00:00,1,1968.0,1898.3219372487345,71646.06275126555,1936.13,tempo,-0.45738929501769254,-0.49380943070744243,192,48.0,69.67806275126554
ETH,2023-07-13 17:00:00+00:00,2023-07-13 17:00:00+00:00,2023-07-14 19:15:00+00:00,1,1962.58,1902.1681374938953,62374.44250610463,1902.1681374938953,stop,-1.0,-1.0415826658070206,105,26.25,60.411862506104626
ETH,2023-07-15 23:00:00+00:00,2023-07-15 23:00:00+00:00,2023-07-17 23:00:00+00:00,1,1927.78,1865.2933923673816,64414.38763261841,1909.05,tempo,-0.29974422855726984,-0.33965581272683754,192,48.0,62.486607632618416
ETH,2023-07-24 17:00:00+00:00,2023-07-24 17:00:00+00:00,2023-07-26 17:00:00+00:00,-1,1844.2,1894.7738137868932,-48729.6137868932,1858.54,tempo,-0.28354594851053727,-0.33113541862923623,192,48.0,50.5738137868932
ETH,2023-07-27 05:00:00+00:00,2023-07-27 05:00:00+00:00,2023-07-29 05:00:00+00:00,1,1879.42,1831.6460287907657,49653.39120923433,1875.46,tempo,-0.0828903249984502,-0.13397822785062585,192,48.0,47.77397120923433
ETH,2023-07-29 05:00:00+00:00,2023-07-29 05:00:00+00:00,2023-07-31 05:00:00+00:00,1,1875.47,1831.0698941041167,46275.575895883376,1862.63,tempo,-0.28918849946234926,-0.3439128058794941,192,48.0,44.40010589588337
ETH,2023-08-01 03:00:00+00:00,2023-08-01 03:00:00+00:00,2023-08-01 23:30:00+00:00,-1,1827.97,1869.4837170935455,-39685.74709354543,1869.4837170935455,stop,-1.0,-1.0578927902479847,82,20.5,41.51371709354544
ETH,2023-08-03 12:00:00+00:00,2023-08-03 12:00:00+00:00,2023-08-05 12:00:00+00:00,-1,1837.13,1878.0443061463,-39077.176146299855,1831.93,tempo,0.12709490859764502,0.06880505293023609,192,48.0,40.91430614629985
ETH,2023-08-07 17:00:00+00:00,2023-08-07 17:00:00+00:00,2023-08-08 16:45:00+00:00,-1,1815.0,1851.2907670895308,-34475.76708953085,1851.2907670895308,stop,-1.0,-1.065666536965973,95,23.75,36.290767089530846
ETH,2023-08-15 16:00:00+00:00,2023-08-15 16:00:00+00:00,2023-08-17 16:00:00+00:00,-1,1839.54,1869.0856669583943,-27706.12695839435,1738.32,tempo,3.4258830623974785,3.3471707082890103,192,48.0,29.54566695839435
ETH,2023-08-29 18:00:00+00:00,2023-08-29 18:00:00+00:00,2023-08-31 16:45:00+00:00,1,1733.15,1668.8521650955395,66030.98490446061,1668.8521650955395,stop,-1.0,-1.034391537609281,187,46.75,64.29783490446061
ETH,2023-09-05 04:00:00+00:00,2023-09-05 04:00:00+00:00,2023-09-06 18:00:00+00:00,-1,1617.24,1667.3821625207372,-48524.9225207372,1667.3821625207372,stop,-1.0,-1.0425790252814786,152,38.0,50.1421625207372
ETH,2023-09-08 06:00:00+00:00,2023-09-08 06:00:00+00:00,2023-09-10 06:00:00+00:00,1,1644.79,1597.379113783895,49055.67621610493,1625.1,tempo,-0.4153054619196633,-0.46013542966825216,192,48.0,47.41088621610493
ETH,2023-09-11 09:00:00+00:00,2023-09-11 09:00:00+00:00,2023-09-13 09:00:00+00:00,-1,1606.05,1647.382814389813,-39726.76438981293,1591.89,tempo,0.3425849463444664,0.2922941294551061,192,48.0,41.33281438981294
ETH,2023-09-18 17:00:00+00:00,2023-09-18 17:00:00+00:00,2023-09-20 17:00:00+00:00,1,1654.98,1610.3700398198455,46264.94018015453,1626.84,tempo,-0.6308008320643747,-0.6786193683595265,192,48.0,44.60996018015453
ETH,2023-09-21 07:00:00+00:00,2023-09-21 07:00:00+00:00,2023-09-23 07:00:00+00:00,-1,1620.81,1663.2845263075687,-40853.7163075688,1593.54,tempo,0.6420318805330755,0.5928417498446094,192,48.0,42.474526307568794
ETH,2023-09-25 18:00:00+00:00,2023-09-25 18:00:00+00:00,2023-09-27 12:00:00+00:00,-1,1591.79,1629.171073408649,-35789.283408648946,1629.171073408649,stop,-1.0,-1.0560076131262517,168,42.0,37.381073408648945
ETH,2023-09-28 17:00:00+00:00,2023-09-28 17:00:00+00:00,2023-09-30 17:00:00+00:00,1,1654.87,1614.660648198888,41864.22180111178,1680.1,tempo,0.6274659717171172,0.5735548688790937,192,48.0,40.20935180111178
ETH,2023-09-30 17:00:00+00:00,2023-09-30 17:00:00+00:00,2023-10-02 17:00:00+00:00,1,1680.1,1639.242767190937,42537.33280906291,1686.07,tempo,0.1461185594212775,0.09256597277829129,192,48.0,40.85723280906291
ETH,2023-10-05 02:00:00+00:00,2023-10-05 02:00:00+00:00,2023-10-07 02:00:00+00:00,1,1646.58,1599.542785755644,48683.79424435594,1642.31,tempo,-0.09077918555757891,-0.13622784858626827,192,48.0,47.03721424435594
ETH,2023-10-07 13:00:00+00:00,2023-10-07 13:00:00+00:00,2023-10-09 10:00:00+00:00,1,1639.28,1593.6471110448906,47272.168955109366,1593.6471110448906,stop,-1.0,-1.0460501771922965,180,45.0,45.632888955109365
ETH,2023-10-09 10:00:00+00:00,2023-10-09 10:00:00+00:00,2023-10-11 10:00:00+00:00,-1,1591.57,1634.4302500236797,-41268.68002367978,1575.66,tempo,0.37120642066272985,0.323173581403449,192,48.0,42.86025002367978
ETH,2023-10-26 08:00:00+00:00,2023-10-26 08:00:00+00:00,2023-10-26 14:45:00+00:00,1,1850.57,1778.3154087134249,74105.16128657508,1778.3154087134249,stop,-1.0,-1.0326453374610949,27,6.75,72.25459128657508
ETH,2023-10-30 09:00:00+00:00,2023-10-30 09:00:00+00:00,2023-11-01 09:00:00+00:00,1,1819.59,1752.392229631514,69017.36036848585,1805.85,tempo,-0.20447106986817137,-0.2395397334127755,192,48.0,67.19777036848586
ETH,2023-11-01 21:00:00+00:00,2023-11-01 21:00:00+00:00,2023-11-02 16:30:00+00:00,1,1857.38,1790.7148317514936,68522.54824850647,1790.7148317514936,stop,-1.0,-1.0355697240843849,78,19.5,66.66516824850646
ETH,2023-11-04 10:00:00+00:00,2023-11-04 10:00:00+00:00,2023-11-06 10:00:00+00:00,1,1838.85,1776.6278502786993,64060.999721300635,1888.58,tempo,0.7992330741182323,0.7602946974974936,192,48.0,62.22214972130064
ETH,2023-11-09 16:00:00+00:00,2023-11-09 16:00:00+00:00,2023-11-11 16:00:00+00:00,1,2039.55,1961.323236450682,80266.31354931787,2069.32,tempo,0.38056029227429033,0.3464189654595075,192,48.0,78.22676354931787
ETH,2023-11-13 16:00:00+00:00,2023-11-13 16:00:00+00:00,2023-11-14 12:45:00+00:00,1,2106.67,2024.5185661629716,84258.10383702844,2024.5185661629716,stop,-1.0,-1.0326868618426424,83,20.75,82.15143383702843
ETH,2023-11-18 06:00:00+00:00,2023-11-18 06:00:00+00:00,2023-11-19 23:30:00+00:00,-1,1932.44,2011.8563048331787,-77483.86483317862,2011.8563048331787,stop,-1.0,-1.0322829500003439,166,41.5,79.41630483317863
ETH,2023-11-22 10:00:00+00:00,2023-11-22 10:00:00+00:00,2023-11-24 10:00:00+00:00,1,2010.23,1928.0449148435637,84195.31515643634,2110.49,tempo,1.219929380241664,1.1873386979432685,192,48.0,82.18508515643634
ETH,2023-12-01 03:00:00+00:00,2023-12-01 03:00:00+00:00,2023-12-03 03:00:00+00:00,1,2085.76,2011.3986599809364,76447.10001906384,2165.27,tempo,1.0692383969898334,1.0320797134683743,192,48.0,74.36134001906385
ETH,2023-12-03 05:00:00+00:00,2023-12-03 05:00:00+00:00,2023-12-05 05:00:00+00:00,1,2156.72,2081.692983826861,77183.73617313869,2227.18,tempo,0.9391283779352304,0.9011482589681616,192,48.0,75.02701617313869
ETH,2023-12-07 17:00:00+00:00,2023-12-07 17:00:00+00:00,2023-12-09 17:00:00+00:00,1,2347.73,2258.1587295801755,91919.00041982449,2356.9,tempo,0.10237657629527726,0.06823605907734595,192,48.0,89.57127041982449
ETH,2023-12-13 09:00:00+00:00,2023-12-13 09:00:00+00:00,2023-12-13 22:15:00+00:00,-1,2186.64,2276.8097607542727,-87983.12075427284,2276.8097607542727,stop,-1.0,-1.0321753359465666,53,13.25,90.16976075427283
ETH,2023-12-21 08:00:00+00:00,2023-12-21 08:00:00+00:00,2023-12-22 08:30:00+00:00,-1,2216.81,2306.554047645733,-87527.2376457332,2306.554047645733,stop,-1.0,-1.0327619124398777,98,24.5,89.74404764573319
ETH,2023-12-22 10:00:00+00:00,2023-12-22 10:00:00+00:00,2023-12-24 10:00:00+00:00,1,2318.03,2223.5973124773395,96750.71752266068,2297.95,tempo,-0.21263823498808987,-0.24441099375109773,192,48.0,94.43268752266067
ETH,2023-12-27 16:00:00+00:00,2023-12-27 16:00:00+00:00,2023-12-29 16:00:00+00:00,1,2345.01,2255.695710223464,91659.29977653603,2328.84,tempo,-0.1810460570246636,-0.21506079875973272,192,48.0,89.31428977653604
ETH,2024-01-02 04:00:00+00:00,2024-01-02 04:00:00+00:00,2024-01-03 12:15:00+00:00,1,2388.46,2297.4818876124286,93366.5723875714,2297.4818876124286,stop,-1.0,-1.0334790659754793,129,32.25,90.9781123875714
ETH,2024-01-06 02:00:00+00:00,2024-01-06 02:00:00+00:00,2024-01-08 02:00:00+00:00,1,2255.0,2160.094604068495,97160.39593150516,2203.54,tempo,-0.5422241748734666,-0.5727603838166502,192,48.0,94.90539593150515
ETH,2024-01-08 22:00:00+00:00,2024-01-08 22:00:00+00:00,2024-01-09 13:00:00+00:00,1,2337.67,2241.097566962542,98910.10303745826,2241.097566962542,stop,-1.0,-1.0308183073048522,60,15.0,96.57243303745827
ETH,2024-01-10 01:00:00+00:00,2024-01-10 01:00:00+00:00,2024-01-12 01:00:00+00:00,1,2399.47,2291.7099127153924,110159.55728460738,2600.42,tempo,1.864790620197505,1.834631694180523,192,48.0,107.76008728460738
ETH,2024-01-12 05:00:00+00:00,2024-01-12 05:00:00+00:00,2024-01-14 05:00:00+00:00,-1,2594.88,2731.7852276838034,-134310.34768380332,2545.0,tempo,0.36433963000451003,0.3399364566814562,192,48.0,136.90522768380333
ETH,2024-01-22 12:00:00+00:00,2024-01-22 12:00:00+00:00,2024-01-24 12:00:00+00:00,-1,2380.99,2479.671747818483,-96300.757818483,2243.22,tempo,1.3961041737263977,1.3656452837447488,192,48.0,98.68174781848302
ETH,2024-01-29 23:00:00+00:00,2024-01-29 23:00:00+00:00,2024-01-31 23:00:00+00:00,1,2310.54,2219.404757018994,93445.78298100583,2284.58,tempo,-0.28485138296510115,-0.3176249610266915,192,48.0,91.13524298100583
ETH,2024-02-05 10:00:00+00:00,2024-02-05 10:00:00+00:00,2024-02-07 10:00:00+00:00,1,2320.38,2238.044408733799,84655.97126620094,2370.5,tempo,0.6087282453338541,0.5716959977589021,192,48.0,82.33559126620094
ETH,2024-02-12 21:00:00+00:00,2024-02-12 21:00:00+00:00,2024-02-14 21:00:00+00:00,1,2642.46,2551.5926359621026,93509.82403789747,2765.72,tempo,1.3564826195309518,1.317796375715913,192,48.0,90.86736403789746
ETH,2024-02-19 15:00:00+00:00,2024-02-19 15:00:00+00:00,2024-02-21 15:00:00+00:00,1,2902.46,2797.0981308905775,108264.32910942253,2892.94,tempo,-0.0903552687558445,-0.12610833608315064,192,48.0,105.36186910942251
ETH,2024-02-25 03:00:00+00:00,2024-02-25 03:00:00+00:00,2024-02-27 03:00:00+00:00,1,3033.57,2910.228588784709,126374.98121529138,3247.42,tempo,1.733805361013152,1.7007050140998694,192,48.0,123.34141121529137
ETH,2024-02-29 19:00:00+00:00,2024-02-29 19:00:00+00:00,2024-03-02 19:00:00+00:00,1,3375.09,3217.416197106214,161048.89289378616,3434.0,tempo,0.3736194530659187,0.3455494222886346,192,48.0,157.67380289378616
ETH,2024-03-06 20:00:00+00:00,2024-03-06 20:00:00+00:00,2024-03-08 20:00:00+00:00,1,3855.68,3610.1888220280052,249346.85797199458,3932.0,tempo,0.31088693545112517,0.29026708246163213,192,48.0,245.4911779719946
ETH,2024-03-12 15:00:00+00:00,2024-03-12 15:00:00+00:00,2024-03-14 15:00:00+00:00,-1,3983.4,4206.606646468093,-219223.24646809246,3890.2,tempo,0.41755029016720285,0.39462158225916305,192,48.0,223.20664646809246
ETH,2024-03-14 15:00:00+00:00,2024-03-14 15:00:00+00:00,2024-03-16 15:00:00+00:00,-1,3890.21,4099.682409377102,-205582.19937710193,3667.54,tempo,1.0630039567604306,1.0395520018485251,192,48.0,209.47240937710194
ETH,2024-03-16 18:00:00+00:00,2024-03-16 18:00:00+00:00,2024-03-18 18:00:00+00:00,-1,3635.68,3851.7994177963897,-212483.73779638985,3511.6,tempo,0.5741270324765452,0.5526308983143811,192,48.0,216.11941779638983
ETH,2024-03-19 06:00:00+00:00,2024-03-19 06:00:00+00:00,2024-03-21 06:00:00+00:00,-1,3385.19,3592.0357978886273,-203460.60788862722,3512.15,tempo,-0.6137905690903115,-0.635465029223236,192,48.0,206.8457978886272
ETH,2024-03-22 06:00:00+00:00,2024-03-22 06:00:00+00:00,2024-03-22 15:00:00+00:00,1,3533.97,3286.05556058229,251448.40941770968,3286.05556058229,stop,-1.0,-1.0178812360618872,36,9.0,247.91443941770967
ETH,2024-03-22 19:00:00+00:00,2024-03-22 19:00:00+00:00,2024-03-24 19:00:00+00:00,-1,3344.59,3580.8707124670655,-232936.12246706532,3388.83,tempo,-0.18723491874592305,-0.2057583223462489,192,48.0,236.2807124670653
ETH,2024-03-25 21:00:00+00:00,2024-03-25 21:00:00+00:00,2024-03-27 21:00:00+00:00,1,3630.73,3394.1962765672183,240164.4534327817,3515.31,tempo,-0.4879642459642766,-0.5076017248513833,192,48.0,236.5337234327817
ETH,2024-03-29 13:00:00+00:00,2024-03-29 13:00:00+00:00,2024-03-31 13:00:00+00:00,-1,3542.78,3748.871491587928,-202548.71158792797,3619.99,tempo,-0.3746394351610498,-0.39723037505928244,192,48.0,206.09149158792798
ETH,2024-04-08 11:00:00+00:00,2024-04-08 11:00:00+00:00,2024-04-10 11:00:00+00:00,1,3622.05,3436.991087230541,188680.9627694593,3522.05,tempo,-0.540368461607558,-0.5654613627302666,192,48.0,185.0589127694593
ETH,2024-04-19 19:00:00+00:00,2024-04-19 19:00:00+00:00,2024-04-21 19:00:00+00:00,1,3075.55,2872.6406397951905,205984.91020480965,3144.28,tempo,0.3387226687355691,0.3187980605463794,192,48.0,202.90936020480967
ETH,2024-04-28 04:00:00+00:00,2024-04-28 04:00:00+00:00,2024-04-29 12:45:00+00:00,1,3307.65,3131.1590896307043,179798.56036929577,3131.1590896307043,stop,-1.0,-1.0237135493238867,131,32.75,176.49091036929576
ETH,2024-05-02 12:00:00+00:00,2024-05-02 12:00:00+00:00,2024-05-04 12:00:00+00:00,1,2994.44,2825.298820112547,172135.61988745283,3129.4,tempo,0.7979133176781841,0.7743797464766078,192,48.0,169.14117988745284
ETH,2024-05-08 15:00:00+00:00,2024-05-08 15:00:00+00:00,2024-05-10 15:00:00+00:00,-1,3019.17,3169.5598307286778,-147370.66072867767,2934.6,tempo,0.562338554343978,0.5366057605689661,192,48.0,150.38983072867768
ETH,2024-05-10 22:00:00+00:00,2024-05-10 22:00:00+00:00,2024-05-12 22:00:00+00:00,-1,2905.8,3047.676422843344,-138970.6228433438,2928.12,tempo,-0.15732000816404051,-0.18404783174461584,192,48.0,141.8764228433438
ETH,2024-05-13 03:00:00+00:00,2024-05-13 03:00:00+00:00,2024-05-15 03:00:00+00:00,-1,2884.58,3013.954457250612,-126489.87725061206,2887.25,tempo,-0.020637767738248356,-0.04963645557608468,192,48.0,129.37445725061207
ETH,2024-05-15 03:00:00+00:00,2024-05-15 03:00:00+00:00,2024-05-15 19:45:00+00:00,-1,2887.25,3011.3979280583426,-121260.67805834259,3011.3979280583426,stop,-1.0,-1.0308834888604512,67,16.75,124.14792805834259
ETH,2024-05-17 11:00:00+00:00,2024-05-17 11:00:00+00:00,2024-05-19 11:00:00+00:00,1,3035.44,2907.537819731719,130937.62026828097,3103.68,tempo,0.533532734601264,0.5023336730088042,192,48.0,127.90218026828097
ETH,2024-05-20 20:00:00+00:00,2024-05-20 20:00:00+00:00,2024-05-22 20:00:00+00:00,1,3438.29,3240.905768255859,200822.52174414083,3738.35,tempo,1.520182221997107,1.4965490474583893,192,48.0,197.38423174414083
ETH,2024-05-23 11:00:00+00:00,2024-05-23 11:00:00+00:00,2024-05-23 20:15:00+00:00,1,3830.33,3606.6753513035396,227484.97869646028,3606.6753513035396,stop,-1.0,-1.0216139190780156,37,9.25,223.6546486964603
ETH,2024-05-26 17:00:00+00:00,2024-05-26 17:00:00+00:00,2024-05-28 17:00:00+00:00,1,3866.0,3646.592962494886,223273.03750511422,3828.75,tempo,-0.16977577576166733,-0.1925717059053548,192,48.0,219.4070375051142
ETH,2024-06-15 14:00:00+00:00,2024-06-15 14:00:00+00:00,2024-06-17 14:00:00+00:00,1,3568.2,3425.718951855334,146049.2481446657,3493.76,tempo,-0.5224554491234387,-0.5546721829260939,192,48.0,142.4810481446657
ETH,2024-06-23 11:00:00+00:00,2024-06-23 11:00:00+00:00,2024-06-25 11:00:00+00:00,-1,3492.02,3618.859282751925,-123347.26275192511,3376.32,tempo,0.9121779742817394,0.8769805109790526,192,48.0,126.83928275192511
ETH,2024-06-26 08:00:00+00:00,2024-06-26 08:00:00+00:00,2024-06-28 08:00:00+00:00,1,3400.37,3273.4250332482693,130345.33675173059,3431.27,tempo,0.24341256522940358,0.20843232053262467,192,48.0,126.94496675173059
ETH,2024-07-03 15:00:00+00:00,2024-07-03 15:00:00+00:00,2024-07-05 15:00:00+00:00,-1,3305.76,3415.494090839881,-106428.33083988099,2954.6,tempo,3.2000994158907012,3.163016737491901,192,48.0,109.73409083988099
ETH,2024-07-23 10:00:00+00:00,2024-07-23 10:00:00+00:00,2024-07-24 18:45:00+00:00,1,3521.12,3380.091476143783,144549.6438562169,3380.091476143783,stop,-1.0,-1.0318076608677182,131,32.75,141.0285238562169
ETH,2024-07-25 00:00:00+00:00,2024-07-25 00:00:00+00:00,2024-07-27 00:00:00+00:00,-1,3334.23,3471.0506128463385,-133486.38284633844,3272.82,tempo,0.4488358787646176,0.41744746140075745,192,48.0,136.82061284633846
ETH,2024-07-28 21:00:00+00:00,2024-07-28 21:00:00+00:00,2024-07-30 21:00:00+00:00,1,3258.12,3123.6276415221346,137750.4784778653,3280.0,tempo,0.16268582280532398,0.13108716509645923,192,48.0,134.4923584778653
ETH,2024-08-05 02:00:00+00:00,2024-08-05 02:00:00+00:00,2024-08-05 16:15:00+00:00,-1,2317.37,2479.2091748451994,-159521.8048451995,2479.2091748451994,stop,-1.0,-1.0192646586750802,57,14.25,161.83917484519952
ETH,2024-08-07 09:00:00+00:00,2024-08-07 09:00:00+00:00,2024-08-07 21:00:00+00:00,1,2523.56,2318.13195225004,207951.60774996012,2318.13195225004,stop,-1.0,-1.0153197180396372,48,12.0,205.42804774996011
ETH,2024-08-11 10:00:00+00:00,2024-08-11 10:00:00+00:00,2024-08-13 10:00:00+00:00,1,2683.13,2478.5015269872943,207311.60301270586,2640.39,tempo,-0.20886633893488718,-0.22577643922080948,192,48.0,204.62847301270585
ETH,2024-08-19 02:00:00+00:00,2024-08-19 02:00:00+00:00,2024-08-21 02:00:00+00:00,1,2630.28,2463.1505984447554,169759.68155524484,2583.61,tempo,-0.2792447024024869,-0.2995225737313072,192,48.0,167.12940155524484
ETH,2024-08-23 10:00:00+00:00,2024-08-23 10:00:00+00:00,2024-08-25 10:00:00+00:00,1,2665.48,2518.7635718065967,149381.90819340333,2754.22,tempo,0.6048402424507068,0.580829263970804,192,48.0,146.71642819340332
ETH,2024-08-27 13:00:00+00:00,2024-08-27 13:00:00+00:00,2024-08-29 13:00:00+00:00,-1,2620.26,2749.4877247106556,-126607.46471065537,2571.47,tempo,0.37755056129977255,0.3514367803169697,192,48.0,129.22772471065537
ETH,2024-09-03 22:00:00+00:00,2024-09-03 22:00:00+00:00,2024-09-05 22:00:00+00:00,-1,2463.94,2589.879359541462,-123475.41954146173,2370.67,tempo,0.740594523742148,0.7156420663734456,192,48.0,125.93935954146173
ETH,2024-09-06 19:00:00+00:00,2024-09-06 19:00:00+00:00,2024-09-08 19:00:00+00:00,-1,2209.01,2323.616197114982,-112397.18711498157,2274.65,tempo,-0.5727438973840557,-0.5981734035832369,192,48.0,114.60619711498157
ETH,2024-09-12 04:00:00+00:00,2024-09-12 04:00:00+00:00,2024-09-14 04:00:00+00:00,1,2366.65,2249.7192862810307,119297.3637189694,2431.67,tempo,0.5560557866453177,0.5293826577401444,192,48.0,116.9307137189694
ETH,2024-09-17 00:00:00+00:00,2024-09-17 00:00:00+00:00,2024-09-19 00:00:00+00:00,-1,2294.61,2395.198787785945,-98294.177785945,2373.93,tempo,-0.7885570722732468,-0.8187249574500479,192,48.0,100.58878778594499
ETH,2024-09-19 09:00:00+00:00,2024-09-19 09:00:00+00:00,2024-09-21 09:00:00+00:00,1,2430.08,2323.766515641307,108743.56435869313,2547.87,tempo,1.1079497648914036,1.0775146087160767,192,48.0,106.31348435869313
ETH,2024-09-30 13:00:00+00:00,2024-09-30 13:00:00+00:00,2024-10-02 13:00:00+00:00,-1,2632.95,2730.971596807525,-95388.64680752538,2434.28,tempo,2.026798241107078,1.9931964675462222,192,48.0,98.02159680752538
ETH,2024-10-08 15:00:00+00:00,2024-10-08 15:00:00+00:00,2024-10-10 15:00:00+00:00,-1,2434.33,2534.2634526978068,-97499.12269780684,2380.86,tempo,0.5350560653767271,0.5037364880429532,192,48.0,99.93345269780684
ETH,2024-10-10 15:00:00+00:00,2024-10-10 15:00:00+00:00,2024-10-12 15:00:00+00:00,-1,2380.85,2479.9671665984574,-96736.31659845752,2469.97,tempo,-0.8991378896154483,-0.9309490592463714,192,48.0,99.11716659845752
ETH,2024-10-14 09:00:00+00:00,2024-10-14 09:00:00+00:00,2024-10-16 09:00:00+00:00,1,2523.91,2424.246720344694,102187.18965530582,2608.16,tempo,0.8453464534920585,0.8118752942894183,192,48.0,99.66327965530581
ETH,2024-10-17 11:00:00+00:00,2024-10-17 11:00:00+00:00,2024-10-19 11:00:00+00:00,-1,2613.5,2727.667890417636,-111554.39041763605,2638.71,tempo,-0.2208151513335288,-0.25071792423676387,192,48.0,114.16789041763604
ETH,2024-10-20 16:00:00+00:00,2024-10-20 16:00:00+00:00,2024-10-22 16:00:00+00:00,1,2705.71,2594.7535093514903,113662.20064850978,2623.75,tempo,-0.7386679185775133,-0.7698887059307634,192,48.0,110.95649064850977
ETH,2024-10-29 02:00:00+00:00,2024-10-29 02:00:00+00:00,2024-10-31 02:00:00+00:00,1,2582.15,2485.1534334127186,99578.71658728144,2663.27,tempo,0.8363182621212146,0.8011672962678824,192,48.0,96.99656658728145
ETH,2024-10-31 23:00:00+00:00,2024-10-31 23:00:00+00:00,2024-11-02 23:00:00+00:00,-1,2521.68,2619.0867281569253,-94885.04815692552,2491.1,tempo,0.3139413527034243,0.2804908194430241,192,48.0,97.40672815692551
ETH,2024-11-06 11:00:00+00:00,2024-11-06 11:00:00+00:00,2024-11-08 11:00:00+00:00,1,2624.4,2505.9058735484523,121118.52645154779,2924.79,tempo,2.535062361279394,2.504622257554296,192,48.0,118.4941264515478
ETH,2024-11-15 02:00:00+00:00,2024-11-15 02:00:00+00:00,2024-11-17 02:00:00+00:00,-1,3066.43,3247.253354106738,-177756.92410673795,3086.43,tempo,-0.1106051820507335,-0.13272267356479547,192,48.0,180.82335410673795
ETH,2024-11-19 00:00:00+00:00,2024-11-19 00:00:00+00:00,2024-11-21 00:00:00+00:00,1,3210.48,3022.821012946297,190869.4670537032,3071.05,tempo,-0.7429966568033246,-0.7647541785938027,192,48.0,187.65898705370319
ETH,2024-11-21 00:00:00+00:00,2024-11-21 00:00:00+00:00,2024-11-21 12:30:00+00:00,-1,3071.05,3241.293251803856,-167172.20180385586,3241.293251803856,stop,-1.0,-1.0241009442089357,50,12.5,170.24325180385586
ETH,2024-11-21 13:00:00+00:00,2024-11-21 13:00:00+00:00,2024-11-23 13:00:00+00:00,1,3288.05,3095.230307619032,196107.74238096824,3403.01,tempo,0.5962046644741295,0.5736489340593802,192,48.0,192.81969238096826
ETH,2024-11-23 13:00:00+00:00,2024-11-23 13:00:00+00:00,2024-11-25 13:00:00+00:00,1,3403.0,3205.845953149969,200557.04685003113,3485.17,tempo,0.41678069161067843,0.39407098530976875,192,48.0,197.15404685003114
ETH,2024-11-27 07:00:00+00:00,2024-11-27 07:00:00+00:00,2024-11-29 07:00:00+00:00,1,3429.5,3231.043404537277,201886.09546272282,3563.57,tempo,0.6755633376023689,0.6526591076401361,192,48.0,198.45659546272282
ETH,2024-12-03 16:00:00+00:00,2024-12-03 16:00:00+00:00,2024-12-04 15:00:00+00:00,-1,3574.19,3759.58300553663,-181818.81553662996,3759.58300553663,stop,-1.0,-1.0257126877025409,92,23.0,185.39300553662997
ETH,2024-12-04 16:00:00+00:00,2024-12-04 16:00:00+00:00,2024-12-05 22:30:00+00:00,1,3824.38,3623.9067137313773,204297.66626862282,3623.9067137313773,stop,-1.0,-1.024149783016168,122,30.5,200.47328626862281
ETH,2024-12-06 23:00:00+00:00,2024-12-06 23:00:00+00:00,2024-12-08 23:00:00+00:00,1,4027.17,3809.764059430895,221433.11056910505,4013.01,tempo,-0.06513161490865026,-0.08917013467641538,192,48.0,217.40594056910504
ETH,2024-12-14 07:00:00+00:00,2024-12-14 07:00:00+00:00,2024-12-16 07:00:00+00:00,1,3930.2,3719.582237788167,214547.96221183302,3956.69,tempo,0.12577286797567147,0.10143266776575782,192,48.0,210.617762211833
ETH,2024-12-16 19:00:00+00:00,2024-12-16 19:00:00+00:00,2024-12-17 22:45:00+00:00,1,4087.24,3874.98695241074,216340.28758925994,3874.98695241074,stop,-1.0,-1.024383383785764,111,27.75,212.25304758925995
ETH,2024-12-20 09:00:00+00:00,2024-12-20 09:00:00+00:00,2024-12-20 19:45:00+00:00,-1,3290.47,3490.515216536677,-196754.74653667735,3490.515216536677,stop,-1.0,-1.0220332206241018,43,10.75,200.04521653667734
ETH,2024-12-23 02:00:00+00:00,2024-12-23 02:00:00+00:00,2024-12-24 15:30:00+00:00,-1,3260.34,3471.338891285685,-207738.55128568475,3471.338891285685,stop,-1.0,-1.0207375083948251,150,37.5,210.99889128568475
ETH,2024-12-30 04:00:00+00:00,2024-12-30 04:00:00+00:00,2025-01-01 04:00:00+00:00,1,3402.89,3215.132680333999,191160.20966600097,3354.34,tempo,-0.25857846760043596,-0.28197142776738565,192,48.0,187.75731966600097
ETH,2025-01-11 12:00:00+00:00,2025-01-11 12:00:00+00:00,2025-01-13 12:00:00+00:00,-1,3272.69,3433.549774593996,-157587.084593996,3056.82,tempo,1.3419762681182887,1.316400069777939,192,48.0,160.859774593996
ETH,2025-01-18 00:00:00+00:00,2025-01-18 00:00:00+00:00,2025-01-18 06:00:00+00:00,1,3472.38,3291.7361277155233,184116.25228447685,3291.7361277155233,stop,-1.0,-1.0243389129529465,24,6.0,180.64387228447686
ETH,2025-01-18 06:00:00+00:00,2025-01-18 06:00:00+00:00,2025-01-20 06:00:00+00:00,-1,3292.88,3468.69472418728,-172521.8441872798,3290.75,tempo,0.01211502625759154,-0.012225139333099138,192,48.0,175.8147241872798
ETH,2025-01-24 06:00:00+00:00,2025-01-24 06:00:00+00:00,2025-01-26 06:00:00+00:00,1,3409.23,3195.5812173741924,217058.0126258076,3341.07,tempo,-0.31902826293832814,-0.3395652159041907,192,48.0,213.6487826258076
ETH,2025-01-31 12:00:00+00:00,2025-01-31 12:00:00+00:00,2025-02-01 20:45:00+00:00,1,3334.22,3152.290988964206,185263.23103579378,3152.290988964206,stop,-1.0,-1.023175150124887,131,32.75,181.9290110357938
ETH,2025-02-02 18:00:00+00:00,2025-02-02 18:00:00+00:00,2025-02-04 18:00:00+00:00,-1,2972.15,3136.803060365212,-161680.9103652118,2813.6,tempo,0.9629338176182417,0.9400934434906159,192,48.0,164.6530603652118
ETH,2025-02-17 11:00:00+00:00,2025-02-17 11:00:00+00:00,2025-02-19 11:00:00+00:00,1,2748.75,2573.915099041664,177583.65095833622,2725.1,tempo,-0.1352704744325389,-0.15562111655546312,192,48.0,174.83490095833622
ETH,2025-02-21 11:00:00+00:00,2025-02-21 11:00:00+00:00,2025-02-21 19:45:00+00:00,1,2799.63,2636.242584372415,166187.04562758515,2636.242584372415,stop,-1.0,-1.0216253936465687,35,8.75,163.38741562758514
ETH,2025-02-21 21:00:00+00:00,2025-02-21 21:00:00+00:00,2025-02-22 16:15:00+00:00,-1,2631.88,2792.1729388308745,-157661.0588308744,2792.1729388308745,stop,-1.0,-1.0219949452293715,77,19.25,160.2929388308744
ETH,2025-02-22 17:00:00+00:00,2025-02-22 17:00:00+00:00,2025-02-24 17:00:00+00:00,1,2773.28,2608.523920680974,167529.3593190264,2660.33,tempo,-0.6855589212055044,-0.7069957417137243,192,48.0,164.7560793190264
ETH,2025-03-06 01:00:00+00:00,2025-03-06 01:00:00+00:00,2025-03-08 01:00:00+00:00,1,2237.26,2052.0883754343154,187408.88456568486,2151.25,tempo,-0.4644880132241341,-0.4798928113766077,192,48.0,185.17162456568485
ETH,2025-03-08 17:00:00+00:00,2025-03-08 17:00:00+00:00,2025-03-09 17:45:00+00:00,1,2189.18,2014.095279651336,177273.9003486637,2014.095279651336,stop,-1.0,-1.01560461087828,99,24.75,175.08472034866372
ETH,2025-03-13 07:00:00+00:00,2025-03-13 07:00:00+00:00,2025-03-15 07:00:00+00:00,-1,1868.69,2023.4515617157672,-152892.87171576713,1928.1,tempo,-0.38388085091252444,-0.3998274042597473,192,48.0,154.76156171576713
ETH,2025-03-17 20:00:00+00:00,2025-03-17 20:00:00+00:00,2025-03-19 20:00:00+00:00,1,1941.24,1805.2893443138757,137891.89568612425,2029.91,tempo,0.6522219370880911,0.6332352872115399,192,48.0,135.95065568612426
ETH,2025-03-19 20:00:00+00:00,2025-03-19 20:00:00+00:00,2025-03-21 20:00:00+00:00,1,2029.91,1893.4356319528026,138504.27804719747,1972.72,tempo,-0.4190530487030489,-0.43811677134362736,192,48.0,136.47436804719746
ETH,2025-03-24 19:00:00+00:00,2025-03-24 19:00:00+00:00,2025-03-26 19:00:00+00:00,1,2096.28,1977.7629596800386,120613.32031996155,1993.95,tempo,-0.8634201438353414,-0.8858527787781515,192,48.0,118.51704031996155
SOL,2023-01-29 18:00:00+00:00,2023-01-29 18:00:00+00:00,2023-01-30 10:00:00+00:00,1,26.318,23.86546450083811,2478.85349916189,23.86546450083811,stop,-1.0,-1.0133002160159117,64,16.0,2.4525354991618897
SOL,2023-02-11 07:00:00+00:00,2023-02-11 07:00:00+00:00,2023-02-12 18:15:00+00:00,-1,20.291,21.879819211676296,-1568.5282116762953,21.879819211676296,stop,-1.0,-1.0172524553367337,141,35.25,1.5888192116762951
SOL,2023-02-12 19:00:00+00:00,2023-02-12 19:00:00+00:00,2023-02-13 02:45:00+00:00,1,22.125,20.46947089694234,1677.6541030576598,20.46947089694234,stop,-1.0,-1.0167235997433555,31,7.75,1.6555291030576598
SOL,2023-02-18 17:00:00+00:00,2023-02-18 17:00:00+00:00,2023-02-20 17:00:00+00:00,1,23.633,21.93990864775481,1716.7243522451902,25.965,tempo,1.377362182440753,1.3583208590312106,192,48.0,1.6930913522451903
SOL,2023-02-20 17:00:00+00:00,2023-02-20 17:00:00+00:00,2023-02-22 02:45:00+00:00,1,25.965,23.961854195672213,2029.1108043277866,23.961854195672213,stop,-1.0,-1.0162007454260562,135,33.75,2.0031458043277865
SOL,2023-03-08 07:00:00+00:00,2023-03-08 07:00:00+00:00,2023-03-10 07:00:00+00:00,-1,19.54,20.72430959244391,-1164.76959244391,16.786,tempo,2.325405466248835,2.3054681963401493,192,48.0,1.1843095924439098
SOL,2023-03-14 15:00:00+00:00,2023-03-14 15:00:00+00:00,2023-03-15 14:45:00+00:00,1,21.78,19.897537468332704,1904.242531667297,19.897537468332704,stop,-1.0,-1.0143909368174369,95,23.75,1.8824625316672972
SOL,2023-03-20 08:00:00+00:00,2023-03-20 08:00:00+00:00,2023-03-22 08:00:00+00:00,1,23.105,21.09875329385268,2029.3517061473192,22.307,tempo,-0.39775766238262644,-0.41247060865665885,192,48.0,2.0062467061473193
SOL,2023-03-24 00:00:00+00:00,2023-03-24 00:00:00+00:00,2023-03-25 19:15:00+00:00,1,22.158,20.208892363133675,1971.2656368663263,20.208892363133675,stop,-1.0,-1.0141287630888933,173,43.25,1.9491076368663265
SOL,2023-04-11 05:00:00+00:00,2023-04-11 05:00:00+00:00,2023-04-13 05:00:00+00:00,1,22.405,21.115680477676293,1311.7245223237085,23.92,tempo,1.1750384398659797,1.1516840661218117,192,48.0,1.2893195223237086
SOL,2023-04-13 05:00:00+00:00,2023-04-13 05:00:00+00:00,2023-04-15 05:00:00+00:00,1,23.919,22.409308845855172,1533.6101541448286,24.153,tempo,0.1549985898490268,0.13430111148451995,192,48.0,1.5096911541448286
SOL,2023-04-16 23:00:00+00:00,2023-04-16 23:00:00+00:00,2023-04-18 23:00:00+00:00,1,25.438,23.83646295991045,1626.97504008955,24.745,tempo,-0.43270931776966504,-0.4530765956929881,192,48.0,1.60153704008955
SOL,2023-04-20 09:00:00+00:00,2023-04-20 09:00:00+00:00,2023-04-22 09:00:00+00:00,-1,22.614,24.14390673939408,-1507.2927393940788,21.271,tempo,0.8778312856716328,0.8591861949183903,192,48.0,1.5299067393940788
SOL,2023-04-25 11:00:00+00:00,2023-04-25 11:00:00+00:00,2023-04-26 06:15:00+00:00,-1,20.881,22.15716475372458,-1255.2837537245791,22.15716475372458,stop,-1.0,-1.0219209996266347,77,19.25,1.2761647537245793
SOL,2023-04-28 17:00:00+00:00,2023-04-28 17:00:00+00:00,2023-04-30 17:00:00+00:00,1,23.004,21.40288681093245,1624.1171890675507,23.632,tempo,0.39222711066775484,0.37329440796629637,192,48.0,1.6011131890675507
SOL,2023-05-17 11:00:00+00:00,2023-05-17 11:00:00+00:00,2023-05-19 11:00:00+00:00,-1,20.631,21.612365877281466,-960.7348772814655,20.409,tempo,0.22621532411028542,0.1990328016509794,192,48.0,0.9813658772814655
SOL,2023-05-20 11:00:00+00:00,2023-05-20 11:00:00+00:00,2023-05-22 11:00:00+00:00,-1,20.188,21.062682267191324,-854.4942671913251,19.885,tempo,0.34641150434311946,0.31663217649228687,192,48.0,0.874682267191325
SOL,2023-06-03 02:00:00+00:00,2023-06-03 02:00:00+00:00,2023-06-05 02:00:00+00:00,1,21.121,20.335345991390223,806.7750086097752,21.88,tempo,0.9660741136458535,0.9304978298190083,192,48.0,0.7856540086097752
SOL,2023-06-05 02:00:00+00:00,2023-06-05 02:00:00+00:00,2023-06-05 15:30:00+00:00,1,21.879,21.07464963166385,826.2293683361521,21.07464963166385,stop,-1.0,-1.0347110828311492,54,13.5,0.8043503683361521
SOL,2023-06-08 04:00:00+00:00,2023-06-08 04:00:00+00:00,2023-06-10 04:00:00+00:00,-1,18.457,19.424390916931095,-948.9339169310946,16.28,tempo,2.250382923695637,2.2270427727754396,192,48.0,0.9673909169310946
SOL,2023-06-10 04:00:00+00:00,2023-06-10 04:00:00+00:00,2023-06-12 04:00:00+00:00,-1,16.279,17.227242055024384,-931.9630550243837,15.086,tempo,1.2581175805046128,1.2366175321868067,192,48.0,0.9482420550243837
SOL,2023-06-14 07:00:00+00:00,2023-06-14 07:00:00+00:00,2023-06-16 07:00:00+00:00,-1,15.093,16.327111845744135,-1219.0188457441345,14.86,tempo,0.18879974355931095,0.1730236612964748,192,48.0,1.2341118457441347
SOL,2023-06-23 12:00:00+00:00,2023-06-23 12:00:00+00:00,2023-06-25 12:00:00+00:00,-1,16.584,17.723852761824695,-1123.268761824695,17.239,tempo,-0.5746356213160955,-0.5939231562822836,192,48.0,1.1398527618246952
SOL,2023-06-27 00:00:00+00:00,2023-06-27 00:00:00+00:00,2023-06-29 00:00:00+00:00,-1,16.265,17.376256293551616,-1094.9912935516159,15.967,tempo,0.2681649604409268,0.24931170388654503,192,48.0,1.111256293551616
SOL,2023-06-29 10:00:00+00:00,2023-06-29 10:00:00+00:00,2023-07-01 10:00:00+00:00,1,17.205,16.0066482816236,1215.5567183763972,18.423,tempo,1.0163960891633914,0.9970710449006134,192,48.0,1.1983517183763972
SOL,2023-07-02 19:00:00+00:00,2023-07-02 19:00:00+00:00,2023-07-04 19:00:00+00:00,1,19.372,17.833465316700487,1557.9066832995134,19.445,tempo,0.04744774413758807,0.031048341333167733,192,48.0,1.5385346832995133
SOL,2023-07-06 11:00:00+00:00,2023-07-06 11:00:00+00:00,2023-07-06 14:30:00+00:00,1,20.321,18.8093567527514,1531.9642472486032,18.8093567527514,stop,-1.0,-1.0168258826516,14,3.5,1.5116432472486032
SOL,2023-07-06 17:00:00+00:00,2023-07-06 17:00:00+00:00,2023-07-08 17:00:00+00:00,1,19.631,18.154402328923357,1496.2286710766432,21.799,tempo,1.4682401594330219,1.450002625589179,192,48.0,1.476597671076643
SOL,2023-07-08 17:00:00+00:00,2023-07-08 17:00:00+00:00,2023-07-10 17:00:00+00:00,1,21.8,20.03326275431742,1788.537245682581,21.061,tempo,-0.41828517613805516,-0.4340541593686297,192,48.0,1.766737245682581
SOL,2023-07-11 13:00:00+00:00,2023-07-11 13:00:00+00:00,2023-07-13 13:00:00+00:00,1,22.226,20.56246852068617,1685.7574793138283,22.324,tempo,0.05891081787068163,0.04150357288608755,192,48.0,1.6635314793138285
SOL,2023-07-14 09:00:00+00:00,2023-07-14 09:00:00+00:00,2023-07-14 18:45:00+00:00,1,29.144,26.205300201263288,2967.84379873671,26.205300201263288,stop,-1.0,-1.0122425043709082,39,9.75,2.9386997987367103
SOL,2023-08-03 15:00:00+00:00,2023-08-03 15:00:00+00:00,2023-08-05 15:00:00+00:00,-1,23.054,24.47007999914347,-1393.02599914347,22.764,tempo,0.20479068991540628,0.18375960408832465,192,48.0,1.41607999914347
SOL,2023-08-08 20:00:00+00:00,2023-08-08 20:00:00+00:00,2023-08-10 20:00:00+00:00,1,24.571,23.23950992200914,1356.0610779908604,24.585,tempo,0.010514535730618823,-0.013482188336760464,192,48.0,1.3314900779908605
SOL,2023-08-22 19:00:00+00:00,2023-08-22 19:00:00+00:00,2023-08-23 17:15:00+00:00,-1,20.287,21.407362714220987,-1100.0757142209882,21.407362714220987,stop,-1.0,-1.024189787307486,89,22.25,1.1203627142209882
SOL,2023-08-29 13:00:00+00:00,2023-08-29 13:00:00+00:00,2023-08-29 14:30:00+00:00,-1,20.26,21.22497855486091,-944.7185548609095,21.22497855486091,stop,-1.0,-1.027943870798814,6,1.5,0.9649785548609096
SOL,2023-09-05 04:00:00+00:00,2023-09-05 04:00:00+00:00,2023-09-05 14:15:00+00:00,-1,19.211,20.182384486462748,-952.1734864627497,20.182384486462748,stop,-1.0,-1.026360004996006,41,10.25,0.9713844864627497
SOL,2023-09-05 15:00:00+00:00,2023-09-05 15:00:00+00:00,2023-09-06 15:30:00+00:00,1,20.125,19.111149044470274,1033.9759555297262,19.111149044470274,stop,-1.0,-1.0251550750529996,98,24.5,1.0138509555297261
SOL,2023-09-09 01:00:00+00:00,2023-09-09 01:00:00+00:00,2023-09-11 01:00:00+00:00,-1,19.484,20.391576978072322,-888.0929780723205,18.047,tempo,1.5833367689120617,1.5564573409523366,192,48.0,0.9075769780723206
SOL,2023-09-11 01:00:00+00:00,2023-09-11 01:00:00+00:00,2023-09-13 01:00:00+00:00,-1,18.047,18.929026399076545,-863.979399076544,18.089,tempo,-0.04761762237952381,-0.07424766431998235,192,48.0,0.882026399076544
SOL,2023-09-13 18:00:00+00:00,2023-09-13 18:00:00+00:00,2023-09-15 18:00:00+00:00,1,17.933,16.988342032823716,962.5909671762834,18.64,tempo,0.7484190305548621,0.7232538905507406,192,48.0,0.9446579671762834
SOL,2023-09-29 03:00:00+00:00,2023-09-29 03:00:00+00:00,2023-10-01 03:00:00+00:00,1,20.132,19.278653958907313,873.4780410926885,21.209,tempo,1.2620905800663542,1.2306008341649242,192,48.0,0.8533460410926885
SOL,2023-10-01 03:00:00+00:00,2023-10-01 03:00:00+00:00,2023-10-03 03:00:00+00:00,1,21.21,20.305939305357278,925.2706946427232,23.602,tempo,2.6458400571714895,2.6136212026492154,192,48.0,0.9040606946427232
SOL,2023-10-05 20:00:00+00:00,2023-10-05 20:00:00+00:00,2023-10-07 04:15:00+00:00,-1,22.778,24.16627300578197,-1365.4950057819722,24.16627300578197,stop,-1.0,-1.0219796663384453,129,32.25,1.388273005781972
SOL,2023-10-07 05:00:00+00:00,2023-10-07 05:00:00+00:00,2023-10-09 05:00:00+00:00,1,23.854,22.430451505473837,1447.4024945261626,23.298,tempo,-0.3905732766659763,-0.4121031368132428,192,48.0,1.4235484945261625
SOL,2023-10-11 15:00:00+00:00,2023-10-11 15:00:00+00:00,2023-10-12 16:30:00+00:00,1,22.211,21.029984348352507,1203.226651647492,21.029984348352507,stop,-1.0,-1.023798702233303,102,25.5,1.181015651647492
SOL,2023-10-14 22:00:00+00:00,2023-10-14 22:00:00+00:00,2023-10-16 08:15:00+00:00,-1,21.929,23.003165644161353,-1052.2366441613542,23.003165644161353,stop,-1.0,-1.0271893891109385,137,34.25,1.0741656441613543
SOL,2023-10-17 06:00:00+00:00,2023-10-17 06:00:00+00:00,2023-10-19 06:00:00+00:00,1,23.919,22.720683242112134,1222.2357578878666,23.727,tempo,-0.1602247475353814,-0.18606924966400643,192,48.0,1.1983167578878664
SOL,2023-10-19 16:00:00+00:00,2023-10-19 16:00:00+00:00,2023-10-21 16:00:00+00:00,1,24.748,23.516282289932924,1256.465710067077,29.015,tempo,3.4642677986400208,3.4358960786311425,192,48.0,1.2317177100670769
SOL,2023-10-31 07:00:00+00:00,2023-10-31 07:00:00+00:00,2023-11-02 07:00:00+00:00,1,35.844,33.2147382790728,2665.105720927204,42.905,tempo,2.6855447458117454,2.666076600213083,192,48.0,2.629261720927204
SOL,2023-11-07 19:00:00+00:00,2023-11-07 19:00:00+00:00,2023-11-09 19:00:00+00:00,1,43.989,40.16188100131623,3871.1079986837653,43.818,tempo,-0.0446811296065814,-0.059594318880191455,192,48.0,3.8271189986837655
SOL,2023-11-10 22:00:00+00:00,2023-11-10 22:00:00+00:00,2023-11-12 22:00:00+00:00,1,53.91,48.81287479608136,5151.035203918636,57.016,tempo,0.6093630969888927,0.5952174958675844,192,48.0,5.097125203918637
SOL,2023-11-13 02:00:00+00:00,2023-11-13 02:00:00+00:00,2023-11-13 17:30:00+00:00,1,58.835,52.47636965670307,6417.46534329693,52.47636965670307,stop,-1.0,-1.0113786124323343,62,15.5,6.35863034329693
SOL,2023-11-15 11:00:00+00:00,2023-11-15 11:00:00+00:00,2023-11-17 11:00:00+00:00,1,59.611,52.992546004535896,6678.064995464101,57.647,tempo,-0.2967460378731965,-0.3082619749866425,192,48.0,6.618453995464101
SOL,2023-11-21 15:00:00+00:00,2023-11-21 15:00:00+00:00,2023-11-23 15:00:00+00:00,-1,55.197,61.000951965751334,-5748.754965751331,57.457,tempo,-0.3893898525239496,-0.40200627327176,192,48.0,5.803951965751331
SOL,2023-12-02 08:00:00+00:00,2023-12-02 08:00:00+00:00,2023-12-04 08:00:00+00:00,1,62.055,57.17396101050822,4943.093989491778,63.774,tempo,0.35217911672100505,0.33542267405048337,192,48.0,4.881038989491778
SOL,2023-12-07 22:00:00+00:00,2023-12-07 22:00:00+00:00,2023-12-09 22:00:00+00:00,1,68.769,63.284544794076204,5553.2242059238015,74.074,tempo,0.9672793013734569,0.9503500082141811,192,48.0,5.484455205923801
SOL,2023-12-14 23:00:00+00:00,2023-12-14 23:00:00+00:00,2023-12-16 23:00:00+00:00,1,75.803,69.37710794414562,6501.695055854376,73.991,tempo,-0.28198419522922985,-0.29713634829275565,192,48.0,6.425892055854376
SOL,2023-12-20 16:00:00+00:00,2023-12-20 16:00:00+00:00,2023-12-22 16:00:00+00:00,1,80.756,73.94362476100669,6893.131238993312,96.335,tempo,2.2868675687192703,2.269970503310846,192,48.0,6.812375238993312
SOL,2023-12-25 16:00:00+00:00,2023-12-25 16:00:00+00:00,2023-12-26 07:15:00+00:00,1,123.175,110.89876484127345,12399.410158726549,110.89876484127345,stop,-1.0,-1.0123936976751926,61,15.25,12.27623515872655
SOL,2023-12-27 22:00:00+00:00,2023-12-27 22:00:00+00:00,2023-12-29 22:00:00+00:00,-1,109.132,120.60894944316539,-11367.81744316538,104.391,tempo,0.41308886333234696,0.4009959330038396,192,48.0,11.476949443165381
SOL,2024-01-09 17:00:00+00:00,2024-01-09 17:00:00+00:00,2024-01-11 17:00:00+00:00,1,100.894,90.88336555825704,10111.528441742965,99.384,tempo,-0.15083959051621276,-0.1638438312321822,192,48.0,10.010634441742965
SOL,2024-01-11 18:00:00+00:00,2024-01-11 18:00:00+00:00,2024-01-12 22:15:00+00:00,1,100.888,90.35942541709379,10629.462582906217,90.35942541709379,stop,-1.0,-1.011806994911062,113,28.25,10.528574582906217
SOL,2024-01-14 11:00:00+00:00,2024-01-14 11:00:00+00:00,2024-01-16 11:00:00+00:00,1,97.299,87.76207361831786,9634.22538168215,96.862,tempo,-0.04582189088083666,-0.05905515335441566,192,48.0,9.53692638168215
SOL,2024-01-17 03:00:00+00:00,2024-01-17 03:00:00+00:00,2024-01-18 20:00:00+00:00,1,100.688,91.39095510932896,9397.732890671046,91.39095510932896,stop,-1.0,-1.013429140365488,164,41.0,9.297044890671046
SOL,2024-01-28 11:00:00+00:00,2024-01-28 11:00:00+00:00,2024-01-30 11:00:00+00:00,1,98.959,91.18250960398595,7875.449396014054,104.225,tempo,0.6771692282548373,0.6601860400459643,192,48.0,7.776490396014054
SOL,2024-01-30 11:00:00+00:00,2024-01-30 11:00:00+00:00,2024-01-31 21:30:00+00:00,1,104.225,96.2246707955358,8104.554204464194,96.2246707955358,stop,-1.0,-1.0162858655796807,138,34.5,8.000329204464194
SOL,2024-02-10 15:00:00+00:00,2024-02-10 15:00:00+00:00,2024-02-12 15:00:00+00:00,1,108.238,101.21198869045926,7134.249309540735,106.645,tempo,-0.22672892624537097,-0.24660847722336818,192,48.0,7.026011309540735
SOL,2024-02-19 17:00:00+00:00,2024-02-19 17:00:00+00:00,2024-02-20 14:45:00+00:00,1,112.777,106.32726115305842,6562.515846941586,106.32726115305842,stop,-1.0,-1.022081168420799,87,21.75,6.449738846941585
SOL,2024-02-22 23:00:00+00:00,2024-02-22 23:00:00+00:00,2024-02-24 23:00:00+00:00,-1,103.041,109.29252028898954,-6148.479288989539,104.202,tempo,-0.18571482556727956,-0.20726285608991157,192,48.0,6.251520288989539
SOL,2024-02-28 17:00:00+00:00,2024-02-28 17:00:00+00:00,2024-02-28 17:45:00+00:00,1,116.344,109.13604823393382,7324.295766066173,109.13604823393382,stop,-1.0,-1.020333381258466,3,0.75,7.207951766066174
SOL,2024-02-29 01:00:00+00:00,2024-02-29 01:00:00+00:00,2024-03-02 01:00:00+00:00,1,123.312,115.0077540229012,8427.557977098802,130.586,tempo,0.875937444538617,0.8560640327375787,192,48.0,8.304245977098802
SOL,2024-03-05 05:00:00+00:00,2024-03-05 05:00:00+00:00,2024-03-05 20:00:00+00:00,1,130.029,119.92205798883343,10236.971011166566,119.92205798883343,stop,-1.0,-1.0160749104440532,60,15.0,10.106942011166566
SOL,2024-03-07 02:00:00+00:00,2024-03-07 02:00:00+00:00,2024-03-09 02:00:00+00:00,1,137.528,124.16091390531462,13504.614094685377,145.245,tempo,0.5773135555001937,0.5635631802353049,192,48.0,13.367086094685376
SOL,2024-03-12 17:00:00+00:00,2024-03-12 17:00:00+00:00,2024-03-13 15:45:00+00:00,-1,146.456,159.5378595082816,-12935.40350828161,159.5378595082816,stop,-1.0,-1.0152039554127965,91,22.75,13.08185950828161
SOL,2024-03-13 16:00:00+00:00,2024-03-13 16:00:00+00:00,2024-03-15 16:00:00+00:00,1,157.366,143.5131537723811,14010.212227618926,181.963,tempo,1.775591787842129,1.7596698721306665,192,48.0,13.852846227618926
SOL,2024-03-17 19:00:00+00:00,2024-03-17 19:00:00+00:00,2024-03-19 09:15:00+00:00,1,195.5,174.8096483473479,20885.851652652113,174.8096483473479,stop,-1.0,-1.0116335031645014,153,38.25,20.69035165265211
SOL,2024-04-05 11:00:00+00:00,2024-04-05 11:00:00+00:00,2024-04-07 11:00:00+00:00,-1,172.068,185.76148255893332,-13521.414558933313,180.501,tempo,-0.6158404163226175,-0.6325761041955681,192,48.0,13.693482558933312
SOL,2024-04-08 15:00:00+00:00,2024-04-08 15:00:00+00:00,2024-04-10 15:00:00+00:00,-1,180.71,193.9519681047679,-13061.258104767892,169.038,tempo,0.88143997234047,0.8642721164597308,192,48.0,13.241968104767892
SOL,2024-04-12 13:00:00+00:00,2024-04-12 13:00:00+00:00,2024-04-14 13:00:00+00:00,-1,169.801,181.30197100070887,-11331.170000708888,141.419,tempo,2.4677916323978724,2.4502024218879486,192,48.0,11.500971000708887
SOL,2024-04-17 13:00:00+00:00,2024-04-17 13:00:00+00:00,2024-04-19 07:15:00+00:00,-1,132.092,146.51426602602956,-14290.174026029546,146.51426602602956,stop,-1.0,-1.0125565616797025,169,42.25,14.422266026029547
SOL,2024-04-26 17:00:00+00:00,2024-04-26 17:00:00+00:00,2024-04-28 17:00:00+00:00,-1,142.164,154.9482404688551,-12642.076468855103,142.42,tempo,-0.02002465462251481,-0.03449400072490128,192,48.0,12.784240468855103
SOL,2024-04-29 11:00:00+00:00,2024-04-29 11:00:00+00:00,2024-05-01 11:00:00+00:00,-1,135.182,146.44428233921275,-11127.100339212759,121.636,tempo,1.2027757422521574,1.187953551245741,192,48.0,11.26228233921276
SOL,2024-05-09 22:00:00+00:00,2024-05-09 22:00:00+00:00,2024-05-11 22:00:00+00:00,1,150.258,138.43875743898587,11969.500561014136,145.493,tempo,-0.4031561223489401,-0.41942096749511715,192,48.0,11.819242561014136
SOL,2024-05-15 15:00:00+00:00,2024-05-15 15:00:00+00:00,2024-05-17 15:00:00+00:00,1,152.418,141.64977904382488,10920.638956175128,168.224,tempo,1.4678376367208454,1.4484827868484085,192,48.0,10.768220956175128
SOL,2024-05-20 06:00:00+00:00,2024-05-20 06:00:00+00:00,2024-05-22 06:00:00+00:00,1,178.189,166.39447806952276,11972.710930477231,181.56,tempo,0.285810651747511,0.2659847655116508,192,48.0,11.79452193047723
SOL,2024-05-24 05:00:00+00:00,2024-05-24 05:00:00+00:00,2024-05-26 05:00:00+00:00,-1,169.145,180.71300634656075,-11398.861346560736,165.681,tempo,0.299446585368608,0.2806328940997832,192,48.0,11.568006346560736
SOL,2024-05-26 10:00:00+00:00,2024-05-26 10:00:00+00:00,2024-05-28 10:00:00+00:00,-1,163.012,173.43685265090946,-10261.840650909457,167.901,tempo,-0.4689754535354029,-0.4896082103908425,192,48.0,10.424852650909457
SOL,2024-05-31 17:00:00+00:00,2024-05-31 17:00:00+00:00,2024-06-02 17:00:00+00:00,-1,165.921,175.56668769150906,-9479.766691509067,164.497,tempo,0.14763073878635952,0.12536465399604851,192,48.0,9.645687691509067
SOL,2024-06-02 17:00:00+00:00,2024-06-02 17:00:00+00:00,2024-06-04 17:00:00+00:00,-1,164.498,173.29885266829027,-8636.354668290276,169.496,tempo,-0.567899519328162,-0.592567140544252,192,48.0,8.800852668290275
SOL,2024-06-20 08:00:00+00:00,2024-06-20 08:00:00+00:00,2024-06-22 08:00:00+00:00,-1,137.141,145.38988198426895,-8111.740984268963,134.806,tempo,0.28306866366289923,0.2616396323908916,192,48.0,8.248881984268962
SOL,2024-06-23 00:00:00+00:00,2024-06-23 00:00:00+00:00,2024-06-25 00:00:00+00:00,-1,133.628,141.53479798216614,-7773.169982166154,132.237,tempo,0.1759245655621154,0.1540684045232499,192,48.0,7.906797982166154
SOL,2024-06-26 10:00:00+00:00,2024-06-26 10:00:00+00:00,2024-06-27 13:15:00+00:00,-1,136.83,145.0515801568072,-8084.750156807193,145.0515801568072,stop,-1.0,-1.0222856219373135,109,27.25,8.221580156807192
SOL,2024-06-27 14:00:00+00:00,2024-06-27 14:00:00+00:00,2024-06-29 14:00:00+00:00,1,147.96,138.4153655339651,9692.59446603492,142.082,tempo,-0.6158433851937634,-0.6355955612117015,192,48.0,9.544634466034921
SOL,2024-07-05 02:00:00+00:00,2024-07-05 02:00:00+00:00,2024-07-06 00:45:00+00:00,-1,128.553,136.82852834968725,-8146.975349687249,136.82852834968725,stop,-1.0,-1.0208443480752278,91,22.75,8.27552834968725
SOL,2024-07-14 17:00:00+00:00,2024-07-14 17:00:00+00:00,2024-07-16 17:00:00+00:00,1,145.511,136.08241383655692,9574.097163443072,160.927,tempo,1.6350277478262425,1.6139021308411332,192,48.0,9.428586163443072
SOL,2024-07-17 06:00:00+00:00,2024-07-17 06:00:00+00:00,2024-07-19 06:00:00+00:00,1,161.32,151.11046232970622,10370.85767029377,162.164,tempo,0.08266779821536314,0.06207287934731319,192,48.0,10.20953767029377
SOL,2024-07-19 07:00:00+00:00,2024-07-19 07:00:00+00:00,2024-07-21 07:00:00+00:00,1,164.441,154.20212486133676,10403.316138663247,171.3,tempo,0.6698978068498546,0.6485837809393392,192,48.0,10.238875138663246
SOL,2024-07-21 22:00:00+00:00,2024-07-21 22:00:00+00:00,2024-07-23 13:45:00+00:00,1,184.204,172.76444790532605,11623.756094673956,172.76444790532605,stop,-1.0,-1.020283092311498,159,39.75,11.439552094673957
SOL,2024-07-27 08:00:00+00:00,2024-07-27 08:00:00+00:00,2024-07-29 08:00:00+00:00,1,185.721,173.98663112630425,11920.089873695757,192.302,tempo,0.5608311849435915,0.5398914179527307,192,48.0,11.734368873695757
SOL,2024-07-29 08:00:00+00:00,2024-07-29 08:00:00+00:00,2024-07-30 02:00:00+00:00,1,192.309,180.44824174564624,12053.067254353753,180.44824174564624,stop,-1.0,-1.0204280537499135,72,18.0,11.860758254353755
SOL,2024-08-01 06:00:00+00:00,2024-08-01 06:00:00+00:00,2024-08-03 06:00:00+00:00,-1,168.952,179.24997972012594,-10129.027720125938,151.84,tempo,1.6616851523369214,1.6414370254550548,192,48.0,10.297979720125937
SOL,2024-08-06 07:00:00+00:00,2024-08-06 07:00:00+00:00,2024-08-08 07:00:00+00:00,1,141.437,126.41053662072204,15167.900379277971,154.037,tempo,0.8385206606483229,0.8257393364503179,192,48.0,15.02646337927797
SOL,2024-08-12 04:00:00+00:00,2024-08-12 04:00:00+00:00,2024-08-14 04:00:00+00:00,-1,143.815,157.44645120327584,-13487.636203275844,145.086,tempo,-0.0932402560113757,-0.1070161663821565,192,48.0,13.631451203275844
SOL,2024-08-21 15:00:00+00:00,2024-08-21 15:00:00+00:00,2024-08-23 15:00:00+00:00,-1,139.731,149.95744541920536,-10086.714419205362,143.427,tempo,-0.361415902446306,-0.3794136223240601,192,48.0,10.226445419205362
SOL,2024-08-24 01:00:00+00:00,2024-08-24 01:00:00+00:00,2024-08-26 01:00:00+00:00,1,153.021,142.6764670279545,10497.5539720455,159.022,tempo,0.5801131879241701,0.5605059276884388,192,48.0,10.3445329720455
SOL,2024-08-26 11:00:00+00:00,2024-08-26 11:00:00+00:00,2024-08-27 21:30:00+00:00,1,161.133,150.916592978462,10377.540021538003,150.916592978462,stop,-1.0,-1.019853578171699,138,34.5,10.216407021538004
SOL,2024-09-01 09:00:00+00:00,2024-09-01 09:00:00+00:00,2024-09-03 09:00:00+00:00,-1,131.404,139.4520155044631,-7916.61150446311,133.141,tempo,-0.21582960408522123,-0.23719564766511256,192,48.0,8.048015504463109
SOL,2024-09-05 20:00:00+00:00,2024-09-05 20:00:00+00:00,2024-09-07 20:00:00+00:00,-1,128.386,136.40070705408021,-7886.321054080218,128.254,tempo,0.01646972236281611,-0.00434401404381592,192,48.0,8.014707054080219
SOL,2024-09-16 11:00:00+00:00,2024-09-16 11:00:00+00:00,2024-09-18 11:00:00+00:00,-1,131.953,138.8434640963312,-6758.511096331186,129.349,tempo,0.3779135866024624,0.3532641148650747,192,48.0,6.890464096331186
SOL,2024-09-20 01:00:00+00:00,2024-09-20 01:00:00+00:00,2024-09-22 01:00:00+00:00,1,141.713,134.2907241450548,7563.988854945183,148.776,tempo,0.9515949202149641,0.9261555733501884,192,48.0,7.422275854945184
SOL,2024-09-24 23:00:00+00:00,2024-09-24 23:00:00+00:00,2024-09-26 23:00:00+00:00,1,153.32,145.10784994644766,8365.470053552335,156.271,tempo,0.3593456014266906,0.33484115999689085,192,48.0,8.212150053552335
SOL,2024-09-27 00:00:00+00:00,2024-09-27 00:00:00+00:00,2024-09-29 00:00:00+00:00,1,155.48,147.23788810767974,8397.591892320252,156.682,tempo,0.14583640888447352,0.12121828883819498,192,48.0,8.242111892320253
SOL,2024-10-09 20:00:00+00:00,2024-10-09 20:00:00+00:00,2024-10-11 20:00:00+00:00,-1,141.066,148.4240048383429,-7216.938838342908,145.356,tempo,-0.583038485873861,-0.6083407660558251,192,48.0,7.358004838342907
SOL,2024-10-19 23:00:00+00:00,2024-10-19 23:00:00+00:00,2024-10-21 23:00:00+00:00,1,158.83,151.01505972355102,7973.770276448993,167.71,tempo,1.1362850752373186,1.1091254306985578,192,48.0,7.8149402764489935
SOL,2024-10-22 14:00:00+00:00,2024-10-22 14:00:00+00:00,2024-10-24 14:00:00+00:00,1,166.11,157.83582351498396,8440.286485016057,175.73,tempo,1.1626534697949833,1.1357993169493943,192,48.0,8.274176485016056
SOL,2024-10-24 14:00:00+00:00,2024-10-24 14:00:00+00:00,2024-10-25 18:15:00+00:00,1,175.73,166.5794869374718,9326.243062528176,166.5794869374718,stop,-1.0,-1.024315703938013,113,28.25,9.150513062528177
SOL,2024-11-06 04:00:00+00:00,2024-11-06 04:00:00+00:00,2024-11-08 04:00:00+00:00,1,184.91,173.72803511999203,11366.874880007967,198.23,tempo,1.1912038843740762,1.168932217214286,192,48.0,11.181964880007968
SOL,2024-11-08 04:00:00+00:00,2024-11-08 04:00:00+00:00,2024-11-10 04:00:00+00:00,1,198.22,186.3208350820865,12097.384917913509,201.43,tempo,0.2697668300375884,0.24793567618838613,192,48.0,11.89916491791351
SOL,2024-11-16 13:00:00+00:00,2024-11-16 13:00:00+00:00,2024-11-18 13:00:00+00:00,1,219.39,204.10795881466603,15501.431185333951,243.2,tempo,1.5580379421336896,1.5383623309798233,192,48.0,15.282041185333952
SOL,2024-11-21 18:00:00+00:00,2024-11-21 18:00:00+00:00,2024-11-23 18:00:00+00:00,1,257.56,238.72174016514649,19095.81983485352,257.44,tempo,-0.006370015120928905,-0.02413970313535282,192,48.0,18.838259834853517
SOL,2024-12-02 07:00:00+00:00,2024-12-02 07:00:00+00:00,2024-12-04 07:00:00+00:00,-1,228.51,242.8198124684055,-14081.30246840551,237.93,tempo,-0.6582895492724546,-0.6794768290267772,192,48.0,14.30981246840551
SOL,2024-12-19 20:00:00+00:00,2024-12-19 20:00:00+00:00,2024-12-21 20:00:00+00:00,-1,191.74,205.4408357360983,-13509.0957360983,181.41,tempo,0.7539686044686331,0.7362654873251331,192,48.0,13.700835736098298
SOL,2025-01-11 13:00:00+00:00,2025-01-11 13:00:00+00:00,2025-01-13 13:00:00+00:00,-1,186.81,198.11114484213877,-11114.33484213877,175.15,tempo,1.0317538765208245,1.0109352777605707,192,48.0,11.301144842138768
SOL,2025-01-13 13:00:00+00:00,2025-01-13 13:00:00+00:00,2025-01-14 05:00:00+00:00,-1,175.15,185.43573752605596,-10110.587526055953,185.43573752605596,stop,-1.0,-1.0227869638709135,64,16.0,10.285737526055954
SOL,2025-01-16 12:00:00+00:00,2025-01-16 12:00:00+00:00,2025-01-18 12:00:00+00:00,1,212.66,198.39260917650708,14480.050823492917,238.85,tempo,1.8356544881966168,1.8150843991291226,192,48.0,14.267390823492917
SOL,2025-01-18 12:00:00+00:00,2025-01-18 12:00:00+00:00,2025-01-20 12:00:00+00:00,1,238.85,221.18936283712682,17899.48716287317,260.59,tempo,1.2309861642875826,1.212604268039668,192,48.0,17.660637162873172
SOL,2025-01-22 20:00:00+00:00,2025-01-22 20:00:00+00:00,2025-01-24 20:00:00+00:00,1,265.22,234.2571892437997,31228.03075620033,261.93,tempo,-0.1062565031936319,-0.11732292422039171,192,48.0,30.962810756200327
SOL,2025-01-24 20:00:00+00:00,2025-01-24 20:00:00+00:00,2025-01-26 20:00:00+00:00,1,261.93,232.63173880852978,29560.191191470232,256.17,tempo,-0.19659869786664788,-0.20809306600676278,192,48.0,29.298261191470232
SOL,2025-02-01 15:00:00+00:00,2025-02-01 15:00:00+00:00,2025-02-03 15:00:00+00:00,-1,225.23,245.36397180283498,-19908.741802834993,199.61,tempo,1.2724762034479713,1.2587607774652492,192,48.0,20.133971802834992
SOL,2025-02-06 17:00:00+00:00,2025-02-06 17:00:00+00:00,2025-02-08 17:00:00+00:00,-1,190.27,209.5040591518067,-19043.78915180669,195.33,tempo,-0.26307499421019026,-0.27610604491154245,192,48.0,19.23405915180669
SOL,2025-02-16 15:00:00+00:00,2025-02-16 15:00:00+00:00,2025-02-18 15:00:00+00:00,-1,190.0,204.55022321475616,-14360.223214756159,166.9,tempo,1.5876045101887544,1.571660768530913,192,48.0,14.550223214756159
SOL,2025-02-18 15:00:00+00:00,2025-02-18 15:00:00+00:00,2025-02-20 15:00:00+00:00,-1,166.9,180.05966638880412,-12992.766388804112,172.44,tempo,-0.42098331647018605,-0.43774445565739645,192,48.0,13.159666388804112
SOL,2025-02-23 23:00:00+00:00,2025-02-23 23:00:00+00:00,2025-02-25 23:00:00+00:00,-1,167.23,179.0192975349364,-11622.067534936425,144.8,tempo,1.9025730696448095,1.8853693728682235,192,48.0,11.789297534936424
SOL,2025-02-27 00:00:00+00:00,2025-02-27 00:00:00+00:00,2025-02-28 15:00:00+00:00,-1,135.28,146.64738964141267,-11232.109641412671,146.64738964141267,stop,-1.0,-1.0161209221331966,156,39.0,11.367389641412672
SOL,2025-02-28 15:00:00+00:00,2025-02-28 15:00:00+00:00,2025-03-02 15:00:00+00:00,1,144.3,131.5131170323433,12931.182967656709,140.69,tempo,-0.28232056312169196,-0.2968075573695127,192,48.0,12.786882967656709
SOL,2025-03-04 17:00:00+00:00,2025-03-04 17:00:00+00:00,2025-03-06 10:45:00+00:00,-1,136.2,152.09623021149284,-15760.030211492849,152.09623021149284,stop,-1.0,-1.0117884899214649,167,41.75,15.896230211492849
SOL,2025-03-07 19:00:00+00:00,2025-03-07 19:00:00+00:00,2025-03-09 14:15:00+00:00,1,149.58,132.668327349238,17061.252650762002,132.668327349238,stop,-1.0,-1.0108482121529676,173,43.25,16.911672650762
SOL,2025-03-09 20:00:00+00:00,2025-03-09 20:00:00+00:00,2025-03-11 20:00:00+00:00,-1,129.1,142.77721469386927,-13548.114693869275,128.06,tempo,0.07603887365065386,0.06381752568315242,192,48.0,13.677214693869274
SOL,2025-03-14 21:00:00+00:00,2025-03-14 21:00:00+00:00,2025-03-16 21:00:00+00:00,1,134.21,121.05645102977942,13287.758970220582,127.05,tempo,-0.5443397835983378,-0.5572502916585174,192,48.0,13.153548970220584
BNB,2023-01-17 09:00:00+00:00,2023-01-17 09:00:00+00:00,2023-01-18 16:00:00+00:00,1,301.86,289.78790826054166,12373.951739458358,289.78790826054166,stop,-1.0,-1.0318562142062222,124,31.0,12.072091739458358
BNB,2023-01-18 17:00:00+00:00,2023-01-18 17:00:00+00:00,2023-01-20 17:00:00+00:00,-1,290.62,302.5317433855651,-11621.123385565103,292.0,tempo,-0.11585205921009917,-0.14764446673114434,192,48.0,11.911743385565103
BNB,2023-01-20 21:00:00+00:00,2023-01-20 21:00:00+00:00,2023-01-22 21:00:00+00:00,1,301.47,288.90941118566855,12862.05881433148,299.98,tempo,-0.1186250120933771,-0.1497495481942595,192,48.0,12.560588814331481
BNB,2023-01-24 02:00:00+00:00,2023-01-24 02:00:00+00:00,2023-01-24 22:30:00+00:00,1,313.41,299.78447212284505,13938.93787715498,299.78447212284505,stop,-1.0,-1.0292521809410493,82,20.5,13.62552787715498
BNB,2023-01-29 11:00:00+00:00,2023-01-29 11:00:00+00:00,2023-01-30 19:15:00+00:00,1,315.66,302.43696308372273,13538.696916277295,302.43696308372273,stop,-1.0,-1.0303835668423384,129,32.25,13.223036916277294
BNB,2023-02-02 04:00:00+00:00,2023-02-02 04:00:00+00:00,2023-02-04 04:00:00+00:00,1,327.99,314.109270078504,14208.719921496026,329.54,tempo,0.11166559746974435,0.08087510572923964,192,48.0,13.880729921496027
BNB,2023-02-05 09:00:00+00:00,2023-02-05 09:00:00+00:00,2023-02-06 05:30:00+00:00,1,335.65,321.5744020784058,14411.24792159418,321.5744020784058,stop,-1.0,-1.0303501040403817,82,20.5,14.07559792159418
BNB,2023-02-13 08:00:00+00:00,2023-02-13 08:00:00+00:00,2023-02-15 08:00:00+00:00,-1,306.66,319.0333492344517,-12066.689234451667,296.77,tempo,0.7992985417774257,0.7675990000795402,192,48.0,12.373349234451666
BNB,2023-02-25 06:00:00+00:00,2023-02-25 06:00:00+00:00,2023-02-27 06:00:00+00:00,-1,299.9,311.6548194507249,-11454.919450724938,305.57,tempo,-0.4823553457173975,-0.5158356983208336,192,48.0,11.754819450724938
BNB,2023-03-01 21:00:00+00:00,2023-03-01 21:00:00+00:00,2023-03-03 21:00:00+00:00,-1,301.46,311.83617090159845,-10074.710901598472,288.74,tempo,1.2258857453899905,1.188913532457289,192,48.0,10.37617090159847
BNB,2023-03-06 03:00:00+00:00,2023-03-06 03:00:00+00:00,2023-03-08 03:00:00+00:00,-1,286.69,296.60924610818773,-9632.556108187735,289.99,tempo,-0.33268657355684134,-0.37047593737659684,192,48.0,9.919246108187735
BNB,2023-03-11 15:00:00+00:00,2023-03-11 15:00:00+00:00,2023-03-13 15:00:00+00:00,1,272.72,261.63616623763687,11356.553762363155,307.39,tempo,3.127979067831856,3.093959115161652,192,48.0,11.083833762363156
BNB,2023-03-16 04:00:00+00:00,2023-03-16 04:00:00+00:00,2023-03-16 14:30:00+00:00,-1,309.86,325.4915978812392,-15321.737881239202,325.4915978812392,stop,-1.0,-1.0264194704700316,42,10.5,15.631597881239202
BNB,2023-03-16 15:00:00+00:00,2023-03-16 15:00:00+00:00,2023-03-18 15:00:00+00:00,1,325.19,307.16270939912937,18352.480600870625,333.98,tempo,0.48759407026896806,0.46382674385890243,192,48.0,18.02729060087063
BNB,2023-03-22 09:00:00+00:00,2023-03-22 09:00:00+00:00,2023-03-22 20:00:00+00:00,1,333.22,316.7010352690414,16852.1847309586,316.7010352690414,stop,-1.0,-1.0255735562007198,44,11.0,16.5189647309586
BNB,2023-03-27 16:00:00+00:00,2023-03-27 16:00:00+00:00,2023-03-29 16:00:00+00:00,-1,313.93,328.72125046602326,-14477.320466023257,316.32,tempo,-0.16158201130391353,-0.1892782835657503,192,48.0,14.791250466023257
BNB,2023-04-01 13:00:00+00:00,2023-04-01 13:00:00+00:00,2023-04-03 13:00:00+00:00,-1,314.33,327.4735266977458,-12829.196697745812,311.85,tempo,0.18868603967801845,0.15771893249590987,192,48.0,13.143526697745813
BNB,2023-04-03 19:00:00+00:00,2023-04-03 19:00:00+00:00,2023-04-05 19:00:00+00:00,-1,311.39,323.4407296171708,-11739.339617170817,312.23,tempo,-0.06970532297091245,-0.10334253937832577,192,48.0,12.050729617170816
BNB,2023-04-10 23:00:00+00:00,2023-04-10 23:00:00+00:00,2023-04-12 23:00:00+00:00,1,315.36,305.50947634746734,10165.883652532673,319.54,tempo,0.42434292302067467,0.382448195942496,192,48.0,9.850523652532672
BNB,2023-04-16 13:00:00+00:00,2023-04-16 13:00:00+00:00,2023-04-18 13:00:00+00:00,1,339.77,328.8754138542441,11234.35614575591,344.47,tempo,0.4314069334181157,0.390583354252306,192,48.0,10.894586145755909
BNB,2023-04-21 08:00:00+00:00,2023-04-21 08:00:00+00:00,2023-04-21 19:45:00+00:00,1,329.85,316.7023180841594,13477.531915840622,316.7023180841594,stop,-1.0,-1.0319644945356008,47,11.75,13.147681915840622
BNB,2023-04-21 20:00:00+00:00,2023-04-21 20:00:00+00:00,2023-04-23 20:00:00+00:00,1,317.89,304.8982446780059,13309.645321994105,328.11,tempo,0.7866527460456636,0.7543322481919872,192,48.0,12.991755321994106
BNB,2023-04-28 02:00:00+00:00,2023-04-28 02:00:00+00:00,2023-04-30 02:00:00+00:00,-1,326.64,339.7810935247502,-12814.453524750204,320.36,tempo,0.4778902142483114,0.4458875502989279,192,48.0,13.141093524750204
BNB,2023-05-01 01:00:00+00:00,2023-05-01 01:00:00+00:00,2023-05-02 04:30:00+00:00,1,337.29,324.2743610970762,13352.928902923799,324.2743610970762,stop,-1.0,-1.033038473018524,110,27.5,13.015638902923797
BNB,2023-05-26 07:00:00+00:00,2023-05-26 07:00:00+00:00,2023-05-28 07:00:00+00:00,1,306.01,299.22344362732355,7092.566372676443,308.14,tempo,0.31385578827218646,0.25503398262017407,192,48.0,6.7865563726764435
BNB,2023-06-01 08:00:00+00:00,2023-06-01 08:00:00+00:00,2023-06-03 08:00:00+00:00,-1,304.18,310.4249821334617,-5940.80213346169,306.11,tempo,-0.3090481219567842,-0.3725692804681072,192,48.0,6.24498213346169
BNB,2023-06-05 03:00:00+00:00,2023-06-05 03:00:00+00:00,2023-06-07 03:00:00+00:00,-1,301.31,306.9938584036806,-5382.548403680574,278.8,tempo,3.9603379256287723,3.893997163206572,192,48.0,5.683858403680574
BNB,2023-06-07 15:00:00+00:00,2023-06-07 15:00:00+00:00,2023-06-09 15:00:00+00:00,-1,256.44,269.4707483529367,-12774.308352936712,262.19,tempo,-0.4412639891633035,-0.46713429920762467,192,48.0,13.030748352936712
BNB,2023-06-11 18:00:00+00:00,2023-06-11 18:00:00+00:00,2023-06-13 18:00:00+00:00,-1,236.21,249.07567465882903,-12629.464658829023,237.28,tempo,-0.08316703386135368,-0.10708870980617442,192,48.0,12.865674658829022
BNB,2023-06-24 18:00:00+00:00,2023-06-24 18:00:00+00:00,2023-06-26 18:00:00+00:00,-1,234.26,246.92709890938,-12432.838909380001,234.85,tempo,-0.046577357942875756,-0.07064928650216136,192,48.0,12.667098909380002
BNB,2023-06-28 10:00:00+00:00,2023-06-28 10:00:00+00:00,2023-06-30 10:00:00+00:00,-1,233.69,245.0898506384095,-11166.160638409503,238.79,tempo,-0.4473742825030154,-0.47431428459087155,192,48.0,11.399850638409504
BNB,2023-07-06 22:00:00+00:00,2023-07-06 22:00:00+00:00,2023-07-08 22:00:00+00:00,-1,233.97,243.68567412560728,-9481.704125607279,235.37,tempo,-0.14409705203163126,-0.17549693186044668,192,48.0,9.71567412560728
BNB,2023-07-10 10:00:00+00:00,2023-07-10 10:00:00+00:00,2023-07-12 10:00:00+00:00,1,240.23,230.75508304239145,9715.146957608542,247.92,tempo,0.8116166119877999,0.7781284556884243,192,48.0,9.474916957608542
BNB,2023-07-16 19:00:00+00:00,2023-07-16 19:00:00+00:00,2023-07-18 19:00:00+00:00,-1,244.52,253.6787992353454,-8914.279235345384,240.86,tempo,0.3996157035384536,0.3651682839703466,192,48.0,9.158799235345384
BNB,2023-08-01 08:00:00+00:00,2023-08-01 08:00:00+00:00,2023-08-02 17:00:00+00:00,1,245.46,239.1215477060927,6583.912293907295,239.1215477060927,stop,-1.0,-1.049693204492795,132,33.0,6.338452293907295
BNB,2023-08-10 19:00:00+00:00,2023-08-10 19:00:00+00:00,2023-08-12 19:00:00+00:00,-1,240.95,246.27267688251192,-5081.726882511928,240.55,tempo,0.07515015636478115,0.016349855894109352,192,48.0,5.322676882511928
BNB,2023-08-15 07:00:00+00:00,2023-08-15 07:00:00+00:00,2023-08-17 07:00:00+00:00,-1,239.32,243.77064645689984,-4211.3264568998475,231.75,tempo,1.700876507111502,1.6320785239499087,192,48.0,4.450646456899847
BNB,2023-08-19 08:00:00+00:00,2023-08-19 08:00:00+00:00,2023-08-21 08:00:00+00:00,-1,215.79,223.15659248826154,-7150.8024882615455,214.43,tempo,0.18461724361258022,0.1466562731305557,192,48.0,7.366592488261546
BNB,2023-08-21 10:00:00+00:00,2023-08-21 10:00:00+00:00,2023-08-23 10:00:00+00:00,-1,214.04,220.9033824583759,-6649.342458375895,215.42,tempo,-0.20106704068573056,-0.24173926049760097,192,48.0,6.863382458375895
BNB,2023-09-01 17:00:00+00:00,2023-09-01 17:00:00+00:00,2023-09-03 17:00:00+00:00,-1,213.59,221.67981924765368,-7876.229247653679,213.47,tempo,0.014833458737017963,-0.019479916074231392,192,48.0,8.08981924765368
BNB,2023-09-10 06:00:00+00:00,2023-09-10 06:00:00+00:00,2023-09-12 06:00:00+00:00,-1,212.68,218.71309739554255,-5820.41739554254,209.97,tempo,0.4491888365671419,0.40365293983141637,192,48.0,6.033097395542541
BNB,2023-09-12 06:00:00+00:00,2023-09-12 06:00:00+00:00,2023-09-14 06:00:00+00:00,-1,209.95,216.04947116528172,-5889.521165281728,211.32,tempo,-0.22460963629077602,-0.26950295451131595,192,48.0,6.099471165281727
BNB,2023-09-18 12:00:00+00:00,2023-09-18 12:00:00+00:00,2023-09-20 12:00:00+00:00,1,219.86,214.04461796585568,6035.242034144335,215.92,tempo,-0.6775135282371437,-0.7262217641426938,192,48.0,5.815382034144335
BNB,2023-09-21 11:00:00+00:00,2023-09-21 11:00:00+00:00,2023-09-23 11:00:00+00:00,-1,209.59,215.08066498962933,-5281.074989629323,210.79,tempo,-0.21855276223672884,-0.2683185010891455,192,48.0,5.490664989629323
BNB,2023-10-02 09:00:00+00:00,2023-10-02 09:00:00+00:00,2023-10-02 18:45:00+00:00,1,219.96,214.81482072141475,5365.13927858526,214.81482072141475,stop,-1.0,-1.0549259060116998,39,9.75,5.14517927858526
BNB,2023-10-06 01:00:00+00:00,2023-10-06 01:00:00+00:00,2023-10-08 01:00:00+00:00,-1,211.34,216.05595801823205,-4504.618018232044,212.41,tempo,-0.22688921230073275,-0.28529463044380143,192,48.0,4.715958018232044
BNB,2023-10-08 11:00:00+00:00,2023-10-08 11:00:00+00:00,2023-10-10 10:00:00+00:00,-1,209.72,214.14307360524,-4213.353605240006,214.14307360524,stop,-1.0,-1.0622894897152533,188,47.0,4.423073605240006
BNB,2023-10-10 10:00:00+00:00,2023-10-10 10:00:00+00:00,2023-10-11 02:45:00+00:00,1,210.5,205.86412663461877,4846.37336538123,205.86412663461877,stop,-1.0,-1.0583787910026845,67,16.75,4.635873365381229
BNB,2023-10-12 11:00:00+00:00,2023-10-12 11:00:00+00:00,2023-10-14 11:00:00+00:00,-1,204.1,208.70495051164988,-4400.850511649889,206.1,tempo,-0.4343151994663734,-0.492215930283233,192,48.0,4.604950511649889
BNB,2023-10-20 15:00:00+00:00,2023-10-20 15:00:00+00:00,2023-10-22 15:00:00+00:00,1,213.46,208.8651208931706,4808.33910682941,214.38,tempo,0.20022289566499873,0.13969986697711367,192,48.0,4.59487910682941
BNB,2023-10-22 23:00:00+00:00,2023-10-22 23:00:00+00:00,2023-10-24 23:00:00+00:00,1,218.03,213.26570946729748,4982.320532702517,227.11,tempo,1.9058451489627004,1.8451139660060907,192,48.0,4.764290532702518
BNB,2023-10-26 04:00:00+00:00,2023-10-26 04:00:00+00:00,2023-10-28 04:00:00+00:00,-1,226.19,233.7772475302696,-7361.057530269593,227.27,tempo,-0.14234411038934927,-0.18119205871633984,192,48.0,7.587247530269593
BNB,2023-11-02 11:00:00+00:00,2023-11-02 11:00:00+00:00,2023-11-04 11:00:00+00:00,1,230.66,223.34979860430875,7540.861395691251,235.33,tempo,0.6388332888821077,0.5973989311120836,192,48.0,7.3102013956912515
BNB,2023-11-04 11:00:00+00:00,2023-11-04 11:00:00+00:00,2023-11-06 11:00:00+00:00,1,235.33,227.91954941841695,7645.780581583063,244.71,tempo,1.265779981491515,1.2236737699238314,192,48.0,7.4104505815830635
BNB,2023-11-06 14:00:00+00:00,2023-11-06 14:00:00+00:00,2023-11-08 14:00:00+00:00,1,249.5,241.1935252114043,8555.974788595693,246.73,tempo,-0.3334747977328552,-0.3723058913326145,192,48.0,8.306474788595693
BNB,2023-11-11 17:00:00+00:00,2023-11-11 17:00:00+00:00,2023-11-12 01:00:00+00:00,1,254.76,245.31947312066862,9695.286879331372,245.31947312066862,stop,-1.0,-1.0344315165544506,32,8.0,9.440526879331372
BNB,2023-11-16 08:00:00+00:00,2023-11-16 08:00:00+00:00,2023-11-16 16:00:00+00:00,1,255.17,245.08072544641772,10344.44455358227,245.08072544641772,stop,-1.0,-1.0322285779629934,32,8.0,10.089274553582271
BNB,2023-11-21 10:00:00+00:00,2023-11-21 10:00:00+00:00,2023-11-21 17:45:00+00:00,1,258.84,246.04188858874164,13056.951411258333,246.04188858874164,stop,-1.0,-1.0256423168260587,31,7.75,12.798111411258333
BNB,2023-11-21 18:00:00+00:00,2023-11-21 18:00:00+00:00,2023-11-23 18:00:00+00:00,-1,243.13,257.8179176526417,-14444.787652641717,232.16,tempo,0.7468723790146641,0.7258388664837414,192,48.0,14.687917652641715
BNB,2023-12-04 07:00:00+00:00,2023-12-04 07:00:00+00:00,2023-12-06 07:00:00+00:00,1,233.24,223.02006846053337,10453.171539466643,231.33,tempo,-0.18688970592651108,-0.21643691950948574,192,48.0,10.219931539466643
BNB,2023-12-12 03:00:00+00:00,2023-12-12 03:00:00+00:00,2023-12-14 03:00:00+00:00,1,252.9,241.36493460820395,11787.965391796053,249.59,tempo,-0.2869511257694416,-0.315266396546519,192,48.0,11.535065391796053
BNB,2023-12-20 01:00:00+00:00,2023-12-20 01:00:00+00:00,2023-12-22 01:00:00+00:00,1,253.36,242.85256612795428,10760.793872045739,271.06,tempo,1.6845216649033166,1.652080537588029,192,48.0,10.507433872045738
BNB,2023-12-26 12:00:00+00:00,2023-12-26 12:00:00+00:00,2023-12-28 12:00:00+00:00,1,289.78,275.1336625998435,14936.117400156483,334.97,tempo,3.0854130125062693,3.057686797487103,192,48.0,14.646337400156483
BNB,2024-01-03 10:00:00+00:00,2024-01-03 10:00:00+00:00,2024-01-03 12:15:00+00:00,1,329.76,311.7084090000965,18381.35099990351,311.7084090000965,stop,-1.0,-1.0230979344619702,9,2.25,18.05159099990351
BNB,2024-01-15 05:00:00+00:00,2024-01-15 05:00:00+00:00,2024-01-17 05:00:00+00:00,1,314.5,298.00013241295,16814.367587050005,312.92,tempo,-0.09575834422089873,-0.12047508802798731,192,48.0,16.499867587050005
BNB,2024-01-20 21:00:00+00:00,2024-01-20 21:00:00+00:00,2024-01-22 21:00:00+00:00,1,315.7,301.52889574810297,14486.804251897021,308.07,tempo,-0.5384195800393327,-0.5670306531634136,192,48.0,14.17110425189702
BNB,2024-02-04 15:00:00+00:00,2024-02-04 15:00:00+00:00,2024-02-06 15:00:00+00:00,1,304.89,294.65342281038045,10541.467189619538,302.17,tempo,-0.26571381718864023,-0.30426078388373196,192,48.0,10.236577189619538
BNB,2024-02-08 11:00:00+00:00,2024-02-08 11:00:00+00:00,2024-02-10 11:00:00+00:00,1,315.97,306.40586051665275,9880.109483347276,318.95,tempo,0.3115805666770781,0.2684300040238907,192,48.0,9.564139483347276
BNB,2024-02-15 16:00:00+00:00,2024-02-15 16:00:00+00:00,2024-02-17 14:45:00+00:00,1,360.43,348.5537909340583,12236.63906594168,348.5537909340583,stop,-1.0,-1.0388035829908655,187,46.75,11.87620906594168
BNB,2024-02-21 13:00:00+00:00,2024-02-21 13:00:00+00:00,2024-02-23 13:00:00+00:00,1,371.44,357.07632029922866,14735.119700771344,373.35,tempo,0.1329742823419723,0.0992702796013652,192,48.0,14.363679700771343
BNB,2024-03-07 15:00:00+00:00,2024-03-07 15:00:00+00:00,2024-03-09 15:00:00+00:00,1,447.92,420.53770139681706,27830.21860318296,482.79,tempo,1.2734504325340554,1.2513572726877276,192,48.0,27.38229860318296
BNB,2024-03-10 10:00:00+00:00,2024-03-10 10:00:00+00:00,2024-03-12 10:00:00+00:00,1,525.43,492.97280869377,32982.62130622996,530.3,tempo,0.1500437901127088,0.12890134147858182,192,48.0,32.45719130622996
BNB,2024-03-12 19:00:00+00:00,2024-03-12 19:00:00+00:00,2024-03-14 19:00:00+00:00,1,543.8,509.3117033401726,35032.09665982737,587.33,tempo,1.2621672919760247,1.240848915274156,192,48.0,34.48829665982737
BNB,2024-03-16 01:00:00+00:00,2024-03-16 01:00:00+00:00,2024-03-16 23:30:00+00:00,1,621.45,573.1081448234731,48963.305176526905,573.1081448234731,stop,-1.0,-1.01606191552434,90,22.5,48.341855176526906
BNB,2024-03-25 06:00:00+00:00,2024-03-25 06:00:00+00:00,2024-03-27 06:00:00+00:00,1,586.47,541.2451392503054,45811.330749694585,581.14,tempo,-0.11785553148521383,-0.1346371530849028,192,48.0,45.224860749694585
BNB,2024-03-28 04:00:00+00:00,2024-03-28 04:00:00+00:00,2024-03-30 04:00:00+00:00,-1,582.28,623.1398220858227,-40277.54208582277,607.25,tempo,-0.6111137720461081,-0.6300368720629405,192,48.0,40.85982208582277
BNB,2024-03-30 04:00:00+00:00,2024-03-30 04:00:00+00:00,2024-04-01 04:00:00+00:00,1,607.25,566.5898749028174,41267.37509718257,597.75,tempo,-0.23364414096842698,-0.25290748553827125,192,48.0,40.66012509718257
BNB,2024-04-05 01:00:00+00:00,2024-04-05 01:00:00+00:00,2024-04-07 01:00:00+00:00,1,587.73,553.2949264702434,35022.80352975667,587.24,tempo,-0.014229677760861505,-0.03640853268155832,192,48.0,34.435073529756664
BNB,2024-04-10 17:00:00+00:00,2024-04-10 17:00:00+00:00,2024-04-12 17:00:00+00:00,1,607.55,576.483583744395,31673.966255604962,611.11,tempo,0.11459319834993097,0.08909527823315261,192,48.0,31.066416255604963
BNB,2024-04-12 17:00:00+00:00,2024-04-12 17:00:00+00:00,2024-04-12 18:45:00+00:00,1,611.1,580.7941497153315,30916.950284668506,580.7941497153315,stop,-1.0,-1.0255637505642565,7,1.75,30.30585028466851
BNB,2024-04-12 19:00:00+00:00,2024-04-12 19:00:00+00:00,2024-04-14 19:00:00+00:00,-1,581.89,612.4144991374249,-29942.609137424868,551.97,tempo,0.9801962635094066,0.9560514283498877,192,48.0,30.52449913742487
BNB,2024-04-18 08:00:00+00:00,2024-04-18 08:00:00+00:00,2024-04-20 08:00:00+00:00,1,543.71,507.43235037090744,36821.35962909259,560.26,tempo,0.456203755458507,0.43642351866432005,192,48.0,36.27764962909259
BNB,2024-04-22 04:00:00+00:00,2024-04-22 04:00:00+00:00,2024-04-24 04:00:00+00:00,1,591.87,555.8841805401659,36577.68945983415,604.26,tempo,0.3443022886787164,0.3226969865994405,192,48.0,35.98581945983415
BNB,2024-04-25 09:00:00+00:00,2024-04-25 09:00:00+00:00,2024-04-27 09:00:00+00:00,1,607.83,574.263802787583,34174.02721241702,593.14,tempo,-0.43764266494167636,-0.4608991123449951,192,48.0,33.56619721241702
BNB,2024-05-08 15:00:00+00:00,2024-05-08 15:00:00+00:00,2024-05-10 15:00:00+00:00,-1,585.39,612.3440091769883,-26368.61917698828,585.46,tempo,-0.002597016256112721,-0.030832240745452922,192,48.0,26.95400917698828
BNB,2024-05-14 14:00:00+00:00,2024-05-14 14:00:00+00:00,2024-05-16 14:00:00+00:00,-1,573.77,596.322916118977,-21979.14611897701,577.56,tempo,-0.1680492216618893,-0.20123182634378642,192,48.0,22.55291611897701
BNB,2024-05-22 03:00:00+00:00,2024-05-22 03:00:00+00:00,2024-05-23 14:00:00+00:00,1,620.46,595.124941672083,25955.518327917067,595.124941672083,stop,-1.0,-1.031187226879845,140,35.0,25.335058327917068
BNB,2024-06-01 21:00:00+00:00,2024-06-01 21:00:00+00:00,2024-06-03 21:00:00+00:00,1,604.72,586.1561188127733,19168.601187226686,625.3,tempo,1.1086043803254075,1.065536177510679,192,48.0,18.563881187226684
BNB,2024-06-03 21:00:00+00:00,2024-06-03 21:00:00+00:00,2024-06-05 21:00:00+00:00,1,625.3,605.3543832084848,20570.916791515134,693.77,tempo,3.432834427518289,3.38984776488649,192,48.0,19.945616791515135
BNB,2024-06-21 16:00:00+00:00,2024-06-21 16:00:00+00:00,2024-06-23 16:00:00+00:00,-1,582.84,606.1632469717676,-22740.406971767618,585.1,tempo,-0.09689902965636309,-0.12944857136121024,192,48.0,23.323246971767617
BNB,2024-07-03 00:00:00+00:00,2024-07-03 00:00:00+00:00,2024-07-03 10:15:00+00:00,1,580.31,562.5998919646584,18290.41803534159,562.5998919646584,stop,-1.0,-1.0419473121391774,41,10.25,17.71010803534159
BNB,2024-07-03 11:00:00+00:00,2024-07-03 11:00:00+00:00,2024-07-05 11:00:00+00:00,-1,561.49,578.7205930027998,-16669.103002799762,475.92,tempo,4.966166862980043,4.927032022995695,192,48.0,17.230593002799765
BNB,2024-07-06 19:00:00+00:00,2024-07-06 19:00:00+00:00,2024-07-07 13:30:00+00:00,1,524.82,497.1263249866816,28218.495013318454,497.1263249866816,stop,-1.0,-1.0239861669107435,74,18.5,27.693675013318455
BNB,2024-07-19 16:00:00+00:00,2024-07-19 16:00:00+00:00,2024-07-21 16:00:00+00:00,1,591.91,565.9038469180506,26598.063081949378,599.35,tempo,0.2860861418663296,0.2563116881991531,192,48.0,26.00615308194938
BNB,2024-07-21 16:00:00+00:00,2024-07-21 16:00:00+00:00,2024-07-23 16:00:00+00:00,1,599.36,574.752389048172,25206.970951828065,585.15,tempo,-0.5774636159445782,-0.6087519641514488,192,48.0,24.607610951828065
BNB,2024-07-29 12:00:00+00:00,2024-07-29 12:00:00+00:00,2024-07-30 00:30:00+00:00,1,593.16,570.9496942561462,22803.46574385372,570.9496942561462,stop,-1.0,-1.0340684774893696,50,12.5,22.210305743853723
BNB,2024-07-30 02:00:00+00:00,2024-07-30 02:00:00+00:00,2024-07-31 17:45:00+00:00,-1,570.12,591.4443323773602,-20754.21237736018,591.4443323773602,stop,-1.0,-1.0354063518934302,159,39.75,21.32433237736018
BNB,2024-08-01 17:00:00+00:00,2024-08-01 17:00:00+00:00,2024-08-03 17:00:00+00:00,-1,558.11,578.7640253762185,-20095.915376218443,531.65,tempo,1.2811062017221466,1.2468105142182664,192,48.0,20.654025376218442
BNB,2024-08-05 05:00:00+00:00,2024-08-05 05:00:00+00:00,2024-08-05 14:45:00+00:00,-1,439.2,463.28739876521365,-23648.198765213663,463.28739876521365,stop,-1.0,-1.024353680317053,39,9.75,24.087398765213663
BNB,2024-08-07 19:00:00+00:00,2024-08-07 19:00:00+00:00,2024-08-08 16:15:00+00:00,-1,469.6,504.5499605690953,-34480.36056909525,504.5499605690953,stop,-1.0,-1.018117258619451,85,21.25,34.94996056909525
BNB,2024-08-10 16:00:00+00:00,2024-08-10 16:00:00+00:00,2024-08-12 16:00:00+00:00,1,514.7,479.431644648902,35783.05535109802,519.6,tempo,0.13893474621144827,0.1198724737207899,192,48.0,35.26835535109802
BNB,2024-08-13 14:00:00+00:00,2024-08-13 14:00:00+00:00,2024-08-15 14:00:00+00:00,1,519.92,486.0620218320605,34377.89816793945,528.41,tempo,0.2507533071788468,0.23062763704520486,192,48.0,33.85797816793945
BNB,2024-08-17 16:00:00+00:00,2024-08-17 16:00:00+00:00,2024-08-19 16:00:00+00:00,1,534.27,503.9436419115044,30860.628088495567,543.51,tempo,0.30468544798675457,0.2815848502177874,192,48.0,30.326358088495567
BNB,2024-08-19 18:00:00+00:00,2024-08-19 18:00:00+00:00,2024-08-21 18:00:00+00:00,1,554.6,525.1608061944218,29993.79380557827,556.69,tempo,0.07099379194290331,0.04645716554034442,192,48.0,29.43919380557827
BNB,2024-08-22 14:00:00+00:00,2024-08-22 14:00:00+00:00,2024-08-24 14:00:00+00:00,1,587.99,558.0516733699149,30526.31663008516,581.88,tempo,-0.2040862228371858,-0.2294856217212856,192,48.0,29.938326630085157
BNB,2024-08-29 15:00:00+00:00,2024-08-29 15:00:00+00:00,2024-08-31 15:00:00+00:00,1,540.97,515.8761660071214,25634.803992878675,536.53,tempo,-0.17693589593603246,-0.2048461387549958,192,48.0,25.093833992878672
BNB,2024-09-04 11:00:00+00:00,2024-09-04 11:00:00+00:00,2024-09-06 11:00:00+00:00,-1,498.13,520.421836204689,-21793.706204689046,504.93,tempo,-0.3050444089737948,-0.33429229120356174,192,48.0,22.291836204689048
BNB,2024-09-12 06:00:00+00:00,2024-09-12 06:00:00+00:00,2024-09-14 06:00:00+00:00,1,542.35,518.3171189680219,24575.231031978146,552.39,tempo,0.4177609828235217,0.3881523396045431,192,48.0,24.03288103197815
BNB,2024-09-19 13:00:00+00:00,2024-09-19 13:00:00+00:00,2024-09-21 13:00:00+00:00,1,565.13,542.8013270712246,22893.802928775407,582.19,tempo,0.7640400329396423,0.7306409141304395,192,48.0,22.328672928775404
BNB,2024-09-21 13:00:00+00:00,2024-09-21 13:00:00+00:00,2024-09-23 13:00:00+00:00,1,582.19,559.6550624717443,23117.127528255794,594.12,tempo,0.5294001807212169,0.49547057700958946,192,48.0,22.534937528255796
BNB,2024-09-23 13:00:00+00:00,2024-09-23 13:00:00+00:00,2024-09-25 13:00:00+00:00,1,594.11,571.8074107718164,22896.699228183592,593.66,tempo,-0.020177029464874163,-0.05479410876902806,192,48.0,22.302589228183592
BNB,2024-10-08 20:00:00+00:00,2024-10-08 20:00:00+00:00,2024-10-10 14:00:00+00:00,1,585.35,564.1609082648695,21774.441735130546,564.1609082648695,stop,-1.0,-1.0352625822622388,168,42.0,21.189091735130546
BNB,2024-10-15 12:00:00+00:00,2024-10-15 12:00:00+00:00,2024-10-17 12:00:00+00:00,1,585.64,566.9187733493518,19306.86665064819,590.52,tempo,0.2606666801841766,0.21983046713755286,192,48.0,18.72122665064819
BNB,2024-10-21 09:00:00+00:00,2024-10-21 09:00:00+00:00,2024-10-22 08:30:00+00:00,1,608.81,590.7524021283211,18666.40787167881,590.7524021283211,stop,-1.0,-1.0431793623340289,94,23.5,18.05759787167881
BNB,2024-10-28 20:00:00+00:00,2024-10-28 20:00:00+00:00,2024-10-30 20:00:00+00:00,1,596.04,579.6962444621718,16939.795537828202,597.77,tempo,0.10585082455472807,0.05837235498242108,192,48.0,16.3437555378282
BNB,2024-11-02 17:00:00+00:00,2024-11-02 17:00:00+00:00,2024-11-04 17:00:00+00:00,-1,568.89,584.8963269122203,-15437.436912220288,555.48,tempo,0.8377937095463099,0.7921342335148647,192,48.0,16.00632691222029
BNB,2024-11-06 05:00:00+00:00,2024-11-06 05:00:00+00:00,2024-11-08 05:00:00+00:00,1,578.29,559.5749212046633,19293.368795336697,596.3,tempo,0.9623256304155988,0.9215305310014174,192,48.0,18.715078795336694
BNB,2024-11-08 18:00:00+00:00,2024-11-08 18:00:00+00:00,2024-11-09 01:15:00+00:00,-1,593.86,614.0415589303494,-19587.698930349412,614.0415589303494,stop,-1.0,-1.0389036355424468,29,7.25,20.18155893034941
BNB,2024-11-09 02:00:00+00:00,2024-11-09 02:00:00+00:00,2024-11-11 02:00:00+00:00,1,628.5,604.7642460688288,24364.253931171188,640.47,tempo,0.5043024980251551,0.4695519481841078,192,48.0,23.73575393117119
BNB,2024-11-11 23:00:00+00:00,2024-11-11 23:00:00+00:00,2024-11-12 14:00:00+00:00,1,639.96,613.6035884874741,26996.371512525937,613.6035884874741,stop,-1.0,-1.0309152986221062,60,15.0,26.356411512525938
BNB,2024-11-14 08:00:00+00:00,2024-11-14 08:00:00+00:00,2024-11-14 15:00:00+00:00,1,660.19,621.352390965105,39497.799034895084,621.352390965105,stop,-1.0,-1.0214483480015177,28,7.0,38.83760903489508
BNB,2024-11-16 12:00:00+00:00,2024-11-16 12:00:00+00:00,2024-11-18 12:00:00+00:00,1,631.05,594.7923739019311,36888.67609806884,616.29,tempo,-0.4070867728647613,-0.42944816513592227,192,48.0,36.25762609806884
BNB,2024-11-18 17:00:00+00:00,2024-11-18 17:00:00+00:00,2024-11-20 17:00:00+00:00,1,623.18,587.7452927480304,36057.8872519696,610.11,tempo,-0.36884741016940265,-0.3914703852739999,192,48.0,35.4347072519696
BNB,2024-11-22 01:00:00+00:00,2024-11-22 01:00:00+00:00,2024-11-24 01:00:00+00:00,1,630.5,597.7128877727315,33417.612227268495,660.57,tempo,0.917128650781002,0.8915333652254155,192,48.0,32.787112227268494
BNB,2024-11-24 01:00:00+00:00,2024-11-24 01:00:00+00:00,2024-11-26 01:00:00+00:00,1,660.56,625.7962337466437,35424.32625335627,640.19,tempo,-0.5859549236277951,-0.6102758643980827,192,48.0,34.763766253356266
BNB,2024-11-28 03:00:00+00:00,2024-11-28 03:00:00+00:00,2024-11-30 03:00:00+00:00,1,652.26,616.7526286139058,36159.63138609418,652.0,tempo,-0.007322423199758888,-0.03119828240605354,192,48.0,35.50737138609418
BNB,2024-11-30 07:00:00+00:00,2024-11-30 07:00:00+00:00,2024-12-02 07:00:00+00:00,1,660.33,626.4439661311183,34546.36386888178,650.4,tempo,-0.29304108112572536,-0.318183430427996,192,48.0,33.88603386888178
BNB,2024-12-03 19:00:00+00:00,2024-12-03 19:00:00+00:00,2024-12-05 19:00:00+00:00,1,678.45,641.0106574357944,38117.792564205614,726.81,tempo,1.2916893483657248,1.267292044955988,192,48.0,37.43934256420562
BNB,2024-12-28 15:00:00+00:00,2024-12-28 15:00:00+00:00,2024-12-30 15:00:00+00:00,1,722.42,681.7620162062143,41380.40379378566,692.24,tempo,-0.7422896362266933,-0.7649058339374254,192,48.0,40.65798379378566
BNB,2025-01-06 17:00:00+00:00,2025-01-06 17:00:00+00:00,2025-01-07 15:45:00+00:00,1,732.74,702.2288714509035,31243.8685490965,702.2288714509035,stop,-1.0,-1.030570149673166,91,22.75,30.511128549096497
BNB,2025-01-07 16:00:00+00:00,2025-01-07 16:00:00+00:00,2025-01-09 16:00:00+00:00,-1,707.75,737.1500467551756,-28692.296755175594,696.58,tempo,0.37993136857966353,0.3488833057108755,192,48.0,29.400046755175595
BNB,2025-01-11 14:00:00+00:00,2025-01-11 14:00:00+00:00,2025-01-13 10:30:00+00:00,1,695.64,666.8108646462217,29524.77535377827,666.8108646462217,stop,-1.0,-1.0307186827198402,178,44.5,28.82913535377827
BNB,2025-01-16 17:00:00+00:00,2025-01-16 17:00:00+00:00,2025-01-18 17:00:00+00:00,1,712.67,685.4445157908473,27938.15420915268,696.17,tempo,-0.6060498271855536,-0.6396854456731815,192,48.0,27.225484209152683
BNB,2025-01-20 23:00:00+00:00,2025-01-20 23:00:00+00:00,2025-01-22 23:00:00+00:00,-1,684.18,713.367403876783,-28503.223876783035,696.09,tempo,-0.4080527357033569,-0.4387911838293875,192,48.0,29.187403876783037
BNB,2025-01-24 21:00:00+00:00,2025-01-24 21:00:00+00:00,2025-01-26 21:00:00+00:00,-1,680.38,706.5232524528554,-25462.87245285545,682.59,tempo,-0.08453424087096145,-0.11842178036504747,192,48.0,26.14325245285545
BNB,2025-01-27 00:00:00+00:00,2025-01-27 00:00:00+00:00,2025-01-29 00:00:00+00:00,-1,666.64,690.4479553214885,-23141.31532148852,661.08,tempo,0.23353538449316627,0.19728624052652502,192,48.0,23.80795532148852
BNB,2025-02-01 23:00:00+00:00,2025-02-01 23:00:00+00:00,2025-02-03 23:00:00+00:00,-1,655.26,676.6997158955395,-20784.455895539508,613.25,tempo,1.95944760670733,1.9209894711603221,192,48.0,21.439715895539507
BNB,2025-02-04 23:00:00+00:00,2025-02-04 23:00:00+00:00,2025-02-06 23:00:00+00:00,-1,567.72,605.9106824992282,-37622.96249922816,578.23,tempo,-0.2751980145998281,-0.2947019210831714,192,48.0,38.19068249922816
BNB,2025-02-08 19:00:00+00:00,2025-02-08 19:00:00+00:00,2025-02-10 19:00:00+00:00,1,626.05,586.8883566412892,39787.69335871076,611.55,tempo,-0.37026025356453157,-0.3908017817284938,192,48.0,39.16164335871076
BNB,2025-02-12 04:00:00+00:00,2025-02-12 04:00:00+00:00,2025-02-14 04:00:00+00:00,1,631.6,592.6229670506393,39608.632949360705,682.59,tempo,1.308206298469323,1.2862902254549964,192,48.0,38.977032949360705
BNB,2025-02-19 05:00:00+00:00,2025-02-19 05:00:00+00:00,2025-02-21 05:00:00+00:00,-1,646.34,686.0746790257099,-39088.33902570986,651.62,tempo,-0.13288140559997003,-0.15411409252954383,192,48.0,39.73467902570985
BNB,2025-03-11 10:00:00+00:00,2025-03-11 10:00:00+00:00,2025-03-13 10:00:00+00:00,-1,562.27,594.722484523208,-31890.214523208,579.41,tempo,-0.52815678835753,-0.551023820293692,192,48.0,32.452484523208
BNB,2025-03-13 10:00:00+00:00,2025-03-13 10:00:00+00:00,2025-03-15 10:00:00+00:00,1,579.4,546.6481476480237,33331.252351976254,596.79,tempo,0.5309623349883803,0.5076194262642003,192,48.0,32.751852351976254
BNB,2025-03-16 00:00:00+00:00,2025-03-16 00:00:00+00:00,2025-03-18 00:00:00+00:00,1,619.61,587.0321252522435,33197.48474775648,631.39,tempo,0.3615951037693525,0.33663491203505286,192,48.0,32.57787474775648
BNB,2025-03-18 00:00:00+00:00,2025-03-18 00:00:00+00:00,2025-03-20 00:00:00+00:00,1,631.38,599.1965997775253,32814.780222474685,618.02,tempo,-0.4151208358236276,-0.440354651840149,192,48.0,32.18340022247469
BNB,2025-03-20 12:00:00+00:00,2025-03-20 12:00:00+00:00,2025-03-22 12:00:00+00:00,1,625.08,593.6085941837974,32096.485816202607,627.06,tempo,0.0629142533880876,0.037052968234407554,192,48.0,31.471405816202605
BNB,2025-03-25 07:00:00+00:00,2025-03-25 07:00:00+00:00,2025-03-26 19:15:00+00:00,1,642.3,615.276974288415,27665.325711584977,615.276974288415,stop,-1.0,-1.0302492045861849,145,36.25,27.023025711584978
BNB,2025-03-27 10:00:00+00:00,2025-03-27 10:00:00+00:00,2025-03-29 03:15:00+00:00,1,634.62,609.4092519451967,25845.368054803275,609.4092519451967,stop,-1.0,-1.0320743760560613,165,41.25,25.210748054803275
XRP,2023-01-19 17:00:00+00:00,2023-01-19 17:00:00+00:00,2023-01-21 17:00:00+00:00,1,0.3898,0.3690854247865831,21.104375213416855,0.4105,tempo,0.9992963788411449,0.9741838677401173,192,48.0,0.020714575213416853
XRP,2023-01-23 11:00:00+00:00,2023-01-23 11:00:00+00:00,2023-01-25 01:30:00+00:00,1,0.4206,0.399036180276162,21.984419723837973,0.399036180276162,stop,-1.0,-1.0247063611179497,154,38.5,0.021563819723837974
XRP,2023-01-29 19:00:00+00:00,2023-01-29 19:00:00+00:00,2023-01-30 10:15:00+00:00,1,0.4146,0.39547850554612757,19.536094453872458,0.39547850554612757,stop,-1.0,-1.0275371273869416,61,15.25,0.019121494453872456
XRP,2023-02-02 17:00:00+00:00,2023-02-02 17:00:00+00:00,2023-02-04 17:00:00+00:00,1,0.4154,0.3965467046990314,19.268695300968574,0.4124,tempo,-0.15912337615832495,-0.18766321449482823,192,48.0,0.018853295300968576
XRP,2023-02-12 19:00:00+00:00,2023-02-12 19:00:00+00:00,2023-02-13 02:30:00+00:00,1,0.3832,0.3667363440639227,16.84685593607729,0.3667363440639227,stop,-1.0,-1.0296081639177947,30,7.5,0.016463655936077293
XRP,2023-02-13 03:00:00+00:00,2023-02-13 03:00:00+00:00,2023-02-15 03:00:00+00:00,-1,0.3707,0.38675779525901566,-15.687095259015685,0.3778,tempo,-0.4421528538305245,-0.4724512224516364,192,48.0,0.016057795259015684
XRP,2023-02-27 01:00:00+00:00,2023-02-27 01:00:00+00:00,2023-03-01 01:00:00+00:00,1,0.3776,0.36269634213853746,15.281257861462526,0.374,tempo,-0.24155143881213043,-0.2743313110113744,192,48.0,0.014903657861462527
XRP,2023-03-06 03:00:00+00:00,2023-03-06 03:00:00+00:00,2023-03-07 14:45:00+00:00,-1,0.3626,0.3771554137452028,-14.192813745202805,0.3771554137452028,stop,-1.0,-1.0330352010153512,143,35.75,0.014555413745202805
XRP,2023-03-07 16:00:00+00:00,2023-03-07 16:00:00+00:00,2023-03-09 16:00:00+00:00,1,0.3785,0.36361343754445075,15.265062455549257,0.3929,tempo,0.96731532501193,0.933633271045664,192,48.0,0.014886562455549257
XRP,2023-03-12 16:00:00+00:00,2023-03-12 16:00:00+00:00,2023-03-12 22:30:00+00:00,-1,0.3521,0.36838499524539353,-15.932895245393507,0.36838499524539353,stop,-1.0,-1.0287574690598682,26,6.5,0.016284995245393508
XRP,2023-03-14 03:00:00+00:00,2023-03-14 03:00:00+00:00,2023-03-16 03:00:00+00:00,1,0.3696,0.3514630247897392,18.506575210260806,0.3615,tempo,-0.4466014815644399,-0.47280292885600106,192,48.0,0.01813697521026081
XRP,2023-03-18 08:00:00+00:00,2023-03-18 08:00:00+00:00,2023-03-20 08:00:00+00:00,1,0.3815,0.36355294091948526,18.328559080514747,0.3833,tempo,0.10029498381460399,0.07259573806242799,192,48.0,0.01794705908051475
XRP,2023-03-21 13:00:00+00:00,2023-03-21 13:00:00+00:00,2023-03-23 13:00:00+00:00,1,0.3956,0.37620268236545723,19.79291763454278,0.4467,tempo,2.6343848651011936,2.6061595707427085,192,48.0,0.019397317634542777
XRP,2023-03-25 06:00:00+00:00,2023-03-25 06:00:00+00:00,2023-03-27 06:00:00+00:00,1,0.4462,0.41096586736102836,35.68033263897163,0.4506,tempo,0.1248789077649461,0.10833472301168653,192,48.0,0.03523413263897163
XRP,2023-03-27 13:00:00+00:00,2023-03-27 13:00:00+00:00,2023-03-29 13:00:00+00:00,1,0.4811,0.44409404585458656,37.48705414541347,0.5523,tempo,1.9240147063962285,1.9058633030474446,192,48.0,0.03700595414541347
XRP,2023-04-14 07:00:00+00:00,2023-04-14 07:00:00+00:00,2023-04-16 07:00:00+00:00,1,0.5348,0.506258452316292,29.07634768370809,0.5192,tempo,-0.5465716215839533,-0.5705752252985152,192,48.0,0.02854154768370809
XRP,2023-04-26 17:00:00+00:00,2023-04-26 17:00:00+00:00,2023-04-26 19:45:00+00:00,1,0.4769,0.45036054394415814,27.016356055841847,0.45036054394415814,stop,-1.0,-1.0227103129881605,11,2.75,0.026539456055841848
XRP,2023-04-28 05:00:00+00:00,2023-04-28 05:00:00+00:00,2023-04-30 05:00:00+00:00,1,0.4738,0.4451112019432087,29.16259805679131,0.4752,tempo,0.04879953482988806,0.02729811121573364,192,48.0,0.02868879805679131
XRP,2023-05-02 06:00:00+00:00,2023-05-02 06:00:00+00:00,2023-05-04 06:00:00+00:00,-1,0.4643,0.48855193078715503,-23.787630787155038,0.4637,tempo,0.024740298216494067,-0.00013194825715507133,192,48.0,0.02425193078715504
XRP,2023-05-05 00:00:00+00:00,2023-05-05 00:00:00+00:00,2023-05-07 00:00:00+00:00,-1,0.4606,0.48250139974540196,-21.44079974540195,0.4579,tempo,0.12327979176613506,0.09602011855162551,192,48.0,0.02190139974540195
XRP,2023-05-10 03:00:00+00:00,2023-05-10 03:00:00+00:00,2023-05-10 17:30:00+00:00,1,0.4315,0.4121761352754124,19.75536472458758,0.4121761352754124,stop,-1.0,-1.0283788722258675,58,14.5,0.01932386472458758
XRP,2023-05-12 06:00:00+00:00,2023-05-12 06:00:00+00:00,2023-05-14 06:00:00+00:00,1,0.4305,0.4089883196412627,21.942180358737293,0.426,tempo,-0.2091886791248393,-0.2350688052105673,192,48.0,0.021511680358737295
XRP,2023-05-16 15:00:00+00:00,2023-05-16 15:00:00+00:00,2023-05-16 23:30:00+00:00,-1,0.4212,0.43939115210084645,-17.76995210084643,0.43939115210084645,stop,-1.0,-1.0307503475186446,34,8.5,0.01819115210084643
XRP,2023-05-17 00:00:00+00:00,2023-05-17 00:00:00+00:00,2023-05-19 00:00:00+00:00,1,0.4424,0.42268609841332855,20.156301586671468,0.4595,tempo,0.8674082055660297,0.8376710681748015,192,48.0,0.019713901586671467
XRP,2023-05-19 00:00:00+00:00,2023-05-19 00:00:00+00:00,2023-05-21 00:00:00+00:00,1,0.4595,0.4356598659499547,24.299634050045313,0.4684,tempo,0.3733200485079926,0.34802090384991746,192,48.0,0.023840134050045314
XRP,2023-05-26 22:00:00+00:00,2023-05-26 22:00:00+00:00,2023-05-28 22:00:00+00:00,1,0.4678,0.4484575731615811,19.810226838418913,0.4819,tempo,0.7289674722715695,0.6970529144367752,192,48.0,0.019342426838418914
XRP,2023-05-30 17:00:00+00:00,2023-05-30 17:00:00+00:00,2023-06-01 17:00:00+00:00,1,0.5185,0.497337163500676,21.681336499323933,0.5065,tempo,-0.5670317398323879,-0.5985138145543318,192,48.0,0.021162836499323934
XRP,2023-06-02 19:00:00+00:00,2023-06-02 19:00:00+00:00,2023-06-04 19:00:00+00:00,1,0.5245,0.5021524754046724,22.872024595327517,0.5351,tempo,0.47432546521131613,0.44350594437078406,192,48.0,0.022347524595327517
XRP,2023-06-04 19:00:00+00:00,2023-06-04 19:00:00+00:00,2023-06-05 15:30:00+00:00,1,0.535,0.513575299177595,21.959700822404997,0.513575299177595,stop,-1.0,-1.0318125303179346,82,20.5,0.021424700822404996
XRP,2023-06-07 12:00:00+00:00,2023-06-07 12:00:00+00:00,2023-06-09 12:00:00+00:00,1,0.5329,0.5056836787392393,27.74922126076079,0.5288,tempo,-0.1506449001949128,-0.1760011925971105,192,48.0,0.02721632126076079
XRP,2023-06-09 14:00:00+00:00,2023-06-09 14:00:00+00:00,2023-06-10 04:30:00+00:00,1,0.5358,0.5091500039772899,27.18579602271012,0.5091500039772899,stop,-1.0,-1.0254865892665213,58,14.5,0.02664999602271012
XRP,2023-06-13 12:00:00+00:00,2023-06-13 12:00:00+00:00,2023-06-13 12:45:00+00:00,1,0.5613,0.5277892217753887,34.07207822461135,0.5277892217753887,stop,-1.0,-1.0211247852678662,3,0.75,0.03351077822461135
XRP,2023-06-13 13:00:00+00:00,2023-06-13 13:00:00+00:00,2023-06-14 08:00:00+00:00,1,0.5358,0.5017846504456205,34.55114955437957,0.5017846504456205,stop,-1.0,-1.019827225991356,76,19.0,0.03401534955437957
XRP,2023-07-13 16:00:00+00:00,2023-07-13 16:00:00+00:00,2023-07-15 16:00:00+00:00,1,0.5919,0.5259518542536668,66.54004574633322,0.723,tempo,1.9879254907980375,1.9749655358163234,192,48.0,0.06594814574633323
XRP,2023-07-15 21:00:00+00:00,2023-07-15 21:00:00+00:00,2023-07-17 21:00:00+00:00,1,0.717,0.6126287901059959,105.08820989400405,0.7343,tempo,0.1657545219373167,0.15671615780454456,192,48.0,0.10437120989400406
XRP,2023-07-18 17:00:00+00:00,2023-07-18 17:00:00+00:00,2023-07-20 17:00:00+00:00,1,0.7489,0.650810673204854,98.83822679514604,0.7935,tempo,0.4546875940248273,0.44446670626102613,192,48.0,0.09808932679514604
XRP,2023-07-25 10:00:00+00:00,2023-07-25 10:00:00+00:00,2023-07-27 10:00:00+00:00,-1,0.6902,0.7619185688840684,-71.02836888406836,0.7169,tempo,-0.3722885218632843,-0.3850413558117483,192,48.0,0.07171856888406836
XRP,2023-07-27 23:00:00+00:00,2023-07-27 23:00:00+00:00,2023-07-29 23:00:00+00:00,-1,0.7136,0.7809889459173208,-66.67534591732081,0.7125,tempo,0.016323151891254908,0.002567705988639233,192,48.0,0.06738894591732081
XRP,2023-08-01 23:00:00+00:00,2023-08-01 23:00:00+00:00,2023-08-03 23:00:00+00:00,1,0.7033,0.6492469174270571,54.75638257294295,0.6665,tempo,-0.6808122358302064,-0.6972843768741233,192,48.0,0.054053082572942945
XRP,2023-08-04 09:00:00+00:00,2023-08-04 09:00:00+00:00,2023-08-06 09:00:00+00:00,-1,0.6598,0.7061304678364619,-45.67066783646189,0.6346,tempo,0.5439185308672343,0.525758558838248,192,48.0,0.046330467836461886
XRP,2023-08-07 12:00:00+00:00,2023-08-07 12:00:00+00:00,2023-08-09 12:00:00+00:00,-1,0.6197,0.6599115812686666,-39.591881268666526,0.6448,tempo,-0.6241982833825614,-0.6446382903175898,192,48.0,0.04021158126866653
XRP,2023-08-10 18:00:00+00:00,2023-08-10 18:00:00+00:00,2023-08-12 18:00:00+00:00,-1,0.631,0.6699238677466106,-38.29286774661061,0.6293,tempo,0.043675001956815215,0.022628917705043154,192,48.0,0.03892386774661061
XRP,2023-08-19 18:00:00+00:00,2023-08-19 18:00:00+00:00,2023-08-21 18:00:00+00:00,1,0.519,0.4711525786567093,48.36642134329073,0.5161,tempo,-0.06060932686828395,-0.07467100419824405,192,48.0,0.04784742134329073
XRP,2023-08-27 08:00:00+00:00,2023-08-27 08:00:00+00:00,2023-08-29 08:00:00+00:00,1,0.527,0.4905378552437041,36.98914475629594,0.5162,tempo,-0.29619760637188486,-0.3147944279393522,192,48.0,0.036462144756295944
XRP,2023-09-03 20:00:00+00:00,2023-09-03 20:00:00+00:00,2023-09-05 20:00:00+00:00,1,0.5058,0.4781566915140859,28.14910848591412,0.5023,tempo,-0.12661291978793035,-0.15031720975502658,192,48.0,0.02764330848591412
XRP,2023-09-07 20:00:00+00:00,2023-09-07 20:00:00+00:00,2023-09-09 20:00:00+00:00,1,0.5008,0.4773947062822599,23.90609371774014,0.5035,tempo,0.11535851814384404,0.08746760560617264,192,48.0,0.02340529371774014
XRP,2023-09-14 08:00:00+00:00,2023-09-14 08:00:00+00:00,2023-09-16 08:00:00+00:00,1,0.481,0.46191047909213806,19.570520907861926,0.4989,tempo,0.9376872309366341,0.904321542867549,192,48.0,0.019089520907861923
XRP,2023-09-18 12:00:00+00:00,2023-09-18 12:00:00+00:00,2023-09-20 12:00:00+00:00,1,0.5015,0.48309918467428536,18.902315325714582,0.5153,tempo,0.7499667680874419,0.7140487944378513,192,48.0,0.01840081532571458
XRP,2023-09-21 13:00:00+00:00,2023-09-21 13:00:00+00:00,2023-09-23 13:00:00+00:00,-1,0.5052,0.5238174771940188,-18.11227719401885,0.5108,tempo,-0.3007926338053544,-0.336264679406257,192,48.0,0.01861747719401885
XRP,2023-09-26 17:00:00+00:00,2023-09-26 17:00:00+00:00,2023-09-28 17:00:00+00:00,1,0.5029,0.4864868071148181,16.916092885181893,0.5077,tempo,0.29244766899276176,0.25242559622512545,192,48.0,0.016413192885181893
XRP,2023-09-28 17:00:00+00:00,2023-09-28 17:00:00+00:00,2023-09-30 17:00:00+00:00,1,0.5076,0.49148129348726255,16.626306512737504,0.5179,tempo,0.639009091198515,0.5976549664445683,192,48.0,0.016118706512737502
XRP,2023-10-01 00:00:00+00:00,2023-10-01 00:00:00+00:00,2023-10-03 00:00:00+00:00,-1,0.5147,0.5347149638634153,-19.50026386341528,0.5119,tempo,0.13989533126852435,0.10655577569631977,192,48.0,0.02001496386341528
XRP,2023-10-04 00:00:00+00:00,2023-10-04 00:00:00+00:00,2023-10-05 15:45:00+00:00,1,0.5387,0.5168397806512692,22.398919348730722,0.5168397806512692,stop,-1.0,-1.0313858176113482,159,39.75,0.021860219348730725
XRP,2023-10-19 22:00:00+00:00,2023-10-19 22:00:00+00:00,2023-10-21 22:00:00+00:00,1,0.5057,0.48927234953415516,16.933350465844878,0.5228,tempo,1.0409279181799627,1.0002328107822283,192,48.0,0.01642765046584488
XRP,2023-10-23 08:00:00+00:00,2023-10-23 08:00:00+00:00,2023-10-25 08:00:00+00:00,1,0.5237,0.5061056333998746,18.118066600125477,0.5439,tempo,1.1480947543662035,1.1086537210075458,192,48.0,0.017594366600125477
XRP,2023-10-29 13:00:00+00:00,2023-10-29 13:00:00+00:00,2023-10-31 13:00:00+00:00,1,0.5556,0.5324479639082914,23.707636091708572,0.6,tempo,1.9177578949914018,1.8853140962246486,192,48.0,0.023152036091708572
XRP,2023-11-05 13:00:00+00:00,2023-11-05 13:00:00+00:00,2023-11-07 13:00:00+00:00,1,0.6413,0.6126574329176432,29.283867082356796,0.6875,tempo,1.6129839154137209,1.582828797071272,192,48.0,0.028642567082356796
XRP,2023-11-09 12:00:00+00:00,2023-11-09 12:00:00+00:00,2023-11-09 16:15:00+00:00,1,0.6955,0.6585167117732719,37.678788226728145,0.6585167117732719,stop,-1.0,-1.0237975286907173,17,4.25,0.03698328822672814
XRP,2023-11-10 17:00:00+00:00,2023-11-10 17:00:00+00:00,2023-11-12 17:00:00+00:00,1,0.6574,0.6183683016383427,39.68909836165732,0.6622,tempo,0.1229769700391847,0.10100149789722435,192,48.0,0.03903169836165732
XRP,2023-11-13 14:00:00+00:00,2023-11-13 14:00:00+00:00,2023-11-13 21:00:00+00:00,-1,0.6506,0.6864315506530037,-35.1809506530037,0.6864315506530037,stop,-1.0,-1.024254337088021,28,7.0,0.035831550653003696
XRP,2023-11-13 21:00:00+00:00,2023-11-13 21:00:00+00:00,2023-11-13 21:30:00+00:00,1,0.7128,0.6638859194684247,49.62688053157531,0.6638859194684247,stop,-1.0,-1.018294238344659,2,0.5,0.04891408053157531
XRP,2023-11-13 22:00:00+00:00,2023-11-13 22:00:00+00:00,2023-11-15 22:00:00+00:00,-1,0.6552,0.7070577823523646,-51.2025823523646,0.6445,tempo,0.2063335436771169,0.1900427390634584,192,48.0,0.0518577823523646
XRP,2023-12-06 04:00:00+00:00,2023-12-06 04:00:00+00:00,2023-12-08 04:00:00+00:00,1,0.6229,0.5956262905146061,27.896609485393874,0.6473,tempo,0.8946344468861899,0.8643624371164094,192,48.0,0.02727370948539387
XRP,2023-12-15 02:00:00+00:00,2023-12-15 02:00:00+00:00,2023-12-17 02:00:00+00:00,1,0.6408,0.6086954565483262,32.74534345167379,0.6213,tempo,-0.6073906651048615,-0.6329435903858229,192,48.0,0.032104543451673795
XRP,2023-12-21 21:00:00+00:00,2023-12-21 21:00:00+00:00,2023-12-23 21:00:00+00:00,1,0.6229,0.5966545851166072,26.868314883392827,0.6183,tempo,-0.17526870961795185,-0.20600855517133657,192,48.0,0.026245414883392826
XRP,2023-12-24 03:00:00+00:00,2023-12-24 03:00:00+00:00,2023-12-26 03:00:00+00:00,1,0.6229,0.5983839772149981,25.138922785001867,0.6361,tempo,0.5384233860345136,0.5050431755828966,192,48.0,0.024516022785001867
XRP,2023-12-27 07:00:00+00:00,2023-12-27 07:00:00+00:00,2023-12-29 07:00:00+00:00,1,0.6223,0.5962999489648207,26.622351035179218,0.6312,tempo,0.34230702039614946,0.3109695819081414,192,48.0,0.026000051035179217
XRP,2024-01-02 10:00:00+00:00,2024-01-02 10:00:00+00:00,2024-01-03 12:00:00+00:00,1,0.6386,0.6137845461247163,25.45405387528361,0.6137845461247163,stop,-1.0,-1.0328041533744368,104,26.0,0.02481545387528361
XRP,2024-01-09 19:00:00+00:00,2024-01-09 19:00:00+00:00,2024-01-10 22:15:00+00:00,-1,0.5695,0.6038056069699037,-33.7361069699037,0.6038056069699037,stop,-1.0,-1.0222310202877187,109,27.25,0.0343056069699037
XRP,2024-01-10 23:00:00+00:00,2024-01-10 23:00:00+00:00,2024-01-12 17:30:00+00:00,1,0.6078,0.569220070570206,39.18772942979405,0.569220070570206,stop,-1.0,-1.0198305973385167,170,42.5,0.038579929429794046
XRP,2024-01-30 19:00:00+00:00,2024-01-30 19:00:00+00:00,2024-02-01 19:00:00+00:00,-1,0.5226,0.5430384425885207,-19.91584258852079,0.5048,tempo,0.8709078454929469,0.8382336337907756,192,48.0,0.02043844258852079
XRP,2024-02-01 19:00:00+00:00,2024-02-01 19:00:00+00:00,2024-02-03 10:30:00+00:00,-1,0.5048,0.5245784458636683,-19.273645863668282,0.5245784458636683,stop,-1.0,-1.033829553364477,158,39.5,0.01977844586366828
XRP,2024-02-13 07:00:00+00:00,2024-02-13 07:00:00+00:00,2024-02-15 07:00:00+00:00,1,0.529,0.5121649920332646,17.364007966735425,0.5463,tempo,1.0276205413257504,0.9861031864554078,192,48.0,0.016835007966735427
XRP,2024-02-19 07:00:00+00:00,2024-02-19 07:00:00+00:00,2024-02-20 15:30:00+00:00,1,0.5607,0.540848705586557,20.411994413443022,0.540848705586557,stop,-1.0,-1.0360685123961686,130,32.5,0.01985129441344302
XRP,2024-02-26 05:00:00+00:00,2024-02-26 05:00:00+00:00,2024-02-27 02:45:00+00:00,-1,0.5396,0.5589835251657189,-18.84392516571895,0.5589835251657189,stop,-1.0,-1.0368394956672078,87,21.75,0.01938352516571895
XRP,2024-02-27 19:00:00+00:00,2024-02-27 19:00:00+00:00,2024-02-28 17:45:00+00:00,1,0.5796,0.5576257901519701,22.55380984802989,0.5576257901519701,stop,-1.0,-1.033639287542576,91,22.75,0.02197420984802989
XRP,2024-02-29 19:00:00+00:00,2024-02-29 19:00:00+00:00,2024-03-02 19:00:00+00:00,1,0.6053,0.5744480949274969,31.457205072503015,0.6338,tempo,0.9237679142673401,0.8976620709455987,192,48.0,0.030851905072503016
XRP,2024-03-02 19:00:00+00:00,2024-03-02 19:00:00+00:00,2024-03-03 07:30:00+00:00,1,0.6338,0.6001131817897614,34.32061821023867,0.6001131817897614,stop,-1.0,-1.023808825254965,50,12.5,0.03368681821023867
XRP,2024-03-05 01:00:00+00:00,2024-03-05 01:00:00+00:00,2024-03-05 16:15:00+00:00,1,0.6554,0.6176661616502157,38.38923834978428,0.6176661616502157,stop,-1.0,-1.02192973313242,61,15.25,0.03773383834978428
XRP,2024-03-07 01:00:00+00:00,2024-03-07 01:00:00+00:00,2024-03-09 01:00:00+00:00,1,0.6157,0.5718511026731047,44.46459732689534,0.6242,tempo,0.1938475199645752,0.17546769631720452,192,48.0,0.04384889732689534
XRP,2024-03-11 16:00:00+00:00,2024-03-11 16:00:00+00:00,2024-03-13 16:00:00+00:00,1,0.6938,0.6372136692755815,57.280130724418434,0.6776,tempo,-0.28628822177737145,-0.3020413195412336,192,48.0,0.05658633072441843
XRP,2024-03-25 20:00:00+00:00,2024-03-25 20:00:00+00:00,2024-03-27 14:15:00+00:00,1,0.6559,0.6097530955545568,46.80280444544323,0.6097530955545568,stop,-1.0,-1.0178272957199774,169,42.25,0.046146904445443226
XRP,2024-04-04 14:00:00+00:00,2024-04-04 14:00:00+00:00,2024-04-06 14:00:00+00:00,1,0.5965,0.5619219817241544,35.174518275845614,0.5875,tempo,-0.2602809660230568,-0.28253788062876173,192,48.0,0.03457801827584561
XRP,2024-04-09 13:00:00+00:00,2024-04-09 13:00:00+00:00,2024-04-10 12:45:00+00:00,1,0.6308,0.5984903721218444,32.94042787815561,0.5984903721218444,stop,-1.0,-1.024730669907202,95,23.75,0.03230962787815561
XRP,2024-04-15 12:00:00+00:00,2024-04-15 12:00:00+00:00,2024-04-17 12:00:00+00:00,1,0.5111,0.45962876954290244,51.98233045709756,0.4873,tempo,-0.46239423049809986,-0.47500243889406824,192,48.0,0.05147123045709756
XRP,2024-04-18 21:00:00+00:00,2024-04-18 21:00:00+00:00,2024-04-20 21:00:00+00:00,1,0.5015,0.455884300134671,46.11719986532893,0.5283,tempo,0.5875170189018604,0.5728429044637134,192,48.0,0.04561569986532893
XRP,2024-04-22 19:00:00+00:00,2024-04-22 19:00:00+00:00,2024-04-24 19:00:00+00:00,1,0.5475,0.5034378252555892,44.60967474441077,0.534,tempo,-0.3063852403633894,-0.32233940068520084,192,48.0,0.044062174744410765
XRP,2024-04-26 09:00:00+00:00,2024-04-26 09:00:00+00:00,2024-04-28 09:00:00+00:00,1,0.525,0.48755393843033684,37.97106156966318,0.5214,tempo,-0.09613828127966807,-0.11430200722277312,192,48.0,0.03744606156966318
XRP,2024-05-02 08:00:00+00:00,2024-05-02 08:00:00+00:00,2024-05-04 08:00:00+00:00,1,0.5135,0.4825903247608215,31.42317523917848,0.5275,tempo,0.452932613871491,0.43104141007319496,192,48.0,0.03090967523917848
XRP,2024-05-06 07:00:00+00:00,2024-05-06 07:00:00+00:00,2024-05-08 07:00:00+00:00,1,0.5339,0.506360670519725,28.073229480275042,0.5193,tempo,-0.5301508887664553,-0.5550091555768484,192,48.0,0.027539329480275043
XRP,2024-05-10 10:00:00+00:00,2024-05-10 10:00:00+00:00,2024-05-12 10:00:00+00:00,1,0.5157,0.4892668058857006,26.948894114299453,0.5047,tempo,-0.4161434275568455,-0.4412353629896958,192,48.0,0.026433194114299452
XRP,2024-05-17 12:00:00+00:00,2024-05-17 12:00:00+00:00,2024-05-19 12:00:00+00:00,1,0.5203,0.49867119265427196,22.149107345728027,0.5174,tempo,-0.1340804397415284,-0.16526593181320398,192,48.0,0.02162880734572803
XRP,2024-05-20 23:00:00+00:00,2024-05-20 23:00:00+00:00,2024-05-22 23:00:00+00:00,1,0.5348,0.5141103217087232,21.22447829127688,0.5271,tempo,-0.3721662508037397,-0.40552757185874205,192,48.0,0.02068967829127688
XRP,2024-05-25 05:00:00+00:00,2024-05-25 05:00:00+00:00,2024-05-27 05:00:00+00:00,1,0.5376,0.5163312570335444,21.806342966455535,0.5307,tempo,-0.3244197370235986,-0.35706835199323644,192,48.0,0.021268742966455534
XRP,2024-06-04 20:00:00+00:00,2024-06-04 20:00:00+00:00,2024-06-06 20:00:00+00:00,1,0.5275,0.5114095584384767,16.617941561523285,0.5204,tempo,-0.44125575875916717,-0.4835874124552834,192,48.0,0.016090441561523283
XRP,2024-06-14 14:00:00+00:00,2024-06-14 14:00:00+00:00,2024-06-15 19:30:00+00:00,-1,0.4792,0.49612712250021945,-16.44792250021944,0.49612712250021945,stop,-1.0,-1.037452474844258,118,29.5,0.016927122500219438
XRP,2024-06-15 20:00:00+00:00,2024-06-15 20:00:00+00:00,2024-06-17 20:00:00+00:00,1,0.494,0.47655754711122034,17.93645288877966,0.5178,tempo,1.364486987682223,1.3267818550272243,192,48.0,0.017442452888779658
XRP,2024-06-17 20:00:00+00:00,2024-06-17 20:00:00+00:00,2024-06-18 01:30:00+00:00,1,0.5177,0.4976937134316943,20.523986568305777,0.4976937134316943,stop,-1.0,-1.0329899260153652,22,5.5,0.020006286568305776
XRP,2024-06-21 22:00:00+00:00,2024-06-21 22:00:00+00:00,2024-06-23 22:00:00+00:00,-1,0.4859,0.5072612259623198,-20.875325962319817,0.4811,tempo,0.22470620405715203,0.19528139477379292,192,48.0,0.02136122596231982
XRP,2024-06-25 18:00:00+00:00,2024-06-25 18:00:00+00:00,2024-06-27 18:00:00+00:00,1,0.476,0.45717945527355597,19.29654472644401,0.4738,tempo,-0.11689353480342393,-0.14969651734051054,192,48.0,0.01882054472644401
XRP,2024-07-01 12:00:00+00:00,2024-07-01 12:00:00+00:00,2024-07-03 12:00:00+00:00,1,0.4795,0.46388802925897354,16.091470741026438,0.4823,tempo,0.1793495546748593,0.13930528285483046,192,48.0,0.015611970741026437
XRP,2024-07-12 12:00:00+00:00,2024-07-12 12:00:00+00:00,2024-07-14 12:00:00+00:00,1,0.4711,0.44758882789116883,23.98227210883119,0.528,tempo,2.420126046315973,2.3925044969949134,192,48.0,0.02351117210883119
XRP,2024-07-16 16:00:00+00:00,2024-07-16 16:00:00+00:00,2024-07-18 16:00:00+00:00,1,0.5845,0.5477823051587519,37.302194841248095,0.5626,tempo,-0.5964426714336627,-0.6167493656099645,192,48.0,0.036717694841248094
XRP,2024-07-18 16:00:00+00:00,2024-07-18 16:00:00+00:00,2024-07-20 07:00:00+00:00,-1,0.5627,0.6020961309422198,-38.833430942219834,0.6020961309422198,stop,-1.0,-1.019218067028533,156,39.0,0.03939613094221983
XRP,2024-07-22 12:00:00+00:00,2024-07-22 12:00:00+00:00,2024-07-24 12:00:00+00:00,1,0.6108,0.5694111974221191,41.99960257788091,0.6284,tempo,0.42523578610137847,0.40577448377246145,192,48.0,0.04138880257788091
XRP,2024-07-24 12:00:00+00:00,2024-07-24 12:00:00+00:00,2024-07-25 20:15:00+00:00,1,0.6283,0.5858935577049582,43.03474229504176,0.5858935577049582,stop,-1.0,-1.018610988562002,129,32.25,0.04240644229504176
XRP,2024-07-30 11:00:00+00:00,2024-07-30 11:00:00+00:00,2024-08-01 11:00:00+00:00,1,0.6235,0.5856347461140478,38.4887538859523,0.6088,tempo,-0.38821870953976695,-0.4093725357471006,192,48.0,0.0378652538859523
XRP,2024-08-07 20:00:00+00:00,2024-08-07 20:00:00+00:00,2024-08-09 20:00:00+00:00,1,0.5329,0.4862073337829601,47.22556621703993,0.5807,tempo,1.0237153684437903,1.0082131481029042,192,48.0,0.046692666217039935
XRP,2024-08-18 13:00:00+00:00,2024-08-18 13:00:00+00:00,2024-08-20 13:00:00+00:00,1,0.5733,0.5305299276603435,43.343372339656575,0.6051,tempo,0.7435105497942976,0.7256017654949127,192,48.0,0.04277007233965657
XRP,2024-08-20 13:00:00+00:00,2024-08-20 13:00:00+00:00,2024-08-22 13:00:00+00:00,1,0.6051,0.5625236484925217,43.18145150747829,0.5974,tempo,-0.18085156964770616,-0.1992097655082113,192,48.0,0.042576351507478294
XRP,2024-08-24 15:00:00+00:00,2024-08-24 15:00:00+00:00,2024-08-26 12:45:00+00:00,1,0.6246,0.586729659080872,38.494940919128,0.586729659080872,stop,-1.0,-1.0207910533492155,183,45.75,0.037870340919128
XRP,2024-09-12 13:00:00+00:00,2024-09-12 13:00:00+00:00,2024-09-14 13:00:00+00:00,1,0.5767,0.5462798319001178,30.99686809988224,0.5852,tempo,0.2794198892028137,0.25459310331786245,192,48.0,0.03042016809988224
XRP,2024-09-14 20:00:00+00:00,2024-09-14 20:00:00+00:00,2024-09-16 02:00:00+00:00,1,0.5909,0.5610074400937688,30.483459906231186,0.5610074400937688,stop,-1.0,-1.0250476987721908,120,30.0,0.029892559906231186
XRP,2024-09-17 09:00:00+00:00,2024-09-17 09:00:00+00:00,2024-09-19 09:00:00+00:00,1,0.5848,0.5562955091196617,29.08929088033824,0.5814,tempo,-0.1192794501846445,-0.1458728036033113,192,48.0,0.02850449088033824
XRP,2024-09-19 11:00:00+00:00,2024-09-19 11:00:00+00:00,2024-09-21 11:00:00+00:00,1,0.5837,0.5565624368037246,27.72126319627536,0.5833,tempo,-0.014739716941676476,-0.04269174765695128,192,48.0,0.02713756319627536
XRP,2024-09-21 18:00:00+00:00,2024-09-21 18:00:00+00:00,2024-09-23 18:00:00+00:00,1,0.6031,0.5756162894691683,28.086810530831652,0.5857,tempo,-0.6331022872796008,-0.661217850465043,192,48.0,0.02748371053083165
XRP,2024-09-28 08:00:00+00:00,2024-09-28 08:00:00+00:00,2024-09-30 08:00:00+00:00,1,0.6076,0.5826243143960849,25.58328560391517,0.6451,tempo,1.5014602840020341,1.4688583761740321,192,48.0,0.024975685603915165
XRP,2024-09-30 08:00:00+00:00,2024-09-30 08:00:00+00:00,2024-09-30 23:15:00+00:00,1,0.6451,0.6155754115400124,30.169688459987622,0.6155754115400124,stop,-1.0,-1.0277544602733932,61,15.25,0.029524588459987622
XRP,2024-10-30 14:00:00+00:00,2024-10-30 14:00:00+00:00,2024-11-01 14:00:00+00:00,-1,0.5239,0.5411938261856376,-16.769926185637573,0.5197,tempo,0.2428612358488984,0.2036368332951502,192,48.0,0.017293826185637573
XRP,2024-11-07 04:00:00+00:00,2024-11-07 04:00:00+00:00,2024-11-09 04:00:00+00:00,1,0.5601,0.5394203997584963,21.239700241503726,0.5466,tempo,-0.6528172615689988,-0.6876029920279592,192,48.0,0.020679600241503726
XRP,2024-11-09 09:00:00+00:00,2024-11-09 09:00:00+00:00,2024-11-11 09:00:00+00:00,1,0.5543,0.5343522800787569,20.502019921243114,0.5814,tempo,1.3585512583390624,1.3215442719308637,192,48.0,0.019947719921243112
XRP,2024-11-11 22:00:00+00:00,2024-11-11 22:00:00+00:00,2024-11-13 22:00:00+00:00,1,0.615,0.5851223368833397,30.49266311666029,0.6823,tempo,2.252518871279207,2.224295613097753,192,48.0,0.02987766311666029
XRP,2024-11-14 18:00:00+00:00,2024-11-14 18:00:00+00:00,2024-11-16 18:00:00+00:00,1,0.7666,0.6964525184778461,70.91408152215388,1.1253,tempo,5.113512163465424,5.095981455686391,192,48.0,0.07014748152215389
XRP,2024-11-18 17:00:00+00:00,2024-11-18 17:00:00+00:00,2024-11-20 17:00:00+00:00,1,1.1328,0.9830596813161683,150.87311868383176,1.0956,tempo,-0.24843008434185201,-0.25810323057749174,192,48.0,0.14974031868383175
XRP,2024-11-21 19:00:00+00:00,2024-11-21 19:00:00+00:00,2024-11-23 19:00:00+00:00,1,1.2092,1.0592453881158124,151.16381188418768,1.4975,tempo,1.9225817490872414,1.9108491656215274,192,48.0,0.14995461188418768
XRP,2024-11-27 20:00:00+00:00,2024-11-27 20:00:00+00:00,2024-11-29 20:00:00+00:00,1,1.4854,1.2933965603985293,193.48883960147072,1.727,tempo,1.2583107912101665,1.2474356735334517,192,48.0,0.1920034396014707
XRP,2024-11-29 20:00:00+00:00,2024-11-29 20:00:00+00:00,2024-12-01 20:00:00+00:00,1,1.727,1.5145059546220971,214.22104537790295,2.126,tempo,1.8776996752563657,1.8659136979338198,192,48.0,0.21249404537790295
XRP,2024-12-02 06:00:00+00:00,2024-12-02 06:00:00+00:00,2024-12-04 06:00:00+00:00,1,2.4623,2.1471720880785283,317.5902119214716,2.617,tempo,0.490911766770284,0.4804349258587029,192,48.0,0.3151279119214716
XRP,2024-12-05 02:00:00+00:00,2024-12-05 02:00:00+00:00,2024-12-07 02:00:00+00:00,-1,2.2377,2.583320297364485,-343.38259736448526,2.462,tempo,-0.648978088701363,-0.6578167044403526,192,48.0,0.3456202973644853
XRP,2024-12-30 11:00:00+00:00,2024-12-30 11:00:00+00:00,2025-01-01 11:00:00+00:00,-1,2.0677,2.2615162029720226,-191.74850297202272,2.1085,tempo,-0.2105087158574116,-0.22451440763330424,192,48.0,0.19381620297202273
XRP,2025-01-01 20:00:00+00:00,2025-01-01 20:00:00+00:00,2025-01-03 20:00:00+00:00,1,2.317,2.1059995301244507,213.31746987554945,2.4731,tempo,0.739808779061343,0.7250525796944107,192,48.0,0.21100046987554943
XRP,2025-01-07 10:00:00+00:00,2025-01-07 10:00:00+00:00,2025-01-07 19:45:00+00:00,1,2.4481,2.2640171370461677,186.53096295383247,2.2640171370461677,stop,-1.0,-1.0166385729227179,39,9.75,0.18408286295383247
XRP,2025-01-11 11:00:00+00:00,2025-01-11 11:00:00+00:00,2025-01-13 11:00:00+00:00,1,2.3862,2.211244382375095,177.3418176249052,2.424,tempo,0.21605479442815528,0.19818380495982443,192,48.0,0.1749556176249052
XRP,2025-01-14 15:00:00+00:00,2025-01-14 15:00:00+00:00,2025-01-16 15:00:00+00:00,1,2.5712,2.3822906200355547,191.48057996444547,3.2188,tempo,3.4280987006674004,3.4081764501115606,192,48.0,0.18890937996444546
XRP,2025-01-16 15:00:00+00:00,2025-01-16 15:00:00+00:00,2025-01-18 15:00:00+00:00,1,3.2189,2.9373131395077112,284.80576049228887,3.199,tempo,-0.0706709111540565,-0.08548564715667704,192,48.0,0.28158686049228887
XRP,2025-01-22 20:00:00+00:00,2025-01-22 20:00:00+00:00,2025-01-24 20:00:00+00:00,1,3.2247,2.9295322149873475,298.3924850126524,3.1406,tempo,-0.28492269234732,-0.2989399571373195,192,48.0,0.2951677850126524
XRP,2025-02-03 01:00:00+00:00,2025-02-03 01:00:00+00:00,2025-02-03 16:30:00+00:00,-1,2.3939,2.606789420212229,-210.4955202122291,2.606789420212229,stop,-1.0,-1.0152682463971088,62,15.5,0.21288942021222912
XRP,2025-02-06 16:00:00+00:00,2025-02-06 16:00:00+00:00,2025-02-08 16:00:00+00:00,-1,2.3145,2.5981817307095123,-281.3672307095125,2.39,tempo,-0.2661433283390098,-0.276922750025249,192,48.0,0.2836817307095125
XRP,2025-02-11 09:00:00+00:00,2025-02-11 09:00:00+00:00,2025-02-13 09:00:00+00:00,1,2.5027,2.231652978057095,273.5497219429051,2.429,tempo,-0.27190853997106335,-0.2837352886179282,192,48.0,0.2710470219429051
XRP,2025-02-14 10:00:00+00:00,2025-02-14 10:00:00+00:00,2025-02-16 10:00:00+00:00,1,2.7541,2.4809233717325703,275.9307282674299,2.7596,tempo,0.020133493977439815,0.00701412493503591,192,48.0,0.27317662826742994
XRP,2025-02-22 17:00:00+00:00,2025-02-22 17:00:00+00:00,2025-02-24 17:00:00+00:00,-1,2.586,2.7896554423802424,-201.06944238024258,2.4399,tempo,0.7173881448609567,0.7013471544419502,192,48.0,0.20365544238024258
XRP,2025-02-25 00:00:00+00:00,2025-02-25 00:00:00+00:00,2025-02-27 00:00:00+00:00,-1,2.2769,2.4541103161147166,-174.9334161147167,2.1971,tempo,0.4503123844570185,0.4339019402810855,192,48.0,0.17721031611471671
XRP,2025-02-27 06:00:00+00:00,2025-02-27 06:00:00+00:00,2025-03-01 06:00:00+00:00,-1,2.2154,2.40407863811867,-186.46323811867026,2.1852,tempo,0.16006051507010222,0.14490039928528853,192,48.0,0.18867863811867025
XRP,2025-03-02 16:00:00+00:00,2025-03-02 16:00:00+00:00,2025-03-03 22:00:00+00:00,1,2.5973,2.312503286697247,287.39401330275336,2.312503286697247,stop,-1.0,-1.0112057899100844,120,30.0,0.28479671330275336
XRP,2025-03-06 20:00:00+00:00,2025-03-06 20:00:00+00:00,2025-03-08 20:00:00+00:00,1,2.583,2.273581769458854,312.0012305411462,2.3542,tempo,-0.7394522281374578,-0.7498238859237085,192,48.0,0.30941823054114614
XRP,2025-03-09 14:00:00+00:00,2025-03-09 14:00:00+00:00,2025-03-11 14:00:00+00:00,-1,2.1677,2.4182094050610523,-248.34170506105235,2.1127,tempo,0.21955263510603906,0.20844622575058222,192,48.0,0.25050940506105235
XRP,2025-03-13 10:00:00+00:00,2025-03-13 10:00:00+00:00,2025-03-15 10:00:00+00:00,1,2.2792,2.0238552058163872,257.62399418361264,2.4099,tempo,0.511856920435263,0.49992045229717236,192,48.0,0.25534479418361267
XRP,2025-03-18 07:00:00+00:00,2025-03-18 07:00:00+00:00,2025-03-19 13:15:00+00:00,-1,2.2511,2.46315491404889,-209.8038140488901,2.46315491404889,stop,-1.0,-1.0144503404124146,121,30.25,0.2120549140488901
XRP,2025-03-19 14:00:00+00:00,2025-03-19 14:00:00+00:00,2025-03-21 14:00:00+00:00,1,2.5208,2.275051838869044,248.268961130956,2.3812,tempo,-0.568061219085211,-0.5810269315663802,192,48.0,0.245748161130956
XRP,2025-03-28 15:00:00+00:00,2025-03-28 15:00:00+00:00,2025-03-30 15:00:00+00:00,-1,2.1973,2.351081725151585,-151.58442515158538,2.1425,tempo,0.3563492342538257,0.33800589731167985,192,48.0,0.1537817251515854
DOGE,2023-01-18 02:00:00+00:00,2023-01-18 02:00:00+00:00,2023-01-18 16:30:00+00:00,1,0.08547,0.08032238751359382,5.233082486406189,0.08032238751359382,stop,-1.0,-1.0209349581322258,58,14.5,0.005147612486406189
DOGE,2023-01-20 21:00:00+00:00,2023-01-20 21:00:00+00:00,2023-01-22 21:00:00+00:00,1,0.08554,0.08020863597884162,5.416904021158386,0.08704,tempo,0.2813538888072559,0.2603129320174349,192,48.0,0.005331364021158386
DOGE,2023-01-22 21:00:00+00:00,2023-01-22 21:00:00+00:00,2023-01-24 21:00:00+00:00,-1,0.08704,0.09303256509308129,-5.905525093081284,0.08804,tempo,-0.16687344809229307,-0.18586398023209244,192,48.0,0.005992565093081284
DOGE,2023-01-28 06:00:00+00:00,2023-01-28 06:00:00+00:00,2023-01-30 06:00:00+00:00,1,0.09236,0.08639960688002946,6.052753119970542,0.08922,tempo,-0.5268108892816659,-0.5466127710744197,192,48.0,0.005960393119970542
DOGE,2023-01-30 18:00:00+00:00,2023-01-30 18:00:00+00:00,2023-01-31 02:15:00+00:00,-1,0.0878,0.093281143588204,-5.393343588203994,0.093281143588204,stop,-1.0,-1.0214741214927558,33,8.25,0.005481143588203993
DOGE,2023-01-31 03:00:00+00:00,2023-01-31 03:00:00+00:00,2023-02-02 03:00:00+00:00,1,0.09183,0.0860058274652704,5.916002534729596,0.09448,tempo,0.4550002569803735,0.43420734618010604,192,48.0,0.005824172534729596
DOGE,2023-02-04 03:00:00+00:00,2023-02-04 03:00:00+00:00,2023-02-06 03:00:00+00:00,1,0.09369,0.08746002242675965,6.323667573240342,0.09127,tempo,-0.3884444159790609,-0.4077420777421463,192,48.0,0.006229977573240342
DOGE,2023-02-15 16:00:00+00:00,2023-02-15 16:00:00+00:00,2023-02-17 16:00:00+00:00,1,0.08595,0.08073039529456605,5.30555470543395,0.08697,tempo,0.19541709718709546,0.17388328258941407,192,48.0,0.00521960470543395
DOGE,2023-03-14 15:00:00+00:00,2023-03-14 15:00:00+00:00,2023-03-15 13:00:00+00:00,1,0.07695,0.07190932225329483,5.117627746705177,0.07190932225329483,stop,-1.0,-1.019195545584696,88,22.0,0.005040677746705177
DOGE,2023-03-15 13:00:00+00:00,2023-03-15 13:00:00+00:00,2023-03-17 13:00:00+00:00,-1,0.07319,0.07788161456843648,-4.618424568436475,0.07457,tempo,-0.2941418097906304,-0.3146132271671025,192,48.0,0.004691614568436475
DOGE,2023-03-17 13:00:00+00:00,2023-03-17 13:00:00+00:00,2023-03-19 13:00:00+00:00,1,0.07456,0.06955741468892383,5.077145311076169,0.07423,tempo,-0.06596589152999502,-0.08529859531934723,192,48.0,0.005002585311076169
DOGE,2023-03-21 21:00:00+00:00,2023-03-21 21:00:00+00:00,2023-03-22 20:00:00+00:00,1,0.07698,0.07185564216113734,5.20133783886267,0.07185564216113734,stop,-1.0,-1.0188790811350152,92,23.0,0.00512435783886267
DOGE,2023-03-23 10:00:00+00:00,2023-03-23 10:00:00+00:00,2023-03-25 10:00:00+00:00,1,0.0779,0.07232508923991372,5.652810760086274,0.07472,tempo,-0.5704127181312567,-0.5882072630610602,192,48.0,0.005574910760086274
DOGE,2023-03-29 06:00:00+00:00,2023-03-29 06:00:00+00:00,2023-03-31 06:00:00+00:00,1,0.075,0.07030868701402976,4.766312985970239,0.07437,tempo,-0.1342907629237399,-0.1549865681898471,192,48.0,0.004691312985970239
DOGE,2023-03-31 18:00:00+00:00,2023-03-31 18:00:00+00:00,2023-04-02 18:00:00+00:00,1,0.07587,0.0714203478302213,4.525522169778704,0.07996,tempo,0.9191729699185468,0.8964095052396801,192,48.0,0.004449652169778703
DOGE,2023-04-02 18:00:00+00:00,2023-04-02 18:00:00+00:00,2023-04-04 18:00:00+00:00,1,0.07996,0.07501379144929722,5.026168550702782,0.09592,tempo,3.2267139236845006,3.2036008667181184,192,48.0,0.0049462085507027825
DOGE,2023-04-04 18:00:00+00:00,2023-04-04 18:00:00+00:00,2023-04-06 18:00:00+00:00,1,0.09592,0.08424632129460302,11.769598705396984,0.08955,tempo,-0.5456720337056233,-0.5559991553476011,192,48.0,0.011673678705396984
DOGE,2023-04-13 11:00:00+00:00,2023-04-13 11:00:00+00:00,2023-04-15 11:00:00+00:00,1,0.08708,0.07923126174994372,7.93581825005629,0.08981,tempo,0.3478266076691266,0.3331773103761285,192,48.0,0.007848738250056289
DOGE,2023-04-17 12:00:00+00:00,2023-04-17 12:00:00+00:00,2023-04-19 08:30:00+00:00,1,0.09329,0.0856275399183356,7.755750081664393,0.0856275399183356,stop,-1.0,-1.0151774234002477,178,44.5,0.007662460081664393
DOGE,2023-04-20 09:00:00+00:00,2023-04-20 09:00:00+00:00,2023-04-20 17:00:00+00:00,1,0.09133,0.08338367317723847,8.037656822761528,0.08338367317723847,stop,-1.0,-1.014291368842257,32,8.0,0.007946326822761529
DOGE,2023-05-05 16:00:00+00:00,2023-05-05 16:00:00+00:00,2023-05-07 16:00:00+00:00,1,0.07855,0.07415593887225973,4.472611127740267,0.07723,tempo,-0.3004054703897207,-0.32344952850733577,192,48.0,0.0043940611277402675
DOGE,2023-05-17 10:00:00+00:00,2023-05-17 10:00:00+00:00,2023-05-19 10:00:00+00:00,1,0.07381,0.07050734994254905,3.376460057450951,0.07347,tempo,-0.10294763117059563,-0.13193405066242875,192,48.0,0.003302650057450951
DOGE,2023-05-28 05:00:00+00:00,2023-05-28 05:00:00+00:00,2023-05-30 05:00:00+00:00,1,0.07268,0.07010092300109722,2.65175699890278,0.07267,tempo,-0.003877356125563695,-0.04050964746087229,192,48.0,0.0025790769989027795
DOGE,2023-06-02 20:00:00+00:00,2023-06-02 20:00:00+00:00,2023-06-04 20:00:00+00:00,1,0.07292,0.0706816728798218,2.3112471201781988,0.07287,tempo,-0.022338111149729476,-0.06467486306848191,192,48.0,0.002238327120178199
DOGE,2023-06-09 14:00:00+00:00,2023-06-09 14:00:00+00:00,2023-06-10 04:30:00+00:00,1,0.07024,0.0671952313837908,3.115008616209198,0.0671952313837908,stop,-1.0,-1.029339799393586,58,14.5,0.003044768616209198
DOGE,2023-06-15 14:00:00+00:00,2023-06-15 14:00:00+00:00,2023-06-17 14:00:00+00:00,-1,0.06139,0.06534022131999258,-3.888831319992578,0.06234,tempo,-0.24049285420842811,-0.2608523463697815,192,48.0,0.003950221319992578
DOGE,2023-06-20 19:00:00+00:00,2023-06-20 19:00:00+00:00,2023-06-22 19:00:00+00:00,1,0.06249,0.05918997441744693,3.3625155825530664,0.06629,tempo,1.1515062247063348,1.1261406637717313,192,48.0,0.0033000255825530664
DOGE,2023-06-23 18:00:00+00:00,2023-06-23 18:00:00+00:00,2023-06-24 15:45:00+00:00,1,0.06924,0.06543814585251621,3.8710941474837828,0.06543814585251621,stop,-1.0,-1.0230258161960457,87,21.75,0.0038018541474837825
DOGE,2023-07-01 02:00:00+00:00,2023-07-01 02:00:00+00:00,2023-07-03 02:00:00+00:00,1,0.06894,0.06499925219793724,4.009687802062758,0.06795,tempo,-0.2512213543535559,-0.27380044453370517,192,48.0,0.003940747802062758
DOGE,2023-07-03 14:00:00+00:00,2023-07-03 14:00:00+00:00,2023-07-05 14:00:00+00:00,1,0.06741,0.06378234085343637,3.6950691465636276,0.06682,tempo,-0.16263931537197548,-0.18669050002714047,192,48.0,0.0036276591465636276
DOGE,2023-07-13 17:00:00+00:00,2023-07-13 17:00:00+00:00,2023-07-15 17:00:00+00:00,1,0.06883,0.06570010748865396,3.1987225113460442,0.07313,tempo,1.3738490968658654,1.3443675732462839,192,48.0,0.003129892511346044
DOGE,2023-07-15 17:00:00+00:00,2023-07-15 17:00:00+00:00,2023-07-16 20:30:00+00:00,1,0.07314,0.06901938035392875,4.1937596460712445,0.06901938035392875,stop,-1.0,-1.0224246849179965,110,27.5,0.004120619646071244
DOGE,2023-07-19 16:00:00+00:00,2023-07-19 16:00:00+00:00,2023-07-21 16:00:00+00:00,1,0.07124,0.06722704094315692,4.084199056843083,0.07398,tempo,0.6827879281069744,0.6592658839836892,192,48.0,0.004012959056843082
DOGE,2023-07-21 16:00:00+00:00,2023-07-21 16:00:00+00:00,2023-07-22 23:30:00+00:00,1,0.07398,0.0696757385300545,4.378241469945503,0.0696757385300545,stop,-1.0,-1.021693902820852,126,31.5,0.004304261469945503
DOGE,2023-07-24 08:00:00+00:00,2023-07-24 08:00:00+00:00,2023-07-24 10:00:00+00:00,1,0.07668,0.07176528616006923,4.9913938399307645,0.07176528616006923,stop,-1.0,-1.0196327678775707,8,2.0,0.004914713839930765
DOGE,2023-07-24 11:00:00+00:00,2023-07-24 11:00:00+00:00,2023-07-26 11:00:00+00:00,1,0.07459,0.06957479396364989,5.089796036350111,0.07845,tempo,0.7696593065215668,0.7498244284968156,192,48.0,0.005015206036350112
DOGE,2023-08-05 11:00:00+00:00,2023-08-05 11:00:00+00:00,2023-08-07 11:00:00+00:00,1,0.07593,0.07192831972569454,4.07761027430546,0.07478,tempo,-0.28737928099455534,-0.3118593726772929,192,48.0,0.004001680274305461
DOGE,2023-08-10 17:00:00+00:00,2023-08-10 17:00:00+00:00,2023-08-12 17:00:00+00:00,1,0.07659,0.07311469421711554,3.5518957828844635,0.077,tempo,0.1179752302715931,0.08924869331715585,192,48.0,0.0034753057828844636
DOGE,2023-08-19 13:00:00+00:00,2023-08-19 13:00:00+00:00,2023-08-21 13:00:00+00:00,1,0.06339,0.059548992454684216,3.904397545315786,0.06241,tempo,-0.2551413889293549,-0.276430074003593,192,48.0,0.003841007545315786
DOGE,2023-08-29 16:00:00+00:00,2023-08-29 16:00:00+00:00,2023-08-31 16:00:00+00:00,1,0.06691,0.06370150077752428,3.275409222475722,0.06531,tempo,-0.49867551433140395,-0.525461557911519,192,48.0,0.003208499222475722
DOGE,2023-09-13 04:00:00+00:00,2023-09-13 04:00:00+00:00,2023-09-15 04:00:00+00:00,-1,0.0607,0.06279708490703494,-2.036384907034939,0.06209,tempo,-0.6628248552727025,-0.7008841154067369,192,48.0,0.0020970849070349393
DOGE,2023-09-19 16:00:00+00:00,2023-09-19 16:00:00+00:00,2023-09-20 19:30:00+00:00,1,0.06315,0.06125655832056887,1.956591679431125,0.06125655832056887,stop,-1.0,-1.0427075540729964,110,27.5,0.0018934416794311251
DOGE,2023-09-21 04:00:00+00:00,2023-09-21 04:00:00+00:00,2023-09-21 13:45:00+00:00,1,0.06289,0.06107071349178972,1.8821765082102826,0.06107071349178972,stop,-1.0,-1.044289045956224,39,9.75,0.0018192865082102827
DOGE,2023-09-21 14:00:00+00:00,2023-09-21 14:00:00+00:00,2023-09-23 14:00:00+00:00,-1,0.0614,0.0631913534963671,-1.7299534963671028,0.06142,tempo,-0.01116474221339314,-0.05573048546948569,192,48.0,0.0017913534963671027
DOGE,2023-09-23 17:00:00+00:00,2023-09-23 17:00:00+00:00,2023-09-25 17:00:00+00:00,1,0.06162,0.05995609722204918,1.7255227779508235,0.06101,tempo,-0.3666079581592164,-0.4145131008492034,192,48.0,0.0016639027779508236
DOGE,2023-09-26 17:00:00+00:00,2023-09-26 17:00:00+00:00,2023-09-28 17:00:00+00:00,-1,0.06046,0.061930370222677535,-1.4099102226775349,0.06137,tempo,-0.6188917498226378,-0.6727485940232749,192,48.0,0.0014703702226775348
DOGE,2023-09-29 08:00:00+00:00,2023-09-29 08:00:00+00:00,2023-10-01 08:00:00+00:00,1,0.06204,0.06056546318747031,1.536576812529688,0.06211,tempo,0.0474725347005138,-0.007254820570838753,192,48.0,0.0014745368125296879
DOGE,2023-10-01 09:00:00+00:00,2023-10-01 09:00:00+00:00,2023-10-02 18:45:00+00:00,1,0.06237,0.06093201253530674,1.5003574646932647,0.06093201253530674,stop,-1.0,-1.05573505341025,135,33.75,0.0014379874646932647
DOGE,2023-10-09 08:00:00+00:00,2023-10-09 08:00:00+00:00,2023-10-11 08:00:00+00:00,-1,0.06028,0.061640128717231554,-1.299848717231554,0.05874,tempo,1.1322457797483763,1.075366604255731,192,48.0,0.001360128717231554
DOGE,2023-10-13 13:00:00+00:00,2023-10-13 13:00:00+00:00,2023-10-15 13:00:00+00:00,1,0.05874,0.05733119976702877,1.4675402329712275,0.05911,tempo,0.26263482312155395,0.2082605419373142,192,48.0,0.0014088002329712274
DOGE,2023-10-23 04:00:00+00:00,2023-10-23 04:00:00+00:00,2023-10-25 04:00:00+00:00,1,0.06261,0.061132220821279455,1.540389178720544,0.06596,tempo,2.26691514418306,2.2103637316287466,192,48.0,0.0014777791787205438
DOGE,2023-10-25 16:00:00+00:00,2023-10-25 16:00:00+00:00,2023-10-27 16:00:00+00:00,1,0.06783,0.06510567088741323,2.792159112586771,0.07048,tempo,0.972716544325221,0.9397170437932761,192,48.0,0.002724329112586771
DOGE,2023-11-02 14:00:00+00:00,2023-11-02 14:00:00+00:00,2023-11-04 14:00:00+00:00,1,0.06865,0.06531039289931023,3.40825710068977,0.06842,tempo,-0.06887037698311974,-0.09554881468963856,192,48.0,0.0033396071006897704
DOGE,2023-11-05 14:00:00+00:00,2023-11-05 14:00:00+00:00,2023-11-07 14:00:00+00:00,1,0.06946,0.06616731755817308,3.3621424418269132,0.07338,tempo,1.1905186938783663,1.1623210156508585,192,48.0,0.0032926824418269135
DOGE,2023-11-07 14:00:00+00:00,2023-11-07 14:00:00+00:00,2023-11-09 14:00:00+00:00,1,0.07337,0.06955274574435105,3.8906242556489525,0.076,tempo,0.6889768990650795,0.6635422558640611,192,48.0,0.0038172542556489525
DOGE,2023-11-11 02:00:00+00:00,2023-11-11 02:00:00+00:00,2023-11-13 02:00:00+00:00,1,0.07593,0.07151783550354707,4.488094496452931,0.07916,tempo,0.732066994010919,0.7092191377986126,192,48.0,0.0044121644964529305
DOGE,2023-11-16 08:00:00+00:00,2023-11-16 08:00:00+00:00,2023-11-18 08:00:00+00:00,1,0.07946,0.0744057186042174,5.133741395782609,0.08358,tempo,0.8151504986322698,0.7941829284276453,192,48.0,0.005054281395782609
DOGE,2023-11-29 16:00:00+00:00,2023-11-29 16:00:00+00:00,2023-12-01 16:00:00+00:00,1,0.08027,0.07544363993142149,4.906630068578505,0.08298,tempo,0.5614997558187101,0.5395137252506981,192,48.0,0.004826360068578506
DOGE,2023-12-06 10:00:00+00:00,2023-12-06 10:00:00+00:00,2023-12-06 23:00:00+00:00,1,0.10221,0.09563245240692006,6.679757593079936,0.09563245240692006,stop,-1.0,-1.019550994081714,52,13.0,0.006577547593079935
DOGE,2023-12-21 21:00:00+00:00,2023-12-21 21:00:00+00:00,2023-12-23 21:00:00+00:00,1,0.0962,0.08988101774161734,6.415182258382649,0.09302,tempo,-0.5032455971499931,-0.5227096492664299,192,48.0,0.006318982258382649
DOGE,2024-01-02 16:00:00+00:00,2024-01-02 16:00:00+00:00,2024-01-03 12:15:00+00:00,1,0.09158,0.087131963772968,4.539616227031994,0.087131963772968,stop,-1.0,-1.026115519416518,81,20.25,0.004448036227031993
DOGE,2024-01-09 18:00:00+00:00,2024-01-09 18:00:00+00:00,2024-01-11 18:00:00+00:00,1,0.08034,0.07549649508582337,4.923844914176621,0.0848,tempo,0.9208207855732483,0.8986589416395672,192,48.0,0.004843504914176622
DOGE,2024-01-12 13:00:00+00:00,2024-01-12 13:00:00+00:00,2024-01-14 13:00:00+00:00,-1,0.08461,0.08991899246023664,-5.224382460236639,0.0821,tempo,0.4727827396251604,0.4523718046291875,192,48.0,0.005308992460236639
DOGE,2024-01-16 08:00:00+00:00,2024-01-16 08:00:00+00:00,2024-01-18 08:00:00+00:00,1,0.08097,0.07632738614567895,4.723583854321048,0.08073,tempo,-0.051695016542594306,-0.07433420284971631,192,48.0,0.004642613854321048
DOGE,2024-01-20 06:00:00+00:00,2024-01-20 06:00:00+00:00,2024-01-22 06:00:00+00:00,1,0.07829,0.07420602736974272,4.162262630257282,0.08366,tempo,1.3148961773677952,1.2891204169672246,192,48.0,0.004083972630257282
DOGE,2024-01-28 11:00:00+00:00,2024-01-28 11:00:00+00:00,2024-01-30 11:00:00+00:00,1,0.08074,0.07655430662524537,4.266433374754634,0.08147,tempo,0.17440360165961444,0.14921386830840339,192,48.0,0.004185693374754634
DOGE,2024-02-08 15:00:00+00:00,2024-02-08 15:00:00+00:00,2024-02-10 15:00:00+00:00,1,0.08053,0.07747432378743956,3.1362062125604484,0.08102,tempo,0.16035730421496583,0.12599257029179572,192,48.0,0.0030556762125604486
DOGE,2024-02-13 03:00:00+00:00,2024-02-13 03:00:00+00:00,2024-02-15 03:00:00+00:00,1,0.0824,0.07943403693527655,3.0483630647234508,0.08684,tempo,1.4969842520321437,1.4598947813949708,192,48.0,0.002965963064723451
DOGE,2024-02-15 03:00:00+00:00,2024-02-15 03:00:00+00:00,2024-02-17 03:00:00+00:00,1,0.08685,0.08363199378377674,3.304856216223257,0.08483,tempo,-0.6277178676089454,-0.6623952400258849,192,48.0,0.003218006216223257
DOGE,2024-02-19 23:00:00+00:00,2024-02-19 23:00:00+00:00,2024-02-20 09:30:00+00:00,1,0.0897,0.0861058645096847,3.6838354903153006,0.0861058645096847,stop,-1.0,-1.0317945197779035,42,10.5,0.0035941354903153006
DOGE,2024-02-24 09:00:00+00:00,2024-02-24 09:00:00+00:00,2024-02-26 09:00:00+00:00,1,0.08489,0.08127490668035948,3.6999833196405083,0.08558,tempo,0.19086644216106294,0.16021564280326966,192,48.0,0.0036150933196405083
DOGE,2024-02-27 01:00:00+00:00,2024-02-27 01:00:00+00:00,2024-02-29 01:00:00+00:00,1,0.08879,0.08513786182634096,3.740928173659031,0.11334,tempo,6.722089590439474,6.686114911018085,192,48.0,0.003652138173659031
DOGE,2024-02-29 01:00:00+00:00,2024-02-29 01:00:00+00:00,2024-03-02 01:00:00+00:00,1,0.11334,0.1012820454639548,12.171294536045192,0.14685,tempo,2.7790783171248163,2.765052430769512,192,48.0,0.01205795453604519
DOGE,2024-03-02 04:00:00+00:00,2024-03-02 04:00:00+00:00,2024-03-03 07:30:00+00:00,1,0.14132,0.12370868800956218,17.75263199043782,0.12370868800956218,stop,-1.0,-1.0097817043556863,110,27.5,0.01761131199043782
DOGE,2024-03-03 21:00:00+00:00,2024-03-03 21:00:00+00:00,2024-03-05 20:00:00+00:00,1,0.15373,0.13412236371502084,19.76136628497916,0.13412236371502084,stop,-1.0,-1.0095424065244467,188,47.0,0.019607636284979163
DOGE,2024-03-05 20:00:00+00:00,2024-03-05 20:00:00+00:00,2024-03-06 05:00:00+00:00,-1,0.13834,0.1608715376726303,-22.393197672630304,0.1608715376726303,stop,-1.0,-1.008631789907684,36,9.0,0.022531537672630303
DOGE,2024-03-09 20:00:00+00:00,2024-03-09 20:00:00+00:00,2024-03-11 20:00:00+00:00,1,0.17707,0.14915531838719853,28.091751612801474,0.17421,tempo,-0.10245504640427014,-0.11063468474538196,192,48.0,0.027914681612801473
DOGE,2024-03-14 05:00:00+00:00,2024-03-14 05:00:00+00:00,2024-03-15 09:15:00+00:00,1,0.17879,0.15429936454391754,24.66942545608246,0.15429936454391754,stop,-1.0,-1.0088404438235912,113,28.25,0.02449063545608246
DOGE,2024-03-16 19:00:00+00:00,2024-03-16 19:00:00+00:00,2024-03-18 19:00:00+00:00,-1,0.14317,0.16274290396447455,-19.429733964474558,0.14202,tempo,0.058754694862207,0.049283770142172674,192,48.0,0.01957290396447456
DOGE,2024-03-23 16:00:00+00:00,2024-03-23 16:00:00+00:00,2024-03-25 16:00:00+00:00,1,0.16677,0.1455146328468312,21.42213715316881,0.18307,tempo,0.7668651349346352,0.7561668487859483,192,48.0,0.021255367153168808
DOGE,2024-03-27 16:00:00+00:00,2024-03-27 16:00:00+00:00,2024-03-29 16:00:00+00:00,1,0.18785,0.16590309802909042,22.134751970909566,0.20892,tempo,0.9600443847577264,0.9482932728995769,192,48.0,0.021946901970909566
DOGE,2024-04-21 21:00:00+00:00,2024-04-21 21:00:00+00:00,2024-04-23 21:00:00+00:00,-1,0.15859,0.1760740274923282,-17.32543749232819,0.16066,tempo,-0.11839377402650979,-0.13026246389736787,192,48.0,0.01748402749232819
DOGE,2024-05-04 04:00:00+00:00,2024-05-04 04:00:00+00:00,2024-05-06 04:00:00+00:00,1,0.14935,0.1363525855026493,13.1467644973507,0.1618,tempo,0.9578828160429681,0.9423222212768918,192,48.0,0.012997414497350701
DOGE,2024-05-08 14:00:00+00:00,2024-05-08 14:00:00+00:00,2024-05-10 14:00:00+00:00,-1,0.14983,0.1621397229336265,-12.159892933626505,0.1496,tempo,0.018684417288685563,0.002873379050909307,192,48.0,0.012309722933626505
DOGE,2024-05-13 13:00:00+00:00,2024-05-13 13:00:00+00:00,2024-05-15 13:00:00+00:00,1,0.14471,0.1340709407604395,10.783769239560517,0.15195,tempo,0.6805112968145358,0.6623866679673742,192,48.0,0.010639059239560517
DOGE,2024-05-16 05:00:00+00:00,2024-05-16 05:00:00+00:00,2024-05-18 05:00:00+00:00,1,0.1566,0.1451785456388438,11.578054361156186,0.15574,tempo,-0.07529689064159974,-0.0930722976589814,192,48.0,0.011421454361156186
DOGE,2024-05-21 06:00:00+00:00,2024-05-21 06:00:00+00:00,2024-05-23 06:00:00+00:00,1,0.16316,0.1523478838887214,10.975276111278607,0.16639,tempo,0.29873893017396025,0.27892712850670376,192,48.0,0.010812116111278608
DOGE,2024-05-24 06:00:00+00:00,2024-05-24 06:00:00+00:00,2024-05-26 06:00:00+00:00,1,0.16695,0.15432403400297942,12.792915997020566,0.17207,tempo,0.40551352674387164,0.3880603671161647,192,48.0,0.012625965997020566
DOGE,2024-06-05 07:00:00+00:00,2024-06-05 07:00:00+00:00,2024-06-07 07:00:00+00:00,1,0.16439,0.15481748504905485,9.73690495094516,0.16172,tempo,-0.2789235654039254,-0.30106732815449394,192,48.0,0.00957251495094516
DOGE,2024-06-12 14:00:00+00:00,2024-06-12 14:00:00+00:00,2024-06-14 14:00:00+00:00,1,0.14625,0.13796450261881216,8.431747381187835,0.14211,tempo,-0.4996682527955228,-0.522290189823174,192,48.0,0.008285497381187834
DOGE,2024-06-21 18:00:00+00:00,2024-06-21 18:00:00+00:00,2024-06-23 18:00:00+00:00,-1,0.1226,0.13006036920122796,-7.337769201227959,0.12284,tempo,-0.0321699896515176,-0.05355445410586937,192,48.0,0.007460369201227959
DOGE,2024-06-23 18:00:00+00:00,2024-06-23 18:00:00+00:00,2024-06-25 18:00:00+00:00,-1,0.12284,0.1297665697355806,-6.80372973558059,0.1265,tempo,-0.5284000796525891,-0.5517985302835657,192,48.0,0.00692656973558059
DOGE,2024-06-25 18:00:00+00:00,2024-06-25 18:00:00+00:00,2024-06-27 18:00:00+00:00,1,0.1265,0.11902319294523261,7.603307054767387,0.12468,tempo,-0.24341941508836015,-0.2652558753318938,192,48.0,0.007476807054767387
DOGE,2024-07-04 09:00:00+00:00,2024-07-04 09:00:00+00:00,2024-07-06 09:00:00+00:00,-1,0.11172,0.11761699186187166,-5.785271861871662,0.10834,tempo,0.5731735907343116,0.5489173252771976,192,48.0,0.005896991861871662
DOGE,2024-07-20 04:00:00+00:00,2024-07-20 04:00:00+00:00,2024-07-22 04:00:00+00:00,1,0.12535,0.11786101469900695,7.61433530099304,0.14147,tempo,2.1524945439354126,2.129336132878443,192,48.0,0.00748898530099304
DOGE,2024-07-22 04:00:00+00:00,2024-07-22 04:00:00+00:00,2024-07-23 13:45:00+00:00,1,0.14148,0.13173381743649992,9.887662563500072,0.13173381743649992,stop,-1.0,-1.0182213887516127,135,33.75,0.009746182563500072
DOGE,2024-07-26 13:00:00+00:00,2024-07-26 13:00:00+00:00,2024-07-28 13:00:00+00:00,1,0.12964,0.12078480033800168,8.984839661998326,0.13113,tempo,0.16826272211503673,0.14912136941043275,192,48.0,0.008855199661998325
DOGE,2024-08-06 19:00:00+00:00,2024-08-06 19:00:00+00:00,2024-08-08 19:00:00+00:00,1,0.0982,0.08866628634326786,9.63191365673214,0.10237,tempo,0.4373951379434814,0.42372045620936616,192,48.0,0.00953371365673214
DOGE,2024-08-20 00:00:00+00:00,2024-08-20 00:00:00+00:00,2024-08-22 00:00:00+00:00,1,0.10128,0.09430625303960834,7.075026960391658,0.10612,tempo,0.6940314908885349,0.6747004195483111,192,48.0,0.006973746960391658
DOGE,2024-08-23 15:00:00+00:00,2024-08-23 15:00:00+00:00,2024-08-25 15:00:00+00:00,1,0.10748,0.10078422059372832,6.803259406271682,0.11032,tempo,0.42414778439980794,0.4030046147387231,192,48.0,0.006695779406271682
DOGE,2024-08-30 17:00:00+00:00,2024-08-30 17:00:00+00:00,2024-09-01 17:00:00+00:00,-1,0.09865,0.10456780822870705,-5.81915822870705,0.09765,tempo,0.16898148120938442,0.14742028911447302,192,48.0,0.00591780822870705
DOGE,2024-09-01 20:00:00+00:00,2024-09-01 20:00:00+00:00,2024-09-03 20:00:00+00:00,-1,0.09907,0.10469908595924828,-5.53001595924827,0.09769,tempo,0.2451552543326762,0.222435047015558,192,48.0,0.00562908595924827
DOGE,2024-09-05 17:00:00+00:00,2024-09-05 17:00:00+00:00,2024-09-07 17:00:00+00:00,-1,0.09798,0.10355831208796072,-5.480332087960724,0.09487,tempo,0.5575163151434454,0.5350449119620888,192,48.0,0.005578312087960724
DOGE,2024-09-10 08:00:00+00:00,2024-09-10 08:00:00+00:00,2024-09-12 08:00:00+00:00,1,0.1037,0.09776269522376567,6.041004776234331,0.10255,tempo,-0.19369057903228826,-0.21627026881621536,192,48.0,0.005937304776234331
DOGE,2024-09-13 06:00:00+00:00,2024-09-13 06:00:00+00:00,2024-09-15 06:00:00+00:00,1,0.10312,0.09757801512772477,5.645104872275238,0.10502,tempo,0.34283745693805223,0.318425445155628,192,48.0,0.005541984872275238
DOGE,2024-09-18 03:00:00+00:00,2024-09-18 03:00:00+00:00,2024-09-20 03:00:00+00:00,1,0.10094,0.0958609031016012,5.1800368983988045,0.10449,tempo,0.6989431528898655,0.6726531445141452,192,48.0,0.005079096898398805
DOGE,2024-09-21 15:00:00+00:00,2024-09-21 15:00:00+00:00,2024-09-23 15:00:00+00:00,1,0.10888,0.10366053295365527,5.3283470463447395,0.10653,tempo,-0.4502375394142474,-0.47706336257909626,192,48.0,0.005219467046344739
DOGE,2024-09-24 13:00:00+00:00,2024-09-24 13:00:00+00:00,2024-09-26 13:00:00+00:00,1,0.10889,0.10384994542380295,5.14894457619705,0.1145,tempo,1.1130831849509462,1.0842732786682323,192,48.0,0.0050400545761970506
DOGE,2024-09-26 13:00:00+00:00,2024-09-26 13:00:00+00:00,2024-09-28 13:00:00+00:00,1,0.1145,0.10898450311336527,5.629996886634732,0.12337,tempo,1.6081959943616246,1.5801630712763688,192,48.0,0.005515496886634733
DOGE,2024-09-28 16:00:00+00:00,2024-09-28 16:00:00+00:00,2024-09-30 00:30:00+00:00,1,0.13099,0.12349258537277029,7.628404627229706,0.12349258537277029,stop,-1.0,-1.0220627627944623,130,32.5,0.0074974146272297065
DOGE,2024-10-15 01:00:00+00:00,2024-10-15 01:00:00+00:00,2024-10-15 15:00:00+00:00,1,0.11822,0.1117827653571127,6.555454642887299,0.1117827653571127,stop,-1.0,-1.023224537518966,56,14.0,0.006437234642887299
DOGE,2024-10-16 08:00:00+00:00,2024-10-16 08:00:00+00:00,2024-10-18 08:00:00+00:00,1,0.12016,0.11274180139027125,7.538358609728755,0.1347,tempo,1.9600445829168271,1.9377131506223693,192,48.0,0.0074181986097287544
DOGE,2024-10-18 08:00:00+00:00,2024-10-18 08:00:00+00:00,2024-10-20 08:00:00+00:00,1,0.13469,0.12568171544233542,9.142974557664587,0.14278,tempo,0.8980622168642209,0.8780411463878729,192,48.0,0.009008284557664586
DOGE,2024-10-27 17:00:00+00:00,2024-10-27 17:00:00+00:00,2024-10-29 17:00:00+00:00,1,0.14364,0.1339071256033567,9.876514396643275,0.17819,tempo,3.5498249121467937,3.5283318268078783,192,48.0,0.009732874396643276
DOGE,2024-10-29 17:00:00+00:00,2024-10-29 17:00:00+00:00,2024-10-30 16:15:00+00:00,1,0.17819,0.16472386006690146,13.644329933098533,0.16472386006690146,stop,-1.0,-1.0165521827450814,93,23.25,0.013466139933098531
DOGE,2024-11-04 18:00:00+00:00,2024-11-04 18:00:00+00:00,2024-11-06 18:00:00+00:00,1,0.15715,0.1444561489336705,12.851001066329504,0.19212,tempo,2.754877130452403,2.7369924476391483,192,48.0,0.012693851066329503
DOGE,2024-11-09 09:00:00+00:00,2024-11-09 09:00:00+00:00,2024-11-11 09:00:00+00:00,1,0.20974,0.18727948968716934,22.670250312830667,0.28068,tempo,3.158432244501372,3.1442396462228768,192,48.0,0.022460510312830667
DOGE,2024-11-19 20:00:00+00:00,2024-11-19 20:00:00+00:00,2024-11-21 20:00:00+00:00,1,0.40553,0.3494602819435034,56.475248056496575,0.38487,tempo,-0.36846983926658466,-0.3776327175154521,192,48.0,0.056069718056496576
DOGE,2024-11-22 04:00:00+00:00,2024-11-22 04:00:00+00:00,2024-11-24 04:00:00+00:00,1,0.39414,0.3429734800135694,51.56065998643057,0.44217,tempo,0.9386997593883195,0.9280755953813836,192,48.0,0.05116651998643057
DOGE,2024-11-30 09:00:00+00:00,2024-11-30 09:00:00+00:00,2024-12-02 09:00:00+00:00,1,0.43336,0.385089168902768,48.70419109723201,0.40963,tempo,-0.49160123123218347,-0.5029526724140491,192,48.0,0.048270831097232014
DOGE,2024-12-05 12:00:00+00:00,2024-12-05 12:00:00+00:00,2024-12-07 12:00:00+00:00,1,0.44662,0.39591156395748667,51.15505604251335,0.45025,tempo,0.07158572188967961,0.06008930146150374,192,48.0,0.05070843604251335
DOGE,2024-12-07 18:00:00+00:00,2024-12-07 18:00:00+00:00,2024-12-09 18:00:00+00:00,1,0.45807,0.40965405007857264,48.87401992142733,0.43318,tempo,-0.5140867842186951,-0.5260521076490966,192,48.0,0.04841594992142734
DOGE,2025-01-02 08:00:00+00:00,2025-01-02 08:00:00+00:00,2025-01-04 08:00:00+00:00,1,0.33425,0.30614380024186416,28.44044975813583,0.38782,tempo,1.9059851727017358,1.8892861702026826,192,48.0,0.02810619975813583
DOGE,2025-01-04 08:00:00+00:00,2025-01-04 08:00:00+00:00,2025-01-06 08:00:00+00:00,1,0.38783,0.3558503052537719,32.367524746228085,0.38295,tempo,-0.15259682866658938,-0.1682632383673603,192,48.0,0.03197969474622808
DOGE,2025-01-16 08:00:00+00:00,2025-01-16 08:00:00+00:00,2025-01-18 08:00:00+00:00,1,0.37964,0.35072319366591237,29.296446334087605,0.39506,tempo,0.5332539085349371,0.5158399868804424,192,48.0,0.028916806334087608
DOGE,2025-01-18 08:00:00+00:00,2025-01-18 08:00:00+00:00,2025-01-20 08:00:00+00:00,-1,0.39506,0.42951155427322746,-34.056494273227436,0.37607,tempo,0.5512088032195772,0.5366598369806429,192,48.0,0.034451554273227436
DOGE,2025-01-21 12:00:00+00:00,2025-01-21 12:00:00+00:00,2025-01-23 12:00:00+00:00,1,0.38474,0.34163947894185576,43.48526105814427,0.34846,tempo,-0.8417531646788425,-0.8528105716033917,192,48.0,0.04310052105814427
DOGE,2025-01-27 01:00:00+00:00,2025-01-27 01:00:00+00:00,2025-01-29 01:00:00+00:00,-1,0.33178,0.36269885911194727,-30.58707911194725,0.32254,tempo,0.2988467319102867,0.28509111439347934,192,48.0,0.03091885911194725
DOGE,2025-01-31 16:00:00+00:00,2025-01-31 16:00:00+00:00,2025-02-01 20:45:00+00:00,1,0.33943,0.31144915277456847,28.32027722543154,0.31144915277456847,stop,-1.0,-1.015120037141654,115,28.75,0.027980847225431538
DOGE,2025-02-11 14:00:00+00:00,2025-02-11 14:00:00+00:00,2025-02-13 14:00:00+00:00,1,0.25629,0.23048992916881056,26.05636083118946,0.25688,tempo,0.022868154272147737,0.009939488216054514,192,48.0,0.02580007083118946
DOGE,2025-02-14 15:00:00+00:00,2025-02-14 15:00:00+00:00,2025-02-16 15:00:00+00:00,1,0.27346,0.24851689722893167,25.216562771068315,0.26799,tempo,-0.21929910044490003,-0.23340891281388168,192,48.0,0.024943102771068315
DOGE,2025-02-24 16:00:00+00:00,2025-02-24 16:00:00+00:00,2025-02-26 16:00:00+00:00,-1,0.22537,0.24156237865891833,-15.967008658918344,0.20983,tempo,0.9597107582116089,0.9422408110248071,192,48.0,0.016192378658918344
DOGE,2025-02-26 22:00:00+00:00,2025-02-26 22:00:00+00:00,2025-02-28 22:00:00+00:00,-1,0.20483,0.2211794779900107,-16.144647990010686,0.20175,tempo,0.18838521950864967,0.17222097254238752,192,48.0,0.016349477990010686
DOGE,2025-03-09 11:00:00+00:00,2025-03-09 11:00:00+00:00,2025-03-11 11:00:00+00:00,-1,0.18455,0.20105975407528764,-16.32520407528765,0.16166,tempo,1.386453117085645,1.372822599091628,192,48.0,0.016509754075287653
DOGE,2025-03-17 21:00:00+00:00,2025-03-17 21:00:00+00:00,2025-03-19 21:00:00+00:00,1,0.17347,0.15853846526376528,15.105004736234736,0.17393,tempo,0.030807281912132882,0.015684255110874394,192,48.0,0.014931534736234736
DOGE,2025-03-20 01:00:00+00:00,2025-03-20 01:00:00+00:00,2025-03-22 01:00:00+00:00,1,0.17631,0.16190220119645013,14.584108803549865,0.16833,tempo,-0.5538667015556765,-0.5694149475476185,192,48.0,0.014407798803549865
DOGE,2025-03-24 14:00:00+00:00,2025-03-24 14:00:00+00:00,2025-03-26 14:00:00+00:00,1,0.1769,0.16466740821755368,12.409491782446317,0.19771,tempo,1.7011930398807389,1.6812874872120547,192,48.0,0.012232591782446317
DOGE,2025-03-26 14:00:00+00:00,2025-03-26 14:00:00+00:00,2025-03-28 04:45:00+00:00,1,0.1977,0.18341066156234392,14.487038437656063,0.18341066156234392,stop,-1.0,-1.017336137085445,155,38.75,0.014289338437656063
