activo,sinal_em,entrada_em,saida_em,lado,entrada,stop,alvo,saida,motivo,R_bruto,R_liquido,duracao,duracao_h,R_preco
BTC,2023-01-14 09:00:00+00:00,2023-01-14 09:00:00+00:00,2023-01-16 09:00:00+00:00,1,21016.2,20219.34010402957,817876.0959704323,20757.1,tempo,-0.3251512609810347,-0.359225814283699,192,48.0,796.8598959704323
BTC,2023-02-11 09:00:00+00:00,2023-02-11 09:00:00+00:00,2023-02-13 09:00:00+00:00,-1,21678.3,22381.150538524744,-681172.2385247444,21711.4,tempo,-0.04709393844881698,-0.08722096895404732,192,48.0,702.8505385247445
BTC,2023-02-15 01:00:00+00:00,2023-02-15 01:00:00+00:00,2023-02-15 12:30:00+00:00,-1,22137.0,22841.627607329407,-682490.6073294065,22841.627607329407,stop,-1.0,-1.0414915731950545,46,11.5,704.6276073294066
BTC,2023-02-15 13:00:00+00:00,2023-02-15 13:00:00+00:00,2023-02-15 20:15:00+00:00,-1,22763.6,23497.405906504722,-711042.3065047237,23497.405906504722,stop,-1.0,-1.040977666672726,29,7.25,733.8059065047237
BTC,2023-02-16 17:00:00+00:00,2023-02-16 17:00:00+00:00,2023-02-16 23:15:00+00:00,1,24905.4,23951.906316965684,978399.0830343177,23951.906316965684,stop,-1.0,-1.0333061976928533,25,6.25,953.4936830343177
BTC,2023-02-17 00:00:00+00:00,2023-02-17 00:00:00+00:00,2023-02-19 00:00:00+00:00,1,23526.6,22566.705065249553,983421.5347504459,24636.9,tempo,1.156689091487559,1.1240748189597651,192,48.0,959.8949347504458
BTC,2023-02-23 09:00:00+00:00,2023-02-23 09:00:00+00:00,2023-02-25 09:00:00+00:00,-1,24398.6,25342.218390810416,-919219.7908104176,23086.7,tempo,1.390286595488336,1.3575769267275444,192,48.0,943.6183908104176
BTC,2023-02-25 09:00:00+00:00,2023-02-25 09:00:00+00:00,2023-02-27 09:00:00+00:00,-1,23086.8,23971.16688305313,-861280.0830531314,23348.4,tempo,-0.2958048350893366,-0.3299341999246621,192,48.0,884.3668830531315
BTC,2023-02-27 09:00:00+00:00,2023-02-27 09:00:00+00:00,2023-03-01 09:00:00+00:00,-1,23348.4,24190.635088699022,-818886.6886990207,23862.4,tempo,-0.6102809143156964,-0.6467161334270273,192,48.0,842.2350886990207
BTC,2023-03-03 09:00:00+00:00,2023-03-03 09:00:00+00:00,2023-03-05 09:00:00+00:00,-1,22419.5,23378.16228636928,-936242.7863692791,22331.2,tempo,0.09210751403856299,0.0617652804766648,192,48.0,958.6622863692792
BTC,2023-03-05 09:00:00+00:00,2023-03-05 09:00:00+00:00,2023-03-07 09:00:00+00:00,-1,22331.2,23216.46497534816,-862933.7753481602,22410.0,tempo,-0.08901289692276432,-0.12186382947949698,192,48.0,885.2649753481601
BTC,2023-03-07 09:00:00+00:00,2023-03-07 09:00:00+00:00,2023-03-09 09:00:00+00:00,-1,22410.0,23223.538397422304,-791128.3974223041,21674.0,tempo,0.9046899351426012,0.869467750067143,192,48.0,813.5383974223041
BTC,2023-03-10 01:00:00+00:00,2023-03-10 01:00:00+00:00,2023-03-12 01:00:00+00:00,-1,20108.8,20908.5002559171,-779591.4559171014,20444.6,tempo,-0.4199073309222612,-0.4528693186232286,192,48.0,799.7002559171015
BTC,2023-03-14 17:00:00+00:00,2023-03-14 17:00:00+00:00,2023-03-14 19:30:00+00:00,1,25888.0,24481.177129892214,1432710.870107786,24481.177129892214,stop,-1.0,-1.0232722724588075,10,2.5,1406.822870107786
BTC,2023-03-14 20:00:00+00:00,2023-03-14 20:00:00+00:00,2023-03-16 20:00:00+00:00,1,25066.4,23675.375052932897,1416091.3470671042,24945.9,tempo,-0.086626771327191,-0.10999658584312849,192,48.0,1391.0249470671042
BTC,2023-05-01 09:00:00+00:00,2023-05-01 09:00:00+00:00,2023-05-03 09:00:00+00:00,-1,28561.4,29858.186810856118,-1268225.410856116,28676.8,tempo,-0.0889891839074248,-0.11767919655139826,192,48.0,1296.786810856116
BTC,2023-06-06 01:00:00+00:00,2023-06-06 01:00:00+00:00,2023-06-06 17:00:00+00:00,-1,25679.2,26379.882293556606,-675003.0935566052,26379.882293556606,stop,-1.0,-1.0482935044912451,64,16.0,700.6822935566051
BTC,2023-06-15 01:00:00+00:00,2023-06-15 01:00:00+00:00,2023-06-16 17:15:00+00:00,-1,25193.5,26036.53577698447,-817842.2769844704,26036.53577698447,stop,-1.0,-1.0394995374622793,161,40.25,843.0357769844704
BTC,2023-06-20 17:00:00+00:00,2023-06-20 17:00:00+00:00,2023-06-20 21:00:00+00:00,-1,27363.2,28191.721972110874,-801158.7721108734,28191.721972110874,stop,-1.0,-1.0435844799503273,16,4.0,828.5219721108733
BTC,2023-06-20 21:00:00+00:00,2023-06-20 21:00:00+00:00,2023-06-21 01:15:00+00:00,-1,28147.2,29030.453891757035,-855106.6917570346,29030.453891757035,stop,-1.0,-1.0420779069036534,17,4.25,883.2538917570346
BTC,2023-07-06 17:00:00+00:00,2023-07-06 17:00:00+00:00,2023-07-08 17:00:00+00:00,-1,30303.5,31224.595360010975,-890791.8600109752,30245.4,tempo,0.06307707379972717,0.020348832285698643,192,48.0,921.0953600109751
BTC,2023-07-10 01:00:00+00:00,2023-07-10 01:00:00+00:00,2023-07-10 20:15:00+00:00,-1,30077.7,30889.943009079307,-782165.309079306,30889.943009079307,stop,-1.0,-1.0487895463708845,77,19.25,812.2430090793059
BTC,2023-07-13 01:00:00+00:00,2023-07-13 01:00:00+00:00,2023-07-13 16:00:00+00:00,-1,30344.0,31144.59175718139,-770247.7571813916,31144.59175718139,stop,-1.0,-1.0499225532659493,60,15.0,800.5917571813916
BTC,2023-07-13 17:00:00+00:00,2023-07-13 17:00:00+00:00,2023-07-13 19:30:00+00:00,-1,30814.8,31629.8629782833,-784248.178283302,31629.8629782833,stop,-1.0,-1.0497986438070999,10,2.5,815.0629782833021
BTC,2023-07-13 20:00:00+00:00,2023-07-13 20:00:00+00:00,2023-07-15 20:00:00+00:00,-1,31600.5,32460.644428026026,-828543.9280260256,30309.7,tempo,1.5006782093122424,1.4538934732972084,192,48.0,860.1444280260257
BTC,2023-07-21 09:00:00+00:00,2023-07-21 09:00:00+00:00,2023-07-23 09:00:00+00:00,-1,29777.9,30531.210604570562,-723532.7045705608,29933.9,tempo,-0.20708589399047528,-0.2586086918437272,192,48.0,753.3106045705608
BTC,2023-08-18 09:00:00+00:00,2023-08-18 09:00:00+00:00,2023-08-20 09:00:00+00:00,-1,26577.0,27437.112518801874,-833535.5188018741,26099.9,tempo,0.5546948679047164,0.5148861402655747,192,48.0,860.1125188018741
BTC,2023-08-20 09:00:00+00:00,2023-08-20 09:00:00+00:00,2023-08-22 09:00:00+00:00,-1,26099.9,26902.91586516518,-776915.96516518,26051.6,tempo,0.06014825123046308,0.01793429697312459,192,48.0,803.01586516518
BTC,2023-08-22 09:00:00+00:00,2023-08-22 09:00:00+00:00,2023-08-23 19:45:00+00:00,-1,26051.6,26797.996167505942,-720344.5675059436,26797.996167505942,stop,-1.0,-1.0460241343731247,139,34.75,746.3961675059436
BTC,2023-08-24 01:00:00+00:00,2023-08-24 01:00:00+00:00,2023-08-26 01:00:00+00:00,-1,26500.0,27268.80840246063,-742308.4024606287,26030.0,tempo,0.611335670234261,0.566923434505934,192,48.0,768.8084024606287
BTC,2023-08-29 17:00:00+00:00,2023-08-29 17:00:00+00:00,2023-08-31 17:00:00+00:00,-1,27988.3,29003.599251956002,-987310.951956003,26223.3,tempo,1.7384037234339305,1.7036971677735044,192,48.0,1015.299251956003
BTC,2023-10-12 01:00:00+00:00,2023-10-12 01:00:00+00:00,2023-10-14 01:00:00+00:00,1,26794.0,26121.694952845024,699099.0471549759,26879.9,tempo,0.1277693814192061,0.07587621901080638,192,48.0,672.3050471549759
BTC,2023-10-16 17:00:00+00:00,2023-10-16 17:00:00+00:00,2023-10-18 17:00:00+00:00,1,28078.3,27384.11635166658,722261.9483334192,28332.1,tempo,0.3656093032575987,0.31278933250774205,192,48.0,694.1836483334191
BTC,2023-10-19 17:00:00+00:00,2023-10-19 17:00:00+00:00,2023-10-20 03:30:00+00:00,-1,28601.7,29318.05535447322,-687753.6544732205,29318.05535447322,stop,-1.0,-1.0525547003248024,42,10.5,716.3553544732204
BTC,2023-10-20 04:00:00+00:00,2023-10-20 04:00:00+00:00,2023-10-20 10:30:00+00:00,-1,29222.9,29972.585349153283,-720462.449153282,29972.585349153283,stop,-1.0,-1.0513242862761114,26,6.5,749.685349153282
BTC,2023-10-24 01:00:00+00:00,2023-10-24 01:00:00+00:00,2023-10-26 01:00:00+00:00,1,33504.4,32230.09220856778,1307812.1914322202,34650.1,tempo,0.8990763516499587,0.8643120464343327,192,48.0,1274.3077914322203
BTC,2023-11-12 09:00:00+00:00,2023-11-12 09:00:00+00:00,2023-11-14 09:00:00+00:00,1,37127.7,35867.80199186822,1297025.7081317785,36765.1,tempo,-0.28780107410255745,-0.32592346154185586,192,48.0,1259.8980081317786
BTC,2023-12-08 09:00:00+00:00,2023-12-08 09:00:00+00:00,2023-12-10 09:00:00+00:00,1,43243.0,41955.47167711402,1330771.322885977,43799.8,tempo,0.4324565060844202,0.38851353489355617,192,48.0,1287.528322885977
BTC,2023-12-10 09:00:00+00:00,2023-12-10 09:00:00+00:00,2023-12-11 02:15:00+00:00,1,43799.7,42535.628949434584,1307870.7505654132,42535.628949434584,stop,-1.0,-1.0443946278114915,69,17.25,1264.0710505654133
BTC,2023-12-11 03:00:00+00:00,2023-12-11 03:00:00+00:00,2023-12-11 18:45:00+00:00,1,41962.3,40627.554980071676,1376707.3199283266,40627.554980071676,stop,-1.0,-1.0402199708075548,63,15.75,1334.7450199283267
BTC,2023-12-18 17:00:00+00:00,2023-12-18 17:00:00+00:00,2023-12-20 17:00:00+00:00,1,41514.1,40156.65882780248,1398955.2721975194,43725.9,tempo,1.629389210597899,1.5885727088335502,192,48.0,1357.4411721975193
BTC,2023-12-20 17:00:00+00:00,2023-12-20 17:00:00+00:00,2023-12-22 17:00:00+00:00,1,43725.8,42201.273420969555,1568252.3790304475,43587.1,tempo,-0.09097906321070069,-0.12820595435227294,192,48.0,1524.5265790304475
BTC,2023-12-22 17:00:00+00:00,2023-12-22 17:00:00+00:00,2023-12-24 17:00:00+00:00,1,43587.1,42090.11244826727,1540574.6517327311,43690.2,tempo,0.0688716481848246,0.030975377815484546,192,48.0,1496.987551732731
BTC,2023-12-24 17:00:00+00:00,2023-12-24 17:00:00+00:00,2023-12-26 10:00:00+00:00,1,43690.3,42293.30484550358,1440685.4544964207,42293.30484550358,stop,-1.0,-1.0400068267736575,164,41.0,1396.9951544964206
BTC,2023-12-26 10:00:00+00:00,2023-12-26 10:00:00+00:00,2023-12-28 10:00:00+00:00,1,42449.0,41101.723383048346,1389725.6169516544,43085.0,tempo,0.47206341444492106,0.4307971300750536,192,48.0,1347.2766169516544
BTC,2023-12-28 10:00:00+00:00,2023-12-28 10:00:00+00:00,2023-12-29 17:15:00+00:00,1,43085.0,41764.62222396698,1363462.7760330194,41764.62222396698,stop,-1.0,-1.0417700566055266,125,31.25,1320.3777760330195
BTC,2023-12-29 18:00:00+00:00,2023-12-29 18:00:00+00:00,2023-12-31 18:00:00+00:00,1,41846.2,40540.35773424968,1347688.4657503178,42651.9,tempo,0.6169964176623284,0.5749363875648635,192,48.0,1305.842265750318
BTC,2023-12-31 18:00:00+00:00,2023-12-31 18:00:00+00:00,2024-01-02 18:00:00+00:00,1,42651.9,41370.063832233,1324488.0677670036,45001.2,tempo,1.8327615174820238,1.7883139379608035,192,48.0,1281.8361677670036
BTC,2024-01-02 18:00:00+00:00,2024-01-02 18:00:00+00:00,2024-01-03 12:00:00+00:00,1,45001.3,43536.22429673512,1510077.0032648835,43536.22429673512,stop,-1.0,-1.0392808307889008,72,18.0,1465.0757032648835
BTC,2024-01-28 09:00:00+00:00,2024-01-28 09:00:00+00:00,2024-01-30 09:00:00+00:00,-1,42475.2,44076.489750430905,-1558814.5504309076,43411.6,tempo,-0.5847786134570685,-0.6196420227713273,192,48.0,1601.2897504309076
BTC,2024-01-30 17:00:00+00:00,2024-01-30 17:00:00+00:00,2024-02-01 17:00:00+00:00,-1,43488.8,45056.41342055862,-1524124.6205586204,42641.9,tempo,0.5402479902846251,0.5045344946831076,192,48.0,1567.6134205586204
BTC,2024-02-07 09:00:00+00:00,2024-02-07 09:00:00+00:00,2024-02-07 21:30:00+00:00,-1,42929.9,44271.734586287275,-1298904.686287274,44271.734586287275,stop,-1.0,-1.0422414678085752,50,12.5,1341.8345862872739
BTC,2024-02-08 17:00:00+00:00,2024-02-08 17:00:00+00:00,2024-02-09 08:30:00+00:00,-1,45045.0,46452.81136112165,-1362766.3611216468,46452.81136112165,stop,-1.0,-1.0422454165573325,62,15.5,1407.8113611216468
BTC,2024-02-17 17:00:00+00:00,2024-02-17 17:00:00+00:00,2024-02-19 17:00:00+00:00,1,50980.7,49221.132937496586,1810547.762503411,51809.1,tempo,0.4707976283787681,0.43282614583411205,192,48.0,1759.5670625034109
BTC,2024-02-20 17:00:00+00:00,2024-02-20 17:00:00+00:00,2024-02-22 17:00:00+00:00,1,51428.9,49713.407897289966,1766921.0027100353,51511.4,tempo,0.048091156974533,0.009087074767277395,192,48.0,1715.4921027100354
BTC,2024-02-25 09:00:00+00:00,2024-02-25 09:00:00+00:00,2024-02-27 09:00:00+00:00,1,51633.6,50043.56495574142,1641668.644258577,56294.3,tempo,2.931193256921742,2.887072760802292,192,48.0,1590.0350442585768
BTC,2024-02-27 09:00:00+00:00,2024-02-27 09:00:00+00:00,2024-02-29 09:00:00+00:00,1,56294.2,54340.882865464344,2009611.334535653,62879.1,tempo,3.371137171519963,3.3314801984507056,192,48.0,1953.3171345356532
BTC,2024-02-29 09:00:00+00:00,2024-02-29 09:00:00+00:00,2024-03-02 09:00:00+00:00,1,62879.1,60236.3301206556,2705648.9793443996,62026.8,tempo,-0.32250254048280147,-0.35322365458152155,192,48.0,2642.7698793443997
BTC,2024-03-02 09:00:00+00:00,2024-03-02 09:00:00+00:00,2024-03-04 09:00:00+00:00,1,62026.8,59425.11396690171,2663712.833098296,65331.4,tempo,1.270176323337761,1.238357407086204,192,48.0,2601.6860330982963
BTC,2024-03-04 09:00:00+00:00,2024-03-04 09:00:00+00:00,2024-03-05 19:30:00+00:00,1,65331.3,62686.12064726454,2710510.65273546,62686.12064726454,stop,-1.0,-1.0314577245337526,138,34.5,2645.1793527354603
BTC,2024-03-05 20:00:00+00:00,2024-03-05 20:00:00+00:00,2024-03-07 20:00:00+00:00,1,61497.3,58405.26367414743,3153533.6258525755,67559.3,tempo,1.9605203047957427,1.9333903550928169,192,48.0,3092.036325852576
BTC,2024-03-07 20:00:00+00:00,2024-03-07 20:00:00+00:00,2024-03-09 20:00:00+00:00,1,67559.4,64011.656797555275,3615302.602444719,68255.0,tempo,0.19606830604894795,0.17118506198010794,192,48.0,3547.743202444719
BTC,2024-03-10 09:00:00+00:00,2024-03-10 09:00:00+00:00,2024-03-12 09:00:00+00:00,1,69734.7,66358.64309763726,3445791.6023627324,71753.0,tempo,0.5978276013616644,0.5705866490733197,192,48.0,3376.056902362732
BTC,2024-05-22 09:00:00+00:00,2024-05-22 09:00:00+00:00,2024-05-23 18:15:00+00:00,1,70049.0,67423.00009625992,2696048.9037400847,67423.00009625992,stop,-1.0,-1.0340277240434406,133,33.25,2625.999903740085
BTC,2024-06-19 09:00:00+00:00,2024-06-19 09:00:00+00:00,2024-06-21 09:00:00+00:00,-1,65158.1,67042.27650552901,-1819018.4055290087,63613.6,tempo,0.8197215045765365,0.775298062953959,192,48.0,1884.1765055290089
BTC,2024-06-22 09:00:00+00:00,2024-06-22 09:00:00+00:00,2024-06-24 09:00:00+00:00,-1,64268.6,66074.89752950004,-1742028.9295000432,62710.6,tempo,0.8625378568896297,0.8168441222462319,192,48.0,1806.2975295000433
BTC,2024-06-25 09:00:00+00:00,2024-06-25 09:00:00+00:00,2024-06-27 09:00:00+00:00,-1,60841.5,62706.095477403236,-1803753.977403236,60861.3,tempo,-0.010618925252129085,-0.05304465295483144,192,48.0,1864.5954774032361
BTC,2024-07-05 17:00:00+00:00,2024-07-05 17:00:00+00:00,2024-07-07 17:00:00+00:00,-1,56425.0,58679.83892952719,-2198413.929527192,57090.1,tempo,-0.2949656364765091,-0.327688512613596,192,48.0,2254.838929527192
BTC,2024-07-09 09:00:00+00:00,2024-07-09 09:00:00+00:00,2024-07-11 09:00:00+00:00,-1,57599.8,60040.592467033115,-2383192.6670331126,58145.5,tempo,-0.22357492796727566,-0.2543987059066802,192,48.0,2440.792467033112
BTC,2024-07-12 09:00:00+00:00,2024-07-12 09:00:00+00:00,2024-07-13 23:15:00+00:00,-1,57304.6,59646.654502775855,-2284749.902775856,59646.654502775855,stop,-1.0,-1.032457961732618,153,38.25,2342.0545027758562
BTC,2024-07-15 02:00:00+00:00,2024-07-15 02:00:00+00:00,2024-07-15 22:15:00+00:00,-1,61373.1,63849.21412745483,-2414741.027454828,63849.21412745483,stop,-1.0,-1.032871871001564,81,20.25,2476.114127454828
BTC,2024-07-15 23:00:00+00:00,2024-07-15 23:00:00+00:00,2024-07-17 23:00:00+00:00,-1,64309.0,66917.98946484919,-2544680.46484919,64232.0,tempo,0.02951334263224053,-0.0025111830033314117,192,48.0,2608.98946484919
BTC,2024-07-17 23:00:00+00:00,2024-07-17 23:00:00+00:00,2024-07-19 19:15:00+00:00,-1,64232.1,66800.09300654446,-2503760.9065444567,66800.09300654446,stop,-1.0,-1.0331663385520125,177,44.25,2567.993006544457
BTC,2024-07-19 20:00:00+00:00,2024-07-19 20:00:00+00:00,2024-07-21 20:00:00+00:00,-1,67107.8,69733.09396612593,-2558186.16612593,67391.4,tempo,-0.10802599772035876,-0.14132683226614098,192,48.0,2625.2939661259297
BTC,2024-07-21 20:00:00+00:00,2024-07-21 20:00:00+00:00,2024-07-23 20:00:00+00:00,-1,67391.5,69897.44867305322,-2438557.1730532227,65516.1,tempo,0.7483792545978338,0.7139053082920049,192,48.0,2505.9486730532226
BTC,2024-07-23 20:00:00+00:00,2024-07-23 20:00:00+00:00,2024-07-25 20:00:00+00:00,-1,65516.2,67968.46201856658,-2386745.8185665873,64669.5,tempo,0.3452730554848767,0.31076585178506033,192,48.0,2452.2620185665874
BTC,2024-07-26 17:00:00+00:00,2024-07-26 17:00:00+00:00,2024-07-28 17:00:00+00:00,-1,67367.6,69847.94518122895,-2412977.581228942,67646.2,tempo,-0.11232307588008887,-0.14770483268722726,192,48.0,2480.3451812289422
BTC,2024-07-28 17:00:00+00:00,2024-07-28 17:00:00+00:00,2024-07-30 17:00:00+00:00,-1,67646.1,70097.55618017874,-2383810.080178735,66150.2,tempo,0.6102087453551559,0.5747328532290078,192,48.0,2451.456180178735
BTC,2024-08-06 09:00:00+00:00,2024-08-06 09:00:00+00:00,2024-08-08 09:00:00+00:00,-1,54970.0,58445.54127373022,-3420571.2737302175,57209.9,tempo,-0.6444751546846023,-0.6654551774370698,192,48.0,3475.5412737302177
BTC,2024-08-10 01:00:00+00:00,2024-08-10 01:00:00+00:00,2024-08-12 01:00:00+00:00,-1,60511.6,64236.63765302609,-3664526.053026091,58433.5,tempo,0.55787355553623,0.5371182445295902,192,48.0,3725.037653026091
BTC,2024-08-14 17:00:00+00:00,2024-08-14 17:00:00+00:00,2024-08-16 17:00:00+00:00,-1,59090.5,62553.88844662194,-3404297.9466219386,58529.9,tempo,0.16186460417016957,0.13978990444234388,192,48.0,3463.388446621939
BTC,2024-08-19 09:00:00+00:00,2024-08-19 09:00:00+00:00,2024-08-21 09:00:00+00:00,-1,58580.0,61619.92714230147,-2981347.1423014724,59414.1,tempo,-0.2743815759243877,-0.29961118223065425,192,48.0,3039.9271423014725
BTC,2024-08-22 17:00:00+00:00,2024-08-22 17:00:00+00:00,2024-08-23 18:15:00+00:00,-1,60301.5,63264.673418153565,-2902871.918153565,63264.673418153565,stop,-1.0,-1.0271054040339793,101,25.25,2963.173418153565
BTC,2024-09-17 01:00:00+00:00,2024-09-17 01:00:00+00:00,2024-09-19 01:00:00+00:00,1,57606.0,55427.16392087303,2236442.079126973,62206.6,tempo,2.1114943175731646,2.0757512936963045,192,48.0,2178.8360791269733
BTC,2024-09-21 09:00:00+00:00,2024-09-21 09:00:00+00:00,2024-09-23 09:00:00+00:00,1,63008.2,60669.16990764156,2402038.2923584366,63460.4,tempo,0.19332799585491975,0.1581832620318874,192,48.0,2339.0300923584364
BTC,2024-09-26 17:00:00+00:00,2024-09-26 17:00:00+00:00,2024-09-28 17:00:00+00:00,1,65313.6,63134.18254390372,2244731.0560962786,65485.9,tempo,0.07905782323530741,0.040047547915091686,192,48.0,2179.4174560962783
BTC,2024-11-10 09:00:00+00:00,2024-11-10 09:00:00+00:00,2024-11-12 09:00:00+00:00,1,79170.1,76221.10360945312,3028166.4905468905,89471.1,tempo,3.493052766364927,3.455881890079225,192,48.0,2948.9963905468903
BTC,2024-11-12 09:00:00+00:00,2024-11-12 09:00:00+00:00,2024-11-12 11:00:00+00:00,1,89471.1,85915.24095630708,3645330.143692923,85915.24095630708,stop,-1.0,-1.0320600789347387,8,2.0,3555.8590436929226
BTC,2024-11-12 11:00:00+00:00,2024-11-12 11:00:00+00:00,2024-11-14 11:00:00+00:00,1,86972.1,83421.7510169303,3637321.0830697073,91140.2,tempo,1.1739972661493585,1.1413883605031592,192,48.0,3550.348983069707
BTC,2024-11-17 01:00:00+00:00,2024-11-17 01:00:00+00:00,2024-11-19 01:00:00+00:00,1,90874.0,86636.9795437146,4327894.456285405,91113.9,tempo,0.05661997681510239,0.02870126926566878,192,48.0,4237.020456285405
BTC,2024-11-19 01:00:00+00:00,2024-11-19 01:00:00+00:00,2024-11-21 01:00:00+00:00,1,91113.8,86790.28071555661,4414633.084443391,94708.0,tempo,0.8313135118727043,0.8033769717410116,192,48.0,4323.519284443391
BTC,2024-11-24 09:00:00+00:00,2024-11-24 09:00:00+00:00,2024-11-25 22:00:00+00:00,1,98137.7,94044.84152783109,4190996.1721689114,94044.84152783109,stop,-1.0,-1.03052112669972,148,37.0,4092.8584721689112
BTC,2024-11-25 22:00:00+00:00,2024-11-25 22:00:00+00:00,2024-11-27 22:00:00+00:00,1,93840.0,89894.02618616348,4039813.813836521,96322.3,tempo,0.6290715846354177,0.5977471256218838,192,48.0,3945.973813836521
BTC,2024-11-28 09:00:00+00:00,2024-11-28 09:00:00+00:00,2024-11-30 09:00:00+00:00,1,95522.9,91495.75644673803,4122666.4532619654,97006.0,tempo,0.3682759207326251,0.3372008464659941,192,48.0,4027.1435532619653
BTC,2024-11-30 09:00:00+00:00,2024-11-30 09:00:00+00:00,2024-12-02 09:00:00+00:00,1,97005.9,93134.74729175089,3968158.6082491083,95123.1,tempo,-0.4863667599544436,-0.5186268797202909,192,48.0,3871.1527082491084
BTC,2024-12-02 09:00:00+00:00,2024-12-02 09:00:00+00:00,2024-12-04 09:00:00+00:00,1,95123.1,91514.75556460228,3703467.5353977247,96746.9,tempo,0.4500124722214905,0.41544939149767,192,48.0,3608.3444353977247
BTC,2024-12-04 09:00:00+00:00,2024-12-04 09:00:00+00:00,2024-12-05 22:30:00+00:00,1,96746.9,93031.74859033426,3811898.3096657335,93031.74859033426,stop,-1.0,-1.0332035246969427,150,37.5,3715.151409665734
BTC,2024-12-05 23:00:00+00:00,2024-12-05 23:00:00+00:00,2024-12-07 23:00:00+00:00,1,96616.6,92273.98946612897,4439227.133871033,99655.0,tempo,0.6996713097574383,0.6702934645638751,192,48.0,4342.610533871033
BTC,2024-12-09 01:00:00+00:00,2024-12-09 01:00:00+00:00,2024-12-09 21:15:00+00:00,1,99728.3,95503.41381868639,4324614.481313617,95503.41381868639,stop,-1.0,-1.0300364574419587,81,20.25,4224.886181313617
BTC,2024-12-21 09:00:00+00:00,2024-12-21 09:00:00+00:00,2024-12-23 09:00:00+00:00,-1,98601.7,103133.40630136142,-4433104.601361424,95464.4,tempo,0.6922999398830169,0.6644642955116895,192,48.0,4531.706301361424
BTC,2024-12-30 01:00:00+00:00,2024-12-30 01:00:00+00:00,2025-01-01 01:00:00+00:00,-1,93542.5,97272.58564091445,-3636543.140914447,94363.6,tempo,-0.22012899408891573,-0.2528732731103639,192,48.0,3730.085640914447
BTC,2025-01-03 17:00:00+00:00,2025-01-03 17:00:00+00:00,2025-01-05 17:00:00+00:00,-1,97822.4,101550.6390583799,-3630416.658379899,97995.7,tempo,-0.04648307077049672,-0.08062298589045422,192,48.0,3728.239058379899
BTC,2025-01-09 17:00:00+00:00,2025-01-09 17:00:00+00:00,2025-01-11 17:00:00+00:00,-1,94210.2,97648.7045843685,-3344294.384368507,94410.0,tempo,-0.05810665511638305,-0.0937626000167783,192,48.0,3438.5045843685075
BTC,2025-01-11 17:00:00+00:00,2025-01-11 17:00:00+00:00,2025-01-13 17:00:00+00:00,-1,94410.1,97944.48500381933,-3439974.9038193193,91322.9,tempo,0.8734758654373896,0.8393181690150868,192,48.0,3534.3850038193195
BTC,2025-01-13 17:00:00+00:00,2025-01-13 17:00:00+00:00,2025-01-13 22:30:00+00:00,-1,91322.9,94660.53446745983,-3246311.567459837,94660.53446745983,stop,-1.0,-1.0362200335544394,22,5.5,3337.6344674598367
BTC,2025-01-13 23:00:00+00:00,2025-01-13 23:00:00+00:00,2025-01-15 13:45:00+00:00,-1,94360.1,97848.02630215586,-3393566.202155858,97848.02630215586,stop,-1.0,-1.0358193583445785,155,38.75,3487.926302155858
BTC,2025-01-15 17:00:00+00:00,2025-01-15 17:00:00+00:00,2025-01-17 12:45:00+00:00,-1,98948.1,102643.85270868699,-3596804.6086869813,102643.85270868699,stop,-1.0,-1.0354555024616894,175,43.75,3695.7527086869814
BTC,2025-01-17 17:00:00+00:00,2025-01-17 17:00:00+00:00,2025-01-19 17:00:00+00:00,-1,104923.9,108939.89753077802,-3911073.6307780263,104942.9,tempo,-0.004731078606096428,-0.038698584550646245,192,48.0,4015.997530778026
BTC,2025-01-24 01:00:00+00:00,2025-01-24 01:00:00+00:00,2025-01-26 01:00:00+00:00,-1,103416.8,108712.90894331835,-5192692.143318351,104562.4,tempo,-0.21630974971640207,-0.2418353726684286,192,48.0,5296.1089433183515
BTC,2025-01-27 09:00:00+00:00,2025-01-27 09:00:00+00:00,2025-01-28 15:45:00+00:00,-1,98986.7,103574.00625880017,-4488319.558800178,103574.00625880017,stop,-1.0,-1.028701911675428,123,30.75,4587.306258800178
BTC,2025-01-28 16:00:00+00:00,2025-01-28 16:00:00+00:00,2025-01-30 16:00:00+00:00,-1,102730.6,107532.22452695481,-4698893.92695481,105519.4,tempo,-0.5808034310772412,-0.6089944108675429,192,48.0,4801.624526954809
BTC,2025-01-31 01:00:00+00:00,2025-01-31 01:00:00+00:00,2025-02-02 01:00:00+00:00,-1,104844.6,109418.81854047762,-4469373.940477611,101208.6,tempo,0.7948898741554995,0.7656095547272075,192,48.0,4574.21854047761
BTC,2025-02-02 09:00:00+00:00,2025-02-02 09:00:00+00:00,2025-02-04 09:00:00+00:00,-1,99782.1,103941.59687932294,-4059714.7793229343,98245.0,tempo,0.3695398853743601,0.33859440837692284,192,48.0,4159.496879322935
BTC,2025-02-04 17:00:00+00:00,2025-02-04 17:00:00+00:00,2025-02-06 17:00:00+00:00,-1,99020.6,103780.58633056114,-4660965.730561136,96542.5,tempo,0.5206107387514015,0.4939056168934119,192,48.0,4759.986330561136
BTC,2025-02-08 01:00:00+00:00,2025-02-08 01:00:00+00:00,2025-02-10 01:00:00+00:00,-1,96613.1,101033.09365804688,-4323380.558046879,96677.7,tempo,-0.01461540558601999,-0.04304056401837796,192,48.0,4419.993658046878
BTC,2025-02-11 17:00:00+00:00,2025-02-11 17:00:00+00:00,2025-02-13 17:00:00+00:00,-1,96328.0,100284.06389838202,-3859735.8983820244,95321.0,tempo,0.2545459390612596,0.22305710237918575,192,48.0,3956.0638983820245
BTC,2025-02-13 17:00:00+00:00,2025-02-13 17:00:00+00:00,2025-02-15 17:00:00+00:00,-1,95321.0,99112.08921627526,-3695768.216275257,97494.4,tempo,-0.5732917048402671,-0.6063508081348967,192,48.0,3791.089216275257
BTC,2025-02-16 09:00:00+00:00,2025-02-16 09:00:00+00:00,2025-02-18 09:00:00+00:00,-1,97120.3,100634.07044873375,-3416650.148733747,95193.5,tempo,0.5483568229946157,0.5127813715461447,192,48.0,3513.770448733747
BTC,2025-03-01 09:00:00+00:00,2025-03-01 09:00:00+00:00,2025-03-02 16:30:00+00:00,-1,85260.1,88873.24286800725,-3527882.768007242,88873.24286800725,stop,-1.0,-1.0313263762322884,126,31.5,3613.142868007242
ETH,2023-01-14 09:00:00+00:00,2023-01-14 09:00:00+00:00,2023-01-16 09:00:00+00:00,1,1563.93,1494.385298050975,71108.631949025,1538.58,tempo,-0.364513748561051,-0.39351137804946484,192,48.0,69.54470194902501
ETH,2023-02-11 09:00:00+00:00,2023-02-11 09:00:00+00:00,2023-02-13 09:00:00+00:00,-1,1522.07,1587.749222988727,-64157.15298872714,1505.61,tempo,0.2506119782023784,0.2206482863307834,192,48.0,65.67922298872713
ETH,2023-02-13 09:00:00+00:00,2023-02-13 09:00:00+00:00,2023-02-14 15:15:00+00:00,-1,1505.61,1567.4276479241632,-60312.037924163335,1567.4276479241632,stop,-1.0,-1.032312366099745,121,30.25,61.81764792416334
ETH,2023-02-14 16:00:00+00:00,2023-02-14 16:00:00+00:00,2023-02-15 19:30:00+00:00,-1,1544.22,1610.0473350169402,-64283.115016940195,1610.0473350169402,stop,-1.0,-1.0311462368518092,110,27.5,65.8273350169402
ETH,2023-02-15 20:00:00+00:00,2023-02-15 20:00:00+00:00,2023-02-16 00:15:00+00:00,-1,1628.29,1697.9755243303343,-68057.23433033438,1697.9755243303343,stop,-1.0,-1.0310261365124516,17,4.25,69.68552433033437
ETH,2023-02-16 17:00:00+00:00,2023-02-16 17:00:00+00:00,2023-02-16 23:45:00+00:00,1,1716.92,1640.452182960788,78184.73703921215,1640.452182960788,stop,-1.0,-1.0285386977609867,27,6.75,76.46781703921215
ETH,2023-02-17 00:00:00+00:00,2023-02-17 00:00:00+00:00,2023-02-19 00:00:00+00:00,1,1638.99,1563.978483567003,76650.50643299705,1691.66,tempo,0.7021588484622464,0.6732976468368429,192,48.0,75.01151643299704
ETH,2023-02-23 17:00:00+00:00,2023-02-23 17:00:00+00:00,2023-02-25 17:00:00+00:00,-1,1646.47,1715.2083569577596,-67091.8869577596,1595.56,tempo,0.7406345198399894,0.7099774079556456,192,48.0,68.7383569577596
ETH,2023-02-25 17:00:00+00:00,2023-02-25 17:00:00+00:00,2023-02-27 13:45:00+00:00,-1,1595.55,1659.2302128620913,-62084.66286209136,1659.2302128620913,stop,-1.0,-1.0332223628545654,179,44.75,63.680212862091366
ETH,2023-02-28 01:00:00+00:00,2023-02-28 01:00:00+00:00,2023-03-02 01:00:00+00:00,-1,1627.51,1689.6925969810382,-60555.086981038155,1658.26,tempo,-0.49451135032808047,-0.5288577849205641,192,48.0,62.18259698103816
ETH,2023-03-03 01:00:00+00:00,2023-03-03 01:00:00+00:00,2023-03-05 01:00:00+00:00,-1,1642.44,1703.094983449864,-59012.543449863944,1569.73,tempo,1.19874733887448,1.1643246025839686,192,48.0,60.65498344986395
ETH,2023-03-05 01:00:00+00:00,2023-03-05 01:00:00+00:00,2023-03-07 01:00:00+00:00,-1,1569.73,1635.8710655265625,-64571.335526562434,1565.0,tempo,0.07151381614952115,0.04070731970471102,192,48.0,66.14106552656244
ETH,2023-03-07 01:00:00+00:00,2023-03-07 01:00:00+00:00,2023-03-09 01:00:00+00:00,-1,1565.01,1626.1223625023545,-59547.35250235447,1535.38,tempo,0.48484461714040805,0.4518684169497779,192,48.0,61.11236250235447
ETH,2023-03-09 17:00:00+00:00,2023-03-09 17:00:00+00:00,2023-03-11 17:00:00+00:00,-1,1525.95,1580.7248811338445,-53248.931133844475,1431.35,tempo,1.7270690148800414,1.6919754654243535,192,48.0,54.774881133844474
ETH,2023-03-12 17:00:00+00:00,2023-03-12 17:00:00+00:00,2023-03-12 17:30:00+00:00,-1,1461.34,1529.7566081843147,-66955.26818431479,1529.7566081843147,stop,-1.0,-1.0284172636866487,2,0.5,68.41660818431478
ETH,2023-03-12 18:00:00+00:00,2023-03-12 18:00:00+00:00,2023-03-12 22:30:00+00:00,-1,1514.44,1589.6470785090314,-73692.63850903136,1589.6470785090314,stop,-1.0,-1.0268280146102016,18,4.5,75.20707850903136
ETH,2023-03-12 23:00:00+00:00,2023-03-12 23:00:00+00:00,2023-03-13 15:00:00+00:00,-1,1564.23,1644.1158729183073,-78321.64291830732,1644.1158729183073,stop,-1.0,-1.0261050513841101,64,16.0,79.88587291830731
ETH,2023-03-15 01:00:00+00:00,2023-03-15 01:00:00+00:00,2023-03-17 01:00:00+00:00,1,1701.32,1609.4618966543514,93559.4233456485,1664.58,tempo,-0.39996471363830377,-0.4237822639720778,192,48.0,91.85810334564849
ETH,2023-03-25 17:00:00+00:00,2023-03-25 17:00:00+00:00,2023-03-27 17:00:00+00:00,-1,1751.85,1843.491018540675,-89889.16854067508,1716.41,tempo,0.3867263869865185,0.3621263875986964,192,48.0,91.64101854067508
ETH,2023-03-28 01:00:00+00:00,2023-03-28 01:00:00+00:00,2023-03-28 20:00:00+00:00,-1,1706.62,1792.6578695053022,-84331.2495053023,1792.6578695053022,stop,-1.0,-1.0264363893278212,76,19.0,86.0378695053023
ETH,2023-04-03 01:00:00+00:00,2023-04-03 01:00:00+00:00,2023-04-04 11:15:00+00:00,-1,1790.11,1867.6681571275826,-75768.04712758271,1867.6681571275826,stop,-1.0,-1.0306551353227986,137,34.25,77.55815712758272
ETH,2023-04-10 09:00:00+00:00,2023-04-10 09:00:00+00:00,2023-04-11 02:00:00+00:00,-1,1856.28,1925.172493311015,-67036.21331101496,1925.172493311015,stop,-1.0,-1.0356779672577066,68,17.0,68.89249331101496
ETH,2023-04-23 01:00:00+00:00,2023-04-23 01:00:00+00:00,2023-04-25 01:00:00+00:00,-1,1856.35,1932.8638326018229,-74657.48260182297,1840.26,tempo,0.21028877332197013,0.17888534706172615,192,48.0,76.51383260182297
ETH,2023-06-15 01:00:00+00:00,2023-06-15 01:00:00+00:00,2023-06-16 18:15:00+00:00,-1,1654.53,1717.4186894370912,-61234.15943709122,1717.4186894370912,stop,-1.0,-1.034851523664308,165,41.25,62.888689437091216
ETH,2023-08-18 01:00:00+00:00,2023-08-18 01:00:00+00:00,2023-08-20 01:00:00+00:00,-1,1694.41,1763.7132148219687,-67608.80482196859,1673.0,tempo,0.3089322776006817,0.2773490890628513,192,48.0,69.3032148219686
ETH,2023-08-20 01:00:00+00:00,2023-08-20 01:00:00+00:00,2023-08-22 01:00:00+00:00,-1,1673.0,1737.9662223716086,-63293.22237160864,1666.02,tempo,0.10744044743858154,0.07403288700532344,192,48.0,64.96622237160864
ETH,2023-08-22 09:00:00+00:00,2023-08-22 09:00:00+00:00,2023-08-24 09:00:00+00:00,-1,1664.15,1723.4836319415654,-57669.48194156527,1673.09,tempo,-0.15067339900588567,-0.18723286669760464,192,48.0,59.33363194156527
ETH,2023-08-24 17:00:00+00:00,2023-08-24 17:00:00+00:00,2023-08-26 17:00:00+00:00,-1,1650.38,1710.1149638392171,-58084.58383921702,1647.61,tempo,0.04637150208135988,0.01048475565643564,192,48.0,59.734963839217016
ETH,2023-08-26 17:00:00+00:00,2023-08-26 17:00:00+00:00,2023-08-28 17:00:00+00:00,-1,1647.61,1702.9682266049642,-53710.61660496433,1650.21,tempo,-0.04696682244815584,-0.08568885404964813,192,48.0,55.35822660496433
ETH,2023-08-29 17:00:00+00:00,2023-08-29 17:00:00+00:00,2023-08-31 17:00:00+00:00,-1,1734.32,1798.7920688467577,-62737.74884675779,1649.75,tempo,1.3117308241032635,1.27761301868231,192,48.0,64.4720688467578
ETH,2023-09-04 09:00:00+00:00,2023-09-04 09:00:00+00:00,2023-09-06 09:00:00+00:00,-1,1638.38,1690.674359027274,-50655.97902727391,1630.6,tempo,0.14877321655176176,0.10814097553142915,192,48.0,52.29435902727391
ETH,2023-09-27 01:00:00+00:00,2023-09-27 01:00:00+00:00,2023-09-29 01:00:00+00:00,1,1594.18,1558.2518069545526,37522.37304544741,1653.1,tempo,1.6399377482042838,1.5811891215385891,192,48.0,35.928193045447415
ETH,2023-10-02 01:00:00+00:00,2023-10-02 01:00:00+00:00,2023-10-02 18:45:00+00:00,1,1723.76,1675.3454167432533,50138.34325674671,1675.3454167432533,stop,-1.0,-1.045635392732111,71,17.75,48.41458325674671
ETH,2023-10-06 01:00:00+00:00,2023-10-06 01:00:00+00:00,2023-10-08 01:00:00+00:00,1,1616.42,1570.4950011365281,47541.418863471954,1636.1,tempo,0.4285247792494342,0.3824901999937001,192,48.0,45.924998863471956
ETH,2023-10-08 01:00:00+00:00,2023-10-08 01:00:00+00:00,2023-10-09 10:00:00+00:00,1,1636.1,1591.5287153507081,46207.38464929178,1591.5287153507081,stop,-1.0,-1.0470697374214295,132,33.0,44.57128464929178
ETH,2023-11-02 01:00:00+00:00,2023-11-02 01:00:00+00:00,2023-11-03 01:00:00+00:00,1,1848.73,1782.6423589885446,67936.37101145538,1782.6423589885446,stop,-1.0,-1.035716088473084,96,24.0,66.08764101145539
ETH,2023-11-09 17:00:00+00:00,2023-11-09 17:00:00+00:00,2023-11-11 17:00:00+00:00,1,2018.57,1940.6838173239323,79904.75267606763,2086.57,tempo,0.8730688507718436,0.8388093594433527,192,48.0,77.88618267606762
ETH,2023-11-11 17:00:00+00:00,2023-11-11 17:00:00+00:00,2023-11-13 17:00:00+00:00,1,2086.57,2003.6178721017031,85038.69789829703,2088.41,tempo,0.022181468355526843,-0.010533026965523402,192,48.0,82.95212789829702
ETH,2023-11-13 17:00:00+00:00,2023-11-13 17:00:00+00:00,2023-11-14 18:45:00+00:00,1,2088.41,2006.687582081169,83810.82791883085,2006.687582081169,stop,-1.0,-1.0325713983523659,103,25.75,81.72241791883084
ETH,2023-12-08 01:00:00+00:00,2023-12-08 01:00:00+00:00,2023-12-10 01:00:00+00:00,1,2361.92,2271.6716992149095,92610.22078509057,2353.35,tempo,-0.0949602366520785,-0.1289212694176543,192,48.0,90.24830078509058
ETH,2023-12-10 01:00:00+00:00,2023-12-10 01:00:00+00:00,2023-12-11 02:15:00+00:00,1,2353.36,2267.0407920542066,88672.56794579355,2267.0407920542066,stop,-1.0,-1.0347924938875854,101,25.25,86.31920794579355
ETH,2023-12-11 03:00:00+00:00,2023-12-11 03:00:00+00:00,2023-12-13 03:00:00+00:00,1,2230.14,2136.780778480954,95589.36151904606,2175.99,tempo,-0.5800176899392101,-0.6106947291582627,192,48.0,93.35922151904606
ETH,2023-12-13 09:00:00+00:00,2023-12-13 09:00:00+00:00,2023-12-15 09:00:00+00:00,1,2186.64,2096.470239245727,92356.40075427284,2278.19,tempo,1.0153071188631488,0.983121833289321,192,48.0,90.16976075427283
ETH,2023-12-18 01:00:00+00:00,2023-12-18 01:00:00+00:00,2023-12-20 01:00:00+00:00,1,2194.73,2111.522789099261,85401.94090073902,2186.24,tempo,-0.1020344259601283,-0.1362577879641383,192,48.0,83.20721090073903
ETH,2023-12-20 17:00:00+00:00,2023-12-20 17:00:00+00:00,2023-12-22 17:00:00+00:00,1,2224.76,2134.261555196118,92723.20480388218,2317.5,tempo,1.0247689913453786,0.9921444638587654,192,48.0,90.4984448038822
ETH,2023-12-22 17:00:00+00:00,2023-12-22 17:00:00+00:00,2023-12-24 17:00:00+00:00,1,2317.49,2221.674731316339,98132.75868366064,2295.43,tempo,-0.23023470374885913,-0.261528233905304,192,48.0,95.81526868366063
ETH,2023-12-24 17:00:00+00:00,2023-12-24 17:00:00+00:00,2023-12-26 17:00:00+00:00,1,2295.44,2205.7862230940727,91949.21690592731,2224.42,tempo,-0.7921584840147946,-0.8249279790811621,192,48.0,89.65377690592732
ETH,2023-12-26 17:00:00+00:00,2023-12-26 17:00:00+00:00,2023-12-28 17:00:00+00:00,1,2224.42,2140.449767659126,86194.65234087419,2370.49,tempo,1.7395450259924696,1.7039765701630796,192,48.0,83.97023234087419
ETH,2023-12-28 17:00:00+00:00,2023-12-28 17:00:00+00:00,2023-12-29 22:00:00+00:00,1,2370.48,2276.103784273805,96746.69572619491,2276.103784273805,stop,-1.0,-1.0320025489106326,116,29.0,94.37621572619491
ETH,2023-12-29 22:00:00+00:00,2023-12-29 22:00:00+00:00,2023-12-31 22:00:00+00:00,1,2287.75,2193.936415115022,96101.3348849779,2284.72,tempo,-0.03229809418023194,-0.06397906558372335,192,48.0,93.8135848849779
ETH,2023-12-31 22:00:00+00:00,2023-12-31 22:00:00+00:00,2024-01-02 22:00:00+00:00,1,2284.72,2196.7538727426418,90250.84725735804,2368.26,tempo,0.9496837317345082,0.9153018952902191,192,48.0,87.96612725735804
ETH,2024-01-02 22:00:00+00:00,2024-01-02 22:00:00+00:00,2024-01-03 12:15:00+00:00,1,2368.25,2276.546615957002,94071.63404299809,2276.546615957002,stop,-1.0,-1.0329226432795156,57,14.25,91.7033840429981
ETH,2024-02-01 01:00:00+00:00,2024-02-01 01:00:00+00:00,2024-02-03 01:00:00+00:00,-1,2282.4,2372.417393011843,-87734.99301184308,2313.0,tempo,-0.3399343057621547,-0.37311689303844936,192,48.0,90.01739301184307
ETH,2024-02-03 17:00:00+00:00,2024-02-03 17:00:00+00:00,2024-02-05 17:00:00+00:00,-1,2304.97,2390.6074370720253,-83332.46707202548,2300.31,tempo,0.054415453793655165,0.01946074120128309,192,48.0,85.63743707202548
ETH,2024-02-06 01:00:00+00:00,2024-02-06 01:00:00+00:00,2024-02-06 20:15:00+00:00,-1,2301.97,2382.3744039785074,-78102.43397850762,2382.3744039785074,stop,-1.0,-1.0378688692649214,77,19.25,80.40440397850762
ETH,2024-02-07 09:00:00+00:00,2024-02-07 09:00:00+00:00,2024-02-07 21:00:00+00:00,-1,2362.48,2441.7744715239032,-76931.99152390321,2441.7744715239032,stop,-1.0,-1.0393818805583335,48,12.0,79.29447152390321
ETH,2024-02-07 21:00:00+00:00,2024-02-07 21:00:00+00:00,2024-02-09 12:15:00+00:00,-1,2438.64,2521.227876084861,-80149.23608486091,2521.227876084861,stop,-1.0,-1.039036166956788,157,39.25,82.58787608486091
ETH,2024-02-11 17:00:00+00:00,2024-02-11 17:00:00+00:00,2024-02-12 17:30:00+00:00,-1,2507.26,2587.59235684164,-77825.09684163993,2587.59235684164,stop,-1.0,-1.0412244102146209,98,24.5,80.33235684163992
ETH,2024-02-15 17:00:00+00:00,2024-02-15 17:00:00+00:00,2024-02-17 14:45:00+00:00,1,2830.98,2724.3341379379135,109476.8420620865,2724.3341379379135,stop,-1.0,-1.0338592995531082,183,45.75,106.64586206208651
ETH,2024-02-20 01:00:00+00:00,2024-02-20 01:00:00+00:00,2024-02-22 01:00:00+00:00,1,2937.32,2828.773543163962,111483.77683603804,2942.44,tempo,0.04716874368118502,0.011959450707458706,192,48.0,108.54645683603803
ETH,2024-02-25 09:00:00+00:00,2024-02-25 09:00:00+00:00,2024-02-27 09:00:00+00:00,1,3020.8,2899.1768357591814,124643.96424081882,3223.36,tempo,1.66547220888714,1.6321010659364141,192,48.0,121.62316424081882
ETH,2024-02-27 09:00:00+00:00,2024-02-27 09:00:00+00:00,2024-02-29 09:00:00+00:00,1,3223.36,3090.0988772429564,136484.4827570437,3483.71,tempo,1.9536830743551477,1.920968390508845,192,48.0,133.26112275704372
ETH,2024-02-29 09:00:00+00:00,2024-02-29 09:00:00+00:00,2024-02-29 21:45:00+00:00,1,3483.72,3324.008076136496,163195.64386350368,3324.008076136496,stop,-1.0,-1.0277062797970584,51,12.75,159.71192386350367
ETH,2024-02-29 22:00:00+00:00,2024-02-29 22:00:00+00:00,2024-03-02 22:00:00+00:00,1,3350.55,3192.608839422069,161291.71057793096,3411.39,tempo,0.3852067426716176,0.3573782717149837,192,48.0,157.941160577931
ETH,2024-03-02 22:00:00+00:00,2024-03-02 22:00:00+00:00,2024-03-04 22:00:00+00:00,1,3411.38,3256.3669445777145,158424.43542228558,3583.3,tempo,1.1090678751648158,1.0797378165603044,192,48.0,155.01305542228556
ETH,2024-03-04 22:00:00+00:00,2024-03-04 22:00:00+00:00,2024-03-05 20:00:00+00:00,1,3583.27,3422.7891556848735,164064.1143151264,3422.7891556848735,stop,-1.0,-1.0283768350710623,88,22.0,160.48084431512643
ETH,2024-03-05 20:00:00+00:00,2024-03-05 20:00:00+00:00,2024-03-07 20:00:00+00:00,1,3377.53,3183.894126291219,197013.4037087812,3874.31,tempo,2.5655370076059993,2.5411939150285923,192,48.0,193.63587370878122
ETH,2024-03-07 20:00:00+00:00,2024-03-07 20:00:00+00:00,2024-03-09 20:00:00+00:00,1,3874.31,3635.7341548706872,242450.1551293127,3884.64,tempo,0.04329859963149609,0.02215933678086499,192,48.0,238.5758451293127
ETH,2024-03-09 20:00:00+00:00,2024-03-09 20:00:00+00:00,2024-03-11 20:00:00+00:00,1,3884.64,3656.9656438451366,231558.9961548633,4036.12,tempo,0.6653362396991424,0.6427228277762905,192,48.0,227.6743561548633
ETH,2024-03-11 20:00:00+00:00,2024-03-11 20:00:00+00:00,2024-03-13 20:00:00+00:00,1,4036.12,3804.009877884261,236146.24211573869,4004.13,tempo,-0.13782251160959014,-0.1603383866277164,192,48.0,232.1101221157387
ETH,2024-05-21 09:00:00+00:00,2024-05-21 09:00:00+00:00,2024-05-23 09:00:00+00:00,1,3661.55,3439.220053529495,225991.49647050508,3813.79,tempo,0.6847480621338446,0.6628932869353781,192,48.0,222.3299464705051
ETH,2024-05-29 01:00:00+00:00,2024-05-29 01:00:00+00:00,2024-05-31 01:00:00+00:00,1,3851.62,3647.0083439529863,208463.27604701364,3755.32,tempo,-0.47064767404000124,-0.4948130177722464,192,48.0,204.61165604701364
ETH,2024-06-01 01:00:00+00:00,2024-06-01 01:00:00+00:00,2024-06-03 01:00:00+00:00,1,3766.55,3582.841733014646,187474.81698535438,3775.99,tempo,0.05138582032757501,0.024698665304819012,192,48.0,183.70826698535438
ETH,2024-06-05 01:00:00+00:00,2024-06-05 01:00:00+00:00,2024-06-07 01:00:00+00:00,1,3822.47,3659.8657473013077,166426.72269869212,3811.13,tempo,-0.06973987341532122,-0.10025469647591088,192,48.0,162.6042526986921
ETH,2024-06-07 17:00:00+00:00,2024-06-07 17:00:00+00:00,2024-06-07 18:15:00+00:00,1,3786.98,3638.110619925134,152656.36007486607,3638.110619925134,stop,-1.0,-1.0324197554965582,5,1.25,148.86938007486606
ETH,2024-06-07 19:00:00+00:00,2024-06-07 19:00:00+00:00,2024-06-09 19:00:00+00:00,1,3681.0,3532.6534188175847,152027.5811824153,3706.42,tempo,0.17135548252872917,0.13898653299361716,192,48.0,148.34658118241532
ETH,2024-06-20 17:00:00+00:00,2024-06-20 17:00:00+00:00,2024-06-22 17:00:00+00:00,-1,3514.8,3649.296593508512,-130981.79350851198,3503.4,tempo,0.084760511048026,0.05084270033625289,192,48.0,134.49659350851198
ETH,2024-06-22 17:00:00+00:00,2024-06-22 17:00:00+00:00,2024-06-24 17:00:00+00:00,-1,3503.4,3634.903327123991,-127999.92712399087,3258.78,tempo,1.86018107183976,1.8267566931861638,192,48.0,131.50332712399086
ETH,2024-07-05 17:00:00+00:00,2024-07-05 17:00:00+00:00,2024-07-07 17:00:00+00:00,-1,2966.3,3110.6998676002445,-141433.5676002443,2989.55,tempo,-0.16101122796293107,-0.18782082664426292,192,48.0,144.3998676002443
ETH,2024-07-07 17:00:00+00:00,2024-07-07 17:00:00+00:00,2024-07-09 17:00:00+00:00,-1,2989.56,3127.2876761312014,-134738.11613120142,3074.4,tempo,-0.6159981957379453,-0.6446168010228062,192,48.0,137.7276761312014
ETH,2024-07-10 01:00:00+00:00,2024-07-10 01:00:00+00:00,2024-07-11 12:45:00+00:00,-1,3031.79,3183.851097175086,-149029.30717508614,3183.851097175086,stop,-1.0,-1.0265693644740173,143,35.75,152.06109717508616
ETH,2024-07-11 18:00:00+00:00,2024-07-11 18:00:00+00:00,2024-07-13 18:00:00+00:00,-1,3129.19,3281.0869944991346,-148767.8044991345,3155.14,tempo,-0.17083945660391378,-0.19773146005315434,192,48.0,151.8969944991345
ETH,2024-07-14 18:00:00+00:00,2024-07-14 18:00:00+00:00,2024-07-15 02:45:00+00:00,-1,3188.83,3330.247956954204,-138229.12695420388,3330.247956954204,stop,-1.0,-1.029963667721437,35,8.75,141.41795695420387
ETH,2024-07-15 09:00:00+00:00,2024-07-15 09:00:00+00:00,2024-07-17 01:30:00+00:00,-1,3351.12,3501.35625869867,-146885.1386986701,3501.35625869867,stop,-1.0,-1.029647367464653,162,40.5,150.2362586986701
ETH,2024-07-18 17:00:00+00:00,2024-07-18 17:00:00+00:00,2024-07-20 17:00:00+00:00,-1,3418.87,3567.363346736204,-145074.47673620435,3496.87,tempo,-0.525276059260524,-0.5555483313777771,192,48.0,148.49334673620433
ETH,2024-07-20 17:00:00+00:00,2024-07-20 17:00:00+00:00,2024-07-22 17:00:00+00:00,-1,3496.86,3640.9697835343213,-140612.92353432122,3452.11,tempo,0.31052714744618526,0.27918416441461147,192,48.0,144.1097835343212
ETH,2024-07-22 17:00:00+00:00,2024-07-22 17:00:00+00:00,2024-07-24 17:00:00+00:00,-1,3452.11,3588.3882154015564,-132826.1054015563,3419.26,tempo,0.24105099926062554,0.20827693858746973,192,48.0,136.27821540155628
ETH,2024-07-25 09:00:00+00:00,2024-07-25 09:00:00+00:00,2024-07-27 09:00:00+00:00,-1,3175.48,3314.1337112410633,-135478.2312410633,3266.77,tempo,-0.6584028597783668,-0.68860372827672,192,48.0,138.65371124106332
ETH,2024-07-27 17:00:00+00:00,2024-07-27 17:00:00+00:00,2024-07-29 17:00:00+00:00,-1,3270.86,3410.005307793791,-135874.44779379084,3270.16,tempo,0.005030712218033625,-0.02552484921204231,192,48.0,139.14530779379083
ETH,2024-08-05 01:00:00+00:00,2024-08-05 01:00:00+00:00,2024-08-07 01:00:00+00:00,-1,2526.04,2669.775059529685,-141209.01952968526,2457.92,tempo,0.4739275179131312,0.45138900844578067,192,48.0,143.73505952968526
ETH,2024-08-07 01:00:00+00:00,2024-08-07 01:00:00+00:00,2024-08-08 23:00:00+00:00,-1,2457.93,2660.028831107628,-199640.90110762804,2660.028831107628,stop,-1.0,-1.0164606258333495,184,46.0,202.09883110762803
ETH,2024-08-08 23:00:00+00:00,2024-08-08 23:00:00+00:00,2024-08-10 23:00:00+00:00,-1,2706.36,2933.4234699959457,-224357.10999594553,2604.87,tempo,0.44696753732254885,0.43176342060548445,192,48.0,227.06346999594552
ETH,2024-08-13 09:00:00+00:00,2024-08-13 09:00:00+00:00,2024-08-15 09:00:00+00:00,-1,2641.34,2840.7953014500195,-196813.9614500193,2620.66,tempo,0.10368237820533643,0.08653417519877418,192,48.0,199.4553014500193
ETH,2024-09-16 09:00:00+00:00,2024-09-16 09:00:00+00:00,2024-09-18 09:00:00+00:00,-1,2314.73,2416.2771600638994,-99232.43006389936,2320.2,tempo,-0.05386659751545744,-0.08353463055650194,192,48.0,101.54716006389936
ETH,2024-09-20 01:00:00+00:00,2024-09-20 01:00:00+00:00,2024-09-22 01:00:00+00:00,1,2446.7,2340.966368067599,108180.33193240083,2619.36,tempo,1.6329714287161516,1.601827705193013,192,48.0,105.73363193240084
ETH,2024-11-07 09:00:00+00:00,2024-11-07 09:00:00+00:00,2024-11-09 09:00:00+00:00,1,2822.45,2685.1164134390206,140156.03656097926,3025.88,tempo,1.4812836764419075,1.4536035248111767,192,48.0,137.33358656097926
ETH,2024-11-10 17:00:00+00:00,2024-11-10 17:00:00+00:00,2024-11-12 17:00:00+00:00,1,3214.6,3059.658721243849,158155.87875615095,3255.9,tempo,0.2665525954836011,0.23940795698723763,192,48.0,154.94127875615095
ETH,2024-11-12 17:00:00+00:00,2024-11-12 17:00:00+00:00,2024-11-14 15:30:00+00:00,1,3255.89,3084.331407353072,174814.482646928,3084.331407353072,stop,-1.0,-1.0240217866747188,186,46.5,171.558592646928
ETH,2024-11-16 01:00:00+00:00,2024-11-16 01:00:00+00:00,2024-11-18 01:00:00+00:00,1,3086.66,2904.854944801594,184891.71519840608,3100.08,tempo,0.07381532920168069,0.051696136775422695,192,48.0,181.80505519840608
ETH,2024-11-18 01:00:00+00:00,2024-11-18 01:00:00+00:00,2024-11-20 01:00:00+00:00,1,3100.08,2920.986167226157,182193.91277384313,3109.34,tempo,0.05170473966958762,0.029168380167489343,192,48.0,179.09383277384313
ETH,2024-11-20 01:00:00+00:00,2024-11-20 01:00:00+00:00,2024-11-22 01:00:00+00:00,1,3109.35,2931.7193011093646,180740.04889063537,3319.41,tempo,1.1825658588965573,1.1590412427907975,192,48.0,177.63069889063536
ETH,2024-11-22 01:00:00+00:00,2024-11-22 01:00:00+00:00,2024-11-24 01:00:00+00:00,1,3319.41,3120.4496480100797,202279.76198992014,3420.23,tempo,0.5067341256267378,0.4847158392888551,192,48.0,198.96035198992013
ETH,2024-11-24 01:00:00+00:00,2024-11-24 01:00:00+00:00,2024-11-26 01:00:00+00:00,1,3420.23,3223.4570620559425,200193.16794405752,3428.84,tempo,0.043756016909438776,0.02113148557644789,192,48.0,196.7729379440575
ETH,2024-11-26 01:00:00+00:00,2024-11-26 01:00:00+00:00,2024-11-28 01:00:00+00:00,1,3428.84,3227.9094883581765,204359.35164182362,3644.76,tempo,1.0746003592769253,1.0517176225415705,192,48.0,200.9305116418236
ETH,2024-11-28 01:00:00+00:00,2024-11-28 01:00:00+00:00,2024-11-30 01:00:00+00:00,1,3644.77,3437.2781488413616,211136.62115863836,3592.76,tempo,-0.25066044622752626,-0.27333311734078,192,48.0,207.49185115863838
ETH,2024-11-30 09:00:00+00:00,2024-11-30 09:00:00+00:00,2024-12-02 09:00:00+00:00,1,3695.97,3498.932889108831,200733.0808911686,3606.02,tempo,-0.45651298678289476,-0.4806013094269553,192,48.0,197.0371108911686
ETH,2024-12-02 09:00:00+00:00,2024-12-02 09:00:00+00:00,2024-12-04 09:00:00+00:00,1,3606.01,3419.8434560658725,189772.55393412773,3705.29,tempo,0.5332859379670737,0.5077585531879828,192,48.0,186.16654393412773
ETH,2024-12-05 09:00:00+00:00,2024-12-05 09:00:00+00:00,2024-12-05 22:30:00+00:00,1,3910.22,3701.1806489395462,212949.57106045357,3701.1806489395462,stop,-1.0,-1.0236673640475469,54,13.5,209.03935106045355
ETH,2025-01-13 17:00:00+00:00,2025-01-13 17:00:00+00:00,2025-01-14 01:15:00+00:00,-1,3009.0,3154.520342593463,-142511.34259346282,3154.520342593463,stop,-1.0,-1.0275307778368694,33,8.25,145.52034259346283
ETH,2025-01-14 02:00:00+00:00,2025-01-14 02:00:00+00:00,2025-01-15 14:00:00+00:00,-1,3138.0,3291.425444495878,-150287.44449587786,3291.425444495878,stop,-1.0,-1.0272388100464953,144,36.0,153.42544449587785
ETH,2025-01-15 14:00:00+00:00,2025-01-15 14:00:00+00:00,2025-01-15 20:30:00+00:00,-1,3297.01,3461.3798367967115,-161072.82679671128,3461.3798367967115,stop,-1.0,-1.0267260312447166,26,6.5,164.3698367967113
ETH,2025-01-15 21:00:00+00:00,2025-01-15 21:00:00+00:00,2025-01-17 21:00:00+00:00,-1,3432.73,3606.2844784656113,-170121.74846561128,3513.94,tempo,-0.4679222381235831,-0.4939390573950874,192,48.0,173.55447846561128
ETH,2025-01-26 17:00:00+00:00,2025-01-26 17:00:00+00:00,2025-01-28 17:00:00+00:00,-1,3314.39,3503.3634437343085,-185659.05373430857,3149.41,tempo,0.8730327221636354,0.8507995982020107,192,48.0,188.9734437343086
ETH,2025-01-28 17:00:00+00:00,2025-01-28 17:00:00+00:00,2025-01-30 17:00:00+00:00,-1,3149.41,3328.2642628980366,-175704.8528980367,3277.48,tempo,-0.7160578558477623,-0.7394147411258143,192,48.0,178.85426289803672
ETH,2025-02-01 17:00:00+00:00,2025-02-01 17:00:00+00:00,2025-02-03 17:00:00+00:00,-1,3241.25,3416.913670931112,-172422.42093111193,2704.23,tempo,3.0570919823860288,3.0350922030377108,192,48.0,175.66367093111194
ETH,2025-02-03 17:00:00+00:00,2025-02-03 17:00:00+00:00,2025-02-05 17:00:00+00:00,-1,2704.23,2934.3929294689606,-227458.69946896055,2770.46,tempo,-0.28775268090655626,-0.3032136785059977,192,48.0,230.16292946896056
ETH,2025-02-05 17:00:00+00:00,2025-02-05 17:00:00+00:00,2025-02-07 17:00:00+00:00,-1,2770.47,3016.5501721686073,-243309.70216860753,2692.38,tempo,0.3173356037254985,0.30290594663972953,192,48.0,246.08017216860753
ETH,2025-02-07 17:00:00+00:00,2025-02-07 17:00:00+00:00,2025-02-09 17:00:00+00:00,-1,2692.38,2919.670842878269,-224598.4628782689,2658.1,tempo,0.15081997834096503,0.1355188251754474,192,48.0,227.2908428782689
ETH,2025-02-10 01:00:00+00:00,2025-02-10 01:00:00+00:00,2025-02-12 01:00:00+00:00,-1,2641.61,2854.040112459176,-209788.5024591757,2609.29,tempo,0.15214415520403843,0.1360772946234514,192,48.0,212.4301124591757
ETH,2025-03-10 01:00:00+00:00,2025-03-10 01:00:00+00:00,2025-03-12 01:00:00+00:00,-1,2035.1,2193.218171962743,-156083.07196274295,1911.05,tempo,0.7845398062736874,0.7683177777227603,192,48.0,158.11817196274296
SOL,2023-02-12 01:00:00+00:00,2023-02-12 01:00:00+00:00,2023-02-12 18:15:00+00:00,-1,20.693,22.2646264418421,-1550.9334418420992,22.2646264418421,stop,-1.0,-1.0177665992654523,69,17.25,1.571626441842099
SOL,2023-02-19 17:00:00+00:00,2023-02-19 17:00:00+00:00,2023-02-21 17:00:00+00:00,1,24.612,22.7680462761151,1868.5657238848978,24.813,tempo,0.10900490473075843,0.09158242303619862,192,48.0,1.8439537238848978
SOL,2023-02-25 01:00:00+00:00,2023-02-25 01:00:00+00:00,2023-02-27 01:00:00+00:00,-1,23.125,24.83898396639523,-1690.8589663952293,23.107,tempo,0.010501848531207347,-0.007030870904436753,192,48.0,1.7139839663952294
SOL,2023-02-27 01:00:00+00:00,2023-02-27 01:00:00+00:00,2023-03-01 01:00:00+00:00,-1,23.107,24.74644622465089,-1616.3392246508895,21.751,tempo,0.8271085562984846,0.8093234654784371,192,48.0,1.6394462246508894
SOL,2023-03-01 01:00:00+00:00,2023-03-01 01:00:00+00:00,2023-03-03 01:00:00+00:00,-1,21.751,23.221506640870217,-1448.755640870216,21.829,tempo,-0.053042943045697906,-0.072306371861794,192,48.0,1.4705066408702159
SOL,2023-03-03 01:00:00+00:00,2023-03-03 01:00:00+00:00,2023-03-05 01:00:00+00:00,-1,21.831,23.217919383699808,-1365.0883836998087,21.388,tempo,0.3194129415209636,0.2991577267405201,192,48.0,1.3869193836998086
SOL,2023-03-06 09:00:00+00:00,2023-03-06 09:00:00+00:00,2023-03-08 09:00:00+00:00,-1,20.753,22.058691019148966,-1284.9380191489665,19.295,tempo,1.1166500945608901,1.0967133716928974,192,48.0,1.3056910191489663
SOL,2023-03-08 09:00:00+00:00,2023-03-08 09:00:00+00:00,2023-03-10 09:00:00+00:00,-1,19.294,20.47198602662396,-1158.6920266239588,16.849,tempo,2.075576403064162,2.0556330850034805,192,48.0,1.1779860266239588
SOL,2023-03-10 17:00:00+00:00,2023-03-10 17:00:00+00:00,2023-03-12 17:00:00+00:00,-1,17.678,18.960623505816024,-1264.945505816023,17.933,tempo,-0.19881126366677995,-0.21685798579142515,192,48.0,1.282623505816023
SOL,2023-03-12 17:00:00+00:00,2023-03-12 17:00:00+00:00,2023-03-12 22:30:00+00:00,-1,17.933,19.290837090663366,-1339.9040906633666,19.290837090663366,stop,-1.0,-1.0178191436036783,22,5.5,1.3578370906633666
SOL,2023-03-12 23:00:00+00:00,2023-03-12 23:00:00+00:00,2023-03-14 12:45:00+00:00,-1,19.836,21.418627642856205,-1562.791642856206,21.418627642856205,stop,-1.0,-1.0169436620729446,151,37.75,1.582627642856206
SOL,2023-03-15 01:00:00+00:00,2023-03-15 01:00:00+00:00,2023-03-15 16:00:00+00:00,1,20.89,19.095124494627193,1815.7655053728079,19.095124494627193,stop,-1.0,-1.0144802972928806,60,15.0,1.7948755053728078
SOL,2023-03-16 01:00:00+00:00,2023-03-16 01:00:00+00:00,2023-03-17 11:00:00+00:00,-1,19.0,20.641041555886634,-1622.0415558866341,20.641041555886634,stop,-1.0,-1.0157014165295801,136,34.0,1.641041555886634
SOL,2023-03-17 11:00:00+00:00,2023-03-17 11:00:00+00:00,2023-03-18 01:15:00+00:00,-1,20.628,22.383684420802005,-1735.0564208020053,22.383684420802005,stop,-1.0,-1.0159240433771977,57,14.25,1.7556844208020053
SOL,2023-03-18 09:00:00+00:00,2023-03-18 09:00:00+00:00,2023-03-20 09:00:00+00:00,1,22.014,20.12249324366636,1913.5207563336405,23.249,tempo,0.6529186300099893,0.6373643900362302,192,48.0,1.8915067563336407
SOL,2023-03-23 01:00:00+00:00,2023-03-23 01:00:00+00:00,2023-03-25 01:00:00+00:00,-1,21.393,23.305516940226976,-1891.1239402269755,20.834,tempo,0.2922849927455594,0.27793345973548184,192,48.0,1.9125169402269755
SOL,2023-03-25 01:00:00+00:00,2023-03-25 01:00:00+00:00,2023-03-27 01:00:00+00:00,-1,20.834,22.630013247766342,-1775.1792477663428,20.883,tempo,-0.027282649535541888,-0.04238056155468961,192,48.0,1.7960132477663429
SOL,2023-03-28 01:00:00+00:00,2023-03-28 01:00:00+00:00,2023-03-29 06:45:00+00:00,-1,19.715,21.26085303984973,-1526.1380398497317,21.26085303984973,stop,-1.0,-1.0172295191000118,119,29.75,1.5458530398497317
SOL,2023-03-29 07:00:00+00:00,2023-03-29 07:00:00+00:00,2023-03-31 07:00:00+00:00,-1,21.156,22.788976568415638,-1611.8205684156392,20.367,tempo,0.48316676139787385,0.46663869202931796,192,48.0,1.6329765684156392
SOL,2023-03-31 07:00:00+00:00,2023-03-31 07:00:00+00:00,2023-04-02 07:00:00+00:00,-1,20.367,21.853584662216317,-1466.2176622163163,21.064,tempo,-0.4688599430057736,-0.48697539292562575,192,48.0,1.4865846622163161
SOL,2023-04-03 01:00:00+00:00,2023-04-03 01:00:00+00:00,2023-04-05 01:00:00+00:00,-1,20.494,21.860083940988538,-1345.5899409885385,21.265,tempo,-0.5643869874072911,-0.5842564472446993,192,48.0,1.3660839409885384
SOL,2023-04-07 09:00:00+00:00,2023-04-07 09:00:00+00:00,2023-04-09 09:00:00+00:00,-1,20.265,21.47578272568085,-1190.5177256808504,20.04,tempo,0.18583020324598604,0.16419275381403436,192,48.0,1.2107827256808505
SOL,2023-04-13 01:00:00+00:00,2023-04-13 01:00:00+00:00,2023-04-14 05:15:00+00:00,-1,23.866,25.381677954871435,-1491.8119548714353,25.381677954871435,stop,-1.0,-1.021119915723378,113,28.25,1.5156779548714354
SOL,2023-04-16 09:00:00+00:00,2023-04-16 09:00:00+00:00,2023-04-18 09:00:00+00:00,1,24.326,22.816983387571593,1533.3426124284074,24.94,tempo,0.4068875020613008,0.38566646331576526,192,48.0,1.5090166124284075
SOL,2023-04-19 17:00:00+00:00,2023-04-19 17:00:00+00:00,2023-04-21 17:00:00+00:00,-1,23.326,24.91836117902183,-1569.0351790218288,21.829,tempo,0.9401133484801429,0.9216811294668473,192,48.0,1.5923611790218288
SOL,2023-04-22 01:00:00+00:00,2023-04-22 01:00:00+00:00,2023-04-24 01:00:00+00:00,-1,21.146,22.56237050843993,-1395.224508439929,21.737,tempo,-0.41726370076072716,-0.4369435443001849,192,48.0,1.416370508439929
SOL,2023-04-24 01:00:00+00:00,2023-04-24 01:00:00+00:00,2023-04-26 01:00:00+00:00,-1,21.736,23.1054925952512,-1347.7565952511986,21.81,tempo,-0.0540346112542687,-0.07470277703928208,192,48.0,1.3694925952511987
SOL,2023-04-26 09:00:00+00:00,2023-04-26 09:00:00+00:00,2023-04-28 09:00:00+00:00,-1,22.196,23.5324351963044,-1314.2391963044001,22.393,tempo,-0.1474070725948828,-0.16909375824948492,192,48.0,1.3364351963044
SOL,2023-05-01 09:00:00+00:00,2023-05-01 09:00:00+00:00,2023-05-03 09:00:00+00:00,-1,22.251,23.694997791204635,-1421.7467912046338,21.768,tempo,0.3344880462712238,0.31467336914756244,192,48.0,1.4439977912046338
SOL,2023-05-03 09:00:00+00:00,2023-05-03 09:00:00+00:00,2023-05-05 09:00:00+00:00,-1,21.768,23.08346770145632,-1293.6997014563206,21.824,tempo,-0.042570410461621196,-0.06411012593211984,192,48.0,1.3154677014563205
SOL,2023-05-05 09:00:00+00:00,2023-05-05 09:00:00+00:00,2023-05-06 00:45:00+00:00,-1,21.824,23.08053345592809,-1234.709455928089,23.08053345592809,stop,-1.0,-1.0232289451654868,63,15.75,1.2565334559280892
SOL,2023-05-06 17:00:00+00:00,2023-05-06 17:00:00+00:00,2023-05-08 17:00:00+00:00,-1,21.89,23.138379047250314,-1226.4890472503137,21.102,tempo,0.6312185403428976,0.6088336724924227,192,48.0,1.2483790472503138
SOL,2023-05-08 17:00:00+00:00,2023-05-08 17:00:00+00:00,2023-05-10 17:00:00+00:00,-1,21.103,22.280515304284467,-1156.4123042844656,21.083,tempo,0.016984917246707393,-0.006302168619800905,192,48.0,1.1775153042844657
SOL,2023-05-10 17:00:00+00:00,2023-05-10 17:00:00+00:00,2023-05-12 17:00:00+00:00,-1,21.083,22.2492505177775,-1145.1675177775023,20.313,tempo,0.6602355053761274,0.6371637900029357,192,48.0,1.1662505177775024
SOL,2023-05-19 01:00:00+00:00,2023-05-19 01:00:00+00:00,2023-05-21 01:00:00+00:00,-1,20.37,21.307658161159754,-917.288161159753,20.351,tempo,0.02026324815058565,-0.007965216226306197,192,48.0,0.937658161159753
SOL,2023-06-06 01:00:00+00:00,2023-06-06 01:00:00+00:00,2023-06-08 01:00:00+00:00,-1,19.949,20.952011927208083,-983.0629272080818,18.718,tempo,1.227303451342331,1.2022453744459176,192,48.0,1.0030119272080817
SOL,2023-06-08 01:00:00+00:00,2023-06-08 01:00:00+00:00,2023-06-10 01:00:00+00:00,-1,18.718,19.69439480983502,-957.6768098350213,16.923,tempo,1.8383956796158083,1.8146689557878577,192,48.0,0.9763948098350212
SOL,2023-06-10 09:00:00+00:00,2023-06-10 09:00:00+00:00,2023-06-11 19:45:00+00:00,-1,14.803,16.00045269701175,-1182.649697011748,16.00045269701175,stop,-1.0,-1.016720697446357,139,34.75,1.197452697011748
SOL,2023-06-11 20:00:00+00:00,2023-06-11 20:00:00+00:00,2023-06-13 20:00:00+00:00,-1,15.977,17.352594998608186,-1359.6179986081859,14.956,tempo,0.7422242746106514,0.7276077268474337,192,48.0,1.375594998608186
SOL,2023-06-13 20:00:00+00:00,2023-06-13 20:00:00+00:00,2023-06-15 20:00:00+00:00,-1,14.956,16.20005804722088,-1229.1020472208822,14.752,tempo,0.16397948669333973,0.1484575421641939,192,48.0,1.2440580472208822
SOL,2023-06-16 17:00:00+00:00,2023-06-16 17:00:00+00:00,2023-06-18 17:00:00+00:00,-1,14.983,16.211170005802266,-1213.1870058022657,15.757,tempo,-0.6302059131418101,-0.6464748334912759,192,48.0,1.2281700058022658
SOL,2023-06-18 17:00:00+00:00,2023-06-18 17:00:00+00:00,2023-06-20 17:00:00+00:00,-1,15.757,16.978011942585095,-1205.254942585095,16.069,tempo,-0.2555257562341618,-0.2724681785631377,192,48.0,1.2210119425850952
SOL,2023-06-24 01:00:00+00:00,2023-06-24 01:00:00+00:00,2023-06-26 01:00:00+00:00,-1,17.259,18.479246211111015,-1202.9872111110144,16.722,tempo,0.4400751218158418,0.4219741436698908,192,48.0,1.2202462111110144
SOL,2023-07-07 17:00:00+00:00,2023-07-07 17:00:00+00:00,2023-07-09 17:00:00+00:00,-1,21.46,23.23097955219487,-1749.51955219487,21.272,tempo,0.10615594051721484,0.09047207789690623,192,48.0,1.77097955219487
SOL,2023-07-13 17:00:00+00:00,2023-07-13 17:00:00+00:00,2023-07-14 00:45:00+00:00,-1,25.306,27.370396482463125,-2039.0904824631239,27.370396482463125,stop,-1.0,-1.0165857954150106,31,7.75,2.064396482463124
SOL,2023-07-14 09:00:00+00:00,2023-07-14 09:00:00+00:00,2023-07-14 18:45:00+00:00,1,29.144,26.205300201263288,2967.84379873671,26.205300201263288,stop,-1.0,-1.0122425043709082,39,9.75,2.9386997987367103
SOL,2023-08-14 17:00:00+00:00,2023-08-14 17:00:00+00:00,2023-08-16 17:00:00+00:00,-1,25.162,26.30164189293261,-1114.4798929326123,23.224,tempo,1.700534187114683,1.6729370092686948,192,48.0,1.1396418929326124
SOL,2023-08-17 01:00:00+00:00,2023-08-17 01:00:00+00:00,2023-08-19 01:00:00+00:00,-1,23.193,24.287486514399735,-1071.2935143997333,21.551,tempo,1.5002468997076235,1.4736740734394527,192,48.0,1.0944865143997333
SOL,2023-08-19 01:00:00+00:00,2023-08-19 01:00:00+00:00,2023-08-21 01:00:00+00:00,-1,21.551,22.821619563938448,-1249.0685639384496,21.586,tempo,-0.02754561710943055,-0.049612843835492706,192,48.0,1.2706195639384497
SOL,2023-08-21 01:00:00+00:00,2023-08-21 01:00:00+00:00,2023-08-23 01:00:00+00:00,-1,21.585,22.78184769143661,-1175.2626914366092,20.517,tempo,0.8923441200091647,0.8694788045677726,192,48.0,1.1968476914366093
SOL,2023-08-23 01:00:00+00:00,2023-08-23 01:00:00+00:00,2023-08-23 20:30:00+00:00,-1,20.518,21.677951197083317,-1139.4331970833164,21.677951197083317,stop,-1.0,-1.023645277790195,78,19.5,1.1599511970833163
SOL,2023-08-24 01:00:00+00:00,2023-08-24 01:00:00+00:00,2023-08-26 01:00:00+00:00,-1,21.753,22.960171968866085,-1185.418968866085,20.286,tempo,1.2152369652668247,1.1926011265423162,192,48.0,1.207171968866085
SOL,2023-08-26 01:00:00+00:00,2023-08-26 01:00:00+00:00,2023-08-28 01:00:00+00:00,-1,20.286,21.37426099122997,-1067.9749912299692,20.569,tempo,-0.2600479133963506,-0.28444991825916044,192,48.0,1.0882609912299692
SOL,2023-08-29 17:00:00+00:00,2023-08-29 17:00:00+00:00,2023-08-31 17:00:00+00:00,-1,21.695,22.967905742394947,-1251.2107423949471,19.682,tempo,1.5814211005227943,1.5602922383421607,192,48.0,1.272905742394947
SOL,2023-09-08 17:00:00+00:00,2023-09-08 17:00:00+00:00,2023-09-10 17:00:00+00:00,-1,19.492,20.411203789003086,-899.7117890030847,18.058,tempo,1.5600457887094163,1.5334929173091896,192,48.0,0.9192037890030846
SOL,2023-09-10 17:00:00+00:00,2023-09-10 17:00:00+00:00,2023-09-12 17:00:00+00:00,-1,18.058,18.93842092879766,-862.3629287976619,17.917,tempo,0.16015066814978318,0.13359092923951696,192,48.0,0.8804209287976619
SOL,2023-09-30 17:00:00+00:00,2023-09-30 17:00:00+00:00,2023-10-01 10:15:00+00:00,-1,21.506,22.431699136602056,-904.1931366020557,22.431699136602056,stop,-1.0,-1.030851821406709,69,17.25,0.9256991366020557
SOL,2023-10-14 09:00:00+00:00,2023-10-14 09:00:00+00:00,2023-10-16 09:00:00+00:00,-1,22.135,23.243094989637736,-1085.9599896377347,22.728,tempo,-0.5351526769323875,-0.5614689677492366,192,48.0,1.1080949896377348
SOL,2023-10-20 09:00:00+00:00,2023-10-20 09:00:00+00:00,2023-10-21 06:45:00+00:00,-1,26.919,28.321900827791723,-1375.981827791722,28.321900827791723,stop,-1.0,-1.0255945287270123,87,21.75,1.402900827791722
SOL,2023-11-01 17:00:00+00:00,2023-11-01 17:00:00+00:00,2023-11-01 18:00:00+00:00,-1,41.311,44.32136071719145,-2969.049717191453,44.32136071719145,stop,-1.0,-1.018489822215759,4,1.0,3.0103607171914533
SOL,2023-11-01 18:00:00+00:00,2023-11-01 18:00:00+00:00,2023-11-03 18:00:00+00:00,-1,44.462,48.04348833533121,-3537.0263353312084,39.003,tempo,1.524226659109073,1.509078696887668,192,48.0,3.5814883353312084
SOL,2023-11-12 01:00:00+00:00,2023-11-12 01:00:00+00:00,2023-11-14 01:00:00+00:00,1,55.912,49.921535007895635,6046.376992104364,52.847,tempo,-0.5116464254510746,-0.5234474041886478,192,48.0,5.990464992104364
SOL,2023-11-14 01:00:00+00:00,2023-11-14 01:00:00+00:00,2023-11-16 01:00:00+00:00,1,52.848,47.097165385497775,5803.682614502224,65.307,tempo,2.1664681450900005,2.153113431357436,192,48.0,5.750834614502224
SOL,2023-12-02 09:00:00+00:00,2023-12-02 09:00:00+00:00,2023-12-04 09:00:00+00:00,1,61.947,57.08423112805539,4924.71587194461,64.263,tempo,0.47627186506066443,0.45940153826530644,192,48.0,4.86276887194461
SOL,2023-12-04 09:00:00+00:00,2023-12-04 09:00:00+00:00,2023-12-04 11:15:00+00:00,1,64.261,59.454624670327334,4870.636329672662,59.454624670327334,stop,-1.0,-1.0167309355845062,9,2.25,4.806375329672662
SOL,2023-12-04 12:00:00+00:00,2023-12-04 12:00:00+00:00,2023-12-06 12:00:00+00:00,1,62.118,57.45873615638454,4721.381843615463,63.051,tempo,0.2002462258664487,0.18278427206198955,192,48.0,4.659263843615463
SOL,2023-12-06 12:00:00+00:00,2023-12-06 12:00:00+00:00,2023-12-08 12:00:00+00:00,1,63.051,58.151125228812454,4962.925771187549,73.015,tempo,2.03352135825812,2.015471325526658,192,48.0,4.899874771187548
SOL,2023-12-08 12:00:00+00:00,2023-12-08 12:00:00+00:00,2023-12-10 12:00:00+00:00,1,73.015,67.12806372941496,5959.951270585039,71.496,tempo,-0.25802895261324926,-0.27398498571477037,192,48.0,5.886936270585039
SOL,2023-12-10 12:00:00+00:00,2023-12-10 12:00:00+00:00,2023-12-11 02:15:00+00:00,1,71.497,65.75559653970377,5812.900460296226,65.75559653970377,stop,-1.0,-1.0155387421155393,57,14.25,5.741403460296226
SOL,2023-12-11 03:00:00+00:00,2023-12-11 03:00:00+00:00,2023-12-13 03:00:00+00:00,1,70.31,64.57221505186908,5808.094948130923,67.028,tempo,-0.5719977360024803,-0.5875559524234494,192,48.0,5.737784948130923
SOL,2023-12-15 01:00:00+00:00,2023-12-15 01:00:00+00:00,2023-12-17 01:00:00+00:00,1,74.641,68.31748008571779,6398.160914282215,73.409,tempo,-0.19482819959456774,-0.21004638524187638,192,48.0,6.323519914282215
SOL,2023-12-20 09:00:00+00:00,2023-12-20 09:00:00+00:00,2023-12-22 09:00:00+00:00,1,76.459,70.10409171148648,6431.3672885135275,93.0,tempo,2.602869978453944,2.5855371791436705,192,48.0,6.354908288513528
SOL,2023-12-22 09:00:00+00:00,2023-12-22 09:00:00+00:00,2023-12-24 09:00:00+00:00,1,92.999,84.4818736412925,8610.1253587075,114.021,tempo,2.4682033721981975,2.4524042641031967,192,48.0,8.5171263587075
SOL,2023-12-24 09:00:00+00:00,2023-12-24 09:00:00+00:00,2023-12-26 09:00:00+00:00,1,114.021,103.00961477078891,11125.406229211087,113.817,tempo,-0.018526279460175,-0.031975513767874386,192,48.0,11.011385229211086
SOL,2023-12-26 17:00:00+00:00,2023-12-26 17:00:00+00:00,2023-12-28 13:00:00+00:00,1,112.087,100.69858826146728,11500.498738532724,100.69858826146728,stop,-1.0,-1.0121448570305884,176,44.0,11.388411738532724
SOL,2023-12-28 13:00:00+00:00,2023-12-28 13:00:00+00:00,2023-12-30 13:00:00+00:00,1,101.242,90.62600808859864,10717.233911401367,102.985,tempo,0.1641862592348104,0.15168177061915578,192,48.0,10.615991911401366
SOL,2023-12-30 13:00:00+00:00,2023-12-30 13:00:00+00:00,2024-01-01 13:00:00+00:00,1,102.976,92.26963380710058,10809.342192899425,104.875,tempo,0.17737110479739035,0.1647521500964385,192,48.0,10.706366192899424
SOL,2024-01-01 17:00:00+00:00,2024-01-01 17:00:00+00:00,2024-01-03 12:15:00+00:00,1,106.723,96.29056794255857,10539.155057441432,96.29056794255857,stop,-1.0,-1.0126489028096317,173,43.25,10.432432057441432
SOL,2024-01-28 09:00:00+00:00,2024-01-28 09:00:00+00:00,2024-01-30 09:00:00+00:00,-1,96.452,104.00936276640702,-7460.910766407024,103.36,tempo,-0.9140754802331994,-0.9312610784391391,192,48.0,7.557362766407024
SOL,2024-01-30 09:00:00+00:00,2024-01-30 09:00:00+00:00,2024-02-01 09:00:00+00:00,-1,103.359,111.31481554103647,-7852.456541036471,95.171,tempo,1.0291842436222782,1.0129640963181605,192,48.0,7.955815541036472
SOL,2024-02-06 01:00:00+00:00,2024-02-06 01:00:00+00:00,2024-02-08 00:30:00+00:00,-1,95.556,102.0313442287928,-6379.788228792807,102.0313442287928,stop,-1.0,-1.0198339685445046,190,47.5,6.475344228792807
SOL,2024-02-09 09:00:00+00:00,2024-02-09 09:00:00+00:00,2024-02-11 09:00:00+00:00,-1,106.175,113.01108393419419,-6729.908934194193,109.046,tempo,-0.4199772892838874,-0.4404412934340193,192,48.0,6.836083934194193
SOL,2024-02-13 09:00:00+00:00,2024-02-13 09:00:00+00:00,2024-02-15 09:00:00+00:00,1,114.679,107.53503462668334,7258.644373316661,115.645,tempo,0.13521902046279352,0.11426278786973221,192,48.0,7.143965373316661
SOL,2024-02-15 09:00:00+00:00,2024-02-15 09:00:00+00:00,2024-02-16 15:15:00+00:00,1,115.645,108.47991205231152,7280.732947688477,108.47991205231152,stop,-1.0,-1.02033208718408,121,30.25,7.165087947688477
SOL,2024-02-16 16:00:00+00:00,2024-02-16 16:00:00+00:00,2024-02-18 16:00:00+00:00,1,109.73,102.96120444102746,6878.525558972541,112.424,tempo,0.3980028612961881,0.37666965677820163,192,48.0,6.768795558972542
SOL,2024-02-18 16:00:00+00:00,2024-02-18 16:00:00+00:00,2024-02-20 15:30:00+00:00,1,112.423,105.81388980793628,6721.5331920637245,105.81388980793628,stop,-1.0,-1.021463400405322,190,47.5,6.609110192063724
SOL,2024-02-20 16:00:00+00:00,2024-02-20 16:00:00+00:00,2024-02-21 18:30:00+00:00,1,106.649,100.4534415556692,6302.2074443308,100.4534415556692,stop,-1.0,-1.021727918188612,106,26.5,6.1955584443308
SOL,2024-02-21 19:00:00+00:00,2024-02-21 19:00:00+00:00,2024-02-23 19:00:00+00:00,1,101.231,95.25301630925155,6079.214690748445,101.49,tempo,0.043325645133630915,0.02128332169873668,192,48.0,5.977983690748445
SOL,2024-02-23 19:00:00+00:00,2024-02-23 19:00:00+00:00,2024-02-25 19:00:00+00:00,1,101.491,95.35013218263288,6242.358817367123,103.254,tempo,0.2870929732462285,0.26542107703253354,192,48.0,6.140867817367123
SOL,2024-02-25 19:00:00+00:00,2024-02-25 19:00:00+00:00,2024-02-27 19:00:00+00:00,1,103.254,97.34103873245378,6016.215267546223,107.295,tempo,0.6834139134614935,0.6602686832109336,192,48.0,5.912961267546223
SOL,2024-02-27 19:00:00+00:00,2024-02-27 19:00:00+00:00,2024-02-29 19:00:00+00:00,1,107.295,100.96928528173986,6433.009718260144,127.821,tempo,3.244850726629918,3.22069133803801,192,48.0,6.325714718260144
SOL,2024-02-29 19:00:00+00:00,2024-02-29 19:00:00+00:00,2024-03-02 19:00:00+00:00,1,127.822,118.55578076161027,9394.041238389738,129.839,tempo,0.21767238051562715,0.1995981643017332,192,48.0,9.266219238389738
SOL,2024-03-02 19:00:00+00:00,2024-03-02 19:00:00+00:00,2024-03-04 19:00:00+00:00,1,129.839,119.57596549155022,10392.873508449778,130.318,tempo,0.0466723559786964,0.030195547890330854,192,48.0,10.263034508449778
SOL,2024-03-04 19:00:00+00:00,2024-03-04 19:00:00+00:00,2024-03-05 20:00:00+00:00,1,130.317,120.14404502017508,10303.271979824924,120.14404502017508,stop,-1.0,-1.0160031848745994,100,25.0,10.172954979824922
SOL,2024-03-05 20:00:00+00:00,2024-03-05 20:00:00+00:00,2024-03-07 20:00:00+00:00,1,119.4,108.14027061863399,11379.129381366014,148.912,tempo,2.6210221400915805,2.6055330644581445,192,48.0,11.259729381366014
SOL,2024-05-29 01:00:00+00:00,2024-05-29 01:00:00+00:00,2024-05-31 01:00:00+00:00,1,168.566,158.35959831495265,10374.967685047353,166.672,tempo,-0.1855698078956431,-0.20691961429403677,192,48.0,10.206401685047354
SOL,2024-06-05 01:00:00+00:00,2024-06-05 01:00:00+00:00,2024-06-07 01:00:00+00:00,1,172.126,163.35283171081613,8945.294289183872,170.389,tempo,-0.19799004678178583,-0.22336682546212627,192,48.0,8.773168289183872
SOL,2024-06-16 17:00:00+00:00,2024-06-16 17:00:00+00:00,2024-06-18 17:00:00+00:00,-1,148.222,155.6849788331259,-7314.756833125903,134.678,tempo,1.8148249248520307,1.790185299829407,192,48.0,7.462978833125902
SOL,2024-06-19 09:00:00+00:00,2024-06-19 09:00:00+00:00,2024-06-21 09:00:00+00:00,-1,138.697,147.14139495969638,-8305.697959696381,130.113,tempo,1.0165322727051413,0.9958408554000604,192,48.0,8.444394959696382
SOL,2024-06-21 09:00:00+00:00,2024-06-21 09:00:00+00:00,2024-06-23 09:00:00+00:00,-1,130.124,137.90980650236844,-7655.682502368445,134.473,tempo,-0.5585805399449693,-0.5806704865609917,192,48.0,7.785806502368445
SOL,2024-06-23 09:00:00+00:00,2024-06-23 09:00:00+00:00,2024-06-25 09:00:00+00:00,-1,134.473,142.30000308556623,-7692.530085566219,134.339,tempo,0.017120218113510655,-0.005203498651366521,192,48.0,7.8270030855662185
SOL,2024-06-25 09:00:00+00:00,2024-06-25 09:00:00+00:00,2024-06-27 09:00:00+00:00,-1,134.34,142.34741814146878,-7873.078141468775,136.426,tempo,-0.26050843894326164,-0.28248779569603855,192,48.0,8.007418141468776
SOL,2024-07-01 09:00:00+00:00,2024-07-01 09:00:00+00:00,2024-07-03 09:00:00+00:00,-1,147.414,156.04464929805047,-8483.235298050486,146.366,tempo,0.12142771230858593,0.09930226225199125,192,48.0,8.630649298050486
SOL,2024-07-04 17:00:00+00:00,2024-07-04 17:00:00+00:00,2024-07-06 17:00:00+00:00,-1,135.144,143.57300894364818,-8293.86494364817,142.424,tempo,-0.8636839809602972,-0.8850885376770103,192,48.0,8.42900894364817
SOL,2024-07-06 17:00:00+00:00,2024-07-06 17:00:00+00:00,2024-07-08 17:00:00+00:00,-1,142.427,152.58945548780918,-10020.028487809182,136.499,tempo,0.5833235881929508,0.5654832246885312,192,48.0,10.162455487809183
SOL,2024-07-09 09:00:00+00:00,2024-07-09 09:00:00+00:00,2024-07-11 09:00:00+00:00,-1,142.455,152.96277952045872,-10365.324520458713,142.406,tempo,0.004663211661855227,-0.012957985056204283,192,48.0,10.507779520458712
SOL,2024-07-11 09:00:00+00:00,2024-07-11 09:00:00+00:00,2024-07-13 09:00:00+00:00,-1,142.416,152.41995530709787,-9861.53930709787,138.564,tempo,0.385047701809202,0.3667912228072998,192,48.0,10.003955307097868
SOL,2024-07-13 18:00:00+00:00,2024-07-13 18:00:00+00:00,2024-07-15 00:30:00+00:00,-1,139.621,148.82462807365314,-9064.007073653136,148.82462807365314,stop,-1.0,-1.0203712771471714,122,30.5,9.203628073653135
SOL,2024-07-15 01:00:00+00:00,2024-07-15 01:00:00+00:00,2024-07-16 00:15:00+00:00,-1,150.239,159.98976385108946,-9600.52485108946,159.98976385108946,stop,-1.0,-1.020680297419025,93,23.25,9.75076385108946
SOL,2024-07-16 01:00:00+00:00,2024-07-16 01:00:00+00:00,2024-07-18 01:00:00+00:00,-1,158.0,168.00225198222373,-9844.251982223726,157.753,tempo,0.02469443885626849,0.00417511477157665,192,48.0,10.002251982223726
SOL,2024-07-20 17:00:00+00:00,2024-07-20 17:00:00+00:00,2024-07-21 20:30:00+00:00,-1,169.577,179.84281004593757,-10096.233045937572,179.84281004593757,stop,-1.0,-1.0221242040826324,110,27.5,10.26581004593757
SOL,2024-07-26 09:00:00+00:00,2024-07-26 09:00:00+00:00,2024-07-28 09:00:00+00:00,-1,178.076,189.48934264149693,-11235.26664149694,183.761,tempo,-0.4981012292867057,-0.5187081677961022,192,48.0,11.41334264149694
SOL,2024-08-04 01:00:00+00:00,2024-08-04 01:00:00+00:00,2024-08-06 01:00:00+00:00,-1,144.015,153.9325185377015,-9773.503537701512,138.862,tempo,0.5195856181574886,0.5010456931448943,192,48.0,9.917518537701511
SOL,2024-08-06 09:00:00+00:00,2024-08-06 09:00:00+00:00,2024-08-07 04:15:00+00:00,-1,137.447,152.13591732913324,-14551.470329133233,152.13591732913324,stop,-1.0,-1.0128143478546654,77,19.25,14.688917329133233
SOL,2024-08-07 09:00:00+00:00,2024-08-07 09:00:00+00:00,2024-08-09 09:00:00+00:00,-1,153.706,169.97889779904446,-16119.191799044473,159.215,tempo,-0.3385383518062467,-0.35103757920334516,192,48.0,16.272897799044472
SOL,2024-08-10 01:00:00+00:00,2024-08-10 01:00:00+00:00,2024-08-12 01:00:00+00:00,-1,154.821,170.78740830634018,-15811.587306340185,142.665,tempo,0.7613484364653832,0.749237641332879,192,48.0,15.966408306340185
SOL,2024-08-12 17:00:00+00:00,2024-08-12 17:00:00+00:00,2024-08-14 17:00:00+00:00,-1,146.895,161.05113101823244,-14009.236018232428,144.849,tempo,0.1445310160922408,0.13113515250806226,192,48.0,14.15613101823243
SOL,2024-08-15 17:00:00+00:00,2024-08-15 17:00:00+00:00,2024-08-17 17:00:00+00:00,-1,145.842,158.59873614422906,-12610.89414422905,141.289,tempo,0.3569094750038968,0.3422791535886161,192,48.0,12.756736144229052
SOL,2024-08-18 17:00:00+00:00,2024-08-18 17:00:00+00:00,2024-08-20 17:00:00+00:00,-1,145.985,157.7170574478287,-11586.07244782868,142.516,tempo,0.2956855620104426,0.2797015241863944,192,48.0,11.73205744782868
SOL,2024-11-06 01:00:00+00:00,2024-11-06 01:00:00+00:00,2024-11-06 03:15:00+00:00,-1,172.44,182.21330936430516,-9600.869364305163,182.21330936430516,stop,-1.0,-1.0235871640294882,9,2.25,9.773309364305163
SOL,2024-11-06 04:00:00+00:00,2024-11-06 04:00:00+00:00,2024-11-07 18:00:00+00:00,-1,184.91,196.09196488000796,-10997.054880007967,196.09196488000796,stop,-1.0,-1.022147384634947,152,38.0,11.181964880007968
SOL,2024-11-10 09:00:00+00:00,2024-11-10 09:00:00+00:00,2024-11-12 09:00:00+00:00,1,205.38,193.25024354568998,12335.136454310012,225.22,tempo,1.6356470201798936,1.6125723606799869,192,48.0,12.129756454310012
SOL,2024-11-12 09:00:00+00:00,2024-11-12 09:00:00+00:00,2024-11-12 10:45:00+00:00,1,225.22,211.19479316198277,14250.426838017225,211.19479316198277,stop,-1.0,-1.0202256992593053,7,1.75,14.025206838017226
SOL,2024-11-12 11:00:00+00:00,2024-11-12 11:00:00+00:00,2024-11-14 11:00:00+00:00,1,213.56,199.60150352032787,14172.056479672136,217.52,tempo,0.2836981766458147,0.263624238137605,192,48.0,13.958496479672135
SOL,2024-11-14 11:00:00+00:00,2024-11-14 11:00:00+00:00,2024-11-16 11:00:00+00:00,1,217.52,202.13896997954532,15598.550020454688,218.49,tempo,0.06306469714382133,0.04463898055506832,192,48.0,15.381030020454688
SOL,2024-11-16 11:00:00+00:00,2024-11-16 11:00:00+00:00,2024-11-18 11:00:00+00:00,1,218.5,203.2217902584689,15496.7097415311,247.6,tempo,1.904673420007896,1.884843544313989,192,48.0,15.2782097415311
SOL,2024-11-18 17:00:00+00:00,2024-11-18 17:00:00+00:00,2024-11-20 17:00:00+00:00,1,240.18,222.14836076663875,18271.81923336126,234.63,tempo,-0.30779231594938256,-0.32490814751665315,192,48.0,18.03163923336126
SOL,2024-11-22 01:00:00+00:00,2024-11-22 01:00:00+00:00,2024-11-24 01:00:00+00:00,1,254.67,236.13638688810073,18788.283111899254,258.36,tempo,0.19909771385218522,0.18110502683607932,192,48.0,18.533613111899257
SOL,2024-11-24 01:00:00+00:00,2024-11-24 01:00:00+00:00,2024-11-25 15:15:00+00:00,1,258.36,240.15478239215682,18463.577607843195,240.15478239215682,stop,-1.0,-1.017798996723626,153,38.25,18.205217607843196
SOL,2024-11-25 16:00:00+00:00,2024-11-25 16:00:00+00:00,2024-11-26 11:00:00+00:00,1,245.07,228.09021793696263,17224.85206303736,228.09021793696263,stop,-1.0,-1.0181129616691917,76,19.0,16.979782063037362
SOL,2024-12-01 17:00:00+00:00,2024-12-01 17:00:00+00:00,2024-12-02 09:00:00+00:00,1,238.24,223.4301501374532,15048.089862546798,223.4301501374532,stop,-1.0,-1.0202625685185536,64,16.0,14.809849862546798
SOL,2024-12-02 09:00:00+00:00,2024-12-02 09:00:00+00:00,2024-12-04 09:00:00+00:00,1,225.94,211.78581536041213,14380.124639587868,235.91,tempo,0.7043853287115448,0.6831758766912311,192,48.0,14.154184639587868
SOL,2024-12-04 09:00:00+00:00,2024-12-04 09:00:00+00:00,2024-12-06 09:00:00+00:00,1,235.9,219.9000863630739,16235.813636926096,238.0,tempo,0.13125070845091427,0.11199841703297261,192,48.0,15.999913636926095
SOL,2024-12-06 09:00:00+00:00,2024-12-06 09:00:00+00:00,2024-12-08 09:00:00+00:00,1,238.0,221.38635561655914,16851.644383440856,235.07,tempo,-0.1763610639770522,-0.1948696761095285,192,48.0,16.613644383440857
SOL,2024-12-21 01:00:00+00:00,2024-12-21 01:00:00+00:00,2024-12-23 01:00:00+00:00,-1,193.99,209.4424991825535,-15258.509182553482,179.03,tempo,0.9681281858206131,0.9524373259062666,192,48.0,15.452499182553481
SOL,2025-01-20 01:00:00+00:00,2025-01-20 01:00:00+00:00,2025-01-20 08:00:00+00:00,-1,236.05,262.10736634056997,-25821.316340569956,262.10736634056997,stop,-1.0,-1.012426516321307,28,7.0,26.057366340569956
SOL,2025-01-20 08:00:00+00:00,2025-01-20 08:00:00+00:00,2025-01-22 08:00:00+00:00,-1,261.77,292.0292860093142,-29997.516009314222,258.43,tempo,0.11037933938599467,0.09920491841995076,192,48.0,30.259286009314224
SOL,2025-01-27 17:00:00+00:00,2025-01-27 17:00:00+00:00,2025-01-29 17:00:00+00:00,-1,228.85,252.7168150003452,-23637.965000345215,226.8,tempo,0.08589332091317302,0.07348393574821842,192,48.0,23.866815000345213
SOL,2025-02-04 01:00:00+00:00,2025-02-04 01:00:00+00:00,2025-02-06 01:00:00+00:00,-1,215.2,238.05841673889577,-22643.216738895782,197.09,tempo,0.7922683450417669,0.7805445015638417,192,48.0,22.858416738895784
SOL,2025-02-09 17:00:00+00:00,2025-02-09 17:00:00+00:00,2025-02-11 17:00:00+00:00,-1,201.81,220.78241642402367,-18770.606424023663,197.86,tempo,0.20819699039487316,0.19450419058519533,192,48.0,18.972416424023663
SOL,2025-02-11 17:00:00+00:00,2025-02-11 17:00:00+00:00,2025-02-13 17:00:00+00:00,-1,197.87,215.8515114224337,-17783.6414224337,190.57,tempo,0.4059725474963437,0.39193112494467774,192,48.0,17.981511422433698
SOL,2025-03-30 01:00:00+00:00,2025-03-30 01:00:00+00:00,2025-04-01 01:00:00+00:00,-1,124.61,132.67791430373018,-7943.304303730178,124.43,tempo,0.02231059890122657,0.0022464294138093456,192,48.0,8.067914303730177
XRP,2023-02-10 01:00:00+00:00,2023-02-10 01:00:00+00:00,2023-02-12 01:00:00+00:00,-1,0.383,0.40110100780617763,-17.718007806177628,0.3826,tempo,0.022098217087310294,-0.005394174791011657,192,48.0,0.018101007806177627
XRP,2023-02-12 09:00:00+00:00,2023-02-12 09:00:00+00:00,2023-02-14 09:00:00+00:00,-1,0.3812,0.3978714845371459,-16.290284537145897,0.3671,tempo,0.845755515568134,0.8165802493273707,192,48.0,0.016671484537145898
XRP,2023-02-14 09:00:00+00:00,2023-02-14 09:00:00+00:00,2023-02-14 23:30:00+00:00,-1,0.3672,0.3833688544056839,-15.801654405683884,0.3833688544056839,stop,-1.0,-1.0301734274502585,58,14.5,0.016168854405683886
XRP,2023-02-15 00:00:00+00:00,2023-02-15 00:00:00+00:00,2023-02-15 20:45:00+00:00,-1,0.3818,0.39844379339133756,-16.261993391337594,0.39844379339133756,stop,-1.0,-1.0304713266849566,83,20.75,0.01664379339133759
XRP,2023-02-20 01:00:00+00:00,2023-02-20 01:00:00+00:00,2023-02-20 14:45:00+00:00,-1,0.3869,0.4025894436486956,-15.302543648695567,0.4025894436486956,stop,-1.0,-1.0327078607668996,55,13.75,0.015689443648695567
XRP,2023-02-25 01:00:00+00:00,2023-02-25 01:00:00+00:00,2023-02-27 01:00:00+00:00,-1,0.3778,0.39393825464719345,-15.760454647193427,0.3775,tempo,0.018589370818497705,-0.011831824703124535,192,48.0,0.01613825464719343
XRP,2023-03-03 09:00:00+00:00,2023-03-03 09:00:00+00:00,2023-03-05 09:00:00+00:00,-1,0.3661,0.3818379006197518,-15.371800619751832,0.3714,tempo,-0.33676664556823216,-0.36722655325111336,192,48.0,0.015737900619751832
XRP,2023-03-05 09:00:00+00:00,2023-03-05 09:00:00+00:00,2023-03-07 09:00:00+00:00,-1,0.3713,0.3863480285558861,-14.676728555886106,0.369,tempo,0.15284394174679902,0.12086666324729894,192,48.0,0.015048028555886106
XRP,2023-03-07 17:00:00+00:00,2023-03-07 17:00:00+00:00,2023-03-08 13:00:00+00:00,-1,0.3766,0.3914094421188057,-14.432842118805693,0.3914094421188057,stop,-1.0,-1.0337086389461836,80,20.0,0.014809442118805694
XRP,2023-03-10 01:00:00+00:00,2023-03-10 01:00:00+00:00,2023-03-12 01:00:00+00:00,-1,0.3681,0.38555782745397865,-17.08972745397867,0.3642,tempo,0.223395494673144,0.19613007454828651,192,48.0,0.01745782745397867
XRP,2023-03-12 01:00:00+00:00,2023-03-12 01:00:00+00:00,2023-03-14 01:00:00+00:00,-1,0.3641,0.3812403816652715,-16.77628166527154,0.3693,tempo,-0.30337714186002396,-0.33118924134004146,192,48.0,0.017140381665271542
XRP,2023-03-14 01:00:00+00:00,2023-03-14 01:00:00+00:00,2023-03-16 01:00:00+00:00,-1,0.3692,0.387385761897587,-17.81656189758703,0.3566,tempo,0.6928497178703207,0.6669079947433618,192,48.0,0.018185761897587027
XRP,2023-03-17 01:00:00+00:00,2023-03-17 01:00:00+00:00,2023-03-17 13:45:00+00:00,-1,0.3625,0.37971640574526483,-16.85390574526484,0.37971640574526483,stop,-1.0,-1.0280221476464164,51,12.75,0.01721640574526484
XRP,2023-03-17 14:00:00+00:00,2023-03-17 14:00:00+00:00,2023-03-19 11:15:00+00:00,-1,0.3755,0.3933662134416303,-17.49071344163031,0.3933662134416303,stop,-1.0,-1.0279725214506032,181,45.25,0.017866213441630308
XRP,2023-03-21 01:00:00+00:00,2023-03-21 01:00:00+00:00,2023-03-21 12:45:00+00:00,-1,0.3775,0.39616060277124,-18.283102771239985,0.39616060277124,stop,-1.0,-1.0269487217517084,47,11.75,0.018660602771239987
XRP,2023-03-21 13:00:00+00:00,2023-03-21 13:00:00+00:00,2023-03-21 13:30:00+00:00,-1,0.3956,0.4149973176345428,-19.001717634542775,0.4149973176345428,stop,-1.0,-1.0271629441961692,2,0.5,0.019397317634542777
XRP,2023-03-21 14:00:00+00:00,2023-03-21 14:00:00+00:00,2023-03-21 17:00:00+00:00,-1,0.4199,0.4435952649390626,-23.2753649390626,0.4435952649390626,stop,-1.0,-1.0236870920689776,12,3.0,0.0236952649390626
XRP,2023-03-23 01:00:00+00:00,2023-03-23 01:00:00+00:00,2023-03-23 08:00:00+00:00,-1,0.4196,0.4513651918338262,-31.3455918338262,0.4513651918338262,stop,-1.0,-1.0178222558092387,28,7.0,0.0317651918338262
XRP,2023-03-23 08:00:00+00:00,2023-03-23 08:00:00+00:00,2023-03-25 08:00:00+00:00,-1,0.4466,0.48141762912086683,-34.37102912086684,0.445,tempo,0.04595373207192564,0.029308715893823178,192,48.0,0.03481762912086683
XRP,2023-03-25 08:00:00+00:00,2023-03-25 08:00:00+00:00,2023-03-27 08:00:00+00:00,-1,0.4449,0.4799080145896498,-34.56311458964981,0.46,tempo,-0.43132980196095866,-0.44813124034283985,192,48.0,0.035008014589649805
XRP,2023-03-27 08:00:00+00:00,2023-03-27 08:00:00+00:00,2023-03-28 11:45:00+00:00,-1,0.46,0.495148895853094,-34.688895853093996,0.495148895853094,stop,-1.0,-1.0176633367062045,111,27.75,0.035148895853094
XRP,2023-03-28 12:00:00+00:00,2023-03-28 12:00:00+00:00,2023-03-29 03:30:00+00:00,-1,0.4969,0.5363541000496629,-38.95720004966288,0.5363541000496629,stop,-1.0,-1.0170226963531517,62,15.5,0.03945410004966288
XRP,2023-03-29 04:00:00+00:00,2023-03-29 04:00:00+00:00,2023-03-29 08:15:00+00:00,-1,0.5351,0.5783856328720398,-42.75053287203979,0.5783856328720398,stop,-1.0,-1.0167206902924675,17,4.25,0.04328563287203979
XRP,2023-03-29 09:00:00+00:00,2023-03-29 09:00:00+00:00,2023-03-31 09:00:00+00:00,-1,0.5708,0.6175463147607134,-46.17551476071345,0.5338,tempo,0.7915062436343212,0.776146958016294,192,48.0,0.04674631476071345
XRP,2023-03-31 17:00:00+00:00,2023-03-31 17:00:00+00:00,2023-04-02 17:00:00+00:00,-1,0.5317,0.5742819401405175,-42.05024014051752,0.5245,tempo,0.16908576678846643,0.15296320408384337,192,48.0,0.04258194014051753
XRP,2023-04-02 17:00:00+00:00,2023-04-02 17:00:00+00:00,2023-04-04 17:00:00+00:00,-1,0.5244,0.5653045088279363,-40.38010882793628,0.4998,tempo,0.6014006940770074,0.5851254711474184,192,48.0,0.04090450882793628
XRP,2023-04-05 01:00:00+00:00,2023-04-05 01:00:00+00:00,2023-04-07 01:00:00+00:00,-1,0.5061,0.5435527560152771,-36.946656015277085,0.5033,tempo,0.07476085334969465,0.057242516388527606,192,48.0,0.03745275601527709
XRP,2023-04-07 09:00:00+00:00,2023-04-07 09:00:00+00:00,2023-04-09 09:00:00+00:00,-1,0.5081,0.5430851274552515,-34.47702745525151,0.5027,tempo,0.1543513027616363,0.1355713225874787,192,48.0,0.03498512745525151
XRP,2023-04-10 09:00:00+00:00,2023-04-10 09:00:00+00:00,2023-04-12 09:00:00+00:00,-1,0.5052,0.5357269864823351,-30.021786482335095,0.502,tempo,0.10482528309342651,0.08337934048854997,192,48.0,0.030526986482335094
XRP,2023-04-13 01:00:00+00:00,2023-04-13 01:00:00+00:00,2023-04-14 06:00:00+00:00,-1,0.5026,0.5302469134313678,-27.144313431367713,0.5302469134313678,stop,-1.0,-1.0242830178998819,116,29.0,0.027646913431367715
XRP,2023-04-19 17:00:00+00:00,2023-04-19 17:00:00+00:00,2023-04-21 17:00:00+00:00,-1,0.4962,0.5244921336782022,-27.795933678202267,0.4612,tempo,1.2370929813245508,1.2150971146614629,192,48.0,0.02829213367820227
XRP,2023-04-22 01:00:00+00:00,2023-04-22 01:00:00+00:00,2023-04-22 14:45:00+00:00,-1,0.4468,0.47207409134519873,-24.827291345198756,0.47207409134519873,stop,-1.0,-1.0236316372848688,55,13.75,0.025274091345198757
XRP,2023-04-22 15:00:00+00:00,2023-04-22 15:00:00+00:00,2023-04-24 15:00:00+00:00,-1,0.4722,0.4991581272285103,-26.485927228510263,0.4609,tempo,0.4191685833446704,0.3966701733157065,192,48.0,0.026958127228510265
XRP,2023-04-25 01:00:00+00:00,2023-04-25 01:00:00+00:00,2023-04-27 01:00:00+00:00,-1,0.4586,0.4851473691804383,-26.088769180438316,0.4672,tempo,-0.32394923736311276,-0.346617020219857,192,48.0,0.02654736918043832
XRP,2023-04-27 01:00:00+00:00,2023-04-27 01:00:00+00:00,2023-04-29 01:00:00+00:00,-1,0.4672,0.496633746068668,-28.966546068668002,0.4792,tempo,-0.4076953022562738,-0.4285951224342712,192,48.0,0.029433746068668
XRP,2023-05-03 09:00:00+00:00,2023-05-03 09:00:00+00:00,2023-05-05 09:00:00+00:00,-1,0.4597,0.4827162259776818,-22.556525977681826,0.4594,tempo,0.013034282870307402,-0.012921970799572977,192,48.0,0.023016225977681826
XRP,2023-05-08 01:00:00+00:00,2023-05-08 01:00:00+00:00,2023-05-10 01:00:00+00:00,-1,0.4506,0.4696783539639349,-18.62775396393492,0.4287,tempo,1.1478977715477443,1.1179399984043992,192,48.0,0.019078353963934924
XRP,2023-05-10 01:00:00+00:00,2023-05-10 01:00:00+00:00,2023-05-12 01:00:00+00:00,-1,0.4287,0.4478944334733068,-18.765733473306796,0.4211,tempo,0.3959481279074569,0.3671705137742674,192,48.0,0.019194433473306793
XRP,2023-05-14 01:00:00+00:00,2023-05-14 01:00:00+00:00,2023-05-16 01:00:00+00:00,-1,0.4236,0.4435346849420103,-19.51108494201034,0.4249,tempo,-0.06521296944404696,-0.09287957173068338,192,48.0,0.01993468494201034
XRP,2023-05-16 01:00:00+00:00,2023-05-16 01:00:00+00:00,2023-05-17 00:15:00+00:00,-1,0.425,0.44364462435160734,-18.21962435160735,0.44364462435160734,stop,-1.0,-1.030283206310878,93,23.25,0.018644624351607353
XRP,2023-06-06 01:00:00+00:00,2023-06-06 01:00:00+00:00,2023-06-07 06:15:00+00:00,-1,0.5098,0.534954758682389,-24.644958682388925,0.534954758682389,stop,-1.0,-1.026996505977972,117,29.25,0.025154758682388922
XRP,2023-06-10 09:00:00+00:00,2023-06-10 09:00:00+00:00,2023-06-11 17:45:00+00:00,-1,0.4909,0.5188503436626363,-27.459443662636268,0.5188503436626363,stop,-1.0,-1.0234822774024814,131,32.75,0.027950343662636268
XRP,2023-06-11 18:00:00+00:00,2023-06-11 18:00:00+00:00,2023-06-13 11:15:00+00:00,-1,0.5179,0.5477196082941141,-29.301708294114118,0.5477196082941141,stop,-1.0,-1.023228096712722,165,41.25,0.02981960829411412
XRP,2023-06-13 17:00:00+00:00,2023-06-13 17:00:00+00:00,2023-06-15 17:00:00+00:00,-1,0.5124,0.5463751116775059,-33.46271167750589,0.4743,tempo,1.121409117404758,1.1025319167618937,192,48.0,0.03397511167750589
XRP,2023-06-16 01:00:00+00:00,2023-06-16 01:00:00+00:00,2023-06-18 01:00:00+00:00,-1,0.4761,0.5099511616250493,-33.37506162504925,0.4777,tempo,-0.047265733971622974,-0.06558031965311502,192,48.0,0.03385116162504925
XRP,2023-06-18 01:00:00+00:00,2023-06-18 01:00:00+00:00,2023-06-20 01:00:00+00:00,-1,0.4777,0.5095158055890476,-31.338105589047622,0.4929,tempo,-0.4777499647921061,-0.49757941711366477,192,48.0,0.03181580558904762
XRP,2023-06-20 01:00:00+00:00,2023-06-20 01:00:00+00:00,2023-06-22 01:00:00+00:00,-1,0.4929,0.5234096582630662,-30.016758263066176,0.5022,tempo,-0.3048215066786965,-0.32602184246819993,192,48.0,0.030509658263066175
XRP,2023-06-22 01:00:00+00:00,2023-06-22 01:00:00+00:00,2023-06-24 01:00:00+00:00,-1,0.5022,0.5315827991770826,-28.880599177082644,0.4908,tempo,0.3879820956231934,0.36601516197231704,192,48.0,0.02938279917708264
XRP,2023-06-26 17:00:00+00:00,2023-06-26 17:00:00+00:00,2023-06-28 17:00:00+00:00,-1,0.475,0.5006104633379752,-25.13546333797523,0.4724,tempo,0.10152100591420021,0.07747575566342181,192,48.0,0.02561046333797523
XRP,2023-06-29 01:00:00+00:00,2023-06-29 01:00:00+00:00,2023-07-01 01:00:00+00:00,-1,0.4623,0.4859022540086257,-23.1399540086257,0.4673,tempo,-0.21184417378834666,-0.23744511850232075,192,48.0,0.0236022540086257
XRP,2023-07-06 01:00:00+00:00,2023-07-06 01:00:00+00:00,2023-07-08 01:00:00+00:00,-1,0.4753,0.49767856849149045,-21.903268491490447,0.4666,tempo,0.38876481323227624,0.36140671835534943,192,48.0,0.022378568491490447
XRP,2023-07-08 01:00:00+00:00,2023-07-08 01:00:00+00:00,2023-07-10 01:00:00+00:00,-1,0.4666,0.48761982986118735,-20.553229861187333,0.4654,tempo,0.05708894924101211,0.028268544699175325,192,48.0,0.021019829861187334
XRP,2023-07-13 01:00:00+00:00,2023-07-13 01:00:00+00:00,2023-07-13 15:30:00+00:00,-1,0.4706,0.48814900677835027,-17.07840677835025,0.48814900677835027,stop,-1.0,-1.0355112321897748,58,14.5,0.01754900677835025
XRP,2023-07-13 17:00:00+00:00,2023-07-13 17:00:00+00:00,2023-07-13 17:45:00+00:00,-1,0.6122,0.6809618659225495,-68.14966592254952,0.6809618659225495,stop,-1.0,-1.0122241478117597,3,0.75,0.06876186592254951
XRP,2023-07-13 18:00:00+00:00,2023-07-13 18:00:00+00:00,2023-07-13 18:30:00+00:00,-1,0.7444,0.8524360104649802,-107.29161046498024,0.8524360104649802,stop,-1.0,-1.0096073837078487,2,0.5,0.10803601046498024
XRP,2023-07-13 19:00:00+00:00,2023-07-13 19:00:00+00:00,2023-07-15 19:00:00+00:00,-1,0.7884,0.9045645712508217,-115.3761712508217,0.725,tempo,0.5457774200630173,0.5373091754906169,192,48.0,0.11616457125082169
XRP,2023-07-22 01:00:00+00:00,2023-07-22 01:00:00+00:00,2023-07-24 01:00:00+00:00,-1,0.7714,0.8619183098733498,-89.74690987334985,0.7386,tempo,0.36235762737829047,0.3515145172785407,192,48.0,0.09051830987334986
XRP,2023-07-24 01:00:00+00:00,2023-07-24 01:00:00+00:00,2023-07-26 01:00:00+00:00,-1,0.7386,0.8188182664098428,-79.47966640984275,0.709,tempo,0.36899326456110204,0.357263517184206,192,48.0,0.08021826640984275
XRP,2023-07-26 01:00:00+00:00,2023-07-26 01:00:00+00:00,2023-07-28 01:00:00+00:00,-1,0.709,0.7810191166817655,-71.31011668176552,0.7163,tempo,-0.10136197632438286,-0.1142258525101146,192,48.0,0.07201911668176553
XRP,2023-08-01 01:00:00+00:00,2023-08-01 01:00:00+00:00,2023-08-03 01:00:00+00:00,-1,0.6952,0.7506781356711179,-54.78293567111781,0.6831,tempo,0.21810394047360387,0.2019553264446287,192,48.0,0.05547813567111781
XRP,2023-08-03 01:00:00+00:00,2023-08-03 01:00:00+00:00,2023-08-05 01:00:00+00:00,-1,0.6832,0.7333504783946551,-49.46727839465503,0.6311,tempo,1.0388734398504318,1.0218388067353257,192,48.0,0.05015047839465503
XRP,2023-08-06 09:00:00+00:00,2023-08-06 09:00:00+00:00,2023-08-08 09:00:00+00:00,-1,0.6346,0.6774466797673278,-42.2120797673277,0.6187,tempo,0.37109059759921953,0.35207757244945753,192,48.0,0.0428466797673277
XRP,2023-08-08 17:00:00+00:00,2023-08-08 17:00:00+00:00,2023-08-10 17:00:00+00:00,-1,0.6377,0.67799389537295,-39.65619537294992,0.6287,tempo,0.22335889634641493,0.20292999533346884,192,48.0,0.04029389537294992
XRP,2023-08-16 01:00:00+00:00,2023-08-16 01:00:00+00:00,2023-08-18 01:00:00+00:00,-1,0.6085,0.6397218010469415,-30.6133010469415,0.5082,tempo,3.2124988513379016,3.189250512816088,192,48.0,0.0312218010469415
XRP,2023-08-18 09:00:00+00:00,2023-08-18 09:00:00+00:00,2023-08-20 09:00:00+00:00,-1,0.5077,0.5567082275009413,-48.500527500941246,0.5267,tempo,-0.387690005716591,-0.4014093347820441,192,48.0,0.04900822750094125
XRP,2023-08-20 09:00:00+00:00,2023-08-20 09:00:00+00:00,2023-08-22 09:00:00+00:00,-1,0.5267,0.5740963839599375,-46.869683959937504,0.5169,tempo,0.20676682863155796,0.19245476633217712,192,48.0,0.047396383959937505
XRP,2023-08-22 17:00:00+00:00,2023-08-22 17:00:00+00:00,2023-08-24 17:00:00+00:00,-1,0.5156,0.5588551890182069,-42.73958901820691,0.5171,tempo,-0.03467792036161671,-0.05019640531650747,192,48.0,0.04325518901820691
XRP,2023-08-24 17:00:00+00:00,2023-08-24 17:00:00+00:00,2023-08-26 17:00:00+00:00,-1,0.517,0.5571461279075893,-39.62912790758931,0.5247,tempo,-0.19179931917031567,-0.20866532930107098,192,48.0,0.04014612790758931
XRP,2023-08-26 17:00:00+00:00,2023-08-26 17:00:00+00:00,2023-08-28 17:00:00+00:00,-1,0.5246,0.5620033617989822,-36.878761798982296,0.5196,tempo,0.13367782358365576,0.11553159374346884,192,48.0,0.03740336179898229
XRP,2023-08-28 17:00:00+00:00,2023-08-28 17:00:00+00:00,2023-08-30 17:00:00+00:00,-1,0.5196,0.5534594904705478,-33.339890470547815,0.5249,tempo,-0.1565292308403226,-0.17658047764188192,192,48.0,0.033859490470547815
XRP,2023-08-30 17:00:00+00:00,2023-08-30 17:00:00+00:00,2023-09-01 17:00:00+00:00,-1,0.5249,0.5582947448307696,-32.86984483076954,0.4954,tempo,0.8833725231168426,0.8635132607280808,192,48.0,0.03339474483076954
XRP,2023-09-02 01:00:00+00:00,2023-09-02 01:00:00+00:00,2023-09-04 01:00:00+00:00,-1,0.4968,0.5260447824873313,-28.74798248733131,0.5071,tempo,-0.352199576264993,-0.3745124452453889,192,48.0,0.02924478248733131
XRP,2023-09-08 17:00:00+00:00,2023-09-08 17:00:00+00:00,2023-09-10 17:00:00+00:00,-1,0.5019,0.5246121078664148,-22.210207866414756,0.497,tempo,0.21574395599123714,0.18715634079414123,192,48.0,0.022712107866414755
XRP,2023-09-12 01:00:00+00:00,2023-09-12 01:00:00+00:00,2023-09-14 01:00:00+00:00,-1,0.4721,0.49159432647554296,-19.022226475542944,0.4853,tempo,-0.6771200849929518,-0.70904270621204,192,48.0,0.019494326475542945
XRP,2023-10-09 17:00:00+00:00,2023-10-09 17:00:00+00:00,2023-10-11 17:00:00+00:00,-1,0.4973,0.5155219365068482,-17.72463650684817,0.4808,tempo,0.9055020026987244,0.8706119129565575,192,48.0,0.01822193650684817
XRP,2023-10-20 01:00:00+00:00,2023-10-20 01:00:00+00:00,2023-10-21 15:00:00+00:00,-1,0.5169,0.5344730553818331,-17.05615538183307,0.5344730553818331,stop,-1.0,-1.0388886548838103,152,38.0,0.01757305538183307
XRP,2023-11-03 17:00:00+00:00,2023-11-03 17:00:00+00:00,2023-11-05 17:00:00+00:00,1,0.6101,0.5820469561288764,28.663143871123616,0.6488,tempo,1.3795294434995657,1.3503602380557922,192,48.0,0.028053043871123617
XRP,2023-11-05 17:00:00+00:00,2023-11-05 17:00:00+00:00,2023-11-07 17:00:00+00:00,1,0.6488,0.6188941050285474,30.554694971452687,0.6618,tempo,0.4346969054900193,0.4062112172732584,192,48.0,0.029905894971452684
XRP,2023-11-07 17:00:00+00:00,2023-11-07 17:00:00+00:00,2023-11-09 16:15:00+00:00,1,0.6618,0.6262389563187918,36.22284368120827,0.6262389563187918,stop,-1.0,-1.0235433281742976,189,47.25,0.03556104368120827
XRP,2023-11-09 17:00:00+00:00,2023-11-09 17:00:00+00:00,2023-11-11 17:00:00+00:00,1,0.6548,0.616083936707007,39.37086329299304,0.6779,tempo,0.596651571343531,0.5742770082727867,192,48.0,0.03871606329299304
XRP,2023-11-11 17:00:00+00:00,2023-11-11 17:00:00+00:00,2023-11-13 17:00:00+00:00,1,0.6779,0.6384581583880307,40.11974161196929,0.6517,tempo,-0.6642691854441496,-0.6861809412009531,192,48.0,0.039441841611969286
XRP,2023-11-13 17:00:00+00:00,2023-11-13 17:00:00+00:00,2023-11-14 19:00:00+00:00,1,0.6518,0.6161161980665885,36.33560193341159,0.6161161980665885,stop,-1.0,-1.023095788119248,104,26.0,0.035683801933411585
XRP,2023-12-01 17:00:00+00:00,2023-12-01 17:00:00+00:00,2023-12-03 17:00:00+00:00,1,0.6112,0.5823698903527049,29.441309647295043,0.6199,tempo,0.3017678429404208,0.2740116182923096,192,48.0,0.028830109647295044
XRP,2023-12-03 17:00:00+00:00,2023-12-03 17:00:00+00:00,2023-12-04 11:15:00+00:00,1,0.62,0.5928080777265987,27.811922273401283,0.5928080777265987,stop,-1.0,-1.0289911556305609,73,18.25,0.02719192227340128
XRP,2023-12-04 12:00:00+00:00,2023-12-04 12:00:00+00:00,2023-12-06 12:00:00+00:00,1,0.6201,0.5921251204944096,28.594979505590413,0.621,tempo,0.03217172034003431,0.0033345988132449447,192,48.0,0.02797487950559041
XRP,2023-12-06 12:00:00+00:00,2023-12-06 12:00:00+00:00,2023-12-08 12:00:00+00:00,1,0.621,0.5933139751814739,28.30702481852611,0.6491,tempo,1.0149524962210137,0.9851336614330172,192,48.0,0.02768602481852611
XRP,2023-12-08 12:00:00+00:00,2023-12-08 12:00:00+00:00,2023-12-10 12:00:00+00:00,1,0.6491,0.620129577645043,29.61952235495706,0.6566,tempo,0.25888473105800763,0.2295891623016626,192,48.0,0.02897042235495706
XRP,2023-12-10 12:00:00+00:00,2023-12-10 12:00:00+00:00,2023-12-11 02:15:00+00:00,1,0.6566,0.6249098130897371,32.346786910262814,0.6249098130897371,stop,-1.0,-1.026285151957831,57,14.25,0.03169018691026282
XRP,2023-12-11 03:00:00+00:00,2023-12-11 03:00:00+00:00,2023-12-13 03:00:00+00:00,1,0.6218,0.5887686140376762,33.6531859623238,0.6106,tempo,-0.3390714520055232,-0.36332293212548256,192,48.0,0.0330313859623238
XRP,2023-12-15 01:00:00+00:00,2023-12-15 01:00:00+00:00,2023-12-17 01:00:00+00:00,1,0.6317,0.6002975226320801,32.0341773679199,0.6209,tempo,-0.3439219101558236,-0.36984948238080223,192,48.0,0.0314024773679199
XRP,2023-12-17 17:00:00+00:00,2023-12-17 17:00:00+00:00,2023-12-18 09:30:00+00:00,1,0.6206,0.5924482439535925,28.772356046407516,0.5924482439535925,stop,-1.0,-1.028008247772183,66,16.5,0.028151756046407517
XRP,2023-12-20 17:00:00+00:00,2023-12-20 17:00:00+00:00,2023-12-22 17:00:00+00:00,1,0.6193,0.5925198551132193,27.39944488678071,0.6172,tempo,-0.07841630464951661,-0.10842827819924662,192,48.0,0.02678014488678071
XRP,2023-12-22 17:00:00+00:00,2023-12-22 17:00:00+00:00,2023-12-24 17:00:00+00:00,1,0.6172,0.5916597576741868,26.1574423258132,0.6219,tempo,0.1840233127016891,0.15248817729751254,192,48.0,0.0255402423258132
XRP,2023-12-24 17:00:00+00:00,2023-12-24 17:00:00+00:00,2023-12-26 17:00:00+00:00,1,0.622,0.597812013421541,24.809986578458997,0.6249,tempo,0.11989422892199947,0.08638647922274213,192,48.0,0.024187986578458998
XRP,2023-12-26 17:00:00+00:00,2023-12-26 17:00:00+00:00,2023-12-26 17:45:00+00:00,1,0.6248,0.5987484321429098,26.676367857090174,0.5987484321429098,stop,-1.0,-1.0305281618847535,3,0.75,0.026051567857090174
XRP,2023-12-26 18:00:00+00:00,2023-12-26 18:00:00+00:00,2023-12-28 18:00:00+00:00,1,0.6148,0.5887940680241905,26.62073197580947,0.6315,tempo,0.6421611813617815,0.6110107884147591,192,48.0,0.02600593197580947
XRP,2023-12-28 18:00:00+00:00,2023-12-28 18:00:00+00:00,2023-12-30 18:00:00+00:00,1,0.6315,0.604057821044743,28.073678955256913,0.6268,tempo,-0.171269198690929,-0.20107350108737995,192,48.0,0.027442178955256913
XRP,2024-01-02 01:00:00+00:00,2024-01-02 01:00:00+00:00,2024-01-03 12:15:00+00:00,1,0.6328,0.6079825090751608,25.4502909248392,0.6079825090751608,stop,-1.0,-1.0324975894356685,141,35.25,0.024817490924839203
XRP,2024-01-31 09:00:00+00:00,2024-01-31 09:00:00+00:00,2024-02-02 09:00:00+00:00,-1,0.5097,0.5295244299357001,-19.314729935700107,0.5047,tempo,0.2522140619537279,0.21895408917576592,192,48.0,0.019824429935700105
XRP,2024-02-15 09:00:00+00:00,2024-02-15 09:00:00+00:00,2024-02-17 09:00:00+00:00,1,0.5477,0.5291954950322408,19.052204967759128,0.5567,tempo,0.48636805014135415,0.44757425364419057,192,48.0,0.018504504967759128
XRP,2024-02-17 09:00:00+00:00,2024-02-17 09:00:00+00:00,2024-02-19 09:00:00+00:00,1,0.5568,0.5365258360293003,20.8309639706997,0.5586,tempo,0.08878294575309693,0.05302265491951252,192,48.0,0.0202741639706997
XRP,2024-02-19 09:00:00+00:00,2024-02-19 09:00:00+00:00,2024-02-20 15:30:00+00:00,1,0.5586,0.5386823228467388,20.4762771532612,0.5386823228467388,stop,-1.0,-1.0358090707245748,122,30.5,0.019917677153261204
XRP,2024-02-20 16:00:00+00:00,2024-02-20 16:00:00+00:00,2024-02-21 10:15:00+00:00,1,0.5551,0.5343880337309276,21.267066269072455,0.5343880337309276,stop,-1.0,-1.0341912116273844,73,18.25,0.020711966269072457
XRP,2024-02-22 09:00:00+00:00,2024-02-22 09:00:00+00:00,2024-02-23 16:15:00+00:00,1,0.5473,0.5262474181109063,21.59988188909376,0.5262474181109063,stop,-1.0,-1.033145854767276,125,31.25,0.021052581889093758
XRP,2024-02-23 17:00:00+00:00,2024-02-23 17:00:00+00:00,2024-02-25 17:00:00+00:00,1,0.5333,0.5127662547466296,21.067045253370374,0.543,tempo,0.47239312070494793,0.43832261912973386,192,48.0,0.020533745253370372
XRP,2024-02-25 17:00:00+00:00,2024-02-25 17:00:00+00:00,2024-02-27 17:00:00+00:00,1,0.5431,0.5232569143670076,20.38618563299242,0.5652,tempo,1.113738075254541,1.0774334897014644,192,48.0,0.01984308563299242
XRP,2024-02-27 17:00:00+00:00,2024-02-27 17:00:00+00:00,2024-02-28 17:45:00+00:00,1,0.5653,0.5443623610414565,21.502938958543503,0.5443623610414565,stop,-1.0,-1.0344489909347028,99,24.75,0.020937638958543503
XRP,2024-02-28 18:00:00+00:00,2024-02-28 18:00:00+00:00,2024-03-01 18:00:00+00:00,1,0.5728,0.5448386439922264,28.53415600777361,0.5942,tempo,0.7653419953614019,0.7382134827174116,192,48.0,0.027961356007773608
XRP,2024-03-01 18:00:00+00:00,2024-03-01 18:00:00+00:00,2024-03-03 18:00:00+00:00,1,0.5941,0.5632726324655345,31.421467534465467,0.6228,tempo,0.9309909439368451,0.9053324118187307,192,48.0,0.030827367534465466
XRP,2024-03-03 18:00:00+00:00,2024-03-03 18:00:00+00:00,2024-03-05 18:00:00+00:00,1,0.6229,0.5887863033481832,34.73659665181685,0.6266,tempo,0.10846083430254633,0.08465294832966262,192,48.0,0.03411369665181685
XRP,2024-03-05 18:00:00+00:00,2024-03-05 18:00:00+00:00,2024-03-05 19:45:00+00:00,1,0.6265,0.5898281251166189,37.298374883381086,0.5898281251166189,stop,-1.0,-1.0215591180936345,7,1.75,0.036671874883381084
XRP,2024-03-05 20:00:00+00:00,2024-03-05 20:00:00+00:00,2024-03-07 20:00:00+00:00,1,0.568,0.5281021415576489,40.46585844235105,0.6332,tempo,1.6341729241986356,1.614603452791338,192,48.0,0.03989785844235105
XRP,2024-05-18 01:00:00+00:00,2024-05-18 01:00:00+00:00,2024-05-20 01:00:00+00:00,-1,0.5223,0.5435403757054422,-20.71807570544224,0.5101,tempo,0.5743777873417789,0.5427841842291908,192,48.0,0.021240375705442238
XRP,2024-05-20 01:00:00+00:00,2024-05-20 01:00:00+00:00,2024-05-20 19:45:00+00:00,-1,0.51,0.529164677830896,-18.654677830896038,0.529164677830896,stop,-1.0,-1.035244894098932,75,18.75,0.019164677830896037
XRP,2024-05-28 17:00:00+00:00,2024-05-28 17:00:00+00:00,2024-05-30 17:00:00+00:00,1,0.5283,0.5092117806809764,19.616519319023602,0.5253,tempo,-0.15716500056189936,-0.1930426268901697,192,48.0,0.019088219319023603
XRP,2024-05-30 17:00:00+00:00,2024-05-30 17:00:00+00:00,2024-06-01 17:00:00+00:00,1,0.5254,0.5072205267898369,18.70487321016311,0.5206,tempo,-0.26403405338041475,-0.3014333768998612,192,48.0,0.01817947321016311
XRP,2024-06-01 17:00:00+00:00,2024-06-01 17:00:00+00:00,2024-06-03 17:00:00+00:00,1,0.5205,0.5034084293751921,17.612070624807814,0.5198,tempo,-0.04095586153936592,-0.08051893124452963,192,48.0,0.017091570624807817
XRP,2024-06-03 17:00:00+00:00,2024-06-03 17:00:00+00:00,2024-06-05 17:00:00+00:00,1,0.5198,0.5035609754003314,16.75882459966864,0.5289,tempo,0.5603784848127937,0.5184021335968525,192,48.0,0.01623902459966864
XRP,2024-06-05 17:00:00+00:00,2024-06-05 17:00:00+00:00,2024-06-07 17:00:00+00:00,1,0.529,0.5134075273490852,16.12147265091479,0.5206,tempo,-0.538721483632505,-0.5824759294650571,192,48.0,0.01559247265091479
XRP,2024-06-07 17:00:00+00:00,2024-06-07 17:00:00+00:00,2024-06-07 18:15:00+00:00,1,0.5207,0.5061129043850763,15.107795614923772,0.5061129043850763,stop,-1.0,-1.045754713993063,5,1.25,0.014587095614923773
XRP,2024-06-07 19:00:00+00:00,2024-06-07 19:00:00+00:00,2024-06-09 19:00:00+00:00,1,0.4903,0.4726896011236246,18.10069887637539,0.4967,tempo,0.36342163768849417,0.32699145774176686,192,48.0,0.017610398876375388
XRP,2024-06-19 01:00:00+00:00,2024-06-19 01:00:00+00:00,2024-06-21 01:00:00+00:00,-1,0.4935,0.5163755363420467,-22.382036342046696,0.4873,tempo,0.2710318965769553,0.24316282323731966,192,48.0,0.0228755363420467
XRP,2024-06-21 01:00:00+00:00,2024-06-21 01:00:00+00:00,2024-06-23 01:00:00+00:00,-1,0.4874,0.5086214727475951,-20.73407274759506,0.4872,tempo,0.009424416598166738,-0.020426951755699786,192,48.0,0.02122147274759506
XRP,2024-06-23 17:00:00+00:00,2024-06-23 17:00:00+00:00,2024-06-25 17:00:00+00:00,-1,0.4806,0.5001934656280126,-19.112865628012564,0.4767,tempo,0.19904595103503422,0.16728816954739462,192,48.0,0.019593465628012563
XRP,2024-06-27 09:00:00+00:00,2024-06-27 09:00:00+00:00,2024-06-29 09:00:00+00:00,-1,0.4679,0.48544561694313615,-17.077716943136167,0.4765,tempo,-0.49015090366282676,-0.5251374192119503,192,48.0,0.017545616943136166
XRP,2024-06-30 09:00:00+00:00,2024-06-30 09:00:00+00:00,2024-07-02 09:00:00+00:00,-1,0.475,0.4910553212833915,-15.580321283391543,0.4817,tempo,-0.41730712713490614,-0.4560391455743801,192,48.0,0.016055321283391544
XRP,2024-07-04 01:00:00+00:00,2024-07-04 01:00:00+00:00,2024-07-06 01:00:00+00:00,-1,0.4683,0.48335200702602743,-14.583707026027437,0.428,tempo,2.6773838153486484,2.6386783457728904,192,48.0,0.015052007026027436
XRP,2024-07-06 17:00:00+00:00,2024-07-06 17:00:00+00:00,2024-07-08 17:00:00+00:00,-1,0.4455,0.468256561649905,-22.31106164990497,0.4256,tempo,0.8744730555585988,0.8495916605257792,192,48.0,0.02275656164990497
XRP,2024-07-09 09:00:00+00:00,2024-07-09 09:00:00+00:00,2024-07-11 09:00:00+00:00,-1,0.4355,0.45847316165154517,-22.537661651545168,0.4457,tempo,-0.44399635342808536,-0.46892892512578527,192,48.0,0.02297316165154517
XRP,2024-07-12 09:00:00+00:00,2024-07-12 09:00:00+00:00,2024-07-13 03:45:00+00:00,-1,0.4663,0.4891762317384451,-22.409931738445106,0.4891762317384451,stop,-1.0,-1.027148682428595,75,18.75,0.022876231738445107
XRP,2024-07-13 04:00:00+00:00,2024-07-13 04:00:00+00:00,2024-07-13 09:30:00+00:00,-1,0.4921,0.5167503956037114,-24.158295603711405,0.5167503956037114,stop,-1.0,-1.0266021189957568,22,5.5,0.024650395603711406
XRP,2024-07-13 10:00:00+00:00,2024-07-13 10:00:00+00:00,2024-07-13 16:15:00+00:00,-1,0.5135,0.5396619315146505,-25.648431514650515,0.5396619315146505,stop,-1.0,-1.0261660823896421,25,6.25,0.026161931514650516
XRP,2024-07-15 17:00:00+00:00,2024-07-15 17:00:00+00:00,2024-07-16 03:45:00+00:00,-1,0.533,0.5638411362626413,-30.308136262641288,0.5638411362626413,stop,-1.0,-1.023116746818253,43,10.75,0.03084113626264129
XRP,2024-07-16 09:00:00+00:00,2024-07-16 09:00:00+00:00,2024-07-16 14:15:00+00:00,-1,0.5402,0.5725148324425213,-31.774632442521316,0.5725148324425213,stop,-1.0,-1.0223818162255403,21,5.25,0.03231483244252131
XRP,2024-07-16 15:00:00+00:00,2024-07-16 15:00:00+00:00,2024-07-17 07:15:00+00:00,-1,0.5785,0.6148162948463226,-35.73779484632259,0.6148162948463226,stop,-1.0,-1.0213583350100115,65,16.25,0.036316294846322594
XRP,2024-07-17 09:00:00+00:00,2024-07-17 09:00:00+00:00,2024-07-19 09:00:00+00:00,-1,0.6139,0.6537807867818924,-39.26688678189244,0.5486,tempo,1.63737993327777,1.618432839677724,192,48.0,0.03988078678189244
XRP,2024-07-19 17:00:00+00:00,2024-07-19 17:00:00+00:00,2024-07-21 17:00:00+00:00,-1,0.5785,0.6196369286669743,-40.55842866697427,0.5905,tempo,-0.29170870040266045,-0.31017993840274055,192,48.0,0.04113692866697427
XRP,2024-07-21 17:00:00+00:00,2024-07-21 17:00:00+00:00,2024-07-23 17:00:00+00:00,-1,0.5904,0.6308235058880639,-39.83310588806387,0.5828,tempo,0.18800942256332487,0.16914465605564866,192,48.0,0.04042350588806387
XRP,2024-07-25 01:00:00+00:00,2024-07-25 01:00:00+00:00,2024-07-27 01:00:00+00:00,-1,0.6204,0.6620216396381708,-41.001239638170894,0.5985,tempo,0.5261686034087805,0.5071331928173775,192,48.0,0.04162163963817089
XRP,2024-07-29 01:00:00+00:00,2024-07-29 01:00:00+00:00,2024-07-31 01:00:00+00:00,-1,0.6017,0.638998377881335,-36.69667788133494,0.638998377881335,stop,-1.0,-1.021621689505871,192,48.0,0.03729837788133494
XRP,2024-08-01 09:00:00+00:00,2024-08-01 09:00:00+00:00,2024-08-03 09:00:00+00:00,-1,0.6077,0.6459540852165239,-37.646385216523846,0.5692,tempo,1.0064284580871354,0.9864309860349332,192,48.0,0.03825408521652385
XRP,2024-08-03 09:00:00+00:00,2024-08-03 09:00:00+00:00,2024-08-05 09:00:00+00:00,-1,0.5692,0.6057921160950677,-36.02291609506763,0.4655,tempo,2.8339437853384513,2.8155640065289207,192,48.0,0.03659211609506763
XRP,2024-08-05 09:00:00+00:00,2024-08-05 09:00:00+00:00,2024-08-06 00:30:00+00:00,-1,0.4655,0.500105121490373,-34.13962149037298,0.500105121490373,stop,-1.0,-1.018137295924343,62,15.5,0.03460512149037298
XRP,2024-08-06 01:00:00+00:00,2024-08-06 01:00:00+00:00,2024-08-07 20:30:00+00:00,-1,0.5122,0.5562836438159771,-43.57144381597707,0.5562836438159771,stop,-1.0,-1.01575446828714,174,43.5,0.04408364381597707
XRP,2024-08-07 21:00:00+00:00,2024-08-07 21:00:00+00:00,2024-08-09 21:00:00+00:00,-1,0.6016,0.6644142733103781,-62.21267331037804,0.5784,tempo,0.36934280661600755,0.35713220606969387,192,48.0,0.06281427331037803
XRP,2024-08-09 21:00:00+00:00,2024-08-09 21:00:00+00:00,2024-08-11 21:00:00+00:00,-1,0.5783,0.6384550618362856,-59.576761836285606,0.5519,tempo,0.4388658110243281,0.426653538647328,192,48.0,0.060155061836285606
XRP,2024-08-11 21:00:00+00:00,2024-08-11 21:00:00+00:00,2024-08-13 21:00:00+00:00,-1,0.5518,0.6050090929401305,-52.657292940130546,0.5758,tempo,-0.4510507259915929,-0.46482543928777115,192,48.0,0.05320909294013054
XRP,2024-08-14 17:00:00+00:00,2024-08-14 17:00:00+00:00,2024-08-16 17:00:00+00:00,-1,0.5712,0.6214071390867828,-49.63593908678276,0.5625,tempo,0.17328212995689996,0.15860483478725756,192,48.0,0.05020713908678276
XRP,2024-08-17 09:00:00+00:00,2024-08-17 09:00:00+00:00,2024-08-19 09:00:00+00:00,-1,0.564,0.6083263346328805,-43.7623346328806,0.5773,tempo,-0.3000473671047538,-0.3167833550032369,192,48.0,0.044326334632880604
XRP,2024-08-25 09:00:00+00:00,2024-08-25 09:00:00+00:00,2024-08-27 09:00:00+00:00,-1,0.6008,0.636778728350758,-35.37792835075799,0.5896,tempo,0.3112950488636163,0.289789008059267,192,48.0,0.035978728350757994
XRP,2024-08-28 09:00:00+00:00,2024-08-28 09:00:00+00:00,2024-08-30 09:00:00+00:00,-1,0.5728,0.6046166302273747,-31.243830227374687,0.563,tempo,0.3080150201314599,0.2848111171812097,192,48.0,0.03181663022737469
XRP,2024-09-07 01:00:00+00:00,2024-09-07 01:00:00+00:00,2024-09-09 01:00:00+00:00,-1,0.5223,0.5475699078814807,-24.747607881480757,0.5285,tempo,-0.24535111204515708,-0.27238009858533185,192,48.0,0.025269907881480758
XRP,2024-09-14 01:00:00+00:00,2024-09-14 01:00:00+00:00,2024-09-14 21:15:00+00:00,-1,0.5703,0.5998739737876698,-29.003673787669793,0.5998739737876698,stop,-1.0,-1.0257190017284423,81,20.25,0.029573973787669794
XRP,2024-10-13 17:00:00+00:00,2024-10-13 17:00:00+00:00,2024-10-15 01:45:00+00:00,-1,0.5298,0.5536209932924998,-23.291193292499756,0.5536209932924998,stop,-1.0,-1.029563152006002,131,32.75,0.02382099329249976
XRP,2024-10-26 01:00:00+00:00,2024-10-26 01:00:00+00:00,2024-10-28 01:00:00+00:00,-1,0.5067,0.5258953209254048,-18.68862092540477,0.5155,tempo,-0.45844505721981593,-0.4930592219207892,192,48.0,0.01919532092540477
XRP,2024-11-03 17:00:00+00:00,2024-11-03 17:00:00+00:00,2024-11-04 10:15:00+00:00,-1,0.4978,0.5140582262748443,-15.760426274844301,0.5140582262748443,stop,-1.0,-1.040453850005538,69,17.25,0.0162582262748443
XRP,2024-11-10 09:00:00+00:00,2024-11-10 09:00:00+00:00,2024-11-12 09:00:00+00:00,1,0.5846,0.5626386069281905,22.545993071809555,0.6863,tempo,4.630853774506037,4.593238446676019,192,48.0,0.021961393071809554
XRP,2024-11-12 09:00:00+00:00,2024-11-12 09:00:00+00:00,2024-11-12 10:15:00+00:00,1,0.6864,0.63773910422701,49.347295772990044,0.63773910422701,stop,-1.0,-1.0176875169286401,5,1.25,0.04866089577299004
XRP,2024-11-12 11:00:00+00:00,2024-11-12 11:00:00+00:00,2024-11-14 11:00:00+00:00,1,0.6331,0.5847040614715954,49.02903852840463,0.7099,tempo,1.5869100245865548,1.5688723539359972,192,48.0,0.048395938528404625
XRP,2024-11-14 17:00:00+00:00,2024-11-14 17:00:00+00:00,2024-11-16 17:00:00+00:00,1,0.7275,0.6633097549958391,64.91774500416093,1.1423,tempo,6.462041077629661,6.44310720380006,192,48.0,0.06419024500416093
XRP,2024-11-16 17:00:00+00:00,2024-11-16 17:00:00+00:00,2024-11-18 17:00:00+00:00,1,1.1422,1.0000616039004744,143.28059609952572,1.1328,tempo,-0.06613272879073552,-0.07653632163108652,192,48.0,0.14213839609952572
XRP,2024-11-18 17:00:00+00:00,2024-11-18 17:00:00+00:00,2024-11-20 17:00:00+00:00,1,1.1328,0.9830596813161683,150.87311868383176,1.0956,tempo,-0.24843008434185201,-0.25810323057749174,192,48.0,0.14974031868383175
XRP,2024-11-22 01:00:00+00:00,2024-11-22 01:00:00+00:00,2024-11-24 01:00:00+00:00,1,1.2832,1.122405980607862,162.077219392138,1.4738,tempo,1.1853674702612693,1.1742224661947336,192,48.0,0.160794019392138
XRP,2024-11-24 09:00:00+00:00,2024-11-24 09:00:00+00:00,2024-11-26 09:00:00+00:00,1,1.4396,1.2524828946595856,188.55670534041437,1.3891,tempo,-0.2698844657100025,-0.2797106918941614,192,48.0,0.18711710534041437
XRP,2024-11-28 01:00:00+00:00,2024-11-28 01:00:00+00:00,2024-11-30 01:00:00+00:00,1,1.465,1.2772880493886225,189.17695061137758,1.7852,tempo,1.7058050857023692,1.6945504479815465,192,48.0,0.18771195061137758
XRP,2024-11-30 17:00:00+00:00,2024-11-30 17:00:00+00:00,2024-12-02 17:00:00+00:00,1,1.8892,1.6587768981448368,232.3123018551632,2.7399,tempo,3.691904123982861,3.678845906400618,192,48.0,0.23042310185516324
XRP,2024-12-03 17:00:00+00:00,2024-12-03 17:00:00+00:00,2024-12-05 17:00:00+00:00,1,2.5157,2.1189978278278208,399.21787217217906,2.4323,tempo,-0.21023328292692567,-0.21834062446828756,192,48.0,0.39670217217217907
XRP,2024-12-05 17:00:00+00:00,2024-12-05 17:00:00+00:00,2024-12-07 17:00:00+00:00,1,2.4322,2.0540775211793902,380.5546788206097,2.5387,tempo,0.2816547705182219,0.2731096953614156,192,48.0,0.3781224788206097
XRP,2024-12-07 17:00:00+00:00,2024-12-07 17:00:00+00:00,2024-12-09 17:00:00+00:00,1,2.5386,2.1691086301855393,372.0299698144608,2.393,tempo,-0.39405521182568637,-0.4027307595160415,192,48.0,0.36949136981446085
XRP,2024-12-11 01:00:00+00:00,2024-12-11 01:00:00+00:00,2024-12-13 01:00:00+00:00,-1,2.3151,2.6706627679563892,-353.2476679563891,2.3483,tempo,-0.0933731059379985,-0.10189821113228528,192,48.0,0.3555627679563891
XRP,2024-12-16 01:00:00+00:00,2024-12-16 01:00:00+00:00,2024-12-18 01:00:00+00:00,-1,2.4511,2.7660929901633255,-312.5418901633257,2.5797,tempo,-0.4082630535153185,-0.4186443004068905,192,48.0,0.3149929901633257
XRP,2024-12-19 01:00:00+00:00,2024-12-19 01:00:00+00:00,2024-12-21 01:00:00+00:00,-1,2.3405,2.6260809154700784,-283.24041547007835,2.2593,tempo,0.2843327253375502,0.27386329325005043,192,48.0,0.28558091547007836
XRP,2024-12-23 17:00:00+00:00,2024-12-23 17:00:00+00:00,2024-12-25 17:00:00+00:00,-1,2.1958,2.461280593753872,-263.284793753872,2.2731,tempo,-0.29117005844752936,-0.3021116679976912,192,48.0,0.265480593753872
XRP,2024-12-26 09:00:00+00:00,2024-12-26 09:00:00+00:00,2024-12-28 09:00:00+00:00,-1,2.1865,2.4276281020136277,-238.94160201362754,2.1716,tempo,0.061792880529362056,0.05004491346810304,192,48.0,0.24112810201362755
XRP,2024-12-30 01:00:00+00:00,2024-12-30 01:00:00+00:00,2025-01-01 01:00:00+00:00,-1,2.1041,2.3041175463770256,-197.91344637702574,2.1094,tempo,-0.026497675308994027,-0.04019034902491647,192,48.0,0.20001754637702573
XRP,2025-01-08 01:00:00+00:00,2025-01-08 01:00:00+00:00,2025-01-10 01:00:00+00:00,-1,2.3303,2.509144008089253,-176.51370808925304,2.2718,tempo,0.3271006986759392,0.31037458617175545,192,48.0,0.17884400808925305
XRP,2025-01-13 17:00:00+00:00,2025-01-13 17:00:00+00:00,2025-01-14 17:15:00+00:00,-1,2.4523,2.636821473184961,-182.0691731849607,2.636821473184961,stop,-1.0,-1.017927067784975,97,24.25,0.1845214731849607
XRP,2025-01-17 17:00:00+00:00,2025-01-17 17:00:00+00:00,2025-01-19 17:00:00+00:00,-1,3.2416,3.5254374548648495,-280.59585486484946,3.1455,tempo,0.3385740618543748,0.3239473276836614,192,48.0,0.28383745486484946
XRP,2025-01-19 17:00:00+00:00,2025-01-19 17:00:00+00:00,2025-01-21 17:00:00+00:00,-1,3.1455,3.418314583252354,-269.66908325235386,3.1734,tempo,-0.10226726030328179,-0.1173224855446713,192,48.0,0.27281458325235386
XRP,2025-01-21 17:00:00+00:00,2025-01-21 17:00:00+00:00,2025-01-23 17:00:00+00:00,-1,3.1734,3.472177285541223,-295.60388554122295,3.1217,tempo,0.17303858928347715,0.15934338821560534,192,48.0,0.29877728554122296
XRP,2025-01-23 17:00:00+00:00,2025-01-23 17:00:00+00:00,2025-01-25 17:00:00+00:00,-1,3.1216,3.4004222084614684,-275.70060846146845,3.1273,tempo,-0.0204431348257818,-0.03501078717461295,192,48.0,0.27882220846146843
XRP,2025-01-27 01:00:00+00:00,2025-01-27 01:00:00+00:00,2025-01-29 01:00:00+00:00,-1,2.9878,3.2237955685366737,-233.0077685366737,3.0739,tempo,-0.3648373591668529,-0.38153303283746975,192,48.0,0.2359955685366737
XRP,2025-01-29 09:00:00+00:00,2025-01-29 09:00:00+00:00,2025-01-31 09:00:00+00:00,-1,3.1017,3.3493550447038385,-244.55334470383838,3.0633,tempo,0.15505438238062694,0.13887360962555495,192,48.0,0.24765504470383837
XRP,2025-02-01 01:00:00+00:00,2025-02-01 01:00:00+00:00,2025-02-03 01:00:00+00:00,-1,3.0423,3.2599980913866045,-214.65579138660445,2.3941,tempo,2.9775180658285074,2.9612861366577334,192,48.0,0.21769809138660445
XRP,2025-02-03 09:00:00+00:00,2025-02-03 09:00:00+00:00,2025-02-03 16:30:00+00:00,-1,2.3586,2.642664121822075,-281.70552182207496,2.642664121822075,stop,-1.0,-1.0114439713763659,30,7.5,0.28406412182207497
XRP,2025-02-03 17:00:00+00:00,2025-02-03 17:00:00+00:00,2025-02-05 17:00:00+00:00,-1,2.6083,2.934637619312019,-323.72931931201913,2.4534,tempo,0.4746617945137869,0.46457988913329124,192,48.0,0.3263376193120191
XRP,2025-02-05 17:00:00+00:00,2025-02-05 17:00:00+00:00,2025-02-07 17:00:00+00:00,-1,2.4533,2.7598514923380493,-304.0981923380492,2.4581,tempo,-0.015658054584535255,-0.026071998342080478,192,48.0,0.30655149233804924
XRP,2025-02-07 17:00:00+00:00,2025-02-07 17:00:00+00:00,2025-02-09 17:00:00+00:00,-1,2.4582,2.754467993730773,-293.80979373077264,2.425,tempo,0.11206070416830159,0.10134716079822571,192,48.0,0.2962679937307726
XRP,2025-02-09 17:00:00+00:00,2025-02-09 17:00:00+00:00,2025-02-11 17:00:00+00:00,-1,2.425,2.699591538191169,-272.16653819116897,2.4554,tempo,-0.11070989368520127,-0.12226254392670832,192,48.0,0.274591538191169
XRP,2025-02-12 01:00:00+00:00,2025-02-12 01:00:00+00:00,2025-02-14 01:00:00+00:00,-1,2.4195,2.6757430419214234,-253.82354192142324,2.5586,tempo,-0.5428440083951819,-0.5554717268914064,192,48.0,0.2562430419214232
XRP,2025-02-17 17:00:00+00:00,2025-02-17 17:00:00+00:00,2025-02-19 17:00:00+00:00,-1,2.6167,2.8495028355078116,-230.18613550781177,2.6401,tempo,-0.1005142396524414,-0.11519155229146784,192,48.0,0.23280283550781178
XRP,2025-02-19 17:00:00+00:00,2025-02-19 17:00:00+00:00,2025-02-21 17:00:00+00:00,-1,2.6402,2.8675946414036306,-224.75444140363052,2.6279,tempo,0.05409098439645034,0.039032296210734244,192,48.0,0.22739464140363053
XRP,2025-02-21 17:00:00+00:00,2025-02-21 17:00:00+00:00,2025-02-23 17:00:00+00:00,-1,2.6278,2.8408766082706656,-210.44880827066544,2.5375,tempo,0.4237912398403414,0.40803425446663427,192,48.0,0.21307660827066544
XRP,2025-02-26 01:00:00+00:00,2025-02-26 01:00:00+00:00,2025-02-28 01:00:00+00:00,-1,2.2754,2.471520034682465,-193.84463468246497,2.1725,tempo,0.5246786753153693,0.5099370146549427,192,48.0,0.19612003468246497
XRP,2025-03-10 01:00:00+00:00,2025-03-10 01:00:00+00:00,2025-03-12 01:00:00+00:00,-1,2.1636,2.4128990023307533,-247.13540233075307,2.18,tempo,-0.06578445900975391,-0.07710957452808312,192,48.0,0.24929900233075308
XRP,2025-03-12 17:00:00+00:00,2025-03-12 17:00:00+00:00,2025-03-14 17:00:00+00:00,-1,2.1993,2.452672488105862,-251.1731881058621,2.3661,tempo,-0.658319303910805,-0.6700313489800397,192,48.0,0.2533724881058621
XRP,2025-03-18 09:00:00+00:00,2025-03-18 09:00:00+00:00,2025-03-19 13:30:00+00:00,-1,2.2934,2.509286718251127,-213.59331825112682,2.509286718251127,stop,-1.0,-1.0144601131192883,114,28.5,0.21588671825112682
XRP,2025-03-27 01:00:00+00:00,2025-03-27 01:00:00+00:00,2025-03-29 01:00:00+00:00,-1,2.3638,2.5366521345037056,-170.48833450370574,2.2053,tempo,0.9169687169619652,0.8997868926904442,192,48.0,0.17285213450370573
XRP,2025-03-29 01:00:00+00:00,2025-03-29 01:00:00+00:00,2025-03-31 01:00:00+00:00,-1,2.2053,2.3576442888586304,-150.1389888586306,2.0894,tempo,0.7607767962181401,0.7424528076990139,192,48.0,0.1523442888586306
DOGE,2023-01-14 09:00:00+00:00,2023-01-14 09:00:00+00:00,2023-01-14 09:30:00+00:00,1,0.09168,0.08634928873836113,5.422391261638865,0.08634928873836113,stop,-1.0,-1.021707992048393,2,0.5,0.005330711261638865
DOGE,2023-01-14 10:00:00+00:00,2023-01-14 10:00:00+00:00,2023-01-16 10:00:00+00:00,1,0.08642,0.08085880040626758,5.647619593732413,0.0842,tempo,-0.39919444763356193,-0.4191367277353209,192,48.0,0.005561199593732413
DOGE,2023-01-21 09:00:00+00:00,2023-01-21 09:00:00+00:00,2023-01-23 09:00:00+00:00,1,0.08704,0.08169530475947552,5.431735240524485,0.08878,tempo,0.3255564483465744,0.3041739382394527,192,48.0,0.005344695240524486
DOGE,2023-01-23 09:00:00+00:00,2023-01-23 09:00:00+00:00,2023-01-24 22:30:00+00:00,1,0.08878,0.08266121271770044,6.207567282299559,0.08266121271770044,stop,-1.0,-1.018212234406133,150,37.5,0.006118787282299559
DOGE,2023-02-01 09:00:00+00:00,2023-02-01 09:00:00+00:00,2023-02-03 09:00:00+00:00,1,0.0918,0.08569428843637962,6.197511563620386,0.09148,tempo,-0.05240994381500993,-0.07192151077304038,192,48.0,0.006105711563620386
DOGE,2023-02-03 17:00:00+00:00,2023-02-03 17:00:00+00:00,2023-02-05 17:00:00+00:00,1,0.09219,0.08602347635643853,6.258713643561462,0.09138,tempo,-0.13135439784548977,-0.1507041168925551,192,48.0,0.006166523643561461
DOGE,2023-02-10 01:00:00+00:00,2023-02-10 01:00:00+00:00,2023-02-12 01:00:00+00:00,-1,0.08146,0.08673893356661204,-5.197473566612035,0.08187,tempo,-0.07766720206390616,-0.09777817687735418,192,48.0,0.005278933566612035
DOGE,2023-02-12 01:00:00+00:00,2023-02-12 01:00:00+00:00,2023-02-14 01:00:00+00:00,-1,0.08186,0.08687079896171623,-4.928938961716232,0.08168,tempo,0.03592241504303905,0.014708033701427366,192,48.0,0.005010798961716231
DOGE,2023-02-15 09:00:00+00:00,2023-02-15 09:00:00+00:00,2023-02-16 16:45:00+00:00,-1,0.08613,0.09142270358009905,-5.2065735800990485,0.09142270358009905,stop,-1.0,-1.0218053506266649,127,31.75,0.005292703580099048
DOGE,2023-02-16 17:00:00+00:00,2023-02-16 17:00:00+00:00,2023-02-16 22:45:00+00:00,1,0.09052,0.08503444435139036,5.576075648609641,0.08503444435139036,stop,-1.0,-1.0208019745196324,23,5.75,0.005485555648609641
DOGE,2023-02-16 23:00:00+00:00,2023-02-16 23:00:00+00:00,2023-02-18 23:00:00+00:00,1,0.08508,0.07984080763795132,5.324272362048686,0.08892,tempo,0.73293739466715,0.711350097964844,192,48.0,0.005239192362048686
DOGE,2023-02-21 01:00:00+00:00,2023-02-21 01:00:00+00:00,2023-02-22 02:15:00+00:00,1,0.08855,0.08379205782704123,4.846492172958773,0.08379205782704123,stop,-1.0,-1.0235442831197576,101,25.25,0.004757942172958773
DOGE,2023-02-25 01:00:00+00:00,2023-02-25 01:00:00+00:00,2023-02-27 01:00:00+00:00,-1,0.08131,0.08577458252025673,-4.383272520256735,0.08181,tempo,-0.11199255422682791,-0.1357412473059521,192,48.0,0.004464582520256735
DOGE,2023-02-27 01:00:00+00:00,2023-02-27 01:00:00+00:00,2023-03-01 01:00:00+00:00,-1,0.08181,0.08600365660505324,-4.111846605053247,0.08051,tempo,0.3099920004021143,0.2848330496494786,192,48.0,0.0041936566050532476
DOGE,2023-03-02 17:00:00+00:00,2023-03-02 17:00:00+00:00,2023-03-04 17:00:00+00:00,-1,0.07994,0.08366801916236465,-3.6480791623646485,0.07588,tempo,1.0890501961435126,1.061882149095236,192,48.0,0.0037280191623646486
DOGE,2023-03-05 01:00:00+00:00,2023-03-05 01:00:00+00:00,2023-03-07 01:00:00+00:00,-1,0.07484,0.07919179710485082,-4.276957104850813,0.07541,tempo,-0.1309803711585358,-0.153422249225677,192,48.0,0.004351797104850813
DOGE,2023-03-09 01:00:00+00:00,2023-03-09 01:00:00+00:00,2023-03-11 01:00:00+00:00,-1,0.07124,0.07499009910833608,-3.678859108336083,0.066,tempo,1.3972964043408922,1.3735087663550842,192,48.0,0.003750099108336083
DOGE,2023-03-11 01:00:00+00:00,2023-03-11 01:00:00+00:00,2023-03-12 22:30:00+00:00,-1,0.066,0.07005069299265416,-3.9846929926541623,0.07005069299265416,stop,-1.0,-1.0218315608231965,182,45.5,0.004050692992654162
DOGE,2023-03-14 01:00:00+00:00,2023-03-14 01:00:00+00:00,2023-03-14 14:30:00+00:00,-1,0.07232,0.07693708579605302,-4.544765796053022,0.07693708579605302,stop,-1.0,-1.0210126278897331,54,13.5,0.004617085796053022
DOGE,2023-03-15 01:00:00+00:00,2023-03-15 01:00:00+00:00,2023-03-15 15:45:00+00:00,1,0.07471,0.06984231088688188,4.94239911311812,0.06984231088688188,stop,-1.0,-1.019302588947856,59,14.75,0.0048676891131181205
DOGE,2023-03-15 16:00:00+00:00,2023-03-15 16:00:00+00:00,2023-03-17 16:00:00+00:00,1,0.06959,0.0650172480763915,4.642341923608495,0.07366,tempo,0.8900548439960516,0.8696923792143361,192,48.0,0.004572751923608495
DOGE,2023-03-21 01:00:00+00:00,2023-03-21 01:00:00+00:00,2023-03-21 17:15:00+00:00,-1,0.07194,0.07661508580450428,-4.603145804504279,0.07661508580450428,stop,-1.0,-1.0206543387246272,65,16.25,0.004675085804504278
DOGE,2023-03-26 01:00:00+00:00,2023-03-26 01:00:00+00:00,2023-03-28 01:00:00+00:00,-1,0.07388,0.07890263820332725,-4.9487582033272535,0.07239,tempo,0.296656844407577,0.2777274499039042,192,48.0,0.005022638203327254
DOGE,2023-03-28 01:00:00+00:00,2023-03-28 01:00:00+00:00,2023-03-30 01:00:00+00:00,-1,0.07239,0.07709175822744999,-4.629368227449989,0.0749,tempo,-0.5338428474152537,-0.5542051236890645,192,48.0,0.00470175822744999
DOGE,2023-03-31 01:00:00+00:00,2023-03-31 01:00:00+00:00,2023-04-01 18:30:00+00:00,-1,0.0746,0.07907153421982979,-4.3969342198297925,0.07907153421982979,stop,-1.0,-1.022338305452282,166,41.5,0.0044715342198297925
DOGE,2023-04-03 01:00:00+00:00,2023-04-03 01:00:00+00:00,2023-04-03 17:45:00+00:00,-1,0.07871,0.08355533197799422,-4.766621977994221,0.08355533197799422,stop,-1.0,-1.0217678512565733,67,16.75,0.004845331977994222
DOGE,2023-04-07 01:00:00+00:00,2023-04-07 01:00:00+00:00,2023-04-09 01:00:00+00:00,-1,0.08607,0.09616789134456982,-10.01182134456983,0.08187,tempo,0.4159284207646538,0.4051181440172513,192,48.0,0.010097891344569829
DOGE,2023-04-09 01:00:00+00:00,2023-04-09 01:00:00+00:00,2023-04-11 01:00:00+00:00,-1,0.08187,0.09067256657269321,-8.72069657269321,0.08493,tempo,-0.34762588555621426,-0.3599427478150393,192,48.0,0.00880256657269321
DOGE,2023-04-14 09:00:00+00:00,2023-04-14 09:00:00+00:00,2023-04-16 09:00:00+00:00,1,0.09006,0.08219196799915554,7.95809200084446,0.09019,tempo,0.016522556083408465,0.0016316024132371713,192,48.0,0.00786803200084446
DOGE,2023-04-16 09:00:00+00:00,2023-04-16 09:00:00+00:00,2023-04-18 09:00:00+00:00,1,0.09019,0.08275055793454872,7.529632065451287,0.09252,tempo,0.3131955299202478,0.29723176557405745,192,48.0,0.007439442065451288
DOGE,2023-04-18 17:00:00+00:00,2023-04-18 17:00:00+00:00,2023-04-19 08:30:00+00:00,1,0.09313,0.08564391579714327,7.579214202856736,0.08564391579714327,stop,-1.0,-1.015522540505729,62,15.5,0.007486084202856735
DOGE,2023-04-20 17:00:00+00:00,2023-04-20 17:00:00+00:00,2023-04-22 17:00:00+00:00,-1,0.08371,0.0912937127297784,-7.500002729778397,0.0802,tempo,0.46283398713371077,0.44878526142425035,192,48.0,0.007583712729778397
DOGE,2023-04-22 17:00:00+00:00,2023-04-22 17:00:00+00:00,2023-04-24 17:00:00+00:00,-1,0.08021,0.08709095933099588,-6.800749330995876,0.07753,tempo,0.3894805754668118,0.3745798915551746,192,48.0,0.0068809593309958755
DOGE,2023-04-25 01:00:00+00:00,2023-04-25 01:00:00+00:00,2023-04-27 01:00:00+00:00,-1,0.07852,0.0846765930056973,-6.078073005697291,0.08014,tempo,-0.2631325472547647,-0.2798835327275034,192,48.0,0.006156593005697292
DOGE,2023-04-27 01:00:00+00:00,2023-04-27 01:00:00+00:00,2023-04-29 01:00:00+00:00,-1,0.08014,0.08646112039402822,-6.240980394028212,0.08037,tempo,-0.0363859546509007,-0.052891177379859586,192,48.0,0.006321120394028212
DOGE,2023-04-29 09:00:00+00:00,2023-04-29 09:00:00+00:00,2023-05-01 09:00:00+00:00,-1,0.08071,0.0864431561723386,-5.652446172338591,0.07887,tempo,0.3209401496644492,0.3028476719990991,192,48.0,0.005733156172338591
DOGE,2023-05-03 01:00:00+00:00,2023-05-03 01:00:00+00:00,2023-05-05 01:00:00+00:00,-1,0.07829,0.0830827065394113,-4.714416539411301,0.07828,tempo,0.0020865037151272035,-0.019147948918916333,192,48.0,0.004792706539411301
DOGE,2023-05-06 17:00:00+00:00,2023-05-06 17:00:00+00:00,2023-05-08 17:00:00+00:00,-1,0.07678,0.08096109685733899,-4.104316857338986,0.07369,tempo,0.7390405210480084,0.7156482143550114,192,48.0,0.004181096857338987
DOGE,2023-05-08 17:00:00+00:00,2023-05-08 17:00:00+00:00,2023-05-10 17:00:00+00:00,-1,0.07368,0.07755806825910805,-3.804388259108053,0.07379,tempo,-0.028364637404628548,-0.05308196922953215,192,48.0,0.003878068259108053
DOGE,2023-05-10 17:00:00+00:00,2023-05-10 17:00:00+00:00,2023-05-12 17:00:00+00:00,-1,0.0738,0.07759823997447031,-3.724439974470305,0.0711,tempo,0.7108555589293813,0.6860585475153949,192,48.0,0.003798239974470305
DOGE,2023-05-13 01:00:00+00:00,2023-05-13 01:00:00+00:00,2023-05-15 01:00:00+00:00,-1,0.07221,0.0759165489162665,-3.634338916266497,0.07118,tempo,0.27788652551697424,0.2527408975742352,192,48.0,0.003706548916266497
DOGE,2023-05-15 01:00:00+00:00,2023-05-15 01:00:00+00:00,2023-05-17 01:00:00+00:00,-1,0.07119,0.07455998552795197,-3.298795527951966,0.07281,tempo,-0.48071423053989065,-0.50848883052664,192,48.0,0.003369985527951966
DOGE,2023-05-21 17:00:00+00:00,2023-05-21 17:00:00+00:00,2023-05-23 17:00:00+00:00,-1,0.07223,0.07520071776424107,-2.898487764241071,0.0727,tempo,-0.15821092318410432,-0.18992194640345966,192,48.0,0.002970717764241071
DOGE,2023-05-24 09:00:00+00:00,2023-05-24 09:00:00+00:00,2023-05-26 09:00:00+00:00,-1,0.0712,0.07396529159887226,-2.6940915988722605,0.0708,tempo,0.14465020620723157,0.11127217112491267,192,48.0,0.0027652915988722604
DOGE,2023-06-06 01:00:00+00:00,2023-06-06 01:00:00+00:00,2023-06-06 17:45:00+00:00,-1,0.06649,0.06906449314318172,-2.5080031431817273,0.06906449314318172,stop,-1.0,-1.034224375689801,67,16.75,0.0025744931431817275
DOGE,2023-06-06 18:00:00+00:00,2023-06-06 18:00:00+00:00,2023-06-08 18:00:00+00:00,-1,0.06974,0.07253135112982963,-2.721611129829631,0.06771,tempo,0.7272463783959314,0.6952394771339419,192,48.0,0.0027913511298296306
DOGE,2023-06-10 17:00:00+00:00,2023-06-10 17:00:00+00:00,2023-06-12 17:00:00+00:00,-1,0.06053,0.06490836209008491,-4.3178320900849085,0.06125,tempo,-0.16444505620731692,-0.18252419136593168,192,48.0,0.0043783620900849085
DOGE,2023-06-12 17:00:00+00:00,2023-06-12 17:00:00+00:00,2023-06-14 17:00:00+00:00,-1,0.06124,0.06543654893897778,-4.135308938977779,0.0618,tempo,-0.13344298092146312,-0.152500544925347,192,48.0,0.004196548938977779
DOGE,2023-06-15 01:00:00+00:00,2023-06-15 01:00:00+00:00,2023-06-17 01:00:00+00:00,-1,0.06023,0.06417807235270229,-3.8878423527022883,0.06197,tempo,-0.4407214064375093,-0.46084008535321697,192,48.0,0.003948072352702288
DOGE,2023-06-17 17:00:00+00:00,2023-06-17 17:00:00+00:00,2023-06-19 17:00:00+00:00,-1,0.06232,0.0660148008487777,-3.632480848777699,0.06188,tempo,0.11908625606859491,0.09723663458582762,192,48.0,0.003694800848777699
DOGE,2023-06-19 17:00:00+00:00,2023-06-19 17:00:00+00:00,2023-06-21 16:15:00+00:00,-1,0.06188,0.0652795132000358,-3.3376332000358073,0.0652795132000358,stop,-1.0,-1.0243133880401325,189,47.25,0.003399513200035807
DOGE,2023-06-27 01:00:00+00:00,2023-06-27 01:00:00+00:00,2023-06-29 01:00:00+00:00,-1,0.06463,0.06799790260339447,-3.3032726033944653,0.06255,tempo,0.6175950569068142,0.5930495133638741,192,48.0,0.0033679026033944653
DOGE,2023-06-29 01:00:00+00:00,2023-06-29 01:00:00+00:00,2023-06-30 05:00:00+00:00,-1,0.06256,0.06576916219934785,-3.1466021993478455,0.06576916219934785,stop,-1.0,-1.025992439848172,112,28.0,0.0032091621993478453
DOGE,2023-06-30 05:00:00+00:00,2023-06-30 05:00:00+00:00,2023-07-01 01:15:00+00:00,-1,0.06515,0.0684111572865414,-3.1960072865414024,0.0684111572865414,stop,-1.0,-1.0266208418080696,81,20.25,0.0032611572865414024
DOGE,2023-07-05 17:00:00+00:00,2023-07-05 17:00:00+00:00,2023-07-07 17:00:00+00:00,-1,0.06667,0.0702724932264735,-3.535823226473505,0.06564,tempo,0.2859130983039378,0.2620403261449219,192,48.0,0.003602493226473505
DOGE,2023-07-07 17:00:00+00:00,2023-07-07 17:00:00+00:00,2023-07-09 17:00:00+00:00,-1,0.06563,0.06903359441568166,-3.3379644156816655,0.06556,tempo,0.020566492787002986,-0.004487461822603917,192,48.0,0.0034035944156816655
DOGE,2023-07-09 17:00:00+00:00,2023-07-09 17:00:00+00:00,2023-07-11 17:00:00+00:00,-1,0.06555,0.06867589492589136,-3.0603449258913678,0.06474,tempo,0.2591257925181266,0.23203323118519872,192,48.0,0.0031258949258913676
DOGE,2023-07-12 01:00:00+00:00,2023-07-12 01:00:00+00:00,2023-07-13 16:30:00+00:00,-1,0.06511,0.06799266240045956,-2.8175524004595625,0.06799266240045956,stop,-1.0,-1.0300127862862145,158,39.5,0.0028826624004595625
DOGE,2023-07-17 01:00:00+00:00,2023-07-17 01:00:00+00:00,2023-07-19 01:00:00+00:00,-1,0.0696,0.07341969319758411,-3.750093197584115,0.06926,tempo,0.08901238461116112,0.06538247630934066,192,48.0,0.0038196931975841147
DOGE,2023-07-21 01:00:00+00:00,2023-07-21 01:00:00+00:00,2023-07-21 13:15:00+00:00,-1,0.07058,0.07461154250915686,-3.9609625091568543,0.07461154250915686,stop,-1.0,-1.0234090307659163,49,12.25,0.004031542509156855
DOGE,2023-07-22 01:00:00+00:00,2023-07-22 01:00:00+00:00,2023-07-24 01:00:00+00:00,-1,0.07286,0.0770794650991465,-4.146605099146502,0.07165,tempo,0.286766206513888,0.2645047354997066,192,48.0,0.004219465099146502
DOGE,2023-07-25 01:00:00+00:00,2023-07-25 01:00:00+00:00,2023-07-25 16:45:00+00:00,-1,0.07459,0.07959840597903162,-4.933815979031613,0.07959840597903162,stop,-1.0,-1.0200108506191323,63,15.75,0.005008405979031613
DOGE,2023-07-25 17:00:00+00:00,2023-07-25 17:00:00+00:00,2023-07-27 17:00:00+00:00,-1,0.07984,0.0852952802653848,-5.375440265384804,0.07869,tempo,0.21080493467898476,0.19191598764287288,192,48.0,0.005455280265384804
DOGE,2023-07-28 01:00:00+00:00,2023-07-28 01:00:00+00:00,2023-07-29 19:00:00+00:00,-1,0.07772,0.08271883486991284,-4.921114869912843,0.08271883486991284,stop,-1.0,-1.020861909900869,168,42.0,0.004998834869912844
DOGE,2023-07-31 01:00:00+00:00,2023-07-31 01:00:00+00:00,2023-08-02 01:00:00+00:00,-1,0.07855,0.08329645992933833,-4.667909929338337,0.07765,tempo,0.1896150001050276,0.16822432125984593,192,48.0,0.004746459929338337
DOGE,2023-08-03 01:00:00+00:00,2023-08-03 01:00:00+00:00,2023-08-05 01:00:00+00:00,-1,0.07428,0.0784068550493323,-4.052575049332301,0.07365,tempo,0.15265862078241288,0.129358917049044,192,48.0,0.004126855049332301
DOGE,2023-08-05 01:00:00+00:00,2023-08-05 01:00:00+00:00,2023-08-07 01:00:00+00:00,-1,0.07364,0.07750052987097253,-3.7868898709725314,0.07439,tempo,-0.19427384972184225,-0.21919775996625662,192,48.0,0.0038605298709725316
DOGE,2023-08-07 17:00:00+00:00,2023-08-07 17:00:00+00:00,2023-08-09 17:00:00+00:00,-1,0.0728,0.07645295377567914,-3.5801537756791326,0.07476,tempo,-0.5365520946499247,-0.5628086546531151,192,48.0,0.0036529537756791325
DOGE,2023-08-15 01:00:00+00:00,2023-08-15 01:00:00+00:00,2023-08-17 01:00:00+00:00,-1,0.0747,0.07760056103265922,-2.8258610326592186,0.06718,tempo,2.5926018847139045,2.5608073460154888,192,48.0,0.0029005610326592185
DOGE,2023-08-17 01:00:00+00:00,2023-08-17 01:00:00+00:00,2023-08-19 01:00:00+00:00,-1,0.06718,0.06991748726326086,-2.670307263260854,0.06375,tempo,1.2529738662287828,1.2218853197569264,192,48.0,0.0027374872632608543
DOGE,2023-08-19 01:00:00+00:00,2023-08-19 01:00:00+00:00,2023-08-21 01:00:00+00:00,-1,0.06375,0.0676874941396268,-3.8737441396267958,0.06372,tempo,0.0076190589588650695,-0.013423639026674847,192,48.0,0.003937494139626796
DOGE,2023-08-21 01:00:00+00:00,2023-08-21 01:00:00+00:00,2023-08-23 01:00:00+00:00,-1,0.06373,0.0673585817803147,-3.5648517803147075,0.06281,tempo,0.2535425837695185,0.2308750500112284,192,48.0,0.0036285817803147075
DOGE,2023-08-23 01:00:00+00:00,2023-08-23 01:00:00+00:00,2023-08-25 01:00:00+00:00,-1,0.06281,0.06628045361021102,-3.4076436102110192,0.06274,tempo,0.02017027393596087,-0.0033446636387378693,192,48.0,0.003470453610211019
DOGE,2023-08-25 17:00:00+00:00,2023-08-25 17:00:00+00:00,2023-08-27 17:00:00+00:00,-1,0.06221,0.0653573898760986,-3.085179876098597,0.06329,tempo,-0.3431414735751552,-0.36905977515561195,192,48.0,0.003147389876098597
DOGE,2023-08-27 17:00:00+00:00,2023-08-27 17:00:00+00:00,2023-08-29 15:15:00+00:00,-1,0.06329,0.06622662929180431,-2.8733392918043132,0.06622662929180431,stop,-1.0,-1.0286674961918492,185,46.25,0.002936629291804313
DOGE,2023-08-29 17:00:00+00:00,2023-08-29 17:00:00+00:00,2023-08-31 17:00:00+00:00,-1,0.06696,0.07016488331752292,-3.137923317522916,0.06375,tempo,1.0015965269153833,0.9750865134195823,192,48.0,0.0032048833175229163
DOGE,2023-09-02 17:00:00+00:00,2023-09-02 17:00:00+00:00,2023-09-04 17:00:00+00:00,-1,0.06369,0.06649097672292359,-2.7372867229235927,0.06299,tempo,0.24991282300602233,0.220515220617505,192,48.0,0.0028009767229235927
DOGE,2023-09-04 17:00:00+00:00,2023-09-04 17:00:00+00:00,2023-09-06 17:00:00+00:00,-1,0.06299,0.06555114270107402,-2.4981527010740203,0.06307,tempo,-0.031236057235877007,-0.06322919840900988,192,48.0,0.0025611427010740206
DOGE,2023-09-08 17:00:00+00:00,2023-09-08 17:00:00+00:00,2023-09-10 17:00:00+00:00,-1,0.06291,0.065179177333616,-2.206267333616007,0.06127,tempo,0.7227288831528221,0.687157842139745,192,48.0,0.002269177333616007
DOGE,2023-09-10 17:00:00+00:00,2023-09-10 17:00:00+00:00,2023-09-12 17:00:00+00:00,-1,0.06127,0.06341434527824903,-2.083075278249034,0.06135,tempo,-0.03730742470043244,-0.07447634558666283,192,48.0,0.002144345278249034
DOGE,2023-10-04 17:00:00+00:00,2023-10-04 17:00:00+00:00,2023-10-06 17:00:00+00:00,-1,0.06098,0.06258253692046187,-1.541556920461868,0.06115,tempo,-0.10608179932042232,-0.1556185675448452,192,48.0,0.001602536920461868
DOGE,2023-10-09 17:00:00+00:00,2023-10-09 17:00:00+00:00,2023-10-11 17:00:00+00:00,-1,0.05838,0.05981684125311312,-1.3784612531131217,0.05782,tempo,0.38974382088952275,0.33717712304704817,192,48.0,0.001436841253113122
DOGE,2023-10-12 01:00:00+00:00,2023-10-12 01:00:00+00:00,2023-10-14 01:00:00+00:00,-1,0.05824,0.059642327221104706,-1.3440872211047057,0.0586,tempo,-0.25671611773777264,-0.31087323517586407,192,48.0,0.0014023272211047058
DOGE,2023-10-19 01:00:00+00:00,2023-10-19 01:00:00+00:00,2023-10-20 08:45:00+00:00,-1,0.05859,0.059937335204608796,-1.2887452046087933,0.059937335204608796,stop,-1.0,-1.0571815889761194,127,31.75,0.0013473352046087933
DOGE,2023-10-29 09:00:00+00:00,2023-10-29 09:00:00+00:00,2023-10-31 09:00:00+00:00,1,0.06907,0.06567412413837219,3.4649458616278173,0.06895,tempo,-0.0353369807642164,-0.06175520205838231,192,48.0,0.0033958758616278173
DOGE,2023-11-02 01:00:00+00:00,2023-11-02 01:00:00+00:00,2023-11-04 01:00:00+00:00,1,0.06919,0.0658153487174873,3.4438412825127,0.06822,tempo,-0.287437106472748,-0.3139039892771534,192,48.0,0.0033746512825127
DOGE,2023-11-04 09:00:00+00:00,2023-11-04 09:00:00+00:00,2023-11-06 09:00:00+00:00,1,0.06889,0.06569249632173627,3.2663936782637415,0.0715,tempo,0.8162617662467332,0.7877227842213705,192,48.0,0.003197503678263741
DOGE,2023-11-06 17:00:00+00:00,2023-11-06 17:00:00+00:00,2023-11-08 17:00:00+00:00,1,0.07443,0.07079079756221238,3.7136324377876195,0.07472,tempo,0.07968779010169555,0.05304802447795705,192,48.0,0.0036392024377876198
DOGE,2023-11-09 09:00:00+00:00,2023-11-09 09:00:00+00:00,2023-11-09 16:15:00+00:00,1,0.07632,0.07241831875247637,3.978001247523631,0.07241831875247637,stop,-1.0,-1.0247790378187536,29,7.25,0.0039016812475236307
DOGE,2023-11-09 17:00:00+00:00,2023-11-09 17:00:00+00:00,2023-11-11 17:00:00+00:00,1,0.0714,0.06718151461871347,4.289885381286537,0.08044,tempo,2.1429492300961837,2.1195531551831777,192,48.0,0.004218485381286538
DOGE,2023-11-11 17:00:00+00:00,2023-11-11 17:00:00+00:00,2023-11-12 01:00:00+00:00,1,0.08043,0.07540149430371033,5.1089356962896675,0.07540149430371033,stop,-1.0,-1.0201432547589933,32,8.0,0.005028505696289667
DOGE,2023-11-12 01:00:00+00:00,2023-11-12 01:00:00+00:00,2023-11-14 01:00:00+00:00,1,0.07684,0.0719657929837015,4.951047016298509,0.07356,tempo,-0.6729299738464636,-0.6929865696523264,192,48.0,0.00487420701629851
DOGE,2023-11-14 09:00:00+00:00,2023-11-14 09:00:00+00:00,2023-11-14 19:00:00+00:00,1,0.07529,0.07058824558494259,4.777044415057407,0.07058824558494259,stop,-1.0,-1.0201671230055207,40,10.0,0.0047017544150574075
DOGE,2023-11-15 17:00:00+00:00,2023-11-15 17:00:00+00:00,2023-11-17 17:00:00+00:00,1,0.07422,0.06954871695799397,4.745503042006022,0.08122,tempo,1.4985176314629711,1.4768884561183293,192,48.0,0.004671283042006022
DOGE,2023-11-20 09:00:00+00:00,2023-11-20 09:00:00+00:00,2023-11-21 15:15:00+00:00,1,0.08069,0.07483706484779071,5.93362515220929,0.07483706484779071,stop,-1.0,-1.0172721189492258,121,30.25,0.00585293515220929
DOGE,2023-12-03 09:00:00+00:00,2023-12-03 09:00:00+00:00,2023-12-05 09:00:00+00:00,1,0.08506,0.08046133355107803,4.683726448921971,0.08831,tempo,0.7067266208798151,0.6822215820274284,192,48.0,0.00459866644892197
DOGE,2023-12-06 17:00:00+00:00,2023-12-06 17:00:00+00:00,2023-12-07 09:30:00+00:00,1,0.10098,0.09424380535160548,6.8371746483945195,0.09424380535160548,stop,-1.0,-1.0188378572921415,66,16.5,0.0067361946483945195
DOGE,2023-12-07 10:00:00+00:00,2023-12-07 10:00:00+00:00,2023-12-09 10:00:00+00:00,1,0.09513,0.08868797132912125,6.537158670878758,0.10235,tempo,1.1207649591250748,1.100839248365627,192,48.0,0.006442028670878758
DOGE,2023-12-09 10:00:00+00:00,2023-12-09 10:00:00+00:00,2023-12-11 02:15:00+00:00,1,0.10235,0.09533712840771051,7.115221592289486,0.09533712840771051,stop,-1.0,-1.018322969667132,161,40.25,0.007012871592289485
DOGE,2023-12-11 03:00:00+00:00,2023-12-11 03:00:00+00:00,2023-12-13 02:30:00+00:00,1,0.09756,0.0901751806157521,7.482379384247897,0.0901751806157521,stop,-1.0,-1.0165241505649454,190,47.5,0.007384819384247898
DOGE,2023-12-15 09:00:00+00:00,2023-12-15 09:00:00+00:00,2023-12-17 09:00:00+00:00,1,0.09665,0.08954213289644403,7.204517103555974,0.09449,tempo,-0.30388863051749737,-0.3213679950286661,192,48.0,0.007107867103555973
DOGE,2023-12-21 01:00:00+00:00,2023-12-21 01:00:00+00:00,2023-12-23 01:00:00+00:00,1,0.0915,0.08552757622766559,6.063923772334409,0.09437,tempo,0.4805419222417662,0.460313032831801,192,48.0,0.005972423772334409
DOGE,2023-12-23 01:00:00+00:00,2023-12-23 01:00:00+00:00,2023-12-25 01:00:00+00:00,1,0.09436,0.08834680584321024,6.107554156789761,0.09183,tempo,-0.4207414452339395,-0.44086777025262314,192,48.0,0.006013194156789761
DOGE,2023-12-25 01:00:00+00:00,2023-12-25 01:00:00+00:00,2023-12-26 17:45:00+00:00,1,0.09182,0.08631859650666719,5.5932234933328075,0.08631859650666719,stop,-1.0,-1.021047372342287,163,40.75,0.005501403493332807
DOGE,2023-12-26 18:00:00+00:00,2023-12-26 18:00:00+00:00,2023-12-28 18:00:00+00:00,1,0.08987,0.08462863363678293,5.331236363217079,0.09183,tempo,0.3739482921390308,0.35141504568847953,192,48.0,0.005241366363217079
DOGE,2023-12-28 18:00:00+00:00,2023-12-28 18:00:00+00:00,2023-12-30 18:00:00+00:00,1,0.09183,0.0867392359905648,5.1825940094352,0.09112,tempo,-0.1394682603012195,-0.16282772064540335,192,48.0,0.0050907640094352
DOGE,2023-12-31 01:00:00+00:00,2023-12-31 01:00:00+00:00,2024-01-02 01:00:00+00:00,1,0.09047,0.08573990454127527,4.820565458724729,0.0934,tempo,0.6194378159103693,0.5941707782696063,192,48.0,0.0047300954587247285
DOGE,2024-01-02 01:00:00+00:00,2024-01-02 01:00:00+00:00,2024-01-03 12:00:00+00:00,1,0.09341,0.08884013683509516,4.663273164904847,0.08884013683509516,stop,-1.0,-1.0259225680656192,140,35.0,0.004569863164904847
DOGE,2024-02-13 09:00:00+00:00,2024-02-13 09:00:00+00:00,2024-02-13 14:30:00+00:00,1,0.08282,0.07985555297969252,3.047267020307487,0.07985555297969252,stop,-1.0,-1.0356690838839253,22,5.5,0.002964447020307487
DOGE,2024-02-13 15:00:00+00:00,2024-02-13 15:00:00+00:00,2024-02-15 15:00:00+00:00,1,0.08077,0.07785224433025713,2.998525669742866,0.08674,tempo,2.0460931879625557,2.008776321053821,192,48.0,0.0029177556697428664
DOGE,2024-02-15 15:00:00+00:00,2024-02-15 15:00:00+00:00,2024-02-17 13:30:00+00:00,1,0.08674,0.08354099234930619,3.285747650693808,0.08354099234930619,stop,-1.0,-1.0345990560551002,186,46.5,0.003199007650693808
DOGE,2024-02-18 09:00:00+00:00,2024-02-18 09:00:00+00:00,2024-02-20 09:00:00+00:00,1,0.08411,0.08083710047745096,3.3570095225490415,0.08692,tempo,0.8585659231638962,0.8245992525606333,192,48.0,0.0032728995225490415
DOGE,2024-02-20 09:00:00+00:00,2024-02-20 09:00:00+00:00,2024-02-20 15:30:00+00:00,1,0.08692,0.08339983978933989,3.6070802106601088,0.08339983978933989,stop,-1.0,-1.0314496753664262,26,6.5,0.0035201602106601088
DOGE,2024-02-20 16:00:00+00:00,2024-02-20 16:00:00+00:00,2024-02-22 16:00:00+00:00,1,0.08458,0.08090376729772315,3.760812702276849,0.08498,tempo,0.10880704035744537,0.07882689249255648,192,48.0,0.0036762327022768493
DOGE,2024-02-22 17:00:00+00:00,2024-02-22 17:00:00+00:00,2024-02-24 17:00:00+00:00,1,0.08453,0.08088398189576412,3.730548104235871,0.08606,tempo,0.4196358757029978,0.3892236569948192,192,48.0,0.003646018104235871
DOGE,2024-02-24 17:00:00+00:00,2024-02-24 17:00:00+00:00,2024-02-26 17:00:00+00:00,1,0.08607,0.08245160890058911,3.7044610994108806,0.08732,tempo,0.3454574051443794,0.3143099982158278,192,48.0,0.003618391099410881
DOGE,2024-02-26 17:00:00+00:00,2024-02-26 17:00:00+00:00,2024-02-28 17:00:00+00:00,1,0.08731,0.08379460634398017,3.6027036560198273,0.11879,tempo,8.954900383942224,8.916792276256874,192,48.0,0.0035153936560198273
DOGE,2024-02-28 17:00:00+00:00,2024-02-28 17:00:00+00:00,2024-02-28 17:30:00+00:00,1,0.11878,0.10706236870750385,11.836411292496143,0.10706236870750385,stop,-1.0,-1.0125279193375785,2,0.5,0.011717631292496145
DOGE,2024-02-28 18:00:00+00:00,2024-02-28 18:00:00+00:00,2024-03-01 18:00:00+00:00,1,0.10962,0.09805649153541487,11.67312846458512,0.13199,tempo,1.9345339754375837,1.920952759971622,192,48.0,0.01156350846458512
DOGE,2024-03-01 18:00:00+00:00,2024-03-01 18:00:00+00:00,2024-03-03 18:00:00+00:00,1,0.13199,0.1158478008043683,16.2741891956317,0.14047,tempo,0.5253311458512306,0.5143599641768076,192,48.0,0.0161421991956317
DOGE,2024-03-03 18:00:00+00:00,2024-03-03 18:00:00+00:00,2024-03-05 18:00:00+00:00,1,0.14048,0.12293907750847718,17.68140249152281,0.1651,tempo,1.4035749836930398,1.3922513489129424,192,48.0,0.01754092249152281
DOGE,2024-03-05 18:00:00+00:00,2024-03-05 18:00:00+00:00,2024-03-05 20:00:00+00:00,1,0.1651,0.14037733433412503,24.88776566587497,0.14037733433412503,stop,-1.0,-1.0080315072007489,8,2.0,0.02472266566587497
DOGE,2024-03-05 20:00:00+00:00,2024-03-05 20:00:00+00:00,2024-03-07 20:00:00+00:00,1,0.13834,0.1158084623273697,22.66987767263029,0.15609,tempo,0.7877846713303307,0.7792908213862821,192,48.0,0.02253153767263029
DOGE,2024-03-10 01:00:00+00:00,2024-03-10 01:00:00+00:00,2024-03-12 01:00:00+00:00,1,0.17712,0.1494102668021612,27.886853197838786,0.17805,tempo,0.033562214163525374,0.025230827558258243,192,48.0,0.027709733197838787
DOGE,2024-03-12 01:00:00+00:00,2024-03-12 01:00:00+00:00,2024-03-12 17:30:00+00:00,1,0.17803,0.15167429435478616,26.533735645213834,0.15167429435478616,stop,-1.0,-1.008131362302171,66,16.5,0.026355705645213834
DOGE,2024-05-29 09:00:00+00:00,2024-05-29 09:00:00+00:00,2024-05-31 09:00:00+00:00,1,0.16555,0.15356999307228233,12.145556927717667,0.1597,tempo,-0.48831357404853254,-0.5059606840440087,192,48.0,0.011980006927717668
DOGE,2024-06-03 09:00:00+00:00,2024-06-03 09:00:00+00:00,2024-06-05 09:00:00+00:00,1,0.1619,0.15184593477655725,10.215965223442737,0.16323,tempo,0.13228479927690145,0.11126499332743953,192,48.0,0.010054065223442737
DOGE,2024-06-05 09:00:00+00:00,2024-06-05 09:00:00+00:00,2024-06-07 09:00:00+00:00,1,0.16323,0.15375407917599432,9.639150824005668,0.16096,tempo,-0.2395545553999699,-0.2617923414593645,192,48.0,0.009475920824005668
DOGE,2024-06-15 01:00:00+00:00,2024-06-15 01:00:00+00:00,2024-06-17 01:00:00+00:00,-1,0.13546,0.14332800127636056,-7.732541276360559,0.13723,tempo,-0.2249618343756458,-0.24748960143798013,192,48.0,0.007868001276360559
DOGE,2024-06-17 01:00:00+00:00,2024-06-17 01:00:00+00:00,2024-06-19 01:00:00+00:00,-1,0.13723,0.14461386162051826,-7.246631620518268,0.12246,tempo,2.0003083425828474,1.9774478789562075,192,48.0,0.007383861620518267
DOGE,2024-06-19 01:00:00+00:00,2024-06-19 01:00:00+00:00,2024-06-21 01:00:00+00:00,-1,0.12245,0.1302007636975286,-7.628313697528585,0.12365,tempo,-0.1548234531240613,-0.17546206452322013,192,48.0,0.007750763697528584
DOGE,2024-06-21 01:00:00+00:00,2024-06-21 01:00:00+00:00,2024-06-23 01:00:00+00:00,-1,0.12365,0.13115697135110838,-7.38332135110838,0.12429,tempo,-0.08525408850874432,-0.10672226688086572,192,48.0,0.00750697135110838
DOGE,2024-06-23 01:00:00+00:00,2024-06-23 01:00:00+00:00,2024-06-25 01:00:00+00:00,-1,0.1243,0.13149989206456583,-7.075592064565838,0.11934,tempo,0.6888992161994426,0.6669036086847973,192,48.0,0.007199892064565838
DOGE,2024-06-29 09:00:00+00:00,2024-06-29 09:00:00+00:00,2024-07-01 09:00:00+00:00,-1,0.12385,0.13062522210421024,-6.651372104210235,0.12569,tempo,-0.2715778127563653,-0.2955181349340258,192,48.0,0.006775222104210235
DOGE,2024-07-03 09:00:00+00:00,2024-07-03 09:00:00+00:00,2024-07-05 09:00:00+00:00,-1,0.12156,0.12748087013745432,-5.799310137454321,0.09428,tempo,4.60743089557594,4.5837357297062296,192,48.0,0.0059208701374543204
DOGE,2024-07-05 09:00:00+00:00,2024-07-05 09:00:00+00:00,2024-07-05 12:45:00+00:00,-1,0.0943,0.10091643155506348,-6.5221315550634875,0.10091643155506348,stop,-1.0,-1.019178114283323,15,3.75,0.006616431555063487
DOGE,2024-07-05 13:00:00+00:00,2024-07-05 13:00:00+00:00,2024-07-05 23:45:00+00:00,-1,0.09891,0.10600490323533666,-6.995993235336666,0.10600490323533666,stop,-1.0,-1.0187732915707128,43,10.75,0.0070949032353366664
DOGE,2024-07-06 00:00:00+00:00,2024-07-06 00:00:00+00:00,2024-07-06 17:30:00+00:00,-1,0.10537,0.11295639269266824,-7.4810226926682395,0.11295639269266824,stop,-1.0,-1.01870614414508,70,17.5,0.00758639269266824
DOGE,2024-07-07 01:00:00+00:00,2024-07-07 01:00:00+00:00,2024-07-09 01:00:00+00:00,-1,0.1112,0.11916266397123357,-7.851463971233574,0.10669,tempo,0.5663933598470452,0.548606787349241,192,48.0,0.007962663971233575
DOGE,2024-07-09 09:00:00+00:00,2024-07-09 09:00:00+00:00,2024-07-11 09:00:00+00:00,-1,0.1085,0.11670306999090582,-8.094569990905823,0.1088,tempo,-0.03657167381633754,-0.053790227376966496,192,48.0,0.008203069990905823
DOGE,2024-07-25 09:00:00+00:00,2024-07-25 09:00:00+00:00,2024-07-26 19:15:00+00:00,-1,0.12431,0.13293679069800712,-8.50248069800712,0.13293679069800712,stop,-1.0,-1.0193826904821432,137,34.25,0.00862679069800712
DOGE,2024-07-28 01:00:00+00:00,2024-07-28 01:00:00+00:00,2024-07-30 01:00:00+00:00,-1,0.13101,0.13994880951057742,-8.807799510577434,0.12937,tempo,0.1834696217722659,0.16453566867708835,192,48.0,0.008938809510577433
DOGE,2024-07-31 01:00:00+00:00,2024-07-31 01:00:00+00:00,2024-08-02 01:00:00+00:00,-1,0.12566,0.13352475048285078,-7.739090482850791,0.11807,tempo,0.9650655817435163,0.9449219674806802,192,48.0,0.00786475048285079
DOGE,2024-08-02 01:00:00+00:00,2024-08-02 01:00:00+00:00,2024-08-04 01:00:00+00:00,-1,0.11807,0.1256014519926187,-7.413381992618717,0.1084,tempo,1.2839489662122507,1.2644035319262366,192,48.0,0.007531451992618718
DOGE,2024-08-04 01:00:00+00:00,2024-08-04 01:00:00+00:00,2024-08-06 01:00:00+00:00,-1,0.1084,0.11547260549684085,-6.964205496840856,0.09951,tempo,1.2569625160021891,1.2378547769857313,192,48.0,0.007072605496840856
DOGE,2024-08-06 01:00:00+00:00,2024-08-06 01:00:00+00:00,2024-08-08 01:00:00+00:00,-1,0.09952,0.1093013806860899,-9.6818606860899,0.09512,tempo,0.44983424541049105,0.43689987509404704,192,48.0,0.0097813806860899
DOGE,2024-08-08 17:00:00+00:00,2024-08-08 17:00:00+00:00,2024-08-10 17:00:00+00:00,-1,0.10381,0.1135864665600524,-9.672656560052406,0.1049,tempo,-0.11149222403663098,-0.12536855646887457,192,48.0,0.009776466560052405
DOGE,2024-08-10 17:00:00+00:00,2024-08-10 17:00:00+00:00,2024-08-12 17:00:00+00:00,-1,0.1049,0.11415603909391994,-9.151139093919948,0.1066,tempo,-0.18366387422852318,-0.19851633958709147,192,48.0,0.009256039093919949
DOGE,2024-08-13 09:00:00+00:00,2024-08-13 09:00:00+00:00,2024-08-15 09:00:00+00:00,-1,0.10448,0.11336138946989992,-8.776909469899914,0.10313,tempo,0.15200324280061298,0.13680894235276642,192,48.0,0.008881389469899914
DOGE,2024-08-16 01:00:00+00:00,2024-08-16 01:00:00+00:00,2024-08-18 01:00:00+00:00,-1,0.10015,0.1080662633382023,-7.8161133382022925,0.10302,tempo,-0.36254478626929393,-0.3792269624878013,192,48.0,0.007916263338202292
DOGE,2024-08-19 09:00:00+00:00,2024-08-19 09:00:00+00:00,2024-08-21 09:00:00+00:00,-1,0.10018,0.10722630325633561,-6.94612325633561,0.10415,tempo,-0.5634160006426657,-0.5822648203951482,192,48.0,0.007046303256335609
DOGE,2024-08-28 01:00:00+00:00,2024-08-28 01:00:00+00:00,2024-08-30 01:00:00+00:00,-1,0.09842,0.10431912320197534,-5.800703201975345,0.10039,tempo,-0.3339479330318677,-0.3558539850968132,192,48.0,0.005899123201975345
DOGE,2024-09-02 01:00:00+00:00,2024-09-02 01:00:00+00:00,2024-09-04 01:00:00+00:00,-1,0.09553,0.10120911728357983,-5.583587283579823,0.09579,tempo,-0.04578176273128589,-0.06767917984566024,192,48.0,0.005679117283579824
DOGE,2024-10-09 01:00:00+00:00,2024-10-09 01:00:00+00:00,2024-10-11 01:00:00+00:00,-1,0.10784,0.11425306683267443,-6.305226832674424,0.10604,tempo,0.2806769439590201,0.25899901612398085,192,48.0,0.0064130668326744245
DOGE,2024-10-25 17:00:00+00:00,2024-10-25 17:00:00+00:00,2024-10-27 17:00:00+00:00,-1,0.13624,0.14569517640345978,-9.318936403459775,0.14364,tempo,-0.7826400782213044,-0.8018805442091661,192,48.0,0.009455176403459775
DOGE,2024-11-04 17:00:00+00:00,2024-11-04 17:00:00+00:00,2024-11-05 06:45:00+00:00,-1,0.15505,0.16756249305774437,-12.35744305774438,0.16756249305774437,stop,-1.0,-1.0167590998468323,55,13.75,0.012512493057744378
DOGE,2024-11-05 09:00:00+00:00,2024-11-05 09:00:00+00:00,2024-11-06 01:00:00+00:00,-1,0.1682,0.18262539732042732,-14.257197320427329,0.18262539732042732,stop,-1.0,-1.0158079880361675,64,16.0,0.01442539732042733
DOGE,2024-11-10 09:00:00+00:00,2024-11-10 09:00:00+00:00,2024-11-12 09:00:00+00:00,1,0.22928,0.20485963836881843,24.64964163118158,0.43304,tempo,8.343856781376461,8.326227722212558,192,48.0,0.02442036163118158
DOGE,2024-11-12 09:00:00+00:00,2024-11-12 09:00:00+00:00,2024-11-12 10:45:00+00:00,1,0.43437,0.3749852488845828,59.81912111541719,0.3749852488845828,stop,-1.0,-1.0088588552093536,7,1.75,0.05938475111541719
DOGE,2024-11-12 11:00:00+00:00,2024-11-12 11:00:00+00:00,2024-11-14 11:00:00+00:00,1,0.38434,0.32957757734056353,55.14676265943648,0.40395,tempo,0.35809226560251217,0.3487356945248134,192,48.0,0.05476242265943648
DOGE,2024-11-16 09:00:00+00:00,2024-11-16 09:00:00+00:00,2024-11-18 09:00:00+00:00,1,0.37831,0.32100003528066123,57.68827471933874,0.37562,tempo,-0.046937736101803136,-0.0554886836097962,192,48.0,0.057309964719338746
DOGE,2024-11-18 09:00:00+00:00,2024-11-18 09:00:00+00:00,2024-11-20 09:00:00+00:00,1,0.37563,0.3219395377042551,54.06609229574492,0.3927,tempo,0.3179335634320438,0.30863182754366464,192,48.0,0.05369046229574492
DOGE,2024-11-20 17:00:00+00:00,2024-11-20 17:00:00+00:00,2024-11-22 17:00:00+00:00,1,0.37946,0.32808494268224175,51.754517317758264,0.40777,tempo,0.5510456139231281,0.5410855374440868,192,48.0,0.051375057317758266
DOGE,2024-11-22 17:00:00+00:00,2024-11-22 17:00:00+00:00,2024-11-24 17:00:00+00:00,1,0.40778,0.3556572633144293,52.53051668557066,0.41486,tempo,0.1358332361309036,0.12557445015760246,192,48.0,0.05212273668557066
DOGE,2024-11-24 17:00:00+00:00,2024-11-24 17:00:00+00:00,2024-11-26 17:00:00+00:00,1,0.41485,0.3611989165740922,54.0659334259078,0.38872,tempo,-0.4870358309927803,-0.496771338025389,192,48.0,0.0536510834259078
DOGE,2024-11-27 17:00:00+00:00,2024-11-27 17:00:00+00:00,2024-11-29 17:00:00+00:00,1,0.39972,0.3508788321900722,49.24088780992781,0.41855,tempo,0.3855354170334239,0.37464551566845516,192,48.0,0.04884116780992781
DOGE,2024-11-29 17:00:00+00:00,2024-11-29 17:00:00+00:00,2024-12-01 17:00:00+00:00,1,0.41855,0.371077862655389,47.89068734461098,0.43909,tempo,0.43267485200625155,0.42093183744692747,192,48.0,0.047472137344610976
DOGE,2024-12-02 01:00:00+00:00,2024-12-02 01:00:00+00:00,2024-12-03 14:00:00+00:00,1,0.44679,0.3987632605161058,48.47352948389425,0.3987632605161058,stop,-1.0,-1.0114438253614901,148,37.0,0.04802673948389424
DOGE,2024-12-03 14:00:00+00:00,2024-12-03 14:00:00+00:00,2024-12-05 14:00:00+00:00,1,0.3961,0.352338477082465,44.15762291753499,0.45229,tempo,1.2840046747432778,1.2714033422659057,192,48.0,0.04376152291753499
DOGE,2024-12-05 14:00:00+00:00,2024-12-05 14:00:00+00:00,2024-12-07 14:00:00+00:00,1,0.45229,0.40111390415761683,51.628385842383196,0.44639,tempo,-0.11528820053353374,-0.12670255308201836,192,48.0,0.051176095842383196
DOGE,2024-12-08 01:00:00+00:00,2024-12-08 01:00:00+00:00,2024-12-09 21:15:00+00:00,1,0.45587,0.40813368849642684,48.19218150357316,0.40813368849642684,stop,-1.0,-1.0117646793359945,177,44.25,0.04773631150357316
DOGE,2024-12-20 01:00:00+00:00,2024-12-20 01:00:00+00:00,2024-12-21 06:15:00+00:00,-1,0.31287,0.3442568989683571,-31.074028968357112,0.3442568989683571,stop,-1.0,-1.0136086232908847,117,29.25,0.03138689896835711
DOGE,2025-01-08 01:00:00+00:00,2025-01-08 01:00:00+00:00,2025-01-10 01:00:00+00:00,-1,0.35329,0.3810976349836188,-27.45434498361882,0.32322,tempo,1.0813576925083308,1.0655443556222906,192,48.0,0.027807634983618823
DOGE,2025-01-10 01:00:00+00:00,2025-01-10 01:00:00+00:00,2025-01-12 01:00:00+00:00,-1,0.32322,0.3496124935819324,-26.069273581932407,0.3384,tempo,-0.575163538559759,-0.5914580580095772,192,48.0,0.026392493581932408
DOGE,2025-01-26 17:00:00+00:00,2025-01-26 17:00:00+00:00,2025-01-28 17:00:00+00:00,-1,0.35137,0.3842537514196992,-32.53238141969918,0.32807,tempo,0.7085566273330377,0.695126407819353,192,48.0,0.03288375141969918
DOGE,2025-02-03 09:00:00+00:00,2025-02-03 09:00:00+00:00,2025-02-03 19:30:00+00:00,-1,0.24877,0.2765863007182323,-27.567530718232323,0.2765863007182323,stop,-1.0,-1.0122763123294474,42,10.5,0.027816300718232323
DOGE,2025-02-07 01:00:00+00:00,2025-02-07 01:00:00+00:00,2025-02-09 01:00:00+00:00,-1,0.24851,0.2765602081596518,-27.801698159651814,0.25299,tempo,-0.15971360977078733,-0.17133473565137497,192,48.0,0.028050208159651813
DOGE,2025-02-12 01:00:00+00:00,2025-02-12 01:00:00+00:00,2025-02-14 01:00:00+00:00,-1,0.25346,0.27858735349137603,-24.873893491376013,0.2646,tempo,-0.4433415561978445,-0.4567428481451072,192,48.0,0.025127353491376014
DOGE,2025-03-03 17:00:00+00:00,2025-03-03 17:00:00+00:00,2025-03-05 17:00:00+00:00,-1,0.21593,0.23582713539711192,-19.68120539711191,0.20032,tempo,0.7845350442891302,0.770936981321771,192,48.0,0.01989713539711191
