activo,sinal_em,entrada_em,saida_em,lado,entrada,stop,alvo,saida,motivo,R_bruto,R_liquido,duracao,duracao_h,R_preco
BTC,2020-10-10 07:00:00+00:00,2020-10-10 07:00:00+00:00,2020-10-12 21:30:00+00:00,-1,11354.25,11636.763724508566,10812.007218883815,11636.763724508566,stop,-1.0,-1.0528971077314067,250,62.5,282.51372450856616
BTC,2020-10-12 22:45:00+00:00,2020-10-12 22:45:00+00:00,2020-10-16 22:45:00+00:00,-1,11659.05,11918.446424680524,11160.016915258424,11336.96,tempo,1.241690206010703,1.1840664106233556,384,96.0,259.39642468052443
BTC,2020-10-21 08:30:00+00:00,2020-10-21 08:30:00+00:00,2020-10-21 13:45:00+00:00,-1,12160.82,12445.429781943329,11611.750157456509,12445.429781943329,stop,-1.0,-1.056196460462655,21,5.25,284.6097819433289
BTC,2020-10-22 04:00:00+00:00,2020-10-22 04:00:00+00:00,2020-10-22 22:30:00+00:00,-1,12724.73,13182.00733045609,11862.853959196302,13182.00733045609,stop,-1.0,-1.0368253095949471,74,18.5,457.27733045609057
BTC,2020-10-22 23:15:00+00:00,2020-10-22 23:15:00+00:00,2020-10-26 23:15:00+00:00,-1,12963.39,13422.174517898256,12117.370848200362,13048.79,tempo,-0.18614403204194502,-0.22299775386642384,384,96.0,458.78451789825704
BTC,2020-10-27 18:00:00+00:00,2020-10-27 18:00:00+00:00,2020-10-28 14:30:00+00:00,-1,13669.59,14090.510814512383,12898.352911958258,12898.352911958258,alvo,1.8322617020856617,1.7912345960425016,82,20.5,420.920814512383
BTC,2020-11-05 18:45:00+00:00,2020-11-05 18:45:00+00:00,2020-11-05 22:30:00+00:00,-1,14872.74,15420.138282735028,13859.42735130613,15420.138282735028,stop,-1.0,-1.035970830572205,15,3.75,547.3982827350283
BTC,2020-11-06 09:30:00+00:00,2020-11-06 09:30:00+00:00,2020-11-10 09:30:00+00:00,-1,15337.93,16004.297107530296,14164.69913735552,15406.65,tempo,-0.10312633865541612,-0.13311577957194792,384,96.0,666.3671075302955
BTC,2020-11-18 05:45:00+00:00,2020-11-18 05:45:00+00:00,2020-11-20 07:30:00+00:00,-1,17606.38,18431.412114942104,16427.614468567906,18431.412114942104,stop,-1.0,-1.0283923067362732,199,49.75,825.0321149421034
BTC,2020-11-30 15:30:00+00:00,2020-11-30 15:30:00+00:00,2020-12-04 15:30:00+00:00,-1,19711.89,20736.90610326519,17944.831019290134,18976.68,tempo,0.7172667801588534,0.6927329504756978,384,96.0,1025.0161032651922
BTC,2020-12-16 14:30:00+00:00,2020-12-16 14:30:00+00:00,2020-12-16 22:00:00+00:00,-1,20505.89,21289.72559047372,19072.47481820092,21289.72559047372,stop,-1.0,-1.0346592454642038,30,7.5,783.8355904737218
BTC,2020-12-18 00:30:00+00:00,2020-12-18 00:30:00+00:00,2020-12-19 16:15:00+00:00,-1,22612.52,23917.50756847531,20241.90421062214,23917.50756847531,stop,-1.0,-1.0231760965775676,159,39.75,1304.9875684753097
BTC,2020-12-19 17:45:00+00:00,2020-12-19 17:45:00+00:00,2020-12-23 17:45:00+00:00,-1,23832.53,25139.830885206095,21454.5403403078,23637.0,tempo,0.14956771024382315,0.1259654968213671,384,96.0,1307.3008852060957
BTC,2020-12-27 12:15:00+00:00,2020-12-27 12:15:00+00:00,2020-12-30 06:45:00+00:00,-1,27000.01,28573.03430667691,24416.229370966295,28573.03430667691,stop,-1.0,-1.0229637130500866,266,66.5,1573.0243066769108
BTC,2021-01-02 21:00:00+00:00,2021-01-02 21:00:00+00:00,2021-01-03 02:00:00+00:00,-1,30884.75,32803.483125850595,28487.86171066851,32803.483125850595,stop,-1.0,-1.0215753566632415,20,5.0,1918.7331258505947
BTC,2021-01-03 15:15:00+00:00,2021-01-03 15:15:00+00:00,2021-01-04 10:30:00+00:00,-1,33450.11,35632.43995406855,29558.861786017154,29558.861786017154,alvo,1.7830705236521815,1.7643035028428138,77,19.25,2182.3299540685475
BTC,2021-01-07 17:00:00+00:00,2021-01-07 17:00:00+00:00,2021-01-11 07:00:00+00:00,-1,39174.72,42536.70741222574,33245.59287575061,33245.59287575061,alvo,1.7635780261069227,1.7495764259825266,344,86.0,3361.987412225739
BTC,2021-01-22 01:30:00+00:00,2021-01-22 01:30:00+00:00,2021-01-26 01:30:00+00:00,1,29523.24,27092.601049996632,34977.292278910965,32299.34,tempo,1.1421276697619571,1.1255951127567532,384,96.0,2430.6389500033692
BTC,2021-02-09 03:00:00+00:00,2021-02-09 03:00:00+00:00,2021-02-13 03:00:00+00:00,-1,45837.76,49744.23119891088,38977.56828967431,47962.96,tempo,-0.5440203938000369,-0.5596279498001934,384,96.0,3906.4711989108764
BTC,2021-02-19 19:30:00+00:00,2021-02-19 19:30:00+00:00,2021-02-21 10:30:00+00:00,-1,55135.0,57794.040729809785,50236.8572553257,57794.040729809785,stop,-1.0,-1.027605397559904,156,39.0,2659.0407298097853
BTC,2021-03-10 17:15:00+00:00,2021-03-10 17:15:00+00:00,2021-03-13 10:15:00+00:00,-1,56911.29,59710.8203591491,51700.16833142688,59710.8203591491,stop,-1.0,-1.0270775315887224,260,65.0,2799.5303591490956
BTC,2021-03-13 21:30:00+00:00,2021-03-13 21:30:00+00:00,2021-03-15 09:30:00+00:00,-1,61221.95,64348.77416689376,55509.795625503386,55509.795625503386,alvo,1.826823022213992,1.802556984021012,144,36.0,3126.8241668937626
BTC,2021-04-14 06:30:00+00:00,2021-04-14 06:30:00+00:00,2021-04-16 10:45:00+00:00,-1,64504.91,66756.8156105737,60485.03047442867,60485.03047442867,alvo,1.7851012523332308,1.7490236028407722,209,52.25,2251.9056105736963
BTC,2021-04-18 04:00:00+00:00,2021-04-18 04:00:00+00:00,2021-04-22 04:00:00+00:00,1,54849.47,51694.743106894,61379.82400449396,53505.17,tempo,-0.42612246497079986,-0.44844785743311133,384,96.0,3154.7268931060025
BTC,2021-04-23 03:00:00+00:00,2021-04-23 03:00:00+00:00,2021-04-25 21:45:00+00:00,1,50034.95,47105.98497891666,55848.50550535126,47105.98497891666,stop,-1.0,-1.0215576516898592,267,66.75,2928.965021083335
BTC,2021-05-13 00:30:00+00:00,2021-05-13 00:30:00+00:00,2021-05-16 17:30:00+00:00,1,49617.64,46452.5685555871,56540.52404977506,46452.5685555871,stop,-1.0,-1.019729613267139,356,89.0,3165.071444412897
BTC,2021-05-16 21:15:00+00:00,2021-05-16 21:15:00+00:00,2021-05-19 01:30:00+00:00,1,44718.16,41698.26198539341,50785.18424997848,41698.26198539341,stop,-1.0,-1.0186001891516934,209,52.25,3019.898014606595
BTC,2021-05-19 05:15:00+00:00,2021-05-19 05:15:00+00:00,2021-05-19 11:45:00+00:00,1,39817.57,36665.489110838265,46774.06764410893,36665.489110838265,stop,-1.0,-1.0157717996999962,26,6.5,3152.0808891617344
BTC,2021-05-19 12:15:00+00:00,2021-05-19 12:15:00+00:00,2021-05-19 13:00:00+00:00,1,38770.39,35559.58215362842,46035.08666041945,35559.58215362842,stop,-1.0,-1.0150474535417797,3,0.75,3210.807846371579
BTC,2021-05-19 13:45:00+00:00,2021-05-19 13:45:00+00:00,2021-05-23 13:45:00+00:00,1,35939.4,31556.796640627454,45768.953432575094,33307.27,tempo,-0.6005859495295152,-0.6108561774760488,384,96.0,4382.603359372548
BTC,2021-06-08 16:15:00+00:00,2021-06-08 16:15:00+00:00,2021-06-09 15:15:00+00:00,1,32144.8,30387.44528669367,35627.130090616614,35627.130090616614,alvo,1.9815749570926837,1.9565078751738485,92,23.0,1757.3547133063294
BTC,2021-06-20 12:45:00+00:00,2021-06-20 12:45:00+00:00,2021-06-21 09:30:00+00:00,1,33626.66,32079.185324256672,36926.532209035366,32079.185324256672,stop,-1.0,-1.0275990296514879,83,20.75,1547.4746757433313
BTC,2021-06-21 11:45:00+00:00,2021-06-21 11:45:00+00:00,2021-06-22 12:15:00+00:00,1,32276.76,30344.688347662905,36166.830211839035,30344.688347662905,stop,-1.0,-1.0210675113299987,98,24.5,1932.0716523370938
BTC,2021-06-22 15:00:00+00:00,2021-06-22 15:00:00+00:00,2021-06-23 13:15:00+00:00,1,30500.26,28282.895040081374,34735.04081858732,34735.04081858732,alvo,1.909825804563418,1.8907026803603377,89,22.25,2217.3649599186247
BTC,2021-07-20 04:45:00+00:00,2021-07-20 04:45:00+00:00,2021-07-21 12:15:00+00:00,1,29739.77,28731.52568297337,31685.7940298524,31685.7940298524,alvo,1.9301115781057265,1.8905114375989593,126,31.5,1008.2443170266306
BTC,2021-07-26 20:15:00+00:00,2021-07-26 20:15:00+00:00,2021-07-28 11:30:00+00:00,-1,38234.43,40444.70732595145,34257.74713577849,40444.70732595145,stop,-1.0,-1.0231380192256434,157,39.25,2210.2773259514506
BTC,2021-07-28 12:45:00+00:00,2021-07-28 12:45:00+00:00,2021-07-31 00:15:00+00:00,-1,39972.98,42372.09322634989,36070.86392510854,42372.09322634989,stop,-1.0,-1.0223100339780802,238,59.5,2399.1132263498876
BTC,2021-08-07 12:45:00+00:00,2021-08-07 12:45:00+00:00,2021-08-09 12:00:00+00:00,-1,43839.84,45904.001016147056,40457.508737630684,45904.001016147056,stop,-1.0,-1.02826014841099,189,47.25,2064.16101614706
BTC,2021-09-20 13:30:00+00:00,2021-09-20 13:30:00+00:00,2021-09-21 00:15:00+00:00,1,43803.9,42176.36073944085,47091.983332121454,42176.36073944085,stop,-1.0,-1.0343384462881935,43,10.75,1627.539260559155
BTC,2021-09-21 01:30:00+00:00,2021-09-21 01:30:00+00:00,2021-09-21 21:30:00+00:00,1,42215.69,40171.51720370023,46484.132441277994,40171.51720370023,stop,-1.0,-1.0261972396753056,80,20.0,2044.1727962997757
BTC,2021-09-21 21:30:00+00:00,2021-09-21 21:30:00+00:00,2021-09-25 21:30:00+00:00,1,40956.93,38846.813324207345,45485.1240551496,42482.81,tempo,0.7231258903855675,0.6974231263525661,384,96.0,2110.116675792655
BTC,2021-10-01 21:45:00+00:00,2021-10-01 21:45:00+00:00,2021-10-05 18:30:00+00:00,-1,48108.12,50586.08198168567,43619.86671847654,50586.08198168567,stop,-1.0,-1.0258887068333695,371,92.75,2477.961981685665
BTC,2021-10-06 00:30:00+00:00,2021-10-06 00:30:00+00:00,2021-10-06 13:15:00+00:00,-1,51248.7,53249.52803511551,47543.73636852762,53249.52803511551,stop,-1.0,-1.0339478690975576,51,12.75,2000.8280351155117
BTC,2021-10-07 09:15:00+00:00,2021-10-07 09:15:00+00:00,2021-10-11 04:00:00+00:00,-1,54340.97,56829.406764526255,49764.15813589262,56829.406764526255,stop,-1.0,-1.0290386100732196,363,90.75,2488.4367645262537
BTC,2021-10-15 17:30:00+00:00,2021-10-15 17:30:00+00:00,2021-10-15 20:30:00+00:00,-1,61261.9,63856.144688017615,56719.972458049706,63856.144688017615,stop,-1.0,-1.0313489045281063,12,3.0,2594.244688017614
BTC,2021-10-15 21:15:00+00:00,2021-10-15 21:15:00+00:00,2021-10-19 21:15:00+00:00,-1,62160.69,64927.39241413322,56978.61936467153,63991.13,tempo,-0.6615962709431679,-0.6912339661940644,384,96.0,2766.702414133215
BTC,2021-10-20 16:30:00+00:00,2021-10-20 16:30:00+00:00,2021-10-22 14:15:00+00:00,-1,66618.0,69382.42947203165,61504.714218344656,61504.714218344656,alvo,1.8496712733631264,1.8195457935545496,183,45.75,2764.429472031654
BTC,2021-11-08 07:00:00+00:00,2021-11-08 07:00:00+00:00,2021-11-09 03:45:00+00:00,-1,65978.27,68035.45236697732,62077.87922323004,68035.45236697732,stop,-1.0,-1.0423438004023569,83,20.75,2057.182366977315
BTC,2021-11-09 11:45:00+00:00,2021-11-09 11:45:00+00:00,2021-11-10 21:30:00+00:00,-1,67594.2,69708.80683096884,63686.718287586285,63686.718287586285,alvo,1.84785259140747,1.80749870829444,135,33.75,2114.6068309688417
BTC,2021-11-16 10:30:00+00:00,2021-11-16 10:30:00+00:00,2021-11-18 17:15:00+00:00,1,59273.9,56892.0301133456,64179.93205298254,56892.0301133456,stop,-1.0,-1.0317010828327544,219,54.75,2381.8698866544
BTC,2021-11-19 04:00:00+00:00,2021-11-19 04:00:00+00:00,2021-11-23 04:00:00+00:00,1,55940.0,53483.922393801025,61096.63911102721,56973.83,tempo,0.420927253027626,0.39104465106311215,384,96.0,2456.0776061989745
BTC,2021-12-04 13:45:00+00:00,2021-12-04 13:45:00+00:00,2021-12-08 13:45:00+00:00,1,47296.62,43816.48659376214,55080.17308063773,49133.37,tempo,0.5277814915680454,0.5097708333019997,384,96.0,3480.133406237859
BTC,2022-01-05 22:45:00+00:00,2022-01-05 22:45:00+00:00,2022-01-07 03:45:00+00:00,1,43395.91,41754.21245549919,46782.15246043651,41754.21245549919,stop,-1.0,-1.0337136275688978,116,29.0,1641.6975445008138
BTC,2022-01-07 08:30:00+00:00,2022-01-07 08:30:00+00:00,2022-01-07 16:00:00+00:00,1,42276.39,40639.68716016469,45202.69258433582,40639.68716016469,stop,-1.0,-1.03292928248327,30,7.5,1636.7028398353068
BTC,2022-01-07 16:00:00+00:00,2022-01-07 16:00:00+00:00,2022-01-11 16:00:00+00:00,1,41297.14,39608.4110151006,44870.029131498115,41716.42,tempo,0.24828140201843976,0.21632907900953818,384,96.0,1688.728984899397
BTC,2022-01-21 05:45:00+00:00,2022-01-21 05:45:00+00:00,2022-01-21 21:45:00+00:00,1,38904.76,37396.901039589735,42087.29785784135,37396.901039589735,stop,-1.0,-1.032891723283084,64,16.0,1507.8589604102672
BTC,2022-01-22 21:45:00+00:00,2022-01-22 21:45:00+00:00,2022-01-24 10:15:00+00:00,1,35467.04,33501.93888295862,39543.57151232591,33501.93888295862,stop,-1.0,-1.022812992107713,146,36.5,1965.101117041384
BTC,2022-01-24 11:15:00+00:00,2022-01-24 11:15:00+00:00,2022-01-26 05:00:00+00:00,1,33849.95,31975.493073021837,37694.490756861494,37694.490756861494,alvo,2.051015791042656,2.0262065325194794,167,41.75,1874.4569269781605
BTC,2022-02-05 01:15:00+00:00,2022-02-05 01:15:00+00:00,2022-02-07 14:45:00+00:00,-1,41282.3,43099.88232039388,37937.24297724413,43099.88232039388,stop,-1.0,-1.0301765801157057,246,61.5,1817.582320393878
BTC,2022-02-08 00:15:00+00:00,2022-02-08 00:15:00+00:00,2022-02-08 06:15:00+00:00,-1,43657.53,45259.33599993211,40666.219552754614,45259.33599993211,stop,-1.0,-1.036081749539211,24,6.0,1601.8059999321122
BTC,2022-02-08 08:30:00+00:00,2022-02-08 08:30:00+00:00,2022-02-12 08:30:00+00:00,-1,44186.42,45860.582214842616,41058.70984921712,42220.79,tempo,1.1740976964916028,1.1405497606929922,384,96.0,1674.1622148426177
BTC,2022-02-17 21:45:00+00:00,2022-02-17 21:45:00+00:00,2022-02-20 06:15:00+00:00,1,40564.8,39222.441376716415,43071.93986291503,39222.441376716415,stop,-1.0,-1.038634762719373,226,56.5,1342.3586232835878
BTC,2022-02-20 16:15:00+00:00,2022-02-20 16:15:00+00:00,2022-02-21 13:15:00+00:00,1,38468.7,37211.4990397454,40969.38186809098,37211.4990397454,stop,-1.0,-1.0391282944660436,84,21.0,1257.200960254595
BTC,2022-02-21 13:15:00+00:00,2022-02-21 13:15:00+00:00,2022-02-24 03:00:00+00:00,1,37645.5,36304.51182253122,40341.477166532655,36304.51182253122,stop,-1.0,-1.035844840761666,247,61.75,1340.988177468782
BTC,2022-02-24 05:00:00+00:00,2022-02-24 05:00:00+00:00,2022-02-24 20:15:00+00:00,1,35050.0,33321.39096035311,38709.7997962061,38709.7997962061,alvo,2.117193484626051,2.089457965044754,61,15.25,1728.6090396468935
BTC,2022-03-01 13:30:00+00:00,2022-03-01 13:30:00+00:00,2022-03-04 20:15:00+00:00,-1,44500.0,47173.899524820605,39625.27273853081,39625.27273853081,alvo,1.8230779489727618,1.8026278809083256,315,78.75,2673.8995248206047
BTC,2022-03-27 23:00:00+00:00,2022-03-27 23:00:00+00:00,2022-03-28 19:00:00+00:00,-1,46595.0,48164.54788437383,43684.765822108486,48164.54788437383,stop,-1.0,-1.0392429608156974,80,20.0,1569.547884373831
BTC,2022-03-28 23:00:00+00:00,2022-03-28 23:00:00+00:00,2022-04-01 02:30:00+00:00,-1,47528.4,49017.031652879195,44714.99184668487,44714.99184668487,alvo,1.889929014927004,1.8496516201904494,302,75.5,1488.631652879194
BTC,2022-04-11 15:15:00+00:00,2022-04-11 15:15:00+00:00,2022-04-11 19:45:00+00:00,1,40945.7,39802.87291538077,43180.17575874732,39802.87291538077,stop,-1.0,-1.0459269587686446,18,4.5,1142.8270846192245
BTC,2022-04-12 05:15:00+00:00,2022-04-12 05:15:00+00:00,2022-04-16 05:15:00+00:00,1,39903.7,38630.99069533723,42559.440411154115,40489.0,tempo,0.4598850639778183,0.4188267839695284,384,96.0,1272.7093046627706
BTC,2022-05-05 19:45:00+00:00,2022-05-05 19:45:00+00:00,2022-05-07 23:00:00+00:00,1,36093.4,34785.77753051588,38692.988994063475,34785.77753051588,stop,-1.0,-1.035233002238797,205,51.25,1307.6224694841221
BTC,2022-05-08 03:00:00+00:00,2022-05-08 03:00:00+00:00,2022-05-09 02:45:00+00:00,1,34569.0,33352.53429617107,37126.89677676768,33352.53429617107,stop,-1.0,-1.0362928417575181,95,23.75,1216.4657038289297
BTC,2022-05-09 04:15:00+00:00,2022-05-09 04:15:00+00:00,2022-05-09 14:45:00+00:00,1,33809.2,32586.92634252296,36253.10751877176,32586.92634252296,stop,-1.0,-1.0353091812611945,42,10.5,1222.2736574770388
BTC,2022-05-10 02:30:00+00:00,2022-05-10 02:30:00+00:00,2022-05-11 13:00:00+00:00,1,31294.3,29474.88376762837,35046.69656380492,29474.88376762837,stop,-1.0,-1.0217102435089687,138,34.5,1819.41623237163
BTC,2022-05-12 06:30:00+00:00,2022-05-12 06:30:00+00:00,2022-05-16 06:30:00+00:00,1,27473.0,25122.540500468327,32521.01708303972,29465.5,tempo,0.8477065869022649,0.8319607189103364,384,96.0,2350.459499531673
BTC,2022-05-30 21:45:00+00:00,2022-05-30 21:45:00+00:00,2022-06-01 20:30:00+00:00,-1,31597.2,32684.595262014744,29569.884575293632,29569.884575293632,alvo,1.8643776513704196,1.8278144931860851,187,46.75,1087.395262014743
BTC,2022-06-12 03:45:00+00:00,2022-06-12 03:45:00+00:00,2022-06-12 23:45:00+00:00,1,27635.2,26657.116994763852,29621.793055538605,26657.116994763852,stop,-1.0,-1.0360807884992094,80,20.0,978.0830052361489
BTC,2022-06-14 15:00:00+00:00,2022-06-14 15:00:00+00:00,2022-06-15 05:45:00+00:00,1,22498.7,20752.831422248797,26383.083009527767,20752.831422248797,stop,-1.0,-1.0161028703894046,59,14.75,1745.8685777512037
BTC,2022-06-15 12:15:00+00:00,2022-06-15 12:15:00+00:00,2022-06-18 07:00:00+00:00,1,21354.8,19679.609913851065,25000.24282641609,19679.609913851065,stop,-1.0,-1.0159219939662607,267,66.75,1675.190086148934
BTC,2022-06-18 21:30:00+00:00,2022-06-18 21:30:00+00:00,2022-06-21 15:00:00+00:00,1,18664.4,17162.73600042124,21689.134446179432,21689.134446179432,alvo,2.0142551509711297,1.9967879962698287,262,65.5,1501.6639995787627
BTC,2022-06-30 10:00:00+00:00,2022-06-30 10:00:00+00:00,2022-07-01 00:30:00+00:00,1,19139.1,18388.242636467854,20567.968402838775,20567.968402838775,alvo,1.9029824734183427,1.8686089749146682,58,14.5,750.8573635321445
BTC,2022-07-07 20:15:00+00:00,2022-07-07 20:15:00+00:00,2022-07-11 20:15:00+00:00,-1,21683.3,22598.5005489458,20056.408060142003,20535.1,tempo,1.2545884083249128,1.2246037672190813,384,96.0,915.2005489458024
BTC,2022-08-20 12:30:00+00:00,2022-08-20 12:30:00+00:00,2022-08-24 12:30:00+00:00,1,21261.3,20513.58865187559,22830.14663203605,21459.7,tempo,0.26534303711943996,0.22820484191930548,384,96.0,747.7113481244087
BTC,2022-08-27 05:30:00+00:00,2022-08-27 05:30:00+00:00,2022-08-31 05:30:00+00:00,1,20078.7,19415.39116262459,21389.223443642582,20335.7,tempo,0.387451493963055,0.34784798121031835,384,96.0,663.3088373754108
BTC,2022-09-09 11:45:00+00:00,2022-09-09 11:45:00+00:00,2022-09-09 23:30:00+00:00,-1,20933.3,21658.75939350211,19583.12633094139,21658.75939350211,stop,-1.0,-1.0381618032018711,47,11.75,725.4593935021112
BTC,2022-09-10 00:45:00+00:00,2022-09-10 00:45:00+00:00,2022-09-12 01:30:00+00:00,-1,21220.3,21948.813666244958,19852.30527855107,21948.813666244958,stop,-1.0,-1.0385166746805052,195,48.75,728.5136662449586
BTC,2022-09-12 02:00:00+00:00,2022-09-12 02:00:00+00:00,2022-09-13 12:30:00+00:00,-1,22036.5,22764.456303245843,20689.7895066427,22764.456303245843,stop,-1.0,-1.0400032549581142,138,34.5,727.9563032458427
BTC,2022-09-19 07:00:00+00:00,2022-09-19 07:00:00+00:00,2022-09-21 18:00:00+00:00,1,18464.5,17708.06115172441,19988.334270681527,19988.334270681527,alvo,2.0144844149072005,1.9814422961253304,236,59.0,756.4388482755894
BTC,2022-10-25 17:30:00+00:00,2022-10-25 17:30:00+00:00,2022-10-25 19:45:00+00:00,-1,19989.1,20406.314169767673,19277.902702217638,20406.314169767673,stop,-1.0,-1.0629341501631409,9,2.25,417.2141697676743
BTC,2022-10-25 20:15:00+00:00,2022-10-25 20:15:00+00:00,2022-10-26 08:45:00+00:00,-1,20052.0,20534.124116590137,19313.168553804997,20534.124116590137,stop,-1.0,-1.0547182349274815,50,12.5,482.1241165901374
BTC,2022-10-26 10:15:00+00:00,2022-10-26 10:15:00+00:00,2022-10-30 10:15:00+00:00,-1,20553.4,21117.1407675028,19478.70823378408,20677.5,tempo,-0.22013664285753967,-0.26767637484945567,384,96.0,563.7407675027971
BTC,2022-11-08 05:45:00+00:00,2022-11-08 05:45:00+00:00,2022-11-08 18:15:00+00:00,1,19680.1,19106.059935993722,20781.356593938166,19106.059935993722,stop,-1.0,-1.0439185442605627,50,12.5,574.0400640062762
BTC,2022-11-08 20:00:00+00:00,2022-11-08 20:00:00+00:00,2022-11-09 15:45:00+00:00,1,18238.0,17165.02211935399,20540.906370923916,17165.02211935399,stop,-1.0,-1.0214468208456686,79,19.75,1072.977880646009
BTC,2022-11-10 05:15:00+00:00,2022-11-10 05:15:00+00:00,2022-11-14 05:15:00+00:00,1,16656.3,15460.476245944206,19222.04901001572,15967.0,tempo,-0.5764227359275546,-0.5941554034114375,384,96.0,1195.823754055793
BTC,2022-12-13 15:30:00+00:00,2022-12-13 15:30:00+00:00,2022-12-14 16:15:00+00:00,-1,17761.3,18129.609892541506,17107.494053008657,18129.609892541506,stop,-1.0,-1.0633409308372648,99,24.75,368.309892541507
BTC,2022-12-14 19:15:00+00:00,2022-12-14 19:15:00+00:00,2022-12-15 17:00:00+00:00,-1,17934.6,18345.715743956338,17350.95734759494,17350.95734759494,alvo,1.4196553184473555,1.3638666199771445,87,21.75,411.11574395633943
ETH,2020-09-05 13:15:00+00:00,2020-09-05 13:15:00+00:00,2020-09-05 19:00:00+00:00,1,346.22,314.3290553267449,408.61218292988997,314.3290553267449,stop,-1.0,-1.0134632852792993,23,5.75,31.89094467325515
ETH,2020-09-05 19:45:00+00:00,2020-09-05 19:45:00+00:00,2020-09-09 19:45:00+00:00,1,327.95,294.7790528070701,401.0675510994674,356.56,tempo,0.862501749907763,0.8490884609410001,384,96.0,33.17094719292987
ETH,2020-09-21 12:45:00+00:00,2020-09-21 12:45:00+00:00,2020-09-23 19:15:00+00:00,1,343.25,328.0819779304781,375.2300901966731,328.0819779304781,stop,-1.0,-1.028768799495066,218,54.5,15.168022069521896
ETH,2020-09-23 21:15:00+00:00,2020-09-23 21:15:00+00:00,2020-09-25 18:45:00+00:00,1,323.82,308.9103899830431,355.2666209293092,355.2666209293092,alvo,2.1091511376585026,2.0795456481049843,182,45.5,14.90961001695689
ETH,2020-10-10 06:00:00+00:00,2020-10-10 06:00:00+00:00,2020-10-12 15:30:00+00:00,-1,374.22,386.4084744418971,351.196543168356,386.4084744418971,stop,-1.0,-1.040563608739067,230,57.5,12.188474441897085
ETH,2020-10-12 22:45:00+00:00,2020-10-12 22:45:00+00:00,2020-10-16 04:30:00+00:00,-1,393.08,407.46327050852284,366.130972243963,366.130972243963,alvo,1.8736369965417972,1.8393271967180256,311,77.75,14.383270508522855
ETH,2020-10-22 12:30:00+00:00,2020-10-22 12:30:00+00:00,2020-10-26 12:30:00+00:00,-1,411.01,427.87552104553066,380.3072589018079,404.6,tempo,0.38006534056643365,0.3486315948452786,384,96.0,16.86552104553067
ETH,2020-11-06 03:00:00+00:00,2020-11-06 03:00:00+00:00,2020-11-06 23:00:00+00:00,-1,434.55,456.2848120243251,395.22627978060655,456.2848120243251,stop,-1.0,-1.0266412530813591,80,20.0,21.734812024325095
ETH,2020-11-07 08:00:00+00:00,2020-11-07 08:00:00+00:00,2020-11-11 08:00:00+00:00,-1,456.58,480.64920358161504,412.2596267545657,462.52,tempo,-0.24678838997968294,-0.27160911152845607,384,96.0,24.069203581615056
ETH,2020-11-21 19:30:00+00:00,2020-11-21 19:30:00+00:00,2020-11-22 18:30:00+00:00,-1,538.61,566.1001455285377,487.61797892300245,566.1001455285377,stop,-1.0,-1.0261206909162457,92,23.0,27.49014552853771
ETH,2020-11-22 23:15:00+00:00,2020-11-22 23:15:00+00:00,2020-11-23 13:15:00+00:00,-1,566.01,599.7567387876452,506.767093974055,599.7567387876452,stop,-1.0,-1.022453973552235,56,14.0,33.7467387876452
ETH,2020-11-23 13:30:00+00:00,2020-11-23 13:30:00+00:00,2020-11-24 09:00:00+00:00,-1,586.36,624.197193856312,519.5639436370683,624.197193856312,stop,-1.0,-1.0207959971607499,78,19.5,37.837193856311956
ETH,2020-11-24 09:15:00+00:00,2020-11-24 09:15:00+00:00,2020-11-26 03:15:00+00:00,-1,614.62,656.6694619823113,539.8740102061722,539.8740102061722,alvo,1.7775730358992643,1.7597268835049795,168,42.0,42.0494619823113
ETH,2020-12-17 03:30:00+00:00,2020-12-17 03:30:00+00:00,2020-12-17 10:30:00+00:00,-1,640.11,669.7566642715383,588.5174576807835,669.7566642715383,stop,-1.0,-1.0287186890227609,28,7.0,29.64666427153827
ETH,2020-12-17 18:00:00+00:00,2020-12-17 18:00:00+00:00,2020-12-21 12:15:00+00:00,-1,651.58,686.4570202422478,600.8855408900201,600.8855408900201,alvo,1.4535203626304025,1.4301782710203985,361,90.25,34.877020242247795
ETH,2020-12-27 16:30:00+00:00,2020-12-27 16:30:00+00:00,2020-12-30 19:15:00+00:00,-1,704.43,750.7631052625461,626.0401614563572,750.7631052625461,stop,-1.0,-1.0204146800232978,299,74.75,46.333105262546155
ETH,2021-01-03 10:30:00+00:00,2021-01-03 10:30:00+00:00,2021-01-03 13:45:00+00:00,-1,821.24,870.0933986755267,735.0024160934349,870.0933986755267,stop,-1.0,-1.0225033823427687,13,3.25,48.853398675526705
ETH,2021-01-04 09:30:00+00:00,2021-01-04 09:30:00+00:00,2021-01-05 00:15:00+00:00,-1,978.84,1095.5844300441777,793.5853257017976,1095.5844300441777,stop,-1.0,-1.0115498090916926,59,14.75,116.74443004417765
ETH,2021-01-05 01:15:00+00:00,2021-01-05 01:15:00+00:00,2021-01-07 16:00:00+00:00,-1,1093.49,1252.15804628318,834.4624864976311,1252.15804628318,stop,-1.0,-1.0096091889060193,251,62.75,158.66804628318005
ETH,2021-01-07 18:30:00+00:00,2021-01-07 18:30:00+00:00,2021-01-11 03:45:00+00:00,-1,1251.74,1414.2268331463233,1013.5715804796381,1013.5715804796381,alvo,1.4657705791206204,1.456708598535487,325,81.25,162.4868331463233
ETH,2021-02-03 19:45:00+00:00,2021-02-03 19:45:00+00:00,2021-02-05 16:15:00+00:00,-1,1636.19,1761.8226654046837,1411.9311713779664,1761.8226654046837,stop,-1.0,-1.0175806843339543,178,44.5,125.63266540468362
ETH,2021-02-23 09:30:00+00:00,2021-02-23 09:30:00+00:00,2021-02-27 09:30:00+00:00,1,1506.15,1353.7868018007105,1845.5130673316219,1468.94,tempo,-0.24421907940872772,-0.25691117646926986,384,96.0,152.36319819928963
ETH,2021-03-24 22:45:00+00:00,2021-03-24 22:45:00+00:00,2021-03-28 22:45:00+00:00,1,1588.19,1511.942533070827,1740.4840014435179,1676.84,tempo,1.1626615751359672,1.1348276078518948,384,96.0,76.24746692917302
ETH,2021-03-31 20:45:00+00:00,2021-03-31 20:45:00+00:00,2021-04-02 03:15:00+00:00,-1,1928.08,2014.6501415634432,1769.750586100519,2014.6501415634432,stop,-1.0,-1.0296034469360096,122,30.5,86.57014156344326
ETH,2021-04-02 03:45:00+00:00,2021-04-02 03:45:00+00:00,2021-04-02 20:45:00+00:00,-1,2001.22,2094.053494788614,1832.205269550366,2094.053494788614,stop,-1.0,-1.0286742169695746,68,17.0,92.83349478861396
ETH,2021-04-03 14:45:00+00:00,2021-04-03 14:45:00+00:00,2021-04-07 14:45:00+00:00,-1,2102.12,2198.300077509964,1924.6113737131009,2002.99,tempo,1.0306708267076428,1.0029278515605957,384,96.0,96.18007750996412
ETH,2021-04-13 18:30:00+00:00,2021-04-13 18:30:00+00:00,2021-04-14 06:15:00+00:00,-1,2308.29,2404.3173915359193,2134.7556317592143,2404.3173915359193,stop,-1.0,-1.0318991774690927,47,11.75,96.02739153591938
ETH,2021-04-14 09:00:00+00:00,2021-04-14 09:00:00+00:00,2021-04-15 03:45:00+00:00,-1,2352.23,2460.6075463059847,2170.102336683653,2460.6075463059847,stop,-1.0,-1.0288652448014146,75,18.75,108.37754630598465
ETH,2021-04-15 05:00:00+00:00,2021-04-15 05:00:00+00:00,2021-04-18 03:15:00+00:00,-1,2455.16,2584.7648378209497,2223.511593961815,2223.511593961815,alvo,1.787343820901263,1.7638791371193465,281,70.25,129.6048378209498
ETH,2021-05-03 04:30:00+00:00,2021-05-03 04:30:00+00:00,2021-05-03 08:45:00+00:00,-1,3050.48,3201.682109098671,2774.366868522578,3201.682109098671,stop,-1.0,-1.0268773061112668,17,4.25,151.20210909867092
ETH,2021-05-04 02:30:00+00:00,2021-05-04 02:30:00+00:00,2021-05-04 11:45:00+00:00,-1,3242.5,3448.0891913806013,2891.2729082368264,3448.0891913806013,stop,-1.0,-1.0211532665953553,37,9.25,205.58919138060128
ETH,2021-05-04 14:45:00+00:00,2021-05-04 14:45:00+00:00,2021-05-08 13:45:00+00:00,-1,3380.35,3620.158981147751,2964.6826321689427,3620.158981147751,stop,-1.0,-1.018974814103991,380,95.0,239.80898114775118
ETH,2021-05-08 23:15:00+00:00,2021-05-08 23:15:00+00:00,2021-05-10 05:15:00+00:00,-1,3865.76,4132.601966272714,3391.9810655699703,4132.601966272714,stop,-1.0,-1.0194831995532665,120,30.0,266.84196627271376
ETH,2021-05-10 10:15:00+00:00,2021-05-10 10:15:00+00:00,2021-05-12 06:15:00+00:00,-1,4089.28,4364.4026667550115,3602.4067772037615,4364.4026667550115,stop,-1.0,-1.0199725227957455,176,44.0,275.1226667550113
ETH,2021-05-19 14:00:00+00:00,2021-05-19 14:00:00+00:00,2021-05-23 08:30:00+00:00,1,2485.74,2091.328321080016,3471.4066446342194,2091.328321080016,stop,-1.0,-1.0075431194554094,362,90.5,394.41167891998384
ETH,2021-05-23 17:00:00+00:00,2021-05-23 17:00:00+00:00,2021-05-24 20:00:00+00:00,1,1848.46,1511.617562153382,2611.8887326352774,2611.8887326352774,alvo,2.2664268122382683,2.257819741541514,108,27.0,336.84243784661794
ETH,2021-06-18 20:15:00+00:00,2021-06-18 20:15:00+00:00,2021-06-20 11:30:00+00:00,1,2183.89,2073.172877335017,2415.6393851671664,2073.172877335017,stop,-1.0,-1.0249924384202131,157,39.25,110.71712266498298
ETH,2021-06-20 13:15:00+00:00,2021-06-20 13:15:00+00:00,2021-06-21 06:45:00+00:00,1,2092.14,1986.2479088442653,2315.2324385140637,1986.2479088442653,stop,-1.0,-1.0250344677474548,70,17.5,105.89209115573453
ETH,2021-06-21 07:00:00+00:00,2021-06-21 07:00:00+00:00,2021-06-21 22:00:00+00:00,1,2012.93,1877.4768268036487,2280.2940891549365,1877.4768268036487,stop,-1.0,-1.0186689198765149,60,15.0,135.45317319635137
ETH,2021-06-21 22:15:00+00:00,2021-06-21 22:15:00+00:00,2021-06-22 13:45:00+00:00,1,1890.08,1741.9466310642813,2213.0063260961438,1741.9466310642813,stop,-1.0,-1.0159371067245235,62,15.5,148.13336893571864
ETH,2021-06-22 15:00:00+00:00,2021-06-22 15:00:00+00:00,2021-06-26 15:00:00+00:00,1,1814.03,1655.6400450307856,2138.9994583207704,1778.6,tempo,-0.22368842775974304,-0.23843184693966443,384,96.0,158.3899549692144
ETH,2021-07-14 01:45:00+00:00,2021-07-14 01:45:00+00:00,2021-07-18 01:45:00+00:00,1,1909.05,1822.1017136024357,2090.5500114467354,1981.5,tempo,0.8332539145018689,0.8041692987518012,384,96.0,86.94828639756429
ETH,2021-07-20 04:45:00+00:00,2021-07-20 04:45:00+00:00,2021-07-21 10:15:00+00:00,1,1741.81,1657.7438355651664,1908.9998439629255,1908.9998439629255,alvo,1.9887887723547542,1.960560692549645,118,29.5,84.06616443483358
ETH,2021-07-26 13:15:00+00:00,2021-07-26 13:15:00+00:00,2021-07-30 02:00:00+00:00,-1,2314.69,2436.2344353446297,2096.7467686009363,2436.2344353446297,stop,-1.0,-1.025407176183903,339,84.75,121.54443534462962
ETH,2021-08-01 03:15:00+00:00,2021-08-01 03:15:00+00:00,2021-08-04 16:15:00+00:00,-1,2573.22,2702.1166159134336,2338.6057280919135,2702.1166159134336,stop,-1.0,-1.0266024734322474,340,85.0,128.89661591343383
ETH,2021-08-07 16:15:00+00:00,2021-08-07 16:15:00+00:00,2021-08-11 07:15:00+00:00,-1,3051.18,3240.2235192320973,2713.8092475998706,3240.2235192320973,stop,-1.0,-1.0216321210275403,348,87.0,189.04351923209742
ETH,2021-09-02 16:00:00+00:00,2021-09-02 16:00:00+00:00,2021-09-03 09:30:00+00:00,-1,3759.69,3937.4932527997885,3429.641690561458,3937.4932527997885,stop,-1.0,-1.0281387940633098,70,17.5,177.80325279978842
ETH,2021-09-03 22:15:00+00:00,2021-09-03 22:15:00+00:00,2021-09-07 15:00:00+00:00,-1,3907.89,4085.906263851601,3580.349360361629,3580.349360361629,alvo,1.8399478370774984,1.8126056410392049,355,88.75,178.01626385160125
ETH,2021-09-07 15:30:00+00:00,2021-09-07 15:30:00+00:00,2021-09-10 22:00:00+00:00,1,3367.33,3147.234864018461,3803.280442126864,3147.234864018461,stop,-1.0,-1.0192392582540633,314,78.5,220.095135981539
ETH,2021-09-20 13:30:00+00:00,2021-09-20 13:30:00+00:00,2021-09-21 00:15:00+00:00,1,3046.15,2885.0821466934526,3385.243582380691,2885.0821466934526,stop,-1.0,-1.023935880538578,43,10.75,161.06785330654748
ETH,2021-09-21 01:45:00+00:00,2021-09-21 01:45:00+00:00,2021-09-21 20:45:00+00:00,1,2989.96,2801.920239289862,3324.137312886922,2801.920239289862,stop,-1.0,-1.0200208835690963,76,19.0,188.03976071013813
ETH,2021-09-21 21:45:00+00:00,2021-09-21 21:45:00+00:00,2021-09-25 21:45:00+00:00,1,2859.9,2664.454349501631,3235.2468673679723,2911.15,tempo,0.2622212357722827,0.2430282658062854,384,96.0,195.4456504983691
ETH,2021-10-02 20:15:00+00:00,2021-10-02 20:15:00+00:00,2021-10-06 15:45:00+00:00,-1,3436.4,3635.72156649262,3097.0349350870856,3635.72156649262,stop,-1.0,-1.023062627387039,366,91.5,199.3215664926197
ETH,2021-10-20 21:45:00+00:00,2021-10-20 21:45:00+00:00,2021-10-21 09:45:00+00:00,-1,4119.02,4289.13277199219,3822.5845319153805,4289.13277199219,stop,-1.0,-1.032127507169455,48,12.0,170.11277199218966
ETH,2021-10-21 11:45:00+00:00,2021-10-21 11:45:00+00:00,2021-10-22 16:30:00+00:00,-1,4258.8,4460.592453367463,3889.1189504940617,3889.1189504940617,alvo,1.8319864957127556,1.8057409784526186,115,28.75,201.79245336746317
ETH,2021-11-16 04:30:00+00:00,2021-11-16 04:30:00+00:00,2021-11-16 10:15:00+00:00,1,4321.26,4151.570739202691,4631.726994751423,4151.570739202691,stop,-1.0,-1.0324554421099175,23,5.75,169.68926079730954
ETH,2021-11-16 10:30:00+00:00,2021-11-16 10:30:00+00:00,2021-11-18 17:15:00+00:00,1,4179.79,3981.2217054269418,4603.367378621038,3981.2217054269418,stop,-1.0,-1.02671452469254,219,54.75,198.5682945730582
ETH,2021-12-04 06:00:00+00:00,2021-12-04 06:00:00+00:00,2021-12-07 11:15:00+00:00,1,3842.54,3545.7895898726024,4421.744057509804,4421.744057509804,alvo,1.951822264579675,1.9337202352174403,309,77.25,296.7504101273976
ETH,2021-12-29 13:45:00+00:00,2021-12-29 13:45:00+00:00,2021-12-30 00:30:00+00:00,1,3717.8,3595.483163244529,3958.7797503432434,3595.483163244529,stop,-1.0,-1.0388632847464174,43,10.75,122.31683675547129
ETH,2021-12-30 00:45:00+00:00,2021-12-30 00:45:00+00:00,2022-01-03 00:45:00+00:00,1,3656.21,3523.243593154443,3924.7598384444586,3812.16,tempo,1.1728526302221465,1.1363438562004606,384,96.0,132.96640684555723
ETH,2022-01-05 22:45:00+00:00,2022-01-05 22:45:00+00:00,2022-01-06 08:45:00+00:00,1,3533.63,3392.966083532523,3783.220773420716,3392.966083532523,stop,-1.0,-1.0320074086330244,40,10.0,140.66391646747707
ETH,2022-01-06 14:00:00+00:00,2022-01-06 14:00:00+00:00,2022-01-07 03:45:00+00:00,1,3402.74,3256.450908728686,3711.5268018866345,3256.450908728686,stop,-1.0,-1.0295884953078687,55,13.75,146.28909127131374
ETH,2022-01-07 12:30:00+00:00,2022-01-07 12:30:00+00:00,2022-01-07 13:45:00+00:00,1,3255.85,3094.2266678814667,3599.1116659426725,3094.2266678814667,stop,-1.0,-1.0255380815382265,5,1.25,161.6233321185332
ETH,2022-01-07 17:00:00+00:00,2022-01-07 17:00:00+00:00,2022-01-08 18:00:00+00:00,1,3213.15,3040.8291594136576,3571.852964453199,3040.8291594136576,stop,-1.0,-1.023590219498622,100,25.0,172.32084058634246
ETH,2022-01-08 21:45:00+00:00,2022-01-08 21:45:00+00:00,2022-01-10 14:30:00+00:00,1,3090.92,2929.00150843357,3430.2857906989393,2929.00150843357,stop,-1.0,-1.024166164979844,163,40.75,161.91849156643002
ETH,2022-01-10 14:45:00+00:00,2022-01-10 14:45:00+00:00,2022-01-12 11:45:00+00:00,1,2996.71,2845.5530678354016,3292.3275795517416,3292.3275795517416,alvo,1.955699783783892,1.9286558740658961,180,45.0,151.1569321645984
ETH,2022-01-21 02:15:00+00:00,2022-01-21 02:15:00+00:00,2022-01-21 12:45:00+00:00,1,2910.86,2780.471045425372,3184.2022260903336,2780.471045425372,stop,-1.0,-1.028371768081085,42,10.5,130.38895457462831
ETH,2022-01-21 15:45:00+00:00,2022-01-21 15:45:00+00:00,2022-01-21 21:45:00+00:00,1,2840.69,2698.755957251235,3121.296356664444,2698.755957251235,stop,-1.0,-1.0253684021287741,24,6.0,141.93404274876502
ETH,2022-01-23 01:00:00+00:00,2022-01-23 01:00:00+00:00,2022-01-24 10:15:00+00:00,1,2446.51,2257.2931211499686,2870.2737262981555,2257.2931211499686,stop,-1.0,-1.0161585586197663,133,33.25,189.21687885003166
ETH,2022-01-24 15:45:00+00:00,2022-01-24 15:45:00+00:00,2022-01-26 14:30:00+00:00,1,2269.17,2087.9759511376237,2660.0230839142646,2660.0230839142646,alvo,2.1570966947768357,2.139414130009061,187,46.75,181.19404886237635
ETH,2022-02-07 20:00:00+00:00,2022-02-07 20:00:00+00:00,2022-02-11 20:00:00+00:00,-1,3165.91,3310.2740394374828,2907.116588035048,2992.13,tempo,1.2037623820803065,1.1760357680592755,384,96.0,144.36403943748292
ETH,2022-02-20 09:15:00+00:00,2022-02-20 09:15:00+00:00,2022-02-22 06:00:00+00:00,1,2626.24,2504.8785023850364,2882.281285197456,2504.8785023850364,stop,-1.0,-1.0274817556811284,179,44.75,121.36149761496335
ETH,2022-02-24 04:30:00+00:00,2022-02-24 04:30:00+00:00,2022-02-24 20:15:00+00:00,1,2373.97,2225.6993885182787,2693.606436569985,2693.606436569985,alvo,2.15576393309331,2.1335483055265714,63,15.75,148.27061148172106
ETH,2022-03-18 17:45:00+00:00,2022-03-18 17:45:00+00:00,2022-03-22 17:45:00+00:00,-1,2930.44,3057.741163318832,2696.8881536864606,3007.31,tempo,-0.6038436570094426,-0.6341618206410946,384,96.0,127.3011633188321
ETH,2022-03-27 22:00:00+00:00,2022-03-27 22:00:00+00:00,2022-03-28 14:00:00+00:00,-1,3277.72,3389.5363824072256,3070.861993821173,3389.5363824072256,stop,-1.0,-1.038757439252342,64,16.0,111.81638240722577
ETH,2022-03-28 23:15:00+00:00,2022-03-28 23:15:00+00:00,2022-03-29 12:15:00+00:00,-1,3362.82,3473.9338798032622,3152.241726425022,3473.9338798032622,stop,-1.0,-1.0399940136168448,52,13.0,111.11387980326208
ETH,2022-03-29 16:00:00+00:00,2022-03-29 16:00:00+00:00,2022-04-02 01:00:00+00:00,-1,3401.22,3514.1250071620952,3206.0601550130214,3514.1250071620952,stop,-1.0,-1.0398120009700014,324,81.0,112.90500716209544
ETH,2022-04-11 14:00:00+00:00,2022-04-11 14:00:00+00:00,2022-04-11 21:45:00+00:00,1,3047.04,2945.838018112384,3250.565028069836,2945.838018112384,stop,-1.0,-1.038491051648562,31,7.75,101.20198188761606
ETH,2022-04-11 22:30:00+00:00,2022-04-11 22:30:00+00:00,2022-04-15 22:30:00+00:00,1,2994.83,2887.3702889642427,3221.32920842832,3026.25,tempo,0.2923886514969789,0.2559684716707209,384,96.0,107.45971103575721
ETH,2022-04-25 07:30:00+00:00,2022-04-25 07:30:00+00:00,2022-04-25 19:00:00+00:00,1,2814.6,2734.000405205943,2978.887949964076,2978.887949964076,alvo,2.0383222816920443,1.9916003697879126,46,11.5,80.59959479405688
ETH,2022-05-08 03:00:00+00:00,2022-05-08 03:00:00+00:00,2022-05-09 02:30:00+00:00,1,2548.98,2450.4306800601735,2757.2811986245556,2450.4306800601735,stop,-1.0,-1.032974524268897,94,23.5,98.54931993982655
ETH,2022-05-09 09:00:00+00:00,2022-05-09 09:00:00+00:00,2022-05-09 11:00:00+00:00,1,2463.59,2364.331243439851,2670.4675897290713,2364.331243439851,stop,-1.0,-1.031615838410531,8,2.0,99.25875656014932
ETH,2022-05-09 13:45:00+00:00,2022-05-09 13:45:00+00:00,2022-05-09 17:00:00+00:00,1,2427.94,2322.259206434032,2652.3583072125134,2322.259206434032,stop,-1.0,-1.0292165622531473,13,3.25,105.68079356596809
ETH,2022-05-10 00:45:00+00:00,2022-05-10 00:45:00+00:00,2022-05-11 13:00:00+00:00,1,2283.74,2138.8623823686244,2598.9864809436567,2138.8623823686244,stop,-1.0,-1.0198422061015244,145,36.25,144.87761763137541
ETH,2022-05-12 07:30:00+00:00,2022-05-12 07:30:00+00:00,2022-05-16 07:30:00+00:00,1,1915.17,1692.9282896348875,2395.976877897114,2010.57,tempo,0.4292623551324852,0.4177805725462737,384,96.0,222.24171036511257
ETH,2022-05-26 13:45:00+00:00,2022-05-26 13:45:00+00:00,2022-05-27 23:45:00+00:00,1,1790.69,1703.2677336759962,1973.6467126506761,1703.2677336759962,stop,-1.0,-1.025978193226796,136,34.0,87.42226632400389
ETH,2022-06-11 09:45:00+00:00,2022-06-11 09:45:00+00:00,2022-06-11 15:00:00+00:00,1,1606.5,1525.3725715745973,1769.7447703863277,1525.3725715745973,stop,-1.0,-1.0250928349515644,21,5.25,81.12742842540274
ETH,2022-06-12 15:00:00+00:00,2022-06-12 15:00:00+00:00,2022-06-13 01:00:00+00:00,1,1509.55,1420.237010031931,1673.0501468812186,1420.237010031931,stop,-1.0,-1.0213223357229626,40,10.0,89.3129899680689
ETH,2022-06-14 05:30:00+00:00,2022-06-14 05:30:00+00:00,2022-06-15 05:45:00+00:00,1,1218.21,1094.1420454704928,1493.5245415698425,1094.1420454704928,stop,-1.0,-1.0121145612116813,97,24.25,124.06795452950723
ETH,2022-06-15 06:00:00+00:00,2022-06-15 06:00:00+00:00,2022-06-18 07:00:00+00:00,1,1122.75,1004.8868064835502,1397.9328249609705,1004.8868064835502,stop,-1.0,-1.011733636964633,292,73.0,117.86319351644977
ETH,2022-06-18 21:30:00+00:00,2022-06-18 21:30:00+00:00,2022-06-19 21:00:00+00:00,1,949.05,846.9278828686275,1154.4615433475337,1154.4615433475337,alvo,2.0114305217868456,1.9980418206750483,94,23.5,102.12211713137242
ETH,2022-06-30 10:00:00+00:00,2022-06-30 10:00:00+00:00,2022-07-04 10:00:00+00:00,1,1028.12,967.9329593186757,1154.0757151313912,1068.29,tempo,0.6674194236046673,0.6447788936072716,384,96.0,60.18704068132422
ETH,2022-07-12 10:15:00+00:00,2022-07-12 10:15:00+00:00,2022-07-13 12:45:00+00:00,1,1060.24,1012.6186587601601,1156.138269402038,1012.6186587601601,stop,-1.0,-1.028293157922795,106,26.5,47.62134123983992
ETH,2022-07-16 16:30:00+00:00,2022-07-16 16:30:00+00:00,2022-07-18 08:00:00+00:00,-1,1347.57,1471.7553740613125,1164.1281848749622,1471.7553740613125,stop,-1.0,-1.0147566612170857,158,39.5,124.18537406131259
ETH,2022-07-18 08:30:00+00:00,2022-07-18 08:30:00+00:00,2022-07-19 00:15:00+00:00,-1,1473.34,1601.5177997132507,1248.74337834947,1601.5177997132507,stop,-1.0,-1.0155928528519358,63,15.75,128.1777997132508
ETH,2022-07-19 01:45:00+00:00,2022-07-19 01:45:00+00:00,2022-07-23 01:45:00+00:00,-1,1532.53,1669.3534498178726,1299.5520731066595,1554.08,tempo,-0.15750224123631892,-0.1721656377715664,384,96.0,136.82344981787264
ETH,2022-08-13 07:45:00+00:00,2022-08-13 07:45:00+00:00,2022-08-17 07:45:00+00:00,-1,2000.4,2096.5625208936585,1824.7098785816581,1889.0,tempo,1.1584554872806636,1.1321655150908152,384,96.0,96.16252089365844
ETH,2022-08-19 12:45:00+00:00,2022-08-19 12:45:00+00:00,2022-08-19 22:00:00+00:00,1,1699.57,1622.649395815318,1858.9800115510561,1622.649395815318,stop,-1.0,-1.0280736563391424,37,9.25,76.9206041846819
ETH,2022-08-20 05:00:00+00:00,2022-08-20 05:00:00+00:00,2022-08-20 19:15:00+00:00,1,1646.2,1565.9874382616447,1816.459827668454,1565.9874382616447,stop,-1.0,-1.0260298610295062,57,14.25,80.21256173835536
ETH,2022-08-21 00:30:00+00:00,2022-08-21 00:30:00+00:00,2022-08-25 00:30:00+00:00,1,1592.75,1509.5425649691347,1763.6845779546973,1657.73,tempo,0.7809398279840745,0.7555477221077634,384,96.0,83.20743503086533
ETH,2022-08-27 05:30:00+00:00,2022-08-27 05:30:00+00:00,2022-08-31 05:30:00+00:00,1,1488.53,1412.8178010592217,1642.2587261757665,1605.49,tempo,1.5447972933857799,1.5182346914783504,384,96.0,75.71219894077831
ETH,2022-09-18 23:15:00+00:00,2022-09-18 23:15:00+00:00,2022-09-21 21:15:00+00:00,1,1345.39,1273.3309279245238,1499.571345319063,1273.3309279245238,stop,-1.0,-1.023621850158826,280,70.0,72.05907207547625
ETH,2022-10-27 10:15:00+00:00,2022-10-27 10:15:00+00:00,2022-10-29 08:30:00+00:00,-1,1544.76,1615.8201571389036,1413.679913951728,1615.8201571389036,stop,-1.0,-1.0289103934589467,185,46.25,71.0601571389036
ETH,2022-10-29 11:00:00+00:00,2022-10-29 11:00:00+00:00,2022-11-02 11:00:00+00:00,-1,1621.77,1698.1146531976703,1480.432492780744,1547.84,tempo,0.9683716790039203,0.9413855520951289,384,96.0,76.34465319767037
ETH,2022-11-08 20:45:00+00:00,2022-11-08 20:45:00+00:00,2022-11-09 09:45:00+00:00,1,1319.07,1211.544589156599,1558.5117874393452,1211.544589156599,stop,-1.0,-1.0152977744521006,52,13.0,107.525410843401
ETH,2022-11-09 19:45:00+00:00,2022-11-09 19:45:00+00:00,2022-11-09 23:15:00+00:00,1,1196.56,1081.7274156522292,1463.9572191731595,1081.7274156522292,stop,-1.0,-1.0128960506165139,14,3.5,114.83258434777076
ETH,2022-11-10 03:15:00+00:00,2022-11-10 03:15:00+00:00,2022-11-14 03:15:00+00:00,1,1163.9,1048.2868170372358,1426.2221347411112,1189.57,tempo,0.22203350294635013,0.20880183281325906,384,96.0,115.61318296276431
ETH,2022-12-13 14:30:00+00:00,2022-12-13 14:30:00+00:00,2022-12-15 15:00:00+00:00,-1,1337.59,1377.0151288417064,1264.521740031353,1264.521740031353,alvo,1.8533423254498171,1.810441447742827,194,48.5,39.42512884170651
ETH,2022-12-17 03:00:00+00:00,2022-12-17 03:00:00+00:00,2022-12-21 03:00:00+00:00,1,1173.22,1130.7923788084302,1262.0390367147515,1210.08,tempo,0.8687736659467435,0.8322610131867578,384,96.0,42.42762119156987
SOL,2020-10-02 11:00:00+00:00,2020-10-02 11:00:00+00:00,2020-10-06 11:00:00+00:00,1,2.509,2.3223109066905807,2.9156451888096386,2.4668,tempo,-0.22604427099582813,-0.24336863602790587,384,96.0,0.18668909330941919
SOL,2020-10-07 04:30:00+00:00,2020-10-07 04:30:00+00:00,2020-10-08 07:15:00+00:00,1,2.202,2.039180476142977,2.5621895480487913,2.039180476142977,stop,-1.0,-1.0169314296233525,107,26.75,0.16281952385702292
SOL,2020-10-08 07:45:00+00:00,2020-10-08 07:45:00+00:00,2020-10-08 16:15:00+00:00,1,2.0397,1.8589218798804321,2.452220180435257,2.452220180435257,alvo,2.281914316635298,2.2657633127673975,34,8.5,0.18077812011956773
SOL,2020-10-20 12:30:00+00:00,2020-10-20 12:30:00+00:00,2020-10-24 12:30:00+00:00,1,1.9321,1.806854338618809,2.178127376080698,1.9258,tempo,-0.05030114361267677,-0.07032287508302205,384,96.0,0.12524566138119098
SOL,2020-10-26 18:30:00+00:00,2020-10-26 18:30:00+00:00,2020-10-28 07:15:00+00:00,1,1.6625,1.546745076675856,1.917719999466267,1.546745076675856,stop,-1.0,-1.0180209121127222,147,36.75,0.11575492332414417
SOL,2020-10-28 08:30:00+00:00,2020-10-28 08:30:00+00:00,2020-10-29 12:30:00+00:00,1,1.5871,1.4548063335661594,1.8080056602441046,1.4548063335661594,stop,-1.0,-1.0149458335392558,112,28.0,0.13229366643384055
SOL,2020-10-29 23:15:00+00:00,2020-10-29 23:15:00+00:00,2020-11-02 23:15:00+00:00,1,1.4246,1.3100169176519538,1.6773079351904818,1.4715,tempo,0.40930998746866604,0.39288116602815,384,96.0,0.11458308234804626
SOL,2020-11-06 18:45:00+00:00,2020-11-06 18:45:00+00:00,2020-11-07 00:15:00+00:00,-1,1.814,2.01232378256996,1.4948937725134546,2.01232378256996,stop,-1.0,-1.0125406566294848,22,5.5,0.19832378256995975
SOL,2020-11-07 14:15:00+00:00,2020-11-07 14:15:00+00:00,2020-11-11 14:15:00+00:00,-1,2.2315,2.6125273989595033,1.6316622244853796,2.1134,tempo,0.30995146365459175,0.3025394376225736,384,96.0,0.3810273989595032
SOL,2020-12-09 09:30:00+00:00,2020-12-09 09:30:00+00:00,2020-12-11 10:30:00+00:00,1,1.5815,1.4624469382732677,1.8350194231966253,1.4624469382732677,stop,-1.0,-1.0166191904784365,196,49.0,0.11905306172673225
SOL,2020-12-11 11:30:00+00:00,2020-12-11 11:30:00+00:00,2020-12-15 03:15:00+00:00,1,1.4567,1.3504982703921984,1.6959829757786338,1.6959829757786338,alvo,2.253098670448166,2.233802902461864,351,87.75,0.10620172960780172
SOL,2020-12-23 07:30:00+00:00,2020-12-23 07:30:00+00:00,2020-12-23 11:15:00+00:00,1,1.3952,1.3034168260500438,1.5814995277415431,1.3034168260500438,stop,-1.0,-1.0191113562698206,15,3.75,0.09178317394995616
SOL,2020-12-23 12:30:00+00:00,2020-12-23 12:30:00+00:00,2020-12-23 21:00:00+00:00,1,1.3607,1.2624892835752413,1.5658292292743865,1.2624892835752413,stop,-1.0,-1.0173613745667989,34,8.5,0.09821071642475876
SOL,2020-12-24 01:30:00+00:00,2020-12-24 01:30:00+00:00,2020-12-28 01:30:00+00:00,1,1.2515,1.1235578119856744,1.5106790802764567,1.3353,tempo,0.6549833272400876,0.6418412978118294,384,96.0,0.12794218801432566
SOL,2021-01-03 10:00:00+00:00,2021-01-03 10:00:00+00:00,2021-01-05 00:00:00+00:00,-1,2.1536,2.4829913032637827,1.6516490049514987,2.4829913032637827,stop,-1.0,-1.0091495565221646,152,38.0,0.32939130326378274
SOL,2021-01-08 13:15:00+00:00,2021-01-08 13:15:00+00:00,2021-01-12 13:15:00+00:00,-1,3.5835,4.66551338173367,2.1170718950265566,3.3796,tempo,0.1884449891676002,0.18426203258276744,384,96.0,1.0820133817336703
SOL,2021-01-22 01:45:00+00:00,2021-01-22 01:45:00+00:00,2021-01-23 06:45:00+00:00,1,2.7513,2.41037212712212,3.51044140829788,3.51044140829788,alvo,2.2266921207988286,2.2147537249116387,116,29.0,0.34092787287787996
SOL,2021-01-31 10:00:00+00:00,2021-01-31 10:00:00+00:00,2021-02-02 06:45:00+00:00,-1,4.5785,5.016952011269543,3.876555851764349,5.016952011269543,stop,-1.0,-1.0142251458472404,179,44.75,0.43845201126954336
SOL,2021-02-02 06:45:00+00:00,2021-02-02 06:45:00+00:00,2021-02-02 08:45:00+00:00,-1,4.9317,5.425913491432637,4.118919600955371,5.425913491432637,stop,-1.0,-1.0136225515615025,8,2.0,0.49421349143263704
SOL,2021-02-02 14:30:00+00:00,2021-02-02 14:30:00+00:00,2021-02-03 16:00:00+00:00,-1,5.1096,5.651335168797678,4.219188720684808,5.651335168797678,stop,-1.0,-1.0129114893449547,102,25.5,0.5417351687976772
SOL,2021-02-03 18:45:00+00:00,2021-02-03 18:45:00+00:00,2021-02-04 03:00:00+00:00,-1,5.5062,6.064510179308934,4.54142132788536,6.064510179308934,stop,-1.0,-1.0134709376530804,33,8.25,0.5583101793089345
SOL,2021-02-04 09:15:00+00:00,2021-02-04 09:15:00+00:00,2021-02-04 22:15:00+00:00,-1,5.6452,6.22818828018741,4.758423806705426,6.22818828018741,stop,-1.0,-1.0132381775833312,52,13.0,0.5829882801874104
SOL,2021-02-06 01:30:00+00:00,2021-02-06 01:30:00+00:00,2021-02-08 06:15:00+00:00,-1,6.5502,7.192703774459695,5.46640221479141,7.192703774459695,stop,-1.0,-1.0139032450990826,211,52.75,0.6425037744596951
SOL,2021-02-08 08:15:00+00:00,2021-02-08 08:15:00+00:00,2021-02-09 02:30:00+00:00,-1,7.459,8.404974864779797,5.944715882568985,8.404974864779797,stop,-1.0,-1.0109004837718465,73,18.25,0.9459748647797976
SOL,2021-02-09 06:45:00+00:00,2021-02-09 06:45:00+00:00,2021-02-11 00:15:00+00:00,-1,8.1916,9.249380814447573,6.431436539329405,9.249380814447573,stop,-1.0,-1.0107173786615817,166,41.5,1.0577808144475735
SOL,2021-02-11 06:30:00+00:00,2021-02-11 06:30:00+00:00,2021-02-15 06:30:00+00:00,-1,9.3325,10.547450776180652,7.298966859572723,8.1338,tempo,0.9866243336773365,0.9772798439888819,384,96.0,1.2149507761806522
SOL,2021-02-20 01:00:00+00:00,2021-02-20 01:00:00+00:00,2021-02-22 14:30:00+00:00,-1,11.0439,12.275912224806723,9.003220614682533,9.003220614682533,alvo,1.656379169157684,1.6458024653416257,246,61.5,1.2320122248067218
SOL,2021-02-22 21:00:00+00:00,2021-02-22 21:00:00+00:00,2021-02-23 13:45:00+00:00,-1,13.1135,15.032674046460459,10.048963064036917,15.032674046460459,stop,-1.0,-1.009532753511304,67,16.75,1.9191740464604585
SOL,2021-02-23 14:15:00+00:00,2021-02-23 14:15:00+00:00,2021-02-27 14:15:00+00:00,-1,15.2487,18.380078989650777,10.734268956843671,13.953,tempo,0.4137793618346086,0.40771778159704153,384,96.0,3.131378989650777
SOL,2021-03-22 06:30:00+00:00,2021-03-22 06:30:00+00:00,2021-03-23 06:15:00+00:00,-1,15.9639,16.891137211566644,14.271381475610767,14.271381475610767,alvo,1.8253349879364584,1.804139836669889,95,23.75,0.9272372115666432
SOL,2021-03-28 02:30:00+00:00,2021-03-28 02:30:00+00:00,2021-03-28 12:15:00+00:00,-1,16.9848,18.397183405091763,14.593034983237066,18.397183405091763,stop,-1.0,-1.0162833187719418,39,9.75,1.412383405091763
SOL,2021-03-28 19:00:00+00:00,2021-03-28 19:00:00+00:00,2021-03-30 03:00:00+00:00,-1,18.1893,19.87370003859337,15.271198408522867,19.87370003859337,stop,-1.0,-1.0146882863086055,128,32.0,1.6844000385933704
SOL,2021-03-30 14:00:00+00:00,2021-03-30 14:00:00+00:00,2021-04-03 09:00:00+00:00,-1,19.9027,21.67243509042127,16.938943767429866,21.67243509042127,stop,-1.0,-1.0152699903816345,364,91.0,1.7697350904212712
SOL,2021-04-03 15:00:00+00:00,2021-04-03 15:00:00+00:00,2021-04-03 23:00:00+00:00,-1,21.7882,23.449508119045575,19.088313936607825,23.449508119045575,stop,-1.0,-1.0176996126969347,32,8.0,1.6613081190455752
SOL,2021-04-03 23:45:00+00:00,2021-04-03 23:45:00+00:00,2021-04-04 14:00:00+00:00,-1,22.8528,24.970439464543613,19.415781941520606,24.970439464543613,stop,-1.0,-1.0146791303110951,57,14.25,2.1176394645436147
SOL,2021-04-04 18:45:00+00:00,2021-04-04 18:45:00+00:00,2021-04-07 14:15:00+00:00,-1,24.416,26.816900772158178,20.42186147924213,26.816900772158178,stop,-1.0,-1.013870371440619,270,67.5,2.4009007721581774
SOL,2021-04-18 04:00:00+00:00,2021-04-18 04:00:00+00:00,2021-04-18 07:30:00+00:00,1,21.9101,18.694614930743047,26.235401457751117,26.235401457751117,alvo,1.345147423978126,1.3354149651815532,14,3.5,3.215485069256953
SOL,2021-05-23 09:30:00+00:00,2021-05-23 09:30:00+00:00,2021-05-23 16:45:00+00:00,1,24.444,19.21833139103571,39.36913948913144,19.21833139103571,stop,-1.0,-1.0054309826221066,29,7.25,5.225668608964288
SOL,2021-05-23 17:00:00+00:00,2021-05-23 17:00:00+00:00,2021-05-27 17:00:00+00:00,1,21.528,16.274448272278054,37.3039183351361,33.289,tempo,2.238675968095936,2.2318936897732575,384,96.0,5.253551727721945
SOL,2021-06-20 12:45:00+00:00,2021-06-20 12:45:00+00:00,2021-06-21 11:15:00+00:00,1,32.102,29.611209688111042,37.269894840790926,29.611209688111042,stop,-1.0,-1.0161047624546327,90,22.5,2.4907903118889543
SOL,2021-06-21 11:45:00+00:00,2021-06-21 11:45:00+00:00,2021-06-21 21:45:00+00:00,1,29.852,26.789369255331227,36.02118138880646,26.789369255331227,stop,-1.0,-1.0120213284216695,40,10.0,3.0626307446687733
SOL,2021-06-21 22:15:00+00:00,2021-06-21 22:15:00+00:00,2021-06-22 09:15:00+00:00,1,27.602,24.349639066469308,34.92449282219378,24.349639066469308,stop,-1.0,-1.0103827853314382,44,11.0,3.252360933530692
SOL,2021-06-22 14:45:00+00:00,2021-06-22 14:45:00+00:00,2021-06-23 13:15:00+00:00,1,23.445,19.807437370854753,32.58495758474968,32.58495758474968,alvo,2.5126598540235676,2.50264780030983,90,22.5,3.637562629145247
SOL,2021-07-14 01:30:00+00:00,2021-07-14 01:30:00+00:00,2021-07-16 20:45:00+00:00,1,28.444,26.829099524941256,31.759481335448967,26.829099524941256,stop,-1.0,-1.0222475101382982,269,67.25,1.614900475058743
SOL,2021-07-19 13:15:00+00:00,2021-07-19 13:15:00+00:00,2021-07-20 03:45:00+00:00,1,24.595,22.897575516618684,27.79573318291588,22.897575516618684,stop,-1.0,-1.0181864786257282,58,14.5,1.6974244833813152
SOL,2021-07-20 08:15:00+00:00,2021-07-20 08:15:00+00:00,2021-07-21 15:15:00+00:00,1,23.174,21.527454236205344,26.793362944137673,26.793362944137673,alvo,2.198155085465971,2.1784296781144996,124,31.0,1.6465457637946557
SOL,2021-08-01 00:15:00+00:00,2021-08-01 00:15:00+00:00,2021-08-05 00:15:00+00:00,-1,35.813,38.842530608697814,30.532801260504698,36.139,tempo,-0.10760742904001411,-0.12304506808077056,384,96.0,3.0295306086978115
SOL,2021-08-17 16:45:00+00:00,2021-08-17 16:45:00+00:00,2021-08-18 11:30:00+00:00,-1,65.51,74.68147419019674,52.43532463911523,74.68147419019674,stop,-1.0,-1.0099356391714027,75,18.75,9.171474190196733
SOL,2021-08-18 11:45:00+00:00,2021-08-18 11:45:00+00:00,2021-08-22 11:45:00+00:00,-1,75.342,88.29144599302643,55.60076646360672,76.929,tempo,-0.12255350544375711,-0.13019677837244462,384,96.0,12.94944599302643
SOL,2021-08-28 16:30:00+00:00,2021-08-28 16:30:00+00:00,2021-08-30 15:45:00+00:00,-1,95.289,105.68226973182153,77.80346518274088,105.68226973182153,stop,-1.0,-1.012568838170891,189,47.25,10.393269731821533
SOL,2021-08-31 15:45:00+00:00,2021-08-31 15:45:00+00:00,2021-09-02 21:15:00+00:00,-1,117.45,131.1987023784947,94.19564701937618,131.1987023784947,stop,-1.0,-1.011755411681529,214,53.5,13.748702378494684
SOL,2021-09-03 03:15:00+00:00,2021-09-03 03:15:00+00:00,2021-09-06 16:15:00+00:00,-1,135.45,152.61238532284855,106.93460804702183,152.61238532284855,stop,-1.0,-1.0109099374555224,340,85.0,17.162385322848564
SOL,2021-09-07 14:30:00+00:00,2021-09-07 14:30:00+00:00,2021-09-07 15:15:00+00:00,-1,170.218,191.99971584286104,141.36653307138425,141.36653307138425,alvo,1.3245727350754968,1.3152745719758814,3,0.75,21.781715842861047
SOL,2021-10-02 17:30:00+00:00,2021-10-02 17:30:00+00:00,2021-10-06 17:30:00+00:00,-1,172.802,188.63281081762028,145.93678188028196,159.279,tempo,0.8542203021558685,0.8405853309287632,384,96.0,15.83081081762029
SOL,2021-10-21 04:30:00+00:00,2021-10-21 04:30:00+00:00,2021-10-21 09:15:00+00:00,-1,181.504,193.60254632283215,160.49909747949349,193.60254632283215,stop,-1.0,-1.0201527727880588,19,4.75,12.098546322832163
SOL,2021-10-21 12:15:00+00:00,2021-10-21 12:15:00+00:00,2021-10-22 00:45:00+00:00,-1,184.183,197.40672859913388,163.15382550929553,197.40672859913388,stop,-1.0,-1.0187566858870412,50,12.5,13.223728599133892
SOL,2021-10-22 10:30:00+00:00,2021-10-22 10:30:00+00:00,2021-10-25 15:30:00+00:00,-1,201.351,218.68221294158232,171.09653088541774,218.68221294158232,stop,-1.0,-1.0157531725755313,308,77.0,17.331212941582322
SOL,2021-11-03 21:45:00+00:00,2021-11-03 21:45:00+00:00,2021-11-07 21:45:00+00:00,-1,241.834,261.9712547470087,208.26670486542054,247.939,tempo,-0.30316942784402456,-0.31897855644668527,384,96.0,20.137254747008683
SOL,2021-11-18 17:30:00+00:00,2021-11-18 17:30:00+00:00,2021-11-21 18:15:00+00:00,1,197.111,181.75216622004322,223.92355606214895,223.92355606214895,alvo,1.7457416654342117,1.7279230950035884,291,72.75,15.358833779956768
SOL,2021-12-04 05:45:00+00:00,2021-12-04 05:45:00+00:00,2021-12-08 05:45:00+00:00,1,181.553,163.86043708045713,216.50226671672044,188.812,tempo,0.41028538561713196,0.3966786938622542,384,96.0,17.692562919542866
SOL,2021-12-13 20:00:00+00:00,2021-12-13 20:00:00+00:00,2021-12-15 19:15:00+00:00,1,153.1,142.7875130897589,175.31548708686535,175.31548708686535,alvo,2.154231785235399,2.133531631289558,189,47.25,10.312486910241091
SOL,2022-01-05 20:30:00+00:00,2022-01-05 20:30:00+00:00,2022-01-05 22:15:00+00:00,1,158.08,151.3318747795327,172.33645713045038,151.3318747795327,stop,-1.0,-1.0298034953466333,7,1.75,6.748125220467301
SOL,2022-01-05 23:45:00+00:00,2022-01-05 23:45:00+00:00,2022-01-06 04:15:00+00:00,1,155.57,147.83040102855142,171.46956186249733,147.83040102855142,stop,-1.0,-1.0254806820606686,18,4.5,7.739598971448572
SOL,2022-01-06 14:45:00+00:00,2022-01-06 14:45:00+00:00,2022-01-07 03:30:00+00:00,1,150.9,142.6262969858128,166.98662235268162,142.6262969858128,stop,-1.0,-1.0230600606177935,51,12.75,8.27370301418722
SOL,2022-01-07 12:45:00+00:00,2022-01-07 12:45:00+00:00,2022-01-10 14:30:00+00:00,1,141.66,132.86678508688573,160.70354666202212,132.86678508688573,stop,-1.0,-1.0202931933393717,295,73.75,8.79321491311427
SOL,2022-01-21 02:30:00+00:00,2022-01-21 02:30:00+00:00,2022-01-21 12:15:00+00:00,1,127.1,119.68483239858183,139.69203027188382,119.68483239858183,stop,-1.0,-1.021632706053522,39,9.75,7.415167601418162
SOL,2022-01-21 15:45:00+00:00,2022-01-21 15:45:00+00:00,2022-01-21 22:00:00+00:00,1,120.94,113.09630104214274,136.60481186267918,113.09630104214274,stop,-1.0,-1.0193943694798493,25,6.25,7.8436989578572565
SOL,2022-01-22 03:15:00+00:00,2022-01-22 03:15:00+00:00,2022-01-22 06:15:00+00:00,1,112.48,103.3112000954058,133.32893750092552,103.3112000954058,stop,-1.0,-1.0152979977228789,12,3.0,9.16879990459421
SOL,2022-01-23 00:30:00+00:00,2022-01-23 00:30:00+00:00,2022-01-24 08:00:00+00:00,1,97.21,85.97312841238039,122.8454989021467,85.97312841238039,stop,-1.0,-1.0105962796263717,126,31.5,11.236871587619603
SOL,2022-01-24 08:30:00+00:00,2022-01-24 08:30:00+00:00,2022-01-28 08:30:00+00:00,1,87.85,77.59444484147997,112.03313115781893,89.61,tempo,0.17161430783567547,0.16036684261150658,384,96.0,10.255555158520025
SOL,2022-02-12 07:00:00+00:00,2022-02-12 07:00:00+00:00,2022-02-16 07:00:00+00:00,1,94.71,88.11803038536057,107.99544206944864,103.09,tempo,1.2712437237862464,1.2517396897090152,384,96.0,6.591969614639424
SOL,2022-03-24 11:30:00+00:00,2022-03-24 11:30:00+00:00,2022-03-27 21:00:00+00:00,-1,100.42,105.56033880623441,91.0239464809,105.56033880623441,stop,-1.0,-1.0260463804568034,326,81.5,5.140338806234411
SOL,2022-03-28 06:15:00+00:00,2022-03-28 06:15:00+00:00,2022-03-29 13:00:00+00:00,-1,108.95,114.72400926535761,99.03449865914457,114.72400926535761,stop,-1.0,-1.025179749345878,123,30.75,5.774009265357606
SOL,2022-03-30 19:00:00+00:00,2022-03-30 19:00:00+00:00,2022-03-31 15:00:00+00:00,-1,121.43,129.62665822818147,106.61203102063747,129.62665822818147,stop,-1.0,-1.0199089462199673,80,20.0,8.196658228181462
SOL,2022-03-31 15:45:00+00:00,2022-03-31 15:45:00+00:00,2022-04-01 16:30:00+00:00,-1,126.48,135.2417311146138,110.67791965612211,135.2417311146138,stop,-1.0,-1.0194161545246185,99,24.75,8.761731114613795
SOL,2022-04-01 17:00:00+00:00,2022-04-01 17:00:00+00:00,2022-04-02 13:45:00+00:00,-1,133.07,143.4614576791821,114.89659010631212,143.4614576791821,stop,-1.0,-1.0172974238110564,83,20.75,10.39145767918211
SOL,2022-04-02 15:15:00+00:00,2022-04-02 15:15:00+00:00,2022-04-06 00:30:00+00:00,-1,139.03,149.5002095205956,120.43122008114173,120.43122008114173,alvo,1.7763522193393766,1.760244634030697,325,81.25,10.470209520595603
SOL,2022-04-11 22:30:00+00:00,2022-04-11 22:30:00+00:00,2022-04-15 22:30:00+00:00,1,100.53,94.30727213158922,113.18119800920152,100.78,tempo,0.04017530659971592,0.01914731007358501,384,96.0,6.222727868410786
SOL,2022-04-30 22:30:00+00:00,2022-04-30 22:30:00+00:00,2022-04-30 23:00:00+00:00,1,89.15,85.40430077772204,96.81702990418349,85.40430077772204,stop,-1.0,-1.0302908185555053,2,0.5,3.7456992222779633
SOL,2022-05-01 03:15:00+00:00,2022-05-01 03:15:00+00:00,2022-05-05 03:15:00+00:00,1,86.89,82.39869455175698,96.02334162387397,94.49,tempo,1.6921583462939653,1.6659082946422523,384,96.0,4.4913054482430255
SOL,2022-05-08 18:00:00+00:00,2022-05-08 18:00:00+00:00,2022-05-09 11:00:00+00:00,1,74.98,70.72437036299658,83.63663580803802,70.72437036299658,stop,-1.0,-1.0222547187641629,68,17.0,4.255629637003423
SOL,2022-05-09 12:00:00+00:00,2022-05-09 12:00:00+00:00,2022-05-09 16:45:00+00:00,1,72.19,67.90740639633327,81.52917703689066,67.90740639633327,stop,-1.0,-1.0212635899142166,19,4.75,4.282593603666726
SOL,2022-05-09 20:15:00+00:00,2022-05-09 20:15:00+00:00,2022-05-10 00:00:00+00:00,1,68.24,62.35886807733086,79.96714273438685,62.35886807733086,stop,-1.0,-1.0144341710688474,15,3.75,5.881131922669134
SOL,2022-05-10 00:45:00+00:00,2022-05-10 00:45:00+00:00,2022-05-11 12:45:00+00:00,1,65.1,58.32629198846223,78.95436021438498,58.32629198846223,stop,-1.0,-1.0118438954935536,144,36.0,6.773708011537764
SOL,2022-05-11 13:15:00+00:00,2022-05-11 13:15:00+00:00,2022-05-11 20:45:00+00:00,1,52.67,44.208718256566854,73.63163220724189,44.208718256566854,stop,-1.0,-1.007442272787529,30,7.5,8.461281743433148
SOL,2022-05-11 22:15:00+00:00,2022-05-11 22:15:00+00:00,2022-05-12 07:15:00+00:00,1,48.33,39.878950230420436,70.46351773225425,39.878950230420436,stop,-1.0,-1.0067844610093482,36,9.0,8.451049769579562
SOL,2022-05-12 07:30:00+00:00,2022-05-12 07:30:00+00:00,2022-05-16 07:30:00+00:00,1,44.24,35.15766194156072,66.92264685225456,53.93,tempo,1.0669058933559599,1.0598801143561674,384,96.0,9.082338058439284
SOL,2022-05-26 13:45:00+00:00,2022-05-26 13:45:00+00:00,2022-05-27 05:30:00+00:00,1,43.51,40.35723036591655,49.59508340636214,40.35723036591655,stop,-1.0,-1.0172907335659789,63,15.75,3.152769634083448
SOL,2022-05-27 06:45:00+00:00,2022-05-27 06:45:00+00:00,2022-05-30 21:30:00+00:00,1,41.1,37.87538084061673,48.208773916469866,48.208773916469866,alvo,2.204531315204819,2.186528971307313,347,86.75,3.2246191593832734
SOL,2022-06-02 04:45:00+00:00,2022-06-02 04:45:00+00:00,2022-06-04 02:30:00+00:00,1,39.06,36.41426532204265,44.55960295769261,36.41426532204265,stop,-1.0,-1.018542400667781,183,45.75,2.64573467795735
SOL,2022-06-04 04:15:00+00:00,2022-06-04 04:15:00+00:00,2022-06-06 03:45:00+00:00,1,36.91,34.410114714938935,41.82089367750366,41.82089367750366,alvo,1.9644476115965908,1.943976639909933,190,47.5,2.499885285061062
SOL,2022-06-11 15:15:00+00:00,2022-06-11 15:15:00+00:00,2022-06-12 02:30:00+00:00,1,34.21,31.95614981037046,39.031240973880024,31.95614981037046,stop,-1.0,-1.0190820124490216,45,11.25,2.253850189629542
SOL,2022-06-12 08:00:00+00:00,2022-06-12 08:00:00+00:00,2022-06-13 00:00:00+00:00,1,33.14,30.643092501394616,37.70876329173685,30.643092501394616,stop,-1.0,-1.0166041433849924,64,16.0,2.4969074986053847
SOL,2022-06-13 15:45:00+00:00,2022-06-13 15:45:00+00:00,2022-06-15 22:15:00+00:00,1,28.17,25.296145688237342,34.63205138699638,34.63205138699638,alvo,2.2485661018191703,2.234361716706652,218,54.5,2.87385431176266
SOL,2022-07-19 00:30:00+00:00,2022-07-19 00:30:00+00:00,2022-07-23 00:30:00+00:00,-1,44.04,47.40855336621261,38.398801713845025,40.89,tempo,0.9351195179495291,0.9187313257499593,384,96.0,3.368553366212609
SOL,2022-08-13 03:30:00+00:00,2022-08-13 03:30:00+00:00,2022-08-17 03:30:00+00:00,-1,47.18,49.860418128914034,42.43317737426086,43.98,tempo,1.1938435893568873,1.1717373368432145,384,96.0,2.6804181289140345
SOL,2022-08-19 02:15:00+00:00,2022-08-19 02:15:00+00:00,2022-08-19 06:45:00+00:00,1,38.19,36.16855602345845,42.53653823338177,36.16855602345845,stop,-1.0,-1.023910166186223,18,4.5,2.0214439765415477
SOL,2022-08-19 14:30:00+00:00,2022-08-19 14:30:00+00:00,2022-08-20 19:15:00+00:00,1,36.84,34.62023530527598,41.570700111381846,34.62023530527598,stop,-1.0,-1.0209252598074159,115,28.75,2.21976469472402
SOL,2022-08-20 20:30:00+00:00,2022-08-20 20:30:00+00:00,2022-08-24 20:30:00+00:00,1,35.13,32.920391241279155,39.709706784570706,35.85,tempo,0.3258495410820195,0.3049693740307679,384,96.0,2.2096087587208473
SOL,2022-08-27 05:30:00+00:00,2022-08-27 05:30:00+00:00,2022-08-31 05:30:00+00:00,1,31.56,29.754355152783816,35.17784805337195,32.46,tempo,0.4984368888419887,0.47539082855823134,384,96.0,1.8056448472161826
SOL,2022-09-12 11:15:00+00:00,2022-09-12 11:15:00+00:00,2022-09-13 19:00:00+00:00,-1,37.78,39.85592038398703,34.107113068243706,34.107113068243706,alvo,1.7692812114027774,1.7467723407087026,127,31.75,2.0759203839870324
SOL,2022-10-13 08:30:00+00:00,2022-10-13 08:30:00+00:00,2022-10-13 10:30:00+00:00,1,29.71,28.628475601565174,31.91588194709654,28.628475601565174,stop,-1.0,-1.0350616307832674,8,2.0,1.0815243984348264
SOL,2022-10-13 12:30:00+00:00,2022-10-13 12:30:00+00:00,2022-10-13 12:45:00+00:00,1,29.59,28.305909479694208,31.757414896056606,28.305909479694208,stop,-1.0,-1.0293066108398958,1,0.25,1.2840905203057922
SOL,2022-10-13 13:00:00+00:00,2022-10-13 13:00:00+00:00,2022-10-14 02:00:00+00:00,1,28.54,27.016339752650953,31.73185504154132,31.73185504154132,alvo,2.0948600891141567,2.0691478571089155,52,13.0,1.5236602473490457
SOL,2022-10-21 09:30:00+00:00,2022-10-21 09:30:00+00:00,2022-10-25 09:30:00+00:00,1,27.54,26.430567315549776,29.650511415751374,28.25,tempo,0.6399667234897086,0.6072801977470762,384,96.0,1.1094326844502227
SOL,2022-10-25 19:45:00+00:00,2022-10-25 19:45:00+00:00,2022-10-29 03:30:00+00:00,-1,31.4,32.83850268559188,28.775610137163213,32.83850268559188,stop,-1.0,-1.0290267283918586,319,79.75,1.438502685591878
SOL,2022-11-05 17:00:00+00:00,2022-11-05 17:00:00+00:00,2022-11-06 23:15:00+00:00,-1,37.7,40.71418512997145,32.693785097685875,32.693785097685875,alvo,1.6608850108558377,1.6457048018306777,121,30.25,3.0141851299714446
SOL,2022-11-08 04:30:00+00:00,2022-11-08 04:30:00+00:00,2022-11-08 05:30:00+00:00,1,27.59,24.84072354636777,32.7659553917539,24.84072354636777,stop,-1.0,-1.0123959779527134,4,1.0,2.7492764536322305
SOL,2022-11-08 05:45:00+00:00,2022-11-08 05:45:00+00:00,2022-11-08 18:15:00+00:00,1,26.28,23.47846945856416,32.63959765788007,23.47846945856416,stop,-1.0,-1.011544762646596,50,12.5,2.8015305414358416
SOL,2022-11-08 19:45:00+00:00,2022-11-08 19:45:00+00:00,2022-11-09 08:15:00+00:00,1,21.82,17.796147965540033,31.552747053293597,17.796147965540033,stop,-1.0,-1.0063994639855232,50,12.5,4.023852034459967
SOL,2022-11-09 12:00:00+00:00,2022-11-09 12:00:00+00:00,2022-11-09 16:00:00+00:00,1,17.44,13.422658093064635,28.59793416177254,13.422658093064635,stop,-1.0,-1.0049935325957344,16,4.0,4.017341906935366
SOL,2022-11-10 00:15:00+00:00,2022-11-10 00:15:00+00:00,2022-11-14 00:15:00+00:00,1,12.38,8.62816098969299,25.053051783721944,13.178,tempo,0.21269569344733164,0.20826781155944632,384,96.0,3.7518390103070107
SOL,2022-12-17 02:45:00+00:00,2022-12-17 02:45:00+00:00,2022-12-21 02:45:00+00:00,1,12.12,11.417342951445793,13.605965946423943,12.183,tempo,0.08965967128577162,0.06717793566168026,384,96.0,0.7026570485542063
SOL,2022-12-27 16:15:00+00:00,2022-12-27 16:15:00+00:00,2022-12-28 05:30:00+00:00,1,10.772,10.404345303297278,11.532293068824652,10.404345303297278,stop,-1.0,-1.0374390006998142,53,13.25,0.3676546967027221
SOL,2022-12-28 07:30:00+00:00,2022-12-28 07:30:00+00:00,2022-12-28 21:45:00+00:00,1,10.104,9.519538463122613,11.373478438184884,9.519538463122613,stop,-1.0,-1.0218240195397248,57,14.25,0.5844615368773862
SOL,2022-12-28 23:15:00+00:00,2022-12-28 23:15:00+00:00,2022-12-29 18:30:00+00:00,1,9.774,9.17533642791406,11.064501241714739,9.17533642791406,stop,-1.0,-1.0205742745215438,77,19.25,0.5986635720859397
SOL,2022-12-29 22:45:00+00:00,2022-12-29 22:45:00+00:00,2023-01-01 00:00:00+00:00,1,8.974,8.229551671622147,10.53477525383071,9.968,fim_dados,1.3352169144713075,1.3186780903102964,197,49.25,0.7444483283778531
BNB,2020-09-13 10:30:00+00:00,2020-09-13 10:30:00+00:00,2020-09-17 10:30:00+00:00,-1,30.526,33.598146043375976,25.220841532992345,26.401,tempo,1.3427096048686031,1.3306650765559653,384,96.0,3.0721460433759766
BNB,2020-10-12 09:45:00+00:00,2020-10-12 09:45:00+00:00,2020-10-13 03:30:00+00:00,-1,30.25,31.366023782405446,28.27623494977383,31.366023782405446,stop,-1.0,-1.0358867042888997,71,17.75,1.1160237824054455
BNB,2020-10-13 04:00:00+00:00,2020-10-13 04:00:00+00:00,2020-10-17 04:00:00+00:00,-1,31.262,32.56862827808269,28.807424205604377,30.317,tempo,0.7232355336642999,0.6926022229734173,384,96.0,1.306628278082691
BNB,2020-10-30 07:45:00+00:00,2020-10-30 07:45:00+00:00,2020-11-03 02:45:00+00:00,1,28.079,26.870511073333265,30.405236822219244,26.870511073333265,stop,-1.0,-1.0295552415992608,364,91.0,1.2084889266667354
BNB,2020-11-03 05:15:00+00:00,2020-11-03 05:15:00+00:00,2020-11-06 07:45:00+00:00,1,26.45,25.250166254256687,28.79190684361798,28.79190684361798,alvo,1.951859457134321,1.9219326113727804,298,74.5,1.1998337457433124
BNB,2020-11-22 01:00:00+00:00,2020-11-22 01:00:00+00:00,2020-11-24 01:00:00+00:00,-1,30.607,31.964373314099017,28.670049463890376,31.964373314099017,stop,-1.0,-1.029963306506553,192,48.0,1.3573733140990178
BNB,2020-11-24 04:00:00+00:00,2020-11-24 04:00:00+00:00,2020-11-24 08:45:00+00:00,-1,33.068,34.984336848874015,29.628987452872536,34.984336848874015,stop,-1.0,-1.0230825906091399,19,4.75,1.9163368488740176
BNB,2020-11-24 09:30:00+00:00,2020-11-24 09:30:00+00:00,2020-11-26 03:15:00+00:00,-1,33.667,36.114836620781624,29.908076704121427,29.908076704121427,alvo,1.5356103687501443,1.5187286048665385,167,41.75,2.4478366207816222
BNB,2020-12-19 14:30:00+00:00,2020-12-19 14:30:00+00:00,2020-12-19 18:00:00+00:00,-1,32.894,34.31411091290583,30.345769573620252,34.31411091290583,stop,-1.0,-1.0307618733835373,14,3.5,1.4201109129058338
BNB,2020-12-19 22:30:00+00:00,2020-12-19 22:30:00+00:00,2020-12-20 09:15:00+00:00,-1,33.401,34.924806384193836,30.704789818936526,34.924806384193836,stop,-1.0,-1.0291452868359139,43,10.75,1.5238063841938327
BNB,2020-12-20 18:00:00+00:00,2020-12-20 18:00:00+00:00,2020-12-21 12:30:00+00:00,-1,34.801,36.604497429089456,31.522241803224546,31.522241803224546,alvo,1.8179999283008843,1.794096313869972,74,18.5,1.8034974290894539
BNB,2020-12-29 04:15:00+00:00,2020-12-29 04:15:00+00:00,2021-01-02 04:15:00+00:00,-1,38.441,41.08186302822856,33.82030828028745,37.427,tempo,0.38396538902669825,0.36529187227369986,384,96.0,2.6408630282285586
BNB,2021-01-04 07:00:00+00:00,2021-01-04 07:00:00+00:00,2021-01-04 11:45:00+00:00,-1,42.262,44.90343575016682,38.095677786622176,38.095677786622176,alvo,1.5772945501758653,1.5575202700109945,19,4.75,2.6414357501668206
BNB,2021-02-01 12:30:00+00:00,2021-02-01 12:30:00+00:00,2021-02-01 22:00:00+00:00,-1,48.309,50.965399191709054,43.45922076251029,50.965399191709054,stop,-1.0,-1.0242916650765486,38,9.5,2.656399191709056
BNB,2021-02-02 01:15:00+00:00,2021-02-02 01:15:00+00:00,2021-02-04 13:00:00+00:00,-1,50.683,54.15082773254352,44.4407417342321,54.15082773254352,stop,-1.0,-1.019649761545731,239,59.75,3.467827732543519
BNB,2021-02-04 20:30:00+00:00,2021-02-04 20:30:00+00:00,2021-02-05 09:30:00+00:00,-1,55.476,59.103224806364494,48.93665318087514,59.103224806364494,stop,-1.0,-1.020532638614915,52,13.0,3.627224806364495
BNB,2021-02-07 03:45:00+00:00,2021-02-07 03:45:00+00:00,2021-02-08 20:15:00+00:00,-1,69.728,76.78268470177377,57.74529585375473,76.78268470177377,stop,-1.0,-1.0134991072006674,162,40.5,7.05468470177378
BNB,2021-02-08 20:30:00+00:00,2021-02-08 20:30:00+00:00,2021-02-09 05:15:00+00:00,-1,76.588,84.7740492521233,63.237212357368634,84.7740492521233,stop,-1.0,-1.0128126925191263,35,8.75,8.186049252123311
BNB,2021-02-11 07:30:00+00:00,2021-02-11 07:30:00+00:00,2021-02-15 07:30:00+00:00,-1,124.292,147.64246369068073,88.71350340332376,130.764,tempo,-0.27716794346071216,-0.28426786242575464,384,96.0,23.350463690680726
BNB,2021-02-17 23:30:00+00:00,2021-02-17 23:30:00+00:00,2021-02-18 08:15:00+00:00,-1,160.814,181.31807990482892,129.44172728909174,181.31807990482892,stop,-1.0,-1.010845931783838,35,8.75,20.504079904828927
BNB,2021-02-20 15:00:00+00:00,2021-02-20 15:00:00+00:00,2021-02-23 09:15:00+00:00,-1,270.247,326.572299104737,193.65172561706095,193.65172561706095,alvo,1.3598733712982158,1.3545199301901556,265,66.25,56.325299104736985
BNB,2021-03-10 01:15:00+00:00,2021-03-10 01:15:00+00:00,2021-03-11 14:15:00+00:00,-1,283.412,307.8566075231894,242.60729918456943,307.8566075231894,stop,-1.0,-1.015722264901389,148,37.0,24.444607523189404
BNB,2021-03-11 14:30:00+00:00,2021-03-11 14:30:00+00:00,2021-03-12 13:15:00+00:00,-1,309.095,340.72907594543244,258.493112531375,258.493112531375,alvo,1.5996006191523142,1.5879381235010492,91,22.75,31.634075945432414
BNB,2021-03-30 15:00:00+00:00,2021-03-30 15:00:00+00:00,2021-04-01 08:30:00+00:00,-1,301.388,321.5144173479417,267.2516096661015,321.5144173479417,stop,-1.0,-1.0201171705960659,166,41.5,20.126417347941697
BNB,2021-04-01 15:00:00+00:00,2021-04-01 15:00:00+00:00,2021-04-02 01:15:00+00:00,-1,327.98,351.1403877972941,286.56297294480925,351.1403877972941,stop,-1.0,-1.0190596226596782,41,10.25,23.160387797294106
BNB,2021-04-02 12:15:00+00:00,2021-04-02 12:15:00+00:00,2021-04-05 11:30:00+00:00,-1,340.78,366.1384274607317,300.04538297019843,366.1384274607317,stop,-1.0,-1.018120089605754,285,71.25,25.35842746073172
BNB,2021-04-06 06:15:00+00:00,2021-04-06 06:15:00+00:00,2021-04-06 22:45:00+00:00,-1,383.008,411.3930529973781,336.5627989537788,411.3930529973781,stop,-1.0,-1.0181912883691284,66,16.5,28.385052997378125
BNB,2021-04-07 00:00:00+00:00,2021-04-07 00:00:00+00:00,2021-04-09 11:45:00+00:00,-1,403.499,434.89078244006,348.6186646437634,434.89078244006,stop,-1.0,-1.0173597456476573,239,59.75,31.391782440059956
BNB,2021-04-10 00:45:00+00:00,2021-04-10 00:45:00+00:00,2021-04-11 15:15:00+00:00,-1,456.327,494.2804471473184,389.6079953095538,494.2804471473184,stop,-1.0,-1.016280335176074,154,38.5,37.9534471473184
BNB,2021-04-11 16:30:00+00:00,2021-04-11 16:30:00+00:00,2021-04-12 03:15:00+00:00,-1,493.855,533.5709789911011,424.548657125766,533.5709789911011,stop,-1.0,-1.0168150679728643,43,10.75,39.71597899110111
BNB,2021-04-12 10:45:00+00:00,2021-04-12 10:45:00+00:00,2021-04-12 20:45:00+00:00,-1,547.865,611.13540666055,448.56026049647284,611.13540666055,stop,-1.0,-1.011906834554915,40,10.0,63.27040666054995
BNB,2021-04-13 02:00:00+00:00,2021-04-13 02:00:00+00:00,2021-04-17 02:00:00+00:00,-1,588.23,657.5940968827603,473.1696916354452,518.703,tempo,1.0023485221398492,0.9919756277703583,384,96.0,69.36409688276024
BNB,2021-05-19 07:45:00+00:00,2021-05-19 07:45:00+00:00,2021-05-19 11:30:00+00:00,1,437.38,390.9087823191406,546.7176098233482,390.9087823191406,stop,-1.0,-1.011585401359715,15,3.75,46.47121768085941
BNB,2021-05-19 13:45:00+00:00,2021-05-19 13:45:00+00:00,2021-05-20 00:45:00+00:00,1,391.67,305.45254282198687,532.7136238306583,305.45254282198687,stop,-1.0,-1.0052556601373515,44,11.0,86.21745717801315
BNB,2021-05-23 17:00:00+00:00,2021-05-23 17:00:00+00:00,2021-05-25 00:30:00+00:00,1,224.07,176.72648761332263,359.81513210677974,359.81513210677974,alvo,2.867238302855175,2.859221885890383,126,31.5,47.34351238667736
BNB,2021-06-20 12:45:00+00:00,2021-06-20 12:45:00+00:00,2021-06-21 11:15:00+00:00,1,313.49,298.35802229983227,345.80468847661297,298.35802229983227,stop,-1.0,-1.0262821702737828,90,22.5,15.131977700167738
BNB,2021-06-21 11:45:00+00:00,2021-06-21 11:45:00+00:00,2021-06-21 22:00:00+00:00,1,300.11,280.00468059820184,339.92726009672515,280.00468059820184,stop,-1.0,-1.0187549640397708,41,10.25,20.10531940179817
BNB,2021-06-21 22:30:00+00:00,2021-06-21 22:30:00+00:00,2021-06-22 00:30:00+00:00,1,285.73,263.9190661677144,333.63396878562105,263.9190661677144,stop,-1.0,-1.016380403322308,8,2.0,21.810933832285627
BNB,2021-06-22 01:15:00+00:00,2021-06-22 01:15:00+00:00,2021-06-22 10:30:00+00:00,1,281.31,256.48809830165385,331.03196615363873,256.48809830165385,stop,-1.0,-1.014083077442828,37,9.25,24.821901698346153
BNB,2021-06-22 10:45:00+00:00,2021-06-22 10:45:00+00:00,2021-06-22 12:30:00+00:00,1,268.46,243.25942962969285,323.6900547001974,243.25942962969285,stop,-1.0,-1.0131988135336496,7,1.75,25.200570370307133
BNB,2021-06-22 15:30:00+00:00,2021-06-22 15:30:00+00:00,2021-06-26 15:30:00+00:00,1,257.83,230.28548080046122,317.79751016647884,271.16,tempo,0.4839438257547531,0.47146063454313236,384,96.0,27.54451919953877
BNB,2021-07-20 07:15:00+00:00,2021-07-20 07:15:00+00:00,2021-07-21 16:45:00+00:00,1,266.82,251.97932846970508,298.22809057334587,298.22809057334587,alvo,2.116352384003053,2.091604092921822,134,33.5,14.840671530294912
BNB,2021-08-11 06:45:00+00:00,2021-08-11 06:45:00+00:00,2021-08-11 20:30:00+00:00,-1,386.73,406.39015938501274,351.2790877637131,406.39015938501274,stop,-1.0,-1.0262219696953858,55,13.75,19.66015938501272
BNB,2021-08-11 22:15:00+00:00,2021-08-11 22:15:00+00:00,2021-08-14 07:30:00+00:00,-1,395.62,416.3173991741947,359.5141216594818,416.3173991741947,stop,-1.0,-1.0254988225825605,229,57.25,20.697399174194686
BNB,2021-08-23 08:45:00+00:00,2021-08-23 08:45:00+00:00,2021-08-26 00:45:00+00:00,-1,484.43,511.15557358675903,436.9648372524731,511.15557358675903,stop,-1.0,-1.0242139095997553,256,64.0,26.725573586759026
BNB,2021-09-07 15:30:00+00:00,2021-09-07 15:30:00+00:00,2021-09-11 15:30:00+00:00,1,400.88,359.10549671162937,489.6534183464358,412.67,tempo,0.2822295676052281,0.26957094910892604,384,96.0,41.774503288370624
BNB,2021-09-20 13:30:00+00:00,2021-09-20 13:30:00+00:00,2021-09-21 00:30:00+00:00,1,370.42,351.45991509650645,409.69899755592274,351.45991509650645,stop,-1.0,-1.024747882048053,44,11.0,18.960084903493566
BNB,2021-09-21 01:45:00+00:00,2021-09-21 01:45:00+00:00,2021-09-21 21:30:00+00:00,1,362.08,340.9216037099771,402.325001007542,340.9216037099771,stop,-1.0,-1.0215966766170723,79,19.75,21.158396290022893
BNB,2021-09-21 21:30:00+00:00,2021-09-21 21:30:00+00:00,2021-09-25 21:30:00+00:00,1,349.16,329.10550916713066,392.566944646792,346.67,tempo,-0.12416171623359755,-0.14671474456871222,384,96.0,20.054490832869362
BNB,2021-10-01 12:45:00+00:00,2021-10-01 12:45:00+00:00,2021-10-02 19:45:00+00:00,-1,411.27,437.3700509329325,365.4438184040985,437.3700509329325,stop,-1.0,-1.021134672668795,124,31.0,26.100050932932504
BNB,2021-10-02 23:30:00+00:00,2021-10-02 23:30:00+00:00,2021-10-06 23:30:00+00:00,-1,429.56,454.7037665438024,387.1369884502623,435.53,tempo,-0.23743459396187808,-0.2597983276936726,384,96.0,25.14376654380237
BNB,2021-11-05 05:45:00+00:00,2021-11-05 05:45:00+00:00,2021-11-05 10:15:00+00:00,-1,587.07,612.1946577179134,541.6379896211723,612.1946577179134,stop,-1.0,-1.031026175013754,18,4.5,25.12465771791335
BNB,2021-11-05 15:45:00+00:00,2021-11-05 15:45:00+00:00,2021-11-06 20:15:00+00:00,-1,598.25,625.1356126740983,549.0925136120802,625.1356126740983,stop,-1.0,-1.0295771815906678,114,28.5,26.885612674098297
BNB,2021-11-07 23:00:00+00:00,2021-11-07 23:00:00+00:00,2021-11-10 21:30:00+00:00,-1,645.85,674.7913369281488,594.6433617339646,594.6433617339646,alvo,1.769325252429202,1.74146473281572,282,70.5,28.941336928148758
BNB,2021-11-18 17:30:00+00:00,2021-11-18 17:30:00+00:00,2021-11-20 22:30:00+00:00,1,531.27,499.00701779661955,599.8793939259596,599.8793939259596,alvo,2.126567020167493,2.103777834052676,212,53.0,32.26298220338043
BNB,2021-12-04 06:00:00+00:00,2021-12-04 06:00:00+00:00,2021-12-08 06:00:00+00:00,1,538.46,501.62349373369784,611.4782937318494,571.31,tempo,0.891778383175575,0.8721958935989268,384,96.0,36.836506266302194
BNB,2022-01-05 21:15:00+00:00,2022-01-05 21:15:00+00:00,2022-01-05 22:30:00+00:00,1,487.82,471.8348321124821,518.0280625861687,471.8348321124821,stop,-1.0,-1.039022151363214,5,1.25,15.985167887517889
BNB,2022-01-06 14:45:00+00:00,2022-01-06 14:45:00+00:00,2022-01-07 03:45:00+00:00,1,470.91,452.809155064817,506.4861251602636,452.809155064817,stop,-1.0,-1.0331706863929366,52,13.0,18.100844935183034
BNB,2022-01-07 09:15:00+00:00,2022-01-07 09:15:00+00:00,2022-01-08 18:00:00+00:00,1,455.11,435.3128697331976,496.28357563768964,435.3128697331976,stop,-1.0,-1.0292352910511036,131,32.75,19.797130266802412
BNB,2022-01-08 21:45:00+00:00,2022-01-08 21:45:00+00:00,2022-01-10 14:30:00+00:00,1,430.78,409.4845739303452,475.8491932238746,409.4845739303452,stop,-1.0,-1.0256473841503928,163,40.75,21.295426069654752
BNB,2022-01-10 14:45:00+00:00,2022-01-10 14:45:00+00:00,2022-01-11 08:15:00+00:00,1,417.64,397.1968441103466,457.41883059114923,457.41883059114923,alvo,1.9458263100797448,1.9180033925735431,70,17.5,20.443155889653383
BNB,2022-01-21 02:30:00+00:00,2022-01-21 02:30:00+00:00,2022-01-21 12:45:00+00:00,1,433.09,414.0474656534802,469.6810307636609,414.0474656534802,stop,-1.0,-1.02891628512543,41,10.25,19.0425343465198
BNB,2022-01-21 15:45:00+00:00,2022-01-21 15:45:00+00:00,2022-01-21 21:45:00+00:00,1,421.25,401.84455566398134,461.4302890805138,401.84455566398134,stop,-1.0,-1.0275701731904456,24,6.0,19.40544433601866
BNB,2022-01-23 00:30:00+00:00,2022-01-23 00:30:00+00:00,2022-01-24 13:00:00+00:00,1,364.75,337.7088608863673,425.4102165827988,337.7088608863673,stop,-1.0,-1.016885318982215,146,36.5,27.04113911363271
BNB,2022-01-24 14:30:00+00:00,2022-01-24 14:30:00+00:00,2022-01-26 19:15:00+00:00,1,343.1,317.62267201383963,400.0804885810347,400.0804885810347,alvo,2.23651744845406,2.2175567741698465,211,52.75,25.47732798616039
BNB,2022-02-05 14:30:00+00:00,2022-02-05 14:30:00+00:00,2022-02-07 15:00:00+00:00,-1,418.64,437.17539396330676,384.8719513700986,437.17539396330676,stop,-1.0,-1.0300117713806018,194,48.5,18.535393963306774
BNB,2022-02-07 15:15:00+00:00,2022-02-07 15:15:00+00:00,2022-02-11 15:15:00+00:00,-1,435.25,453.22506278409605,401.72384697148584,415.09,tempo,1.1215538016277282,1.090804479267139,384,96.0,17.975062784096053
BNB,2022-02-21 13:45:00+00:00,2022-02-21 13:45:00+00:00,2022-02-22 03:15:00+00:00,1,366.7,351.7512374720291,397.62942965316313,351.7512374720291,stop,-1.0,-1.0312395961527263,54,13.5,14.948762527970871
BNB,2022-02-22 04:15:00+00:00,2022-02-22 04:15:00+00:00,2022-02-24 04:30:00+00:00,1,355.1,337.4587775916539,391.40459166429923,337.4587775916539,stop,-1.0,-1.0255176877777814,193,48.25,17.641222408346096
BNB,2022-02-24 04:45:00+00:00,2022-02-24 04:45:00+00:00,2022-02-26 00:45:00+00:00,1,339.01,320.06494191837476,380.0594757219276,380.0594757219276,alvo,2.166764311044334,2.142093224938107,176,44.0,18.945058081625234
BNB,2022-03-01 09:15:00+00:00,2022-03-01 09:15:00+00:00,2022-03-04 22:30:00+00:00,-1,411.12,434.8708148371935,374.86840797066105,374.86840797066105,alvo,1.5263304555163884,1.5048199318277073,341,85.25,23.750814837193502
BNB,2022-03-28 06:15:00+00:00,2022-03-28 06:15:00+00:00,2022-03-30 16:15:00+00:00,-1,431.89,443.9007119847188,412.05834230871704,443.9007119847188,stop,-1.0,-1.0473963544804288,232,58.0,12.010711984718796
BNB,2022-04-11 16:45:00+00:00,2022-04-11 16:45:00+00:00,2022-04-14 01:30:00+00:00,1,398.95,385.8803459942827,425.4288742413755,425.4288742413755,alvo,2.0259812715617764,1.9849820019542956,227,56.75,13.069654005717268
BNB,2022-04-25 09:45:00+00:00,2022-04-25 09:45:00+00:00,2022-04-26 00:45:00+00:00,1,386.38,376.03680900601967,406.48664174985737,406.48664174985737,alvo,1.9439495762535286,1.8941232395420298,60,15.0,10.343190993980329
BNB,2022-05-09 07:00:00+00:00,2022-05-09 07:00:00+00:00,2022-05-09 11:00:00+00:00,1,345.57,332.11902351135353,373.44895344532705,332.11902351135353,stop,-1.0,-1.032748393074227,16,4.0,13.450976488646461
BNB,2022-05-10 02:45:00+00:00,2022-05-10 02:45:00+00:00,2022-05-11 12:45:00+00:00,1,312.26,290.8182311052709,359.1079642909781,290.8182311052709,stop,-1.0,-1.0182821133901312,136,34.0,21.44176889472908
BNB,2022-05-11 13:30:00+00:00,2022-05-11 13:30:00+00:00,2022-05-12 03:30:00+00:00,1,284.81,259.0411338751067,341.3049806673726,259.0411338751067,stop,-1.0,-1.0137182301815495,56,14.0,25.768866124893293
BNB,2022-05-12 08:15:00+00:00,2022-05-12 08:15:00+00:00,2022-05-16 08:15:00+00:00,1,252.14,221.66726525002062,321.58431362651606,294.42,tempo,1.387469826613729,1.3758114046534144,384,96.0,30.472734749979367
BNB,2022-06-11 16:00:00+00:00,2022-06-11 16:00:00+00:00,2022-06-12 02:45:00+00:00,1,268.42,257.08584759047966,290.270693624754,257.08584759047966,stop,-1.0,-1.0301371279114702,43,10.75,11.334152409520357
BNB,2022-06-12 08:00:00+00:00,2022-06-12 08:00:00+00:00,2022-06-13 01:00:00+00:00,1,258.42,245.7073401112096,284.80505795976245,245.7073401112096,stop,-1.0,-1.0257760983097821,68,17.0,12.712659888790427
BNB,2022-06-13 16:15:00+00:00,2022-06-13 16:15:00+00:00,2022-06-14 01:30:00+00:00,1,229.54,212.04834069958676,268.82704538531084,212.04834069958676,stop,-1.0,-1.0164096736921895,37,9.25,17.491659300413232
BNB,2022-06-14 04:00:00+00:00,2022-06-14 04:00:00+00:00,2022-06-15 08:15:00+00:00,1,221.44,202.89594539015164,260.743529794407,202.89594539015164,stop,-1.0,-1.0148736816357906,113,28.25,18.54405460984836
BNB,2022-06-15 10:30:00+00:00,2022-06-15 10:30:00+00:00,2022-06-18 20:15:00+00:00,1,204.83,187.22251996474915,244.8175634974433,187.22251996474915,stop,-1.0,-1.0144730613050192,327,81.75,17.60748003525086
BNB,2022-06-18 21:00:00+00:00,2022-06-18 21:00:00+00:00,2022-06-21 05:45:00+00:00,1,187.56,172.34776817374927,221.2842010225384,221.2842010225384,alvo,2.2169134291223997,2.1994440180787116,227,56.75,15.21223182625073
BNB,2022-07-19 20:00:00+00:00,2022-07-19 20:00:00+00:00,2022-07-23 20:00:00+00:00,-1,271.1,283.6006710516532,249.33536919989183,255.45,tempo,1.251932791074474,1.2245536608993193,384,96.0,12.500671051653171
BNB,2022-07-29 11:15:00+00:00,2022-07-29 11:15:00+00:00,2022-07-29 18:15:00+00:00,-1,287.11,301.3093578092482,262.8686917748654,301.3093578092482,stop,-1.0,-1.026935907082143,28,7.0,14.19935780924817
BNB,2022-07-29 20:30:00+00:00,2022-07-29 20:30:00+00:00,2022-08-02 20:30:00+00:00,-1,295.27,310.92905964949836,266.42752124967626,286.89,tempo,0.5351534630796583,0.5109882827642412,384,96.0,15.659059649498374
BNB,2022-08-19 16:00:00+00:00,2022-08-19 16:00:00+00:00,2022-08-23 16:00:00+00:00,1,283.75,272.1725370066212,308.23299970766305,297.92,tempo,1.2239296301878844,1.1912726050506648,384,96.0,11.577462993378788
BNB,2022-10-26 00:00:00+00:00,2022-10-26 00:00:00+00:00,2022-10-26 09:15:00+00:00,-1,284.05,289.97546366957215,273.61211017742295,289.97546366957215,stop,-1.0,-1.0629683299386703,37,9.25,5.925463669572139
BNB,2022-10-26 12:30:00+00:00,2022-10-26 12:30:00+00:00,2022-10-28 13:45:00+00:00,-1,287.33,293.6183778620789,275.7310140441498,293.6183778620789,stop,-1.0,-1.0600498974286372,197,49.25,6.288377862078903
BNB,2022-10-28 19:15:00+00:00,2022-10-28 19:15:00+00:00,2022-10-29 04:15:00+00:00,-1,297.74,305.593589831733,283.1009196742847,305.593589831733,stop,-1.0,-1.0499347230747966,36,9.0,7.853589831733018
BNB,2022-10-29 07:15:00+00:00,2022-10-29 07:15:00+00:00,2022-10-30 07:15:00+00:00,-1,301.41,309.7353186486319,285.65558158641267,309.7353186486319,stop,-1.0,-1.0477152255531854,96,24.0,8.325318648631878
BNB,2022-10-30 09:00:00+00:00,2022-10-30 09:00:00+00:00,2022-10-31 09:45:00+00:00,-1,312.7,324.2753419869043,291.5053610022802,324.2753419869043,stop,-1.0,-1.0357686168374034,99,24.75,11.575341986904334
BNB,2022-10-31 10:15:00+00:00,2022-10-31 10:15:00+00:00,2022-11-04 01:15:00+00:00,-1,325.21,341.01974657085884,297.60987202462314,341.01974657085884,stop,-1.0,-1.0273912888691885,348,87.0,15.809746570858863
BNB,2022-11-04 15:00:00+00:00,2022-11-04 15:00:00+00:00,2022-11-08 04:30:00+00:00,-1,356.78,375.4462005362481,322.43677147910626,322.43677147910626,alvo,1.839861757308465,1.8162098683981278,342,85.5,18.66620053624814
BNB,2022-12-13 05:00:00+00:00,2022-12-13 05:00:00+00:00,2022-12-13 07:00:00+00:00,1,269.06,261.0994777344003,284.7920161206131,261.0994777344003,stop,-1.0,-1.0432890769009613,8,2.0,7.960522265599707
BNB,2022-12-13 08:30:00+00:00,2022-12-13 08:30:00+00:00,2022-12-15 22:15:00+00:00,1,266.88,257.49841604420135,283.75898396691144,257.49841604420135,stop,-1.0,-1.0363313883918353,247,61.75,9.381583955798646
BNB,2022-12-16 10:45:00+00:00,2022-12-16 10:45:00+00:00,2022-12-16 22:45:00+00:00,1,249.74,239.00736483526038,271.8430161632925,239.00736483526038,stop,-1.0,-1.0295999800856575,48,12.0,10.732635164739634
BNB,2022-12-17 07:45:00+00:00,2022-12-17 07:45:00+00:00,2022-12-21 07:45:00+00:00,1,236.02,221.45511171916357,262.4941858005233,248.14,tempo,0.8321382056837816,0.8105311741754062,384,96.0,14.564888280836442
XRP,2020-09-24 00:30:00+00:00,2020-09-24 00:30:00+00:00,2020-09-25 12:00:00+00:00,1,0.223,0.2151220956063772,0.2377928239566945,0.2377928239566945,alvo,1.8777612950811333,1.8397416237819602,142,35.5,0.007877904393622792
XRP,2020-11-17 01:45:00+00:00,2020-11-17 01:45:00+00:00,2020-11-18 00:15:00+00:00,-1,0.2935,0.3079816943849511,0.26765901748528736,0.3079816943849511,stop,-1.0,-1.0269970551067902,90,22.5,0.014481694384951116
XRP,2020-11-18 00:45:00+00:00,2020-11-18 00:45:00+00:00,2020-11-20 17:00:00+00:00,-1,0.3043,0.3204008500863991,0.27641104103152603,0.3204008500863991,stop,-1.0,-1.0252195101735135,257,64.25,0.01610085008639911
XRP,2020-11-21 04:15:00+00:00,2020-11-21 04:15:00+00:00,2020-11-21 06:15:00+00:00,-1,0.3349,0.3568941209400028,0.29529638383209106,0.3568941209400028,stop,-1.0,-1.020444835228361,8,2.0,0.021994120940002804
XRP,2020-11-22 01:45:00+00:00,2020-11-22 01:45:00+00:00,2020-11-22 20:15:00+00:00,-1,0.4182,0.48032499308449816,0.32068228980258257,0.48032499308449816,stop,-1.0,-1.0094010673725236,74,18.5,0.06212499308449815
XRP,2020-11-22 21:00:00+00:00,2020-11-22 21:00:00+00:00,2020-11-23 14:30:00+00:00,-1,0.4681,0.545814544402846,0.34760375524341125,0.545814544402846,stop,-1.0,-1.0084803231998065,70,17.5,0.07771454440284603
XRP,2020-11-24 10:30:00+00:00,2020-11-24 10:30:00+00:00,2020-11-24 19:30:00+00:00,-1,0.5997,0.7217279183052401,0.4205180572220708,0.7217279183052401,stop,-1.0,-1.007038783901483,36,9.0,0.12202791830524007
XRP,2020-11-25 01:15:00+00:00,2020-11-25 01:15:00+00:00,2020-11-26 17:15:00+00:00,-1,0.6838,0.8345049030718221,0.4607416414529369,0.4607416414529369,alvo,1.4801002090871527,1.4751637269171607,160,40.0,0.15070490307182216
XRP,2020-12-16 02:00:00+00:00,2020-12-16 02:00:00+00:00,2020-12-16 14:15:00+00:00,1,0.4444,0.41302743821638754,0.5139477674009437,0.5139477674009437,alvo,2.2168341839802235,2.1969784242527535,49,12.25,0.031372561783612474
XRP,2020-12-17 17:15:00+00:00,2020-12-17 17:15:00+00:00,2020-12-21 10:30:00+00:00,-1,0.6354,0.7067240020749097,0.5207811868908293,0.5207811868908293,alvo,1.6070160082827307,1.5964793340970935,357,89.25,0.07132400207490974
XRP,2020-12-22 22:00:00+00:00,2020-12-22 22:00:00+00:00,2020-12-23 05:15:00+00:00,1,0.425,0.3750616071600484,0.530165945214133,0.3750616071600484,stop,-1.0,-1.0104136319789208,29,7.25,0.049938392839951606
XRP,2020-12-23 13:00:00+00:00,2020-12-23 13:00:00+00:00,2020-12-23 17:00:00+00:00,1,0.3604,0.3056152648569694,0.4965905803804002,0.3056152648569694,stop,-1.0,-1.0079020172503672,16,4.0,0.054784735143030616
XRP,2020-12-24 01:45:00+00:00,2020-12-24 01:45:00+00:00,2020-12-28 01:45:00+00:00,1,0.2933,0.22963969775573348,0.4551779085112368,0.2832,tempo,-0.1586546033232137,-0.16454092473215345,384,96.0,0.06366030224426653
XRP,2020-12-29 12:00:00+00:00,2020-12-29 12:00:00+00:00,2021-01-02 12:00:00+00:00,1,0.1994,0.161318213521814,0.3016417531777889,0.2276,tempo,0.7405114782667437,0.7332232172457176,384,96.0,0.038081786478186
XRP,2021-01-07 12:15:00+00:00,2021-01-07 12:15:00+00:00,2021-01-11 12:15:00+00:00,-1,0.3475,0.42097346258636514,0.24193167436226642,0.2813,tempo,0.9010055830999455,0.8954427582974589,384,96.0,0.07347346258636517
XRP,2021-01-30 15:00:00+00:00,2021-01-30 15:00:00+00:00,2021-01-30 16:15:00+00:00,-1,0.3474,0.3942033030673524,0.2767903749568568,0.3942033030673524,stop,-1.0,-1.0102993189668708,5,1.25,0.04680330306735242
XRP,2021-01-30 17:15:00+00:00,2021-01-30 17:15:00+00:00,2021-01-31 09:45:00+00:00,-1,0.3949,0.47935374517845236,0.2800107103353908,0.47935374517845236,stop,-1.0,-1.006728712067952,66,16.5,0.08445374517845239
XRP,2021-01-31 11:15:00+00:00,2021-01-31 11:15:00+00:00,2021-02-01 08:00:00+00:00,-1,0.48,0.6081530899018933,0.3080391448264803,0.6081530899018933,stop,-1.0,-1.0055191763926854,83,20.75,0.12815308990189334
XRP,2021-02-01 12:15:00+00:00,2021-02-01 12:15:00+00:00,2021-02-01 22:30:00+00:00,-1,0.5721,0.7559576816932929,0.362925552474734,0.362925552474734,alvo,1.1376976235031944,1.1343919872985433,41,10.25,0.18385768169329286
XRP,2021-03-20 22:45:00+00:00,2021-03-20 22:45:00+00:00,2021-03-22 12:45:00+00:00,-1,0.5442,0.5861143655586031,0.4730659247699992,0.5861143655586031,stop,-1.0,-1.0175286999533812,152,38.0,0.04191436555860306
XRP,2021-03-22 13:00:00+00:00,2021-03-22 13:00:00+00:00,2021-03-24 22:30:00+00:00,-1,0.5773,0.6296076772878237,0.4919648152742785,0.4919648152742785,alvo,1.631408411735882,1.6181212201424968,230,57.5,0.052307677287823706
XRP,2021-04-05 02:45:00+00:00,2021-04-05 02:45:00+00:00,2021-04-05 14:45:00+00:00,-1,0.6842,0.7395637383757375,0.5880076474722481,0.7395637383757375,stop,-1.0,-1.016715750364679,48,12.0,0.05536373837573749
XRP,2021-04-05 15:15:00+00:00,2021-04-05 15:15:00+00:00,2021-04-05 16:30:00+00:00,-1,0.7241,0.7931463717510916,0.6050630437885567,0.7931463717510916,stop,-1.0,-1.0142833014483867,5,1.25,0.06904637175109163
XRP,2021-04-07 07:00:00+00:00,2021-04-07 07:00:00+00:00,2021-04-10 07:30:00+00:00,-1,0.9643,1.1349490107121945,0.7409299284000044,1.1349490107121945,stop,-1.0,-1.0079960138723818,290,72.5,0.1706490107121944
XRP,2021-04-10 18:15:00+00:00,2021-04-10 18:15:00+00:00,2021-04-11 00:15:00+00:00,-1,1.24,1.4410654868387185,0.9414795314711675,1.4410654868387185,stop,-1.0,-1.0086672884235126,24,6.0,0.2010654868387185
XRP,2021-04-11 07:15:00+00:00,2021-04-11 07:15:00+00:00,2021-04-13 07:15:00+00:00,-1,1.3819,1.6225455750596154,1.0054288779460698,1.6225455750596154,stop,-1.0,-1.0081152110247817,192,48.0,0.24064557505961548
XRP,2021-04-13 22:15:00+00:00,2021-04-13 22:15:00+00:00,2021-04-17 22:15:00+00:00,-1,1.7083,1.9806034490915063,1.2749778136252101,1.586,tempo,0.4491312923432765,0.44126765709684806,384,96.0,0.2723034490915064
XRP,2021-04-23 02:45:00+00:00,2021-04-23 02:45:00+00:00,2021-04-27 00:00:00+00:00,1,0.9762,0.8213202806948044,1.3597452521124624,1.3597452521124624,alvo,2.476407200588181,2.466603693578454,373,93.25,0.1548797193051955
XRP,2021-05-19 13:45:00+00:00,2021-05-19 13:45:00+00:00,2021-05-21 21:15:00+00:00,1,1.0985,0.9001404333732014,1.4700258337024596,0.9001404333732014,stop,-1.0,-1.00654929985876,222,55.5,0.19835956662679866
XRP,2021-05-23 13:00:00+00:00,2021-05-23 13:00:00+00:00,2021-05-27 13:00:00+00:00,1,0.7188,0.5784549638106931,1.0916656681485468,1.0089,tempo,2.067048524670964,2.059046781036189,384,96.0,0.14034503618930694
XRP,2021-06-08 16:00:00+00:00,2021-06-08 16:00:00+00:00,2021-06-12 16:00:00+00:00,1,0.8092,0.7520716219862574,0.9334505587576072,0.8294,tempo,0.3535895942142932,0.33494579515975353,384,96.0,0.0571283780137426
XRP,2021-06-20 01:45:00+00:00,2021-06-20 01:45:00+00:00,2021-06-20 10:30:00+00:00,1,0.7509,0.7151444932741211,0.8266724856759164,0.7151444932741211,stop,-1.0,-1.0266512492169066,35,8.75,0.035755506725878905
XRP,2021-06-20 15:30:00+00:00,2021-06-20 15:30:00+00:00,2021-06-21 06:45:00+00:00,1,0.7315,0.6949954411928931,0.8095666489899976,0.6949954411928931,stop,-1.0,-1.0254001710217866,61,15.25,0.0365045588071069
XRP,2021-06-21 07:30:00+00:00,2021-06-21 07:30:00+00:00,2021-06-21 21:45:00+00:00,1,0.6962,0.6510180880013658,0.7952189135114003,0.6510180880013658,stop,-1.0,-1.0193814674604156,57,14.25,0.045181911998634194
XRP,2021-06-22 02:00:00+00:00,2021-06-22 02:00:00+00:00,2021-06-22 10:00:00+00:00,1,0.6334,0.5725591857446635,0.7607257826429121,0.5725591857446635,stop,-1.0,-1.0128840069010956,32,8.0,0.060840814255336495
XRP,2021-06-22 16:15:00+00:00,2021-06-22 16:15:00+00:00,2021-06-26 16:15:00+00:00,1,0.5787,0.5162589409100271,0.7246367713176072,0.5911,tempo,0.1985872786387639,0.18640987468242864,384,96.0,0.06244105908997288
XRP,2021-07-20 07:15:00+00:00,2021-07-20 07:15:00+00:00,2021-07-22 06:45:00+00:00,1,0.5309,0.5056957974189136,0.5844195722231117,0.5844195722231117,alvo,2.1234384246408724,2.0946750579121414,190,47.5,0.025204202581086466
XRP,2021-07-26 03:00:00+00:00,2021-07-26 03:00:00+00:00,2021-07-28 07:30:00+00:00,-1,0.6503,0.6835482776285795,0.5920107331385663,0.6835482776285795,stop,-1.0,-1.0260765802711331,210,52.5,0.033248277628579515
XRP,2021-07-28 08:45:00+00:00,2021-07-28 08:45:00+00:00,2021-08-01 04:00:00+00:00,-1,0.7155,0.7758875657778994,0.6192784198003602,0.7758875657778994,stop,-1.0,-1.016053005370692,365,91.25,0.06038756577789939
XRP,2021-08-11 14:45:00+00:00,2021-08-11 14:45:00+00:00,2021-08-11 16:30:00+00:00,-1,0.9118,0.9724450940443338,0.8060096742500638,0.9724450940443338,stop,-1.0,-1.0201955216729233,7,1.75,0.060645094044333714
XRP,2021-08-12 05:15:00+00:00,2021-08-12 05:15:00+00:00,2021-08-13 23:30:00+00:00,-1,0.9948,1.0835261554988944,0.8403743271080493,1.0835261554988944,stop,-1.0,-1.0152256343518808,169,42.25,0.0887261554988944
XRP,2021-08-14 00:00:00+00:00,2021-08-14 00:00:00+00:00,2021-08-14 10:00:00+00:00,-1,1.0909,1.193926364638692,0.9129031289306865,1.193926364638692,stop,-1.0,-1.0144151173558675,40,10.0,0.10302636463869197
XRP,2021-08-14 10:00:00+00:00,2021-08-14 10:00:00+00:00,2021-08-14 16:15:00+00:00,-1,1.1342,1.2492191237691563,0.9383942049734754,1.2492191237691563,stop,-1.0,-1.0134692595429544,25,6.25,0.11501912376915624
XRP,2021-08-15 07:45:00+00:00,2021-08-15 07:45:00+00:00,2021-08-19 07:45:00+00:00,-1,1.2518,1.3918019905114312,1.0128248513255689,1.1193,tempo,0.9464151153563881,0.9354065933034523,384,96.0,0.14000199051143114
XRP,2021-09-20 04:30:00+00:00,2021-09-20 04:30:00+00:00,2021-09-20 11:15:00+00:00,1,0.9884,0.9380917294565595,1.0780523622037121,0.9380917294565595,stop,-1.0,-1.0248909296745847,27,6.75,0.05030827054344045
XRP,2021-09-20 14:00:00+00:00,2021-09-20 14:00:00+00:00,2021-09-21 00:30:00+00:00,1,0.9412,0.8850369013255267,1.0613511492733765,0.8850369013255267,stop,-1.0,-1.0211358349855635,42,10.5,0.05616309867447333
XRP,2021-09-21 01:30:00+00:00,2021-09-21 01:30:00+00:00,2021-09-25 01:30:00+00:00,1,0.9083,0.8470789085522797,1.038904997094068,0.9318,tempo,0.3838546397048113,0.3643178269542353,384,96.0,0.061221091447720255
XRP,2021-10-09 17:15:00+00:00,2021-10-09 17:15:00+00:00,2021-10-12 10:00:00+00:00,-1,1.1879,1.2554169166165965,1.0640979882098065,1.0640979882098065,alvo,1.833644336769984,1.8119638637020454,259,64.75,0.06751691661659653
XRP,2021-11-16 10:30:00+00:00,2021-11-16 10:30:00+00:00,2021-11-20 10:30:00+00:00,1,1.0714,1.00299018662043,1.1882964508268052,1.0895,tempo,0.2645819233502755,0.24405000065364865,384,96.0,0.06840981337956986
XRP,2021-12-04 06:00:00+00:00,2021-12-04 06:00:00+00:00,2021-12-08 06:00:00+00:00,1,0.7441,0.63021804970828,0.9685159662416578,0.8149,tempo,0.6216964129841358,0.6127981635477308,384,96.0,0.11388195029171999
XRP,2021-12-21 23:15:00+00:00,2021-12-21 23:15:00+00:00,2021-12-23 04:00:00+00:00,-1,0.9473,1.005129474603906,0.8498640051595775,1.005129474603906,stop,-1.0,-1.0219451960645485,115,28.75,0.05782947460390586
XRP,2021-12-23 04:45:00+00:00,2021-12-23 04:45:00+00:00,2021-12-27 04:45:00+00:00,-1,0.9975,1.0596818184107237,0.8852621984382357,0.9231,tempo,1.196491223665618,1.176414776371103,384,96.0,0.06218181841072368
XRP,2022-01-05 22:45:00+00:00,2022-01-05 22:45:00+00:00,2022-01-09 22:45:00+00:00,1,0.7705,0.7218797137283541,0.8374849217632506,0.7602,tempo,-0.21184572921790232,-0.23230951247168857,384,96.0,0.04862028627164583
XRP,2022-01-21 04:15:00+00:00,2022-01-21 04:15:00+00:00,2022-01-21 12:45:00+00:00,1,0.6953,0.6664136423872661,0.7512862454770529,0.6664136423872661,stop,-1.0,-1.0306412417729516,34,8.5,0.02888635761273395
XRP,2022-01-21 15:45:00+00:00,2022-01-21 15:45:00+00:00,2022-01-21 20:15:00+00:00,1,0.6804,0.650933094201525,0.7409386290153017,0.650933094201525,stop,-1.0,-1.0293674034576028,18,4.5,0.029466905798474996
XRP,2022-01-22 03:15:00+00:00,2022-01-22 03:15:00+00:00,2022-01-22 06:30:00+00:00,1,0.6502,0.6149978745383622,0.7270884918617525,0.6149978745383622,stop,-1.0,-1.0233616183018874,13,3.25,0.03520212546163781
XRP,2022-01-22 21:00:00+00:00,2022-01-22 21:00:00+00:00,2022-01-24 13:15:00+00:00,1,0.5997,0.5555145856107575,0.695157463117154,0.5555145856107575,stop,-1.0,-1.0169940576777707,161,40.25,0.044185414389242506
XRP,2022-01-24 13:15:00+00:00,2022-01-24 13:15:00+00:00,2022-01-26 19:15:00+00:00,1,0.5629,0.5218152301878185,0.6527049669056014,0.6527049669056014,alvo,2.1858456872496506,2.1666136644806104,216,54.0,0.041084769812181454
XRP,2022-02-05 01:00:00+00:00,2022-02-05 01:00:00+00:00,2022-02-07 02:30:00+00:00,-1,0.672,0.7034031558752974,0.6147061138828682,0.7034031558752974,stop,-1.0,-1.0284688601002105,198,49.5,0.031403155875297406
XRP,2022-02-08 15:15:00+00:00,2022-02-08 15:15:00+00:00,2022-02-08 23:15:00+00:00,-1,0.8248,0.89129700051096,0.707687260300048,0.89129700051096,stop,-1.0,-1.0167746370777773,32,8.0,0.06649700051095997
XRP,2022-02-09 02:15:00+00:00,2022-02-09 02:15:00+00:00,2022-02-13 02:15:00+00:00,-1,0.8605,0.937986207867699,0.7259545595964533,0.8177,tempo,0.5523563635102309,0.5382786323885518,384,96.0,0.077486207867699
XRP,2022-02-24 04:15:00+00:00,2022-02-24 04:15:00+00:00,2022-02-25 23:00:00+00:00,1,0.6392,0.5919691326122852,0.7448754185098923,0.7448754185098923,alvo,2.2374227778289657,2.218374873951904,171,42.75,0.04723086738771476
XRP,2022-03-12 02:45:00+00:00,2022-03-12 02:45:00+00:00,2022-03-14 00:15:00+00:00,-1,0.8285,0.875058447268826,0.744529830886495,0.744529830886495,alvo,1.8035431600342198,1.7815821744332065,182,45.5,0.046558447268825964
XRP,2022-03-28 19:15:00+00:00,2022-03-28 19:15:00+00:00,2022-03-31 14:15:00+00:00,-1,0.8996,0.9356335529292488,0.841472196624365,0.841472196624365,alvo,1.613157700262524,1.5817509463954296,268,67.0,0.03603355292924881
XRP,2022-04-11 11:00:00+00:00,2022-04-11 11:00:00+00:00,2022-04-11 21:45:00+00:00,1,0.7201,0.6952115739618646,0.7727060752188523,0.6952115739618646,stop,-1.0,-1.03696306554965,43,10.75,0.024888426038135347
XRP,2022-04-12 00:45:00+00:00,2022-04-12 00:45:00+00:00,2022-04-15 03:00:00+00:00,1,0.7035,0.6758710712568563,0.7598217724291285,0.7598217724291285,alvo,2.038507281723874,2.004081077185815,297,74.25,0.02762892874314371
XRP,2022-04-25 00:45:00+00:00,2022-04-25 00:45:00+00:00,2022-04-25 06:45:00+00:00,1,0.6819,0.6579968131329592,0.7273474604317267,0.6579968131329592,stop,-1.0,-1.036435849888172,24,6.0,0.023903186867040738
XRP,2022-04-25 12:00:00+00:00,2022-04-25 12:00:00+00:00,2022-04-26 19:45:00+00:00,1,0.6647,0.6391832964065146,0.7175870511949678,0.6391832964065146,stop,-1.0,-1.0332144839774922,127,31.75,0.025516703593485346
XRP,2022-04-26 20:45:00+00:00,2022-04-26 20:45:00+00:00,2022-04-29 10:45:00+00:00,1,0.6476,0.6220054028538515,0.7015450064298351,0.6220054028538515,stop,-1.0,-1.0322428795086227,248,62.0,0.025594597146148423
XRP,2022-04-29 17:00:00+00:00,2022-04-29 17:00:00+00:00,2022-04-30 23:15:00+00:00,1,0.6115,0.5864948405685856,0.6633653887151449,0.5864948405685856,stop,-1.0,-1.0311414389700426,121,30.25,0.02500515943141446
XRP,2022-05-01 01:45:00+00:00,2022-05-01 01:45:00+00:00,2022-05-04 19:00:00+00:00,1,0.5905,0.5621894092872034,0.6434000934688181,0.6434000934688181,alvo,1.8685619811142546,1.8402321214906543,357,89.25,0.028310590712796624
XRP,2022-05-09 12:45:00+00:00,2022-05-09 12:45:00+00:00,2022-05-09 17:00:00+00:00,1,0.5379,0.5133743711747263,0.5904128763636837,0.5133743711747263,stop,-1.0,-1.0278618071785952,17,4.25,0.02452562882527376
XRP,2022-05-09 20:15:00+00:00,2022-05-09 20:15:00+00:00,2022-05-10 00:45:00+00:00,1,0.5122,0.4726711355802961,0.5823010676575211,0.4726711355802961,stop,-1.0,-1.0161949058624635,18,4.5,0.03952886441970388
XRP,2022-05-10 00:45:00+00:00,2022-05-10 00:45:00+00:00,2022-05-11 13:00:00+00:00,1,0.4982,0.45435159449707246,0.5766280697727029,0.45435159449707246,stop,-1.0,-1.0141204344678338,145,36.25,0.04384840550292751
XRP,2022-05-11 13:15:00+00:00,2022-05-11 13:15:00+00:00,2022-05-11 21:00:00+00:00,1,0.4218,0.3695055261261935,0.5486333328711831,0.3695055261261935,stop,-1.0,-1.0098356203606373,31,7.75,0.052294473873806535
XRP,2022-05-11 21:45:00+00:00,2022-05-11 21:45:00+00:00,2022-05-15 21:45:00+00:00,1,0.394,0.33401497020972953,0.5331380579782166,0.439,tempo,0.7501871743222663,0.7411607555325599,384,96.0,0.05998502979027048
XRP,2022-06-11 18:45:00+00:00,2022-06-11 18:45:00+00:00,2022-06-12 01:30:00+00:00,1,0.3662,0.35193516737449776,0.39228410143878606,0.35193516737449776,stop,-1.0,-1.0327229818286765,27,6.75,0.014264832625502266
XRP,2022-06-12 08:30:00+00:00,2022-06-12 08:30:00+00:00,2022-06-13 01:30:00+00:00,1,0.3522,0.3365075033576621,0.384937810824454,0.3365075033576621,stop,-1.0,-1.028527001622846,68,17.0,0.015692496642337905
XRP,2022-06-13 15:45:00+00:00,2022-06-13 15:45:00+00:00,2022-06-14 02:00:00+00:00,1,0.3167,0.2939317756099985,0.3658301321593998,0.2939317756099985,stop,-1.0,-1.0174326573450672,41,10.25,0.02276822439000148
XRP,2022-06-14 03:00:00+00:00,2022-06-14 03:00:00+00:00,2022-06-18 03:00:00+00:00,1,0.3065,0.2826330634423433,0.3571944306419411,0.3195,tempo,0.5446865779609034,0.5276378880707271,384,96.0,0.023866936557656704
XRP,2022-07-08 01:45:00+00:00,2022-07-08 01:45:00+00:00,2022-07-10 15:30:00+00:00,-1,0.3543,0.37008927320157414,0.3268062593822215,0.3268062593822215,alvo,1.7412923487217542,1.7132531183565272,247,61.75,0.01578927320157414
XRP,2022-07-30 16:45:00+00:00,2022-07-30 16:45:00+00:00,2022-08-03 16:45:00+00:00,-1,0.4041,0.4297024757681352,0.36005246021815107,0.3733,tempo,1.2030086574023302,1.1832718942636298,384,96.0,0.02560247576813518
XRP,2022-08-19 12:00:00+00:00,2022-08-19 12:00:00+00:00,2022-08-23 12:00:00+00:00,1,0.3383,0.32154236137913494,0.37236326990867896,0.3408,tempo,0.14918569713558782,0.12284457533514564,384,96.0,0.016757638620865045
XRP,2022-09-17 15:00:00+00:00,2022-09-17 15:00:00+00:00,2022-09-18 07:30:00+00:00,-1,0.3726,0.3899294297503018,0.341297229770768,0.3899294297503018,stop,-1.0,-1.0286012948192402,66,16.5,0.017329429750301828
XRP,2022-09-18 09:45:00+00:00,2022-09-18 09:45:00+00:00,2022-09-19 02:30:00+00:00,-1,0.3848,0.40470295688497115,0.3488055991752083,0.3488055991752083,alvo,1.8084951413410943,1.7845367093241937,67,16.75,0.01990295688497118
XRP,2022-09-23 08:45:00+00:00,2022-09-23 08:45:00+00:00,2022-09-27 08:45:00+00:00,-1,0.4978,0.5521251924740814,0.40624613504700646,0.4779,tempo,0.36631255396829626,0.3546383201346549,384,96.0,0.05432519247408141
XRP,2022-10-13 11:00:00+00:00,2022-10-13 11:00:00+00:00,2022-10-14 01:45:00+00:00,1,0.4496,0.4275749680505662,0.4932619990380377,0.4932619990380377,alvo,1.982380735622958,1.954555109726852,59,14.75,0.022025031949433782
XRP,2022-11-04 10:30:00+00:00,2022-11-04 10:30:00+00:00,2022-11-07 22:30:00+00:00,-1,0.4998,0.5234285867721385,0.45998905338499124,0.45998905338499124,alvo,1.68486363568521,1.6584607496084232,336,84.0,0.023628586772138527
XRP,2022-11-08 04:30:00+00:00,2022-11-08 04:30:00+00:00,2022-11-08 18:15:00+00:00,1,0.4373,0.41493113770008083,0.47500892058919053,0.41493113770008083,stop,-1.0,-1.0247643457265618,55,13.75,0.02236886229991919
XRP,2022-11-08 20:45:00+00:00,2022-11-08 20:45:00+00:00,2022-11-09 09:30:00+00:00,1,0.3977,0.3662128746952878,0.4652913131850117,0.3662128746952878,stop,-1.0,-1.0157697269517845,51,12.75,0.031487125304712205
XRP,2022-11-09 12:00:00+00:00,2022-11-09 12:00:00+00:00,2022-11-09 18:45:00+00:00,1,0.3748,0.34205799775156076,0.44861671792465657,0.34205799775156076,stop,-1.0,-1.014231191330418,27,6.75,0.03274200224843926
XRP,2022-11-10 03:30:00+00:00,2022-11-10 03:30:00+00:00,2022-11-14 03:30:00+00:00,1,0.3483,0.3139578841480238,0.42728940807700316,0.3334,tempo,-0.4338695980242756,-0.4467722683754532,384,96.0,0.03434211585197622
XRP,2022-12-16 23:30:00+00:00,2022-12-16 23:30:00+00:00,2022-12-19 17:45:00+00:00,1,0.3481,0.333228860647202,0.37942421393813924,0.333228860647202,stop,-1.0,-1.0297800826765404,265,66.25,0.014871139352798046
XRP,2022-12-19 19:15:00+00:00,2022-12-19 19:15:00+00:00,2022-12-23 19:15:00+00:00,1,0.3347,0.3220480713861159,0.35939822031428154,0.3517,tempo,1.3436686626056678,1.3084044737522476,384,96.0,0.01265192861388409
XRP,2022-12-26 21:30:00+00:00,2022-12-26 21:30:00+00:00,2022-12-29 01:15:00+00:00,-1,0.3671,0.37579306104004173,0.35064382099826397,0.35064382099826397,alvo,1.8930246694387622,1.8393573270032337,207,51.75,0.00869306104004175
ADA,2020-09-21 20:45:00+00:00,2020-09-21 20:45:00+00:00,2020-09-23 20:45:00+00:00,1,0.08106,0.0769634967039243,0.0899173175792405,0.0769634967039243,stop,-1.0,-1.025073889957796,192,48.0,0.004096503296075693
ADA,2020-09-23 21:15:00+00:00,2020-09-23 21:15:00+00:00,2020-09-25 01:30:00+00:00,1,0.0775,0.07376046716501418,0.0853926846586486,0.0853926846586486,alvo,2.110607128464626,2.082293365836968,113,28.25,0.0037395328349858203
ADA,2020-09-25 18:00:00+00:00,2020-09-25 18:00:00+00:00,2020-09-28 00:30:00+00:00,-1,0.09696,0.10379332787619658,0.08477913437600887,0.10379332787619658,stop,-1.0,-1.0190960635116133,218,54.5,0.006833327876196574
ADA,2020-10-10 03:45:00+00:00,2020-10-10 03:45:00+00:00,2020-10-12 21:30:00+00:00,-1,0.10632,0.11195542443979398,0.09603307793838341,0.11195542443979398,stop,-1.0,-1.0251762804029456,263,65.75,0.005635424439793979
ADA,2020-10-30 06:30:00+00:00,2020-10-30 06:30:00+00:00,2020-11-03 06:30:00+00:00,1,0.0913,0.0867181991410269,0.10123217696506627,0.09056,tempo,-0.16150854713617033,-0.18730822801241281,384,96.0,0.004581800858973112
ADA,2020-11-06 14:30:00+00:00,2020-11-06 14:30:00+00:00,2020-11-07 02:30:00+00:00,-1,0.10772,0.1140455997163687,0.09654244782027481,0.1140455997163687,stop,-1.0,-1.022787979998581,48,12.0,0.006325599716368702
ADA,2020-11-07 03:45:00+00:00,2020-11-07 03:45:00+00:00,2020-11-11 03:45:00+00:00,-1,0.11131,0.1182565181881979,0.09867116541689219,0.10709,tempo,0.6074985893177046,0.5870624519386664,384,96.0,0.0069465181881979005
ADA,2020-11-21 02:45:00+00:00,2020-11-21 02:45:00+00:00,2020-11-21 09:15:00+00:00,-1,0.1201,0.1269433696305129,0.1076885635992822,0.1269433696305129,stop,-1.0,-1.0234647840069686,26,6.5,0.006843369630512894
ADA,2020-11-21 11:30:00+00:00,2020-11-21 11:30:00+00:00,2020-11-21 23:30:00+00:00,-1,0.12391,0.1320509776897479,0.10934131650306977,0.1320509776897479,stop,-1.0,-1.0204366897734967,48,12.0,0.008140977689747905
ADA,2020-11-22 01:00:00+00:00,2020-11-22 01:00:00+00:00,2020-11-22 19:15:00+00:00,-1,0.12986,0.1405867325845702,0.11259996749058397,0.1405867325845702,stop,-1.0,-1.016388063633919,73,18.25,0.010726732584570187
ADA,2020-11-22 23:15:00+00:00,2020-11-22 23:15:00+00:00,2020-11-24 00:15:00+00:00,-1,0.14327,0.15973574135893648,0.11825657334834859,0.15973574135893648,stop,-1.0,-1.0119614250940736,100,25.0,0.01646574135893647
ADA,2020-11-24 06:45:00+00:00,2020-11-24 06:45:00+00:00,2020-11-26 03:45:00+00:00,-1,0.16253,0.18606876235141626,0.13085953707066075,0.13085953707066075,alvo,1.345459988784574,1.3373583224246832,180,45.0,0.023538762351416248
ADA,2021-01-04 07:15:00+00:00,2021-01-04 07:15:00+00:00,2021-01-05 16:45:00+00:00,-1,0.22678,0.25337173912493677,0.18317406443681478,0.25337173912493677,stop,-1.0,-1.0117366761521263,134,33.5,0.02659173912493676
ADA,2021-01-05 23:00:00+00:00,2021-01-05 23:00:00+00:00,2021-01-06 12:45:00+00:00,-1,0.26165,0.2998258770699732,0.2008846927745298,0.2998258770699732,stop,-1.0,-1.0095599459162796,55,13.75,0.03817587706997322
ADA,2021-01-06 20:00:00+00:00,2021-01-06 20:00:00+00:00,2021-01-06 23:15:00+00:00,-1,0.29203,0.33917716378134366,0.22009433158230565,0.33917716378134366,stop,-1.0,-1.0087022128915468,13,3.25,0.04714716378134365
ADA,2021-01-07 10:30:00+00:00,2021-01-07 10:30:00+00:00,2021-01-11 10:30:00+00:00,-1,0.3183,0.3712344220849065,0.23744392747452228,0.28516,tempo,0.6260576519914333,0.6186475588129182,384,96.0,0.05293442208490645
ADA,2021-02-05 06:45:00+00:00,2021-02-05 06:45:00+00:00,2021-02-06 01:00:00+00:00,-1,0.5038,0.5625519349146378,0.40673821036177366,0.5625519349146378,stop,-1.0,-1.0117975477522838,73,18.25,0.058751934914637816
ADA,2021-02-06 01:45:00+00:00,2021-02-06 01:45:00+00:00,2021-02-06 20:00:00+00:00,-1,0.54691,0.6160230765763732,0.4317881238689782,0.6160230765763732,stop,-1.0,-1.0109372428087373,73,18.25,0.06911307657637322
ADA,2021-02-07 14:00:00+00:00,2021-02-07 14:00:00+00:00,2021-02-10 00:30:00+00:00,-1,0.64866,0.7439407798513751,0.4958809663454074,0.7439407798513751,stop,-1.0,-1.0095002424236594,234,58.5,0.09528077985137506
ADA,2021-02-10 03:30:00+00:00,2021-02-10 03:30:00+00:00,2021-02-10 12:00:00+00:00,-1,0.77508,0.8848836693098915,0.5992152745243663,0.8848836693098915,stop,-1.0,-1.009826414652923,34,8.5,0.1098036693098915
ADA,2021-02-10 12:45:00+00:00,2021-02-10 12:45:00+00:00,2021-02-10 22:00:00+00:00,-1,0.78943,0.9121530466553494,0.6216014099261217,0.9121530466553494,stop,-1.0,-1.0090123983267145,37,9.25,0.12272304665534939
ADA,2021-02-11 01:15:00+00:00,2021-02-11 01:15:00+00:00,2021-02-15 01:15:00+00:00,-1,0.9017,1.059357511156678,0.6562143501367058,0.85178,tempo,0.3166357228003562,0.3094063685397316,384,96.0,0.15765751115667803
ADA,2021-03-18 03:00:00+00:00,2021-03-18 03:00:00+00:00,2021-03-22 03:00:00+00:00,-1,1.39971,1.5544713155624295,1.14757423159746,1.19169,tempo,1.3441343480702483,1.3332504266336893,384,96.0,0.15476131556242945
ADA,2021-04-14 05:30:00+00:00,2021-04-14 05:30:00+00:00,2021-04-18 03:30:00+00:00,-1,1.51043,1.6349602745762366,1.2926909879982564,1.2926909879982564,alvo,1.7484825496666276,1.7338513393171842,376,94.0,0.12453027457623667
ADA,2021-04-23 03:00:00+00:00,2021-04-23 03:00:00+00:00,2021-04-26 12:15:00+00:00,1,1.03544,0.9079943267406654,1.247139720307753,1.247139720307753,alvo,1.6610977437968653,1.6494561024585912,325,81.25,0.12744567325933454
ADA,2021-05-06 12:45:00+00:00,2021-05-06 12:45:00+00:00,2021-05-09 08:45:00+00:00,-1,1.62666,1.7778908180942663,1.36656382981287,1.7778908180942663,stop,-1.0,-1.014632983274493,272,68.0,0.1512308180942663
ADA,2021-05-15 14:30:00+00:00,2021-05-15 14:30:00+00:00,2021-05-19 03:00:00+00:00,-1,2.3059,2.6003809963074027,1.8278079197053672,1.8278079197053672,alvo,1.6235074123274218,1.6143831897748613,338,84.5,0.2944809963074029
ADA,2021-05-19 13:30:00+00:00,2021-05-19 13:30:00+00:00,2021-05-23 13:30:00+00:00,1,1.2386,0.951501902948296,1.9704796157411708,1.1324,tempo,-0.3699084079295521,-0.37527643375705333,384,96.0,0.28709809705170397
ADA,2021-06-20 12:45:00+00:00,2021-06-20 12:45:00+00:00,2021-06-20 21:00:00+00:00,1,1.3196,1.2548034406037987,1.4576084013468766,1.4576084013468766,alvo,2.129872367188789,2.10201308765764,33,8.25,0.06479655939620144
ADA,2021-06-21 11:45:00+00:00,2021-06-21 11:45:00+00:00,2021-06-21 22:00:00+00:00,1,1.2856,1.1996450588963474,1.4330647985659368,1.1996450588963474,stop,-1.0,-1.018793675704281,41,10.25,0.08595494110365265
ADA,2021-06-21 22:15:00+00:00,2021-06-21 22:15:00+00:00,2021-06-22 08:45:00+00:00,1,1.2177,1.1235077926693842,1.4096076890300573,1.1235077926693842,stop,-1.0,-1.016156167355688,42,10.5,0.09419220733061584
ADA,2021-06-22 10:45:00+00:00,2021-06-22 10:45:00+00:00,2021-06-22 12:45:00+00:00,1,1.143,1.0301380912901434,1.3702008471274807,1.0301380912901434,stop,-1.0,-1.0125156465585738,8,2.0,0.11286190870985657
ADA,2021-06-22 14:45:00+00:00,2021-06-22 14:45:00+00:00,2021-06-24 07:15:00+00:00,1,1.0951,0.9793706942822656,1.3506420484653812,1.3506420484653812,alvo,2.2081014560707075,2.194364811565297,162,40.5,0.11572930571773432
ADA,2021-07-14 01:30:00+00:00,2021-07-14 01:30:00+00:00,2021-07-16 09:15:00+00:00,1,1.2296,1.1808908841782195,1.3292121794699439,1.1808908841782195,stop,-1.0,-1.032166855182685,223,55.75,0.0487091158217805
ADA,2021-07-20 15:30:00+00:00,2021-07-20 15:30:00+00:00,2021-07-21 14:15:00+00:00,1,1.0677,1.012628924695096,1.169454093036785,1.169454093036785,alvo,1.8476866934850544,1.8212817222288564,91,22.75,0.05507107530490418
ADA,2021-07-26 07:45:00+00:00,2021-07-26 07:45:00+00:00,2021-07-30 07:45:00+00:00,-1,1.3422,1.4246703407218804,1.2039162230701257,1.2976,tempo,0.5408004818411899,0.5199945777430544,384,96.0,0.08247034072188031
ADA,2021-08-12 05:15:00+00:00,2021-08-12 05:15:00+00:00,2021-08-13 03:00:00+00:00,-1,1.7879,1.9190911299760542,1.5657141664180305,1.9190911299760542,stop,-1.0,-1.0183666703299548,87,21.75,0.1311911299760542
ADA,2021-08-13 15:15:00+00:00,2021-08-13 15:15:00+00:00,2021-08-14 00:00:00+00:00,-1,1.9741,2.143557440814161,1.6775211552431748,2.143557440814161,stop,-1.0,-1.0157943925251676,35,8.75,0.16945744081416114
ADA,2021-08-14 10:15:00+00:00,2021-08-14 10:15:00+00:00,2021-08-18 10:15:00+00:00,-1,2.1151,2.3143085962001377,1.768854902506588,2.0187,tempo,0.4839148602962415,0.470426637140949,384,96.0,0.19920859620013776
ADA,2021-08-20 06:45:00+00:00,2021-08-20 06:45:00+00:00,2021-08-23 01:00:00+00:00,-1,2.5019,2.749134683091633,2.095123580246952,2.749134683091633,stop,-1.0,-1.013805395348777,265,66.25,0.24723468309163277
ADA,2021-08-23 05:00:00+00:00,2021-08-23 05:00:00+00:00,2021-08-27 05:00:00+00:00,-1,2.774,3.0084582058441245,2.3726181888803373,2.5355,tempo,1.0172388684001226,1.0025190807621738,384,96.0,0.23445820584412447
ADA,2021-09-07 15:30:00+00:00,2021-09-07 15:30:00+00:00,2021-09-11 15:30:00+00:00,1,2.347,2.075338077365009,2.844035372447951,2.7288,tempo,1.405423315482429,1.3932785512548969,384,96.0,0.271661922634991
ADA,2021-09-20 04:30:00+00:00,2021-09-20 04:30:00+00:00,2021-09-20 11:45:00+00:00,1,2.1607,2.033001715454105,2.390015938543648,2.033001715454105,stop,-1.0,-1.0213464583705154,29,7.25,0.12769828454589494
ADA,2021-09-20 13:00:00+00:00,2021-09-20 13:00:00+00:00,2021-09-21 21:30:00+00:00,1,2.091,1.9560277558989776,2.3576709363218926,1.9560277558989776,stop,-1.0,-1.0194896962620361,130,32.5,0.1349722441010226
ADA,2021-11-09 08:00:00+00:00,2021-11-09 08:00:00+00:00,2021-11-09 14:15:00+00:00,-1,2.2357,2.3456412349026676,2.033230174796136,2.3456412349026676,stop,-1.0,-1.0270860319635584,25,6.25,0.1099412349026676
ADA,2021-11-09 16:00:00+00:00,2021-11-09 16:00:00+00:00,2021-11-10 21:00:00+00:00,-1,2.2874,2.4140216714146305,2.060407077818892,2.060407077818892,alvo,1.7926861938017336,1.770367150236686,116,29.0,0.12662167141463065
ADA,2021-11-24 15:15:00+00:00,2021-11-24 15:15:00+00:00,2021-11-26 08:30:00+00:00,1,1.6427,1.5611577253968798,1.8070255476007413,1.5611577253968798,stop,-1.0,-1.0255389922790832,165,41.25,0.08154227460312025
ADA,2021-11-26 08:45:00+00:00,2021-11-26 08:45:00+00:00,2021-11-28 18:30:00+00:00,1,1.5488,1.4527824082807408,1.7428995348949132,1.4527824082807408,stop,-1.0,-1.020319490735479,231,57.75,0.09601759171925917
ADA,2021-12-04 06:00:00+00:00,2021-12-04 06:00:00+00:00,2021-12-08 06:00:00+00:00,1,1.3293,1.178795202642606,1.6012332436834373,1.3658,tempo,0.2425171864344352,0.23087759068228067,384,96.0,0.15050479735739386
ADA,2021-12-23 18:45:00+00:00,2021-12-23 18:45:00+00:00,2021-12-27 08:15:00+00:00,-1,1.4346,1.5199384399787308,1.29377305860702,1.5199384399787308,stop,-1.0,-1.0225039265595295,342,85.5,0.0853384399787307
ADA,2021-12-27 13:00:00+00:00,2021-12-27 13:00:00+00:00,2021-12-28 17:45:00+00:00,-1,1.559,1.6447530386714262,1.4084866406650802,1.4084866406650802,alvo,1.7551956369923045,1.732702366242763,115,28.75,0.08575303867142625
ADA,2022-01-05 22:45:00+00:00,2022-01-05 22:45:00+00:00,2022-01-08 17:45:00+00:00,1,1.2389,1.1690680276180692,1.3397247298517878,1.1690680276180692,stop,-1.0,-1.0224135043671878,268,67.0,0.06983197238193073
ADA,2022-01-17 04:00:00+00:00,2022-01-17 04:00:00+00:00,2022-01-17 10:00:00+00:00,-1,1.4544,1.5529238953495645,1.2946393983360027,1.5529238953495645,stop,-1.0,-1.0198404714413867,24,6.0,0.09852389534956463
ADA,2022-01-17 15:15:00+00:00,2022-01-17 15:15:00+00:00,2022-01-18 02:00:00+00:00,-1,1.5142,1.620486262298679,1.3257515011156673,1.620486262298679,stop,-1.0,-1.0191703614975975,43,10.75,0.1062862622986791
ADA,2022-01-18 03:45:00+00:00,2022-01-18 03:45:00+00:00,2022-01-19 08:00:00+00:00,-1,1.5702,1.6945950358198576,1.3593562461839088,1.3593562461839088,alvo,1.6949531179156072,1.6796453401777791,113,28.25,0.12439503581985756
ADA,2022-01-22 11:00:00+00:00,2022-01-22 11:00:00+00:00,2022-01-26 11:00:00+00:00,1,1.0383,0.9293315738584552,1.2882701145374849,1.0637,tempo,0.23309504321010108,0.22055654881884282,384,96.0,0.10896842614154478
ADA,2022-02-20 06:30:00+00:00,2022-02-20 06:30:00+00:00,2022-02-21 13:15:00+00:00,1,0.9409,0.8960632709957498,1.0339961154169104,0.8960632709957498,stop,-1.0,-1.026630536006185,123,30.75,0.044836729004250175
ADA,2022-02-22 08:30:00+00:00,2022-02-22 08:30:00+00:00,2022-02-24 05:30:00+00:00,1,0.8408,0.7815797688923978,0.9704998530284475,0.7815797688923978,stop,-1.0,-1.0178072059169099,180,45.0,0.05922023110760222
ADA,2022-02-24 06:15:00+00:00,2022-02-24 06:15:00+00:00,2022-02-26 00:45:00+00:00,1,0.7764,0.7100775422836756,0.9277040861098307,0.9277040861098307,alvo,2.281340157160509,2.264638911547611,170,42.5,0.06632245771632439
ADA,2022-03-19 20:15:00+00:00,2022-03-19 20:15:00+00:00,2022-03-22 04:30:00+00:00,-1,0.907,0.9454524351550975,0.8359825854328582,0.9454524351550975,stop,-1.0,-1.031313857704827,225,56.25,0.03845243515509744
ADA,2022-03-22 11:45:00+00:00,2022-03-22 11:45:00+00:00,2022-03-23 00:15:00+00:00,-1,0.9542,0.9982102262386221,0.8758047783492182,0.9982102262386221,stop,-1.0,-1.0288357219563986,50,12.5,0.04401022623862205
ADA,2022-03-23 01:00:00+00:00,2022-03-23 01:00:00+00:00,2022-03-23 14:00:00+00:00,-1,0.9802,1.0295097530144937,0.8917552870872801,1.0295097530144937,stop,-1.0,-1.0264919465136126,52,13.0,0.049309753014493696
ADA,2022-03-25 00:30:00+00:00,2022-03-25 00:30:00+00:00,2022-03-28 00:45:00+00:00,-1,1.1166,1.1909619249026777,0.9850334122831111,1.1909619249026777,stop,-1.0,-1.0201704737088204,289,72.25,0.07436192490267768
ADA,2022-03-28 14:30:00+00:00,2022-03-28 14:30:00+00:00,2022-04-01 14:30:00+00:00,-1,1.2243,1.2958454474173717,1.0969123085725898,1.1542,tempo,0.9797967939324009,0.9581878019446786,384,96.0,0.07154544741737179
ADA,2022-04-11 10:15:00+00:00,2022-04-11 10:15:00+00:00,2022-04-11 16:45:00+00:00,1,0.9758,0.9323190767993084,1.0682159980460746,0.9323190767993084,stop,-1.0,-1.028524633531696,26,6.5,0.043480923200691635
ADA,2022-04-12 05:30:00+00:00,2022-04-12 05:30:00+00:00,2022-04-16 05:30:00+00:00,1,0.9421,0.8961852624834973,1.0357212192833944,0.957,tempo,0.32451454164677573,0.2976296008463122,384,96.0,0.04591473751650277
ADA,2022-04-18 07:15:00+00:00,2022-04-18 07:15:00+00:00,2022-04-19 15:15:00+00:00,1,0.881,0.8457742954856413,0.9549895243395428,0.9549895243395428,alvo,2.10044129307288,2.0665628169068677,128,32.0,0.03522570451435869
ADA,2022-04-25 10:00:00+00:00,2022-04-25 10:00:00+00:00,2022-04-29 10:00:00+00:00,1,0.8415,0.8113463361525584,0.9048544617396733,0.8213,tempo,-0.6699020093279254,-0.7057457464428665,384,96.0,0.03015366384744167
ADA,2022-05-01 00:15:00+00:00,2022-05-01 00:15:00+00:00,2022-05-04 14:30:00+00:00,1,0.7607,0.7262270974936105,0.8341212968273949,0.8341212968273949,alvo,2.1298263705467266,2.099755393995052,345,86.25,0.03447290250638957
ADA,2022-05-05 01:00:00+00:00,2022-05-05 01:00:00+00:00,2022-05-05 15:15:00+00:00,-1,0.8926,0.94257898050192,0.8068400253464018,0.8068400253464018,alvo,1.7159208489717694,1.6938188371783771,57,14.25,0.04997898050192007
ADA,2022-05-09 20:15:00+00:00,2022-05-09 20:15:00+00:00,2022-05-10 00:00:00+00:00,1,0.6556,0.601676854537388,0.7535505005550982,0.601676854537388,stop,-1.0,-1.015155457799025,15,3.75,0.05392314546261201
ADA,2022-05-10 00:45:00+00:00,2022-05-10 00:45:00+00:00,2022-05-11 13:00:00+00:00,1,0.6201,0.5619803213765839,0.7448887910145643,0.5619803213765839,stop,-1.0,-1.013220173047984,145,36.25,0.05811967862341605
ADA,2022-05-11 22:00:00+00:00,2022-05-11 22:00:00+00:00,2022-05-12 04:00:00+00:00,1,0.5165,0.44259659589422595,0.6811957499568349,0.44259659589422595,stop,-1.0,-1.008435508416351,24,6.0,0.073903404105774
ADA,2022-05-12 07:30:00+00:00,2022-05-12 07:30:00+00:00,2022-05-16 07:30:00+00:00,1,0.449,0.3723597839848999,0.6504341983626756,0.5582,tempo,1.424839407791919,1.4162971562947284,384,96.0,0.07664021601510013
ADA,2022-05-30 21:45:00+00:00,2022-05-30 21:45:00+00:00,2022-05-31 04:30:00+00:00,-1,0.5567,0.5935841078771491,0.49306582801618,0.5935841078771491,stop,-1.0,-1.0202711875968502,27,6.75,0.03688410787714913
ADA,2022-05-31 13:45:00+00:00,2022-05-31 13:45:00+00:00,2022-06-04 13:45:00+00:00,-1,0.6167,0.6774191152885823,0.5168311492283867,0.5561,tempo,0.9980382571778886,0.9854833970423796,384,96.0,0.060719115288582315
ADA,2022-06-12 05:45:00+00:00,2022-06-12 05:45:00+00:00,2022-06-13 01:15:00+00:00,1,0.5057,0.4661042780895926,0.5919884154275223,0.4661042780895926,stop,-1.0,-1.015953056297029,78,19.5,0.039595721910407444
ADA,2022-06-13 03:45:00+00:00,2022-06-13 03:45:00+00:00,2022-06-17 03:45:00+00:00,1,0.4761,0.4349412905647017,0.5680557650688722,0.4885,tempo,0.30127280884481633,0.28603933800468634,384,96.0,0.04115870943529831
ADA,2022-07-13 00:30:00+00:00,2022-07-13 00:30:00+00:00,2022-07-13 12:45:00+00:00,1,0.4186,0.4021345258259194,0.45265545844634525,0.4021345258259194,stop,-1.0,-1.0323997618378116,49,12.25,0.01646547417408062
ADA,2022-07-20 08:00:00+00:00,2022-07-20 08:00:00+00:00,2022-07-24 08:00:00+00:00,-1,0.5302,0.5654958149170631,0.4722192180149711,0.5163,tempo,0.39381439506813365,0.3745422801843048,384,96.0,0.03529581491706313
ADA,2022-08-14 03:00:00+00:00,2022-08-14 03:00:00+00:00,2022-08-17 13:45:00+00:00,-1,0.59,0.6185560732431864,0.5373630873561767,0.5373630873561767,alvo,1.843282589856175,1.8176212882990235,331,82.75,0.02855607324318643
ADA,2022-08-19 01:45:00+00:00,2022-08-19 01:45:00+00:00,2022-08-19 06:45:00+00:00,1,0.495,0.47129554861885165,0.5455689800954887,0.47129554861885165,stop,-1.0,-1.0264967999682018,20,5.0,0.02370445138114835
ADA,2022-08-19 16:45:00+00:00,2022-08-19 16:45:00+00:00,2022-08-19 23:15:00+00:00,1,0.4726,0.4459987022862447,0.5309908022805091,0.4459987022862447,stop,-1.0,-1.0224458657209534,26,6.5,0.0266012977137553
ADA,2022-08-20 05:00:00+00:00,2022-08-20 05:00:00+00:00,2022-08-20 19:15:00+00:00,1,0.462,0.4347692212481863,0.5186032666935215,0.4347692212481863,stop,-1.0,-1.0214059244916929,57,14.25,0.027230778751813733
ADA,2022-08-20 22:00:00+00:00,2022-08-20 22:00:00+00:00,2022-08-24 22:00:00+00:00,1,0.4504,0.4238730251201652,0.5036730876538192,0.4632,tempo,0.48252769333793305,0.46014142416513626,384,96.0,0.026526974879834797
ADA,2022-10-11 01:15:00+00:00,2022-10-11 01:15:00+00:00,2022-10-12 22:00:00+00:00,1,0.3941,0.3801605622959287,0.42266367163851565,0.3801605622959287,stop,-1.0,-1.0361039933013485,179,44.75,0.0139394377040713
ADA,2022-10-12 23:00:00+00:00,2022-10-12 23:00:00+00:00,2022-10-13 06:45:00+00:00,1,0.3806,0.36766547367531327,0.4077731400127133,0.36766547367531327,stop,-1.0,-1.0376026570807364,31,7.75,0.012934526324686724
ADA,2022-10-13 12:30:00+00:00,2022-10-13 12:30:00+00:00,2022-10-13 12:45:00+00:00,1,0.3675,0.3519132731653008,0.40063496261888554,0.3519132731653008,stop,-1.0,-1.0300010792847432,1,0.25,0.015586726834699194
ADA,2022-10-13 14:00:00+00:00,2022-10-13 14:00:00+00:00,2022-10-17 14:00:00+00:00,1,0.3654,0.3484839315262231,0.3997551175868614,0.3734,tempo,0.4729231270493798,0.44453473404042315,384,96.0,0.016916068473776913
ADA,2022-10-20 20:45:00+00:00,2022-10-20 20:45:00+00:00,2022-10-23 22:45:00+00:00,1,0.3403,0.32811048169519264,0.36348047064346767,0.36348047064346767,alvo,1.901672409345795,1.8641436658401687,296,74.0,0.012189518304807356
ADA,2022-10-26 01:15:00+00:00,2022-10-26 01:15:00+00:00,2022-10-27 06:00:00+00:00,-1,0.3966,0.4157825644375755,0.3619645449496624,0.4157825644375755,stop,-1.0,-1.0275275325466946,115,28.75,0.01918256443757549
ADA,2022-11-09 23:45:00+00:00,2022-11-09 23:45:00+00:00,2022-11-13 23:45:00+00:00,1,0.318,0.2878505017924723,0.3872548850521003,0.3266,tempo,0.28524521173797684,0.27134813135819835,384,96.0,0.030149498207527714
ADA,2022-12-16 09:30:00+00:00,2022-12-16 09:30:00+00:00,2022-12-16 22:45:00+00:00,1,0.2871,0.27705433234993637,0.30654454408043175,0.27705433234993637,stop,-1.0,-1.0365033294750832,53,13.25,0.01004566765006365
ADA,2022-12-17 09:00:00+00:00,2022-12-17 09:00:00+00:00,2022-12-19 19:00:00+00:00,1,0.2652,0.25060678842762185,0.29666851077101986,0.25060678842762185,stop,-1.0,-1.0229746831816349,232,58.0,0.01459321157237814
ADA,2022-12-19 19:30:00+00:00,2022-12-19 19:30:00+00:00,2022-12-23 19:30:00+00:00,1,0.2537,0.24250774016758025,0.2779482957341061,0.2602,tempo,0.5807584971510378,0.550913317982446,384,96.0,0.011192259832419726
ADA,2022-12-29 02:45:00+00:00,2022-12-29 02:45:00+00:00,2023-01-01 00:00:00+00:00,1,0.2442,0.23707659357295496,0.25738785323301616,0.2456,fim_dados,0.19653518500428546,0.15184168011156132,277,69.25,0.007123406427045037
DOGE,2020-10-26 05:45:00+00:00,2020-10-26 05:45:00+00:00,2020-10-26 18:00:00+00:00,-1,0.002849,0.002955328598797942,0.0026464294497884748,0.0026464294497884748,alvo,1.9051370233559977,1.8715427770032314,49,12.25,0.00010632859879794194
DOGE,2020-11-06 15:00:00+00:00,2020-11-06 15:00:00+00:00,2020-11-10 14:00:00+00:00,-1,0.002775,0.002873262995585758,0.002591508297486876,0.002873262995585758,stop,-1.0,-1.0373627012411462,380,95.0,9.826299558575793e-05
DOGE,2020-11-21 13:30:00+00:00,2020-11-21 13:30:00+00:00,2020-11-22 00:30:00+00:00,-1,0.003387,0.003630970860241978,0.0029526342577803006,0.003630970860241978,stop,-1.0,-1.0186976471478308,44,11.0,0.00024397086024197838
DOGE,2020-11-22 01:00:00+00:00,2020-11-22 01:00:00+00:00,2020-11-24 00:15:00+00:00,-1,0.003465,0.0037628898479688975,0.0030312516098893985,0.0037628898479688975,stop,-1.0,-1.0157713612370916,189,47.25,0.0002978898479688973
DOGE,2020-11-24 06:15:00+00:00,2020-11-24 06:15:00+00:00,2020-11-26 03:45:00+00:00,-1,0.004033,0.004516270964304747,0.0032421249748235846,0.0032421249748235846,alvo,1.636504329024194,1.6267192776080834,182,45.5,0.0004832709643047472
DOGE,2020-12-17 09:45:00+00:00,2020-12-17 09:45:00+00:00,2020-12-17 14:15:00+00:00,-1,0.003466,0.003592062159315361,0.00325248471506438,0.003592062159315361,stop,-1.0,-1.0363926845967961,18,4.5,0.00012606215931536095
DOGE,2020-12-17 19:00:00+00:00,2020-12-17 19:00:00+00:00,2020-12-20 09:45:00+00:00,-1,0.003901,0.004239104382431218,0.0033079942333812625,0.004239104382431218,stop,-1.0,-1.0156492140401543,251,62.75,0.0003381043824312183
DOGE,2020-12-20 10:15:00+00:00,2020-12-20 10:15:00+00:00,2020-12-21 03:15:00+00:00,-1,0.004602,0.005183305742643938,0.0036449516157936227,0.005183305742643938,stop,-1.0,-1.0109416581776562,68,17.0,0.0005813057426439375
DOGE,2020-12-21 03:30:00+00:00,2020-12-21 03:30:00+00:00,2020-12-23 22:15:00+00:00,-1,0.005064,0.005878572650772312,0.0038300108054165915,0.0038300108054165915,alvo,1.5148915120258937,1.5077944077736951,267,66.75,0.0008145726507723123
DOGE,2021-01-02 00:30:00+00:00,2021-01-02 00:30:00+00:00,2021-01-02 03:00:00+00:00,-1,0.005673,0.00624278024542587,0.0046799730407735005,0.00624278024542587,stop,-1.0,-1.0135934111821265,10,2.5,0.0005697802454258695
DOGE,2021-01-03 01:00:00+00:00,2021-01-03 01:00:00+00:00,2021-01-03 06:30:00+00:00,-1,0.009547,0.01268128072062072,0.005526112282653455,0.01268128072062072,stop,-1.0,-1.004609792088292,22,5.5,0.003134280720620721
DOGE,2021-01-03 15:30:00+00:00,2021-01-03 15:30:00+00:00,2021-01-07 15:30:00+00:00,-1,0.011613,0.015747511852098377,0.00637083620782396,0.010302,tempo,0.31708700976020465,0.3136416816272667,384,96.0,0.004134511852098377
DOGE,2021-01-27 15:15:00+00:00,2021-01-27 15:15:00+00:00,2021-01-28 04:15:00+00:00,1,0.007432,0.0069449792231009114,0.008432661687342814,0.008432661687342814,alvo,2.0546591332594253,2.033485436805589,52,13.0,0.0004870207768990888
DOGE,2021-01-28 06:00:00+00:00,2021-01-28 06:00:00+00:00,2021-01-28 15:00:00+00:00,-1,0.012477,0.015364488129704059,0.008347267003315988,0.015364488129704059,stop,-1.0,-1.0062673737419527,36,9.0,0.002887488129704059
DOGE,2021-01-28 16:15:00+00:00,2021-01-28 16:15:00+00:00,2021-01-28 19:15:00+00:00,-1,0.017147,0.024079414659663213,0.008872463151416638,0.024079414659663213,stop,-1.0,-1.0038654885554816,12,3.0,0.006932414659663214
DOGE,2021-01-29 10:00:00+00:00,2021-01-29 10:00:00+00:00,2021-02-02 10:00:00+00:00,-1,0.036998,0.06891537464315269,0.012285515152522032,0.032918,tempo,0.12783006264192515,0.1264062174633008,384,96.0,0.03191737464315268
DOGE,2021-02-07 22:45:00+00:00,2021-02-07 22:45:00+00:00,2021-02-11 22:45:00+00:00,-1,0.082031,0.11027168208856053,0.04585296683392625,0.070061,tempo,0.423856617997506,0.42035600141572577,384,96.0,0.028240682088560523
DOGE,2021-03-09 00:15:00+00:00,2021-03-09 00:15:00+00:00,2021-03-13 00:15:00+00:00,-1,0.060776,0.06668731410085843,0.05222027123678458,0.055226,tempo,0.9388775330334815,0.9261221120368117,384,96.0,0.0059113141008584336
DOGE,2021-04-01 12:15:00+00:00,2021-04-01 12:15:00+00:00,2021-04-05 12:15:00+00:00,-1,0.063774,0.07018467954989221,0.05431342816560436,0.058215,tempo,0.8671467598303924,0.8547778916966962,384,96.0,0.0064106795498922176
DOGE,2021-04-11 12:00:00+00:00,2021-04-11 12:00:00+00:00,2021-04-13 16:15:00+00:00,-1,0.074909,0.08352071223692983,0.06212598958101041,0.08352071223692983,stop,-1.0,-1.0119580531862638,209,52.25,0.00861171223692983
DOGE,2021-04-13 19:00:00+00:00,2021-04-13 19:00:00+00:00,2021-04-14 00:45:00+00:00,-1,0.08821,0.10018598503805855,0.06881324557822577,0.10018598503805855,stop,-1.0,-1.0102252457635492,23,5.75,0.01197598503805855
DOGE,2021-04-14 19:30:00+00:00,2021-04-14 19:30:00+00:00,2021-04-15 05:00:00+00:00,-1,0.114548,0.14216558023108405,0.08081742447360629,0.14216558023108405,stop,-1.0,-1.0060419423336153,38,9.5,0.027617580231084057
DOGE,2021-04-15 06:30:00+00:00,2021-04-15 06:30:00+00:00,2021-04-15 19:30:00+00:00,-1,0.133841,0.1671684307116107,0.0863553271004131,0.1671684307116107,stop,-1.0,-1.0058707234786743,52,13.0,0.033327430711610706
DOGE,2021-04-17 04:15:00+00:00,2021-04-17 04:15:00+00:00,2021-04-21 04:15:00+00:00,-1,0.313833,0.4668224954426724,0.14346039541087308,0.315259,tempo,-0.009320901385248263,-0.011993697963973008,384,96.0,0.15298949544267243
DOGE,2021-05-03 22:15:00+00:00,2021-05-03 22:15:00+00:00,2021-05-04 08:15:00+00:00,-1,0.4322,0.482658021967375,0.3487445893153717,0.482658021967375,stop,-1.0,-1.0117851967059526,40,10.0,0.05045802196737503
DOGE,2021-05-05 00:00:00+00:00,2021-05-05 00:00:00+00:00,2021-05-05 03:30:00+00:00,-1,0.538729,0.6347916203029562,0.3895648399467979,0.6347916203029562,stop,-1.0,-1.0079405329647608,14,3.5,0.0960626203029562
DOGE,2021-05-05 15:45:00+00:00,2021-05-05 15:45:00+00:00,2021-05-07 22:45:00+00:00,-1,0.609205,0.7280953418193575,0.43166081716320936,0.7280953418193575,stop,-1.0,-1.0073113190599057,220,55.0,0.11889034181935754
DOGE,2021-05-19 13:45:00+00:00,2021-05-19 13:45:00+00:00,2021-05-23 13:45:00+00:00,1,0.34199,0.27036814043497825,0.48019949691453295,0.28879,tempo,-0.7427899851120524,-0.7485145921313351,384,96.0,0.07162185956502176
DOGE,2021-06-02 13:15:00+00:00,2021-06-02 13:15:00+00:00,2021-06-06 13:15:00+00:00,-1,0.41704,0.4712491901925642,0.3317981108303838,0.37057,tempo,0.8572347204399713,0.8477908143756777,384,96.0,0.054209190192564205
DOGE,2021-06-18 19:45:00+00:00,2021-06-18 19:45:00+00:00,2021-06-20 10:30:00+00:00,1,0.28474,0.2705880477154809,0.3123292950051627,0.2705880477154809,stop,-1.0,-1.0255062498627785,155,38.75,0.014151952284519098
DOGE,2021-06-20 15:00:00+00:00,2021-06-20 15:00:00+00:00,2021-06-21 06:45:00+00:00,1,0.26877,0.2533315444915109,0.29925468574943553,0.2533315444915109,stop,-1.0,-1.021981862352285,63,15.75,0.015438455508489102
DOGE,2021-06-21 07:15:00+00:00,2021-06-21 07:15:00+00:00,2021-06-21 10:45:00+00:00,1,0.25601,0.23853236665116243,0.29342925898061045,0.23853236665116243,stop,-1.0,-1.0183922234725582,14,3.5,0.01747763334883759
DOGE,2021-06-21 14:00:00+00:00,2021-06-21 14:00:00+00:00,2021-06-21 16:30:00+00:00,1,0.23229,0.2075420652126019,0.2879796266010165,0.2075420652126019,stop,-1.0,-1.011552109088867,10,2.5,0.02474793478739809
DOGE,2021-06-22 02:00:00+00:00,2021-06-22 02:00:00+00:00,2021-06-22 12:45:00+00:00,1,0.20257,0.1691895870542992,0.27194250226806316,0.1691895870542992,stop,-1.0,-1.007239087544494,43,10.75,0.033380412945700794
DOGE,2021-06-22 14:45:00+00:00,2021-06-22 14:45:00+00:00,2021-06-24 19:30:00+00:00,1,0.17617,0.14569344733313025,0.2561564380561349,0.2561564380561349,alvo,2.6245238078743096,2.6153032051438054,211,52.75,0.030476552666869744
DOGE,2021-07-09 02:30:00+00:00,2021-07-09 02:30:00+00:00,2021-07-13 02:30:00+00:00,1,0.20164,0.1881961915051605,0.22975385535423165,0.20479,tempo,0.23430860393534575,0.2146579595438099,384,96.0,0.013443808494839504
DOGE,2021-07-14 01:30:00+00:00,2021-07-14 01:30:00+00:00,2021-07-16 09:30:00+00:00,1,0.19132,0.17996838782148794,0.212913994215786,0.17996838782148794,stop,-1.0,-1.021260191793797,224,56.0,0.01135161217851205
DOGE,2021-07-16 12:15:00+00:00,2021-07-16 12:15:00+00:00,2021-07-17 19:30:00+00:00,1,0.1775,0.1665477721717693,0.19922672042127695,0.19922672042127695,alvo,1.9837717733805467,1.9614135489065596,125,31.25,0.010952227828230687
DOGE,2021-07-26 05:00:00+00:00,2021-07-26 05:00:00+00:00,2021-07-30 05:00:00+00:00,-1,0.22614,0.2456726569896682,0.19217762965587354,0.2065,tempo,1.0054955662400977,0.991098344185323,384,96.0,0.01953265698966819
DOGE,2021-08-07 10:45:00+00:00,2021-08-07 10:45:00+00:00,2021-08-07 14:45:00+00:00,-1,0.22592,0.2381972901448568,0.2034660059005372,0.2381972901448568,stop,-1.0,-1.024571891275253,16,4.0,0.01227729014485679
DOGE,2021-08-07 16:15:00+00:00,2021-08-07 16:15:00+00:00,2021-08-07 23:00:00+00:00,-1,0.2352,0.25185583641575343,0.2053887487067983,0.25185583641575343,stop,-1.0,-1.0190075289987122,27,6.75,0.01665583641575344
DOGE,2021-08-08 02:45:00+00:00,2021-08-08 02:45:00+00:00,2021-08-11 14:30:00+00:00,-1,0.25337,0.2788048113309126,0.21120721501342513,0.2788048113309126,stop,-1.0,-1.013600007598432,335,83.75,0.025434811330912632
DOGE,2021-08-15 22:45:00+00:00,2021-08-15 22:45:00+00:00,2021-08-18 01:15:00+00:00,-1,0.3379,0.37297573146104246,0.2776337347387936,0.2776337347387936,alvo,1.718175580404994,1.7067689208453898,202,50.5,0.03507573146104248
DOGE,2021-09-20 13:30:00+00:00,2021-09-20 13:30:00+00:00,2021-09-21 21:30:00+00:00,1,0.21068,0.19823262366046449,0.23772313775015239,0.19823262366046449,stop,-1.0,-1.021353351752938,128,32.0,0.01244737633953552
DOGE,2021-10-18 10:30:00+00:00,2021-10-18 10:30:00+00:00,2021-10-22 10:30:00+00:00,-1,0.26837,0.287294348077475,0.23653872582355773,0.24598,tempo,1.1831319054340388,1.1654653787652582,384,96.0,0.018924348077475006
DOGE,2021-11-16 10:30:00+00:00,2021-11-16 10:30:00+00:00,2021-11-18 17:15:00+00:00,1,0.23126,0.2154115346094663,0.26006233457866285,0.2154115346094663,stop,-1.0,-1.0183195338060662,219,54.75,0.015848465390533695
DOGE,2021-12-04 06:00:00+00:00,2021-12-04 06:00:00+00:00,2021-12-08 06:00:00+00:00,1,0.16063,0.13609417912984448,0.2082370728449804,0.17776,tempo,0.6981629060080202,0.6891983190409079,384,96.0,0.024535820870155517
DOGE,2022-01-05 22:45:00+00:00,2022-01-05 22:45:00+00:00,2022-01-08 18:15:00+00:00,1,0.15708,0.14745193453403765,0.1710443395753547,0.14745193453403765,stop,-1.0,-1.0205592450681722,270,67.5,0.009628065465962343
DOGE,2022-01-10 14:45:00+00:00,2022-01-10 14:45:00+00:00,2022-01-11 11:45:00+00:00,1,0.14286,0.13472176433958089,0.15615362932638482,0.15615362932638482,alvo,1.6334780511504927,1.6095958649897468,84,21.0,0.008138235660419102
DOGE,2022-01-14 05:45:00+00:00,2022-01-14 05:45:00+00:00,2022-01-14 06:30:00+00:00,-1,0.19051,0.20845777902144808,0.15959351452424575,0.20845777902144808,stop,-1.0,-1.014449088996139,3,0.75,0.017947779021448063
DOGE,2022-01-14 07:45:00+00:00,2022-01-14 07:45:00+00:00,2022-01-18 07:45:00+00:00,-1,0.19576,0.21659542450345304,0.1605472407961691,0.17023,tempo,1.2253170073769757,1.2138992654461322,384,96.0,0.02083542450345305
DOGE,2022-01-22 13:00:00+00:00,2022-01-22 13:00:00+00:00,2022-01-26 13:00:00+00:00,1,0.13247,0.12114184944724414,0.15736607732080088,0.14844,tempo,1.4097623372523833,1.3936439515415242,384,96.0,0.011328150552755864
DOGE,2022-02-07 16:45:00+00:00,2022-02-07 16:45:00+00:00,2022-02-07 20:15:00+00:00,-1,0.16109,0.17029069869688637,0.1470061927185659,0.17029069869688637,stop,-1.0,-1.023410988800869,14,3.5,0.009200698696886361
DOGE,2022-02-07 21:30:00+00:00,2022-02-07 21:30:00+00:00,2022-02-11 19:00:00+00:00,-1,0.16659,0.17689509033051307,0.14821375596314484,0.14821375596314484,alvo,1.783220083228539,1.7633636399744548,374,93.5,0.010305090330513078
DOGE,2022-02-22 03:30:00+00:00,2022-02-22 03:30:00+00:00,2022-02-24 03:45:00+00:00,1,0.12602,0.11908786293912098,0.13984887226614418,0.11908786293912098,stop,-1.0,-1.022982827591442,193,48.25,0.006932137060879015
DOGE,2022-02-24 14:45:00+00:00,2022-02-24 14:45:00+00:00,2022-02-28 14:45:00+00:00,1,0.11246,0.10413795739758225,0.13116747410411844,0.12494,tempo,1.4996318327395064,1.4810895099742794,384,96.0,0.008322042602417756
DOGE,2022-03-24 04:30:00+00:00,2022-03-24 04:30:00+00:00,2022-03-24 10:00:00+00:00,-1,0.13575,0.14333526402761687,0.12193250564517459,0.14333526402761687,stop,-1.0,-1.0239155052424649,22,5.5,0.0075852640276168615
DOGE,2022-03-24 11:45:00+00:00,2022-03-24 11:45:00+00:00,2022-03-28 00:45:00+00:00,-1,0.13777,0.1458482336515866,0.12337465495832056,0.1458482336515866,stop,-1.0,-1.0228208120518183,340,85.0,0.008078233651586608
DOGE,2022-03-28 14:30:00+00:00,2022-03-28 14:30:00+00:00,2022-04-01 02:30:00+00:00,-1,0.1518,0.16134015638342936,0.13538747012539407,0.13538747012539407,alvo,1.7203627713182383,1.7007958116082547,336,84.0,0.009540156383429366
DOGE,2022-04-05 18:00:00+00:00,2022-04-05 18:00:00+00:00,2022-04-06 14:00:00+00:00,-1,0.16992,0.18391847687547758,0.14557823723839017,0.14557823723839017,alvo,1.7388865215937535,1.7242367953393065,80,20.0,0.013998476875477589
DOGE,2022-04-25 11:15:00+00:00,2022-04-25 11:15:00+00:00,2022-04-25 11:45:00+00:00,1,0.12644,0.12132900737147341,0.13518747907254816,0.13518747907254816,alvo,1.7115029717955035,1.6782300102091392,2,0.5,0.005110992628526587
DOGE,2022-04-25 19:30:00+00:00,2022-04-25 19:30:00+00:00,2022-04-26 23:30:00+00:00,-1,0.16282,0.17867235586600294,0.1361627629079595,0.1361627629079595,alvo,1.6815946675288653,1.669335366921884,112,28.0,0.01585235586600295
DOGE,2022-05-09 20:15:00+00:00,2022-05-09 20:15:00+00:00,2022-05-10 00:00:00+00:00,1,0.11114,0.10390699370838238,0.12572918981383133,0.10390699370838238,stop,-1.0,-1.0193253731954361,15,3.75,0.007233006291617619
DOGE,2022-05-10 01:00:00+00:00,2022-05-10 01:00:00+00:00,2022-05-11 12:45:00+00:00,1,0.10566,0.09729206926140865,0.12438789569457999,0.09729206926140865,stop,-1.0,-1.0157648108165536,143,35.75,0.00836793073859135
DOGE,2022-05-11 13:45:00+00:00,2022-05-11 13:45:00+00:00,2022-05-11 19:45:00+00:00,1,0.09456,0.08318565895468025,0.11760793319816144,0.08318565895468025,stop,-1.0,-1.0101574832212439,24,6.0,0.011374341045319758
DOGE,2022-05-11 22:15:00+00:00,2022-05-11 22:15:00+00:00,2022-05-12 05:15:00+00:00,1,0.08524,0.07334684867413102,0.11358134230550973,0.07334684867413102,stop,-1.0,-1.0086672950518987,28,7.0,0.011893151325868975
DOGE,2022-05-12 07:45:00+00:00,2022-05-12 07:45:00+00:00,2022-05-16 07:45:00+00:00,1,0.07753,0.06516692840707376,0.10863172307785032,0.08748,tempo,0.8048161757546626,0.7961406213672425,384,96.0,0.01236307159292624
DOGE,2022-05-26 13:45:00+00:00,2022-05-26 13:45:00+00:00,2022-05-27 15:30:00+00:00,1,0.07692,0.07302261164804413,0.08380714478157632,0.08380714478157632,alvo,1.767117915801248,1.7403121077386268,103,25.75,0.003897388351955869
DOGE,2022-06-12 15:00:00+00:00,2022-06-12 15:00:00+00:00,2022-06-13 00:15:00+00:00,1,0.06696,0.06313869277297696,0.0751537504515786,0.06313869277297696,stop,-1.0,-1.0221296392251387,37,9.25,0.003821307227023049
DOGE,2022-06-13 20:30:00+00:00,2022-06-13 20:30:00+00:00,2022-06-14 01:30:00+00:00,1,0.05706,0.0515918997569097,0.06913864415600848,0.0515918997569097,stop,-1.0,-1.0129155889069945,20,5.0,0.005468100243090301
DOGE,2022-06-14 03:30:00+00:00,2022-06-14 03:30:00+00:00,2022-06-18 03:30:00+00:00,1,0.05457,0.04902862637801422,0.0674537983784508,0.05633,tempo,0.3176107802977005,0.30460227285579156,384,96.0,0.005541373621985778
DOGE,2022-07-11 23:45:00+00:00,2022-07-11 23:45:00+00:00,2022-07-13 12:45:00+00:00,1,0.0617,0.0590197532566722,0.06730080694940155,0.0590197532566722,stop,-1.0,-1.0292763492063461,148,37.0,0.0026802467433277993
DOGE,2022-07-20 07:30:00+00:00,2022-07-20 07:30:00+00:00,2022-07-24 07:30:00+00:00,-1,0.07477,0.07994449267955972,0.06569134409695875,0.06863,tempo,1.186589754828379,1.1685763947229144,384,96.0,0.005174492679559717
DOGE,2022-08-14 17:00:00+00:00,2022-08-14 17:00:00+00:00,2022-08-16 08:45:00+00:00,-1,0.07996,0.08560614329715674,0.0724659575862885,0.08560614329715674,stop,-1.0,-1.0190604431165156,159,39.75,0.005646143297156736
DOGE,2022-08-16 10:30:00+00:00,2022-08-16 10:30:00+00:00,2022-08-18 23:30:00+00:00,-1,0.08725,0.09440009764400972,0.07531307751300008,0.07531307751300008,alvo,1.6694768493127552,1.6546985895400406,244,61.0,0.007150097644009729
DOGE,2022-09-24 02:45:00+00:00,2022-09-24 02:45:00+00:00,2022-09-26 07:00:00+00:00,-1,0.0674,0.07177311821531478,0.05991959328214932,0.05991959328214932,alvo,1.7105429923330455,1.6916187987579492,209,52.25,0.004373118215314775
DOGE,2022-10-26 08:00:00+00:00,2022-10-26 08:00:00+00:00,2022-10-26 10:30:00+00:00,-1,0.06549,0.0682246097237829,0.060424285837950294,0.0682246097237829,stop,-1.0,-1.0317831446164196,10,2.5,0.0027346097237828937
DOGE,2022-10-27 23:00:00+00:00,2022-10-27 23:00:00+00:00,2022-10-28 10:30:00+00:00,-1,0.07691,0.08327850259759387,0.06610899081658166,0.08327850259759387,stop,-1.0,-1.016349608890444,46,11.5,0.006368502597593861
DOGE,2022-10-28 11:15:00+00:00,2022-10-28 11:15:00+00:00,2022-10-28 13:45:00+00:00,-1,0.07896,0.08630720057169261,0.06764341733129027,0.08630720057169261,stop,-1.0,-1.0146210354982663,10,2.5,0.007347200571692608
DOGE,2022-10-28 19:15:00+00:00,2022-10-28 19:15:00+00:00,2022-10-29 07:45:00+00:00,-1,0.08292,0.0911346900370402,0.06929105022972336,0.0911346900370402,stop,-1.0,-1.0137723453975678,50,12.5,0.008214690037040201
DOGE,2022-10-30 13:30:00+00:00,2022-10-30 13:30:00+00:00,2022-11-01 05:45:00+00:00,-1,0.12168,0.1451691502622717,0.0866855064586364,0.1451691502622717,stop,-1.0,-1.0073843432279914,161,40.25,0.023489150262271705
DOGE,2022-11-01 07:30:00+00:00,2022-11-01 07:30:00+00:00,2022-11-05 07:30:00+00:00,-1,0.14416,0.17186598003918613,0.10194683479411511,0.12944,tempo,0.5312932435229034,0.5248744126514283,384,96.0,0.027705980039186118
DOGE,2022-11-08 19:45:00+00:00,2022-11-08 19:45:00+00:00,2022-11-09 21:30:00+00:00,1,0.08635,0.07342351165150719,0.11552489368501243,0.07342351165150719,stop,-1.0,-1.0080341063847853,103,25.75,0.012926488348492804
DOGE,2022-11-09 22:30:00+00:00,2022-11-09 22:30:00+00:00,2022-11-13 22:30:00+00:00,1,0.07369,0.061528208611838546,0.1046241378029207,0.08424,tempo,0.8674708900425293,0.8590301516082287,384,96.0,0.01216179138816146
DOGE,2022-11-21 02:45:00+00:00,2022-11-21 02:45:00+00:00,2022-11-24 02:00:00+00:00,1,0.07441,0.06972223354832174,0.08426006776711215,0.08426006776711215,alvo,2.101228350142259,2.0792273513485373,285,71.25,0.00468776645167826
DOGE,2022-11-27 15:00:00+00:00,2022-11-27 15:00:00+00:00,2022-11-30 00:45:00+00:00,-1,0.10164,0.11032780453546144,0.08703771376984093,0.11032780453546144,stop,-1.0,-1.0158589057092238,231,57.75,0.008687804535461446
DOGE,2022-12-12 05:45:00+00:00,2022-12-12 05:45:00+00:00,2022-12-16 05:45:00+00:00,1,0.08732,0.08285280908813389,0.09678612682537664,0.08615,tempo,-0.2619095586204171,-0.2871503648059083,384,96.0,0.004467190911866106
DOGE,2022-12-16 17:45:00+00:00,2022-12-16 17:45:00+00:00,2022-12-16 22:45:00+00:00,1,0.08061,0.07657366776891847,0.08925937701316837,0.07657366776891847,stop,-1.0,-1.0253124317327122,20,5.0,0.0040363322310815325
DOGE,2022-12-17 04:30:00+00:00,2022-12-17 04:30:00+00:00,2022-12-19 18:45:00+00:00,1,0.07733,0.07248090358818973,0.08758346770098376,0.07248090358818973,stop,-1.0,-1.0200814912846763,249,62.25,0.004849096411810264
DOGE,2022-12-20 01:45:00+00:00,2022-12-20 01:45:00+00:00,2022-12-24 01:45:00+00:00,1,0.07291,0.06905045569892299,0.08066790609738447,0.07718,tempo,1.1063482284186867,1.0810710214767232,384,96.0,0.003859544301077017
DOGE,2022-12-28 06:00:00+00:00,2022-12-28 06:00:00+00:00,2022-12-30 07:30:00+00:00,1,0.07044,0.06790384557983825,0.07545516946663863,0.06790384557983825,stop,-1.0,-1.0354566342301663,198,49.5,0.0025361544201617514
DOGE,2022-12-30 15:30:00+00:00,2022-12-30 15:30:00+00:00,2023-01-01 00:00:00+00:00,1,0.06753,0.06496449435365274,0.07238268464128395,0.07021,fim_dados,1.0446283771839444,1.0097303834385503,130,32.5,0.002565505646347263
LTC,2020-09-21 20:45:00+00:00,2020-09-21 20:45:00+00:00,2020-09-25 20:45:00+00:00,1,43.94,42.18554086943465,47.422836199454565,46.18,tempo,1.2767467540142652,1.2433586864443333,384,96.0,1.7544591305653512
LTC,2020-10-21 14:15:00+00:00,2020-10-21 14:15:00+00:00,2020-10-21 22:45:00+00:00,-1,52.09,54.33420796285818,48.000626573410536,54.33420796285818,stop,-1.0,-1.0308241198323516,34,8.5,2.2442079628581766
LTC,2020-10-21 23:30:00+00:00,2020-10-21 23:30:00+00:00,2020-10-22 07:00:00+00:00,-1,53.28,55.85005417430808,48.58204785028991,55.85005417430808,stop,-1.0,-1.0276004046616634,30,7.5,2.5700541743080763
LTC,2020-10-22 09:15:00+00:00,2020-10-22 09:15:00+00:00,2020-10-24 10:30:00+00:00,-1,54.94,58.05580251989551,49.387361210063254,58.05580251989551,stop,-1.0,-1.023572505371873,197,49.25,3.11580251989551
LTC,2020-10-24 14:30:00+00:00,2020-10-24 14:30:00+00:00,2020-10-28 14:30:00+00:00,-1,58.26,61.57583749086056,52.707727798170616,56.14,tempo,0.6393558206164662,0.6169301136254094,384,96.0,3.3158374908605595
LTC,2020-11-06 11:00:00+00:00,2020-11-06 11:00:00+00:00,2020-11-10 11:00:00+00:00,-1,62.97,66.86781923378703,55.93136141981296,58.25,tempo,1.2109335289554088,1.1907188921869802,384,96.0,3.8978192337870325
LTC,2020-11-16 15:00:00+00:00,2020-11-16 15:00:00+00:00,2020-11-17 00:30:00+00:00,-1,71.06,75.65458350034888,62.72090771510732,75.65458350034888,stop,-1.0,-1.020755848548184,38,9.5,4.594583500348875
LTC,2020-11-17 03:30:00+00:00,2020-11-17 03:30:00+00:00,2020-11-19 12:00:00+00:00,-1,73.3,78.33147613294248,64.23343497772778,78.33147613294248,stop,-1.0,-1.0195887761130595,226,56.5,5.031476132942487
LTC,2020-11-26 18:00:00+00:00,2020-11-26 18:00:00+00:00,2020-11-30 14:15:00+00:00,1,67.22,60.43488098646225,82.30611771694456,82.30611771694456,alvo,2.223412395102363,2.2090881103960673,369,92.25,6.785119013537752
LTC,2020-12-16 22:30:00+00:00,2020-12-16 22:30:00+00:00,2020-12-17 10:15:00+00:00,-1,91.87,98.22306061857579,80.87781474977614,98.22306061857579,stop,-1.0,-1.0194489706332714,47,11.75,6.353060618575782
LTC,2020-12-17 18:00:00+00:00,2020-12-17 18:00:00+00:00,2020-12-18 02:15:00+00:00,-1,101.55,111.60698808883076,84.6154043507747,111.60698808883076,stop,-1.0,-1.013776693482576,33,8.25,10.056988088830764
LTC,2020-12-18 04:30:00+00:00,2020-12-18 04:30:00+00:00,2020-12-19 16:00:00+00:00,-1,106.25,118.12268706875238,87.18268463122504,118.12268706875238,stop,-1.0,-1.0122838449080773,142,35.5,11.872687068752384
LTC,2020-12-19 17:45:00+00:00,2020-12-19 17:45:00+00:00,2020-12-23 17:45:00+00:00,-1,116.72,129.3478070299151,95.71089494496476,106.49,tempo,0.810116909116942,0.79862746366879,384,96.0,12.62780702991509
LTC,2021-01-04 07:00:00+00:00,2021-01-04 07:00:00+00:00,2021-01-08 07:00:00+00:00,-1,168.14,187.54964301105736,135.5972282579161,160.42,tempo,0.39774044250077323,0.38673745806265986,384,96.0,19.40964301105737
LTC,2021-02-10 02:15:00+00:00,2021-02-10 02:15:00+00:00,2021-02-13 01:45:00+00:00,-1,188.65,206.40387773888267,158.2737024369001,206.40387773888267,stop,-1.0,-1.014463601941332,286,71.5,17.753877738882665
LTC,2021-02-13 20:15:00+00:00,2021-02-13 20:15:00+00:00,2021-02-17 20:15:00+00:00,-1,220.8,243.57744361787957,182.87430489138353,229.64,tempo,-0.3881032546190066,-0.40095746270802024,384,96.0,22.777443617879555
LTC,2021-02-23 09:30:00+00:00,2021-02-23 09:30:00+00:00,2021-02-27 09:30:00+00:00,1,175.28,154.00862532199062,217.12368955046338,171.76,tempo,-0.1654806073083293,-0.17608528159076783,384,96.0,21.27137467800938
LTC,2021-04-06 12:30:00+00:00,2021-04-06 12:30:00+00:00,2021-04-10 12:30:00+00:00,-1,237.73,255.30021728064457,206.5952247580998,232.04,tempo,0.32384346244073614,0.306464593692404,384,96.0,17.570217280644584
LTC,2021-05-19 14:00:00+00:00,2021-05-19 14:00:00+00:00,2021-05-23 08:15:00+00:00,1,195.34,153.4902068890298,297.77944711342775,153.4902068890298,stop,-1.0,-1.005417939196895,361,90.25,41.84979311097021
LTC,2021-05-23 13:00:00+00:00,2021-05-23 13:00:00+00:00,2021-05-27 13:00:00+00:00,1,137.03,110.0756811217811,205.83785136714226,197.82,tempo,2.2552972039342776,2.2472223384189083,384,96.0,26.9543188782189
LTC,2021-06-08 03:45:00+00:00,2021-06-08 03:45:00+00:00,2021-06-08 15:30:00+00:00,1,155.66,145.07924266823886,177.20217000659005,145.07924266823886,stop,-1.0,-1.018475096026214,47,11.75,10.580757331761134
LTC,2021-06-08 16:00:00+00:00,2021-06-08 16:00:00+00:00,2021-06-10 00:15:00+00:00,1,151.68,141.0666908603908,173.5861520667412,173.5861520667412,alvo,2.0640265706561505,2.0441060165610714,129,32.25,10.613309139609214
LTC,2021-06-20 13:00:00+00:00,2021-06-20 13:00:00+00:00,2021-06-21 06:45:00+00:00,1,146.4,139.28360609631235,161.5779759745684,139.28360609631235,stop,-1.0,-1.0260938821650074,71,17.75,7.116393903687651
LTC,2021-06-21 07:00:00+00:00,2021-06-21 07:00:00+00:00,2021-06-21 11:00:00+00:00,1,139.95,131.12734643695833,158.98340310858933,131.12734643695833,stop,-1.0,-1.0199713469337763,16,4.0,8.822653563041655
LTC,2021-06-21 13:45:00+00:00,2021-06-21 13:45:00+00:00,2021-06-21 23:00:00+00:00,1,134.63,124.45082906249678,156.6455594616609,124.45082906249678,stop,-1.0,-1.0165438364209187,37,9.25,10.179170937503216
LTC,2021-06-22 01:15:00+00:00,2021-06-22 01:15:00+00:00,2021-06-22 10:00:00+00:00,1,129.32,117.66800412502104,152.40825962971118,117.66800412502104,stop,-1.0,-1.013778086123941,35,8.75,11.651995874978951
LTC,2021-06-22 16:00:00+00:00,2021-06-22 16:00:00+00:00,2021-06-26 16:00:00+00:00,1,118.08,106.04654970445075,145.8448992088928,122.72,tempo,0.38559181997171466,0.3725847441824964,384,96.0,12.033450295549244
LTC,2021-07-20 11:45:00+00:00,2021-07-20 11:45:00+00:00,2021-07-22 13:15:00+00:00,1,106.47,100.34710111903615,119.45422398775214,119.45422398775214,alvo,2.1206007546719787,2.0966168953192463,198,49.5,6.122898880963845
LTC,2021-07-26 07:45:00+00:00,2021-07-26 07:45:00+00:00,2021-07-30 03:30:00+00:00,-1,135.86,143.2485234564136,123.04750013709322,143.2485234564136,stop,-1.0,-1.0245543702090012,367,91.75,7.388523456413594
LTC,2021-08-09 20:00:00+00:00,2021-08-09 20:00:00+00:00,2021-08-12 01:30:00+00:00,-1,167.86,178.1113328604394,149.24983897319814,178.1113328604394,stop,-1.0,-1.0219367929439809,214,53.5,10.25133286043939
LTC,2021-09-04 05:15:00+00:00,2021-09-04 05:15:00+00:00,2021-09-04 09:15:00+00:00,-1,210.6,224.9935574881758,185.09105013660215,224.9935574881758,stop,-1.0,-1.0196710099362098,16,4.0,14.393557488175816
LTC,2021-09-04 14:30:00+00:00,2021-09-04 14:30:00+00:00,2021-09-06 00:00:00+00:00,-1,216.96,232.68070452544214,188.85889763112343,232.68070452544214,stop,-1.0,-1.0185911806604175,134,33.5,15.72070452544213
LTC,2021-09-06 00:30:00+00:00,2021-09-06 00:30:00+00:00,2021-09-07 14:30:00+00:00,-1,228.55,244.39787451864999,200.14188337031914,200.14188337031914,alvo,1.792550578075934,1.774967795989744,152,38.0,15.847874518649974
LTC,2021-10-20 20:15:00+00:00,2021-10-20 20:15:00+00:00,2021-10-24 16:15:00+00:00,-1,205.41,215.56052299880955,186.84582147713857,186.84582147713857,alvo,1.828888868587227,1.8037703319374365,368,92.0,10.15052299880955
LTC,2021-11-08 16:15:00+00:00,2021-11-08 16:15:00+00:00,2021-11-08 17:30:00+00:00,-1,218.06,227.6714317653892,200.8576267501007,227.6714317653892,stop,-1.0,-1.0301438368101208,5,1.25,9.611431765389199
LTC,2021-11-10 03:15:00+00:00,2021-11-10 03:15:00+00:00,2021-11-10 11:15:00+00:00,-1,255.47,276.2669727522167,219.23589813169764,276.2669727522167,stop,-1.0,-1.0166191991693647,32,8.0,20.796972752216703
LTC,2021-11-10 21:15:00+00:00,2021-11-10 21:15:00+00:00,2021-11-14 21:15:00+00:00,-1,273.87,298.8539535956289,231.35424543226767,269.87,tempo,0.160102762947007,0.14595644304422611,384,96.0,24.98395359562892
LTC,2021-12-04 04:15:00+00:00,2021-12-04 04:15:00+00:00,2021-12-04 05:00:00+00:00,1,181.02,168.6737104013274,202.43638636857483,168.6737104013274,stop,-1.0,-1.0184104633172788,3,0.75,12.346289598672598
LTC,2021-12-04 06:00:00+00:00,2021-12-04 06:00:00+00:00,2021-12-08 06:00:00+00:00,1,153.85,134.0526022482724,201.20925038484305,160.08,tempo,0.3146878230224153,0.3043806855612713,384,96.0,19.7973977517276
LTC,2022-01-05 22:45:00+00:00,2022-01-05 22:45:00+00:00,2022-01-07 04:30:00+00:00,1,134.55,127.79090075428277,148.67958576336406,127.79090075428277,stop,-1.0,-1.02522844824306,119,29.75,6.759099245717238
LTC,2022-01-07 05:00:00+00:00,2022-01-07 05:00:00+00:00,2022-01-10 14:30:00+00:00,1,129.31,122.41156411781937,143.73746861815434,122.41156411781937,stop,-1.0,-1.0237182775155202,326,81.5,6.898435882180635
LTC,2022-01-21 02:15:00+00:00,2022-01-21 02:15:00+00:00,2022-01-21 12:45:00+00:00,1,125.33,118.33738204583743,140.27221000290461,118.33738204583743,stop,-1.0,-1.022650143246495,42,10.5,6.992617954162569
LTC,2022-01-21 13:15:00+00:00,2022-01-21 13:15:00+00:00,2022-01-21 22:00:00+00:00,1,121.77,114.2184184227577,137.7995256563781,114.2184184227577,stop,-1.0,-1.0203126286071067,35,8.75,7.5515815772423025
LTC,2022-01-22 03:15:00+00:00,2022-01-22 03:15:00+00:00,2022-01-22 06:45:00+00:00,1,115.39,106.95709668567201,134.09003940855797,106.95709668567201,stop,-1.0,-1.0171382983367223,14,3.5,8.432903314327987
LTC,2022-01-22 12:45:00+00:00,2022-01-22 12:45:00+00:00,2022-01-24 11:00:00+00:00,1,108.24,98.65154065989712,130.35570502666837,98.65154065989712,stop,-1.0,-1.0140251417520731,185,46.25,9.588459340102872
LTC,2022-01-24 11:15:00+00:00,2022-01-24 11:15:00+00:00,2022-01-28 11:15:00+00:00,1,101.71,92.46246382399544,118.79964443632733,106.55,tempo,0.5233826511064429,0.5087442655490817,384,96.0,9.247536176004559
LTC,2022-02-08 08:15:00+00:00,2022-02-08 08:15:00+00:00,2022-02-12 06:45:00+00:00,-1,137.43,145.52565283840363,122.79259752891915,122.79259752891915,alvo,1.8080570848647213,1.7871638114289559,378,94.5,8.095652838403623
LTC,2022-02-22 00:15:00+00:00,2022-02-22 00:15:00+00:00,2022-02-24 03:45:00+00:00,1,103.45,97.54587018479603,115.74284802835199,97.54587018479603,stop,-1.0,-1.0221281238233757,206,51.5,5.904129815203973
LTC,2022-02-24 08:15:00+00:00,2022-02-24 08:15:00+00:00,2022-02-25 23:00:00+00:00,1,95.76,89.42123110941554,109.69319574668717,109.69319574668717,alvo,2.1980917725811677,2.177023868144123,155,38.75,6.338768890584461
LTC,2022-04-06 18:45:00+00:00,2022-04-06 18:45:00+00:00,2022-04-08 23:15:00+00:00,1,114.65,109.67620720290714,123.9170195880711,109.67620720290714,stop,-1.0,-1.0293160653509963,210,52.5,4.9737927970928695
LTC,2022-04-11 10:15:00+00:00,2022-04-11 10:15:00+00:00,2022-04-15 10:15:00+00:00,1,105.47,101.36122681986883,114.15451328268041,109.95,tempo,1.0903497963002637,1.0562707673879084,384,96.0,4.108773180131166
LTC,2022-04-25 09:45:00+00:00,2022-04-25 09:45:00+00:00,2022-04-26 23:30:00+00:00,1,100.72,97.2744965366734,106.78530280202443,97.2744965366734,stop,-1.0,-1.0373519934368554,151,37.75,3.4455034633266024
LTC,2022-04-26 23:45:00+00:00,2022-04-26 23:45:00+00:00,2022-04-30 23:15:00+00:00,1,98.38,94.80578946148783,104.9165185010264,94.80578946148783,stop,-1.0,-1.0351324472346943,382,95.5,3.574210538512162
LTC,2022-05-09 11:15:00+00:00,2022-05-09 11:15:00+00:00,2022-05-09 16:45:00+00:00,1,87.45,83.13458634947011,96.27948488600288,83.13458634947011,stop,-1.0,-1.0256939403974727,22,5.5,4.315413650529891
LTC,2022-05-09 20:15:00+00:00,2022-05-09 20:15:00+00:00,2022-05-10 00:00:00+00:00,1,82.22,76.47761133094993,94.69926582784348,76.47761133094993,stop,-1.0,-1.0179635084474665,15,3.75,5.742388669050072
LTC,2022-05-10 02:30:00+00:00,2022-05-10 02:30:00+00:00,2022-05-11 13:00:00+00:00,1,78.99,72.66557607518537,93.19755047871587,72.66557607518537,stop,-1.0,-1.0155865776267932,138,34.5,6.324423924814624
LTC,2022-05-11 13:15:00+00:00,2022-05-11 13:15:00+00:00,2022-05-11 21:30:00+00:00,1,72.87,64.67365593214285,87.76597113201545,64.67365593214285,stop,-1.0,-1.0109077139290061,33,8.25,8.196344067857154
LTC,2022-05-11 22:00:00+00:00,2022-05-11 22:00:00+00:00,2022-05-12 04:30:00+00:00,1,67.23,59.16714400470111,85.60742542674977,59.16714400470111,stop,-1.0,-1.0101897074251305,26,6.5,8.062855995298897
LTC,2022-05-12 07:30:00+00:00,2022-05-12 07:30:00+00:00,2022-05-16 07:30:00+00:00,1,62.19,52.45909295301452,82.30010276086335,65.64,tempo,0.3545404332136512,0.3460017122497365,384,96.0,9.730907046985479
LTC,2022-05-26 13:45:00+00:00,2022-05-26 13:45:00+00:00,2022-05-30 13:45:00+00:00,1,62.06,58.483884832318736,69.105017550141,65.94,tempo,1.0849762432331749,1.0617107732751851,384,96.0,3.576115167681266
LTC,2022-06-10 16:45:00+00:00,2022-06-10 16:45:00+00:00,2022-06-11 13:15:00+00:00,1,56.2,53.58102179662216,61.81587227011076,53.58102179662216,stop,-1.0,-1.0272463757337769,82,20.5,2.618978203377843
LTC,2022-06-11 13:45:00+00:00,2022-06-11 13:45:00+00:00,2022-06-11 15:15:00+00:00,1,54.73,52.03224808032473,60.449660367972804,52.03224808032473,stop,-1.0,-1.0257234405973712,6,1.5,2.6977519196752695
LTC,2022-06-12 15:00:00+00:00,2022-06-12 15:00:00+00:00,2022-06-12 23:45:00+00:00,1,51.54,48.340738847893554,57.38591010706462,48.340738847893554,stop,-1.0,-1.0202929605194577,35,8.75,3.1992611521064447
LTC,2022-06-13 18:00:00+00:00,2022-06-13 18:00:00+00:00,2022-06-14 02:15:00+00:00,1,44.3,40.326788435011665,53.2869302537174,40.326788435011665,stop,-1.0,-1.013844571723157,33,8.25,3.9732115649883326
LTC,2022-06-14 03:00:00+00:00,2022-06-14 03:00:00+00:00,2022-06-18 03:00:00+00:00,1,43.28,39.128840176823545,51.927438612961424,47.14,tempo,0.9298606087024464,0.9157023969005632,384,96.0,4.151159823176457
LTC,2022-07-28 16:45:00+00:00,2022-07-28 16:45:00+00:00,2022-08-01 16:45:00+00:00,-1,62.88,66.66440409676,56.31685423460028,59.44,tempo,0.9089938368223287,0.8879844525263783,384,96.0,3.7844040967599923
LTC,2022-08-19 12:00:00+00:00,2022-08-19 12:00:00+00:00,2022-08-23 12:00:00+00:00,1,54.72,51.82017689667402,60.82110498850164,56.58,tempo,0.6414184361337957,0.6164703626057852,384,96.0,2.8998231033259785
LTC,2022-10-25 22:15:00+00:00,2022-10-25 22:15:00+00:00,2022-10-26 10:15:00+00:00,-1,55.71,57.475738893823916,52.525447704563014,57.475738893823916,stop,-1.0,-1.041665690515351,48,12.0,1.7657388938239151
LTC,2022-10-26 12:30:00+00:00,2022-10-26 12:30:00+00:00,2022-10-30 12:30:00+00:00,-1,56.6,58.39232641716172,53.23043633396642,55.8,tempo,0.44634726818726683,0.4055846039200649,384,96.0,1.7923264171617177
LTC,2022-11-04 15:45:00+00:00,2022-11-04 15:45:00+00:00,2022-11-08 15:45:00+00:00,-1,68.21,73.52719418949611,59.096029771389944,65.96,tempo,0.4231555064219348,0.4067539049584636,384,96.0,5.317194189496121
LTC,2022-11-09 22:30:00+00:00,2022-11-09 22:30:00+00:00,2022-11-11 01:00:00+00:00,1,49.89,44.43377634418524,62.32966594711364,62.32966594711364,alvo,2.2799039650540247,2.2665352346890426,106,26.5,5.45622365581476
LTC,2022-11-23 09:45:00+00:00,2022-11-23 09:45:00+00:00,2022-11-27 09:45:00+00:00,-1,78.12,86.45251838866548,64.19316027666444,77.6,tempo,0.06240610290249748,0.05025875497252658,384,96.0,8.332518388665477
LTC,2022-12-16 09:30:00+00:00,2022-12-16 09:30:00+00:00,2022-12-16 22:45:00+00:00,1,69.44,66.37673955719896,75.58485906434788,66.37673955719896,stop,-1.0,-1.028819253981374,53,13.25,3.063260442801038
LTC,2022-12-17 00:15:00+00:00,2022-12-17 00:15:00+00:00,2022-12-17 06:15:00+00:00,1,67.19,63.799898230024624,74.06246784548676,63.799898230024624,stop,-1.0,-1.0251153032052294,24,6.0,3.3901017699753737
LTC,2022-12-17 21:45:00+00:00,2022-12-17 21:45:00+00:00,2022-12-21 21:45:00+00:00,1,63.9,60.43071503150257,71.38852704930414,65.47,tempo,0.4525428191273602,0.4283042510179148,384,96.0,3.4692849684974263
LINK,2020-09-05 19:45:00+00:00,2020-09-05 19:45:00+00:00,2020-09-06 20:45:00+00:00,1,10.274,8.51843965781274,13.04983896837783,13.04983896837783,alvo,1.5811697847533988,1.5725340831115189,100,25.0,1.755560342187259
LINK,2020-09-21 11:00:00+00:00,2020-09-21 11:00:00+00:00,2020-09-23 06:30:00+00:00,1,8.872,8.157091583134441,10.488834684014,8.157091583134441,stop,-1.0,-1.0154829755363182,174,43.5,0.7149084168655584
LINK,2020-09-23 09:15:00+00:00,2020-09-23 09:15:00+00:00,2020-09-23 21:00:00+00:00,1,8.168,7.523319373284664,9.580471656924932,7.523319373284664,stop,-1.0,-1.0158207912103718,47,11.75,0.6446806267153349
LINK,2020-09-23 21:15:00+00:00,2020-09-23 21:15:00+00:00,2020-09-24 16:15:00+00:00,1,7.921,7.252277983999194,9.334624317104876,9.334624317104876,alvo,2.113919211990131,2.0971466883738237,76,19.0,0.6687220160008058
LINK,2020-10-10 02:30:00+00:00,2020-10-10 02:30:00+00:00,2020-10-12 16:15:00+00:00,-1,10.793,11.571127203376722,9.42213493089077,11.571127203376722,stop,-1.0,-1.0186816276556225,247,61.75,0.778127203376723
LINK,2020-10-22 18:30:00+00:00,2020-10-22 18:30:00+00:00,2020-10-26 18:30:00+00:00,-1,12.193,12.969237761863578,10.787068082914121,11.631,tempo,0.7240049732323757,0.7040554155571314,384,96.0,0.7762377618635785
LINK,2020-11-07 03:45:00+00:00,2020-11-07 03:45:00+00:00,2020-11-11 03:45:00+00:00,-1,12.84,13.93181321121448,11.084634316286841,13.197,tempo,-0.32697900733669416,-0.34247987307651656,384,96.0,1.0918132112144807
LINK,2020-11-26 04:00:00+00:00,2020-11-26 04:00:00+00:00,2020-11-30 04:00:00+00:00,1,12.345,11.116913375290249,14.744829831953817,14.076,tempo,1.4095096918827754,1.3955256213339582,384,96.0,1.2280866247097517
LINK,2020-12-23 22:45:00+00:00,2020-12-23 22:45:00+00:00,2020-12-27 15:15:00+00:00,1,10.222,9.090486993408689,12.645460827427266,12.645460827427266,alvo,2.141787865724987,2.12865160529206,354,88.5,1.1315130065913106
LINK,2021-01-04 07:00:00+00:00,2021-01-04 07:00:00+00:00,2021-01-06 14:15:00+00:00,-1,15.052,16.805210339851232,12.217813760651156,16.805210339851232,stop,-1.0,-1.0118110110636584,221,55.25,1.7532103398512326
LINK,2021-02-13 22:00:00+00:00,2021-02-13 22:00:00+00:00,2021-02-15 02:30:00+00:00,-1,33.966,37.419435667463254,27.99384683588898,27.99384683588898,alvo,1.7293367356971527,1.7176747548985032,114,28.5,3.4534356674632534
LINK,2021-02-23 09:30:00+00:00,2021-02-23 09:30:00+00:00,2021-02-27 09:30:00+00:00,1,23.888,19.918933554855215,32.12927168067663,25.124,tempo,0.3114082409761496,0.30338171875983083,384,96.0,3.9690664451447866
LINK,2021-03-24 22:45:00+00:00,2021-03-24 22:45:00+00:00,2021-03-28 22:45:00+00:00,1,24.932,23.28509691708633,28.2569616126858,26.526,tempo,0.9678772336620618,0.9475677811223137,384,96.0,1.646903082913667
LINK,2021-04-02 23:45:00+00:00,2021-04-02 23:45:00+00:00,2021-04-04 00:15:00+00:00,-1,32.309,34.11067366500598,28.999552660877097,28.999552660877097,alvo,1.836873904193913,1.814755270834504,98,24.5,1.8016736650059855
LINK,2021-04-14 21:45:00+00:00,2021-04-14 21:45:00+00:00,2021-04-15 14:30:00+00:00,-1,39.927,43.493926336106576,34.07519535915306,43.493926336106576,stop,-1.0,-1.0152017723409608,67,16.75,3.566926336106576
LINK,2021-04-15 16:45:00+00:00,2021-04-15 16:45:00+00:00,2021-04-18 03:30:00+00:00,-1,43.04,47.30804423705824,35.71355595476344,35.71355595476344,alvo,1.716581093893798,1.704587354249272,235,58.75,4.268044237058241
LINK,2021-05-04 21:45:00+00:00,2021-05-04 21:45:00+00:00,2021-05-08 21:45:00+00:00,-1,47.057,52.07673286489898,39.68622717498305,48.04,tempo,-0.19582715384592086,-0.20814116569946678,384,96.0,5.019732864898977
LINK,2021-05-19 14:00:00+00:00,2021-05-19 14:00:00+00:00,2021-05-20 01:00:00+00:00,1,28.003,22.366972326416775,40.71759324743986,22.366972326416775,stop,-1.0,-1.0058091414571346,44,11.0,5.636027673583225
LINK,2021-05-23 09:30:00+00:00,2021-05-23 09:30:00+00:00,2021-05-23 16:45:00+00:00,1,19.611,15.756385775762196,29.188557090421025,15.756385775762196,stop,-1.0,-1.0059639692630438,29,7.25,3.854614224237805
LINK,2021-05-23 17:15:00+00:00,2021-05-23 17:15:00+00:00,2021-05-26 00:15:00+00:00,1,17.414,13.696116981643595,27.753438265144997,27.753438265144997,alvo,2.7810015038385556,2.7731048500903364,220,55.0,3.7178830183564067
LINK,2021-06-08 03:30:00+00:00,2021-06-08 03:30:00+00:00,2021-06-08 15:30:00+00:00,1,23.416,21.37351544436264,28.088822691216027,21.37351544436264,stop,-1.0,-1.014253809145573,48,12.0,2.042484555637362
LINK,2021-06-08 16:15:00+00:00,2021-06-08 16:15:00+00:00,2021-06-12 01:30:00+00:00,1,22.914,20.84445473512465,27.27893518584989,20.84445473512465,stop,-1.0,-1.0137435967507307,325,81.25,2.0695452648753516
LINK,2021-06-12 02:45:00+00:00,2021-06-12 02:45:00+00:00,2021-06-14 15:45:00+00:00,1,20.544,18.85890996698514,24.37804473365512,24.37804473365512,alvo,2.2752758953748504,2.257947842567705,244,61.0,1.685090033014859
LINK,2021-06-20 12:45:00+00:00,2021-06-20 12:45:00+00:00,2021-06-21 11:15:00+00:00,1,19.334,18.02203207718035,22.17200278668193,18.02203207718035,stop,-1.0,-1.0185076330204645,90,22.5,1.311967922819651
LINK,2021-06-21 11:45:00+00:00,2021-06-21 11:45:00+00:00,2021-06-22 09:45:00+00:00,1,18.335,16.68880227527865,21.621509663447977,16.68880227527865,stop,-1.0,-1.0138291234017982,88,22.0,1.6461977247213504
LINK,2021-06-22 14:45:00+00:00,2021-06-22 14:45:00+00:00,2021-06-26 14:45:00+00:00,1,15.95,14.091545094878345,20.226848628874915,16.45,tempo,0.26904069537660913,0.25770870128734635,384,96.0,1.8584549051216541
LINK,2021-07-20 07:15:00+00:00,2021-07-20 07:15:00+00:00,2021-07-21 16:45:00+00:00,1,13.769,12.923411504862372,15.552562848885474,15.552562848885474,alvo,2.1092562861740225,2.0867169352233295,134,33.5,0.845588495137628
LINK,2021-07-26 02:15:00+00:00,2021-07-26 02:15:00+00:00,2021-07-26 16:15:00+00:00,-1,18.368,19.676282189176536,16.04686835566433,19.676282189176536,stop,-1.0,-1.0189017198487809,56,14.0,1.3082821891765377
LINK,2021-07-26 20:00:00+00:00,2021-07-26 20:00:00+00:00,2021-07-30 16:15:00+00:00,-1,19.27,20.74208391171788,16.69346095696303,20.74208391171788,stop,-1.0,-1.0176673723118583,369,92.25,1.4720839117178812
LINK,2021-07-30 19:00:00+00:00,2021-07-30 19:00:00+00:00,2021-07-31 22:15:00+00:00,-1,21.59,23.327118000059578,18.56819061869677,23.327118000059578,stop,-1.0,-1.0168072213281063,109,27.25,1.7371180000595778
LINK,2021-07-31 23:45:00+00:00,2021-07-31 23:45:00+00:00,2021-08-04 15:15:00+00:00,-1,22.886,24.68009041916099,19.68215336235767,24.68009041916099,stop,-1.0,-1.0172332221621883,350,87.5,1.794090419160991
LINK,2021-09-06 00:15:00+00:00,2021-09-06 00:15:00+00:00,2021-09-06 14:15:00+00:00,-1,33.249,35.439082223679954,29.60860778207781,35.439082223679954,stop,-1.0,-1.0203861083217105,56,14.0,2.1900822236799513
LINK,2021-09-06 20:15:00+00:00,2021-09-06 20:15:00+00:00,2021-09-07 14:30:00+00:00,-1,35.107,37.57547482001452,30.769437518947566,30.769437518947566,alvo,1.7571831990682076,1.739836583238817,73,18.25,2.468474820014521
LINK,2021-09-20 13:30:00+00:00,2021-09-20 13:30:00+00:00,2021-09-21 00:30:00+00:00,1,24.356,22.620785351843697,28.088075303581864,22.620785351843697,stop,-1.0,-1.0175971949701683,44,11.0,1.7352146481563047
LINK,2021-09-21 01:45:00+00:00,2021-09-21 01:45:00+00:00,2021-09-21 21:00:00+00:00,1,23.402,21.540812896820395,27.36715318867602,21.540812896820395,stop,-1.0,-1.0156958042171187,77,19.25,1.8611871031796063
LINK,2021-09-21 21:45:00+00:00,2021-09-21 21:45:00+00:00,2021-09-25 21:45:00+00:00,1,22.347,20.544471714626273,26.279057139957985,23.96,tempo,0.8948541962355763,0.8781556788007948,384,96.0,1.8025282853737288
LINK,2021-11-10 14:45:00+00:00,2021-11-10 14:45:00+00:00,2021-11-10 21:30:00+00:00,-1,37.574,40.036798805431,33.30418534091986,33.30418534091986,alvo,1.7337245128040029,1.7150178200891932,27,6.75,2.4627988054309995
LINK,2021-11-16 10:30:00+00:00,2021-11-16 10:30:00+00:00,2021-11-18 17:15:00+00:00,1,28.81,26.550763995973448,33.250901290863496,26.550763995973448,stop,-1.0,-1.0159277280165724,219,54.75,2.259236004026551
LINK,2021-11-18 17:30:00+00:00,2021-11-18 17:30:00+00:00,2021-11-22 17:30:00+00:00,1,26.836,24.73610173311471,30.759678586625547,27.293,tempo,0.21762959054100012,0.20087456456910524,384,96.0,2.099898266885287
LINK,2021-12-04 06:00:00+00:00,2021-12-04 06:00:00+00:00,2021-12-08 06:00:00+00:00,1,18.603,15.825495645773383,24.73877664010094,21.673,tempo,1.1053087982844305,1.095883286507946,384,96.0,2.7775043542266182
LINK,2022-01-05 01:30:00+00:00,2022-01-05 01:30:00+00:00,2022-01-05 15:30:00+00:00,-1,25.202,27.10780613992038,21.942644238773763,27.10780613992038,stop,-1.0,-1.0178409405231368,56,14.0,1.9058061399203794
LINK,2022-01-05 18:00:00+00:00,2022-01-05 18:00:00+00:00,2022-01-05 22:30:00+00:00,-1,26.196,28.218473828899644,22.72991507837829,22.72991507837829,alvo,1.7137848075430908,1.6980605769762862,18,4.5,2.022473828899642
LINK,2022-01-19 09:15:00+00:00,2022-01-19 09:15:00+00:00,2022-01-20 23:30:00+00:00,1,21.601,20.311505591696548,24.321877488310587,20.311505591696548,stop,-1.0,-1.021126984699721,153,38.25,1.289494408303451
LINK,2022-01-21 00:45:00+00:00,2022-01-21 00:45:00+00:00,2022-01-21 03:30:00+00:00,1,20.46,19.15997168252621,23.234783677679154,19.15997168252621,stop,-1.0,-1.0198095543362355,11,2.75,1.3000283174737923
LINK,2022-01-21 15:45:00+00:00,2022-01-21 15:45:00+00:00,2022-01-21 21:45:00+00:00,1,19.485,18.12205096601037,22.42971505526051,18.12205096601037,stop,-1.0,-1.0179350676498538,24,6.0,1.3629490339896293
LINK,2022-01-23 00:30:00+00:00,2022-01-23 00:30:00+00:00,2022-01-24 10:15:00+00:00,1,16.163,14.501573725297483,19.996564046467295,14.501573725297483,stop,-1.0,-1.0119969048431068,135,33.75,1.6614262747025172
LINK,2022-01-24 15:45:00+00:00,2022-01-24 15:45:00+00:00,2022-01-28 15:45:00+00:00,1,14.576,13.026530560151073,17.892998149975906,15.29,tempo,0.4608028926789375,0.44827415251747116,384,96.0,1.5494694398489273
LINK,2022-02-22 03:30:00+00:00,2022-02-22 03:30:00+00:00,2022-02-24 03:45:00+00:00,1,13.274,12.34400450737743,15.215485046961934,12.34400450737743,stop,-1.0,-1.017905143693587,193,48.25,0.9299954926225684
LINK,2022-02-24 15:00:00+00:00,2022-02-24 15:00:00+00:00,2022-02-24 20:15:00+00:00,1,12.065,11.093590463991665,14.075328300133016,14.075328300133016,alvo,2.069496155446192,2.0520048577336887,21,5.25,0.9714095360083341
LINK,2022-04-12 05:00:00+00:00,2022-04-12 05:00:00+00:00,2022-04-16 05:00:00+00:00,1,13.912,13.281849334645305,15.257855658366653,14.111,tempo,0.31579749247426037,0.2868917862654964,384,96.0,0.6301506653546962
LINK,2022-04-25 08:15:00+00:00,2022-04-25 08:15:00+00:00,2022-04-29 08:15:00+00:00,1,12.605,12.125407823505155,13.605837048103515,12.614,tempo,0.018765944152337663,-0.01541382525050241,384,96.0,0.47959217649484565
LINK,2022-04-30 22:30:00+00:00,2022-04-30 22:30:00+00:00,2022-04-30 23:15:00+00:00,1,11.509,10.998771040133715,12.531728746332037,10.998771040133715,stop,-1.0,-1.0286735021468028,3,0.75,0.5102289598662857
LINK,2022-05-01 02:00:00+00:00,2022-05-01 02:00:00+00:00,2022-05-05 02:00:00+00:00,1,11.179,10.564851562033116,12.45311691315519,12.162,tempo,1.6005902469673061,1.5758866915040288,384,96.0,0.6141484379668842
LINK,2022-05-09 13:45:00+00:00,2022-05-09 13:45:00+00:00,2022-05-09 16:45:00+00:00,1,9.402,8.80963179129415,10.595762829807708,8.80963179129415,stop,-1.0,-1.0199834503107499,12,3.0,0.5923682087058495
LINK,2022-05-09 20:15:00+00:00,2022-05-09 20:15:00+00:00,2022-05-10 00:00:00+00:00,1,8.881,8.164228509340491,10.429696855909631,8.164228509340491,stop,-1.0,-1.0154573649697995,15,3.75,0.7167714906595091
LINK,2022-05-10 02:30:00+00:00,2022-05-10 02:30:00+00:00,2022-05-11 12:45:00+00:00,1,8.495,7.697772067514519,10.245568329612155,7.697772067514519,stop,-1.0,-1.013202374647198,137,34.25,0.7972279324854803
LINK,2022-05-11 13:30:00+00:00,2022-05-11 13:30:00+00:00,2022-05-11 21:00:00+00:00,1,7.826,6.8135426348283135,9.561902427106716,6.8135426348283135,stop,-1.0,-1.0093986206629302,30,7.5,1.0124573651716862
LINK,2022-05-11 22:00:00+00:00,2022-05-11 22:00:00+00:00,2022-05-12 05:15:00+00:00,1,6.987,6.0232678290588355,9.27343241125697,6.0232678290588355,stop,-1.0,-1.0087749214396668,29,7.25,0.9637321709411646
LINK,2022-05-12 10:30:00+00:00,2022-05-12 10:30:00+00:00,2022-05-16 10:30:00+00:00,1,6.227,5.234589673844855,8.731414446379002,7.335,tempo,1.1164736710194048,1.107590954095093,384,96.0,0.9924103261551451
LINK,2022-06-07 20:45:00+00:00,2022-06-07 20:45:00+00:00,2022-06-09 09:30:00+00:00,-1,8.661,9.366789686192137,7.443959824764837,9.366789686192137,stop,-1.0,-1.0166027692459576,147,36.75,0.7057896861921371
LINK,2022-06-09 17:15:00+00:00,2022-06-09 17:15:00+00:00,2022-06-10 23:15:00+00:00,-1,9.427,10.242426367724489,8.038132046317381,8.038132046317381,alvo,1.7032414067727073,1.689319443638518,120,30.0,0.8154263677244895
LINK,2022-06-12 06:30:00+00:00,2022-06-12 06:30:00+00:00,2022-06-13 01:00:00+00:00,1,6.636,6.04246930469205,7.967282597380152,6.04246930469205,stop,-1.0,-1.0138847158423272,74,18.5,0.5935306953079502
LINK,2022-06-13 15:45:00+00:00,2022-06-13 15:45:00+00:00,2022-06-15 19:45:00+00:00,1,5.818,5.156409228716677,7.225177395985012,7.225177395985012,alvo,2.1269604369713857,2.1141457701480486,208,52.0,0.6615907712833229
LINK,2022-07-29 10:30:00+00:00,2022-07-29 10:30:00+00:00,2022-08-02 10:30:00+00:00,-1,7.733,8.282912488082328,6.8219413923370995,7.134,tempo,1.0892642247293756,1.0716913377529422,384,96.0,0.5499124880823283
LINK,2022-08-08 13:15:00+00:00,2022-08-08 13:15:00+00:00,2022-08-10 13:30:00+00:00,-1,8.608,9.05335041727217,7.817483563640298,9.05335041727217,stop,-1.0,-1.025777179780234,193,48.25,0.44535041727217006
LINK,2022-08-20 00:45:00+00:00,2022-08-20 00:45:00+00:00,2022-08-24 00:45:00+00:00,1,7.082,6.638028577997664,8.043088103306667,7.106,tempo,0.05405753345960579,0.033285475748306786,384,96.0,0.44397142200233564
LINK,2022-09-09 09:15:00+00:00,2022-09-09 09:15:00+00:00,2022-09-13 09:15:00+00:00,-1,7.917,8.37287599144754,7.113821778413978,7.756,tempo,0.3531662184902026,0.3308192421389105,384,96.0,0.4558759914475399
LINK,2022-10-13 07:00:00+00:00,2022-10-13 07:00:00+00:00,2022-10-13 10:30:00+00:00,1,6.824,6.574309615708218,7.343008428774327,6.574309615708218,stop,-1.0,-1.0348788010996586,14,3.5,0.2496903842917817
LINK,2022-10-13 12:30:00+00:00,2022-10-13 12:30:00+00:00,2022-10-13 12:45:00+00:00,1,6.722,6.429227106531424,7.2889424215235525,6.429227106531424,stop,-1.0,-1.0291977085650619,1,0.25,0.2927728934685767
LINK,2022-10-13 13:00:00+00:00,2022-10-13 13:00:00+00:00,2022-10-17 11:30:00+00:00,1,6.619,6.289603600850636,7.2834621575969685,7.2834621575969685,alvo,2.01721135784387,1.989777541245467,378,94.5,0.32939639914936336
LINK,2022-10-31 11:30:00+00:00,2022-10-31 11:30:00+00:00,2022-11-02 20:30:00+00:00,-1,8.158,8.598028289900654,7.360942544940579,7.360942544940579,alvo,1.81137775309713,1.788453516438417,228,57.0,0.44002828990065446
LINK,2022-11-09 22:00:00+00:00,2022-11-09 22:00:00+00:00,2022-11-13 22:00:00+00:00,1,5.904,5.0984816238189055,7.853355771167724,6.008,tempo,0.12910940715351116,0.11949721179093226,384,96.0,0.8055183761810945
LINK,2022-12-16 09:30:00+00:00,2022-12-16 09:30:00+00:00,2022-12-16 22:45:00+00:00,1,6.232,5.981583199528307,6.719226029962688,5.981583199528307,stop,-1.0,-1.0317024619144546,53,13.25,0.2504168004716929
LINK,2022-12-17 05:15:00+00:00,2022-12-17 05:15:00+00:00,2022-12-19 22:45:00+00:00,1,5.946,5.661010285797105,6.551667202450231,5.661010285797105,stop,-1.0,-1.0264730841492646,262,65.5,0.28498971420289454
LINK,2022-12-30 09:15:00+00:00,2022-12-30 09:15:00+00:00,2023-01-01 00:00:00+00:00,1,5.469,5.312234185920547,5.791228754074725,5.573,fim_dados,0.6634099443855134,0.6176263655986082,155,38.75,0.15676581407945367
DOT,2020-09-05 19:00:00+00:00,2020-09-05 19:00:00+00:00,2020-09-09 19:00:00+00:00,1,3.9,3.256858477503731,5.464801108044832,4.708,tempo,1.2563331269047207,1.2476333309744518,384,96.0,0.6431415224962689
DOT,2020-09-21 10:30:00+00:00,2020-09-21 10:30:00+00:00,2020-09-25 10:30:00+00:00,1,4.21,3.863774926979371,4.946921058691751,4.285,tempo,0.2166220930958731,0.2006736525285113,384,96.0,0.3462250730206291
DOT,2020-10-06 21:15:00+00:00,2020-10-06 21:15:00+00:00,2020-10-08 21:45:00+00:00,1,3.721,3.502642100004072,4.14258177099131,4.14258177099131,alvo,1.9306916351511494,1.9072836057130587,194,48.5,0.21835789999592814
DOT,2020-10-27 01:45:00+00:00,2020-10-27 01:45:00+00:00,2020-10-28 14:30:00+00:00,-1,4.873,5.168047729483277,4.335888797798982,4.335888797798982,alvo,1.8204214048407428,1.8001339153248859,147,36.75,0.29504772948327673
DOT,2020-11-20 13:00:00+00:00,2020-11-20 13:00:00+00:00,2020-11-21 16:15:00+00:00,-1,5.349,5.7204100802322735,4.711281990083553,5.7204100802322735,stop,-1.0,-1.019372432077372,109,27.25,0.3714100802322733
DOT,2020-11-21 16:45:00+00:00,2020-11-21 16:45:00+00:00,2020-11-25 16:45:00+00:00,-1,5.703,6.167933769802726,4.909889787795898,5.592,tempo,0.2387436818089136,0.22295272301683627,384,96.0,0.4649337698027258
DOT,2020-12-17 10:45:00+00:00,2020-12-17 10:45:00+00:00,2020-12-21 10:00:00+00:00,-1,5.556,5.834432464621869,5.059366799829412,5.059366799829412,alvo,1.7836756243387482,1.7588940729874722,381,95.25,0.27843246462186855
DOT,2020-12-28 18:15:00+00:00,2020-12-28 18:15:00+00:00,2020-12-29 00:00:00+00:00,-1,6.204,6.732265781701989,5.267361185536402,6.732265781701989,stop,-1.0,-1.0159173148240175,23,5.75,0.5282657817019896
DOT,2020-12-29 04:00:00+00:00,2020-12-29 04:00:00+00:00,2020-12-29 18:30:00+00:00,-1,6.39,7.049960014511413,5.401683503569242,7.049960014511413,stop,-1.0,-1.013237126215745,58,14.5,0.6599600145114133
DOT,2020-12-30 04:45:00+00:00,2020-12-30 04:45:00+00:00,2020-12-31 06:15:00+00:00,-1,7.296,8.186988437330307,5.8146844028897915,8.186988437330307,stop,-1.0,-1.0112952559905486,102,25.5,0.8909884373303063
DOT,2020-12-31 13:00:00+00:00,2020-12-31 13:00:00+00:00,2020-12-31 22:45:00+00:00,-1,7.968,8.945975648532091,6.412129283359141,8.945975648532091,stop,-1.0,-1.011241674767718,39,9.75,0.977975648532091
DOT,2021-01-01 13:00:00+00:00,2021-01-01 13:00:00+00:00,2021-01-02 17:15:00+00:00,-1,8.73,9.79118348362554,7.026222453772112,9.79118348362554,stop,-1.0,-1.0113446632463843,113,28.25,1.0611834836255394
DOT,2021-01-02 17:45:00+00:00,2021-01-02 17:45:00+00:00,2021-01-06 17:45:00+00:00,-1,9.506,10.719174282506156,7.512728044412777,10.09,tempo,-0.4813817836573175,-0.491881017101079,384,96.0,1.2131742825061558
DOT,2021-01-14 13:45:00+00:00,2021-01-14 13:45:00+00:00,2021-01-15 00:00:00+00:00,-1,12.51,14.521121626614189,9.376789737655733,14.521121626614189,stop,-1.0,-1.0087365323035582,41,10.25,2.011121626614189
DOT,2021-01-15 06:00:00+00:00,2021-01-15 06:00:00+00:00,2021-01-16 10:30:00+00:00,-1,13.697,16.062308709845343,10.086297061976897,16.062308709845343,stop,-1.0,-1.0081780236892055,114,28.5,2.365308709845344
DOT,2021-01-16 12:30:00+00:00,2021-01-16 12:30:00+00:00,2021-01-16 20:45:00+00:00,-1,16.167,19.298516881248652,11.406722877921439,19.298516881248652,stop,-1.0,-1.0073614758747906,33,8.25,3.1315168812486505
DOT,2021-01-17 00:15:00+00:00,2021-01-17 00:15:00+00:00,2021-01-21 00:15:00+00:00,-1,17.538,21.052777965913133,12.20516798530581,17.719,tempo,-0.051496851794158055,-0.05801705028813211,384,96.0,3.514777965913133
DOT,2021-02-03 14:45:00+00:00,2021-02-03 14:45:00+00:00,2021-02-04 00:15:00+00:00,-1,19.508,21.193257879756533,16.779134336677657,21.193257879756533,stop,-1.0,-1.015698379422895,38,9.5,1.6852578797565343
DOT,2021-02-04 08:00:00+00:00,2021-02-04 08:00:00+00:00,2021-02-08 08:00:00+00:00,-1,20.954,22.94457639108531,17.51985622799129,20.088,tempo,0.4350498699162388,0.4216480732710696,384,96.0,1.990576391085309
DOT,2021-02-12 16:30:00+00:00,2021-02-12 16:30:00+00:00,2021-02-15 02:30:00+00:00,-1,28.584,31.809558457642567,23.200821540541686,23.200821540541686,alvo,1.6689136253920713,1.6584781815942389,232,58.0,3.225558457642567
DOT,2021-02-20 01:45:00+00:00,2021-02-20 01:45:00+00:00,2021-02-20 17:00:00+00:00,-1,37.039,40.946429921359815,30.353472117676663,40.946429921359815,stop,-1.0,-1.012972856959452,61,15.25,3.907429921359814
DOT,2021-02-20 20:15:00+00:00,2021-02-20 20:15:00+00:00,2021-02-22 14:15:00+00:00,-1,40.301,45.23460692761113,32.210503620593606,32.210503620593606,alvo,1.6398745376587678,1.630321186926749,168,42.0,4.93360692761113
DOT,2021-03-24 22:45:00+00:00,2021-03-24 22:45:00+00:00,2021-03-28 22:45:00+00:00,1,29.73,26.804542201504187,35.91657864766555,31.939,tempo,0.7550954934765438,0.7413934157980996,384,96.0,2.925457798495813
DOT,2021-04-03 15:00:00+00:00,2021-04-03 15:00:00+00:00,2021-04-07 11:45:00+00:00,-1,43.768,47.54228573477411,37.655059033082516,37.655059033082516,alvo,1.6196285592784727,1.6056060416180098,371,92.75,3.774285734774111
DOT,2021-04-23 02:45:00+00:00,2021-04-23 02:45:00+00:00,2021-04-27 02:45:00+00:00,1,28.083,24.767600826773904,35.99469787448261,33.952,tempo,1.7702242455134263,1.7580619845327181,384,96.0,3.315399173226094
DOT,2021-05-19 13:30:00+00:00,2021-05-19 13:30:00+00:00,2021-05-23 09:00:00+00:00,1,24.349,18.361379603568558,40.14231146073817,18.361379603568558,stop,-1.0,-1.004636524178932,366,91.5,5.987620396431442
DOT,2021-05-23 17:00:00+00:00,2021-05-23 17:00:00+00:00,2021-05-27 17:00:00+00:00,1,15.034,11.229094770534813,26.563366863536498,23.4,tempo,2.1987407032410924,2.1921749418112046,384,96.0,3.804905229465188
DOT,2021-06-21 07:00:00+00:00,2021-06-21 07:00:00+00:00,2021-06-21 11:15:00+00:00,1,18.22,16.812641646044163,21.296726275314096,16.812641646044163,stop,-1.0,-1.0161801129086439,17,4.25,1.4073583539558356
DOT,2021-06-21 12:30:00+00:00,2021-06-21 12:30:00+00:00,2021-06-21 22:00:00+00:00,1,17.538,15.98926708863416,20.998236885849277,15.98926708863416,stop,-1.0,-1.014071324660101,38,9.5,1.5487329113658408
DOT,2021-06-22 01:15:00+00:00,2021-06-22 01:15:00+00:00,2021-06-22 10:30:00+00:00,1,16.487,14.614077188328821,20.216941711315393,14.614077188328821,stop,-1.0,-1.0107936643445417,37,9.25,1.8729228116711774
DOT,2021-06-22 10:45:00+00:00,2021-06-22 10:45:00+00:00,2021-06-22 12:30:00+00:00,1,15.318,13.490174829915286,19.60544680984554,13.490174829915286,stop,-1.0,-1.010244586816023,7,1.75,1.8278251700847132
DOT,2021-06-22 15:00:00+00:00,2021-06-22 15:00:00+00:00,2021-06-26 15:00:00+00:00,1,14.674,12.80428092631024,19.21424382612058,14.133,tempo,-0.2893482810400894,-0.29936291386032826,384,96.0,1.86971907368976
DOT,2021-07-14 01:45:00+00:00,2021-07-14 01:45:00+00:00,2021-07-15 12:45:00+00:00,1,13.628,12.929826052092272,15.111587528984035,12.929826052092272,stop,-1.0,-1.0247253381275427,140,35.0,0.698173947907728
DOT,2021-07-16 12:30:00+00:00,2021-07-16 12:30:00+00:00,2021-07-19 12:45:00+00:00,1,12.395,11.650931858516039,14.01642201915338,11.650931858516039,stop,-1.0,-1.021005946682334,289,72.25,0.7440681414839609
DOT,2021-07-20 12:15:00+00:00,2021-07-20 12:15:00+00:00,2021-07-21 12:30:00+00:00,1,10.808,10.091624612334437,12.366121834665439,12.366121834665439,alvo,2.1750074911742248,2.1539805555035025,97,24.25,0.716375387665563
DOT,2021-08-01 07:00:00+00:00,2021-08-01 07:00:00+00:00,2021-08-05 07:00:00+00:00,-1,18.344,20.137421359240662,15.223536301678624,19.052,tempo,-0.3947761614146089,-0.40832980840044153,384,96.0,1.7934213592406607
DOT,2021-08-31 13:30:00+00:00,2021-08-31 13:30:00+00:00,2021-09-01 19:30:00+00:00,-1,30.18,32.56936603258061,26.04357508662166,32.56936603258061,stop,-1.0,-1.0170702551911335,120,30.0,2.389366032580611
DOT,2021-09-01 22:45:00+00:00,2021-09-01 22:45:00+00:00,2021-09-05 22:45:00+00:00,-1,33.087,36.185582036755285,27.732756442172665,34.24,tempo,-0.37210568780272696,-0.3862290995700741,384,96.0,3.098582036755282
DOT,2021-09-20 12:00:00+00:00,2021-09-20 12:00:00+00:00,2021-09-21 00:30:00+00:00,1,28.854,26.382071670602496,33.93089073588842,26.382071670602496,stop,-1.0,-1.0145244690790216,50,12.5,2.471928329397503
DOT,2021-09-21 21:30:00+00:00,2021-09-21 21:30:00+00:00,2021-09-22 21:15:00+00:00,1,26.694,24.1134351528265,31.845290534308106,31.845290534308106,alvo,1.9961872068242474,1.9814421641298245,95,23.75,2.5805648471734983
DOT,2021-10-13 22:00:00+00:00,2021-10-13 22:00:00+00:00,2021-10-17 22:00:00+00:00,-1,41.276,45.08706776428257,34.654372331169256,41.391,tempo,-0.030175270321293683,-0.04427461290018779,384,96.0,3.811067764282569
DOT,2021-11-01 21:45:00+00:00,2021-11-01 21:45:00+00:00,2021-11-03 16:15:00+00:00,-1,49.957,53.6332515334481,43.53636566373873,53.6332515334481,stop,-1.0,-1.0183158477824792,170,42.5,3.6762515334481023
DOT,2021-11-16 04:30:00+00:00,2021-11-16 04:30:00+00:00,2021-11-16 10:15:00+00:00,1,41.93,39.231491666695376,46.87475817460578,39.231491666695376,stop,-1.0,-1.0195496782175015,23,5.75,2.6985083333046234
DOT,2021-11-16 10:30:00+00:00,2021-11-16 10:30:00+00:00,2021-11-20 10:30:00+00:00,1,39.422,36.07080093772286,46.434977063503375,41.718,tempo,0.6851279071556778,0.6693899581350778,384,96.0,3.3511990622771393
DOT,2021-11-26 12:30:00+00:00,2021-11-26 12:30:00+00:00,2021-11-28 18:45:00+00:00,1,34.749,32.254158537041306,39.67368564594663,32.254158537041306,stop,-1.0,-1.0174568419259102,217,54.25,2.4948414629586964
DOT,2021-12-04 06:00:00+00:00,2021-12-04 06:00:00+00:00,2021-12-08 06:00:00+00:00,1,27.858,24.075279192801545,35.79181957611311,29.019,tempo,0.3069219377202341,0.29714853601169494,384,96.0,3.782720807198455
DOT,2022-01-21 02:15:00+00:00,2022-01-21 02:15:00+00:00,2022-01-21 12:45:00+00:00,1,22.552,21.269670442216455,25.24894043116163,21.269670442216455,stop,-1.0,-1.0222127655208029,42,10.5,1.2823295577835445
DOT,2022-01-21 15:45:00+00:00,2022-01-21 15:45:00+00:00,2022-01-21 21:45:00+00:00,1,21.919,20.5681355438271,24.676798299750743,20.5681355438271,stop,-1.0,-1.0204436781035218,24,6.0,1.3508644561729
DOT,2022-01-22 12:45:00+00:00,2022-01-22 12:45:00+00:00,2022-01-24 09:30:00+00:00,1,18.682,16.772026783059786,23.179087248645043,16.772026783059786,stop,-1.0,-1.0120656756883257,179,44.75,1.9099732169402124
DOT,2022-01-24 11:15:00+00:00,2022-01-24 11:15:00+00:00,2022-01-28 11:15:00+00:00,1,16.744,15.021055950053043,20.507978197204977,17.652,tempo,0.527004925103607,0.5140286476669205,384,96.0,1.7229440499469568
DOT,2022-02-05 07:00:00+00:00,2022-02-05 07:00:00+00:00,2022-02-09 07:00:00+00:00,-1,21.927,23.413712901808765,19.24776333746753,21.534,tempo,0.26434155479640276,0.24534013901153207,384,96.0,1.4867129018087653
DOT,2022-02-24 04:30:00+00:00,2022-02-24 04:30:00+00:00,2022-02-25 23:00:00+00:00,1,14.767,13.741490296627282,17.02711123008581,17.02711123008581,alvo,2.203890633752865,2.1837385355020262,170,42.5,1.0255097033727179
DOT,2022-03-28 00:15:00+00:00,2022-03-28 00:15:00+00:00,2022-03-28 10:30:00+00:00,-1,22.359,23.3161717879692,20.591027954698617,23.3161717879692,stop,-1.0,-1.031017276141381,41,10.25,0.9571717879691981
DOT,2022-03-28 16:00:00+00:00,2022-03-28 16:00:00+00:00,2022-04-01 02:30:00+00:00,-1,22.817,23.78510283198925,21.033677955261094,21.033677955261094,alvo,1.8420791529703016,1.812637093997752,330,82.5,0.9681028319892491
DOT,2022-04-06 17:30:00+00:00,2022-04-06 17:30:00+00:00,2022-04-10 17:30:00+00:00,1,19.958,18.902927436786776,22.13534066546381,20.006,tempo,0.045494501206455276,0.020873824955631084,384,96.0,1.0550725632132227
DOT,2022-04-12 05:00:00+00:00,2022-04-12 05:00:00+00:00,2022-04-16 05:00:00+00:00,1,17.537,16.62626802958348,19.475386550012587,18.399,tempo,0.9464914244810892,0.9208434833098607,384,96.0,0.9107319704165207
DOT,2022-04-26 20:30:00+00:00,2022-04-26 20:30:00+00:00,2022-04-29 20:00:00+00:00,1,16.703,15.990199382553453,18.127267031641228,15.990199382553453,stop,-1.0,-1.0298127962834618,286,71.5,0.7128006174465469
DOT,2022-05-01 01:45:00+00:00,2022-05-01 01:45:00+00:00,2022-05-05 01:45:00+00:00,1,14.853,13.990574907853665,16.745792966153108,16.286,tempo,1.6615935842423892,1.6381244734937357,384,96.0,0.862425092146335
DOT,2022-05-09 09:00:00+00:00,2022-05-09 09:00:00+00:00,2022-05-09 10:30:00+00:00,1,12.61,11.8727414204495,14.22450092602429,11.8727414204495,stop,-1.0,-1.0215850752567637,6,1.5,0.7372585795504989
DOT,2022-05-10 04:45:00+00:00,2022-05-10 04:45:00+00:00,2022-05-11 07:45:00+00:00,1,11.261,10.248401069692445,13.455474111194498,10.248401069692445,stop,-1.0,-1.0138071553078312,108,27.0,1.0125989303075542
DOT,2022-05-11 13:30:00+00:00,2022-05-11 13:30:00+00:00,2022-05-12 05:15:00+00:00,1,9.245,7.78022477173477,12.578338394632695,7.78022477173477,stop,-1.0,-1.0075550131433706,63,15.75,1.4647752282652293
DOT,2022-05-12 05:45:00+00:00,2022-05-12 05:45:00+00:00,2022-05-13 14:00:00+00:00,1,7.818,6.374156612236658,11.713501964405696,11.713501964405696,alvo,2.6980086603715514,2.689215825646914,129,32.25,1.4438433877633416
DOT,2022-06-11 15:15:00+00:00,2022-06-11 15:15:00+00:00,2022-06-12 02:30:00+00:00,1,8.096,7.643205949179316,9.075173892270515,7.643205949179316,stop,-1.0,-1.0225941216507237,45,11.25,0.45279405082068447
DOT,2022-06-12 08:30:00+00:00,2022-06-12 08:30:00+00:00,2022-06-13 01:00:00+00:00,1,7.75,7.248806536131406,8.802956049930977,7.248806536131406,stop,-1.0,-1.0194520179358155,66,16.5,0.501193463868594
DOT,2022-06-13 15:45:00+00:00,2022-06-13 15:45:00+00:00,2022-06-15 21:00:00+00:00,1,6.997,6.382835073226061,8.196226105533478,8.196226105533478,alvo,1.9526124877119329,1.936532772739489,213,53.25,0.6141649267739391
DOT,2022-07-30 09:00:00+00:00,2022-07-30 09:00:00+00:00,2022-08-03 09:00:00+00:00,-1,8.76,9.425168853406873,7.584228940595017,8.069,tempo,1.0388339689401014,1.0223887461309256,384,96.0,0.6651688534068736
DOT,2022-08-19 05:30:00+00:00,2022-08-19 05:30:00+00:00,2022-08-19 06:45:00+00:00,1,7.847,7.451328536391478,8.682872707321291,7.451328536391478,stop,-1.0,-1.0251317430323785,5,1.25,0.39567146360852234
DOT,2022-08-19 16:30:00+00:00,2022-08-19 16:30:00+00:00,2022-08-20 19:00:00+00:00,1,7.597,7.161899862267894,8.50084120455935,7.161899862267894,stop,-1.0,-1.0220484529388514,106,26.5,0.435100137732106
DOT,2022-08-20 20:15:00+00:00,2022-08-20 20:15:00+00:00,2022-08-24 20:15:00+00:00,1,7.213,6.7776533615808,8.117622809739467,7.68,tempo,1.072708409316624,1.0504722206207586,384,96.0,0.4353466384192002
DOT,2022-09-19 08:15:00+00:00,2022-09-19 08:15:00+00:00,2022-09-23 08:15:00+00:00,1,6.212,5.8619092447839884,6.958161809977313,6.474,tempo,0.7483773738565089,0.72482376703558,384,96.0,0.3500907552160113
DOT,2022-10-13 08:45:00+00:00,2022-10-13 08:45:00+00:00,2022-10-13 10:45:00+00:00,1,5.891,5.7108141774454255,6.250517670858165,5.7108141774454255,stop,-1.0,-1.0418522340349805,8,2.0,0.1801858225545745
DOT,2022-10-13 11:00:00+00:00,2022-10-13 11:00:00+00:00,2022-10-13 12:45:00+00:00,1,5.845,5.6494484047836675,6.238193484094671,5.6494484047836675,stop,-1.0,-1.038206752825739,7,1.75,0.19555159521633225
DOT,2022-10-25 22:15:00+00:00,2022-10-25 22:15:00+00:00,2022-10-29 04:15:00+00:00,-1,6.429,6.669881879789449,5.971762372494038,6.669881879789449,stop,-1.0,-1.03534625862811,312,78.0,0.2408818797894483
DOT,2022-11-09 22:30:00+00:00,2022-11-09 22:30:00+00:00,2022-11-13 22:30:00+00:00,1,5.474,4.980790931379829,6.557175441177506,5.723,tempo,0.5048568970895361,0.49010037604591156,384,96.0,0.4932090686201711
DOT,2022-11-21 03:00:00+00:00,2022-11-21 03:00:00+00:00,2022-11-22 07:15:00+00:00,1,5.205,5.005187050376688,5.629294593126322,5.005187050376688,stop,-1.0,-1.0332141715302048,113,28.25,0.19981294962331209
DOT,2022-11-22 12:45:00+00:00,2022-11-22 12:45:00+00:00,2022-11-23 08:15:00+00:00,1,5.038,4.8435029776632375,5.443096931656329,5.443096931656329,alvo,2.082792460210118,2.0477651218800705,78,19.5,0.1944970223367628
DOT,2022-12-16 23:00:00+00:00,2022-12-16 23:00:00+00:00,2022-12-19 19:00:00+00:00,1,4.697,4.449412293930133,5.19872416967524,4.449412293930133,stop,-1.0,-1.024012371556837,272,68.0,0.2475877060698668
DOT,2022-12-19 23:00:00+00:00,2022-12-19 23:00:00+00:00,2022-12-23 23:00:00+00:00,1,4.47,4.296446348527531,4.826881384634039,4.465,tempo,-0.028809535020316475,-0.06227325042316578,384,96.0,0.17355365147246893
AVAX,2020-11-04 12:30:00+00:00,2020-11-04 12:30:00+00:00,2020-11-06 10:30:00+00:00,1,3.1428,2.939607737207769,3.584050727154774,3.584050727154774,alvo,2.171592171331664,2.150073374736926,184,46.0,0.20319226279223068
AVAX,2020-12-08 11:15:00+00:00,2020-12-08 11:15:00+00:00,2020-12-09 00:30:00+00:00,1,3.1777,2.999926415360349,3.5531374599657224,2.999926415360349,stop,-1.0,-1.0225874793385283,53,13.25,0.1777735846396511
AVAX,2020-12-09 11:00:00+00:00,2020-12-09 11:00:00+00:00,2020-12-09 17:30:00+00:00,1,2.9299,2.721053276440539,3.396151129463695,3.396151129463695,alvo,2.232503922097432,2.2128151610574216,26,6.5,0.2088467235594611
AVAX,2021-01-01 13:30:00+00:00,2021-01-01 13:30:00+00:00,2021-01-05 10:30:00+00:00,-1,3.6313,4.01936905999272,2.9765057270860296,4.01936905999272,stop,-1.0,-1.0128145616377884,372,93.0,0.38806905999272034
AVAX,2021-01-06 13:15:00+00:00,2021-01-06 13:15:00+00:00,2021-01-08 11:30:00+00:00,-1,4.7477,5.444843845881395,3.6917213146337993,5.444843845881395,stop,-1.0,-1.0095032804764228,185,46.25,0.6971438458813948
AVAX,2021-01-09 02:45:00+00:00,2021-01-09 02:45:00+00:00,2021-01-09 19:00:00+00:00,-1,6.1725,7.396149559408274,4.339911936728373,7.396149559408274,stop,-1.0,-1.0072076373057988,65,16.25,1.2236495594082735
AVAX,2021-01-10 02:45:00+00:00,2021-01-10 02:45:00+00:00,2021-01-13 22:15:00+00:00,-1,7.062,8.453911270660342,4.962922857200919,8.453911270660342,stop,-1.0,-1.007245679044717,366,91.5,1.3919112706603416
AVAX,2021-01-17 08:15:00+00:00,2021-01-17 08:15:00+00:00,2021-01-21 08:15:00+00:00,-1,12.8438,15.314542368036784,9.053233439570201,12.4909,tempo,0.14283156534868066,0.13616654223132307,384,96.0,2.4707423680367846
AVAX,2021-02-05 17:30:00+00:00,2021-02-05 17:30:00+00:00,2021-02-07 01:45:00+00:00,-1,17.4154,19.423638817568566,14.136393709682322,19.423638817568566,stop,-1.0,-1.0119235695585305,129,32.25,2.0082388175685644
AVAX,2021-02-07 02:00:00+00:00,2021-02-07 02:00:00+00:00,2021-02-07 11:00:00+00:00,-1,18.96,21.224383560537955,15.286467738491947,21.224383560537955,stop,-1.0,-1.0115350816750075,36,9.0,2.2643835605379543
AVAX,2021-02-07 15:45:00+00:00,2021-02-07 15:45:00+00:00,2021-02-08 00:00:00+00:00,-1,21.071,24.24115517849324,16.058826029149436,24.24115517849324,stop,-1.0,-1.0092906811205435,33,8.25,3.170155178493239
AVAX,2021-02-09 11:00:00+00:00,2021-02-09 11:00:00+00:00,2021-02-10 00:30:00+00:00,-1,29.2324,34.807419693639304,20.835517986769904,34.807419693639304,stop,-1.0,-1.00746649968759,54,13.5,5.575019693639305
AVAX,2021-02-11 09:00:00+00:00,2021-02-11 09:00:00+00:00,2021-02-15 09:00:00+00:00,-1,48.9528,62.987893855814995,29.91721495550264,38.597,tempo,0.7378504273920055,0.7337957790523064,384,96.0,14.035093855814992
AVAX,2021-02-23 09:15:00+00:00,2021-02-23 09:15:00+00:00,2021-02-27 09:15:00+00:00,1,24.3937,19.869308217567934,35.633955608303836,25.8889,tempo,0.3304753593191841,0.32325147341988847,384,96.0,4.524391782432065
AVAX,2021-03-09 22:30:00+00:00,2021-03-09 22:30:00+00:00,2021-03-13 22:30:00+00:00,-1,32.8498,37.17674365654034,26.520480972517557,31.0093,tempo,0.4253579769216587,0.4157649666366141,384,96.0,4.326943656540337
AVAX,2021-04-18 04:00:00+00:00,2021-04-18 04:00:00+00:00,2021-04-22 04:00:00+00:00,1,25.8409,20.760128082847203,34.8742961324801,25.2867,tempo,-0.10907791356053793,-0.1156188369756995,384,96.0,5.0807719171527985
AVAX,2021-05-01 04:30:00+00:00,2021-05-01 04:30:00+00:00,2021-05-05 04:30:00+00:00,-1,34.5024,38.38775205710711,28.006869589936308,30.9437,tempo,0.9159272950543592,0.9049784892898505,384,96.0,3.885352057107106
AVAX,2021-05-19 13:45:00+00:00,2021-05-19 13:45:00+00:00,2021-05-21 21:15:00+00:00,1,25.013,19.20790761248719,35.10332575564499,19.20790761248719,stop,-1.0,-1.0049514440131817,222,55.5,5.805092387512811
AVAX,2021-05-23 18:30:00+00:00,2021-05-23 18:30:00+00:00,2021-05-27 18:30:00+00:00,1,13.919,10.829859904789359,22.9798044446814,19.49,tempo,1.8034144869755815,1.7963847475236001,384,96.0,3.0891400952106416
AVAX,2021-06-08 03:45:00+00:00,2021-06-08 03:45:00+00:00,2021-06-11 21:45:00+00:00,1,14.725,13.376407383217327,17.64583470477676,13.376407383217327,stop,-1.0,-1.0135444274066012,360,90.0,1.348592616782673
AVAX,2021-06-21 11:45:00+00:00,2021-06-21 11:45:00+00:00,2021-06-21 23:00:00+00:00,1,12.031,11.0898057540841,13.849976540100668,11.0898057540841,stop,-1.0,-1.0159675049070556,45,11.25,0.9411942459159004
AVAX,2021-06-21 23:15:00+00:00,2021-06-21 23:15:00+00:00,2021-06-22 10:00:00+00:00,1,11.344,10.375956696257347,13.537943755366694,10.375956696257347,stop,-1.0,-1.0145840292453698,43,10.75,0.9680433037426521
AVAX,2021-06-22 16:00:00+00:00,2021-06-22 16:00:00+00:00,2021-06-26 16:00:00+00:00,1,10.508,9.454746867282434,12.885498745830965,10.096,tempo,-0.39116902404740245,-0.4038844858713278,384,96.0,1.0532531327175647
AVAX,2021-07-06 09:15:00+00:00,2021-07-06 09:15:00+00:00,2021-07-09 00:30:00+00:00,-1,13.627,14.894788522806051,11.809561907477715,11.809561907477715,alvo,1.4335498861432132,1.4205084640586643,253,63.25,1.2677885228060504
AVAX,2021-07-20 04:45:00+00:00,2021-07-20 04:45:00+00:00,2021-07-22 17:30:00+00:00,1,9.615,8.997595893979787,10.943074266628622,10.943074266628622,alvo,2.1510616040268795,2.129418164757509,243,60.75,0.6174041060202136
AVAX,2021-07-26 06:00:00+00:00,2021-07-26 06:00:00+00:00,2021-07-30 06:00:00+00:00,-1,12.33,13.106426801839442,10.942574840952764,12.468,tempo,-0.17773729561249366,-0.19849739812545816,384,96.0,0.7764268018394418
AVAX,2021-08-07 03:30:00+00:00,2021-08-07 03:30:00+00:00,2021-08-09 13:30:00+00:00,-1,15.247,16.308220231725915,13.392763099848665,16.308220231725915,stop,-1.0,-1.0193276499424289,232,58.0,1.0612202317259154
AVAX,2021-08-17 15:45:00+00:00,2021-08-17 15:45:00+00:00,2021-08-18 15:00:00+00:00,-1,23.434,26.386931248308517,18.50697733273403,26.386931248308517,stop,-1.0,-1.0109665964386914,93,23.25,2.9529312483085164
AVAX,2021-08-18 17:30:00+00:00,2021-08-18 17:30:00+00:00,2021-08-19 07:15:00+00:00,-1,27.881,33.02963861595902,19.934446070032312,33.02963861595902,stop,-1.0,-1.0076897832715723,55,13.75,5.1486386159590225
AVAX,2021-08-19 10:45:00+00:00,2021-08-19 10:45:00+00:00,2021-08-20 12:15:00+00:00,-1,30.983,37.05765811419474,21.83515409616702,37.05765811419474,stop,-1.0,-1.007280480142723,102,25.5,6.074658114194737
AVAX,2021-08-20 13:15:00+00:00,2021-08-20 13:15:00+00:00,2021-08-21 04:45:00+00:00,-1,35.735,42.96506225750285,24.747685806008967,42.96506225750285,stop,-1.0,-1.007075325031163,62,15.5,7.230062257502851
AVAX,2021-08-21 23:00:00+00:00,2021-08-21 23:00:00+00:00,2021-08-23 01:45:00+00:00,-1,43.6,52.12374545178775,30.59983951496694,52.12374545178775,stop,-1.0,-1.007299658922899,107,26.75,8.523745451787747
AVAX,2021-08-23 03:30:00+00:00,2021-08-23 03:30:00+00:00,2021-08-24 23:30:00+00:00,-1,49.09,58.82058172533753,34.54676243164746,58.82058172533753,stop,-1.0,-1.007208395150603,176,44.0,9.73058172533753
AVAX,2021-08-24 23:45:00+00:00,2021-08-24 23:45:00+00:00,2021-08-27 00:15:00+00:00,-1,56.515,66.92355889494215,40.85965499278427,40.85965499278427,alvo,1.5040838184451417,1.4980029069199097,194,48.5,10.408558894942146
AVAX,2021-10-12 03:30:00+00:00,2021-10-12 03:30:00+00:00,2021-10-16 03:30:00+00:00,1,52.739,49.46351226598101,59.81806328157484,56.804,tempo,1.2410365509176535,1.2192984295195817,384,96.0,3.275487734018988
AVAX,2021-11-04 03:30:00+00:00,2021-11-04 03:30:00+00:00,2021-11-07 02:45:00+00:00,-1,77.866,83.88778390455481,67.16957246897985,83.88778390455481,stop,-1.0,-1.0174599356609981,285,71.25,6.021783904554809
AVAX,2021-11-07 19:30:00+00:00,2021-11-07 19:30:00+00:00,2021-11-08 07:00:00+00:00,-1,87.486,94.45842780515312,75.32600276592012,94.45842780515312,stop,-1.0,-1.016961649712019,46,11.5,6.972427805153117
AVAX,2021-11-08 11:30:00+00:00,2021-11-08 11:30:00+00:00,2021-11-10 21:30:00+00:00,-1,92.099,100.03236347120678,78.11558638479177,78.11558638479177,alvo,1.7626084656223577,1.7486623655159315,232,58.0,7.933363471206775
AVAX,2021-11-20 20:45:00+00:00,2021-11-20 20:45:00+00:00,2021-11-21 13:45:00+00:00,-1,127.445,141.64979968705413,104.08623011521847,141.64979968705413,stop,-1.0,-1.0123135576460114,68,17.0,14.204799687054134
AVAX,2021-11-21 15:15:00+00:00,2021-11-21 15:15:00+00:00,2021-11-25 15:15:00+00:00,-1,136.188,151.84458925134692,110.2741866479201,125.412,tempo,0.6882725111456142,0.6774119081579378,384,96.0,15.65658925134693
AVAX,2021-12-04 06:00:00+00:00,2021-12-04 06:00:00+00:00,2021-12-06 07:30:00+00:00,1,91.057,79.1157330078531,112.71980544683124,79.1157330078531,stop,-1.0,-1.0092630268235228,198,49.5,11.941266992146907
AVAX,2022-01-05 22:45:00+00:00,2022-01-05 22:45:00+00:00,2022-01-07 03:45:00+00:00,1,96.098,89.5185062530352,107.72309558304835,89.5185062530352,stop,-1.0,-1.0183373879061943,116,29.0,6.5794937469648005
AVAX,2022-01-07 05:15:00+00:00,2022-01-07 05:15:00+00:00,2022-01-08 16:45:00+00:00,1,88.707,82.33747459157837,102.5488782883656,82.33747459157837,stop,-1.0,-1.0174548182722574,142,35.5,6.369525408421623
AVAX,2022-01-08 21:15:00+00:00,2022-01-08 21:15:00+00:00,2022-01-12 12:30:00+00:00,1,82.127,75.94503704013438,95.30141629865132,95.30141629865132,alvo,2.1311056672746083,2.112450028063753,349,87.25,6.181962959865615
AVAX,2022-01-21 02:30:00+00:00,2022-01-21 02:30:00+00:00,2022-01-21 12:45:00+00:00,1,77.798,73.39949541780923,86.37407493848427,73.39949541780923,stop,-1.0,-1.0223435875046027,41,10.25,4.398504582190768
AVAX,2022-01-21 16:30:00+00:00,2022-01-21 16:30:00+00:00,2022-01-21 21:45:00+00:00,1,74.728,70.19179836328219,84.16711052462324,70.19179836328219,stop,-1.0,-1.020765802863272,21,5.25,4.536201636717806
AVAX,2022-01-23 00:30:00+00:00,2022-01-23 00:30:00+00:00,2022-01-27 00:30:00+00:00,1,61.025,54.8880700639073,75.33636094327152,66.37,tempo,0.8709566600336807,0.8574634719311093,384,96.0,6.136929936092699
AVAX,2022-02-08 05:00:00+00:00,2022-02-08 05:00:00+00:00,2022-02-12 05:00:00+00:00,-1,88.94,95.9862934947019,76.56409200247175,83.31,tempo,0.7990016317420197,0.7831120722049121,384,96.0,7.046293494701899
AVAX,2022-02-22 00:45:00+00:00,2022-02-22 00:45:00+00:00,2022-02-23 11:45:00+00:00,1,70.9,65.61228661107481,82.27953363770618,82.27953363770618,alvo,2.152070810331727,2.133240989284118,140,35.0,5.287713388925198
AVAX,2022-03-18 19:45:00+00:00,2022-03-18 19:45:00+00:00,2022-03-19 16:30:00+00:00,-1,85.52,91.60547952803564,74.5722288256075,91.60547952803564,stop,-1.0,-1.0189190615403132,83,20.75,6.085479528035648
AVAX,2022-03-19 22:15:00+00:00,2022-03-19 22:15:00+00:00,2022-03-23 22:15:00+00:00,-1,89.71,96.09002852157322,78.66278325093766,85.09,tempo,0.7241346938149369,0.7063259959986483,384,96.0,6.380028521573223
AVAX,2022-04-11 10:15:00+00:00,2022-04-11 10:15:00+00:00,2022-04-15 10:15:00+00:00,1,76.63,72.26706169571679,85.59190103445236,77.67,tempo,0.23837146607803564,0.21538351781813522,384,96.0,4.362938304283205
AVAX,2022-04-25 06:30:00+00:00,2022-04-25 06:30:00+00:00,2022-04-28 22:15:00+00:00,1,69.42,66.8067600494306,74.64258064546262,66.8067600494306,stop,-1.0,-1.0338841421786913,351,87.75,2.613239950569408
AVAX,2022-04-29 20:15:00+00:00,2022-04-29 20:15:00+00:00,2022-04-30 15:00:00+00:00,1,63.39,60.44209056078078,69.63369383209562,60.44209056078078,stop,-1.0,-1.0273043865573517,75,18.75,2.9479094392192238
AVAX,2022-05-01 05:15:00+00:00,2022-05-01 05:15:00+00:00,2022-05-04 19:15:00+00:00,1,59.31,55.88001758112061,66.1783924362375,66.1783924362375,alvo,2.0024570383895646,1.978676317347209,344,86.0,3.4299824188793906
AVAX,2022-05-09 11:15:00+00:00,2022-05-09 11:15:00+00:00,2022-05-09 17:00:00+00:00,1,48.65,45.1426303695155,56.460303487768215,45.1426303695155,stop,-1.0,-1.0173820315972124,23,5.75,3.5073696304844972
AVAX,2022-05-09 20:15:00+00:00,2022-05-09 20:15:00+00:00,2022-05-10 00:00:00+00:00,1,46.36,41.95113502574268,55.169623105166885,41.95113502574268,stop,-1.0,-1.0130197314052245,15,3.75,4.40886497425732
AVAX,2022-05-10 02:30:00+00:00,2022-05-10 02:30:00+00:00,2022-05-11 07:00:00+00:00,1,43.06,38.42014512137679,54.04140960310538,38.42014512137679,stop,-1.0,-1.0114146014723224,114,28.5,4.639854878623211
AVAX,2022-05-11 09:00:00+00:00,2022-05-11 09:00:00+00:00,2022-05-11 12:45:00+00:00,1,38.31,33.089454417723545,50.45131869283112,33.089454417723545,stop,-1.0,-1.0088898075191757,15,3.75,5.220545582276458
AVAX,2022-05-11 13:30:00+00:00,2022-05-11 13:30:00+00:00,2022-05-12 05:15:00+00:00,1,33.27,26.153800425917137,49.48740794155858,26.153800425917137,stop,-1.0,-1.0054278227970896,63,15.75,7.1161995740828665
AVAX,2022-05-12 05:30:00+00:00,2022-05-12 05:30:00+00:00,2022-05-16 05:30:00+00:00,1,26.52,20.30430106738822,44.96132846878097,34.41,tempo,1.269366500137852,1.2629948112209053,384,96.0,6.2156989326117795
AVAX,2022-05-26 09:00:00+00:00,2022-05-26 09:00:00+00:00,2022-05-27 02:15:00+00:00,1,24.27,22.03125322357919,29.28603787808259,22.03125322357919,stop,-1.0,-1.0134431526210579,69,17.25,2.238746776420811
AVAX,2022-05-27 03:30:00+00:00,2022-05-27 03:30:00+00:00,2022-05-30 06:15:00+00:00,1,22.96,20.71516364390136,27.97005448446118,27.97005448446118,alvo,2.231812787088089,2.217065816635226,299,74.75,2.2448363560986415
AVAX,2022-06-11 18:45:00+00:00,2022-06-11 18:45:00+00:00,2022-06-12 02:30:00+00:00,1,20.5,19.028072101381557,23.585481615030798,19.028072101381557,stop,-1.0,-1.0174555064076263,31,7.75,1.4719278986184428
AVAX,2022-06-12 15:00:00+00:00,2022-06-12 15:00:00+00:00,2022-06-13 00:15:00+00:00,1,18.81,17.180859271420246,22.321804405240496,17.180859271420246,stop,-1.0,-1.0143597530379205,37,9.25,1.6291407285797526
AVAX,2022-06-13 16:15:00+00:00,2022-06-13 16:15:00+00:00,2022-06-17 16:15:00+00:00,1,16.32,14.491845881486316,20.36602950275055,16.16,tempo,-0.08751997349659037,-0.09906823399946546,384,96.0,1.8281541185136838
AVAX,2022-07-18 16:15:00+00:00,2022-07-18 16:15:00+00:00,2022-07-19 13:45:00+00:00,-1,23.54,25.389301028964777,20.335851243088293,25.389301028964777,stop,-1.0,-1.0171978737753857,86,21.5,1.8493010289647778
AVAX,2022-07-19 13:45:00+00:00,2022-07-19 13:45:00+00:00,2022-07-23 13:45:00+00:00,-1,24.8,26.922684730300762,21.1275118636718,23.53,tempo,0.5982989286496889,0.5834995099929443,384,96.0,2.1226847303007617
AVAX,2022-07-26 20:00:00+00:00,2022-07-26 20:00:00+00:00,2022-07-27 18:45:00+00:00,1,19.69,18.400490167609465,22.43108695957802,22.43108695957802,alvo,2.1256813176030636,2.104449446518397,91,22.75,1.2895098323905358
AVAX,2022-08-07 13:45:00+00:00,2022-08-07 13:45:00+00:00,2022-08-08 09:30:00+00:00,-1,27.7,29.399770941378563,24.622732246684645,29.399770941378563,stop,-1.0,-1.0218352074437718,79,19.75,1.6997709413785635
AVAX,2022-08-08 15:15:00+00:00,2022-08-08 15:15:00+00:00,2022-08-12 15:15:00+00:00,-1,29.02,30.815495484894164,25.750736409167878,28.97,tempo,0.027847466295883198,0.006854096879406031,384,96.0,1.7954954848941647
AVAX,2022-08-18 23:45:00+00:00,2022-08-18 23:45:00+00:00,2022-08-19 06:45:00+00:00,1,24.26,22.952648011123888,27.092706435076305,22.952648011123888,stop,-1.0,-1.0234735721277421,28,7.0,1.307351988876114
AVAX,2022-08-19 16:30:00+00:00,2022-08-19 16:30:00+00:00,2022-08-23 16:30:00+00:00,1,23.04,21.584884748367465,26.10048515389495,23.15,tempo,0.07559538660362974,0.054962313060956204,384,96.0,1.4551152516325345
AVAX,2022-08-27 05:30:00+00:00,2022-08-27 05:30:00+00:00,2022-08-28 22:15:00+00:00,1,20.26,19.067211793671955,22.740796752763643,19.067211793671955,stop,-1.0,-1.0214310365664836,163,40.75,1.1927882063280464
AVAX,2022-08-29 12:30:00+00:00,2022-08-29 12:30:00+00:00,2022-09-02 12:30:00+00:00,1,18.43,17.27611850790703,20.828313908501254,19.21,tempo,0.6759792971331884,0.654776079846444,384,96.0,1.153881492092971
AVAX,2022-10-11 00:30:00+00:00,2022-10-11 00:30:00+00:00,2022-10-13 07:15:00+00:00,1,15.87,15.314418593349984,16.8949058742956,15.314418593349984,stop,-1.0,-1.0364840720784712,219,54.75,0.5555814066500151
AVAX,2022-10-13 08:00:00+00:00,2022-10-13 08:00:00+00:00,2022-10-13 10:45:00+00:00,1,15.16,14.578146564422827,16.343576413275915,14.578146564422827,stop,-1.0,-1.0332210726704751,11,2.75,0.5818534355771732
AVAX,2022-10-13 11:30:00+00:00,2022-10-13 11:30:00+00:00,2022-10-13 12:45:00+00:00,1,14.95,14.328936831029964,16.273709535480897,14.328936831029964,stop,-1.0,-1.0306431131179954,5,1.25,0.6210631689700357
AVAX,2022-10-29 04:45:00+00:00,2022-10-29 04:45:00+00:00,2022-10-31 11:15:00+00:00,-1,18.522,19.42272087967682,16.866999134236398,19.42272087967682,stop,-1.0,-1.0273825878008283,218,54.5,0.9007208796768218
AVAX,2022-11-08 06:30:00+00:00,2022-11-08 06:30:00+00:00,2022-11-08 19:45:00+00:00,1,16.449,15.355181391129172,18.61140795914136,15.355181391129172,stop,-1.0,-1.0188995851200364,53,13.25,1.09381860887083
AVAX,2022-11-09 10:45:00+00:00,2022-11-09 10:45:00+00:00,2022-11-09 18:15:00+00:00,1,14.554,13.208616527734172,17.664052261527743,13.208616527734172,stop,-1.0,-1.013413053686943,30,7.5,1.3453834722658282
AVAX,2022-11-10 03:15:00+00:00,2022-11-10 03:15:00+00:00,2022-11-14 03:15:00+00:00,1,13.375,11.931948619899257,16.668143879994954,12.269,tempo,-0.7664314765582274,-0.7779824166216618,384,96.0,1.4430513801007425
AVAX,2022-12-16 23:00:00+00:00,2022-12-16 23:00:00+00:00,2022-12-19 22:45:00+00:00,1,11.982,11.375823419228043,13.230959792178709,11.375823419228043,stop,-1.0,-1.0250464727673303,287,71.75,0.6061765807719564
AVAX,2022-12-19 23:00:00+00:00,2022-12-19 23:00:00+00:00,2022-12-23 23:00:00+00:00,1,11.334,10.852436254435405,12.324394922203158,11.745,tempo,0.8534695640722193,0.8223182364688256,384,96.0,0.48156374556459447
AVAX,2022-12-29 21:45:00+00:00,2022-12-29 21:45:00+00:00,2023-01-01 00:00:00+00:00,1,10.845,10.517762968551692,11.471733156624046,10.903,fim_dados,0.17724155406036804,0.13404289791367524,201,50.25,0.32723703144830907
NEAR,2020-11-04 11:00:00+00:00,2020-11-04 11:00:00+00:00,2020-11-05 13:45:00+00:00,1,0.5365,0.4992053957700461,0.6180004393823645,0.6180004393823645,alvo,2.1853144996483382,2.1651929485260495,107,26.75,0.0372946042299539
NEAR,2020-11-09 02:00:00+00:00,2020-11-09 02:00:00+00:00,2020-11-10 00:15:00+00:00,-1,0.8409,0.9327675370478288,0.6948576624572376,0.9327675370478288,stop,-1.0,-1.0125494155621138,89,22.25,0.0918675370478288
NEAR,2020-11-10 00:30:00+00:00,2020-11-10 00:30:00+00:00,2020-11-14 00:30:00+00:00,-1,0.9101,1.01538446432431,0.7348614643395598,0.8946,tempo,0.1472202009999794,0.13607843371713876,384,96.0,0.10528446432430993
NEAR,2020-11-22 01:15:00+00:00,2020-11-22 01:15:00+00:00,2020-11-24 02:30:00+00:00,-1,1.1295,1.2418223964568338,0.9404661991540432,1.2418223964568338,stop,-1.0,-1.0137226377491804,197,49.25,0.11232239645683384
NEAR,2020-11-24 05:30:00+00:00,2020-11-24 05:30:00+00:00,2020-11-26 03:15:00+00:00,-1,1.2702,1.4077771662731458,1.0415127239073536,1.0415127239073536,alvo,1.6622473211769064,1.6513253541729016,183,45.75,0.13757716627314576
NEAR,2020-12-21 04:45:00+00:00,2020-12-21 04:45:00+00:00,2020-12-23 11:00:00+00:00,-1,1.3601,1.5710282317259463,1.0419272798933137,1.0419272798933137,alvo,1.5084406553982792,1.5010385275789968,217,54.25,0.2109282317259462
NEAR,2021-01-01 01:00:00+00:00,2021-01-01 01:00:00+00:00,2021-01-05 01:00:00+00:00,-1,1.4511,1.6138753856319747,1.189410805818685,1.4203,tempo,0.1892177977672687,0.17775162926302174,384,96.0,0.1627753856319747
NEAR,2021-01-08 15:45:00+00:00,2021-01-08 15:45:00+00:00,2021-01-11 15:45:00+00:00,-1,1.7914,2.0382917533649154,1.4655192641190393,1.4655192641190393,alvo,1.319933660964758,1.3113590630171774,288,72.0,0.2468917533649153
NEAR,2021-01-17 05:15:00+00:00,2021-01-17 05:15:00+00:00,2021-01-21 05:15:00+00:00,-1,2.4042,2.8055948064914165,1.7992928984576606,2.2618,tempo,0.3547629358852827,0.3472070334397316,384,96.0,0.40139480649141657
NEAR,2021-02-13 08:00:00+00:00,2021-02-13 08:00:00+00:00,2021-02-15 02:30:00+00:00,-1,4.8127,5.6264379133841755,3.597745664884221,3.597745664884221,alvo,1.4930536173041566,1.486335496405206,170,42.5,0.8137379133841751
NEAR,2021-03-09 09:15:00+00:00,2021-03-09 09:15:00+00:00,2021-03-10 07:15:00+00:00,-1,5.2214,5.836695942511557,4.278745281428275,5.836695942511557,stop,-1.0,-1.0116817971093601,88,22.0,0.6152959425115574
NEAR,2021-03-10 08:00:00+00:00,2021-03-10 08:00:00+00:00,2021-03-12 04:15:00+00:00,-1,5.8789,6.720887437060137,4.569920567733399,6.720887437060137,stop,-1.0,-1.0097268218902227,177,44.25,0.841987437060137
NEAR,2021-03-12 06:00:00+00:00,2021-03-12 06:00:00+00:00,2021-03-16 06:00:00+00:00,-1,6.9797,8.16085162819513,5.12024051397168,5.9314,tempo,0.8875236463940406,0.8804185340615759,384,96.0,1.1811516281951304
NEAR,2021-03-25 02:30:00+00:00,2021-03-25 02:30:00+00:00,2021-03-28 14:30:00+00:00,1,4.6808,4.239416393959193,5.683771588197513,5.683771588197513,alvo,2.272335389150784,2.2570720865719713,336,84.0,0.44138360604080695
NEAR,2021-04-06 13:45:00+00:00,2021-04-06 13:45:00+00:00,2021-04-07 11:30:00+00:00,-1,7.2403,7.9458812975613355,6.08820648249497,6.08820648249497,alvo,1.632828876682181,1.6205503068794311,87,21.75,0.7055812975613351
NEAR,2021-04-18 04:00:00+00:00,2021-04-18 04:00:00+00:00,2021-04-22 04:00:00+00:00,1,4.5456,3.809108668161156,6.292366078688669,4.7009,tempo,0.210864667764999,0.2027040489767318,384,96.0,0.7364913318388444
NEAR,2021-05-19 13:45:00+00:00,2021-05-19 13:45:00+00:00,2021-05-23 08:00:00+00:00,1,3.7944,2.9344138964946844,5.592399399555058,2.9344138964946844,stop,-1.0,-1.0050858136136085,361,90.25,0.8599861035053156
NEAR,2021-05-23 14:00:00+00:00,2021-05-23 14:00:00+00:00,2021-05-27 14:00:00+00:00,1,2.5025,1.9821276111407564,3.8637532330818414,3.3778,tempo,1.682064649738289,1.6747195348132273,384,96.0,0.5203723888592435
NEAR,2021-06-21 11:45:00+00:00,2021-06-21 11:45:00+00:00,2021-06-21 23:45:00+00:00,1,2.4615,2.256896845228393,2.924941084082112,2.256896845228393,stop,-1.0,-1.01498978817224,48,12.0,0.20460315477160718
NEAR,2021-06-22 01:15:00+00:00,2021-06-22 01:15:00+00:00,2021-06-22 10:30:00+00:00,1,2.3279,2.1008980829671193,2.825452560282478,2.1008980829671193,stop,-1.0,-1.0126814733177414,37,9.25,0.22700191703288075
NEAR,2021-06-22 10:45:00+00:00,2021-06-22 10:45:00+00:00,2021-06-22 12:30:00+00:00,1,2.2109,1.9822177249209096,2.748578177146653,1.9822177249209096,stop,-1.0,-1.011918398661444,7,1.75,0.22868227507909045
NEAR,2021-06-22 15:45:00+00:00,2021-06-22 15:45:00+00:00,2021-06-25 18:00:00+00:00,1,2.1445,1.9092719360020654,2.693281302798798,1.9092719360020654,stop,-1.0,-1.0112016896012224,297,74.25,0.2352280639979345
NEAR,2021-07-20 04:45:00+00:00,2021-07-20 04:45:00+00:00,2021-07-22 16:15:00+00:00,1,1.624,1.5074226729851328,1.88733832876908,1.88733832876908,alvo,2.2589154813568144,2.2393373183285195,238,59.5,0.11657732701486734
NEAR,2021-07-26 05:30:00+00:00,2021-07-26 05:30:00+00:00,2021-07-30 05:30:00+00:00,-1,2.4131,2.6677107647406593,1.98688943933369,2.2658,tempo,0.5785301346156217,0.5665852940151161,384,96.0,0.25461076474065925
NEAR,2021-08-12 03:15:00+00:00,2021-08-12 03:15:00+00:00,2021-08-12 09:00:00+00:00,-1,3.1647,3.4210429076997304,2.7276472491405404,3.4210429076997304,stop,-1.0,-1.016699244494094,23,5.75,0.25634290769973056
NEAR,2021-08-21 16:30:00+00:00,2021-08-21 16:30:00+00:00,2021-08-21 23:45:00+00:00,-1,5.4308,6.249628326530051,4.117573788601687,6.249628326530051,stop,-1.0,-1.0092721247742105,29,7.25,0.8188283265300518
NEAR,2021-08-22 04:45:00+00:00,2021-08-22 04:45:00+00:00,2021-08-26 04:45:00+00:00,-1,5.9209,6.913587677510322,4.364121544513905,5.2891,tempo,0.6364539565803459,0.6291137828629944,384,96.0,0.9926876775103226
NEAR,2021-10-21 14:15:00+00:00,2021-10-21 14:15:00+00:00,2021-10-25 02:15:00+00:00,-1,9.5504,10.313268411079859,8.203201222149952,10.313268411079859,stop,-1.0,-1.0169247858210901,336,84.0,0.7628684110798591
NEAR,2021-10-26 22:00:00+00:00,2021-10-26 22:00:00+00:00,2021-10-30 22:00:00+00:00,-1,12.1671,13.29635485061989,10.231031595506382,10.459,tempo,1.512590359087109,1.4995667577344765,384,96.0,1.1292548506198905
NEAR,2021-12-12 01:00:00+00:00,2021-12-12 01:00:00+00:00,2021-12-13 15:30:00+00:00,-1,11.7161,13.244313335589739,9.20289197323607,9.20289197323607,alvo,1.6445400444003337,1.6356425008009277,154,38.5,1.5282133355897383
NEAR,2021-12-22 17:30:00+00:00,2021-12-22 17:30:00+00:00,2021-12-23 02:00:00+00:00,-1,11.2301,12.43364523624969,9.173083782939269,12.43364523624969,stop,-1.0,-1.0127801049269172,34,8.5,1.2035452362496901
NEAR,2021-12-23 08:00:00+00:00,2021-12-23 08:00:00+00:00,2021-12-23 10:45:00+00:00,-1,12.2683,13.882557077854653,9.626624963018102,13.882557077854653,stop,-1.0,-1.0105299566802557,11,2.75,1.6142570778546528
NEAR,2021-12-24 02:15:00+00:00,2021-12-24 02:15:00+00:00,2021-12-24 14:15:00+00:00,-1,13.6837,15.720182034572225,10.436545082769124,15.720182034572225,stop,-1.0,-1.0093850684651322,48,12.0,2.0364820345722254
NEAR,2021-12-24 22:45:00+00:00,2021-12-24 22:45:00+00:00,2021-12-28 22:45:00+00:00,-1,14.8401,16.94320921564492,11.41842251990032,13.1425,tempo,0.8071858500603017,0.7985373738591157,384,96.0,2.1031092156449205
NEAR,2022-01-21 02:15:00+00:00,2022-01-21 02:15:00+00:00,2022-01-21 18:30:00+00:00,1,14.864,13.672306130272347,17.437423245924233,13.672306130272347,stop,-1.0,-1.015564902577636,65,16.25,1.1916938697276542
NEAR,2022-01-22 21:00:00+00:00,2022-01-22 21:00:00+00:00,2022-01-24 05:45:00+00:00,1,11.795,10.421420259047256,15.091942214154809,10.421420259047256,stop,-1.0,-1.0105131669737386,131,32.75,1.373579740952744
NEAR,2022-01-24 06:00:00+00:00,2022-01-24 06:00:00+00:00,2022-01-28 06:00:00+00:00,1,10.561,9.304020754779089,13.601091959042199,10.548,tempo,-0.010342255092457934,-0.021257988229792742,384,96.0,1.2569792452209114
NEAR,2022-02-05 04:45:00+00:00,2022-02-05 04:45:00+00:00,2022-02-09 04:45:00+00:00,-1,13.149,14.21895388219505,11.305844011690219,12.409,tempo,0.6916185943284399,0.676092037271683,384,96.0,1.0699538821950512
NEAR,2022-02-20 15:00:00+00:00,2022-02-20 15:00:00+00:00,2022-02-21 23:30:00+00:00,1,9.204,8.627796192011823,10.469211192415278,8.627796192011823,stop,-1.0,-1.0201155691165538,130,32.5,0.5762038079881773
NEAR,2022-02-22 00:45:00+00:00,2022-02-22 00:45:00+00:00,2022-02-24 03:45:00+00:00,1,8.676,8.06274030029757,9.995307246669029,8.06274030029757,stop,-1.0,-1.0177415558212495,204,51.0,0.6132596997024304
NEAR,2022-02-24 08:15:00+00:00,2022-02-24 08:15:00+00:00,2022-02-26 00:45:00+00:00,1,7.876,7.212871618694318,9.237960107920632,9.237960107920632,alvo,2.0538407739975892,2.0370656300228354,162,40.5,0.6631283813056825
NEAR,2022-03-01 15:45:00+00:00,2022-03-01 15:45:00+00:00,2022-03-01 18:45:00+00:00,-1,10.793,11.79977874102811,9.112157495144466,11.79977874102811,stop,-1.0,-1.0145864285599355,12,3.0,1.0067787410281106
NEAR,2022-03-02 01:45:00+00:00,2022-03-02 01:45:00+00:00,2022-03-06 01:45:00+00:00,-1,11.416,12.594271593983896,9.400254144763327,10.606,tempo,0.6874476174557353,0.6752990601340728,384,96.0,1.1782715939838955
NEAR,2022-03-23 18:00:00+00:00,2022-03-23 18:00:00+00:00,2022-03-24 22:15:00+00:00,-1,12.338,13.10693831423119,11.018038860206977,13.10693831423119,stop,-1.0,-1.021509150471695,113,28.25,0.7689383142311907
NEAR,2022-03-24 23:00:00+00:00,2022-03-24 23:00:00+00:00,2022-03-28 23:00:00+00:00,-1,12.885,13.754487137108455,11.460397567626648,12.831,tempo,0.06210557660413621,0.042881140397307074,384,96.0,0.8694871371084556
NEAR,2022-04-02 11:30:00+00:00,2022-04-02 11:30:00+00:00,2022-04-03 07:45:00+00:00,-1,15.984,17.282426262282346,13.72503941196399,17.282426262282346,stop,-1.0,-1.0166533731630434,81,20.25,1.2984262622823461
NEAR,2022-04-03 09:30:00+00:00,2022-04-03 09:30:00+00:00,2022-04-07 09:30:00+00:00,-1,16.902,18.43838179448815,14.220483107988104,15.218,tempo,1.096081720078589,1.0824926499171872,384,96.0,1.5363817944881504
NEAR,2022-04-25 07:30:00+00:00,2022-04-25 07:30:00+00:00,2022-04-26 19:45:00+00:00,1,13.824,12.993698580870134,15.582159695583808,12.993698580870134,stop,-1.0,-1.0209941879851696,145,36.25,0.8303014191298654
NEAR,2022-04-26 21:15:00+00:00,2022-04-26 21:15:00+00:00,2022-04-28 14:15:00+00:00,1,13.109,12.265420905695589,14.970199417827265,12.265420905695589,stop,-1.0,-1.01955166231603,164,41.0,0.8435790943044115
NEAR,2022-04-29 12:15:00+00:00,2022-04-29 12:15:00+00:00,2022-04-29 20:00:00+00:00,1,11.909,11.110525000410535,13.492825602939055,11.110525000410535,stop,-1.0,-1.0187390854540967,31,7.75,0.798474999589466
NEAR,2022-04-30 01:45:00+00:00,2022-04-30 01:45:00+00:00,2022-04-30 18:00:00+00:00,1,11.444,10.671770993048055,13.125893328042222,10.671770993048055,stop,-1.0,-1.0186152695846296,65,16.25,0.772229006951946
NEAR,2022-05-01 05:15:00+00:00,2022-05-01 05:15:00+00:00,2022-05-04 01:00:00+00:00,1,10.611,9.815208167288821,12.3830599049055,12.3830599049055,alvo,2.2267882529885688,2.2080067848660967,271,67.75,0.7957918327111795
NEAR,2022-05-11 13:30:00+00:00,2022-05-11 13:30:00+00:00,2022-05-12 04:30:00+00:00,1,6.931,5.473516347137731,10.295321776039987,5.473516347137731,stop,-1.0,-1.005532093351308,60,15.0,1.457483652862269
NEAR,2022-05-12 04:30:00+00:00,2022-05-12 04:30:00+00:00,2022-05-16 04:30:00+00:00,1,5.86,4.470560078703459,9.467362801114385,6.909,tempo,0.7549804665329725,0.7490069444880214,384,96.0,1.3894399212965416
NEAR,2022-05-31 05:30:00+00:00,2022-05-31 05:30:00+00:00,2022-06-01 19:45:00+00:00,-1,6.272,6.7991395036623885,5.394929709383248,5.394929709383248,alvo,1.6638295641346603,1.6494434210768711,153,38.25,0.5271395036623883
NEAR,2022-06-10 20:15:00+00:00,2022-06-10 20:15:00+00:00,2022-06-11 13:00:00+00:00,1,4.557,4.285964751039919,5.150288809122363,4.285964751039919,stop,-1.0,-1.0212073046226637,67,16.75,0.27103524896008135
NEAR,2022-06-12 15:00:00+00:00,2022-06-12 15:00:00+00:00,2022-06-12 23:45:00+00:00,1,4.025,3.7032869125654426,4.660541650236578,3.7032869125654426,stop,-1.0,-1.0156144921962162,35,8.75,0.32171308743455773
NEAR,2022-06-13 16:15:00+00:00,2022-06-13 16:15:00+00:00,2022-06-15 05:45:00+00:00,1,3.484,3.110454960257288,4.274010613458738,3.110454960257288,stop,-1.0,-1.0114749100325884,150,37.5,0.3735450397427118
NEAR,2022-06-25 02:00:00+00:00,2022-06-25 02:00:00+00:00,2022-06-28 16:30:00+00:00,-1,4.186,4.572622425541269,3.5200847382813363,3.5200847382813363,alvo,1.7223917127579618,1.7094360362400507,346,86.5,0.3866224255412689
NEAR,2022-07-18 16:15:00+00:00,2022-07-18 16:15:00+00:00,2022-07-19 01:15:00+00:00,-1,4.026,4.318884375934773,3.5606455189064827,4.318884375934773,stop,-1.0,-1.0185198504599153,36,9.0,0.292884375934773
NEAR,2022-07-19 01:45:00+00:00,2022-07-19 01:45:00+00:00,2022-07-19 03:45:00+00:00,-1,4.153,4.470597820933988,3.614556754164465,4.470597820933988,stop,-1.0,-1.0176491720476009,8,2.0,0.3175978209339885
NEAR,2022-07-19 07:45:00+00:00,2022-07-19 07:45:00+00:00,2022-07-22 09:30:00+00:00,-1,4.321,4.693233314533934,3.6720718364698284,4.693233314533934,stop,-1.0,-1.0157408040217553,295,73.75,0.3722333145339345
NEAR,2022-08-05 15:00:00+00:00,2022-08-05 15:00:00+00:00,2022-08-08 10:45:00+00:00,-1,5.141,5.545811394333184,4.42532744096587,5.545811394333184,stop,-1.0,-1.0171596637435538,271,67.75,0.40481139433318436
NEAR,2022-08-08 15:30:00+00:00,2022-08-08 15:30:00+00:00,2022-08-10 14:30:00+00:00,-1,5.563,5.951619842253114,4.874089399696071,5.951619842253114,stop,-1.0,-1.0192591887590488,188,47.0,0.38861984225311463
NEAR,2022-08-19 03:45:00+00:00,2022-08-19 03:45:00+00:00,2022-08-19 06:45:00+00:00,1,4.718,4.4384567629033675,5.2964222469341005,4.4384567629033675,stop,-1.0,-1.02129079192794,12,3.0,0.2795432370966324
NEAR,2022-08-20 05:00:00+00:00,2022-08-20 05:00:00+00:00,2022-08-20 19:15:00+00:00,1,4.376,4.085296176652538,5.006541962433044,4.085296176652538,stop,-1.0,-1.0189190580691143,57,14.25,0.2907038233474619
NEAR,2022-08-21 02:00:00+00:00,2022-08-21 02:00:00+00:00,2022-08-25 02:00:00+00:00,1,4.19,3.9116158017127973,4.798239364511585,4.301,tempo,0.39872952805131356,0.37890386972028284,384,96.0,0.27838419828720307
NEAR,2022-10-11 03:00:00+00:00,2022-10-11 03:00:00+00:00,2022-10-13 02:30:00+00:00,1,3.189,3.0354978642519983,3.511139365676092,3.0354978642519983,stop,-1.0,-1.026357441817004,190,47.5,0.15350213574800176
NEAR,2022-10-13 12:30:00+00:00,2022-10-13 12:30:00+00:00,2022-10-13 12:45:00+00:00,1,2.953,2.7963788919635153,3.2855848859430563,2.7963788919635153,stop,-1.0,-1.0238607447401389,1,0.25,0.15662110803648455
NEAR,2022-10-13 13:45:00+00:00,2022-10-13 13:45:00+00:00,2022-10-17 13:45:00+00:00,1,2.927,2.7570969345066887,3.278134905665047,3.059,tempo,0.7769135866780262,0.7540128815688935,384,96.0,0.16990306549331136
NEAR,2022-11-08 19:45:00+00:00,2022-11-08 19:45:00+00:00,2022-11-09 08:15:00+00:00,1,2.585,2.355381145561872,3.078309315739343,2.355381145561872,stop,-1.0,-1.0139851222255813,50,12.5,0.22961885443812813
NEAR,2022-11-10 05:00:00+00:00,2022-11-10 05:00:00+00:00,2022-11-13 09:15:00+00:00,1,2.169,1.9277709322637426,2.741564356012385,1.9277709322637426,stop,-1.0,-1.011038889844249,305,76.25,0.2412290677362574
NEAR,2022-11-21 14:30:00+00:00,2022-11-21 14:30:00+00:00,2022-11-21 19:30:00+00:00,1,1.55,1.4555412942478727,1.7586760148620606,1.4555412942478727,stop,-1.0,-1.020682072930235,20,5.0,0.09445870575212734
NEAR,2022-11-21 20:30:00+00:00,2022-11-21 20:30:00+00:00,2022-11-25 20:30:00+00:00,1,1.522,1.4218327653987954,1.735511131008937,1.647,tempo,1.247913057574785,1.2273489478816215,384,96.0,0.10016723460120458
NEAR,2022-12-17 07:45:00+00:00,2022-12-17 07:45:00+00:00,2022-12-19 18:45:00+00:00,1,1.394,1.299929525096244,1.5932204374025387,1.299929525096244,stop,-1.0,-1.0186142803372054,236,59.0,0.09407047490375597
NEAR,2022-12-19 20:15:00+00:00,2022-12-19 20:15:00+00:00,2022-12-23 20:15:00+00:00,1,1.295,1.2245362351279632,1.450855190354468,1.351,tempo,0.7947347136744237,0.770326423780698,384,96.0,0.07046376487203676
TRX,2020-11-03 11:00:00+00:00,2020-11-03 11:00:00+00:00,2020-11-06 01:15:00+00:00,1,0.02388,0.022974155583925175,0.025454735753451432,0.025454735753451432,alvo,1.7384174649715562,1.7030167077657021,249,62.25,0.0009058444160748233
TRX,2020-11-21 16:45:00+00:00,2020-11-21 16:45:00+00:00,2020-11-21 23:45:00+00:00,-1,0.02891,0.03049859886319301,0.026201105080419847,0.03049859886319301,stop,-1.0,-1.0243079547365783,28,7.0,0.0015885988631930067
TRX,2020-11-22 01:00:00+00:00,2020-11-22 01:00:00+00:00,2020-11-23 17:45:00+00:00,-1,0.02934,0.03121112192981465,0.026546765006613977,0.03121112192981465,stop,-1.0,-1.021034561472046,163,40.75,0.0018711219298146488
TRX,2020-11-24 01:15:00+00:00,2020-11-24 01:15:00+00:00,2020-11-24 04:45:00+00:00,-1,0.03292,0.03567489270578519,0.028116372961651346,0.03567489270578519,stop,-1.0,-1.0161845432909709,14,3.5,0.002754892705785189
TRX,2020-11-24 06:45:00+00:00,2020-11-24 06:45:00+00:00,2020-11-26 03:45:00+00:00,-1,0.03516,0.03907886242089874,0.028600401596305836,0.028600401596305836,alvo,1.673852689676664,1.6632771050844153,180,45.0,0.003918862420898742
TRX,2020-12-17 00:45:00+00:00,2020-12-17 00:45:00+00:00,2020-12-20 10:30:00+00:00,-1,0.0314,0.03257852973558729,0.02921980222056493,0.03257852973558729,stop,-1.0,-1.035286376806953,327,81.75,0.00117852973558729
TRX,2020-12-24 02:00:00+00:00,2020-12-24 02:00:00+00:00,2020-12-25 11:30:00+00:00,1,0.02523,0.023386877120907486,0.029163970403133545,0.029163970403133545,alvo,2.134404845036968,2.1152221409627585,134,33.5,0.0018431228790925132
TRX,2021-01-04 01:15:00+00:00,2021-01-04 01:15:00+00:00,2021-01-04 09:45:00+00:00,-1,0.03162,0.03397599211870415,0.027500836236068568,0.027500836236068568,alvo,1.7483775651155735,1.7320665837466795,34,8.5,0.002355992118704145
TRX,2021-01-22 01:30:00+00:00,2021-01-22 01:30:00+00:00,2021-01-24 01:00:00+00:00,1,0.02656,0.024988246044688116,0.030001185763881565,0.030001185763881565,alvo,2.189392145158451,2.1660012253377796,190,47.5,0.0015717539553118838
TRX,2021-01-29 14:15:00+00:00,2021-01-29 14:15:00+00:00,2021-02-02 14:15:00+00:00,-1,0.03772,0.0444182511356456,0.029555298208663938,0.03328,tempo,0.6628595897773929,0.6559697316539185,384,96.0,0.006698251135645601
TRX,2021-02-08 19:15:00+00:00,2021-02-08 19:15:00+00:00,2021-02-09 08:45:00+00:00,-1,0.04113,0.04491442862654498,0.03501817753585333,0.04491442862654498,stop,-1.0,-1.014778685008076,54,13.5,0.003784428626544982
TRX,2021-02-09 10:30:00+00:00,2021-02-09 10:30:00+00:00,2021-02-09 16:15:00+00:00,-1,0.044,0.04874922124980209,0.036383821023700684,0.04874922124980209,stop,-1.0,-1.0126940798588575,23,5.75,0.004749221249802094
TRX,2021-02-09 23:30:00+00:00,2021-02-09 23:30:00+00:00,2021-02-11 20:45:00+00:00,-1,0.04738,0.05290695968046451,0.03806167004888277,0.05290695968046451,stop,-1.0,-1.0117942824918207,181,45.25,0.005526959680464509
TRX,2021-02-12 01:30:00+00:00,2021-02-12 01:30:00+00:00,2021-02-16 01:30:00+00:00,-1,0.05534,0.062984726852016,0.04284136564876828,0.05201,tempo,0.43559437301829035,0.4264668395758628,384,96.0,0.007644726852016004
TRX,2021-02-23 09:30:00+00:00,2021-02-23 09:30:00+00:00,2021-02-27 09:30:00+00:00,1,0.0424,0.03659479352760541,0.055583872344782785,0.04598,tempo,0.6166877986207588,0.6067920265628352,384,96.0,0.005805206472394589
TRX,2021-03-19 23:15:00+00:00,2021-03-19 23:15:00+00:00,2021-03-20 03:00:00+00:00,-1,0.05885,0.06218032694475828,0.053345439862541894,0.06218032694475828,stop,-1.0,-1.0236222190250461,15,3.75,0.00333032694475828
TRX,2021-03-20 20:15:00+00:00,2021-03-20 20:15:00+00:00,2021-03-24 20:15:00+00:00,-1,0.06351,0.06801702079731181,0.055959378682393035,0.05789,tempo,1.2469434361944847,1.2294351965948216,384,96.0,0.004507020797311814
TRX,2021-03-31 08:00:00+00:00,2021-03-31 08:00:00+00:00,2021-03-31 13:45:00+00:00,-1,0.07127,0.07613503578127218,0.06378874389248132,0.07613503578127218,stop,-1.0,-1.019694258699321,23,5.75,0.004865035781272176
TRX,2021-04-01 05:45:00+00:00,2021-04-01 05:45:00+00:00,2021-04-01 10:00:00+00:00,-1,0.08495,0.09464872840080467,0.06860595177213288,0.09464872840080467,stop,-1.0,-1.012036544239226,17,4.25,0.009698728400804671
TRX,2021-04-01 11:30:00+00:00,2021-04-01 11:30:00+00:00,2021-04-03 10:45:00+00:00,-1,0.08814,0.09891544283457122,0.07002995433349408,0.09891544283457122,stop,-1.0,-1.011283623300602,189,47.25,0.010775442834571228
TRX,2021-04-03 17:15:00+00:00,2021-04-03 17:15:00+00:00,2021-04-04 07:00:00+00:00,-1,0.10284,0.1161878367242847,0.0807327768869092,0.1161878367242847,stop,-1.0,-1.0106660050472271,55,13.75,0.013347836724284703
TRX,2021-04-04 15:30:00+00:00,2021-04-04 15:30:00+00:00,2021-04-05 00:15:00+00:00,-1,0.11348,0.12919621275121723,0.08788418973486936,0.12919621275121723,stop,-1.0,-1.0100367398167267,35,8.75,0.015716212751217234
TRX,2021-04-05 23:15:00+00:00,2021-04-05 23:15:00+00:00,2021-04-09 23:15:00+00:00,-1,0.1328,0.15285989730258895,0.10241471646770758,0.11499,tempo,0.8878410358412668,0.8798119069992556,384,96.0,0.020059897302588947
TRX,2021-04-23 03:45:00+00:00,2021-04-23 03:45:00+00:00,2021-04-27 03:45:00+00:00,1,0.09865,0.08594227404022738,0.12996151065796951,0.11861,tempo,1.5706980197074638,1.5595851738334623,384,96.0,0.012707725959772626
TRX,2021-05-07 01:15:00+00:00,2021-05-07 01:15:00+00:00,2021-05-10 19:45:00+00:00,-1,0.16506,0.18379410544610558,0.13369481240212971,0.13369481240212971,alvo,1.6742292653418616,1.6638636448098307,362,90.5,0.01873410544610557
TRX,2021-05-19 15:00:00+00:00,2021-05-19 15:00:00+00:00,2021-05-23 12:45:00+00:00,1,0.0794,0.06414005847121519,0.11583719521059227,0.06414005847121519,stop,-1.0,-1.0061141150397133,375,93.75,0.015259941528784807
TRX,2021-05-23 14:45:00+00:00,2021-05-23 14:45:00+00:00,2021-05-27 14:45:00+00:00,1,0.0624,0.053058721729572905,0.08587306196931756,0.08151,tempo,2.0457585618125766,2.035744782403378,384,96.0,0.009341278270427092
TRX,2021-06-20 12:45:00+00:00,2021-06-20 12:45:00+00:00,2021-06-21 09:30:00+00:00,1,0.06378,0.06077510306623596,0.07001958024451535,0.06077510306623596,stop,-1.0,-1.0269429597013295,83,20.75,0.003004896933764045
TRX,2021-06-21 14:00:00+00:00,2021-06-21 14:00:00+00:00,2021-06-21 22:00:00+00:00,1,0.06055,0.05656296811063086,0.0682118059548277,0.05656296811063086,stop,-1.0,-1.019092756562816,32,8.0,0.003987031889369143
TRX,2021-06-22 03:45:00+00:00,2021-06-22 03:45:00+00:00,2021-06-22 09:45:00+00:00,1,0.05623,0.05177117636445569,0.06600055743635588,0.05177117636445569,stop,-1.0,-1.0157442344382672,24,6.0,0.004458823635544312
TRX,2021-06-22 18:45:00+00:00,2021-06-22 18:45:00+00:00,2021-06-24 01:15:00+00:00,1,0.05261,0.04788186180775354,0.06293130544208031,0.06293130544208031,alvo,2.182953421075116,2.167069399609646,122,30.5,0.004728138192246455
TRX,2021-07-20 15:30:00+00:00,2021-07-20 15:30:00+00:00,2021-07-23 00:30:00+00:00,1,0.05113,0.04879468954172076,0.05540039606928245,0.05540039606928245,alvo,1.8286202822168085,1.7989690822234439,228,57.0,0.002335310458279241
TRX,2021-07-26 02:15:00+00:00,2021-07-26 02:15:00+00:00,2021-07-30 02:15:00+00:00,-1,0.06092,0.06375928273919722,0.05581418342652423,0.06258,tempo,-0.5846547006689958,-0.6129276862691186,384,96.0,0.002839282739197216
TRX,2021-08-05 04:30:00+00:00,2021-08-05 04:30:00+00:00,2021-08-07 00:15:00+00:00,-1,0.07045,0.07374603330627826,0.06430756360425814,0.07374603330627826,stop,-1.0,-1.0284364303814981,175,43.75,0.0032960333062782565
TRX,2021-08-07 02:30:00+00:00,2021-08-07 02:30:00+00:00,2021-08-11 02:30:00+00:00,-1,0.07353,0.07687193627330194,0.06731113549244287,0.07514,tempo,-0.4817566429563508,-0.5106726641180952,384,96.0,0.0033419362733019403
TRX,2021-08-11 08:15:00+00:00,2021-08-11 08:15:00+00:00,2021-08-11 14:15:00+00:00,-1,0.08004,0.08412944806296306,0.07248966231982311,0.08412944806296306,stop,-1.0,-1.026094020414972,24,6.0,0.004089448062963061
TRX,2021-08-11 22:30:00+00:00,2021-08-11 22:30:00+00:00,2021-08-12 00:15:00+00:00,-1,0.08262,0.08736866600207219,0.07443112273920659,0.08736866600207219,stop,-1.0,-1.0232681415903184,7,1.75,0.004748666002072188
TRX,2021-08-12 05:15:00+00:00,2021-08-12 05:15:00+00:00,2021-08-14 16:45:00+00:00,-1,0.0866,0.09279543885939584,0.07553005129926764,0.09279543885939584,stop,-1.0,-1.0188214326547285,238,59.5,0.006195438859395844
TRX,2021-09-02 08:00:00+00:00,2021-09-02 08:00:00+00:00,2021-09-03 04:15:00+00:00,-1,0.09803,0.10273082377092559,0.08933393981996032,0.10273082377092559,stop,-1.0,-1.0277599292826516,81,20.25,0.00470082377092558
TRX,2021-09-03 13:30:00+00:00,2021-09-03 13:30:00+00:00,2021-09-07 13:30:00+00:00,-1,0.10358,0.10927368996721028,0.09337580677495337,0.0979,tempo,0.9975955896283241,0.9745943372323902,384,96.0,0.005693689967210272
TRX,2021-09-07 15:30:00+00:00,2021-09-07 15:30:00+00:00,2021-09-11 15:30:00+00:00,1,0.08277,0.07460891337243272,0.09998325357316128,0.09506,tempo,1.5059269140074691,1.4917634201891887,384,96.0,0.008161086627567274
TRX,2021-09-12 12:30:00+00:00,2021-09-12 12:30:00+00:00,2021-09-16 12:30:00+00:00,-1,0.11327,0.12379283226958979,0.09534737976999406,0.11609,tempo,-0.26798868667227504,-0.28215635524101595,384,96.0,0.01052283226958979
TRX,2021-09-21 00:45:00+00:00,2021-09-21 00:45:00+00:00,2021-09-25 00:45:00+00:00,1,0.0891,0.08237283371079622,0.10375034853095441,0.09301,tempo,0.5812254122921021,0.5636293703762109,384,96.0,0.006727166289203779
TRX,2021-11-15 08:15:00+00:00,2021-11-15 08:15:00+00:00,2021-11-16 06:30:00+00:00,-1,0.12442,0.1315167574572981,0.11168967481539224,0.11168967481539224,alvo,1.7938227790941716,1.772197228333355,89,22.25,0.007096757457298097
TRX,2021-11-26 12:30:00+00:00,2021-11-26 12:30:00+00:00,2021-11-30 12:30:00+00:00,1,0.09155,0.08684976791969455,0.10120328838296792,0.09826,tempo,1.4275890818488965,1.4013400588449128,384,96.0,0.004700232080305455
TRX,2021-12-04 06:00:00+00:00,2021-12-04 06:00:00+00:00,2021-12-08 06:00:00+00:00,1,0.08081,0.07346762637628611,0.09660676997541312,0.09195,tempo,1.517220529887063,1.5019265655977327,384,96.0,0.007342373623713899
TRX,2021-12-17 15:00:00+00:00,2021-12-17 15:00:00+00:00,2021-12-20 13:00:00+00:00,1,0.07925,0.07563120565572774,0.08677502904496828,0.07563120565572774,stop,-1.0,-1.0278194266097396,280,70.0,0.003618794344272258
TRX,2021-12-20 13:15:00+00:00,2021-12-20 13:15:00+00:00,2021-12-23 18:45:00+00:00,1,0.07608,0.07303816610533678,0.08229962455989534,0.08229962455989534,alvo,2.044695659025778,2.0108520109079278,310,77.5,0.0030418338946632123
TRX,2022-01-05 23:30:00+00:00,2022-01-05 23:30:00+00:00,2022-01-07 03:45:00+00:00,1,0.07137,0.06875925875155582,0.07677539476862169,0.06875925875155582,stop,-1.0,-1.034888182903147,113,28.25,0.0026107412484441817
TRX,2022-01-07 08:30:00+00:00,2022-01-07 08:30:00+00:00,2022-01-08 17:45:00+00:00,1,0.06874,0.06584573053510667,0.07410996739550754,0.06584573053510667,stop,-1.0,-1.030225494173551,133,33.25,0.002894269464893323
TRX,2022-01-08 21:45:00+00:00,2022-01-08 21:45:00+00:00,2022-01-10 14:30:00+00:00,1,0.06566,0.06271181314464389,0.07137854772430312,0.06271181314464389,stop,-1.0,-1.0283027103225924,163,40.75,0.002948186855356111
TRX,2022-01-10 14:45:00+00:00,2022-01-10 14:45:00+00:00,2022-01-14 14:45:00+00:00,1,0.06286,0.05980852749003211,0.06888605088275336,0.06701,tempo,1.3599991435097918,1.332335286232936,384,96.0,0.003051472509967887
TRX,2022-01-22 00:30:00+00:00,2022-01-22 00:30:00+00:00,2022-01-22 06:00:00+00:00,1,0.06139,0.05843165617409341,0.06770046352643445,0.05843165617409341,stop,-1.0,-1.0263269184031687,22,5.5,0.0029583438259065883
TRX,2022-01-22 12:45:00+00:00,2022-01-22 12:45:00+00:00,2022-01-24 09:30:00+00:00,1,0.05813,0.05431765341752855,0.06602024284924765,0.05431765341752855,stop,-1.0,-1.0191721747066371,179,44.75,0.003812346582471454
TRX,2022-01-24 11:15:00+00:00,2022-01-24 11:15:00+00:00,2022-01-28 11:15:00+00:00,1,0.05304,0.04938437184714598,0.06103565229433433,0.05619,tempo,0.8616850150748341,0.842263045161245,384,96.0,0.003655628152854015
TRX,2022-02-05 04:45:00+00:00,2022-02-05 04:45:00+00:00,2022-02-07 06:30:00+00:00,-1,0.06453,0.06689937916523976,0.06030377113005882,0.06689937916523976,stop,-1.0,-1.0360554771944916,199,49.75,0.0023693791652397572
TRX,2022-02-07 12:15:00+00:00,2022-02-07 12:15:00+00:00,2022-02-08 04:45:00+00:00,-1,0.06743,0.06969488643070698,0.06319268233600707,0.06969488643070698,stop,-1.0,-1.039353485884119,66,16.5,0.0022648864307069777
TRX,2022-02-08 08:15:00+00:00,2022-02-08 08:15:00+00:00,2022-02-10 11:45:00+00:00,-1,0.06889,0.0712785786154362,0.06453780244496278,0.0712785786154362,stop,-1.0,-1.038143846516601,206,51.5,0.0023885786154361904
TRX,2022-02-10 12:00:00+00:00,2022-02-10 12:00:00+00:00,2022-02-11 09:45:00+00:00,-1,0.07132,0.0737143509174828,0.06679879929937266,0.06679879929937266,alvo,1.8882782250567132,1.8507827940866466,87,21.75,0.0023943509174828015
TRX,2022-02-24 04:45:00+00:00,2022-02-24 04:45:00+00:00,2022-02-25 13:45:00+00:00,1,0.05727,0.0548304925511702,0.062417084040622135,0.062417084040622135,alvo,2.1098865851346846,2.0779962932383746,132,33.0,0.0024395074488298
TRX,2022-03-27 16:00:00+00:00,2022-03-27 16:00:00+00:00,2022-03-28 06:45:00+00:00,-1,0.06867,0.07083887325710311,0.06458824453804678,0.07083887325710311,stop,-1.0,-1.0418100814882267,59,14.75,0.0021688732571031183
TRX,2022-03-28 08:15:00+00:00,2022-03-28 08:15:00+00:00,2022-03-30 10:15:00+00:00,-1,0.0704,0.07307139944112374,0.06548872604633742,0.07307139944112374,stop,-1.0,-1.034909197105133,200,50.0,0.0026713994411237396
TRX,2022-03-31 11:45:00+00:00,2022-03-31 11:45:00+00:00,2022-04-04 11:45:00+00:00,-1,0.07794,0.08250731945376079,0.0697862366230789,0.07117,tempo,1.4822698671592782,1.461049214436992,384,96.0,0.004567319453760793
TRX,2022-04-06 14:30:00+00:00,2022-04-06 14:30:00+00:00,2022-04-07 01:00:00+00:00,1,0.06526,0.06259052528279772,0.07078887820089229,0.06259052528279772,stop,-1.0,-1.0311307842319308,42,10.5,0.002669474717202275
TRX,2022-04-07 04:00:00+00:00,2022-04-07 04:00:00+00:00,2022-04-11 04:00:00+00:00,1,0.06379,0.0611003129573183,0.06955099516288624,0.06151,tempo,-0.8476822633337916,-0.8779627378676603,384,96.0,0.0026896870426817016
TRX,2022-04-11 19:00:00+00:00,2022-04-11 19:00:00+00:00,2022-04-15 19:00:00+00:00,1,0.05948,0.0573639044321161,0.06387548764029585,0.06192,tempo,1.153067015040352,1.1157766387465675,384,96.0,0.002116095567883898
TRX,2022-04-21 16:00:00+00:00,2022-04-21 16:00:00+00:00,2022-04-25 07:00:00+00:00,-1,0.07171,0.0768663140738992,0.06251235051656982,0.06251235051656982,alvo,1.7837644006186217,1.7668444600204736,348,87.0,0.005156314073899201
TRX,2022-05-04 09:15:00+00:00,2022-05-04 09:15:00+00:00,2022-05-04 20:30:00+00:00,-1,0.07745,0.08280431163186794,0.06809112777377745,0.08280431163186794,stop,-1.0,-1.0194544714096843,45,11.25,0.0053543116318679335
TRX,2022-05-05 10:00:00+00:00,2022-05-05 10:00:00+00:00,2022-05-05 18:30:00+00:00,-1,0.08367,0.0905157886366521,0.07213720518910192,0.07213720518910192,alvo,1.6846554024691753,1.669861682015889,34,8.5,0.0068457886366521115
TRX,2022-06-13 12:15:00+00:00,2022-06-13 12:15:00+00:00,2022-06-14 02:00:00+00:00,1,0.06476,0.05902742262614366,0.0769849548939815,0.05902742262614366,stop,-1.0,-1.014035889872842,55,13.75,0.005732577373856337
TRX,2022-06-14 03:15:00+00:00,2022-06-14 03:15:00+00:00,2022-06-14 19:30:00+00:00,1,0.06007,0.053957065469412833,0.07402901800845009,0.053957065469412833,stop,-1.0,-1.0121247155820592,65,16.25,0.006112934530587165
TRX,2022-06-14 23:45:00+00:00,2022-06-14 23:45:00+00:00,2022-06-15 05:30:00+00:00,1,0.05581,0.049958256236672195,0.06961584995145496,0.049958256236672195,stop,-1.0,-1.0117485264793515,23,5.75,0.005851743763327803
TRX,2022-06-15 11:30:00+00:00,2022-06-15 11:30:00+00:00,2022-06-19 11:30:00+00:00,1,0.05316,0.04705010224988543,0.06646295603957109,0.06243,tempo,1.517210332992262,1.5049133186930306,384,96.0,0.006109897750114571
TRX,2022-07-26 01:15:00+00:00,2022-07-26 01:15:00+00:00,2022-07-27 13:45:00+00:00,1,0.06313,0.06136060353843888,0.06670519440085736,0.06670519440085736,alvo,2.020572821595331,1.9728769669952273,146,36.5,0.0017693964615611221
TRX,2022-08-19 07:15:00+00:00,2022-08-19 07:15:00+00:00,2022-08-23 07:15:00+00:00,1,0.06503,0.06313902754769588,0.0688206325612508,0.06533,tempo,0.15864853009066737,0.11383878159499122,384,96.0,0.0018909724523041294
TRX,2022-08-27 00:30:00+00:00,2022-08-27 00:30:00+00:00,2022-08-30 13:45:00+00:00,1,0.06179,0.060082140858645564,0.06516009991717006,0.06516009991717006,alvo,1.9732891522291314,1.9249727759261541,341,85.25,0.0017078591413544342
TRX,2022-11-08 19:45:00+00:00,2022-11-08 19:45:00+00:00,2022-11-09 05:45:00+00:00,1,0.05783,0.055457486729169336,0.06252496966684429,0.06252496966684429,alvo,1.978901329896666,1.9459275500467186,40,10.0,0.002372513270830663
TRX,2022-11-14 06:45:00+00:00,2022-11-14 06:45:00+00:00,2022-11-18 06:45:00+00:00,1,0.04788,0.043812683647308975,0.05517330341653849,0.0507,tempo,0.693331857044813,0.6775777345611745,384,96.0,0.004067316352691024
TRX,2022-12-12 08:15:00+00:00,2022-12-12 08:15:00+00:00,2022-12-13 13:45:00+00:00,1,0.0521,0.05108009036399214,0.05408317534303632,0.05408317534303632,alvo,1.9444618160476204,1.8767900718692552,118,29.5,0.0010199096360078638
TRX,2022-12-14 18:00:00+00:00,2022-12-14 18:00:00+00:00,2022-12-16 22:45:00+00:00,-1,0.05689,0.0583654631382679,0.05410618889433202,0.05410618889433202,alvo,1.886737142708968,1.8378389215944695,211,52.75,0.0014754631382679004
BCH,2020-09-21 15:00:00+00:00,2020-09-21 15:00:00+00:00,2020-09-23 21:00:00+00:00,1,211.6,202.99976880520077,229.22644495696662,202.99976880520077,stop,-1.0,-1.0313351866501388,216,54.0,8.600231194799221
BCH,2020-11-22 01:00:00+00:00,2020-11-22 01:00:00+00:00,2020-11-23 17:45:00+00:00,-1,300.4,322.6021726084249,259.92616333367744,322.6021726084249,stop,-1.0,-1.0182392696128222,163,40.75,22.202172608424917
BCH,2020-11-24 06:15:00+00:00,2020-11-24 06:15:00+00:00,2020-11-24 08:45:00+00:00,-1,337.41,370.69709237401617,282.7454694633233,370.69709237401617,stop,-1.0,-1.0138272698880242,10,2.5,33.28709237401614
BCH,2020-11-24 10:15:00+00:00,2020-11-24 10:15:00+00:00,2020-11-26 03:45:00+00:00,-1,338.41,376.70831262951896,286.1442212102518,286.1442212102518,alvo,1.3647018680782206,1.3541019169076887,166,41.5,38.29831262951893
BCH,2020-12-17 00:45:00+00:00,2020-12-17 00:45:00+00:00,2020-12-20 08:00:00+00:00,-1,314.42,333.15597633541205,281.30229399226874,333.15597633541205,stop,-1.0,-1.0224661035583422,317,79.25,18.735976335412033
BCH,2020-12-20 10:00:00+00:00,2020-12-20 10:00:00+00:00,2020-12-21 01:00:00+00:00,-1,353.21,380.8014850965611,305.63218278862786,380.8014850965611,stop,-1.0,-1.0172918370882555,60,15.0,27.591485096561144
BCH,2020-12-21 01:30:00+00:00,2020-12-21 01:30:00+00:00,2020-12-21 10:30:00+00:00,-1,372.73,405.9715834588097,315.16966527989894,315.16966527989894,alvo,1.731576198571446,1.7181251310858676,36,9.0,33.24158345880966
BCH,2021-01-04 00:00:00+00:00,2021-01-04 00:00:00+00:00,2021-01-04 06:45:00+00:00,-1,425.15,466.29406146819696,356.7876513083098,466.29406146819696,stop,-1.0,-1.0140831658148823,27,6.75,41.14406146819698
BCH,2021-01-04 07:30:00+00:00,2021-01-04 07:30:00+00:00,2021-01-07 17:15:00+00:00,-1,432.89,477.8586456102782,363.8631208882472,477.8586456102782,stop,-1.0,-1.01316443071862,327,81.75,44.9686456102782
BCH,2021-01-09 19:30:00+00:00,2021-01-09 19:30:00+00:00,2021-01-10 04:30:00+00:00,-1,537.46,604.5106265556116,426.63908218831006,604.5106265556116,stop,-1.0,-1.011070454451988,36,9.0,67.05062655561153
BCH,2021-01-10 10:30:00+00:00,2021-01-10 10:30:00+00:00,2021-01-11 14:15:00+00:00,-1,580.4,659.584524460041,453.01761652128374,453.01761652128374,alvo,1.608677760551524,1.6001947715417484,111,27.75,79.18452446004108
BCH,2021-01-27 15:00:00+00:00,2021-01-27 15:00:00+00:00,2021-01-29 14:15:00+00:00,1,376.96,350.5840877398187,435.67102512971536,435.67102512971536,alvo,2.2259334407306626,2.2059072076614945,189,47.25,26.37591226018128
BCH,2021-02-13 21:45:00+00:00,2021-02-13 21:45:00+00:00,2021-02-14 00:30:00+00:00,-1,636.33,701.1012726477924,525.2855768466178,701.1012726477924,stop,-1.0,-1.0134215415520431,11,2.75,64.77127264779233
BCH,2021-02-14 14:00:00+00:00,2021-02-14 14:00:00+00:00,2021-02-15 16:15:00+00:00,-1,689.25,766.9111201204166,556.7357775504429,766.9111201204166,stop,-1.0,-1.0121876265319207,105,26.25,77.66112012041663
BCH,2021-02-23 09:30:00+00:00,2021-02-23 09:30:00+00:00,2021-02-27 09:30:00+00:00,1,490.47,417.29638582470267,665.3756943948533,484.52,tempo,-0.08131346342611984,-0.08997428341079056,384,96.0,73.17361417529736
BCH,2021-04-05 17:00:00+00:00,2021-04-05 17:00:00+00:00,2021-04-06 09:30:00+00:00,-1,624.63,663.0226729586914,556.9305641512696,663.0226729586914,stop,-1.0,-1.0218003637913853,66,16.5,38.39267295869138
BCH,2021-04-06 11:00:00+00:00,2021-04-06 11:00:00+00:00,2021-04-07 05:00:00+00:00,-1,648.16,694.8883604555783,574.6956394262893,694.8883604555783,stop,-1.0,-1.0186820471718885,72,18.0,46.728360455578354
BCH,2021-04-07 05:15:00+00:00,2021-04-07 05:15:00+00:00,2021-04-11 05:15:00+00:00,-1,685.89,739.3429662801286,593.0495028124304,692.67,tempo,-0.1268404818634072,-0.1436040791407601,384,96.0,53.452966280128635
BCH,2021-04-14 09:00:00+00:00,2021-04-14 09:00:00+00:00,2021-04-15 16:15:00+00:00,-1,797.03,859.2954432130732,687.3614375342739,859.2954432130732,stop,-1.0,-1.017290674931909,125,31.25,62.26544321307324
BCH,2021-04-15 23:00:00+00:00,2021-04-15 23:00:00+00:00,2021-04-16 03:15:00+00:00,-1,868.47,943.4331341216839,740.87441665966,943.4331341216839,stop,-1.0,-1.0157108831024506,17,4.25,74.96313412168388
BCH,2021-04-16 05:00:00+00:00,2021-04-16 05:00:00+00:00,2021-04-16 16:00:00+00:00,-1,904.11,991.8277974794929,753.5915524984872,991.8277974794929,stop,-1.0,-1.0140491394423097,44,11.0,87.7177974794929
BCH,2021-04-16 19:30:00+00:00,2021-04-16 19:30:00+00:00,2021-04-16 23:30:00+00:00,-1,1026.36,1175.5774177726278,786.2804200894882,1175.5774177726278,stop,-1.0,-1.0095917711411755,16,4.0,149.21741777262787
BCH,2021-04-17 10:00:00+00:00,2021-04-17 10:00:00+00:00,2021-04-18 03:45:00+00:00,-1,1128.41,1311.2167210580192,841.8337682089013,841.8337682089013,alvo,1.5676460369317895,1.560640504301896,71,17.75,182.8067210580191
BCH,2021-05-05 12:00:00+00:00,2021-05-05 12:00:00+00:00,2021-05-05 19:00:00+00:00,-1,1202.44,1337.965930371823,983.08829284631,1337.965930371823,stop,-1.0,-1.0121841174615909,28,7.0,135.52593037182305
BCH,2021-05-06 01:15:00+00:00,2021-05-06 01:15:00+00:00,2021-05-06 16:30:00+00:00,-1,1333.96,1515.806223896818,1034.6037858168183,1515.806223896818,stop,-1.0,-1.010186343196128,61,15.25,181.84622389681795
BCH,2021-05-06 18:45:00+00:00,2021-05-06 18:45:00+00:00,2021-05-10 18:45:00+00:00,-1,1390.96,1612.9477527352374,1105.4445562532578,1426.82,tempo,-0.16154044337198087,-0.1697911553028525,384,96.0,221.98775273523734
BCH,2021-05-19 13:30:00+00:00,2021-05-19 13:30:00+00:00,2021-05-19 13:45:00+00:00,1,639.47,469.50312569532036,1131.4157280179259,469.50312569532036,stop,-1.0,-1.0042410177550822,1,0.25,169.96687430467966
BCH,2021-05-19 14:00:00+00:00,2021-05-19 14:00:00+00:00,2021-05-23 14:00:00+00:00,1,521.88,322.8559856080937,1124.0608832017815,535.94,tempo,0.07064474125375614,0.06718996720500214,384,96.0,199.0240143919063
BCH,2021-06-08 04:00:00+00:00,2021-06-08 04:00:00+00:00,2021-06-12 04:00:00+00:00,1,579.56,541.9932054725565,661.6190508985312,556.56,tempo,-0.6122428141479558,-0.6319005467091016,384,96.0,37.56679452744345
BCH,2021-06-20 13:15:00+00:00,2021-06-20 13:15:00+00:00,2021-06-21 06:45:00+00:00,1,526.01,499.93031590537345,581.5031642391045,499.93031590537345,stop,-1.0,-1.025570141222527,70,17.5,26.079684094626543
BCH,2021-06-21 07:15:00+00:00,2021-06-21 07:15:00+00:00,2021-06-21 11:15:00+00:00,1,504.61,473.91187762535094,571.4210189424929,473.91187762535094,stop,-1.0,-1.0207191571098084,16,4.0,30.698122374649074
BCH,2021-06-21 12:00:00+00:00,2021-06-21 12:00:00+00:00,2021-06-22 00:00:00+00:00,1,489.22,454.46496432967984,565.9156465078256,454.46496432967984,stop,-1.0,-1.017649103647392,48,12.0,34.75503567032018
BCH,2021-06-22 01:15:00+00:00,2021-06-22 01:15:00+00:00,2021-06-22 10:00:00+00:00,1,471.17,429.6820985601358,549.2848127370444,429.6820985601358,stop,-1.0,-1.0141138462959578,35,8.75,41.48790143986423
BCH,2021-06-22 15:30:00+00:00,2021-06-22 15:30:00+00:00,2021-06-26 15:30:00+00:00,1,431.85,389.22290240462553,527.0903958613302,439.43,tempo,0.17782116136432655,0.16453543392926295,384,96.0,42.627097595374494
BCH,2021-07-20 14:15:00+00:00,2021-07-20 14:15:00+00:00,2021-07-21 16:45:00+00:00,1,395.72,375.5610455071558,435.03040398895735,435.03040398895735,alvo,1.950021961848829,1.923235465416958,106,26.5,20.158954492844202
BCH,2021-07-26 02:15:00+00:00,2021-07-26 02:15:00+00:00,2021-07-26 19:30:00+00:00,-1,490.98,516.8843791761492,443.2282912864052,516.8843791761492,stop,-1.0,-1.0252896177132735,69,17.25,25.904379176149178
BCH,2021-07-26 20:00:00+00:00,2021-07-26 20:00:00+00:00,2021-07-29 16:45:00+00:00,-1,508.4,538.909581519842,456.15225142024104,538.909581519842,stop,-1.0,-1.022312702897782,275,68.75,30.509581519842072
BCH,2021-08-15 04:00:00+00:00,2021-08-15 04:00:00+00:00,2021-08-18 01:15:00+00:00,-1,696.37,735.7078838725984,624.1094462964355,624.1094462964355,alvo,1.8369202048994588,1.8151012467960577,277,69.25,39.337883872598354
BCH,2021-09-03 20:30:00+00:00,2021-09-03 20:30:00+00:00,2021-09-05 21:00:00+00:00,-1,712.83,743.2821542453312,658.5028112612368,743.2821542453312,stop,-1.0,-1.031080655005042,194,48.5,30.452154245331144
BCH,2021-09-06 01:00:00+00:00,2021-09-06 01:00:00+00:00,2021-09-06 09:15:00+00:00,-1,753.58,788.3405781573567,689.5099438337348,788.3405781573567,stop,-1.0,-1.0288329029300154,33,8.25,34.76057815735669
BCH,2021-09-06 12:15:00+00:00,2021-09-06 12:15:00+00:00,2021-09-07 15:00:00+00:00,-1,766.73,805.7019120294633,700.9051152009201,700.9051152009201,alvo,1.6890340086294815,1.6645557940589624,107,26.75,38.97191202946328
BCH,2021-09-21 02:15:00+00:00,2021-09-21 02:15:00+00:00,2021-09-21 21:00:00+00:00,1,541.83,510.54532941787465,607.4784223985608,510.54532941787465,stop,-1.0,-1.021865148374375,75,18.75,31.284670582125386
BCH,2021-09-22 01:45:00+00:00,2021-09-22 01:45:00+00:00,2021-09-24 11:15:00+00:00,1,516.49,484.615483930519,584.45834312329,484.615483930519,stop,-1.0,-1.0204150100078817,230,57.5,31.87451606948099
BCH,2021-09-24 11:30:00+00:00,2021-09-24 11:30:00+00:00,2021-09-28 11:30:00+00:00,1,494.76,461.86477693816386,557.1795080773941,495.97,tempo,0.036783456300797525,0.017206920863130398,384,96.0,32.895223061836134
BCH,2021-10-27 08:30:00+00:00,2021-10-27 08:30:00+00:00,2021-10-31 08:30:00+00:00,1,563.99,535.0334266973136,620.771144687965,588.78,tempo,0.8561095866167334,0.830232888701981,384,96.0,28.956573302686365
BCH,2021-11-09 01:00:00+00:00,2021-11-09 01:00:00+00:00,2021-11-09 06:15:00+00:00,-1,648.0,671.6824261939656,603.4465024951138,671.6824261939656,stop,-1.0,-1.0362206798408453,21,5.25,23.682426193965625
BCH,2021-11-10 03:15:00+00:00,2021-11-10 03:15:00+00:00,2021-11-10 12:00:00+00:00,-1,688.6,723.169560404633,629.4095880408729,723.169560404633,stop,-1.0,-1.026545035676532,35,8.75,34.569560404632966
BCH,2021-11-10 18:15:00+00:00,2021-11-10 18:15:00+00:00,2021-11-10 21:30:00+00:00,-1,713.47,751.1376822189881,643.8138309160687,643.8138309160687,alvo,1.8492289671281688,1.8258074440048078,13,3.25,37.667682218988034
BCH,2021-11-16 10:30:00+00:00,2021-11-16 10:30:00+00:00,2021-11-18 15:30:00+00:00,1,591.07,553.9387662985723,659.4994050515882,553.9387662985723,stop,-1.0,-1.0200439259325083,212,53.0,37.13123370142773
BCH,2021-11-18 17:30:00+00:00,2021-11-18 17:30:00+00:00,2021-11-22 17:30:00+00:00,1,556.67,523.2924394601632,619.6382419512828,565.11,tempo,0.2528644952924813,0.23101877055385822,384,96.0,33.377560539836736
BCH,2021-12-04 03:45:00+00:00,2021-12-04 03:45:00+00:00,2021-12-04 05:00:00+00:00,1,517.59,495.77712045314377,562.8959195075398,495.77712045314377,stop,-1.0,-1.0301972340185355,5,1.25,21.812879546856266
BCH,2021-12-04 05:45:00+00:00,2021-12-04 05:45:00+00:00,2021-12-08 05:45:00+00:00,1,413.28,334.6218389297457,559.9247339637647,470.94,tempo,0.7330453600167497,0.7257385149013819,384,96.0,78.65816107025427
BCH,2022-01-05 21:15:00+00:00,2022-01-05 21:15:00+00:00,2022-01-05 22:30:00+00:00,1,408.92,394.98109547119253,435.1562136813315,394.98109547119253,stop,-1.0,-1.0374875737886253,5,1.25,13.938904528807484
BCH,2022-01-05 23:15:00+00:00,2022-01-05 23:15:00+00:00,2022-01-07 03:45:00+00:00,1,402.09,386.35434668378514,434.1549545675827,386.35434668378514,stop,-1.0,-1.032568639829931,114,28.5,15.735653316214837
BCH,2022-01-07 08:00:00+00:00,2022-01-07 08:00:00+00:00,2022-01-08 18:15:00+00:00,1,383.43,366.53243104287515,418.4570312711001,366.53243104287515,stop,-1.0,-1.0288488587568287,137,34.25,16.89756895712486
BCH,2022-01-08 18:30:00+00:00,2022-01-08 18:30:00+00:00,2022-01-10 14:30:00+00:00,1,371.01,353.2665000157073,406.1712847851751,353.2665000157073,stop,-1.0,-1.026532517565698,176,44.0,17.74349998429267
BCH,2022-01-10 14:45:00+00:00,2022-01-10 14:45:00+00:00,2022-01-13 14:30:00+00:00,1,357.92,339.84718653646536,390.4584157483792,390.4584157483792,alvo,1.8004067719744703,1.7734908758292496,287,71.75,18.072813463534658
BCH,2022-01-21 02:30:00+00:00,2022-01-21 02:30:00+00:00,2022-01-21 12:45:00+00:00,1,350.76,337.2950428687703,377.0041768816746,337.2950428687703,stop,-1.0,-1.0332147940395155,41,10.25,13.46495713122971
BCH,2022-01-21 15:45:00+00:00,2022-01-21 15:45:00+00:00,2022-01-21 21:45:00+00:00,1,341.72,327.2547706695301,370.55929881375334,327.2547706695301,stop,-1.0,-1.030060608857355,24,6.0,14.465229330469924
BCH,2022-01-22 21:00:00+00:00,2022-01-22 21:00:00+00:00,2022-01-24 10:15:00+00:00,1,294.27,271.61456718824473,345.7182236414358,271.61456718824473,stop,-1.0,-1.016235618702526,149,37.25,22.655432811755247
BCH,2022-01-24 11:15:00+00:00,2022-01-24 11:15:00+00:00,2022-01-28 11:15:00+00:00,1,274.76,253.1126203138242,321.35498338241297,285.06,tempo,0.47580816474419246,0.4589986014032594,384,96.0,21.647379686175782
BCH,2022-02-05 17:00:00+00:00,2022-02-05 17:00:00+00:00,2022-02-07 06:30:00+00:00,-1,318.9,333.98297274386715,291.8247862387132,333.98297274386715,stop,-1.0,-1.0281359609600877,150,37.5,15.082972743867174
BCH,2022-02-07 09:30:00+00:00,2022-02-07 09:30:00+00:00,2022-02-08 03:30:00+00:00,-1,335.17,351.42353573605453,305.3843401273479,351.42353573605453,stop,-1.0,-1.0274577670653198,72,18.0,16.253535736054516
BCH,2022-02-08 07:15:00+00:00,2022-02-08 07:15:00+00:00,2022-02-12 06:45:00+00:00,-1,347.2,365.07676137490307,314.82361574547656,314.82361574547656,alvo,1.8110877902065723,1.787016576119737,382,95.5,17.876761374903083
BCH,2022-02-22 03:30:00+00:00,2022-02-22 03:30:00+00:00,2022-02-24 05:45:00+00:00,1,280.0,265.2280701631819,309.43034524100887,265.2280701631819,stop,-1.0,-1.0239913301458252,201,50.25,14.771929836818117
BCH,2022-02-24 08:00:00+00:00,2022-02-24 08:00:00+00:00,2022-02-24 20:15:00+00:00,1,266.02,250.62159514631,298.3626980746676,298.3626980746676,alvo,2.1003927602875834,2.076568944948644,49,12.25,15.398404853689982
BCH,2022-03-19 19:15:00+00:00,2022-03-19 19:15:00+00:00,2022-03-21 01:00:00+00:00,-1,321.04,333.1734182168445,298.1583101045375,333.1734182168445,stop,-1.0,-1.0350469022200688,119,29.75,12.133418216844461
BCH,2022-03-23 02:30:00+00:00,2022-03-23 02:30:00+00:00,2022-03-27 02:30:00+00:00,-1,362.85,381.4897676790982,329.39012987878374,361.74,tempo,0.05955009842985975,0.03428242835432867,384,96.0,18.639767679098156
BCH,2022-04-07 03:00:00+00:00,2022-04-07 03:00:00+00:00,2022-04-11 00:00:00+00:00,1,333.36,318.21098519407894,364.9248093121989,318.21098519407894,stop,-1.0,-1.0279570088089567,372,93.0,15.14901480592107
BCH,2022-04-11 03:45:00+00:00,2022-04-11 03:45:00+00:00,2022-04-11 11:45:00+00:00,1,313.89,302.9133917909544,336.31323935123044,302.9133917909544,stop,-1.0,-1.036525144837886,32,8.0,10.976608209045594
BCH,2022-04-12 04:30:00+00:00,2022-04-12 04:30:00+00:00,2022-04-13 12:45:00+00:00,1,301.96,289.8859440145026,325.9445133172054,325.9445133172054,alvo,1.9864503979453314,1.9526475123080265,129,32.25,12.074055985497353
BCH,2022-04-30 23:45:00+00:00,2022-04-30 23:45:00+00:00,2022-05-04 23:45:00+00:00,1,278.52,266.3784213246163,302.5515320607426,299.28,tempo,1.709827078919285,1.6788945280508016,384,96.0,12.141578675383698
BCH,2022-05-09 12:00:00+00:00,2022-05-09 12:00:00+00:00,2022-05-09 16:45:00+00:00,1,247.88,236.13906170758085,273.05831758025266,236.13906170758085,stop,-1.0,-1.0267961880280954,19,4.75,11.740938292419145
BCH,2022-05-10 02:45:00+00:00,2022-05-10 02:45:00+00:00,2022-05-11 13:00:00+00:00,1,226.78,209.87029165937662,264.60028478020195,209.87029165937662,stop,-1.0,-1.016784599938767,137,34.25,16.909708340623382
BCH,2022-05-11 22:00:00+00:00,2022-05-11 22:00:00+00:00,2022-05-12 05:15:00+00:00,1,195.06,171.49367769291757,245.06026141265826,171.49367769291757,stop,-1.0,-1.0101101855179495,29,7.25,23.56632230708243
BCH,2022-05-12 07:30:00+00:00,2022-05-12 07:30:00+00:00,2022-05-14 22:30:00+00:00,1,177.27,150.22312406880613,236.29677280165023,236.29677280165023,alvo,2.1823878274079367,2.172448845804112,252,63.0,27.04687593119388
BCH,2022-06-11 15:15:00+00:00,2022-06-11 15:15:00+00:00,2022-06-12 02:45:00+00:00,1,157.75,149.53700848072276,175.49740339075055,149.53700848072276,stop,-1.0,-1.0243195862364713,46,11.5,8.212991519277239
BCH,2022-06-12 06:30:00+00:00,2022-06-12 06:30:00+00:00,2022-06-13 01:00:00+00:00,1,151.68,142.62358429222783,171.37340603129167,142.62358429222783,stop,-1.0,-1.0211228521263416,74,18.5,9.056415707772175
BCH,2022-06-13 04:15:00+00:00,2022-06-13 04:15:00+00:00,2022-06-13 08:00:00+00:00,1,144.69,134.87699349390897,165.3133678294764,134.87699349390897,stop,-1.0,-1.0185181315897678,15,3.75,9.813006506091028
BCH,2022-06-13 15:45:00+00:00,2022-06-13 15:45:00+00:00,2022-06-14 01:15:00+00:00,1,134.19,122.88657119955747,160.021467421228,122.88657119955747,stop,-1.0,-1.0147831046870637,38,9.5,11.303428800442532
BCH,2022-06-14 03:30:00+00:00,2022-06-14 03:30:00+00:00,2022-06-15 05:30:00+00:00,1,130.62,118.04561203421537,154.65860358361127,118.04561203421537,stop,-1.0,-1.0128541164995106,104,26.0,12.574387965784638
BCH,2022-06-15 11:30:00+00:00,2022-06-15 11:30:00+00:00,2022-06-19 11:30:00+00:00,1,117.05,105.06770926642845,142.3081666470721,120.87,tempo,0.31880381514173,0.3058974349312488,384,96.0,11.982290733571546
BCH,2022-07-19 17:00:00+00:00,2022-07-19 17:00:00+00:00,2022-07-23 17:00:00+00:00,-1,126.35,134.64920284623727,111.4230931339984,121.29,tempo,0.6096971111260533,0.5903017543692318,384,96.0,8.299202846237279
BCH,2022-07-28 05:00:00+00:00,2022-07-28 05:00:00+00:00,2022-07-28 09:00:00+00:00,-1,138.02,146.94809951066182,121.773841905824,146.94809951066182,stop,-1.0,-1.0207467742110996,16,4.0,8.92809951066181
BCH,2022-07-29 00:30:00+00:00,2022-07-29 00:30:00+00:00,2022-07-29 10:00:00+00:00,-1,148.77,161.73285255033153,127.87693802047858,161.73285255033153,stop,-1.0,-1.0155696327929422,38,9.5,12.962852550331519
BCH,2022-07-29 11:00:00+00:00,2022-07-29 11:00:00+00:00,2022-08-02 03:15:00+00:00,-1,156.37,170.9269867892482,131.1503649327023,131.1503649327023,alvo,1.7324763312916494,1.7196379437934692,353,88.25,14.556986789248185
BCH,2022-08-19 16:30:00+00:00,2022-08-19 16:30:00+00:00,2022-08-19 23:00:00+00:00,1,119.97,113.46860232388732,133.79722305815025,113.46860232388732,stop,-1.0,-1.023338841749064,26,6.5,6.501397676112674
BCH,2022-08-20 04:15:00+00:00,2022-08-20 04:15:00+00:00,2022-08-23 09:30:00+00:00,1,116.46,109.81268539291119,130.9726868223032,130.9726868223032,alvo,2.1832405535352026,2.1590456333394616,309,77.25,6.647314607088802
BCH,2022-09-09 13:15:00+00:00,2022-09-09 13:15:00+00:00,2022-09-13 13:15:00+00:00,-1,134.88,142.73464711561797,121.03180068713748,123.62,tempo,1.433546260482014,1.4121544655959135,384,96.0,7.854647115617979
BCH,2022-09-19 07:00:00+00:00,2022-09-19 07:00:00+00:00,2022-09-23 04:15:00+00:00,1,107.43,101.57841804677821,119.32805100412372,119.32805100412372,alvo,2.0333050274674562,2.008116499932346,373,93.25,5.851581953221796
BCH,2022-10-11 00:30:00+00:00,2022-10-11 00:30:00+00:00,2022-10-13 07:45:00+00:00,1,110.15,106.6500029352771,117.11360160406305,106.6500029352771,stop,-1.0,-1.040262891454478,221,55.25,3.499997064722905
BCH,2022-10-13 11:45:00+00:00,2022-10-13 11:45:00+00:00,2022-10-17 11:45:00+00:00,1,105.18,100.98270586891067,113.43819475776549,110.21,tempo,1.198391116491647,1.1650354602932893,384,96.0,4.197294131089336
BCH,2022-11-08 19:45:00+00:00,2022-11-08 19:45:00+00:00,2022-11-09 15:45:00+00:00,1,101.9,94.86038039532474,117.53673095124657,94.86038039532474,stop,-1.0,-1.0181677781526748,80,20.0,7.039619604675266
BCH,2022-11-09 16:15:00+00:00,2022-11-09 16:15:00+00:00,2022-11-09 21:30:00+00:00,1,96.5,89.18857195813617,112.89531012178888,89.18857195813617,stop,-1.0,-1.0165080708011756,21,5.25,7.311428041863834
BCH,2022-11-10 00:30:00+00:00,2022-11-10 00:30:00+00:00,2022-11-14 00:30:00+00:00,1,91.38,83.01351489592184,110.53966485843625,97.36,tempo,0.714756546579533,0.7000931606445959,384,96.0,8.366485104078151
BCH,2022-11-23 04:15:00+00:00,2022-11-23 04:15:00+00:00,2022-11-27 04:15:00+00:00,-1,115.91,122.40353419664925,105.03495190213816,113.05,tempo,0.44043812096589824,0.41751932274400005,384,96.0,6.49353419664925
APT,2022-11-08 04:30:00+00:00,2022-11-08 04:30:00+00:00,2022-11-08 18:15:00+00:00,1,6.282,5.746010295034473,7.478808262569945,5.746010295034473,stop,-1.0,-1.0145864866793948,55,13.75,0.5359897049655267
APT,2022-11-08 23:45:00+00:00,2022-11-08 23:45:00+00:00,2022-11-09 05:15:00+00:00,1,5.437,4.74503433805365,7.06262110219378,4.74503433805365,stop,-1.0,-1.0095645242006936,22,5.5,0.6919656619463499
APT,2022-11-10 03:45:00+00:00,2022-11-10 03:45:00+00:00,2022-11-14 03:45:00+00:00,1,4.2633,3.578387945281687,6.006867726293677,3.8527,tempo,-0.5994930256686304,-0.6071953284148853,384,96.0,0.6849120547183132
APT,2022-12-16 23:45:00+00:00,2022-12-16 23:45:00+00:00,2022-12-19 22:30:00+00:00,1,4.0375,3.767658582523347,4.6101935766292526,3.767658582523347,stop,-1.0,-1.0188012393578503,283,70.75,0.2698414174766528
APT,2022-12-19 23:00:00+00:00,2022-12-19 23:00:00+00:00,2022-12-23 23:00:00+00:00,1,3.7645,3.5518278428602703,4.223123002792983,3.7396,tempo,-0.11708161677055061,-0.14001675348802547,384,96.0,0.21267215713972965
APT,2022-12-28 14:45:00+00:00,2022-12-28 14:45:00+00:00,2022-12-29 02:30:00+00:00,1,3.3031,3.1444674599267697,3.6126292559034425,3.1444674599267697,stop,-1.0,-1.026419036390754,47,11.75,0.15863254007323047
APT,2022-12-29 05:00:00+00:00,2022-12-29 05:00:00+00:00,2022-12-29 21:30:00+00:00,1,3.2147,3.0607991142490554,3.536967628835176,3.0607991142490554,stop,-1.0,-1.0265045545667812,66,16.5,0.15390088575094474
APT,2022-12-29 22:30:00+00:00,2022-12-29 22:30:00+00:00,2022-12-30 23:45:00+00:00,1,3.141,2.9844192473947184,3.4559851765945773,3.4559851765945773,alvo,2.01164684262702,1.9842613543505903,101,25.25,0.1565807526052816
OP,2022-06-08 21:15:00+00:00,2022-06-08 21:15:00+00:00,2022-06-08 23:45:00+00:00,1,0.849,0.7178197035354688,1.1839591168601131,0.7178197035354688,stop,-1.0,-1.0077636111119281,10,2.5,0.13118029646453122
OP,2022-06-09 01:15:00+00:00,2022-06-09 01:15:00+00:00,2022-06-12 02:30:00+00:00,1,0.8197,0.6790247765129944,1.1566169390568577,0.6790247765129944,stop,-1.0,-1.0069249657515094,293,73.25,0.14067522348700556
OP,2022-06-12 02:45:00+00:00,2022-06-12 02:45:00+00:00,2022-06-13 03:15:00+00:00,1,0.653,0.5426228819319279,0.9335482051411124,0.5426228819319279,stop,-1.0,-1.0070409056411171,98,24.5,0.11037711806807216
OP,2022-06-13 03:45:00+00:00,2022-06-13 03:45:00+00:00,2022-06-15 09:30:00+00:00,1,0.5762,0.4719834707580344,0.8422614379657051,0.4719834707580344,stop,-1.0,-1.0065375354653279,215,53.75,0.10421652924196567
OP,2022-07-12 11:30:00+00:00,2022-07-12 11:30:00+00:00,2022-07-13 12:45:00+00:00,1,0.4691,0.43684712650862983,0.5332134476284399,0.43684712650862983,stop,-1.0,-1.0182577726721984,101,25.25,0.03225287349137018
OP,2022-07-13 13:45:00+00:00,2022-07-13 13:45:00+00:00,2022-07-15 15:45:00+00:00,1,0.4231,0.38459776261783507,0.5086685380304882,0.5086685380304882,alvo,2.2224302754448617,2.2067000324538304,200,50.0,0.038502237382164906
OP,2022-07-19 04:00:00+00:00,2022-07-19 04:00:00+00:00,2022-07-22 10:30:00+00:00,-1,0.7425,0.8514537445189746,0.575940967774302,0.8514537445189746,stop,-1.0,-1.0095092641240697,314,78.5,0.10895374451897455
OP,2022-07-27 21:15:00+00:00,2022-07-27 21:15:00+00:00,2022-07-28 13:45:00+00:00,-1,1.0383,1.1715423962493046,0.8201733418927547,1.1715423962493046,stop,-1.0,-1.0107803341728745,66,16.5,0.13324239624930456
OP,2022-07-29 12:45:00+00:00,2022-07-29 12:45:00+00:00,2022-07-29 22:30:00+00:00,-1,1.4481,1.7306281589205637,1.0191367522474735,1.7306281589205637,stop,-1.0,-1.0073131588412017,39,9.75,0.2825281589205637
OP,2022-07-30 16:15:00+00:00,2022-07-30 16:15:00+00:00,2022-08-03 16:15:00+00:00,-1,1.7306,2.0744629443097424,1.2066243076405285,1.7653,tempo,-0.1009122982694621,-0.10752055611638248,384,96.0,0.3438629443097425
OP,2022-08-03 23:00:00+00:00,2022-08-03 23:00:00+00:00,2022-08-07 23:00:00+00:00,-1,2.0634,2.404186453119828,1.5320043975692446,1.9289,tempo,0.3946753128496776,0.3870605882142252,384,96.0,0.3407864531198279
OP,2022-08-19 00:15:00+00:00,2022-08-19 00:15:00+00:00,2022-08-19 06:45:00+00:00,1,1.2085,1.1053118630788343,1.443501751370731,1.1053118630788343,stop,-1.0,-1.0145751028739889,26,6.5,0.10318813692116557
OP,2022-08-19 08:30:00+00:00,2022-08-19 08:30:00+00:00,2022-08-23 08:30:00+00:00,1,1.1729,1.0689592578785576,1.4103030181310878,1.1852,tempo,0.11833665749306355,0.10359013010913218,384,96.0,0.10394074212144244
OP,2022-09-09 17:45:00+00:00,2022-09-09 17:45:00+00:00,2022-09-13 12:45:00+00:00,-1,1.4028,1.5349207716268622,1.1796426152266388,1.1796426152266388,alvo,1.6890408830157775,1.6763359337543697,364,91.0,0.1321207716268622
OP,2022-09-18 21:45:00+00:00,2022-09-18 21:45:00+00:00,2022-09-21 18:15:00+00:00,1,0.9569,0.8719624196914652,1.1445186129956588,0.8719624196914652,stop,-1.0,-1.013995696233414,274,68.5,0.08493758030853482
OP,2022-10-10 23:15:00+00:00,2022-10-10 23:15:00+00:00,2022-10-11 00:15:00+00:00,1,0.7701,0.7343563654424845,0.8450398500130982,0.7343563654424845,stop,-1.0,-1.0273586234204601,4,1.0,0.0357436345575155
OP,2022-10-11 01:00:00+00:00,2022-10-11 01:00:00+00:00,2022-10-13 02:30:00+00:00,1,0.7637,0.7257408788553664,0.842660454680652,0.7257408788553664,stop,-1.0,-1.0255047151267582,198,49.5,0.03795912114463362
OP,2022-10-13 02:45:00+00:00,2022-10-13 02:45:00+00:00,2022-10-13 07:45:00+00:00,1,0.7217,0.6872038972402147,0.7936140535344374,0.6872038972402147,stop,-1.0,-1.0265475650853446,20,5.0,0.03449610275978532
OP,2022-10-13 13:45:00+00:00,2022-10-13 13:45:00+00:00,2022-10-17 13:45:00+00:00,1,0.686,0.6431858316852953,0.7780350227067858,0.7231,tempo,0.8665355759639438,0.8451427745607358,384,96.0,0.04281416831470475
OP,2022-10-25 23:45:00+00:00,2022-10-25 23:45:00+00:00,2022-10-26 15:30:00+00:00,-1,0.9688,1.0715330320519643,0.7941142275190585,1.0715330320519643,stop,-1.0,-1.0129093480874092,63,15.75,0.10273303205196427
OP,2022-10-27 10:45:00+00:00,2022-10-27 10:45:00+00:00,2022-10-28 16:45:00+00:00,-1,1.0899,1.2056612599541194,0.8923327648886535,1.2056612599541194,stop,-1.0,-1.0128895868925543,120,30.0,0.11576125995411934
OP,2022-10-28 18:00:00+00:00,2022-10-28 18:00:00+00:00,2022-11-01 18:00:00+00:00,-1,1.1874,1.3231435137744691,0.9611510814570857,1.0015,tempo,1.3694945329679857,1.3590131113483577,384,96.0,0.13574351377446914
OP,2022-11-04 08:00:00+00:00,2022-11-04 08:00:00+00:00,2022-11-08 08:00:00+00:00,-1,1.2822,1.4213658263159152,1.0494459442013908,1.1819,tempo,0.720722914922466,0.7092138753658429,384,96.0,0.13916582631591523
OP,2022-11-09 11:30:00+00:00,2022-11-09 11:30:00+00:00,2022-11-13 11:30:00+00:00,1,0.8525,0.735938490269906,1.1404211921002918,0.9086,tempo,0.48129095213251116,0.4714702574396347,384,96.0,0.11656150973009405
OP,2022-12-01 04:30:00+00:00,2022-12-01 04:30:00+00:00,2022-12-02 15:00:00+00:00,-1,1.039,1.1078849964240858,0.9214136688949965,1.1078849964240858,stop,-1.0,-1.02025804340737,138,34.5,0.06888499642408585
OP,2022-12-02 17:30:00+00:00,2022-12-02 17:30:00+00:00,2022-12-06 17:30:00+00:00,-1,1.1247,1.2114786443729415,0.9763722316989351,1.0501,tempo,0.8596585086003152,0.8433685560409643,384,96.0,0.08677864437294147
OP,2022-12-17 02:45:00+00:00,2022-12-17 02:45:00+00:00,2022-12-19 22:45:00+00:00,1,0.9297,0.8641160136773248,1.0665163118908974,0.8641160136773248,stop,-1.0,-1.0177784315084724,272,68.0,0.06558398632267515
