activo,sinal_em,entrada_em,saida_em,lado,entrada,stop,alvo,saida,motivo,R_bruto,R_liquido,duracao,duracao_h,R_preco
BTC,2025-04-06 23:45:00+00:00,2025-04-06 23:45:00+00:00,2025-04-07 06:30:00+00:00,1,78297.5,75794.05462711562,83031.41417871148,75794.05462711562,stop,-1.0,-1.040008666293455,27,6.75,2503.44537288438
BTC,2025-04-07 08:30:00+00:00,2025-04-07 08:30:00+00:00,2025-04-09 18:15:00+00:00,1,76235.9,73357.92765590305,82313.19074914533,82313.19074914533,alvo,2.1116571052569624,2.0758482451758966,231,57.75,2877.972344096939
BTC,2025-04-23 15:15:00+00:00,2025-04-23 15:15:00+00:00,2025-04-25 14:15:00+00:00,-1,92583.5,95106.63734831988,87912.60713715942,95106.63734831988,stop,-1.0,-1.0483519414262743,188,47.0,2523.137348319884
BTC,2025-05-09 14:30:00+00:00,2025-05-09 14:30:00+00:00,2025-05-12 01:15:00+00:00,-1,102620.1,105097.51368210283,97968.44243363886,105097.51368210283,stop,-1.0,-1.0544989518176735,235,58.75,2477.4136821028223
BTC,2025-06-05 21:30:00+00:00,2025-06-05 21:30:00+00:00,2025-06-06 15:15:00+00:00,1,100939.4,98836.89187771674,105069.01276292028,105069.01276292028,alvo,1.9641364136256763,1.9004479708193383,71,17.75,2102.5081222832523
BTC,2025-06-09 21:45:00+00:00,2025-06-09 21:45:00+00:00,2025-06-13 00:15:00+00:00,-1,109865.4,112108.11880692511,105557.46358113455,105557.46358113455,alvo,1.9208544582420715,1.8584191404949844,298,74.5,2242.7188069251133
BTC,2025-06-22 16:15:00+00:00,2025-06-22 16:15:00+00:00,2025-06-23 21:30:00+00:00,1,98943.8,96510.2525253611,103961.32246990023,103961.32246990023,alvo,2.061814089180542,2.0076181751990387,117,29.25,2433.547474638908
BTC,2025-07-10 18:30:00+00:00,2025-07-10 18:30:00+00:00,2025-07-10 21:30:00+00:00,-1,113149.3,115223.96816667549,109250.49992280515,115223.96816667549,stop,-1.0,-1.071550056386226,12,3.0,2074.6681666754885
BTC,2025-07-12 12:45:00+00:00,2025-07-12 12:45:00+00:00,2025-07-14 02:45:00+00:00,-1,117450.0,119898.53120532661,112844.28323933644,119898.53120532661,stop,-1.0,-1.0630077921603958,152,38.0,2448.53120532661
BTC,2025-07-14 14:45:00+00:00,2025-07-14 14:45:00+00:00,2025-07-15 15:00:00+00:00,-1,120929.8,123456.9357873872,116083.77979991223,116083.77979991223,alvo,1.9175939117612901,1.8566320799361693,97,24.25,2527.135787387204
BTC,2025-08-11 09:30:00+00:00,2025-08-11 09:30:00+00:00,2025-08-13 22:45:00+00:00,-1,121282.0,123451.31408875252,117157.53510962155,123451.31408875252,stop,-1.0,-1.0733303927644553,245,61.25,2169.3140887525224
BTC,2025-08-14 00:45:00+00:00,2025-08-14 00:45:00+00:00,2025-08-14 12:45:00+00:00,-1,123750.4,126502.0402351216,118958.67360525452,118958.67360525452,alvo,1.7414073008471278,1.684073898089829,48,12.0,2751.6402351216093
BTC,2025-09-25 18:15:00+00:00,2025-09-25 18:15:00+00:00,2025-09-29 14:00:00+00:00,1,109177.4,107097.68942601253,113320.63402837662,113320.63402837662,alvo,1.992216647931315,1.922676335963215,367,91.75,2079.710573987468
BTC,2025-10-01 10:15:00+00:00,2025-10-01 10:15:00+00:00,2025-10-01 16:45:00+00:00,-1,116217.4,118179.33796248194,112421.67599818564,118179.33796248194,stop,-1.0,-1.0776568283957733,26,6.5,1961.9379624819412
BTC,2025-10-01 18:00:00+00:00,2025-10-01 18:00:00+00:00,2025-10-02 00:15:00+00:00,-1,116734.3,118731.33757467299,112890.48185512412,118731.33757467299,stop,-1.0,-1.076639852131275,25,6.25,1997.0375746729842
BTC,2025-10-03 07:45:00+00:00,2025-10-03 07:45:00+00:00,2025-10-03 15:45:00+00:00,-1,119619.8,121738.55278971545,115533.80567867796,121738.55278971545,stop,-1.0,-1.0740449428903807,32,8.0,2118.7527897154505
BTC,2025-10-04 02:45:00+00:00,2025-10-04 02:45:00+00:00,2025-10-05 02:45:00+00:00,-1,121718.3,124186.61597873825,116950.22441847753,124186.61597873825,stop,-1.0,-1.0647559699661653,96,24.0,2468.3159787382465
BTC,2025-10-05 09:45:00+00:00,2025-10-05 09:45:00+00:00,2025-10-06 17:00:00+00:00,-1,122955.0,125434.4441611027,119016.46671001689,125434.4441611027,stop,-1.0,-1.0651166665648613,125,31.25,2479.4441611026996
BTC,2025-10-06 17:45:00+00:00,2025-10-06 17:45:00+00:00,2025-10-07 16:30:00+00:00,-1,125113.3,127521.1167653999,120727.80958064606,120727.80958064606,alvo,1.8213555459755202,1.7549897312990532,91,22.75,2407.816765399897
BTC,2025-10-10 22:00:00+00:00,2025-10-10 22:00:00+00:00,2025-10-14 22:00:00+00:00,1,113253.6,108641.83135424471,121267.11984665667,113060.1,tempo,-0.04195787231826968,-0.07385537548885818,384,96.0,4611.768645755292
BTC,2025-10-17 08:30:00+00:00,2025-10-17 08:30:00+00:00,2025-10-21 08:30:00+00:00,1,105132.1,101729.99028641217,112232.32633348576,107793.6,tempo,0.7823086919772507,0.7416275509642989,384,96.0,3402.109713587837
BTC,2025-11-04 23:45:00+00:00,2025-11-04 23:45:00+00:00,2025-11-08 23:45:00+00:00,1,101357.5,98260.268568267,107812.80956097654,102328.5,tempo,0.3135057942559668,0.27075926306571596,384,96.0,3097.231431733002
BTC,2025-11-14 14:45:00+00:00,2025-11-14 14:45:00+00:00,2025-11-16 22:15:00+00:00,1,96367.3,93229.52531928523,101977.09751397974,93229.52531928523,stop,-1.0,-1.0392755850874105,222,55.5,3137.774680714778
BTC,2025-11-18 03:45:00+00:00,2025-11-18 03:45:00+00:00,2025-11-20 17:00:00+00:00,1,90600.0,87579.69883855738,96704.48695351071,87579.69883855738,stop,-1.0,-1.0383461112168508,245,61.25,3020.3011614426214
BTC,2025-11-20 18:00:00+00:00,2025-11-20 18:00:00+00:00,2025-11-21 07:45:00+00:00,1,87186.1,83976.63807965715,93468.2321234581,83976.63807965715,stop,-1.0,-1.0346649321640469,55,13.75,3209.4619203428592
BTC,2025-11-21 13:15:00+00:00,2025-11-21 13:15:00+00:00,2025-11-25 13:15:00+00:00,1,83775.7,80073.74064994545,91435.58703285958,87549.9,tempo,1.019514166179158,0.989432355583815,384,96.0,3701.959350054545
BTC,2025-12-01 16:00:00+00:00,2025-12-01 16:00:00+00:00,2025-12-02 15:15:00+00:00,1,84650.0,82097.4890140046,89405.2405599991,89405.2405599991,alvo,1.8629657564998552,1.8186423796428188,93,23.25,2552.5109859953955
BTC,2026-01-05 02:15:00+00:00,2026-01-05 02:15:00+00:00,2026-01-05 20:15:00+00:00,-1,92821.7,94484.34551497326,89668.41676158024,94484.34551497326,stop,-1.0,-1.0732260295344376,72,18.0,1662.6455149732647
BTC,2026-01-05 21:15:00+00:00,2026-01-05 21:15:00+00:00,2026-01-08 06:15:00+00:00,-1,93944.6,95770.85314942352,90496.62973067496,90496.62973067496,alvo,1.888002367258585,1.8223560468879492,228,57.0,1826.2531494235154
BTC,2026-01-14 15:30:00+00:00,2026-01-14 15:30:00+00:00,2026-01-18 15:30:00+00:00,-1,96688.7,98999.71276613584,92263.31329180904,95016.7,tempo,0.7234923253131521,0.6695728871231359,384,96.0,2311.012766135842
BTC,2026-01-20 18:00:00+00:00,2026-01-20 18:00:00+00:00,2026-01-20 22:45:00+00:00,1,89739.6,87887.51059417207,93503.03049451196,87887.51059417207,stop,-1.0,-1.0623391190095377,19,4.75,1852.0894058279373
BTC,2026-01-21 01:15:00+00:00,2026-01-21 01:15:00+00:00,2026-01-25 01:15:00+00:00,1,89047.9,87081.16444686321,93062.72614773171,89220.1,tempo,0.08755625519931594,0.028639234141151666,384,96.0,1966.7355531367793
BTC,2026-01-30 03:15:00+00:00,2026-01-30 03:15:00+00:00,2026-01-31 17:15:00+00:00,1,82352.7,79613.95048420332,88074.49802528645,79613.95048420332,stop,-1.0,-1.0384402889740385,152,38.0,2738.749515796677
BTC,2026-02-01 00:15:00+00:00,2026-02-01 00:15:00+00:00,2026-02-01 22:00:00+00:00,1,79305.9,76343.60015953885,85146.52161690984,76343.60015953885,stop,-1.0,-1.0341532527267567,87,21.75,2962.2998404611426
BTC,2026-02-01 22:15:00+00:00,2026-02-01 22:15:00+00:00,2026-02-03 18:30:00+00:00,1,77448.0,74472.16684911797,83180.35534835815,74472.16684911797,stop,-1.0,-1.0331833484759245,177,44.25,2975.8331508820265
BTC,2026-02-03 19:15:00+00:00,2026-02-03 19:15:00+00:00,2026-02-05 04:15:00+00:00,1,74523.5,71061.52173579759,80513.14534006268,71061.52173579759,stop,-1.0,-1.0273341589422342,132,33.0,3461.9782642024074
BTC,2026-02-05 05:45:00+00:00,2026-02-05 05:45:00+00:00,2026-02-05 15:30:00+00:00,1,70981.7,67390.62068836253,78060.56977530339,67390.62068836253,stop,-1.0,-1.0250459543335522,39,9.75,3591.07931163747
BTC,2026-02-06 02:00:00+00:00,2026-02-06 02:00:00+00:00,2026-02-10 02:00:00+00:00,1,65666.0,61013.30371803327,75172.81116769061,70454.7,tempo,1.0292311618448853,1.0102145638041038,384,96.0,4652.6962819667315
BTC,2026-04-07 23:45:00+00:00,2026-04-07 23:45:00+00:00,2026-04-11 23:45:00+00:00,-1,71989.3,74196.66174639165,68141.56680013577,73032.2,tempo,-0.47246447108400497,-0.5151688330464664,384,96.0,2207.3617463916453
BTC,2026-04-14 14:45:00+00:00,2026-04-14 14:45:00+00:00,2026-04-17 14:00:00+00:00,-1,75325.6,77288.45079414289,72001.02287821817,77288.45079414289,stop,-1.0,-1.0505382952755256,285,71.25,1962.8507941428834
BTC,2026-04-17 16:45:00+00:00,2026-04-17 16:45:00+00:00,2026-04-19 22:15:00+00:00,-1,78031.6,80226.3221030577,73876.71124942896,73876.71124942896,alvo,1.8931274919874572,1.8481375581026325,214,53.5,2194.722103057691
BTC,2026-05-23 09:00:00+00:00,2026-05-23 09:00:00+00:00,2026-05-23 21:00:00+00:00,1,74655.0,73276.19134087148,77234.93552463448,77234.93552463448,alvo,1.8711338281448897,1.799529652005313,48,12.0,1378.8086591285246
BTC,2026-05-28 04:45:00+00:00,2026-05-28 04:45:00+00:00,2026-06-01 04:45:00+00:00,1,73150.0,71584.19042296702,76263.1855174541,73453.4,tempo,0.1937655794486199,0.13290747039262146,384,96.0,1565.809577032982
BTC,2026-06-01 16:45:00+00:00,2026-06-01 16:45:00+00:00,2026-06-02 07:00:00+00:00,1,71314.9,69944.73169000952,74003.1339426427,69944.73169000952,stop,-1.0,-1.067012760351423,57,14.25,1370.1683099904767
BTC,2026-06-04 14:00:00+00:00,2026-06-04 14:00:00+00:00,2026-06-05 06:30:00+00:00,1,64202.7,61744.30210809871,69126.3616475383,61744.30210809871,stop,-1.0,-1.0333003667306884,66,16.5,2458.397891901288
BTC,2026-06-05 07:45:00+00:00,2026-06-05 07:45:00+00:00,2026-06-05 15:45:00+00:00,1,62850.6,60191.557989043424,67755.35936825254,60191.557989043424,stop,-1.0,-1.0300775250497478,32,8.0,2659.042010956575
BTC,2026-06-05 17:00:00+00:00,2026-06-05 17:00:00+00:00,2026-06-09 17:00:00+00:00,1,61358.1,58611.58045534154,66980.92663304538,61367.5,tempo,0.003422513420042082,-0.02562211513726893,384,96.0,2746.519544658462
BTC,2026-06-24 16:15:00+00:00,2026-06-24 16:15:00+00:00,2026-06-25 14:00:00+00:00,1,60492.2,59002.33275866725,63436.23559945452,59002.33275866725,stop,-1.0,-1.0521331324955192,87,21.75,1489.867241332744
BTC,2026-06-25 14:15:00+00:00,2026-06-25 14:15:00+00:00,2026-06-29 14:15:00+00:00,1,59228.6,57017.623194036976,62737.728920286674,59070.2,tempo,-0.07164254259601248,-0.10642093547314066,384,96.0,2210.9768059630223
BTC,2026-08-23 04:45:00+00:00,2026-08-23 04:45:00+00:00,2026-08-24 13:15:00+00:00,-1,76827.1,79402.70671273083,71940.39268159936,79402.70671273083,stop,-1.0,-1.0394273604977546,130,32.5,2575.6067127308197
BTC,2026-08-24 13:45:00+00:00,2026-08-24 13:45:00+00:00,2026-08-25 02:30:00+00:00,-1,78256.0,80836.2030729541,73929.64548301791,80836.2030729541,stop,-1.0,-1.0400782144170633,51,12.75,2580.2030729541
BTC,2026-08-25 08:00:00+00:00,2026-08-25 08:00:00+00:00,2026-08-29 08:00:00+00:00,-1,79661.6,82409.51864739851,75203.04257232508,77587.0,tempo,0.7549714042532015,0.7177754013450495,384,96.0,2747.918647398503
ETH,2025-04-07 14:00:00+00:00,2025-04-07 14:00:00+00:00,2025-04-08 22:30:00+00:00,1,1549.51,1441.7854242948981,1744.1713774301606,1441.7854242948981,stop,-1.0,-1.0180491964165572,130,32.5,107.72457570510187
ETH,2025-04-09 02:00:00+00:00,2025-04-09 02:00:00+00:00,2025-04-09 18:15:00+00:00,1,1434.31,1329.6841069078146,1655.4497643379182,1655.4497643379182,alvo,2.113623671943933,2.094428195685966,65,16.25,104.62589309218538
ETH,2025-04-23 02:00:00+00:00,2025-04-23 02:00:00+00:00,2025-04-27 00:30:00+00:00,-1,1761.33,1844.0047556103423,1619.1788186568053,1844.0047556103423,stop,-1.0,-1.0283456246570817,378,94.5,82.67475561034234
ETH,2025-05-08 10:45:00+00:00,2025-05-08 10:45:00+00:00,2025-05-08 15:00:00+00:00,-1,1945.16,2009.0744726403962,1823.4357423800734,2009.0744726403962,stop,-1.0,-1.040213934356892,17,4.25,63.91447264039607
ETH,2025-05-12 06:00:00+00:00,2025-05-12 06:00:00+00:00,2025-05-13 18:45:00+00:00,-1,2496.79,2638.1620294406807,2238.464818504024,2638.1620294406807,stop,-1.0,-1.023609470928172,147,36.75,141.37202944068076
ETH,2025-05-14 02:15:00+00:00,2025-05-14 02:15:00+00:00,2025-05-18 02:15:00+00:00,-1,2653.59,2806.1633412082792,2377.535280320538,2483.16,tempo,1.1170365586170452,1.0951527388516902,384,96.0,152.5733412082791
ETH,2025-06-10 01:00:00+00:00,2025-06-10 01:00:00+00:00,2025-06-10 11:45:00+00:00,-1,2698.39,2789.204234590947,2535.9402236067926,2789.204234590947,stop,-1.0,-1.0392772814586897,43,10.75,90.81423459094731
ETH,2025-06-10 12:15:00+00:00,2025-06-10 12:15:00+00:00,2025-06-11 15:45:00+00:00,-1,2753.7,2856.6726035799034,2558.7931617786016,2856.6726035799034,stop,-1.0,-1.0354146837658347,110,27.5,102.97260357990353
ETH,2025-06-11 18:00:00+00:00,2025-06-11 18:00:00+00:00,2025-06-12 21:00:00+00:00,-1,2828.63,2943.136224280613,2636.439994364687,2636.439994364687,alvo,1.678424093037295,1.6474013646340626,108,27.0,114.50622428061297
ETH,2025-06-21 22:15:00+00:00,2025-06-21 22:15:00+00:00,2025-06-22 13:30:00+00:00,1,2298.94,2198.914734359474,2496.791581033019,2198.914734359474,stop,-1.0,-1.0292286709624008,61,15.25,100.02526564052596
ETH,2025-06-22 17:00:00+00:00,2025-06-22 17:00:00+00:00,2025-06-23 22:30:00+00:00,1,2195.88,2083.912034337325,2436.82209320392,2436.82209320392,alvo,2.151884173101833,2.124990263377202,118,29.5,111.96796566267494
ETH,2025-07-09 20:45:00+00:00,2025-07-09 20:45:00+00:00,2025-07-10 17:15:00+00:00,-1,2737.55,2828.281361326507,2566.2801165638907,2828.281361326507,stop,-1.0,-1.0398736482288986,82,20.5,90.73136132650689
ETH,2025-07-11 21:45:00+00:00,2025-07-11 21:45:00+00:00,2025-07-15 17:45:00+00:00,-1,2958.09,3083.087795514312,2729.396628796647,3083.087795514312,stop,-1.0,-1.0314146785623488,368,92.0,124.99779551431175
ETH,2025-07-18 19:15:00+00:00,2025-07-18 19:15:00+00:00,2025-07-20 09:15:00+00:00,-1,3550.4,3724.486802441023,3236.6856160515313,3724.486802441023,stop,-1.0,-1.0271627507386072,152,38.0,174.08680244102288
ETH,2025-07-20 21:15:00+00:00,2025-07-20 21:15:00+00:00,2025-07-24 21:15:00+00:00,-1,3733.67,3893.6781186364033,3434.9333881920415,3730.0,tempo,0.02293633617641397,-0.007383284736223079,384,96.0,160.0081186364032
ETH,2025-08-02 19:30:00+00:00,2025-08-02 19:30:00+00:00,2025-08-04 16:15:00+00:00,1,3418.09,3284.47523231072,3667.2336417753677,3667.2336417753677,alvo,1.8646415069533981,1.8301733082145886,179,44.75,133.61476768928014
ETH,2025-08-08 14:15:00+00:00,2025-08-08 14:15:00+00:00,2025-08-09 05:15:00+00:00,-1,3965.58,4119.236785134994,3707.8922337000363,4119.236785134994,stop,-1.0,-1.034200448133292,60,15.0,153.6567851349937
ETH,2025-08-10 07:45:00+00:00,2025-08-10 07:45:00+00:00,2025-08-11 02:15:00+00:00,-1,4175.58,4334.941100871518,3908.3585512750847,4334.941100871518,stop,-1.0,-1.034712603548255,74,18.5,159.36110087151792
ETH,2025-08-11 07:30:00+00:00,2025-08-11 07:30:00+00:00,2025-08-12 15:45:00+00:00,-1,4289.47,4442.372351539902,4003.4452318535314,4442.372351539902,stop,-1.0,-1.0371197530406835,129,32.25,152.90235153990216
ETH,2025-08-12 16:45:00+00:00,2025-08-12 16:45:00+00:00,2025-08-12 20:30:00+00:00,-1,4445.81,4626.594108334517,4111.986161390521,4626.594108334517,stop,-1.0,-1.0326193641949197,15,3.75,180.78410833451653
ETH,2025-08-14 10:45:00+00:00,2025-08-14 10:45:00+00:00,2025-08-18 02:15:00+00:00,-1,4705.73,4902.385056089804,4361.513256113051,4361.513256113051,alvo,1.7503579655219192,1.7203881888293633,350,87.5,196.65505608980402
ETH,2025-09-12 21:30:00+00:00,2025-09-12 21:30:00+00:00,2025-09-16 21:30:00+00:00,-1,4658.56,4794.076576481279,4405.071653097001,4494.69,tempo,1.2092247624233605,1.1653215540153328,384,96.0,135.5165764812782
ETH,2025-09-22 13:15:00+00:00,2025-09-22 13:15:00+00:00,2025-09-24 04:15:00+00:00,1,4203.68,4081.9900548090122,4455.47807266812,4081.9900548090122,stop,-1.0,-1.0442574407209504,156,39.0,121.68994519098806
ETH,2025-09-25 05:30:00+00:00,2025-09-25 05:30:00+00:00,2025-09-25 17:15:00+00:00,1,4031.16,3905.5954912404263,4275.043743724529,3905.5954912404263,stop,-1.0,-1.0410855831816643,47,11.75,125.56450875957353
ETH,2025-09-25 19:00:00+00:00,2025-09-25 19:00:00+00:00,2025-09-29 19:00:00+00:00,1,3923.71,3775.6259468535236,4221.553315473816,4160.0,tempo,1.5956478430954018,1.560165214221092,384,96.0,148.08405314647644
ETH,2025-10-02 19:30:00+00:00,2025-10-02 19:30:00+00:00,2025-10-06 14:15:00+00:00,-1,4496.99,4646.209270031603,4213.693786426261,4646.209270031603,stop,-1.0,-1.0398278286997507,363,90.75,149.21927003160363
ETH,2025-10-06 17:45:00+00:00,2025-10-06 17:45:00+00:00,2025-10-07 18:45:00+00:00,-1,4692.64,4829.855118074816,4444.794997148499,4444.794997148499,alvo,1.8062514271668313,1.7629665994344519,100,25.0,137.21511807481602
ETH,2025-10-10 16:15:00+00:00,2025-10-10 16:15:00+00:00,2025-10-10 19:30:00+00:00,1,4110.29,3955.6335053108355,4434.40535088456,3955.6335053108355,stop,-1.0,-1.0338999683717736,13,3.25,154.65649468916445
ETH,2025-10-10 21:45:00+00:00,2025-10-10 21:45:00+00:00,2025-10-14 21:45:00+00:00,1,3822.2,3557.3631064135225,4399.488397485353,4108.42,tempo,1.0807406631453358,1.0612762187086442,384,96.0,264.83689358647734
ETH,2025-10-27 05:45:00+00:00,2025-10-27 05:45:00+00:00,2025-10-28 20:30:00+00:00,-1,4230.02,4372.153689451065,3966.859512420615,3966.859512420615,alvo,1.8514997295556046,1.814014093999034,155,38.75,142.13368945106413
ETH,2025-11-04 06:15:00+00:00,2025-11-04 06:15:00+00:00,2025-11-04 17:30:00+00:00,1,3520.0,3374.3427548137483,3815.9954092703733,3374.3427548137483,stop,-1.0,-1.030766219592432,45,11.25,145.65724518625166
ETH,2025-11-05 02:45:00+00:00,2025-11-05 02:45:00+00:00,2025-11-09 02:45:00+00:00,1,3291.26,3104.890564486997,3697.8884559816747,3377.41,tempo,0.4622539085492311,0.43899561253052816,384,96.0,186.36943551300328
ETH,2025-11-21 10:45:00+00:00,2025-11-21 10:45:00+00:00,2025-11-25 10:45:00+00:00,1,2706.65,2550.8408392212186,3034.4928165234346,2893.64,tempo,1.200121989396304,1.1767588669598232,384,96.0,155.80916077878146
ETH,2025-12-01 16:00:00+00:00,2025-12-01 16:00:00+00:00,2025-12-02 15:15:00+00:00,1,2745.01,2635.919788579325,2955.5935612441376,2955.5935612441376,alvo,1.9303616566667219,1.896395343222522,93,23.25,109.09021142067513
ETH,2026-01-02 17:30:00+00:00,2026-01-02 17:30:00+00:00,2026-01-05 01:45:00+00:00,-1,3131.67,3209.8294019007476,2984.4982427327645,3209.8294019007476,stop,-1.0,-1.05273805212161,225,56.25,78.15940190074753
ETH,2026-01-05 02:00:00+00:00,2026-01-05 02:00:00+00:00,2026-01-06 14:15:00+00:00,-1,3196.5,3268.271351898113,3064.3606419316775,3268.271351898113,stop,-1.0,-1.058548449591685,145,36.25,71.77135189811315
ETH,2026-01-06 14:45:00+00:00,2026-01-06 14:45:00+00:00,2026-01-08 06:30:00+00:00,-1,3290.0,3380.7836259730157,3122.365175673332,3122.365175673332,alvo,1.8465314921051446,1.8006197176026966,159,39.75,90.78362597301566
ETH,2026-01-21 14:15:00+00:00,2026-01-21 14:15:00+00:00,2026-01-21 17:15:00+00:00,1,2972.48,2878.5853809886335,3157.8646296168704,2878.5853809886335,stop,-1.0,-1.0405049036642047,12,3.0,93.89461901136656
ETH,2026-01-21 19:00:00+00:00,2026-01-21 19:00:00+00:00,2026-01-25 19:00:00+00:00,1,2925.87,2818.680226947259,3142.7529418712415,2846.01,tempo,-0.7450337632556236,-0.7800345090651519,384,96.0,107.18977305274075
ETH,2026-01-25 21:00:00+00:00,2026-01-25 21:00:00+00:00,2026-01-27 16:45:00+00:00,1,2807.75,2718.39536870635,2993.0349728218457,2993.0349728218457,alvo,2.073591151788602,2.031394007916529,175,43.75,89.35463129365007
ETH,2026-02-02 01:30:00+00:00,2026-02-02 01:30:00+00:00,2026-02-03 18:30:00+00:00,1,2309.62,2155.383946928711,2649.7684332578724,2155.383946928711,stop,-1.0,-1.0188169530256472,164,41.0,154.236053071289
ETH,2026-02-03 19:15:00+00:00,2026-02-03 19:15:00+00:00,2026-02-05 15:15:00+00:00,1,2178.03,2022.2316917317223,2482.138857306461,2022.2316917317223,stop,-1.0,-1.0175237467593319,176,44.0,155.79830826827788
ETH,2026-02-05 15:45:00+00:00,2026-02-05 15:45:00+00:00,2026-02-06 00:15:00+00:00,1,1963.36,1804.0872764903936,2325.2829020666836,1804.0872764903936,stop,-1.0,-1.0153751419311359,34,8.5,159.2727235096063
ETH,2026-02-06 01:15:00+00:00,2026-02-06 01:15:00+00:00,2026-02-10 01:15:00+00:00,1,1893.55,1720.1827553308585,2265.9434305928326,2110.04,tempo,1.248736463529516,1.2337259377236387,384,96.0,173.36724466914143
ETH,2026-02-25 22:00:00+00:00,2026-02-25 22:00:00+00:00,2026-02-27 16:15:00+00:00,-1,2099.45,2195.117019489249,1926.6272183953004,1926.6272183953004,alvo,1.806503249786319,1.779148470616565,169,42.25,95.66701948924901
ETH,2026-03-16 07:00:00+00:00,2026-03-16 07:00:00+00:00,2026-03-16 21:15:00+00:00,-1,2261.01,2352.480348157721,2089.7281770282148,2352.480348157721,stop,-1.0,-1.0327840528291397,57,14.25,91.47034815772076
ETH,2026-03-17 03:45:00+00:00,2026-03-17 03:45:00+00:00,2026-03-19 07:30:00+00:00,-1,2315.53,2415.475955312331,2144.9800556327737,2144.9800556327737,alvo,1.7064216739362668,1.6774126807548928,207,51.75,99.94595531233063
ETH,2026-04-07 23:45:00+00:00,2026-04-07 23:45:00+00:00,2026-04-11 23:45:00+00:00,-1,2247.51,2335.9539232264638,2089.7973716588804,2283.46,tempo,-0.40647224465550535,-0.4397716550905094,384,96.0,88.44392322646354
ETH,2026-04-13 23:45:00+00:00,2026-04-13 23:45:00+00:00,2026-04-17 23:45:00+00:00,-1,2372.06,2464.652949763751,2203.897105869582,2419.13,tempo,-0.5083540390504696,-0.5419880631089535,384,96.0,92.59294976375122
ETH,2026-05-18 00:00:00+00:00,2026-05-18 00:00:00+00:00,2026-05-18 18:30:00+00:00,1,2129.88,2074.989169696368,2233.2310338582447,2074.989169696368,stop,-1.0,-1.0497927421608304,74,18.5,54.8908303036319
ETH,2026-05-18 19:15:00+00:00,2026-05-18 19:15:00+00:00,2026-05-22 19:15:00+00:00,1,2104.93,2045.1544484370877,2204.0768193833933,2088.57,tempo,-0.27369049004560364,-0.3192906548074661,384,96.0,59.77555156291214
ETH,2026-05-23 09:00:00+00:00,2026-05-23 09:00:00+00:00,2026-05-23 20:45:00+00:00,1,2029.33,1978.182587282988,2130.9353079872226,2130.9353079872226,alvo,1.9865190161110142,1.9336488452354448,47,11.75,51.147412717012
ETH,2026-06-03 02:00:00+00:00,2026-06-03 02:00:00+00:00,2026-06-03 20:00:00+00:00,1,1863.77,1800.8760820280581,1995.9128847443747,1800.8760820280581,stop,-1.0,-1.037873613699514,72,18.0,62.893917971941846
ETH,2026-06-03 21:45:00+00:00,2026-06-03 21:45:00+00:00,2026-06-04 02:00:00+00:00,1,1828.87,1758.7420010042154,1958.7503997740978,1758.7420010042154,stop,-1.0,-1.033252735484338,17,4.25,70.12799899578454
ETH,2026-06-04 03:15:00+00:00,2026-06-04 03:15:00+00:00,2026-06-05 05:45:00+00:00,1,1792.78,1712.9096369114973,1946.013696374708,1712.9096369114973,stop,-1.0,-1.028529959998648,106,26.5,79.8703630885027
ETH,2026-06-05 09:15:00+00:00,2026-06-05 09:15:00+00:00,2026-06-05 14:15:00+00:00,1,1686.36,1598.4307395013293,1874.8377103291284,1598.4307395013293,stop,-1.0,-1.0242821782938587,20,5.0,87.9292604986706
ETH,2026-06-06 08:45:00+00:00,2026-06-06 08:45:00+00:00,2026-06-10 08:45:00+00:00,1,1586.98,1494.1365277387283,1789.058127964249,1621.18,tempo,0.3683619232137021,0.34590149654922187,384,96.0,92.8434722612717
ETH,2026-06-15 14:15:00+00:00,2026-06-15 14:15:00+00:00,2026-06-18 16:00:00+00:00,-1,1809.83,1876.7115739584237,1683.3275702622527,1683.3275702622527,alvo,1.891439184974714,1.8574903364909459,295,73.75,66.88157395842381
ETH,2026-06-24 19:45:00+00:00,2026-06-24 19:45:00+00:00,2026-06-26 02:15:00+00:00,1,1578.83,1522.1905748777706,1696.9405195682546,1522.1905748777706,stop,-1.0,-1.0355876382805915,122,30.5,56.63942512222934
ETH,2026-07-04 16:15:00+00:00,2026-07-04 16:15:00+00:00,2026-07-08 16:15:00+00:00,-1,1784.21,1845.3283768822375,1671.1470502848424,1725.88,tempo,0.9543774389229904,0.9170472836344086,384,96.0,61.1183768822375
ETH,2026-07-15 13:30:00+00:00,2026-07-15 13:30:00+00:00,2026-07-17 13:15:00+00:00,-1,1936.38,2003.4123788978986,1809.9509510680714,1809.9509510680714,alvo,1.8860892453854459,1.8497617994819768,191,47.75,67.03237889789852
ETH,2026-08-22 10:15:00+00:00,2026-08-22 10:15:00+00:00,2026-08-24 14:30:00+00:00,-1,2401.01,2526.4001032169062,2175.235633051034,2526.4001032169062,stop,-1.0,-1.0255428178534203,209,52.25,125.39010321690603
SOL,2025-04-06 18:45:00+00:00,2025-04-06 18:45:00+00:00,2025-04-07 03:45:00+00:00,1,108.38,102.49352471005282,120.73342276478571,102.49352471005282,stop,-1.0,-1.0232852062244475,36,9.0,5.886475289947171
SOL,2025-04-07 10:30:00+00:00,2025-04-07 10:30:00+00:00,2025-04-09 17:45:00+00:00,1,101.75,94.88585515607377,117.0325670643182,117.0325670643182,alvo,2.226434233514326,2.205716624573186,221,55.25,6.864144843926226
SOL,2025-04-23 05:15:00+00:00,2025-04-23 05:15:00+00:00,2025-04-27 05:15:00+00:00,-1,150.9,157.86507435565028,138.10660463705102,146.61,tempo,0.615930251558595,0.5881657956281106,384,96.0,6.965074355650273
SOL,2025-05-08 17:45:00+00:00,2025-05-08 17:45:00+00:00,2025-05-09 07:15:00+00:00,-1,158.88,164.8581993261185,147.92700942853867,164.8581993261185,stop,-1.0,-1.0351995338533826,54,13.5,5.978199326118499
SOL,2025-05-10 04:15:00+00:00,2025-05-10 04:15:00+00:00,2025-05-11 00:15:00+00:00,-1,170.54,178.95088113013568,155.473669388293,178.95088113013568,stop,-1.0,-1.0270089505748279,80,20.0,8.410881130135692
SOL,2025-05-11 00:30:00+00:00,2025-05-11 00:30:00+00:00,2025-05-13 19:45:00+00:00,-1,173.21,182.23243486536646,159.54253381870726,182.23243486536646,stop,-1.0,-1.0256070103148487,269,67.25,9.02243486536645
SOL,2025-05-31 00:45:00+00:00,2025-05-31 00:45:00+00:00,2025-06-04 00:45:00+00:00,1,156.88,150.08559954410478,169.61898148895972,154.48,tempo,-0.3532320497708708,-0.3830189310878824,384,96.0,6.7944004558952145
SOL,2025-06-05 21:45:00+00:00,2025-06-05 21:45:00+00:00,2025-06-09 11:45:00+00:00,1,144.21,138.07581803101115,156.518950633716,156.518950633716,alvo,2.0066164805582014,1.9747501585449114,344,86.0,6.134181968988855
SOL,2025-06-13 03:00:00+00:00,2025-06-13 03:00:00+00:00,2025-06-16 02:15:00+00:00,1,142.57,135.37248518226488,157.16720423940285,157.16720423940285,alvo,2.028089501592197,2.001020549642902,285,71.25,7.197514817735112
SOL,2025-06-21 22:15:00+00:00,2025-06-21 22:15:00+00:00,2025-06-22 13:30:00+00:00,1,134.28,128.26611647024674,145.17631388166177,128.26611647024674,stop,-1.0,-1.0283768341806683,61,15.25,6.013883529753258
SOL,2025-06-22 14:00:00+00:00,2025-06-22 14:00:00+00:00,2025-06-23 22:15:00+00:00,1,128.63,121.9834806121213,142.8722580286536,142.8722580286536,alvo,2.142814486425376,2.116262774556384,129,32.25,6.646519387878698
SOL,2025-07-10 22:30:00+00:00,2025-07-10 22:30:00+00:00,2025-07-14 08:00:00+00:00,-1,163.84,169.6003191720529,153.04740908891566,169.6003191720529,stop,-1.0,-1.0376257288855388,326,81.5,5.760319172052903
SOL,2025-07-18 05:30:00+00:00,2025-07-18 05:30:00+00:00,2025-07-21 08:45:00+00:00,-1,183.23,192.02068078845352,167.08561280793958,192.02068078845352,stop,-1.0,-1.0277467636901196,301,75.25,8.790680788453528
SOL,2025-07-21 11:45:00+00:00,2025-07-21 11:45:00+00:00,2025-07-22 01:45:00+00:00,-1,191.33,199.97299396428,176.10154086207794,199.97299396428,stop,-1.0,-1.0294281064094173,56,14.0,8.642993964279981
SOL,2025-07-22 03:45:00+00:00,2025-07-22 03:45:00+00:00,2025-07-24 07:00:00+00:00,-1,198.42,208.8073200887366,180.07733106063156,180.07733106063156,alvo,1.7658711566285643,1.7421861962068494,205,51.25,10.387320088736601
SOL,2025-08-01 23:15:00+00:00,2025-08-01 23:15:00+00:00,2025-08-05 23:15:00+00:00,1,161.94,154.32597153939585,177.7330858767385,164.13,tempo,0.2876269784557949,0.2597907940894466,384,96.0,7.614028460604146
SOL,2025-08-12 22:00:00+00:00,2025-08-12 22:00:00+00:00,2025-08-13 09:30:00+00:00,-1,192.49,200.69991199478213,177.73459558757492,200.69991199478213,stop,-1.0,-1.0311298638717492,46,11.5,8.209911994782118
SOL,2025-08-13 14:30:00+00:00,2025-08-13 14:30:00+00:00,2025-08-14 03:30:00+00:00,-1,198.9,208.38955467377335,181.81309788328116,208.38955467377335,stop,-1.0,-1.027897853970916,52,13.0,9.489554673773341
SOL,2025-08-14 07:45:00+00:00,2025-08-14 07:45:00+00:00,2025-08-15 15:15:00+00:00,-1,205.92,216.54434394863827,186.22159664813918,186.22159664813918,alvo,1.8540818564505845,1.8300905362285054,126,31.5,10.624343948638284
SOL,2025-09-13 11:15:00+00:00,2025-09-13 11:15:00+00:00,2025-09-17 11:15:00+00:00,-1,241.39,250.09174703161878,225.35228360670413,234.43,tempo,0.7998393856670417,0.7642967528053664,384,96.0,8.701747031618794
SOL,2025-09-22 09:45:00+00:00,2025-09-22 09:45:00+00:00,2025-09-23 03:15:00+00:00,1,220.83,212.8574211164123,237.49173470507694,212.8574211164123,stop,-1.0,-1.0353582984680125,70,17.5,7.972578883587715
SOL,2025-09-23 03:30:00+00:00,2025-09-23 03:30:00+00:00,2025-09-24 03:30:00+00:00,1,216.54,208.07734019800816,233.38450074140187,208.07734019800816,stop,-1.0,-1.032614009966907,96,24.0,8.462659801991833
SOL,2025-09-24 04:45:00+00:00,2025-09-24 04:45:00+00:00,2025-09-25 12:30:00+00:00,1,208.79,199.78496355793635,228.03020494415588,199.78496355793635,stop,-1.0,-1.0294916881260059,127,31.75,9.005036442063641
SOL,2025-09-25 13:30:00+00:00,2025-09-25 13:30:00+00:00,2025-09-25 23:45:00+00:00,1,201.04,191.95935411939044,220.49933125344828,191.95935411939044,stop,-1.0,-1.0281312126401803,41,10.25,9.080645880609552
SOL,2025-09-26 01:15:00+00:00,2025-09-26 01:15:00+00:00,2025-09-30 01:15:00+00:00,1,196.54,186.9071096952047,216.7399075713272,212.44,tempo,1.6505949405532951,1.622998135068272,384,96.0,9.632890304795296
SOL,2025-10-02 20:30:00+00:00,2025-10-02 20:30:00+00:00,2025-10-06 20:30:00+00:00,-1,231.45,240.95237169300242,214.1005584740768,234.2,tempo,-0.28940143459396633,-0.32125374576201804,384,96.0,9.50237169300243
SOL,2025-10-10 19:45:00+00:00,2025-10-10 19:45:00+00:00,2025-10-10 21:00:00+00:00,1,206.41,196.9300223247996,223.16813691867333,196.9300223247996,stop,-1.0,-1.027655235433408,5,1.25,9.479977675200388
SOL,2025-10-10 21:45:00+00:00,2025-10-10 21:45:00+00:00,2025-10-11 21:15:00+00:00,1,194.33,173.15965590885378,222.3668158810742,173.15965590885378,stop,-1.0,-1.011283155120783,94,23.5,21.170344091146234
SOL,2025-11-03 16:15:00+00:00,2025-11-03 16:15:00+00:00,2025-11-04 05:45:00+00:00,1,168.07,159.69975272502805,186.1014022552772,159.69975272502805,stop,-1.0,-1.025453290956925,54,13.5,8.370247274971945
SOL,2025-11-04 11:45:00+00:00,2025-11-04 11:45:00+00:00,2025-11-04 17:30:00+00:00,1,161.85,153.1501211180405,180.40906536515018,153.1501211180405,stop,-1.0,-1.0235348194503382,23,5.75,8.699878881959506
SOL,2025-11-05 02:15:00+00:00,2025-11-05 02:15:00+00:00,2025-11-09 02:15:00+00:00,1,154.42,144.02983189408275,175.56809755455174,157.57,tempo,0.30317122570962723,0.2836533990553589,384,96.0,10.39016810591724
SOL,2025-11-13 22:15:00+00:00,2025-11-13 22:15:00+00:00,2025-11-14 12:45:00+00:00,1,143.15,136.0379242201204,158.39277237342674,136.0379242201204,stop,-1.0,-1.0255160597777193,58,14.5,7.1120757798796035
SOL,2025-11-14 14:00:00+00:00,2025-11-14 14:00:00+00:00,2025-11-17 18:30:00+00:00,1,138.92,131.17290781878103,154.96746228881173,131.17290781878103,stop,-1.0,-1.0226614561922747,306,76.5,7.74709218121896
SOL,2025-12-01 16:00:00+00:00,2025-12-01 16:00:00+00:00,2025-12-02 15:15:00+00:00,1,125.06,119.798684621245,135.24401127800016,135.24401127800016,alvo,1.9356397677894053,1.9034809643057908,93,23.25,5.261315378755
SOL,2026-01-05 02:00:00+00:00,2026-01-05 02:00:00+00:00,2026-01-06 14:15:00+00:00,-1,136.7,140.39708529790573,129.70011966527102,140.39708529790573,stop,-1.0,-1.048717595329939,145,36.25,3.697085297905744
SOL,2026-01-06 14:45:00+00:00,2026-01-06 14:45:00+00:00,2026-01-08 15:00:00+00:00,-1,141.89,146.67518516816148,132.76172973658038,132.76172973658038,alvo,1.9076106655506435,1.8703030968662393,193,48.25,4.78518516816149
SOL,2026-01-20 08:30:00+00:00,2026-01-20 08:30:00+00:00,2026-01-20 22:45:00+00:00,1,130.02,125.6138185805429,139.0992735056344,125.6138185805429,stop,-1.0,-1.037711107705099,57,14.25,4.406181419457113
SOL,2026-01-21 01:15:00+00:00,2026-01-21 01:15:00+00:00,2026-01-25 01:15:00+00:00,1,127.48,123.11291671513997,136.57067044964643,127.19,tempo,-0.06640587803887077,-0.10431115467370958,384,96.0,4.36708328486003
SOL,2026-01-26 00:15:00+00:00,2026-01-26 00:15:00+00:00,2026-01-28 12:00:00+00:00,1,119.4,114.97068428246182,128.260637104741,128.260637104741,alvo,2.0004528170472633,1.964108734939801,239,59.75,4.429315717538188
SOL,2026-01-31 15:00:00+00:00,2026-01-31 15:00:00+00:00,2026-01-31 17:15:00+00:00,1,109.06,103.41319996694988,121.00765513672712,103.41319996694988,stop,-1.0,-1.0244576714546625,9,2.25,5.646800033050127
SOL,2026-01-31 23:30:00+00:00,2026-01-31 23:30:00+00:00,2026-02-01 23:15:00+00:00,1,105.53,98.98712531253459,118.90465132082832,98.98712531253459,stop,-1.0,-1.0203176948670316,95,23.75,6.542874687465414
SOL,2026-02-02 04:00:00+00:00,2026-02-02 04:00:00+00:00,2026-02-04 15:15:00+00:00,1,100.01,92.77378044622023,113.33436680489017,92.77378044622023,stop,-1.0,-1.0173169783419007,237,59.25,7.236219553779776
SOL,2026-02-04 17:00:00+00:00,2026-02-04 17:00:00+00:00,2026-02-05 15:30:00+00:00,1,91.88,85.60696904905963,105.40988593401366,85.60696904905963,stop,-1.0,-1.0183908752856694,90,22.5,6.273030950940367
SOL,2026-02-05 16:30:00+00:00,2026-02-05 16:30:00+00:00,2026-02-05 20:30:00+00:00,1,85.51,78.61459934888072,100.95484296043543,78.61459934888072,stop,-1.0,-1.015471325739347,16,4.0,6.895400651119289
SOL,2026-02-06 02:00:00+00:00,2026-02-06 02:00:00+00:00,2026-02-10 02:00:00+00:00,1,79.48,70.99374012880293,97.96012891234118,87.22,tempo,0.912062571436218,0.8992942846238187,384,96.0,8.486259871197078
SOL,2026-02-25 22:00:00+00:00,2026-02-25 22:00:00+00:00,2026-02-27 13:45:00+00:00,-1,89.82,94.1510322787571,81.96305126098738,81.96305126098738,alvo,1.8141053294729421,1.7883241816696094,159,39.75,4.331032278757107
SOL,2026-03-16 22:30:00+00:00,2026-03-16 22:30:00+00:00,2026-03-18 15:00:00+00:00,-1,96.45,100.61395593624984,89.10741639274542,89.10741639274542,alvo,1.7633672689311648,1.734401467538965,162,40.5,4.163955936249835
SOL,2026-05-06 13:15:00+00:00,2026-05-06 13:15:00+00:00,2026-05-08 17:45:00+00:00,-1,88.89,91.11698385824228,85.11679771972096,91.11698385824228,stop,-1.0,-1.0525394645654087,210,52.5,2.226983858242278
SOL,2026-05-08 21:00:00+00:00,2026-05-08 21:00:00+00:00,2026-05-10 09:15:00+00:00,-1,92.09,94.70731180253705,87.20330722922752,94.70731180253705,stop,-1.0,-1.0463904424967458,145,36.25,2.6173118025370457
SOL,2026-05-10 09:45:00+00:00,2026-05-10 09:45:00+00:00,2026-05-10 18:30:00+00:00,-1,94.27,96.6671685638148,89.63141332320535,96.6671685638148,stop,-1.0,-1.051773230068133,35,8.75,2.3971685638148017
SOL,2026-05-10 20:45:00+00:00,2026-05-10 20:45:00+00:00,2026-05-11 16:15:00+00:00,-1,94.87,97.48032217343932,90.35428427659569,97.48032217343932,stop,-1.0,-1.0478974245726922,78,19.5,2.6103221734393145
SOL,2026-05-11 16:30:00+00:00,2026-05-11 16:30:00+00:00,2026-05-13 14:15:00+00:00,-1,97.4,100.53731871964288,91.58555982517943,91.58555982517943,alvo,1.8533151057991444,1.814160456602282,183,45.75,3.1373187196428773
SOL,2026-05-16 09:45:00+00:00,2026-05-16 09:45:00+00:00,2026-05-17 23:45:00+00:00,1,86.07,83.4102062839679,91.50421612330179,83.4102062839679,stop,-1.0,-1.0414175480679457,152,38.0,2.659793716032098
SOL,2026-06-02 16:15:00+00:00,2026-06-02 16:15:00+00:00,2026-06-02 19:45:00+00:00,1,77.2,74.61826241643452,81.72192437469423,74.61826241643452,stop,-1.0,-1.038223044510356,14,3.5,2.5817375835654843
SOL,2026-06-02 21:30:00+00:00,2026-06-02 21:30:00+00:00,2026-06-02 23:30:00+00:00,1,75.86,73.22199769101451,81.29482898789432,73.22199769101451,stop,-1.0,-1.0367335912364786,8,2.0,2.6380023089854916
SOL,2026-06-03 00:45:00+00:00,2026-06-03 00:45:00+00:00,2026-06-03 16:30:00+00:00,1,74.92,72.02600356005894,80.97369723063439,72.02600356005894,stop,-1.0,-1.0330044988984104,63,15.75,2.8939964399410627
SOL,2026-06-03 17:30:00+00:00,2026-06-03 17:30:00+00:00,2026-06-04 00:45:00+00:00,1,73.42,70.3910870461421,79.52241019449083,70.3910870461421,stop,-1.0,-1.0308616351819986,29,7.25,3.0289129538578976
SOL,2026-06-04 03:15:00+00:00,2026-06-04 03:15:00+00:00,2026-06-04 11:15:00+00:00,1,70.91,67.38645474267229,78.41417864076793,67.38645474267229,stop,-1.0,-1.025512002547943,32,8.0,3.5235452573277115
SOL,2026-06-04 12:30:00+00:00,2026-06-04 12:30:00+00:00,2026-06-05 06:15:00+00:00,1,69.33,65.64817196100614,77.23681912505734,65.64817196100614,stop,-1.0,-1.0238294159437793,71,17.75,3.6818280389938565
SOL,2026-06-05 09:15:00+00:00,2026-06-05 09:15:00+00:00,2026-06-05 19:15:00+00:00,1,66.27,62.24721653088977,74.73985706688592,62.24721653088977,stop,-1.0,-1.0207657686242693,40,10.0,4.022783469110223
SOL,2026-06-05 20:15:00+00:00,2026-06-05 20:15:00+00:00,2026-06-09 20:15:00+00:00,1,64.01,59.67592419440295,73.22682029990503,65.55,tempo,0.35532373430368397,0.33589306355001475,384,96.0,4.3340758055970525
SOL,2026-06-15 13:45:00+00:00,2026-06-15 13:45:00+00:00,2026-06-19 07:45:00+00:00,-1,73.66,76.80038779694983,67.94420792489471,67.94420792489471,alvo,1.8200911621987759,1.7907818089906848,360,90.0,3.140387796949838
SOL,2026-06-24 18:15:00+00:00,2026-06-24 18:15:00+00:00,2026-06-26 07:15:00+00:00,1,65.44,62.774060353573496,70.7697101872974,70.7697101872974,alvo,1.9991863635928508,1.9659761925597519,148,37.0,2.6659396464265015
SOL,2026-07-02 12:45:00+00:00,2026-07-02 12:45:00+00:00,2026-07-06 12:45:00+00:00,-1,81.18,85.17469037038235,74.14136454447608,79.93,tempo,0.31291536617401433,0.2867001929589807,384,96.0,3.9946903703823438
SOL,2026-08-22 05:15:00+00:00,2026-08-22 05:15:00+00:00,2026-08-23 00:45:00+00:00,-1,93.33,100.11055106138288,83.71619345314521,100.11055106138288,stop,-1.0,-1.0185436783900945,78,19.5,6.78055106138288
SOL,2026-08-27 15:00:00+00:00,2026-08-27 15:00:00+00:00,2026-08-31 15:00:00+00:00,-1,106.73,112.87737655018545,95.76627966958988,103.45,tempo,0.5335609382674072,0.511337311833481,384,96.0,6.147376550185442
BNB,2025-04-07 00:30:00+00:00,2025-04-07 00:30:00+00:00,2025-04-07 06:30:00+00:00,1,557.89,541.0343870382785,592.5666485542135,541.0343870382785,stop,-1.0,-1.0423776253760118,24,6.0,16.855612961721476
BNB,2025-04-07 08:45:00+00:00,2025-04-07 08:45:00+00:00,2025-04-11 08:45:00+00:00,1,543.11,521.4997826289837,587.280693683039,579.73,tempo,1.694568794533034,1.6607956034785623,384,96.0,21.610217371016347
BNB,2025-05-08 21:45:00+00:00,2025-05-08 21:45:00+00:00,2025-05-09 07:45:00+00:00,-1,623.99,635.3401070016706,603.1491137483442,635.3401070016706,stop,-1.0,-1.0721195464880289,40,10.0,11.350107001670608
BNB,2025-05-09 08:45:00+00:00,2025-05-09 08:45:00+00:00,2025-05-09 23:15:00+00:00,-1,631.72,645.1341089278751,606.6559938280659,645.1341089278751,stop,-1.0,-1.0618718079050662,58,14.5,13.414108927875077
BNB,2025-05-10 10:30:00+00:00,2025-05-10 10:30:00+00:00,2025-05-12 11:15:00+00:00,-1,658.29,678.8591943322696,619.7653500035391,678.8591943322696,stop,-1.0,-1.0422547894815903,195,48.75,20.569194332269603
BNB,2025-05-12 11:45:00+00:00,2025-05-12 11:45:00+00:00,2025-05-16 11:45:00+00:00,-1,683.65,707.289718674066,638.7932464517546,654.01,tempo,1.2538220276079943,1.2170415983656673,384,96.0,23.63971867406599
BNB,2025-06-05 21:45:00+00:00,2025-06-05 21:45:00+00:00,2025-06-09 21:15:00+00:00,1,634.4,620.0532762603524,663.1280650511743,663.1280650511743,alvo,2.002412925243935,1.943626455413717,382,95.5,14.346723739647587
BNB,2025-06-22 14:00:00+00:00,2025-06-22 14:00:00+00:00,2025-06-22 20:15:00+00:00,1,616.16,603.0696510655285,641.6173451378176,603.0696510655285,stop,-1.0,-1.0605407294457727,25,6.25,13.090348934471422
BNB,2025-06-22 21:00:00+00:00,2025-06-22 21:00:00+00:00,2025-06-23 22:15:00+00:00,1,609.39,594.7283697163225,638.3136833673158,638.3136833673158,alvo,1.9727467415077287,1.9174317882251026,101,25.25,14.661630283677482
BNB,2025-07-11 07:15:00+00:00,2025-07-11 07:15:00+00:00,2025-07-11 17:15:00+00:00,-1,686.4,697.0193424891457,666.3216356518724,697.0193424891457,stop,-1.0,-1.0846778012421256,40,10.0,10.619342489145765
BNB,2025-07-11 20:45:00+00:00,2025-07-11 20:45:00+00:00,2025-07-14 07:30:00+00:00,-1,692.94,704.7140591839542,670.6808268805061,704.7140591839542,stop,-1.0,-1.0771590429669025,235,58.75,11.774059183954137
BNB,2025-07-14 08:00:00+00:00,2025-07-14 08:00:00+00:00,2025-07-15 01:30:00+00:00,-1,706.87,719.801457752739,682.3669990956166,682.3669990956166,alvo,1.8948367131457735,1.8250066857290357,70,17.5,12.931457752738993
BNB,2025-07-18 07:45:00+00:00,2025-07-18 07:45:00+00:00,2025-07-18 13:15:00+00:00,-1,742.31,763.9210915007482,701.4473746754544,763.9210915007482,stop,-1.0,-1.045303135634847,22,5.5,21.611091500748216
BNB,2025-07-18 14:30:00+00:00,2025-07-18 14:30:00+00:00,2025-07-21 11:00:00+00:00,-1,745.01,771.0585804553906,705.1860589891188,771.0585804553906,stop,-1.0,-1.0378310280279428,274,68.5,26.048580455390606
BNB,2025-07-28 03:45:00+00:00,2025-07-28 03:45:00+00:00,2025-07-30 12:15:00+00:00,-1,841.22,872.5062423416124,784.5736896059811,784.5736896059811,alvo,1.810582101087809,1.7768047657752095,226,56.5,31.286242341612365
BNB,2025-08-09 11:00:00+00:00,2025-08-09 11:00:00+00:00,2025-08-12 20:30:00+00:00,-1,816.65,836.9910241569811,778.1139788055895,836.9910241569811,stop,-1.0,-1.0528423081063565,326,81.5,20.34102415698112
BNB,2025-09-12 23:15:00+00:00,2025-09-12 23:15:00+00:00,2025-09-13 10:00:00+00:00,-1,923.16,940.6038223305778,889.967523328651,940.6038223305778,stop,-1.0,-1.0694484535302387,43,10.75,17.44382233057786
BNB,2025-09-13 16:15:00+00:00,2025-09-13 16:15:00+00:00,2025-09-16 17:15:00+00:00,-1,932.19,950.7144459196574,899.0089708582854,950.7144459196574,stop,-1.0,-1.0660687987730335,292,73.0,18.524445919657296
BNB,2025-09-18 01:00:00+00:00,2025-09-18 01:00:00+00:00,2025-09-20 15:00:00+00:00,-1,984.0,1011.5649695175028,932.2023847474317,1011.5649695175028,stop,-1.0,-1.0470567264499513,248,62.0,27.564969517502846
BNB,2025-09-20 15:30:00+00:00,2025-09-20 15:30:00+00:00,2025-09-20 21:45:00+00:00,-1,1020.4,1048.1136025420003,967.259127200027,1048.1136025420003,stop,-1.0,-1.048515303617227,25,6.25,27.71360254200033
BNB,2025-09-21 11:45:00+00:00,2025-09-21 11:45:00+00:00,2025-09-22 17:15:00+00:00,-1,1055.64,1091.839963858275,988.0632317430344,988.0632317430344,alvo,1.8667634178181185,1.8300670524340599,118,29.5,36.19996385827494
BNB,2025-10-03 07:30:00+00:00,2025-10-03 07:30:00+00:00,2025-10-03 13:30:00+00:00,-1,1086.09,1119.222259302804,1025.0283683832986,1119.222259302804,stop,-1.0,-1.0432645705035122,24,6.0,33.13225930280419
BNB,2025-10-04 10:00:00+00:00,2025-10-04 10:00:00+00:00,2025-10-06 06:15:00+00:00,-1,1151.25,1200.1134853734306,1064.5240760765726,1200.1134853734306,stop,-1.0,-1.0312786992948273,177,44.25,48.86348537343065
BNB,2025-10-06 08:00:00+00:00,2025-10-06 08:00:00+00:00,2025-10-07 05:30:00+00:00,-1,1199.08,1247.674672918423,1112.2700889995508,1247.674672918423,stop,-1.0,-1.0327276724357584,86,21.5,48.59467291842316
BNB,2025-10-07 15:45:00+00:00,2025-10-07 15:45:00+00:00,2025-10-08 00:45:00+00:00,-1,1273.29,1334.7361033097066,1159.3901855132374,1334.7361033097066,stop,-1.0,-1.0275886813946022,36,9.0,61.44610330970659
BNB,2025-10-08 02:15:00+00:00,2025-10-08 02:15:00+00:00,2025-10-10 21:15:00+00:00,-1,1286.46,1355.239716609268,1178.4497418232015,1178.4497418232015,alvo,1.5703795174149384,1.5470849850851964,268,67.0,68.77971660926801
BNB,2025-11-03 09:00:00+00:00,2025-11-03 09:00:00+00:00,2025-11-03 15:30:00+00:00,1,1024.99,993.1603279000122,1089.6649725921538,993.1603279000122,stop,-1.0,-1.0412130451427275,26,6.5,31.82967209998776
BNB,2025-11-03 17:15:00+00:00,2025-11-03 17:15:00+00:00,2025-11-04 05:45:00+00:00,1,999.4,960.8171673921624,1080.5616179777608,960.8171673921624,stop,-1.0,-1.0330235255600722,50,12.5,38.58283260783753
BNB,2025-11-04 15:00:00+00:00,2025-11-04 15:00:00+00:00,2025-11-04 17:15:00+00:00,1,962.47,918.4076064821062,1050.5279171090244,918.4076064821062,stop,-1.0,-1.0277463466372265,9,2.25,44.06239351789384
BNB,2025-11-04 22:30:00+00:00,2025-11-04 22:30:00+00:00,2025-11-08 22:30:00+00:00,1,933.33,882.7882162641621,1037.2752209181656,995.36,tempo,1.227301361665556,1.2024971619057625,384,96.0,50.54178373583795
BNB,2025-11-21 08:15:00+00:00,2025-11-21 08:15:00+00:00,2025-11-21 12:30:00+00:00,1,836.3,800.8823126130583,910.1334226798352,800.8823126130583,stop,-1.0,-1.0300462447356413,17,4.25,35.41768738694168
BNB,2025-11-21 12:45:00+00:00,2025-11-21 12:45:00+00:00,2025-11-25 12:45:00+00:00,1,818.85,778.4434888014107,904.0086500346025,853.83,tempo,0.865702060444685,0.8387944664023179,384,96.0,40.40651119858933
BNB,2025-12-01 16:00:00+00:00,2025-12-01 16:00:00+00:00,2025-12-02 15:15:00+00:00,1,811.9,783.5604469536918,868.7038277117746,868.7038277117746,alvo,2.0044009734011827,1.9658544061272518,93,23.25,28.339553046308197
BNB,2026-01-05 20:45:00+00:00,2026-01-05 20:45:00+00:00,2026-01-08 07:00:00+00:00,-1,913.74,932.1832858373702,880.925728308209,880.925728308209,alvo,1.7791987816673034,1.715949058505898,233,58.25,18.44328583737024
BNB,2026-01-21 00:45:00+00:00,2026-01-21 00:45:00+00:00,2026-01-25 00:45:00+00:00,1,879.52,856.0268133100113,925.4886618489965,886.66,tempo,0.3039179015694204,0.25505194672263864,384,96.0,23.493186689988647
BNB,2026-01-31 15:00:00+00:00,2026-01-31 15:00:00+00:00,2026-01-31 17:15:00+00:00,1,812.17,784.2667025911256,870.5248795850601,784.2667025911256,stop,-1.0,-1.0371885745787954,9,2.25,27.903297408874323
BNB,2026-02-01 22:45:00+00:00,2026-02-01 22:45:00+00:00,2026-02-02 03:45:00+00:00,1,763.7,731.150270984546,833.0218274954372,731.150270984546,stop,-1.0,-1.029851329197814,20,5.0,32.54972901545409
BNB,2026-02-02 04:00:00+00:00,2026-02-02 04:00:00+00:00,2026-02-04 18:15:00+00:00,1,751.97,713.079560363898,827.3144412462046,713.079560363898,stop,-1.0,-1.0244862805138497,249,62.25,38.89043963610197
BNB,2026-02-04 18:30:00+00:00,2026-02-04 18:30:00+00:00,2026-02-05 11:30:00+00:00,1,715.97,680.6557973970241,786.7486485183932,680.6557973970241,stop,-1.0,-1.025706562838589,68,17.0,35.31420260297591
BNB,2026-02-05 11:45:00+00:00,2026-02-05 11:45:00+00:00,2026-02-05 15:45:00+00:00,1,686.43,648.6894022710193,766.2223025283919,648.6894022710193,stop,-1.0,-1.0229945380756322,16,4.0,37.740597728980674
BNB,2026-02-06 05:15:00+00:00,2026-02-06 05:15:00+00:00,2026-02-10 05:15:00+00:00,1,630.78,581.767146837443,735.4804963899126,637.82,tempo,0.14363579236350663,0.12681183809858865,384,96.0,49.01285316255701
BNB,2026-04-02 16:30:00+00:00,2026-04-02 16:30:00+00:00,2026-04-06 09:30:00+00:00,1,577.72,561.9394056280121,610.5534920747534,610.5534920747534,alvo,2.080624550684603,2.0316797675134675,356,89.0,15.780594371987945
BNB,2026-05-06 13:30:00+00:00,2026-05-06 13:30:00+00:00,2026-05-10 13:30:00+00:00,-1,650.59,664.3037374156692,627.1372764376611,651.26,tempo,-0.04885611993958891,-0.11056085252642847,384,96.0,13.71373741566913
BNB,2026-05-31 16:30:00+00:00,2026-05-31 16:30:00+00:00,2026-06-02 13:45:00+00:00,-1,711.64,735.941852447613,672.5251463442281,672.5251463442281,alvo,1.6095420602232264,1.5725198888861553,181,45.25,24.301852447612987
BNB,2026-06-04 01:45:00+00:00,2026-06-04 01:45:00+00:00,2026-06-05 06:15:00+00:00,1,608.76,581.8348601883454,664.8593159721123,581.8348601883454,stop,-1.0,-1.0287421593550072,114,28.5,26.925139811654617
BNB,2026-06-05 06:45:00+00:00,2026-06-05 06:45:00+00:00,2026-06-09 06:45:00+00:00,1,582.65,554.4515264378024,642.5938273383041,604.15,tempo,0.7624526183155724,0.7350958183704097,384,96.0,28.19847356219759
BNB,2026-06-24 20:00:00+00:00,2026-06-24 20:00:00+00:00,2026-06-25 14:00:00+00:00,1,555.27,541.2066629122686,583.8487826876657,541.2066629122686,stop,-1.0,-1.0506785712698823,72,18.0,14.063337087731384
BNB,2026-07-30 18:00:00+00:00,2026-07-30 18:00:00+00:00,2026-08-03 18:00:00+00:00,-1,594.24,605.3935480920335,572.8440726164911,592.63,tempo,0.144348684984823,0.075180964217023,384,96.0,11.153548092033475
BNB,2026-08-19 23:00:00+00:00,2026-08-19 23:00:00+00:00,2026-08-20 08:15:00+00:00,-1,628.62,639.9153143071753,607.1398160089874,639.9153143071753,stop,-1.0,-1.07299911555147,37,9.25,11.295314307175317
BNB,2026-08-22 05:45:00+00:00,2026-08-22 05:45:00+00:00,2026-08-26 05:45:00+00:00,-1,696.73,727.880725275626,638.9920976310848,696.77,tempo,-0.0012840792516398262,-0.030361251355517864,384,96.0,31.150725275625973
BNB,2026-09-03 16:15:00+00:00,2026-09-03 16:15:00+00:00,2026-09-05 08:15:00+00:00,-1,722.22,740.1156492732489,692.5926342531759,740.1156492732489,stop,-1.0,-1.0531144837225037,160,40.0,17.895649273248864
BNB,2026-09-05 11:45:00+00:00,2026-09-05 11:45:00+00:00,2026-09-05 14:45:00+00:00,-1,747.73,768.8663445302773,707.458075977936,768.8663445302773,stop,-1.0,-1.046639456625651,12,3.0,21.136344530277256
BNB,2026-09-06 05:15:00+00:00,2026-09-06 05:15:00+00:00,2026-09-09 22:00:00+00:00,-1,762.51,784.5967563505828,720.6298366837492,720.6298366837492,alvo,1.8961663112268459,1.852518394867276,355,88.75,22.086756350582846
XRP,2025-04-06 23:45:00+00:00,2025-04-06 23:45:00+00:00,2025-04-07 03:45:00+00:00,1,1.925,1.808776558221299,2.1008739139157777,1.808776558221299,stop,-1.0,-1.0208818008286569,16,4.0,0.11622344177870114
XRP,2025-04-07 04:00:00+00:00,2025-04-07 04:00:00+00:00,2025-04-07 06:30:00+00:00,1,1.8223,1.6960311233366279,2.088035634267536,1.6960311233366279,stop,-1.0,-1.0181114720475866,10,2.5,0.12626887666337216
XRP,2025-04-07 08:45:00+00:00,2025-04-07 08:45:00+00:00,2025-04-09 17:45:00+00:00,1,1.7842,1.6388458854865202,2.062870040468256,2.062870040468256,alvo,1.9171802697226907,1.8999767971228665,228,57.0,0.1453541145134798
XRP,2025-05-09 08:45:00+00:00,2025-05-09 08:45:00+00:00,2025-05-10 23:15:00+00:00,-1,2.3449,2.4512524738788395,2.1921593587932597,2.4512524738788395,stop,-1.0,-1.029312896957835,154,38.5,0.1063524738788395
XRP,2025-05-12 13:00:00+00:00,2025-05-12 13:00:00+00:00,2025-05-16 13:00:00+00:00,-1,2.5611,2.6960229755823657,2.3233634838015553,2.4198,tempo,1.047264184547588,1.0232683826018805,384,96.0,0.13492297558236555
XRP,2025-06-05 21:15:00+00:00,2025-06-05 21:15:00+00:00,2025-06-08 06:15:00+00:00,1,2.0705,2.0012471616497027,2.2069796178403913,2.2069796178403913,alvo,1.9707440314582494,1.9305960488220355,228,57.0,0.06925283835029727
XRP,2025-06-13 01:30:00+00:00,2025-06-13 01:30:00+00:00,2025-06-16 12:00:00+00:00,1,2.105,2.030215647450393,2.247611656747542,2.247611656747542,alvo,1.90697187159497,1.869140460605496,330,82.5,0.07478435254960702
XRP,2025-06-22 17:00:00+00:00,2025-06-22 17:00:00+00:00,2025-06-23 22:15:00+00:00,1,1.9594,1.8779349588917182,2.123996182309492,2.123996182309492,alvo,2.0204517185563535,1.987870779758652,117,29.25,0.08146504110828179
XRP,2025-07-10 08:45:00+00:00,2025-07-10 08:45:00+00:00,2025-07-10 21:30:00+00:00,-1,2.4538,2.5331119526311636,2.3024603837187643,2.5331119526311636,stop,-1.0,-1.0408701672531588,51,12.75,0.07931195263116342
XRP,2025-07-11 21:00:00+00:00,2025-07-11 21:00:00+00:00,2025-07-14 05:30:00+00:00,-1,2.7584,2.9530029662744073,2.42078083611777,2.9530029662744073,stop,-1.0,-1.0190768517004183,226,56.5,0.19460296627440732
XRP,2025-07-14 10:00:00+00:00,2025-07-14 10:00:00+00:00,2025-07-17 08:30:00+00:00,-1,2.9838,3.1768846315295867,2.645602701715813,3.1768846315295867,stop,-1.0,-1.0207393254386516,282,70.5,0.19308463152958666
XRP,2025-07-17 13:30:00+00:00,2025-07-17 13:30:00+00:00,2025-07-17 21:15:00+00:00,-1,3.2209,3.411509499891619,2.875154826420368,3.411509499891619,stop,-1.0,-1.0226172681706884,31,7.75,0.19060949989161902
XRP,2025-07-18 08:45:00+00:00,2025-07-18 08:45:00+00:00,2025-07-22 08:45:00+00:00,-1,3.4419,3.684493974860882,3.0071695542391534,3.4545,tempo,-0.05193863535656869,-0.07041667052859069,384,96.0,0.24259397486088208
XRP,2025-08-02 19:15:00+00:00,2025-08-02 19:15:00+00:00,2025-08-04 14:15:00+00:00,1,2.7761,2.6395592618168067,3.056188210441587,3.056188210441587,alvo,2.051316069976123,2.0235515552442576,172,43.0,0.13654073818319334
XRP,2025-08-07 23:15:00+00:00,2025-08-07 23:15:00+00:00,2025-08-11 23:15:00+00:00,-1,3.2829,3.440782607841419,3.0083247155719826,3.1425,tempo,0.8892683109277071,0.8628150488673604,384,96.0,0.15788260784141883
XRP,2025-09-13 10:15:00+00:00,2025-09-13 10:15:00+00:00,2025-09-15 08:15:00+00:00,-1,3.173,3.2663277914644318,2.996277814010384,2.996277814010384,alvo,1.893564427236734,1.8505972626206613,184,46.0,0.09332779146443171
XRP,2025-09-22 06:45:00+00:00,2025-09-22 06:45:00+00:00,2025-09-25 18:00:00+00:00,1,2.8207,2.7330453104177086,2.9997974361340978,2.7330453104177086,stop,-1.0,-1.04118358605768,333,83.25,0.08765468958229139
XRP,2025-10-02 20:15:00+00:00,2025-10-02 20:15:00+00:00,2025-10-06 20:15:00+00:00,-1,3.0634,3.16381530891943,2.8941171209078416,3.0267,tempo,0.3654821201560719,0.32606019293602795,384,96.0,0.10041530891942996
XRP,2025-10-10 19:45:00+00:00,2025-10-10 19:45:00+00:00,2025-10-10 21:00:00+00:00,1,2.6825,2.5865705526401945,2.8724518788658866,2.5865705526401945,stop,-1.0,-1.0357022369405535,5,1.25,0.09592944735980558
XRP,2025-10-10 21:45:00+00:00,2025-10-10 21:45:00+00:00,2025-10-14 21:45:00+00:00,1,2.2879,1.9007286680038082,2.8596402458349046,2.4883,tempo,0.5176003062178458,0.5095818148073543,384,96.0,0.3871713319961918
XRP,2025-11-03 21:30:00+00:00,2025-11-03 21:30:00+00:00,2025-11-04 17:30:00+00:00,1,2.2906,2.1960770675689765,2.490616689465133,2.1960770675689765,stop,-1.0,-1.0308532545374425,80,20.0,0.0945229324310235
XRP,2025-11-04 18:45:00+00:00,2025-11-04 18:45:00+00:00,2025-11-04 21:45:00+00:00,1,2.2019,2.0911106975837783,2.433816122158031,2.0911106975837783,stop,-1.0,-1.0251870613188452,12,3.0,0.11078930241622187
XRP,2025-11-04 22:15:00+00:00,2025-11-04 22:15:00+00:00,2025-11-08 22:15:00+00:00,1,2.1812,2.0575027918434854,2.4197419256171284,2.2862,tempo,0.8488469672423246,0.825371821414249,384,96.0,0.12369720815651464
XRP,2025-11-21 11:15:00+00:00,2025-11-21 11:15:00+00:00,2025-11-24 17:30:00+00:00,1,1.9093,1.8000634367100585,2.139629549051664,2.139629549051664,alvo,2.108538955407367,2.084446251209981,313,78.25,0.10923656328994147
XRP,2025-12-15 18:15:00+00:00,2025-12-15 18:15:00+00:00,2025-12-18 05:45:00+00:00,1,1.8929,1.8341198928983005,2.016195200950733,1.8341198928983005,stop,-1.0,-1.0412139931319357,238,59.5,0.058780107101699564
XRP,2026-01-03 07:30:00+00:00,2026-01-03 07:30:00+00:00,2026-01-04 01:00:00+00:00,-1,1.9878,2.046171842462129,1.8952877959008942,2.046171842462129,stop,-1.0,-1.0449203175195567,70,17.5,0.05837184246212912
XRP,2026-01-04 01:45:00+00:00,2026-01-04 01:45:00+00:00,2026-01-04 10:00:00+00:00,-1,2.0294,2.0872090339193567,1.921049711190524,2.0872090339193567,stop,-1.0,-1.0462868117772093,33,8.25,0.05780903391935688
XRP,2026-01-04 19:45:00+00:00,2026-01-04 19:45:00+00:00,2026-01-05 01:45:00+00:00,-1,2.0761,2.1396024368036506,1.9558592023914412,2.1396024368036506,stop,-1.0,-1.0431512036679014,24,6.0,0.06350243680365075
XRP,2026-01-05 13:45:00+00:00,2026-01-05 13:45:00+00:00,2026-01-05 16:30:00+00:00,-1,2.1152,2.182339910216579,1.9927659062589504,2.182339910216579,stop,-1.0,-1.0416056699008067,11,2.75,0.06713991021657861
XRP,2026-01-06 16:30:00+00:00,2026-01-06 16:30:00+00:00,2026-01-08 10:00:00+00:00,-1,2.2852,2.390770424545025,2.0943018001508444,2.0943018001508444,alvo,1.80825454356053,1.7812898308356706,166,41.5,0.10557042454502508
XRP,2026-01-31 21:45:00+00:00,2026-01-31 21:45:00+00:00,2026-02-02 03:30:00+00:00,1,1.6223,1.535987816440949,1.8004013833376316,1.535987816440949,stop,-1.0,-1.0237844415010324,119,29.75,0.08631218355905101
XRP,2026-02-06 01:15:00+00:00,2026-02-06 01:15:00+00:00,2026-02-06 15:45:00+00:00,1,1.23,1.098687411997289,1.5380845349045633,1.5380845349045633,alvo,2.3461919347610656,2.332489859620708,58,14.5,0.13131258800271106
XRP,2026-02-15 10:00:00+00:00,2026-02-15 10:00:00+00:00,2026-02-17 14:45:00+00:00,-1,1.5896,1.6803718152369556,1.4357004372202378,1.4357004372202378,alvo,1.6954553831276193,1.6737917722473055,211,52.75,0.09077181523695566
XRP,2026-03-16 20:15:00+00:00,2026-03-16 20:15:00+00:00,2026-03-17 02:45:00+00:00,-1,1.5259,1.583269761550379,1.418718682640971,1.583269761550379,stop,-1.0,-1.0352269260040945,26,6.5,0.057369761550378984
XRP,2026-03-17 03:45:00+00:00,2026-03-17 03:45:00+00:00,2026-03-19 15:30:00+00:00,-1,1.5433,1.6110999892873525,1.4317060293554662,1.4317060293554662,alvo,1.6459290306311352,1.6174075818904083,239,59.75,0.06779998928735265
XRP,2026-04-16 20:15:00+00:00,2026-04-16 20:15:00+00:00,2026-04-17 14:45:00+00:00,-1,1.458,1.5056752723146432,1.368836555148354,1.5056752723146432,stop,-1.0,-1.0404064588093151,74,18.5,0.04767527231464319
XRP,2026-04-17 15:45:00+00:00,2026-04-17 15:45:00+00:00,2026-04-21 15:45:00+00:00,-1,1.4801,1.5325567831788225,1.3876647263258963,1.4291,tempo,0.9722288884193206,0.9361805475678859,384,96.0,0.05245678317882252
XRP,2026-05-10 19:15:00+00:00,2026-05-10 19:15:00+00:00,2026-05-13 16:00:00+00:00,-1,1.4795,1.5153924525466993,1.414165260836253,1.414165260836253,alvo,1.8202918588174162,1.767888573834414,275,68.75,0.03589245254669926
XRP,2026-05-14 19:30:00+00:00,2026-05-14 19:30:00+00:00,2026-05-15 13:45:00+00:00,-1,1.5222,1.574695499541424,1.439717028517761,1.439717028517761,alvo,1.5712389100546058,1.5345644125194915,73,18.25,0.05249549954142396
XRP,2026-05-28 04:45:00+00:00,2026-05-28 04:45:00+00:00,2026-05-30 01:00:00+00:00,1,1.2823,1.2488331891571958,1.3432883112626295,1.3432883112626295,alvo,1.8223520474985062,1.771357275085417,177,44.25,0.03346681084280423
XRP,2026-06-02 16:15:00+00:00,2026-06-02 16:15:00+00:00,2026-06-02 23:00:00+00:00,1,1.2365,1.198066277501807,1.3124583561403638,1.198066277501807,stop,-1.0,-1.0411739477083068,27,6.75,0.03843372249819299
XRP,2026-06-03 00:15:00+00:00,2026-06-03 00:15:00+00:00,2026-06-04 01:30:00+00:00,1,1.2201,1.1780307365893856,1.3022789167997213,1.1780307365893856,stop,-1.0,-1.0370528231875296,101,25.25,0.042069263410614344
XRP,2026-06-04 02:30:00+00:00,2026-06-04 02:30:00+00:00,2026-06-05 06:00:00+00:00,1,1.177,1.1282597714445102,1.2750934566434688,1.1282597714445102,stop,-1.0,-1.030742959067847,110,27.5,0.04874022855548987
XRP,2026-06-05 06:45:00+00:00,2026-06-05 06:45:00+00:00,2026-06-06 04:30:00+00:00,1,1.1188,1.062342300456453,1.2366578577751695,1.062342300456453,stop,-1.0,-1.025111588087346,87,21.75,0.05645769954354707
XRP,2026-06-06 05:30:00+00:00,2026-06-06 05:30:00+00:00,2026-06-10 05:30:00+00:00,1,1.0787,1.0145257198929054,1.1983794283257514,1.1139,tempo,0.5485063477339807,0.5262982295031001,384,96.0,0.06417428010709458
XRP,2026-06-15 13:00:00+00:00,2026-06-15 13:00:00+00:00,2026-06-15 16:30:00+00:00,-1,1.2379,1.2854486500355853,1.1494650834175653,1.2854486500355853,stop,-1.0,-1.0344947042933001,14,3.5,0.04754865003558528
XRP,2026-06-15 21:15:00+00:00,2026-06-15 21:15:00+00:00,2026-06-18 11:45:00+00:00,-1,1.2582,1.311109965357718,1.1620539810191983,1.1620539810191983,alvo,1.8171627656674822,1.787429896310519,250,62.5,0.05290996535771808
XRP,2026-06-24 16:30:00+00:00,2026-06-24 16:30:00+00:00,2026-06-25 14:00:00+00:00,1,1.065,1.033588756366195,1.1279836350468637,1.033588756366195,stop,-1.0,-1.0434265738580943,86,21.5,0.031411243633804986
XRP,2026-06-25 14:15:00+00:00,2026-06-25 14:15:00+00:00,2026-06-29 14:15:00+00:00,1,1.0359,0.9903688645271378,1.1125293780195822,1.0417,tempo,0.1273853581678625,0.09772565418782675,384,96.0,0.04553113547286225
XRP,2026-07-04 14:30:00+00:00,2026-07-04 14:30:00+00:00,2026-07-08 06:30:00+00:00,-1,1.1631,1.2038386180824037,1.087881392214376,1.087881392214376,alvo,1.8463711172891617,1.8104558611069368,352,88.0,0.040738618082403644
XRP,2026-07-28 11:30:00+00:00,2026-07-28 11:30:00+00:00,2026-08-01 11:30:00+00:00,1,1.0501,1.027613390796547,1.096056390246558,1.0621,tempo,0.5336509338258657,0.47259548577773697,384,96.0,0.022486609203453023
XRP,2026-08-07 04:30:00+00:00,2026-08-07 04:30:00+00:00,2026-08-11 04:30:00+00:00,1,1.0214,1.0008273303386082,1.0624697067149398,1.0135,tempo,-0.3840046104869751,-0.4482979191226667,384,96.0,0.02057266966139193
XRP,2026-08-19 17:30:00+00:00,2026-08-19 17:30:00+00:00,2026-08-19 20:30:00+00:00,-1,1.0542,1.0807397210374912,1.0060163886252822,1.0807397210374912,stop,-1.0,-1.0522880710281028,12,3.0,0.026539721037491137
XRP,2026-08-22 10:15:00+00:00,2026-08-22 10:15:00+00:00,2026-08-26 10:15:00+00:00,-1,1.463,1.6248673439188024,1.1903014993205947,1.4073,tempo,0.34410893915662777,0.33258286505896484,384,96.0,0.1618673439188023
ADA,2025-04-06 19:30:00+00:00,2025-04-06 19:30:00+00:00,2025-04-07 03:45:00+00:00,1,0.5892,0.558623466931487,0.654251419064553,0.558623466931487,stop,-1.0,-1.0244005836709384,33,8.25,0.030576533068512934
ADA,2025-04-07 09:45:00+00:00,2025-04-07 09:45:00+00:00,2025-04-09 18:00:00+00:00,1,0.5499,0.510728701383185,0.6354781534854673,0.6354781534854673,alvo,2.184715761471621,2.1650458544996116,225,56.25,0.03917129861681501
ADA,2025-04-23 05:30:00+00:00,2025-04-23 05:30:00+00:00,2025-04-24 15:15:00+00:00,-1,0.6934,0.7257534588313297,0.6355940333805836,0.7257534588313297,stop,-1.0,-1.0285116269345245,135,33.75,0.03235345883132967
ADA,2025-04-24 15:45:00+00:00,2025-04-24 15:45:00+00:00,2025-04-28 15:45:00+00:00,-1,0.729,0.7692382314613756,0.6582093347615551,0.689,tempo,0.9940794748495778,0.9711733985503564,384,96.0,0.04023823146137562
ADA,2025-05-08 21:45:00+00:00,2025-05-08 21:45:00+00:00,2025-05-09 08:00:00+00:00,-1,0.7555,0.7924575002724055,0.6885404265025974,0.7924575002724055,stop,-1.0,-1.0272251198744717,41,10.25,0.03695750027240552
ADA,2025-05-09 09:15:00+00:00,2025-05-09 09:15:00+00:00,2025-05-10 17:15:00+00:00,-1,0.7825,0.8277577510422418,0.7002383601604187,0.8277577510422418,stop,-1.0,-1.023126812845838,128,32.0,0.045257751042241834
ADA,2025-05-10 18:00:00+00:00,2025-05-10 18:00:00+00:00,2025-05-14 18:00:00+00:00,-1,0.8193,0.8695803808081753,0.7331508427665927,0.7994,tempo,0.3957806142304395,0.37485485784020695,384,96.0,0.05028038080817532
ADA,2025-06-05 21:45:00+00:00,2025-06-05 21:45:00+00:00,2025-06-09 17:15:00+00:00,1,0.6295,0.6018876664591717,0.6857708672658871,0.6857708672658871,alvo,2.0378888724737334,2.0069271262504844,366,91.5,0.02761233354082826
ADA,2025-06-13 01:30:00+00:00,2025-06-13 01:30:00+00:00,2025-06-17 01:30:00+00:00,1,0.6247,0.5947085854040145,0.6863041400830939,0.6334,tempo,0.2900830159963331,0.26281637949331665,384,96.0,0.029991414595985533
ADA,2025-06-22 00:00:00+00:00,2025-06-22 00:00:00+00:00,2025-06-22 13:30:00+00:00,1,0.556,0.5309387931220985,0.600650700592106,0.5309387931220985,stop,-1.0,-1.0281913883465983,54,13.5,0.025061206877901587
ADA,2025-06-22 15:00:00+00:00,2025-06-22 15:00:00+00:00,2025-06-24 05:45:00+00:00,1,0.5307,0.5027407488658366,0.5897786188046982,0.5897786188046982,alvo,2.1130257931876533,2.0869767728212554,155,38.75,0.02795925113416331
ADA,2025-07-11 21:45:00+00:00,2025-07-11 21:45:00+00:00,2025-07-13 15:30:00+00:00,-1,0.7085,0.7542529159849303,0.630795758841239,0.7542529159849303,stop,-1.0,-1.0207809573427706,167,41.75,0.045752915984930254
ADA,2025-07-18 02:15:00+00:00,2025-07-18 02:15:00+00:00,2025-07-21 12:00:00+00:00,-1,0.8507,0.9106576087832287,0.7436808483555948,0.9106576087832287,stop,-1.0,-1.0190948650045122,327,81.75,0.059957608783228644
ADA,2025-08-13 13:45:00+00:00,2025-08-13 13:45:00+00:00,2025-08-13 23:15:00+00:00,-1,0.8767,0.9207671616697254,0.8031572566085289,0.9207671616697254,stop,-1.0,-1.0265130226412562,38,9.5,0.04406716166972535
ADA,2025-08-14 12:45:00+00:00,2025-08-14 12:45:00+00:00,2025-08-18 12:45:00+00:00,-1,0.9381,1.005349653858319,0.8387242293191266,0.9082,tempo,0.44461195388444796,0.4267665832223424,384,96.0,0.06724965385831905
ADA,2025-09-13 10:45:00+00:00,2025-09-13 10:45:00+00:00,2025-09-14 14:45:00+00:00,-1,0.9459,0.9806399187205973,0.8817669101356415,0.8817669101356415,alvo,1.8460921103518275,1.8118956143512825,112,28.0,0.03473991872059734
ADA,2025-09-22 06:45:00+00:00,2025-09-22 06:45:00+00:00,2025-09-24 04:15:00+00:00,1,0.8233,0.7897021365980041,0.8894420908674744,0.7897021365980041,stop,-1.0,-1.031205894739319,182,45.5,0.03359786340199589
ADA,2025-09-25 12:45:00+00:00,2025-09-25 12:45:00+00:00,2025-09-29 12:45:00+00:00,1,0.785,0.7522769514612474,0.8362487404076449,0.7933,tempo,0.2536438495383646,0.22229301134292348,384,96.0,0.03272304853875263
ADA,2025-10-10 21:45:00+00:00,2025-10-10 21:45:00+00:00,2025-10-14 21:45:00+00:00,1,0.5964,0.43406217017877236,0.8210614534966331,0.6937,tempo,0.5993673816334137,0.5942018265627105,384,96.0,0.16233782982122769
ADA,2025-11-03 16:15:00+00:00,2025-11-03 16:15:00+00:00,2025-11-04 17:00:00+00:00,1,0.557,0.5292643310384932,0.6119278638805278,0.5292643310384932,stop,-1.0,-1.0254571763224802,99,24.75,0.02773566896150681
ADA,2025-11-04 17:30:00+00:00,2025-11-04 17:30:00+00:00,2025-11-04 20:30:00+00:00,1,0.5261,0.495589084732571,0.5913527403905959,0.495589084732571,stop,-1.0,-1.0217659122728813,12,3.0,0.030510915267428995
ADA,2025-11-04 22:15:00+00:00,2025-11-04 22:15:00+00:00,2025-11-07 21:30:00+00:00,1,0.5183,0.4849637082089984,0.5859480771160788,0.5859480771160788,alvo,2.0292622088920815,2.007731282338361,285,71.25,0.03333629179100156
ADA,2025-11-21 08:15:00+00:00,2025-11-21 08:15:00+00:00,2025-11-21 12:30:00+00:00,1,0.4144,0.3884471637564057,0.47128017112520265,0.3884471637564057,stop,-1.0,-1.0201076541902223,17,4.25,0.02595283624359429
ADA,2025-11-21 12:45:00+00:00,2025-11-21 12:45:00+00:00,2025-11-25 12:45:00+00:00,1,0.4051,0.37667422901100944,0.46676041481387903,0.416,tempo,0.3834548587695856,0.36467911473763975,384,96.0,0.028425770988990573
ADA,2025-12-01 13:00:00+00:00,2025-12-01 13:00:00+00:00,2025-12-02 15:15:00+00:00,1,0.379,0.360876773991491,0.41602604839220125,0.41602604839220125,alvo,2.0430164240526043,2.014502354250004,105,26.25,0.01812322600850902
ADA,2025-12-09 20:30:00+00:00,2025-12-09 20:30:00+00:00,2025-12-11 03:45:00+00:00,-1,0.4745,0.49981798872652133,0.4295490147021389,0.4295490147021389,alvo,1.7754564070396932,1.7522463540649549,125,31.25,0.025317988726521357
ADA,2026-01-02 18:45:00+00:00,2026-01-02 18:45:00+00:00,2026-01-04 04:15:00+00:00,-1,0.3841,0.40048149171572717,0.35473410330844835,0.40048149171572717,stop,-1.0,-1.0311313510677185,134,33.5,0.01638149171572717
ADA,2026-01-04 04:30:00+00:00,2026-01-04 04:30:00+00:00,2026-01-05 16:30:00+00:00,-1,0.3992,0.41593447295541613,0.3680209962473909,0.41593447295541613,stop,-1.0,-1.0316614337859704,144,36.0,0.016734472955416135
ADA,2026-01-05 19:30:00+00:00,2026-01-05 19:30:00+00:00,2026-01-06 14:30:00+00:00,-1,0.4173,0.43643393957924814,0.38210076577321694,0.43643393957924814,stop,-1.0,-1.0290022375385968,76,19.0,0.019133939579248138
ADA,2026-01-06 15:00:00+00:00,2026-01-06 15:00:00+00:00,2026-01-08 07:00:00+00:00,-1,0.4271,0.44865406848933836,0.39154129785623604,0.39154129785623604,alvo,1.6497443237388283,1.6250567876539466,160,40.0,0.021554068489338385
ADA,2026-01-31 23:30:00+00:00,2026-01-31 23:30:00+00:00,2026-02-02 03:45:00+00:00,1,0.2941,0.2765250861226524,0.3317450304148739,0.2765250861226524,stop,-1.0,-1.0211043029040265,113,28.25,0.017574913877347553
ADA,2026-02-02 04:00:00+00:00,2026-02-02 04:00:00+00:00,2026-02-05 15:15:00+00:00,1,0.2863,0.266725794396807,0.31745736579036377,0.266725794396807,stop,-1.0,-1.0183643093183454,333,83.25,0.019574205603193007
ADA,2026-02-05 20:45:00+00:00,2026-02-05 20:45:00+00:00,2026-02-06 00:15:00+00:00,1,0.2502,0.2299139877248798,0.2946829170470757,0.2299139877248798,stop,-1.0,-1.0153837081329147,14,3.5,0.02028601227512017
ADA,2026-02-06 00:45:00+00:00,2026-02-06 00:45:00+00:00,2026-02-10 00:45:00+00:00,1,0.2421,0.2183239959965253,0.2917042043412912,0.2691,tempo,1.1355987320684384,1.121623297005783,384,96.0,0.02377600400347471
ADA,2026-02-14 21:30:00+00:00,2026-02-14 21:30:00+00:00,2026-02-18 21:30:00+00:00,-1,0.297,0.31277925794494443,0.2701924856708314,0.2744,tempo,1.4322600009996589,1.4087221387442923,384,96.0,0.015779257944944447
ADA,2026-02-25 19:15:00+00:00,2026-02-25 19:15:00+00:00,2026-02-25 20:15:00+00:00,-1,0.2962,0.31077980117416476,0.27080039473759143,0.31077980117416476,stop,-1.0,-1.0270605110488285,4,1.0,0.014579801174164742
ADA,2026-02-25 22:45:00+00:00,2026-02-25 22:45:00+00:00,2026-02-27 22:45:00+00:00,-1,0.3028,0.31980533874935185,0.2724356192802545,0.2724356192802545,alvo,1.785579291732889,1.763591893654952,192,48.0,0.01700533874935184
ADA,2026-03-16 08:30:00+00:00,2026-03-16 08:30:00+00:00,2026-03-19 13:00:00+00:00,-1,0.2871,0.30020008084100386,0.2654918174347217,0.2654918174347217,alvo,1.6494694061462374,1.6220508973834284,306,76.5,0.013100080841003836
ADA,2026-05-06 13:15:00+00:00,2026-05-06 13:15:00+00:00,2026-05-08 21:45:00+00:00,-1,0.2698,0.27812736473289296,0.253973530731284,0.27812736473289296,stop,-1.0,-1.0427689669541653,226,56.5,0.008327364732892972
ADA,2026-05-10 20:30:00+00:00,2026-05-10 20:30:00+00:00,2026-05-12 17:00:00+00:00,-1,0.2847,0.29415442454026264,0.26704923075694564,0.26704923075694564,alvo,1.8669321615384171,1.8289989167952048,178,44.5,0.00945442454026263
ADA,2026-06-02 16:15:00+00:00,2026-06-02 16:15:00+00:00,2026-06-02 23:30:00+00:00,1,0.2181,0.21053900431461423,0.232938502192145,0.21053900431461423,stop,-1.0,-1.0368490294661878,29,7.25,0.007560995685385763
ADA,2026-06-03 00:45:00+00:00,2026-06-03 00:45:00+00:00,2026-06-03 19:30:00+00:00,1,0.2141,0.20595099520657623,0.23086363477607655,0.20595099520657623,stop,-1.0,-1.0335050909657841,75,18.75,0.008149004793423786
ADA,2026-06-06 14:15:00+00:00,2026-06-06 14:15:00+00:00,2026-06-10 14:15:00+00:00,1,0.1609,0.14796046415503714,0.18912382609885928,0.1634,tempo,0.19320631203113914,0.17691554221329756,384,96.0,0.012939535844962852
ADA,2026-06-24 20:15:00+00:00,2026-06-24 20:15:00+00:00,2026-06-28 20:15:00+00:00,1,0.1434,0.1367687163174799,0.1569067148493542,0.1434,tempo,0.0,-0.02811220405053673,384,96.0,0.006631283682520112
ADA,2026-07-03 03:15:00+00:00,2026-07-03 03:15:00+00:00,2026-07-03 16:15:00+00:00,-1,0.1661,0.17448876316815012,0.1515223322796153,0.17448876316815012,stop,-1.0,-1.0263903857603023,52,13.0,0.008388763168150126
ADA,2026-07-04 07:45:00+00:00,2026-07-04 07:45:00+00:00,2026-07-04 15:00:00+00:00,-1,0.1754,0.18457458106720745,0.15871263812738273,0.18457458106720745,stop,-1.0,-1.025503450891072,29,7.25,0.009174581067207449
ADA,2026-07-05 10:00:00+00:00,2026-07-05 10:00:00+00:00,2026-07-08 08:30:00+00:00,-1,0.1876,0.19866591324979754,0.16751016005176722,0.16751016005176722,alvo,1.8154705802162603,1.794611786294496,282,70.5,0.011065913249797554
ADA,2026-08-02 20:45:00+00:00,2026-08-02 20:45:00+00:00,2026-08-03 14:15:00+00:00,-1,0.1871,0.19552279624762126,0.17220307957783915,0.19552279624762126,stop,-1.0,-1.0295275832691777,70,17.5,0.008422796247621267
ADA,2026-08-03 14:15:00+00:00,2026-08-03 14:15:00+00:00,2026-08-06 14:45:00+00:00,-1,0.1927,0.20188981893225252,0.1753668473674908,0.20188981893225252,stop,-1.0,-1.027909514234912,290,72.5,0.009189818932252514
ADA,2026-08-06 16:15:00+00:00,2026-08-06 16:15:00+00:00,2026-08-10 16:15:00+00:00,-1,0.205,0.2165798611133302,0.18632495369875351,0.195,tempo,0.8635682157265635,0.8411154421176729,384,96.0,0.011579861113330203
ADA,2026-08-20 18:15:00+00:00,2026-08-20 18:15:00+00:00,2026-08-21 02:00:00+00:00,-1,0.198,0.20859585142926845,0.18063599704876282,0.20859585142926845,stop,-1.0,-1.0249425263456409,31,7.75,0.010595851429268444
ADA,2026-08-22 05:15:00+00:00,2026-08-22 05:15:00+00:00,2026-08-26 05:15:00+00:00,-1,0.2307,0.255905741734504,0.19415955215582914,0.2093,tempo,0.8490129044965038,0.8376662834364104,384,96.0,0.02520574173450399
ADA,2026-09-03 18:30:00+00:00,2026-09-03 18:30:00+00:00,2026-09-07 18:30:00+00:00,-1,0.2225,0.234563972456765,0.2022725708263214,0.2197,tempo,0.23209602061300041,0.20827053518271657,384,96.0,0.012063972456764993
DOGE,2025-04-06 21:15:00+00:00,2025-04-06 21:15:00+00:00,2025-04-07 03:45:00+00:00,1,0.15125,0.14342114491405272,0.16681278142743955,0.14342114491405272,stop,-1.0,-1.0244654220944696,26,6.5,0.007828855085947273
DOGE,2025-04-07 10:15:00+00:00,2025-04-07 10:15:00+00:00,2025-04-09 21:00:00+00:00,1,0.13984,0.12973844851940558,0.16239906139391172,0.16239906139391172,alvo,2.233227384649657,2.213779343397435,235,58.75,0.010101551480594412
DOGE,2025-04-23 14:00:00+00:00,2025-04-23 14:00:00+00:00,2025-04-26 01:45:00+00:00,-1,0.17949,0.18873249215655963,0.1642479274126256,0.18873249215655963,stop,-1.0,-1.0258961128500277,239,59.75,0.009242492156559617
DOGE,2025-05-08 16:00:00+00:00,2025-05-08 16:00:00+00:00,2025-05-09 00:00:00+00:00,-1,0.18928,0.19730953810873977,0.17450948720126427,0.19730953810873977,stop,-1.0,-1.0312948511318691,32,8.0,0.00802953810873977
DOGE,2025-05-09 04:00:00+00:00,2025-05-09 04:00:00+00:00,2025-05-09 07:30:00+00:00,-1,0.19351,0.20240335306633386,0.17739094650652804,0.20240335306633386,stop,-1.0,-1.028936631389043,14,3.5,0.008893353066333876
DOGE,2025-05-09 14:30:00+00:00,2025-05-09 14:30:00+00:00,2025-05-10 06:00:00+00:00,-1,0.20308,0.21631174002927323,0.18084617056094784,0.21631174002927323,stop,-1.0,-1.0206023267095583,62,15.5,0.013231740029273215
DOGE,2025-05-11 07:00:00+00:00,2025-05-11 07:00:00+00:00,2025-05-15 07:00:00+00:00,-1,0.23433,0.25422070426388815,0.1991699952232835,0.22774,tempo,0.33131054147561034,0.3162107493307298,384,96.0,0.019890704263888143
DOGE,2025-05-31 00:45:00+00:00,2025-05-31 00:45:00+00:00,2025-06-04 00:45:00+00:00,1,0.19377,0.18274925316499935,0.21741485268920516,0.19269,tempo,-0.0979969884227845,-0.12079027128835404,384,96.0,0.01102074683500065
DOGE,2025-06-06 03:30:00+00:00,2025-06-06 03:30:00+00:00,2025-06-09 21:15:00+00:00,1,0.17365,0.16506866858863345,0.1919310099086272,0.1919310099086272,alvo,2.130323260142682,2.1026320261080826,359,89.75,0.00858133141136655
DOGE,2025-06-21 22:30:00+00:00,2025-06-21 22:30:00+00:00,2025-06-22 13:30:00+00:00,1,0.15415,0.14744518842338614,0.1684600172588179,0.14744518842338614,stop,-1.0,-1.0292382373814903,60,15.0,0.006704811576613873
DOGE,2025-06-22 15:00:00+00:00,2025-06-22 15:00:00+00:00,2025-06-24 05:45:00+00:00,1,0.14862,0.14061710699658636,0.16538797568345115,0.16538797568345115,alvo,2.0952392686368233,2.0697353434803603,155,38.75,0.008002893003413641
DOGE,2025-07-11 21:45:00+00:00,2025-07-11 21:45:00+00:00,2025-07-15 21:45:00+00:00,-1,0.20202,0.21493882821012608,0.18065792241301787,0.19632,tempo,0.44121648707521466,0.4211743442594249,384,96.0,0.012918828210126077
DOGE,2025-07-18 03:30:00+00:00,2025-07-18 03:30:00+00:00,2025-07-18 13:45:00+00:00,-1,0.23288,0.24994559068144995,0.20258239195885286,0.24994559068144995,stop,-1.0,-1.0183900246877524,41,10.25,0.017065590681449944
DOGE,2025-07-18 15:15:00+00:00,2025-07-18 15:15:00+00:00,2025-07-20 16:15:00+00:00,-1,0.23901,0.25862940841544957,0.20823270161452817,0.25862940841544957,stop,-1.0,-1.0164870218622557,196,49.0,0.01961940841544957
DOGE,2025-07-20 17:00:00+00:00,2025-07-20 17:00:00+00:00,2025-07-21 17:15:00+00:00,-1,0.26499,0.2868791795746564,0.22732844673054853,0.2868791795746564,stop,-1.0,-1.01638777577296,97,24.25,0.021889179574656414
DOGE,2025-07-21 17:45:00+00:00,2025-07-21 17:45:00+00:00,2025-07-23 17:30:00+00:00,-1,0.27893,0.3029286629498115,0.24010843335493884,0.24010843335493884,alvo,1.6176553971464516,1.6035973230618135,191,47.75,0.02399866294981151
DOGE,2025-08-09 05:45:00+00:00,2025-08-09 05:45:00+00:00,2025-08-09 17:45:00+00:00,-1,0.23453,0.24605381074280705,0.21321294804241353,0.24605381074280705,stop,-1.0,-1.027107307118681,48,12.0,0.011523810742807061
DOGE,2025-08-09 21:30:00+00:00,2025-08-09 21:30:00+00:00,2025-08-13 21:30:00+00:00,-1,0.2413,0.253713921537365,0.2184094497040314,0.24388,tempo,-0.20783118309829918,-0.23323548415262502,384,96.0,0.012413921537365008
DOGE,2025-09-08 13:45:00+00:00,2025-09-08 13:45:00+00:00,2025-09-09 12:15:00+00:00,-1,0.23647,0.24588481267027437,0.2195799789137375,0.24588481267027437,stop,-1.0,-1.0333018445736681,90,22.5,0.009414812670274358
DOGE,2025-09-09 12:45:00+00:00,2025-09-09 12:45:00+00:00,2025-09-11 22:45:00+00:00,-1,0.24498,0.2559605255332178,0.22501633934058005,0.2559605255332178,stop,-1.0,-1.0296535298435003,232,58.0,0.010980525533217794
DOGE,2025-09-12 01:00:00+00:00,2025-09-12 01:00:00+00:00,2025-09-12 22:30:00+00:00,-1,0.26172,0.2757279744014419,0.23716002279139123,0.2757279744014419,stop,-1.0,-1.0249387365617242,86,21.5,0.014007974401441914
DOGE,2025-09-13 17:15:00+00:00,2025-09-13 17:15:00+00:00,2025-09-17 17:15:00+00:00,-1,0.28271,0.3022877404587457,0.2538791071902253,0.26581,tempo,0.8632252550089635,0.8450138582059822,384,96.0,0.019577740458745663
DOGE,2025-09-22 11:00:00+00:00,2025-09-22 11:00:00+00:00,2025-09-25 12:30:00+00:00,1,0.23963,0.2278794878189545,0.2646568909687289,0.2278794878189545,stop,-1.0,-1.0258610997035946,294,73.5,0.011750512181045503
DOGE,2025-09-25 18:15:00+00:00,2025-09-25 18:15:00+00:00,2025-09-29 18:15:00+00:00,1,0.22324,0.21176394452602718,0.2461240523145718,0.23242,tempo,0.7999264225255641,0.7741179902927537,384,96.0,0.011476055473972818
DOGE,2025-10-02 09:45:00+00:00,2025-10-02 09:45:00+00:00,2025-10-06 09:45:00+00:00,-1,0.25753,0.26815500549047017,0.23790815103576346,0.25791,tempo,-0.03576468740094509,-0.06729747110637485,384,96.0,0.010625005490470185
DOGE,2025-10-10 21:45:00+00:00,2025-10-10 21:45:00+00:00,2025-10-14 21:45:00+00:00,1,0.18453,0.15679122277960186,0.24922031019749002,0.2034,tempo,0.6802751199185396,0.671184794919838,384,96.0,0.027738777220398136
DOGE,2025-11-03 11:15:00+00:00,2025-11-03 11:15:00+00:00,2025-11-03 15:30:00+00:00,1,0.1733,0.16627202541056427,0.1866993855112175,0.16627202541056427,stop,-1.0,-1.0314061773713084,17,4.25,0.007027974589435743
DOGE,2025-11-03 17:00:00+00:00,2025-11-03 17:00:00+00:00,2025-11-04 06:00:00+00:00,1,0.1687,0.1608505250948716,0.18550968256393333,0.1608505250948716,stop,-1.0,-1.0272894485173416,52,13.0,0.007849474905128384
DOGE,2025-11-04 06:15:00+00:00,2025-11-04 06:15:00+00:00,2025-11-04 18:45:00+00:00,1,0.16452,0.15570878203941818,0.18234763106599405,0.15570878203941818,stop,-1.0,-1.0236231482703984,50,12.5,0.008811217960581819
DOGE,2025-11-04 18:45:00+00:00,2025-11-04 18:45:00+00:00,2025-11-07 17:45:00+00:00,1,0.15905,0.14948689860030445,0.17904029683588682,0.17904029683588682,alvo,2.090357092367884,2.0673772363820087,284,71.0,0.009563101399695545
DOGE,2025-11-21 12:45:00+00:00,2025-11-21 12:45:00+00:00,2025-11-25 12:45:00+00:00,1,0.13903,0.12954715920875984,0.15580271214105687,0.14966,tempo,1.120972104669262,1.101183888866531,384,96.0,0.009482840791240149
DOGE,2025-12-01 04:45:00+00:00,2025-12-01 04:45:00+00:00,2025-12-03 05:00:00+00:00,1,0.13727,0.13157155460698844,0.14919439668408088,0.14919439668408088,alvo,2.0925701417977387,2.059894237230327,193,48.25,0.005698445393011564
DOGE,2025-12-15 19:00:00+00:00,2025-12-15 19:00:00+00:00,2025-12-18 17:30:00+00:00,1,0.12831,0.12331427395214722,0.1381427049461196,0.12331427395214722,stop,-1.0,-1.032739140717933,282,70.5,0.004995726047852783
DOGE,2026-01-02 16:00:00+00:00,2026-01-02 16:00:00+00:00,2026-01-02 22:00:00+00:00,-1,0.13523,0.14112970209749212,0.12441721840537522,0.14112970209749212,stop,-1.0,-1.0304479452343414,24,6.0,0.005899702097492132
DOGE,2026-01-03 07:30:00+00:00,2026-01-03 07:30:00+00:00,2026-01-04 00:45:00+00:00,-1,0.13965,0.1460547244508516,0.12764714292860976,0.1460547244508516,stop,-1.0,-1.028995481744474,69,17.25,0.006404724450851607
DOGE,2026-01-05 06:30:00+00:00,2026-01-05 06:30:00+00:00,2026-01-06 14:30:00+00:00,-1,0.14982,0.15646675043580838,0.13739932403942567,0.15646675043580838,stop,-1.0,-1.0299524391213377,128,32.0,0.0066467504358083684
DOGE,2026-01-19 02:30:00+00:00,2026-01-19 02:30:00+00:00,2026-01-21 12:30:00+00:00,1,0.12711,0.12149544639743894,0.13886650088849528,0.12149544639743894,stop,-1.0,-1.0287811910967641,232,58.0,0.005614553602561065
DOGE,2026-01-21 12:45:00+00:00,2026-01-21 12:45:00+00:00,2026-01-25 12:45:00+00:00,1,0.1224,0.11776551120558264,0.1314496884427202,0.12297,tempo,0.12299091124928717,0.0885770833008584,384,96.0,0.004634488794417357
DOGE,2026-01-31 15:15:00+00:00,2026-01-31 15:15:00+00:00,2026-01-31 17:15:00+00:00,1,0.10764,0.10222837203467854,0.11903957371108116,0.10222837203467854,stop,-1.0,-1.0252076533525043,8,2.0,0.005411627965321464
DOGE,2026-01-31 23:30:00+00:00,2026-01-31 23:30:00+00:00,2026-02-04 23:30:00+00:00,1,0.10416,0.09819352330897987,0.11710622632270257,0.10414,tempo,-0.0033520620352220955,-0.026044683998159925,384,96.0,0.005966476691020128
DOGE,2026-02-05 20:45:00+00:00,2026-02-05 20:45:00+00:00,2026-02-06 00:15:00+00:00,1,0.09003,0.08278186080107525,0.1059149219397496,0.08278186080107525,stop,-1.0,-1.0154974547863764,14,3.5,0.007248139198924752
DOGE,2026-02-06 00:45:00+00:00,2026-02-06 00:45:00+00:00,2026-02-10 00:45:00+00:00,1,0.08702,0.07845082971706441,0.10484207620501859,0.09596,tempo,1.0432748684902284,1.029395228329868,384,96.0,0.008569170282935593
DOGE,2026-02-15 12:45:00+00:00,2026-02-15 12:45:00+00:00,2026-02-16 14:30:00+00:00,-1,0.11136,0.11822292618487072,0.09923864216991814,0.09923864216991814,alvo,1.766208393265736,1.7462622196186672,103,25.75,0.006862926184870721
DOGE,2026-04-29 13:30:00+00:00,2026-04-29 13:30:00+00:00,2026-05-03 13:30:00+00:00,-1,0.10671,0.11079937529911456,0.09919082251588544,0.10874,tempo,-0.4964083390535333,-0.5306537897047177,384,96.0,0.004089375299114559
DOGE,2026-06-02 23:15:00+00:00,2026-06-02 23:15:00+00:00,2026-06-04 01:30:00+00:00,1,0.09279,0.08928531276875953,0.09963100993965379,0.08928531276875953,stop,-1.0,-1.0337687632279258,105,26.25,0.0035046872312404637
DOGE,2026-06-04 02:30:00+00:00,2026-06-04 02:30:00+00:00,2026-06-05 06:15:00+00:00,1,0.08894,0.08475356636498808,0.09729672970629455,0.08475356636498808,stop,-1.0,-1.0269682569892025,111,27.75,0.004186433635011921
DOGE,2026-06-05 06:45:00+00:00,2026-06-05 06:45:00+00:00,2026-06-05 19:00:00+00:00,1,0.0843,0.07975523757590673,0.09416692483925525,0.07975523757590673,stop,-1.0,-1.0234634716787456,49,12.25,0.004544762424093268
DOGE,2026-06-05 20:15:00+00:00,2026-06-05 20:15:00+00:00,2026-06-09 20:15:00+00:00,1,0.08144,0.07642835957455804,0.09207078648212268,0.08535,tempo,0.780183666040883,0.7585513279645855,384,96.0,0.005011640425441957
DOGE,2026-06-23 08:45:00+00:00,2026-06-23 08:45:00+00:00,2026-06-24 14:00:00+00:00,1,0.07912,0.07671298999896764,0.083695884254159,0.07671298999896764,stop,-1.0,-1.0420818540246553,117,29.25,0.002407010001032356
DOGE,2026-06-24 21:00:00+00:00,2026-06-24 21:00:00+00:00,2026-06-25 14:00:00+00:00,1,0.07555,0.07277200705786492,0.08128610201858875,0.07277200705786492,stop,-1.0,-1.0347046614573163,68,17.0,0.002777992942135085
DOGE,2026-06-25 14:15:00+00:00,2026-06-25 14:15:00+00:00,2026-06-29 14:15:00+00:00,1,0.07356,0.06988555445477973,0.08014489668057269,0.07218,tempo,-0.3755668666243032,-0.4013478991186414,384,96.0,0.00367444554522027
DOGE,2026-08-19 15:45:00+00:00,2026-08-19 15:45:00+00:00,2026-08-19 21:15:00+00:00,-1,0.07307,0.07492357051239515,0.07012072181643268,0.07492357051239515,stop,-1.0,-1.0518975783169717,22,5.5,0.001853570512395153
DOGE,2026-08-19 22:15:00+00:00,2026-08-19 22:15:00+00:00,2026-08-20 10:30:00+00:00,-1,0.07508,0.07755417390201014,0.07040557711549908,0.07755417390201014,stop,-1.0,-1.0400991268058004,49,12.25,0.0024741739020101433
DOGE,2026-08-22 05:15:00+00:00,2026-08-22 05:15:00+00:00,2026-08-26 05:15:00+00:00,-1,0.09041,0.09921566038171985,0.07714854375594832,0.08621,tempo,0.476965930768693,0.4639285213043982,384,96.0,0.008805660381719843
LTC,2025-04-06 18:00:00+00:00,2025-04-06 18:00:00+00:00,2025-04-06 18:30:00+00:00,1,76.21,72.87420959207964,83.2861115993441,72.87420959207964,stop,-1.0,-1.0290500074599307,2,0.5,3.3357904079203564
LTC,2025-04-07 14:00:00+00:00,2025-04-07 14:00:00+00:00,2025-04-11 14:00:00+00:00,1,70.22,64.89361721813108,79.34006088854113,76.37,tempo,1.1546297462763464,1.136740776613042,384,96.0,5.326382781868915
LTC,2025-04-22 22:15:00+00:00,2025-04-22 22:15:00+00:00,2025-04-25 15:30:00+00:00,-1,83.89,87.19687025309706,77.98260803096943,87.19687025309706,stop,-1.0,-1.0336289171189472,261,65.25,3.3068702530970597
LTC,2025-05-09 08:45:00+00:00,2025-05-09 08:45:00+00:00,2025-05-10 00:15:00+00:00,-1,97.58,103.21468165713146,89.26205004558435,103.21468165713146,stop,-1.0,-1.0231630730925054,62,15.5,5.634681657131466
LTC,2025-05-10 02:00:00+00:00,2025-05-10 02:00:00+00:00,2025-05-14 02:00:00+00:00,-1,103.17,109.83714237582858,91.48643731931816,103.27,tempo,-0.014998929730755386,-0.03512539357926795,384,96.0,6.6671423758285755
LTC,2025-05-31 05:45:00+00:00,2025-05-31 05:45:00+00:00,2025-06-04 05:45:00+00:00,1,84.89,80.98749207163695,93.20921887281452,90.36,tempo,1.4016627513411486,1.3724731886058381,384,96.0,3.9025079283630504
LTC,2025-06-05 21:30:00+00:00,2025-06-05 21:30:00+00:00,2025-06-07 16:15:00+00:00,1,82.44,79.30892313879161,89.03548690501586,89.03548690501586,alvo,2.106459597568118,2.070861919379776,171,42.75,3.131076861208385
LTC,2025-06-13 01:45:00+00:00,2025-06-13 01:45:00+00:00,2025-06-17 01:45:00+00:00,1,82.44,79.07618288253293,89.36734353348277,87.24,tempo,1.4269503461039434,1.39416259452634,384,96.0,3.3638171174670646
LTC,2025-07-03 09:00:00+00:00,2025-07-03 09:00:00+00:00,2025-07-04 16:30:00+00:00,-1,90.77,93.5909968791531,85.81486921620008,85.81486921620008,alvo,1.7565176411281644,1.7158298382316974,126,31.5,2.8209968791530997
LTC,2025-07-11 00:30:00+00:00,2025-07-11 00:30:00+00:00,2025-07-11 13:15:00+00:00,-1,93.81,96.56116132816997,88.64870720175612,96.56116132816997,stop,-1.0,-1.0449778257626285,51,12.75,2.751161328169971
LTC,2025-07-11 16:45:00+00:00,2025-07-11 16:45:00+00:00,2025-07-15 16:45:00+00:00,-1,96.18,99.60966548931101,90.09245757872056,94.25,tempo,0.562737096668786,0.5266462591262401,384,96.0,3.429665489311006
LTC,2025-07-18 04:15:00+00:00,2025-07-18 04:15:00+00:00,2025-07-18 10:00:00+00:00,-1,106.51,111.9975691082796,96.57066079943644,111.9975691082796,stop,-1.0,-1.0258821195902732,23,5.75,5.487569108279601
LTC,2025-07-18 10:30:00+00:00,2025-07-18 10:30:00+00:00,2025-07-20 05:00:00+00:00,-1,108.88,115.13214823433213,97.5703447928878,115.13214823433213,stop,-1.0,-1.0232892584908249,170,42.5,6.2521482343321395
LTC,2025-07-20 06:30:00+00:00,2025-07-20 06:30:00+00:00,2025-07-24 06:30:00+00:00,-1,116.11,124.50223755849566,101.35528139798642,109.8,tempo,0.751885293524876,0.7343879933142369,384,96.0,8.392237558495665
LTC,2025-08-05 02:30:00+00:00,2025-08-05 02:30:00+00:00,2025-08-05 09:45:00+00:00,-1,120.95,126.95794905420718,110.89314670502337,126.95794905420718,stop,-1.0,-1.0268211606708604,29,7.25,6.007949054207174
LTC,2025-08-05 12:15:00+00:00,2025-08-05 12:15:00+00:00,2025-08-09 12:15:00+00:00,-1,124.52,131.37608787636054,112.52346084291315,125.0,tempo,-0.07001077125265857,-0.09366682743583793,384,96.0,6.856087876360547
LTC,2025-08-25 21:45:00+00:00,2025-08-25 21:45:00+00:00,2025-08-29 21:45:00+00:00,1,107.3,102.55209423434665,117.27471589606597,110.05,tempo,0.5792027339492872,0.5494469833145526,384,96.0,4.747905765653343
LTC,2025-09-22 13:15:00+00:00,2025-09-22 13:15:00+00:00,2025-09-25 12:30:00+00:00,1,106.35,102.65806236738841,113.85436831606184,102.65806236738841,stop,-1.0,-1.036797815688642,285,71.25,3.691937632611584
LTC,2025-10-02 13:45:00+00:00,2025-10-02 13:45:00+00:00,2025-10-03 19:00:00+00:00,-1,118.49,123.7704299738031,108.99688242732282,123.7704299738031,stop,-1.0,-1.0298212986942725,117,29.25,5.280429973803109
LTC,2025-10-03 20:15:00+00:00,2025-10-03 20:15:00+00:00,2025-10-07 20:15:00+00:00,-1,121.69,126.83603389789937,112.38357714769249,116.53,tempo,1.0027139545478558,0.972624179961799,384,96.0,5.146033897899372
LTC,2025-10-10 04:15:00+00:00,2025-10-10 04:15:00+00:00,2025-10-10 21:15:00+00:00,-1,130.78,137.6489898447874,118.26379410625913,118.26379410625913,alvo,1.8221319548519834,1.7985653941455484,68,17.0,6.868989844787393
LTC,2025-11-03 16:15:00+00:00,2025-11-03 16:15:00+00:00,2025-11-04 17:30:00+00:00,1,88.65,84.39764940791667,96.75488621852905,84.39764940791667,stop,-1.0,-1.0264514812876797,101,25.25,4.2523505920833315
LTC,2025-11-04 20:45:00+00:00,2025-11-04 20:45:00+00:00,2025-11-07 15:45:00+00:00,1,83.67,78.77189440440215,93.37198410254538,93.37198410254538,alvo,1.980762544454939,1.9572683001148252,268,67.0,4.898105595597855
LTC,2025-11-21 10:45:00+00:00,2025-11-21 10:45:00+00:00,2025-11-25 10:45:00+00:00,1,83.38,78.68233936268759,93.15584405707227,83.94,tempo,0.11920827050639939,0.09605674714258701,384,96.0,4.69766063731241
LTC,2025-12-01 01:15:00+00:00,2025-12-01 01:15:00+00:00,2025-12-01 15:45:00+00:00,1,78.76,75.58751755155338,84.7702868316204,75.58751755155338,stop,-1.0,-1.031623779812441,58,14.5,3.1724824484466296
LTC,2025-12-01 20:15:00+00:00,2025-12-01 20:15:00+00:00,2025-12-02 15:45:00+00:00,1,76.53,73.42003355112126,82.82124524320831,82.82124524320831,alvo,2.022930261989336,1.9896249800479733,78,19.5,3.109966448878737
LTC,2026-01-12 13:30:00+00:00,2026-01-12 13:30:00+00:00,2026-01-14 15:30:00+00:00,1,76.12,73.8118994401139,80.79659077817416,80.79659077817416,alvo,2.026164223280176,1.9819738678951204,200,50.0,2.3081005598860997
LTC,2026-01-31 15:00:00+00:00,2026-01-31 15:00:00+00:00,2026-01-31 17:15:00+00:00,1,60.31,57.31012971608093,66.65289376520731,57.31012971608093,stop,-1.0,-1.0254854633966284,9,2.25,2.9998702839190727
LTC,2026-01-31 21:45:00+00:00,2026-01-31 21:45:00+00:00,2026-02-04 21:45:00+00:00,1,58.87,55.611657059435274,65.87499313124249,58.54,tempo,-0.10127847375783101,-0.12470034843219328,384,96.0,3.2583429405647237
LTC,2026-02-05 20:45:00+00:00,2026-02-05 20:45:00+00:00,2026-02-06 00:15:00+00:00,1,51.46,47.70103292826895,59.6696358022824,47.70103292826895,stop,-1.0,-1.0171469103542035,14,3.5,3.7589670717310497
LTC,2026-02-06 00:45:00+00:00,2026-02-06 00:45:00+00:00,2026-02-10 00:45:00+00:00,1,49.7,44.896831276456126,59.122843573593734,54.29,tempo,0.9556191473143587,0.9415464582437719,384,96.0,4.803168723543877
LTC,2026-02-25 19:15:00+00:00,2026-02-25 19:15:00+00:00,2026-02-28 06:30:00+00:00,-1,57.8,60.28784074830055,53.13800237283431,53.13800237283431,alvo,1.8739132037893904,1.8449283495170257,237,59.25,2.487840748300556
LTC,2026-05-18 02:00:00+00:00,2026-05-18 02:00:00+00:00,2026-05-22 02:00:00+00:00,1,54.02,52.63763433301727,56.836612034333776,54.25,tempo,0.1663814470320387,0.11547197952941522,384,96.0,1.3823656669827358
LTC,2026-06-02 17:30:00+00:00,2026-06-02 17:30:00+00:00,2026-06-02 23:00:00+00:00,1,48.41,47.01147558629996,51.31678849418246,47.01147558629996,stop,-1.0,-1.0443495719656404,22,5.5,1.3985244137000379
LTC,2026-06-03 02:00:00+00:00,2026-06-03 02:00:00+00:00,2026-06-04 01:30:00+00:00,1,47.55,45.94571172483037,50.88781643344493,45.94571172483037,stop,-1.0,-1.0378811050119492,94,23.5,1.6042882751696297
LTC,2026-06-04 03:15:00+00:00,2026-06-04 03:15:00+00:00,2026-06-05 06:00:00+00:00,1,46.39,44.4729969567507,49.831604344508634,44.4729969567507,stop,-1.0,-1.0308090006585384,107,26.75,1.9170030432493022
LTC,2026-06-05 07:30:00+00:00,2026-06-05 07:30:00+00:00,2026-06-06 04:30:00+00:00,1,43.62,41.338901019184,48.406672956611054,41.338901019184,stop,-1.0,-1.0242090703327196,84,21.0,2.2810989808159974
LTC,2026-06-06 05:45:00+00:00,2026-06-06 05:45:00+00:00,2026-06-10 05:45:00+00:00,1,41.78,39.31735510320873,46.96114473575172,42.38,tempo,0.2436404862031787,0.22142697094108096,384,96.0,2.462644896791268
LTC,2026-06-24 20:15:00+00:00,2026-06-24 20:15:00+00:00,2026-06-28 20:15:00+00:00,1,40.52,39.08203045361074,43.44453796772766,42.53,tempo,1.3978042894212215,1.360263508299987,384,96.0,1.4379695463892617
LTC,2026-08-19 22:15:00+00:00,2026-08-19 22:15:00+00:00,2026-08-20 15:00:00+00:00,-1,46.69,47.76314519522765,44.65454801612985,47.76314519522765,stop,-1.0,-1.057209914045111,67,16.75,1.073145195227653
LTC,2026-08-20 23:00:00+00:00,2026-08-20 23:00:00+00:00,2026-08-21 07:15:00+00:00,-1,47.82,49.046216417271346,45.46895650733869,49.046216417271346,stop,-1.0,-1.0513474128908955,33,8.25,1.2262164172713454
LTC,2026-08-22 05:15:00+00:00,2026-08-22 05:15:00+00:00,2026-08-26 05:15:00+00:00,-1,51.9,55.14748842489646,47.436500658828194,50.0,tempo,0.5850675203132022,0.5646717586248101,384,96.0,3.24748842489646
LTC,2026-09-05 07:45:00+00:00,2026-09-05 07:45:00+00:00,2026-09-07 00:45:00+00:00,-1,54.04,56.07554118824307,50.25907689037923,56.07554118824307,stop,-1.0,-1.0351626890115333,164,41.0,2.035541188243073
LTC,2026-09-07 13:45:00+00:00,2026-09-07 13:45:00+00:00,2026-09-09 22:15:00+00:00,-1,57.61,60.52277202440169,52.558895086356415,52.558895086356415,alvo,1.7341229836485839,1.7095382302912245,226,56.5,2.91277202440169
LINK,2025-04-07 01:30:00+00:00,2025-04-07 01:30:00+00:00,2025-04-07 06:30:00+00:00,1,11.448,10.762344073283936,12.846560748150576,10.762344073283936,stop,-1.0,-1.021055347274221,20,5.0,0.6856559267160645
LINK,2025-04-07 10:30:00+00:00,2025-04-07 10:30:00+00:00,2025-04-09 18:00:00+00:00,1,10.832,10.044606640054964,12.581304802588402,12.581304802588402,alvo,2.2216402773710326,2.2023123926111907,222,55.5,0.7873933599450371
LINK,2025-04-23 15:30:00+00:00,2025-04-23 15:30:00+00:00,2025-04-27 15:30:00+00:00,-1,14.645,15.379735668101128,13.401918666258643,14.416,tempo,0.3116767157797486,0.2859672656739453,384,96.0,0.7347356681011288
LINK,2025-05-08 16:00:00+00:00,2025-05-08 16:00:00+00:00,2025-05-08 21:00:00+00:00,-1,15.219,15.866225232043746,14.087544753339147,15.866225232043746,stop,-1.0,-1.0312184930383905,20,5.0,0.6472252320437466
LINK,2025-05-09 04:45:00+00:00,2025-05-09 04:45:00+00:00,2025-05-09 08:30:00+00:00,-1,15.604,16.28594476164629,14.336934637139914,16.28594476164629,stop,-1.0,-1.0303961042900736,15,3.75,0.6819447616462924
LINK,2025-05-09 09:30:00+00:00,2025-05-09 09:30:00+00:00,2025-05-10 16:45:00+00:00,-1,15.924,16.728597342992742,14.436584164862422,16.728597342992742,stop,-1.0,-1.0263786457385016,125,31.25,0.8045973429927429
LINK,2025-05-10 18:00:00+00:00,2025-05-10 18:00:00+00:00,2025-05-12 07:15:00+00:00,-1,16.691,17.586871809152402,15.069203994067678,17.586871809152402,stop,-1.0,-1.0248703178829002,149,37.25,0.8958718091524034
LINK,2025-05-12 07:45:00+00:00,2025-05-12 07:45:00+00:00,2025-05-15 21:30:00+00:00,-1,17.639,18.680472687943986,15.818402521215637,15.818402521215637,alvo,1.7480991099041467,1.7272178022226918,343,85.75,1.0414726879439868
LINK,2025-05-31 00:45:00+00:00,2025-05-31 00:45:00+00:00,2025-06-04 00:45:00+00:00,1,13.879,13.14080900376069,15.267594139247832,14.096,tempo,0.29396186231679905,0.2693290097181673,384,96.0,0.7381909962393092
LINK,2025-06-05 21:30:00+00:00,2025-06-05 21:30:00+00:00,2025-06-09 16:45:00+00:00,1,12.81,12.215973272219758,14.081074315612312,14.081074315612312,alvo,2.1397594690091783,2.110334533248351,365,91.25,0.5940267277802427
LINK,2025-06-10 13:30:00+00:00,2025-06-10 13:30:00+00:00,2025-06-12 20:45:00+00:00,-1,15.199,15.876287860951804,13.973892105803584,13.973892105803584,alvo,1.8088437204156467,1.7808462012483546,221,55.25,0.6772878609518038
LINK,2025-06-13 03:00:00+00:00,2025-06-13 03:00:00+00:00,2025-06-17 03:00:00+00:00,1,12.929,12.210331696909487,14.367863248528032,13.695,tempo,1.0658602817265548,1.0417801881345874,384,96.0,0.7186683030905137
LINK,2025-06-22 00:00:00+00:00,2025-06-22 00:00:00+00:00,2025-06-22 13:30:00+00:00,1,12.017,11.448268237835114,12.950993342659544,11.448268237835114,stop,-1.0,-1.0268183093846108,54,13.5,0.5687317621648855
LINK,2025-06-22 14:00:00+00:00,2025-06-22 14:00:00+00:00,2025-06-23 22:30:00+00:00,1,11.522,10.90143987465602,12.756223096239312,12.756223096239312,alvo,1.9888855984022098,1.9634555967503826,130,32.5,0.6205601253439799
LINK,2025-07-11 16:00:00+00:00,2025-07-11 16:00:00+00:00,2025-07-14 03:45:00+00:00,-1,15.484,16.185610753196965,14.1721004661124,16.185610753196965,stop,-1.0,-1.029339982170711,239,59.75,0.7016107531969649
LINK,2025-07-14 04:00:00+00:00,2025-07-14 04:00:00+00:00,2025-07-16 18:00:00+00:00,-1,16.152,16.894661498633635,14.873183229109358,16.894661498633635,stop,-1.0,-1.0289234462990635,248,62.0,0.742661498633634
LINK,2025-07-18 11:30:00+00:00,2025-07-18 11:30:00+00:00,2025-07-20 09:45:00+00:00,-1,18.294,19.381762470614834,16.3985669011866,19.381762470614834,stop,-1.0,-1.0225134128704199,185,46.25,1.0877624706148339
LINK,2025-07-20 11:00:00+00:00,2025-07-20 11:00:00+00:00,2025-07-24 06:45:00+00:00,-1,19.324,20.477439717811688,17.28833362570712,17.28833362570712,alvo,1.7648658554562007,1.7442336399279723,367,91.75,1.1534397178116862
LINK,2025-08-08 15:30:00+00:00,2025-08-08 15:30:00+00:00,2025-08-09 02:00:00+00:00,-1,19.207,20.240080512112876,17.305404518269597,20.240080512112876,stop,-1.0,-1.0248195586232023,42,10.5,1.0330805121128748
LINK,2025-08-10 12:00:00+00:00,2025-08-10 12:00:00+00:00,2025-08-12 14:15:00+00:00,-1,21.568,22.985447980693348,19.0021802226874,22.985447980693348,stop,-1.0,-1.0204309022848832,201,50.25,1.4174479806933462
LINK,2025-08-12 17:30:00+00:00,2025-08-12 17:30:00+00:00,2025-08-16 17:30:00+00:00,-1,23.554,25.266575421023795,20.489575097943757,22.022,tempo,0.894559142442996,0.8772609845713326,384,96.0,1.7125754210237965
LINK,2025-08-17 19:00:00+00:00,2025-08-17 19:00:00+00:00,2025-08-21 19:00:00+00:00,-1,25.673,27.385933154752117,22.594828924585286,25.043,tempo,0.3677901839031001,0.3485451830643076,384,96.0,1.7129331547521183
LINK,2025-09-22 12:30:00+00:00,2025-09-22 12:30:00+00:00,2025-09-25 12:30:00+00:00,1,21.399,20.488690828296505,23.2474299108338,20.488690828296505,stop,-1.0,-1.0299096173967377,288,72.0,0.9103091717034957
LINK,2025-09-25 18:15:00+00:00,2025-09-25 18:15:00+00:00,2025-09-29 18:15:00+00:00,1,20.067,19.137061978232776,21.989296517061018,21.429,tempo,1.4646137356677784,1.4356092220672456,384,96.0,0.9299380217672244
LINK,2025-10-10 21:45:00+00:00,2025-10-10 21:45:00+00:00,2025-10-14 21:45:00+00:00,1,16.259,12.18242795397995,22.029773433975052,18.966,tempo,0.6640383070484035,0.6584217621323499,384,96.0,4.0765720460200505
LINK,2025-11-04 06:15:00+00:00,2025-11-04 06:15:00+00:00,2025-11-04 20:30:00+00:00,1,15.003,14.063822067325404,16.836964163100745,14.063822067325404,stop,-1.0,-1.020116991345779,57,14.25,0.9391779326745961
LINK,2025-11-04 20:30:00+00:00,2025-11-04 20:30:00+00:00,2025-11-08 20:30:00+00:00,1,14.292,13.301641759898391,16.43735393664748,15.351,tempo,1.0693100305717154,1.0498544949687367,384,96.0,0.9903582401016084
LINK,2025-11-21 12:45:00+00:00,2025-11-21 12:45:00+00:00,2025-11-25 12:45:00+00:00,1,12.061,11.215568215003364,13.5303954792725,12.897,tempo,0.9888438249377229,0.9696551685755014,384,96.0,0.8454317849966362
LINK,2025-12-01 17:15:00+00:00,2025-12-01 17:15:00+00:00,2025-12-02 15:15:00+00:00,1,11.795,11.274981255827694,12.887323043357508,12.887323043357508,alvo,2.1005455199429712,2.0696937282374277,88,22.0,0.5200187441723063
LINK,2025-12-03 05:15:00+00:00,2025-12-03 05:15:00+00:00,2025-12-04 00:45:00+00:00,-1,14.127,14.832855936701037,12.82813875078931,14.832855936701037,stop,-1.0,-1.0266681986792279,78,19.5,0.7058559367010364
LINK,2025-12-04 03:15:00+00:00,2025-12-04 03:15:00+00:00,2025-12-07 15:00:00+00:00,-1,14.675,15.479267092380159,13.257664311314059,13.257664311314059,alvo,1.7622699002783524,1.739695021889853,335,83.75,0.804267092380158
LINK,2026-01-02 17:15:00+00:00,2026-01-02 17:15:00+00:00,2026-01-05 01:45:00+00:00,-1,13.297,13.716900461258975,12.498884797686893,13.716900461258975,stop,-1.0,-1.0418171374405536,226,56.5,0.4199004612589743
LINK,2026-01-05 02:15:00+00:00,2026-01-05 02:15:00+00:00,2026-01-06 14:30:00+00:00,-1,13.703,14.136389135746242,12.952218618073717,14.136389135746242,stop,-1.0,-1.0417537068784077,145,36.25,0.4333891357462427
LINK,2026-01-20 17:00:00+00:00,2026-01-20 17:00:00+00:00,2026-01-24 17:00:00+00:00,1,12.312,11.864040269219831,13.253003932630604,12.166,tempo,-0.32592215319382617,-0.36144030115835385,384,96.0,0.44795973078016793
LINK,2026-01-25 21:15:00+00:00,2026-01-25 21:15:00+00:00,2026-01-29 15:15:00+00:00,1,11.5,11.102314736371435,12.338361194052085,11.102314736371435,stop,-1.0,-1.0369425420610083,360,90.0,0.39768526362856527
LINK,2026-01-29 15:30:00+00:00,2026-01-29 15:30:00+00:00,2026-01-30 01:45:00+00:00,1,11.047,10.608700507445466,11.954494749957995,10.608700507445466,stop,-1.0,-1.0321154953837601,41,10.25,0.4382994925545347
LINK,2026-01-31 23:30:00+00:00,2026-01-31 23:30:00+00:00,2026-02-01 23:15:00+00:00,1,9.983,9.380573986219394,11.14534951310509,9.380573986219394,stop,-1.0,-1.020892728406689,95,23.75,0.6024260137806063
LINK,2026-02-01 23:45:00+00:00,2026-02-01 23:45:00+00:00,2026-02-05 11:30:00+00:00,1,9.503,8.905729292109752,10.717524760306537,8.905729292109752,stop,-1.0,-1.0200339207695919,335,83.75,0.5972707078902477
LINK,2026-02-05 21:30:00+00:00,2026-02-05 21:30:00+00:00,2026-02-06 00:15:00+00:00,1,8.112,7.438171845138307,9.626248943981498,7.438171845138307,stop,-1.0,-1.015000281045565,11,2.75,0.6738281548616927
LINK,2026-02-06 00:45:00+00:00,2026-02-06 00:45:00+00:00,2026-02-10 00:45:00+00:00,1,7.892,7.0953218522813435,9.540556326834881,8.804,tempo,1.1447533770212917,1.1311313139195527,384,96.0,0.7966781477186569
LINK,2026-02-25 16:45:00+00:00,2026-02-25 16:45:00+00:00,2026-02-28 06:30:00+00:00,-1,9.382,9.843153359975988,8.541916418653424,8.541916418653424,alvo,1.8217010961176099,1.796437167274651,247,61.75,0.46115335997598805
LINK,2026-03-16 22:30:00+00:00,2026-03-16 22:30:00+00:00,2026-03-18 14:45:00+00:00,-1,9.966,10.387305160111524,9.257128263781224,9.257128263781224,alvo,1.682561248552305,1.6529033317868178,161,40.25,0.4213051601115243
LINK,2026-05-06 13:30:00+00:00,2026-05-06 13:30:00+00:00,2026-05-08 18:15:00+00:00,-1,10.026,10.349139216837111,9.453978115318723,10.349139216837111,stop,-1.0,-1.040984937144352,211,52.75,0.3231392168371112
LINK,2026-05-08 18:45:00+00:00,2026-05-08 18:45:00+00:00,2026-05-10 17:30:00+00:00,-1,10.385,10.740743703412534,9.715345764034426,10.740743703412534,stop,-1.0,-1.0386000743667254,187,46.75,0.3557437034125339
LINK,2026-05-10 20:45:00+00:00,2026-05-10 20:45:00+00:00,2026-05-12 15:30:00+00:00,-1,10.622,10.967518104271676,10.09558265711616,10.09558265711616,alvo,1.5235593631004776,1.4845847665145429,171,42.75,0.34551810427167595
LINK,2026-06-02 23:45:00+00:00,2026-06-02 23:45:00+00:00,2026-06-04 02:15:00+00:00,1,8.343,7.996889238583257,9.023357565201081,7.996889238583257,stop,-1.0,-1.0306865003607637,106,26.5,0.34611076141674335
LINK,2026-06-04 11:30:00+00:00,2026-06-04 11:30:00+00:00,2026-06-05 06:30:00+00:00,1,7.876,7.458068861375461,8.718244061598455,7.458068861375461,stop,-1.0,-1.0238487727731824,76,19.0,0.4179311386245397
LINK,2026-06-05 07:30:00+00:00,2026-06-05 07:30:00+00:00,2026-06-06 04:30:00+00:00,1,7.532,7.077330108369943,8.511345487517852,7.077330108369943,stop,-1.0,-1.0208856243733133,84,21.0,0.4546698916300569
LINK,2026-06-06 05:30:00+00:00,2026-06-06 05:30:00+00:00,2026-06-10 05:30:00+00:00,1,7.212,6.728109706951724,8.19473030530406,7.697,tempo,1.0022933027747543,0.9822663459640435,384,96.0,0.483890293048276
LINK,2026-06-24 18:30:00+00:00,2026-06-24 18:30:00+00:00,2026-06-28 18:30:00+00:00,1,7.234,6.954758460934434,7.7934840597386215,7.23,tempo,-0.014324516378848472,-0.047992859675697636,384,96.0,0.27924153906556626
LINK,2026-07-04 18:30:00+00:00,2026-07-04 18:30:00+00:00,2026-07-08 08:30:00+00:00,-1,8.095,8.373429051621509,7.639079413871714,7.639079413871714,alvo,1.637474909579685,1.6007432841998763,344,86.0,0.278429051621508
LINK,2026-08-15 08:00:00+00:00,2026-08-15 08:00:00+00:00,2026-08-19 03:30:00+00:00,-1,9.336,9.666129820082874,8.719867800197939,9.666129820082874,stop,-1.0,-1.0374137191846324,366,91.5,0.33012982008287395
LINK,2026-08-19 16:45:00+00:00,2026-08-19 16:45:00+00:00,2026-08-19 20:45:00+00:00,-1,9.972,10.321355838226554,9.339160544071063,10.321355838226554,stop,-1.0,-1.037757151452821,16,4.0,0.349355838226554
LINK,2026-08-20 21:30:00+00:00,2026-08-20 21:30:00+00:00,2026-08-21 03:45:00+00:00,-1,10.55,11.012350342820458,9.730613572143563,11.012350342820458,stop,-1.0,-1.0303136527104857,25,6.25,0.46235034282045717
LINK,2026-08-22 05:15:00+00:00,2026-08-22 05:15:00+00:00,2026-08-26 05:15:00+00:00,-1,11.698,12.655372035844085,10.354212590394866,11.32,tempo,0.3948308346678724,0.3792029497497499,384,96.0,0.9573720358440845
LINK,2026-09-06 21:30:00+00:00,2026-09-06 21:30:00+00:00,2026-09-07 06:15:00+00:00,-1,12.967,13.62189518675627,11.769593029318619,13.62189518675627,stop,-1.0,-1.026390149478719,35,8.75,0.6548951867562689
LINK,2026-09-07 07:30:00+00:00,2026-09-07 07:30:00+00:00,2026-09-09 10:30:00+00:00,-1,13.253,13.992907554601206,11.94673179712729,11.94673179712729,alvo,1.7654478518965242,1.7433101867702894,204,51.0,0.7399075546012064
DOT,2025-04-06 23:45:00+00:00,2025-04-06 23:45:00+00:00,2025-04-07 03:45:00+00:00,1,3.677,3.508216855539725,3.9981665859860467,3.508216855539725,stop,-1.0,-1.0276709559537804,16,4.0,0.1687831444602752
DOT,2025-04-07 10:15:00+00:00,2025-04-07 10:15:00+00:00,2025-04-11 10:15:00+00:00,1,3.446,3.2260189905742784,3.923782560098161,3.507,tempo,0.2772966637404083,0.2567519357577593,384,96.0,0.21998100942572174
DOT,2025-04-23 09:30:00+00:00,2025-04-23 09:30:00+00:00,2025-04-25 01:15:00+00:00,-1,4.164,4.346039436078213,3.825649304885767,4.346039436078213,stop,-1.0,-1.030386413804722,159,39.75,0.18203943607821316
DOT,2025-04-25 01:30:00+00:00,2025-04-25 01:30:00+00:00,2025-04-29 01:30:00+00:00,-1,4.329,4.53805062693306,3.9467853354146047,4.277,tempo,0.24874357356818816,0.2219849836415901,384,96.0,0.20905062693306053
DOT,2025-05-11 06:00:00+00:00,2025-05-11 06:00:00+00:00,2025-05-15 06:00:00+00:00,-1,5.114,5.4466010395568585,4.512649873966287,4.854,tempo,0.781717340229637,0.7622369441111144,384,96.0,0.3326010395568586
DOT,2025-05-31 00:45:00+00:00,2025-05-31 00:45:00+00:00,2025-06-04 00:45:00+00:00,1,4.031,3.8227697146143704,4.431064220170212,4.134,tempo,0.4946446661649202,0.4691572593250779,384,96.0,0.20823028538562927
DOT,2025-06-05 21:30:00+00:00,2025-06-05 21:30:00+00:00,2025-06-08 17:15:00+00:00,1,3.778,3.619810864200958,4.109727606241542,4.109727606241542,alvo,2.0970315348517814,2.06462082018317,271,67.75,0.15818913579904192
DOT,2025-06-13 03:15:00+00:00,2025-06-13 03:15:00+00:00,2025-06-17 03:15:00+00:00,1,3.735,3.563050562780533,4.094282949964968,3.888,tempo,0.889796456877722,0.8609801369168968,384,96.0,0.17194943721946698
DOT,2025-06-20 17:45:00+00:00,2025-06-20 17:45:00+00:00,2025-06-21 21:45:00+00:00,1,3.386,3.2399898366876427,3.683845202566949,3.2399898366876427,stop,-1.0,-1.029497216468646,112,28.0,0.1460101633123574
DOT,2025-06-21 22:30:00+00:00,2025-06-21 22:30:00+00:00,2025-06-22 13:30:00+00:00,1,3.306,3.1692799498985402,3.5936596869572046,3.1692799498985402,stop,-1.0,-1.0307850382172228,60,15.0,0.13672005010145982
DOT,2025-06-22 15:00:00+00:00,2025-06-22 15:00:00+00:00,2025-06-22 20:15:00+00:00,1,3.227,3.0621444608566404,3.5231742257533627,3.0621444608566404,stop,-1.0,-1.024797127963058,21,5.25,0.1648555391433595
DOT,2025-06-22 21:00:00+00:00,2025-06-22 21:00:00+00:00,2025-06-24 16:45:00+00:00,1,3.106,2.9292987317092902,3.4906879881199764,3.4906879881199764,alvo,2.1770527842906384,2.1527867038388355,175,43.75,0.17670126829070965
DOT,2025-07-10 18:15:00+00:00,2025-07-10 18:15:00+00:00,2025-07-10 22:30:00+00:00,-1,3.735,3.8737561511285517,3.4803668023473304,3.8737561511285517,stop,-1.0,-1.0356430432669725,17,4.25,0.13875615112855177
DOT,2025-07-11 21:15:00+00:00,2025-07-11 21:15:00+00:00,2025-07-14 04:30:00+00:00,-1,3.976,4.17106774454267,3.6233642289991064,4.17106774454267,stop,-1.0,-1.0271474612390075,221,55.25,0.19506774454267006
DOT,2025-07-18 06:30:00+00:00,2025-07-18 06:30:00+00:00,2025-07-22 06:30:00+00:00,-1,4.52,4.792376258164417,4.0585906617989576,4.397,tempo,0.45158120912929034,0.43030163785145426,384,96.0,0.27237625816441735
DOT,2025-08-09 05:45:00+00:00,2025-08-09 05:45:00+00:00,2025-08-12 17:15:00+00:00,-1,4.07,4.23286795580155,3.770143690322186,4.23286795580155,stop,-1.0,-1.0331364395452163,334,83.5,0.16286795580154934
DOT,2025-09-13 06:45:00+00:00,2025-09-13 06:45:00+00:00,2025-09-13 13:00:00+00:00,-1,4.449,4.618176493192378,4.139035738701504,4.618176493192378,stop,-1.0,-1.034837373735328,25,6.25,0.16917649319237782
DOT,2025-09-13 15:45:00+00:00,2025-09-13 15:45:00+00:00,2025-09-15 08:15:00+00:00,-1,4.514,4.696403730048532,4.184977020471034,4.184977020471034,alvo,1.8038171666852656,1.7728181566222492,162,40.5,0.18240373004853172
DOT,2025-09-19 01:45:00+00:00,2025-09-19 01:45:00+00:00,2025-09-19 23:30:00+00:00,-1,4.745,4.972722537599818,4.324950747625611,4.324950747625611,alvo,1.8445660091516793,1.8186771882730148,87,21.75,0.22772253759981798
DOT,2025-10-10 21:30:00+00:00,2025-10-10 21:30:00+00:00,2025-10-14 21:30:00+00:00,1,2.108,1.4802062285384865,4.124190671470087,3.231,tempo,1.7888039847634016,1.7832761344441463,384,96.0,0.6277937714615136
DOT,2025-11-03 16:15:00+00:00,2025-11-03 16:15:00+00:00,2025-11-04 17:30:00+00:00,1,2.625,2.4755383204785377,2.93026619545271,2.4755383204785377,stop,-1.0,-1.0221819393367313,101,25.25,0.14946167952146228
DOT,2025-11-04 20:45:00+00:00,2025-11-04 20:45:00+00:00,2025-11-07 01:30:00+00:00,1,2.47,2.305050497438165,2.8045006430657344,2.8045006430657344,alvo,2.027897252617289,2.007112555696439,211,52.75,0.16494950256183527
DOT,2025-11-07 20:30:00+00:00,2025-11-07 20:30:00+00:00,2025-11-08 02:45:00+00:00,-1,3.224,3.5088390502535898,2.7436596556199397,3.5088390502535898,stop,-1.0,-1.0153642745921552,25,6.25,0.2848390502535896
DOT,2025-11-08 06:00:00+00:00,2025-11-08 06:00:00+00:00,2025-11-12 06:00:00+00:00,-1,3.328,3.6434373384171623,2.8118204552050057,3.084,tempo,0.7735292252476224,0.7603164584239049,384,96.0,0.3154373384171625
DOT,2025-11-21 10:15:00+00:00,2025-11-21 10:15:00+00:00,2025-11-25 10:15:00+00:00,1,2.378,2.221251919239885,2.713000527875134,2.262,tempo,-0.7400409589545462,-0.7592820238873644,384,96.0,0.15674808076011493
DOT,2025-12-01 20:15:00+00:00,2025-12-01 20:15:00+00:00,2025-12-02 15:45:00+00:00,1,2.017,1.9167693262617571,2.2289886378237678,2.2289886378237678,alvo,2.1150076111169955,2.087472201928856,78,19.5,0.10023067373824279
DOT,2025-12-15 18:45:00+00:00,2025-12-15 18:45:00+00:00,2025-12-18 17:30:00+00:00,1,1.847,1.7575163645968326,2.0351606814330703,1.7575163645968326,stop,-1.0,-1.0261828392021834,283,70.75,0.0894836354031674
DOT,2026-01-02 02:30:00+00:00,2026-01-02 02:30:00+00:00,2026-01-02 19:30:00+00:00,-1,1.989,2.0727024409384445,1.8316927559492888,2.0727024409384445,stop,-1.0,-1.0315415722290768,68,17.0,0.08370244093844437
DOT,2026-01-03 20:15:00+00:00,2026-01-03 20:15:00+00:00,2026-01-05 22:30:00+00:00,-1,2.127,2.2250890153330287,1.944349802176484,2.2250890153330287,stop,-1.0,-1.028839700861121,201,50.25,0.09808901533302894
DOT,2026-01-31 15:15:00+00:00,2026-01-31 15:15:00+00:00,2026-01-31 17:15:00+00:00,1,1.578,1.487377263948359,1.7744028658713387,1.487377263948359,stop,-1.0,-1.0219867034298216,8,2.0,0.09062273605164117
DOT,2026-01-31 23:30:00+00:00,2026-01-31 23:30:00+00:00,2026-02-03 18:30:00+00:00,1,1.548,1.4476343451616553,1.7432365019585696,1.4476343451616553,stop,-1.0,-1.0194006837049119,268,67.0,0.1003656548383447
DOT,2026-02-05 15:45:00+00:00,2026-02-05 15:45:00+00:00,2026-02-05 20:30:00+00:00,1,1.338,1.2359995871088352,1.532720140557425,1.2359995871088352,stop,-1.0,-1.0164028721472524,19,4.75,0.1020004128911649
DOT,2026-02-05 22:30:00+00:00,2026-02-05 22:30:00+00:00,2026-02-06 00:15:00+00:00,1,1.278,1.1714079613447785,1.5090580660695947,1.1714079613447785,stop,-1.0,-1.014936529922501,7,1.75,0.10659203865522149
DOT,2026-02-06 00:45:00+00:00,2026-02-06 00:45:00+00:00,2026-02-10 00:45:00+00:00,1,1.219,1.0933901379828588,1.4993987539558369,1.313,tempo,0.7483488835229529,0.7352464091346329,384,96.0,0.1256098620171413
DOT,2026-02-26 06:00:00+00:00,2026-02-26 06:00:00+00:00,2026-03-02 06:00:00+00:00,-1,1.586,1.7152916276976364,1.3561721012223034,1.539,tempo,0.36351928455812443,0.34780867718028,384,96.0,0.12929162769763636
DOT,2026-03-16 09:30:00+00:00,2026-03-16 09:30:00+00:00,2026-03-20 09:30:00+00:00,-1,1.613,1.69248643337937,1.4684002611723543,1.522,tempo,1.1448494558269875,1.119213005512576,384,96.0,0.07948643337937011
DOT,2026-06-05 07:30:00+00:00,2026-06-05 07:30:00+00:00,2026-06-05 19:30:00+00:00,1,0.982,0.909600225116597,1.110340521526497,0.909600225116597,stop,-1.0,-1.0169826515110842,48,12.0,0.07239977488340299
DOT,2026-06-05 19:30:00+00:00,2026-06-05 19:30:00+00:00,2026-06-09 19:30:00+00:00,1,0.929,0.8560501139159429,1.0873244703459108,0.961,tempo,0.43865729910979745,0.42181697123616035,384,96.0,0.07294988608405717
DOT,2026-06-24 17:15:00+00:00,2026-06-24 17:15:00+00:00,2026-06-25 14:00:00+00:00,1,0.857,0.820148920559566,0.9383154881332586,0.820148920559566,stop,-1.0,-1.0295824929667483,83,20.75,0.036851079440433976
DOT,2026-06-25 14:15:00+00:00,2026-06-25 14:15:00+00:00,2026-06-28 14:00:00+00:00,1,0.846,0.7977663044538351,0.922740282001746,0.7977663044538351,stop,-1.0,-1.0221514873740574,287,71.75,0.048233695546164856
DOT,2026-07-28 01:30:00+00:00,2026-07-28 01:30:00+00:00,2026-08-01 01:30:00+00:00,1,0.7585,0.7317180814860157,0.8148034335134252,0.7611,tempo,0.09708042381812373,0.06019957080961919,384,96.0,0.02678191851398426
DOT,2026-08-04 03:15:00+00:00,2026-08-04 03:15:00+00:00,2026-08-04 22:30:00+00:00,-1,0.8396,0.8655369572140226,0.7908929537958252,0.8655369572140226,stop,-1.0,-1.0427320372641824,77,19.25,0.02593695721402256
DOT,2026-08-05 00:00:00+00:00,2026-08-05 00:00:00+00:00,2026-08-07 17:15:00+00:00,-1,0.8563,0.884540317250913,0.8030892337928396,0.8030892337928396,alvo,1.8842127634185848,1.8460190351972605,261,65.25,0.028240317250913027
DOT,2026-08-20 18:45:00+00:00,2026-08-20 18:45:00+00:00,2026-08-21 07:45:00+00:00,-1,0.8309,0.8618522376292745,0.7752185323541381,0.8618522376292745,stop,-1.0,-1.0355479615928762,52,13.0,0.03095223762927457
DOT,2026-08-22 08:00:00+00:00,2026-08-22 08:00:00+00:00,2026-08-26 08:00:00+00:00,-1,0.9471,1.0164119682410737,0.8262141006343449,0.8551,tempo,1.327332094798048,1.310431261800121,384,96.0,0.06931196824107366
DOT,2026-09-06 12:45:00+00:00,2026-09-06 12:45:00+00:00,2026-09-07 01:00:00+00:00,-1,0.9761,1.0280739315766567,0.8873935749667705,1.0280739315766567,stop,-1.0,-1.0250647394954804,49,12.25,0.05197393157665675
DOT,2026-09-07 01:30:00+00:00,2026-09-07 01:30:00+00:00,2026-09-07 14:00:00+00:00,-1,0.999,1.0574785186970137,0.9009901791809264,1.0574785186970137,stop,-1.0,-1.0228581548735658,50,12.5,0.058478518697013704
DOT,2026-09-07 20:00:00+00:00,2026-09-07 20:00:00+00:00,2026-09-08 15:00:00+00:00,-1,1.0597,1.1338713385959334,0.9273004802059178,1.1338713385959334,stop,-1.0,-1.0192233468760066,76,19.0,0.07417133859593328
DOT,2026-09-09 06:45:00+00:00,2026-09-09 06:45:00+00:00,2026-09-10 00:00:00+00:00,-1,1.1801,1.2787871921099994,1.0070243975069184,1.1214,fim_dados,0.5948086954847328,0.5796499401486549,69,17.25,0.09868719210999943
AVAX,2025-04-06 19:30:00+00:00,2025-04-06 19:30:00+00:00,2025-04-07 03:45:00+00:00,1,16.375,15.496073413819815,18.240485682969013,15.496073413819815,stop,-1.0,-1.023569884043462,33,8.25,0.8789265861801852
AVAX,2025-04-07 04:30:00+00:00,2025-04-07 04:30:00+00:00,2025-04-07 07:00:00+00:00,1,15.878,14.862056804531559,17.95804627958981,14.862056804531559,stop,-1.0,-1.0196674745321095,10,2.5,1.0159431954684415
AVAX,2025-04-07 08:45:00+00:00,2025-04-07 08:45:00+00:00,2025-04-09 17:30:00+00:00,1,15.381,14.283252886186029,17.7907618157674,17.7907618157674,alvo,2.195188477786121,2.175546754379228,227,56.75,1.0977471138139716
AVAX,2025-04-12 16:00:00+00:00,2025-04-12 16:00:00+00:00,2025-04-16 16:00:00+00:00,-1,20.507,22.086511486931872,18.156160757408404,19.027,tempo,0.936998567116997,0.9207295496311442,384,96.0,1.579511486931871
AVAX,2025-04-22 23:30:00+00:00,2025-04-22 23:30:00+00:00,2025-04-26 23:30:00+00:00,-1,22.175,23.39579194361819,19.94301449438026,22.417,tempo,-0.19823197659935426,-0.22197459724124247,384,96.0,1.2207919436181882
AVAX,2025-05-09 02:15:00+00:00,2025-05-09 02:15:00+00:00,2025-05-09 08:30:00+00:00,-1,22.308,23.339508954264318,20.419495402668087,23.339508954264318,stop,-1.0,-1.0287645402374945,25,6.25,1.0315089542643179
AVAX,2025-05-09 14:30:00+00:00,2025-05-09 14:30:00+00:00,2025-05-10 08:15:00+00:00,-1,22.987,24.29261468637259,20.80134379389533,24.29261468637259,stop,-1.0,-1.023538146335903,71,17.75,1.3056146863725928
AVAX,2025-05-11 06:15:00+00:00,2025-05-11 06:15:00+00:00,2025-05-12 07:30:00+00:00,-1,25.031,26.627569473475223,22.265203257298264,26.627569473475223,stop,-1.0,-1.021031386805029,101,25.25,1.596569473475224
AVAX,2025-05-12 08:00:00+00:00,2025-05-12 08:00:00+00:00,2025-05-15 15:00:00+00:00,-1,26.037,27.799976300992085,23.038958574966603,23.038958574966603,alvo,1.7005568499963932,1.6824628046846228,316,79.0,1.7629763009920865
AVAX,2025-05-31 00:45:00+00:00,2025-05-31 00:45:00+00:00,2025-06-04 00:45:00+00:00,1,20.461,19.350938527234508,22.674205013672726,21.085,tempo,0.5621310308567274,0.5378036393900884,384,96.0,1.1100614727654907
AVAX,2025-06-05 23:15:00+00:00,2025-06-05 23:15:00+00:00,2025-06-07 10:30:00+00:00,1,18.845,17.929900986263384,20.81005694108614,20.81005694108614,alvo,2.147370843579255,2.119203632572813,141,35.25,0.9150990137366151
AVAX,2025-06-13 03:15:00+00:00,2025-06-13 03:15:00+00:00,2025-06-17 03:15:00+00:00,1,18.847,17.798903549252188,21.11128606403732,19.421,tempo,0.5476595208298348,0.5239267813646336,384,96.0,1.0480964507478134
AVAX,2025-06-22 14:45:00+00:00,2025-06-22 14:45:00+00:00,2025-06-23 22:15:00+00:00,1,16.007,15.149864355862059,17.84637492222529,17.84637492222529,alvo,2.1459554678480632,2.120283109161385,126,31.5,0.8571356441379425
AVAX,2025-07-11 21:00:00+00:00,2025-07-11 21:00:00+00:00,2025-07-14 03:45:00+00:00,-1,21.03,22.019297971271474,19.244438936909305,22.019297971271474,stop,-1.0,-1.0282847478655628,219,54.75,0.9892979712714727
AVAX,2025-07-18 01:15:00+00:00,2025-07-18 01:15:00+00:00,2025-07-21 07:15:00+00:00,-1,24.341,25.816716816984503,21.660588531469774,25.816716816984503,stop,-1.0,-1.022092664090974,312,78.0,1.4757168169845016
AVAX,2025-09-11 06:00:00+00:00,2025-09-11 06:00:00+00:00,2025-09-13 03:45:00+00:00,-1,28.625,30.097266964370725,25.982634117868297,30.097266964370725,stop,-1.0,-1.0259256469448497,183,45.75,1.472266964370725
AVAX,2025-09-13 10:15:00+00:00,2025-09-13 10:15:00+00:00,2025-09-17 10:15:00+00:00,-1,30.332,31.81481345279595,27.60224735755442,30.028,tempo,0.2050156743768333,0.17855651329623914,384,96.0,1.4828134527959485
AVAX,2025-09-18 04:30:00+00:00,2025-09-18 04:30:00+00:00,2025-09-18 18:15:00+00:00,-1,32.767,34.6819491766788,29.536740221096498,34.6819491766788,stop,-1.0,-1.0228945068092505,55,13.75,1.914949176678796
AVAX,2025-09-19 04:15:00+00:00,2025-09-19 04:15:00+00:00,2025-09-22 06:15:00+00:00,-1,34.473,36.593251347759576,30.749018466809613,30.749018466809613,alvo,1.7563868251400643,1.7363918787634363,296,74.0,2.1202513477595772
AVAX,2025-09-26 02:45:00+00:00,2025-09-26 02:45:00+00:00,2025-09-30 02:45:00+00:00,1,28.363,26.604295061376668,32.16565930694341,29.97,tempo,0.9137405398189857,0.892181238331108,384,96.0,1.7587049386233318
AVAX,2025-10-10 19:45:00+00:00,2025-10-10 19:45:00+00:00,2025-10-10 21:00:00+00:00,1,26.478,25.330076479696462,28.859669987625328,25.330076479696462,stop,-1.0,-1.0293357955614484,5,1.25,1.1479235203035394
AVAX,2025-10-10 21:45:00+00:00,2025-10-10 21:45:00+00:00,2025-10-14 21:45:00+00:00,1,22.237,17.492545522807443,28.71245607957322,22.647,tempo,0.08641667908733107,0.08026747897586461,384,96.0,4.744454477192555
AVAX,2025-10-30 20:15:00+00:00,2025-10-30 20:15:00+00:00,2025-11-03 15:30:00+00:00,1,17.76,16.850708893100727,19.69108811490057,16.850708893100727,stop,-1.0,-1.0247412084092973,365,91.25,0.9092911068992748
AVAX,2025-11-03 16:30:00+00:00,2025-11-03 16:30:00+00:00,2025-11-04 17:15:00+00:00,1,16.685,15.794176626009573,18.569214928335725,15.794176626009573,stop,-1.0,-1.0236988222618564,99,24.75,0.8908233739904254
AVAX,2025-11-04 17:45:00+00:00,2025-11-04 17:45:00+00:00,2025-11-07 18:30:00+00:00,1,15.865,14.870681625213344,17.933012231807616,17.933012231807616,alvo,2.079829040925985,2.057734801789161,291,72.75,0.9943183747866566
AVAX,2025-11-14 13:00:00+00:00,2025-11-14 13:00:00+00:00,2025-11-17 18:45:00+00:00,1,15.416,14.546563593581432,16.979360772871704,14.546563593581432,stop,-1.0,-1.0224003345064112,311,77.75,0.8694364064185685
AVAX,2025-11-21 12:45:00+00:00,2025-11-21 12:45:00+00:00,2025-11-25 12:45:00+00:00,1,13.135,12.269436305935452,14.557113852868085,13.913,tempo,0.8988362212220773,0.8785243711288259,384,96.0,0.8655636940645479
AVAX,2025-12-02 01:15:00+00:00,2025-12-02 01:15:00+00:00,2025-12-03 04:30:00+00:00,1,12.878,12.382644662064866,13.899049601327729,13.899049601327729,alvo,2.0612467922197566,2.026110232849234,109,27.25,0.4953553379351341
AVAX,2026-01-02 07:00:00+00:00,2026-01-02 07:00:00+00:00,2026-01-03 03:45:00+00:00,-1,13.528,14.00811929906624,12.637135887237642,14.00811929906624,stop,-1.0,-1.037279229514837,83,20.75,0.4801192990662404
AVAX,2026-01-03 06:45:00+00:00,2026-01-03 06:45:00+00:00,2026-01-04 21:30:00+00:00,-1,13.941,14.494426148906673,12.92929879040886,14.494426148906673,stop,-1.0,-1.0333974587816346,155,38.75,0.5534261489066719
AVAX,2026-01-19 01:15:00+00:00,2026-01-19 01:15:00+00:00,2026-01-20 18:00:00+00:00,1,12.643,12.085463129231814,13.791328442674898,12.085463129231814,stop,-1.0,-1.0288294853250768,163,40.75,0.5575368707681871
AVAX,2026-01-20 18:15:00+00:00,2026-01-20 18:15:00+00:00,2026-01-24 18:15:00+00:00,1,12.173,11.669527928070202,13.24760868708355,12.04,tempo,-0.264165596097942,-0.29542542336040534,384,96.0,0.5034720719297976
AVAX,2026-01-25 19:45:00+00:00,2026-01-25 19:45:00+00:00,2026-01-28 12:15:00+00:00,1,11.398,10.976834174793886,12.281844635097888,12.281844635097888,alvo,2.098566840425255,2.062020905091397,258,64.5,0.42116582520611345
AVAX,2026-01-29 16:00:00+00:00,2026-01-29 16:00:00+00:00,2026-01-31 08:30:00+00:00,1,10.99,10.499349311194694,11.94324104354483,10.499349311194694,stop,-1.0,-1.028468475375603,162,40.5,0.4906506888053066
AVAX,2026-01-31 23:00:00+00:00,2026-01-31 23:00:00+00:00,2026-02-04 23:00:00+00:00,1,9.963,9.38857390131795,11.208470756654032,9.638,tempo,-0.5657820923277543,-0.587961881911187,384,96.0,0.57442609868205
AVAX,2026-02-05 21:30:00+00:00,2026-02-05 21:30:00+00:00,2026-02-06 00:15:00+00:00,1,8.477,7.802141691213786,9.988487820647155,7.802141691213786,stop,-1.0,-1.0156795018473144,11,2.75,0.6748583087862139
AVAX,2026-02-06 00:45:00+00:00,2026-02-06 00:45:00+00:00,2026-02-10 00:45:00+00:00,1,8.2,7.413404971691511,9.903516434050784,9.012,tempo,1.0322973967254083,1.0180743218299841,384,96.0,0.7865950283084882
AVAX,2026-02-25 17:30:00+00:00,2026-02-25 17:30:00+00:00,2026-02-28 06:30:00+00:00,-1,9.66,10.152445924468777,8.755080767276786,8.755080767276786,alvo,1.8376012223055564,1.8132943859526265,244,61.0,0.4924459244687771
AVAX,2026-05-10 20:45:00+00:00,2026-05-10 20:45:00+00:00,2026-05-12 14:45:00+00:00,-1,10.168,10.506891583454955,9.720670622477206,9.720670622477206,alvo,1.3199778317370068,1.2818310127077037,168,42.0,0.33889158345495574
AVAX,2026-06-02 23:45:00+00:00,2026-06-02 23:45:00+00:00,2026-06-04 01:30:00+00:00,1,8.151,7.795923609310861,8.849503568904368,7.795923609310861,stop,-1.0,-1.0291923107755334,103,25.75,0.3550763906891392
AVAX,2026-06-04 02:30:00+00:00,2026-06-04 02:30:00+00:00,2026-06-05 03:15:00+00:00,1,7.806,7.402284605650759,8.622554774760449,7.402284605650759,stop,-1.0,-1.024486024392524,99,24.75,0.4037153943492413
AVAX,2026-06-05 04:15:00+00:00,2026-06-05 04:15:00+00:00,2026-06-05 14:00:00+00:00,1,7.414,6.983036296559322,8.331977842616999,6.983036296559322,stop,-1.0,-1.021714296396777,39,9.75,0.43096370344067747
AVAX,2026-06-05 21:45:00+00:00,2026-06-05 21:45:00+00:00,2026-06-06 04:15:00+00:00,1,6.984,6.501927713045698,8.029980025578574,6.501927713045698,stop,-1.0,-1.0181836899790728,26,6.5,0.4820722869543017
AVAX,2026-06-06 08:30:00+00:00,2026-06-06 08:30:00+00:00,2026-06-10 08:30:00+00:00,1,6.73,6.226014612549929,7.815709600531458,6.51,tempo,-0.43652059261697457,-0.4535964845263458,384,96.0,0.5039853874500713
AVAX,2026-06-19 05:15:00+00:00,2026-06-19 05:15:00+00:00,2026-06-19 18:45:00+00:00,1,6.073,5.778322986936043,6.6741975585547255,5.778322986936043,stop,-1.0,-1.0261417063428577,54,13.5,0.2946770130639571
AVAX,2026-06-19 19:00:00+00:00,2026-06-19 19:00:00+00:00,2026-06-23 19:00:00+00:00,1,5.914,5.583095630795866,6.559137670580503,6.298,tempo,1.160456118858656,1.1364679194308533,384,96.0,0.33090436920413335
AVAX,2026-08-20 15:45:00+00:00,2026-08-20 15:45:00+00:00,2026-08-21 00:30:00+00:00,-1,7.036,7.346612502501253,6.493359032238924,7.346612502501253,stop,-1.0,-1.0300976234096955,35,8.75,0.31061250250125383
AVAX,2026-08-21 18:45:00+00:00,2026-08-21 18:45:00+00:00,2026-08-22 02:30:00+00:00,-1,7.508,7.931601323011468,6.775073670398364,7.931601323011468,stop,-1.0,-1.0236914766663412,31,7.75,0.4236013230114679
AVAX,2026-08-22 05:15:00+00:00,2026-08-22 05:15:00+00:00,2026-08-26 05:15:00+00:00,-1,7.661,8.261201928664038,6.916563748689401,7.321,tempo,0.56647602042331,0.5502509809242268,384,96.0,0.6002019286640383
AVAX,2026-09-07 00:45:00+00:00,2026-09-07 00:45:00+00:00,2026-09-07 18:00:00+00:00,-1,7.925,8.172127521704297,7.471364909689012,8.172127521704297,stop,-1.0,-1.0423390030254402,69,17.25,0.24712752170429741
AVAX,2026-09-07 18:00:00+00:00,2026-09-07 18:00:00+00:00,2026-09-10 00:00:00+00:00,-1,8.113,8.416799114944752,7.569186269006821,7.791,fim_dados,1.0599109219214053,1.025883173019372,216,54.0,0.3037991149447521
NEAR,2025-04-07 01:15:00+00:00,2025-04-07 01:15:00+00:00,2025-04-07 07:00:00+00:00,1,2.178,2.041624084407753,2.458015252954833,2.041624084407753,stop,-1.0,-1.020111730454413,23,5.75,0.13637591559224704
NEAR,2025-04-07 10:15:00+00:00,2025-04-07 10:15:00+00:00,2025-04-08 18:15:00+00:00,1,2.069,1.9124365369935465,2.411144812143942,1.9124365369935465,stop,-1.0,-1.0165296148881118,128,32.0,0.1565634630064534
NEAR,2025-04-08 20:00:00+00:00,2025-04-08 20:00:00+00:00,2025-04-12 20:00:00+00:00,1,1.897,1.7262414089117946,2.2763969490327343,2.206,tempo,1.8095722038394297,1.7939539559784927,384,96.0,0.17075859108820546
NEAR,2025-04-23 10:15:00+00:00,2025-04-23 10:15:00+00:00,2025-04-25 09:15:00+00:00,-1,2.468,2.6041417010420114,2.22214564735516,2.6041417010420114,stop,-1.0,-1.024216621949361,188,47.0,0.1361417010420114
NEAR,2025-04-26 04:30:00+00:00,2025-04-26 04:30:00+00:00,2025-04-30 04:30:00+00:00,-1,2.712,2.8817290303452268,2.4163389502595236,2.535,tempo,1.0428386920020956,1.0227446044257806,384,96.0,0.16972903034522657
NEAR,2025-05-08 22:30:00+00:00,2025-05-08 22:30:00+00:00,2025-05-09 03:30:00+00:00,-1,2.673,2.822079943373791,2.3994845820885207,2.822079943373791,stop,-1.0,-1.0239589704849654,20,5.0,0.14907994337379105
NEAR,2025-05-10 01:00:00+00:00,2025-05-10 01:00:00+00:00,2025-05-10 19:45:00+00:00,-1,2.884,3.0771278445049726,2.5374106890768986,3.0771278445049726,stop,-1.0,-1.0200630474018906,75,18.75,0.19312784450497267
NEAR,2025-05-11 12:45:00+00:00,2025-05-11 12:45:00+00:00,2025-05-15 12:45:00+00:00,-1,3.173,3.404335104145069,2.757168973079151,2.902,tempo,1.1714607733293134,1.1543913794965306,384,96.0,0.23133510414506908
NEAR,2025-05-31 05:45:00+00:00,2025-05-31 05:45:00+00:00,2025-06-04 05:45:00+00:00,1,2.403,2.2529205974167024,2.7260122805641216,2.524,tempo,0.8062398831368088,0.7849008456348271,384,96.0,0.15007940258329766
NEAR,2025-06-05 21:15:00+00:00,2025-06-05 21:15:00+00:00,2025-06-09 21:15:00+00:00,1,2.231,2.10963173749977,2.4981258181057946,2.4981258181057946,alvo,2.200952807619609,2.1756254961920196,384,96.0,0.12136826250022992
NEAR,2025-06-13 03:30:00+00:00,2025-06-13 03:30:00+00:00,2025-06-17 03:30:00+00:00,1,2.219,2.0893454682757846,2.4898290745886493,2.268,tempo,0.37792739943889153,0.35543262072800375,384,96.0,0.12965453172421526
NEAR,2025-06-21 22:15:00+00:00,2025-06-21 22:15:00+00:00,2025-06-22 13:30:00+00:00,1,1.947,1.8442428233077233,2.153571987821284,1.8442428233077233,stop,-1.0,-1.0239818562019254,61,15.25,0.1027571766922768
NEAR,2025-06-22 15:00:00+00:00,2025-06-22 15:00:00+00:00,2025-06-23 22:15:00+00:00,1,1.884,1.7702075524442547,2.1034900479768868,2.1034900479768868,alvo,1.9288630545481669,1.9060858967766439,125,31.25,0.11379244755574525
NEAR,2025-07-11 16:00:00+00:00,2025-07-11 16:00:00+00:00,2025-07-14 05:15:00+00:00,-1,2.55,2.68770286909757,2.3133226563031246,2.68770286909757,stop,-1.0,-1.0247235724805497,245,61.25,0.13770286909757035
NEAR,2025-07-18 06:15:00+00:00,2025-07-18 06:15:00+00:00,2025-07-22 06:15:00+00:00,-1,3.01,3.21690295512147,2.645549559535807,2.932,tempo,0.37698833230393913,0.3583211267160224,384,96.0,0.20690295512147028
NEAR,2025-09-09 14:45:00+00:00,2025-09-09 14:45:00+00:00,2025-09-12 01:00:00+00:00,-1,2.662,2.7724192555769855,2.494085053580067,2.7724192555769855,stop,-1.0,-1.031990548185341,233,58.25,0.11041925557698562
NEAR,2025-09-19 11:15:00+00:00,2025-09-19 11:15:00+00:00,2025-09-22 06:15:00+00:00,-1,3.191,3.3914057851576414,2.8423624293720655,2.8423624293720655,alvo,1.7396582157231237,1.720089491317254,268,67.0,0.20040578515764151
NEAR,2025-11-03 16:15:00+00:00,2025-11-03 16:15:00+00:00,2025-11-04 17:15:00+00:00,1,1.934,1.8215825612919576,2.1486703759022046,1.8215825612919576,stop,-1.0,-1.0217148575247261,100,25.0,0.11241743870804233
NEAR,2025-11-04 18:45:00+00:00,2025-11-04 18:45:00+00:00,2025-11-06 19:00:00+00:00,1,1.819,1.6990014334169838,2.0638578652197905,2.0638578652197905,alvo,2.040506584304869,2.0194741862999575,193,48.25,0.11999856658301611
NEAR,2025-11-08 01:00:00+00:00,2025-11-08 01:00:00+00:00,2025-11-08 11:15:00+00:00,-1,2.635,2.97197425619982,2.117280514099296,2.97197425619982,stop,-1.0,-1.0108154649783356,41,10.25,0.33697425619982013
NEAR,2025-11-08 14:00:00+00:00,2025-11-08 14:00:00+00:00,2025-11-12 14:00:00+00:00,-1,2.879,3.277298695850061,2.2189123835783557,2.615,tempo,0.6628191423940342,0.65385325815387,384,96.0,0.39829869585006117
NEAR,2025-11-21 10:45:00+00:00,2025-11-21 10:45:00+00:00,2025-11-25 10:45:00+00:00,1,1.934,1.78329065417897,2.2707893168005207,1.853,tempo,-0.537458374321317,-0.553791468905399,384,96.0,0.15070934582103002
NEAR,2025-12-01 21:45:00+00:00,2025-12-01 21:45:00+00:00,2025-12-02 15:45:00+00:00,1,1.634,1.5469809539734398,1.8188159305009106,1.8188159305009106,alvo,2.1238560859941047,2.098064831581357,72,18.0,0.08701904602656008
NEAR,2025-12-15 19:00:00+00:00,2025-12-15 19:00:00+00:00,2025-12-18 20:00:00+00:00,1,1.515,1.442373267616352,1.6539594063798053,1.442373267616352,stop,-1.0,-1.0264681138867187,292,73.0,0.07262673238364781
NEAR,2026-01-05 04:15:00+00:00,2026-01-05 04:15:00+00:00,2026-01-09 04:15:00+00:00,-1,1.774,1.8482967071056164,1.643199225864416,1.689,tempo,1.144061470707824,1.1137647040314738,384,96.0,0.07429670710561642
NEAR,2026-01-31 15:15:00+00:00,2026-01-31 15:15:00+00:00,2026-01-31 17:15:00+00:00,1,1.241,1.1676301700045844,1.3985907560638278,1.1676301700045844,stop,-1.0,-1.0213386021284334,8,2.0,0.07336982999541575
NEAR,2026-01-31 23:30:00+00:00,2026-01-31 23:30:00+00:00,2026-02-04 23:30:00+00:00,1,1.204,1.1185441340570148,1.372929437281795,1.162,tempo,-0.49148176706818225,-0.5094781911056622,384,96.0,0.08545586594298515
NEAR,2026-02-05 21:30:00+00:00,2026-02-05 21:30:00+00:00,2026-02-06 00:15:00+00:00,1,0.993,0.9059553415153487,1.1907616110710908,0.9059553415153487,stop,-1.0,-1.0141803183960176,11,2.75,0.08704465848465126
NEAR,2026-02-06 00:45:00+00:00,2026-02-06 00:45:00+00:00,2026-02-10 00:45:00+00:00,1,0.943,0.8373817359613811,1.1794955968199536,1.026,tempo,0.7858489320526182,0.7737312362009611,384,96.0,0.10561826403861885
NEAR,2026-02-26 00:45:00+00:00,2026-02-26 00:45:00+00:00,2026-02-28 07:15:00+00:00,-1,1.165,1.2394761376827546,1.028229039343113,1.028229039343113,alvo,1.8364400318326024,1.817298345382029,218,54.5,0.07447613768275452
NEAR,2026-03-02 23:15:00+00:00,2026-03-02 23:15:00+00:00,2026-03-06 23:15:00+00:00,-1,1.356,1.4858382341571805,1.1388424238963304,1.231,tempo,0.9627364451728192,0.9497853294177764,384,96.0,0.12983823415718043
NEAR,2026-03-17 00:00:00+00:00,2026-03-17 00:00:00+00:00,2026-03-19 07:30:00+00:00,-1,1.49,1.570907947339871,1.344312800015997,1.344312800015997,alvo,1.8006537648522083,1.7778834019820269,222,55.5,0.08090794733987106
NEAR,2026-04-08 10:45:00+00:00,2026-04-08 10:45:00+00:00,2026-04-12 10:45:00+00:00,-1,1.363,1.4260397290609226,1.250067066782629,1.325,tempo,0.6027944689177873,0.5750786137574411,384,96.0,0.06303972906092259
NEAR,2026-05-06 09:30:00+00:00,2026-05-06 09:30:00+00:00,2026-05-06 11:45:00+00:00,-1,1.406,1.4663523307595083,1.2969442407823166,1.4663523307595083,stop,-1.0,-1.030935491496317,9,2.25,0.06035233075950841
NEAR,2026-05-07 01:15:00+00:00,2026-05-07 01:15:00+00:00,2026-05-08 09:30:00+00:00,-1,1.481,1.5630662141994904,1.3335913214010393,1.5630662141994904,stop,-1.0,-1.0241103243098297,129,32.25,0.08206621419949034
NEAR,2026-05-08 11:00:00+00:00,2026-05-08 11:00:00+00:00,2026-05-12 11:00:00+00:00,-1,1.553,1.6423998576041876,1.3912495099308873,1.574,tempo,-0.23489970300597487,-0.2576351978319173,384,96.0,0.08939985760418767
NEAR,2026-05-21 18:15:00+00:00,2026-05-21 18:15:00+00:00,2026-05-22 00:45:00+00:00,-1,1.843,1.9700218671388234,1.6238616918362416,1.9700218671388234,stop,-1.0,-1.0195121066117812,26,6.5,0.12702186713882346
NEAR,2026-05-22 20:30:00+00:00,2026-05-22 20:30:00+00:00,2026-05-23 16:00:00+00:00,-1,2.063,2.2440495214692278,1.7683889552444194,2.2440495214692278,stop,-1.0,-1.0154630742254176,78,19.5,0.1810495214692276
NEAR,2026-05-24 10:45:00+00:00,2026-05-24 10:45:00+00:00,2026-05-25 12:30:00+00:00,-1,2.346,2.5692080085836304,1.9590551874290352,2.5692080085836304,stop,-1.0,-1.014313488238404,103,25.75,0.22320800858363032
NEAR,2026-05-25 13:00:00+00:00,2026-05-25 13:00:00+00:00,2026-05-25 16:45:00+00:00,-1,2.48,2.7306651817159557,2.0908941793510136,2.7306651817159557,stop,-1.0,-1.013511778320905,15,3.75,0.25066518171595575
NEAR,2026-05-26 08:30:00+00:00,2026-05-26 08:30:00+00:00,2026-05-26 11:45:00+00:00,-1,2.692,2.96090113136257,2.2313417628949876,2.96090113136257,stop,-1.0,-1.013664448776273,13,3.25,0.26890113136256977
NEAR,2026-05-26 13:15:00+00:00,2026-05-26 13:15:00+00:00,2026-05-30 04:45:00+00:00,-1,2.763,3.056422767613498,2.265190156690146,2.265190156690146,alvo,1.6965617472655643,1.6854231310346872,350,87.5,0.29342276761349817
NEAR,2026-07-27 23:15:00+00:00,2026-07-27 23:15:00+00:00,2026-07-28 13:45:00+00:00,1,1.703,1.6423104091729077,1.8338243648287091,1.6423104091729077,stop,-1.0,-1.0358290727673138,58,14.5,0.060689590827092355
NEAR,2026-07-28 15:45:00+00:00,2026-07-28 15:45:00+00:00,2026-07-29 03:45:00+00:00,1,1.672,1.6102469939011599,1.7977371018071329,1.6102469939011599,stop,-1.0,-1.0345482864853737,48,12.0,0.061753006098840046
NEAR,2026-07-29 18:00:00+00:00,2026-07-29 18:00:00+00:00,2026-08-02 18:00:00+00:00,1,1.602,1.5394679161201843,1.7378541930261358,1.7,tempo,1.5671954926106735,1.5328723121434256,384,96.0,0.06253208387981579
NEAR,2026-08-21 12:00:00+00:00,2026-08-21 12:00:00+00:00,2026-08-22 01:45:00+00:00,-1,1.886,1.9960614178942073,1.6897847414657157,1.9960614178942073,stop,-1.0,-1.022926652862647,55,13.75,0.11006141789420743
NEAR,2026-08-22 05:15:00+00:00,2026-08-22 05:15:00+00:00,2026-08-26 05:15:00+00:00,-1,1.893,2.0973766185453138,1.7452004667829204,1.86,tempo,0.16146661117540342,0.14953055891383255,384,96.0,0.20437661854531375
NEAR,2026-09-06 14:15:00+00:00,2026-09-06 14:15:00+00:00,2026-09-10 00:00:00+00:00,-1,2.429,2.65102987947498,2.055015345277362,2.482,fim_dados,-0.23870661068377882,-0.25308372968933013,327,81.75,0.22202987947497999
TRX,2025-04-07 08:45:00+00:00,2025-04-07 08:45:00+00:00,2025-04-08 09:30:00+00:00,1,0.22474,0.21914507338602524,0.23508538347597357,0.23508538347597357,alvo,1.849065088741886,1.7956441022158363,99,24.75,0.00559492661397476
TRX,2025-04-13 17:00:00+00:00,2025-04-13 17:00:00+00:00,2025-04-14 03:00:00+00:00,-1,0.25262,0.25883563882939986,0.24082897834311653,0.25883563882939986,stop,-1.0,-1.0534854379998153,40,10.0,0.00621563882939985
TRX,2025-04-14 07:15:00+00:00,2025-04-14 07:15:00+00:00,2025-04-18 07:15:00+00:00,-1,0.25542,0.26176031710331854,0.2433462250698896,0.24493,tempo,1.6544913809609685,1.6031962336205028,384,96.0,0.00634031710331856
TRX,2025-05-08 23:15:00+00:00,2025-05-08 23:15:00+00:00,2025-05-09 08:30:00+00:00,-1,0.2564,0.2607984392215186,0.24814444166779184,0.2607984392215186,stop,-1.0,-1.0764314268227904,37,9.25,0.0043984392215185575
TRX,2025-05-09 08:45:00+00:00,2025-05-09 08:45:00+00:00,2025-05-09 11:15:00+00:00,-1,0.25825,0.2634606608475166,0.24914484418323485,0.2634606608475166,stop,-1.0,-1.0650804071641897,10,2.5,0.005210660847516646
TRX,2025-05-09 12:30:00+00:00,2025-05-09 12:30:00+00:00,2025-05-11 00:00:00+00:00,-1,0.26088,0.266819905876041,0.24974374858929685,0.266819905876041,stop,-1.0,-1.0577458542235425,142,35.5,0.005939905876040985
TRX,2025-05-12 14:30:00+00:00,2025-05-12 14:30:00+00:00,2025-05-16 14:30:00+00:00,-1,0.27376,0.2832993402104204,0.2592598420216632,0.27254,tempo,0.1278914445956459,0.09066717203934185,384,96.0,0.00953934021042041
TRX,2025-07-11 00:30:00+00:00,2025-07-11 00:30:00+00:00,2025-07-11 13:15:00+00:00,-1,0.2935,0.2967115006748993,0.2872180508546162,0.2967115006748993,stop,-1.0,-1.1194573858997272,51,12.75,0.003211500674899337
TRX,2025-07-12 12:30:00+00:00,2025-07-12 12:30:00+00:00,2025-07-16 12:30:00+00:00,-1,0.30135,0.30634072281820135,0.2925052540525755,0.30037,tempo,0.19636434153904242,0.11799533283080905,384,96.0,0.004990722818201343
TRX,2025-07-17 00:15:00+00:00,2025-07-17 00:15:00+00:00,2025-07-17 09:45:00+00:00,-1,0.30836,0.31350040442724264,0.29975289081644235,0.31350040442724264,stop,-1.0,-1.078633747324533,38,9.5,0.0051404044272426175
TRX,2025-07-17 10:00:00+00:00,2025-07-17 10:00:00+00:00,2025-07-17 18:00:00+00:00,-1,0.31215,0.3179371475345656,0.3011851868408019,0.3179371475345656,stop,-1.0,-1.0707700371299087,32,8.0,0.0057871475345656065
TRX,2025-07-17 20:15:00+00:00,2025-07-17 20:15:00+00:00,2025-07-18 01:45:00+00:00,-1,0.31432,0.3204503371880474,0.3030373108521295,0.3204503371880474,stop,-1.0,-1.067304734880929,22,5.5,0.006130337188047397
TRX,2025-07-18 15:30:00+00:00,2025-07-18 15:30:00+00:00,2025-07-22 05:00:00+00:00,-1,0.32428,0.33306291019027606,0.30840214962552187,0.30840214962552187,alvo,1.807811992892426,1.760988857012943,342,85.5,0.00878291019027605
TRX,2025-07-29 13:00:00+00:00,2025-07-29 13:00:00+00:00,2025-07-30 12:45:00+00:00,-1,0.3401,0.35038553268177286,0.3205302390510738,0.3205302390510738,alvo,1.9026492408707316,1.8609003428147115,95,23.75,0.010285532681772847
TRX,2025-08-12 23:15:00+00:00,2025-08-12 23:15:00+00:00,2025-08-13 09:30:00+00:00,-1,0.35204,0.35787784991292243,0.3409132207307286,0.35787784991292243,stop,-1.0,-1.0790439304412334,41,10.25,0.00583784991292241
TRX,2025-08-14 12:45:00+00:00,2025-08-14 12:45:00+00:00,2025-08-15 16:15:00+00:00,-1,0.36195,0.37066507205644916,0.34914789477182745,0.34914789477182745,alvo,1.4689614893888299,1.4159253666112048,110,27.5,0.008715072056449169
TRX,2025-08-26 01:30:00+00:00,2025-08-26 01:30:00+00:00,2025-08-29 14:15:00+00:00,1,0.34127,0.33392049263869233,0.35625679168304286,0.33392049263869233,stop,-1.0,-1.059714726258477,339,84.75,0.007349507361307683
TRX,2025-08-29 16:30:00+00:00,2025-08-29 16:30:00+00:00,2025-09-02 16:30:00+00:00,1,0.33595,0.32961914169047546,0.3483567446872395,0.33604,tempo,0.014216081864378003,-0.054778275400395815,384,96.0,0.006330858309524567
TRX,2025-09-06 16:45:00+00:00,2025-09-06 16:45:00+00:00,2025-09-06 21:00:00+00:00,1,0.32663,0.32175196883082086,0.33630064164601203,0.32175196883082086,stop,-1.0,-1.0863972092681309,17,4.25,0.00487803116917912
TRX,2025-09-06 22:30:00+00:00,2025-09-06 22:30:00+00:00,2025-09-08 15:30:00+00:00,1,0.31102,0.2990520216289793,0.3351796289392604,0.3351796289392604,alvo,2.0186892213776533,1.9835930885313924,164,41.0,0.011967978371020704
TRX,2025-10-10 21:45:00+00:00,2025-10-10 21:45:00+00:00,2025-10-10 22:00:00+00:00,1,0.32012,0.3061923726918759,0.3378959868609467,0.3061923726918759,stop,-1.0,-1.0292298920155805,1,0.25,0.013927627308124135
TRX,2025-10-24 17:00:00+00:00,2025-10-24 17:00:00+00:00,2025-10-25 01:00:00+00:00,1,0.30451,0.2979871867596838,0.3177048942230355,0.2979871867596838,stop,-1.0,-1.0600389980466172,32,8.0,0.0065228132403162276
TRX,2025-10-25 19:15:00+00:00,2025-10-25 19:15:00+00:00,2025-10-29 18:45:00+00:00,1,0.29789,0.291132749403696,0.3117261049878302,0.291132749403696,stop,-1.0,-1.05665984732338,382,95.5,0.006757250596303999
TRX,2025-11-03 19:45:00+00:00,2025-11-03 19:45:00+00:00,2025-11-04 06:15:00+00:00,1,0.28448,0.27893745342935883,0.2956726100230833,0.27893745342935883,stop,-1.0,-1.0660745633909428,42,10.5,0.0055425465706411825
TRX,2025-11-04 06:30:00+00:00,2025-11-04 06:30:00+00:00,2025-11-07 22:00:00+00:00,1,0.28171,0.27564067249364105,0.2937516976490634,0.2937516976490634,alvo,1.9840250236038548,1.9223954438719997,350,87.5,0.006069327506358968
TRX,2025-12-13 11:15:00+00:00,2025-12-13 11:15:00+00:00,2025-12-15 01:45:00+00:00,1,0.27256,0.26921251681914576,0.2791841816184967,0.2791841816184967,alvo,1.978854339398411,1.8717190085614384,154,38.5,0.0033474831808542604
TRX,2025-12-21 17:00:00+00:00,2025-12-21 17:00:00+00:00,2025-12-24 22:45:00+00:00,-1,0.28694,0.2903646279642314,0.2802314740940698,0.2802314740940698,alvo,1.958906478600732,1.8512564033190855,311,77.75,0.0034246279642314303
TRX,2026-01-04 14:30:00+00:00,2026-01-04 14:30:00+00:00,2026-01-07 14:00:00+00:00,-1,0.29358,0.29659104208764636,0.2877822179842066,0.29659104208764636,stop,-1.0,-1.1274014663995706,286,71.5,0.003011042087646354
TRX,2026-01-07 18:00:00+00:00,2026-01-07 18:00:00+00:00,2026-01-10 23:15:00+00:00,-1,0.29799,0.30141219857073187,0.29168170857672726,0.30141219857073187,stop,-1.0,-1.113848282330283,309,77.25,0.0034221985707318936
TRX,2026-01-11 00:45:00+00:00,2026-01-11 00:45:00+00:00,2026-01-13 21:00:00+00:00,-1,0.30261,0.30625598889876926,0.2954346316750176,0.30625598889876926,stop,-1.0,-1.1085474760819465,273,68.25,0.00364598889876927
TRX,2026-01-18 00:30:00+00:00,2026-01-18 00:30:00+00:00,2026-01-20 07:45:00+00:00,-1,0.31772,0.3233615766060917,0.306782500860679,0.306782500860679,alvo,1.9387309440256155,1.8667782517372353,221,55.25,0.005641576606091714
TRX,2026-01-31 19:00:00+00:00,2026-01-31 19:00:00+00:00,2026-02-04 19:00:00+00:00,1,0.284,0.2792323183007362,0.29344617882685714,0.28413,tempo,0.027266920948202853,-0.05018885804329827,384,96.0,0.004767681699263782
TRX,2026-02-06 14:45:00+00:00,2026-02-06 14:45:00+00:00,2026-02-10 14:45:00+00:00,1,0.27065,0.2653137703265909,0.28102688301916207,0.2772,tempo,1.227458411814479,1.1607254333269728,384,96.0,0.005336229673409076
TRX,2026-03-15 02:00:00+00:00,2026-03-15 02:00:00+00:00,2026-03-17 09:15:00+00:00,-1,0.29685,0.3001504842835636,0.2904943759293007,0.3001504842835636,stop,-1.0,-1.1175737502271423,221,55.25,0.0033004842835636095
TRX,2026-03-17 10:00:00+00:00,2026-03-17 10:00:00+00:00,2026-03-17 15:15:00+00:00,-1,0.30121,0.3047680655476946,0.29425222254243266,0.3047680655476946,stop,-1.0,-1.110702216506723,21,5.25,0.003558065547694611
TRX,2026-03-18 04:30:00+00:00,2026-03-18 04:30:00+00:00,2026-03-20 19:00:00+00:00,-1,0.30503,0.3094405302362383,0.2967830189923219,0.3094405302362383,stop,-1.0,-1.0905573305839542,250,62.5,0.004410530236238275
TRX,2026-03-22 21:15:00+00:00,2026-03-22 21:15:00+00:00,2026-03-23 07:15:00+00:00,-1,0.31616,0.32200158412707,0.3061457709809984,0.3061457709809984,alvo,1.7143002310958002,1.6450555292582976,40,10.0,0.005841584127069976
TRX,2026-04-19 09:15:00+00:00,2026-04-19 09:15:00+00:00,2026-04-23 09:15:00+00:00,-1,0.33325,0.33731691220103593,0.3254995038428774,0.32866,tempo,1.128620381534373,1.022829678727854,384,96.0,0.004066912201035944
TRX,2026-05-02 15:00:00+00:00,2026-05-02 15:00:00+00:00,2026-05-03 05:30:00+00:00,-1,0.33168,0.3347657611240512,0.3258262825995965,0.3347657611240512,stop,-1.0,-1.1403834345290822,58,14.5,0.003085761124051234
TRX,2026-05-03 06:00:00+00:00,2026-05-03 06:00:00+00:00,2026-05-07 06:00:00+00:00,-1,0.34031,0.34879725615027457,0.3268528113783096,0.34435,tempo,-0.4760077849034038,-0.5284427523558239,384,96.0,0.00848725615027457
TRX,2026-05-22 00:15:00+00:00,2026-05-22 00:15:00+00:00,2026-05-25 12:45:00+00:00,-1,0.36501,0.36905249717548594,0.3571579963109244,0.36905249717548594,stop,-1.0,-1.1180311580815663,338,84.5,0.004042497175485937
TRX,2026-05-25 16:00:00+00:00,2026-05-25 16:00:00+00:00,2026-05-26 04:45:00+00:00,-1,0.37043,0.37583852742376217,0.36229041407102064,0.37583852742376217,stop,-1.0,-1.0896869896035446,51,12.75,0.005408527423762188
TRX,2026-05-26 05:30:00+00:00,2026-05-26 05:30:00+00:00,2026-05-28 05:45:00+00:00,-1,0.37498,0.3805430624179041,0.3641219766588038,0.3641219766588038,alvo,1.951806851249919,1.8654486102778143,193,48.25,0.005563062417904108
TRX,2026-05-28 18:15:00+00:00,2026-05-28 18:15:00+00:00,2026-05-29 08:00:00+00:00,1,0.35389,0.348081587624339,0.3655119009435077,0.348081587624339,stop,-1.0,-1.0785552922977333,55,13.75,0.005808412375660987
TRX,2026-05-30 13:30:00+00:00,2026-05-30 13:30:00+00:00,2026-06-02 14:30:00+00:00,1,0.34422,0.33836218588544054,0.3561728901797855,0.33836218588544054,stop,-1.0,-1.0757412939619886,292,73.0,0.00585781411455949
TRX,2026-06-02 16:45:00+00:00,2026-06-02 16:45:00+00:00,2026-06-02 23:00:00+00:00,1,0.33777,0.33219750940960324,0.3491262499630862,0.33219750940960324,stop,-1.0,-1.0781479796245355,25,6.25,0.0055724905903967725
TRX,2026-06-03 13:15:00+00:00,2026-06-03 13:15:00+00:00,2026-06-04 09:30:00+00:00,1,0.3341,0.3282468513893664,0.345004615654945,0.3282468513893664,stop,-1.0,-1.0735545057955536,81,20.25,0.0058531486106336295
TRX,2026-06-04 12:30:00+00:00,2026-06-04 12:30:00+00:00,2026-06-05 07:15:00+00:00,1,0.32883,0.32274445940085444,0.3411572902994593,0.32274445940085444,stop,-1.0,-1.0695950329655215,75,18.75,0.006085540599145567
TRX,2026-06-05 07:45:00+00:00,2026-06-05 07:45:00+00:00,2026-06-05 16:15:00+00:00,1,0.32513,0.31856288831181134,0.3381616217198339,0.31856288831181134,stop,-1.0,-1.0637114758007233,34,8.5,0.0065671116881886316
TRX,2026-06-05 17:00:00+00:00,2026-06-05 17:00:00+00:00,2026-06-09 17:00:00+00:00,1,0.32307,0.3160590301239156,0.33636557735592704,0.32182,tempo,-0.17829202265780497,-0.23808096875353535,384,96.0,0.007010969876084405
TRX,2026-06-11 19:00:00+00:00,2026-06-11 19:00:00+00:00,2026-06-15 00:00:00+00:00,1,0.31347,0.3079606500546037,0.32422928248485017,0.32422928248485017,alvo,1.9529132459339857,1.877676686680472,308,77.0,0.0055093499453963135
TRX,2026-06-22 16:00:00+00:00,2026-06-22 16:00:00+00:00,2026-06-22 21:00:00+00:00,-1,0.32977,0.3333907241278386,0.32425830098527236,0.3333907241278386,stop,-1.0,-1.1190520060252187,20,5.0,0.0036207241278385927
TRX,2026-06-23 03:15:00+00:00,2026-06-23 03:15:00+00:00,2026-06-24 17:00:00+00:00,-1,0.33279,0.3365948735356666,0.32554507663552007,0.32554507663552007,alvo,1.9041167325448582,1.791651023553004,151,37.75,0.0038048735356666086
TRX,2026-06-30 17:30:00+00:00,2026-06-30 17:30:00+00:00,2026-07-03 20:45:00+00:00,1,0.31493,0.311295353602282,0.32198726236264497,0.32198726236264497,alvo,1.9416640823921352,1.8277613322386,301,75.25,0.003634646397717989
TRX,2026-07-05 14:00:00+00:00,2026-07-05 14:00:00+00:00,2026-07-07 16:00:00+00:00,-1,0.32828,0.33173069570050323,0.32175422502969014,0.33173069570050323,stop,-1.0,-1.1243247708404902,200,50.0,0.0034506957005032146
TRX,2026-07-28 01:30:00+00:00,2026-07-28 01:30:00+00:00,2026-07-30 16:30:00+00:00,1,0.32371,0.3208228790076533,0.32951967038153257,0.32951967038153257,alvo,2.0122711853549426,1.8652045099805659,252,63.0,0.00288712099234667
TRX,2026-08-11 13:30:00+00:00,2026-08-11 13:30:00+00:00,2026-08-15 13:30:00+00:00,-1,0.33563,0.3387758452612504,0.3296398855751197,0.33114,tempo,1.427279356459935,1.2895101834689742,384,96.0,0.0031458452612503907
TRX,2026-08-21 23:15:00+00:00,2026-08-21 23:15:00+00:00,2026-08-22 04:00:00+00:00,-1,0.3429,0.34692080460157354,0.33536455582322866,0.34692080460157354,stop,-1.0,-1.1115158699369638,19,4.75,0.004020804601573558
TRX,2026-08-22 05:30:00+00:00,2026-08-22 05:30:00+00:00,2026-08-25 23:15:00+00:00,-1,0.34602,0.35132320416286694,0.33622290677635175,0.33622290677635175,alvo,1.8473912983112215,1.763770552100898,359,89.75,0.005303204162866948
TRX,2026-09-02 12:30:00+00:00,2026-09-02 12:30:00+00:00,2026-09-05 06:45:00+00:00,1,0.32426,0.3200961885197532,0.3324224979887941,0.3324224979887941,alvo,1.9603428319262601,1.8578301159405173,265,66.25,0.004163811480246804
BCH,2025-04-06 21:15:00+00:00,2025-04-06 21:15:00+00:00,2025-04-07 06:30:00+00:00,1,273.08,259.50394662559523,300.3649446838003,259.50394662559523,stop,-1.0,-1.0254992784544659,37,9.25,13.57605337440475
BCH,2025-04-07 08:45:00+00:00,2025-04-07 08:45:00+00:00,2025-04-09 18:00:00+00:00,1,260.22,243.86157310673337,294.9109518543055,294.9109518543055,alvo,2.1206777449110787,2.0986196875526524,229,57.25,16.358426893266653
BCH,2025-04-12 21:15:00+00:00,2025-04-12 21:15:00+00:00,2025-04-14 03:00:00+00:00,-1,345.92,371.15136710160994,300.60187229357535,371.15136710160994,stop,-1.0,-1.0184728947400676,119,29.75,25.23136710160992
BCH,2025-04-14 03:00:00+00:00,2025-04-14 03:00:00+00:00,2025-04-16 18:00:00+00:00,-1,356.35,381.83146949113626,315.185887899843,315.185887899843,alvo,1.615452833851517,1.5983228042318856,252,63.0,25.481469491136238
BCH,2025-05-08 04:45:00+00:00,2025-05-08 04:45:00+00:00,2025-05-12 04:45:00+00:00,-1,416.39,445.0492657323678,364.69133307455303,409.3,tempo,0.24738945045589622,0.2286625750009591,384,96.0,28.659265732367828
BCH,2025-07-11 15:45:00+00:00,2025-07-11 15:45:00+00:00,2025-07-12 13:00:00+00:00,-1,534.35,551.1849173970226,506.51714551652515,506.51714551652515,alvo,1.6532813216177384,1.6130932037535308,85,21.25,16.834917397022537
BCH,2025-07-27 11:00:00+00:00,2025-07-27 11:00:00+00:00,2025-07-31 11:00:00+00:00,-1,590.59,620.0083811757531,538.99228406662,582.59,tempo,0.2719388246486409,0.24601737793666087,384,96.0,29.418381175753098
BCH,2025-09-03 06:00:00+00:00,2025-09-03 06:00:00+00:00,2025-09-05 13:15:00+00:00,-1,595.76,618.275107856393,556.5769601356767,618.275107856393,stop,-1.0,-1.0350485916007988,221,55.25,22.515107856393
BCH,2025-09-18 04:45:00+00:00,2025-09-18 04:45:00+00:00,2025-09-19 23:15:00+00:00,-1,638.63,660.3964408040894,597.7070066749881,597.7070066749881,alvo,1.8800957718968698,1.8431756772625756,170,42.5,21.76644080408937
BCH,2025-09-22 20:15:00+00:00,2025-09-22 20:15:00+00:00,2025-09-24 04:15:00+00:00,1,563.07,547.366807986993,595.3622100277863,547.366807986993,stop,-1.0,-1.0459641533131407,128,32.0,15.703192013007083
BCH,2025-10-01 09:30:00+00:00,2025-10-01 09:30:00+00:00,2025-10-03 15:45:00+00:00,-1,588.32,608.1466809051698,555.4765512691556,608.1466809051698,stop,-1.0,-1.0392250899839508,217,54.25,19.826680905169724
BCH,2025-10-03 16:45:00+00:00,2025-10-03 16:45:00+00:00,2025-10-07 15:15:00+00:00,-1,612.5,631.8950990107138,575.59907593296,575.59907593296,alvo,1.902590136129547,1.8627726338352908,378,94.5,19.395099010713807
BCH,2025-10-10 21:45:00+00:00,2025-10-10 21:45:00+00:00,2025-10-10 22:00:00+00:00,1,540.01,487.3510164425535,582.8948158697729,582.8948158697729,alvo,0.8143874600805606,0.8005268026768888,1,0.25,52.658983557446504
BCH,2025-10-17 11:15:00+00:00,2025-10-17 11:15:00+00:00,2025-10-21 11:15:00+00:00,1,469.28,441.0392144840189,525.5909010340337,471.84,tempo,0.09064903660527898,0.06898788275196881,384,96.0,28.240785515981088
BCH,2025-10-26 15:30:00+00:00,2025-10-26 15:30:00+00:00,2025-10-30 07:00:00+00:00,-1,546.02,572.3060710813248,498.2511070950046,572.3060710813248,stop,-1.0,-1.0276538834561435,350,87.5,26.28607108132485
BCH,2025-11-04 20:30:00+00:00,2025-11-04 20:30:00+00:00,2025-11-08 20:30:00+00:00,1,472.2,446.9914879851634,526.2691785631027,490.83,tempo,0.7390360838844924,0.7142044119622629,384,96.0,25.208512014836572
BCH,2025-12-03 05:30:00+00:00,2025-12-03 05:30:00+00:00,2025-12-07 05:30:00+00:00,-1,589.8,620.2385945689348,534.0639320321711,586.92,tempo,0.09461672067275011,0.06948849084374832,384,96.0,30.438594568934832
BCH,2025-12-15 19:30:00+00:00,2025-12-15 19:30:00+00:00,2025-12-18 14:00:00+00:00,1,528.84,508.82021106069334,569.3055662205181,569.3055662205181,alvo,2.021278363283258,1.9856239105711277,266,66.5,20.019788939306693
BCH,2026-01-29 16:00:00+00:00,2026-01-29 16:00:00+00:00,2026-01-30 01:45:00+00:00,1,552.27,535.0035564873652,587.3497629655707,535.0035564873652,stop,-1.0,-1.040930711133398,39,9.75,17.266443512634737
BCH,2026-01-30 03:15:00+00:00,2026-01-30 03:15:00+00:00,2026-01-31 14:30:00+00:00,1,543.53,525.0110403502966,581.9968746033867,525.0110403502966,stop,-1.0,-1.0375048971089917,141,35.25,18.518959649703334
BCH,2026-02-01 00:15:00+00:00,2026-02-01 00:15:00+00:00,2026-02-05 00:15:00+00:00,1,510.43,487.81932769427357,557.6965543800941,529.14,tempo,0.827485346168209,0.7976003214832568,384,96.0,22.61067230572644
BCH,2026-02-06 00:45:00+00:00,2026-02-06 00:45:00+00:00,2026-02-06 22:45:00+00:00,1,452.37,418.4711546763545,523.7945875333526,523.7945875333526,alvo,2.1069917530061617,2.08827409534441,88,22.0,33.8988453236455
BCH,2026-02-23 21:30:00+00:00,2026-02-23 21:30:00+00:00,2026-02-24 12:45:00+00:00,1,499.3,473.8864774333984,554.2571900058531,473.8864774333984,stop,-1.0,-1.024891126709173,61,15.25,25.413522566601614
BCH,2026-02-24 18:45:00+00:00,2026-02-24 18:45:00+00:00,2026-02-27 13:45:00+00:00,1,487.67,462.76072130759843,534.6252114290144,462.76072130759843,stop,-1.0,-1.0248011986408256,268,67.0,24.909278692401585
BCH,2026-02-28 07:45:00+00:00,2026-02-28 07:45:00+00:00,2026-03-04 07:45:00+00:00,1,449.57,427.04685429095343,495.8778149026856,443.2,tempo,-0.2828201745123664,-0.3085848038184282,384,96.0,22.52314570904656
BCH,2026-04-05 13:00:00+00:00,2026-04-05 13:00:00+00:00,2026-04-08 12:45:00+00:00,1,427.27,416.9475106811455,448.1354138390235,448.1354138390235,alvo,2.0213548490587367,1.9662311767139238,287,71.75,10.32248931885448
BCH,2026-04-22 10:15:00+00:00,2026-04-22 10:15:00+00:00,2026-04-26 10:15:00+00:00,-1,468.14,480.301319087129,445.16142819409623,452.67,tempo,1.2720659567573316,1.2228503662681836,384,96.0,12.161319087129016
BCH,2026-05-16 07:30:00+00:00,2026-05-16 07:30:00+00:00,2026-05-16 10:15:00+00:00,1,420.19,411.5124765102317,437.33173824032673,411.5124765102317,stop,-1.0,-1.062299642331027,11,2.75,8.677523489768305
BCH,2026-05-16 15:45:00+00:00,2026-05-16 15:45:00+00:00,2026-05-17 17:45:00+00:00,1,416.74,407.8435633219896,434.8035159137834,407.8435633219896,stop,-1.0,-1.0602465161679946,104,26.0,8.896436678010389
BCH,2026-05-17 18:15:00+00:00,2026-05-17 18:15:00+00:00,2026-05-17 23:45:00+00:00,1,411.34,403.03734302743726,428.2935513628185,403.03734302743726,stop,-1.0,-1.0637561294796507,22,5.5,8.302656972562716
BCH,2026-05-18 12:30:00+00:00,2026-05-18 12:30:00+00:00,2026-05-22 12:30:00+00:00,1,375.77,355.80449051721916,417.8296490182563,379.8,tempo,0.20184809225508063,0.17724964659940803,384,96.0,19.965509482780817
BCH,2026-05-23 11:30:00+00:00,2026-05-23 11:30:00+00:00,2026-05-27 11:30:00+00:00,1,345.46,329.29717505867836,379.91624019985085,343.14,tempo,-0.14353926423274677,-0.17123182426633957,384,96.0,16.162824941321617
BCH,2026-05-28 06:15:00+00:00,2026-05-28 06:15:00+00:00,2026-05-28 11:30:00+00:00,1,325.91,313.48840355223587,351.57621185723383,313.48840355223587,stop,-1.0,-1.0334585786985344,21,5.25,12.42159644776416
BCH,2026-05-29 06:30:00+00:00,2026-05-29 06:30:00+00:00,2026-06-01 08:00:00+00:00,1,305.48,290.7072360272644,337.07144561918926,290.7072360272644,stop,-1.0,-1.026232173216395,294,73.5,14.772763972735618
BCH,2026-06-01 08:45:00+00:00,2026-06-01 08:45:00+00:00,2026-06-02 19:45:00+00:00,1,288.71,276.40679782595214,313.61473624413406,276.40679782595214,stop,-1.0,-1.0298561230962862,140,35.0,12.30320217404784
BCH,2026-06-04 03:15:00+00:00,2026-06-04 03:15:00+00:00,2026-06-05 06:30:00+00:00,1,246.39,228.76075853373126,282.66371134693094,228.76075853373126,stop,-1.0,-1.0175190744104259,109,27.25,17.629241466268724
BCH,2026-06-05 10:00:00+00:00,2026-06-05 10:00:00+00:00,2026-06-05 16:15:00+00:00,1,228.9,211.06599112436106,267.09353110481345,211.06599112436106,stop,-1.0,-1.016035536161557,25,6.25,17.834008875638943
BCH,2026-06-05 21:00:00+00:00,2026-06-05 21:00:00+00:00,2026-06-06 05:15:00+00:00,1,219.94,202.1628687026769,259.44730649163563,202.1628687026769,stop,-1.0,-1.0154336973760245,33,8.25,17.77713129732311
BCH,2026-06-06 06:45:00+00:00,2026-06-06 06:45:00+00:00,2026-06-08 08:30:00+00:00,1,218.86,200.10378486325163,252.66810809925644,200.10378486325163,stop,-1.0,-1.0145192651169561,199,49.75,18.75621513674838
BCH,2026-07-05 01:45:00+00:00,2026-07-05 01:45:00+00:00,2026-07-05 19:45:00+00:00,-1,237.64,249.1467049127208,216.58593372972769,249.1467049127208,stop,-1.0,-1.0274979988270554,72,18.0,11.506704912720807
BCH,2026-07-05 20:15:00+00:00,2026-07-05 20:15:00+00:00,2026-07-09 20:15:00+00:00,-1,245.44,258.35145728222227,221.65344563550985,237.46,tempo,0.6180557179233065,0.5937451390987003,384,96.0,12.911457282222273
BCH,2026-08-14 16:30:00+00:00,2026-08-14 16:30:00+00:00,2026-08-18 16:30:00+00:00,1,201.98,197.24445993402063,211.38323933914708,203.97,tempo,0.42022662088668317,0.3645059435566247,384,96.0,4.7355400659793645
BCH,2026-08-20 15:45:00+00:00,2026-08-20 15:45:00+00:00,2026-08-21 04:00:00+00:00,-1,221.3,228.76595002569806,207.5490890774412,228.76595002569806,stop,-1.0,-1.03918360912004,49,12.25,7.465950025698049
BCH,2026-08-22 10:15:00+00:00,2026-08-22 10:15:00+00:00,2026-08-26 10:15:00+00:00,-1,273.15,298.83034655667024,232.05242684991276,264.22,tempo,0.34773674024583817,0.3341352688159569,384,96.0,25.68034655667026
APT,2025-04-07 01:30:00+00:00,2025-04-07 01:30:00+00:00,2025-04-07 03:45:00+00:00,1,4.4124,4.16894580167501,4.936040319120291,4.16894580167501,stop,-1.0,-1.0229113928183025,9,2.25,0.24345419832499005
APT,2025-04-07 08:45:00+00:00,2025-04-07 08:45:00+00:00,2025-04-11 08:45:00+00:00,1,4.2058,3.896441313441738,4.856829197498514,4.7062,tempo,1.61753983884257,1.5988146494371998,384,96.0,0.3093586865582618
APT,2025-05-06 14:30:00+00:00,2025-05-06 14:30:00+00:00,2025-05-08 15:30:00+00:00,1,4.7647,4.572943140085678,5.173035391643416,5.173035391643416,alvo,2.1294434620271767,2.0957574285394864,196,49.0,0.19175685991432267
APT,2025-05-09 04:00:00+00:00,2025-05-09 04:00:00+00:00,2025-05-09 08:30:00+00:00,-1,5.552,5.811923845084899,5.070420740911573,5.811923845084899,stop,-1.0,-1.0284181333840015,18,4.5,0.2599238450848995
APT,2025-05-09 08:45:00+00:00,2025-05-09 08:45:00+00:00,2025-05-10 22:30:00+00:00,-1,5.6452,5.935842994714619,5.105368432733937,5.935842994714619,stop,-1.0,-1.0259000838948686,151,37.75,0.2906429947146192
APT,2025-05-11 00:30:00+00:00,2025-05-11 00:30:00+00:00,2025-05-11 03:30:00+00:00,-1,5.9222,6.269659972319577,5.35913258264875,6.269659972319577,stop,-1.0,-1.0228075450795207,12,3.0,0.3474599723195766
APT,2025-05-11 04:45:00+00:00,2025-05-11 04:45:00+00:00,2025-05-15 04:45:00+00:00,-1,6.0979,6.4807589817118,5.403773507918098,5.761,tempo,0.8799584601455279,0.8598249766223375,384,96.0,0.38285898171179955
APT,2025-05-23 04:15:00+00:00,2025-05-23 04:15:00+00:00,2025-05-23 23:45:00+00:00,-1,5.93,6.276411954981807,5.333466755034646,5.333466755034646,alvo,1.7220342323251585,1.7008997036650346,78,19.5,0.3464119549818072
APT,2025-05-31 00:45:00+00:00,2025-05-31 00:45:00+00:00,2025-06-04 00:45:00+00:00,1,4.6716,4.394703728172841,5.224081038582866,4.928,tempo,0.9259785200721208,0.9034439443668368,384,96.0,0.2768962718271588
APT,2025-06-13 01:30:00+00:00,2025-06-13 01:30:00+00:00,2025-06-16 22:15:00+00:00,1,4.3923,4.161140024485332,4.888205403846448,4.888205403846448,alvo,2.145290951611911,2.1191950476862016,371,92.75,0.23115997551466805
APT,2025-06-22 14:15:00+00:00,2025-06-22 14:15:00+00:00,2025-06-24 02:15:00+00:00,1,3.8599,3.629007259742426,4.36510738321632,4.36510738321632,alvo,2.1880609267001287,2.1649062151525653,144,36.0,0.23089274025757422
APT,2025-06-24 17:45:00+00:00,2025-06-24 17:45:00+00:00,2025-06-28 17:45:00+00:00,-1,5.0049,5.437650315264987,4.26679027283301,4.8079,tempo,0.4552278601561979,0.44048882987705335,384,96.0,0.432750315264987
APT,2025-07-11 06:45:00+00:00,2025-07-11 06:45:00+00:00,2025-07-14 02:30:00+00:00,-1,4.9506,5.161607163669231,4.579014849336135,5.161607163669231,stop,-1.0,-1.0311502914976316,271,67.75,0.21100716366923145
APT,2025-07-24 07:00:00+00:00,2025-07-24 07:00:00+00:00,2025-07-28 07:00:00+00:00,1,4.514,4.189489139289593,5.208715469179864,4.963,tempo,1.3836208717855107,1.3646383021836348,384,96.0,0.324510860710407
APT,2025-08-09 06:30:00+00:00,2025-08-09 06:30:00+00:00,2025-08-13 06:30:00+00:00,-1,4.7954,4.997773515821277,4.418982301072727,4.7394,tempo,0.2767160503820845,0.246091390950495,384,96.0,0.20237351582127694
APT,2025-09-25 18:15:00+00:00,2025-09-25 18:15:00+00:00,2025-09-29 18:15:00+00:00,1,3.9694,3.7918601815799136,4.33083852006252,4.2451,tempo,1.5528910779195,1.5228165569049177,384,96.0,0.17753981842008626
APT,2025-10-01 12:15:00+00:00,2025-10-01 12:15:00+00:00,2025-10-01 18:30:00+00:00,-1,4.5906,4.772518431083839,4.261367435905683,4.772518431083839,stop,-1.0,-1.033454702439687,25,6.25,0.18191843108383843
APT,2025-10-04 09:45:00+00:00,2025-10-04 09:45:00+00:00,2025-10-05 08:15:00+00:00,-1,5.3133,5.6055505885126555,4.8113690748360565,5.6055505885126555,stop,-1.0,-1.0242848198138903,90,22.5,0.2922505885126556
APT,2025-10-05 08:30:00+00:00,2025-10-05 08:30:00+00:00,2025-10-09 08:30:00+00:00,-1,5.4666,5.782697332756548,4.9302272596615015,4.9717,tempo,1.5656569945851484,1.5441924192885716,384,96.0,0.3160973327565486
APT,2025-10-10 21:45:00+00:00,2025-10-10 21:45:00+00:00,2025-10-14 21:45:00+00:00,1,3.579,2.808786340183492,5.069384599646878,3.6609,tempo,0.10633413073913943,0.1002242222221688,384,96.0,0.7702136598165081
APT,2025-11-03 17:15:00+00:00,2025-11-03 17:15:00+00:00,2025-11-04 05:30:00+00:00,1,2.8915,2.7175354563837484,3.272125893909036,2.7175354563837484,stop,-1.0,-1.0209575639429829,49,12.25,0.1739645436162518
APT,2025-11-04 11:00:00+00:00,2025-11-04 11:00:00+00:00,2025-11-04 17:15:00+00:00,1,2.7572,2.573936755086431,3.1477329760872896,2.573936755086431,stop,-1.0,-1.0189085317813753,25,6.25,0.18326324491356916
APT,2025-11-05 02:15:00+00:00,2025-11-05 02:15:00+00:00,2025-11-07 03:00:00+00:00,1,2.5608,2.347428951737529,3.0290616750951145,3.0290616750951145,alvo,2.1945886234720042,2.177560024145153,195,48.75,0.21337104826247089
APT,2025-11-21 12:45:00+00:00,2025-11-21 12:45:00+00:00,2025-11-22 04:45:00+00:00,1,2.4963,2.312747115276868,2.847490836671688,2.312747115276868,stop,-1.0,-1.0170298637890927,64,16.0,0.18355288472313225
APT,2025-11-22 05:00:00+00:00,2025-11-22 05:00:00+00:00,2025-11-26 05:00:00+00:00,1,2.3445,2.1607316982505824,2.7536629475390124,2.2601,tempo,-0.45927398357898525,-0.47556074234808554,384,96.0,0.1837683017494176
APT,2025-11-29 15:30:00+00:00,2025-11-29 15:30:00+00:00,2025-12-01 00:15:00+00:00,1,2.0412,1.9382385832136482,2.252594264305467,1.9382385832136482,stop,-1.0,-1.0251223726306742,131,32.75,0.10296141678635173
APT,2025-12-01 21:45:00+00:00,2025-12-01 21:45:00+00:00,2025-12-05 16:45:00+00:00,1,1.8598,1.7610121091779811,2.0714647891092595,1.7610121091779811,stop,-1.0,-1.0238240522333444,364,91.0,0.09878789082201878
APT,2025-12-06 14:15:00+00:00,2025-12-06 14:15:00+00:00,2025-12-09 17:15:00+00:00,1,1.7239,1.6370532826383424,1.9064211273361191,1.9064211273361191,alvo,2.101646819603354,2.0744758590367978,300,75.0,0.08684671736165761
APT,2026-01-19 13:15:00+00:00,2026-01-19 13:15:00+00:00,2026-01-23 13:15:00+00:00,1,1.59,1.4921081689758369,1.7981758217688681,1.5774,tempo,-0.128713498033253,-0.14974497715117666,384,96.0,0.09789183102416321
APT,2026-01-31 23:30:00+00:00,2026-01-31 23:30:00+00:00,2026-02-04 23:30:00+00:00,1,1.2724,1.1801697655768644,1.4700291187543653,1.2212,tempo,-0.5551324933763433,-0.5727063400670487,384,96.0,0.0922302344231356
APT,2026-02-05 21:30:00+00:00,2026-02-05 21:30:00+00:00,2026-02-06 00:15:00+00:00,1,1.0578,0.9642701823518126,1.263492364297419,0.9642701823518126,stop,-1.0,-1.0140526909126732,11,2.75,0.09352981764818746
APT,2026-02-06 00:45:00+00:00,2026-02-06 00:45:00+00:00,2026-02-10 00:45:00+00:00,1,1.003,0.889946686477782,1.251510660975065,1.0347,tempo,0.28039868105033633,0.2686829253706967,384,96.0,0.11305331352221792
APT,2026-02-25 23:30:00+00:00,2026-02-25 23:30:00+00:00,2026-02-28 10:15:00+00:00,-1,1.0069,1.0860281965840755,0.8690630590649517,0.8690630590649517,alvo,1.7419446781981593,1.7265345457670909,235,58.75,0.07912819658407555
APT,2026-04-15 17:45:00+00:00,2026-04-15 17:45:00+00:00,2026-04-16 15:45:00+00:00,-1,0.9156,0.9559137338396128,0.8539667917137919,0.9559137338396128,stop,-1.0,-1.0301754219005241,88,22.0,0.040313733839612786
APT,2026-04-16 17:15:00+00:00,2026-04-16 17:15:00+00:00,2026-04-20 17:15:00+00:00,-1,0.9675,1.0220993523278092,0.872307965169179,0.9405,tempo,0.4945113604625682,0.4717968053053209,384,96.0,0.054599352327809214
APT,2026-05-08 22:30:00+00:00,2026-05-08 22:30:00+00:00,2026-05-10 17:30:00+00:00,-1,1.1251,1.18801571963047,1.0189194839823474,1.18801571963047,stop,-1.0,-1.0238974492637234,172,43.0,0.06291571963046994
APT,2026-05-10 17:45:00+00:00,2026-05-10 17:45:00+00:00,2026-05-10 20:00:00+00:00,-1,1.1687,1.23727986458678,1.0610234927486677,1.23727986458678,stop,-1.0,-1.0228038786807823,9,2.25,0.06857986458677989
APT,2026-05-10 21:00:00+00:00,2026-05-10 21:00:00+00:00,2026-05-12 14:00:00+00:00,-1,1.1757,1.2538390919623328,1.0668122628660985,1.0668122628660985,alvo,1.3935116776938115,1.3748573404823474,164,41.0,0.07813909196233282
APT,2026-05-16 11:00:00+00:00,2026-05-16 11:00:00+00:00,2026-05-17 23:45:00+00:00,1,0.9444,0.899161921300455,1.0412736960954119,0.899161921300455,stop,-1.0,-1.026489083605961,147,36.75,0.04523807869954499
APT,2026-05-18 00:00:00+00:00,2026-05-18 00:00:00+00:00,2026-05-22 00:00:00+00:00,1,0.9291,0.8862766989369958,1.0013537873899094,0.9732,tempo,1.02981318360108,1.0009388332052338,384,96.0,0.04282330106300425
APT,2026-06-02 23:45:00+00:00,2026-06-02 23:45:00+00:00,2026-06-04 02:00:00+00:00,1,0.822,0.7704563008638262,0.9237825176743061,0.7704563008638262,stop,-1.0,-1.0200819229684477,105,26.25,0.05154369913617374
APT,2026-06-04 02:45:00+00:00,2026-06-04 02:45:00+00:00,2026-06-05 03:15:00+00:00,1,0.7737,0.7180419398509797,0.892627142693001,0.7180419398509797,stop,-1.0,-1.0174212370734268,98,24.5,0.055658060149020305
APT,2026-06-05 03:30:00+00:00,2026-06-05 03:30:00+00:00,2026-06-05 14:15:00+00:00,1,0.7247,0.6687065567275929,0.8501386907943458,0.6687065567275929,stop,-1.0,-1.0161753628450148,43,10.75,0.05599344327240707
APT,2026-06-05 21:00:00+00:00,2026-06-05 21:00:00+00:00,2026-06-06 04:45:00+00:00,1,0.6767,0.6166195951732336,0.8110467409331785,0.6166195951732336,stop,-1.0,-1.0139922115918913,31,7.75,0.060080404826766354
APT,2026-06-06 06:30:00+00:00,2026-06-06 06:30:00+00:00,2026-06-10 06:30:00+00:00,1,0.655,0.5959511887286215,0.7896411479579494,0.6531,tempo,-0.03217676967734251,-0.04657612813508222,384,96.0,0.05904881127137851
APT,2026-08-14 09:30:00+00:00,2026-08-14 09:30:00+00:00,2026-08-16 06:45:00+00:00,1,0.5422,0.5268459564235476,0.5727146796505649,0.5268459564235476,stop,-1.0,-1.0452571251485179,181,45.25,0.015354043576452425
APT,2026-08-16 22:30:00+00:00,2026-08-16 22:30:00+00:00,2026-08-19 15:30:00+00:00,1,0.5214,0.507010294690142,0.5509451467379406,0.5509451467379406,alvo,2.0532141626069396,2.0047750646288764,260,65.0,0.014389705309857947
APT,2026-08-21 19:00:00+00:00,2026-08-21 19:00:00+00:00,2026-08-22 01:00:00+00:00,-1,0.6227,0.657765596995664,0.5618480201096521,0.657765596995664,stop,-1.0,-1.0237355901326906,24,6.0,0.03506559699566392
APT,2026-08-22 05:15:00+00:00,2026-08-22 05:15:00+00:00,2026-08-25 20:45:00+00:00,-1,0.6519,0.7062231145552011,0.5738314129909159,0.5738314129909159,alvo,1.437115446128439,1.422449029724157,350,87.5,0.05432311455520111
ARB,2025-04-07 01:30:00+00:00,2025-04-07 01:30:00+00:00,2025-04-07 06:30:00+00:00,1,0.275,0.2578636958034304,0.30970729207091713,0.2578636958034304,stop,-1.0,-1.0202121413286749,20,5.0,0.01713630419656964
ARB,2025-04-07 08:45:00+00:00,2025-04-07 08:45:00+00:00,2025-04-11 08:45:00+00:00,1,0.2635,0.2430151540679761,0.30468589613717567,0.2923,tempo,1.4059173349689211,1.3882813712326634,384,96.0,0.020484845932023904
ARB,2025-04-23 05:15:00+00:00,2025-04-23 05:15:00+00:00,2025-04-25 10:00:00+00:00,-1,0.3314,0.34800797579522985,0.3017857035027369,0.34800797579522985,stop,-1.0,-1.026590548403481,211,52.75,0.01660797579522988
ARB,2025-05-08 17:45:00+00:00,2025-05-08 17:45:00+00:00,2025-05-08 21:30:00+00:00,-1,0.3476,0.36397903123935554,0.31803784879129715,0.36397903123935554,stop,-1.0,-1.0282389332767266,15,3.75,0.016379031239355524
ARB,2025-05-09 19:15:00+00:00,2025-05-09 19:15:00+00:00,2025-05-10 08:15:00+00:00,-1,0.3725,0.39452150442022144,0.3329091588262218,0.39452150442022144,stop,-1.0,-1.0226398691188117,52,13.0,0.02202150442022144
ARB,2025-05-11 16:15:00+00:00,2025-05-11 16:15:00+00:00,2025-05-15 16:15:00+00:00,-1,0.4422,0.4814737944312218,0.3767405819708651,0.4133,tempo,0.7358596341031187,0.7217007017144027,384,96.0,0.03927379443122181
ARB,2025-05-31 09:00:00+00:00,2025-05-31 09:00:00+00:00,2025-06-04 09:00:00+00:00,1,0.3323,0.3092930783982984,0.3834769815618791,0.3721,tempo,1.7299141836105703,1.7100132160701698,384,96.0,0.02300692160170159
ARB,2025-06-10 14:45:00+00:00,2025-06-10 14:45:00+00:00,2025-06-10 22:30:00+00:00,-1,0.3922,0.4146307307249472,0.35262495902078556,0.4146307307249472,stop,-1.0,-1.0233804231080148,31,7.75,0.022430730724947223
ARB,2025-06-11 01:45:00+00:00,2025-06-11 01:45:00+00:00,2025-06-13 00:15:00+00:00,-1,0.4034,0.4278242327735783,0.35973708089617906,0.35973708089617906,alvo,1.7876884612340693,1.767379159927413,186,46.5,0.024424232773578303
ARB,2025-06-21 22:15:00+00:00,2025-06-21 22:15:00+00:00,2025-06-22 13:30:00+00:00,1,0.2747,0.25951939828155596,0.3045820264065903,0.25951939828155596,stop,-1.0,-1.0228741004687,61,15.25,0.015180601718444042
ARB,2025-06-22 14:45:00+00:00,2025-06-22 14:45:00+00:00,2025-06-23 20:30:00+00:00,1,0.2614,0.24485098651208578,0.29694720011922954,0.29694720011922954,alvo,2.1479951143425966,2.1260647630051865,119,29.75,0.016549013487914238
ARB,2025-06-30 01:15:00+00:00,2025-06-30 01:15:00+00:00,2025-07-04 01:15:00+00:00,-1,0.3627,0.3925908895167004,0.3098204882841424,0.3462,tempo,0.5520076607550028,0.5365920940907002,384,96.0,0.02989088951670038
ARB,2025-07-11 21:45:00+00:00,2025-07-11 21:45:00+00:00,2025-07-15 21:45:00+00:00,-1,0.4064,0.4338977572806046,0.3611987478365943,0.4289,tempo,-0.8182485491596899,-0.8379936139829569,384,96.0,0.027497757280604607
ARB,2025-08-09 07:00:00+00:00,2025-08-09 07:00:00+00:00,2025-08-09 20:45:00+00:00,-1,0.4508,0.47525029032632493,0.406543939263524,0.47525029032632493,stop,-1.0,-1.0246186315450017,55,13.75,0.024450290326324953
ARB,2025-08-10 03:00:00+00:00,2025-08-10 03:00:00+00:00,2025-08-13 10:15:00+00:00,-1,0.4675,0.4931762192994434,0.4208488879832549,0.4931762192994434,stop,-1.0,-1.024319762004766,317,79.25,0.02567621929944336
ARB,2025-08-14 05:15:00+00:00,2025-08-14 05:15:00+00:00,2025-08-18 05:15:00+00:00,-1,0.5461,0.5900708190336537,0.4693479350077836,0.527,tempo,0.4343789908798737,0.41851585675298497,384,96.0,0.04397081903365363
ARB,2025-09-22 23:45:00+00:00,2025-09-22 23:45:00+00:00,2025-09-25 05:00:00+00:00,1,0.4366,0.4154709277866206,0.48156111462483037,0.4154709277866206,stop,-1.0,-1.0262125140880818,213,53.25,0.021129072213379396
ARB,2025-09-25 12:45:00+00:00,2025-09-25 12:45:00+00:00,2025-09-29 12:45:00+00:00,1,0.4191,0.39813606072173185,0.4511244812856777,0.4128,tempo,-0.3005160392985278,-0.3263096171572723,384,96.0,0.020963939278268118
ARB,2025-10-10 21:45:00+00:00,2025-10-10 21:45:00+00:00,2025-10-14 21:45:00+00:00,1,0.2711,0.19439258382722452,0.4251865157235448,0.3425,tempo,0.9308096082806249,0.925610111023389,384,96.0,0.07670741617277549
ARB,2025-10-30 20:15:00+00:00,2025-10-30 20:15:00+00:00,2025-11-03 15:45:00+00:00,1,0.2831,0.26582272792303335,0.31814867786978,0.26582272792303335,stop,-1.0,-1.0206513951716742,366,91.5,0.017277272076966665
ARB,2025-11-03 16:30:00+00:00,2025-11-03 16:30:00+00:00,2025-11-04 17:30:00+00:00,1,0.2662,0.24974351292986308,0.3016982745119938,0.24974351292986308,stop,-1.0,-1.0203787893476357,100,25.0,0.016456487070136916
ARB,2025-11-04 18:45:00+00:00,2025-11-04 18:45:00+00:00,2025-11-07 16:30:00+00:00,1,0.2519,0.23384442186205853,0.2885472867659847,0.2885472867659847,alvo,2.0296933438522853,2.0102372658627528,279,69.75,0.01805557813794148
ARB,2025-11-13 19:30:00+00:00,2025-11-13 19:30:00+00:00,2025-11-14 04:45:00+00:00,1,0.2466,0.2317391307339792,0.2786996183793685,0.2317391307339792,stop,-1.0,-1.0209220893752158,37,9.25,0.014860869266020815
ARB,2025-11-14 06:00:00+00:00,2025-11-14 06:00:00+00:00,2025-11-17 18:45:00+00:00,1,0.2411,0.2261375526773435,0.2731056460559084,0.2261375526773435,stop,-1.0,-1.0202977763390617,339,84.75,0.014962447322656502
ARB,2025-11-21 10:15:00+00:00,2025-11-21 10:15:00+00:00,2025-11-25 10:15:00+00:00,1,0.2002,0.1855777624698068,0.23243582082492903,0.2139,tempo,0.9369291103164719,0.9185211888581994,384,96.0,0.014622237530193177
ARB,2025-12-01 20:15:00+00:00,2025-12-01 20:15:00+00:00,2025-12-02 15:45:00+00:00,1,0.1902,0.18036832135439956,0.20994069357051492,0.20994069357051492,alvo,2.0078660300139726,1.9814116003894626,78,19.5,0.009831678645600445
ARB,2026-01-03 04:15:00+00:00,2026-01-03 04:15:00+00:00,2026-01-05 01:15:00+00:00,-1,0.2104,0.21831919395148025,0.19568597815675365,0.21831919395148025,stop,-1.0,-1.0351888686873711,180,45.0,0.007919193951480247
ARB,2026-01-29 15:30:00+00:00,2026-01-29 15:30:00+00:00,2026-01-31 08:45:00+00:00,1,0.157,0.14900752256270597,0.17201000363861305,0.14900752256270597,stop,-1.0,-1.0248865125020736,165,41.25,0.007992477437294032
ARB,2026-01-31 23:30:00+00:00,2026-01-31 23:30:00+00:00,2026-02-02 03:45:00+00:00,1,0.14,0.13047352971870288,0.15955711152637395,0.13047352971870288,stop,-1.0,-1.018454662548238,113,28.25,0.009526470281297134
ARB,2026-02-02 04:00:00+00:00,2026-02-02 04:00:00+00:00,2026-02-03 18:30:00+00:00,1,0.135,0.12510890685259812,0.15195162076599955,0.12510890685259812,stop,-1.0,-1.017093235998753,154,38.5,0.009891093147401886
ARB,2026-02-03 19:15:00+00:00,2026-02-03 19:15:00+00:00,2026-02-05 15:15:00+00:00,1,0.1287,0.11930986615578316,0.14443607515257953,0.11930986615578316,stop,-1.0,-1.0171676374027983,176,44.0,0.009390133844216844
ARB,2026-02-05 15:45:00+00:00,2026-02-05 15:45:00+00:00,2026-02-05 20:30:00+00:00,1,0.1171,0.10725305075084117,0.1368672917452075,0.10725305075084117,stop,-1.0,-1.0148096104994655,19,4.75,0.009846949249158826
ARB,2026-02-05 23:15:00+00:00,2026-02-05 23:15:00+00:00,2026-02-06 00:15:00+00:00,1,0.1107,0.10052459433692693,0.13409617716424177,0.10052459433692693,stop,-1.0,-1.0134929250847713,4,1.0,0.010175405663073081
ARB,2026-02-06 01:00:00+00:00,2026-02-06 01:00:00+00:00,2026-02-10 01:00:00+00:00,1,0.106,0.09425572648742268,0.13328142847358845,0.113,tempo,0.5960351649255686,0.5839143641074037,384,96.0,0.011744273512577313
ARB,2026-02-20 15:30:00+00:00,2026-02-20 15:30:00+00:00,2026-02-23 01:15:00+00:00,1,0.0971,0.09193567538727442,0.10714191805454525,0.09193567538727442,stop,-1.0,-1.0237926927945142,231,57.75,0.00516432461272559
ARB,2026-02-23 03:00:00+00:00,2026-02-23 03:00:00+00:00,2026-02-25 15:45:00+00:00,1,0.0902,0.08508586973884238,0.10077536801039066,0.10077536801039066,alvo,2.067872242268005,2.043599495414143,243,60.75,0.005114130261157618
ARB,2026-02-27 09:15:00+00:00,2026-02-27 09:15:00+00:00,2026-02-27 22:30:00+00:00,-1,0.1109,0.11808950142939859,0.09835256433194722,0.09835256433194722,alvo,1.7452441996527133,1.726325757511567,53,13.25,0.007189501429398587
ARB,2026-04-08 00:00:00+00:00,2026-04-08 00:00:00+00:00,2026-04-09 21:45:00+00:00,-1,0.102,0.10664898330210926,0.09378664458359826,0.10664898330210926,stop,-1.0,-1.0291723652964808,183,45.75,0.004648983302109264
ARB,2026-04-10 02:15:00+00:00,2026-04-10 02:15:00+00:00,2026-04-10 22:15:00+00:00,-1,0.1087,0.1147684073351243,0.0984540556503484,0.1147684073351243,stop,-1.0,-1.0239361757947738,80,20.0,0.006068407335124301
ARB,2026-04-11 00:45:00+00:00,2026-04-11 00:45:00+00:00,2026-04-11 03:45:00+00:00,-1,0.1138,0.12054190902525223,0.10175853638402194,0.12054190902525223,stop,-1.0,-1.0225933397048048,12,3.0,0.006741909025252235
ARB,2026-04-11 05:15:00+00:00,2026-04-11 05:15:00+00:00,2026-04-15 05:15:00+00:00,-1,0.1151,0.12214898313757534,0.10267476367828544,0.1135,tempo,0.2269830936991495,0.2059034575161765,384,96.0,0.007048983137575349
ARB,2026-04-16 14:00:00+00:00,2026-04-16 14:00:00+00:00,2026-04-16 19:30:00+00:00,-1,0.1233,0.12938806873556993,0.11195138460246214,0.12938806873556993,stop,-1.0,-1.0269785463686532,22,5.5,0.0060880687355699264
ARB,2026-04-16 21:30:00+00:00,2026-04-16 21:30:00+00:00,2026-04-17 12:00:00+00:00,-1,0.1269,0.13460240225570624,0.11325941501882086,0.13460240225570624,stop,-1.0,-1.0220679933121233,58,14.5,0.007702402255706231
ARB,2026-04-17 15:15:00+00:00,2026-04-17 15:15:00+00:00,2026-04-21 15:15:00+00:00,-1,0.1313,0.13961646297061114,0.11691932133116419,0.1275,tempo,0.45692501889667536,0.4366976697706757,384,96.0,0.008316462970611144
ARB,2026-05-08 23:15:00+00:00,2026-05-08 23:15:00+00:00,2026-05-12 23:15:00+00:00,-1,0.1425,0.1518546645320856,0.12612701018745456,0.1366,tempo,0.630701398191624,0.6113083991826521,384,96.0,0.00935466453208561
ARB,2026-05-16 07:30:00+00:00,2026-05-16 07:30:00+00:00,2026-05-17 23:45:00+00:00,1,0.1202,0.1147557347114468,0.13168652390610136,0.1147557347114468,stop,-1.0,-1.0280517607919555,161,40.25,0.005444265288553199
ARB,2026-05-18 00:00:00+00:00,2026-05-18 00:00:00+00:00,2026-05-20 13:45:00+00:00,1,0.1164,0.11142700712058753,0.12622191826707294,0.11142700712058753,stop,-1.0,-1.0297783564584306,247,61.75,0.004972992879412469
ARB,2026-05-23 09:00:00+00:00,2026-05-23 09:00:00+00:00,2026-05-27 09:00:00+00:00,1,0.1046,0.09967159706076723,0.11433198240309182,0.1088,tempo,0.8522030466635969,0.8240580265200951,384,96.0,0.004928402939232773
ARB,2026-06-03 04:15:00+00:00,2026-06-03 04:15:00+00:00,2026-06-05 06:00:00+00:00,1,0.0902,0.0849777477397824,0.10128736763145005,0.0849777477397824,stop,-1.0,-1.021803913399257,199,49.75,0.005222252260217608
ARB,2026-06-05 06:45:00+00:00,2026-06-05 06:45:00+00:00,2026-06-06 04:30:00+00:00,1,0.0827,0.07662250634244613,0.09567005982289814,0.07662250634244613,stop,-1.0,-1.0170398580332327,87,21.75,0.006077493657553862
ARB,2026-06-06 05:30:00+00:00,2026-06-06 05:30:00+00:00,2026-06-10 05:30:00+00:00,1,0.0765,0.07016433457720919,0.09128181622781535,0.0794,tempo,0.4577261907751711,0.4417318171399291,384,96.0,0.006335665422790807
ARB,2026-06-24 17:15:00+00:00,2026-06-24 17:15:00+00:00,2026-06-25 14:00:00+00:00,1,0.07404,0.07043737791172708,0.08168383224718641,0.07043737791172708,stop,-1.0,-1.0260672069791374,83,20.75,0.0036026220882729165
ARB,2026-06-25 14:15:00+00:00,2026-06-25 14:15:00+00:00,2026-06-29 14:15:00+00:00,1,0.07312,0.06849720782564188,0.08011565477276686,0.0748,tempo,0.3634167266524952,0.34261804127500467,384,96.0,0.004622792174358126
ARB,2026-07-09 19:00:00+00:00,2026-07-09 19:00:00+00:00,2026-07-10 09:15:00+00:00,-1,0.0899,0.09571109987869583,0.07947871736093909,0.09571109987869583,stop,-1.0,-1.020761511149285,57,14.25,0.0058110998786958384
ARB,2026-07-10 12:15:00+00:00,2026-07-10 12:15:00+00:00,2026-07-11 20:45:00+00:00,-1,0.09347,0.09991498272813569,0.08196719360930649,0.09991498272813569,stop,-1.0,-1.0195035803935582,130,32.5,0.0064449827281356925
ARB,2026-07-12 04:00:00+00:00,2026-07-12 04:00:00+00:00,2026-07-15 16:45:00+00:00,-1,0.09971,0.10707972768949085,0.08698644034540569,0.08698644034540569,alvo,1.7264626578724127,1.7099962847121721,339,84.75,0.00736972768949086
ARB,2026-07-28 03:15:00+00:00,2026-07-28 03:15:00+00:00,2026-08-01 03:15:00+00:00,1,0.07777,0.07505216603651989,0.08349164887834648,0.07826,tempo,0.18029063091571562,0.14297433368682425,384,96.0,0.002717833963480118
ARB,2026-08-22 05:15:00+00:00,2026-08-22 05:15:00+00:00,2026-08-26 05:15:00+00:00,-1,0.09805,0.10786731796577122,0.0853107613970893,0.0925,tempo,0.565327518101224,0.552711292322265,384,96.0,0.009817317965771219
ARB,2026-09-01 08:30:00+00:00,2026-09-01 08:30:00+00:00,2026-09-02 16:45:00+00:00,-1,0.1102,0.12046957345148974,0.0922756985511427,0.12046957345148974,stop,-1.0,-1.0145999464779833,129,32.25,0.010269573451489739
ARB,2026-09-02 17:15:00+00:00,2026-09-02 17:15:00+00:00,2026-09-03 06:15:00+00:00,-1,0.12075,0.13394889583770342,0.09902410317660273,0.13394889583770342,stop,-1.0,-1.0125430402914153,52,13.0,0.013198895837703423
ARB,2026-09-03 15:15:00+00:00,2026-09-03 15:15:00+00:00,2026-09-05 19:45:00+00:00,-1,0.13212,0.147089340987195,0.10662098537191685,0.147089340987195,stop,-1.0,-1.0121238517979463,210,52.5,0.014969340987195018
ARB,2026-09-07 03:30:00+00:00,2026-09-07 03:30:00+00:00,2026-09-10 00:00:00+00:00,-1,0.18174,0.20667512339564928,0.14191117825035898,0.14938,fim_dados,1.2977677906998544,1.2891362713532306,274,68.5,0.024935123395649267
OP,2025-04-03 13:30:00+00:00,2025-04-03 13:30:00+00:00,2025-04-06 16:45:00+00:00,1,0.6716,0.6310657395299237,0.7571715336686724,0.6310657395299237,stop,-1.0,-1.0208893099534784,301,75.25,0.040534260470076244
OP,2025-04-07 01:30:00+00:00,2025-04-07 01:30:00+00:00,2025-04-07 06:30:00+00:00,1,0.6157,0.5772119130031491,0.6992886878384512,0.5772119130031491,stop,-1.0,-1.02014630510255,20,5.0,0.03848808699685091
OP,2025-04-07 08:45:00+00:00,2025-04-07 08:45:00+00:00,2025-04-11 08:45:00+00:00,1,0.5898,0.5440173636540752,0.6876490649145928,0.6517,tempo,1.3520409688139279,1.334414744891333,384,96.0,0.04578263634592483
OP,2025-05-06 02:45:00+00:00,2025-05-06 02:45:00+00:00,2025-05-06 20:45:00+00:00,1,0.6309,0.6010803545788214,0.6953810979755054,0.6010803545788214,stop,-1.0,-1.026854351189149,72,18.0,0.029819645421178653
OP,2025-05-06 22:30:00+00:00,2025-05-06 22:30:00+00:00,2025-05-07 16:15:00+00:00,1,0.6128,0.5812575810169961,0.6752991832067241,0.5812575810169961,stop,-1.0,-1.0246061479330186,71,17.75,0.03154241898300392
OP,2025-05-07 18:00:00+00:00,2025-05-07 18:00:00+00:00,2025-05-08 15:45:00+00:00,1,0.5907,0.5589126880500708,0.6563534595246389,0.6563534595246389,alvo,2.065398283065109,2.039898022144405,87,21.75,0.03178731194992923
OP,2025-05-09 08:00:00+00:00,2025-05-09 08:00:00+00:00,2025-05-10 08:15:00+00:00,-1,0.7393,0.7878052209913141,0.6550469910096219,0.7878052209913141,stop,-1.0,-1.020464155679697,97,24.25,0.04850522099131416
OP,2025-05-10 19:30:00+00:00,2025-05-10 19:30:00+00:00,2025-05-10 22:15:00+00:00,-1,0.8054,0.8677706974877648,0.6976032469456186,0.8677706974877648,stop,-1.0,-1.0174370497232357,11,2.75,0.062370697487764803
OP,2025-05-11 07:45:00+00:00,2025-05-11 07:45:00+00:00,2025-05-15 07:45:00+00:00,-1,0.8598,0.9425659476120181,0.7260236790963854,0.7735,tempo,1.0426993526921067,1.0298722779031286,384,96.0,0.08276594761201805
OP,2025-05-31 06:30:00+00:00,2025-05-31 06:30:00+00:00,2025-06-04 06:30:00+00:00,1,0.6289,0.5847894897705203,0.7242988448631273,0.6635,tempo,0.7843935565468982,0.7653491157632917,384,96.0,0.04411051022947976
OP,2025-06-05 21:30:00+00:00,2025-06-05 21:30:00+00:00,2025-06-09 21:30:00+00:00,1,0.5844,0.5498641898711114,0.6568985500960842,0.6475,tempo,1.8270890349613618,1.803903390929511,384,96.0,0.03453581012888862
OP,2025-06-10 13:30:00+00:00,2025-06-10 13:30:00+00:00,2025-06-12 21:00:00+00:00,-1,0.7103,0.7554187100495021,0.6318314738233924,0.6318314738233924,alvo,1.739157127730729,1.7198217908598816,222,55.5,0.045118710049502075
OP,2025-06-13 02:30:00+00:00,2025-06-13 02:30:00+00:00,2025-06-17 02:30:00+00:00,1,0.5784,0.5385701625416197,0.6621978193725239,0.5859,tempo,0.18830104460850441,0.16930033940123854,384,96.0,0.03982983745838031
OP,2025-06-22 00:00:00+00:00,2025-06-22 00:00:00+00:00,2025-06-22 13:30:00+00:00,1,0.5062,0.47702684668737577,0.5623130063961762,0.47702684668737577,stop,-1.0,-1.0219070404730721,54,13.5,0.02917315331262421
OP,2025-06-22 14:45:00+00:00,2025-06-22 14:45:00+00:00,2025-06-23 22:30:00+00:00,1,0.4782,0.4458169102395109,0.55019969287668,0.55019969287668,alvo,2.223373168193713,2.202730919251012,127,31.75,0.03238308976048909
OP,2025-06-29 23:45:00+00:00,2025-06-29 23:45:00+00:00,2025-07-01 07:30:00+00:00,-1,0.6078,0.6434253183842702,0.5449485302676397,0.5449485302676397,alvo,1.764236014803209,1.743203598009292,127,31.75,0.03562531838427019
OP,2025-07-11 21:45:00+00:00,2025-07-11 21:45:00+00:00,2025-07-15 21:45:00+00:00,-1,0.6658,0.709317939017999,0.593600265842468,0.6824,tempo,-0.3814518879934614,-0.4015891008251065,384,96.0,0.04351793901799905
OP,2025-07-18 14:30:00+00:00,2025-07-18 14:30:00+00:00,2025-07-22 14:30:00+00:00,-1,0.7933,0.8610322345900645,0.6937615418056869,0.76,tempo,0.49164183348654356,0.4767354154994408,384,96.0,0.0677322345900645
OP,2025-08-09 13:15:00+00:00,2025-08-09 13:15:00+00:00,2025-08-13 13:15:00+00:00,-1,0.7878,0.831003747304788,0.7096189694976645,0.8225,tempo,-0.8031710711388789,-0.8273980205425016,384,96.0,0.04320374730478804
OP,2025-08-13 23:15:00+00:00,2025-08-13 23:15:00+00:00,2025-08-14 12:45:00+00:00,-1,0.8652,0.9218989272589916,0.7725885872079964,0.7725885872079964,alvo,1.6333891533603357,1.614613443957185,54,13.5,0.056698927258991616
OP,2025-09-22 06:45:00+00:00,2025-09-22 06:45:00+00:00,2025-09-24 04:15:00+00:00,1,0.7162,0.6788642007636078,0.7922817160768933,0.6788642007636078,stop,-1.0,-1.0242874599993155,182,45.5,0.037335799236392186
OP,2025-09-25 18:30:00+00:00,2025-09-25 18:30:00+00:00,2025-09-29 18:30:00+00:00,1,0.6494,0.6147824134680919,0.71713315635564,0.665,tempo,0.4506380011680213,0.4259580599707194,384,96.0,0.03461758653190805
OP,2025-10-02 21:30:00+00:00,2025-10-02 21:30:00+00:00,2025-10-06 21:30:00+00:00,-1,0.75,0.7833283477877766,0.6899731255440151,0.7593,tempo,-0.27904173525850007,-0.30847748785706736,384,96.0,0.0333283477877766
OP,2025-10-10 21:45:00+00:00,2025-10-10 21:45:00+00:00,2025-10-14 21:45:00+00:00,1,0.4402,0.29221395902996666,0.711435879008404,0.4816,tempo,0.27975611570271924,0.2757072878803618,384,96.0,0.14798604097003332
OP,2025-10-30 20:15:00+00:00,2025-10-30 20:15:00+00:00,2025-11-03 15:30:00+00:00,1,0.3914,0.3675206422082056,0.4400288803284311,0.3675206422082056,stop,-1.0,-1.0206579432217746,365,91.25,0.023879357791794453
OP,2025-11-03 16:30:00+00:00,2025-11-03 16:30:00+00:00,2025-11-04 17:30:00+00:00,1,0.3611,0.3375596438358052,0.41200822170613133,0.3375596438358052,stop,-1.0,-1.0192914994711937,100,25.0,0.023540356164194753
OP,2025-11-04 18:45:00+00:00,2025-11-04 18:45:00+00:00,2025-11-07 15:00:00+00:00,1,0.3392,0.31302601408755565,0.39311593677709256,0.39311593677709256,alvo,2.0599054709301408,2.0417192703072238,273,68.25,0.026173985912444353
OP,2025-11-21 12:45:00+00:00,2025-11-21 12:45:00+00:00,2025-11-21 23:00:00+00:00,1,0.3257,0.29951073999760125,0.3745359181053734,0.29951073999760125,stop,-1.0,-1.0155173143861727,41,10.25,0.02618926000239874
OP,2025-11-21 23:45:00+00:00,2025-11-21 23:45:00+00:00,2025-11-25 23:45:00+00:00,1,0.3065,0.2795127080433371,0.3648141090144068,0.3251,tempo,0.6892132797121149,0.6740009345587271,384,96.0,0.026987291956662884
OP,2025-12-01 04:45:00+00:00,2025-12-01 04:45:00+00:00,2025-12-03 06:30:00+00:00,1,0.2919,0.27610857338742456,0.32482295671836603,0.32482295671836603,alvo,2.0848627249515244,2.059477436357794,199,49.75,0.015791426612575432
OP,2026-01-02 01:45:00+00:00,2026-01-02 01:45:00+00:00,2026-01-03 16:45:00+00:00,-1,0.2974,0.3102531105989729,0.2734280253185081,0.3102531105989729,stop,-1.0,-1.0307298780982166,156,39.0,0.012853110598972928
OP,2026-01-03 17:15:00+00:00,2026-01-03 17:15:00+00:00,2026-01-04 15:15:00+00:00,-1,0.3089,0.3217676843822354,0.2857615599131239,0.3217676843822354,stop,-1.0,-1.0318576351945958,88,22.0,0.0128676843822354
OP,2026-01-04 19:15:00+00:00,2026-01-04 19:15:00+00:00,2026-01-05 20:30:00+00:00,-1,0.3159,0.3293267170990622,0.294574749224924,0.3293267170990622,stop,-1.0,-1.0312360320858838,101,25.25,0.01342671709906218
OP,2026-01-05 20:45:00+00:00,2026-01-05 20:45:00+00:00,2026-01-09 20:45:00+00:00,-1,0.3282,0.34317615703617066,0.30190565045002804,0.3136,tempo,0.9748829399116098,0.9470273292237381,384,96.0,0.014976157036170668
OP,2026-01-13 17:15:00+00:00,2026-01-13 17:15:00+00:00,2026-01-13 22:15:00+00:00,-1,0.35,0.36971475729003817,0.3179033326112905,0.36971475729003817,stop,-1.0,-1.0237291580797148,20,5.0,0.019714757290038187
OP,2026-01-14 02:30:00+00:00,2026-01-14 02:30:00+00:00,2026-01-18 02:30:00+00:00,-1,0.3623,0.383746847639093,0.32312139840503,0.3427,tempo,0.9138872215548088,0.8925204450610593,384,96.0,0.021446847639092992
OP,2026-01-29 19:45:00+00:00,2026-01-29 19:45:00+00:00,2026-01-31 13:45:00+00:00,1,0.2644,0.24912715834101196,0.2961998450471543,0.24912715834101196,stop,-1.0,-1.0218553076352508,168,42.0,0.015272841658988068
OP,2026-02-01 00:00:00+00:00,2026-02-01 00:00:00+00:00,2026-02-03 16:15:00+00:00,1,0.2344,0.2172731140067351,0.27291790274400723,0.2172731140067351,stop,-1.0,-1.017141909172504,257,64.25,0.017126885993264895
OP,2026-02-03 19:15:00+00:00,2026-02-03 19:15:00+00:00,2026-02-05 15:30:00+00:00,1,0.2134,0.1966970304530258,0.24462151639818033,0.1966970304530258,stop,-1.0,-1.015959022678261,177,44.25,0.0167029695469742
OP,2026-02-05 20:45:00+00:00,2026-02-05 20:45:00+00:00,2026-02-06 00:15:00+00:00,1,0.1876,0.17011914182888574,0.22804172812851542,0.17011914182888574,stop,-1.0,-1.0133012601505453,14,3.5,0.01748085817111425
OP,2026-02-06 01:15:00+00:00,2026-02-06 01:15:00+00:00,2026-02-10 01:15:00+00:00,1,0.1774,0.15732428051845848,0.22476166055518962,0.1889,tempo,0.5728312756398894,0.5609714267204564,384,96.0,0.02007571948154152
OP,2026-02-18 22:30:00+00:00,2026-02-18 22:30:00+00:00,2026-02-19 04:15:00+00:00,1,0.1668,0.15735568680630413,0.1870554497786223,0.15735568680630413,stop,-1.0,-1.0223098484879496,23,5.75,0.009444313193695875
OP,2026-02-21 05:30:00+00:00,2026-02-21 05:30:00+00:00,2026-02-22 12:15:00+00:00,1,0.1332,0.12263092586357681,0.1566296911619493,0.12263092586357681,stop,-1.0,-1.0157336489142654,123,30.75,0.010569074136423204
OP,2026-02-22 17:00:00+00:00,2026-02-22 17:00:00+00:00,2026-02-23 01:15:00+00:00,1,0.1249,0.11618220354617934,0.14393511536094072,0.11618220354617934,stop,-1.0,-1.017975119416368,33,8.25,0.008717796453820661
OP,2026-02-23 06:15:00+00:00,2026-02-23 06:15:00+00:00,2026-02-27 06:15:00+00:00,1,0.1207,0.11200116007182707,0.13941090879704707,0.1223,tempo,0.1839325718384684,0.16577497826228965,384,96.0,0.008698839928172927
OP,2026-03-16 21:30:00+00:00,2026-03-16 21:30:00+00:00,2026-03-18 16:45:00+00:00,-1,0.1365,0.14244757400000801,0.12510638975667313,0.12510638975667313,alvo,1.9156735575398558,1.8870830510002803,173,43.25,0.005947574000008005
OP,2026-04-16 14:15:00+00:00,2026-04-16 14:15:00+00:00,2026-04-16 16:15:00+00:00,-1,0.1248,0.13141047157478145,0.1145158707975744,0.13141047157478145,stop,-1.0,-1.0251928783959885,8,2.0,0.006610471574781451
OP,2026-04-16 16:30:00+00:00,2026-04-16 16:30:00+00:00,2026-04-17 13:30:00+00:00,-1,0.1272,0.13450525793423485,0.11490226984762454,0.13450525793423485,stop,-1.0,-1.0232857510561084,84,21.0,0.007305257934234838
OP,2026-04-17 15:15:00+00:00,2026-04-17 15:15:00+00:00,2026-04-21 15:15:00+00:00,-1,0.1334,0.14115644661323662,0.1192403902692518,0.1237,tempo,1.2505726505545234,1.2290273465857173,384,96.0,0.007756446613236628
OP,2026-05-06 20:45:00+00:00,2026-05-06 20:45:00+00:00,2026-05-06 21:45:00+00:00,-1,0.1392,0.14648217913772954,0.12677543708668845,0.14648217913772954,stop,-1.0,-1.0254997045427559,4,1.0,0.00728217913772955
OP,2026-05-06 22:30:00+00:00,2026-05-06 22:30:00+00:00,2026-05-07 05:45:00+00:00,-1,0.1411,0.14971077233513344,0.1271710906021514,0.14971077233513344,stop,-1.0,-1.0219523864597573,29,7.25,0.008610772335133438
OP,2026-05-07 06:15:00+00:00,2026-05-07 06:15:00+00:00,2026-05-08 17:30:00+00:00,-1,0.1463,0.1566897741198541,0.12868820222608365,0.1566897741198541,stop,-1.0,-1.0189554990229828,141,35.25,0.01038977411985409
OP,2026-05-09 07:45:00+00:00,2026-05-09 07:45:00+00:00,2026-05-13 07:45:00+00:00,-1,0.1653,0.17958384641651942,0.14163841074039638,0.1551,tempo,0.7140933683103458,0.6995132619491387,384,96.0,0.014283846416519419
OP,2026-05-16 07:45:00+00:00,2026-05-16 07:45:00+00:00,2026-05-17 23:45:00+00:00,1,0.1333,0.12708103646474195,0.14591251045249584,0.12708103646474195,stop,-1.0,-1.0272147718414077,160,40.0,0.006218963535258054
OP,2026-05-18 00:00:00+00:00,2026-05-18 00:00:00+00:00,2026-05-22 00:00:00+00:00,1,0.1281,0.1223821389357083,0.1397646573498669,0.1323,tempo,0.734540408165775,0.7049384297166944,384,96.0,0.005717861064291688
OP,2026-06-05 19:30:00+00:00,2026-06-05 19:30:00+00:00,2026-06-09 19:30:00+00:00,1,0.0946,0.08477877298060944,0.11486758876247166,0.0956,tempo,0.10182027133938037,0.0892322311936928,384,96.0,0.00982122701939056
OP,2026-07-27 23:30:00+00:00,2026-07-27 23:30:00+00:00,2026-07-31 23:30:00+00:00,1,0.0871,0.08389987814219962,0.09367850602200098,0.0855,tempo,-0.49998096044372575,-0.5350390004138394,384,96.0,0.0032001218578003726
OP,2026-08-20 18:15:00+00:00,2026-08-20 18:15:00+00:00,2026-08-21 00:15:00+00:00,-1,0.09442,0.09891160184749162,0.08605650518487724,0.09891160184749162,stop,-1.0,-1.0279778897301526,24,6.0,0.004491601847491616
OP,2026-08-22 05:15:00+00:00,2026-08-22 05:15:00+00:00,2026-08-26 05:15:00+00:00,-1,0.10978,0.12097699335429181,0.0922891837944875,0.10151,tempo,0.7385911323087558,0.7263254735149728,384,96.0,0.011196993354291807
SUI,2025-04-07 01:30:00+00:00,2025-04-07 01:30:00+00:00,2025-04-07 06:30:00+00:00,1,1.9482,1.814154825421786,2.2218722140123037,1.814154825421786,stop,-1.0,-1.01824407811933,20,5.0,0.13404517457821385
SUI,2025-04-07 10:15:00+00:00,2025-04-07 10:15:00+00:00,2025-04-09 17:45:00+00:00,1,1.8405,1.6915996783520262,2.172312226817832,2.172312226817832,alvo,2.2284184691171682,2.2109011936770377,222,55.5,0.14890032164797384
SUI,2025-04-22 15:30:00+00:00,2025-04-22 15:30:00+00:00,2025-04-22 21:45:00+00:00,-1,2.4144,2.5478890301439794,2.1845408221550806,2.5478890301439794,stop,-1.0,-1.024162943322868,25,6.25,0.13348903014397928
SUI,2025-04-26 08:45:00+00:00,2025-04-26 08:45:00+00:00,2025-04-28 11:30:00+00:00,-1,3.5154,3.8633840815346363,2.9246134202937673,3.8633840815346363,stop,-1.0,-1.0137828421111847,203,50.75,0.3479840815346362
SUI,2025-04-28 12:00:00+00:00,2025-04-28 12:00:00+00:00,2025-05-02 12:00:00+00:00,-1,3.7895,4.111875984540418,3.245840632693243,3.4437,tempo,1.0726605472581199,1.0580763963738578,384,96.0,0.3223759845404177
SUI,2025-05-08 17:45:00+00:00,2025-05-08 17:45:00+00:00,2025-05-11 00:15:00+00:00,-1,3.9164,4.199772311040112,3.4231015953654857,4.199772311040112,stop,-1.0,-1.018616893029571,218,54.5,0.2833723110401123
SUI,2025-05-31 00:45:00+00:00,2025-05-31 00:45:00+00:00,2025-06-04 00:45:00+00:00,1,3.1768,2.9749689807094386,3.5560186142354913,3.2385,tempo,0.30570127533853,0.2850406998994453,384,96.0,0.20183101929056146
SUI,2025-06-05 21:45:00+00:00,2025-06-05 21:45:00+00:00,2025-06-07 03:00:00+00:00,1,2.9598,2.8076416710337644,3.258445919099821,3.258445919099821,alvo,1.9627313281423564,1.9361678144991974,117,29.25,0.1521583289662356
SUI,2025-06-13 01:30:00+00:00,2025-06-13 01:30:00+00:00,2025-06-17 01:30:00+00:00,1,2.9536,2.772663470992282,3.3260711678692423,3.0052,tempo,0.2851828775702841,0.26377636545666444,384,96.0,0.18093652900771762
SUI,2025-06-21 22:15:00+00:00,2025-06-21 22:15:00+00:00,2025-06-22 13:30:00+00:00,1,2.547,2.414810486205071,2.8257096821162544,2.414810486205071,stop,-1.0,-1.0243981290455204,61,15.25,0.13218951379492916
SUI,2025-06-22 21:15:00+00:00,2025-06-22 21:15:00+00:00,2025-06-23 20:30:00+00:00,1,2.392,2.2368328060325453,2.727215029313124,2.727215029313124,alvo,2.160347305007227,2.138902760680728,93,23.25,0.1551671939674546
SUI,2025-07-03 09:00:00+00:00,2025-07-03 09:00:00+00:00,2025-07-07 09:00:00+00:00,-1,3.0548,3.204738693870095,2.784977326086835,2.9158,tempo,0.9270455571690402,0.9011623785189558,384,96.0,0.14993869387009484
SUI,2025-07-10 05:45:00+00:00,2025-07-10 05:45:00+00:00,2025-07-10 16:30:00+00:00,-1,3.1485,3.2806035431105838,2.91905467222729,3.2806035431105838,stop,-1.0,-1.0316336504277082,43,10.75,0.13210354311058392
SUI,2025-07-11 21:00:00+00:00,2025-07-11 21:00:00+00:00,2025-07-14 00:45:00+00:00,-1,3.4372,3.6134814420525507,3.126721028109192,3.6134814420525507,stop,-1.0,-1.025997875238438,207,51.75,0.17628144205255092
SUI,2025-07-14 21:15:00+00:00,2025-07-14 21:15:00+00:00,2025-07-15 17:15:00+00:00,-1,3.8364,4.06019791907364,3.425899859531939,4.06019791907364,stop,-1.0,-1.0229349257072804,80,20.0,0.2237979190736401
SUI,2025-07-15 18:45:00+00:00,2025-07-15 18:45:00+00:00,2025-07-18 05:15:00+00:00,-1,3.9809,4.23554424216217,3.5532491914700803,4.23554424216217,stop,-1.0,-1.0209731377079565,234,58.5,0.2546442421621702
SUI,2025-09-13 13:15:00+00:00,2025-09-13 13:15:00+00:00,2025-09-15 08:15:00+00:00,-1,3.8456,3.98361217142442,3.5842057492111983,3.5842057492111983,alvo,1.8939941897222472,1.8590018141430251,172,43.0,0.1380121714244198
SUI,2025-09-22 06:45:00+00:00,2025-09-22 06:45:00+00:00,2025-09-24 04:15:00+00:00,1,3.3842,3.241851187019399,3.6581064917800337,3.241851187019399,stop,-1.0,-1.0302561937917216,182,45.5,0.14234881298060076
SUI,2025-09-25 12:45:00+00:00,2025-09-25 12:45:00+00:00,2025-09-29 12:45:00+00:00,1,3.1901,3.045198043330401,3.439397185471411,3.2225,tempo,0.22359946507746242,0.1948338769805109,384,96.0,0.14490195666959904
SUI,2025-10-10 21:45:00+00:00,2025-10-10 21:45:00+00:00,2025-10-14 21:45:00+00:00,1,2.403,1.8279315660684334,3.451305421754259,2.8128,tempo,0.7126108404148063,0.7067154203222413,384,96.0,0.5750684339315666
SUI,2025-10-30 20:15:00+00:00,2025-10-30 20:15:00+00:00,2025-11-03 15:30:00+00:00,1,2.2304,2.098709470971697,2.513694864001447,2.098709470971697,stop,-1.0,-1.0213676805529943,365,91.25,0.1316905290283028
SUI,2025-11-03 17:00:00+00:00,2025-11-03 17:00:00+00:00,2025-11-04 06:00:00+00:00,1,2.0963,1.9756805031326379,2.3564309375715,1.9756805031326379,stop,-1.0,-1.021943279451304,52,13.0,0.12061949686736195
SUI,2025-11-04 06:15:00+00:00,2025-11-04 06:15:00+00:00,2025-11-04 18:30:00+00:00,1,2.0485,1.915893897835379,2.3046231973999785,1.915893897835379,stop,-1.0,-1.0194324091540976,49,12.25,0.1326061021646212
SUI,2025-11-04 18:45:00+00:00,2025-11-04 18:45:00+00:00,2025-11-04 20:30:00+00:00,1,1.9554,1.8162811379766124,2.2553187457381862,1.8162811379766124,stop,-1.0,-1.0176222886244761,7,1.75,0.13911886202338763
SUI,2025-11-04 22:00:00+00:00,2025-11-04 22:00:00+00:00,2025-11-08 22:00:00+00:00,1,1.9306,1.783885791184647,2.238806183063781,2.113,tempo,1.2432333682796817,1.2253186753455576,384,96.0,0.14671420881535302
SUI,2025-11-14 05:00:00+00:00,2025-11-14 05:00:00+00:00,2025-11-16 13:15:00+00:00,1,1.8001,1.6932034833173262,2.0316744242912006,1.6932034833173262,stop,-1.0,-1.0212415458858848,225,56.25,0.10689651668267386
SUI,2025-11-21 13:45:00+00:00,2025-11-21 13:45:00+00:00,2025-11-25 13:45:00+00:00,1,1.3902,1.2835556870638218,1.6259089048054531,1.5103,tempo,1.1261735079288684,1.1084948812108335,384,96.0,0.10664431293617826
SUI,2025-12-01 16:00:00+00:00,2025-12-01 16:00:00+00:00,2025-12-02 15:15:00+00:00,1,1.3284,1.2522619178720649,1.4853515305667426,1.4853515305667426,alvo,2.061406410303536,2.0373850737561403,93,23.25,0.07613808212793516
SUI,2025-12-03 09:45:00+00:00,2025-12-03 09:45:00+00:00,2025-12-07 09:45:00+00:00,-1,1.7065,1.833241845682033,1.49323091323416,1.5678,tempo,1.0943504826966706,1.0775581203277382,384,96.0,0.12674184568203306
SUI,2026-01-04 21:45:00+00:00,2026-01-04 21:45:00+00:00,2026-01-05 19:00:00+00:00,-1,1.7005,1.7763054590341896,1.561638421166633,1.7763054590341896,stop,-1.0,-1.0298121477946984,85,21.25,0.07580545903418967
SUI,2026-01-06 16:30:00+00:00,2026-01-06 16:30:00+00:00,2026-01-10 16:30:00+00:00,-1,1.8857,2.0014796249841043,1.6824488372657163,1.8034,tempo,0.71083318857959,0.6901221610535532,384,96.0,0.11577962498410432
SUI,2026-01-19 02:00:00+00:00,2026-01-19 02:00:00+00:00,2026-01-20 22:45:00+00:00,1,1.5783,1.4834272956287857,1.7847908693143768,1.4834272956287857,stop,-1.0,-1.020976768348163,179,44.75,0.09487270437121431
SUI,2026-01-21 00:45:00+00:00,2026-01-21 00:45:00+00:00,2026-01-25 00:45:00+00:00,1,1.4925,1.414603094570267,1.6588303400407818,1.4832,tempo,-0.11938856811698315,-0.14421888697662968,384,96.0,0.07789690542973293
SUI,2026-01-25 19:45:00+00:00,2026-01-25 19:45:00+00:00,2026-01-29 15:00:00+00:00,1,1.3892,1.3265170979704488,1.516689069091675,1.3265170979704488,stop,-1.0,-1.0281610464181858,365,91.25,0.06268290202955118
SUI,2026-01-29 16:15:00+00:00,2026-01-29 16:15:00+00:00,2026-01-30 18:30:00+00:00,1,1.302,1.2368496577929236,1.4369166412132068,1.2368496577929236,stop,-1.0,-1.0253299095854351,105,26.25,0.0651503422070765
SUI,2026-01-31 16:30:00+00:00,2026-01-31 16:30:00+00:00,2026-01-31 17:15:00+00:00,1,1.1778,1.1007027435755725,1.3478253594087048,1.1007027435755725,stop,-1.0,-1.0192098506744642,3,0.75,0.07709725642442744
SUI,2026-01-31 23:30:00+00:00,2026-01-31 23:30:00+00:00,2026-02-02 03:30:00+00:00,1,1.1535,1.0686708917700891,1.3239545101771582,1.0686708917700891,stop,-1.0,-1.0170273047753349,112,28.0,0.08482910822991085
SUI,2026-02-02 04:00:00+00:00,2026-02-02 04:00:00+00:00,2026-02-05 11:00:00+00:00,1,1.1091,1.0197965349076425,1.253502971654161,1.0197965349076425,stop,-1.0,-1.015495286171246,316,79.0,0.08930346509235743
SUI,2026-02-05 15:45:00+00:00,2026-02-05 15:45:00+00:00,2026-02-05 20:30:00+00:00,1,0.9688,0.8859105033850542,1.1394357303747304,0.8859105033850542,stop,-1.0,-1.0145442049527769,19,4.75,0.08288949661494582
SUI,2026-02-06 01:15:00+00:00,2026-02-06 01:15:00+00:00,2026-02-10 01:15:00+00:00,1,0.882,0.7863417532361844,1.1075317187199767,0.9666,tempo,0.8843983959781438,0.871837116207182,384,96.0,0.09565824676381562
SUI,2026-04-08 00:00:00+00:00,2026-04-08 00:00:00+00:00,2026-04-12 00:00:00+00:00,-1,0.9594,1.0059726533465319,0.8768664824548524,0.941,tempo,0.3950816343464849,0.36855834414850464,384,96.0,0.04657265334653182
SUI,2026-05-06 13:30:00+00:00,2026-05-06 13:30:00+00:00,2026-05-08 18:00:00+00:00,-1,0.9977,1.0341825825454762,0.944882402294278,1.0341825825454762,stop,-1.0,-1.0362014853802703,210,52.5,0.036482582545476205
SUI,2026-05-09 05:00:00+00:00,2026-05-09 05:00:00+00:00,2026-05-10 08:45:00+00:00,-1,1.0736,1.1263518157885302,0.9759861199215027,1.1263518157885302,stop,-1.0,-1.0271074778922296,111,27.75,0.052751815788530054
SUI,2026-05-10 12:45:00+00:00,2026-05-10 12:45:00+00:00,2026-05-10 15:45:00+00:00,-1,1.1258,1.1885474636263131,1.0128105886280616,1.1885474636263131,stop,-1.0,-1.0239742893882688,12,3.0,0.06274746362631323
SUI,2026-05-11 07:30:00+00:00,2026-05-11 07:30:00+00:00,2026-05-15 07:30:00+00:00,-1,1.2571,1.3615126835266305,1.073001620780729,1.1583,tempo,0.9462451941942586,0.9312086110228321,384,96.0,0.10441268352663036
SUI,2026-05-28 07:30:00+00:00,2026-05-28 07:30:00+00:00,2026-05-31 14:30:00+00:00,1,0.9224,0.8759543724814313,1.021666072987788,0.8759543724814313,stop,-1.0,-1.025167715553969,316,79.0,0.04644562751856873
SUI,2026-06-02 16:15:00+00:00,2026-06-02 16:15:00+00:00,2026-06-02 23:30:00+00:00,1,0.8316,0.7923758423526552,0.9046912511869015,0.7923758423526552,stop,-1.0,-1.0269115861459597,29,7.25,0.03922415764734477
SUI,2026-06-03 00:00:00+00:00,2026-06-03 00:00:00+00:00,2026-06-04 02:15:00+00:00,1,0.8081,0.7665345713095207,0.8956380764808577,0.7665345713095207,stop,-1.0,-1.0246241288396871,105,26.25,0.0415654286904793
SUI,2026-06-05 07:30:00+00:00,2026-06-05 07:30:00+00:00,2026-06-09 07:30:00+00:00,1,0.7036,0.6458376630095201,0.8350861691837167,0.7519,tempo,0.8361850042175498,0.8198062520878372,384,96.0,0.057762336990479946
SUI,2026-07-27 23:30:00+00:00,2026-07-27 23:30:00+00:00,2026-07-31 23:30:00+00:00,1,0.6816,0.6599132762722473,0.7243015458412329,0.6831,tempo,0.06916674085170792,0.028263605314234955,384,96.0,0.02168672372775271
SUI,2026-08-20 17:30:00+00:00,2026-08-20 17:30:00+00:00,2026-08-21 08:30:00+00:00,-1,0.7474,0.7841562315670393,0.6823622575232767,0.7841562315670393,stop,-1.0,-1.0270841571096012,60,15.0,0.03675623156703933
SUI,2026-08-21 12:00:00+00:00,2026-08-21 12:00:00+00:00,2026-08-21 21:45:00+00:00,-1,0.7843,0.8317802640012427,0.6989276186192107,0.8317802640012427,stop,-1.0,-1.0221239749545898,39,9.75,0.04748026400124272
SUI,2026-08-22 05:15:00+00:00,2026-08-22 05:15:00+00:00,2026-08-26 05:15:00+00:00,-1,0.8532,0.9426021537901005,0.7275218102023518,0.7596,tempo,1.0469546429469152,1.0352287509459097,384,96.0,0.08940215379010052
