activo,sinal_em,entrada_em,saida_em,lado,entrada,stop,alvo,saida,motivo,R_bruto,R_liquido,duracao,duracao_h,R_preco
BTC,2023-01-04 01:30:00+00:00,2023-01-04 01:30:00+00:00,2023-01-08 01:30:00+00:00,1,16706.1,16536.974007400488,17044.35198519902,16928.7,tempo,1.3161785280818266,1.1869102845435875,384,96.0,169.12599259951094
BTC,2023-01-10 15:45:00+00:00,2023-01-10 15:45:00+00:00,2023-01-10 20:30:00+00:00,-1,17266.4,17467.550868046423,16864.09826390716,17467.550868046423,stop,-1.0,-1.1122394761876935,19,4.75,201.15086804642124
BTC,2023-01-12 16:30:00+00:00,2023-01-12 16:30:00+00:00,2023-01-12 17:45:00+00:00,-1,18125.1,18539.702930663498,17295.894138673,18539.702930663498,stop,-1.0,-1.0574817979863098,5,1.25,414.60293066349914
BTC,2023-01-21 16:00:00+00:00,2023-01-21 16:00:00+00:00,2023-01-25 16:00:00+00:00,1,22996.2,22113.393909565104,24761.812180869794,22573.3,tempo,-0.47904064616462744,-0.5125929464046589,384,96.0,882.8060904348968
BTC,2023-01-25 21:15:00+00:00,2023-01-25 21:15:00+00:00,2023-01-25 22:00:00+00:00,-1,22928.1,23634.50347787372,21515.293044252554,23634.50347787372,stop,-1.0,-1.0428447667779295,3,0.75,706.4034778737223
BTC,2023-01-30 05:00:00+00:00,2023-01-30 05:00:00+00:00,2023-02-03 05:00:00+00:00,-1,23716.3,24335.870276770383,22477.15944645923,23516.0,tempo,0.3232885880905992,0.2737365095757386,384,96.0,619.5702767703842
BTC,2023-02-04 11:45:00+00:00,2023-02-04 11:45:00+00:00,2023-02-08 11:45:00+00:00,-1,23355.3,23953.362818873968,22159.174362252063,23143.0,tempo,0.3549794324277128,0.30444311074681396,384,96.0,598.0628188739684
BTC,2023-02-10 07:15:00+00:00,2023-02-10 07:15:00+00:00,2023-02-14 07:15:00+00:00,1,21839.9,21287.814466699474,22944.071066601056,21737.9,tempo,-0.1847539807649268,-0.23606046914664824,384,96.0,552.0855333005275
BTC,2023-02-15 04:15:00+00:00,2023-02-15 04:15:00+00:00,2023-02-15 12:15:00+00:00,-1,22088.0,22650.64465628723,20962.71068742554,22650.64465628723,stop,-1.0,-1.051684697795728,32,8.0,562.6446562872297
BTC,2023-02-17 14:30:00+00:00,2023-02-17 14:30:00+00:00,2023-02-21 14:30:00+00:00,1,23878.3,23064.052357842647,25506.795284314703,24642.0,tempo,0.937921045711075,0.8991881180768735,384,96.0,814.247642157352
BTC,2023-02-26 10:00:00+00:00,2023-02-26 10:00:00+00:00,2023-03-02 10:00:00+00:00,1,23268.2,22635.700722467343,24533.198555065315,23387.7,tempo,0.18893302213112798,0.14098619266074303,384,96.0,632.4992775326573
BTC,2023-03-06 19:15:00+00:00,2023-03-06 19:15:00+00:00,2023-03-07 15:15:00+00:00,1,22488.0,21989.93475868981,23484.130482620378,21989.93475868981,stop,-1.0,-1.0580459249015195,80,20.0,498.06524131018887
BTC,2023-03-13 18:30:00+00:00,2023-03-13 18:30:00+00:00,2023-03-17 10:45:00+00:00,1,24172.4,22911.974550700405,26693.250898599195,26693.250898599195,alvo,2.0,1.9737686404995536,353,88.25,1260.425449299597
BTC,2023-03-18 02:15:00+00:00,2023-03-18 02:15:00+00:00,2023-03-22 02:15:00+00:00,-1,27364.3,28835.30941480441,24422.281170391176,28094.0,tempo,-0.49605392912935437,-0.5205594792891356,384,96.0,1471.0094148044118
BTC,2023-03-29 03:00:00+00:00,2023-03-29 03:00:00+00:00,2023-03-29 08:15:00+00:00,-1,27385.0,28262.5347696425,25629.930460714997,28262.5347696425,stop,-1.0,-1.0412187628930114,21,5.25,877.5347696425015
BTC,2023-03-30 15:15:00+00:00,2023-03-30 15:15:00+00:00,2023-04-03 15:15:00+00:00,1,28420.0,27420.639058069468,30418.721883861064,27952.5,tempo,-0.4677989506943298,-0.5044645071140313,384,96.0,999.3609419305321
BTC,2023-04-04 21:15:00+00:00,2023-04-04 21:15:00+00:00,2023-04-08 21:15:00+00:00,-1,28221.3,28994.878073811673,26674.143852376652,27920.9,tempo,0.38832538068178196,0.34115182285304235,384,96.0,773.5780738116737
BTC,2023-04-11 18:30:00+00:00,2023-04-11 18:30:00+00:00,2023-04-15 18:30:00+00:00,1,30171.4,29454.869618236826,31604.460763526353,30266.8,tempo,0.13314159793928876,0.07831513000455681,384,96.0,716.5303817631757
BTC,2023-04-18 12:45:00+00:00,2023-04-18 12:45:00+00:00,2023-04-19 08:30:00+00:00,-1,30276.9,30891.288176135018,29048.123647729968,29048.123647729968,alvo,2.0,1.9372363159499504,79,19.75,614.3881761350167
BTC,2023-04-23 04:45:00+00:00,2023-04-23 04:45:00+00:00,2023-04-26 11:00:00+00:00,1,27583.0,26867.309882801965,29014.38023439607,29014.38023439607,alvo,2.0,1.9485974498343144,313,78.25,715.6901171980353
BTC,2023-04-26 20:30:00+00:00,2023-04-26 20:30:00+00:00,2023-04-27 18:30:00+00:00,1,27535.4,26435.193650954337,29735.81269809133,29735.81269809133,alvo,2.0,1.9661642670158648,88,22.0,1100.206349045664
BTC,2023-04-30 05:15:00+00:00,2023-04-30 05:15:00+00:00,2023-05-01 05:45:00+00:00,1,29226.0,28209.54027099286,31258.91945801428,28209.54027099286,stop,-1.0,-1.0367285590474025,98,24.5,1016.4597290071397
BTC,2023-05-04 00:30:00+00:00,2023-05-04 00:30:00+00:00,2023-05-08 00:30:00+00:00,1,29023.6,28086.3328003793,30898.134399241397,28572.9,tempo,-0.4808660755250904,-0.520809567642547,384,96.0,937.2671996206991
BTC,2023-05-10 17:30:00+00:00,2023-05-10 17:30:00+00:00,2023-05-14 17:30:00+00:00,-1,27130.1,28010.908406228576,25368.483187542843,26964.8,tempo,0.18766850864625195,0.14774872047057552,384,96.0,880.808406228578
BTC,2023-05-28 05:15:00+00:00,2023-05-28 05:15:00+00:00,2023-05-28 22:15:00+00:00,1,27166.6,26693.476337680517,28112.847324638962,28112.847324638962,alvo,2.0,1.924054441528329,68,17.0,473.1236623194818
BTC,2023-05-28 23:45:00+00:00,2023-05-28 23:45:00+00:00,2023-05-31 06:00:00+00:00,-1,28063.2,28587.038624886194,27015.522750227614,27015.522750227614,alvo,2.0,1.9316561091778486,217,54.25,523.8386248861934
BTC,2023-06-02 11:30:00+00:00,2023-06-02 11:30:00+00:00,2023-06-05 15:30:00+00:00,1,27063.0,26499.01242315726,28190.975153685482,26499.01242315726,stop,-1.0,-1.0617306293694477,304,76.0,563.987576842741
BTC,2023-06-07 12:00:00+00:00,2023-06-07 12:00:00+00:00,2023-06-07 22:00:00+00:00,1,26888.4,26202.619996254776,28259.960007490452,26202.619996254776,stop,-1.0,-1.0503210399969407,40,10.0,685.7800037452253
BTC,2023-06-08 06:45:00+00:00,2023-06-08 06:45:00+00:00,2023-06-10 04:30:00+00:00,1,26458.3,25764.84433545269,27845.211329094618,25764.84433545269,stop,-1.0,-1.0489505610141692,183,45.75,693.4556645473094
BTC,2023-06-12 21:30:00+00:00,2023-06-12 21:30:00+00:00,2023-06-14 20:45:00+00:00,1,25877.2,25256.6308775561,27118.3382448878,25256.6308775561,stop,-1.0,-1.0535588846888142,189,47.25,620.5691224438997
BTC,2023-06-15 22:45:00+00:00,2023-06-15 22:45:00+00:00,2023-06-19 18:15:00+00:00,1,25633.6,24979.052760137096,26942.694479725804,26942.694479725804,alvo,2.0,1.9477889610855592,366,91.5,654.5472398629026
BTC,2023-06-24 20:45:00+00:00,2023-06-24 20:45:00+00:00,2023-06-28 20:45:00+00:00,1,30568.7,29608.30751584973,32489.48496830054,30089.4,tempo,-0.4990667960339893,-0.5401206002345549,384,96.0,960.3924841502703
BTC,2023-06-29 17:15:00+00:00,2023-06-29 17:15:00+00:00,2023-06-30 04:45:00+00:00,-1,30440.3,31176.037714748578,28968.824570502842,31176.037714748578,stop,-1.0,-1.0544360017323198,46,11.5,735.7377147485786
BTC,2023-07-04 05:00:00+00:00,2023-07-04 05:00:00+00:00,2023-07-05 11:00:00+00:00,1,31043.6,30365.163700075438,32400.47259984912,30365.163700075438,stop,-1.0,-1.0588348477366076,120,30.0,678.4362999245604
BTC,2023-07-05 18:45:00+00:00,2023-07-05 18:45:00+00:00,2023-07-06 09:00:00+00:00,-1,30429.9,31017.69067951192,29254.318640976162,31017.69067951192,stop,-1.0,-1.0679509480736378,57,14.25,587.7906795119197
BTC,2023-07-09 06:00:00+00:00,2023-07-09 06:00:00+00:00,2023-07-13 06:00:00+00:00,1,30249.3,29706.297628456505,31335.30474308699,30308.1,tempo,0.10828681987678831,0.03579669448725846,384,96.0,543.0023715434945
BTC,2023-07-16 06:15:00+00:00,2023-07-16 06:15:00+00:00,2023-07-18 17:00:00+00:00,1,30223.3,29595.38476535893,31479.13046928214,29595.38476535893,stop,-1.0,-1.0619226018934056,235,58.75,627.9152346410701
BTC,2023-07-20 04:45:00+00:00,2023-07-20 04:45:00+00:00,2023-07-24 04:45:00+00:00,1,29954.9,29455.55066422196,30953.598671556087,29770.5,tempo,-0.36928055529038695,-0.44702474601712877,384,96.0,499.3493357780426
BTC,2023-07-28 12:30:00+00:00,2023-07-28 12:30:00+00:00,2023-08-01 12:30:00+00:00,-1,29274.5,29693.381256655328,28436.737486689344,28811.1,tempo,1.1062801035791041,1.0161456337260717,384,96.0,418.8812566553279
BTC,2023-08-06 22:45:00+00:00,2023-08-06 22:45:00+00:00,2023-08-08 12:15:00+00:00,-1,29110.0,29447.58474786349,28434.83050427302,29447.58474786349,stop,-1.0,-1.1127492587476218,150,37.5,337.5847478634896
BTC,2023-08-11 20:00:00+00:00,2023-08-11 20:00:00+00:00,2023-08-15 20:00:00+00:00,1,29387.8,28985.322972508573,30192.75405498285,29172.4,tempo,-0.5351858249961517,-0.6297604898838536,384,96.0,402.47702749142627
BTC,2023-08-16 19:00:00+00:00,2023-08-16 19:00:00+00:00,2023-08-17 00:45:00+00:00,-1,29161.9,29498.67414526011,28488.351709479786,28488.351709479786,alvo,2.0,1.8887305806025583,23,5.75,336.7741452601076
BTC,2023-08-18 07:15:00+00:00,2023-08-18 07:15:00+00:00,2023-08-22 07:15:00+00:00,-1,26469.8,28715.581580742935,21978.236838514127,26065.0,tempo,0.18024905158679133,0.16504382402022474,384,96.0,2245.781580742936
BTC,2023-09-03 12:45:00+00:00,2023-09-03 12:45:00+00:00,2023-09-06 17:15:00+00:00,1,26014.5,25441.30464896655,27160.8907020669,25441.30464896655,stop,-1.0,-1.0583505657565537,306,76.5,573.1953510334497
BTC,2023-09-10 08:30:00+00:00,2023-09-10 08:30:00+00:00,2023-09-11 14:15:00+00:00,1,25853.0,25461.437769757533,26636.124460484934,25461.437769757533,stop,-1.0,-1.0851828444477098,119,29.75,391.5622302424672
BTC,2023-09-12 12:15:00+00:00,2023-09-12 12:15:00+00:00,2023-09-14 13:30:00+00:00,-1,26144.4,26784.3262136433,24864.547572713403,26784.3262136433,stop,-1.0,-1.0537619358378794,197,49.25,639.926213643299
BTC,2023-09-22 03:00:00+00:00,2023-09-22 03:00:00+00:00,2023-09-26 03:00:00+00:00,-1,26558.0,27070.49567610217,25533.008647795657,26343.0,tempo,0.4195157345232656,0.3524212172357776,384,96.0,512.4956761021713
BTC,2023-10-07 01:15:00+00:00,2023-10-07 01:15:00+00:00,2023-10-11 01:15:00+00:00,-1,27927.1,28552.50119463053,26676.297610738933,27447.6,tempo,0.7667078414892915,0.7091550972524279,384,96.0,625.4011946305327
BTC,2023-10-11 23:15:00+00:00,2023-10-11 23:15:00+00:00,2023-10-15 20:45:00+00:00,-1,26770.5,27246.15471260025,25819.190574799497,27246.15471260025,stop,-1.0,-1.0738157840826397,374,93.5,475.6547126002515
BTC,2023-10-19 11:45:00+00:00,2023-10-19 11:45:00+00:00,2023-10-23 01:45:00+00:00,1,28410.5,27376.463150094554,30478.57369981089,30478.57369981089,alvo,2.0,1.9629820756306922,344,86.0,1034.0368499054457
BTC,2023-10-23 20:30:00+00:00,2023-10-23 20:30:00+00:00,2023-10-23 22:45:00+00:00,1,31588.6,30604.912410981557,33555.97517803688,33555.97517803688,alvo,2.0,1.9569538394725745,9,2.25,983.6875890184419
BTC,2023-10-25 23:00:00+00:00,2023-10-25 23:00:00+00:00,2023-10-29 23:00:00+00:00,1,34603.0,32842.22935813516,38124.541283729675,34708.2,tempo,0.059746566360613235,0.034159883502086597,384,96.0,1760.7706418648377
BTC,2023-10-30 12:30:00+00:00,2023-10-30 12:30:00+00:00,2023-11-03 12:30:00+00:00,1,34835.7,33842.366699580685,36822.36660083862,34311.5,tempo,-0.527718138291265,-0.5729654686495921,384,96.0,993.3333004193119
BTC,2023-11-04 08:15:00+00:00,2023-11-04 08:15:00+00:00,2023-11-08 08:15:00+00:00,1,34753.2,33875.3496060429,36508.90078791419,35272.0,tempo,0.5909890837565194,0.5391392693538335,384,96.0,877.8503939570946
BTC,2023-11-09 13:00:00+00:00,2023-11-09 13:00:00+00:00,2023-11-09 14:15:00+00:00,-1,36892.1,37784.59477772633,35107.11044454734,37784.59477772633,stop,-1.0,-1.0543867065857568,5,1.25,892.4947777263296
BTC,2023-11-14 11:15:00+00:00,2023-11-14 11:15:00+00:00,2023-11-14 19:00:00+00:00,-1,36404.7,37206.15578530889,34801.78842938221,34801.78842938221,alvo,2.0,1.9422498179843322,31,7.75,801.4557853088918
BTC,2023-11-18 07:00:00+00:00,2023-11-18 07:00:00+00:00,2023-11-22 07:00:00+00:00,1,36267.3,35286.55031922415,38228.799361551704,36511.4,tempo,0.24889123574008823,0.20065654759563012,384,96.0,980.7496807758507
BTC,2023-11-25 10:45:00+00:00,2023-11-25 10:45:00+00:00,2023-11-27 16:15:00+00:00,1,37649.7,36709.948043446195,39529.2039131076,36709.948043446195,stop,-1.0,-1.051432477358692,214,53.5,939.7519565538023
BTC,2023-11-29 17:30:00+00:00,2023-11-29 17:30:00+00:00,2023-12-01 09:30:00+00:00,-1,37699.9,38519.481615644,36060.736768712006,38519.481615644,stop,-1.0,-1.0604486448994341,160,40.0,819.5816156439978
BTC,2023-12-03 21:00:00+00:00,2023-12-03 21:00:00+00:00,2023-12-03 22:45:00+00:00,-1,39556.1,40328.01513026735,38012.2697394653,40328.01513026735,stop,-1.0,-1.067267336522721,7,1.75,771.915130267349
BTC,2023-12-04 22:00:00+00:00,2023-12-04 22:00:00+00:00,2023-12-05 17:30:00+00:00,1,42050.0,40980.25487165721,44189.490256685574,44189.490256685574,alvo,2.0,1.9475990428171568,78,19.5,1069.7451283427872
BTC,2023-12-07 22:45:00+00:00,2023-12-07 22:45:00+00:00,2023-12-08 21:30:00+00:00,-1,43267.1,44531.178672417715,40738.94265516457,44531.178672417715,stop,-1.0,-1.0451466213158394,91,22.75,1264.078672417716
BTC,2023-12-10 15:30:00+00:00,2023-12-10 15:30:00+00:00,2023-12-11 02:15:00+00:00,-1,43950.1,44958.49395457864,41933.312090842715,41933.312090842715,alvo,2.0,1.9446404675419005,43,10.75,1008.3939545786416
BTC,2023-12-17 05:15:00+00:00,2023-12-17 05:15:00+00:00,2023-12-18 01:45:00+00:00,1,42050.8,40956.00942784069,44240.38114431863,40956.00942784069,stop,-1.0,-1.0492828742776614,82,20.5,1094.7905721593124
BTC,2023-12-18 03:30:00+00:00,2023-12-18 03:30:00+00:00,2023-12-19 02:00:00+00:00,1,41070.0,39987.33869027547,43235.322619449056,43235.322619449056,alvo,2.0,1.9493854087049765,90,22.5,1082.661309724528
BTC,2023-12-20 00:15:00+00:00,2023-12-20 00:15:00+00:00,2023-12-24 00:15:00+00:00,1,42350.0,41119.074739408825,44811.85052118235,43680.5,tempo,1.0808942204671323,1.0354651218936386,384,96.0,1230.9252605911752
BTC,2023-12-27 00:00:00+00:00,2023-12-27 00:00:00+00:00,2023-12-29 22:30:00+00:00,1,42538.6,41567.51411612684,44480.771767746315,41567.51411612684,stop,-1.0,-1.0562967447919605,282,70.5,971.0858838731583
BTC,2023-12-30 23:45:00+00:00,2023-12-30 23:45:00+00:00,2024-01-01 18:30:00+00:00,-1,42216.6,43212.406294515255,40224.98741096949,43212.406294515255,stop,-1.0,-1.0557627064593578,171,42.75,995.806294515256
BTC,2024-01-02 06:15:00+00:00,2024-01-02 06:15:00+00:00,2024-01-03 12:15:00+00:00,-1,45280.0,46413.5485824531,43012.9028350938,43012.9028350938,alvo,2.0,1.9493710391145185,120,30.0,1133.5485824530988
BTC,2024-01-17 12:30:00+00:00,2024-01-17 12:30:00+00:00,2024-01-18 20:00:00+00:00,1,42649.5,41127.55480803276,45693.390383934486,41127.55480803276,stop,-1.0,-1.0357799255273006,126,31.5,1521.9451919672429
BTC,2024-01-19 10:45:00+00:00,2024-01-19 10:45:00+00:00,2024-01-22 19:00:00+00:00,1,41361.0,40034.391890145744,44014.21621970851,40034.391890145744,stop,-1.0,-1.0398814121032376,321,80.25,1326.6081098542563
BTC,2024-01-23 17:30:00+00:00,2024-01-23 17:30:00+00:00,2024-01-26 10:45:00+00:00,-1,39411.0,40624.639641968846,36983.72071606231,40624.639641968846,stop,-1.0,-1.042865414055596,261,65.25,1213.6396419688463
BTC,2024-01-27 05:00:00+00:00,2024-01-27 05:00:00+00:00,2024-01-29 16:30:00+00:00,-1,41828.7,42947.84860997189,39590.40278005622,42947.84860997189,stop,-1.0,-1.0492381048463848,238,59.5,1119.1486099718895
BTC,2024-01-31 13:15:00+00:00,2024-01-31 13:15:00+00:00,2024-02-04 13:15:00+00:00,1,42540.3,41520.11509388391,44580.66981223218,42959.4,tempo,0.41080788148056346,0.3563326538362172,384,96.0,1020.1849061160901
BTC,2024-02-05 08:00:00+00:00,2024-02-05 08:00:00+00:00,2024-02-07 20:30:00+00:00,-1,43058.9,43920.02776249028,41336.64447501944,43920.02776249028,stop,-1.0,-1.0656537920483744,242,60.5,861.1277624902796
BTC,2024-02-11 16:45:00+00:00,2024-02-11 16:45:00+00:00,2024-02-12 15:45:00+00:00,-1,48121.6,49270.5153264051,45823.7693471898,49270.5153264051,stop,-1.0,-1.0550996870763674,92,23.0,1148.9153264050983
BTC,2024-02-13 20:15:00+00:00,2024-02-13 20:15:00+00:00,2024-02-14 09:00:00+00:00,-1,49194.5,50586.18880329789,46411.12239340422,50586.18880329789,stop,-1.0,-1.0466034127517954,51,12.75,1391.6888032978895
BTC,2024-02-17 19:30:00+00:00,2024-02-17 19:30:00+00:00,2024-02-20 13:45:00+00:00,-1,51439.7,52786.42528713303,48746.24942573393,52786.42528713303,stop,-1.0,-1.05030497465512,265,66.25,1346.7252871330347
BTC,2024-02-20 19:30:00+00:00,2024-02-20 19:30:00+00:00,2024-02-24 19:30:00+00:00,1,51752.3,50372.593928983406,54511.7121420332,51536.9,tempo,-0.15612020887991754,-0.20478128344526414,384,96.0,1379.706071016597
BTC,2024-02-25 19:15:00+00:00,2024-02-25 19:15:00+00:00,2024-02-26 16:15:00+00:00,1,51601.6,50569.342445494294,53666.11510901141,53666.11510901141,alvo,2.0,1.9337142028922982,84,21.0,1032.2575545057043
BTC,2024-02-28 02:45:00+00:00,2024-02-28 02:45:00+00:00,2024-02-28 08:15:00+00:00,-1,56968.3,58689.28373472452,53526.332530550964,58689.28373472452,stop,-1.0,-1.043682823905134,22,5.5,1720.9837347245193
BTC,2024-03-01 18:00:00+00:00,2024-03-01 18:00:00+00:00,2024-03-04 08:15:00+00:00,-1,61976.9,64854.054327059974,56222.59134588006,64854.054327059974,stop,-1.0,-1.0286533536061067,249,62.25,2877.1543270599723
BTC,2024-03-05 11:45:00+00:00,2024-03-05 11:45:00+00:00,2024-03-05 20:00:00+00:00,-1,66604.6,69389.39142004492,61035.017159910174,61035.017159910174,alvo,2.0,1.9702075528685006,33,8.25,2784.791420044916
BTC,2024-03-11 09:00:00+00:00,2024-03-11 09:00:00+00:00,2024-03-15 09:00:00+00:00,-1,71315.0,74218.22560410596,65508.54879178808,67122.6,tempo,1.444048989534533,1.41305434692986,384,96.0,2903.225604105959
BTC,2024-03-19 03:00:00+00:00,2024-03-19 03:00:00+00:00,2024-03-23 03:00:00+00:00,-1,65929.4,68856.20097126902,60075.79805746194,63892.8,tempo,0.6958450608675814,0.6670134352024403,384,96.0,2926.8009712690255
BTC,2024-03-24 05:15:00+00:00,2024-03-24 05:15:00+00:00,2024-03-24 22:15:00+00:00,-1,64199.7,66933.08213025524,58732.93573948952,66933.08213025524,stop,-1.0,-1.0311834585589783,68,17.0,2733.3821302552387
BTC,2024-03-24 23:15:00+00:00,2024-03-24 23:15:00+00:00,2024-03-25 16:45:00+00:00,-1,67606.5,70352.91229395353,62113.67541209294,70352.91229395353,stop,-1.0,-1.0326511857627838,70,17.5,2746.41229395353
BTC,2024-03-28 16:30:00+00:00,2024-03-28 16:30:00+00:00,2024-04-01 16:30:00+00:00,-1,70994.7,73687.27548141757,65609.54903716485,68710.0,tempo,0.8485184596560165,0.8147931079892948,384,96.0,2692.5754814175743
BTC,2024-04-05 02:30:00+00:00,2024-04-05 02:30:00+00:00,2024-04-08 09:30:00+00:00,1,67913.8,65663.83272031888,72413.73455936224,72413.73455936224,alvo,2.0,1.9594603449182102,316,79.0,2249.967279681121
BTC,2024-04-10 06:15:00+00:00,2024-04-10 06:15:00+00:00,2024-04-12 17:30:00+00:00,1,69271.0,67180.1795374866,73452.64092502679,67180.1795374866,stop,-1.0,-1.0424203169471316,237,59.25,2090.820462513395
BTC,2024-04-15 11:45:00+00:00,2024-04-15 11:45:00+00:00,2024-04-19 11:45:00+00:00,-1,65989.2,69307.51930826793,59352.561383464126,65318.3,tempo,0.2021806636656025,0.1764598492800363,384,96.0,3318.3193082679354
BTC,2024-04-21 14:45:00+00:00,2024-04-21 14:45:00+00:00,2024-04-25 14:45:00+00:00,-1,64891.0,67646.82359324378,59379.352813512436,63489.8,tempo,0.5084505421302001,0.47817011336669685,384,96.0,2755.823593243782
BTC,2024-04-28 06:30:00+00:00,2024-04-28 06:30:00+00:00,2024-04-29 05:45:00+00:00,1,63770.1,62043.26615082604,67223.76769834792,62043.26615082604,stop,-1.0,-1.0473575891723204,93,23.25,1726.833849173956
BTC,2024-05-04 21:15:00+00:00,2024-05-04 21:15:00+00:00,2024-05-08 21:15:00+00:00,-1,63964.2,66316.3075679662,59259.98486406759,61482.0,tempo,1.055308878643795,1.020642084016496,384,96.0,2352.1075679662026
BTC,2024-05-10 15:00:00+00:00,2024-05-10 15:00:00+00:00,2024-05-14 15:00:00+00:00,1,61034.7,59152.63435886429,64798.83128227141,61772.1,tempo,0.3918035502497289,0.3493903536771422,384,96.0,1882.065641135705
BTC,2024-05-16 06:30:00+00:00,2024-05-16 06:30:00+00:00,2024-05-20 06:30:00+00:00,-1,65920.1,67766.06306327802,62228.17387344397,67038.0,tempo,-0.6055917489566958,-0.6524089181185383,384,96.0,1845.9630632780172
BTC,2024-05-20 13:30:00+00:00,2024-05-20 13:30:00+00:00,2024-05-20 20:00:00+00:00,1,66959.9,65410.1928428616,70059.31431427678,70059.31431427678,alvo,2.0,1.9425294715236794,26,6.5,1549.707157138393
BTC,2024-05-24 02:45:00+00:00,2024-05-24 02:45:00+00:00,2024-05-28 02:45:00+00:00,1,67714.9,65705.02276651906,71734.65446696186,68684.3,tempo,0.4823180161711132,0.43820612788107594,384,96.0,2009.8772334809328
BTC,2024-05-30 00:15:00+00:00,2024-05-30 00:15:00+00:00,2024-06-03 00:15:00+00:00,1,67788.5,66095.06374286045,71175.3725142791,67876.5,tempo,0.051965345391059736,-0.00010762141133546094,384,96.0,1693.4362571395468
BTC,2024-06-06 15:00:00+00:00,2024-06-06 15:00:00+00:00,2024-06-07 18:00:00+00:00,1,71514.4,69947.81613544456,74647.56772911086,69947.81613544456,stop,-1.0,-1.0586948726898402,108,27.0,1566.5838645554322
BTC,2024-06-07 19:15:00+00:00,2024-06-07 19:15:00+00:00,2024-06-11 19:15:00+00:00,-1,69120.4,70976.40911048268,65408.38177903462,67268.0,tempo,0.9980554457075088,0.9502903461186687,384,96.0,1856.009110482686
BTC,2024-06-12 03:45:00+00:00,2024-06-12 03:45:00+00:00,2024-06-12 12:45:00+00:00,-1,67422.9,68972.10313163021,64324.49373673956,68972.10313163021,stop,-1.0,-1.057227325600786,36,9.0,1549.2031316302164
BTC,2024-06-23 08:45:00+00:00,2024-06-23 08:45:00+00:00,2024-06-24 00:15:00+00:00,1,64354.4,63094.284187835525,66874.63162432896,63094.284187835525,stop,-1.0,-1.065741294508318,62,15.5,1260.1158121644767
BTC,2024-06-24 15:45:00+00:00,2024-06-24 15:45:00+00:00,2024-06-28 15:45:00+00:00,-1,61136.6,62605.72673099854,58198.346538002916,60925.4,tempo,0.14375887086095554,0.08975379537909177,384,96.0,1469.1267309985415
BTC,2024-07-04 10:00:00+00:00,2024-07-04 10:00:00+00:00,2024-07-05 03:00:00+00:00,1,57725.9,56100.28963373249,60977.12073253502,56100.28963373249,stop,-1.0,-1.045513380572126,68,17.0,1625.6103662675087
BTC,2024-07-08 03:15:00+00:00,2024-07-08 03:15:00+00:00,2024-07-10 04:15:00+00:00,1,55138.1,53167.66681349727,59078.96637300545,59078.96637300545,alvo,2.0,1.9623224508950632,196,49.0,1970.433186502727
BTC,2024-07-13 12:30:00+00:00,2024-07-13 12:30:00+00:00,2024-07-14 21:30:00+00:00,-1,58604.4,60446.06515353852,54921.06969292297,60446.06515353852,stop,-1.0,-1.0420178457528608,132,33.0,1841.6651535385172
BTC,2024-07-15 19:15:00+00:00,2024-07-15 19:15:00+00:00,2024-07-17 00:45:00+00:00,-1,63550.0,65443.72881490028,59762.542370199444,65443.72881490028,stop,-1.0,-1.044275570541023,118,29.5,1893.728814900278
BTC,2024-07-20 12:00:00+00:00,2024-07-20 12:00:00+00:00,2024-07-21 21:45:00+00:00,-1,66446.0,68260.13216531815,62817.7356693637,68260.13216531815,stop,-1.0,-1.0482649431950848,135,33.75,1814.1321653181512
BTC,2024-07-27 00:00:00+00:00,2024-07-27 00:00:00+00:00,2024-07-29 03:15:00+00:00,-1,67882.5,69755.01688230294,64137.466235394124,69755.01688230294,stop,-1.0,-1.0477776124845763,205,51.25,1872.516882302938
BTC,2024-08-02 15:30:00+00:00,2024-08-02 15:30:00+00:00,2024-08-04 17:15:00+00:00,-1,62830.1,65142.78005690466,58204.73988619068,58204.73988619068,alvo,2.0,1.965982045077467,199,49.75,2312.680056904661
BTC,2024-08-07 19:00:00+00:00,2024-08-07 19:00:00+00:00,2024-08-08 23:00:00+00:00,1,54785.4,51232.16739756895,61891.86520486211,61891.86520486211,alvo,2.0,1.9786559927624012,112,28.0,3553.2326024310532
BTC,2024-08-09 10:45:00+00:00,2024-08-09 10:45:00+00:00,2024-08-13 10:45:00+00:00,1,60337.9,56671.45689790947,67670.78620418106,58668.4,tempo,-0.45534594524270255,-0.4764438029882364,384,96.0,3666.443102090532
BTC,2024-08-13 15:45:00+00:00,2024-08-13 15:45:00+00:00,2024-08-17 15:45:00+00:00,-1,59421.2,62044.00353837026,54175.592923259464,59415.0,tempo,0.0023638827343696466,-0.027086866767057696,384,96.0,2622.8035383702663
BTC,2024-08-18 03:45:00+00:00,2024-08-18 03:45:00+00:00,2024-08-21 20:00:00+00:00,-1,59504.6,61529.890019010956,55454.01996197808,61529.890019010956,stop,-1.0,-1.0388450136888427,353,88.25,2025.2900190109576
BTC,2024-08-30 09:15:00+00:00,2024-08-30 09:15:00+00:00,2024-09-01 14:15:00+00:00,1,59538.7,57492.6670580198,63630.7658839604,57492.6670580198,stop,-1.0,-1.037179454458876,212,53.0,2046.0329419802001
BTC,2024-09-01 16:00:00+00:00,2024-09-01 16:00:00+00:00,2024-09-05 16:00:00+00:00,-1,58184.1,59916.58995680449,54719.12008639101,55947.0,tempo,1.2912628966266784,1.2484428994840504,384,96.0,1732.489956804493
BTC,2024-09-06 20:30:00+00:00,2024-09-06 20:30:00+00:00,2024-09-09 21:15:00+00:00,1,53442.3,51572.218133033435,57182.46373393314,57182.46373393314,alvo,2.0,1.9615492253589442,291,72.75,1870.0818669665678
BTC,2024-09-16 05:45:00+00:00,2024-09-16 05:45:00+00:00,2024-09-18 23:45:00+00:00,1,58465.3,57024.95312141715,61345.99375716571,61345.99375716571,alvo,2.0,1.945931537673216,264,66.0,1440.3468785828518
BTC,2024-09-19 15:30:00+00:00,2024-09-19 15:30:00+00:00,2024-09-23 15:30:00+00:00,1,63167.0,61319.768425719,66861.463148562,63462.0,tempo,0.1596984396040452,0.11514049075454211,384,96.0,1847.2315742810024
BTC,2024-09-26 11:00:00+00:00,2024-09-26 11:00:00+00:00,2024-09-27 09:15:00+00:00,-1,64373.7,65841.3102860217,61438.47942795658,65841.3102860217,stop,-1.0,-1.0576718203000264,89,22.25,1467.610286021707
BTC,2024-10-09 05:45:00+00:00,2024-10-09 05:45:00+00:00,2024-10-09 19:15:00+00:00,1,62480.8,60966.68111072598,65509.03777854805,60966.68111072598,stop,-1.0,-1.0529950873015295,54,13.5,1514.1188892740247
BTC,2024-10-10 14:15:00+00:00,2024-10-10 14:15:00+00:00,2024-10-11 16:00:00+00:00,-1,60874.9,62316.412288037776,57991.87542392445,62316.412288037776,stop,-1.0,-1.055548852168457,103,25.75,1441.5122880377749
BTC,2024-10-12 15:00:00+00:00,2024-10-12 15:00:00+00:00,2024-10-14 08:15:00+00:00,-1,63200.0,64690.245374584985,60219.50925083003,64690.245374584985,stop,-1.0,-1.0557818604312934,165,41.25,1490.2453745849853
BTC,2024-10-21 00:00:00+00:00,2024-10-21 00:00:00+00:00,2024-10-21 13:30:00+00:00,1,69020.2,67624.75108578945,71811.09782842109,67624.75108578945,stop,-1.0,-1.0636492080084574,54,13.5,1395.448914210545
BTC,2024-10-22 20:30:00+00:00,2024-10-22 20:30:00+00:00,2024-10-23 16:30:00+00:00,1,67416.1,65895.75892425384,70456.78215149234,65895.75892425384,stop,-1.0,-1.0569955713774535,80,20.0,1520.341075746168
BTC,2024-10-26 21:15:00+00:00,2024-10-26 21:15:00+00:00,2024-10-29 02:15:00+00:00,1,67198.7,65545.48419303434,70505.13161393131,70505.13161393131,alvo,2.0,1.9458585562925756,212,53.0,1653.215806965658
BTC,2024-10-29 22:30:00+00:00,2024-10-29 22:30:00+00:00,2024-11-02 22:30:00+00:00,-1,72386.0,74175.6132465261,68806.7735069478,69473.0,tempo,1.6277259936774338,1.5762018164961407,384,96.0,1789.6132465261035
BTC,2024-11-04 23:30:00+00:00,2024-11-04 23:30:00+00:00,2024-11-06 01:00:00+00:00,1,67731.3,65970.72540622861,71252.44918754279,71252.44918754279,alvo,2.0,1.9486875266225538,102,25.5,1760.5745937713946
BTC,2024-11-07 20:30:00+00:00,2024-11-07 20:30:00+00:00,2024-11-10 22:30:00+00:00,1,76407.1,73897.26582452325,81426.76835095353,81426.76835095353,alvo,2.0,1.959123986982673,296,74.0,2509.8341754767607
BTC,2024-11-12 21:00:00+00:00,2024-11-12 21:00:00+00:00,2024-11-16 21:00:00+00:00,1,89502.7,85527.22977379452,97453.64045241095,90812.7,tempo,0.32952076747166936,0.3000387179703528,384,96.0,3975.470226205478
BTC,2024-11-22 13:15:00+00:00,2024-11-22 13:15:00+00:00,2024-11-25 15:15:00+00:00,1,98399.6,95095.47521567528,105007.84956864946,95095.47521567528,stop,-1.0,-1.038065087458824,296,74.0,3304.1247843247256
BTC,2024-11-25 22:30:00+00:00,2024-11-25 22:30:00+00:00,2024-11-27 16:45:00+00:00,-1,93456.2,96325.09198609827,87718.41602780345,96325.09198609827,stop,-1.0,-1.042998426008618,169,42.25,2868.8919860982714
BTC,2024-12-02 16:30:00+00:00,2024-12-02 16:30:00+00:00,2024-12-03 14:00:00+00:00,1,96657.2,94148.68036313108,101674.23927373784,94148.68036313108,stop,-1.0,-1.0494410410080899,86,21.5,2508.519636868921
BTC,2024-12-09 10:45:00+00:00,2024-12-09 10:45:00+00:00,2024-12-09 21:15:00+00:00,1,98589.0,95000.87808029694,105765.24383940612,95000.87808029694,stop,-1.0,-1.0350694384327406,42,10.5,3588.1219197030587
BTC,2024-12-11 14:45:00+00:00,2024-12-11 14:45:00+00:00,2024-12-15 14:45:00+00:00,1,98953.5,95189.30485237534,106481.89029524932,102804.0,tempo,1.0229278368922503,0.9880884170808849,384,96.0,3764.1951476246613
BTC,2024-12-16 18:00:00+00:00,2024-12-16 18:00:00+00:00,2024-12-18 20:15:00+00:00,-1,107026.9,110059.80848752303,100961.08302495393,100961.08302495393,alvo,2.0,1.9554249033485902,201,50.25,3032.908487523033
BTC,2024-12-19 07:30:00+00:00,2024-12-19 07:30:00+00:00,2024-12-20 10:15:00+00:00,-1,101503.2,104933.38801826767,94642.82396346466,94642.82396346466,alvo,2.0,1.9628315080988943,107,26.75,3430.1880182676687
BTC,2024-12-21 18:30:00+00:00,2024-12-21 18:30:00+00:00,2024-12-25 18:30:00+00:00,-1,97509.7,101454.40698586652,89620.28602826696,98919.9,tempo,-0.35749169838282,-0.38985892881526063,384,96.0,3944.70698586652
BTC,2025-01-03 20:15:00+00:00,2025-01-03 20:15:00+00:00,2025-01-07 20:15:00+00:00,1,98437.8,95972.54817526496,103368.30364947008,96441.1,tempo,-0.8099375406464204,-0.861320236616482,384,96.0,2465.251824735038
BTC,2025-01-10 18:15:00+00:00,2025-01-10 18:15:00+00:00,2025-01-14 18:15:00+00:00,-1,95381.8,98908.67977662761,88328.04044674478,96289.0,tempo,-0.25722453201040446,-0.2925492461743584,384,96.0,3526.879776627611
BTC,2025-01-15 17:00:00+00:00,2025-01-15 17:00:00+00:00,2025-01-17 02:30:00+00:00,-1,98948.1,101970.98861145574,92902.32277708853,101970.98861145574,stop,-1.0,-1.0432028514390261,134,33.5,3022.888611455739
BTC,2025-01-20 15:45:00+00:00,2025-01-20 15:45:00+00:00,2025-01-24 15:45:00+00:00,-1,106503.7,111226.31560111634,97058.46879776732,105596.9,tempo,0.19201223995144806,0.1628196480395823,384,96.0,4722.61560111634
BTC,2025-01-27 12:00:00+00:00,2025-01-27 12:00:00+00:00,2025-01-27 21:15:00+00:00,-1,98700.1,102336.22664713867,91427.84670572268,102336.22664713867,stop,-1.0,-1.035937585513824,37,9.25,3636.1266471386625
BTC,2025-01-30 11:45:00+00:00,2025-01-30 11:45:00+00:00,2025-01-31 21:00:00+00:00,1,105216.5,101619.71660847015,112410.06678305971,101619.71660847015,stop,-1.0,-1.0373788260677888,133,33.25,3596.7833915298543
BTC,2025-02-04 15:15:00+00:00,2025-02-04 15:15:00+00:00,2025-02-08 15:15:00+00:00,-1,99159.6,103072.18134409185,91334.43731181632,96085.1,tempo,0.7857983590916571,0.7533622142964471,384,96.0,3912.5813440918428
BTC,2025-02-11 19:45:00+00:00,2025-02-11 19:45:00+00:00,2025-02-15 19:45:00+00:00,1,95020.0,92592.16403830804,99875.67192338392,97522.8,tempo,1.0308768959233134,0.979327770704499,384,96.0,2427.8359616919624
BTC,2025-02-17 00:45:00+00:00,2025-02-17 00:45:00+00:00,2025-02-20 18:30:00+00:00,-1,96319.5,98355.88037894659,92246.73924210682,98355.88037894659,stop,-1.0,-1.0621391752516165,359,89.75,2036.3803789465892
BTC,2025-02-22 18:30:00+00:00,2025-02-22 18:30:00+00:00,2025-02-24 15:00:00+00:00,1,96725.0,94673.9489145097,100827.1021709806,94673.9489145097,stop,-1.0,-1.060656371591394,178,44.5,2051.051085490297
BTC,2025-02-26 05:00:00+00:00,2025-02-26 05:00:00+00:00,2025-02-26 20:30:00+00:00,-1,88657.2,91627.680415278,82716.239169444,82716.239169444,alvo,2.0,1.962500094298816,62,15.5,2970.480415277998
BTC,2025-02-28 23:45:00+00:00,2025-02-28 23:45:00+00:00,2025-03-02 15:45:00+00:00,-1,84374.3,88360.46755038378,76401.96489923245,88360.46755038378,stop,-1.0,-1.0281668037001956,160,40.0,3986.167550383776
BTC,2025-03-03 22:45:00+00:00,2025-03-03 22:45:00+00:00,2025-03-06 02:00:00+00:00,-1,86316.8,91071.64900750256,76807.10198499488,91071.64900750256,stop,-1.0,-1.0242494539096707,205,51.25,4754.849007502562
BTC,2025-03-07 02:45:00+00:00,2025-03-07 02:45:00+00:00,2025-03-09 16:45:00+00:00,1,87805.9,82562.5653625182,98292.56927496358,82562.5653625182,stop,-1.0,-1.0211200524364819,248,62.0,5243.334637481792
BTC,2025-03-12 16:30:00+00:00,2025-03-12 16:30:00+00:00,2025-03-16 16:30:00+00:00,-1,81808.5,85837.80040213623,73749.89919572754,84319.5,tempo,-0.6231851064439708,-0.6499845974778858,384,96.0,4029.3004021362285
BTC,2025-03-17 01:00:00+00:00,2025-03-17 01:00:00+00:00,2025-03-19 19:00:00+00:00,-1,83023.9,85702.9117596898,77665.87648062038,85702.9117596898,stop,-1.0,-1.0409376432362123,264,66.0,2679.0117596898053
BTC,2025-03-20 06:00:00+00:00,2025-03-20 06:00:00+00:00,2025-03-21 13:45:00+00:00,1,85784.9,83242.80000990146,90869.09998019706,83242.80000990146,stop,-1.0,-1.043219387685131,127,31.75,2542.0999900985335
BTC,2025-03-24 00:30:00+00:00,2025-03-24 00:30:00+00:00,2025-03-28 00:30:00+00:00,1,86382.4,84516.6506773281,90113.89864534378,86928.0,tempo,0.29242942413006767,0.2320505947604961,384,96.0,1865.7493226718943
BTC,2025-03-30 13:00:00+00:00,2025-03-30 13:00:00+00:00,2025-04-01 00:00:00+00:00,-1,83037.2,84815.37466759047,79480.85066481905,82517.5,fim_dados,0.29226600146329834,0.23174857482274316,140,35.0,1778.1746675904724
ETH,2023-01-04 01:30:00+00:00,2023-01-04 01:30:00+00:00,2023-01-04 08:30:00+00:00,1,1225.34,1208.042887957836,1259.9342240843278,1259.9342240843278,alvo,2.0,1.9066070543038052,28,7.0,17.297112042163917
ETH,2023-01-05 06:00:00+00:00,2023-01-05 06:00:00+00:00,2023-01-06 19:45:00+00:00,-1,1253.02,1274.8325691329233,1209.3948617341534,1274.8325691329233,stop,-1.0,-1.07532831918714,151,37.75,21.812569132923272
ETH,2023-01-07 05:30:00+00:00,2023-01-07 05:30:00+00:00,2023-01-08 23:15:00+00:00,-1,1263.96,1285.576084459697,1220.727831080606,1285.576084459697,stop,-1.0,-1.076665061981444,167,41.75,21.61608445969705
ETH,2023-01-10 15:45:00+00:00,2023-01-10 15:45:00+00:00,2023-01-11 22:15:00+00:00,-1,1328.6,1355.2900284198258,1275.219943160348,1355.2900284198258,stop,-1.0,-1.0653625575451622,122,30.5,26.69002841982592
ETH,2023-01-12 16:30:00+00:00,2023-01-12 16:30:00+00:00,2023-01-12 17:45:00+00:00,-1,1387.57,1429.8058183178832,1303.0983633642334,1429.8058183178832,stop,-1.0,-1.043358797220965,5,1.25,42.235818317883286
ETH,2023-01-21 16:00:00+00:00,2023-01-21 16:00:00+00:00,2023-01-24 22:30:00+00:00,1,1647.72,1578.5324585739531,1786.0950828520938,1578.5324585739531,stop,-1.0,-1.0303098513814741,314,78.5,69.18754142604689
ETH,2023-01-25 21:15:00+00:00,2023-01-25 21:15:00+00:00,2023-01-29 19:15:00+00:00,-1,1579.54,1642.1004733470734,1454.4190533058531,1642.1004733470734,stop,-1.0,-1.0334726736490327,376,94.0,62.56047334707341
ETH,2023-01-30 05:00:00+00:00,2023-01-30 05:00:00+00:00,2023-02-02 00:45:00+00:00,-1,1637.23,1693.6640372781628,1524.3619254436744,1693.6640372781628,stop,-1.0,-1.0383648101155538,271,67.75,56.434037278162805
ETH,2023-02-04 11:45:00+00:00,2023-02-04 11:45:00+00:00,2023-02-08 11:45:00+00:00,-1,1661.22,1719.973165295901,1543.713669408198,1673.21,tempo,-0.20407411140513496,-0.24096368984885516,384,96.0,58.753165295901
ETH,2023-02-10 07:15:00+00:00,2023-02-10 07:15:00+00:00,2023-02-10 21:45:00+00:00,1,1545.49,1490.9448343430604,1654.5803313138792,1490.9448343430604,stop,-1.0,-1.0361843734188363,58,14.5,54.545165656939616
ETH,2023-02-12 19:45:00+00:00,2023-02-12 19:45:00+00:00,2023-02-15 12:15:00+00:00,-1,1538.95,1582.508880366815,1451.8322392663702,1582.508880366815,stop,-1.0,-1.0465794404069249,258,64.5,43.55888036681495
ETH,2023-02-17 14:30:00+00:00,2023-02-17 14:30:00+00:00,2023-02-21 14:30:00+00:00,1,1664.59,1604.519834104248,1784.7303317915037,1676.25,tempo,0.19410633924726137,0.15795618105111808,384,96.0,60.07016589575187
ETH,2023-02-26 10:00:00+00:00,2023-02-26 10:00:00+00:00,2023-03-02 10:00:00+00:00,1,1603.98,1558.793161671927,1694.353676656146,1641.37,tempo,0.8274533333917892,0.7807698835632259,384,96.0,45.18683832807301
ETH,2023-03-06 19:15:00+00:00,2023-03-06 19:15:00+00:00,2023-03-07 15:15:00+00:00,1,1573.86,1535.24104326784,1651.0979134643196,1535.24104326784,stop,-1.0,-1.052329628999045,80,20.0,38.61895673215986
ETH,2023-03-13 18:30:00+00:00,2023-03-13 18:30:00+00:00,2023-03-17 18:30:00+00:00,1,1671.24,1582.9995030926025,1847.720993814795,1717.93,tempo,0.5291221336729106,0.5041567200906202,384,96.0,88.24049690739753
ETH,2023-03-18 02:15:00+00:00,2023-03-18 02:15:00+00:00,2023-03-22 02:15:00+00:00,-1,1818.4,1911.679305765432,1631.8413884691363,1797.11,tempo,0.2282392629887045,0.20304523435914207,384,96.0,93.2793057654319
ETH,2023-03-29 03:00:00+00:00,2023-03-29 03:00:00+00:00,2023-03-31 13:45:00+00:00,-1,1778.83,1839.3487218541613,1657.792556291677,1839.3487218541613,stop,-1.0,-1.0388609689225201,235,58.75,60.51872185416141
ETH,2023-04-04 21:15:00+00:00,2023-04-04 21:15:00+00:00,2023-04-05 13:00:00+00:00,-1,1876.0,1932.0051131087787,1763.9897737824426,1932.0051131087787,stop,-1.0,-1.0441960240078993,63,15.75,56.00511310877869
ETH,2023-04-08 10:15:00+00:00,2023-04-08 10:15:00+00:00,2023-04-10 22:15:00+00:00,-1,1868.66,1913.8569084477185,1778.2661831045632,1913.8569084477185,stop,-1.0,-1.0543983222510682,240,60.0,45.19690844771844
ETH,2023-04-11 18:30:00+00:00,2023-04-11 18:30:00+00:00,2023-04-12 02:30:00+00:00,1,1905.47,1863.302837893446,1989.8043242131082,1863.302837893446,stop,-1.0,-1.0580950251866719,32,8.0,42.16716210655409
ETH,2023-04-18 12:45:00+00:00,2023-04-18 12:45:00+00:00,2023-04-19 08:30:00+00:00,-1,2108.01,2167.9782816634315,1988.0734366731376,1988.0734366731376,alvo,2.0,1.9556022924121719,79,19.75,59.9682816634313
ETH,2023-04-23 04:45:00+00:00,2023-04-23 04:45:00+00:00,2023-04-25 14:45:00+00:00,1,1862.6,1803.091087050159,1981.6178258996815,1803.091087050159,stop,-1.0,-1.0400393670203814,232,58.0,59.508912949840806
ETH,2023-04-26 20:30:00+00:00,2023-04-26 20:30:00+00:00,2023-04-30 20:30:00+00:00,1,1820.11,1745.4584935846087,1969.4130128307822,1890.63,tempo,0.9446560878168809,0.9123462106848809,384,96.0,74.65150641539117
ETH,2023-05-04 00:30:00+00:00,2023-05-04 00:30:00+00:00,2023-05-06 00:45:00+00:00,1,1901.56,1844.1110388555096,2016.4579222889806,2016.4579222889806,alvo,2.0,1.955670013891416,193,48.25,57.44896114449034
ETH,2023-05-07 11:00:00+00:00,2023-05-07 11:00:00+00:00,2023-05-10 17:30:00+00:00,-1,1904.54,1961.212805118804,1791.194389762392,1791.194389762392,alvo,2.0,1.9576123442573607,314,78.5,56.672805118804035
ETH,2023-05-10 17:30:00+00:00,2023-05-10 17:30:00+00:00,2023-05-14 17:30:00+00:00,-1,1812.6,1872.2912481432418,1693.2175037135162,1808.6,tempo,0.06701149874435776,0.027578917365734153,384,96.0,59.691248143241864
ETH,2023-05-28 05:15:00+00:00,2023-05-28 05:15:00+00:00,2023-05-28 22:15:00+00:00,1,1848.57,1815.5309987882292,1914.6480024235414,1914.6480024235414,alvo,2.0,1.9259635094324874,68,17.0,33.03900121177071
ETH,2023-05-28 23:45:00+00:00,2023-05-28 23:45:00+00:00,2023-06-01 23:45:00+00:00,-1,1909.55,1952.2563404908028,1824.1373190183942,1860.24,tempo,1.1546294867062945,1.097252444519135,384,96.0,42.70634049080286
ETH,2023-06-02 11:30:00+00:00,2023-06-02 11:30:00+00:00,2023-06-05 15:15:00+00:00,1,1890.57,1852.9051032234684,1965.899793553063,1852.9051032234684,stop,-1.0,-1.0646028271770382,303,75.75,37.66489677653158
ETH,2023-06-07 12:00:00+00:00,2023-06-07 12:00:00+00:00,2023-06-07 21:15:00+00:00,1,1869.64,1826.3025417184876,1956.314916563025,1826.3025417184876,stop,-1.0,-1.055433861314886,37,9.25,43.337458281512454
ETH,2023-06-08 06:45:00+00:00,2023-06-08 06:45:00+00:00,2023-06-10 04:30:00+00:00,1,1842.41,1799.2776526632078,1928.6746946735846,1799.2776526632078,stop,-1.0,-1.054879855152514,183,45.75,43.132347336792236
ETH,2023-06-12 21:30:00+00:00,2023-06-12 21:30:00+00:00,2023-06-14 20:15:00+00:00,1,1737.61,1692.1242211671993,1828.5815576656012,1692.1242211671993,stop,-1.0,-1.0490115218638638,187,46.75,45.485778832800634
ETH,2023-06-15 22:45:00+00:00,2023-06-15 22:45:00+00:00,2023-06-17 05:45:00+00:00,1,1667.39,1617.7184223716051,1766.73315525679,1766.73315525679,alvo,2.0,1.9550612209739664,124,31.0,49.67157762839497
ETH,2023-06-24 20:45:00+00:00,2023-06-24 20:45:00+00:00,2023-06-28 19:30:00+00:00,1,1882.37,1829.6591223173004,1987.7917553653988,1829.6591223173004,stop,-1.0,-1.0457745921824817,379,94.75,52.71087768269945
ETH,2023-06-29 17:15:00+00:00,2023-06-29 17:15:00+00:00,2023-06-30 04:45:00+00:00,-1,1844.71,1892.7730648566678,1748.5838702866645,1892.7730648566678,stop,-1.0,-1.0505453407809429,46,11.5,48.06306485666778
ETH,2023-07-04 05:00:00+00:00,2023-07-04 05:00:00+00:00,2023-07-05 10:45:00+00:00,1,1953.31,1902.2925252871,2055.3449494257998,1902.2925252871,stop,-1.0,-1.0491232005413809,119,29.75,51.01747471289991
ETH,2023-07-05 18:45:00+00:00,2023-07-05 18:45:00+00:00,2023-07-06 09:15:00+00:00,-1,1907.44,1950.8986178786763,1820.5227642426476,1950.8986178786763,stop,-1.0,-1.057708234270646,58,14.5,43.45861787867625
ETH,2023-07-09 06:00:00+00:00,2023-07-09 06:00:00+00:00,2023-07-13 06:00:00+00:00,1,1866.48,1830.2458795908706,1938.948240818259,1867.77,tempo,0.03560180253954609,-0.03138650772142092,384,96.0,36.234120409129446
ETH,2023-07-16 06:15:00+00:00,2023-07-16 06:15:00+00:00,2023-07-17 19:00:00+00:00,1,1923.52,1875.3975875148162,2019.7648249703675,1875.3975875148162,stop,-1.0,-1.0513128146400577,147,36.75,48.12241248518376
ETH,2023-07-20 04:45:00+00:00,2023-07-20 04:45:00+00:00,2023-07-22 23:30:00+00:00,1,1895.42,1857.2439354094547,1971.7721291810908,1857.2439354094547,stop,-1.0,-1.063894264224926,267,66.75,38.176064590545366
ETH,2023-07-23 16:45:00+00:00,2023-07-23 16:45:00+00:00,2023-07-24 10:00:00+00:00,1,1882.63,1848.3737484872763,1951.1425030254477,1848.3737484872763,stop,-1.0,-1.0707944485874632,69,17.25,34.25625151272379
ETH,2023-07-28 12:30:00+00:00,2023-07-28 12:30:00+00:00,2023-08-01 02:15:00+00:00,-1,1871.21,1900.3171491390453,1812.9957017219094,1812.9957017219094,alvo,2.0,1.9177269579140312,343,85.75,29.107149139045305
ETH,2023-08-06 22:45:00+00:00,2023-08-06 22:45:00+00:00,2023-08-08 16:45:00+00:00,-1,1831.03,1854.1244308583314,1784.8411382833372,1854.1244308583314,stop,-1.0,-1.1037198272930715,168,42.0,23.094430858331407
ETH,2023-08-11 20:00:00+00:00,2023-08-11 20:00:00+00:00,2023-08-15 19:15:00+00:00,1,1843.98,1820.554087723929,1890.8318245521423,1820.554087723929,stop,-1.0,-1.1016800169380656,381,95.25,23.42591227607113
ETH,2023-08-16 19:00:00+00:00,2023-08-16 19:00:00+00:00,2023-08-17 01:00:00+00:00,-1,1823.29,1844.9383531572437,1779.9932936855125,1779.9932936855125,alvo,2.0,1.8918100548395809,24,6.0,21.64835315724372
ETH,2023-08-18 07:15:00+00:00,2023-08-18 07:15:00+00:00,2023-08-22 07:15:00+00:00,-1,1688.38,1871.1261585804039,1322.8876828391926,1664.39,tempo,0.13127498923292008,0.11934970162671761,384,96.0,182.74615858040374
ETH,2023-09-03 12:45:00+00:00,2023-09-03 12:45:00+00:00,2023-09-07 12:45:00+00:00,1,1637.66,1603.3700203690264,1706.2399592619474,1625.83,tempo,-0.3449987467859058,-0.4068613819588905,384,96.0,34.289979630973676
ETH,2023-09-10 08:30:00+00:00,2023-09-10 08:30:00+00:00,2023-09-10 17:00:00+00:00,1,1623.6,1598.7219498307481,1673.3561003385034,1598.7219498307481,stop,-1.0,-1.0841910540874586,34,8.5,24.878050169251765
ETH,2023-09-12 12:15:00+00:00,2023-09-12 12:15:00+00:00,2023-09-15 23:00:00+00:00,-1,1610.8,1650.6709241327785,1531.0581517344428,1650.6709241327785,stop,-1.0,-1.0531704781566238,331,82.75,39.870924132778555
ETH,2023-09-22 03:00:00+00:00,2023-09-22 03:00:00+00:00,2023-09-26 03:00:00+00:00,-1,1587.72,1618.2793560181608,1526.6012879636785,1592.17,tempo,-0.14561825181641608,-0.21325477199608442,384,96.0,30.55935601816077
ETH,2023-10-07 01:15:00+00:00,2023-10-07 01:15:00+00:00,2023-10-09 16:15:00+00:00,-1,1645.44,1682.1241854730538,1572.0716290538926,1572.0716290538926,alvo,2.0,1.9429895326305868,252,63.0,36.68418547305373
ETH,2023-10-10 06:45:00+00:00,2023-10-10 06:45:00+00:00,2023-10-12 16:30:00+00:00,-1,1588.01,1621.511964732104,1521.006070535792,1521.006070535792,alvo,2.0,1.9396793453157768,231,57.75,33.50196473210394
ETH,2023-10-19 11:45:00+00:00,2023-10-19 11:45:00+00:00,2023-10-21 17:45:00+00:00,1,1552.91,1513.995972979929,1630.738054040142,1630.738054040142,alvo,2.0,1.9468219715718766,216,54.0,38.91402702007099
ETH,2023-10-23 20:30:00+00:00,2023-10-23 20:30:00+00:00,2023-10-24 02:30:00+00:00,1,1710.22,1663.1985124937605,1804.262975012479,1804.262975012479,alvo,2.0,1.951417659140303,24,6.0,47.02148750623951
ETH,2023-10-25 23:00:00+00:00,2023-10-25 23:00:00+00:00,2023-10-29 23:00:00+00:00,1,1792.12,1723.7621684414828,1928.835663117034,1805.94,tempo,0.20217142183876444,0.16795823884746455,384,96.0,68.35783155851709
ETH,2023-10-30 12:30:00+00:00,2023-10-30 12:30:00+00:00,2023-11-03 12:30:00+00:00,1,1821.87,1769.3311683978186,1926.9476632043625,1791.6,tempo,-0.5761452829633014,-0.6208504168304673,384,96.0,52.53883160218129
ETH,2023-11-04 08:15:00+00:00,2023-11-04 08:15:00+00:00,2023-11-08 08:15:00+00:00,1,1836.06,1787.0549070257646,1934.0701859484707,1879.14,tempo,0.8790923021541791,0.8298141587320325,384,96.0,49.00509297423537
ETH,2023-11-09 13:00:00+00:00,2023-11-09 13:00:00+00:00,2023-11-09 15:00:00+00:00,-1,1912.99,1959.18530613835,1820.5993877233002,1959.18530613835,stop,-1.0,-1.054484192429682,8,2.0,46.195306138349906
ETH,2023-11-14 11:15:00+00:00,2023-11-14 11:15:00+00:00,2023-11-18 11:15:00+00:00,-1,2041.2,2110.2180419754245,1903.163916049151,1944.79,tempo,1.3968811232623664,1.3593417578175664,384,96.0,69.01804197542447
ETH,2023-11-20 23:00:00+00:00,2023-11-20 23:00:00+00:00,2023-11-21 15:15:00+00:00,1,2025.08,1963.162469452033,2148.9150610959337,1963.162469452033,stop,-1.0,-1.041867910141144,65,16.25,61.91753054796686
ETH,2023-11-25 10:45:00+00:00,2023-11-25 10:45:00+00:00,2023-11-27 13:30:00+00:00,1,2075.72,2014.1568097400157,2198.846380519968,2014.1568097400157,stop,-1.0,-1.0431819714849797,203,50.75,61.56319025998414
ETH,2023-11-29 17:30:00+00:00,2023-11-29 17:30:00+00:00,2023-12-01 01:45:00+00:00,-1,2024.69,2076.6004471747415,1920.8691056505172,2076.6004471747415,stop,-1.0,-1.0513545718781772,129,32.25,51.91044717474142
ETH,2023-12-03 21:00:00+00:00,2023-12-03 21:00:00+00:00,2023-12-03 22:30:00+00:00,-1,2167.8,2217.0818505580387,2069.236298883923,2217.0818505580387,stop,-1.0,-1.057834135094138,6,1.5,49.281850558038514
ETH,2023-12-04 22:00:00+00:00,2023-12-04 22:00:00+00:00,2023-12-07 21:15:00+00:00,1,2235.12,2172.8945763818765,2359.5708472362467,2359.5708472362467,alvo,2.0,1.9520043596805066,285,71.25,62.225423618123386
ETH,2023-12-07 22:45:00+00:00,2023-12-07 22:45:00+00:00,2023-12-11 02:15:00+00:00,-1,2361.62,2442.131676822201,2200.596646355598,2200.596646355598,alvo,2.0,1.96316756851705,302,75.5,80.51167682220103
ETH,2023-12-17 05:15:00+00:00,2023-12-17 05:15:00+00:00,2023-12-18 09:30:00+00:00,1,2224.04,2156.3513097674677,2359.4173804650645,2156.3513097674677,stop,-1.0,-1.0420639598959238,113,28.25,67.68869023253228
ETH,2023-12-20 00:15:00+00:00,2023-12-20 00:15:00+00:00,2023-12-22 09:15:00+00:00,1,2181.69,2112.198094508694,2320.6738109826124,2320.6738109826124,alvo,2.0,1.9578866566336302,228,57.0,69.49190549130617
ETH,2023-12-27 00:00:00+00:00,2023-12-27 00:00:00+00:00,2023-12-27 15:45:00+00:00,1,2232.45,2171.9306741951573,2353.488651609685,2353.488651609685,alvo,2.0,1.950745318393686,63,15.75,60.51932580484254
ETH,2023-12-27 17:15:00+00:00,2023-12-27 17:15:00+00:00,2023-12-28 00:45:00+00:00,-1,2357.7,2425.4272070289903,2222.245585942019,2425.4272070289903,stop,-1.0,-1.0459052251075116,30,7.5,67.7272070289905
ETH,2023-12-28 06:45:00+00:00,2023-12-28 06:45:00+00:00,2023-12-29 16:30:00+00:00,1,2385.4,2310.763429121895,2534.67314175621,2310.763429121895,stop,-1.0,-1.0408982646578784,135,33.75,74.63657087810498
ETH,2023-12-30 23:45:00+00:00,2023-12-30 23:45:00+00:00,2024-01-02 00:30:00+00:00,-1,2295.04,2365.5554227133234,2154.009154573353,2365.5554227133234,stop,-1.0,-1.0429606305712646,195,48.75,70.51542271332346
ETH,2024-01-02 06:15:00+00:00,2024-01-02 06:15:00+00:00,2024-01-03 12:15:00+00:00,-1,2382.9,2447.396254748744,2253.9074905025122,2253.9074905025122,alvo,2.0,1.9532697692204317,120,30.0,64.49625474874392
ETH,2024-01-17 12:30:00+00:00,2024-01-17 12:30:00+00:00,2024-01-18 20:00:00+00:00,1,2542.35,2449.9756738497654,2727.098652300469,2449.9756738497654,stop,-1.0,-1.0351289348809405,126,31.5,92.37432615023454
ETH,2024-01-19 10:45:00+00:00,2024-01-19 10:45:00+00:00,2024-01-22 05:15:00+00:00,1,2486.04,2405.246988864354,2647.6260222712917,2405.246988864354,stop,-1.0,-1.0393516282915107,266,66.5,80.79301113564588
ETH,2024-01-23 17:30:00+00:00,2024-01-23 17:30:00+00:00,2024-01-27 17:30:00+00:00,-1,2217.89,2296.8940671114633,2059.881865777073,2265.0,tempo,-0.5962984150364646,-0.6331810542034956,384,96.0,79.00406711146343
ETH,2024-01-31 13:15:00+00:00,2024-01-31 13:15:00+00:00,2024-02-01 01:30:00+00:00,1,2300.92,2242.8619787654197,2417.0360424691607,2242.8619787654197,stop,-1.0,-1.0508708051599662,49,12.25,58.05802123458034
ETH,2024-02-03 04:30:00+00:00,2024-02-03 04:30:00+00:00,2024-02-06 20:15:00+00:00,-1,2321.48,2379.7257141431346,2204.988571713731,2379.7257141431346,stop,-1.0,-1.052463666368373,351,87.75,58.24571414313459
ETH,2024-02-11 16:45:00+00:00,2024-02-11 16:45:00+00:00,2024-02-12 17:30:00+00:00,-1,2509.94,2566.447048317243,2396.925903365514,2566.447048317243,stop,-1.0,-1.0583936283997923,99,24.75,56.50704831724306
ETH,2024-02-13 20:15:00+00:00,2024-02-13 20:15:00+00:00,2024-02-14 09:00:00+00:00,-1,2623.34,2702.1341021676253,2465.75179566475,2702.1341021676253,stop,-1.0,-1.043931691220301,51,12.75,78.79410216762517
ETH,2024-02-17 19:30:00+00:00,2024-02-17 19:30:00+00:00,2024-02-18 22:15:00+00:00,-1,2775.29,2859.785350620201,2606.299298759598,2859.785350620201,stop,-1.0,-1.0433491186321846,107,26.75,84.49535062020095
ETH,2024-02-20 19:30:00+00:00,2024-02-20 19:30:00+00:00,2024-02-24 19:30:00+00:00,1,2954.81,2852.0974979468856,3160.2350041062286,2983.37,tempo,0.2780576797285212,0.2404788366193929,384,96.0,102.71250205311435
ETH,2024-02-25 19:15:00+00:00,2024-02-25 19:15:00+00:00,2024-02-27 02:15:00+00:00,1,3068.52,2978.1022955564695,3249.355408887061,3249.355408887061,alvo,2.0,1.9545816934741875,124,31.0,90.41770444353051
ETH,2024-02-28 02:45:00+00:00,2024-02-28 02:45:00+00:00,2024-02-28 09:45:00+00:00,-1,3248.18,3351.0626895562636,3042.414620887472,3351.0626895562636,stop,-1.0,-1.0416931921853165,28,7.0,102.88268955626381
ETH,2024-03-01 18:00:00+00:00,2024-03-01 18:00:00+00:00,2024-03-04 16:15:00+00:00,-1,3423.32,3577.429288073019,3115.1014238539624,3577.429288073019,stop,-1.0,-1.0295276624410294,281,70.25,154.1092880730189
ETH,2024-03-05 11:45:00+00:00,2024-03-05 11:45:00+00:00,2024-03-05 20:00:00+00:00,-1,3732.82,3883.386148216893,3431.687703566214,3431.687703566214,alvo,2.0,1.9690705376841435,33,8.25,150.566148216893
ETH,2024-03-11 09:00:00+00:00,2024-03-11 09:00:00+00:00,2024-03-15 03:30:00+00:00,-1,4024.19,4204.5416763372605,3663.486647325479,3663.486647325479,alvo,2.0,1.9722930780448245,362,90.5,180.35167633726041
ETH,2024-03-19 03:00:00+00:00,2024-03-19 03:00:00+00:00,2024-03-20 05:30:00+00:00,-1,3409.85,3584.9561083067865,3059.6377833864267,3059.6377833864267,alvo,2.0,1.9759850350175465,106,26.5,175.1061083067866
ETH,2024-03-20 09:30:00+00:00,2024-03-20 09:30:00+00:00,2024-03-24 09:30:00+00:00,1,3229.9,3024.2712922490014,3641.1574155019975,3365.95,tempo,0.6616294071387459,0.6407796797495546,384,96.0,205.62870775099873
ETH,2024-03-24 23:15:00+00:00,2024-03-24 23:15:00+00:00,2024-03-25 17:15:00+00:00,-1,3468.41,3639.516851338184,3126.1962973236314,3639.516851338184,stop,-1.0,-1.0270015631591416,72,18.0,171.10685133818424
ETH,2024-03-28 16:30:00+00:00,2024-03-28 16:30:00+00:00,2024-04-01 16:30:00+00:00,-1,3576.34,3730.187583185407,3268.644833629186,3463.76,tempo,0.7317632014038586,0.7020190552479504,384,96.0,153.84758318540707
ETH,2024-04-05 02:30:00+00:00,2024-04-05 02:30:00+00:00,2024-04-08 08:30:00+00:00,1,3288.72,3158.5390906147304,3549.0818187705386,3549.0818187705386,alvo,2.0,1.965858502577769,312,78.0,130.1809093852694
ETH,2024-04-10 06:15:00+00:00,2024-04-10 06:15:00+00:00,2024-04-12 17:30:00+00:00,1,3533.49,3402.4699819183143,3795.530036163371,3402.4699819183143,stop,-1.0,-1.0344098104568733,237,59.25,131.02001808168552
ETH,2024-04-15 11:45:00+00:00,2024-04-15 11:45:00+00:00,2024-04-19 11:45:00+00:00,-1,3235.5,3448.605140093756,2809.2897198124883,3115.55,tempo,0.562867699705543,0.5434961233175506,384,96.0,213.10514009375584
ETH,2024-04-21 14:45:00+00:00,2024-04-21 14:45:00+00:00,2024-04-25 14:45:00+00:00,-1,3149.8,3298.5171313549727,2852.365737290055,3121.2,tempo,0.19231140178285921,0.16490265631512524,384,96.0,148.71713135497248
ETH,2024-04-28 06:30:00+00:00,2024-04-28 06:30:00+00:00,2024-04-29 03:15:00+00:00,1,3308.51,3198.905104759248,3527.719790481505,3198.905104759248,stop,-1.0,-1.0385915228403122,83,20.75,109.60489524075228
ETH,2024-05-04 21:15:00+00:00,2024-05-04 21:15:00+00:00,2024-05-08 21:15:00+00:00,-1,3127.85,3241.812160347761,2899.9256793044774,2943.01,tempo,1.6219418747060528,1.5873158287627467,384,96.0,113.96216034776126
ETH,2024-05-10 15:00:00+00:00,2024-05-10 15:00:00+00:00,2024-05-14 15:00:00+00:00,1,2934.59,2839.471869604081,3124.8262607918386,2893.31,tempo,-0.433986662986084,-0.47381224601880645,384,96.0,95.11813039591925
ETH,2024-05-16 06:30:00+00:00,2024-05-16 06:30:00+00:00,2024-05-17 15:30:00+00:00,-1,3016.55,3101.713793786277,2846.222412427446,3101.713793786277,stop,-1.0,-1.0466967391793425,132,33.0,85.16379378627698
ETH,2024-05-20 13:30:00+00:00,2024-05-20 13:30:00+00:00,2024-05-20 19:30:00+00:00,1,3083.11,3000.1742033201526,3248.981593359695,3248.981593359695,alvo,2.0,1.9503729426803238,24,6.0,82.9357966798475
ETH,2024-05-24 02:45:00+00:00,2024-05-24 02:45:00+00:00,2024-05-28 02:45:00+00:00,1,3799.56,3563.500217964856,4271.679564070288,3863.32,tempo,0.27010107122147464,0.24900102632158375,384,96.0,236.05978203514405
ETH,2024-05-30 00:15:00+00:00,2024-05-30 00:15:00+00:00,2024-06-03 00:15:00+00:00,1,3777.9,3635.7360621701723,4062.2278756596556,3785.0,tempo,0.04994234197774339,0.015363354682917732,384,96.0,142.16393782982777
ETH,2024-06-06 15:00:00+00:00,2024-06-06 15:00:00+00:00,2024-06-06 20:15:00+00:00,1,3846.99,3760.4073213485817,4020.155357302836,3760.4073213485817,stop,-1.0,-1.0571108255819202,21,5.25,86.58267865141806
ETH,2024-06-07 19:15:00+00:00,2024-06-07 19:15:00+00:00,2024-06-11 15:45:00+00:00,-1,3678.85,3803.102203926342,3430.3455921473155,3430.3455921473155,alvo,2.0,1.9628096968192603,370,92.5,124.25220392634219
ETH,2024-06-12 03:45:00+00:00,2024-06-12 03:45:00+00:00,2024-06-12 12:45:00+00:00,-1,3506.9,3613.293886792882,3294.1122264142364,3613.293886792882,stop,-1.0,-1.0434999243464522,36,9.0,106.39388679288186
ETH,2024-06-23 08:45:00+00:00,2024-06-23 08:45:00+00:00,2024-06-23 20:45:00+00:00,1,3506.59,3414.044228260188,3691.6815434796245,3414.044228260188,stop,-1.0,-1.048607431369379,48,12.0,92.54577173981215
ETH,2024-06-24 15:45:00+00:00,2024-06-24 15:45:00+00:00,2024-06-25 14:30:00+00:00,-1,3290.29,3395.679805005102,3079.510389989796,3395.679805005102,stop,-1.0,-1.0412362502525072,91,22.75,105.38980500510206
ETH,2024-06-26 15:00:00+00:00,2024-06-26 15:00:00+00:00,2024-06-28 01:45:00+00:00,-1,3376.52,3477.5837849484647,3174.3924301030706,3477.5837849484647,stop,-1.0,-1.0440827291644412,139,34.75,101.06378494846467
ETH,2024-07-04 10:00:00+00:00,2024-07-04 10:00:00+00:00,2024-07-04 23:45:00+00:00,1,3162.17,3072.497766086745,3341.5144678265106,3072.497766086745,stop,-1.0,-1.0451927410649389,55,13.75,89.67223391325524
ETH,2024-07-08 03:15:00+00:00,2024-07-08 03:15:00+00:00,2024-07-10 04:30:00+00:00,1,2876.71,2752.8461945026534,3124.4376109946934,3124.4376109946934,alvo,2.0,1.9685077821443964,197,49.25,123.86380549734668
ETH,2024-07-13 12:30:00+00:00,2024-07-13 12:30:00+00:00,2024-07-14 23:30:00+00:00,-1,3156.22,3268.028015207956,2932.6039695840877,3268.028015207956,stop,-1.0,-1.0373476016197811,140,35.0,111.80801520795603
ETH,2024-07-15 19:15:00+00:00,2024-07-15 19:15:00+00:00,2024-07-16 00:15:00+00:00,-1,3394.29,3496.3123769297963,3190.2452461404073,3496.3123769297963,stop,-1.0,-1.0439010703317213,20,5.0,102.02237692979634
ETH,2024-07-20 12:00:00+00:00,2024-07-20 12:00:00+00:00,2024-07-24 12:00:00+00:00,-1,3483.39,3582.6874784360816,3284.7950431278364,3458.4,tempo,0.2516680221249119,0.20622715523618723,384,96.0,99.29747843608175
ETH,2024-07-27 00:00:00+00:00,2024-07-27 00:00:00+00:00,2024-07-29 10:00:00+00:00,-1,3272.81,3391.368542266314,3035.692915467372,3391.368542266314,stop,-1.0,-1.0365365157977644,232,58.0,118.5585422663139
ETH,2024-08-02 15:30:00+00:00,2024-08-02 15:30:00+00:00,2024-08-04 17:15:00+00:00,-1,3003.7,3123.066480684516,2764.967038630967,2764.967038630967,alvo,2.0,1.9685872151578268,199,49.75,119.36648068451632
ETH,2024-08-07 19:00:00+00:00,2024-08-07 19:00:00+00:00,2024-08-11 19:00:00+00:00,1,2343.07,2134.7858586052416,2759.6382827895172,2637.31,tempo,1.4126855651594237,1.3971431096545446,384,96.0,208.28414139475854
ETH,2024-08-13 05:15:00+00:00,2024-08-13 05:15:00+00:00,2024-08-17 05:15:00+00:00,-1,2656.23,2816.236592727784,2336.2168145444325,2597.96,tempo,0.36417249443673644,0.34282822704264065,384,96.0,160.00659272778375
ETH,2024-08-18 03:45:00+00:00,2024-08-18 03:45:00+00:00,2024-08-22 03:45:00+00:00,-1,2610.34,2715.637355411561,2399.745289176878,2607.2,tempo,0.029820312084073226,-0.0023875338465724656,384,96.0,105.29735541156106
ETH,2024-08-30 09:15:00+00:00,2024-08-30 09:15:00+00:00,2024-09-01 22:45:00+00:00,1,2523.92,2425.2038468239944,2721.3523063520115,2425.2038468239944,stop,-1.0,-1.032587680910742,246,61.5,98.71615317600572
ETH,2024-09-06 20:30:00+00:00,2024-09-06 20:30:00+00:00,2024-09-10 18:45:00+00:00,1,2208.64,2117.6420192068913,2390.635961586217,2390.635961586217,alvo,2.0,1.9671472998744006,377,94.25,90.99798079310858
ETH,2024-09-16 05:45:00+00:00,2024-09-16 05:45:00+00:00,2024-09-19 07:15:00+00:00,1,2286.51,2217.24157804304,2425.0468439139204,2425.0468439139204,alvo,2.0,1.9557877621285074,294,73.5,69.26842195696008
ETH,2024-09-19 15:30:00+00:00,2024-09-19 15:30:00+00:00,2024-09-21 00:30:00+00:00,1,2432.61,2356.152803919347,2585.524392161306,2585.524392161306,alvo,2.0,1.9573383864160534,132,33.0,76.45719608065292
ETH,2024-09-22 08:00:00+00:00,2024-09-22 08:00:00+00:00,2024-09-26 08:00:00+00:00,1,2586.73,2509.8770319439436,2740.435936112113,2628.59,tempo,0.5446764264129335,0.5005667701986495,384,96.0,76.8529680560564
ETH,2024-09-26 11:00:00+00:00,2024-09-26 11:00:00+00:00,2024-09-27 16:45:00+00:00,-1,2629.74,2703.98821142804,2481.2435771439195,2703.98821142804,stop,-1.0,-1.0466936949826502,119,29.75,74.24821142804012
ETH,2024-10-09 05:45:00+00:00,2024-10-09 05:45:00+00:00,2024-10-09 21:00:00+00:00,1,2449.25,2374.688199051301,2598.3736018973977,2374.688199051301,stop,-1.0,-1.0420531664939359,61,15.25,74.56180094869887
ETH,2024-10-10 14:15:00+00:00,2024-10-10 14:15:00+00:00,2024-10-11 19:15:00+00:00,-1,2378.98,2456.1435333134104,2224.652933373179,2456.1435333134104,stop,-1.0,-1.0407294762396204,116,29.0,77.16353331341043
ETH,2024-10-12 15:00:00+00:00,2024-10-12 15:00:00+00:00,2024-10-14 04:45:00+00:00,-1,2469.97,2541.612768308173,2326.684463383653,2541.612768308173,stop,-1.0,-1.0454690525830599,151,37.75,71.64276830817334
ETH,2024-10-21 00:00:00+00:00,2024-10-21 00:00:00+00:00,2024-10-21 13:30:00+00:00,1,2746.98,2675.0062220226164,2890.9275559547673,2675.0062220226164,stop,-1.0,-1.0489663200036845,54,13.5,71.97377797738363
ETH,2024-10-22 20:30:00+00:00,2024-10-22 20:30:00+00:00,2024-10-23 12:45:00+00:00,1,2628.81,2558.2995378059763,2769.830924388047,2558.2995378059763,stop,-1.0,-1.0478173180924015,65,16.25,70.5104621940236
ETH,2024-10-23 16:00:00+00:00,2024-10-23 16:00:00+00:00,2024-10-23 18:15:00+00:00,1,2539.53,2473.1214343248384,2672.3471313503237,2473.1214343248384,stop,-1.0,-1.0490633007833474,9,2.25,66.40856567516175
ETH,2024-10-26 21:15:00+00:00,2024-10-26 21:15:00+00:00,2024-10-29 17:00:00+00:00,1,2489.88,2405.554327618347,2658.531344763306,2658.531344763306,alvo,2.0,1.9603149636453507,271,67.75,84.32567238165302
ETH,2024-10-29 22:30:00+00:00,2024-10-29 22:30:00+00:00,2024-10-30 14:15:00+00:00,-1,2633.44,2719.837186642606,2460.6456267147882,2719.837186642606,stop,-1.0,-1.0402748087818146,63,15.75,86.3971866426059
ETH,2024-10-30 15:00:00+00:00,2024-10-30 15:00:00+00:00,2024-10-31 17:45:00+00:00,-1,2709.91,2802.8385929064057,2524.0528141871882,2524.0528141871882,alvo,2.0,1.9633904299761848,107,26.75,92.92859290640581
ETH,2024-11-02 19:00:00+00:00,2024-11-02 19:00:00+00:00,2024-11-06 03:00:00+00:00,-1,2486.7,2566.5431929283786,2327.013614143242,2566.5431929283786,stop,-1.0,-1.0411382355205887,320,80.0,79.84319292837881
ETH,2024-11-07 20:30:00+00:00,2024-11-07 20:30:00+00:00,2024-11-09 23:15:00+00:00,1,2887.99,2756.4180730497574,3151.1338539004846,3151.1338539004846,alvo,2.0,1.9701651363172645,203,50.75,131.5719269502424
ETH,2024-11-10 13:00:00+00:00,2024-11-10 13:00:00+00:00,2024-11-14 13:00:00+00:00,1,3198.2,3061.293178721388,3472.0136425572236,3184.33,tempo,-0.10130978040731645,-0.13161246701748402,384,96.0,136.90682127861191
ETH,2024-11-22 13:15:00+00:00,2024-11-22 13:15:00+00:00,2024-11-26 13:15:00+00:00,1,3338.34,3170.103336833403,3674.8133263331947,3329.32,tempo,-0.05361494831282927,-0.07937615231215166,384,96.0,168.23666316659728
ETH,2024-12-02 16:30:00+00:00,2024-12-02 16:30:00+00:00,2024-12-03 14:45:00+00:00,1,3641.57,3503.5196841588768,3917.670631682247,3503.5196841588768,stop,-1.0,-1.03364214175394,89,22.25,138.0503158411234
ETH,2024-12-09 10:45:00+00:00,2024-12-09 10:45:00+00:00,2024-12-09 21:00:00+00:00,1,3880.09,3743.335122074657,4153.599755850686,3743.335122074657,stop,-1.0,-1.0362343662216837,41,10.25,136.75487792534295
ETH,2024-12-11 14:45:00+00:00,2024-12-11 14:45:00+00:00,2024-12-15 14:45:00+00:00,1,3736.45,3557.630750042977,4094.0884999140453,3895.57,tempo,0.8898370843085579,0.862095031922183,384,96.0,178.81924995702275
ETH,2024-12-16 18:00:00+00:00,2024-12-16 18:00:00+00:00,2024-12-18 20:15:00+00:00,-1,4033.64,4174.973236851199,3750.9735262976023,3750.9735262976023,alvo,2.0,1.9641980973136501,201,50.25,141.33323685119876
ETH,2024-12-19 07:30:00+00:00,2024-12-19 07:30:00+00:00,2024-12-19 20:15:00+00:00,-1,3689.75,3848.937055111559,3371.375889776882,3371.375889776882,alvo,2.0,1.9711676817870745,51,12.75,159.18705511155895
ETH,2024-12-21 18:30:00+00:00,2024-12-21 18:30:00+00:00,2024-12-25 18:30:00+00:00,-1,3369.22,3579.5845057876413,2948.4909884247168,3473.22,tempo,-0.4943799792203813,-0.5155222626267357,384,96.0,210.36450578764152
ETH,2025-01-03 20:15:00+00:00,2025-01-03 20:15:00+00:00,2025-01-07 15:00:00+00:00,1,3608.46,3501.6322608001515,3822.115478399697,3501.6322608001515,stop,-1.0,-1.043261797021411,363,90.75,106.82773919984857
ETH,2025-01-07 19:45:00+00:00,2025-01-07 19:45:00+00:00,2025-01-08 17:15:00+00:00,1,3400.25,3288.986099270221,3622.777801459558,3288.986099270221,stop,-1.0,-1.0390782943614876,86,21.5,111.26390072977892
ETH,2025-01-10 18:15:00+00:00,2025-01-10 18:15:00+00:00,2025-01-13 14:45:00+00:00,-1,3299.53,3444.2730288472485,3010.0439423055036,3010.0439423055036,alvo,2.0,1.9716654881747244,274,68.5,144.7430288472483
ETH,2025-01-13 20:30:00+00:00,2025-01-13 20:30:00+00:00,2025-01-14 10:00:00+00:00,1,3022.87,2907.122742638624,3254.3645147227517,3254.3645147227517,alvo,2.0,1.96474903572159,54,13.5,115.74725736137589
ETH,2025-01-15 17:00:00+00:00,2025-01-15 17:00:00+00:00,2025-01-15 20:30:00+00:00,-1,3338.29,3470.184150246906,3074.501699506188,3470.184150246906,stop,-1.0,-1.033553483527328,14,3.5,131.89415024690607
ETH,2025-01-16 12:45:00+00:00,2025-01-16 12:45:00+00:00,2025-01-19 09:00:00+00:00,1,3352.5,3223.5546093555936,3610.390781288813,3223.5546093555936,stop,-1.0,-1.0331491918766509,273,68.25,128.94539064440642
ETH,2025-01-20 15:45:00+00:00,2025-01-20 15:45:00+00:00,2025-01-24 15:45:00+00:00,-1,3357.53,3568.49144005379,2935.6071198924205,3361.0,tempo,-0.016448503570676412,-0.0371491799544104,384,96.0,210.96144005378983
ETH,2025-01-27 12:00:00+00:00,2025-01-27 12:00:00+00:00,2025-01-27 21:15:00+00:00,-1,3057.49,3187.1260284420987,2798.217943115802,3187.1260284420987,stop,-1.0,-1.031310743373323,37,9.25,129.6360284420989
ETH,2025-01-30 11:45:00+00:00,2025-01-30 11:45:00+00:00,2025-02-02 03:30:00+00:00,1,3217.21,3076.084111989198,3499.4617760216042,3076.084111989198,stop,-1.0,-1.028985760376437,255,63.75,141.1258880108021
ETH,2025-02-04 15:15:00+00:00,2025-02-04 15:15:00+00:00,2025-02-08 15:15:00+00:00,-1,2777.79,3027.785386968413,2277.7992260631736,2617.67,tempo,0.6404918184359577,0.6264633635811363,384,96.0,249.9953869684132
ETH,2025-02-11 19:45:00+00:00,2025-02-11 19:45:00+00:00,2025-02-15 19:45:00+00:00,1,2590.12,2461.7487006112724,2846.862598777455,2695.99,tempo,0.8247170551683028,0.7979511696755077,384,96.0,128.3712993887275
ETH,2025-02-17 00:45:00+00:00,2025-02-17 00:45:00+00:00,2025-02-17 10:30:00+00:00,-1,2668.88,2766.8337040183455,2472.9725919633092,2766.8337040183455,stop,-1.0,-1.0360702430093935,39,9.75,97.95370401834543
ETH,2025-02-18 13:15:00+00:00,2025-02-18 13:15:00+00:00,2025-02-22 13:15:00+00:00,1,2698.34,2593.254859567675,2908.5102808646507,2734.25,tempo,0.34172291013043715,0.30811983851181873,384,96.0,105.08514043232526
ETH,2025-02-22 18:30:00+00:00,2025-02-22 18:30:00+00:00,2025-02-24 10:45:00+00:00,1,2775.41,2663.1118870176447,3000.00622596471,2663.1118870176447,stop,-1.0,-1.0314790616928435,161,40.25,112.29811298235518
ETH,2025-02-26 05:00:00+00:00,2025-02-26 05:00:00+00:00,2025-02-28 01:45:00+00:00,-1,2488.69,2627.6202472352848,2210.8295055294307,2210.8295055294307,alvo,2.0,1.9780127960657776,179,44.75,138.9302472352847
ETH,2025-02-28 23:45:00+00:00,2025-02-28 23:45:00+00:00,2025-03-02 16:45:00+00:00,-1,2235.26,2376.4624931450476,1952.8550137099055,2376.4624931450476,stop,-1.0,-1.0212292258711397,164,41.0,141.20249314504736
ETH,2025-03-03 22:45:00+00:00,2025-03-03 22:45:00+00:00,2025-03-07 22:45:00+00:00,-1,2151.96,2337.2101927855806,1781.459614428839,2148.45,tempo,0.01894734870296679,0.0038582065111667264,384,96.0,185.25019278558057
ETH,2025-03-12 16:30:00+00:00,2025-03-12 16:30:00+00:00,2025-03-16 16:30:00+00:00,-1,1864.93,2000.6701621375666,1593.449675724867,1912.58,tempo,-0.35103833124723044,-0.3691271670150232,384,96.0,135.74016213756659
ETH,2025-03-17 01:00:00+00:00,2025-03-17 01:00:00+00:00,2025-03-19 10:45:00+00:00,-1,1901.03,1983.3543258506684,1736.3813482986632,1983.3543258506684,stop,-1.0,-1.0306695473751326,231,57.75,82.3243258506684
ETH,2025-03-20 06:00:00+00:00,2025-03-20 06:00:00+00:00,2025-03-21 12:45:00+00:00,1,2016.11,1937.1562027720418,2174.017594455916,1937.1562027720418,stop,-1.0,-1.0325459081389425,123,30.75,78.95379722795815
ETH,2025-03-24 00:30:00+00:00,2025-03-24 00:30:00+00:00,2025-03-28 00:30:00+00:00,1,2009.0,1952.5172133478554,2121.965573304289,1994.51,tempo,-0.2565383342227476,-0.30261045024681055,384,96.0,56.48278665214457
ETH,2025-03-30 13:00:00+00:00,2025-03-30 13:00:00+00:00,2025-04-01 00:00:00+00:00,-1,1833.16,1895.5927053647158,1708.2945892705686,1821.59,fim_dados,0.18531953616956393,0.14726916679789515,140,35.0,62.43270536471573
SOL,2023-01-04 01:30:00+00:00,2023-01-04 01:30:00+00:00,2023-01-08 01:30:00+00:00,1,13.492,11.64737585251038,17.18124829497924,12.96,tempo,-0.288405635762715,-0.29772666737958897,384,96.0,1.8446241474896201
SOL,2023-01-10 15:45:00+00:00,2023-01-10 15:45:00+00:00,2023-01-13 21:30:00+00:00,-1,16.11,17.567270377118575,13.195459245762848,17.567270377118575,stop,-1.0,-1.0150213893652391,311,77.75,1.4572703771185758
SOL,2023-01-21 16:00:00+00:00,2023-01-21 16:00:00+00:00,2023-01-24 22:30:00+00:00,1,25.23,22.654674204263472,30.380651591473057,22.654674204263472,stop,-1.0,-1.0120858643532786,314,78.5,2.5753257957365285
SOL,2023-01-25 21:15:00+00:00,2023-01-25 21:15:00+00:00,2023-01-29 17:30:00+00:00,-1,24.078,26.105684901528306,20.022630196943386,26.105684901528306,stop,-1.0,-1.01608701389521,369,92.25,2.027684901528307
SOL,2023-01-30 05:00:00+00:00,2023-01-30 05:00:00+00:00,2023-02-03 05:00:00+00:00,-1,25.483,27.16892546520402,22.111149069591963,24.37,tempo,0.6601715336598895,0.6409509627219693,384,96.0,1.6859254652040185
SOL,2023-02-04 11:45:00+00:00,2023-02-04 11:45:00+00:00,2023-02-08 11:45:00+00:00,-1,24.56,25.947468184123775,21.785063631752447,23.68,tempo,0.6342487777878258,0.6116493406556496,384,96.0,1.387468184123776
SOL,2023-02-10 07:15:00+00:00,2023-02-10 07:15:00+00:00,2023-02-14 07:15:00+00:00,1,20.848,19.597936894317904,23.34812621136419,20.985,tempo,0.10959446717311652,0.0878424053160769,384,96.0,1.250063105682095
SOL,2023-02-15 04:15:00+00:00,2023-02-15 04:15:00+00:00,2023-02-15 19:45:00+00:00,-1,21.558,22.9068836969754,18.860232606049202,22.9068836969754,stop,-1.0,-1.0214267356539644,62,15.5,1.348883696975399
SOL,2023-02-17 14:30:00+00:00,2023-02-17 14:30:00+00:00,2023-02-19 16:00:00+00:00,1,22.688,21.43390619191513,25.196187616169734,25.196187616169734,alvo,2.0,1.975181504166709,198,49.5,1.2540938080848676
SOL,2023-02-19 16:30:00+00:00,2023-02-19 16:30:00+00:00,2023-02-20 05:00:00+00:00,-1,25.02,26.39268306598072,22.27463386803856,26.39268306598072,stop,-1.0,-1.0243452001566085,50,12.5,1.3726830659807199
SOL,2023-02-26 10:00:00+00:00,2023-02-26 10:00:00+00:00,2023-03-01 01:00:00+00:00,1,22.936,21.72944597841623,25.34910804316754,21.72944597841623,stop,-1.0,-1.024062362203941,252,63.0,1.20655402158377
SOL,2023-03-06 19:15:00+00:00,2023-03-06 19:15:00+00:00,2023-03-07 14:45:00+00:00,1,21.003,20.188777914074183,22.631444171851633,20.188777914074183,stop,-1.0,-1.0328837255915306,78,19.5,0.8142220859258167
SOL,2023-03-13 18:30:00+00:00,2023-03-13 18:30:00+00:00,2023-03-15 16:45:00+00:00,1,20.558,18.8464707195551,23.9810585608898,18.8464707195551,stop,-1.0,-1.0149649242115524,185,46.25,1.7115292804448998
SOL,2023-03-16 22:15:00+00:00,2023-03-16 22:15:00+00:00,2023-03-18 04:00:00+00:00,1,19.66,18.08036419803703,22.819271603925937,22.819271603925937,alvo,2.0,1.9825203211346314,119,29.75,1.5796358019629686
SOL,2023-03-21 05:30:00+00:00,2023-03-21 05:30:00+00:00,2023-03-24 17:30:00+00:00,1,22.55,20.759548396602256,26.13090320679549,20.759548396602256,stop,-1.0,-1.0157229641976186,336,84.0,1.7904516033977451
SOL,2023-03-29 03:00:00+00:00,2023-03-29 03:00:00+00:00,2023-04-02 03:00:00+00:00,-1,20.701,21.709931818324407,18.68313636335119,20.946,tempo,-0.24283107693727737,-0.26966197820170346,384,96.0,1.008931818324406
SOL,2023-04-04 21:15:00+00:00,2023-04-04 21:15:00+00:00,2023-04-08 21:15:00+00:00,-1,21.029,21.884894292731186,19.317211414537628,20.212,tempo,0.9545571304055867,0.9232370827926284,384,96.0,0.8558942927311861
SOL,2023-04-11 18:30:00+00:00,2023-04-11 18:30:00+00:00,2023-04-12 02:30:00+00:00,1,23.39,22.403054578985163,25.363890842029676,22.403054578985163,stop,-1.0,-1.0301592011498808,32,8.0,0.9869454210148376
SOL,2023-04-18 12:45:00+00:00,2023-04-18 12:45:00+00:00,2023-04-19 08:30:00+00:00,-1,25.107,26.371181638252008,22.578636723495983,22.578636723495983,alvo,2.0,1.9754816373435622,79,19.75,1.2641816382520084
SOL,2023-04-23 04:45:00+00:00,2023-04-23 04:45:00+00:00,2023-04-25 08:30:00+00:00,1,21.795,20.715262842895726,23.954474314208554,20.715262842895726,stop,-1.0,-1.0255911086008997,207,51.75,1.079737157104276
SOL,2023-04-26 20:30:00+00:00,2023-04-26 20:30:00+00:00,2023-04-28 17:00:00+00:00,1,20.809,19.698442846700548,23.030114306598907,23.030114306598907,alvo,2.0,1.9743413256898759,178,44.5,1.1105571532994531
SOL,2023-04-30 05:15:00+00:00,2023-04-30 05:15:00+00:00,2023-05-01 01:45:00+00:00,1,23.143,22.038133288236494,25.352733423527013,22.038133288236494,stop,-1.0,-1.0265803434248455,82,20.5,1.1048667117635063
SOL,2023-05-04 00:30:00+00:00,2023-05-04 00:30:00+00:00,2023-05-08 00:30:00+00:00,1,22.379,21.445616514341186,24.245766971317632,21.692,tempo,-0.7360318781675165,-0.7667225325878488,384,96.0,0.9333834856588155
SOL,2023-05-10 17:30:00+00:00,2023-05-10 17:30:00+00:00,2023-05-14 17:30:00+00:00,-1,20.332,21.292326646276027,18.411346707447947,21.043,tempo,-0.7403730832182238,-0.768377877320615,384,96.0,0.9603266462760267
SOL,2023-05-28 05:15:00+00:00,2023-05-28 05:15:00+00:00,2023-06-01 05:15:00+00:00,1,20.437,19.835885170106756,21.63922965978649,20.669,tempo,0.38594955316807183,0.34150064146056136,384,96.0,0.6011148298932447
SOL,2023-06-02 11:30:00+00:00,2023-06-02 11:30:00+00:00,2023-06-05 16:00:00+00:00,1,21.223,20.57094276636802,22.527114467263956,20.57094276636802,stop,-1.0,-1.0416620833217713,306,76.5,0.6520572336319788
SOL,2023-06-07 12:00:00+00:00,2023-06-07 12:00:00+00:00,2023-06-07 16:30:00+00:00,1,19.938,18.993984634086818,21.82603073182636,18.993984634086818,stop,-1.0,-1.0268065446028807,18,4.5,0.9440153659131809
SOL,2023-06-07 17:45:00+00:00,2023-06-07 17:45:00+00:00,2023-06-09 23:30:00+00:00,-1,19.027,19.981098375552474,17.118803248895055,17.118803248895055,alvo,2.0,1.9753748955937829,215,53.75,0.9540983755524728
SOL,2023-06-12 21:30:00+00:00,2023-06-12 21:30:00+00:00,2023-06-16 21:30:00+00:00,1,15.125,13.487846901385197,18.399306197229606,15.279,tempo,0.09406572917969583,0.08199440853367856,384,96.0,1.637153098614803
SOL,2023-06-24 20:45:00+00:00,2023-06-24 20:45:00+00:00,2023-06-28 07:45:00+00:00,1,16.603,15.774249328988441,18.260501342023122,15.774249328988441,stop,-1.0,-1.0253939004817396,332,83.0,0.8287506710115604
SOL,2023-06-29 17:15:00+00:00,2023-06-29 17:15:00+00:00,2023-06-30 02:15:00+00:00,-1,17.592,18.637297620217318,15.50140475956536,18.637297620217318,stop,-1.0,-1.0225285535886377,36,9.0,1.045297620217319
SOL,2023-07-04 05:00:00+00:00,2023-07-04 05:00:00+00:00,2023-07-07 15:15:00+00:00,1,19.186,18.084399325685084,21.389201348629832,21.389201348629832,alvo,2.0,1.9760585832130038,329,82.25,1.1016006743149163
SOL,2023-07-09 06:00:00+00:00,2023-07-09 06:00:00+00:00,2023-07-13 06:00:00+00:00,1,21.763,20.27896085835097,24.731078283298064,21.676,tempo,-0.05862379067935555,-0.07764980502600244,384,96.0,1.4840391416490313
SOL,2023-07-16 06:15:00+00:00,2023-07-16 06:15:00+00:00,2023-07-18 12:00:00+00:00,1,27.666,25.12584410736154,32.746311785276916,25.12584410736154,stop,-1.0,-1.013508894776589,215,53.75,2.5401558926384595
SOL,2023-07-20 04:45:00+00:00,2023-07-20 04:45:00+00:00,2023-07-22 23:30:00+00:00,1,26.444,24.70568271024908,29.92063457950184,24.70568271024908,stop,-1.0,-1.0191261364986055,267,66.75,1.7383172897509205
SOL,2023-07-23 16:45:00+00:00,2023-07-23 16:45:00+00:00,2023-07-24 10:00:00+00:00,1,24.832,23.549089971104486,27.39782005779103,23.549089971104486,stop,-1.0,-1.0245127933938531,69,17.25,1.2829100288955146
SOL,2023-07-28 12:30:00+00:00,2023-07-28 12:30:00+00:00,2023-08-01 12:30:00+00:00,-1,24.75,25.92718619901644,22.39562760196712,23.277,tempo,1.25128887955934,1.2247700926197014,384,96.0,1.1771861990164396
SOL,2023-08-06 22:45:00+00:00,2023-08-06 22:45:00+00:00,2023-08-08 17:45:00+00:00,-1,23.363,24.137057398738218,21.814885202523563,24.137057398738218,stop,-1.0,-1.0398872710983822,172,43.0,0.7740573987382184
SOL,2023-08-11 20:00:00+00:00,2023-08-11 20:00:00+00:00,2023-08-15 19:15:00+00:00,1,24.449,23.662732683942945,26.021534632114115,23.662732683942945,stop,-1.0,-1.0397735294421084,381,95.25,0.7862673160570566
SOL,2023-08-16 19:00:00+00:00,2023-08-16 19:00:00+00:00,2023-08-17 21:45:00+00:00,-1,23.453,24.27392106883108,21.81115786233784,21.81115786233784,alvo,2.0,1.9641601321642121,107,26.75,0.8209210688310797
SOL,2023-08-18 07:15:00+00:00,2023-08-18 07:15:00+00:00,2023-08-22 07:15:00+00:00,-1,22.017,24.327223573667602,17.396552852664794,21.123,tempo,0.3869755335327679,0.37483774725112096,384,96.0,2.310223573667603
SOL,2023-09-03 12:45:00+00:00,2023-09-03 12:45:00+00:00,2023-09-07 12:45:00+00:00,1,19.521,18.817288109551843,20.928423780896317,19.378,tempo,-0.2032081622337393,-0.23913813633705833,384,96.0,0.7037118904481581
SOL,2023-09-10 08:30:00+00:00,2023-09-10 08:30:00+00:00,2023-09-10 15:15:00+00:00,1,18.463,17.766663956898693,19.855672086202617,17.766663956898693,stop,-1.0,-1.0338188462385223,27,6.75,0.6963360431013079
SOL,2023-09-12 12:15:00+00:00,2023-09-12 12:15:00+00:00,2023-09-14 01:15:00+00:00,-1,18.385,19.293583797404104,16.567832405191798,19.293583797404104,stop,-1.0,-1.0269552236549735,148,37.0,0.908583797404102
SOL,2023-09-22 03:00:00+00:00,2023-09-22 03:00:00+00:00,2023-09-26 03:00:00+00:00,-1,19.526,20.222571576024517,18.132856847950965,19.491,tempo,0.05024609272711443,0.013837702156915002,384,96.0,0.6965715760245175
SOL,2023-10-07 01:15:00+00:00,2023-10-07 01:15:00+00:00,2023-10-11 01:15:00+00:00,-1,23.576,24.714581248155984,21.298837503688034,22.233,tempo,1.179538133247046,1.1533864202724786,384,96.0,1.1385812481559832
SOL,2023-10-11 23:15:00+00:00,2023-10-11 23:15:00+00:00,2023-10-15 23:15:00+00:00,-1,21.926,22.778892879900887,20.22021424019822,21.866,tempo,0.07034881098664006,0.03697439707043082,384,96.0,0.8528928799008888
SOL,2023-10-19 11:45:00+00:00,2023-10-19 11:45:00+00:00,2023-10-20 05:15:00+00:00,1,24.026,22.916520642621997,26.244958714756006,26.244958714756006,alvo,2.0,1.9705482369299652,70,17.5,1.109479357378003
SOL,2023-10-21 06:45:00+00:00,2023-10-21 06:45:00+00:00,2023-10-23 04:15:00+00:00,1,27.901,26.429402035340072,30.844195929319856,30.844195929319856,alvo,2.0,1.9740524394086927,182,45.5,1.471597964659928
SOL,2023-10-23 20:30:00+00:00,2023-10-23 20:30:00+00:00,2023-10-25 12:30:00+00:00,1,29.936,28.097564604034503,33.612870791930995,33.612870791930995,alvo,2.0,1.9775315650985592,160,40.0,1.8384353959654973
SOL,2023-10-25 23:00:00+00:00,2023-10-25 23:00:00+00:00,2023-10-29 23:00:00+00:00,1,32.16,29.426918293516103,37.626163412967784,32.95,tempo,0.28905099987528005,0.2735660987471515,384,96.0,2.733081706483894
SOL,2023-10-30 12:30:00+00:00,2023-10-30 12:30:00+00:00,2023-11-01 07:45:00+00:00,1,35.145,32.97287695958881,39.48924608082239,39.48924608082239,alvo,2.0,1.9776659705504753,173,43.25,2.1721230404111935
SOL,2023-11-02 04:00:00+00:00,2023-11-02 04:00:00+00:00,2023-11-02 17:15:00+00:00,1,42.581,38.86623130401727,50.01053739196547,38.86623130401727,stop,-1.0,-1.0142514123166977,53,13.25,3.714768695982734
SOL,2023-11-04 08:15:00+00:00,2023-11-04 08:15:00+00:00,2023-11-08 08:15:00+00:00,1,42.011,38.36162873851725,49.309742522965514,43.645,tempo,0.44774836072340274,0.4324919244743327,384,96.0,3.649371261482756
SOL,2023-11-09 13:00:00+00:00,2023-11-09 13:00:00+00:00,2023-11-09 16:15:00+00:00,-1,47.857,50.94937233669759,41.67225532660481,41.67225532660481,alvo,2.0,1.9811814330144863,13,3.25,3.0923723366975935
SOL,2023-11-14 11:15:00+00:00,2023-11-14 11:15:00+00:00,2023-11-15 07:30:00+00:00,-1,53.269,58.9488924171497,41.909215165700594,58.9488924171497,stop,-1.0,-1.0128420795173707,81,20.25,5.679892417149702
SOL,2023-11-18 07:00:00+00:00,2023-11-18 07:00:00+00:00,2023-11-22 07:00:00+00:00,1,55.148,49.52576703274857,66.39246593450287,54.688,tempo,-0.08181802544992778,-0.09451643201113835,384,96.0,5.622232967251435
SOL,2023-11-25 10:45:00+00:00,2023-11-25 10:45:00+00:00,2023-11-27 15:00:00+00:00,1,57.938,54.16988489802868,65.47423020394265,54.16988489802868,stop,-1.0,-1.0193386144562293,209,52.25,3.7681151019713255
SOL,2023-11-29 17:30:00+00:00,2023-11-29 17:30:00+00:00,2023-12-02 07:15:00+00:00,-1,59.22,62.351709578715756,52.956580842568485,62.351709578715756,stop,-1.0,-1.0252327392562914,247,61.75,3.131709578715757
SOL,2023-12-03 21:00:00+00:00,2023-12-03 21:00:00+00:00,2023-12-06 09:00:00+00:00,-1,63.014,65.80455138146144,57.432897237077135,65.80455138146144,stop,-1.0,-1.0300055605333807,240,60.0,2.7905513814614338
SOL,2023-12-07 22:45:00+00:00,2023-12-07 22:45:00+00:00,2023-12-08 05:00:00+00:00,-1,68.094,72.65425304366062,58.97349391267875,72.65425304366062,stop,-1.0,-1.0200616859640186,25,6.25,4.560253043660623
SOL,2023-12-10 15:30:00+00:00,2023-12-10 15:30:00+00:00,2023-12-11 02:15:00+00:00,-1,74.049,78.8993533969742,64.34829320605161,64.34829320605161,alvo,2.0,1.9814532605727138,43,10.75,4.850353396974199
SOL,2023-12-17 05:15:00+00:00,2023-12-17 05:15:00+00:00,2023-12-18 03:00:00+00:00,1,73.999,68.81394390579587,84.36911218840825,68.81394390579587,stop,-1.0,-1.0179030683279455,87,21.75,5.185056094204128
SOL,2023-12-18 03:30:00+00:00,2023-12-18 03:30:00+00:00,2023-12-20 13:45:00+00:00,1,69.437,64.69012251654513,78.93075496690973,78.93075496690973,alvo,2.0,1.9796836886849034,233,58.25,4.746877483454867
SOL,2023-12-22 08:45:00+00:00,2023-12-22 08:45:00+00:00,2023-12-23 18:45:00+00:00,-1,92.965,100.71096193037184,77.47307613925634,100.71096193037184,stop,-1.0,-1.0162522584523854,136,34.0,7.745961930371834
SOL,2023-12-27 00:00:00+00:00,2023-12-27 00:00:00+00:00,2023-12-28 12:45:00+00:00,1,112.533,102.06602054587677,133.46695890824645,102.06602054587677,stop,-1.0,-1.0133266109832546,147,36.75,10.466979454123233
SOL,2023-12-30 23:45:00+00:00,2023-12-30 23:45:00+00:00,2024-01-02 00:15:00+00:00,-1,101.933,110.14619957243957,85.50660085512088,110.14619957243957,stop,-1.0,-1.016784138569415,194,48.5,8.213199572439564
SOL,2024-01-02 06:15:00+00:00,2024-01-02 06:15:00+00:00,2024-01-03 12:15:00+00:00,-1,112.508,120.06481148050926,97.39437703898146,97.39437703898146,alvo,2.0,1.9819452231371342,120,30.0,7.556811480509268
SOL,2024-01-17 12:30:00+00:00,2024-01-17 12:30:00+00:00,2024-01-18 18:00:00+00:00,1,101.268,94.33951546375543,115.12496907248914,94.33951546375543,stop,-1.0,-1.0183510382950725,118,29.5,6.928484536244568
SOL,2024-01-18 19:30:00+00:00,2024-01-18 19:30:00+00:00,2024-01-19 16:45:00+00:00,1,94.608,88.5174235988232,106.78915280235361,88.5174235988232,stop,-1.0,-1.0195435567175934,85,21.25,6.090576401176804
SOL,2024-01-23 17:30:00+00:00,2024-01-23 17:30:00+00:00,2024-01-24 11:00:00+00:00,-1,82.88,88.11759642338583,72.40480715322832,88.11759642338583,stop,-1.0,-1.0212212680570278,70,17.5,5.237596423385838
SOL,2024-01-27 05:00:00+00:00,2024-01-27 05:00:00+00:00,2024-01-28 10:15:00+00:00,-1,92.61,97.81448191798346,82.20103616403308,97.81448191798346,stop,-1.0,-1.023782561875947,117,29.25,5.204481917983458
SOL,2024-01-31 13:15:00+00:00,2024-01-31 13:15:00+00:00,2024-02-01 02:00:00+00:00,1,99.149,93.75173838822158,109.94352322355684,93.75173838822158,stop,-1.0,-1.023231314131358,51,12.75,5.3972616117784185
SOL,2024-02-03 04:30:00+00:00,2024-02-03 04:30:00+00:00,2024-02-07 04:30:00+00:00,-1,99.449,104.95290602990706,88.44118794018588,95.187,tempo,0.7743591509086815,0.7513730389887916,384,96.0,5.503906029907057
SOL,2024-02-11 16:45:00+00:00,2024-02-11 16:45:00+00:00,2024-02-13 00:15:00+00:00,-1,108.637,112.91233061881537,100.08633876236925,112.91233061881537,stop,-1.0,-1.0336832581481457,126,31.5,4.275330618815374
SOL,2024-02-13 20:15:00+00:00,2024-02-13 20:15:00+00:00,2024-02-14 13:30:00+00:00,-1,112.281,117.45567995382498,101.93164009235005,117.45567995382498,stop,-1.0,-1.0288575995621925,69,17.25,5.1746799538249775
SOL,2024-02-17 19:30:00+00:00,2024-02-17 19:30:00+00:00,2024-02-18 10:15:00+00:00,-1,108.039,112.59690482105118,98.92319035789764,112.59690482105118,stop,-1.0,-1.0314647505299612,59,14.75,4.557904821051181
SOL,2024-02-20 19:30:00+00:00,2024-02-20 19:30:00+00:00,2024-02-21 14:30:00+00:00,1,106.396,101.35929968641875,116.4694006271625,101.35929968641875,stop,-1.0,-1.0268113916629187,76,19.0,5.03670031358125
SOL,2024-02-21 20:15:00+00:00,2024-02-21 20:15:00+00:00,2024-02-25 20:15:00+00:00,1,102.163,97.1598789965057,112.1692420069886,104.288,tempo,0.42473488019095457,0.3979129924320384,384,96.0,5.0031210034943
SOL,2024-02-25 21:30:00+00:00,2024-02-25 21:30:00+00:00,2024-02-26 17:15:00+00:00,-1,103.43,107.74479338247086,94.8004132350583,107.74479338247086,stop,-1.0,-1.031812326461853,79,19.75,4.314793382470853
SOL,2024-02-28 02:45:00+00:00,2024-02-28 02:45:00+00:00,2024-02-28 11:00:00+00:00,-1,108.11,113.24386655962994,97.84226688074013,113.24386655962994,stop,-1.0,-1.0280256628396143,33,8.25,5.133866559629936
SOL,2024-03-01 18:00:00+00:00,2024-03-01 18:00:00+00:00,2024-03-05 15:45:00+00:00,-1,132.108,143.07443308337392,110.17513383325218,143.07443308337392,stop,-1.0,-1.016310552405173,375,93.75,10.966433083373914
SOL,2024-03-11 09:00:00+00:00,2024-03-11 09:00:00+00:00,2024-03-13 18:45:00+00:00,-1,149.372,160.42405226994407,127.2678954601119,160.42405226994407,stop,-1.0,-1.0182199132846195,231,57.75,11.052052269944056
SOL,2024-03-19 03:00:00+00:00,2024-03-19 03:00:00+00:00,2024-03-23 03:00:00+00:00,-1,183.819,201.26923316030943,148.9185336793811,175.146,tempo,0.49701341640103375,0.4836424059476776,384,96.0,17.450233160309438
SOL,2024-03-24 05:15:00+00:00,2024-03-24 05:15:00+00:00,2024-03-24 23:15:00+00:00,-1,172.963,186.8558696913928,145.1772606172144,186.8558696913928,stop,-1.0,-1.0168346979777911,72,18.0,13.892869691392804
SOL,2024-03-24 23:15:00+00:00,2024-03-24 23:15:00+00:00,2024-03-28 23:15:00+00:00,-1,186.13,199.92666499066794,158.5366700186641,191.057,tempo,-0.357115288610154,-0.37488563747097176,384,96.0,13.79666499066795
SOL,2024-04-05 02:30:00+00:00,2024-04-05 02:30:00+00:00,2024-04-05 09:15:00+00:00,1,181.091,171.4516473845531,200.36970523089383,171.4516473845531,stop,-1.0,-1.02377262560483,27,6.75,9.63935261544691
SOL,2024-04-06 06:45:00+00:00,2024-04-06 06:45:00+00:00,2024-04-10 06:45:00+00:00,-1,177.259,186.84343915715533,158.0901216856893,173.281,tempo,0.41504775968348345,0.39127474633716824,384,96.0,9.584439157155344
SOL,2024-04-11 21:30:00+00:00,2024-04-11 21:30:00+00:00,2024-04-12 18:45:00+00:00,-1,172.861,181.18738656193833,156.20822687612332,156.20822687612332,alvo,2.0,1.9743111857852913,85,21.25,8.326386561938335
SOL,2024-04-15 11:45:00+00:00,2024-04-15 11:45:00+00:00,2024-04-19 11:45:00+00:00,-1,151.491,167.9157587557956,118.64148248840885,145.62,tempo,0.3574481724383556,0.34569018238983473,384,96.0,16.42475875579558
SOL,2024-04-21 14:45:00+00:00,2024-04-21 14:45:00+00:00,2024-04-25 14:45:00+00:00,-1,149.279,161.37531652816418,125.08636694367163,145.613,tempo,0.3030674661550357,0.2872213365044345,384,96.0,12.09631652816418
SOL,2024-04-28 06:30:00+00:00,2024-04-28 06:30:00+00:00,2024-04-29 04:00:00+00:00,1,143.024,135.41314561551283,158.24570876897434,135.41314561551283,stop,-1.0,-1.023779740815824,86,21.5,7.610854384487169
SOL,2024-05-04 21:15:00+00:00,2024-05-04 21:15:00+00:00,2024-05-06 10:00:00+00:00,-1,147.678,156.38510843476382,130.26378313047235,156.38510843476382,stop,-1.0,-1.0226988123512393,147,36.75,8.707108434763825
SOL,2024-05-10 15:00:00+00:00,2024-05-10 15:00:00+00:00,2024-05-13 03:15:00+00:00,1,147.453,139.3704694666322,163.61806106673563,139.3704694666322,stop,-1.0,-1.0230664461313983,241,60.25,8.082530533367816
SOL,2024-05-16 06:30:00+00:00,2024-05-16 06:30:00+00:00,2024-05-17 08:30:00+00:00,-1,161.436,169.97280470673599,144.36239058652805,169.97280470673599,stop,-1.0,-1.0252337649108225,104,26.0,8.536804706735978
SOL,2024-05-20 13:30:00+00:00,2024-05-20 13:30:00+00:00,2024-05-23 20:15:00+00:00,1,176.501,168.24227429124122,193.01845141751758,168.24227429124122,stop,-1.0,-1.027132893885997,315,78.75,8.258725708758789
SOL,2024-05-24 02:45:00+00:00,2024-05-24 02:45:00+00:00,2024-05-26 10:00:00+00:00,1,171.799,162.1920990423221,191.01280191535582,162.1920990423221,stop,-1.0,-1.02259773628706,221,55.25,9.606900957677908
SOL,2024-05-30 00:15:00+00:00,2024-05-30 00:15:00+00:00,2024-06-03 00:15:00+00:00,1,168.914,160.98992304724405,184.76215390551187,163.476,tempo,-0.6862628962870797,-0.7135283432644539,384,96.0,7.924076952755939
SOL,2024-06-06 15:00:00+00:00,2024-06-06 15:00:00+00:00,2024-06-06 20:15:00+00:00,1,173.395,168.17250510781759,183.83998978436486,168.17250510781759,stop,-1.0,-1.0425120335976628,21,5.25,5.222494892182425
SOL,2024-06-07 19:15:00+00:00,2024-06-07 19:15:00+00:00,2024-06-11 19:15:00+00:00,-1,161.571,172.475849455723,139.761301088554,148.565,tempo,1.1926803806699318,1.1741942566002221,384,96.0,10.904849455722996
SOL,2024-06-12 03:45:00+00:00,2024-06-12 03:45:00+00:00,2024-06-12 12:45:00+00:00,-1,149.512,157.39808452746848,133.73983094506303,157.39808452746848,stop,-1.0,-1.0252966544104358,36,9.0,7.886084527468483
SOL,2024-06-23 08:45:00+00:00,2024-06-23 08:45:00+00:00,2024-06-23 23:45:00+00:00,1,134.436,128.17755363051498,146.95289273897006,128.17755363051498,stop,-1.0,-1.027274949689132,60,15.0,6.2584463694850285
SOL,2024-06-24 15:45:00+00:00,2024-06-24 15:45:00+00:00,2024-06-25 03:00:00+00:00,-1,127.104,133.108517736455,115.09496452708997,133.108517736455,stop,-1.0,-1.0281684797934418,45,11.25,6.004517736455014
SOL,2024-06-26 15:00:00+00:00,2024-06-26 15:00:00+00:00,2024-06-27 13:15:00+00:00,-1,137.792,144.59220611521138,124.19158776957724,144.59220611521138,stop,-1.0,-1.0269917897877103,89,22.25,6.800206115211381
SOL,2024-07-04 10:00:00+00:00,2024-07-04 10:00:00+00:00,2024-07-04 23:45:00+00:00,1,134.196,127.5989450962877,147.3901098074246,127.5989450962877,stop,-1.0,-1.0257943456279,55,13.75,6.597054903712305
SOL,2024-07-08 03:15:00+00:00,2024-07-08 03:15:00+00:00,2024-07-12 03:15:00+00:00,1,130.628,122.54745198137529,146.78909603724938,136.306,tempo,0.7026751139790166,0.6812029193209208,384,96.0,8.080548018624697
SOL,2024-07-13 12:30:00+00:00,2024-07-13 12:30:00+00:00,2024-07-14 21:30:00+00:00,-1,140.163,146.98448072067293,126.52003855865416,146.98448072067293,stop,-1.0,-1.0273614879395312,132,33.0,6.821480720672923
SOL,2024-07-15 19:15:00+00:00,2024-07-15 19:15:00+00:00,2024-07-17 01:15:00+00:00,-1,155.961,162.72647948176737,142.4300410364653,162.72647948176737,stop,-1.0,-1.0306182085425577,120,30.0,6.765479481767358
SOL,2024-07-20 12:00:00+00:00,2024-07-20 12:00:00+00:00,2024-07-21 15:45:00+00:00,-1,167.979,175.96134188445257,152.0143162310949,175.96134188445257,stop,-1.0,-1.0280069715706277,111,27.75,7.982341884452552
SOL,2024-07-27 00:00:00+00:00,2024-07-27 00:00:00+00:00,2024-07-29 03:00:00+00:00,-1,182.991,192.4416920578961,164.08961588420786,192.4416920578961,stop,-1.0,-1.0258215216772135,204,51.0,9.450692057896077
SOL,2024-08-02 15:30:00+00:00,2024-08-02 15:30:00+00:00,2024-08-04 15:30:00+00:00,-1,154.313,163.68053307406444,135.57793385187108,135.57793385187108,alvo,2.0,1.9798848741163868,192,48.0,9.367533074064454
SOL,2024-08-07 19:00:00+00:00,2024-08-07 19:00:00+00:00,2024-08-11 19:00:00+00:00,1,143.531,126.98632549557053,176.62034900885897,147.902,tempo,0.26419377418575024,0.2527440808146728,384,96.0,16.54467450442948
SOL,2024-08-13 05:15:00+00:00,2024-08-13 05:15:00+00:00,2024-08-17 05:15:00+00:00,-1,145.36,155.8860868369981,124.30782632600386,139.149,tempo,0.5900578340441776,0.5724890211639733,384,96.0,10.526086836998076
SOL,2024-08-18 03:45:00+00:00,2024-08-18 03:45:00+00:00,2024-08-20 05:30:00+00:00,-1,141.387,148.74586025022086,126.66927949955829,148.74586025022086,stop,-1.0,-1.0256271151713996,199,49.75,7.358860250220857
SOL,2024-08-30 09:15:00+00:00,2024-08-30 09:15:00+00:00,2024-08-30 15:15:00+00:00,1,139.71,133.5573378124715,152.01532437505702,133.5573378124715,stop,-1.0,-1.0288694168742356,24,6.0,6.152662187528506
SOL,2024-09-01 13:45:00+00:00,2024-09-01 13:45:00+00:00,2024-09-01 19:15:00+00:00,-1,130.419,135.64760197722018,119.96179604555968,135.64760197722018,stop,-1.0,-1.0330763925115485,22,5.5,5.2286019772201655
SOL,2024-09-06 20:30:00+00:00,2024-09-06 20:30:00+00:00,2024-09-10 18:45:00+00:00,1,124.882,118.64390974725933,137.35818050548136,137.35818050548136,alvo,2.0,1.9726749517204125,377,94.25,6.238090252740676
SOL,2024-09-16 05:45:00+00:00,2024-09-16 05:45:00+00:00,2024-09-19 10:30:00+00:00,1,130.801,126.46494080422099,139.473118391558,139.473118391558,alvo,2.0,1.959484368404027,307,76.75,4.336059195779001
SOL,2024-09-19 15:30:00+00:00,2024-09-19 15:30:00+00:00,2024-09-20 07:00:00+00:00,1,141.966,136.731963765292,152.43407246941604,152.43407246941604,alvo,2.0,1.9634392964580238,62,15.5,5.2340362347080145
SOL,2024-09-22 08:00:00+00:00,2024-09-22 08:00:00+00:00,2024-09-22 22:00:00+00:00,1,147.147,141.65047942994934,158.1400411401013,141.65047942994934,stop,-1.0,-1.0341522167045647,56,14.0,5.496520570050649
SOL,2024-09-26 11:00:00+00:00,2024-09-26 11:00:00+00:00,2024-09-27 06:45:00+00:00,-1,152.744,158.6111561517746,141.0096876964508,158.6111561517746,stop,-1.0,-1.0344938580571852,79,19.75,5.867156151774594
SOL,2024-10-09 05:45:00+00:00,2024-10-09 05:45:00+00:00,2024-10-10 00:45:00+00:00,1,143.825,137.90613338624277,155.66273322751442,137.90613338624277,stop,-1.0,-1.030939240339598,76,19.0,5.918866613757217
SOL,2024-10-10 14:15:00+00:00,2024-10-10 14:15:00+00:00,2024-10-11 12:45:00+00:00,-1,137.364,142.83254223339023,126.42691553321956,142.83254223339023,stop,-1.0,-1.0333046257446188,90,22.5,5.468542233390224
SOL,2024-10-12 15:00:00+00:00,2024-10-12 15:00:00+00:00,2024-10-14 04:00:00+00:00,-1,146.843,151.96666523002648,136.595669539947,151.96666523002648,stop,-1.0,-1.037907683987877,148,37.0,5.123665230026489
SOL,2024-10-21 00:00:00+00:00,2024-10-21 00:00:00+00:00,2024-10-21 14:00:00+00:00,1,167.42,161.73648974318297,178.78702051363402,161.73648974318297,stop,-1.0,-1.037644291760791,56,14.0,5.683510256817016
SOL,2024-10-22 20:30:00+00:00,2024-10-22 20:30:00+00:00,2024-10-25 23:30:00+00:00,1,168.12,161.00875704595813,182.34248590808375,161.00875704595813,stop,-1.0,-1.0300838676814266,300,75.0,7.11124295404187
SOL,2024-10-26 21:15:00+00:00,2024-10-26 21:15:00+00:00,2024-10-30 21:15:00+00:00,1,172.17,164.3569873615515,187.79602527689698,175.55,tempo,0.4326116130117027,0.4036832072277742,384,96.0,7.813012638448498
SOL,2024-11-02 19:00:00+00:00,2024-11-02 19:00:00+00:00,2024-11-06 00:45:00+00:00,-1,163.88,170.5244164419243,150.59116711615138,170.5244164419243,stop,-1.0,-1.032713613390599,311,77.75,6.644416441924307
SOL,2024-11-07 20:30:00+00:00,2024-11-07 20:30:00+00:00,2024-11-11 10:45:00+00:00,1,196.28,186.30255893683406,216.23488212633188,216.23488212633188,alvo,2.0,1.9731259075664203,345,86.25,9.97744106316594
SOL,2024-11-12 21:00:00+00:00,2024-11-12 21:00:00+00:00,2024-11-16 21:00:00+00:00,1,213.04,198.83530131679538,241.44939736640922,215.4,tempo,0.166142207774561,0.14653700486171944,384,96.0,14.204698683204612
SOL,2024-11-22 13:15:00+00:00,2024-11-22 13:15:00+00:00,2024-11-24 12:45:00+00:00,1,258.38,241.57145424647402,291.99709150705195,241.57145424647402,stop,-1.0,-1.0193335253403488,190,47.5,16.808545753525976
SOL,2024-11-24 15:15:00+00:00,2024-11-24 15:15:00+00:00,2024-11-25 22:45:00+00:00,1,247.15,232.5945339426736,276.26093211465286,232.5945339426736,stop,-1.0,-1.0214238380162193,126,31.5,14.555466057326413
SOL,2024-11-26 04:15:00+00:00,2024-11-26 04:15:00+00:00,2024-11-26 11:45:00+00:00,1,236.64,222.6125296270264,264.6949407459472,222.6125296270264,stop,-1.0,-1.021280682569304,30,7.5,14.027470372973596
SOL,2024-12-02 16:30:00+00:00,2024-12-02 16:30:00+00:00,2024-12-03 14:00:00+00:00,1,226.46,216.104641801693,247.17071639661404,216.104641801693,stop,-1.0,-1.027779533229293,86,21.5,10.355358198307016
SOL,2024-12-09 10:45:00+00:00,2024-12-09 10:45:00+00:00,2024-12-09 21:15:00+00:00,1,227.51,216.12640165838513,250.2771966832297,216.12640165838513,stop,-1.0,-1.025331503486361,42,10.5,11.383598341614857
SOL,2024-12-11 14:45:00+00:00,2024-12-11 14:45:00+00:00,2024-12-15 14:45:00+00:00,1,226.16,211.58773039213386,255.30453921573226,220.42,tempo,-0.3938988335009633,-0.41381865435325577,384,96.0,14.572269607866133
SOL,2024-12-16 18:00:00+00:00,2024-12-16 18:00:00+00:00,2024-12-19 02:30:00+00:00,-1,219.33,228.97631098080038,200.03737803839928,200.03737803839928,alvo,2.0,1.9717416537505883,226,56.5,9.646310980800365
SOL,2024-12-19 07:30:00+00:00,2024-12-19 07:30:00+00:00,2024-12-19 20:00:00+00:00,-1,210.85,222.49787281934147,187.55425436131705,187.55425436131705,alvo,2.0,1.977767376983646,50,12.5,11.647872819341472
SOL,2024-12-21 18:30:00+00:00,2024-12-21 18:30:00+00:00,2024-12-24 15:30:00+00:00,-1,182.58,196.39339681767777,154.9532063646445,196.39339681767777,stop,-1.0,-1.017832884350086,276,69.0,13.813396817677756
SOL,2024-12-25 14:45:00+00:00,2024-12-25 14:45:00+00:00,2024-12-26 21:15:00+00:00,1,198.6,186.80820464204834,222.1835907159033,186.80820464204834,stop,-1.0,-1.0212448847196454,122,30.5,11.791795357951656
SOL,2025-01-03 20:15:00+00:00,2025-01-03 20:15:00+00:00,2025-01-07 15:30:00+00:00,1,216.31,207.29540450230962,234.33919099538076,207.29540450230962,stop,-1.0,-1.0305441894755063,365,91.25,9.01459549769038
SOL,2025-01-07 19:45:00+00:00,2025-01-07 19:45:00+00:00,2025-01-08 04:00:00+00:00,1,204.76,197.4367030609865,219.40659387802697,197.4367030609865,stop,-1.0,-1.0356981096310507,33,8.25,7.323296939013488
SOL,2025-01-10 18:15:00+00:00,2025-01-10 18:15:00+00:00,2025-01-13 14:45:00+00:00,-1,190.97,201.3219970711522,170.2660058576956,170.2660058576956,alvo,2.0,1.9773180573570845,274,68.5,10.351997071152198
SOL,2025-01-13 20:30:00+00:00,2025-01-13 20:30:00+00:00,2025-01-15 13:45:00+00:00,1,177.629,169.29613362524654,194.2947327495069,194.2947327495069,alvo,2.0,1.9709883231753693,165,41.25,8.33286637475345
SOL,2025-01-15 17:00:00+00:00,2025-01-15 17:00:00+00:00,2025-01-16 11:45:00+00:00,-1,197.95,207.9962034253566,177.85759314928674,207.9962034253566,stop,-1.0,-1.0262651492364256,75,18.75,10.046203425356623
SOL,2025-01-16 12:45:00+00:00,2025-01-16 12:45:00+00:00,2025-01-18 09:00:00+00:00,1,215.97,204.30607969596466,239.2978406080707,239.2978406080707,alvo,2.0,1.9746291050794589,177,44.25,11.663920304035344
SOL,2025-01-20 15:45:00+00:00,2025-01-20 15:45:00+00:00,2025-01-24 15:45:00+00:00,-1,258.61,290.4265267049083,194.9769465901834,261.59,tempo,-0.09366201495338707,-0.10428951062996061,384,96.0,31.816526704908313
SOL,2025-01-27 12:00:00+00:00,2025-01-27 12:00:00+00:00,2025-01-28 06:00:00+00:00,-1,225.74,242.9518553211321,191.31628935773585,242.9518553211321,stop,-1.0,-1.017699992259678,72,18.0,17.211855321132077
SOL,2025-01-30 11:45:00+00:00,2025-01-30 11:45:00+00:00,2025-02-01 19:30:00+00:00,1,240.69,223.471344941602,275.12731011679597,223.471344941602,stop,-1.0,-1.0175219767855732,223,55.75,17.218655058397985
SOL,2025-02-04 15:15:00+00:00,2025-02-04 15:15:00+00:00,2025-02-08 15:15:00+00:00,-1,212.1,232.7820736568573,170.73585268628537,194.83,tempo,0.8350226522993728,0.8222335817067197,384,96.0,20.682073656857312
SOL,2025-02-11 19:45:00+00:00,2025-02-11 19:45:00+00:00,2025-02-15 19:45:00+00:00,1,195.53,184.54037896058267,217.50924207883466,194.29,tempo,-0.11283373608174518,-0.13589030910561667,384,96.0,10.98962103941733
SOL,2025-02-17 00:45:00+00:00,2025-02-17 00:45:00+00:00,2025-02-18 05:30:00+00:00,-1,188.82,196.6596666339183,173.14066673216337,173.14066673216337,alvo,2.0,1.9699892298534747,115,28.75,7.839666633918313
SOL,2025-02-18 13:15:00+00:00,2025-02-18 13:15:00+00:00,2025-02-22 13:15:00+00:00,1,169.64,160.61144126960585,187.69711746078826,173.73,tempo,0.45300696624271236,0.42828646470256715,384,96.0,9.028558730394138
SOL,2025-02-22 18:30:00+00:00,2025-02-22 18:30:00+00:00,2025-02-24 01:15:00+00:00,1,173.83,165.23885727035326,191.0122854592935,165.23885727035326,stop,-1.0,-1.0256537185053602,123,30.75,8.591142729646748
SOL,2025-02-26 05:00:00+00:00,2025-02-26 05:00:00+00:00,2025-03-02 05:00:00+00:00,-1,142.42,154.18920669315634,118.88158661368729,143.65,tempo,-0.10451001771557367,-0.1203093408855988,384,96.0,11.769206693156349
SOL,2025-03-03 22:45:00+00:00,2025-03-03 22:45:00+00:00,2025-03-07 22:45:00+00:00,-1,142.84,158.28858580424205,111.94282839151592,142.5,tempo,0.022008487010289478,0.01000279261533254,384,96.0,15.448585804242043
SOL,2025-03-12 16:30:00+00:00,2025-03-12 16:30:00+00:00,2025-03-14 15:30:00+00:00,-1,123.75,133.48268532175788,104.28462935648423,133.48268532175788,stop,-1.0,-1.0171793538917113,188,47.0,9.732685321757884
SOL,2025-03-15 15:15:00+00:00,2025-03-15 15:15:00+00:00,2025-03-16 19:30:00+00:00,1,135.04,126.88359437355874,151.3528112528825,126.88359437355874,stop,-1.0,-1.0208732061817647,113,28.25,8.156405626441256
SOL,2025-03-17 01:00:00+00:00,2025-03-17 01:00:00+00:00,2025-03-19 21:30:00+00:00,-1,127.65,134.49436969524618,113.96126060950766,134.49436969524618,stop,-1.0,-1.0248954758274176,274,68.5,6.844369695246172
SOL,2025-03-20 06:00:00+00:00,2025-03-20 06:00:00+00:00,2025-03-20 16:45:00+00:00,1,133.88,127.41111978715239,146.8177604256952,127.41111978715239,stop,-1.0,-1.0262548110760092,43,10.75,6.468880212847608
SOL,2025-03-21 08:15:00+00:00,2025-03-21 08:15:00+00:00,2025-03-24 00:30:00+00:00,-1,128.39,134.2308780071941,116.70824398561177,134.2308780071941,stop,-1.0,-1.0292256695815978,257,64.25,5.840878007194107
SOL,2025-03-24 00:30:00+00:00,2025-03-24 00:30:00+00:00,2025-03-25 13:30:00+00:00,1,134.42,129.0830510950158,145.09389780996835,145.09389780996835,alvo,2.0,1.9659573219060043,148,37.0,5.336948904984183
SOL,2025-03-30 13:00:00+00:00,2025-03-30 13:00:00+00:00,2025-04-01 00:00:00+00:00,-1,124.96,130.04265501074138,114.79468997851721,124.48,fim_dados,0.09443883147402005,0.06253896818261996,140,35.0,5.082655010741391
BNB,2023-01-04 01:30:00+00:00,2023-01-04 01:30:00+00:00,2023-01-04 03:15:00+00:00,1,246.44,242.6466415108523,254.02671697829538,254.02671697829538,alvo,2.0,1.9142439695677214,7,1.75,3.7933584891476926
BNB,2023-01-05 06:00:00+00:00,2023-01-05 06:00:00+00:00,2023-01-08 16:00:00+00:00,-1,258.37,265.4927056101208,244.12458877975837,265.4927056101208,stop,-1.0,-1.0478063782620384,328,82.0,7.122705610120818
BNB,2023-01-10 15:45:00+00:00,2023-01-10 15:45:00+00:00,2023-01-11 23:30:00+00:00,-1,274.73,282.8347726244227,258.5204547511546,282.8347726244227,stop,-1.0,-1.0447165045832103,127,31.75,8.104772624422708
BNB,2023-01-12 16:30:00+00:00,2023-01-12 16:30:00+00:00,2023-01-13 04:45:00+00:00,-1,281.93,290.6189493824086,264.5521012351829,290.6189493824086,stop,-1.0,-1.0428310490393724,49,12.25,8.688949382408566
BNB,2023-01-21 16:00:00+00:00,2023-01-21 16:00:00+00:00,2023-01-25 16:00:00+00:00,1,301.98,288.86808169890685,328.20383660218636,300.11,tempo,-0.1426183382979208,-0.17246587784271583,384,96.0,13.11191830109317
BNB,2023-01-25 21:15:00+00:00,2023-01-25 21:15:00+00:00,2023-01-29 10:30:00+00:00,-1,304.41,316.9773502584852,279.27529948302964,316.9773502584852,stop,-1.0,-1.0321389767421585,341,85.25,12.567350258485192
BNB,2023-01-30 05:00:00+00:00,2023-01-30 05:00:00+00:00,2023-02-02 03:45:00+00:00,-1,315.6,325.72685575640116,295.34628848719774,325.72685575640116,stop,-1.0,-1.0411640558796509,283,70.75,10.126855756401142
BNB,2023-02-04 11:45:00+00:00,2023-02-04 11:45:00+00:00,2023-02-08 11:45:00+00:00,-1,329.31,340.49728405850624,306.93543188298753,331.23,tempo,-0.1716234244128401,-0.2100019082123592,384,96.0,11.187284058506236
BNB,2023-02-10 07:15:00+00:00,2023-02-10 07:15:00+00:00,2023-02-13 08:45:00+00:00,1,306.51,296.77118840788705,325.98762318422587,296.77118840788705,stop,-1.0,-1.0402649510934885,294,73.5,9.738811592112938
BNB,2023-02-15 04:15:00+00:00,2023-02-15 04:15:00+00:00,2023-02-15 20:15:00+00:00,-1,296.74,308.80728848262214,272.60542303475574,308.80728848262214,stop,-1.0,-1.032617579175349,64,16.0,12.067288482622132
BNB,2023-02-17 14:30:00+00:00,2023-02-17 14:30:00+00:00,2023-02-21 14:30:00+00:00,1,310.07,296.73718405845926,336.73563188308145,313.7,tempo,0.2722605649036295,0.2418505973635581,384,96.0,13.33281594154073
BNB,2023-02-26 10:00:00+00:00,2023-02-26 10:00:00+00:00,2023-03-02 10:00:00+00:00,1,303.35,295.5604519369103,318.9290961261795,297.99,tempo,-0.6881015376743127,-0.7382804436691439,384,96.0,7.78954806308974
BNB,2023-03-06 19:15:00+00:00,2023-03-06 19:15:00+00:00,2023-03-09 19:15:00+00:00,1,288.66,282.45070000174206,301.07859999651595,282.45070000174206,stop,-1.0,-1.0597848316404876,288,72.0,6.209299998257961
BNB,2023-03-13 18:30:00+00:00,2023-03-13 18:30:00+00:00,2023-03-17 18:30:00+00:00,1,308.02,292.7716457083752,338.5167085832495,330.08,tempo,1.4467134995752668,1.4195128592918882,384,96.0,15.248354291624764
BNB,2023-03-18 02:15:00+00:00,2023-03-18 02:15:00+00:00,2023-03-22 02:15:00+00:00,-1,342.53,360.1479967907987,307.29400641840255,334.05,tempo,0.4813260043519125,0.4563641993736257,384,96.0,17.617996790798713
BNB,2023-03-29 03:00:00+00:00,2023-03-29 03:00:00+00:00,2023-04-02 03:00:00+00:00,-1,313.46,323.43844955827296,293.503100883454,314.87,tempo,-0.14130451747696765,-0.18223417269192932,384,96.0,9.978449558272985
BNB,2023-04-04 21:15:00+00:00,2023-04-04 21:15:00+00:00,2023-04-08 21:15:00+00:00,-1,311.48,320.39269418634166,293.65461162731674,310.63,tempo,0.09536959108308855,0.04999930331761313,384,96.0,8.91269418634164
BNB,2023-04-11 18:30:00+00:00,2023-04-11 18:30:00+00:00,2023-04-12 02:30:00+00:00,1,326.23,319.3185510889286,340.0528978221429,319.3185510889286,stop,-1.0,-1.0607118078433073,32,8.0,6.911448911071432
BNB,2023-04-18 12:45:00+00:00,2023-04-18 12:45:00+00:00,2023-04-19 08:30:00+00:00,-1,344.17,353.1156328732712,326.2787342534577,326.2787342534577,alvo,2.0,1.951284421858306,79,19.75,8.945632873271165
BNB,2023-04-23 04:45:00+00:00,2023-04-23 04:45:00+00:00,2023-04-27 04:45:00+00:00,1,330.3,319.5820103530778,351.7359792938444,332.83,tempo,0.23605173016065484,0.19583574617491023,384,96.0,10.717989646922206
BNB,2023-04-30 05:15:00+00:00,2023-04-30 05:15:00+00:00,2023-05-04 05:15:00+00:00,1,321.82,313.44088618417675,338.5782276316465,326.25,tempo,0.5286955276385347,0.47842225181734777,384,96.0,8.379113815823246
BNB,2023-05-04 12:45:00+00:00,2023-05-04 12:45:00+00:00,2023-05-08 01:45:00+00:00,1,325.72,318.7322253573164,339.6955492853673,318.7322253573164,stop,-1.0,-1.0599466880233248,340,85.0,6.9877746426836325
BNB,2023-05-10 17:30:00+00:00,2023-05-10 17:30:00+00:00,2023-05-10 20:30:00+00:00,-1,309.45,315.69471186848915,296.96057626302166,315.69471186848915,stop,-1.0,-1.0650701059187264,12,3.0,6.244711868489162
BNB,2023-05-12 02:45:00+00:00,2023-05-12 02:45:00+00:00,2023-05-14 07:15:00+00:00,-1,306.42,312.99608192400615,293.26783615198775,312.99608192400615,stop,-1.0,-1.06122497528214,210,52.5,6.576081924006132
BNB,2023-05-14 14:30:00+00:00,2023-05-14 14:30:00+00:00,2023-05-18 14:30:00+00:00,-1,311.85,317.7289107393105,300.0921785213791,313.09,tempo,-0.21092342697235616,-0.2800197303545103,384,96.0,5.87891073931047
BNB,2023-05-28 05:15:00+00:00,2023-05-28 05:15:00+00:00,2023-06-01 03:00:00+00:00,1,308.62,303.91688919748606,318.0262216050279,303.91688919748606,stop,-1.0,-1.084656516653944,375,93.75,4.703110802513947
BNB,2023-06-02 11:30:00+00:00,2023-06-02 11:30:00+00:00,2023-06-05 03:00:00+00:00,1,307.2,302.7817999050185,316.036400189963,302.7817999050185,stop,-1.0,-1.089739749539325,254,63.5,4.418200094981501
BNB,2023-06-07 12:00:00+00:00,2023-06-07 12:00:00+00:00,2023-06-07 14:30:00+00:00,1,274.46,264.0495697413841,295.2808605172317,264.0495697413841,stop,-1.0,-1.0336231271557876,10,2.5,10.410430258615861
BNB,2023-06-07 17:45:00+00:00,2023-06-07 17:45:00+00:00,2023-06-10 04:30:00+00:00,-1,261.53,273.2682456745807,238.05350865083847,238.05350865083847,alvo,2.0,1.9723357910862056,235,58.75,11.738245674580753
BNB,2023-06-12 21:30:00+00:00,2023-06-12 21:30:00+00:00,2023-06-16 21:30:00+00:00,1,230.22,217.36793880016762,255.92412239966475,238.76,tempo,0.6644848532242731,0.6407659341139302,384,96.0,12.852061199832377
BNB,2023-06-24 20:45:00+00:00,2023-06-24 20:45:00+00:00,2023-06-28 19:45:00+00:00,1,235.7,227.0422942342876,253.01541153142477,227.0422942342876,stop,-1.0,-1.0347415931416257,380,95.0,8.657705765712393
BNB,2023-06-29 17:15:00+00:00,2023-06-29 17:15:00+00:00,2023-06-30 04:45:00+00:00,-1,232.9,240.41568706920177,217.86862586159648,240.41568706920177,stop,-1.0,-1.0409350727035602,46,11.5,7.5156870692017606
BNB,2023-07-04 05:00:00+00:00,2023-07-04 05:00:00+00:00,2023-07-05 10:45:00+00:00,1,246.31,239.06399703752726,260.8020059249455,239.06399703752726,stop,-1.0,-1.0435402938293485,119,29.75,7.246002962472744
BNB,2023-07-05 18:45:00+00:00,2023-07-05 18:45:00+00:00,2023-07-09 18:45:00+00:00,-1,238.98,245.54340986909986,225.85318026180025,234.69,tempo,0.6536236629373167,0.6067142810549653,384,96.0,6.563409869099871
BNB,2023-07-16 06:15:00+00:00,2023-07-16 06:15:00+00:00,2023-07-17 00:15:00+00:00,1,247.93,240.29237324987298,263.20525350025406,240.29237324987298,stop,-1.0,-1.041550150720201,72,18.0,7.637626750127026
BNB,2023-07-20 04:45:00+00:00,2023-07-20 04:45:00+00:00,2023-07-24 04:45:00+00:00,1,241.72,235.5877655365339,253.98446892693218,241.13,tempo,-0.09621289001831819,-0.14739366300895212,384,96.0,6.132234463466091
BNB,2023-07-28 12:30:00+00:00,2023-07-28 12:30:00+00:00,2023-08-01 07:15:00+00:00,-1,241.52,245.69915060693296,233.1616987861341,245.69915060693296,stop,-1.0,-1.0757791421465246,363,90.75,4.17915060693295
BNB,2023-08-06 22:45:00+00:00,2023-08-06 22:45:00+00:00,2023-08-08 18:15:00+00:00,-1,243.49,247.6207714820686,235.22845703586285,247.6207714820686,stop,-1.0,-1.077279027137925,174,43.5,4.130771482068582
BNB,2023-08-11 20:00:00+00:00,2023-08-11 20:00:00+00:00,2023-08-15 19:15:00+00:00,1,238.96,235.41806883199965,246.04386233600073,235.41806883199965,stop,-1.0,-1.0870558263600814,381,95.25,3.5419311680003602
BNB,2023-08-16 19:00:00+00:00,2023-08-16 19:00:00+00:00,2023-08-17 15:45:00+00:00,-1,234.63,238.62089517345626,226.64820965308746,226.64820965308746,alvo,2.0,1.9248712824459275,83,20.75,3.9908951734562663
BNB,2023-08-18 07:15:00+00:00,2023-08-18 07:15:00+00:00,2023-08-22 07:15:00+00:00,-1,218.61,229.93953256930354,195.95093486139297,209.15,tempo,0.8349859045051102,0.8104443801042415,384,96.0,11.329532569303524
BNB,2023-09-03 12:45:00+00:00,2023-09-03 12:45:00+00:00,2023-09-07 12:45:00+00:00,1,215.05,210.019701364366,225.11059727126803,213.77,tempo,-0.2544580536297865,-0.3098688791472797,384,96.0,5.030298635634011
BNB,2023-09-10 08:30:00+00:00,2023-09-10 08:30:00+00:00,2023-09-11 09:30:00+00:00,1,212.83,209.40032275546716,219.68935448906572,209.40032275546716,stop,-1.0,-1.080022022547033,100,25.0,3.4296772445328543
BNB,2023-09-12 12:15:00+00:00,2023-09-12 12:15:00+00:00,2023-09-16 12:15:00+00:00,-1,212.78,218.1308984126283,202.07820317474338,214.04,tempo,-0.23547447602936097,-0.2873224048454357,384,96.0,5.350898412628311
BNB,2023-09-22 03:00:00+00:00,2023-09-22 03:00:00+00:00,2023-09-26 03:00:00+00:00,-1,211.57,215.50730530018137,203.69538939963724,211.46,tempo,0.027937889397329153,-0.04189908768121567,384,96.0,3.9373053001813787
BNB,2023-10-07 01:15:00+00:00,2023-10-07 01:15:00+00:00,2023-10-09 11:30:00+00:00,-1,213.67,217.13917733034765,206.73164533930466,206.73164533930466,alvo,2.0,1.9212317378301433,233,58.25,3.4691773303476623
BNB,2023-10-10 06:45:00+00:00,2023-10-10 06:45:00+00:00,2023-10-10 10:00:00+00:00,-1,207.84,212.0057351173053,199.5085297653894,212.0057351173053,stop,-1.0,-1.065510580999874,13,3.25,4.165735117305303
BNB,2023-10-11 23:15:00+00:00,2023-10-11 23:15:00+00:00,2023-10-15 13:30:00+00:00,-1,206.34,210.69013373509665,197.6397325298067,210.69013373509665,stop,-1.0,-1.062312931839506,345,86.25,4.350133735096648
BNB,2023-10-19 11:45:00+00:00,2023-10-19 11:45:00+00:00,2023-10-23 01:15:00+00:00,1,210.55,206.29367311240435,219.06265377519134,219.06265377519134,alvo,2.0,1.9343922042811854,342,85.5,4.256326887595662
BNB,2023-10-23 20:30:00+00:00,2023-10-23 20:30:00+00:00,2023-10-24 01:00:00+00:00,1,222.29,217.41582207445563,232.0383558510887,232.0383558510887,alvo,2.0,1.9394126690050555,18,4.5,4.874177925544359
BNB,2023-10-25 23:00:00+00:00,2023-10-25 23:00:00+00:00,2023-10-29 23:00:00+00:00,1,222.84,215.2570584832985,238.00588303340302,227.94,tempo,0.6725622225579861,0.6339219403726826,384,96.0,7.58294151670151
BNB,2023-10-30 12:30:00+00:00,2023-10-30 12:30:00+00:00,2023-11-01 15:00:00+00:00,1,228.91,222.7756139308897,241.17877213822058,222.7756139308897,stop,-1.0,-1.0478606409422908,202,50.5,6.134386069110292
BNB,2023-11-02 04:00:00+00:00,2023-11-02 04:00:00+00:00,2023-11-05 04:00:00+00:00,1,230.85,224.98376967915783,242.58246064168432,242.58246064168432,alvo,2.0,1.947541933646254,288,72.0,5.866230320842163
BNB,2023-11-05 10:45:00+00:00,2023-11-05 10:45:00+00:00,2023-11-09 10:45:00+00:00,1,244.15,237.62886315424836,257.19227369150326,250.69,tempo,1.0028926174522221,0.9535690090679656,384,96.0,6.521136845751641
BNB,2023-11-09 13:00:00+00:00,2023-11-09 13:00:00+00:00,2023-11-09 15:30:00+00:00,-1,248.83,256.3572920663235,233.77541586735302,256.3572920663235,stop,-1.0,-1.0436241528759351,10,2.5,7.527292066323497
BNB,2023-11-14 11:15:00+00:00,2023-11-14 11:15:00+00:00,2023-11-15 14:00:00+00:00,-1,245.21,253.57362460244224,228.48275079511555,253.57362460244224,stop,-1.0,-1.038764216640823,107,26.75,8.36362460244223
BNB,2023-11-18 07:00:00+00:00,2023-11-18 07:00:00+00:00,2023-11-20 17:45:00+00:00,1,239.77,231.66398524958058,255.98202950083888,255.98202950083888,alvo,2.0,1.96024694882786,235,58.75,8.106014750419433
BNB,2023-11-20 23:00:00+00:00,2023-11-20 23:00:00+00:00,2023-11-21 17:45:00+00:00,1,254.6,240.37268115481766,283.05463769036464,240.37268115481766,stop,-1.0,-1.0226136945584499,75,18.75,14.227318845182339
BNB,2023-11-25 10:45:00+00:00,2023-11-25 10:45:00+00:00,2023-11-29 10:45:00+00:00,1,233.72,221.04799081268862,259.0640183746227,228.35,tempo,-0.4237686321579569,-0.4474701222342693,384,96.0,12.672009187311374
BNB,2023-11-29 17:30:00+00:00,2023-11-29 17:30:00+00:00,2023-12-03 17:30:00+00:00,-1,227.24,234.98275112576317,211.75449774847368,226.61,tempo,0.08136642774216762,0.04326595218659782,384,96.0,7.742751125763164
BNB,2023-12-03 21:00:00+00:00,2023-12-03 21:00:00+00:00,2023-12-04 06:30:00+00:00,-1,226.84,231.87486994931353,216.77026010137294,231.87486994931353,stop,-1.0,-1.059219933874897,38,9.5,5.034869949313531
BNB,2023-12-04 22:00:00+00:00,2023-12-04 22:00:00+00:00,2023-12-08 22:00:00+00:00,1,231.65,223.38478527783155,248.1804294443369,239.7,tempo,0.9739613876465626,0.9368930826721917,384,96.0,8.265214722168452
BNB,2023-12-10 15:30:00+00:00,2023-12-10 15:30:00+00:00,2023-12-12 01:00:00+00:00,-1,240.85,248.7077252549833,225.13454949003338,248.7077252549833,stop,-1.0,-1.0404967736959154,134,33.5,7.857725254983308
BNB,2023-12-17 05:15:00+00:00,2023-12-17 05:15:00+00:00,2023-12-18 09:30:00+00:00,1,242.79,234.9945884339097,258.3808231321806,234.9945884339097,stop,-1.0,-1.0398388179827431,113,28.25,7.79541156609028
BNB,2023-12-20 00:15:00+00:00,2023-12-20 00:15:00+00:00,2023-12-21 12:00:00+00:00,1,252.33,243.1481588895634,270.69368222087326,270.69368222087326,alvo,2.000000000000003,1.9629741585206573,143,35.75,9.181841110436608
BNB,2023-12-22 08:45:00+00:00,2023-12-22 08:45:00+00:00,2023-12-26 08:30:00+00:00,-1,268.54,278.81316825457077,247.99366349085852,278.81316825457077,stop,-1.0,-1.0346319217741982,383,95.75,10.273168254570749
BNB,2023-12-27 00:00:00+00:00,2023-12-27 00:00:00+00:00,2023-12-28 04:45:00+00:00,1,297.5,281.4238244659954,329.65235106800924,329.65235106800924,alvo,2.0,1.9746426612889403,115,28.75,16.07617553400462
BNB,2023-12-28 06:45:00+00:00,2023-12-28 06:45:00+00:00,2024-01-01 06:45:00+00:00,1,323.73,304.2125058464524,362.7649883070952,307.82,tempo,-0.8151661209596489,-0.8361989183449313,384,96.0,19.517494153547602
BNB,2024-01-02 06:15:00+00:00,2024-01-02 06:15:00+00:00,2024-01-03 09:45:00+00:00,-1,317.47,330.9262296306212,290.55754073875767,330.9262296306212,stop,-1.0,-1.0313206270128468,110,27.5,13.45622963062118
BNB,2024-01-17 12:30:00+00:00,2024-01-17 12:30:00+00:00,2024-01-21 12:30:00+00:00,1,312.81,301.03462138588327,336.36075722823347,318.09,tempo,0.44839322564712486,0.413567593840401,384,96.0,11.775378614116732
BNB,2024-01-23 17:30:00+00:00,2024-01-23 17:30:00+00:00,2024-01-27 17:30:00+00:00,-1,296.85,308.75408455832513,273.0418308833498,303.62,tempo,-0.5687123580843004,-0.6014998855995549,384,96.0,11.90408455832511
BNB,2024-01-31 13:15:00+00:00,2024-01-31 13:15:00+00:00,2024-02-04 13:15:00+00:00,1,302.58,295.76789216046586,316.2042156790682,300.09,tempo,-0.3655256285799345,-0.42303139760586794,384,96.0,6.8121078395341215
BNB,2024-02-05 08:00:00+00:00,2024-02-05 08:00:00+00:00,2024-02-08 02:45:00+00:00,-1,304.55,311.44663860945116,290.7567227810977,311.44663860945116,stop,-1.0,-1.0580569517659573,267,66.75,6.896638609451145
BNB,2024-02-11 16:45:00+00:00,2024-02-11 16:45:00+00:00,2024-02-12 19:30:00+00:00,-1,321.09,326.9398680039886,309.39026399202277,326.9398680039886,stop,-1.0,-1.0720049433449428,107,26.75,5.849868003988604
BNB,2024-02-13 20:15:00+00:00,2024-02-13 20:15:00+00:00,2024-02-14 09:00:00+00:00,-1,322.71,329.67355458503994,308.78289082992006,329.67355458503994,stop,-1.0,-1.0608955247354959,51,12.75,6.963554585039958
BNB,2024-02-17 19:30:00+00:00,2024-02-17 19:30:00+00:00,2024-02-21 12:30:00+00:00,-1,354.24,366.223272963741,330.273454072518,366.223272963741,stop,-1.0,-1.0390795677310714,356,89.0,11.983272963741001
BNB,2024-02-21 20:15:00+00:00,2024-02-21 20:15:00+00:00,2024-02-25 20:15:00+00:00,1,372.06,357.66858405234586,400.8428318953083,390.39,tempo,1.2736759236666946,1.239239249624153,384,96.0,14.391415947654139
BNB,2024-02-25 21:30:00+00:00,2024-02-25 21:30:00+00:00,2024-02-26 20:30:00+00:00,-1,388.58,400.8076620061293,364.12467598774134,400.8076620061293,stop,-1.0,-1.0419623947772503,92,23.0,12.227662006129322
BNB,2024-02-28 02:45:00+00:00,2024-02-28 02:45:00+00:00,2024-02-28 09:30:00+00:00,-1,396.25,408.71943148643,371.31113702714003,408.71943148643,stop,-1.0,-1.041961025331074,27,6.75,12.469431486429983
BNB,2024-03-01 18:00:00+00:00,2024-03-01 18:00:00+00:00,2024-03-04 08:45:00+00:00,-1,406.26,422.7751198662766,373.22976026744675,422.7751198662766,stop,-1.0,-1.0326290594483327,251,62.75,16.51511986627662
BNB,2024-03-05 11:45:00+00:00,2024-03-05 11:45:00+00:00,2024-03-05 20:00:00+00:00,-1,418.44,432.65065151966866,390.0186969606627,390.0186969606627,alvo,2.0,1.9630208261530373,33,8.25,14.210651519668659
BNB,2024-03-11 09:00:00+00:00,2024-03-11 09:00:00+00:00,2024-03-13 07:15:00+00:00,-1,531.23,561.5003553428102,470.6892893143797,561.5003553428102,stop,-1.0,-1.0234643671317698,185,46.25,30.27035534281015
BNB,2024-03-19 03:00:00+00:00,2024-03-19 03:00:00+00:00,2024-03-22 03:30:00+00:00,-1,534.71,572.9055871047842,458.3188257904317,572.9055871047842,stop,-1.0,-1.0188490395406944,290,72.5,38.19558710478418
BNB,2024-03-24 05:15:00+00:00,2024-03-24 05:15:00+00:00,2024-03-25 05:00:00+00:00,-1,552.23,585.8137688818114,485.0624622363773,585.8137688818114,stop,-1.0,-1.0220263679272104,95,23.75,33.58376888181135
BNB,2024-03-28 16:30:00+00:00,2024-03-28 16:30:00+00:00,2024-03-29 04:45:00+00:00,-1,584.24,609.2497813583224,534.2204372833553,609.2497813583224,stop,-1.0,-1.0310185981543882,49,12.25,25.009781358322357
BNB,2024-04-05 02:30:00+00:00,2024-04-05 02:30:00+00:00,2024-04-09 02:30:00+00:00,1,578.4,554.7961821889207,625.6076356221585,585.79,tempo,0.31308494495035644,0.28102557616278656,384,96.0,23.60381781107924
BNB,2024-04-10 06:15:00+00:00,2024-04-10 06:15:00+00:00,2024-04-11 03:15:00+00:00,1,582.64,565.5585489047259,616.8029021905483,616.8029021905483,alvo,2.0,1.9543576314403666,84,21.0,17.081451095274133
BNB,2024-04-11 21:30:00+00:00,2024-04-11 21:30:00+00:00,2024-04-12 06:00:00+00:00,-1,604.43,624.020577643908,565.2488447121838,624.020577643908,stop,-1.0,-1.040759026608735,34,8.5,19.59057764390809
BNB,2024-04-15 11:45:00+00:00,2024-04-15 11:45:00+00:00,2024-04-19 11:45:00+00:00,-1,579.6,620.0927199738792,498.6145600522417,561.35,tempo,0.45069829865152594,0.43238346328165206,384,96.0,40.49271997387916
BNB,2024-04-21 14:45:00+00:00,2024-04-21 14:45:00+00:00,2024-04-22 03:30:00+00:00,-1,573.26,598.5734409089729,522.6331181820542,598.5734409089729,stop,-1.0,-1.0300904068842271,51,12.75,25.313440908972893
BNB,2024-04-23 05:45:00+00:00,2024-04-23 05:45:00+00:00,2024-04-27 05:45:00+00:00,-1,604.08,627.9853805374116,556.2692389251769,592.41,tempo,0.48817461749821073,0.4556414185900034,384,96.0,23.905380537411588
BNB,2024-04-28 06:30:00+00:00,2024-04-28 06:30:00+00:00,2024-04-29 07:00:00+00:00,1,598.21,580.039319259638,634.5513614807242,580.039319259638,stop,-1.0,-1.0421482314538484,98,24.5,18.17068074036206
BNB,2024-05-04 21:15:00+00:00,2024-05-04 21:15:00+00:00,2024-05-08 21:15:00+00:00,-1,587.96,607.833195491988,548.2136090160241,582.66,tempo,0.26669088029334787,0.2284029763522447,384,96.0,19.873195491987985
BNB,2024-05-10 15:00:00+00:00,2024-05-10 15:00:00+00:00,2024-05-14 14:15:00+00:00,1,585.46,567.9347117851535,620.5105764296932,567.9347117851535,stop,-1.0,-1.0427785582450642,381,95.25,17.52528821484657
BNB,2024-05-16 06:30:00+00:00,2024-05-16 06:30:00+00:00,2024-05-20 06:30:00+00:00,-1,584.61,600.0197678859188,553.7904642281625,577.56,tempo,0.45750202418313257,0.40848048761019795,384,96.0,15.409767885918768
BNB,2024-05-20 13:30:00+00:00,2024-05-20 13:30:00+00:00,2024-05-20 23:30:00+00:00,1,571.15,558.4800966691777,596.4898066616446,596.4898066616446,alvo,2.0,1.9400969482944894,40,10.0,12.669903330822308
BNB,2024-05-24 02:45:00+00:00,2024-05-24 02:45:00+00:00,2024-05-28 02:45:00+00:00,1,601.59,581.2278517571043,642.3142964857915,602.51,tempo,0.04518187320048332,0.006744622343463916,384,96.0,20.362148242895728
BNB,2024-05-30 00:15:00+00:00,2024-05-30 00:15:00+00:00,2024-06-03 00:15:00+00:00,1,596.43,583.3248219640335,622.6403560719328,603.51,tempo,0.5402444728770084,0.48072898992367197,384,96.0,13.105178035966446
BNB,2024-06-06 15:00:00+00:00,2024-06-06 15:00:00+00:00,2024-06-07 18:00:00+00:00,1,714.46,687.0665140131448,769.2469719737105,687.0665140131448,stop,-1.0,-1.0332557979128938,108,27.0,27.39348598685524
BNB,2024-06-07 19:15:00+00:00,2024-06-07 19:15:00+00:00,2024-06-10 21:30:00+00:00,-1,679.43,711.203862391491,615.8822752170178,615.8822752170178,alvo,2.0,1.973501711295995,297,74.25,31.773862391491093
BNB,2024-06-12 03:45:00+00:00,2024-06-12 03:45:00+00:00,2024-06-12 14:45:00+00:00,-1,606.81,633.5108937767355,553.4082124465288,633.5108937767355,stop,-1.0,-1.0301940671985041,44,11.0,26.700893776735597
BNB,2024-06-23 08:45:00+00:00,2024-06-23 08:45:00+00:00,2024-06-23 23:45:00+00:00,1,591.22,576.0578706053152,621.5442587893697,576.0578706053152,stop,-1.0,-1.0500411648089107,60,15.0,15.162129394684825
BNB,2024-06-24 15:45:00+00:00,2024-06-24 15:45:00+00:00,2024-06-26 01:45:00+00:00,-1,563.97,580.591633458929,530.7267330821421,580.591633458929,stop,-1.0,-1.0447588417580376,136,34.0,16.621633458928954
BNB,2024-06-26 15:00:00+00:00,2024-06-26 15:00:00+00:00,2024-06-30 15:00:00+00:00,-1,574.08,590.7865763630683,540.6668472738635,576.59,tempo,-0.15024023746412948,-0.1950091646067003,384,96.0,16.70657636306828
BNB,2024-07-04 10:00:00+00:00,2024-07-04 10:00:00+00:00,2024-07-04 13:15:00+00:00,1,529.73,513.8908028354764,561.4083943290473,513.8908028354764,stop,-1.0,-1.0428275192736678,13,3.25,15.839197164523625
BNB,2024-07-08 03:15:00+00:00,2024-07-08 03:15:00+00:00,2024-07-11 10:15:00+00:00,1,483.68,458.6295531991748,533.7808936016504,533.7808936016504,alvo,1.9999999999999978,1.9735992900206738,316,79.0,25.050446800825227
BNB,2024-07-13 12:30:00+00:00,2024-07-13 12:30:00+00:00,2024-07-15 05:45:00+00:00,-1,536.48,555.5230051331718,498.39398973365655,555.5230051331718,stop,-1.0,-1.037273631360847,165,41.25,19.043005133171732
BNB,2024-07-15 19:15:00+00:00,2024-07-15 19:15:00+00:00,2024-07-19 15:45:00+00:00,-1,576.89,594.7837524440714,541.1024951118571,594.7837524440714,stop,-1.0,-1.0425616673455755,370,92.5,17.893752444071424
BNB,2024-07-20 12:00:00+00:00,2024-07-20 12:00:00+00:00,2024-07-24 12:00:00+00:00,-1,590.49,610.2295556046724,551.0108887906551,583.72,tempo,0.34296618098117143,0.3043008475113876,384,96.0,19.739555604672432
BNB,2024-07-27 00:00:00+00:00,2024-07-27 00:00:00+00:00,2024-07-29 03:15:00+00:00,-1,581.04,597.3190479147038,548.4819041705923,597.3190479147038,stop,-1.0,-1.0470502565726056,205,51.25,16.279047914703824
BNB,2024-08-02 15:30:00+00:00,2024-08-02 15:30:00+00:00,2024-08-04 14:45:00+00:00,-1,551.91,570.8331378687393,514.0637242625213,514.0637242625213,alvo,2.0,1.9633843538224562,189,47.25,18.92313786873933
BNB,2024-08-07 19:00:00+00:00,2024-08-07 19:00:00+00:00,2024-08-11 19:00:00+00:00,1,469.6,433.2107301422968,542.3785397154064,518.96,tempo,1.3564438141522936,1.338785751692874,384,96.0,36.3892698577032
BNB,2024-08-13 05:15:00+00:00,2024-08-13 05:15:00+00:00,2024-08-17 05:15:00+00:00,-1,518.01,543.5925919666512,466.8448160666976,522.68,tempo,-0.18254600652223396,-0.20898775647789916,384,96.0,25.582591966651194
BNB,2024-08-18 03:45:00+00:00,2024-08-18 03:45:00+00:00,2024-08-19 18:45:00+00:00,-1,537.57,555.7302097006495,501.2495805987011,555.7302097006495,stop,-1.0,-1.0391319895540636,156,39.0,18.16020970064949
BNB,2024-08-19 21:00:00+00:00,2024-08-19 21:00:00+00:00,2024-08-20 06:00:00+00:00,-1,555.35,572.3196400674259,521.4107198651483,572.3196400674259,stop,-1.0,-1.0431939194426894,36,9.0,16.96964006742587
BNB,2024-08-30 09:15:00+00:00,2024-08-30 09:15:00+00:00,2024-09-01 05:45:00+00:00,1,536.99,518.6323892236247,573.7052215527506,518.6323892236247,stop,-1.0,-1.0373771163009067,178,44.5,18.35761077637528
BNB,2024-09-01 13:45:00+00:00,2024-09-01 13:45:00+00:00,2024-09-03 01:15:00+00:00,-1,515.91,531.5525434581363,484.6249130837274,531.5525434581363,stop,-1.0,-1.0435255721085213,142,35.5,15.642543458136288
BNB,2024-09-06 20:30:00+00:00,2024-09-06 20:30:00+00:00,2024-09-09 17:15:00+00:00,1,481.65,463.88038451279635,517.1892309744072,517.1892309744072,alvo,2.0,1.9634631655028831,275,68.75,17.769615487203623
BNB,2024-09-16 05:45:00+00:00,2024-09-16 05:45:00+00:00,2024-09-16 17:15:00+00:00,1,545.18,530.2007474774024,575.1385050451951,530.2007474774024,stop,-1.0,-1.0466643769310793,46,11.5,14.979252522597562
BNB,2024-09-19 15:30:00+00:00,2024-09-19 15:30:00+00:00,2024-09-23 02:15:00+00:00,1,563.97,547.8220758839627,596.2658482320746,596.2658482320746,alvo,2.0,1.9532971980836928,331,82.75,16.147924116037302
BNB,2024-09-26 11:00:00+00:00,2024-09-26 11:00:00+00:00,2024-09-27 12:30:00+00:00,-1,597.35,613.9292482841801,564.19150343164,613.9292482841801,stop,-1.0,-1.0474889752472065,102,25.5,16.57924828418004
BNB,2024-10-09 05:45:00+00:00,2024-10-09 05:45:00+00:00,2024-10-10 14:00:00+00:00,1,579.88,563.6453549429639,612.3492901140722,563.6453549429639,stop,-1.0,-1.0457842766565928,129,32.25,16.23464505703612
BNB,2024-10-10 14:15:00+00:00,2024-10-10 14:15:00+00:00,2024-10-12 11:30:00+00:00,-1,564.17,579.1645929612386,534.1808140775228,579.1645929612386,stop,-1.0,-1.0495623647368029,181,45.25,14.994592961238595
BNB,2024-10-12 15:00:00+00:00,2024-10-12 15:00:00+00:00,2024-10-14 16:15:00+00:00,-1,577.24,590.8361789838243,550.0476420323514,590.8361789838243,stop,-1.0,-1.0558428597654372,197,49.25,13.596178983824302
BNB,2024-10-21 00:00:00+00:00,2024-10-21 00:00:00+00:00,2024-10-21 14:00:00+00:00,1,606.29,595.03044603313,628.8091079337398,595.03044603313,stop,-1.0,-1.0693507302526484,56,14.0,11.25955396686993
BNB,2024-10-22 20:30:00+00:00,2024-10-22 20:30:00+00:00,2024-10-23 09:00:00+00:00,1,594.13,580.5194609895789,621.3510780208422,580.5194609895789,stop,-1.0,-1.0560978627708002,50,12.5,13.610539010421121
BNB,2024-10-23 16:00:00+00:00,2024-10-23 16:00:00+00:00,2024-10-25 23:30:00+00:00,1,579.6,566.9895382333802,604.8209235332396,566.9895382333802,stop,-1.0,-1.0591003893152018,222,55.5,12.610461766619778
BNB,2024-10-26 21:15:00+00:00,2024-10-26 21:15:00+00:00,2024-10-30 21:15:00+00:00,1,584.64,569.9953018943617,613.9293962112766,598.94,tempo,0.976462600788913,0.9239298005597432,384,96.0,14.644698105638327
BNB,2024-11-02 19:00:00+00:00,2024-11-02 19:00:00+00:00,2024-11-06 03:00:00+00:00,-1,568.03,581.5731311066666,540.9437377866668,581.5731311066666,stop,-1.0,-1.0551749834904505,320,80.0,13.543131106666578
BNB,2024-11-07 20:30:00+00:00,2024-11-07 20:30:00+00:00,2024-11-09 03:30:00+00:00,1,599.68,581.6297226195737,635.7805547608524,635.7805547608524,alvo,2.0,1.9555104144014217,124,31.0,18.050277380426223
BNB,2024-11-10 13:00:00+00:00,2024-11-10 13:00:00+00:00,2024-11-10 21:15:00+00:00,1,637.82,615.7077749821815,682.0444500356372,615.7077749821815,stop,-1.0,-1.0368480807825462,33,8.25,22.11222501781856
BNB,2024-11-12 21:00:00+00:00,2024-11-12 21:00:00+00:00,2024-11-16 21:00:00+00:00,1,627.63,594.5802945875882,693.7294108248235,625.57,tempo,-0.06233035890317849,-0.0869774772310195,384,96.0,33.049705412411754
BNB,2024-11-22 13:15:00+00:00,2024-11-22 13:15:00+00:00,2024-11-23 08:30:00+00:00,1,624.93,600.086200518006,674.6175989639879,674.6175989639879,alvo,2.0,1.9659993255082095,77,19.25,24.843799481993983
BNB,2024-11-23 12:00:00+00:00,2024-11-23 12:00:00+00:00,2024-11-26 14:15:00+00:00,-1,663.53,690.8403026438784,608.909394712243,608.909394712243,alvo,2.0,1.9697152529817041,297,74.25,27.310302643878458
BNB,2024-12-02 16:30:00+00:00,2024-12-02 16:30:00+00:00,2024-12-03 19:30:00+00:00,1,643.38,617.9205439689047,694.2989120621907,694.2989120621907,alvo,2.0,1.9658480019455853,108,27.0,25.45945603109533
BNB,2024-12-09 10:45:00+00:00,2024-12-09 10:45:00+00:00,2024-12-09 21:15:00+00:00,1,720.43,684.8113388934019,791.6673222131961,684.8113388934019,stop,-1.0,-1.025644054040861,42,10.5,35.6186611065981
BNB,2024-12-11 14:45:00+00:00,2024-12-11 14:45:00+00:00,2024-12-15 14:45:00+00:00,1,688.78,647.9593939600469,770.4212120799061,719.11,tempo,0.7430070972075873,0.7205887994707942,384,96.0,40.82060603995308
BNB,2024-12-16 18:00:00+00:00,2024-12-16 18:00:00+00:00,2024-12-19 02:15:00+00:00,-1,724.41,750.5463629047301,672.1372741905396,672.1372741905396,alvo,2.0,1.9652684755131111,225,56.25,26.136362904730163
BNB,2024-12-19 07:30:00+00:00,2024-12-19 07:30:00+00:00,2024-12-20 10:15:00+00:00,-1,701.47,733.1696346240485,638.070730751903,638.070730751903,alvo,2.0,1.972532759909851,107,26.75,31.699634624048485
BNB,2024-12-21 18:30:00+00:00,2024-12-21 18:30:00+00:00,2024-12-25 01:15:00+00:00,-1,663.67,699.6628379024477,591.6843241951045,699.6628379024477,stop,-1.0,-1.0246206299997347,315,78.75,35.99283790244772
BNB,2024-12-25 14:45:00+00:00,2024-12-25 14:45:00+00:00,2024-12-26 13:00:00+00:00,1,709.83,681.9459438824978,765.5981122350046,681.9459438824978,stop,-1.0,-1.0324434278754657,89,22.25,27.88405611750227
BNB,2025-01-03 20:15:00+00:00,2025-01-03 20:15:00+00:00,2025-01-07 19:30:00+00:00,1,711.91,694.4359543668714,746.858091266257,694.4359543668714,stop,-1.0,-1.0523132930708046,381,95.25,17.474045633128526
BNB,2025-01-07 19:45:00+00:00,2025-01-07 19:45:00+00:00,2025-01-08 17:45:00+00:00,1,696.71,678.3980036301042,733.3339927397917,678.3980036301042,stop,-1.0,-1.0488106367162113,88,22.0,18.311996369895837
BNB,2025-01-10 18:15:00+00:00,2025-01-10 18:15:00+00:00,2025-01-14 18:15:00+00:00,-1,698.15,720.5783836085409,653.2932327829182,697.54,tempo,0.027197679986520323,-0.013250999500775917,384,96.0,22.428383608540912
BNB,2025-01-15 17:00:00+00:00,2025-01-15 17:00:00+00:00,2025-01-17 06:00:00+00:00,-1,701.51,718.9184449998023,666.6931100003953,718.9184449998023,stop,-1.0,-1.0530362412760217,148,37.0,17.408444999802327
BNB,2025-01-20 15:45:00+00:00,2025-01-20 15:45:00+00:00,2025-01-24 15:45:00+00:00,-1,691.32,714.6930820966711,644.5738358066579,683.75,tempo,0.3238768412608373,0.2856364630213196,384,96.0,23.373082096671055
BNB,2025-01-27 12:00:00+00:00,2025-01-27 12:00:00+00:00,2025-01-27 21:00:00+00:00,-1,651.07,671.3637185784568,610.4825628430866,671.3637185784568,stop,-1.0,-1.0423570433261309,36,9.0,20.29371857845672
BNB,2025-01-30 11:45:00+00:00,2025-01-30 11:45:00+00:00,2025-02-01 20:15:00+00:00,1,678.35,659.333583393647,716.382833212706,659.333583393647,stop,-1.0,-1.0457233529957157,226,56.5,19.016416606353005
BNB,2025-02-04 15:15:00+00:00,2025-02-04 15:15:00+00:00,2025-02-08 15:15:00+00:00,-1,579.36,620.0507987070764,497.9784025858472,597.83,tempo,-0.453910972182219,-0.4727155551423203,384,96.0,40.6907987070764
BNB,2025-02-11 19:45:00+00:00,2025-02-11 19:45:00+00:00,2025-02-12 19:00:00+00:00,1,627.85,599.1444137688233,685.2611724623536,685.2611724623536,alvo,2.0,1.9702663357847217,93,23.25,28.705586231176767
BNB,2025-02-13 08:45:00+00:00,2025-02-13 08:45:00+00:00,2025-02-13 17:30:00+00:00,1,697.34,661.6055939391584,768.8088121216832,661.6055939391584,stop,-1.0,-1.0247188839393753,35,8.75,35.73440606084159
BNB,2025-02-15 08:00:00+00:00,2025-02-15 08:00:00+00:00,2025-02-19 08:00:00+00:00,-1,657.27,690.7154002329527,590.3791995340946,654.48,tempo,0.08341954291373871,0.05792612695635024,384,96.0,33.44540023295269
BNB,2025-02-19 17:15:00+00:00,2025-02-19 17:15:00+00:00,2025-02-23 17:15:00+00:00,-1,654.6,680.6992915515765,602.4014168968471,652.16,tempo,0.09348912767146247,0.06094441287253935,384,96.0,26.09929155157647
BNB,2025-02-26 05:00:00+00:00,2025-02-26 05:00:00+00:00,2025-02-28 04:15:00+00:00,-1,625.41,653.388183312426,569.4536333751479,569.4536333751479,alvo,2.0,1.97224046490006,189,47.25,27.97818331242604
BNB,2025-02-28 23:45:00+00:00,2025-02-28 23:45:00+00:00,2025-03-02 15:45:00+00:00,-1,587.14,613.7068273828279,534.0063452343442,613.7068273828279,stop,-1.0,-1.0293806417511249,160,40.0,26.56682738282791
BNB,2025-03-03 22:45:00+00:00,2025-03-03 22:45:00+00:00,2025-03-05 09:30:00+00:00,-1,575.99,602.1763263157865,523.6173473684271,602.1763263157865,stop,-1.0,-1.029244579895256,139,34.75,26.18632631578646
BNB,2025-03-05 15:45:00+00:00,2025-03-05 15:45:00+00:00,2025-03-09 15:45:00+00:00,-1,592.08,619.3246082361343,537.5907835277316,568.93,tempo,0.8497094103668001,0.8220101131899331,384,96.0,27.24460823613424
BNB,2025-03-12 16:30:00+00:00,2025-03-12 16:30:00+00:00,2025-03-13 04:15:00+00:00,-1,555.26,581.8392329718841,502.1015340562317,581.8392329718841,stop,-1.0,-1.027807969560806,47,11.75,26.579232971884153
BNB,2025-03-15 15:15:00+00:00,2025-03-15 15:15:00+00:00,2025-03-19 15:15:00+00:00,1,598.07,572.6907117609862,648.8285764780277,609.27,tempo,0.44130473221006056,0.41038302185280845,384,96.0,25.379288239013817
BNB,2025-03-20 06:00:00+00:00,2025-03-20 06:00:00+00:00,2025-03-24 06:00:00+00:00,1,625.71,602.6838588522459,671.7622822955084,624.56,tempo,-0.04994323593435693,-0.0852368396165902,384,96.0,23.026141147754174
BNB,2025-03-25 13:00:00+00:00,2025-03-25 13:00:00+00:00,2025-03-26 19:15:00+00:00,1,631.17,615.1220208583982,663.2659582832035,615.1220208583982,stop,-1.0,-1.0504792414303388,121,30.25,16.047979141601786
BNB,2025-03-30 13:00:00+00:00,2025-03-30 13:00:00+00:00,2025-04-01 00:00:00+00:00,-1,604.4,619.4955237666956,574.2089524666088,604.63,fim_dados,-0.015236304718850135,-0.06729607502863034,140,35.0,15.095523766695578
XRP,2023-01-04 01:30:00+00:00,2023-01-04 01:30:00+00:00,2023-01-06 06:45:00+00:00,1,0.346,0.3320453285367548,0.37390934292649036,0.3320453285367548,stop,-1.0,-1.0315829336942626,213,53.25,0.013954671463245194
XRP,2023-01-07 05:30:00+00:00,2023-01-07 05:30:00+00:00,2023-01-09 13:30:00+00:00,-1,0.3433,0.35452746659924994,0.3208450668015001,0.35452746659924994,stop,-1.0,-1.0403998399175656,224,56.0,0.011227466599249947
XRP,2023-01-10 15:45:00+00:00,2023-01-10 15:45:00+00:00,2023-01-11 05:00:00+00:00,-1,0.3488,0.3602267522277812,0.32594649554443755,0.3602267522277812,stop,-1.0,-1.0403323166339056,53,13.25,0.011426752227781223
XRP,2023-01-12 16:30:00+00:00,2023-01-12 16:30:00+00:00,2023-01-13 21:45:00+00:00,-1,0.3683,0.3834603297206171,0.33797934055876583,0.3834603297206171,stop,-1.0,-1.0322317669419734,117,29.25,0.015160329720617094
XRP,2023-01-21 16:00:00+00:00,2023-01-21 16:00:00+00:00,2023-01-25 16:00:00+00:00,1,0.4084,0.3881185238694607,0.4489629522610785,0.4058,tempo,-0.12819579715329427,-0.1542900516638474,384,96.0,0.020281476130539267
XRP,2023-01-25 21:15:00+00:00,2023-01-25 21:15:00+00:00,2023-01-29 21:15:00+00:00,-1,0.4152,0.4360429693338431,0.3735140613323138,0.4127,tempo,0.11994452229705614,0.09412598409452563,384,96.0,0.02084296933384311
XRP,2023-01-30 05:00:00+00:00,2023-01-30 05:00:00+00:00,2023-01-30 19:15:00+00:00,-1,0.4135,0.4280253564882805,0.38444928702343895,0.38444928702343895,alvo,2.0,1.9642923024310135,57,14.25,0.014525356488280516
XRP,2023-02-01 04:45:00+00:00,2023-02-01 04:45:00+00:00,2023-02-05 04:45:00+00:00,1,0.4046,0.3898529973678633,0.4340940052642735,0.4095,tempo,0.3322709110610624,0.29638802603011777,384,96.0,0.014747002632136741
XRP,2023-02-05 23:15:00+00:00,2023-02-05 23:15:00+00:00,2023-02-09 03:15:00+00:00,1,0.3988,0.38661739239075116,0.42316521521849765,0.38661739239075116,stop,-1.0,-1.0419057496907649,304,76.0,0.01218260760924883
XRP,2023-02-10 07:15:00+00:00,2023-02-10 07:15:00+00:00,2023-02-13 01:45:00+00:00,1,0.3856,0.3694633458876302,0.4178733082247396,0.3694633458876302,stop,-1.0,-1.0304146802310608,266,66.5,0.016136654112369808
XRP,2023-02-15 04:15:00+00:00,2023-02-15 04:15:00+00:00,2023-02-15 19:45:00+00:00,-1,0.3805,0.3931380439072378,0.35522391218552446,0.3931380439072378,stop,-1.0,-1.0397897595728176,62,15.5,0.012638043907237773
XRP,2023-02-17 14:30:00+00:00,2023-02-17 14:30:00+00:00,2023-02-21 14:30:00+00:00,1,0.3883,0.37568641110197415,0.41352717779605164,0.3902,tempo,0.15063119746176162,0.11051374920092615,384,96.0,0.01261358889802583
XRP,2023-02-26 10:00:00+00:00,2023-02-26 10:00:00+00:00,2023-03-02 10:00:00+00:00,1,0.3776,0.3666685798406365,0.399462840318727,0.3775,tempo,-0.009147942219962363,-0.054047414826875584,384,96.0,0.010931420159363492
XRP,2023-03-06 19:15:00+00:00,2023-03-06 19:15:00+00:00,2023-03-08 13:15:00+00:00,1,0.3728,0.3621232120857689,0.3941535758284622,0.3941535758284622,alvo,2.0,1.953308070901734,168,42.0,0.0106767879142311
XRP,2023-03-13 18:30:00+00:00,2023-03-13 18:30:00+00:00,2023-03-17 18:30:00+00:00,1,0.3718,0.35479211919873394,0.4058157616025322,0.3721,tempo,0.017638881851619905,-0.010791173935459995,384,96.0,0.017007880801266084
XRP,2023-03-18 02:15:00+00:00,2023-03-18 02:15:00+00:00,2023-03-19 13:30:00+00:00,-1,0.3828,0.3988352409655023,0.35072951806899527,0.3988352409655023,stop,-1.0,-1.0316841454219867,141,35.25,0.01603524096550235
XRP,2023-03-21 05:30:00+00:00,2023-03-21 05:30:00+00:00,2023-03-21 13:30:00+00:00,1,0.3844,0.36771372550329134,0.41777254899341737,0.41777254899341737,alvo,2.0,1.9687520328789647,32,8.0,0.016686274496708675
XRP,2023-03-21 13:30:00+00:00,2023-03-21 13:30:00+00:00,2023-03-21 17:00:00+00:00,-1,0.4184,0.44296060688034544,0.3692787862393091,0.44296060688034544,stop,-1.0,-1.0227960325736198,14,3.5,0.024560606880345448
XRP,2023-03-29 03:00:00+00:00,2023-03-29 03:00:00+00:00,2023-03-29 08:00:00+00:00,-1,0.5263,0.5616913480043099,0.45551730399138024,0.5616913480043099,stop,-1.0,-1.0199821260302568,20,5.0,0.035391348004309875
XRP,2023-03-30 15:15:00+00:00,2023-03-30 15:15:00+00:00,2023-04-01 08:30:00+00:00,1,0.5399,0.4981531641804856,0.6233936716390289,0.4981531641804856,stop,-1.0,-1.0161625316858605,165,41.25,0.04174683581951444
XRP,2023-04-04 21:15:00+00:00,2023-04-04 21:15:00+00:00,2023-04-08 21:15:00+00:00,-1,0.5065,0.5349143907242303,0.44967121855153924,0.5052,tempo,0.04575146490441527,0.02260808638251624,384,96.0,0.028414390724230354
XRP,2023-04-11 18:30:00+00:00,2023-04-11 18:30:00+00:00,2023-04-12 15:15:00+00:00,1,0.5148,0.49957518497558184,0.5452496300488364,0.49957518497558184,stop,-1.0,-1.0433071843025117,83,20.75,0.015224815024418192
XRP,2023-04-18 12:45:00+00:00,2023-04-18 12:45:00+00:00,2023-04-18 23:15:00+00:00,-1,0.5211,0.5349692111985342,0.49336157760293153,0.5349692111985342,stop,-1.0,-1.0494941621014173,42,10.5,0.013869211198534237
XRP,2023-04-23 04:45:00+00:00,2023-04-23 04:45:00+00:00,2023-04-24 17:00:00+00:00,1,0.4674,0.4464516631529156,0.5092966736941686,0.4464516631529156,stop,-1.0,-1.0283556439532846,145,36.25,0.02094833684708436
XRP,2023-04-26 20:30:00+00:00,2023-04-26 20:30:00+00:00,2023-04-30 20:30:00+00:00,1,0.4448,0.4229738891547506,0.48845222169049873,0.4715,tempo,1.2233054339963394,1.1960172467318806,384,96.0,0.02182611084524938
XRP,2023-05-04 00:30:00+00:00,2023-05-04 00:30:00+00:00,2023-05-08 00:00:00+00:00,1,0.461,0.44683958045878147,0.4893208390824371,0.44683958045878147,stop,-1.0,-1.0416721923796495,382,95.5,0.01416041954121855
XRP,2023-05-10 17:30:00+00:00,2023-05-10 17:30:00+00:00,2023-05-10 20:30:00+00:00,-1,0.4173,0.43323846832602636,0.3854230633479473,0.43323846832602636,stop,-1.0,-1.0346865202542175,12,3.0,0.015938468326026356
XRP,2023-05-12 02:45:00+00:00,2023-05-12 02:45:00+00:00,2023-05-12 05:00:00+00:00,-1,0.4179,0.4329196886047288,0.3878606227905424,0.4329196886047288,stop,-1.0,-1.036820523523967,9,2.25,0.015019688604728798
XRP,2023-05-14 14:30:00+00:00,2023-05-14 14:30:00+00:00,2023-05-16 23:45:00+00:00,-1,0.4272,0.44194097368257035,0.3977180526348594,0.44194097368257035,stop,-1.0,-1.0383245805235821,229,57.25,0.014740973682570324
XRP,2023-05-28 05:15:00+00:00,2023-05-28 05:15:00+00:00,2023-05-30 04:15:00+00:00,1,0.4712,0.45707230046324493,0.49945539907351016,0.49945539907351016,alvo,2.0,1.9553412069844531,188,47.0,0.014127699536755078
XRP,2023-06-02 11:30:00+00:00,2023-06-02 11:30:00+00:00,2023-06-05 16:15:00+00:00,1,0.5145,0.49657053603466544,0.550358927930669,0.49657053603466544,stop,-1.0,-1.0366545173739259,307,76.75,0.017929463965334513
XRP,2023-06-07 12:00:00+00:00,2023-06-07 12:00:00+00:00,2023-06-07 16:30:00+00:00,1,0.5329,0.5086748424639319,0.5813503150721363,0.5086748424639319,stop,-1.0,-1.0279471308532693,18,4.5,0.02422515753606813
XRP,2023-06-07 17:45:00+00:00,2023-06-07 17:45:00+00:00,2023-06-09 13:15:00+00:00,-1,0.5131,0.5367793820403195,0.465741235919361,0.5367793820403195,stop,-1.0,-1.0288192317335068,174,43.5,0.023679382040319497
XRP,2023-06-12 21:30:00+00:00,2023-06-12 21:30:00+00:00,2023-06-14 08:00:00+00:00,1,0.5246,0.49901037537157633,0.5757792492568472,0.49901037537157633,stop,-1.0,-1.0260006449353107,138,34.5,0.025589624628423624
XRP,2023-06-15 22:45:00+00:00,2023-06-15 22:45:00+00:00,2023-06-19 22:45:00+00:00,1,0.4805,0.45216286963757674,0.5371742607248464,0.4937,tempo,0.4658199271124519,0.44347362768476883,384,96.0,0.028337130362423246
XRP,2023-06-24 20:45:00+00:00,2023-06-24 20:45:00+00:00,2023-06-28 17:15:00+00:00,1,0.4861,0.4671563829624915,0.5239872340750169,0.4671563829624915,stop,-1.0,-1.032708465743304,370,92.5,0.018943617037508464
XRP,2023-06-29 17:15:00+00:00,2023-06-29 17:15:00+00:00,2023-07-02 02:30:00+00:00,-1,0.4707,0.4858517214817036,0.44039655703659286,0.4858517214817036,stop,-1.0,-1.041035510038507,229,57.25,0.015151721481703573
XRP,2023-07-04 05:00:00+00:00,2023-07-04 05:00:00+00:00,2023-07-05 10:45:00+00:00,1,0.4892,0.47247991013782253,0.522640179724355,0.47247991013782253,stop,-1.0,-1.0373856807434751,119,29.75,0.01672008986217749
XRP,2023-07-05 18:45:00+00:00,2023-07-05 18:45:00+00:00,2023-07-09 18:45:00+00:00,-1,0.4755,0.49117253100125025,0.44415493799749944,0.4694,tempo,0.38921601109057435,0.35002738227554736,384,96.0,0.015672531001250267
XRP,2023-07-16 06:15:00+00:00,2023-07-16 06:15:00+00:00,2023-07-20 06:15:00+00:00,1,0.7132,0.6083210532072667,0.9229578935854664,0.8311,tempo,1.124153165201016,1.1145821785473862,384,96.0,0.10487894679273324
XRP,2023-07-21 04:00:00+00:00,2023-07-21 04:00:00+00:00,2023-07-25 04:00:00+00:00,-1,0.7928,0.8619654722531892,0.6544690554936214,0.6965,tempo,1.3923131999660352,1.3783171269477474,384,96.0,0.06916547225318925
XRP,2023-07-28 12:30:00+00:00,2023-07-28 12:30:00+00:00,2023-08-01 12:30:00+00:00,-1,0.7115,0.7443711924960553,0.6457576150078894,0.6859,tempo,0.7787974227911625,0.751165020951497,384,96.0,0.0328711924960553
XRP,2023-08-06 22:45:00+00:00,2023-08-06 22:45:00+00:00,2023-08-08 21:30:00+00:00,-1,0.6271,0.6481753716442661,0.5849492567114678,0.6481753716442661,stop,-1.0,-1.0393316429034027,187,46.75,0.021075371644266094
XRP,2023-08-11 20:00:00+00:00,2023-08-11 20:00:00+00:00,2023-08-15 19:15:00+00:00,1,0.6307,0.6091176166674095,0.6738647666651811,0.6091176166674095,stop,-1.0,-1.037339780246461,381,95.25,0.02158238333259055
XRP,2023-08-16 19:00:00+00:00,2023-08-16 19:00:00+00:00,2023-08-17 21:45:00+00:00,-1,0.5985,0.6203009185049073,0.5548981629901855,0.5548981629901855,alvo,2.0,1.9656111367154157,107,26.75,0.021800918504907285
XRP,2023-08-18 07:15:00+00:00,2023-08-18 07:15:00+00:00,2023-08-22 07:15:00+00:00,-1,0.5091,0.6164728872062806,0.29435422558743884,0.5201,tempo,-0.10244671896423202,-0.1086771558781131,384,96.0,0.10737288720628058
XRP,2023-09-03 12:45:00+00:00,2023-09-03 12:45:00+00:00,2023-09-07 12:45:00+00:00,1,0.5041,0.488892737308818,0.534514525382364,0.4984,tempo,-0.3748209073356215,-0.4176704992202838,384,96.0,0.015207262691182
XRP,2023-09-10 08:30:00+00:00,2023-09-10 08:30:00+00:00,2023-09-11 07:15:00+00:00,1,0.5,0.49107343094945105,0.5178531381010979,0.49107343094945105,stop,-1.0,-1.0721663302517699,91,22.75,0.00892656905054895
XRP,2023-09-12 12:15:00+00:00,2023-09-12 12:15:00+00:00,2023-09-15 02:15:00+00:00,-1,0.4808,0.4957482570765827,0.4509034858468346,0.4957482570765827,stop,-1.0,-1.0424635704248197,248,62.0,0.014948257076582705
XRP,2023-09-22 03:00:00+00:00,2023-09-22 03:00:00+00:00,2023-09-26 03:00:00+00:00,-1,0.5093,0.5232481963802538,0.4814036072394924,0.5055,tempo,0.2724366575007228,0.2251459553900319,384,96.0,0.013948196380253797
XRP,2023-10-07 01:15:00+00:00,2023-10-07 01:15:00+00:00,2023-10-09 10:00:00+00:00,-1,0.5247,0.5428590425635457,0.48838191487290883,0.48838191487290883,alvo,2.0,1.9637368962398194,227,56.75,0.018159042563545613
XRP,2023-10-10 06:45:00+00:00,2023-10-10 06:45:00+00:00,2023-10-12 16:30:00+00:00,-1,0.4984,0.5113439537299834,0.4725120925400332,0.4725120925400332,alvo,2.0,1.9512441968415604,231,57.75,0.012943953729983415
XRP,2023-10-19 11:45:00+00:00,2023-10-19 11:45:00+00:00,2023-10-19 21:00:00+00:00,1,0.4819,0.4704770167897769,0.5047459664204462,0.5047459664204462,alvo,2.0,1.943857058495951,37,9.25,0.011422983210223114
XRP,2023-10-21 06:45:00+00:00,2023-10-21 06:45:00+00:00,2023-10-23 22:45:00+00:00,1,0.5149,0.49722958684489926,0.5502408263102015,0.5502408263102015,alvo,2.0,1.9608191652891953,256,64.0,0.01767041315510076
XRP,2023-10-25 23:00:00+00:00,2023-10-25 23:00:00+00:00,2023-10-27 17:15:00+00:00,1,0.5545,0.5257867919546632,0.6119264160906737,0.5257867919546632,stop,-1.0,-1.024455171071857,169,42.25,0.028713208045336835
XRP,2023-10-30 12:30:00+00:00,2023-10-30 12:30:00+00:00,2023-10-31 11:15:00+00:00,1,0.5676,0.5485332039068046,0.6057335921863908,0.6057335921863908,alvo,2.0,1.960000262697867,91,22.75,0.019066796093195393
XRP,2023-11-02 04:00:00+00:00,2023-11-02 04:00:00+00:00,2023-11-06 00:30:00+00:00,1,0.612,0.5835172683936914,0.6689654632126171,0.6689654632126171,alvo,2.0,1.970767285855975,370,92.5,0.028482731606308542
XRP,2023-11-06 03:30:00+00:00,2023-11-06 03:30:00+00:00,2023-11-07 00:45:00+00:00,1,0.6812,0.6505677212106732,0.7424645575786537,0.6505677212106732,stop,-1.0,-1.02825937386965,85,21.25,0.03063227878932684
XRP,2023-11-07 12:45:00+00:00,2023-11-07 12:45:00+00:00,2023-11-09 16:15:00+00:00,1,0.6878,0.6499334492498486,0.7635331015003026,0.6499334492498486,stop,-1.0,-1.0229629243959837,206,51.5,0.03786655075015133
XRP,2023-11-14 11:15:00+00:00,2023-11-14 11:15:00+00:00,2023-11-18 11:15:00+00:00,-1,0.6524,0.706877032208935,0.5434459355821298,0.608,tempo,0.8150223718082372,0.7999837405395972,384,96.0,0.05447703220893507
XRP,2023-11-20 23:00:00+00:00,2023-11-20 23:00:00+00:00,2023-11-21 18:00:00+00:00,1,0.6128,0.5870552777182455,0.664289444563509,0.5870552777182455,stop,-1.0,-1.0302938179709782,76,19.0,0.025744722281754506
XRP,2023-11-25 10:45:00+00:00,2023-11-25 10:45:00+00:00,2023-11-27 11:45:00+00:00,1,0.6189,0.5981811575493436,0.6603376849013127,0.5981811575493436,stop,-1.0,-1.0381827678979243,196,49.0,0.02071884245065636
XRP,2023-11-29 17:30:00+00:00,2023-11-29 17:30:00+00:00,2023-12-03 10:30:00+00:00,-1,0.6071,0.6240663867519022,0.5731672264961956,0.6240663867519022,stop,-1.0,-1.0471672703853114,356,89.0,0.016966386751902207
XRP,2023-12-03 21:00:00+00:00,2023-12-03 21:00:00+00:00,2023-12-04 08:30:00+00:00,-1,0.6221,0.6365034654862408,0.5932930690275183,0.6365034654862408,stop,-1.0,-1.0567982929766142,46,11.5,0.01440346548624083
XRP,2023-12-04 22:00:00+00:00,2023-12-04 22:00:00+00:00,2023-12-08 22:00:00+00:00,1,0.6241,0.5961825521417082,0.6799348957165835,0.67,tempo,1.644133096728156,1.6140026562856868,384,96.0,0.027917447858291755
XRP,2023-12-10 15:30:00+00:00,2023-12-10 15:30:00+00:00,2023-12-11 02:15:00+00:00,-1,0.6615,0.691555025533038,0.6013899489339238,0.6013899489339238,alvo,2.0,1.972687480637649,43,10.75,0.03005502553303807
XRP,2023-12-17 05:15:00+00:00,2023-12-17 05:15:00+00:00,2023-12-18 08:15:00+00:00,1,0.6206,0.599099562328735,0.6636008753425302,0.599099562328735,stop,-1.0,-1.0368738872964083,108,27.0,0.021500437671265082
XRP,2023-12-20 00:15:00+00:00,2023-12-20 00:15:00+00:00,2023-12-24 00:15:00+00:00,1,0.6051,0.5855058211219574,0.6442883577560852,0.6191,tempo,0.7144979173221966,0.6738873867685686,384,96.0,0.0195941788780426
XRP,2023-12-27 00:00:00+00:00,2023-12-27 00:00:00+00:00,2023-12-31 00:00:00+00:00,1,0.6224,0.6008725294514409,0.6654549410971181,0.6212,tempo,-0.055742731004702256,-0.0932919636549871,384,96.0,0.02152747054855908
XRP,2023-12-31 03:30:00+00:00,2023-12-31 03:30:00+00:00,2024-01-02 10:00:00+00:00,-1,0.6192,0.638218198904383,0.5811636021912339,0.638218198904383,stop,-1.0,-1.0429757745934334,218,54.5,0.019018198904383055
XRP,2024-01-17 12:30:00+00:00,2024-01-17 12:30:00+00:00,2024-01-18 18:15:00+00:00,1,0.5697,0.5495497118100531,0.6100005763798938,0.5495497118100531,stop,-1.0,-1.0361043130410161,119,29.75,0.020150288189946908
XRP,2024-01-18 19:30:00+00:00,2024-01-18 19:30:00+00:00,2024-01-19 16:15:00+00:00,1,0.5527,0.5350878263270502,0.5879243473458995,0.5350878263270502,stop,-1.0,-1.0401462136498545,83,20.75,0.01761217367294976
XRP,2024-01-23 17:30:00+00:00,2024-01-23 17:30:00+00:00,2024-01-26 18:15:00+00:00,-1,0.5105,0.5296097539323074,0.47228049213538514,0.5296097539323074,stop,-1.0,-1.0353783383318724,291,72.75,0.019109753932307405
XRP,2024-01-27 05:00:00+00:00,2024-01-27 05:00:00+00:00,2024-01-31 00:30:00+00:00,-1,0.5337,0.549445385065697,0.5022092298686059,0.5022092298686059,alvo,2.0,1.9572356600613383,366,91.5,0.015745385065697004
XRP,2024-01-31 13:15:00+00:00,2024-01-31 13:15:00+00:00,2024-01-31 14:15:00+00:00,1,0.5075,0.4938502258627655,0.5347995482744689,0.4938502258627655,stop,-1.0,-1.0476841331048332,4,1.0,0.01364977413723445
XRP,2024-02-03 04:30:00+00:00,2024-02-03 04:30:00+00:00,2024-02-03 10:30:00+00:00,-1,0.5074,0.5221146522133187,0.4779706955733626,0.5221146522133187,stop,-1.0,-1.0454774271411564,24,6.0,0.01471465221331869
XRP,2024-02-05 08:00:00+00:00,2024-02-05 08:00:00+00:00,2024-02-08 03:00:00+00:00,-1,0.5042,0.5183587988451759,0.4758824023096482,0.5183587988451759,stop,-1.0,-1.0469434749739257,268,67.0,0.014158798845175902
XRP,2024-02-11 16:45:00+00:00,2024-02-11 16:45:00+00:00,2024-02-14 19:15:00+00:00,-1,0.5276,0.5391982159973198,0.5044035680053603,0.5391982159973198,stop,-1.0,-1.059786681034264,298,74.5,0.011598215997319805
XRP,2024-02-17 19:30:00+00:00,2024-02-17 19:30:00+00:00,2024-02-20 03:15:00+00:00,-1,0.551,0.5694984458110155,0.5140031083779691,0.5694984458110155,stop,-1.0,-1.0393721719769267,223,55.75,0.01849844581101545
XRP,2024-02-20 19:30:00+00:00,2024-02-20 19:30:00+00:00,2024-02-21 10:15:00+00:00,1,0.5566,0.535766085343842,0.598267829312316,0.535766085343842,stop,-1.0,-1.0340808708872975,59,14.75,0.020833914656158026
XRP,2024-02-21 20:15:00+00:00,2024-02-21 20:15:00+00:00,2024-02-25 20:15:00+00:00,1,0.5423,0.5223367798986985,0.582226440202603,0.5471,tempo,0.24044217193633496,0.2049714414426189,384,96.0,0.01996322010130147
XRP,2024-02-25 21:30:00+00:00,2024-02-25 21:30:00+00:00,2024-02-27 02:45:00+00:00,-1,0.5441,0.5589513605089361,0.5143972789821278,0.5589513605089361,stop,-1.0,-1.0482772863738241,117,29.25,0.014851360508936096
XRP,2024-02-28 02:45:00+00:00,2024-02-28 02:45:00+00:00,2024-02-28 17:00:00+00:00,-1,0.5836,0.6052826034525388,0.5402347930949224,0.6052826034525388,stop,-1.0,-1.0356402631231845,57,14.25,0.021682603452538807
XRP,2024-03-01 18:00:00+00:00,2024-03-01 18:00:00+00:00,2024-03-02 02:30:00+00:00,-1,0.5941,0.6279386797158086,0.5264226405683826,0.6279386797158086,stop,-1.0,-1.023473881028644,34,8.5,0.03383867971580867
XRP,2024-03-02 12:15:00+00:00,2024-03-02 12:15:00+00:00,2024-03-03 07:30:00+00:00,1,0.6506,0.6136622384912319,0.724475523017536,0.6136622384912319,stop,-1.0,-1.022247435184296,77,19.25,0.03693776150876804
XRP,2024-03-03 18:15:00+00:00,2024-03-03 18:15:00+00:00,2024-03-05 19:45:00+00:00,1,0.6237,0.5876698407226704,0.6957603185546594,0.5876698407226704,stop,-1.0,-1.021853647396035,198,49.5,0.036030159277329665
XRP,2024-03-11 09:00:00+00:00,2024-03-11 09:00:00+00:00,2024-03-11 16:00:00+00:00,-1,0.6233,0.6542843076091415,0.561331384781717,0.6542843076091415,stop,-1.0,-1.0268016252104641,28,7.0,0.030984307609141504
XRP,2024-03-12 18:45:00+00:00,2024-03-12 18:45:00+00:00,2024-03-16 18:45:00+00:00,-1,0.6879,0.7478126515620424,0.5680746968759152,0.6028,tempo,1.4204011637153944,1.4063981947576405,384,96.0,0.059912651562042396
XRP,2024-03-19 03:00:00+00:00,2024-03-19 03:00:00+00:00,2024-03-23 03:00:00+00:00,-1,0.6158,0.6560228389050728,0.5353543221898543,0.6134,tempo,0.059667593470071674,0.03980375437393979,384,96.0,0.04022283890507283
XRP,2024-03-24 05:15:00+00:00,2024-03-24 05:15:00+00:00,2024-03-25 17:00:00+00:00,-1,0.6185,0.6511257701924429,0.5532484596151144,0.6511257701924429,stop,-1.0,-1.0252946289315874,143,35.75,0.03262577019244284
XRP,2024-03-28 16:30:00+00:00,2024-03-28 16:30:00+00:00,2024-04-01 16:30:00+00:00,-1,0.6221,0.6473820478540483,0.5715359042919034,0.6037,tempo,0.7277891453343507,0.6962738976534784,384,96.0,0.025282047854048306
XRP,2024-04-05 02:30:00+00:00,2024-04-05 02:30:00+00:00,2024-04-09 02:30:00+00:00,1,0.5851,0.5549322823132649,0.6454354353734701,0.6163,tempo,1.0342181110279618,1.0083324935573579,384,96.0,0.030167717686735096
XRP,2024-04-10 06:15:00+00:00,2024-04-10 06:15:00+00:00,2024-04-12 17:30:00+00:00,1,0.6088,0.5830838271557935,0.6602323456884129,0.5830838271557935,stop,-1.0,-1.0301259636239302,237,59.25,0.025716172844206464
XRP,2024-04-15 11:45:00+00:00,2024-04-15 11:45:00+00:00,2024-04-19 11:45:00+00:00,-1,0.5121,0.5619355765109224,0.4124288469781552,0.5026,tempo,0.1906268707038605,0.1773922490504831,384,96.0,0.04983557651092241
XRP,2024-04-21 14:45:00+00:00,2024-04-21 14:45:00+00:00,2024-04-22 19:45:00+00:00,-1,0.5256,0.5543567459578898,0.46808650808422037,0.5543567459578898,stop,-1.0,-1.024410685614449,116,29.0,0.028756745957889795
XRP,2024-04-23 05:45:00+00:00,2024-04-23 05:45:00+00:00,2024-04-27 05:45:00+00:00,-1,0.5495,0.575882432804683,0.496735134390634,0.5173,tempo,1.2205091258409029,1.1942257271439898,384,96.0,0.026382432804682998
XRP,2024-04-28 06:30:00+00:00,2024-04-28 06:30:00+00:00,2024-04-29 03:45:00+00:00,1,0.5229,0.505215324383925,0.55826935123215,0.505215324383925,stop,-1.0,-1.037788364081844,85,21.25,0.017684675616075007
XRP,2024-05-04 21:15:00+00:00,2024-05-04 21:15:00+00:00,2024-05-06 16:00:00+00:00,-1,0.5331,0.5505852558674365,0.49812948826512715,0.5505852558674365,stop,-1.0,-1.0402851077304314,171,42.75,0.017485255867436433
XRP,2024-05-10 15:00:00+00:00,2024-05-10 15:00:00+00:00,2024-05-14 15:00:00+00:00,1,0.5002,0.48149524118839215,0.5376095176232156,0.5034,tempo,0.17107945802616392,0.13620384126091753,384,96.0,0.018704758811607824
XRP,2024-05-16 06:30:00+00:00,2024-05-16 06:30:00+00:00,2024-05-20 06:30:00+00:00,-1,0.5178,0.5321000718400697,0.48919985631986074,0.5119,tempo,0.41258533984898355,0.3657810295290474,384,96.0,0.01430007184006965
XRP,2024-05-20 13:30:00+00:00,2024-05-20 13:30:00+00:00,2024-05-20 20:00:00+00:00,1,0.5116,0.5003439870099579,0.5341120259800844,0.5341120259800844,alvo,2.0,1.939613358878639,26,6.5,0.011256012990042197
XRP,2024-05-24 02:45:00+00:00,2024-05-24 02:45:00+00:00,2024-05-28 02:45:00+00:00,1,0.5313,0.5096419523394446,0.5746160953211107,0.5306,tempo,-0.03232054943137404,-0.06419022719817886,384,96.0,0.021658047660555346
XRP,2024-05-30 00:15:00+00:00,2024-05-30 00:15:00+00:00,2024-06-02 18:15:00+00:00,1,0.5252,0.5106041560209796,0.5543916879580407,0.5106041560209796,stop,-1.0,-1.0461276992533888,360,90.0,0.014595843979020362
XRP,2024-06-06 15:00:00+00:00,2024-06-06 15:00:00+00:00,2024-06-06 20:15:00+00:00,1,0.528,0.5180157269409259,0.5479685461181483,0.5180157269409259,stop,-1.0,-1.068098119761826,21,5.25,0.009984273059074122
XRP,2024-06-07 19:15:00+00:00,2024-06-07 19:15:00+00:00,2024-06-11 19:15:00+00:00,-1,0.4901,0.5367794132189911,0.39674117356201766,0.4814,tempo,0.1863776641575361,0.17284975203410158,384,96.0,0.04667941321899116
XRP,2024-06-12 03:45:00+00:00,2024-06-12 03:45:00+00:00,2024-06-16 03:45:00+00:00,-1,0.481,0.5060021322440446,0.43099573551191084,0.49,tempo,-0.3599692983042988,-0.38521314526260525,384,96.0,0.025002132244044573
XRP,2024-06-23 08:45:00+00:00,2024-06-23 08:45:00+00:00,2024-06-24 03:00:00+00:00,1,0.4874,0.47205858755890007,0.5180828248821998,0.47205858755890007,stop,-1.0,-1.0406512819016924,73,18.25,0.015341412441099933
XRP,2024-06-24 15:45:00+00:00,2024-06-24 15:45:00+00:00,2024-06-28 15:45:00+00:00,-1,0.4755,0.49010405342459806,0.4462918931508038,0.4755,tempo,-0.0,-0.042327289693341555,384,96.0,0.014604053424598085
XRP,2024-07-04 10:00:00+00:00,2024-07-04 10:00:00+00:00,2024-07-04 13:30:00+00:00,1,0.4528,0.440666726861627,0.47706654627674594,0.440666726861627,stop,-1.0,-1.0478645264008235,14,3.5,0.01213327313837298
XRP,2024-07-08 03:15:00+00:00,2024-07-08 03:15:00+00:00,2024-07-11 12:45:00+00:00,1,0.4136,0.39300553065138766,0.45478893869722475,0.45478893869722475,alvo,2.0,1.972592019702065,326,81.5,0.020594469348612365
XRP,2024-07-13 12:30:00+00:00,2024-07-13 12:30:00+00:00,2024-07-13 15:45:00+00:00,-1,0.5127,0.5362275512424615,0.4656448975150772,0.5362275512424615,stop,-1.0,-1.0289789150295043,13,3.25,0.02352755124246142
XRP,2024-07-14 17:00:00+00:00,2024-07-14 17:00:00+00:00,2024-07-16 15:30:00+00:00,1,0.5301,0.5018633499175816,0.5865733001648368,0.5865733001648368,alvo,2.0,1.9742944845444295,186,46.5,0.02823665008241838
XRP,2024-07-20 12:00:00+00:00,2024-07-20 12:00:00+00:00,2024-07-24 10:45:00+00:00,-1,0.5911,0.6269305271192004,0.5194389457615991,0.6269305271192004,stop,-1.0,-1.022096237657727,379,94.75,0.03583052711920043
XRP,2024-07-27 00:00:00+00:00,2024-07-27 00:00:00+00:00,2024-07-30 10:45:00+00:00,-1,0.6031,0.6348405390568238,0.5396189218863523,0.6348405390568238,stop,-1.0,-1.0253512187977143,331,82.75,0.031740539056823835
XRP,2024-08-02 15:30:00+00:00,2024-08-02 15:30:00+00:00,2024-08-05 01:15:00+00:00,-1,0.5501,0.5805592925976626,0.4891814148046749,0.4891814148046749,alvo,2.0,1.9778217791021555,231,57.75,0.030459292597662557
XRP,2024-08-07 19:00:00+00:00,2024-08-07 19:00:00+00:00,2024-08-07 20:30:00+00:00,1,0.4996,0.4586781797641395,0.5814436404717209,0.5814436404717209,alvo,1.9999999999999987,1.9828287607379962,6,1.5,0.040921820235860495
XRP,2024-08-09 10:45:00+00:00,2024-08-09 10:45:00+00:00,2024-08-13 10:45:00+00:00,1,0.5869,0.5216595924320874,0.7173808151358252,0.5725,tempo,-0.2207221036289535,-0.23227338033144074,384,96.0,0.0652404075679126
XRP,2024-08-13 15:45:00+00:00,2024-08-13 15:45:00+00:00,2024-08-17 15:45:00+00:00,-1,0.5756,0.6139928289745057,0.4988143420509886,0.5671,tempo,0.22139551127228155,0.20204932033404102,384,96.0,0.03839282897450569
XRP,2024-08-18 03:45:00+00:00,2024-08-18 03:45:00+00:00,2024-08-19 11:00:00+00:00,-1,0.5664,0.5885676224054193,0.5220647551891615,0.5885676224054193,stop,-1.0,-1.0338660114663445,125,31.25,0.02216762240541925
XRP,2024-08-19 21:00:00+00:00,2024-08-19 21:00:00+00:00,2024-08-23 21:00:00+00:00,-1,0.5945,0.6185144178255781,0.5464711643488438,0.6072,tempo,-0.5288489644946951,-0.5613754661019101,384,96.0,0.024014417825578116
XRP,2024-08-30 09:15:00+00:00,2024-08-30 09:15:00+00:00,2024-09-01 23:00:00+00:00,1,0.5626,0.5428580067129933,0.6020839865740133,0.5428580067129933,stop,-1.0,-1.0363969176727643,247,61.75,0.019741993287006654
XRP,2024-09-06 20:30:00+00:00,2024-09-06 20:30:00+00:00,2024-09-10 20:30:00+00:00,1,0.517,0.4997078210088218,0.5515843579823565,0.541,tempo,1.3879106856483405,1.3481412615433255,384,96.0,0.017292178991178242
XRP,2024-09-16 05:45:00+00:00,2024-09-16 05:45:00+00:00,2024-09-20 05:45:00+00:00,1,0.5726,0.5490408328647924,0.6197183342704151,0.5888,tempo,0.6876304203381708,0.6555872672136345,384,96.0,0.02355916713520756
XRP,2024-09-22 08:00:00+00:00,2024-09-22 08:00:00+00:00,2024-09-26 01:00:00+00:00,1,0.5958,0.5759509883768542,0.6354980232462916,0.5759509883768542,stop,-1.0,-1.0383715903293045,356,89.0,0.019849011623145785
XRP,2024-09-26 11:00:00+00:00,2024-09-26 11:00:00+00:00,2024-09-28 07:45:00+00:00,-1,0.5903,0.6055251115501501,0.5598497768997,0.6055251115501501,stop,-1.0,-1.0510529147814314,179,44.75,0.01522511155015005
XRP,2024-10-09 05:45:00+00:00,2024-10-09 05:45:00+00:00,2024-10-13 05:45:00+00:00,1,0.5335,0.5139833372703787,0.5725333254592425,0.5365,tempo,0.1537148047061742,0.11807858914845953,384,96.0,0.01951666272962127
XRP,2024-10-14 01:15:00+00:00,2024-10-14 01:15:00+00:00,2024-10-14 14:30:00+00:00,-1,0.5299,0.5431965093305059,0.5033069813389883,0.5431965093305059,stop,-1.0,-1.0524583342685694,53,13.25,0.013296509330505857
XRP,2024-10-21 00:00:00+00:00,2024-10-21 00:00:00+00:00,2024-10-22 09:15:00+00:00,1,0.5484,0.5355751496223566,0.5740497007552867,0.5355751496223566,stop,-1.0,-1.0549389526198905,133,33.25,0.01282485037764336
XRP,2024-10-22 20:30:00+00:00,2024-10-22 20:30:00+00:00,2024-10-23 17:00:00+00:00,1,0.5331,0.5192001886873975,0.5608996226252051,0.5192001886873975,stop,-1.0,-1.0492089501982411,82,20.5,0.013899811312602539
XRP,2024-10-26 21:15:00+00:00,2024-10-26 21:15:00+00:00,2024-10-30 21:15:00+00:00,1,0.5126,0.4980835394685386,0.5416329210629226,0.5254,tempo,0.8817576414208386,0.8352793694937575,384,96.0,0.014516460531461328
XRP,2024-11-02 19:00:00+00:00,2024-11-02 19:00:00+00:00,2024-11-06 02:30:00+00:00,-1,0.5092,0.5228818037982432,0.4818363924035135,0.5228818037982432,stop,-1.0,-1.0490325093358668,318,79.5,0.013681803798243242
XRP,2024-11-07 20:30:00+00:00,2024-11-07 20:30:00+00:00,2024-11-10 12:45:00+00:00,1,0.5562,0.5351886770897182,0.5982226458205637,0.5982226458205637,alvo,2.0,1.9642871263752664,257,64.25,0.02101132291028185
XRP,2024-11-10 13:00:00+00:00,2024-11-10 13:00:00+00:00,2024-11-10 21:15:00+00:00,1,0.6073,0.5790162582596233,0.6638674834807532,0.5790162582596233,stop,-1.0,-1.0272632091944172,33,8.25,0.028283741740376622
XRP,2024-11-12 21:00:00+00:00,2024-11-12 21:00:00+00:00,2024-11-14 21:45:00+00:00,1,0.705,0.6395003745532187,0.8359992508935624,0.8359992508935624,alvo,2.0,1.984707553573804,195,48.75,0.06549962544678123
XRP,2024-11-22 13:15:00+00:00,2024-11-22 13:15:00+00:00,2024-11-24 12:45:00+00:00,1,1.4521,1.2821228977710595,1.7920542044578809,1.2821228977710595,stop,-1.0,-1.010455789987274,190,47.5,0.16997710222894047
XRP,2024-11-24 15:15:00+00:00,2024-11-24 15:15:00+00:00,2024-11-28 15:15:00+00:00,1,1.3497,1.1769998841336422,1.6951002317327153,1.46,tempo,0.6386793630489203,0.6281043556678408,384,96.0,0.1727001158663577
XRP,2024-12-02 16:30:00+00:00,2024-12-02 16:30:00+00:00,2024-12-03 14:00:00+00:00,1,2.7434,2.371585755528606,3.4870284889427876,2.371585755528606,stop,-1.0,-1.008941940204094,86,21.5,0.3718142444713939
XRP,2024-12-09 10:45:00+00:00,2024-12-09 10:45:00+00:00,2024-12-09 21:15:00+00:00,1,2.4002,2.160934193580332,2.878731612839336,2.160934193580332,stop,-1.0,-1.012390977508199,42,10.5,0.239265806419668
XRP,2024-12-11 14:45:00+00:00,2024-12-11 14:45:00+00:00,2024-12-15 14:45:00+00:00,1,2.3831,2.103607562970167,2.9420848740596663,2.4214,tempo,0.1370341194452852,0.12586056128683437,384,96.0,0.27949243702983306
XRP,2024-12-16 18:00:00+00:00,2024-12-16 18:00:00+00:00,2024-12-17 11:30:00+00:00,-1,2.5152,2.7007452167868964,2.1441095664262075,2.7007452167868964,stop,-1.0,-1.0182724429636223,70,17.5,0.18554521678689628
XRP,2024-12-19 07:30:00+00:00,2024-12-19 07:30:00+00:00,2024-12-20 11:45:00+00:00,-1,2.378,2.578696740755842,1.9766065184883166,1.9766065184883166,alvo,2.0,1.9858966606714314,113,28.25,0.20069674075584176
XRP,2024-12-21 18:30:00+00:00,2024-12-21 18:30:00+00:00,2024-12-25 18:30:00+00:00,-1,2.2467,2.4707641707458006,1.7985716585083993,2.2947,tempo,-0.2142243440360475,-0.22739873952361936,384,96.0,0.22406417074580043
XRP,2025-01-03 20:15:00+00:00,2025-01-03 20:15:00+00:00,2025-01-07 15:30:00+00:00,1,2.4577,2.3249794810001734,2.7231410379996532,2.3249794810001734,stop,-1.0,-1.0234232180982819,365,91.25,0.13272051899982662
XRP,2025-01-07 19:45:00+00:00,2025-01-07 19:45:00+00:00,2025-01-11 17:45:00+00:00,1,2.2789,2.168869596847847,2.4989608063043063,2.4989608063043063,alvo,2.0,1.9717749873205201,376,94.0,0.11003040315215307
XRP,2025-01-13 20:30:00+00:00,2025-01-13 20:30:00+00:00,2025-01-15 01:45:00+00:00,1,2.4665,2.3163604378916713,2.766779124216657,2.766779124216657,alvo,2.0,1.9773435370199994,117,29.25,0.15013956210832857
XRP,2025-01-15 17:00:00+00:00,2025-01-15 17:00:00+00:00,2025-01-15 23:15:00+00:00,-1,2.8991,3.105786001158899,2.4857279976822015,3.105786001158899,stop,-1.0,-1.018884568276845,25,6.25,0.20668600115889912
XRP,2025-01-16 12:45:00+00:00,2025-01-16 12:45:00+00:00,2025-01-19 23:00:00+00:00,1,3.2605,3.006400806406949,3.768698387186102,3.006400806406949,stop,-1.0,-1.0160310840288944,329,82.25,0.254099193593051
XRP,2025-01-20 15:45:00+00:00,2025-01-20 15:45:00+00:00,2025-01-24 15:45:00+00:00,-1,3.2889,3.568172263719215,2.7303554725615697,3.1446,tempo,0.516700076399572,0.5017262478341817,384,96.0,0.2792722637192151
XRP,2025-01-27 12:00:00+00:00,2025-01-27 12:00:00+00:00,2025-01-27 16:30:00+00:00,-1,2.7868,2.995895426133394,2.368609147733212,2.995895426133394,stop,-1.0,-1.0179762517836655,18,4.5,0.20909542613339394
XRP,2025-01-30 11:45:00+00:00,2025-01-30 11:45:00+00:00,2025-02-01 22:30:00+00:00,1,3.099,2.89124813449533,3.5145037310093405,2.89124813449533,stop,-1.0,-1.0187418836310493,235,58.75,0.20775186550467017
XRP,2025-02-04 15:15:00+00:00,2025-02-04 15:15:00+00:00,2025-02-08 15:15:00+00:00,-1,2.6245,2.987198758756158,1.8991024824876832,2.4146,tempo,0.5787171721233133,0.569686496056947,384,96.0,0.3626987587561583
XRP,2025-02-11 19:45:00+00:00,2025-02-11 19:45:00+00:00,2025-02-14 08:30:00+00:00,1,2.3814,2.2221255995293743,2.699948800941252,2.699948800941252,alvo,2.0,1.9792629781631421,243,60.75,0.1592744004706259
XRP,2025-02-15 08:00:00+00:00,2025-02-15 08:00:00+00:00,2025-02-19 08:00:00+00:00,-1,2.7621,2.9403107046810675,2.4056785906378657,2.5555,tempo,1.1593018520954712,1.1399066086605396,384,96.0,0.17821070468106726
XRP,2025-02-19 17:15:00+00:00,2025-02-19 17:15:00+00:00,2025-02-23 17:15:00+00:00,-1,2.6495,2.788939568995293,2.3706208620094142,2.5432,tempo,0.7623374108649776,0.7381315486099534,384,96.0,0.13943956899529297
XRP,2025-02-26 05:00:00+00:00,2025-02-26 05:00:00+00:00,2025-03-02 05:00:00+00:00,-1,2.2986,2.4855364230129053,1.9247271539741893,2.2477,tempo,0.27228508591119244,0.25647706437974377,384,96.0,0.18693642301290536
XRP,2025-03-03 22:45:00+00:00,2025-03-03 22:45:00+00:00,2025-03-07 22:45:00+00:00,-1,2.3959,2.6953309646581887,1.797038070683623,2.3998,tempo,-0.013024705058315482,-0.02343513473300996,384,96.0,0.2994309646581885
XRP,2025-03-12 16:30:00+00:00,2025-03-12 16:30:00+00:00,2025-03-15 01:15:00+00:00,-1,2.1944,2.3933465470218294,1.796506905956341,2.3933465470218294,stop,-1.0,-1.0149891279854029,227,56.75,0.19894654702182946
XRP,2025-03-15 15:15:00+00:00,2025-03-15 15:15:00+00:00,2025-03-16 14:00:00+00:00,1,2.4316,2.2682769645839715,2.758246070832057,2.2682769645839715,stop,-1.0,-1.0187047713091901,91,22.75,0.16332303541602844
XRP,2025-03-17 01:00:00+00:00,2025-03-17 01:00:00+00:00,2025-03-19 13:15:00+00:00,-1,2.3274,2.4636893567981617,2.0548212864036763,2.4636893567981617,stop,-1.0,-1.0228499726983875,241,60.25,0.1362893567981618
XRP,2025-03-20 06:00:00+00:00,2025-03-20 06:00:00+00:00,2025-03-24 06:00:00+00:00,1,2.4478,2.2961741572432186,2.7510516855135627,2.4516,tempo,0.025061690876109394,0.004058608933749867,384,96.0,0.15162584275678137
XRP,2025-03-25 13:00:00+00:00,2025-03-25 13:00:00+00:00,2025-03-26 21:45:00+00:00,1,2.4306,2.3423298663430017,2.607140267313997,2.3423298663430017,stop,-1.0,-1.0351467057383001,131,32.75,0.08827013365699843
XRP,2025-03-30 13:00:00+00:00,2025-03-30 13:00:00+00:00,2025-04-01 00:00:00+00:00,-1,2.1565,2.2530464383291284,1.9634071233417427,2.0889,fim_dados,0.7001811891760318,0.6715989851324939,140,35.0,0.09654643832912857
ADA,2023-01-04 01:30:00+00:00,2023-01-04 01:30:00+00:00,2023-01-04 08:15:00+00:00,1,0.254,0.24753351487212086,0.2669329702557583,0.2669329702557583,alvo,2.0,1.947636710829752,27,6.75,0.006466485127879146
ADA,2023-01-05 06:00:00+00:00,2023-01-05 06:00:00+00:00,2023-01-06 01:00:00+00:00,-1,0.2685,0.2768182076727342,0.2518635846545317,0.2768182076727342,stop,-1.0,-1.0426121646552697,76,19.0,0.008318207672734168
ADA,2023-01-07 05:30:00+00:00,2023-01-07 05:30:00+00:00,2023-01-08 09:45:00+00:00,-1,0.2776,0.2872667446244414,0.25826651075111723,0.2872667446244414,stop,-1.0,-1.0379821127246447,113,28.25,0.009666744624441392
ADA,2023-01-10 15:45:00+00:00,2023-01-10 15:45:00+00:00,2023-01-13 21:00:00+00:00,-1,0.3188,0.33744552012515355,0.2815089597496928,0.33744552012515355,stop,-1.0,-1.0228773230898451,309,77.25,0.01864552012515358
ADA,2023-01-21 16:00:00+00:00,2023-01-21 16:00:00+00:00,2023-01-25 01:15:00+00:00,1,0.3708,0.3496507928295281,0.41309841434094385,0.3496507928295281,stop,-1.0,-1.022142343756177,325,81.25,0.021149207170471918
ADA,2023-01-25 21:15:00+00:00,2023-01-25 21:15:00+00:00,2023-01-26 01:00:00+00:00,-1,0.3663,0.38629160224247894,0.32631679551504217,0.38629160224247894,stop,-1.0,-1.024469501519902,15,3.75,0.019991602242478923
ADA,2023-01-30 05:00:00+00:00,2023-01-30 05:00:00+00:00,2023-02-02 02:00:00+00:00,-1,0.3924,0.4098182237637643,0.35756355247247146,0.4098182237637643,stop,-1.0,-1.0299365683044686,276,69.0,0.017418223763764284
ADA,2023-02-04 11:45:00+00:00,2023-02-04 11:45:00+00:00,2023-02-08 11:45:00+00:00,-1,0.4011,0.4186383127747141,0.36602337445057187,0.3982,tempo,0.16535227973474734,0.13572884863999254,384,96.0,0.01753831277471407
ADA,2023-02-10 07:15:00+00:00,2023-02-10 07:15:00+00:00,2023-02-13 18:00:00+00:00,1,0.3616,0.34565597616501675,0.3934880476699664,0.34565597616501675,stop,-1.0,-1.028833147094185,331,82.75,0.015944023834983223
ADA,2023-02-15 04:15:00+00:00,2023-02-15 04:15:00+00:00,2023-02-15 20:30:00+00:00,-1,0.3854,0.4016614202950802,0.3528771594098397,0.4016614202950802,stop,-1.0,-1.0314603468767474,65,16.25,0.016261420295080153
ADA,2023-02-17 14:30:00+00:00,2023-02-17 14:30:00+00:00,2023-02-21 14:30:00+00:00,1,0.3976,0.37979752886157925,0.43320494227684153,0.3941,tempo,-0.19660191963161833,-0.22550829987505513,384,96.0,0.01780247113842076
ADA,2023-02-26 10:00:00+00:00,2023-02-26 10:00:00+00:00,2023-02-28 21:15:00+00:00,1,0.3635,0.3495276402603326,0.39144471947933474,0.3495276402603326,stop,-1.0,-1.0331703430776575,237,59.25,0.013972359739667373
ADA,2023-03-06 19:15:00+00:00,2023-03-06 19:15:00+00:00,2023-03-07 15:15:00+00:00,1,0.3351,0.32362937829495886,0.3580412434100823,0.32362937829495886,stop,-1.0,-1.037327889185252,80,20.0,0.01147062170504115
ADA,2023-03-13 18:30:00+00:00,2023-03-13 18:30:00+00:00,2023-03-15 15:45:00+00:00,1,0.3432,0.32445001556512804,0.38069996886974394,0.32445001556512804,stop,-1.0,-1.0231452197533675,181,45.25,0.01874998443487197
ADA,2023-03-16 22:15:00+00:00,2023-03-16 22:15:00+00:00,2023-03-20 22:15:00+00:00,1,0.3237,0.30436172011119766,0.36237655977760463,0.3326,tempo,0.4602270755814995,0.4381674610525456,384,96.0,0.019338279888802323
ADA,2023-03-21 05:30:00+00:00,2023-03-21 05:30:00+00:00,2023-03-21 20:15:00+00:00,1,0.3385,0.32193784042752094,0.3716243191449582,0.3716243191449582,alvo,2.0,1.9721303972815707,59,14.75,0.016562159572479085
ADA,2023-03-29 03:00:00+00:00,2023-03-29 03:00:00+00:00,2023-03-31 11:30:00+00:00,-1,0.3764,0.3928806568926268,0.34343868621474644,0.3928806568926268,stop,-1.0,-1.0303405641072423,226,56.5,0.016480656892626788
ADA,2023-04-04 21:15:00+00:00,2023-04-04 21:15:00+00:00,2023-04-08 21:15:00+00:00,-1,0.3926,0.41035283487859864,0.35709433024280274,0.3841,tempo,0.4787967701004707,0.45035877676293273,384,96.0,0.017752834878598633
ADA,2023-04-11 18:30:00+00:00,2023-04-11 18:30:00+00:00,2023-04-12 02:30:00+00:00,1,0.402,0.3895980978828762,0.4268038042342477,0.3895980978828762,stop,-1.0,-1.041488697359853,32,8.0,0.01240190211712383
ADA,2023-04-18 12:45:00+00:00,2023-04-18 12:45:00+00:00,2023-04-19 08:30:00+00:00,-1,0.4444,0.4608929513140875,0.4114140973718251,0.4114140973718251,alvo,2.0,1.966271702820311,79,19.75,0.016492951314087456
ADA,2023-04-23 04:45:00+00:00,2023-04-23 04:45:00+00:00,2023-04-25 04:00:00+00:00,1,0.3923,0.3762423198679994,0.4244153602640012,0.3762423198679994,stop,-1.0,-1.0311098803692487,189,47.25,0.016057680132000596
ADA,2023-04-26 20:30:00+00:00,2023-04-26 20:30:00+00:00,2023-04-27 18:45:00+00:00,1,0.3823,0.3645315776530321,0.41783684469393567,0.41783684469393567,alvo,2.0,1.9707295932697249,89,22.25,0.01776842234696785
ADA,2023-04-30 05:15:00+00:00,2023-04-30 05:15:00+00:00,2023-05-01 02:00:00+00:00,1,0.4004,0.38558196100083314,0.43003607799833365,0.38558196100083314,stop,-1.0,-1.0344774551260978,83,20.75,0.014818038999166838
ADA,2023-05-04 00:30:00+00:00,2023-05-04 00:30:00+00:00,2023-05-06 14:15:00+00:00,1,0.3923,0.37903572595587487,0.4188285480882502,0.37903572595587487,stop,-1.0,-1.037798391393563,247,61.75,0.013264274044125113
ADA,2023-05-07 11:00:00+00:00,2023-05-07 11:00:00+00:00,2023-05-08 18:15:00+00:00,-1,0.3802,0.39085695634257933,0.3588860873148413,0.3588860873148413,alvo,2.0,1.9549209041201372,125,31.25,0.010656956342579349
ADA,2023-05-10 17:30:00+00:00,2023-05-10 17:30:00+00:00,2023-05-14 17:30:00+00:00,-1,0.3633,0.37736425958208925,0.33517148083582154,0.3707,tempo,-0.5261563864637301,-0.5600792529477634,384,96.0,0.014064259582089234
ADA,2023-05-28 05:15:00+00:00,2023-05-28 05:15:00+00:00,2023-06-01 03:15:00+00:00,1,0.3721,0.36281989542244286,0.39066020915511424,0.36281989542244286,stop,-1.0,-1.0514754901771093,376,94.0,0.009280104577557124
ADA,2023-06-02 11:30:00+00:00,2023-06-02 11:30:00+00:00,2023-06-05 15:45:00+00:00,1,0.3753,0.36571113241696757,0.39447773516606494,0.36571113241696757,stop,-1.0,-1.0502308778278806,305,76.25,0.009588867583032457
ADA,2023-06-07 12:00:00+00:00,2023-06-07 12:00:00+00:00,2023-06-07 14:45:00+00:00,1,0.3374,0.32520111582405864,0.36179776835188265,0.32520111582405864,stop,-1.0,-1.0353057475646048,11,2.75,0.012198884175941338
ADA,2023-06-07 17:45:00+00:00,2023-06-07 17:45:00+00:00,2023-06-09 20:00:00+00:00,-1,0.322,0.3340457088088706,0.29790858238225887,0.29790858238225887,alvo,2.0,1.9665490354331212,201,50.25,0.01204570880887057
ADA,2023-06-12 21:30:00+00:00,2023-06-12 21:30:00+00:00,2023-06-16 21:30:00+00:00,1,0.2756,0.2488270534617979,0.32914589307640424,0.2623,tempo,-0.49677012505972645,-0.5098293899225277,384,96.0,0.026772946538202114
ADA,2023-06-24 20:45:00+00:00,2023-06-24 20:45:00+00:00,2023-06-26 17:00:00+00:00,1,0.2901,0.27649845456385164,0.3173030908722968,0.27649845456385164,stop,-1.0,-1.0270769963012962,177,44.25,0.013601545436148388
ADA,2023-06-29 17:15:00+00:00,2023-06-29 17:15:00+00:00,2023-06-30 03:45:00+00:00,-1,0.2732,0.284477181527409,0.25064563694518205,0.284477181527409,stop,-1.0,-1.0321436847595111,42,10.5,0.011277181527408975
ADA,2023-07-04 05:00:00+00:00,2023-07-04 05:00:00+00:00,2023-07-05 10:45:00+00:00,1,0.297,0.283591878552527,0.323816242894946,0.283591878552527,stop,-1.0,-1.0281459802208361,119,29.75,0.013408121447472998
ADA,2023-07-05 18:45:00+00:00,2023-07-05 18:45:00+00:00,2023-07-09 18:45:00+00:00,-1,0.2834,0.29516887189634033,0.2598622562073193,0.2852,tempo,-0.15294584016669874,-0.18434986964848177,384,96.0,0.01176887189634035
ADA,2023-07-16 06:15:00+00:00,2023-07-16 06:15:00+00:00,2023-07-20 06:15:00+00:00,1,0.3194,0.297749271289974,0.362701457420052,0.3275,tempo,0.37412135676750036,0.35470007050819385,384,96.0,0.02165072871002599
ADA,2023-07-21 04:00:00+00:00,2023-07-21 04:00:00+00:00,2023-07-25 04:00:00+00:00,-1,0.3169,0.3336075179638474,0.2834849640723052,0.303,tempo,0.831960799328636,0.8078438119417667,384,96.0,0.016707517963847396
ADA,2023-07-28 12:30:00+00:00,2023-07-28 12:30:00+00:00,2023-08-01 12:30:00+00:00,-1,0.3114,0.32135754423619806,0.2914849115276039,0.3035,tempo,0.7933683057396457,0.7532293929194496,384,96.0,0.009957544236198046
ADA,2023-08-06 22:45:00+00:00,2023-08-06 22:45:00+00:00,2023-08-08 18:00:00+00:00,-1,0.2931,0.2998498531869657,0.27960029362606864,0.2998498531869657,stop,-1.0,-1.057100116683395,173,43.25,0.006749853186965693
ADA,2023-08-11 20:00:00+00:00,2023-08-11 20:00:00+00:00,2023-08-13 22:30:00+00:00,1,0.2935,0.2868395573261029,0.30682088534779417,0.2868395573261029,stop,-1.0,-1.056635982130787,202,50.5,0.0066604426738970934
ADA,2023-08-16 19:00:00+00:00,2023-08-16 19:00:00+00:00,2023-08-17 21:45:00+00:00,-1,0.2757,0.28410091935869125,0.2588981612826175,0.2588981612826175,alvo,2.0,1.9586368122348177,107,26.75,0.00840091935869125
ADA,2023-08-18 07:15:00+00:00,2023-08-18 07:15:00+00:00,2023-08-22 07:15:00+00:00,-1,0.2631,0.29037143012912653,0.20855713974174694,0.2613,tempo,0.06600313923682284,0.05350434477000999,384,96.0,0.027271430129126528
ADA,2023-09-03 12:45:00+00:00,2023-09-03 12:45:00+00:00,2023-09-07 12:45:00+00:00,1,0.2554,0.24825294417347982,0.2696941116530404,0.2533,tempo,-0.29382728370577893,-0.3400917887027955,384,96.0,0.007147055826520199
ADA,2023-09-10 08:30:00+00:00,2023-09-10 08:30:00+00:00,2023-09-11 09:30:00+00:00,1,0.2491,0.24296349507690226,0.26137300984619544,0.24296349507690226,stop,-1.0,-1.0521210812682815,100,25.0,0.006136504923097724
ADA,2023-09-12 12:15:00+00:00,2023-09-12 12:15:00+00:00,2023-09-16 12:15:00+00:00,-1,0.2491,0.2567064874641668,0.23388702507166637,0.2509,tempo,-0.2366401060252309,-0.27936679183534147,384,96.0,0.007606487464166811
ADA,2023-09-22 03:00:00+00:00,2023-09-22 03:00:00+00:00,2023-09-26 03:00:00+00:00,-1,0.2443,0.2502564773389881,0.23238704532202378,0.2468,tempo,-0.4197111577402067,-0.47330239662742263,384,96.0,0.005956477338988103
ADA,2023-10-07 01:15:00+00:00,2023-10-07 01:15:00+00:00,2023-10-09 10:00:00+00:00,-1,0.2646,0.27181022019378037,0.25017955961243926,0.25017955961243926,alvo,2.0,1.9535927191187974,227,56.75,0.00721022019378037
ADA,2023-10-10 06:45:00+00:00,2023-10-10 06:45:00+00:00,2023-10-14 06:45:00+00:00,-1,0.252,0.2581205443290034,0.23975891134199323,0.2456,tempo,1.0456586303398454,0.9928136573090454,384,96.0,0.006120544329003386
ADA,2023-10-19 11:45:00+00:00,2023-10-19 11:45:00+00:00,2023-10-21 09:45:00+00:00,1,0.2421,0.2362770043894742,0.2537459912210517,0.2537459912210517,alvo,2.000000000000005,1.9446505002148626,184,46.0,0.005822995610525822
ADA,2023-10-23 20:30:00+00:00,2023-10-23 20:30:00+00:00,2023-10-24 02:30:00+00:00,1,0.27,0.261829011394791,0.2863419772104181,0.2863419772104181,alvo,2.0,1.9557431416614341,24,6.0,0.00817098860520904
ADA,2023-10-25 23:00:00+00:00,2023-10-25 23:00:00+00:00,2023-10-29 23:00:00+00:00,1,0.2809,0.2678088074326013,0.3070823851347973,0.297,tempo,1.2298344797168639,1.2011407607859046,384,96.0,0.013091192567398657
ADA,2023-10-30 12:30:00+00:00,2023-10-30 12:30:00+00:00,2023-10-31 15:15:00+00:00,1,0.3017,0.2898338075438925,0.3254323849122151,0.2898338075438925,stop,-1.0,-1.03240272533298,107,26.75,0.011866192456107538
ADA,2023-11-02 04:00:00+00:00,2023-11-02 04:00:00+00:00,2023-11-05 05:15:00+00:00,1,0.3101,0.29724901792757547,0.33580196414484903,0.33580196414484903,alvo,2.0,1.9673304130121672,293,73.25,0.012850982072424522
ADA,2023-11-05 10:45:00+00:00,2023-11-05 10:45:00+00:00,2023-11-06 20:30:00+00:00,1,0.3387,0.3229008506023943,0.37029829879521137,0.37029829879521137,alvo,2.0,1.9708307781248826,135,33.75,0.015799149397605683
ADA,2023-11-07 12:45:00+00:00,2023-11-07 12:45:00+00:00,2023-11-09 14:45:00+00:00,1,0.3469,0.32974242543304705,0.38121514913390586,0.38121514913390586,alvo,2.0,1.9724159819273868,200,50.0,0.017157574566952938
ADA,2023-11-14 11:15:00+00:00,2023-11-14 11:15:00+00:00,2023-11-16 00:45:00+00:00,-1,0.3589,0.380324571979349,0.316050856041302,0.380324571979349,stop,-1.0,-1.0224273312087506,150,37.5,0.021424571979348994
ADA,2023-11-18 07:00:00+00:00,2023-11-18 07:00:00+00:00,2023-11-20 10:45:00+00:00,1,0.3523,0.32915517982441966,0.3985896403511607,0.3985896403511607,alvo,2.0,1.978911987108752,207,51.75,0.02314482017558034
ADA,2023-11-20 23:00:00+00:00,2023-11-20 23:00:00+00:00,2023-11-21 18:15:00+00:00,1,0.3819,0.3610704896186435,0.423559020762713,0.3610704896186435,stop,-1.0,-1.0231849337507408,77,19.25,0.020829510381356497
ADA,2023-11-25 10:45:00+00:00,2023-11-25 10:45:00+00:00,2023-11-28 05:45:00+00:00,1,0.3884,0.37104551137647557,0.42310897724704893,0.37104551137647557,stop,-1.0,-1.0284444902470689,268,67.0,0.017354488623524456
ADA,2023-11-29 17:30:00+00:00,2023-11-29 17:30:00+00:00,2023-12-02 23:45:00+00:00,-1,0.3839,0.39837029971102106,0.35495940057795794,0.39837029971102106,stop,-1.0,-1.0351392649058189,313,78.25,0.01447029971102104
ADA,2023-12-03 21:00:00+00:00,2023-12-03 21:00:00+00:00,2023-12-04 01:45:00+00:00,-1,0.3911,0.40208827861009033,0.36912344277981934,0.40208827861009033,stop,-1.0,-1.0469202137469575,19,4.75,0.01098827861009033
ADA,2023-12-04 22:00:00+00:00,2023-12-04 22:00:00+00:00,2023-12-06 10:15:00+00:00,1,0.4032,0.38796323015554696,0.4336735396889061,0.4336735396889061,alvo,2.0,1.9642990078375555,145,36.25,0.015236769844453046
ADA,2023-12-07 22:45:00+00:00,2023-12-07 22:45:00+00:00,2023-12-08 07:00:00+00:00,-1,0.4571,0.48114715438039407,0.4090056912392119,0.48114715438039407,stop,-1.0,-1.0253610319416622,33,8.25,0.024047154380394065
ADA,2023-12-10 15:30:00+00:00,2023-12-10 15:30:00+00:00,2023-12-13 20:00:00+00:00,-1,0.5921,0.6465478066079503,0.48320438678409927,0.6465478066079503,stop,-1.0,-1.0147870249410123,306,76.5,0.054447806607950344
ADA,2023-12-17 05:15:00+00:00,2023-12-17 05:15:00+00:00,2023-12-18 03:00:00+00:00,1,0.6112,0.5635196483546903,0.7065607032906194,0.5635196483546903,stop,-1.0,-1.016014306629084,87,21.75,0.047680351645309704
ADA,2023-12-18 03:30:00+00:00,2023-12-18 03:30:00+00:00,2023-12-22 03:30:00+00:00,1,0.5725,0.5305950705697016,0.6563098588605969,0.6311,tempo,1.3984035004156465,1.3797340977788688,384,96.0,0.04190492943029844
ADA,2023-12-22 08:45:00+00:00,2023-12-22 08:45:00+00:00,2023-12-26 08:45:00+00:00,-1,0.6129,0.6528954119465644,0.5329091761068712,0.6075,tempo,0.13501548645666137,0.11518171149617766,384,96.0,0.03999541194656442
ADA,2023-12-27 00:00:00+00:00,2023-12-27 00:00:00+00:00,2023-12-31 00:00:00+00:00,1,0.6093,0.5740138909468191,0.6798722181063617,0.6014,tempo,-0.2238841349181786,-0.24618625382887954,384,96.0,0.03528610905318086
ADA,2023-12-31 03:30:00+00:00,2023-12-31 03:30:00+00:00,2024-01-02 00:30:00+00:00,-1,0.5968,0.6296103432943031,0.5311793134113938,0.6296103432943031,stop,-1.0,-1.0242962018407076,180,45.0,0.0328103432943031
ADA,2024-01-02 06:15:00+00:00,2024-01-02 06:15:00+00:00,2024-01-03 12:15:00+00:00,-1,0.6263,0.6550908428836351,0.5687183142327298,0.5687183142327298,alvo,2.0,1.9730205222754076,120,30.0,0.028790842883635093
ADA,2024-01-17 12:30:00+00:00,2024-01-17 12:30:00+00:00,2024-01-18 18:15:00+00:00,1,0.5312,0.5037703767972155,0.5860592464055691,0.5037703767972155,stop,-1.0,-1.0245257012808655,119,29.75,0.027429623202784525
ADA,2024-01-18 19:30:00+00:00,2024-01-18 19:30:00+00:00,2024-01-19 16:15:00+00:00,1,0.509,0.48464101649746455,0.5577179670050709,0.48464101649746455,stop,-1.0,-1.0265145161191198,83,20.75,0.02435898350253546
ADA,2024-01-23 17:30:00+00:00,2024-01-23 17:30:00+00:00,2024-01-27 17:30:00+00:00,-1,0.4682,0.49163257772930213,0.42133484454139575,0.4843,tempo,-0.6870776312358997,-0.7134991802072616,384,96.0,0.02343257772930213
ADA,2024-01-31 13:15:00+00:00,2024-01-31 13:15:00+00:00,2024-02-04 13:15:00+00:00,1,0.502,0.48104320131310924,0.5439135973737815,0.5072,tempo,0.24812950096489547,0.2168279644181738,384,96.0,0.020956798686890765
ADA,2024-02-05 08:00:00+00:00,2024-02-05 08:00:00+00:00,2024-02-08 08:00:00+00:00,-1,0.5018,0.5188938334688586,0.4676123330622828,0.5188938334688586,stop,-1.0,-1.038812299942165,288,72.0,0.01709383346885862
ADA,2024-02-11 16:45:00+00:00,2024-02-11 16:45:00+00:00,2024-02-12 17:45:00+00:00,-1,0.5418,0.56310354679167,0.4991929064166599,0.56310354679167,stop,-1.0,-1.0337121002637648,100,25.0,0.021303546791670014
ADA,2024-02-13 20:15:00+00:00,2024-02-13 20:15:00+00:00,2024-02-14 09:45:00+00:00,-1,0.542,0.5639286809616582,0.4981426380766838,0.5639286809616582,stop,-1.0,-1.0327814355948715,54,13.5,0.02192868096165812
ADA,2024-02-17 19:30:00+00:00,2024-02-17 19:30:00+00:00,2024-02-18 00:15:00+00:00,-1,0.5882,0.6136971077912795,0.5372057844174408,0.6136971077912795,stop,-1.0,-1.03064006813869,19,4.75,0.02549710779127956
ADA,2024-02-20 19:30:00+00:00,2024-02-20 19:30:00+00:00,2024-02-23 16:15:00+00:00,1,0.6058,0.572472545318324,0.672454909363352,0.572472545318324,stop,-1.0,-1.0229803674409617,275,68.75,0.03332745468167597
ADA,2024-02-25 19:15:00+00:00,2024-02-25 19:15:00+00:00,2024-02-28 08:45:00+00:00,1,0.5854,0.5593155394126625,0.637568921174675,0.637568921174675,alvo,2.0,1.969524775254527,246,61.5,0.026084460587337488
ADA,2024-03-01 18:00:00+00:00,2024-03-01 18:00:00+00:00,2024-03-02 00:15:00+00:00,-1,0.6891,0.7346179725907316,0.598064054818537,0.7346179725907316,stop,-1.0,-1.0203307974743236,25,6.25,0.04551797259073154
ADA,2024-03-02 12:15:00+00:00,2024-03-02 12:15:00+00:00,2024-03-03 07:30:00+00:00,1,0.744,0.6916211203562627,0.8487577592874747,0.6916211203562627,stop,-1.0,-1.0178154579589818,77,19.25,0.05237887964373733
ADA,2024-03-03 18:15:00+00:00,2024-03-03 18:15:00+00:00,2024-03-05 20:00:00+00:00,1,0.7275,0.6777487558570825,0.8270024882858351,0.6777487558570825,stop,-1.0,-1.0183595748617502,199,49.75,0.04975124414291754
ADA,2024-03-11 09:00:00+00:00,2024-03-11 09:00:00+00:00,2024-03-11 22:30:00+00:00,-1,0.7381,0.7869815823410086,0.6403368353179828,0.7869815823410086,stop,-1.0,-1.02027968369776,54,13.5,0.04888158234100859
ADA,2024-03-12 18:45:00+00:00,2024-03-12 18:45:00+00:00,2024-03-14 08:00:00+00:00,-1,0.7392,0.7892981626256159,0.6390036747487681,0.7892981626256159,stop,-1.0,-1.0198315417898909,149,37.25,0.05009816262561595
ADA,2024-03-19 03:00:00+00:00,2024-03-19 03:00:00+00:00,2024-03-23 03:00:00+00:00,-1,0.6319,0.6771562390685403,0.5413875218629195,0.6218,tempo,0.2231736487140175,0.20516718116893862,384,96.0,0.04525623906854026
ADA,2024-03-24 05:15:00+00:00,2024-03-24 05:15:00+00:00,2024-03-25 16:45:00+00:00,-1,0.6284,0.6661777519017027,0.5528444961965945,0.6661777519017027,stop,-1.0,-1.0222743677528938,142,35.5,0.03777775190170274
ADA,2024-03-28 16:30:00+00:00,2024-03-28 16:30:00+00:00,2024-04-01 16:30:00+00:00,-1,0.6547,0.6869165132514112,0.5902669734971774,0.6135,tempo,1.2788472693641075,1.2532600807826775,384,96.0,0.03221651325141128
ADA,2024-04-05 02:30:00+00:00,2024-04-05 02:30:00+00:00,2024-04-09 02:30:00+00:00,1,0.576,0.5500200206954107,0.6279599586091785,0.6129,tempo,1.4203244570515023,1.3905790522942518,384,96.0,0.025979979304589285
ADA,2024-04-10 06:15:00+00:00,2024-04-10 06:15:00+00:00,2024-04-10 12:45:00+00:00,1,0.5867,0.562488147531921,0.635123704936158,0.562488147531921,stop,-1.0,-1.0308515136080794,26,6.5,0.024211852468078998
ADA,2024-04-11 21:30:00+00:00,2024-04-11 21:30:00+00:00,2024-04-12 17:30:00+00:00,-1,0.5856,0.6097517112333086,0.5372965775333828,0.5372965775333828,alvo,2.0,1.9697792521471487,80,20.0,0.024151711233308615
ADA,2024-04-15 11:45:00+00:00,2024-04-15 11:45:00+00:00,2024-04-19 11:45:00+00:00,-1,0.4855,0.5393992760098346,0.37770144798033073,0.4704,tempo,0.280152186037616,0.26862448017591517,384,96.0,0.05389927600983463
ADA,2024-04-21 14:45:00+00:00,2024-04-21 14:45:00+00:00,2024-04-25 14:45:00+00:00,-1,0.4967,0.5320458994398881,0.4260082011202237,0.4683,tempo,0.8034878288583129,0.7857417816522785,384,96.0,0.03534589943988814
ADA,2024-04-28 06:30:00+00:00,2024-04-28 06:30:00+00:00,2024-04-29 04:00:00+00:00,1,0.4734,0.4518837963505483,0.5164324072989033,0.4518837963505483,stop,-1.0,-1.0279526294427495,86,21.5,0.02151620364945167
ADA,2024-05-04 21:15:00+00:00,2024-05-04 21:15:00+00:00,2024-05-08 21:15:00+00:00,-1,0.4681,0.4876683833588054,0.4289632332823892,0.4537,tempo,0.7358809226067364,0.7052616328568561,384,96.0,0.019568383358805397
ADA,2024-05-10 15:00:00+00:00,2024-05-10 15:00:00+00:00,2024-05-13 02:30:00+00:00,1,0.4494,0.4306381949476975,0.48692361010460505,0.4306381949476975,stop,-1.0,-1.0304887949278527,238,59.5,0.018761805052302516
ADA,2024-05-16 06:30:00+00:00,2024-05-16 06:30:00+00:00,2024-05-17 07:30:00+00:00,-1,0.4605,0.47726756988284247,0.4269648602343151,0.47726756988284247,stop,-1.0,-1.036352848068197,100,25.0,0.016767569882842448
ADA,2024-05-20 13:30:00+00:00,2024-05-20 13:30:00+00:00,2024-05-20 22:00:00+00:00,1,0.4647,0.4488983735583911,0.49630325288321786,0.49630325288321786,alvo,2.0,1.9604691253345128,34,8.5,0.01580162644160893
ADA,2024-05-24 02:45:00+00:00,2024-05-24 02:45:00+00:00,2024-05-28 02:45:00+00:00,1,0.4647,0.44245854390903566,0.5091829121819287,0.4638,tempo,-0.040464976587825094,-0.06760011547134379,384,96.0,0.02224145609096434
ADA,2024-05-30 00:15:00+00:00,2024-05-30 00:15:00+00:00,2024-06-03 00:15:00+00:00,1,0.4523,0.4371269811746224,0.48264603765075514,0.447,tempo,-0.3493042525680832,-0.38782954583551926,384,96.0,0.015173018825377582
ADA,2024-06-06 15:00:00+00:00,2024-06-06 15:00:00+00:00,2024-06-06 20:15:00+00:00,1,0.4617,0.45141586462526123,0.48226827074947753,0.45141586462526123,stop,-1.0,-1.0577127089812834,21,5.25,0.010284135374738768
ADA,2024-06-07 19:15:00+00:00,2024-06-07 19:15:00+00:00,2024-06-11 19:15:00+00:00,-1,0.4472,0.47939435079297416,0.38281129841405165,0.4216,tempo,0.7951705615876791,0.7776295959806558,384,96.0,0.03219435079297417
ADA,2024-06-12 03:45:00+00:00,2024-06-12 03:45:00+00:00,2024-06-12 18:00:00+00:00,-1,0.4234,0.4439441216523747,0.38231175669525064,0.4439441216523747,stop,-1.0,-1.0274420921280358,57,14.25,0.02054412165237468
ADA,2024-06-23 08:45:00+00:00,2024-06-23 08:45:00+00:00,2024-06-24 05:30:00+00:00,1,0.3893,0.3721281339665381,0.42364373206692374,0.3721281339665381,stop,-1.0,-1.0288220445066256,83,20.75,0.01717186603346188
ADA,2024-06-24 15:45:00+00:00,2024-06-24 15:45:00+00:00,2024-06-25 03:15:00+00:00,-1,0.3726,0.38888405713132357,0.3400318857373528,0.38888405713132357,stop,-1.0,-1.030395658351214,46,11.5,0.01628405713132358
ADA,2024-06-26 15:00:00+00:00,2024-06-26 15:00:00+00:00,2024-06-30 15:00:00+00:00,-1,0.3928,0.408732719457457,0.360934561085086,0.3845,tempo,0.5209405727730504,0.4892294137741684,384,96.0,0.015932719457457
ADA,2024-07-04 10:00:00+00:00,2024-07-04 10:00:00+00:00,2024-07-04 13:15:00+00:00,1,0.3948,0.37853024218676573,0.4273395156264685,0.37853024218676573,stop,-1.0,-1.0308956447410986,13,3.25,0.016269757813234254
ADA,2024-07-08 03:15:00+00:00,2024-07-08 03:15:00+00:00,2024-07-10 05:15:00+00:00,1,0.3426,0.32106671461730973,0.3856665707653806,0.3856665707653806,alvo,2.0,1.9780166722084116,200,50.0,0.02153328538269028
ADA,2024-07-13 12:30:00+00:00,2024-07-13 12:30:00+00:00,2024-07-13 20:00:00+00:00,-1,0.4222,0.44254494722963994,0.3815101055407202,0.44254494722963994,stop,-1.0,-1.0276277057568566,30,7.5,0.02034494722963992
ADA,2024-07-14 17:00:00+00:00,2024-07-14 17:00:00+00:00,2024-07-18 17:00:00+00:00,1,0.4299,0.4100632856096924,0.4695734287806152,0.428,tempo,-0.09578199104022844,-0.12389324923692183,384,96.0,0.019836714390307597
ADA,2024-07-20 12:00:00+00:00,2024-07-20 12:00:00+00:00,2024-07-22 00:15:00+00:00,-1,0.4321,0.4500223848474499,0.3962552303051002,0.4500223848474499,stop,-1.0,-1.031992369041915,145,36.25,0.0179223848474499
ADA,2024-07-27 00:00:00+00:00,2024-07-27 00:00:00+00:00,2024-07-31 00:00:00+00:00,-1,0.4171,0.4347593866555666,0.3817812266888668,0.401,tempo,0.9116964430316131,0.8815841288062277,384,96.0,0.0176593866555666
ADA,2024-08-02 15:30:00+00:00,2024-08-02 15:30:00+00:00,2024-08-05 01:15:00+00:00,-1,0.3607,0.37960026355385057,0.3228994728922989,0.3228994728922989,alvo,2.0,1.9764902930525818,231,57.75,0.01890026355385055
ADA,2024-08-07 19:00:00+00:00,2024-08-07 19:00:00+00:00,2024-08-11 19:00:00+00:00,1,0.3168,0.2882357466025007,0.3739285067949987,0.3402,tempo,0.819205728025383,0.8042552234889198,384,96.0,0.02856425339749935
ADA,2024-08-13 05:15:00+00:00,2024-08-13 05:15:00+00:00,2024-08-17 05:15:00+00:00,-1,0.3371,0.35546877274393224,0.30036245451213556,0.3289,tempo,0.4464097909158737,0.42284262036861975,384,96.0,0.018368772743932227
ADA,2024-08-18 03:45:00+00:00,2024-08-18 03:45:00+00:00,2024-08-20 20:15:00+00:00,-1,0.3338,0.3478419981223127,0.30571600375537455,0.3478419981223127,stop,-1.0,-1.0315530094022354,258,64.5,0.014041998122312715
ADA,2024-08-30 09:15:00+00:00,2024-08-30 09:15:00+00:00,2024-08-30 15:15:00+00:00,1,0.3587,0.3425353816198022,0.3910292367603957,0.3425353816198022,stop,-1.0,-1.0281975724593193,24,6.0,0.016164618380197837
ADA,2024-09-01 13:45:00+00:00,2024-09-01 13:45:00+00:00,2024-09-04 01:15:00+00:00,-1,0.3382,0.35119013136288313,0.31221973727423374,0.31221973727423374,alvo,2.0,1.9674543068566461,238,59.5,0.012990131362883128
ADA,2024-09-06 20:30:00+00:00,2024-09-06 20:30:00+00:00,2024-09-08 11:15:00+00:00,1,0.3125,0.298738258979953,0.340023482040094,0.340023482040094,alvo,2.0,1.9691797525685009,155,38.75,0.013761741020047014
ADA,2024-09-09 15:45:00+00:00,2024-09-09 15:45:00+00:00,2024-09-11 23:00:00+00:00,-1,0.341,0.3549395983171131,0.3131208033657739,0.3549395983171131,stop,-1.0,-1.03245149025211,221,55.25,0.013939598317113056
ADA,2024-09-16 05:45:00+00:00,2024-09-16 05:45:00+00:00,2024-09-19 16:45:00+00:00,1,0.3338,0.3232261406430291,0.3549477187139417,0.3549477187139417,alvo,2.0,1.9576610580819838,332,83.0,0.01057385935697086
ADA,2024-09-22 08:00:00+00:00,2024-09-22 08:00:00+00:00,2024-09-22 22:15:00+00:00,1,0.3534,0.3427142443364896,0.37477151132702075,0.3427142443364896,stop,-1.0,-1.042343683784931,57,14.25,0.010685755663510377
ADA,2024-09-26 11:00:00+00:00,2024-09-26 11:00:00+00:00,2024-09-27 03:30:00+00:00,-1,0.3939,0.4082504013224806,0.36519919735503875,0.4082504013224806,stop,-1.0,-1.0363333226118783,66,16.5,0.01435040132248061
ADA,2024-10-09 05:45:00+00:00,2024-10-09 05:45:00+00:00,2024-10-09 21:15:00+00:00,1,0.3475,0.3339908985647356,0.37451820287052867,0.3339908985647356,stop,-1.0,-1.0327904180888556,62,15.5,0.013509101435264348
ADA,2024-10-10 14:15:00+00:00,2024-10-10 14:15:00+00:00,2024-10-11 13:45:00+00:00,-1,0.335,0.3473037846048493,0.3103924307903015,0.3473037846048493,stop,-1.0,-1.0360456131374698,94,23.5,0.012303784604849266
ADA,2024-10-12 15:00:00+00:00,2024-10-12 15:00:00+00:00,2024-10-15 11:00:00+00:00,-1,0.3552,0.3665023284105148,0.3325953431789705,0.3665023284105148,stop,-1.0,-1.0415052984153617,272,68.0,0.011302328410514761
ADA,2024-10-21 00:00:00+00:00,2024-10-21 00:00:00+00:00,2024-10-21 16:30:00+00:00,1,0.3649,0.3534935975909059,0.38771280481818826,0.3534935975909059,stop,-1.0,-1.0409380470446836,66,16.5,0.01140640240909413
ADA,2024-10-22 20:30:00+00:00,2024-10-22 20:30:00+00:00,2024-10-23 15:45:00+00:00,1,0.3629,0.3489664615240573,0.3907670769518854,0.3489664615240573,stop,-1.0,-1.0332085924038281,77,19.25,0.013933538475942697
ADA,2024-10-23 16:00:00+00:00,2024-10-23 16:00:00+00:00,2024-10-25 18:15:00+00:00,1,0.35,0.3361876653560354,0.37762466928792915,0.3361876653560354,stop,-1.0,-1.032291570829868,201,50.25,0.013812334643964586
ADA,2024-10-26 21:15:00+00:00,2024-10-26 21:15:00+00:00,2024-10-30 02:15:00+00:00,1,0.3326,0.317323657738236,0.363152684523528,0.363152684523528,alvo,2.0,1.9703961041726443,308,77.0,0.015276342261763998
ADA,2024-10-30 15:00:00+00:00,2024-10-30 15:00:00+00:00,2024-11-03 15:00:00+00:00,-1,0.3555,0.3689323016862712,0.3286353966274575,0.3315,tempo,1.786737713353301,1.753493224774221,384,96.0,0.013432301686271242
ADA,2024-11-04 23:30:00+00:00,2024-11-04 23:30:00+00:00,2024-11-06 03:15:00+00:00,1,0.3256,0.3120158386440684,0.3527683227118632,0.3527683227118632,alvo,2.0,1.967540181671195,111,27.75,0.013584161355931601
ADA,2024-11-07 20:30:00+00:00,2024-11-07 20:30:00+00:00,2024-11-08 06:15:00+00:00,1,0.3968,0.3773440228283155,0.435711954343369,0.435711954343369,alvo,2.0,1.9721868109965335,39,9.75,0.019455977171684513
ADA,2024-11-10 13:00:00+00:00,2024-11-10 13:00:00+00:00,2024-11-10 21:15:00+00:00,1,0.6396,0.5713624384912132,0.7760751230175735,0.5713624384912132,stop,-1.0,-1.01153507786057,33,8.25,0.06823756150878679
ADA,2024-11-12 21:00:00+00:00,2024-11-12 21:00:00+00:00,2024-11-16 00:15:00+00:00,1,0.5752,0.5058337697706113,0.7139324604587775,0.7139324604587775,alvo,2.0,1.9879201147802437,301,75.25,0.0693662302293887
ADA,2024-11-22 13:15:00+00:00,2024-11-22 13:15:00+00:00,2024-11-23 00:45:00+00:00,1,0.9064,0.8095153602247926,1.1001692795504145,1.1001692795504145,alvo,1.999999999999999,1.986537906991923,46,11.5,0.09688463977520734
ADA,2024-11-23 12:00:00+00:00,2024-11-23 12:00:00+00:00,2024-11-27 12:00:00+00:00,-1,1.0857,1.2139391826783854,0.8292216346432295,1.0075,tempo,0.6097980224665035,0.599188316668454,384,96.0,0.1282391826783853
ADA,2024-12-02 16:30:00+00:00,2024-12-02 16:30:00+00:00,2024-12-06 16:30:00+00:00,1,1.2013,1.0754142904892126,1.453071419021575,1.2012,tempo,-0.0007943713419784136,-0.013199472811150179,384,96.0,0.12588570951078748
ADA,2024-12-09 10:45:00+00:00,2024-12-09 10:45:00+00:00,2024-12-09 21:00:00+00:00,1,1.1267,1.0404687188030193,1.2991625623939616,1.0404687188030193,stop,-1.0,-1.016335831355725,41,10.25,0.08623128119698076
ADA,2024-12-11 14:45:00+00:00,2024-12-11 14:45:00+00:00,2024-12-15 14:45:00+00:00,1,1.0765,0.9658815812352394,1.2977368375295213,1.0893,tempo,0.11571309862257385,0.10298673699383153,384,96.0,0.11061841876476064
ADA,2024-12-16 18:00:00+00:00,2024-12-16 18:00:00+00:00,2024-12-18 20:15:00+00:00,-1,1.1105,1.1881285162512407,0.9552429674975187,0.9552429674975187,alvo,2.0,1.9827030968294215,201,50.25,0.07762851625124068
ADA,2024-12-19 07:30:00+00:00,2024-12-19 07:30:00+00:00,2024-12-20 09:00:00+00:00,-1,0.9859,1.059381670218535,0.83893665956293,0.83893665956293,alvo,2.0,1.9838579631466147,102,25.5,0.07348167021853502
ADA,2024-12-21 18:30:00+00:00,2024-12-21 18:30:00+00:00,2024-12-25 18:30:00+00:00,-1,0.9079,1.0008420977192025,0.7220158045615951,0.9137,tempo,-0.06240444472775867,-0.07514398933732012,384,96.0,0.09294209771920248
ADA,2025-01-03 20:15:00+00:00,2025-01-03 20:15:00+00:00,2025-01-07 18:00:00+00:00,1,1.0953,1.0242780198470678,1.2373439603058642,1.0242780198470678,stop,-1.0,-1.0193985820999911,375,93.75,0.07102198015293215
ADA,2025-01-07 19:45:00+00:00,2025-01-07 19:45:00+00:00,2025-01-08 17:15:00+00:00,1,1.0104,0.9427516056772841,1.1456967886454317,0.9427516056772841,stop,-1.0,-1.018766868842945,86,21.5,0.06764839432271585
ADA,2025-01-10 18:15:00+00:00,2025-01-10 18:15:00+00:00,2025-01-12 01:45:00+00:00,-1,0.9479,1.0240276710097456,0.7956446579805088,1.0240276710097456,stop,-1.0,-1.016836886892182,126,31.5,0.0761276710097456
ADA,2025-01-13 20:30:00+00:00,2025-01-13 20:30:00+00:00,2025-01-15 03:00:00+00:00,1,0.9117,0.8519167192971588,1.0312665614056822,1.0312665614056822,alvo,2.0,1.978874891941926,122,30.5,0.05978328070284111
ADA,2025-01-15 17:00:00+00:00,2025-01-15 17:00:00+00:00,2025-01-16 16:15:00+00:00,-1,1.0538,1.128320138747594,0.9047597225048121,1.128320138747594,stop,-1.0,-1.019033486974442,93,23.25,0.074520138747594
ADA,2025-01-20 15:45:00+00:00,2025-01-20 15:45:00+00:00,2025-01-24 15:45:00+00:00,-1,1.0562,1.1441710787210977,0.8802578425578047,0.9882,tempo,0.7729813137290991,0.757875667426716,384,96.0,0.08797107872109766
ADA,2025-01-27 12:00:00+00:00,2025-01-27 12:00:00+00:00,2025-01-27 21:15:00+00:00,-1,0.8802,0.9389055291580473,0.7627889416839054,0.9389055291580473,stop,-1.0,-1.020141520073338,37,9.25,0.058705529158047276
ADA,2025-01-30 11:45:00+00:00,2025-01-30 11:45:00+00:00,2025-02-01 22:30:00+00:00,1,0.9619,0.8997080131704822,1.0862839736590355,0.8997080131704822,stop,-1.0,-1.019456609609174,235,58.75,0.062191986829517765
ADA,2025-02-04 15:15:00+00:00,2025-02-04 15:15:00+00:00,2025-02-08 15:15:00+00:00,-1,0.7603,0.8719051521215637,0.5370896957568725,0.6945,tempo,0.5895785163065644,0.5811056099754123,384,96.0,0.11160515212156374
ADA,2025-02-11 19:45:00+00:00,2025-02-11 19:45:00+00:00,2025-02-15 19:45:00+00:00,1,0.759,0.6957295548307844,0.8855408903384313,0.7873,tempo,0.4472862475412044,0.43140055245383946,384,96.0,0.06327044516921565
ADA,2025-02-17 00:45:00+00:00,2025-02-17 00:45:00+00:00,2025-02-17 15:15:00+00:00,-1,0.7823,0.827586122979346,0.691727754041308,0.827586122979346,stop,-1.0,-1.0231069897596186,58,14.5,0.04528612297934598
ADA,2025-02-18 13:15:00+00:00,2025-02-18 13:15:00+00:00,2025-02-18 16:45:00+00:00,1,0.7914,0.7425755289254184,0.8890489421491631,0.7425755289254184,stop,-1.0,-1.0204218104539922,14,3.5,0.048824471074581544
ADA,2025-02-19 04:00:00+00:00,2025-02-19 04:00:00+00:00,2025-02-23 04:00:00+00:00,1,0.752,0.7051566300251156,0.8456867399497687,0.769,tempo,0.3629115498973445,0.341806108496991,384,96.0,0.046843369974884363
ADA,2025-02-26 05:00:00+00:00,2025-02-26 05:00:00+00:00,2025-02-28 06:30:00+00:00,-1,0.6876,0.7385710515991306,0.5856578968017387,0.5856578968017387,alvo,2.0,1.9837629868924413,198,49.5,0.05097105159913062
ADA,2025-02-28 23:45:00+00:00,2025-02-28 23:45:00+00:00,2025-03-02 15:30:00+00:00,-1,0.635,0.6804049615116327,0.5441900769767347,0.6804049615116327,stop,-1.0,-1.0188308325019395,159,39.75,0.04540496151163265
ADA,2025-03-03 22:45:00+00:00,2025-03-03 22:45:00+00:00,2025-03-05 10:45:00+00:00,-1,0.8558,1.0057070998602877,0.5559858002794246,1.0057070998602877,stop,-1.0,-1.0080715297409988,144,36.0,0.14990709986028772
ADA,2025-03-05 15:45:00+00:00,2025-03-05 15:45:00+00:00,2025-03-09 15:45:00+00:00,-1,0.9414,1.095557024366999,0.6330859512660021,0.7591,tempo,1.1825604493117456,1.175390325183191,384,96.0,0.15415702436699896
ADA,2025-03-12 16:30:00+00:00,2025-03-12 16:30:00+00:00,2025-03-16 16:30:00+00:00,-1,0.7255,0.7967639324562784,0.5829721350874433,0.7115,tempo,0.19645281304942366,0.1833459023330798,384,96.0,0.07126393245627838
ADA,2025-03-17 01:00:00+00:00,2025-03-17 01:00:00+00:00,2025-03-21 01:00:00+00:00,-1,0.7144,0.7578864126598021,0.627427174680396,0.7221,tempo,-0.1770668015372456,-0.19853845079248797,384,96.0,0.04348641265980202
ADA,2025-03-21 08:15:00+00:00,2025-03-21 08:15:00+00:00,2025-03-25 08:15:00+00:00,-1,0.7148,0.7497874820356523,0.6448250359286954,0.738,tempo,-0.6630943025954019,-0.6900845272431126,384,96.0,0.03498748203565227
ADA,2025-03-25 13:00:00+00:00,2025-03-25 13:00:00+00:00,2025-03-28 04:45:00+00:00,1,0.7491,0.7190662082109959,0.8091675835780082,0.7190662082109959,stop,-1.0,-1.0317744772968205,255,63.75,0.030033791789004116
ADA,2025-03-30 13:00:00+00:00,2025-03-30 13:00:00+00:00,2025-04-01 00:00:00+00:00,-1,0.6746,0.7029903498962948,0.6178193002074103,0.6613,fim_dados,0.46846904136731776,0.43788347256764176,140,35.0,0.028390349896294853
DOGE,2023-01-04 01:30:00+00:00,2023-01-04 01:30:00+00:00,2023-01-08 01:30:00+00:00,1,0.07128,0.06894363305932995,0.07595273388134009,0.07173,tempo,0.19260673148839802,0.15281995896484019,384,96.0,0.0023363669406700482
DOGE,2023-01-10 15:45:00+00:00,2023-01-10 15:45:00+00:00,2023-01-12 03:15:00+00:00,-1,0.07639,0.07989832242137253,0.06937335515725494,0.07989832242137253,stop,-1.0,-1.0289561212946183,142,35.5,0.0035083224213725284
DOGE,2023-01-12 16:30:00+00:00,2023-01-12 16:30:00+00:00,2023-01-13 04:30:00+00:00,-1,0.07762,0.08148569416893922,0.06988861166212154,0.08148569416893922,stop,-1.0,-1.0267529444105479,48,12.0,0.0038656941689392266
DOGE,2023-01-21 16:00:00+00:00,2023-01-21 16:00:00+00:00,2023-01-25 16:00:00+00:00,1,0.08633,0.08101305041393797,0.09696389917212407,0.08381,tempo,-0.4739559702815296,-0.4947556784995472,384,96.0,0.005316949586062034
DOGE,2023-01-25 21:15:00+00:00,2023-01-25 21:15:00+00:00,2023-01-28 05:15:00+00:00,-1,0.08611,0.09142677575453984,0.07547644849092035,0.09142677575453984,stop,-1.0,-1.0217046777159853,224,56.0,0.005316775754539829
DOGE,2023-01-30 05:00:00+00:00,2023-01-30 05:00:00+00:00,2023-01-31 02:15:00+00:00,-1,0.08945,0.0937174924389097,0.0809150151221806,0.0937174924389097,stop,-1.0,-1.027899023089004,85,21.25,0.004267492438909698
DOGE,2023-02-01 04:45:00+00:00,2023-02-01 04:45:00+00:00,2023-02-05 04:45:00+00:00,1,0.09263,0.08593291895118173,0.10602416209763656,0.09518,tempo,0.38076289974868277,0.3625345851874396,384,96.0,0.006697081048818276
DOGE,2023-02-05 23:15:00+00:00,2023-02-05 23:15:00+00:00,2023-02-09 03:15:00+00:00,1,0.09223,0.08716356911929161,0.10236286176141679,0.08716356911929161,stop,-1.0,-1.0230153776244226,304,76.0,0.005066430880708392
DOGE,2023-02-10 07:15:00+00:00,2023-02-10 07:15:00+00:00,2023-02-14 07:15:00+00:00,1,0.0819,0.07780291944050723,0.09009416111898555,0.08163,tempo,-0.06590058361787077,-0.09184454504516558,384,96.0,0.0040970805594927745
DOGE,2023-02-15 04:15:00+00:00,2023-02-15 04:15:00+00:00,2023-02-16 00:30:00+00:00,-1,0.08534,0.09026254519615483,0.07549490960769034,0.09026254519615483,stop,-1.0,-1.0231875279614824,81,20.25,0.004922545196154829
DOGE,2023-02-17 14:30:00+00:00,2023-02-17 14:30:00+00:00,2023-02-21 14:30:00+00:00,1,0.0868,0.08218497360488848,0.09603005279022304,0.08637,tempo,-0.09317389830218056,-0.11756389965065173,384,96.0,0.004615026395111521
DOGE,2023-02-26 10:00:00+00:00,2023-02-26 10:00:00+00:00,2023-03-02 10:00:00+00:00,1,0.08154,0.07860666463413711,0.08740667073172578,0.0806,tempo,-0.3204543234092428,-0.3563830485139488,384,96.0,0.002933335365862891
DOGE,2023-03-06 19:15:00+00:00,2023-03-06 19:15:00+00:00,2023-03-07 15:15:00+00:00,1,0.07507,0.07246467735618721,0.08028064528762557,0.07246467735618721,stop,-1.0,-1.0368083164322326,80,20.0,0.002605322643812788
DOGE,2023-03-13 18:30:00+00:00,2023-03-13 18:30:00+00:00,2023-03-15 16:15:00+00:00,1,0.07265,0.06866598205045209,0.08061803589909584,0.06866598205045209,stop,-1.0,-1.0230559674921187,183,45.75,0.003984017949547919
DOGE,2023-03-16 22:15:00+00:00,2023-03-16 22:15:00+00:00,2023-03-20 22:15:00+00:00,1,0.07115,0.06698153010223717,0.07948693979552567,0.07161,tempo,0.11035224225725244,0.08809131623981822,384,96.0,0.00416846989776283
DOGE,2023-03-21 05:30:00+00:00,2023-03-21 05:30:00+00:00,2023-03-25 05:30:00+00:00,1,0.0719,0.06800118261769938,0.07969763476460125,0.07509,tempo,0.8181968241143005,0.7936910597679793,384,96.0,0.0038988173823006206
DOGE,2023-03-29 03:00:00+00:00,2023-03-29 03:00:00+00:00,2023-03-31 22:45:00+00:00,-1,0.07402,0.07712803819758084,0.06780392360483833,0.07712803819758084,stop,-1.0,-1.0316103659552505,271,67.75,0.003108038197580834
DOGE,2023-04-04 21:15:00+00:00,2023-04-04 21:15:00+00:00,2023-04-08 21:15:00+00:00,-1,0.09834,0.11066809434896492,0.07368381130207015,0.08119,tempo,1.3911314688664695,1.3816657317706307,384,96.0,0.012328094348964924
DOGE,2023-04-11 18:30:00+00:00,2023-04-11 18:30:00+00:00,2023-04-12 02:30:00+00:00,1,0.08458,0.08000082870668503,0.09373834258662996,0.08000082870668503,stop,-1.0,-1.023361768277924,32,8.0,0.004579171293314976
DOGE,2023-04-18 12:45:00+00:00,2023-04-18 12:45:00+00:00,2023-04-20 19:15:00+00:00,-1,0.09331,0.09857552750602433,0.08277894498795135,0.08277894498795135,alvo,2.0,1.9782628019488615,218,54.5,0.005265527506024326
DOGE,2023-04-23 04:45:00+00:00,2023-04-23 04:45:00+00:00,2023-04-26 20:15:00+00:00,1,0.08018,0.07565948404444263,0.08922103191111475,0.07565948404444263,stop,-1.0,-1.022407987412224,350,87.5,0.004520515955557372
DOGE,2023-04-26 20:30:00+00:00,2023-04-26 20:30:00+00:00,2023-04-30 20:30:00+00:00,1,0.076,0.07221043133790846,0.08357913732418308,0.07961,tempo,0.9526150129201164,0.9259242443870626,384,96.0,0.0037895686620915414
DOGE,2023-05-04 00:30:00+00:00,2023-05-04 00:30:00+00:00,2023-05-05 12:45:00+00:00,1,0.07952,0.07714136208898492,0.08427727582203014,0.07714136208898492,stop,-1.0,-1.0428101666446512,145,36.25,0.002378637911015072
DOGE,2023-05-07 11:00:00+00:00,2023-05-07 11:00:00+00:00,2023-05-08 02:00:00+00:00,-1,0.07705,0.07906467035393415,0.07302065929213168,0.07302065929213168,alvo,2.0,1.9515821889425224,60,15.0,0.002014670353934156
DOGE,2023-05-10 17:30:00+00:00,2023-05-10 17:30:00+00:00,2023-05-14 17:30:00+00:00,-1,0.07154,0.0740874448372447,0.0664451103255106,0.07215,tempo,-0.23945562670545265,-0.27611922728061533,384,96.0,0.0025474448372447
DOGE,2023-05-28 05:15:00+00:00,2023-05-28 05:15:00+00:00,2023-05-31 14:15:00+00:00,1,0.07259,0.07092996929481961,0.07591006141036079,0.07092996929481961,stop,-1.0,-1.0561965388655237,324,81.0,0.001660030705180393
DOGE,2023-06-02 11:30:00+00:00,2023-06-02 11:30:00+00:00,2023-06-05 15:30:00+00:00,1,0.07207,0.07062364597233688,0.07496270805532623,0.07062364597233688,stop,-1.0,-1.0641273630854244,304,76.0,0.0014463540276631187
DOGE,2023-06-07 12:00:00+00:00,2023-06-07 12:00:00+00:00,2023-06-10 04:30:00+00:00,1,0.06818,0.06557554614910929,0.07338890770178143,0.06557554614910929,stop,-1.0,-1.033381703026601,258,64.5,0.0026044538508907117
DOGE,2023-06-12 21:30:00+00:00,2023-06-12 21:30:00+00:00,2023-06-16 21:30:00+00:00,1,0.06148,0.05611386535924926,0.07221226928150148,0.06193,tempo,0.08385924508540521,0.06891058923341983,384,96.0,0.005366134640750739
DOGE,2023-06-24 20:45:00+00:00,2023-06-24 20:45:00+00:00,2023-06-26 17:00:00+00:00,1,0.06651,0.06374126136592478,0.07204747726815043,0.06374126136592478,stop,-1.0,-1.0305782997520563,177,44.25,0.0027687386340752157
DOGE,2023-06-29 17:15:00+00:00,2023-06-29 17:15:00+00:00,2023-06-30 03:45:00+00:00,-1,0.06303,0.06534793284441993,0.05839413431116014,0.06534793284441993,stop,-1.0,-1.036000031903321,42,10.5,0.0023179328444199315
DOGE,2023-07-04 05:00:00+00:00,2023-07-04 05:00:00+00:00,2023-07-05 10:45:00+00:00,1,0.06857,0.06538154613956072,0.07494690772087857,0.06538154613956072,stop,-1.0,-1.0273074376490174,119,29.75,0.003188453860439283
DOGE,2023-07-05 18:45:00+00:00,2023-07-05 18:45:00+00:00,2023-07-09 18:45:00+00:00,-1,0.06657,0.06961000411077677,0.06048999177844648,0.06565,tempo,0.3026311697206659,0.27436048426490167,384,96.0,0.0030400041107767617
DOGE,2023-07-16 06:15:00+00:00,2023-07-16 06:15:00+00:00,2023-07-20 06:15:00+00:00,1,0.07052,0.06627550031088043,0.07900899937823913,0.07059,tempo,0.016491931941811658,-0.005117564281057838,384,96.0,0.004244499689119566
DOGE,2023-07-21 04:00:00+00:00,2023-07-21 04:00:00+00:00,2023-07-21 13:15:00+00:00,-1,0.07169,0.0756163842263642,0.06383723154727161,0.0756163842263642,stop,-1.0,-1.024386087613183,37,9.25,0.003926384226364196
DOGE,2023-07-22 14:30:00+00:00,2023-07-22 14:30:00+00:00,2023-07-25 16:45:00+00:00,1,0.0717,0.06797526627517411,0.07914946744965178,0.07914946744965178,alvo,2.0,1.9736753923673143,297,74.25,0.0037247337248258877
DOGE,2023-07-28 12:30:00+00:00,2023-07-28 12:30:00+00:00,2023-07-29 19:00:00+00:00,-1,0.07674,0.08087769962378723,0.06846460075242555,0.08087769962378723,stop,-1.0,-1.0247604983615723,122,30.5,0.004137699623787225
DOGE,2023-08-06 22:45:00+00:00,2023-08-06 22:45:00+00:00,2023-08-10 22:45:00+00:00,-1,0.07503,0.07759265307697218,0.06990469384605565,0.07574,tempo,-0.27705662010203924,-0.31529843319825024,384,96.0,0.0025626530769721767
DOGE,2023-08-11 20:00:00+00:00,2023-08-11 20:00:00+00:00,2023-08-15 14:15:00+00:00,1,0.07538,0.07344610608806348,0.07924778782387304,0.07344610608806348,stop,-1.0,-1.050021859193079,361,90.25,0.0019338939119365184
DOGE,2023-08-16 19:00:00+00:00,2023-08-16 19:00:00+00:00,2023-08-17 16:15:00+00:00,-1,0.06934,0.07170186592046329,0.06461626815907341,0.06461626815907341,alvo,2.0,1.963134412690828,85,21.25,0.0023618659204632936
DOGE,2023-08-18 07:15:00+00:00,2023-08-18 07:15:00+00:00,2023-08-22 07:15:00+00:00,-1,0.06201,0.06998727648804463,0.04605544702391074,0.06308,tempo,-0.13413099089690322,-0.14432350461030594,384,96.0,0.007977276488044631
DOGE,2023-09-03 12:45:00+00:00,2023-09-03 12:45:00+00:00,2023-09-07 12:45:00+00:00,1,0.06346,0.06152618593106328,0.06732762813787345,0.06287,tempo,-0.3050965495997292,-0.3475590082812659,384,96.0,0.0019338140689367234
DOGE,2023-09-10 08:30:00+00:00,2023-09-10 08:30:00+00:00,2023-09-11 10:30:00+00:00,1,0.06187,0.060189006976995106,0.0652319860460098,0.060189006976995106,stop,-1.0,-1.0471973134030168,104,26.0,0.0016809930230048953
DOGE,2023-09-12 12:15:00+00:00,2023-09-12 12:15:00+00:00,2023-09-16 12:15:00+00:00,-1,0.06185,0.06367899105337915,0.0581920178932417,0.06232,tempo,-0.2569722794059874,-0.30110070739959804,384,96.0,0.0018289910533791504
DOGE,2023-09-22 03:00:00+00:00,2023-09-22 03:00:00+00:00,2023-09-26 03:00:00+00:00,-1,0.06146,0.0627353612570993,0.058909277485801395,0.06104,tempo,0.32931845597635356,0.2668851653641704,384,96.0,0.0012753612570993028
DOGE,2023-10-07 01:15:00+00:00,2023-10-07 01:15:00+00:00,2023-10-09 10:00:00+00:00,-1,0.06152,0.06259956887440432,0.05936086225119135,0.05936086225119135,alvo,2.0,1.9272185755571838,227,56.75,0.0010795688744043228
DOGE,2023-10-10 06:45:00+00:00,2023-10-10 06:45:00+00:00,2023-10-14 06:45:00+00:00,-1,0.05902,0.06015915900437138,0.056741681991257245,0.05834,tempo,0.5969315937376484,0.5299664030072325,384,96.0,0.001139159004371379
DOGE,2023-10-19 11:45:00+00:00,2023-10-19 11:45:00+00:00,2023-10-21 13:30:00+00:00,1,0.0582,0.056919442238549736,0.06076111552290053,0.06076111552290053,alvo,2.0,1.9396163707583849,199,49.75,0.0012805577614502656
DOGE,2023-10-23 20:30:00+00:00,2023-10-23 20:30:00+00:00,2023-10-24 00:15:00+00:00,1,0.06425,0.062293459843835795,0.06816308031232841,0.06816308031232841,alvo,2.0,1.9560098462932902,15,3.75,0.0019565401561642062
DOGE,2023-10-25 23:00:00+00:00,2023-10-25 23:00:00+00:00,2023-10-29 23:00:00+00:00,1,0.06895,0.06521764972852802,0.07641470054294396,0.06981,tempo,0.23041781650917492,0.20625234611123477,384,96.0,0.003732350271471979
DOGE,2023-10-30 12:30:00+00:00,2023-10-30 12:30:00+00:00,2023-10-31 15:30:00+00:00,1,0.06995,0.06684725014735529,0.07615549970528941,0.06684725014735529,stop,-1.0,-1.0286578734408736,108,27.0,0.0031027498526447067
DOGE,2023-11-02 04:00:00+00:00,2023-11-02 04:00:00+00:00,2023-11-02 16:45:00+00:00,1,0.06959,0.06670572824069475,0.0753585435186105,0.06670572824069475,stop,-1.0,-1.0307156297150692,51,12.75,0.0028842717593052514
DOGE,2023-11-04 08:15:00+00:00,2023-11-04 08:15:00+00:00,2023-11-06 12:45:00+00:00,1,0.06882,0.06632343649315377,0.07381312701369248,0.07381312701369248,alvo,2.0,1.9628643404004502,210,52.5,0.002496563506846239
DOGE,2023-11-07 12:45:00+00:00,2023-11-07 12:45:00+00:00,2023-11-09 16:15:00+00:00,1,0.07384,0.07015983432512682,0.08120033134974637,0.07015983432512682,stop,-1.0,-1.025433608315625,206,51.5,0.0036801656748731842
DOGE,2023-11-14 11:15:00+00:00,2023-11-14 11:15:00+00:00,2023-11-16 08:00:00+00:00,-1,0.0738,0.07834261337137421,0.06471477325725158,0.07834261337137421,stop,-1.0,-1.021770001232017,179,44.75,0.00454261337137421
DOGE,2023-11-18 07:00:00+00:00,2023-11-18 07:00:00+00:00,2023-11-21 15:15:00+00:00,1,0.08178,0.07525894146683675,0.09482211706632653,0.07525894146683675,stop,-1.0,-1.0156531813714496,321,80.25,0.00652105853316326
DOGE,2023-11-25 10:45:00+00:00,2023-11-25 10:45:00+00:00,2023-11-29 10:45:00+00:00,1,0.07797,0.07454259803511039,0.08482480392977922,0.07963,tempo,0.48433186915485543,0.45444334103664874,384,96.0,0.0034274019648896092
DOGE,2023-11-29 17:30:00+00:00,2023-11-29 17:30:00+00:00,2023-12-01 06:45:00+00:00,-1,0.0812,0.08460494684912273,0.07439010630175452,0.08460494684912273,stop,-1.0,-1.0316519523585799,149,37.25,0.0034049468491227364
DOGE,2023-12-03 21:00:00+00:00,2023-12-03 21:00:00+00:00,2023-12-04 04:30:00+00:00,-1,0.08492,0.08780489377559203,0.07915021244881593,0.08780489377559203,stop,-1.0,-1.03891692023603,30,7.5,0.0028848937755920345
DOGE,2023-12-04 22:00:00+00:00,2023-12-04 22:00:00+00:00,2023-12-06 05:00:00+00:00,1,0.08925,0.08524993419408719,0.09725013161182561,0.09725013161182561,alvo,2.0,1.969694227187839,124,31.0,0.004000065805912806
DOGE,2023-12-07 22:45:00+00:00,2023-12-07 22:45:00+00:00,2023-12-08 21:15:00+00:00,-1,0.09434,0.10104099726382972,0.08093800547234055,0.10104099726382972,stop,-1.0,-1.0189520519441173,90,22.5,0.006700997263829722
DOGE,2023-12-10 15:30:00+00:00,2023-12-10 15:30:00+00:00,2023-12-11 02:00:00+00:00,-1,0.1006,0.10705694901979218,0.08768610196041562,0.10705694901979218,stop,-1.0,-1.0209041478334622,42,10.5,0.006456949019792185
DOGE,2023-12-17 05:15:00+00:00,2023-12-17 05:15:00+00:00,2023-12-18 08:15:00+00:00,1,0.09587,0.09064180236356062,0.10632639527287875,0.09064180236356062,stop,-1.0,-1.023188234257127,108,27.0,0.005228197636439377
DOGE,2023-12-20 00:15:00+00:00,2023-12-20 00:15:00+00:00,2023-12-24 00:15:00+00:00,1,0.09051,0.08609739855609536,0.09933520288780927,0.09346,tempo,0.6685398709813235,0.6414400974078042,384,96.0,0.004412601443904637
DOGE,2023-12-27 00:00:00+00:00,2023-12-27 00:00:00+00:00,2023-12-29 22:30:00+00:00,1,0.09144,0.0877064186229862,0.09890716275402758,0.0877064186229862,stop,-1.0,-1.0311885989205563,282,70.5,0.003733581377013795
DOGE,2023-12-30 23:45:00+00:00,2023-12-30 23:45:00+00:00,2024-01-02 01:00:00+00:00,-1,0.09015,0.09324190464989364,0.0839661907002127,0.09324190464989364,stop,-1.0,-1.038553820871071,197,49.25,0.0030919046498936453
DOGE,2024-01-02 06:15:00+00:00,2024-01-02 06:15:00+00:00,2024-01-03 12:15:00+00:00,-1,0.09299,0.0956600557931342,0.0876498884137316,0.0876498884137316,alvo,2.0,1.9560249161194123,120,30.0,0.0026700557931342017
DOGE,2024-01-17 12:30:00+00:00,2024-01-17 12:30:00+00:00,2024-01-18 20:00:00+00:00,1,0.08048,0.07723820970155523,0.08696358059688952,0.07723820970155523,stop,-1.0,-1.0316235249254688,126,31.5,0.0032417902984447633
DOGE,2024-01-19 10:45:00+00:00,2024-01-19 10:45:00+00:00,2024-01-19 16:45:00+00:00,1,0.07805,0.07526762003941212,0.08361475992117574,0.07526762003941212,stop,-1.0,-1.0358169820215934,24,6.0,0.0027823799605878746
DOGE,2024-01-23 17:30:00+00:00,2024-01-23 17:30:00+00:00,2024-01-27 17:30:00+00:00,-1,0.07746,0.08169444702358328,0.06899110595283345,0.07955,tempo,-0.4935709405171383,-0.5176724346276107,384,96.0,0.0042344470235832765
DOGE,2024-01-31 13:15:00+00:00,2024-01-31 13:15:00+00:00,2024-02-04 13:15:00+00:00,1,0.07909,0.0763805119770319,0.08450897604593618,0.07904,tempo,-0.018453670795422907,-0.056388697312869995,384,96.0,0.0027094880229680957
DOGE,2024-02-05 08:00:00+00:00,2024-02-05 08:00:00+00:00,2024-02-08 15:00:00+00:00,-1,0.07874,0.08065215573904974,0.07491568852190053,0.08065215573904974,stop,-1.0,-1.054182250490679,316,79.0,0.0019121557390497368
DOGE,2024-02-11 16:45:00+00:00,2024-02-11 16:45:00+00:00,2024-02-14 17:15:00+00:00,-1,0.08197,0.08375245270884306,0.07840509458231389,0.08375245270884306,stop,-1.0,-1.0604333532813142,290,72.5,0.0017824527088430575
DOGE,2024-02-17 19:30:00+00:00,2024-02-17 19:30:00+00:00,2024-02-19 02:30:00+00:00,-1,0.08333,0.08617795233837387,0.07763409532325226,0.08617795233837387,stop,-1.0,-1.0386875045397894,124,31.0,0.0028479523383738714
DOGE,2024-02-20 19:30:00+00:00,2024-02-20 19:30:00+00:00,2024-02-24 19:30:00+00:00,1,0.08471,0.08090356866660653,0.09232286266678692,0.08595,tempo,0.3257644474291711,0.29662192776072727,384,96.0,0.0038064313333934646
DOGE,2024-02-25 19:15:00+00:00,2024-02-25 19:15:00+00:00,2024-02-27 08:00:00+00:00,1,0.08634,0.08355801476277265,0.0919039704744547,0.0919039704744547,alvo,2.0,1.9583539915100825,147,36.75,0.0027819852372273496
DOGE,2024-02-28 02:45:00+00:00,2024-02-28 02:45:00+00:00,2024-02-28 16:30:00+00:00,-1,0.09648,0.10193685918873849,0.08556628162252301,0.10193685918873849,stop,-1.0,-1.0236346502652738,55,13.75,0.0054568591887384915
DOGE,2024-03-01 18:00:00+00:00,2024-03-01 18:00:00+00:00,2024-03-02 00:45:00+00:00,-1,0.13199,0.14834498324932616,0.09928003350134768,0.14834498324932616,stop,-1.0,-1.0111414201001747,27,6.75,0.01635498324932616
DOGE,2024-03-02 12:15:00+00:00,2024-03-02 12:15:00+00:00,2024-03-03 07:30:00+00:00,1,0.14249,0.12450538352292063,0.17845923295415875,0.12450538352292063,stop,-1.0,-1.0096497470219103,77,19.25,0.01798461647707937
DOGE,2024-03-03 18:15:00+00:00,2024-03-03 18:15:00+00:00,2024-03-04 16:15:00+00:00,1,0.14101,0.12414799114738033,0.17473401770523933,0.17473401770523933,alvo,2.0,1.9878286381354544,88,22.0,0.016862008852619667
DOGE,2024-03-05 11:45:00+00:00,2024-03-05 11:45:00+00:00,2024-03-05 20:00:00+00:00,-1,0.18082,0.20881590512594636,0.1248281897481073,0.1248281897481073,alvo,2.0,1.992903557772378,33,8.25,0.027995905125946352
DOGE,2024-03-11 09:00:00+00:00,2024-03-11 09:00:00+00:00,2024-03-15 09:00:00+00:00,-1,0.17581,0.19651024458746907,0.13440951082506183,0.15908,tempo,0.8082030108053662,0.7976872654923001,384,96.0,0.02070024458746908
DOGE,2024-03-19 03:00:00+00:00,2024-03-19 03:00:00+00:00,2024-03-20 20:00:00+00:00,-1,0.13578,0.14875151154797178,0.10983697690405647,0.14875151154797178,stop,-1.0,-1.0142578204415276,164,41.0,0.01297151154797177
DOGE,2024-03-24 05:15:00+00:00,2024-03-24 05:15:00+00:00,2024-03-25 15:15:00+00:00,-1,0.16912,0.18554583672786168,0.13626832654427662,0.18554583672786168,stop,-1.0,-1.0140347671593544,136,34.0,0.016425836727861687
DOGE,2024-03-28 16:30:00+00:00,2024-03-28 16:30:00+00:00,2024-04-01 16:30:00+00:00,-1,0.22039,0.24092135090000766,0.1793272981999847,0.20202,tempo,0.8947292406362383,0.8813562043787995,384,96.0,0.020531350900007656
DOGE,2024-04-05 02:30:00+00:00,2024-04-05 02:30:00+00:00,2024-04-08 07:30:00+00:00,1,0.17655,0.16212934563030057,0.2053913087393989,0.2053913087393989,alvo,2.0,1.982784286737899,308,77.0,0.014420654369699443
DOGE,2024-04-10 06:15:00+00:00,2024-04-10 06:15:00+00:00,2024-04-12 17:30:00+00:00,1,0.18981,0.17821654777349977,0.21299690445300049,0.17821654777349977,stop,-1.0,-1.0206338242810864,237,59.25,0.01159345222650024
DOGE,2024-04-15 11:45:00+00:00,2024-04-15 11:45:00+00:00,2024-04-19 11:45:00+00:00,-1,0.16248,0.182632888400968,0.12217422319806404,0.15397,tempo,0.4222719756435144,0.41206537419227424,384,96.0,0.02015288840096799
DOGE,2024-04-21 14:45:00+00:00,2024-04-21 14:45:00+00:00,2024-04-25 14:45:00+00:00,-1,0.15938,0.1718998570162912,0.13434028596741757,0.14989,tempo,0.7579958770816093,0.7419393438689361,384,96.0,0.012519857016291214
DOGE,2024-04-28 06:30:00+00:00,2024-04-28 06:30:00+00:00,2024-04-29 06:45:00+00:00,1,0.14949,0.14235068171536616,0.1637686365692677,0.14235068171536616,stop,-1.0,-1.026570666210985,97,24.25,0.00713931828463385
DOGE,2024-05-04 21:15:00+00:00,2024-05-04 21:15:00+00:00,2024-05-08 21:15:00+00:00,-1,0.16273,0.174561986779559,0.13906602644088203,0.14342,tempo,1.632016698443248,1.615198094458346,384,96.0,0.01183198677955899
DOGE,2024-05-10 15:00:00+00:00,2024-05-10 15:00:00+00:00,2024-05-13 03:00:00+00:00,1,0.14471,0.13670256466940725,0.16072487066118551,0.13670256466940725,stop,-1.0,-1.0228435397206728,240,60.0,0.008007435330592755
DOGE,2024-05-16 06:30:00+00:00,2024-05-16 06:30:00+00:00,2024-05-20 06:30:00+00:00,-1,0.15599,0.16491116860757035,0.13814766278485927,0.15177,tempo,0.4730321985416772,0.450608678843793,384,96.0,0.008921168607570362
DOGE,2024-05-20 13:30:00+00:00,2024-05-20 13:30:00+00:00,2024-05-20 23:00:00+00:00,1,0.15108,0.14462920888423195,0.16398158223153608,0.16398158223153608,alvo,2.0,1.9682535018146972,38,9.5,0.006450791115768045
DOGE,2024-05-24 02:45:00+00:00,2024-05-24 02:45:00+00:00,2024-05-28 02:45:00+00:00,1,0.15897,0.14848820876375354,0.17993358247249291,0.16608,tempo,0.6783191765366723,0.6581620778845472,384,96.0,0.010481791236246457
DOGE,2024-05-30 00:15:00+00:00,2024-05-30 00:15:00+00:00,2024-05-31 16:15:00+00:00,1,0.1645,0.15563829147990574,0.18222341704018855,0.15563829147990574,stop,-1.0,-1.023481915365427,160,40.0,0.008861708520094269
DOGE,2024-06-06 15:00:00+00:00,2024-06-06 15:00:00+00:00,2024-06-06 20:15:00+00:00,1,0.16374,0.158512728037043,0.174194543925914,0.158512728037043,stop,-1.0,-1.040071432041119,21,5.25,0.0052272719629569975
DOGE,2024-06-07 19:15:00+00:00,2024-06-07 19:15:00+00:00,2024-06-11 19:15:00+00:00,-1,0.14717,0.15900659852430044,0.12349680295139912,0.13749,tempo,0.8178025114332494,0.802170571258871,384,96.0,0.01183659852430044
DOGE,2024-06-12 03:45:00+00:00,2024-06-12 03:45:00+00:00,2024-06-12 13:15:00+00:00,-1,0.13839,0.14578254800976334,0.12360490398047336,0.14578254800976334,stop,-1.0,-1.0249862640002334,38,9.5,0.007392548009763328
DOGE,2024-06-23 08:45:00+00:00,2024-06-23 08:45:00+00:00,2024-06-24 05:15:00+00:00,1,0.12489,0.11929198908089246,0.13608602183821508,0.11929198908089246,stop,-1.0,-1.0283526229577065,82,20.5,0.0055980109191075406
DOGE,2024-06-24 15:45:00+00:00,2024-06-24 15:45:00+00:00,2024-06-25 03:30:00+00:00,-1,0.1173,0.12306327236238554,0.10577345527522893,0.12306327236238554,stop,-1.0,-1.0271089265284838,47,11.75,0.005763272362385538
DOGE,2024-06-26 15:00:00+00:00,2024-06-26 15:00:00+00:00,2024-06-30 15:00:00+00:00,-1,0.12418,0.12993587357526373,0.11266825284947253,0.12218,tempo,0.3474711481842027,0.3196501757625382,384,96.0,0.005755873575263734
DOGE,2024-07-04 10:00:00+00:00,2024-07-04 10:00:00+00:00,2024-07-04 13:00:00+00:00,1,0.1117,0.10723030457180698,0.12063939085638603,0.10723030457180698,stop,-1.0,-1.03183767222126,12,3.0,0.0044696954281930185
DOGE,2024-07-08 03:15:00+00:00,2024-07-08 03:15:00+00:00,2024-07-12 03:15:00+00:00,1,0.10212,0.09497283819079493,0.11641432361841016,0.10654,tempo,0.618427302752167,0.5994506790768335,384,96.0,0.007147161809205077
DOGE,2024-07-13 12:30:00+00:00,2024-07-13 12:30:00+00:00,2024-07-14 22:00:00+00:00,-1,0.10984,0.11481534384538686,0.09988931230922626,0.11481534384538686,stop,-1.0,-1.0293499259623828,134,33.5,0.004975343845386865
DOGE,2024-07-15 19:15:00+00:00,2024-07-15 19:15:00+00:00,2024-07-16 00:15:00+00:00,-1,0.12125,0.1264882544253749,0.1107734911492502,0.1264882544253749,stop,-1.0,-1.0307411309760826,20,5.0,0.0052382544253749
DOGE,2024-07-20 12:00:00+00:00,2024-07-20 12:00:00+00:00,2024-07-20 15:15:00+00:00,-1,0.12591,0.13168874828296895,0.11435250343406209,0.13168874828296895,stop,-1.0,-1.0289749921929294,13,3.25,0.005778748282968954
DOGE,2024-07-27 00:00:00+00:00,2024-07-27 00:00:00+00:00,2024-07-31 00:00:00+00:00,-1,0.13416,0.14156972832390216,0.11934054335219568,0.12542,tempo,1.1795304251313337,1.1567594148291442,384,96.0,0.007409728323902159
DOGE,2024-08-02 15:30:00+00:00,2024-08-02 15:30:00+00:00,2024-08-04 17:45:00+00:00,-1,0.1114,0.11760581324408685,0.0989883735118263,0.0989883735118263,alvo,2.0,1.9779638159570803,201,50.25,0.006205813244086852
DOGE,2024-08-07 19:00:00+00:00,2024-08-07 19:00:00+00:00,2024-08-11 19:00:00+00:00,1,0.09561,0.08617774774525594,0.11447450450948812,0.10462,tempo,0.9552331465126285,0.9414347984102927,384,96.0,0.009432252254744061
DOGE,2024-08-13 05:15:00+00:00,2024-08-13 05:15:00+00:00,2024-08-17 05:15:00+00:00,-1,0.10468,0.11155363489540811,0.09093273020918377,0.10078,tempo,0.5673853876942708,0.5479562207349934,384,96.0,0.006873634895408112
DOGE,2024-08-18 03:45:00+00:00,2024-08-18 03:45:00+00:00,2024-08-21 20:00:00+00:00,-1,0.10213,0.10675499701745245,0.0928800059650951,0.10675499701745245,stop,-1.0,-1.0293568293231317,353,88.25,0.004624997017452448
DOGE,2024-08-30 09:15:00+00:00,2024-08-30 09:15:00+00:00,2024-08-30 16:30:00+00:00,1,0.10123,0.09691766285908758,0.10985467428182484,0.09691766285908758,stop,-1.0,-1.02986686259673,29,7.25,0.00431233714091242
DOGE,2024-09-01 13:45:00+00:00,2024-09-01 13:45:00+00:00,2024-09-05 13:45:00+00:00,-1,0.09837,0.10197609740029216,0.09115780519941567,0.09786,tempo,0.14142712838501723,0.1060566195380665,384,96.0,0.003606097400292163
DOGE,2024-09-06 20:30:00+00:00,2024-09-06 20:30:00+00:00,2024-09-09 09:15:00+00:00,1,0.09075,0.08685574887230633,0.09853850225538732,0.09853850225538732,alvo,2.0,1.9684053435611715,243,60.75,0.0038942511276936626
DOGE,2024-09-09 15:45:00+00:00,2024-09-09 15:45:00+00:00,2024-09-09 16:30:00+00:00,-1,0.09862,0.1022536852930121,0.0913526294139758,0.1022536852930121,stop,-1.0,-1.0359326372296334,3,0.75,0.0036336852930120983
DOGE,2024-09-16 05:45:00+00:00,2024-09-16 05:45:00+00:00,2024-09-20 05:45:00+00:00,1,0.10142,0.09775391243028292,0.10875217513943415,0.10646,tempo,1.3747625784042452,1.3379053027853685,384,96.0,0.0036660875697170775
DOGE,2024-09-22 08:00:00+00:00,2024-09-22 08:00:00+00:00,2024-09-22 22:15:00+00:00,1,0.10788,0.10419775797716295,0.11524448404567411,0.10419775797716295,stop,-1.0,-1.037436578538351,57,14.25,0.003682242022837054
DOGE,2024-09-26 11:00:00+00:00,2024-09-26 11:00:00+00:00,2024-09-26 17:15:00+00:00,-1,0.11494,0.11953320457757402,0.10575359084485196,0.11953320457757402,stop,-1.0,-1.0331811005587563,25,6.25,0.00459320457757402
DOGE,2024-10-09 05:45:00+00:00,2024-10-09 05:45:00+00:00,2024-10-10 14:45:00+00:00,1,0.10925,0.10437866792978368,0.11899266414043265,0.10437866792978368,stop,-1.0,-1.0285052696373034,132,33.0,0.004871332070216325
DOGE,2024-10-12 15:00:00+00:00,2024-10-12 15:00:00+00:00,2024-10-14 15:00:00+00:00,-1,0.11154,0.11579351228920608,0.10303297542158785,0.11579351228920608,stop,-1.0,-1.0347399450009735,192,48.0,0.004253512289206077
DOGE,2024-10-21 00:00:00+00:00,2024-10-21 00:00:00+00:00,2024-10-23 18:15:00+00:00,1,0.1421,0.13332487771469997,0.15965024457060006,0.13332487771469997,stop,-1.0,-1.0204015584847697,265,66.25,0.00877512228530003
DOGE,2024-10-26 21:15:00+00:00,2024-10-26 21:15:00+00:00,2024-10-28 18:15:00+00:00,1,0.13659,0.1289238752407556,0.15192224951848876,0.15192224951848876,alvo,2.0,1.9755374497446214,180,45.0,0.007666124759244386
DOGE,2024-10-29 22:30:00+00:00,2024-10-29 22:30:00+00:00,2024-11-02 22:30:00+00:00,-1,0.17456,0.186688144579047,0.15030371084190597,0.15923,tempo,1.2640020821061617,1.2461128247192705,384,96.0,0.012128144579047012
DOGE,2024-11-04 23:30:00+00:00,2024-11-04 23:30:00+00:00,2024-11-06 00:45:00+00:00,1,0.15693,0.14513939342739396,0.18051121314521204,0.18051121314521204,alvo,2.0,1.9813973278479167,101,25.25,0.011790606572606027
DOGE,2024-11-07 20:30:00+00:00,2024-11-07 20:30:00+00:00,2024-11-10 05:00:00+00:00,1,0.19204,0.17191588344203085,0.23228823311593827,0.23228823311593827,alvo,2.0,1.9862943870986407,226,56.5,0.02012411655796914
DOGE,2024-11-10 13:00:00+00:00,2024-11-10 13:00:00+00:00,2024-11-10 19:00:00+00:00,1,0.24647,0.22340607021463102,0.2925978595707379,0.2925978595707379,alvo,1.999999999999999,1.984807701376923,24,6.0,0.023063929785368975
DOGE,2024-11-12 21:00:00+00:00,2024-11-12 21:00:00+00:00,2024-11-16 21:00:00+00:00,1,0.37803,0.3105874951514386,0.5129150096971228,0.36622,tempo,-0.17511211996824141,-0.18228508160550952,384,96.0,0.0674425048485614
DOGE,2024-11-22 13:15:00+00:00,2024-11-22 13:15:00+00:00,2024-11-23 04:30:00+00:00,1,0.40632,0.37006352113842383,0.4788329577231524,0.4788329577231524,alvo,2.0,1.9841311279918639,61,15.25,0.03625647886157618
DOGE,2024-11-23 12:00:00+00:00,2024-11-23 12:00:00+00:00,2024-11-26 11:15:00+00:00,-1,0.46988,0.5186852836105952,0.3722694327788097,0.3722694327788097,alvo,2.0,1.9887840600277265,285,71.25,0.04880528361059516
DOGE,2024-12-02 16:30:00+00:00,2024-12-02 16:30:00+00:00,2024-12-03 14:00:00+00:00,1,0.42808,0.39237625561845113,0.4994874887630978,0.39237625561845113,stop,-1.0,-1.0149367125322462,86,21.5,0.035703744381548885
DOGE,2024-12-09 10:45:00+00:00,2024-12-09 10:45:00+00:00,2024-12-09 21:15:00+00:00,1,0.43448,0.40241432258490284,0.49861135483019425,0.40241432258490284,stop,-1.0,-1.0169645974615857,42,10.5,0.03206567741509714
DOGE,2024-12-11 14:45:00+00:00,2024-12-11 14:45:00+00:00,2024-12-15 14:45:00+00:00,1,0.40465,0.36768219503846766,0.4785856099230647,0.40288,tempo,-0.0478794995224035,-0.06207819215633701,384,96.0,0.03696780496153235
DOGE,2024-12-16 18:00:00+00:00,2024-12-16 18:00:00+00:00,2024-12-18 20:15:00+00:00,-1,0.40908,0.43176984194850865,0.3637003161029827,0.3637003161029827,alvo,2.0,1.9778620227233468,201,50.25,0.02268984194850865
DOGE,2024-12-19 07:30:00+00:00,2024-12-19 07:30:00+00:00,2024-12-19 18:00:00+00:00,-1,0.36352,0.38682732405784004,0.31690535188431995,0.31690535188431995,alvo,2.0,1.9810241416978096,42,10.5,0.02330732405784003
DOGE,2024-12-21 18:30:00+00:00,2024-12-21 18:30:00+00:00,2024-12-25 18:30:00+00:00,-1,0.32198,0.3574992273520866,0.25094154529582674,0.33125,tempo,-0.2609854068082768,-0.27293948159124237,384,96.0,0.035519227352086624
DOGE,2025-01-03 20:15:00+00:00,2025-01-03 20:15:00+00:00,2025-01-07 18:45:00+00:00,1,0.37598,0.355608234327192,0.4167235313456159,0.355608234327192,stop,-1.0,-1.0233427165789273,378,94.5,0.020371765672807962
DOGE,2025-01-07 19:45:00+00:00,2025-01-07 19:45:00+00:00,2025-01-08 17:30:00+00:00,1,0.35249,0.33262532525663824,0.3922193494867236,0.33262532525663824,stop,-1.0,-1.0224179337024197,87,21.75,0.019864674743361788
DOGE,2025-01-10 18:15:00+00:00,2025-01-10 18:15:00+00:00,2025-01-14 18:15:00+00:00,-1,0.33557,0.35804758648126106,0.2906148270374778,0.35804758648126106,stop,-1.0,-1.0200578221148735,384,96.0,0.02247758648126108
DOGE,2025-01-15 17:00:00+00:00,2025-01-15 17:00:00+00:00,2025-01-17 07:45:00+00:00,-1,0.37206,0.3929505686484795,0.330278862703041,0.3929505686484795,stop,-1.0,-1.0238029360516092,155,38.75,0.02089056864847949
DOGE,2025-01-20 15:45:00+00:00,2025-01-20 15:45:00+00:00,2025-01-24 15:45:00+00:00,-1,0.37101,0.40330073190044285,0.3064285361991143,0.35824,tempo,0.3954695124090659,0.3807899906979616,384,96.0,0.03229073190044285
DOGE,2025-01-27 12:00:00+00:00,2025-01-27 12:00:00+00:00,2025-01-27 21:15:00+00:00,-1,0.31175,0.33316642334614416,0.26891715330771176,0.33316642334614416,stop,-1.0,-1.0195735612991825,37,9.25,0.02141642334614413
DOGE,2025-01-30 11:45:00+00:00,2025-01-30 11:45:00+00:00,2025-02-01 22:30:00+00:00,1,0.3314,0.3106500168791213,0.3728999662417573,0.3106500168791213,stop,-1.0,-1.0201124265277839,235,58.75,0.020749983120878668
DOGE,2025-02-04 15:15:00+00:00,2025-02-04 15:15:00+00:00,2025-02-08 15:15:00+00:00,-1,0.26763,0.2998083496001811,0.20327330079963774,0.25052,tempo,0.5317239762944105,0.5212573891578811,384,96.0,0.03217834960018112
DOGE,2025-02-11 19:45:00+00:00,2025-02-11 19:45:00+00:00,2025-02-14 17:45:00+00:00,1,0.24911,0.23394170175143,0.27944659649714,0.27944659649714,alvo,2.0,1.9773500110498203,280,70.0,0.015168298248569995
DOGE,2025-02-15 08:00:00+00:00,2025-02-15 08:00:00+00:00,2025-02-18 17:45:00+00:00,-1,0.2751,0.2914249450354171,0.24245010992916582,0.24245010992916582,alvo,2.0,1.9793930349704627,327,81.75,0.016324945035417093
DOGE,2025-02-19 04:00:00+00:00,2025-02-19 04:00:00+00:00,2025-02-21 19:45:00+00:00,1,0.2527,0.24030961895520586,0.2774807620895882,0.24030961895520586,stop,-1.0,-1.0258633088976328,255,63.75,0.012390381044794119
DOGE,2025-02-22 18:30:00+00:00,2025-02-22 18:30:00+00:00,2025-02-24 02:30:00+00:00,1,0.24679,0.23608130154678514,0.26820739690642975,0.23608130154678514,stop,-1.0,-1.029309476532247,128,32.0,0.010708698453214871
DOGE,2025-02-26 05:00:00+00:00,2025-02-26 05:00:00+00:00,2025-03-02 05:00:00+00:00,-1,0.21193,0.22835915199927798,0.17907169600144407,0.2056,tempo,0.38529073200358693,0.3687716505554436,384,96.0,0.01642915199927797
DOGE,2025-03-03 22:45:00+00:00,2025-03-03 22:45:00+00:00,2025-03-06 05:30:00+00:00,-1,0.19893,0.2172750732332638,0.16223985353347237,0.2172750732332638,stop,-1.0,-1.0147469183775775,219,54.75,0.018345073233263814
DOGE,2025-03-07 02:45:00+00:00,2025-03-07 02:45:00+00:00,2025-03-09 14:00:00+00:00,1,0.19789,0.18141736641510176,0.23083526716979652,0.18141736641510176,stop,-1.0,-1.0149672356213792,237,59.25,0.016472633584898255
DOGE,2025-03-12 16:30:00+00:00,2025-03-12 16:30:00+00:00,2025-03-16 16:30:00+00:00,-1,0.16619,0.18073866888617782,0.13709266222764438,0.17171,tempo,-0.3794161543702708,-0.3945127244907626,384,96.0,0.014548668886177812
DOGE,2025-03-17 01:00:00+00:00,2025-03-17 01:00:00+00:00,2025-03-21 01:00:00+00:00,-1,0.17073,0.18051793138758027,0.15115413722483945,0.17023,tempo,0.05108331681139912,0.028440738801380105,384,96.0,0.009787931387580273
DOGE,2025-03-21 08:15:00+00:00,2025-03-21 08:15:00+00:00,2025-03-24 09:00:00+00:00,-1,0.1687,0.17656653975284278,0.1529669204943144,0.17656653975284278,stop,-1.0,-1.0285288396029837,291,72.75,0.007866539752842794
DOGE,2025-03-25 13:00:00+00:00,2025-03-25 13:00:00+00:00,2025-03-26 08:00:00+00:00,1,0.18458,0.17650206851010447,0.20073586297979104,0.20073586297979104,alvo,2.0,1.968995118211865,76,19.0,0.008077931489895523
DOGE,2025-03-30 13:00:00+00:00,2025-03-30 13:00:00+00:00,2025-04-01 00:00:00+00:00,-1,0.17007,0.178529604888784,0.153150790222432,0.16658,fim_dados,0.41254881828194373,0.386682066480081,140,35.0,0.008459604888784
LTC,2023-01-04 01:30:00+00:00,2023-01-04 01:30:00+00:00,2023-01-05 14:45:00+00:00,1,76.51,73.5753408307899,82.37931833842022,73.5753408307899,stop,-1.0,-1.0332425218449717,149,37.25,2.934659169210107
LTC,2023-01-07 05:30:00+00:00,2023-01-07 05:30:00+00:00,2023-01-09 00:00:00+00:00,-1,75.94,78.61929585329378,70.58140829341244,78.61929585329378,stop,-1.0,-1.0374962481956356,170,42.5,2.6792958532937803
LTC,2023-01-10 15:45:00+00:00,2023-01-10 15:45:00+00:00,2023-01-11 07:15:00+00:00,-1,80.49,83.66688937142993,74.13622125714012,83.66688937142993,stop,-1.0,-1.0335869354000835,62,15.5,3.1768893714299367
LTC,2023-01-12 16:30:00+00:00,2023-01-12 16:30:00+00:00,2023-01-13 22:15:00+00:00,-1,83.44,87.75606847031729,74.80786305936542,87.75606847031729,stop,-1.0,-1.0257821314168183,119,29.75,4.3160684703172905
LTC,2023-01-21 16:00:00+00:00,2023-01-21 16:00:00+00:00,2023-01-25 16:00:00+00:00,1,88.83,84.438295391408,97.61340921718399,87.31,tempo,-0.3461070667244437,-0.3721768984194097,384,96.0,4.3917046085919935
LTC,2023-01-25 21:15:00+00:00,2023-01-25 21:15:00+00:00,2023-01-29 00:45:00+00:00,-1,89.1,92.98601615449329,81.32796769101341,92.98601615449329,stop,-1.0,-1.0304568755751489,302,75.5,3.8860161544932907
LTC,2023-01-30 05:00:00+00:00,2023-01-30 05:00:00+00:00,2023-02-01 22:15:00+00:00,-1,95.18,99.27565191641048,86.98869616717906,99.27565191641048,stop,-1.0,-1.0308610634705606,261,65.25,4.095651916410475
LTC,2023-02-04 11:45:00+00:00,2023-02-04 11:45:00+00:00,2023-02-08 11:45:00+00:00,-1,98.96,103.06452669081352,90.75094661837294,101.33,tempo,-0.5774112774816099,-0.6091295509408565,384,96.0,4.104526690813529
LTC,2023-02-10 07:15:00+00:00,2023-02-10 07:15:00+00:00,2023-02-13 17:45:00+00:00,1,93.09,89.14806978599238,100.97386042801526,89.14806978599238,stop,-1.0,-1.0300499346589056,330,82.5,3.941930214007627
LTC,2023-02-15 04:15:00+00:00,2023-02-15 04:15:00+00:00,2023-02-15 20:15:00+00:00,-1,95.52,99.45230038690717,87.65539922618565,99.45230038690717,stop,-1.0,-1.032228462422009,64,16.0,3.9323003869071727
LTC,2023-02-17 14:30:00+00:00,2023-02-17 14:30:00+00:00,2023-02-20 16:30:00+00:00,1,99.34,95.35844613616945,107.30310772766111,95.35844613616945,stop,-1.0,-1.0317850754546256,296,74.0,3.9815538638305554
LTC,2023-02-26 10:00:00+00:00,2023-02-26 10:00:00+00:00,2023-03-02 10:00:00+00:00,1,93.82,90.60470601933957,100.25058796132083,96.63,tempo,0.8739480796784964,0.8354469346060408,384,96.0,3.2152939806604195
LTC,2023-03-06 19:15:00+00:00,2023-03-06 19:15:00+00:00,2023-03-07 12:00:00+00:00,1,88.55,85.48069269515777,94.68861460968445,85.48069269515777,stop,-1.0,-1.036855205105527,67,16.75,3.0693073048422264
LTC,2023-03-13 18:30:00+00:00,2023-03-13 18:30:00+00:00,2023-03-15 16:45:00+00:00,1,81.75,75.76800262369031,93.71399475261939,75.76800262369031,stop,-1.0,-1.0171158051842144,185,46.25,5.9819973763096925
LTC,2023-03-16 22:15:00+00:00,2023-03-16 22:15:00+00:00,2023-03-20 22:15:00+00:00,1,78.63,72.62236721172641,90.64526557654716,80.19,tempo,0.2596696660696368,0.24248602591747864,384,96.0,6.0076327882735825
LTC,2023-03-21 05:30:00+00:00,2023-03-21 05:30:00+00:00,2023-03-23 00:30:00+00:00,1,78.84,73.94556602047965,88.62886795904072,88.62886795904072,alvo,2.0,1.9777594784956025,172,43.0,4.8944339795203575
LTC,2023-03-29 03:00:00+00:00,2023-03-29 03:00:00+00:00,2023-04-02 03:00:00+00:00,-1,89.8,94.4211053181913,80.5577893636174,92.43,tempo,-0.5691279074828341,-0.5947601949647306,384,96.0,4.621105318191297
LTC,2023-04-04 21:15:00+00:00,2023-04-04 21:15:00+00:00,2023-04-08 21:15:00+00:00,-1,93.03,97.21199077154637,84.66601845690727,89.91,tempo,0.7460561656969721,0.7176221000818462,384,96.0,4.181990771546367
LTC,2023-04-11 18:30:00+00:00,2023-04-11 18:30:00+00:00,2023-04-12 02:30:00+00:00,1,95.09,92.11066140028555,101.04867719942891,92.11066140028555,stop,-1.0,-1.0408414236373964,32,8.0,2.9793385997144526
LTC,2023-04-18 12:45:00+00:00,2023-04-18 12:45:00+00:00,2023-04-19 08:30:00+00:00,-1,101.89,105.7962301854564,94.07753962908721,94.07753962908721,alvo,2.0,1.96739083599498,79,19.75,3.906230185456394
LTC,2023-04-23 04:45:00+00:00,2023-04-23 04:45:00+00:00,2023-04-27 04:45:00+00:00,1,86.35,82.28029806635018,94.48940386729961,88.96,tempo,0.6413246086696296,0.6133246465451785,384,96.0,4.06970193364981
LTC,2023-04-30 05:15:00+00:00,2023-04-30 05:15:00+00:00,2023-05-01 01:45:00+00:00,1,90.67,87.24832049876714,97.51335900246572,87.24832049876714,stop,-1.0,-1.0337982877363383,82,20.5,3.421679501232859
LTC,2023-05-04 00:30:00+00:00,2023-05-04 00:30:00+00:00,2023-05-06 08:15:00+00:00,1,88.8,85.7512590837819,94.89748183243618,85.7512590837819,stop,-1.0,-1.0372148114655808,223,55.75,3.048740916218094
LTC,2023-05-07 11:00:00+00:00,2023-05-07 11:00:00+00:00,2023-05-08 18:00:00+00:00,-1,83.52,86.30640401920371,77.94719196159257,77.94719196159257,alvo,2.0,1.9623336479377358,124,31.0,2.786404019203715
LTC,2023-05-10 17:30:00+00:00,2023-05-10 17:30:00+00:00,2023-05-10 20:30:00+00:00,-1,78.55,81.89852315841979,71.85295368316041,81.89852315841979,stop,-1.0,-1.0311455334542734,12,3.0,3.3485231584197948
LTC,2023-05-12 02:45:00+00:00,2023-05-12 02:45:00+00:00,2023-05-14 16:00:00+00:00,-1,79.48,82.97654337100822,72.48691325798357,82.97654337100822,stop,-1.0,-1.030200327004869,245,61.25,3.496543371008215
LTC,2023-05-28 05:15:00+00:00,2023-05-28 05:15:00+00:00,2023-06-01 05:15:00+00:00,1,89.56,86.85026011136573,94.97947977726855,91.31,tempo,0.6458184445452477,0.6024321769211424,384,96.0,2.7097398886342745
LTC,2023-06-02 11:30:00+00:00,2023-06-02 11:30:00+00:00,2023-06-05 15:15:00+00:00,1,94.85,91.50504753425325,101.53990493149348,91.50504753425325,stop,-1.0,-1.0362130051585718,303,75.75,3.3449524657467435
LTC,2023-06-07 12:00:00+00:00,2023-06-07 12:00:00+00:00,2023-06-10 03:30:00+00:00,1,90.43,86.25480306459761,98.7803938708048,86.25480306459761,stop,-1.0,-1.02750651616411,254,63.5,4.175196935402397
LTC,2023-06-12 21:30:00+00:00,2023-06-12 21:30:00+00:00,2023-06-14 20:45:00+00:00,1,76.94,72.19637447133863,86.42725105732274,72.19637447133863,stop,-1.0,-1.0204355598519865,189,47.25,4.743625528661369
LTC,2023-06-15 22:45:00+00:00,2023-06-15 22:45:00+00:00,2023-06-19 22:45:00+00:00,1,74.53,70.76195601179619,82.06608797640763,77.41,tempo,0.7643222873767087,0.7381121368823993,384,96.0,3.7680439882038144
LTC,2023-06-24 20:45:00+00:00,2023-06-24 20:45:00+00:00,2023-06-28 08:00:00+00:00,1,88.86,84.54990930107407,97.48018139785187,84.54990930107407,stop,-1.0,-1.0261517561738984,333,83.25,4.310090698925933
LTC,2023-06-29 17:15:00+00:00,2023-06-29 17:15:00+00:00,2023-06-30 02:45:00+00:00,-1,84.14,87.58427969647626,77.25144060704748,87.58427969647626,stop,-1.0,-1.0324075834831026,38,9.5,3.444279696476258
LTC,2023-07-04 05:00:00+00:00,2023-07-04 05:00:00+00:00,2023-07-05 15:45:00+00:00,1,108.28,100.11478270815945,124.6104345836811,100.11478270815945,stop,-1.0,-1.0165894677286378,139,34.75,8.165217291840548
LTC,2023-07-05 18:45:00+00:00,2023-07-05 18:45:00+00:00,2023-07-09 18:45:00+00:00,-1,100.73,107.54352627471592,87.10294745056818,96.86,tempo,0.5679878294974893,0.5491380452856635,384,96.0,6.813526274715912
LTC,2023-07-16 06:15:00+00:00,2023-07-16 06:15:00+00:00,2023-07-17 10:30:00+00:00,1,94.61,90.43159376692192,102.96681246615616,90.43159376692192,stop,-1.0,-1.028785385919716,113,28.25,4.1784062330780785
LTC,2023-07-20 04:45:00+00:00,2023-07-20 04:45:00+00:00,2023-07-24 04:45:00+00:00,1,92.0,88.70386183195625,98.59227633608751,92.05,tempo,0.015169267018218467,-0.021125479712924014,384,96.0,3.296138168043754
LTC,2023-07-28 12:30:00+00:00,2023-07-28 12:30:00+00:00,2023-07-29 23:30:00+00:00,-1,91.39,94.04359152125288,86.08281695749425,94.04359152125288,stop,-1.0,-1.0454221508937842,140,35.0,2.653591521252878
LTC,2023-08-06 22:45:00+00:00,2023-08-06 22:45:00+00:00,2023-08-08 17:15:00+00:00,-1,82.81,85.2713778535203,77.8872442929594,85.2713778535203,stop,-1.0,-1.044386884950855,170,42.5,2.461377853520304
LTC,2023-08-11 20:00:00+00:00,2023-08-11 20:00:00+00:00,2023-08-13 22:45:00+00:00,1,82.88,81.04063980760637,86.55872038478725,81.04063980760637,stop,-1.0,-1.0579268901847272,203,50.75,1.8393601923936274
LTC,2023-08-16 19:00:00+00:00,2023-08-16 19:00:00+00:00,2023-08-16 21:15:00+00:00,-1,77.48,79.82391602437468,72.79216795125065,72.79216795125065,alvo,2.0,1.9583274707145826,9,2.25,2.3439160243746784
LTC,2023-08-18 07:15:00+00:00,2023-08-18 07:15:00+00:00,2023-08-22 07:15:00+00:00,-1,65.31,77.11738823126008,41.69522353747985,66.3,tempo,-0.08384580743935975,-0.09109097447583574,384,96.0,11.807388231260077
LTC,2023-09-03 12:45:00+00:00,2023-09-03 12:45:00+00:00,2023-09-06 17:15:00+00:00,1,64.28,62.214374904755545,68.41125019048891,62.214374904755545,stop,-1.0,-1.0398045820983601,306,76.5,2.0656250952444566
LTC,2023-09-10 08:30:00+00:00,2023-09-10 08:30:00+00:00,2023-09-11 10:30:00+00:00,1,61.54,59.986520539789,64.64695892042201,59.986520539789,stop,-1.0,-1.0508485888446402,104,26.0,1.5534794602110011
LTC,2023-09-12 12:15:00+00:00,2023-09-12 12:15:00+00:00,2023-09-14 01:00:00+00:00,-1,60.89,62.984918041677375,56.70016391664525,62.984918041677375,stop,-1.0,-1.038435249076675,147,36.75,2.0949180416773743
LTC,2023-09-22 03:00:00+00:00,2023-09-22 03:00:00+00:00,2023-09-26 03:00:00+00:00,-1,64.69,66.68767056678587,60.694658866428256,64.6,tempo,0.045052473363917996,0.0029842257773237957,384,96.0,1.997670566785871
LTC,2023-10-07 01:15:00+00:00,2023-10-07 01:15:00+00:00,2023-10-09 16:15:00+00:00,-1,65.78,67.36341211878364,62.61317576243272,62.61317576243272,alvo,2.0,1.9472938451995108,252,63.0,1.5834121187836416
LTC,2023-10-10 06:45:00+00:00,2023-10-10 06:45:00+00:00,2023-10-12 01:15:00+00:00,-1,63.28,64.62942385362818,60.58115229274364,60.58115229274364,alvo,2.0,1.9403376865068616,170,42.5,1.3494238536281813
LTC,2023-10-19 11:45:00+00:00,2023-10-19 11:45:00+00:00,2023-10-20 10:45:00+00:00,1,61.0,59.387335912589556,64.22532817482089,64.22532817482089,alvo,2.0,1.9495267092824415,92,23.0,1.6126640874104439
LTC,2023-10-21 06:45:00+00:00,2023-10-21 06:45:00+00:00,2023-10-23 17:00:00+00:00,1,63.79,62.18800759774853,66.99398480450293,66.99398480450293,alvo,1.9999999999999956,1.9469350853328269,233,58.25,1.6019924022514687
LTC,2023-10-23 20:30:00+00:00,2023-10-23 20:30:00+00:00,2023-10-24 02:45:00+00:00,1,67.3,65.14587395300465,71.60825209399069,71.60825209399069,alvo,2.0,1.9580849208025528,25,6.25,2.1541260469953443
LTC,2023-10-25 23:00:00+00:00,2023-10-25 23:00:00+00:00,2023-10-27 17:15:00+00:00,1,68.73,65.55880326799927,75.07239346400148,65.55880326799927,stop,-1.0,-1.027525167783939,169,42.25,3.1711967320007375
LTC,2023-10-30 12:30:00+00:00,2023-10-30 12:30:00+00:00,2023-11-01 15:00:00+00:00,1,69.52,67.02671789438764,74.5065642112247,67.02671789438764,stop,-1.0,-1.0355978035664575,202,50.5,2.4932821056123515
LTC,2023-11-02 04:00:00+00:00,2023-11-02 04:00:00+00:00,2023-11-02 16:45:00+00:00,1,70.42,67.82766986294372,75.60466027411256,67.82766986294372,stop,-1.0,-1.0346641749545662,51,12.75,2.5923301370562797
LTC,2023-11-04 08:15:00+00:00,2023-11-04 08:15:00+00:00,2023-11-06 15:15:00+00:00,1,69.58,67.21640009715917,74.30719980568166,74.30719980568166,alvo,2.0,1.9604304096639695,220,55.0,2.363599902840832
LTC,2023-11-07 12:45:00+00:00,2023-11-07 12:45:00+00:00,2023-11-09 16:15:00+00:00,1,72.95,70.43164769256131,77.98670461487738,70.43164769256131,stop,-1.0,-1.037007558761686,206,51.5,2.5183523074386898
LTC,2023-11-14 11:15:00+00:00,2023-11-14 11:15:00+00:00,2023-11-16 01:15:00+00:00,-1,70.98,74.37418949749629,64.19162100500743,74.37418949749629,stop,-1.0,-1.027835871639773,152,38.0,3.394189497496285
LTC,2023-11-18 07:00:00+00:00,2023-11-18 07:00:00+00:00,2023-11-21 23:00:00+00:00,1,68.15,65.21388625750818,74.02222748498366,65.21388625750818,stop,-1.0,-1.0295242397502662,352,88.0,2.936113742491827
LTC,2023-11-25 10:45:00+00:00,2023-11-25 10:45:00+00:00,2023-11-27 11:45:00+00:00,1,70.97,68.44124618217133,76.02750763565734,68.44124618217133,stop,-1.0,-1.035834769434464,196,49.0,2.5287538178286724
LTC,2023-11-29 17:30:00+00:00,2023-11-29 17:30:00+00:00,2023-12-01 13:45:00+00:00,-1,69.63,71.53326789353713,65.82346421292573,71.53326789353713,stop,-1.0,-1.0482097787927662,177,44.25,1.9032678935371337
LTC,2023-12-03 21:00:00+00:00,2023-12-03 21:00:00+00:00,2023-12-04 01:45:00+00:00,-1,71.75,73.35528909828228,68.53942180343543,73.35528909828228,stop,-1.0,-1.0587547987554438,19,4.75,1.6052890982822845
LTC,2023-12-04 22:00:00+00:00,2023-12-04 22:00:00+00:00,2023-12-08 16:15:00+00:00,1,72.25,69.79450756360183,77.16098487279635,77.16098487279635,alvo,2.0,1.9604490167724673,361,90.25,2.455492436398174
LTC,2023-12-10 15:30:00+00:00,2023-12-10 15:30:00+00:00,2023-12-11 02:15:00+00:00,-1,78.21,81.5183802284633,71.59323954307338,71.59323954307338,alvo,2.0,1.9705680426737935,43,10.75,3.3083802284633066
LTC,2023-12-17 05:15:00+00:00,2023-12-17 05:15:00+00:00,2023-12-18 02:45:00+00:00,1,72.75,70.19776625292543,77.85446749414913,70.19776625292543,stop,-1.0,-1.036405775204134,86,21.5,2.552233747074567
LTC,2023-12-18 03:30:00+00:00,2023-12-18 03:30:00+00:00,2023-12-22 03:30:00+00:00,1,70.46,67.97906877229453,75.42186245541093,70.97,tempo,0.20556797153611037,0.16851353851781886,384,96.0,2.4809312277054687
LTC,2023-12-22 08:45:00+00:00,2023-12-22 08:45:00+00:00,2023-12-22 18:30:00+00:00,-1,70.96,73.09217381621771,66.69565236756456,73.09217381621771,stop,-1.0,-1.0439147654231302,39,9.75,2.1321738162177155
LTC,2023-12-27 00:00:00+00:00,2023-12-27 00:00:00+00:00,2023-12-31 00:00:00+00:00,1,73.32,70.70118337912895,78.55763324174208,73.29,tempo,-0.011455555826588817,-0.047844701687555384,384,96.0,2.618816620871044
LTC,2023-12-31 03:30:00+00:00,2023-12-31 03:30:00+00:00,2024-01-02 01:00:00+00:00,-1,72.5,75.49569888309905,66.5086022338019,75.49569888309905,stop,-1.0,-1.0321117735887053,182,45.5,2.9956988830990525
LTC,2024-01-02 06:15:00+00:00,2024-01-02 06:15:00+00:00,2024-01-03 12:15:00+00:00,-1,74.72,77.18761162066613,69.78477675866773,69.78477675866773,alvo,2.0,1.961935620619351,120,30.0,2.4676116206661334
LTC,2024-01-17 12:30:00+00:00,2024-01-17 12:30:00+00:00,2024-01-18 20:00:00+00:00,1,69.18,66.24325102859316,75.05349794281369,66.24325102859316,stop,-1.0,-1.0299736593170294,126,31.5,2.9367489714068427
LTC,2024-01-19 10:45:00+00:00,2024-01-19 10:45:00+00:00,2024-01-23 09:15:00+00:00,1,69.02,66.0127972647585,75.03440547048298,66.0127972647585,stop,-1.0,-1.029187030589424,378,94.5,3.007202735241492
LTC,2024-01-23 17:30:00+00:00,2024-01-23 17:30:00+00:00,2024-01-27 17:30:00+00:00,-1,65.05,68.28020700632963,58.589585987340726,67.54,tempo,-0.7708484301844494,-0.797528918410474,384,96.0,3.2302070063296355
LTC,2024-01-31 13:15:00+00:00,2024-01-31 13:15:00+00:00,2024-02-04 13:15:00+00:00,1,67.74,65.52323930857276,72.17352138285447,67.86,tempo,0.054133042174590223,0.014372322697355215,384,96.0,2.2167606914272397
LTC,2024-02-05 08:00:00+00:00,2024-02-05 08:00:00+00:00,2024-02-08 15:00:00+00:00,-1,67.51,69.04179417382994,64.44641165234013,69.04179417382994,stop,-1.0,-1.0579442510811141,316,79.0,1.5317941738299368
LTC,2024-02-11 16:45:00+00:00,2024-02-11 16:45:00+00:00,2024-02-13 15:30:00+00:00,-1,72.11,73.91325189556959,68.50349620886082,68.50349620886082,alvo,2.0,1.9493144730581915,187,46.75,1.8032518955695878
LTC,2024-02-13 20:15:00+00:00,2024-02-13 20:15:00+00:00,2024-02-14 09:45:00+00:00,-1,68.57,70.54476673688445,64.62046652623107,70.54476673688445,stop,-1.0,-1.0457900149369719,54,13.5,1.9747667368844617
LTC,2024-02-17 19:30:00+00:00,2024-02-17 19:30:00+00:00,2024-02-19 23:15:00+00:00,-1,69.8,71.68710099269346,66.02579801461307,71.68710099269346,stop,-1.0,-1.0487343369545827,207,51.75,1.8871009926934619
LTC,2024-02-20 19:30:00+00:00,2024-02-20 19:30:00+00:00,2024-02-24 19:30:00+00:00,1,69.12,67.15216878242333,73.05566243515335,70.47,tempo,0.6860344464209079,0.6399260712769586,384,96.0,1.9678312175766735
LTC,2024-02-25 19:15:00+00:00,2024-02-25 19:15:00+00:00,2024-02-27 02:00:00+00:00,1,70.27,68.60270315797707,73.60459368404584,73.60459368404584,alvo,2.0,1.9439101163406725,123,30.75,1.667296842022921
LTC,2024-02-28 02:45:00+00:00,2024-02-28 02:45:00+00:00,2024-02-28 17:00:00+00:00,-1,74.57,77.07936554174091,69.55126891651815,77.07936554174091,stop,-1.0,-1.0392816773652456,57,14.25,2.5093655417409195
LTC,2024-03-01 18:00:00+00:00,2024-03-01 18:00:00+00:00,2024-03-02 03:15:00+00:00,-1,83.87,89.02103001945142,73.56793996109718,89.02103001945142,stop,-1.0,-1.0218168345143157,37,9.25,5.151030019451412
LTC,2024-03-02 12:15:00+00:00,2024-03-02 12:15:00+00:00,2024-03-03 07:30:00+00:00,1,91.53,85.75977133925886,103.07045732148228,85.75977133925886,stop,-1.0,-1.0199711931963051,77,19.25,5.7702286607411395
LTC,2024-03-03 18:15:00+00:00,2024-03-03 18:15:00+00:00,2024-03-05 17:15:00+00:00,1,90.87,84.68939934972376,103.2312013005525,84.68939934972376,stop,-1.0,-1.0184631908829476,188,47.0,6.180600650276247
LTC,2024-03-11 09:00:00+00:00,2024-03-11 09:00:00+00:00,2024-03-11 15:30:00+00:00,-1,93.29,98.93304185443401,82.003916291132,98.93304185443401,stop,-1.0,-1.0221414230885435,26,6.5,5.643041854434003
LTC,2024-03-12 18:45:00+00:00,2024-03-12 18:45:00+00:00,2024-03-16 18:45:00+00:00,-1,96.99,104.3862251908715,82.19754961825699,84.34,tempo,1.7103319157470689,1.6943961516297905,384,96.0,7.396225190871505
LTC,2024-03-19 03:00:00+00:00,2024-03-19 03:00:00+00:00,2024-03-23 03:00:00+00:00,-1,83.46,89.19625927046965,71.98748145906067,84.18,tempo,-0.12551733909702842,-0.1445133423915375,384,96.0,5.7362592704696596
LTC,2024-03-24 05:15:00+00:00,2024-03-24 05:15:00+00:00,2024-03-25 15:15:00+00:00,-1,87.05,91.78473601277622,77.58052797444755,91.78473601277622,stop,-1.0,-1.0245510157471578,136,34.0,4.734736012776224
LTC,2024-03-28 16:30:00+00:00,2024-03-28 16:30:00+00:00,2024-03-29 10:00:00+00:00,-1,94.36,99.71342888102875,83.6531422379425,99.71342888102875,stop,-1.0,-1.0235639123216347,70,17.5,5.353428881028748
LTC,2024-04-05 02:30:00+00:00,2024-04-05 02:30:00+00:00,2024-04-09 02:30:00+00:00,1,98.54,91.37045376369488,112.87909247261025,102.89,tempo,0.6067329586316745,0.588471063710487,384,96.0,7.169546236305123
LTC,2024-04-10 06:15:00+00:00,2024-04-10 06:15:00+00:00,2024-04-12 17:30:00+00:00,1,97.86,93.02814859006774,107.52370281986451,93.02814859006774,stop,-1.0,-1.025679038127806,237,59.25,4.831851409932256
LTC,2024-04-15 11:45:00+00:00,2024-04-15 11:45:00+00:00,2024-04-19 11:45:00+00:00,-1,80.85,88.23682933335597,66.07634133328804,81.56,tempo,-0.09611701691738443,-0.1104081958841576,384,96.0,7.386829333355976
LTC,2024-04-21 14:45:00+00:00,2024-04-21 14:45:00+00:00,2024-04-25 14:45:00+00:00,-1,84.15,88.71260751125045,75.02478497749911,83.18,tempo,0.21259773004979698,0.18875949725598135,384,96.0,4.562607511250448
LTC,2024-04-28 06:30:00+00:00,2024-04-28 06:30:00+00:00,2024-04-30 08:45:00+00:00,1,84.69,81.25505228554893,91.55989542890214,81.25505228554893,stop,-1.0,-1.0314020162612123,201,50.25,3.43494771445107
LTC,2024-05-04 21:15:00+00:00,2024-05-04 21:15:00+00:00,2024-05-08 21:15:00+00:00,-1,82.32,85.19076778886892,76.57846442226213,80.56,tempo,0.6130764065363232,0.5761970739722244,384,96.0,2.870767788868932
LTC,2024-05-10 15:00:00+00:00,2024-05-10 15:00:00+00:00,2024-05-14 15:00:00+00:00,1,80.61,78.05842645719827,85.71314708560347,78.93,tempo,-0.6584172361950748,-0.6990592158442805,384,96.0,2.5515735428017337
LTC,2024-05-16 06:30:00+00:00,2024-05-16 06:30:00+00:00,2024-05-18 08:45:00+00:00,-1,82.46,84.74658244332763,77.88683511334473,84.74658244332763,stop,-1.0,-1.047531318586526,201,50.25,2.2865824433276316
LTC,2024-05-20 13:30:00+00:00,2024-05-20 13:30:00+00:00,2024-05-20 20:15:00+00:00,1,83.19,81.28827170438718,86.99345659122562,86.99345659122562,alvo,2.0,1.9418322548812628,27,6.75,1.9017282956128128
LTC,2024-05-24 02:45:00+00:00,2024-05-24 02:45:00+00:00,2024-05-28 02:45:00+00:00,1,85.81,82.37026512479636,92.68946975040728,84.86,tempo,-0.276184076525305,-0.308435254021487,384,96.0,3.4397348752036407
LTC,2024-05-30 00:15:00+00:00,2024-05-30 00:15:00+00:00,2024-06-03 00:15:00+00:00,1,83.7,81.3682030377085,88.36359392458301,83.26,tempo,-0.18869567424412478,-0.2352366045888282,384,96.0,2.331796962291506
LTC,2024-06-06 15:00:00+00:00,2024-06-06 15:00:00+00:00,2024-06-07 00:30:00+00:00,1,85.56,83.86828367209252,88.94343265581497,83.86828367209252,stop,-1.0,-1.0650986117294736,38,9.5,1.6917163279074856
LTC,2024-06-07 19:15:00+00:00,2024-06-07 19:15:00+00:00,2024-06-11 19:15:00+00:00,-1,78.98,84.53444074580568,67.87111850838865,76.96,tempo,0.3636729767124389,0.34542433483493923,384,96.0,5.554440745805678
LTC,2024-06-12 03:45:00+00:00,2024-06-12 03:45:00+00:00,2024-06-16 03:45:00+00:00,-1,77.43,80.78958619261365,70.71082761477271,79.68,tempo,-0.6697253384797291,-0.7001223856590881,384,96.0,3.359586192613648
LTC,2024-06-23 08:45:00+00:00,2024-06-23 08:45:00+00:00,2024-06-24 03:00:00+00:00,1,74.46,72.37487604191253,78.63024791617492,72.37487604191253,stop,-1.0,-1.0457731393172356,73,18.25,2.0851239580874648
LTC,2024-06-24 15:45:00+00:00,2024-06-24 15:45:00+00:00,2024-06-25 03:45:00+00:00,-1,68.91,71.1454110222456,64.4391779555088,71.1454110222456,stop,-1.0,-1.0407245093893331,48,12.0,2.2354110222456
LTC,2024-06-26 15:00:00+00:00,2024-06-26 15:00:00+00:00,2024-06-28 01:30:00+00:00,-1,71.22,73.38333299574319,66.89333400851362,73.38333299574319,stop,-1.0,-1.0434478495137745,138,34.5,2.1633329957431897
LTC,2024-07-04 10:00:00+00:00,2024-07-04 10:00:00+00:00,2024-07-04 13:30:00+00:00,1,69.82,67.64547808765268,74.16904382469463,67.64547808765268,stop,-1.0,-1.041090669286713,14,3.5,2.1745219123473163
LTC,2024-07-08 03:15:00+00:00,2024-07-08 03:15:00+00:00,2024-07-11 12:45:00+00:00,1,61.64,58.06962750588647,68.78074498822706,68.78074498822706,alvo,2.0,1.9762564033914911,326,81.5,3.5703724941135278
LTC,2024-07-13 12:30:00+00:00,2024-07-13 12:30:00+00:00,2024-07-16 00:15:00+00:00,-1,69.9,72.50440158129393,64.69119683741215,72.50440158129393,stop,-1.0,-1.0355409325860774,239,59.75,2.604401581293928
LTC,2024-07-20 12:00:00+00:00,2024-07-20 12:00:00+00:00,2024-07-24 12:00:00+00:00,-1,72.57,74.87684401685868,67.95631196628261,73.34,tempo,-0.3337893651988425,-0.37490246140599265,384,96.0,2.3068440168586903
LTC,2024-07-27 00:00:00+00:00,2024-07-27 00:00:00+00:00,2024-07-29 07:45:00+00:00,-1,71.27,73.81347966241697,66.18304067516605,73.81347966241697,stop,-1.0,-1.0370768688163825,223,55.75,2.5434796624169707
LTC,2024-08-02 15:30:00+00:00,2024-08-02 15:30:00+00:00,2024-08-05 01:15:00+00:00,-1,64.48,67.41124645388594,58.61750709222814,58.61750709222814,alvo,2.0,1.9727032916308094,231,57.75,2.931246453885933
LTC,2024-08-07 19:00:00+00:00,2024-08-07 19:00:00+00:00,2024-08-11 19:00:00+00:00,1,55.63,51.05063845564936,64.78872308870129,61.29,tempo,1.2359801568807105,1.2193843936364313,384,96.0,4.57936154435064
LTC,2024-08-13 05:15:00+00:00,2024-08-13 05:15:00+00:00,2024-08-15 11:30:00+00:00,-1,62.04,65.1919831578482,55.7360336843036,65.1919831578482,stop,-1.0,-1.0262377001751048,217,54.25,3.1519831578482
LTC,2024-08-18 03:45:00+00:00,2024-08-18 03:45:00+00:00,2024-08-21 16:30:00+00:00,-1,67.42,70.07169761131769,62.11660477736463,62.11660477736463,alvo,2.0,1.9682472116179768,339,84.75,2.6516976113176867
LTC,2024-08-30 09:15:00+00:00,2024-08-30 09:15:00+00:00,2024-09-03 09:15:00+00:00,1,63.32,60.5518623482231,68.85627530355379,66.02,tempo,0.9753850204186332,0.9450140596587757,384,96.0,2.7681376517768967
LTC,2024-09-06 20:30:00+00:00,2024-09-06 20:30:00+00:00,2024-09-08 22:00:00+00:00,1,62.84,60.09628073123484,68.32743853753033,60.09628073123484,stop,-1.0,-1.0291241831425655,198,49.5,2.7437192687651617
LTC,2024-09-09 15:45:00+00:00,2024-09-09 15:45:00+00:00,2024-09-11 17:45:00+00:00,-1,59.93,62.13987379575208,55.51025240849584,62.13987379575208,stop,-1.0,-1.0359049544457064,200,50.0,2.209873795752081
LTC,2024-09-16 05:45:00+00:00,2024-09-16 05:45:00+00:00,2024-09-19 18:00:00+00:00,1,62.7,61.05575103758966,65.98849792482069,65.98849792482069,alvo,2.0,1.949127215182479,337,84.25,1.6442489624103445
LTC,2024-09-22 08:00:00+00:00,2024-09-22 08:00:00+00:00,2024-09-26 08:00:00+00:00,1,67.13,65.34214368114841,70.70571263770316,67.49,tempo,0.20135846276016367,0.1524154917409897,384,96.0,1.7878563188515812
LTC,2024-09-26 11:00:00+00:00,2024-09-26 11:00:00+00:00,2024-09-27 06:15:00+00:00,-1,67.73,69.658002604692,63.87399479061601,69.658002604692,stop,-1.0,-1.0463185067674305,77,19.25,1.9280026046919971
LTC,2024-10-09 05:45:00+00:00,2024-10-09 05:45:00+00:00,2024-10-10 12:45:00+00:00,1,65.81,63.93352991786538,69.56294016426925,63.93352991786538,stop,-1.0,-1.0449425201336955,124,31.0,1.8764700821346239
LTC,2024-10-10 14:15:00+00:00,2024-10-10 14:15:00+00:00,2024-10-11 19:30:00+00:00,-1,64.12,65.81577690066733,60.72844619866535,65.81577690066733,stop,-1.0,-1.0498050509782257,117,29.25,1.695776900667326
LTC,2024-10-12 15:00:00+00:00,2024-10-12 15:00:00+00:00,2024-10-15 01:15:00+00:00,-1,66.32,67.82369533152728,63.31260933694543,67.82369533152728,stop,-1.0,-1.0579860827771086,233,58.25,1.5036953315272825
LTC,2024-10-21 00:00:00+00:00,2024-10-21 00:00:00+00:00,2024-10-21 14:15:00+00:00,1,74.3,71.38037778367028,80.13924443265942,71.38037778367028,stop,-1.0,-1.0324330473407701,57,14.25,2.9196222163297136
LTC,2024-10-22 20:30:00+00:00,2024-10-22 20:30:00+00:00,2024-10-25 23:30:00+00:00,1,69.57,66.99505297075095,74.71989405849808,66.99505297075095,stop,-1.0,-1.0344734409767165,300,75.0,2.5749470292490457
LTC,2024-10-26 21:15:00+00:00,2024-10-26 21:15:00+00:00,2024-10-29 16:45:00+00:00,1,68.62,66.19709156802787,73.46581686394427,73.46581686394427,alvo,2.0,1.9618822652383976,270,67.5,2.4229084319721323
LTC,2024-10-29 22:30:00+00:00,2024-10-29 22:30:00+00:00,2024-10-31 17:45:00+00:00,-1,73.88,76.06691815050164,69.50616369899672,69.50616369899672,alvo,2.0,1.9573824898828658,173,43.25,2.18691815050164
LTC,2024-11-02 19:00:00+00:00,2024-11-02 19:00:00+00:00,2024-11-04 22:00:00+00:00,-1,69.06,71.2850461051254,64.6099077897492,64.6099077897492,alvo,2.0,1.9609511731630207,204,51.0,2.2250461051254007
LTC,2024-11-04 23:30:00+00:00,2024-11-04 23:30:00+00:00,2024-11-06 04:30:00+00:00,1,65.44,63.141286094104395,70.0374278117912,70.0374278117912,alvo,2.0,1.9616914798088565,116,29.0,2.298713905895603
LTC,2024-11-07 20:30:00+00:00,2024-11-07 20:30:00+00:00,2024-11-10 13:15:00+00:00,1,71.84,68.77872321337946,77.96255357324108,77.96255357324108,alvo,2.0,1.9681924678460392,259,64.75,3.061276786620539
LTC,2024-11-12 21:00:00+00:00,2024-11-12 21:00:00+00:00,2024-11-13 05:00:00+00:00,1,76.94,72.17999644916756,86.46000710166487,72.17999644916756,stop,-1.0,-1.020363009534942,32,8.0,4.760003550832437
LTC,2024-11-13 09:45:00+00:00,2024-11-13 09:45:00+00:00,2024-11-13 19:00:00+00:00,-1,73.12,77.92081837639678,63.51836324720645,77.92081837639678,stop,-1.0,-1.0204499575379362,37,9.25,4.800818376396776
LTC,2024-11-22 13:15:00+00:00,2024-11-22 13:15:00+00:00,2024-11-23 05:15:00+00:00,1,91.14,84.25646029702536,104.90707940594929,104.90707940594929,alvo,2.0,1.981487634689054,64,16.0,6.883539702974645
LTC,2024-11-23 12:00:00+00:00,2024-11-23 12:00:00+00:00,2024-11-27 12:00:00+00:00,-1,103.25,111.90668526437597,85.93662947124807,94.93,tempo,0.9611069070789138,0.9462262690441561,384,96.0,8.656685264375966
LTC,2024-12-02 16:30:00+00:00,2024-12-02 16:30:00+00:00,2024-12-05 16:00:00+00:00,1,120.49,108.35622213645452,144.75755572709096,144.75755572709096,alvo,2.0000000000000013,1.9857908300974767,286,71.5,12.133777863545475
LTC,2024-12-09 10:45:00+00:00,2024-12-09 10:45:00+00:00,2024-12-09 21:00:00+00:00,1,124.31,114.9848214756067,142.96035704878662,114.9848214756067,stop,-1.0,-1.016679748655993,41,10.25,9.325178524393309
LTC,2024-12-11 14:45:00+00:00,2024-12-11 14:45:00+00:00,2024-12-15 14:45:00+00:00,1,114.22,103.76128585571041,135.13742828857917,120.05,tempo,0.5574299019524454,0.5428702249310458,384,96.0,10.458714144289587
LTC,2024-12-16 18:00:00+00:00,2024-12-16 18:00:00+00:00,2024-12-17 17:45:00+00:00,-1,120.96,129.02765644287865,104.82468711424268,129.02765644287865,stop,-1.0,-1.0201411621625638,95,23.75,8.067656442878658
LTC,2024-12-19 07:30:00+00:00,2024-12-19 07:30:00+00:00,2024-12-20 10:30:00+00:00,-1,109.27,118.7758790094073,90.25824198118538,90.25824198118538,alvo,2.0,1.9863565108329886,108,27.0,9.505879009407309
LTC,2024-12-21 18:30:00+00:00,2024-12-21 18:30:00+00:00,2024-12-24 15:45:00+00:00,-1,100.94,110.45199377557799,81.91601244884401,110.45199377557799,stop,-1.0,-1.0144454253436237,277,69.25,9.511993775577992
LTC,2024-12-25 14:45:00+00:00,2024-12-25 14:45:00+00:00,2024-12-26 17:30:00+00:00,1,109.44,102.09739354452476,124.12521291095047,102.09739354452476,stop,-1.0,-1.0187262257125889,107,26.75,7.342606455475234
LTC,2025-01-03 20:15:00+00:00,2025-01-03 20:15:00+00:00,2025-01-07 15:00:00+00:00,1,112.78,107.74803700011272,122.84392599977457,107.74803700011272,stop,-1.0,-1.0284865417439046,363,90.75,5.031962999887284
LTC,2025-01-07 19:45:00+00:00,2025-01-07 19:45:00+00:00,2025-01-08 17:30:00+00:00,1,103.6,98.76291310485166,113.27417379029666,98.76291310485166,stop,-1.0,-1.0271932045814778,87,21.75,4.837086895148332
LTC,2025-01-10 18:15:00+00:00,2025-01-10 18:15:00+00:00,2025-01-13 12:15:00+00:00,-1,105.63,111.64928703344194,93.59142593311611,93.59142593311611,alvo,2.0,1.9784868330523062,264,66.0,6.019287033441941
LTC,2025-01-13 20:30:00+00:00,2025-01-13 20:30:00+00:00,2025-01-15 14:15:00+00:00,1,95.26,90.78657015553901,104.206859688922,104.206859688922,alvo,2.0,1.9710169906971189,167,41.75,4.473429844460995
LTC,2025-01-15 17:00:00+00:00,2025-01-15 17:00:00+00:00,2025-01-15 23:00:00+00:00,-1,104.47,109.19076285940395,95.0284742811921,109.19076285940395,stop,-1.0,-1.029418867245568,24,6.0,4.720762859403948
LTC,2025-01-16 12:45:00+00:00,2025-01-16 12:45:00+00:00,2025-01-17 04:45:00+00:00,1,120.35,112.41608517355442,136.21782965289114,136.21782965289114,alvo,2.0,1.9789802269217085,64,16.0,7.933914826445573
LTC,2025-01-20 15:45:00+00:00,2025-01-20 15:45:00+00:00,2025-01-24 15:45:00+00:00,-1,120.38,130.91256368343505,99.31487263312988,120.92,tempo,-0.05126956895112666,-0.06616100514027363,384,96.0,10.532563683435058
LTC,2025-01-27 12:00:00+00:00,2025-01-27 12:00:00+00:00,2025-01-27 21:15:00+00:00,-1,106.81,114.58039436159693,91.26921127680615,114.58039436159693,stop,-1.0,-1.018519492015263,37,9.25,7.770394361596928
LTC,2025-01-30 11:45:00+00:00,2025-01-30 11:45:00+00:00,2025-02-01 22:30:00+00:00,1,128.74,119.09678061646643,148.02643876706716,119.09678061646643,stop,-1.0,-1.0167054072912394,235,58.75,9.643219383533577
LTC,2025-02-04 15:15:00+00:00,2025-02-04 15:15:00+00:00,2025-02-08 15:15:00+00:00,-1,102.9,114.09640562373227,80.50718875253548,102.55,tempo,0.03126003217122978,0.01933276689629735,384,96.0,11.196405623732261
LTC,2025-02-11 19:45:00+00:00,2025-02-11 19:45:00+00:00,2025-02-15 19:45:00+00:00,1,118.75,109.60466745995059,137.04066508009882,131.58,tempo,1.40290141925563,1.3851093379630757,384,96.0,9.14533254004941
LTC,2025-02-17 00:45:00+00:00,2025-02-17 00:45:00+00:00,2025-02-19 07:30:00+00:00,-1,126.53,135.29336687408554,109.00326625182893,135.29336687408554,stop,-1.0,-1.0194200688974253,219,54.75,8.763366874085534
LTC,2025-02-19 17:15:00+00:00,2025-02-19 17:15:00+00:00,2025-02-23 17:15:00+00:00,-1,136.17,145.609754625025,117.29049074994995,127.15,tempo,0.9555333118604317,0.9374016964955305,384,96.0,9.439754625025017
LTC,2025-02-26 05:00:00+00:00,2025-02-26 05:00:00+00:00,2025-02-26 23:00:00+00:00,-1,118.97,128.6697759098467,99.57044818030661,128.6697759098467,stop,-1.0,-1.0165948013477297,72,18.0,9.699775909846693
LTC,2025-02-28 23:45:00+00:00,2025-02-28 23:45:00+00:00,2025-03-03 20:45:00+00:00,-1,128.89,139.98667823555044,106.69664352889907,106.69664352889907,alvo,2.0,1.9862002560547176,276,69.0,11.096678235550456
LTC,2025-03-03 22:45:00+00:00,2025-03-03 22:45:00+00:00,2025-03-07 22:45:00+00:00,-1,109.73,119.40505258616676,90.37989482766649,104.53,tempo,0.5374647789961249,0.5230701285526612,384,96.0,9.675052586166757
LTC,2025-03-12 16:30:00+00:00,2025-03-12 16:30:00+00:00,2025-03-16 16:30:00+00:00,-1,89.75,96.77407121438377,75.70185757123247,90.75,tempo,-0.14236757707584427,-0.1590708530562677,384,96.0,7.024071214383767
LTC,2025-03-17 01:00:00+00:00,2025-03-17 01:00:00+00:00,2025-03-21 01:00:00+00:00,-1,91.89,96.62803631265542,82.41392737468915,92.83,tempo,-0.1983944271362446,-0.22373572721857937,384,96.0,4.738036312655424
LTC,2025-03-21 08:15:00+00:00,2025-03-21 08:15:00+00:00,2025-03-25 08:15:00+00:00,-1,93.03,96.787293296282,85.515413407436,92.59,tempo,0.11710557715454266,0.08499389715357196,384,96.0,3.7572932962820005
LTC,2025-03-25 13:00:00+00:00,2025-03-25 13:00:00+00:00,2025-03-28 06:00:00+00:00,1,92.81,89.73961305477836,98.95077389044329,89.73961305477836,stop,-1.0,-1.038645698604949,260,65.0,3.0703869452216423
LTC,2025-03-30 13:00:00+00:00,2025-03-30 13:00:00+00:00,2025-04-01 00:00:00+00:00,-1,85.99,89.23349067722829,79.5030186455434,82.94,fim_dados,0.9403449257348742,0.9064911210142659,140,35.0,3.2434906772282943
LINK,2023-01-04 01:30:00+00:00,2023-01-04 01:30:00+00:00,2023-01-06 13:15:00+00:00,1,5.672,5.516419798233704,5.983160403532591,5.516419798233704,stop,-1.0,-1.0467442051513485,239,59.75,0.15558020176629572
LINK,2023-01-07 05:30:00+00:00,2023-01-07 05:30:00+00:00,2023-01-08 23:15:00+00:00,-1,5.755,5.921817584082719,5.421364831834562,5.921817584082719,stop,-1.0,-1.0454983895815815,167,41.75,0.16681758408271907
LINK,2023-01-10 15:45:00+00:00,2023-01-10 15:45:00+00:00,2023-01-12 00:15:00+00:00,-1,6.118,6.330372607490346,5.69325478501931,6.330372607490346,stop,-1.0,-1.0381002158917156,130,32.5,0.21237260749034537
LINK,2023-01-12 16:30:00+00:00,2023-01-12 16:30:00+00:00,2023-01-13 21:00:00+00:00,-1,6.217,6.469403777023393,5.712192445953213,6.469403777023393,stop,-1.0,-1.032670519246235,114,28.5,0.25240377702339334
LINK,2023-01-21 16:00:00+00:00,2023-01-21 16:00:00+00:00,2023-01-24 22:30:00+00:00,1,6.914,6.532056231599009,7.677887536801981,6.532056231599009,stop,-1.0,-1.0228827834713188,314,78.5,0.38194376840099054
LINK,2023-01-25 21:15:00+00:00,2023-01-25 21:15:00+00:00,2023-01-26 20:30:00+00:00,-1,6.866,7.263945916269388,6.070108167461223,7.263945916269388,stop,-1.0,-1.0230796811076148,93,23.25,0.39794591626938836
LINK,2023-01-30 05:00:00+00:00,2023-01-30 05:00:00+00:00,2023-02-03 05:00:00+00:00,-1,7.353,7.727534627850612,6.603930744298776,7.107,tempo,0.6568151025493958,0.6317199596678438,384,96.0,0.3745346278506121
LINK,2023-02-04 11:45:00+00:00,2023-02-04 11:45:00+00:00,2023-02-08 11:45:00+00:00,-1,7.22,7.5440686269059745,6.57186274618805,7.21,tempo,0.0308576615251966,0.0019147178976378354,384,96.0,0.3240686269059747
LINK,2023-02-10 07:15:00+00:00,2023-02-10 07:15:00+00:00,2023-02-13 09:30:00+00:00,1,6.937,6.483589051837363,7.843821896325275,6.483589051837363,stop,-1.0,-1.019239462388467,297,74.25,0.45341094816263716
LINK,2023-02-15 04:15:00+00:00,2023-02-15 04:15:00+00:00,2023-02-15 20:15:00+00:00,-1,6.762,7.077933109254842,6.130133781490314,7.077933109254842,stop,-1.0,-1.0284742442545305,64,16.0,0.31593310925484275
LINK,2023-02-17 14:30:00+00:00,2023-02-17 14:30:00+00:00,2023-02-18 12:45:00+00:00,1,7.323,6.991894805441128,7.985210389117745,7.985210389117745,alvo,2.0,1.9699481103998284,89,22.25,0.3311051945588721
LINK,2023-02-18 12:45:00+00:00,2023-02-18 12:45:00+00:00,2023-02-22 12:45:00+00:00,-1,8.074,8.500203289927715,7.22159342014457,7.486,tempo,1.379623325056281,1.3558928653460443,384,96.0,0.42620328992771483
LINK,2023-02-26 10:00:00+00:00,2023-02-26 10:00:00+00:00,2023-03-02 10:00:00+00:00,1,7.414,7.042434154841784,8.157131690316431,7.297,tempo,-0.3148836243282276,-0.3406183632031862,384,96.0,0.3715658451582158
LINK,2023-03-06 19:15:00+00:00,2023-03-06 19:15:00+00:00,2023-03-07 15:15:00+00:00,1,6.937,6.689401233087641,7.432197533824719,6.689401233087641,stop,-1.0,-1.0357722330848362,80,20.0,0.24759876691235938
LINK,2023-03-13 18:30:00+00:00,2023-03-13 18:30:00+00:00,2023-03-15 17:00:00+00:00,1,6.764,6.413372432027874,7.465255135944253,6.413372432027874,stop,-1.0,-1.0244284616020238,186,46.5,0.35062756797212646
LINK,2023-03-16 22:15:00+00:00,2023-03-16 22:15:00+00:00,2023-03-20 16:00:00+00:00,1,6.637,6.245340394546738,7.420319210906523,7.420319210906523,alvo,2.0,1.9766704113473361,359,89.75,0.3916596054532615
LINK,2023-03-21 05:30:00+00:00,2023-03-21 05:30:00+00:00,2023-03-25 05:30:00+00:00,1,7.086,6.688553415874733,7.880893168250536,7.211,tempo,0.3145076722073484,0.29112578802169636,384,96.0,0.3974465841252677
LINK,2023-03-29 03:00:00+00:00,2023-03-29 03:00:00+00:00,2023-03-29 08:30:00+00:00,-1,6.979,7.255939877506607,6.425120244986787,7.255939877506607,stop,-1.0,-1.0334105402359708,22,5.5,0.27693987750660654
LINK,2023-03-30 15:15:00+00:00,2023-03-30 15:15:00+00:00,2023-04-03 15:15:00+00:00,1,7.299,6.981433235756411,7.9341335284871795,7.212,tempo,-0.2739581398173875,-0.30365945324817545,384,96.0,0.31756676424358954
LINK,2023-04-04 21:15:00+00:00,2023-04-04 21:15:00+00:00,2023-04-08 21:15:00+00:00,-1,7.448,7.737151682391961,6.86969663521608,7.124,tempo,1.1205191590785968,1.0877619573163726,384,96.0,0.2891516823919602
LINK,2023-04-11 18:30:00+00:00,2023-04-11 18:30:00+00:00,2023-04-12 02:30:00+00:00,1,7.354,7.158325442951955,7.745349114096091,7.158325442951955,stop,-1.0,-1.0482076549972852,32,8.0,0.19567455704804537
LINK,2023-04-18 12:45:00+00:00,2023-04-18 12:45:00+00:00,2023-04-19 08:30:00+00:00,-1,8.617,8.98725820688147,7.876483586237061,7.876483586237061,alvo,2.0,1.9710451675835883,79,19.75,0.37025820688146993
LINK,2023-04-23 04:45:00+00:00,2023-04-23 04:45:00+00:00,2023-04-26 20:15:00+00:00,1,7.113,6.784663484367016,7.769673031265969,6.784663484367016,stop,-1.0,-1.0275128742455688,350,87.5,0.3283365156329845
LINK,2023-04-26 20:30:00+00:00,2023-04-26 20:30:00+00:00,2023-04-30 20:30:00+00:00,1,6.855,6.529039345235815,7.506921309528371,7.041,tempo,0.5706210160074711,0.5429109231849664,384,96.0,0.32596065476418534
LINK,2023-05-04 00:30:00+00:00,2023-05-04 00:30:00+00:00,2023-05-05 12:45:00+00:00,1,7.131,6.891723581416579,7.609552837166843,6.891723581416579,stop,-1.0,-1.0380930573179028,145,36.25,0.23927641858342152
LINK,2023-05-07 11:00:00+00:00,2023-05-07 11:00:00+00:00,2023-05-08 02:00:00+00:00,-1,6.935,7.127789242803456,6.549421514393086,6.549421514393086,alvo,2.0,1.9545364987335365,60,15.0,0.19278924280345677
LINK,2023-05-10 17:30:00+00:00,2023-05-10 17:30:00+00:00,2023-05-14 17:30:00+00:00,-1,6.414,6.657708011373328,5.926583977253344,6.559,tempo,-0.5949742857565727,-0.6295749127629727,384,96.0,0.24370801137332787
LINK,2023-05-28 05:15:00+00:00,2023-05-28 05:15:00+00:00,2023-06-01 05:15:00+00:00,1,6.503,6.353204717483542,6.802590565032917,6.44,tempo,-0.4205739923290159,-0.476736975960197,384,96.0,0.14979528251645835
LINK,2023-06-02 11:30:00+00:00,2023-06-02 11:30:00+00:00,2023-06-05 15:30:00+00:00,1,6.401,6.251937998558727,6.699124002882545,6.251937998558727,stop,-1.0,-1.0551744215128054,304,76.0,0.14906200144127268
LINK,2023-06-07 12:00:00+00:00,2023-06-07 12:00:00+00:00,2023-06-07 19:15:00+00:00,1,6.101,5.909873781791703,6.483252436416595,5.909873781791703,stop,-1.0,-1.04084770802955,29,7.25,0.19112621820829734
LINK,2023-06-08 06:45:00+00:00,2023-06-08 06:45:00+00:00,2023-06-10 03:45:00+00:00,1,5.949,5.761653425666542,6.323693148666916,5.761653425666542,stop,-1.0,-1.0406301783406768,180,45.0,0.18734657433345792
LINK,2023-06-12 21:30:00+00:00,2023-06-12 21:30:00+00:00,2023-06-16 21:30:00+00:00,1,5.165,4.730454183540524,6.034091632918952,5.327,tempo,0.3728030367888892,0.35710894944140237,384,96.0,0.434545816459476
LINK,2023-06-24 20:45:00+00:00,2023-06-24 20:45:00+00:00,2023-06-28 19:45:00+00:00,1,6.071,5.799623105131947,6.613753789736105,5.799623105131947,stop,-1.0,-1.028432431663305,380,95.0,0.2713768948680526
LINK,2023-06-29 17:15:00+00:00,2023-06-29 17:15:00+00:00,2023-06-30 04:45:00+00:00,-1,5.915,6.171945755383193,5.401108489233613,6.171945755383193,stop,-1.0,-1.0305765500164903,46,11.5,0.2569457553831933
LINK,2023-07-04 05:00:00+00:00,2023-07-04 05:00:00+00:00,2023-07-05 10:45:00+00:00,1,6.52,6.231596277888852,7.096807444222295,6.231596277888852,stop,-1.0,-1.028739357175957,119,29.75,0.2884037221111475
LINK,2023-07-05 18:45:00+00:00,2023-07-05 18:45:00+00:00,2023-07-09 18:45:00+00:00,-1,6.267,6.5249339755239095,5.751132048952182,6.155,tempo,0.43421964777035843,0.40291590043114234,384,96.0,0.2579339755239092
LINK,2023-07-16 06:15:00+00:00,2023-07-16 06:15:00+00:00,2023-07-17 10:30:00+00:00,1,6.824,6.537207568976949,7.397584862046102,6.537207568976949,stop,-1.0,-1.0302824760362554,113,28.25,0.2867924310230512
LINK,2023-07-20 04:45:00+00:00,2023-07-20 04:45:00+00:00,2023-07-20 08:30:00+00:00,1,6.931,6.610592677908344,7.571814644183312,7.571814644183312,alvo,2.0,1.9705786077010359,15,3.75,0.3204073220916559
LINK,2023-07-21 04:00:00+00:00,2023-07-21 04:00:00+00:00,2023-07-25 04:00:00+00:00,-1,8.289,8.837407694235438,7.1921846115291235,7.623,tempo,1.2144249743404905,1.1955652827119487,384,96.0,0.5484076942354381
LINK,2023-07-28 12:30:00+00:00,2023-07-28 12:30:00+00:00,2023-08-01 12:30:00+00:00,-1,7.85,8.1901679692629,7.169664061474199,7.435,tempo,1.2199855292056188,1.1907786346778113,384,96.0,0.34016796926290027
LINK,2023-08-06 22:45:00+00:00,2023-08-06 22:45:00+00:00,2023-08-07 23:15:00+00:00,-1,7.144,7.356039673541194,6.719920652917612,7.356039673541194,stop,-1.0,-1.0444493505880197,98,24.5,0.21203967354119424
LINK,2023-08-08 02:15:00+00:00,2023-08-08 02:15:00+00:00,2023-08-09 12:45:00+00:00,1,7.315,7.080139041488264,7.7847219170234725,7.7847219170234725,alvo,2.0,1.9582100860515104,138,34.5,0.23486095851173605
LINK,2023-08-11 20:00:00+00:00,2023-08-11 20:00:00+00:00,2023-08-15 18:15:00+00:00,1,7.427,7.18659850520306,7.907802989593879,7.18659850520306,stop,-1.0,-1.039512395862619,377,94.25,0.24040149479693973
LINK,2023-08-16 19:00:00+00:00,2023-08-16 19:00:00+00:00,2023-08-17 21:45:00+00:00,-1,6.873,7.109007633405833,6.400984733188335,6.400984733188335,alvo,2.0,1.9634414787688845,107,26.75,0.23600763340583253
LINK,2023-08-18 07:15:00+00:00,2023-08-18 07:15:00+00:00,2023-08-22 07:15:00+00:00,-1,6.241,6.985937896911525,4.751124206176948,6.166,tempo,0.10067953357044318,0.08985373180436951,384,96.0,0.7449378969115257
LINK,2023-09-03 12:45:00+00:00,2023-09-03 12:45:00+00:00,2023-09-07 12:45:00+00:00,1,6.058,5.873261822929114,6.427476354141772,6.215,tempo,0.8498514085681231,0.8066689428402137,384,96.0,0.18473817707088624
LINK,2023-09-10 08:30:00+00:00,2023-09-10 08:30:00+00:00,2023-09-11 09:00:00+00:00,1,6.104,5.933067455152104,6.4458650896957925,5.933067455152104,stop,-1.0,-1.0457729910521785,98,24.5,0.17093254484789622
LINK,2023-09-12 12:15:00+00:00,2023-09-12 12:15:00+00:00,2023-09-15 03:00:00+00:00,-1,6.034,6.232718265610206,5.636563468779587,6.232718265610206,stop,-1.0,-1.0401239757611749,251,62.75,0.19871826561020622
LINK,2023-09-22 03:00:00+00:00,2023-09-22 03:00:00+00:00,2023-09-22 19:15:00+00:00,-1,6.664,6.933465131356299,6.125069737287401,6.933465131356299,stop,-1.0,-1.032799614150059,65,16.25,0.26946513135629946
LINK,2023-10-07 01:15:00+00:00,2023-10-07 01:15:00+00:00,2023-10-11 01:15:00+00:00,-1,7.643,7.960523045837325,7.007953908325349,7.309,tempo,1.0518921520144262,1.0212839800174267,384,96.0,0.3175230458373255
LINK,2023-10-11 23:15:00+00:00,2023-10-11 23:15:00+00:00,2023-10-15 23:15:00+00:00,-1,7.393,7.6567722603815636,6.865455479236872,7.391,tempo,0.007582298446040722,-0.02884912912749975,384,96.0,0.26377226038156376
LINK,2023-10-19 11:45:00+00:00,2023-10-19 11:45:00+00:00,2023-10-21 07:45:00+00:00,1,7.319,7.073647434146569,7.809705131706862,7.809705131706862,alvo,2.0,1.9599202955086115,176,44.0,0.24535256585343124
LINK,2023-10-23 20:30:00+00:00,2023-10-23 20:30:00+00:00,2023-10-27 20:30:00+00:00,1,10.306,9.435736245681095,12.046527508637807,11.184,tempo,1.0088895414093753,0.9928386603624768,384,96.0,0.8702637543189038
LINK,2023-10-30 12:30:00+00:00,2023-10-30 12:30:00+00:00,2023-11-03 01:30:00+00:00,1,11.433,10.57943805205975,13.1401238958805,10.57943805205975,stop,-1.0,-1.0167627959146561,340,85.0,0.8535619479402499
LINK,2023-11-04 08:15:00+00:00,2023-11-04 08:15:00+00:00,2023-11-06 06:45:00+00:00,1,11.263,10.576367042328618,12.636265915342763,12.636265915342763,alvo,2.0,1.977375797838694,186,46.5,0.6866329576713817
LINK,2023-11-07 12:45:00+00:00,2023-11-07 12:45:00+00:00,2023-11-08 19:15:00+00:00,1,12.833,12.012822499683676,14.47335500063265,14.47335500063265,alvo,2.0,1.9783594030029283,122,30.5,0.8201775003163245
LINK,2023-11-09 13:00:00+00:00,2023-11-09 13:00:00+00:00,2023-11-09 16:15:00+00:00,-1,15.428,16.424282112230575,13.435435775538853,13.435435775538853,alvo,2.0,1.9811687542877832,13,3.25,0.9962821122305741
LINK,2023-11-14 11:15:00+00:00,2023-11-14 11:15:00+00:00,2023-11-18 11:15:00+00:00,-1,14.398,15.594799416733991,12.004401166532016,13.44,tempo,0.8004683045504286,0.7853490625563277,384,96.0,1.1967994167339917
LINK,2023-11-20 23:00:00+00:00,2023-11-20 23:00:00+00:00,2023-11-21 18:15:00+00:00,1,14.47,13.541231470551534,16.327537058896937,13.541231470551534,stop,-1.0,-1.0196037008991579,77,19.25,0.9287685294484671
LINK,2023-11-25 10:45:00+00:00,2023-11-25 10:45:00+00:00,2023-11-27 19:45:00+00:00,1,14.792,13.962059103595728,16.451881792808543,13.962059103595728,stop,-1.0,-1.0225198426759212,228,57.0,0.8299408964042723
LINK,2023-11-29 17:30:00+00:00,2023-11-29 17:30:00+00:00,2023-12-02 02:00:00+00:00,-1,14.516,15.2105873579583,13.1268252840834,15.2105873579583,stop,-1.0,-1.0278183608746776,226,56.5,0.6945873579582997
LINK,2023-12-03 21:00:00+00:00,2023-12-03 21:00:00+00:00,2023-12-07 21:00:00+00:00,-1,15.874,16.505719667357432,14.610560665285137,15.29,tempo,0.9244606906777998,0.892394885152485,384,96.0,0.6317196673574319
LINK,2023-12-07 22:45:00+00:00,2023-12-07 22:45:00+00:00,2023-12-08 11:00:00+00:00,-1,15.547,16.428829848267586,13.78334030346483,16.428829848267586,stop,-1.0,-1.0235695008988481,49,12.25,0.8818298482675857
LINK,2023-12-10 15:30:00+00:00,2023-12-10 15:30:00+00:00,2023-12-11 02:15:00+00:00,-1,16.164,17.097165943180674,14.297668113638657,14.297668113638657,alvo,2.0,1.9787818185837591,43,10.75,0.933165943180672
LINK,2023-12-17 05:15:00+00:00,2023-12-17 05:15:00+00:00,2023-12-21 05:15:00+00:00,1,14.281,13.475794579570378,15.891410840859246,14.273,tempo,-0.009935352888872062,-0.03298549578296378,384,96.0,0.8052054204296226
LINK,2023-12-22 08:45:00+00:00,2023-12-22 08:45:00+00:00,2023-12-24 19:30:00+00:00,-1,15.147,15.975022469923633,13.490955060152734,15.975022469923633,stop,-1.0,-1.0244308763834828,235,58.75,0.8280224699236332
LINK,2023-12-27 00:00:00+00:00,2023-12-27 00:00:00+00:00,2023-12-27 16:45:00+00:00,1,15.108,14.323072638991235,16.677854722017532,16.677854722017532,alvo,2.0,1.9736780667923732,67,16.75,0.7849273610087657
LINK,2023-12-27 17:15:00+00:00,2023-12-27 17:15:00+00:00,2023-12-28 01:00:00+00:00,-1,16.382,17.288889052482162,14.56822189503568,17.288889052482162,stop,-1.0,-1.0241331371508027,31,7.75,0.9068890524821605
LINK,2023-12-28 06:45:00+00:00,2023-12-28 06:45:00+00:00,2023-12-28 14:45:00+00:00,1,17.186,16.167779006538478,19.222441986923045,16.167779006538478,stop,-1.0,-1.0212919950516315,32,8.0,1.0182209934615223
LINK,2023-12-30 23:45:00+00:00,2023-12-30 23:45:00+00:00,2024-01-02 11:15:00+00:00,-1,15.204,16.086925021896377,13.438149956207248,16.086925021896377,stop,-1.0,-1.0230360458247605,238,59.5,0.8829250218963764
LINK,2024-01-17 12:30:00+00:00,2024-01-17 12:30:00+00:00,2024-01-18 16:45:00+00:00,1,15.812,14.871189577290272,17.693620845419453,14.871189577290272,stop,-1.0,-1.0211988225723474,113,28.25,0.9408104227097276
LINK,2024-01-18 19:30:00+00:00,2024-01-18 19:30:00+00:00,2024-01-19 23:45:00+00:00,1,14.628,13.76891464639745,16.3461707072051,16.3461707072051,alvo,2.0,1.9765643647918623,113,28.25,0.8590853536025502
LINK,2024-01-23 17:30:00+00:00,2024-01-23 17:30:00+00:00,2024-01-27 17:30:00+00:00,-1,14.107,14.966325410415662,12.388349179168674,14.282,tempo,-0.20364811499679944,-0.22512176139004902,384,96.0,0.8593254104156625
LINK,2024-01-31 13:15:00+00:00,2024-01-31 13:15:00+00:00,2024-02-01 20:15:00+00:00,1,15.616,14.880341375594615,17.08731724881077,17.08731724881077,alvo,2.0,1.9711045918493668,124,31.0,0.7356586244053851
LINK,2024-02-03 04:30:00+00:00,2024-02-03 04:30:00+00:00,2024-02-05 04:30:00+00:00,-1,17.662,18.781373083474847,15.423253833050303,18.781373083474847,stop,-1.0,-1.0211620172523033,192,48.0,1.1193730834748479
LINK,2024-02-05 08:00:00+00:00,2024-02-05 08:00:00+00:00,2024-02-05 14:45:00+00:00,-1,18.705,19.784306205886327,16.54638758822734,19.784306205886327,stop,-1.0,-1.0231797509338707,27,6.75,1.0793062058863292
LINK,2024-02-11 16:45:00+00:00,2024-02-11 16:45:00+00:00,2024-02-15 16:45:00+00:00,-1,20.213,21.156983303908884,18.325033392182235,20.084,tempo,0.13665495932590446,0.10890759357108784,384,96.0,0.9439833039088832
LINK,2024-02-17 19:30:00+00:00,2024-02-17 19:30:00+00:00,2024-02-20 15:30:00+00:00,-1,20.059,20.922007535923015,18.332984928153973,18.332984928153973,alvo,2.0,1.9710839254994337,272,68.0,0.863007535923014
LINK,2024-02-20 19:30:00+00:00,2024-02-20 19:30:00+00:00,2024-02-21 12:15:00+00:00,1,18.988,18.128472510905777,20.707054978188445,18.128472510905777,stop,-1.0,-1.0280685695782839,67,16.75,0.8595274890942228
LINK,2024-02-21 20:15:00+00:00,2024-02-21 20:15:00+00:00,2024-02-25 20:15:00+00:00,1,18.289,17.458060897313633,19.95087820537274,18.849,tempo,0.6739362706479421,0.6448851645897989,384,96.0,0.8309391026863686
LINK,2024-02-25 21:30:00+00:00,2024-02-25 21:30:00+00:00,2024-02-27 11:00:00+00:00,-1,18.684,19.38799768793352,17.276004624132963,19.38799768793352,stop,-1.0,-1.035151817855819,150,37.5,0.7039976879335192
LINK,2024-02-28 02:45:00+00:00,2024-02-28 02:45:00+00:00,2024-02-28 11:45:00+00:00,-1,18.933,19.64613538322269,17.506729233554623,19.64613538322269,stop,-1.0,-1.035163642961836,36,9.0,0.7131353832226885
LINK,2024-03-01 18:00:00+00:00,2024-03-01 18:00:00+00:00,2024-03-02 05:15:00+00:00,-1,19.93,21.047168050910805,17.69566389817839,21.047168050910805,stop,-1.0,-1.0238416764705873,45,11.25,1.1171680509108057
LINK,2024-03-02 12:15:00+00:00,2024-03-02 12:15:00+00:00,2024-03-03 07:30:00+00:00,1,20.905,19.733912213042952,23.2471755739141,19.733912213042952,stop,-1.0,-1.0225562022187211,77,19.25,1.1710877869570488
LINK,2024-03-03 18:15:00+00:00,2024-03-03 18:15:00+00:00,2024-03-05 19:45:00+00:00,1,20.559,19.34831993818193,22.980360123636142,19.34831993818193,stop,-1.0,-1.0214257744699824,198,49.5,1.2106800618180706
LINK,2024-03-11 09:00:00+00:00,2024-03-11 09:00:00+00:00,2024-03-15 09:00:00+00:00,-1,21.507,22.948568648477195,18.623862703045614,18.922,tempo,1.7931855015927787,1.7749561581426698,384,96.0,1.441568648477194
LINK,2024-03-19 03:00:00+00:00,2024-03-19 03:00:00+00:00,2024-03-21 17:15:00+00:00,-1,17.675,18.87317148168882,15.27865703662236,18.87317148168882,stop,-1.0,-1.0198271381235124,249,62.25,1.1981714816888207
LINK,2024-03-24 05:15:00+00:00,2024-03-24 05:15:00+00:00,2024-03-25 14:15:00+00:00,-1,18.092,19.185024664021682,15.905950671956631,19.185024664021682,stop,-1.0,-1.0221679041920808,132,33.0,1.0930246640216836
LINK,2024-03-28 16:30:00+00:00,2024-03-28 16:30:00+00:00,2024-04-01 16:30:00+00:00,-1,19.379,20.322015555467495,17.492968889065015,18.116,tempo,1.339320430800188,1.3134759472615067,384,96.0,0.9430155554674933
LINK,2024-04-05 02:30:00+00:00,2024-04-05 02:30:00+00:00,2024-04-09 02:30:00+00:00,1,17.424,16.600792774685754,19.07041445062849,18.096,tempo,0.8163193656900617,0.788272964625996,384,96.0,0.8232072253142455
LINK,2024-04-10 06:15:00+00:00,2024-04-10 06:15:00+00:00,2024-04-10 12:45:00+00:00,1,17.524,16.854523530733765,18.862952938532473,16.854523530733765,stop,-1.0,-1.0333783804522194,26,6.5,0.669476469266236
LINK,2024-04-11 21:30:00+00:00,2024-04-11 21:30:00+00:00,2024-04-12 17:30:00+00:00,-1,17.491,18.184588165396256,16.103823669207486,16.103823669207486,alvo,2.0,1.968516424480067,80,20.0,0.6935881653962568
LINK,2024-04-15 11:45:00+00:00,2024-04-15 11:45:00+00:00,2024-04-19 11:45:00+00:00,-1,14.456,15.954070398525923,11.459859202948152,13.907,tempo,0.36647142920666903,0.35416496482546195,384,96.0,1.4980703985259236
LINK,2024-04-21 14:45:00+00:00,2024-04-21 14:45:00+00:00,2024-04-22 03:30:00+00:00,-1,14.776,15.743081454545676,12.841837090908648,15.743081454545676,stop,-1.0,-1.020512649531444,51,12.75,0.9670814545456761
LINK,2024-04-23 05:45:00+00:00,2024-04-23 05:45:00+00:00,2024-04-27 05:45:00+00:00,-1,15.543,16.42175342318468,13.78549315363064,14.207,tempo,1.520335471534457,1.4983298673572134,384,96.0,0.8787534231846799
LINK,2024-04-28 06:30:00+00:00,2024-04-28 06:30:00+00:00,2024-04-30 09:00:00+00:00,1,14.255,13.596375994005854,15.572248011988295,13.596375994005854,stop,-1.0,-1.0274866907846427,202,50.5,0.658624005994147
LINK,2024-05-04 21:15:00+00:00,2024-05-04 21:15:00+00:00,2024-05-06 08:30:00+00:00,-1,14.362,14.969556190215162,13.146887619569677,14.969556190215162,stop,-1.0,-1.0313806555355611,141,35.25,0.6075561902151616
LINK,2024-05-10 15:00:00+00:00,2024-05-10 15:00:00+00:00,2024-05-13 03:00:00+00:00,1,13.805,13.229143979622874,14.956712040754251,13.229143979622874,stop,-1.0,-1.030514908180081,240,60.0,0.5758560203771257
LINK,2024-05-16 06:30:00+00:00,2024-05-16 06:30:00+00:00,2024-05-16 19:15:00+00:00,-1,14.013,14.582207154310288,12.874585691379425,14.582207154310288,stop,-1.0,-1.0326539898691602,51,12.75,0.5692071543102877
LINK,2024-05-16 22:45:00+00:00,2024-05-16 22:45:00+00:00,2024-05-20 22:45:00+00:00,1,15.665,14.824386462901003,17.34622707419799,17.234,tempo,1.8664938533047055,1.8410548744443382,384,96.0,0.8406135370989958
LINK,2024-05-24 02:45:00+00:00,2024-05-24 02:45:00+00:00,2024-05-28 02:45:00+00:00,1,17.099,16.053848347978512,19.189303304042976,18.404,tempo,1.2486226256983128,1.2265426242407582,384,96.0,1.045151652021488
LINK,2024-05-30 00:15:00+00:00,2024-05-30 00:15:00+00:00,2024-05-31 16:00:00+00:00,1,18.497,17.54737442929536,20.39625114140928,17.54737442929536,stop,-1.0,-1.024671664392585,159,39.75,0.9496255707046402
LINK,2024-06-06 15:00:00+00:00,2024-06-06 15:00:00+00:00,2024-06-07 18:15:00+00:00,1,17.499,16.96629339356156,18.564413212876875,16.96629339356156,stop,-1.0,-1.0420539945160299,109,27.25,0.5327066064384383
LINK,2024-06-07 19:15:00+00:00,2024-06-07 19:15:00+00:00,2024-06-11 19:15:00+00:00,-1,16.25,17.65299192766405,13.444016144671899,14.999,tempo,0.8916658573245577,0.877188332828876,384,96.0,1.4029919276640506
LINK,2024-06-12 03:45:00+00:00,2024-06-12 03:45:00+00:00,2024-06-12 14:30:00+00:00,-1,15.178,16.02684596478199,13.48030807043602,16.02684596478199,stop,-1.0,-1.0238949711945884,43,10.75,0.8488459647819901
LINK,2024-06-23 08:45:00+00:00,2024-06-23 08:45:00+00:00,2024-06-24 05:15:00+00:00,1,13.623,13.011086969835924,14.84682606032815,13.011086969835924,stop,-1.0,-1.0282918579552904,82,20.5,0.6119130301640752
LINK,2024-06-24 15:45:00+00:00,2024-06-24 15:45:00+00:00,2024-06-25 02:30:00+00:00,-1,13.195,13.825190394689532,11.934619210620937,13.825190394689532,stop,-1.0,-1.0278695516538312,43,10.75,0.6301903946895315
LINK,2024-06-26 15:00:00+00:00,2024-06-26 15:00:00+00:00,2024-06-27 17:45:00+00:00,-1,13.945,14.550815728365412,12.733368543269176,14.550815728365412,stop,-1.0,-1.0305741157850319,107,26.75,0.6058157283654122
LINK,2024-07-04 10:00:00+00:00,2024-07-04 10:00:00+00:00,2024-07-04 23:45:00+00:00,1,13.146,12.540365439445868,14.357269121108267,12.540365439445868,stop,-1.0,-1.0275680065555761,55,13.75,0.6056345605541331
LINK,2024-07-08 03:15:00+00:00,2024-07-08 03:15:00+00:00,2024-07-12 03:15:00+00:00,1,12.252,11.453393077235202,13.849213845529599,12.465,tempo,0.266714442272285,0.24659684806914578,384,96.0,0.7986069227647992
LINK,2024-07-13 12:30:00+00:00,2024-07-13 12:30:00+00:00,2024-07-15 01:15:00+00:00,-1,13.018,13.644870221074688,11.764259557850625,13.644870221074688,stop,-1.0,-1.0276466564546438,147,36.75,0.6268702210746877
LINK,2024-07-15 19:15:00+00:00,2024-07-15 19:15:00+00:00,2024-07-16 17:45:00+00:00,-1,14.051,14.61544721499517,12.922105570009661,14.61544721499517,stop,-1.0,-1.0330113962736203,90,22.5,0.5644472149951696
LINK,2024-07-20 12:00:00+00:00,2024-07-20 12:00:00+00:00,2024-07-21 14:45:00+00:00,-1,13.905,14.46135937822716,12.792281243545679,14.46135937822716,stop,-1.0,-1.0331406898443967,107,26.75,0.5563593782271603
LINK,2024-07-27 00:00:00+00:00,2024-07-27 00:00:00+00:00,2024-07-31 00:00:00+00:00,-1,13.521,14.084971737614552,12.393056524770898,13.129,tempo,0.6950702913909407,0.6643550997516051,384,96.0,0.5639717376145512
LINK,2024-08-02 15:30:00+00:00,2024-08-02 15:30:00+00:00,2024-08-04 17:15:00+00:00,-1,11.937,12.548623854912556,10.713752290174886,10.713752290174886,alvo,2.0,1.9759280334304183,199,49.75,0.6116238549125566
LINK,2024-08-07 19:00:00+00:00,2024-08-07 19:00:00+00:00,2024-08-11 19:00:00+00:00,1,9.542,8.589564012016266,11.446871975967467,10.4,tempo,0.900847942355003,0.8872383138198185,384,96.0,0.9524359879837334
LINK,2024-08-13 05:15:00+00:00,2024-08-13 05:15:00+00:00,2024-08-17 05:15:00+00:00,-1,10.354,11.010663945205025,9.040672109589948,10.078,tempo,0.42030631042766686,0.40008165808155177,384,96.0,0.6566639452050254
LINK,2024-08-18 03:45:00+00:00,2024-08-18 03:45:00+00:00,2024-08-21 17:30:00+00:00,-1,10.1,10.559293179094,9.181413641811998,10.559293179094,stop,-1.0,-1.0292374047289363,343,85.75,0.4592931790940007
LINK,2024-08-30 09:15:00+00:00,2024-08-30 09:15:00+00:00,2024-08-30 15:15:00+00:00,1,11.154,10.619154026328399,12.223691947343202,10.619154026328399,stop,-1.0,-1.0264609828133495,24,6.0,0.5348459736716009
LINK,2024-09-01 13:45:00+00:00,2024-09-01 13:45:00+00:00,2024-09-05 13:45:00+00:00,-1,10.652,11.094365544827241,9.767268910345516,10.195,tempo,1.0330822672422928,1.0024502477316142,384,96.0,0.44236554482724166
LINK,2024-09-06 20:30:00+00:00,2024-09-06 20:30:00+00:00,2024-09-08 08:45:00+00:00,1,9.497,9.073029958157587,10.344940083684826,10.344940083684826,alvo,2.0,1.9695797821035927,145,36.25,0.4239700418424128
LINK,2024-09-09 15:45:00+00:00,2024-09-09 15:45:00+00:00,2024-09-13 00:15:00+00:00,-1,10.365,10.8144265582169,9.466146883566202,10.8144265582169,stop,-1.0,-1.0306315392607417,322,80.5,0.44942655821689925
LINK,2024-09-16 05:45:00+00:00,2024-09-16 05:45:00+00:00,2024-09-19 12:15:00+00:00,1,10.624,10.275084970636827,11.321830058726347,11.321830058726347,alvo,2.0,1.95911672373584,314,78.5,0.3489150293631731
LINK,2024-09-19 15:30:00+00:00,2024-09-19 15:30:00+00:00,2024-09-23 15:30:00+00:00,1,11.198,10.797697529264783,11.998604941470436,11.543,tempo,0.8618482902849753,0.8249220880238421,384,96.0,0.40030247073521785
LINK,2024-09-26 11:00:00+00:00,2024-09-26 11:00:00+00:00,2024-09-27 04:30:00+00:00,-1,12.328,12.82913543973433,11.325729120531339,12.82913543973433,stop,-1.0,-1.0326301768729351,70,17.5,0.5011354397343304
LINK,2024-10-09 05:45:00+00:00,2024-10-09 05:45:00+00:00,2024-10-09 21:00:00+00:00,1,10.883,10.457277750997939,11.73444449800412,10.457277750997939,stop,-1.0,-1.032582700506408,61,15.25,0.42572224900206024
LINK,2024-10-10 14:15:00+00:00,2024-10-10 14:15:00+00:00,2024-10-11 15:15:00+00:00,-1,10.44,10.828288428076815,9.663423143846368,10.828288428076815,stop,-1.0,-1.0356033980892034,100,25.0,0.38828842807681596
LINK,2024-10-12 15:00:00+00:00,2024-10-12 15:00:00+00:00,2024-10-15 03:15:00+00:00,-1,11.089,11.470758321516028,10.325483356967945,11.470758321516028,stop,-1.0,-1.0384113248684477,241,60.25,0.3817583215160276
LINK,2024-10-21 00:00:00+00:00,2024-10-21 00:00:00+00:00,2024-10-21 14:00:00+00:00,1,11.976,11.575232809337402,12.777534381325198,11.575232809337402,stop,-1.0,-1.0381974914182963,56,14.0,0.4007671906625987
LINK,2024-10-22 20:30:00+00:00,2024-10-22 20:30:00+00:00,2024-10-23 09:00:00+00:00,1,11.971,11.458513993129586,12.995972013740829,11.458513993129586,stop,-1.0,-1.029716292525788,50,12.5,0.5124860068704145
LINK,2024-10-23 16:00:00+00:00,2024-10-23 16:00:00+00:00,2024-10-25 23:30:00+00:00,1,11.317,10.850729739139549,12.249540521720903,10.850729739139549,stop,-1.0,-1.030902730755014,222,55.5,0.4662702608604512
LINK,2024-10-26 21:15:00+00:00,2024-10-26 21:15:00+00:00,2024-10-30 14:15:00+00:00,1,11.073,10.494975134368438,12.229049731263125,12.229049731263125,alvo,2.0,1.9737964000756751,356,89.0,0.5780248656315621
LINK,2024-10-30 15:00:00+00:00,2024-10-30 15:00:00+00:00,2024-11-01 02:15:00+00:00,-1,12.357,12.913102269972612,11.244795460054775,11.244795460054775,alvo,2.0,1.9724130472443655,141,35.25,0.5561022699726124
LINK,2024-11-02 19:00:00+00:00,2024-11-02 19:00:00+00:00,2024-11-04 21:45:00+00:00,-1,11.126,11.632517704279293,10.112964591441413,10.112964591441413,alvo,2.0,1.9727446309027243,203,50.75,0.5065177042792932
LINK,2024-11-04 23:30:00+00:00,2024-11-04 23:30:00+00:00,2024-11-06 02:30:00+00:00,1,10.238,9.759338349317781,11.195323301364436,11.195323301364436,alvo,2.0,1.9708945554212864,108,27.0,0.4786616506822181
LINK,2024-11-07 20:30:00+00:00,2024-11-07 20:30:00+00:00,2024-11-09 23:45:00+00:00,1,12.552,11.905972853947299,13.844054292105401,13.844054292105401,alvo,2.0,1.9734416186770132,205,51.25,0.6460271460527007
LINK,2024-11-10 13:00:00+00:00,2024-11-10 13:00:00+00:00,2024-11-10 21:15:00+00:00,1,14.658,13.847017258073736,16.27996548385253,13.847017258073736,stop,-1.0,-1.0228466775676868,33,8.25,0.8109827419262636
LINK,2024-11-12 21:00:00+00:00,2024-11-12 21:00:00+00:00,2024-11-13 06:45:00+00:00,1,14.071,13.099888374900019,16.013223250199964,13.099888374900019,stop,-1.0,-1.0181864545611496,39,9.75,0.9711116250999812
LINK,2024-11-13 09:45:00+00:00,2024-11-13 09:45:00+00:00,2024-11-13 15:00:00+00:00,-1,13.37,14.31987316474172,11.470253670516557,14.31987316474172,stop,-1.0,-1.0189482324853087,21,5.25,0.9498731647417209
LINK,2024-11-22 13:15:00+00:00,2024-11-22 13:15:00+00:00,2024-11-23 13:00:00+00:00,1,15.342,14.210303391214438,17.605393217571127,17.605393217571127,alvo,2.0000000000000018,1.981076372037201,95,23.75,1.1316966087855622
LINK,2024-11-23 22:30:00+00:00,2024-11-23 22:30:00+00:00,2024-11-27 22:30:00+00:00,-1,17.621,19.180968853779632,14.501062292440732,18.531,tempo,-0.5833449801226288,-0.5984086142093383,384,96.0,1.5599688537796332
LINK,2024-12-02 16:30:00+00:00,2024-12-02 16:30:00+00:00,2024-12-02 21:00:00+00:00,1,21.406,19.460713977324005,25.296572045351986,25.296572045351986,alvo,2.0,1.984394751478387,18,4.5,1.9452860226759938
LINK,2024-12-09 10:45:00+00:00,2024-12-09 10:45:00+00:00,2024-12-09 20:45:00+00:00,1,25.179,22.798981538770363,29.93903692245927,22.798981538770363,stop,-1.0,-1.0131031286135859,40,10.0,2.3800184612296356
LINK,2024-12-11 14:45:00+00:00,2024-12-11 14:45:00+00:00,2024-12-12 05:30:00+00:00,1,23.457,20.80919329858476,28.752613402830484,28.752613402830484,alvo,2.0,1.9871832605100286,59,14.75,2.6478067014152415
LINK,2024-12-14 13:15:00+00:00,2024-12-14 13:15:00+00:00,2024-12-18 13:15:00+00:00,1,29.069,25.984573911476037,35.23785217704793,27.168,tempo,-0.6163221116151675,-0.6281732790449868,384,96.0,3.084426088523962
LINK,2024-12-19 07:30:00+00:00,2024-12-19 07:30:00+00:00,2024-12-20 11:45:00+00:00,-1,24.879,27.14662948270571,20.343741034588586,20.343741034588586,alvo,2.0,1.9870372201911006,113,28.25,2.2676294827057077
LINK,2024-12-21 18:30:00+00:00,2024-12-21 18:30:00+00:00,2024-12-23 21:30:00+00:00,-1,22.508,24.8547254274971,17.814549145005795,24.8547254274971,stop,-1.0,-1.0131186082390164,204,51.0,2.346725427497102
LINK,2024-12-25 14:45:00+00:00,2024-12-25 14:45:00+00:00,2024-12-26 17:45:00+00:00,1,24.754,22.63076589869333,29.000468202613344,22.63076589869333,stop,-1.0,-1.0145062185159874,108,27.0,2.1232341013066716
LINK,2025-01-03 20:15:00+00:00,2025-01-03 20:15:00+00:00,2025-01-07 15:15:00+00:00,1,23.605,22.31431675619087,26.186366487618262,22.31431675619087,stop,-1.0,-1.0231253919462349,364,91.0,1.2906832438091307
LINK,2025-01-07 19:45:00+00:00,2025-01-07 19:45:00+00:00,2025-01-08 17:00:00+00:00,1,21.528,20.354456258191554,23.875087483616888,20.354456258191554,stop,-1.0,-1.023197768943723,85,21.25,1.1735437418084445
LINK,2025-01-10 18:15:00+00:00,2025-01-10 18:15:00+00:00,2025-01-14 18:15:00+00:00,-1,20.334,21.63508761515775,17.731824769684497,20.243,tempo,0.06994148506207072,0.04966994478090208,384,96.0,1.3010876151577513
LINK,2025-01-15 17:00:00+00:00,2025-01-15 17:00:00+00:00,2025-01-16 12:30:00+00:00,-1,21.423,22.734557021586728,18.79988595682654,22.734557021586728,stop,-1.0,-1.021884227366117,78,19.5,1.3115570215867294
LINK,2025-01-16 12:45:00+00:00,2025-01-16 12:45:00+00:00,2025-01-18 01:15:00+00:00,1,22.778,21.399498990293953,25.53500201941209,25.53500201941209,alvo,2.0,1.9772191307140832,146,36.5,1.3785010097060457
LINK,2025-01-20 15:45:00+00:00,2025-01-20 15:45:00+00:00,2025-01-24 15:45:00+00:00,-1,25.944,28.57495803065231,20.682083938695374,25.741,tempo,0.07715820535140508,0.06438899747784942,384,96.0,2.6309580306523124
LINK,2025-01-27 12:00:00+00:00,2025-01-27 12:00:00+00:00,2025-01-27 15:30:00+00:00,-1,22.406,24.0817793723777,19.054441255244598,24.0817793723777,stop,-1.0,-1.0180316437176165,14,3.5,1.6757793723777006
LINK,2025-01-30 11:45:00+00:00,2025-01-30 11:45:00+00:00,2025-02-02 03:15:00+00:00,1,24.424,22.52812526777639,28.21574946444722,22.52812526777639,stop,-1.0,-1.0160975200024214,254,63.5,1.8958747322236107
LINK,2025-02-04 15:15:00+00:00,2025-02-04 15:15:00+00:00,2025-02-08 15:15:00+00:00,-1,20.463,22.896878613177755,15.595242773644493,18.119,tempo,0.9630718587643925,0.9527680170426983,384,96.0,2.433878613177754
LINK,2025-02-11 19:45:00+00:00,2025-02-11 19:45:00+00:00,2025-02-15 19:45:00+00:00,1,18.313,17.037120837463146,20.864758325073705,18.943,tempo,0.49377716832318386,0.4747970009914672,384,96.0,1.275879162536853
LINK,2025-02-17 00:45:00+00:00,2025-02-17 00:45:00+00:00,2025-02-17 14:15:00+00:00,-1,18.696,19.671964152646893,16.744071694706218,19.671964152646893,stop,-1.0,-1.0255533736885556,54,13.5,0.9759641526468918
LINK,2025-02-18 13:15:00+00:00,2025-02-18 13:15:00+00:00,2025-02-21 19:45:00+00:00,1,18.208,17.211354712588452,20.20129057482309,17.211354712588452,stop,-1.0,-1.0231000746744872,314,78.5,0.9966452874115461
LINK,2025-02-22 18:30:00+00:00,2025-02-22 18:30:00+00:00,2025-02-24 03:30:00+00:00,1,17.978,17.083054536197892,19.76789092760422,17.083054536197892,stop,-1.0,-1.0254648873817498,132,33.0,0.8949454638021095
LINK,2025-02-26 05:00:00+00:00,2025-02-26 05:00:00+00:00,2025-03-02 05:00:00+00:00,-1,15.402,16.538715958984348,13.128568082031302,14.794,tempo,0.5348741655243799,0.5176074069776476,384,96.0,1.1367159589843485
LINK,2025-03-03 22:45:00+00:00,2025-03-03 22:45:00+00:00,2025-03-05 09:00:00+00:00,-1,14.595,15.919162633310826,11.94667473337835,15.919162633310826,stop,-1.0,-1.0149786780057826,137,34.25,1.3241626333108254
LINK,2025-03-05 15:45:00+00:00,2025-03-05 15:45:00+00:00,2025-03-06 07:00:00+00:00,-1,15.723,17.33779413957547,12.493411720849059,17.33779413957547,stop,-1.0,-1.0133078983036028,61,15.25,1.614794139575471
LINK,2025-03-07 02:45:00+00:00,2025-03-07 02:45:00+00:00,2025-03-09 10:30:00+00:00,1,16.42,14.790468669177915,19.679062661644174,14.790468669177915,stop,-1.0,-1.0124494719747004,223,55.75,1.6295313308220862
LINK,2025-03-12 16:30:00+00:00,2025-03-12 16:30:00+00:00,2025-03-14 08:45:00+00:00,-1,13.069,14.247517767574786,10.71196446485043,14.247517767574786,stop,-1.0,-1.015066159405863,161,40.25,1.1785177675747853
LINK,2025-03-15 15:15:00+00:00,2025-03-15 15:15:00+00:00,2025-03-19 15:15:00+00:00,1,14.092,12.894936313606548,16.486127372786903,14.512,tempo,0.3508585255521266,0.33532668692788736,384,96.0,1.1970636863934523
LINK,2025-03-20 06:00:00+00:00,2025-03-20 06:00:00+00:00,2025-03-24 06:00:00+00:00,1,14.658,13.798429490955236,16.377141018089524,14.882,tempo,0.26059525965930397,0.23825735974538303,384,96.0,0.8595705090447634
LINK,2025-03-25 13:00:00+00:00,2025-03-25 13:00:00+00:00,2025-03-28 05:30:00+00:00,1,15.363,14.694449570106789,16.70010085978642,14.694449570106789,stop,-1.0,-1.0292234382732954,258,64.5,0.6685504298932106
LINK,2025-03-30 13:00:00+00:00,2025-03-30 13:00:00+00:00,2025-04-01 00:00:00+00:00,-1,13.686,14.34182031169625,12.3743593766075,13.501,fim_dados,0.2820894636848108,0.2551437444308686,140,35.0,0.6558203116962495
DOT,2023-01-04 01:30:00+00:00,2023-01-04 01:30:00+00:00,2023-01-08 01:30:00+00:00,1,4.595,4.480436814174485,4.824126371651029,4.611,tempo,0.13966092060645746,0.08742860918039622,384,96.0,0.1145631858255145
DOT,2023-01-10 15:45:00+00:00,2023-01-10 15:45:00+00:00,2023-01-11 23:30:00+00:00,-1,4.899,5.056082942109708,4.584834115780583,5.056082942109708,stop,-1.0,-1.0411935492515287,127,31.75,0.1570829421097084
DOT,2023-01-12 16:30:00+00:00,2023-01-12 16:30:00+00:00,2023-01-13 09:45:00+00:00,-1,5.086,5.278169681725211,4.70166063654958,5.278169681725211,stop,-1.0,-1.0350560516760101,69,17.25,0.19216968172521032
DOT,2023-01-21 16:00:00+00:00,2023-01-21 16:00:00+00:00,2023-01-25 16:00:00+00:00,1,6.149,5.755082972376732,6.936834055246536,6.163,tempo,0.03554047938590119,0.01522452592665224,384,96.0,0.3939170276232682
DOT,2023-01-25 21:15:00+00:00,2023-01-25 21:15:00+00:00,2023-01-29 21:15:00+00:00,-1,6.363,6.773202097022775,5.542595805954451,6.602,tempo,-0.582639634791361,-0.6031837764746059,384,96.0,0.41020209702277466
DOT,2023-01-30 05:00:00+00:00,2023-01-30 05:00:00+00:00,2023-02-02 16:30:00+00:00,-1,6.56,6.86049575258309,5.959008494833818,6.86049575258309,stop,-1.0,-1.0290297688542767,334,83.5,0.3004957525830907
DOT,2023-02-04 11:45:00+00:00,2023-02-04 11:45:00+00:00,2023-02-08 11:45:00+00:00,-1,6.893,7.228222015213139,6.222555969573722,6.876,tempo,0.050712659755328446,0.024014383407608402,384,96.0,0.3352220152131391
DOT,2023-02-10 07:15:00+00:00,2023-02-10 07:15:00+00:00,2023-02-13 17:45:00+00:00,1,6.251,5.908698156938393,6.935603686123215,5.908698156938393,stop,-1.0,-1.0230901584733432,330,82.5,0.34230184306160716
DOT,2023-02-15 04:15:00+00:00,2023-02-15 04:15:00+00:00,2023-02-15 20:15:00+00:00,-1,6.177,6.430918285870357,5.669163428259285,6.430918285870357,stop,-1.0,-1.0322747408983373,64,16.0,0.25391828587035725
DOT,2023-02-17 14:30:00+00:00,2023-02-17 14:30:00+00:00,2023-02-19 06:45:00+00:00,1,6.773,6.448202752070405,7.4225944958591885,7.4225944958591885,alvo,2.0,1.9715910880368401,161,40.25,0.3247972479295944
DOT,2023-02-19 16:30:00+00:00,2023-02-19 16:30:00+00:00,2023-02-23 16:30:00+00:00,-1,7.759,8.220456949839678,6.836086100320646,7.197,tempo,1.2178817551566934,1.1968150012517462,384,96.0,0.4614569498396772
DOT,2023-02-26 10:00:00+00:00,2023-02-26 10:00:00+00:00,2023-02-28 21:45:00+00:00,1,6.608,6.321401664140808,7.181196671718383,6.321401664140808,stop,-1.0,-1.0293236562469803,239,59.75,0.2865983358591917
DOT,2023-03-06 19:15:00+00:00,2023-03-06 19:15:00+00:00,2023-03-07 15:15:00+00:00,1,5.987,5.765319650838146,6.4303606983237085,5.765319650838146,stop,-1.0,-1.034459562166547,80,20.0,0.2216803491618542
DOT,2023-03-13 18:30:00+00:00,2023-03-13 18:30:00+00:00,2023-03-17 18:30:00+00:00,1,6.053,5.712772207038187,6.733455585923626,6.364,tempo,0.9140934586578772,0.8903709698813477,384,96.0,0.34022779296181316
DOT,2023-03-18 02:15:00+00:00,2023-03-18 02:15:00+00:00,2023-03-22 02:15:00+00:00,-1,6.629,7.019214661367123,5.848570677265753,6.317,tempo,0.7995599112214352,0.7779951141158671,384,96.0,0.39021466136712313
DOT,2023-03-29 03:00:00+00:00,2023-03-29 03:00:00+00:00,2023-03-31 14:15:00+00:00,-1,6.106,6.343984903222319,5.630030193555362,6.343984903222319,stop,-1.0,-1.0340042165596308,237,59.25,0.23798490322231913
DOT,2023-04-04 21:15:00+00:00,2023-04-04 21:15:00+00:00,2023-04-08 21:15:00+00:00,-1,6.5,6.747665228818014,6.004669542363972,6.14,tempo,1.453575060649837,1.4204012475990062,384,96.0,0.2476652288180139
DOT,2023-04-11 18:30:00+00:00,2023-04-11 18:30:00+00:00,2023-04-12 02:15:00+00:00,1,6.453,6.275358198232074,6.808283603535853,6.275358198232074,stop,-1.0,-1.0465736822443368,31,7.75,0.1776418017679262
DOT,2023-04-18 12:45:00+00:00,2023-04-18 12:45:00+00:00,2023-04-19 08:30:00+00:00,-1,6.942,7.160730442397418,6.504539115205164,6.504539115205164,alvo,2.0,1.960040996904295,79,19.75,0.21873044239741812
DOT,2023-04-23 04:45:00+00:00,2023-04-23 04:45:00+00:00,2023-04-26 20:00:00+00:00,1,5.934,5.705556814409058,6.390886371181884,5.705556814409058,stop,-1.0,-1.033118571297256,349,87.25,0.22844318559094212
DOT,2023-04-26 20:30:00+00:00,2023-04-26 20:30:00+00:00,2023-04-30 20:30:00+00:00,1,5.671,5.421733362890038,6.169533274219925,5.866,tempo,0.782294823971875,0.7522103726913298,384,96.0,0.24926663710996255
DOT,2023-05-04 00:30:00+00:00,2023-05-04 00:30:00+00:00,2023-05-06 14:15:00+00:00,1,5.752,5.565434494168212,6.1251310116635755,5.565434494168212,stop,-1.0,-1.0394302922633618,247,61.75,0.18656550583178788
DOT,2023-05-07 11:00:00+00:00,2023-05-07 11:00:00+00:00,2023-05-08 08:00:00+00:00,-1,5.662,5.8196710537461795,5.346657892507641,5.346657892507641,alvo,2.0,1.9546167323670636,84,21.0,0.15767105374617962
DOT,2023-05-10 17:30:00+00:00,2023-05-10 17:30:00+00:00,2023-05-10 21:00:00+00:00,-1,5.307,5.511998883902841,4.897002232194319,5.511998883902841,stop,-1.0,-1.0343043295683008,14,3.5,0.2049988839028405
DOT,2023-05-12 02:45:00+00:00,2023-05-12 02:45:00+00:00,2023-05-14 15:15:00+00:00,-1,5.211,5.411082187974471,4.810835624051059,5.411082187974471,stop,-1.0,-1.0345075865676976,242,60.5,0.20008218797447075
DOT,2023-05-28 05:15:00+00:00,2023-05-28 05:15:00+00:00,2023-06-01 03:00:00+00:00,1,5.369,5.2508082621952745,5.60538347560945,5.2508082621952745,stop,-1.0,-1.058404043282888,375,93.75,0.11819173780472525
DOT,2023-06-02 11:30:00+00:00,2023-06-02 11:30:00+00:00,2023-06-05 16:00:00+00:00,1,5.267,5.153819218017068,5.493361563965865,5.153819218017068,stop,-1.0,-1.059847019724007,306,76.5,0.11318078198293247
DOT,2023-06-07 12:00:00+00:00,2023-06-07 12:00:00+00:00,2023-06-07 22:00:00+00:00,1,5.136,4.977566233057715,5.452867533884571,4.977566233057715,stop,-1.0,-1.0414925314114525,40,10.0,0.15843376694228528
DOT,2023-06-08 06:45:00+00:00,2023-06-08 06:45:00+00:00,2023-06-10 02:00:00+00:00,1,5.027,4.873016035742432,5.334967928515137,4.873016035742432,stop,-1.0,-1.041790133500322,173,43.25,0.15398396425756822
DOT,2023-06-12 21:30:00+00:00,2023-06-12 21:30:00+00:00,2023-06-16 21:30:00+00:00,1,4.524,4.205474775269254,5.161050449461492,4.391,tempo,-0.41754934828921875,-0.435741785026053,384,96.0,0.3185252247307462
DOT,2023-06-24 20:45:00+00:00,2023-06-24 20:45:00+00:00,2023-06-28 19:45:00+00:00,1,4.999,4.798185891693654,5.400628216612691,4.798185891693654,stop,-1.0,-1.0317117700708862,380,95.0,0.2008141083063455
DOT,2023-06-29 17:15:00+00:00,2023-06-29 17:15:00+00:00,2023-07-01 01:30:00+00:00,-1,4.995,5.209161453360063,4.566677093279874,5.209161453360063,stop,-1.0,-1.0309705824303157,129,32.25,0.2141614533600631
DOT,2023-07-04 05:00:00+00:00,2023-07-04 05:00:00+00:00,2023-07-05 10:45:00+00:00,1,5.448,5.214982377839933,5.914035244320136,5.214982377839933,stop,-1.0,-1.0297442677568602,119,29.75,0.23301762216006772
DOT,2023-07-05 18:45:00+00:00,2023-07-05 18:45:00+00:00,2023-07-09 18:45:00+00:00,-1,5.212,5.419132374313202,4.797735251373595,5.08,tempo,0.6372736296664282,0.6049764090017125,384,96.0,0.2071323743132023
DOT,2023-07-16 06:15:00+00:00,2023-07-16 06:15:00+00:00,2023-07-17 10:30:00+00:00,1,5.373,5.1647926759980605,5.78941464800388,5.1647926759980605,stop,-1.0,-1.0328978112188547,113,28.25,0.20820732400193975
DOT,2023-07-20 04:45:00+00:00,2023-07-20 04:45:00+00:00,2023-07-21 02:00:00+00:00,1,5.236,5.0561445360104775,5.595710927979044,5.595710927979044,alvo,2.0,1.960854054989419,85,21.25,0.17985546398952224
DOT,2023-07-21 04:00:00+00:00,2023-07-21 04:00:00+00:00,2023-07-24 10:00:00+00:00,-1,5.655,5.899088416885158,5.166823166229684,5.166823166229684,alvo,2.0,1.9711818153937275,312,78.0,0.24408841688515803
DOT,2023-07-28 12:30:00+00:00,2023-07-28 12:30:00+00:00,2023-08-01 02:15:00+00:00,-1,5.237,5.386192434535794,4.938615130928412,4.938615130928412,alvo,2.0,1.9556669890421514,343,85.75,0.14919243453579423
DOT,2023-08-06 22:45:00+00:00,2023-08-06 22:45:00+00:00,2023-08-07 16:30:00+00:00,-1,5.021,5.124028517303129,4.814942965393741,4.814942965393741,alvo,2.0,1.9379456960571853,71,17.75,0.10302851730312934
DOT,2023-08-08 02:15:00+00:00,2023-08-08 02:15:00+00:00,2023-08-12 02:15:00+00:00,1,4.943,4.836551733964789,5.15589653207042,5.004,tempo,0.5730483198272371,0.5123094253311881,384,96.0,0.10644826603521018
DOT,2023-08-16 19:00:00+00:00,2023-08-16 19:00:00+00:00,2023-08-17 21:45:00+00:00,-1,4.733,4.885064326430929,4.4288713471381405,4.4288713471381405,alvo,2.0,1.9608375184672602,107,26.75,0.1520643264309296
DOT,2023-08-18 07:15:00+00:00,2023-08-18 07:15:00+00:00,2023-08-22 07:15:00+00:00,-1,4.489,4.805704827812666,3.8555903443746677,4.431,tempo,0.18313582524326844,0.1648285577473982,384,96.0,0.31670482781266607
DOT,2023-09-03 12:45:00+00:00,2023-09-03 12:45:00+00:00,2023-09-07 12:45:00+00:00,1,4.278,4.161716854559541,4.510566290880917,4.235,tempo,-0.3697870386729157,-0.41737304074604775,384,96.0,0.11628314544045892
DOT,2023-09-10 08:30:00+00:00,2023-09-10 08:30:00+00:00,2023-09-11 01:45:00+00:00,1,4.183,4.088289626260141,4.372420747479717,4.088289626260141,stop,-1.0,-1.0567660969413584,69,17.25,0.09471037373985869
DOT,2023-09-12 12:15:00+00:00,2023-09-12 12:15:00+00:00,2023-09-15 22:45:00+00:00,-1,4.037,4.159307052520612,3.792385894958776,4.159307052520612,stop,-1.0,-1.043559218167248,330,82.5,0.12230705252061203
DOT,2023-09-22 03:00:00+00:00,2023-09-22 03:00:00+00:00,2023-09-26 03:00:00+00:00,-1,4.019,4.120275168495568,3.8164496630088642,4.072,tempo,-0.5233267027575407,-0.5752560165086222,384,96.0,0.10127516849556795
DOT,2023-10-07 01:15:00+00:00,2023-10-07 01:15:00+00:00,2023-10-09 10:00:00+00:00,-1,4.069,4.156420489164832,3.894159021670336,3.894159021670336,alvo,2.0,1.9407913017470513,227,56.75,0.08742048916483203
DOT,2023-10-10 06:45:00+00:00,2023-10-10 06:45:00+00:00,2023-10-12 09:45:00+00:00,-1,3.845,3.934344286740885,3.6663114265182304,3.6663114265182304,alvo,2.0,1.9453535015462535,204,51.0,0.0893442867408849
DOT,2023-10-19 11:45:00+00:00,2023-10-19 11:45:00+00:00,2023-10-21 14:00:00+00:00,1,3.621,3.5236646481593263,3.8156707036813473,3.8156707036813473,alvo,2.0,1.9503383316957101,201,50.25,0.09733535184067366
DOT,2023-10-23 20:30:00+00:00,2023-10-23 20:30:00+00:00,2023-10-27 20:30:00+00:00,1,4.172,4.006872305847818,4.502255388304364,4.129,tempo,-0.2604045325090731,-0.2930801538075051,384,96.0,0.16512769415218198
DOT,2023-10-30 12:30:00+00:00,2023-10-30 12:30:00+00:00,2023-11-01 19:15:00+00:00,1,4.35,4.178577608598549,4.692844782802901,4.692844782802901,alvo,2.0,1.9657113107525337,219,54.75,0.17142239140145055
DOT,2023-11-02 04:00:00+00:00,2023-11-02 04:00:00+00:00,2023-11-02 16:45:00+00:00,1,4.749,4.516363116929427,5.214273766141145,4.516363116929427,stop,-1.0,-1.0258879243330352,51,12.75,0.2326368830705725
DOT,2023-11-04 08:15:00+00:00,2023-11-04 08:15:00+00:00,2023-11-08 08:15:00+00:00,1,4.658,4.439275125839001,5.095449748321999,4.922,tempo,1.2069957795731712,1.17852622381786,384,96.0,0.2187248741609995
DOT,2023-11-09 13:00:00+00:00,2023-11-09 13:00:00+00:00,2023-11-09 16:15:00+00:00,-1,5.131,5.36359569005865,4.6658086198827,4.6658086198827,alvo,2.0,1.9726223405028784,13,3.25,0.2325956900586501
DOT,2023-11-14 11:15:00+00:00,2023-11-14 11:15:00+00:00,2023-11-16 07:15:00+00:00,-1,5.338,5.690877784145693,4.632244431708615,5.690877784145693,stop,-1.0,-1.0203151654249079,176,44.0,0.3528777841456927
DOT,2023-11-18 07:00:00+00:00,2023-11-18 07:00:00+00:00,2023-11-22 07:00:00+00:00,1,5.035,4.7200497992275,5.664900401545001,5.057,tempo,0.06985231298801936,0.04902425831807371,384,96.0,0.31495020077250047
DOT,2023-11-25 10:45:00+00:00,2023-11-25 10:45:00+00:00,2023-11-27 20:00:00+00:00,1,5.272,5.052513112582934,5.710973774834132,5.052513112582934,stop,-1.0,-1.0305755555703284,229,57.25,0.2194868874170659
DOT,2023-11-29 17:30:00+00:00,2023-11-29 17:30:00+00:00,2023-11-30 15:45:00+00:00,-1,5.2,5.391304456110768,4.817391087778465,5.391304456110768,stop,-1.0,-1.0359863436348073,89,22.25,0.19130445611076752
DOT,2023-12-03 21:00:00+00:00,2023-12-03 21:00:00+00:00,2023-12-04 05:00:00+00:00,-1,5.489,5.662078196151854,5.142843607696292,5.662078196151854,stop,-1.0,-1.0418781856331536,32,8.0,0.17307819615185416
DOT,2023-12-04 22:00:00+00:00,2023-12-04 22:00:00+00:00,2023-12-06 13:00:00+00:00,1,5.58,5.34593074331593,6.048138513368141,6.048138513368141,alvo,2.0,1.967709172316077,156,39.0,0.2340692566840703
DOT,2023-12-07 22:45:00+00:00,2023-12-07 22:45:00+00:00,2023-12-08 12:30:00+00:00,-1,6.224,6.544363572431931,5.583272855136139,6.544363572431931,stop,-1.0,-1.025906304699621,55,13.75,0.3203635724319307
DOT,2023-12-10 15:30:00+00:00,2023-12-10 15:30:00+00:00,2023-12-11 02:15:00+00:00,-1,7.263,7.770821542766529,6.247356914466941,6.247356914466941,alvo,2.0,1.9827070510901093,43,10.75,0.5078215427665294
DOT,2023-12-17 05:15:00+00:00,2023-12-17 05:15:00+00:00,2023-12-18 03:00:00+00:00,1,7.136,6.624681645535789,8.158636708928423,6.624681645535789,stop,-1.0,-1.0174929043549996,87,21.75,0.511318354464211
DOT,2023-12-18 03:30:00+00:00,2023-12-18 03:30:00+00:00,2023-12-21 12:45:00+00:00,1,6.722,6.269643037745859,7.626713924508283,7.626713924508283,alvo,2.0,1.979382070291447,325,81.25,0.45235696225414124
DOT,2023-12-22 08:45:00+00:00,2023-12-22 08:45:00+00:00,2023-12-24 00:15:00+00:00,-1,7.963,8.537353257543492,6.814293484913017,8.537353257543492,stop,-1.0,-1.0186735767170105,158,39.5,0.5743532575434918
DOT,2023-12-27 00:00:00+00:00,2023-12-27 00:00:00+00:00,2023-12-29 22:15:00+00:00,1,8.825,8.136821723836746,10.201356552326505,8.136821723836746,stop,-1.0,-1.0160208255656684,281,70.25,0.6881782761632529
DOT,2023-12-30 23:45:00+00:00,2023-12-30 23:45:00+00:00,2024-01-03 12:15:00+00:00,-1,8.373,8.887517178085822,7.343965643828353,7.343965643828353,alvo,2.0,1.9801444381186737,338,84.5,0.5145171780858231
DOT,2024-01-17 12:30:00+00:00,2024-01-17 12:30:00+00:00,2024-01-18 17:00:00+00:00,1,7.413,7.020369130692011,8.19826173861598,7.020369130692011,stop,-1.0,-1.0238944277394313,114,28.5,0.3926308693079896
DOT,2024-01-18 19:30:00+00:00,2024-01-18 19:30:00+00:00,2024-01-19 16:45:00+00:00,1,6.975,6.627484248227057,7.670031503545886,6.627484248227057,stop,-1.0,-1.0254423424441619,85,21.25,0.347515751772943
DOT,2024-01-23 17:30:00+00:00,2024-01-23 17:30:00+00:00,2024-01-26 15:00:00+00:00,-1,6.306,6.622035142769742,5.673929714460516,6.622035142769742,stop,-1.0,-1.0265895202956046,278,69.5,0.3160351427697421
DOT,2024-01-27 05:00:00+00:00,2024-01-27 05:00:00+00:00,2024-01-29 03:45:00+00:00,-1,6.64,6.919640108208643,6.080719783582713,6.919640108208643,stop,-1.0,-1.0315182472457045,187,46.75,0.2796401082086435
DOT,2024-01-31 13:15:00+00:00,2024-01-31 13:15:00+00:00,2024-02-04 13:15:00+00:00,1,6.738,6.452767682973368,7.308464634053265,6.796,tempo,0.20334301738531388,0.17250114051910095,384,96.0,0.2852323170266322
DOT,2024-02-05 08:00:00+00:00,2024-02-05 08:00:00+00:00,2024-02-09 08:00:00+00:00,-1,6.914,7.152110336296477,6.4377793274070445,7.095,tempo,-0.7601517969158301,-0.7983939418879076,384,96.0,0.2381103362964776
DOT,2024-02-11 16:45:00+00:00,2024-02-11 16:45:00+00:00,2024-02-13 01:00:00+00:00,-1,7.2,7.420366685077693,6.759266629844615,7.420366685077693,stop,-1.0,-1.0431246598910813,129,32.25,0.22036668507769264
DOT,2024-02-13 20:15:00+00:00,2024-02-13 20:15:00+00:00,2024-02-14 03:15:00+00:00,-1,7.262,7.507445114786447,6.771109770427105,7.507445114786447,stop,-1.0,-1.0391131815068468,28,7.0,0.24544511478644715
DOT,2024-02-17 19:30:00+00:00,2024-02-17 19:30:00+00:00,2024-02-18 00:30:00+00:00,-1,7.555,7.847284400454918,6.970431199090163,7.847284400454918,stop,-1.0,-1.0342525459611036,20,5.0,0.29228440045491855
DOT,2024-02-20 19:30:00+00:00,2024-02-20 19:30:00+00:00,2024-02-24 19:30:00+00:00,1,7.566,7.1919336229936235,8.314132754012753,7.79,tempo,0.5988242027862929,0.572140703243029,384,96.0,0.37406637700637635
DOT,2024-02-25 19:15:00+00:00,2024-02-25 19:15:00+00:00,2024-02-28 09:45:00+00:00,1,7.781,7.430449357127023,8.482101285745951,8.482101285745951,alvo,1.9999999999999976,1.9698445401523164,250,62.5,0.3505506428729763
DOT,2024-03-01 18:00:00+00:00,2024-03-01 18:00:00+00:00,2024-03-02 03:45:00+00:00,-1,8.424,8.920075983452948,7.431848033094102,8.920075983452948,stop,-1.0,-1.0227256504351891,39,9.75,0.4960759834529487
DOT,2024-03-02 12:15:00+00:00,2024-03-02 12:15:00+00:00,2024-03-03 07:30:00+00:00,1,9.112,8.57733631718277,10.181327365634461,8.57733631718277,stop,-1.0,-1.0215052358626335,77,19.25,0.5346636828172304
DOT,2024-03-03 18:15:00+00:00,2024-03-03 18:15:00+00:00,2024-03-05 20:00:00+00:00,1,9.717,9.075799242832904,10.999401514334194,9.075799242832904,stop,-1.0,-1.0190506941411146,199,49.75,0.6412007571670966
DOT,2024-03-11 09:00:00+00:00,2024-03-11 09:00:00+00:00,2024-03-14 09:15:00+00:00,-1,10.691,11.434340647900662,9.204318704198679,11.434340647900662,stop,-1.0,-1.0193470805905092,289,72.25,0.743340647900661
DOT,2024-03-19 03:00:00+00:00,2024-03-19 03:00:00+00:00,2024-03-23 03:00:00+00:00,-1,9.445,10.211149197540466,7.912701604919068,9.02,tempo,0.5547222412610479,0.5390565588606352,384,96.0,0.7661491975404662
DOT,2024-03-24 05:15:00+00:00,2024-03-24 05:15:00+00:00,2024-03-25 14:30:00+00:00,-1,9.035,9.602648022303066,7.899703955393868,9.602648022303066,stop,-1.0,-1.0213415192839852,133,33.25,0.5676480223030662
DOT,2024-03-28 16:30:00+00:00,2024-03-28 16:30:00+00:00,2024-04-01 16:30:00+00:00,-1,9.542,10.027090982622704,8.57181803475459,9.07,tempo,0.9730133457605684,0.9480741066623858,384,96.0,0.48509098262270456
DOT,2024-04-05 02:30:00+00:00,2024-04-05 02:30:00+00:00,2024-04-09 02:30:00+00:00,1,8.373,7.978682439144472,9.161635121711054,9.075,tempo,1.780290987996863,1.7515293980352247,384,96.0,0.3943175608555274
DOT,2024-04-10 06:15:00+00:00,2024-04-10 06:15:00+00:00,2024-04-10 12:45:00+00:00,1,8.584,8.218683563655071,9.314632872689856,8.218683563655071,stop,-1.0,-1.0298966682847623,26,6.5,0.36531643634492816
DOT,2024-04-11 21:30:00+00:00,2024-04-11 21:30:00+00:00,2024-04-12 17:30:00+00:00,-1,8.272,8.62742858098951,7.561142838020979,7.561142838020979,alvo,2.0,1.9710446953476222,80,20.0,0.3554285809895106
DOT,2024-04-15 11:45:00+00:00,2024-04-15 11:45:00+00:00,2024-04-19 11:45:00+00:00,-1,7.085,7.898910629884537,5.457178740230925,6.886,tempo,0.24449858828877846,0.23334115936898628,384,96.0,0.8139106298845373
DOT,2024-04-21 14:45:00+00:00,2024-04-21 14:45:00+00:00,2024-04-22 10:30:00+00:00,-1,7.09,7.567365133962815,6.13526973207437,7.567365133962815,stop,-1.0,-1.0199580712105756,79,19.75,0.4773651339628149
DOT,2024-04-23 05:45:00+00:00,2024-04-23 05:45:00+00:00,2024-04-27 01:30:00+00:00,-1,7.461,7.884464127962421,6.61407174407516,6.61407174407516,alvo,2.0,1.9783953444234579,367,91.75,0.4234641279624203
DOT,2024-04-28 06:30:00+00:00,2024-04-28 06:30:00+00:00,2024-04-29 06:45:00+00:00,1,6.885,6.5681937324269875,7.5186125351460245,6.5681937324269875,stop,-1.0,-1.0276022819657828,97,24.25,0.31680626757301233
DOT,2024-05-04 21:15:00+00:00,2024-05-04 21:15:00+00:00,2024-05-08 21:15:00+00:00,-1,7.166,7.527341875230775,6.4433162495384515,6.938,tempo,0.6309813936023503,0.6056104066550306,384,96.0,0.36134187523077443
DOT,2024-05-10 15:00:00+00:00,2024-05-10 15:00:00+00:00,2024-05-13 01:45:00+00:00,1,6.858,6.566258919876662,7.441482160246674,6.566258919876662,stop,-1.0,-1.0299092890662875,235,58.75,0.2917410801233373
DOT,2024-05-16 06:30:00+00:00,2024-05-16 06:30:00+00:00,2024-05-17 07:45:00+00:00,-1,6.965,7.253634935483408,6.387730129033184,7.253634935483408,stop,-1.0,-1.0320200764768321,101,25.25,0.28863493548340813
DOT,2024-05-20 13:30:00+00:00,2024-05-20 13:30:00+00:00,2024-05-20 21:45:00+00:00,1,6.977,6.733464193261247,7.464071613477508,7.464071613477508,alvo,2.0,1.9614566060142864,33,8.25,0.24353580673875364
DOT,2024-05-24 02:45:00+00:00,2024-05-24 02:45:00+00:00,2024-05-28 02:45:00+00:00,1,7.214,6.851580805121984,7.938838389756032,7.565,tempo,0.9684917492246526,0.9419855648509653,384,96.0,0.362419194878016
DOT,2024-05-30 00:15:00+00:00,2024-05-30 00:15:00+00:00,2024-05-31 15:45:00+00:00,1,7.199,6.903679387419592,7.789641225160816,6.903679387419592,stop,-1.0,-1.031039965418353,158,39.5,0.295320612580408
DOT,2024-06-06 15:00:00+00:00,2024-06-06 15:00:00+00:00,2024-06-06 20:15:00+00:00,1,7.284,7.0856090073624065,7.680781985275186,7.0856090073624065,stop,-1.0,-1.0470799895227485,21,5.25,0.1983909926375933
DOT,2024-06-07 19:15:00+00:00,2024-06-07 19:15:00+00:00,2024-06-11 19:15:00+00:00,-1,6.549,7.293377449694849,5.060245100610303,6.445,tempo,0.13971406581786436,0.12836753724763106,384,96.0,0.7443774496948485
DOT,2024-06-12 03:45:00+00:00,2024-06-12 03:45:00+00:00,2024-06-12 18:30:00+00:00,-1,6.413,6.8261365983361175,5.586726803327766,6.8261365983361175,stop,-1.0,-1.0208295242386571,59,14.75,0.41313659833611727
DOT,2024-06-23 08:45:00+00:00,2024-06-23 08:45:00+00:00,2024-06-24 09:45:00+00:00,1,5.754,5.506172865999912,6.2496542680001745,5.506172865999912,stop,-1.0,-1.0295331356367836,100,25.0,0.2478271340000875
DOT,2024-06-24 15:45:00+00:00,2024-06-24 15:45:00+00:00,2024-06-25 03:45:00+00:00,-1,5.582,5.824173386784489,5.097653226431022,5.824173386784489,stop,-1.0,-1.0306144816317395,48,12.0,0.24217338678448908
DOT,2024-06-26 15:00:00+00:00,2024-06-26 15:00:00+00:00,2024-06-27 13:45:00+00:00,-1,5.903,6.145530516623983,5.4179389667520335,6.145530516623983,stop,-1.0,-1.0322909666990383,91,22.75,0.24253051662398306
DOT,2024-07-04 10:00:00+00:00,2024-07-04 10:00:00+00:00,2024-07-04 13:30:00+00:00,1,5.861,5.606502935707298,6.369994128585403,5.606502935707298,stop,-1.0,-1.029288655760826,14,3.5,0.2544970642927016
DOT,2024-07-08 03:15:00+00:00,2024-07-08 03:15:00+00:00,2024-07-12 03:15:00+00:00,1,5.898,5.502109222692445,6.689781554615109,5.898,tempo,0.0,-0.019367463046615612,384,96.0,0.39589077730755484
DOT,2024-07-13 12:30:00+00:00,2024-07-13 12:30:00+00:00,2024-07-15 04:00:00+00:00,-1,6.229,6.514512359564252,5.657975280871496,6.514512359564252,stop,-1.0,-1.0290119945993186,158,39.5,0.2855123595642519
DOT,2024-07-15 19:15:00+00:00,2024-07-15 19:15:00+00:00,2024-07-19 19:15:00+00:00,-1,6.393,6.648458908763426,5.882082182473147,6.29,tempo,0.40319596015884235,0.37092482097678897,384,96.0,0.25545890876342625
DOT,2024-07-20 12:00:00+00:00,2024-07-20 12:00:00+00:00,2024-07-24 12:00:00+00:00,-1,6.258,6.500127625919934,5.773744748160133,5.984,tempo,1.1316346036887417,1.0987705305794992,384,96.0,0.24212762591993364
DOT,2024-07-27 00:00:00+00:00,2024-07-27 00:00:00+00:00,2024-07-31 00:00:00+00:00,-1,5.863,6.091796943935144,5.405406112129714,5.516,tempo,1.516628649106274,1.484301512769625,384,96.0,0.22879694393514338
DOT,2024-08-02 15:30:00+00:00,2024-08-02 15:30:00+00:00,2024-08-04 17:45:00+00:00,-1,5.021,5.2461946118779474,4.570610776244105,4.570610776244105,alvo,2.0,1.9723148482436261,201,50.25,0.22519461187794754
DOT,2024-08-07 19:00:00+00:00,2024-08-07 19:00:00+00:00,2024-08-11 19:00:00+00:00,1,4.49,4.082557092153432,5.304885815693137,4.633,tempo,0.35096941742289367,0.33641535380857973,384,96.0,0.4074429078465682
DOT,2024-08-13 05:15:00+00:00,2024-08-13 05:15:00+00:00,2024-08-17 05:15:00+00:00,-1,4.532,4.7764412562419425,4.043117487516115,4.293,tempo,0.9777400250448847,0.9542732417031955,384,96.0,0.24444125624194246
DOT,2024-08-18 03:45:00+00:00,2024-08-18 03:45:00+00:00,2024-08-20 00:30:00+00:00,-1,4.362,4.529189375741169,4.0276212485176615,4.529189375741169,stop,-1.0,-1.0345672269461597,179,44.75,0.16718937574116932
DOT,2024-08-30 09:15:00+00:00,2024-08-30 09:15:00+00:00,2024-08-30 15:15:00+00:00,1,4.318,4.125300948839132,4.703398102321735,4.125300948839132,stop,-1.0,-1.028480397716976,24,6.0,0.19269905116086772
DOT,2024-09-01 13:45:00+00:00,2024-09-01 13:45:00+00:00,2024-09-05 13:45:00+00:00,-1,4.151,4.307699824435965,3.837600351128069,4.056,tempo,0.6062546677505757,0.5722115536679563,384,96.0,0.15669982443596542
DOT,2024-09-06 20:30:00+00:00,2024-09-06 20:30:00+00:00,2024-09-09 17:00:00+00:00,1,3.921,3.752657052942183,4.2576858941156335,4.2576858941156335,alvo,2.0000000000000027,1.9684207391869593,274,68.5,0.1683429470578166
DOT,2024-09-16 05:45:00+00:00,2024-09-16 05:45:00+00:00,2024-09-16 22:45:00+00:00,1,4.293,4.157837118035236,4.563325763929529,4.157837118035236,stop,-1.0,-1.0406401820298186,68,17.0,0.13516288196476456
DOT,2024-09-19 15:30:00+00:00,2024-09-19 15:30:00+00:00,2024-09-23 15:30:00+00:00,1,4.267,4.1202331771048,4.560533645790401,4.421,tempo,1.049283461766863,1.0108061009532927,384,96.0,0.14676682289520038
DOT,2024-09-26 11:00:00+00:00,2024-09-26 11:00:00+00:00,2024-09-30 11:00:00+00:00,-1,4.779,4.965105326742275,4.406789346515449,4.613,tempo,0.8919680210437048,0.8591650910746227,384,96.0,0.18610532674227542
DOT,2024-10-09 05:45:00+00:00,2024-10-09 05:45:00+00:00,2024-10-09 20:30:00+00:00,1,4.144,3.9958711797004254,4.44025764059915,3.9958711797004254,stop,-1.0,-1.0357183447225526,59,14.75,0.14812882029957475
DOT,2024-10-10 14:15:00+00:00,2024-10-10 14:15:00+00:00,2024-10-11 15:15:00+00:00,-1,4.019,4.161277601168667,3.7344447976626665,4.161277601168667,stop,-1.0,-1.0373718729939525,100,25.0,0.14227760116866683
DOT,2024-10-12 15:00:00+00:00,2024-10-12 15:00:00+00:00,2024-10-14 16:15:00+00:00,-1,4.241,4.36913021802547,3.9847395639490593,4.36913021802547,stop,-1.0,-1.0436788817498464,197,49.25,0.1281302180254702
DOT,2024-10-21 00:00:00+00:00,2024-10-21 00:00:00+00:00,2024-10-21 13:30:00+00:00,1,4.577,4.430788006462459,4.869423987075082,4.430788006462459,stop,-1.0,-1.04004501999145,54,13.5,0.14621199353754122
DOT,2024-10-22 20:30:00+00:00,2024-10-22 20:30:00+00:00,2024-10-23 15:45:00+00:00,1,4.312,4.166424085585182,4.603151828829637,4.166424085585182,stop,-1.0,-1.0378563698382608,77,19.25,0.14557591441481854
DOT,2024-10-23 16:00:00+00:00,2024-10-23 16:00:00+00:00,2024-10-25 18:15:00+00:00,1,4.19,4.051705505152867,4.466588989694267,4.051705505152867,stop,-1.0,-1.0387369619034434,201,50.25,0.1382944948471332
DOT,2024-10-26 21:15:00+00:00,2024-10-26 21:15:00+00:00,2024-10-30 21:15:00+00:00,1,4.035,3.8837707612506445,4.3374584774987115,4.197,tempo,1.071221420802729,1.0358393740222893,384,96.0,0.15122923874935568
DOT,2024-11-02 19:00:00+00:00,2024-11-02 19:00:00+00:00,2024-11-06 02:45:00+00:00,-1,3.87,4.002684199101307,3.6046316017973856,4.002684199101307,stop,-1.0,-1.0385670996552403,319,79.75,0.13268419910130724
DOT,2024-11-07 20:30:00+00:00,2024-11-07 20:30:00+00:00,2024-11-09 21:15:00+00:00,1,4.142,3.9714850612938966,4.483029877412208,4.483029877412208,alvo,2.0,1.9671215351402096,195,48.75,0.1705149387061038
DOT,2024-11-10 13:00:00+00:00,2024-11-10 13:00:00+00:00,2024-11-12 09:15:00+00:00,1,5.235,4.932957946967074,5.839084106065854,5.839084106065854,alvo,2.0,1.9761683692828094,177,44.25,0.30204205303292664
DOT,2024-11-12 21:00:00+00:00,2024-11-12 21:00:00+00:00,2024-11-14 14:45:00+00:00,1,5.34,4.899591185827128,6.220817628345744,4.899591185827128,stop,-1.0,-1.0151126273058084,167,41.75,0.4404088141728719
DOT,2024-11-22 13:15:00+00:00,2024-11-22 13:15:00+00:00,2024-11-23 01:45:00+00:00,1,6.158,5.668749690645074,7.136500618709854,7.136500618709854,alvo,2.0,1.9823374145362216,50,12.5,0.48925030935492675
DOT,2024-11-23 12:00:00+00:00,2024-11-23 12:00:00+00:00,2024-11-23 15:30:00+00:00,-1,7.928,8.666855274330015,6.4502894513399704,8.666855274330015,stop,-1.0,-1.0145991458721002,14,3.5,0.7388552743300147
DOT,2024-11-23 22:30:00+00:00,2024-11-23 22:30:00+00:00,2024-11-24 00:30:00+00:00,-1,8.607,9.654142260638032,6.512715478723933,9.654142260638032,stop,-1.0,-1.011335367614886,8,2.0,1.047142260638033
DOT,2024-11-24 15:15:00+00:00,2024-11-24 15:15:00+00:00,2024-11-28 15:15:00+00:00,1,8.561,7.249910503299965,11.18317899340007,8.174,tempo,-0.295174357642301,-0.3034710834015866,384,96.0,1.3110894967000348
DOT,2024-12-02 16:30:00+00:00,2024-12-02 16:30:00+00:00,2024-12-04 10:15:00+00:00,1,9.071,8.237056431559965,10.738887136880068,10.738887136880068,alvo,2.0,1.9845595947660362,167,41.75,0.8339435684400343
DOT,2024-12-09 10:45:00+00:00,2024-12-09 10:45:00+00:00,2024-12-09 21:00:00+00:00,1,9.604,8.819367448038127,11.173265103923743,8.819367448038127,stop,-1.0,-1.015262161646598,41,10.25,0.784632551961872
DOT,2024-12-11 14:45:00+00:00,2024-12-11 14:45:00+00:00,2024-12-15 14:45:00+00:00,1,9.086,8.146253751389946,10.96549249722011,9.233,tempo,0.15642520543968408,0.14375439135810436,384,96.0,0.9397462486100547
DOT,2024-12-16 18:00:00+00:00,2024-12-16 18:00:00+00:00,2024-12-18 20:15:00+00:00,-1,9.026,9.654669882506052,7.768660234987895,7.768660234987895,alvo,2.0,1.9826355143509884,201,50.25,0.6286698825060526
DOT,2024-12-19 07:30:00+00:00,2024-12-19 07:30:00+00:00,2024-12-20 09:15:00+00:00,-1,7.644,8.24092442196131,6.45015115607738,6.45015115607738,alvo,2.0,1.9846526663771782,103,25.75,0.5969244219613099
DOT,2024-12-21 18:30:00+00:00,2024-12-21 18:30:00+00:00,2024-12-25 18:30:00+00:00,-1,7.017,7.704559914363724,5.641880171272553,7.482,tempo,-0.6763046976499736,-0.690011648568893,384,96.0,0.6875599143637237
DOT,2025-01-03 20:15:00+00:00,2025-01-03 20:15:00+00:00,2025-01-07 15:30:00+00:00,1,7.718,7.311209932630147,8.531580134739706,7.311209932630147,stop,-1.0,-1.0240148106844695,365,91.25,0.4067900673698528
DOT,2025-01-07 19:45:00+00:00,2025-01-07 19:45:00+00:00,2025-01-08 17:00:00+00:00,1,7.092,6.689211385401373,7.897577229197252,6.689211385401373,stop,-1.0,-1.0222394255345009,85,21.25,0.40278861459862636
DOT,2025-01-10 18:15:00+00:00,2025-01-10 18:15:00+00:00,2025-01-14 18:15:00+00:00,-1,6.756,7.204415735382548,5.859168529234905,6.597,tempo,0.3545816693171025,0.33522585881550293,384,96.0,0.44841573538254753
DOT,2025-01-15 17:00:00+00:00,2025-01-15 17:00:00+00:00,2025-01-16 13:00:00+00:00,-1,6.965,7.355462363825303,6.184075272349393,7.355462363825303,stop,-1.0,-1.0238391747806226,80,20.0,0.3904623638253035
DOT,2025-01-16 15:45:00+00:00,2025-01-16 15:45:00+00:00,2025-01-19 08:30:00+00:00,1,7.143,6.728701580049239,7.971596839901522,6.728701580049239,stop,-1.0,-1.02176355398146,259,64.75,0.4142984199507609
DOT,2025-01-20 15:45:00+00:00,2025-01-20 15:45:00+00:00,2025-01-24 15:45:00+00:00,-1,6.549,7.050328454618899,5.546343090762202,6.417,tempo,0.2633004346428822,0.246489300301013,384,96.0,0.501328454618899
DOT,2025-01-27 12:00:00+00:00,2025-01-27 12:00:00+00:00,2025-01-27 21:30:00+00:00,-1,5.632,6.013195233514176,4.869609532971648,6.013195233514176,stop,-1.0,-1.0198569557966488,38,9.5,0.38119523351417595
DOT,2025-01-30 11:45:00+00:00,2025-01-30 11:45:00+00:00,2025-02-02 12:00:00+00:00,1,5.983,5.606872154329211,6.735255691341577,5.606872154329211,stop,-1.0,-1.0200288731265796,289,72.25,0.37612784567078883
DOT,2025-02-04 15:15:00+00:00,2025-02-04 15:15:00+00:00,2025-02-08 15:15:00+00:00,-1,4.796,5.351982313829916,3.684035372340168,4.598,tempo,0.3561264361739604,0.3451438925783957,384,96.0,0.555982313829916
DOT,2025-02-11 19:45:00+00:00,2025-02-11 19:45:00+00:00,2025-02-15 19:45:00+00:00,1,4.768,4.450454410404278,5.403091179191443,5.072,tempo,0.9573428507920181,0.9372008610760123,384,96.0,0.31754558959572154
DOT,2025-02-17 00:45:00+00:00,2025-02-17 00:45:00+00:00,2025-02-21 00:45:00+00:00,-1,4.908,5.162302279284068,4.399395441431865,5.029,tempo,-0.4758117007077106,-0.5012108045544557,384,96.0,0.2543022792840679
DOT,2025-02-22 18:30:00+00:00,2025-02-22 18:30:00+00:00,2025-02-24 01:45:00+00:00,1,5.118,4.870937195446765,5.612125609106471,4.870937195446765,stop,-1.0,-1.0262799946304397,125,31.25,0.24706280455323526
DOT,2025-02-26 05:00:00+00:00,2025-02-26 05:00:00+00:00,2025-02-27 09:45:00+00:00,-1,4.739,5.064515737366387,4.087968525267226,5.064515737366387,stop,-1.0,-1.0195759666824211,115,28.75,0.32551573736638684
DOT,2025-02-28 23:45:00+00:00,2025-02-28 23:45:00+00:00,2025-03-02 16:45:00+00:00,-1,4.731,5.064184753625969,4.064630492748062,5.064184753625969,stop,-1.0,-1.0191091279554896,164,41.0,0.3331847536259689
DOT,2025-03-03 22:45:00+00:00,2025-03-03 22:45:00+00:00,2025-03-07 22:45:00+00:00,-1,4.518,4.859460593576762,3.835078812846475,4.471,tempo,0.13764399431184673,0.12053264937216635,384,96.0,0.3414605935767625
DOT,2025-03-12 16:30:00+00:00,2025-03-12 16:30:00+00:00,2025-03-15 03:00:00+00:00,-1,3.938,4.225847699380852,3.362304601238297,4.225847699380852,stop,-1.0,-1.0184350995891633,234,58.5,0.28784769938085164
DOT,2025-03-15 15:15:00+00:00,2025-03-15 15:15:00+00:00,2025-03-19 15:15:00+00:00,1,4.421,4.173006721315754,4.916986557368493,4.502,tempo,0.32662175535463395,0.3032342263426695,384,96.0,0.24799327868424648
DOT,2025-03-20 06:00:00+00:00,2025-03-20 06:00:00+00:00,2025-03-24 06:00:00+00:00,1,4.443,4.249028696804075,4.830942606391849,4.625,tempo,0.9382831223037541,0.9078961531857169,384,96.0,0.1939713031959247
DOT,2025-03-25 13:00:00+00:00,2025-03-25 13:00:00+00:00,2025-03-28 04:45:00+00:00,1,4.653,4.46881558996577,5.021368820068459,4.46881558996577,stop,-1.0,-1.0321915417943128,255,63.75,0.1841844100342298
DOT,2025-03-30 13:00:00+00:00,2025-03-30 13:00:00+00:00,2025-04-01 00:00:00+00:00,-1,4.091,4.271812737586994,3.729374524826013,4.019,fim_dados,0.39820203466229254,0.3690475620828165,140,35.0,0.18081273758699368
AVAX,2023-01-04 01:30:00+00:00,2023-01-04 01:30:00+00:00,2023-01-04 18:45:00+00:00,1,11.495,11.125638007945012,12.233723984109973,12.233723984109973,alvo,2.0,1.9582423992683704,69,17.25,0.3693619920549871
AVAX,2023-01-05 06:00:00+00:00,2023-01-05 06:00:00+00:00,2023-01-09 02:45:00+00:00,-1,12.081,12.532308824083957,11.178382351832084,12.532308824083957,stop,-1.0,-1.0354494525298232,371,92.75,0.45130882408395756
AVAX,2023-01-10 15:45:00+00:00,2023-01-10 15:45:00+00:00,2023-01-11 18:45:00+00:00,-1,12.663,13.23581232969647,11.51737534060706,13.23581232969647,stop,-1.0,-1.0293887319486001,108,27.0,0.57281232969647
AVAX,2023-01-12 16:30:00+00:00,2023-01-12 16:30:00+00:00,2023-01-13 09:15:00+00:00,-1,15.011,16.24989024305804,12.533219513883918,16.24989024305804,stop,-1.0,-1.0164014356976705,67,16.75,1.2388902430580409
AVAX,2023-01-21 16:00:00+00:00,2023-01-21 16:00:00+00:00,2023-01-25 16:00:00+00:00,1,17.277,16.073091701087723,19.684816597824558,17.337,tempo,0.04983768286522176,0.031149299356006178,384,96.0,1.2039082989122782
AVAX,2023-01-25 21:15:00+00:00,2023-01-25 21:15:00+00:00,2023-01-27 20:00:00+00:00,-1,17.654,18.92282885977554,15.116342280448922,18.92282885977554,stop,-1.0,-1.0187377033361773,187,46.75,1.2688288597755388
AVAX,2023-01-30 05:00:00+00:00,2023-01-30 05:00:00+00:00,2023-02-02 03:00:00+00:00,-1,20.694,22.094091498815747,17.893817002368504,22.094091498815747,stop,-1.0,-1.0198646013476655,280,70.0,1.4000914988157476
AVAX,2023-02-04 11:45:00+00:00,2023-02-04 11:45:00+00:00,2023-02-08 11:45:00+00:00,-1,21.249,22.629663297884715,18.487673404230566,20.58,tempo,0.4845497095671049,0.46485710961050764,384,96.0,1.3806632978847162
AVAX,2023-02-10 07:15:00+00:00,2023-02-10 07:15:00+00:00,2023-02-13 09:30:00+00:00,1,18.039,17.007718416629114,20.101563166741776,17.007718416629114,stop,-1.0,-1.022089376304334,297,74.25,1.0312815833708875
AVAX,2023-02-15 04:15:00+00:00,2023-02-15 04:15:00+00:00,2023-02-15 19:30:00+00:00,-1,18.015,18.900552356663486,16.24389528667303,18.900552356663486,stop,-1.0,-1.0270962059456745,61,15.25,0.8855523566634851
AVAX,2023-02-17 14:30:00+00:00,2023-02-17 14:30:00+00:00,2023-02-20 13:15:00+00:00,1,19.092,18.121907562354576,21.032184875290845,21.032184875290845,alvo,2.0,1.9731152216460512,283,70.75,0.9700924376454232
AVAX,2023-02-26 10:00:00+00:00,2023-02-26 10:00:00+00:00,2023-02-28 19:30:00+00:00,1,18.157,17.23888036161602,19.993239276767962,17.23888036161602,stop,-1.0,-1.0250591766837125,230,57.5,0.9181196383839811
AVAX,2023-03-06 19:15:00+00:00,2023-03-06 19:15:00+00:00,2023-03-08 06:15:00+00:00,1,16.526,15.830875966061603,17.916248067876793,15.830875966061603,stop,-1.0,-1.0302564266966547,140,35.0,0.6951240339383968
AVAX,2023-03-13 18:30:00+00:00,2023-03-13 18:30:00+00:00,2023-03-15 16:45:00+00:00,1,16.483,15.497404671327473,18.454190657345055,15.497404671327473,stop,-1.0,-1.0210910730110305,185,46.25,0.9855953286725274
AVAX,2023-03-16 22:15:00+00:00,2023-03-16 22:15:00+00:00,2023-03-18 01:15:00+00:00,1,15.85,14.771078650690278,18.00784269861944,18.00784269861944,alvo,1.9999999999999984,1.979602222378689,108,27.0,1.0789213493097218
AVAX,2023-03-18 02:15:00+00:00,2023-03-18 02:15:00+00:00,2023-03-22 02:15:00+00:00,-1,17.914,19.09945596005894,15.543088079882125,17.384,tempo,0.4470853560630381,0.42773103099906923,384,96.0,1.1854559600589383
AVAX,2023-03-29 03:00:00+00:00,2023-03-29 03:00:00+00:00,2023-03-30 02:30:00+00:00,-1,16.795,17.428066397082013,15.52886720583598,17.428066397082013,stop,-1.0,-1.0351384835155317,94,23.5,0.6330663970820112
AVAX,2023-03-30 15:15:00+00:00,2023-03-30 15:15:00+00:00,2023-04-03 15:15:00+00:00,1,17.392,16.72865959056376,18.718680818872482,17.074,tempo,-0.4793918710157568,-0.5131647268244957,384,96.0,0.6633404094362412
AVAX,2023-04-04 21:15:00+00:00,2023-04-04 21:15:00+00:00,2023-04-05 06:15:00+00:00,-1,17.621,18.20956821231189,16.443863575376216,18.20956821231189,stop,-1.0,-1.0395703825840683,36,9.0,0.5885682123118912
AVAX,2023-04-08 10:15:00+00:00,2023-04-08 10:15:00+00:00,2023-04-11 05:00:00+00:00,-1,17.649,18.18142541286227,16.58414917427546,18.18142541286227,stop,-1.0,-1.043742796560286,267,66.75,0.5324254128622705
AVAX,2023-04-11 18:30:00+00:00,2023-04-11 18:30:00+00:00,2023-04-12 02:30:00+00:00,1,18.337,17.828712842879685,19.35357431424063,17.828712842879685,stop,-1.0,-1.04624888317276,32,8.0,0.5082871571203142
AVAX,2023-04-18 12:45:00+00:00,2023-04-18 12:45:00+00:00,2023-04-19 08:15:00+00:00,-1,21.391,22.33466230584393,19.503675388312132,19.503675388312132,alvo,2.0,1.971831513415564,78,19.5,0.9436623058439331
AVAX,2023-04-23 04:45:00+00:00,2023-04-23 04:45:00+00:00,2023-04-26 20:15:00+00:00,1,17.04,16.20905948042669,18.70188103914662,16.20905948042669,stop,-1.0,-1.0260089478767687,350,87.5,0.8309405195733106
AVAX,2023-04-26 20:30:00+00:00,2023-04-26 20:30:00+00:00,2023-04-30 20:30:00+00:00,1,16.603,15.766186875832302,18.2766262483354,17.194,tempo,0.7062508736198545,0.6799988355416401,384,96.0,0.8368131241676995
AVAX,2023-05-04 00:30:00+00:00,2023-05-04 00:30:00+00:00,2023-05-06 14:15:00+00:00,1,17.154,16.54798192232143,18.36603615535714,16.54798192232143,stop,-1.0,-1.0361479121768509,247,61.75,0.60601807767857
AVAX,2023-05-07 11:00:00+00:00,2023-05-07 11:00:00+00:00,2023-05-08 02:00:00+00:00,-1,16.581,17.077236560463152,15.588526879073694,15.588526879073694,alvo,2.0,1.957862450820065,60,15.0,0.4962365604631529
AVAX,2023-05-10 17:30:00+00:00,2023-05-10 17:30:00+00:00,2023-05-10 20:30:00+00:00,-1,15.03,15.648685526966844,13.79262894606631,15.648685526966844,stop,-1.0,-1.0322314725710355,12,3.0,0.6186855269668445
AVAX,2023-05-12 02:45:00+00:00,2023-05-12 02:45:00+00:00,2023-05-16 02:45:00+00:00,-1,14.773,15.361846663401533,13.595306673196934,14.896,tempo,-0.20888290219643774,-0.2416331089966242,384,96.0,0.588846663401533
AVAX,2023-05-28 05:15:00+00:00,2023-05-28 05:15:00+00:00,2023-05-28 08:30:00+00:00,1,14.694,14.332068887700833,15.417862224598336,14.332068887700833,stop,-1.0,-1.0521285519146262,13,3.25,0.3619311122991675
AVAX,2023-05-28 23:45:00+00:00,2023-05-28 23:45:00+00:00,2023-05-31 06:15:00+00:00,-1,14.915,15.355318402319213,14.034363195361571,14.034363195361571,alvo,2.0,1.9572648202349185,218,54.5,0.44031840231921393
AVAX,2023-06-02 11:30:00+00:00,2023-06-02 11:30:00+00:00,2023-06-05 16:00:00+00:00,1,14.446,14.077110154271583,15.183779691456833,14.077110154271583,stop,-1.0,-1.0502589643357276,306,76.5,0.36888984572841643
AVAX,2023-06-07 12:00:00+00:00,2023-06-07 12:00:00+00:00,2023-06-07 16:30:00+00:00,1,14.46,13.976322716444908,15.427354567110186,13.976322716444908,stop,-1.0,-1.0382147568102273,18,4.5,0.48367728355509243
AVAX,2023-06-07 17:45:00+00:00,2023-06-07 17:45:00+00:00,2023-06-10 02:45:00+00:00,-1,14.107,14.581860213022665,13.157279573954668,13.157279573954668,alvo,2.0,1.9626800030049587,228,57.0,0.4748602130226658
AVAX,2023-06-12 21:30:00+00:00,2023-06-12 21:30:00+00:00,2023-06-16 21:30:00+00:00,1,11.531,10.131231809805781,14.33053638038844,11.542,tempo,0.007858444045990908,-0.002855794286514052,384,96.0,1.3997681901942194
AVAX,2023-06-24 20:45:00+00:00,2023-06-24 20:45:00+00:00,2023-06-28 19:30:00+00:00,1,12.936,12.37150754335113,14.064984913297739,12.37150754335113,stop,-1.0,-1.029141009254284,379,94.75,0.5644924566488694
AVAX,2023-06-29 17:15:00+00:00,2023-06-29 17:15:00+00:00,2023-06-30 04:45:00+00:00,-1,12.602,13.135259891937931,11.535480216124139,13.135259891937931,stop,-1.0,-1.0313716054454491,46,11.5,0.5332598919379308
AVAX,2023-07-04 05:00:00+00:00,2023-07-04 05:00:00+00:00,2023-07-05 10:45:00+00:00,1,13.232,12.717808497641014,14.26038300471797,12.717808497641014,stop,-1.0,-1.0328036839311487,119,29.75,0.5141915023589849
AVAX,2023-07-05 18:45:00+00:00,2023-07-05 18:45:00+00:00,2023-07-06 09:15:00+00:00,-1,12.605,13.080345279582495,11.65430944083501,13.080345279582495,stop,-1.0,-1.0351228362810136,58,14.5,0.47534527958249484
AVAX,2023-07-09 06:00:00+00:00,2023-07-09 06:00:00+00:00,2023-07-10 00:15:00+00:00,1,14.082,13.458551193715323,15.328897612569357,13.458551193715323,stop,-1.0,-1.0287134374073064,73,18.25,0.6234488062846779
AVAX,2023-07-16 06:15:00+00:00,2023-07-16 06:15:00+00:00,2023-07-18 12:30:00+00:00,1,14.637,13.739832300946343,16.431335398107315,13.739832300946343,stop,-1.0,-1.0205590783251237,217,54.25,0.8971676990536572
AVAX,2023-07-20 04:45:00+00:00,2023-07-20 04:45:00+00:00,2023-07-22 23:30:00+00:00,1,14.058,13.402384277257662,15.369231445484676,13.402384277257662,stop,-1.0,-1.0272251704177515,267,66.75,0.655615722742338
AVAX,2023-07-23 16:45:00+00:00,2023-07-23 16:45:00+00:00,2023-07-24 10:00:00+00:00,1,13.601,13.11299865872454,14.577002682550921,13.11299865872454,stop,-1.0,-1.0355820725467422,69,17.25,0.48800134127546
AVAX,2023-07-28 12:30:00+00:00,2023-07-28 12:30:00+00:00,2023-08-01 12:30:00+00:00,-1,13.14,13.560485519365514,12.299028961268974,12.642,tempo,1.18434518447021,1.1444905420908784,384,96.0,0.4204855193655135
AVAX,2023-08-06 22:45:00+00:00,2023-08-06 22:45:00+00:00,2023-08-10 22:45:00+00:00,-1,12.616,12.892087847793984,12.06382430441203,12.494,tempo,0.4418883372622601,0.38277128401122745,384,96.0,0.27608784779398476
AVAX,2023-08-11 20:00:00+00:00,2023-08-11 20:00:00+00:00,2023-08-13 22:45:00+00:00,1,12.423,12.18290503335444,12.903189933291118,12.18290503335444,stop,-1.0,-1.0666146337640279,203,50.75,0.24009496664555918
AVAX,2023-08-16 19:00:00+00:00,2023-08-16 19:00:00+00:00,2023-08-17 21:45:00+00:00,-1,11.543,11.915651330618712,10.797697338762575,10.797697338762575,alvo,2.0,1.9610320638166359,107,26.75,0.37265133061871225
AVAX,2023-08-18 07:15:00+00:00,2023-08-18 07:15:00+00:00,2023-08-22 07:15:00+00:00,-1,10.845,12.108517053268265,8.317965893463471,10.265,tempo,0.45903614715745106,0.4481763807898287,384,96.0,1.2635170532682647
AVAX,2023-09-03 12:45:00+00:00,2023-09-03 12:45:00+00:00,2023-09-05 03:15:00+00:00,1,9.939,9.643455458314525,10.53008908337095,9.643455458314525,stop,-1.0,-1.0430682832960267,154,38.5,0.2955445416854747
AVAX,2023-09-05 22:00:00+00:00,2023-09-05 22:00:00+00:00,2023-09-09 22:00:00+00:00,1,9.939,9.674199376006094,10.468601247987813,9.863,tempo,-0.2870083871167517,-0.33561590097327565,384,96.0,0.26480062399390647
AVAX,2023-09-10 08:30:00+00:00,2023-09-10 08:30:00+00:00,2023-09-11 09:30:00+00:00,1,9.509,9.2331175575553,10.060764884889402,9.2331175575553,stop,-1.0,-1.0441578532669866,100,25.0,0.2758824424447006
AVAX,2023-09-12 12:15:00+00:00,2023-09-12 12:15:00+00:00,2023-09-16 12:15:00+00:00,-1,9.463,9.811604281196953,8.765791437606092,9.468,tempo,-0.014342910485301508,-0.049641243476937554,384,96.0,0.34860428119695364
AVAX,2023-09-22 03:00:00+00:00,2023-09-22 03:00:00+00:00,2023-09-26 03:00:00+00:00,-1,8.846,9.115080963164063,8.307838073671874,9.022,tempo,-0.6540782295798836,-0.697240703295717,384,96.0,0.26908096316406294
AVAX,2023-10-07 01:15:00+00:00,2023-10-07 01:15:00+00:00,2023-10-07 05:45:00+00:00,-1,10.799,11.284437750869062,9.828124498261875,11.284437750869062,stop,-1.0,-1.0295696709050068,18,4.5,0.48543775086906216
AVAX,2023-10-07 11:15:00+00:00,2023-10-07 11:15:00+00:00,2023-10-08 10:30:00+00:00,1,10.646,10.050347414304152,11.837305171391698,10.050347414304152,stop,-1.0,-1.0225846846674596,93,23.25,0.5956525856958486
AVAX,2023-10-10 06:45:00+00:00,2023-10-10 06:45:00+00:00,2023-10-14 06:45:00+00:00,-1,9.64,10.096357678144532,8.727284643710938,9.162,tempo,1.0474240335858098,1.0206439429128762,384,96.0,0.4563576781445313
AVAX,2023-10-19 11:45:00+00:00,2023-10-19 11:45:00+00:00,2023-10-21 11:30:00+00:00,1,8.898,8.583225575525617,9.527548848948765,9.527548848948765,alvo,2.0,1.9619517793676677,191,47.75,0.31477442447438264
AVAX,2023-10-23 20:30:00+00:00,2023-10-23 20:30:00+00:00,2023-10-26 05:15:00+00:00,1,10.194,9.72095097192335,11.140098056153304,11.140098056153304,alvo,2.0,1.970685567640036,227,56.75,0.4730490280766517
AVAX,2023-10-30 12:30:00+00:00,2023-10-30 12:30:00+00:00,2023-10-31 15:30:00+00:00,1,11.635,11.023715587833543,12.857568824332914,11.023715587833543,stop,-1.0,-1.024093801246941,108,27.0,0.6112844121664569
AVAX,2023-11-02 04:00:00+00:00,2023-11-02 04:00:00+00:00,2023-11-02 14:45:00+00:00,1,12.416,11.690187615651586,13.867624768696828,11.690187615651586,stop,-1.0,-1.021588253780266,43,10.75,0.7258123843484139
AVAX,2023-11-04 08:15:00+00:00,2023-11-04 08:15:00+00:00,2023-11-08 08:15:00+00:00,1,12.045,11.384049941599336,13.366900116801327,12.823,tempo,1.1770934734200174,1.1526374652926963,384,96.0,0.6609500584006636
AVAX,2023-11-09 13:00:00+00:00,2023-11-09 13:00:00+00:00,2023-11-09 16:15:00+00:00,-1,13.652,14.302084539900221,12.351830920199555,12.351830920199555,alvo,2.0,1.9739995507342414,13,3.25,0.650084539900222
AVAX,2023-11-14 11:15:00+00:00,2023-11-14 11:15:00+00:00,2023-11-15 07:30:00+00:00,-1,16.85,18.61404396705318,13.321912065893642,18.61404396705318,stop,-1.0,-1.013067490952106,81,20.25,1.7640439670531798
AVAX,2023-11-18 07:00:00+00:00,2023-11-18 07:00:00+00:00,2023-11-22 07:00:00+00:00,1,20.383,17.97199123549764,25.205017529004717,20.376,tempo,-0.0029033490475273,-0.013891840831574517,384,96.0,2.411008764502359
AVAX,2023-11-25 10:45:00+00:00,2023-11-25 10:45:00+00:00,2023-11-29 10:45:00+00:00,1,20.836,19.23337870884153,24.041242582316933,20.886,tempo,0.03119888664642526,0.01427704731381749,384,96.0,1.6026212911584672
AVAX,2023-11-29 17:30:00+00:00,2023-11-29 17:30:00+00:00,2023-12-01 01:45:00+00:00,-1,20.945,22.13977777099183,18.55544445801634,22.13977777099183,stop,-1.0,-1.023439593731223,129,32.25,1.1947777709918306
AVAX,2023-12-03 21:00:00+00:00,2023-12-03 21:00:00+00:00,2023-12-04 08:30:00+00:00,-1,21.792,22.770471478288645,19.835057043422715,22.770471478288645,stop,-1.0,-1.0296029134252833,46,11.5,0.9784714782886432
AVAX,2023-12-04 22:00:00+00:00,2023-12-04 22:00:00+00:00,2023-12-05 22:45:00+00:00,1,21.996,20.6505129747909,24.686974050418197,24.686974050418197,alvo,2.0,1.9774476211481444,99,24.75,1.3454870252090991
AVAX,2023-12-07 22:45:00+00:00,2023-12-07 22:45:00+00:00,2023-12-08 19:15:00+00:00,-1,26.367,28.586508993314673,21.927982013370656,28.586508993314673,stop,-1.0,-1.0160935508498705,82,20.5,2.2195089933146726
AVAX,2023-12-10 15:30:00+00:00,2023-12-10 15:30:00+00:00,2023-12-10 20:30:00+00:00,-1,33.178,36.376842995244004,26.780314009511983,36.376842995244004,stop,-1.0,-1.0141334376254563,20,5.0,3.198842995244007
AVAX,2023-12-17 05:15:00+00:00,2023-12-17 05:15:00+00:00,2023-12-18 02:30:00+00:00,1,43.808,39.25266516177843,52.91866967644314,39.25266516177843,stop,-1.0,-1.011851913036591,85,21.25,4.555334838221569
AVAX,2023-12-18 03:30:00+00:00,2023-12-18 03:30:00+00:00,2023-12-21 19:00:00+00:00,1,39.656,35.73550611247588,47.49698777504823,47.49698777504823,alvo,2.0,1.9855504322468012,350,87.5,3.920493887524117
AVAX,2023-12-22 08:45:00+00:00,2023-12-22 08:45:00+00:00,2023-12-24 04:15:00+00:00,-1,44.963,48.940966943734296,37.00706611253141,48.940966943734296,stop,-1.0,-1.0153439129527126,174,43.5,3.9779669437342946
AVAX,2023-12-27 00:00:00+00:00,2023-12-27 00:00:00+00:00,2023-12-28 13:00:00+00:00,1,44.413,40.974225640248356,51.29054871950328,40.974225640248356,stop,-1.0,-1.016139964667577,148,37.0,3.4387743597516405
AVAX,2023-12-30 23:45:00+00:00,2023-12-30 23:45:00+00:00,2024-01-02 00:45:00+00:00,-1,39.483,42.13210800322666,34.18478399354667,42.13210800322666,stop,-1.0,-1.0200255407244558,196,49.0,2.649108003226665
AVAX,2024-01-02 06:15:00+00:00,2024-01-02 06:15:00+00:00,2024-01-03 12:15:00+00:00,-1,42.682,45.17124303596497,37.703513928070066,37.703513928070066,alvo,2.0,1.9790094485358316,120,30.0,2.489243035964968
AVAX,2024-01-17 12:30:00+00:00,2024-01-17 12:30:00+00:00,2024-01-18 17:00:00+00:00,1,36.229,33.99985157105402,40.68729685789195,33.99985157105402,stop,-1.0,-1.0204781130446166,114,28.5,2.229148428945976
AVAX,2024-01-18 19:30:00+00:00,2024-01-18 19:30:00+00:00,2024-01-19 16:45:00+00:00,1,33.639,31.729784895054365,37.45743020989128,31.729784895054365,stop,-1.0,-1.0222550670543722,85,21.25,1.9092151049456376
AVAX,2024-01-23 17:30:00+00:00,2024-01-23 17:30:00+00:00,2024-01-24 09:30:00+00:00,-1,29.142,31.017993686135146,25.390012627729707,31.017993686135146,stop,-1.0,-1.0208444176464946,64,16.0,1.8759936861351463
AVAX,2024-01-27 05:00:00+00:00,2024-01-27 05:00:00+00:00,2024-01-28 03:30:00+00:00,-1,32.816,34.764230795990535,28.919538408018937,34.764230795990535,stop,-1.0,-1.0225472003151763,90,22.5,1.9482307959905327
AVAX,2024-01-31 13:15:00+00:00,2024-01-31 13:15:00+00:00,2024-02-01 01:30:00+00:00,1,34.66,32.741814436531534,38.49637112693692,32.741814436531534,stop,-1.0,-1.0228399067421434,49,12.25,1.9181855634684624
AVAX,2024-02-03 04:30:00+00:00,2024-02-03 04:30:00+00:00,2024-02-07 04:30:00+00:00,-1,35.951,38.00068731025299,31.851625379494017,33.808,tempo,1.0455253292930282,1.0234032476598043,384,96.0,2.049687310252992
AVAX,2024-02-11 16:45:00+00:00,2024-02-11 16:45:00+00:00,2024-02-13 00:30:00+00:00,-1,39.858,41.593775506375636,36.38644898724872,41.593775506375636,stop,-1.0,-1.030501440932124,127,31.75,1.7357755063756386
AVAX,2024-02-13 20:15:00+00:00,2024-02-13 20:15:00+00:00,2024-02-14 10:00:00+00:00,-1,39.774,41.615419918381825,36.09116016323635,41.615419918381825,stop,-1.0,-1.0287295268281,55,13.75,1.841419918381824
AVAX,2024-02-17 19:30:00+00:00,2024-02-17 19:30:00+00:00,2024-02-21 18:30:00+00:00,-1,39.705,41.514699602414844,36.08560079517031,36.08560079517031,alvo,2.0,1.9727778629938784,380,95.0,1.8096996024148453
AVAX,2024-02-21 20:15:00+00:00,2024-02-21 20:15:00+00:00,2024-02-25 20:15:00+00:00,1,36.891,34.96949420701894,40.734011585962115,37.265,tempo,0.19463901767361944,0.16955379535679285,384,96.0,1.9215057929810584
AVAX,2024-02-25 21:30:00+00:00,2024-02-25 21:30:00+00:00,2024-02-26 16:45:00+00:00,-1,37.063,38.65388444140121,33.881231117197586,38.65388444140121,stop,-1.0,-1.030936234968495,77,19.25,1.590884441401208
AVAX,2024-02-28 02:45:00+00:00,2024-02-28 02:45:00+00:00,2024-02-28 16:45:00+00:00,-1,39.429,41.10404158107592,36.07891683784817,41.10404158107592,stop,-1.0,-1.0312508522887391,56,14.0,1.6750415810759165
AVAX,2024-03-01 18:00:00+00:00,2024-03-01 18:00:00+00:00,2024-03-03 00:15:00+00:00,-1,41.967,44.787114800300074,36.32677039939985,44.787114800300074,stop,-1.0,-1.0199957018112151,121,30.25,2.8201148003000753
AVAX,2024-03-03 18:15:00+00:00,2024-03-03 18:15:00+00:00,2024-03-05 19:45:00+00:00,1,42.752,40.014769981090275,48.22646003781946,40.014769981090275,stop,-1.0,-1.0196543221125192,198,49.5,2.7372300189097274
AVAX,2024-03-11 09:00:00+00:00,2024-03-11 09:00:00+00:00,2024-03-11 10:30:00+00:00,-1,44.214,47.09251628279849,38.45696743440301,47.09251628279849,stop,-1.0,-1.020617995436913,6,1.5,2.8785162827984934
AVAX,2024-03-12 18:45:00+00:00,2024-03-12 18:45:00+00:00,2024-03-16 18:45:00+00:00,-1,56.672,62.170283794973194,45.6754324100536,53.089,tempo,0.6516578870075339,0.6386820835276869,384,96.0,5.498283794973197
AVAX,2024-03-19 03:00:00+00:00,2024-03-19 03:00:00+00:00,2024-03-23 03:00:00+00:00,-1,58.025,64.91938843157418,44.23622313685164,54.176,tempo,0.5582801198686109,0.547701857456531,384,96.0,6.894388431574178
AVAX,2024-03-24 05:15:00+00:00,2024-03-24 05:15:00+00:00,2024-03-25 11:00:00+00:00,-1,53.235,58.28887568433835,43.1272486313233,58.28887568433835,stop,-1.0,-1.014343550123218,119,29.75,5.053875684338351
AVAX,2024-03-28 16:30:00+00:00,2024-03-28 16:30:00+00:00,2024-04-01 16:30:00+00:00,-1,54.818,58.25124191154664,47.95151617690671,51.307,tempo,1.0226485900081306,1.0025564287863993,384,96.0,3.433241911546645
AVAX,2024-04-05 02:30:00+00:00,2024-04-05 02:30:00+00:00,2024-04-08 10:45:00+00:00,1,45.735,43.241891041762784,50.72121791647443,50.72121791647443,alvo,2.0,1.974852065154008,321,80.25,2.4931089582372152
AVAX,2024-04-10 06:15:00+00:00,2024-04-10 06:15:00+00:00,2024-04-10 12:45:00+00:00,1,47.507,45.33482096878182,51.851358062436354,45.33482096878182,stop,-1.0,-1.0277818645527874,26,6.5,2.172179031218178
AVAX,2024-04-11 21:30:00+00:00,2024-04-11 21:30:00+00:00,2024-04-12 17:30:00+00:00,-1,46.063,48.288970191274615,41.61105961745078,41.61105961745078,alvo,2.0,1.9743985166671476,80,20.0,2.2259701912746124
AVAX,2024-04-15 11:45:00+00:00,2024-04-15 11:45:00+00:00,2024-04-19 11:45:00+00:00,-1,37.577,42.036174902178274,28.658650195643446,35.687,tempo,0.4238452273035419,0.4131657628185904,384,96.0,4.459174902178276
AVAX,2024-04-21 14:45:00+00:00,2024-04-21 14:45:00+00:00,2024-04-25 14:45:00+00:00,-1,36.992,39.922189274798576,31.13162145040284,35.256,tempo,0.5924531957476807,0.5764265177429884,384,96.0,2.930189274798579
AVAX,2024-04-28 06:30:00+00:00,2024-04-28 06:30:00+00:00,2024-04-29 07:00:00+00:00,1,34.802,32.985607126745265,38.43478574650947,32.985607126745265,stop,-1.0,-1.0242579374105512,98,24.5,1.8163928732547348
AVAX,2024-05-04 21:15:00+00:00,2024-05-04 21:15:00+00:00,2024-05-06 08:45:00+00:00,-1,37.532,39.530882325255476,33.53423534948904,39.530882325255476,stop,-1.0,-1.0250594409078153,142,35.5,1.9988823252554795
AVAX,2024-05-10 15:00:00+00:00,2024-05-10 15:00:00+00:00,2024-05-13 01:45:00+00:00,1,34.322,32.63858136370448,37.688837272591044,32.63858136370448,stop,-1.0,-1.02585475588068,235,58.75,1.6834186362955208
AVAX,2024-05-16 06:30:00+00:00,2024-05-16 06:30:00+00:00,2024-05-17 07:15:00+00:00,-1,34.689,36.34904770292114,31.36890459415772,36.34904770292114,stop,-1.0,-1.0278153036961808,99,24.75,1.6600477029211405
AVAX,2024-05-20 13:30:00+00:00,2024-05-20 13:30:00+00:00,2024-05-20 22:15:00+00:00,1,35.743,34.10489555051155,39.019208898976906,39.019208898976906,alvo,2.0,1.970334348460191,35,8.75,1.638104449488452
AVAX,2024-05-24 02:45:00+00:00,2024-05-24 02:45:00+00:00,2024-05-28 02:45:00+00:00,1,38.55,36.24575034705943,43.158499305881136,37.652,tempo,-0.38971471639542743,-0.41121034727760664,384,96.0,2.3042496529405696
AVAX,2024-05-30 00:15:00+00:00,2024-05-30 00:15:00+00:00,2024-06-03 00:15:00+00:00,1,36.351,34.758666566484095,39.53566686703181,35.009,tempo,-0.8427883078714462,-0.8719178852725707,384,96.0,1.592333433515904
AVAX,2024-06-06 15:00:00+00:00,2024-06-06 15:00:00+00:00,2024-06-07 02:45:00+00:00,1,36.916,35.66583948896407,39.416321022071855,35.66583948896407,stop,-1.0,-1.0377377106790335,47,11.75,1.2501605110359293
AVAX,2024-06-07 19:15:00+00:00,2024-06-07 19:15:00+00:00,2024-06-11 19:15:00+00:00,-1,33.282,36.5500103776546,26.745979244690787,31.436,tempo,0.5648696872636124,0.5519974209184271,384,96.0,3.268010377654605
AVAX,2024-06-12 03:45:00+00:00,2024-06-12 03:45:00+00:00,2024-06-12 13:15:00+00:00,-1,31.583,33.488229968717825,27.772540062564346,33.488229968717825,stop,-1.0,-1.0222001019163744,38,9.5,1.9052299687178262
AVAX,2024-06-23 08:45:00+00:00,2024-06-23 08:45:00+00:00,2024-06-23 14:15:00+00:00,1,25.787,24.29996148295608,28.76107703408784,24.29996148295608,stop,-1.0,-1.0218935317349012,22,5.5,1.4870385170439206
AVAX,2024-06-24 15:45:00+00:00,2024-06-24 15:45:00+00:00,2024-06-25 14:30:00+00:00,-1,24.049,25.55662693269457,21.03374613461086,25.55662693269457,stop,-1.0,-1.0213870267285705,91,22.75,1.5076269326945706
AVAX,2024-06-26 15:00:00+00:00,2024-06-26 15:00:00+00:00,2024-06-27 13:45:00+00:00,-1,25.984,27.43151228272402,23.088975434551962,27.43151228272402,stop,-1.0,-1.0239860368703968,91,22.75,1.4475122827240199
AVAX,2024-07-04 10:00:00+00:00,2024-07-04 10:00:00+00:00,2024-07-04 23:15:00+00:00,1,25.908,24.760480099861354,28.203039800277296,24.760480099861354,stop,-1.0,-1.0287006021080163,53,13.25,1.1475199001386471
AVAX,2024-07-08 03:15:00+00:00,2024-07-08 03:15:00+00:00,2024-07-12 03:15:00+00:00,1,25.354,23.66543918123263,28.731121637534734,25.428,tempo,0.043824302434081634,0.024276117001178054,384,96.0,1.6885608187673675
AVAX,2024-07-13 12:30:00+00:00,2024-07-13 12:30:00+00:00,2024-07-15 19:30:00+00:00,-1,25.907,27.3363736189268,23.0482527621464,27.3363736189268,stop,-1.0,-1.0242121390754972,220,55.0,1.4293736189267996
AVAX,2024-07-20 12:00:00+00:00,2024-07-20 12:00:00+00:00,2024-07-21 01:45:00+00:00,-1,27.985,29.2529349361885,25.449130127623,29.2529349361885,stop,-1.0,-1.0293427183419697,55,13.75,1.2679349361884995
AVAX,2024-07-27 00:00:00+00:00,2024-07-27 00:00:00+00:00,2024-07-31 00:00:00+00:00,-1,28.694,30.33693689121519,25.40812621756962,26.303,tempo,1.4553206594755492,1.433562033084514,384,96.0,1.6429368912151894
AVAX,2024-08-02 15:30:00+00:00,2024-08-02 15:30:00+00:00,2024-08-04 17:15:00+00:00,-1,23.718,25.100034679152632,20.953930641694736,20.953930641694736,alvo,2.0,1.9789898507214705,199,49.75,1.382034679152632
AVAX,2024-08-07 19:00:00+00:00,2024-08-07 19:00:00+00:00,2024-08-11 19:00:00+00:00,1,19.888,18.058272669177498,23.54745466164501,21.162,tempo,0.69627860858771,0.6816958346680541,384,96.0,1.8297273308225037
AVAX,2024-08-13 05:15:00+00:00,2024-08-13 05:15:00+00:00,2024-08-17 05:15:00+00:00,-1,20.97,22.254349549161187,18.401300901677622,20.48,tempo,0.38151607583777997,0.360538531198475,384,96.0,1.2843495491611883
AVAX,2024-08-18 03:45:00+00:00,2024-08-18 03:45:00+00:00,2024-08-20 00:45:00+00:00,-1,20.629,21.552046943144372,18.78290611371126,21.552046943144372,stop,-1.0,-1.029703451938907,180,45.0,0.9230469431443709
AVAX,2024-08-30 09:15:00+00:00,2024-08-30 09:15:00+00:00,2024-08-30 15:45:00+00:00,1,23.56,22.22278847377833,26.234423052443336,22.22278847377833,stop,-1.0,-1.0222543792993173,26,6.5,1.3372115262216688
AVAX,2024-09-01 13:45:00+00:00,2024-09-01 13:45:00+00:00,2024-09-05 13:45:00+00:00,-1,22.199,23.298060324760826,20.000879350478353,21.841,tempo,0.32573280277213895,0.29968691670466624,384,96.0,1.0990603247608242
AVAX,2024-09-06 20:30:00+00:00,2024-09-06 20:30:00+00:00,2024-09-08 07:15:00+00:00,1,20.908,19.866759462797273,22.99048107440546,22.99048107440546,alvo,2.0,1.9725961373199898,139,34.75,1.0412405372027287
AVAX,2024-09-09 15:45:00+00:00,2024-09-09 15:45:00+00:00,2024-09-13 15:45:00+00:00,-1,23.649,24.773434814795785,21.400130370408434,24.558,tempo,-0.8084061326090198,-0.8362730659231496,384,96.0,1.1244348147957837
AVAX,2024-09-16 05:45:00+00:00,2024-09-16 05:45:00+00:00,2024-09-18 16:00:00+00:00,1,23.745,22.845258581206988,25.544482837586028,22.845258581206988,stop,-1.0,-1.0336581905036777,233,58.25,0.8997414187930133
AVAX,2024-09-19 15:30:00+00:00,2024-09-19 15:30:00+00:00,2024-09-20 09:00:00+00:00,1,26.392,25.18580883149862,28.80438233700276,28.80438233700276,alvo,2.0,1.9702554209846954,70,17.5,1.2061911685013804
AVAX,2024-09-22 08:00:00+00:00,2024-09-22 08:00:00+00:00,2024-09-26 08:00:00+00:00,1,27.378,26.2083899302464,29.717220139507198,28.002,tempo,0.5335111385724103,0.5027342147660143,384,96.0,1.169610069753599
AVAX,2024-09-26 11:00:00+00:00,2024-09-26 11:00:00+00:00,2024-09-26 16:15:00+00:00,-1,28.115,29.34139358741577,25.662212825168456,29.34139358741577,stop,-1.0,-1.0304524226276461,21,5.25,1.226393587415771
AVAX,2024-10-09 05:45:00+00:00,2024-10-09 05:45:00+00:00,2024-10-10 18:00:00+00:00,1,26.493,25.25069234605158,28.977615307896837,25.25069234605158,stop,-1.0,-1.0270733259334246,145,36.25,1.2423076539484192
AVAX,2024-10-12 15:00:00+00:00,2024-10-12 15:00:00+00:00,2024-10-16 15:00:00+00:00,-1,29.248,30.567745860883623,26.608508278232758,27.695,tempo,1.1767417091652832,1.148696195936533,384,96.0,1.3197458608836214
AVAX,2024-10-21 00:00:00+00:00,2024-10-21 00:00:00+00:00,2024-10-21 13:30:00+00:00,1,28.968,27.938165499087205,31.02766900182559,27.938165499087205,stop,-1.0,-1.0359174290059436,54,13.5,1.029834500912795
AVAX,2024-10-22 20:30:00+00:00,2024-10-22 20:30:00+00:00,2024-10-23 12:15:00+00:00,1,27.611,26.51393288962708,29.805134220745845,26.51393288962708,stop,-1.0,-1.0320684177345345,63,15.75,1.0970671103729224
AVAX,2024-10-23 16:00:00+00:00,2024-10-23 16:00:00+00:00,2024-10-25 18:15:00+00:00,1,26.495,25.477368767317433,28.530262465365137,25.477368767317433,stop,-1.0,-1.033196740247156,201,50.25,1.017631232682568
AVAX,2024-10-26 21:15:00+00:00,2024-10-26 21:15:00+00:00,2024-10-30 21:15:00+00:00,1,25.435,24.326034626454888,27.65293074709022,26.421,tempo,0.8891170306318783,0.8587225739571417,384,96.0,1.1089653735451108
AVAX,2024-11-02 19:00:00+00:00,2024-11-02 19:00:00+00:00,2024-11-06 02:30:00+00:00,-1,24.03,24.948339556078963,22.193320887842077,24.948339556078963,stop,-1.0,-1.0346668293886645,318,79.5,0.918339556078962
AVAX,2024-11-07 20:30:00+00:00,2024-11-07 20:30:00+00:00,2024-11-09 23:45:00+00:00,1,27.443,26.101347533770188,30.12630493245963,30.12630493245963,alvo,2.0,1.972108985636755,205,51.25,1.3416524662298137
AVAX,2024-11-10 13:00:00+00:00,2024-11-10 13:00:00+00:00,2024-11-10 21:15:00+00:00,1,32.244,30.386789838589685,35.95842032282063,30.386789838589685,stop,-1.0,-1.021919982046711,33,8.25,1.8572101614103147
AVAX,2024-11-12 21:00:00+00:00,2024-11-12 21:00:00+00:00,2024-11-14 23:15:00+00:00,1,34.186,31.189185689921334,40.17962862015733,31.189185689921334,stop,-1.0,-1.014179680921683,201,50.25,2.9968143100786655
AVAX,2024-11-22 13:15:00+00:00,2024-11-22 13:15:00+00:00,2024-11-23 01:15:00+00:00,1,38.292,35.15366147567871,44.568677048642584,44.568677048642584,alvo,2.0,1.9828382312283326,48,12.0,3.1383385243212913
AVAX,2024-11-23 12:00:00+00:00,2024-11-23 12:00:00+00:00,2024-11-25 09:00:00+00:00,-1,42.342,46.100395726595856,34.825208546808284,46.100395726595856,stop,-1.0,-1.0152957701647762,180,45.0,3.7583957265958574
AVAX,2024-11-25 22:30:00+00:00,2024-11-25 22:30:00+00:00,2024-11-29 22:30:00+00:00,-1,41.489,45.76947115091575,32.928057698168494,44.55,tempo,-0.7151081953548826,-0.7281734276688617,384,96.0,4.280471150915751
AVAX,2024-12-02 16:30:00+00:00,2024-12-02 16:30:00+00:00,2024-12-06 16:30:00+00:00,1,48.544,44.26442049188589,57.103159016228204,51.694,tempo,0.7360536225644576,0.7208290660685527,384,96.0,4.279579508114104
AVAX,2024-12-09 10:45:00+00:00,2024-12-09 10:45:00+00:00,2024-12-09 20:45:00+00:00,1,50.164,46.63434761120895,57.2233047775821,46.63434761120895,stop,-1.0,-1.0178258137110312,40,10.0,3.5296523887910496
AVAX,2024-12-11 14:45:00+00:00,2024-12-11 14:45:00+00:00,2024-12-15 14:45:00+00:00,1,47.104,42.79363095716445,55.72473808567109,50.828,tempo,0.863963146308743,0.849195083674801,384,96.0,4.310369042835546
AVAX,2024-12-16 18:00:00+00:00,2024-12-16 18:00:00+00:00,2024-12-18 20:15:00+00:00,-1,49.916,53.383390638012266,42.98121872397546,42.98121872397546,alvo,2.0,1.982585408315805,201,50.25,3.4673906380122688
AVAX,2024-12-19 07:30:00+00:00,2024-12-19 07:30:00+00:00,2024-12-20 09:00:00+00:00,-1,42.98,46.21189747112383,36.51620505775234,36.51620505775234,alvo,2.0,1.9840117040378848,102,25.5,3.2318974711238297
AVAX,2024-12-21 18:30:00+00:00,2024-12-21 18:30:00+00:00,2024-12-24 16:30:00+00:00,-1,37.991,41.59397100851478,30.785057982970443,41.59397100851478,stop,-1.0,-1.014357659562978,280,70.0,3.6029710085147784
AVAX,2024-12-25 14:45:00+00:00,2024-12-25 14:45:00+00:00,2024-12-26 08:45:00+00:00,1,40.73,37.6719613986739,46.84607720265219,37.6719613986739,stop,-1.0,-1.016664693142539,72,18.0,3.0580386013260963
AVAX,2025-01-03 20:15:00+00:00,2025-01-03 20:15:00+00:00,2025-01-07 20:15:00+00:00,1,41.618,39.54668317155444,45.76063365689112,39.871,tempo,-0.84342480880197,-0.8689968744910951,384,96.0,2.0713168284455605
AVAX,2025-01-10 18:15:00+00:00,2025-01-10 18:15:00+00:00,2025-01-14 18:15:00+00:00,-1,37.084,39.46668161288788,32.318636774224245,36.382,tempo,0.29462601977658315,0.2745843575831514,384,96.0,2.382681612887879
AVAX,2025-01-15 17:00:00+00:00,2025-01-15 17:00:00+00:00,2025-01-17 07:30:00+00:00,-1,39.008,41.21742631263037,34.58914737473926,41.21742631263037,stop,-1.0,-1.0236018403533578,154,38.5,2.20942631263037
AVAX,2025-01-20 15:45:00+00:00,2025-01-20 15:45:00+00:00,2025-01-24 15:45:00+00:00,-1,37.664,40.43280288649671,32.126394227006585,36.048,tempo,0.5836457365315308,0.5663412183104368,384,96.0,2.768802886496708
AVAX,2025-01-27 12:00:00+00:00,2025-01-27 12:00:00+00:00,2025-01-31 07:30:00+00:00,-1,33.067,35.150506813776296,28.899986372447408,35.150506813776296,stop,-1.0,-1.02128208995323,366,91.5,2.083506813776296
AVAX,2025-02-04 15:15:00+00:00,2025-02-04 15:15:00+00:00,2025-02-08 15:15:00+00:00,-1,26.828,29.77130070078068,20.941398598438635,24.368,tempo,0.8357963558896682,0.8244902056240248,384,96.0,2.943300700780682
AVAX,2025-02-11 19:45:00+00:00,2025-02-11 19:45:00+00:00,2025-02-15 19:45:00+00:00,1,24.959,23.311627228883115,28.25374554223377,25.617,tempo,0.39942386540351205,0.37946821202840386,384,96.0,1.6473727711168848
AVAX,2025-02-17 00:45:00+00:00,2025-02-17 00:45:00+00:00,2025-02-21 00:45:00+00:00,-1,24.983,26.205228140112123,22.538543719775756,24.998,tempo,-0.012272667849575555,-0.0388533436937921,384,96.0,1.2222281401121222
AVAX,2025-02-22 18:30:00+00:00,2025-02-22 18:30:00+00:00,2025-02-23 15:15:00+00:00,1,26.151,24.739569255525822,28.973861488948355,24.739569255525822,stop,-1.0,-1.0234364102848101,83,20.75,1.4114307444741776
AVAX,2025-02-26 05:00:00+00:00,2025-02-26 05:00:00+00:00,2025-03-02 05:00:00+00:00,-1,22.083,23.709714764383335,18.829570471233325,21.941,tempo,0.08729250087911357,0.06970146363857574,384,96.0,1.6267147643833368
AVAX,2025-03-03 22:45:00+00:00,2025-03-03 22:45:00+00:00,2025-03-07 22:45:00+00:00,-1,20.977,22.755595958406396,17.41980808318721,20.392,tempo,0.3289111263494353,0.31379254369838,384,96.0,1.7785959584063953
AVAX,2025-03-12 16:30:00+00:00,2025-03-12 16:30:00+00:00,2025-03-16 03:30:00+00:00,-1,18.073,19.669050283914498,14.880899432171006,19.669050283914498,stop,-1.0,-1.0153706514962524,332,83.0,1.5960502839144972
AVAX,2025-03-17 01:00:00+00:00,2025-03-17 01:00:00+00:00,2025-03-19 14:15:00+00:00,-1,18.515,19.732658969424257,16.079682061151487,19.732658969424257,stop,-1.0,-1.0204170288680094,245,61.25,1.2176589694242566
AVAX,2025-03-20 06:00:00+00:00,2025-03-20 06:00:00+00:00,2025-03-24 04:15:00+00:00,1,19.223,18.106307700707838,21.45638459858432,21.45638459858432,alvo,2.0,1.9763214987639475,377,94.25,1.1166922992921613
AVAX,2025-03-25 13:00:00+00:00,2025-03-25 13:00:00+00:00,2025-03-28 06:00:00+00:00,1,22.141,21.143115874569343,24.13676825086131,21.143115874569343,stop,-1.0,-1.028194330986404,260,65.0,0.9978841254306552
AVAX,2025-03-30 13:00:00+00:00,2025-03-30 13:00:00+00:00,2025-04-01 00:00:00+00:00,-1,19.369,20.30534473332111,17.49631053335778,18.762,fim_dados,0.6482655141841166,0.6217954021431273,140,35.0,0.9363447333211106
NEAR,2023-01-04 01:30:00+00:00,2023-01-04 01:30:00+00:00,2023-01-04 06:15:00+00:00,1,1.356,1.3079179453919259,1.4521641092161486,1.4521641092161486,alvo,2.0,1.9620376731845401,19,4.75,0.04808205460807424
NEAR,2023-01-05 06:00:00+00:00,2023-01-05 06:00:00+00:00,2023-01-09 00:30:00+00:00,-1,1.594,1.6927359774710262,1.3965280450579478,1.6927359774710262,stop,-1.0,-1.021637283997954,362,90.5,0.09873597747102614
NEAR,2023-01-10 15:45:00+00:00,2023-01-10 15:45:00+00:00,2023-01-11 19:45:00+00:00,-1,1.619,1.7183644852714894,1.420271029457021,1.7183644852714894,stop,-1.0,-1.0218316122656845,112,28.0,0.09936448527148944
NEAR,2023-01-12 16:30:00+00:00,2023-01-12 16:30:00+00:00,2023-01-13 21:00:00+00:00,-1,1.815,1.9708758509240536,1.5032482981518926,1.9708758509240536,stop,-1.0,-1.015787046476491,114,28.5,0.15587585092405365
NEAR,2023-01-21 16:00:00+00:00,2023-01-21 16:00:00+00:00,2023-01-25 16:00:00+00:00,1,2.35,2.1349145982668047,2.780170803466391,2.387,tempo,0.17202469206114188,0.15770921562625376,384,96.0,0.21508540173319535
NEAR,2023-01-25 21:15:00+00:00,2023-01-25 21:15:00+00:00,2023-01-26 14:30:00+00:00,-1,2.467,2.677000570269741,2.0469988594605186,2.677000570269741,stop,-1.0,-1.015921863290088,69,17.25,0.21000057026974073
NEAR,2023-01-30 05:00:00+00:00,2023-01-30 05:00:00+00:00,2023-02-01 16:00:00+00:00,-1,2.529,2.6940344710290294,2.198931057941941,2.198931057941941,alvo,2.0,1.9813787073179294,236,59.0,0.16503447102902946
NEAR,2023-02-04 11:45:00+00:00,2023-02-04 11:45:00+00:00,2023-02-08 11:30:00+00:00,-1,2.479,2.632043937691442,2.172912124617116,2.632043937691442,stop,-1.0,-1.0217073515593764,383,95.75,0.1530439376914421
NEAR,2023-02-10 07:15:00+00:00,2023-02-10 07:15:00+00:00,2023-02-14 07:15:00+00:00,1,2.262,2.08343209975216,2.61913580049568,2.165,tempo,-0.5432107330901614,-0.5593253314922604,384,96.0,0.17856790024783997
NEAR,2023-02-15 04:15:00+00:00,2023-02-15 04:15:00+00:00,2023-02-15 19:45:00+00:00,-1,2.219,2.3519245932572663,1.953150813485467,2.3519245932572663,stop,-1.0,-1.022351777897615,62,15.5,0.13292459325726647
NEAR,2023-02-17 14:30:00+00:00,2023-02-17 14:30:00+00:00,2023-02-20 08:15:00+00:00,1,2.415,2.266824268478326,2.711351463043348,2.711351463043348,alvo,2.0,1.9775123198869393,263,65.75,0.14817573152167407
NEAR,2023-02-26 10:00:00+00:00,2023-02-26 10:00:00+00:00,2023-03-01 01:00:00+00:00,1,2.324,2.201296361001957,2.5694072779960857,2.201296361001957,stop,-1.0,-1.023971926657352,252,63.0,0.12270363899804293
NEAR,2023-03-06 19:15:00+00:00,2023-03-06 19:15:00+00:00,2023-03-07 14:15:00+00:00,1,2.069,1.976177882882748,2.2546442342345037,1.976177882882748,stop,-1.0,-1.0283269301060263,76,19.0,0.09282211711725186
NEAR,2023-03-13 18:30:00+00:00,2023-03-13 18:30:00+00:00,2023-03-15 16:45:00+00:00,1,2.023,1.8875586685398196,2.2938826629203612,1.8875586685398196,stop,-1.0,-1.0187672633393905,185,46.25,0.13544133146018056
NEAR,2023-03-16 22:15:00+00:00,2023-03-16 22:15:00+00:00,2023-03-20 22:15:00+00:00,1,1.962,1.8183403942410643,2.2493192115178715,2.007,tempo,0.3132404530993302,0.29528237792314566,384,96.0,0.14365960575893566
NEAR,2023-03-21 05:30:00+00:00,2023-03-21 05:30:00+00:00,2023-03-25 05:30:00+00:00,1,1.995,1.8612641852717626,2.262471629456475,1.968,tempo,-0.20189057101021463,-0.2211520530988724,384,96.0,0.13373581472823748
NEAR,2023-03-29 03:00:00+00:00,2023-03-29 03:00:00+00:00,2023-03-29 19:30:00+00:00,-1,1.893,1.9824627017609482,1.7140745964781037,1.9824627017609482,stop,-1.0,-1.0281575528858466,66,16.5,0.08946270176094817
NEAR,2023-03-30 15:15:00+00:00,2023-03-30 15:15:00+00:00,2023-04-03 15:15:00+00:00,1,1.943,1.8502209999860486,2.128558000027903,1.883,tempo,-0.6466980673533631,-0.6735026244150477,384,96.0,0.09277900001395145
NEAR,2023-04-04 21:15:00+00:00,2023-04-04 21:15:00+00:00,2023-04-08 21:15:00+00:00,-1,2.005,2.0956370958351376,1.8237258083297245,1.965,tempo,0.4413204067433595,0.41284972400332837,384,96.0,0.09063709583513768
NEAR,2023-04-11 18:30:00+00:00,2023-04-11 18:30:00+00:00,2023-04-12 02:30:00+00:00,1,2.063,1.987988834606202,2.2130223307875965,1.987988834606202,stop,-1.0,-1.0351033439977955,32,8.0,0.07501116539379815
NEAR,2023-04-18 12:45:00+00:00,2023-04-18 12:45:00+00:00,2023-04-19 08:30:00+00:00,-1,2.386,2.503491215037954,2.1510175699240923,2.1510175699240923,alvo,2.0,1.9748997282945964,79,19.75,0.1174912150379539
NEAR,2023-04-23 04:45:00+00:00,2023-04-23 04:45:00+00:00,2023-04-26 20:00:00+00:00,1,1.925,1.8223015399571643,2.130396920085672,1.8223015399571643,stop,-1.0,-1.023717453990607,349,87.25,0.10269846004283578
NEAR,2023-04-26 20:30:00+00:00,2023-04-26 20:30:00+00:00,2023-04-30 20:30:00+00:00,1,1.83,1.7273995007654035,2.0352009984691932,1.922,tempo,0.8966817967390333,0.8729119318924338,384,96.0,0.10260049923459658
NEAR,2023-05-04 00:30:00+00:00,2023-05-04 00:30:00+00:00,2023-05-05 12:45:00+00:00,1,1.885,1.8038203660641423,2.047359267871715,1.8038203660641423,stop,-1.0,-1.0295361425235818,145,36.25,0.0811796339358577
NEAR,2023-05-07 11:00:00+00:00,2023-05-07 11:00:00+00:00,2023-05-08 01:45:00+00:00,-1,1.772,1.8341042108138517,1.6477915783722967,1.6477915783722967,alvo,2.0,1.964207507078631,59,14.75,0.062104210813851646
NEAR,2023-05-10 17:30:00+00:00,2023-05-10 17:30:00+00:00,2023-05-10 19:15:00+00:00,-1,1.585,1.6612098819463292,1.4325802361073414,1.6612098819463292,stop,-1.0,-1.0276871761164925,7,1.75,0.07620988194632927
NEAR,2023-05-12 02:45:00+00:00,2023-05-12 02:45:00+00:00,2023-05-12 14:15:00+00:00,-1,1.559,1.6332647211666607,1.4104705576666785,1.6332647211666607,stop,-1.0,-1.0279402122052246,46,11.5,0.07426472116666072
NEAR,2023-05-14 14:30:00+00:00,2023-05-14 14:30:00+00:00,2023-05-18 14:30:00+00:00,-1,1.656,1.724851022188356,1.5182979556232878,1.673,tempo,-0.2469099144743727,-0.27833791555880605,384,96.0,0.06885102218835604
NEAR,2023-05-28 05:15:00+00:00,2023-05-28 05:15:00+00:00,2023-05-31 02:45:00+00:00,1,1.634,1.5818674204052894,1.738265159189421,1.5818674204052894,stop,-1.0,-1.0400961133999884,278,69.5,0.052132579594710515
NEAR,2023-06-02 11:30:00+00:00,2023-06-02 11:30:00+00:00,2023-06-05 16:00:00+00:00,1,1.6,1.5477678714418812,1.7044642571162378,1.5477678714418812,stop,-1.0,-1.0391722331239206,306,76.5,0.05223212855811887
NEAR,2023-06-07 12:00:00+00:00,2023-06-07 12:00:00+00:00,2023-06-07 20:15:00+00:00,1,1.477,1.4062744387181114,1.6184511225637774,1.4062744387181114,stop,-1.0,-1.0264986003815102,33,8.25,0.07072556128188867
NEAR,2023-06-08 06:45:00+00:00,2023-06-08 06:45:00+00:00,2023-06-10 02:45:00+00:00,1,1.403,1.3353264657179538,1.5383470685640925,1.3353264657179538,stop,-1.0,-1.0263014518393327,176,44.0,0.06767353428204625
NEAR,2023-06-12 21:30:00+00:00,2023-06-12 21:30:00+00:00,2023-06-16 21:30:00+00:00,1,1.197,1.087438014750453,1.4161239704990942,1.213,tempo,0.1460360540524813,0.13173821163540556,384,96.0,0.10956198524954708
NEAR,2023-06-24 20:45:00+00:00,2023-06-24 20:45:00+00:00,2023-06-26 06:45:00+00:00,1,1.406,1.3357437101574046,1.5465125796851906,1.5465125796851906,alvo,2.0,1.9726838240235136,136,34.0,0.07025628984259535
NEAR,2023-06-29 17:15:00+00:00,2023-06-29 17:15:00+00:00,2023-06-30 13:30:00+00:00,-1,1.353,1.4375931354676137,1.1838137290647726,1.4375931354676137,stop,-1.0,-1.021442467264361,81,20.25,0.08459313546761371
NEAR,2023-07-04 05:00:00+00:00,2023-07-04 05:00:00+00:00,2023-07-05 10:45:00+00:00,1,1.443,1.3516433377967008,1.6257133244065987,1.3516433377967008,stop,-1.0,-1.0198838062354498,119,29.75,0.0913566622032993
NEAR,2023-07-05 18:45:00+00:00,2023-07-05 18:45:00+00:00,2023-07-09 18:45:00+00:00,-1,1.349,1.4220652779020202,1.2028694441959595,1.338,tempo,0.15055030673736414,0.12664633962535088,384,96.0,0.07306527790202022
NEAR,2023-07-16 06:15:00+00:00,2023-07-16 06:15:00+00:00,2023-07-20 06:15:00+00:00,1,1.48,1.3925927129566333,1.6548145740867333,1.535,tempo,0.6292381546256205,0.6068172551069375,384,96.0,0.08740728704336664
NEAR,2023-07-21 04:00:00+00:00,2023-07-21 04:00:00+00:00,2023-07-24 10:00:00+00:00,-1,1.515,1.594579749063594,1.3558405018728117,1.3558405018728117,alvo,2.0,1.9765512413877289,312,78.0,0.07957974906359411
NEAR,2023-07-28 12:30:00+00:00,2023-07-28 12:30:00+00:00,2023-08-01 12:30:00+00:00,-1,1.386,1.4377160084801626,1.2825679830396746,1.374,tempo,0.23203646902878775,0.19734701690898337,384,96.0,0.05171600848016267
NEAR,2023-08-06 22:45:00+00:00,2023-08-06 22:45:00+00:00,2023-08-10 22:45:00+00:00,-1,1.343,1.379462021959405,1.27007595608119,1.336,tempo,0.19198057660634826,0.14422266559585262,384,96.0,0.036462021959404955
NEAR,2023-08-11 20:00:00+00:00,2023-08-11 20:00:00+00:00,2023-08-15 19:15:00+00:00,1,1.325,1.2948042015207686,1.3853915969584627,1.2948042015207686,stop,-1.0,-1.0563943600352126,381,95.25,0.030195798479231373
NEAR,2023-08-16 19:00:00+00:00,2023-08-16 19:00:00+00:00,2023-08-17 21:45:00+00:00,-1,1.24,1.2827133618793156,1.1545732762413687,1.1545732762413687,alvo,2.0,1.9635600533164628,107,26.75,0.042713361879315626
NEAR,2023-08-18 07:15:00+00:00,2023-08-18 07:15:00+00:00,2023-08-22 07:15:00+00:00,-1,1.139,1.2974676958203888,0.8220646083592225,1.13,tempo,0.05679390965715146,0.04748696547294605,384,96.0,0.15846769582038878
NEAR,2023-09-03 12:45:00+00:00,2023-09-03 12:45:00+00:00,2023-09-07 12:45:00+00:00,1,1.132,1.0957375345767577,1.2045249308464843,1.124,tempo,-0.22061379188168045,-0.2610522999335936,384,96.0,0.036262465423242185
NEAR,2023-09-10 08:30:00+00:00,2023-09-10 08:30:00+00:00,2023-09-11 10:30:00+00:00,1,1.146,1.1062025896693481,1.2255948206613034,1.1062025896693481,stop,-1.0,-1.0367845965634996,104,26.0,0.03979741033065176
NEAR,2023-09-12 12:15:00+00:00,2023-09-12 12:15:00+00:00,2023-09-16 12:15:00+00:00,-1,1.112,1.1547996348226999,1.0264007303546006,1.125,tempo,-0.30374090932909203,-0.33771433003755125,384,96.0,0.04279963482269977
NEAR,2023-09-22 03:00:00+00:00,2023-09-22 03:00:00+00:00,2023-09-26 03:00:00+00:00,-1,1.123,1.1629716171541795,1.043056765691641,1.104,tempo,0.47533728562226124,0.4391228388958135,384,96.0,0.03997161715417952
NEAR,2023-10-07 01:15:00+00:00,2023-10-07 01:15:00+00:00,2023-10-09 10:00:00+00:00,-1,1.093,1.1216734519002092,1.0356530961995816,1.0356530961995816,alvo,2.0,1.951745450204423,227,56.75,0.0286734519002092
NEAR,2023-10-10 06:45:00+00:00,2023-10-10 06:45:00+00:00,2023-10-14 06:45:00+00:00,-1,1.042,1.0710115472100625,0.983976905579875,1.006,tempo,1.2408852150950995,1.195000037363583,384,96.0,0.029011547210062494
NEAR,2023-10-19 11:45:00+00:00,2023-10-19 11:45:00+00:00,2023-10-21 15:15:00+00:00,1,0.979,0.9478142493205061,1.041371501358988,1.041371501358988,alvo,2.0000000000000036,1.9578896949000895,206,51.5,0.031185750679493918
NEAR,2023-10-23 20:30:00+00:00,2023-10-23 20:30:00+00:00,2023-10-24 12:00:00+00:00,1,1.075,1.0355229799537473,1.1539540400925052,1.1539540400925052,alvo,2.0,1.9632996582730247,62,15.5,0.03947702004625264
NEAR,2023-10-25 23:00:00+00:00,2023-10-25 23:00:00+00:00,2023-10-28 09:15:00+00:00,1,1.139,1.0783403117539954,1.2603193764920093,1.2603193764920093,alvo,2.0,1.974290049292785,233,58.25,0.06065968824600465
NEAR,2023-10-30 12:30:00+00:00,2023-10-30 12:30:00+00:00,2023-11-01 14:00:00+00:00,1,1.293,1.2251353235852935,1.4287293528294127,1.4287293528294127,alvo,2.0,1.9739315919149398,198,49.5,0.06786467641470639
NEAR,2023-11-02 04:00:00+00:00,2023-11-02 04:00:00+00:00,2023-11-06 04:00:00+00:00,1,1.498,1.4036873541522776,1.6866252916954447,1.631,tempo,1.4102032532810331,1.3886382766894119,384,96.0,0.09431264584772237
NEAR,2023-11-07 12:45:00+00:00,2023-11-07 12:45:00+00:00,2023-11-07 17:15:00+00:00,1,1.503,1.408409546814417,1.6921809063711655,1.408409546814417,stop,-1.0,-1.0200064186363134,18,4.5,0.09459045318558279
NEAR,2023-11-07 19:15:00+00:00,2023-11-07 19:15:00+00:00,2023-11-09 16:15:00+00:00,-1,1.481,1.5762993267885839,1.2904013464228326,1.2904013464228326,alvo,2.0,1.9810973389227484,180,45.0,0.09529932678858377
NEAR,2023-11-14 11:15:00+00:00,2023-11-14 11:15:00+00:00,2023-11-15 11:45:00+00:00,-1,1.551,1.6889605850356781,1.2750788299286435,1.6889605850356781,stop,-1.0,-1.015265043850956,98,24.5,0.1379605850356782
NEAR,2023-11-18 07:00:00+00:00,2023-11-18 07:00:00+00:00,2023-11-19 20:00:00+00:00,1,1.701,1.5388333066781865,2.025333386643627,2.025333386643627,alvo,2.0,1.9850640310183068,148,37.0,0.16216669332181355
NEAR,2023-11-20 23:00:00+00:00,2023-11-20 23:00:00+00:00,2023-11-21 17:45:00+00:00,1,2.003,1.8305967104031766,2.347806579193647,1.8305967104031766,stop,-1.0,-1.014453540112775,75,18.75,0.1724032895968235
NEAR,2023-11-25 10:45:00+00:00,2023-11-25 10:45:00+00:00,2023-11-29 10:45:00+00:00,1,1.833,1.7004984874342566,2.0980030251314865,1.842,tempo,0.06792375291213813,0.04989565682670838,384,96.0,0.13250151256574338
NEAR,2023-11-29 17:30:00+00:00,2023-11-29 17:30:00+00:00,2023-12-01 22:15:00+00:00,-1,1.809,1.9037826201401826,1.6194347597196346,1.9037826201401826,stop,-1.0,-1.0254615107656009,211,52.75,0.09478262014018268
NEAR,2023-12-03 21:00:00+00:00,2023-12-03 21:00:00+00:00,2023-12-04 02:00:00+00:00,-1,1.967,2.047065576977002,1.806868846045996,2.047065576977002,stop,-1.0,-1.0325875703835183,20,5.0,0.080065576977002
NEAR,2023-12-04 22:00:00+00:00,2023-12-04 22:00:00+00:00,2023-12-06 01:15:00+00:00,1,2.09,1.9666941407817726,2.3366117184364543,2.3366117184364543,alvo,2.0,1.9766653617660501,109,27.25,0.12330585921822723
NEAR,2023-12-07 22:45:00+00:00,2023-12-07 22:45:00+00:00,2023-12-09 00:15:00+00:00,-1,2.26,2.417826787518926,1.9443464249621476,2.417826787518926,stop,-1.0,-1.0192653443669863,102,25.5,0.1578267875189261
NEAR,2023-12-10 15:30:00+00:00,2023-12-10 15:30:00+00:00,2023-12-14 15:30:00+00:00,-1,2.43,2.60369670276686,2.0826065944662804,2.257,tempo,0.9959889695327436,0.9784494886360385,384,96.0,0.1736967027668599
NEAR,2023-12-17 05:15:00+00:00,2023-12-17 05:15:00+00:00,2023-12-18 01:45:00+00:00,1,2.433,2.241416753643289,2.816166492713421,2.241416753643289,stop,-1.0,-1.0158592723928008,82,20.5,0.19158324635671065
NEAR,2023-12-18 03:30:00+00:00,2023-12-18 03:30:00+00:00,2023-12-20 01:00:00+00:00,1,2.218,2.0449980735882614,2.564003852823477,2.564003852823477,alvo,2.0,1.9820331335679024,182,45.5,0.17300192641173862
NEAR,2023-12-22 08:45:00+00:00,2023-12-22 08:45:00+00:00,2023-12-23 23:00:00+00:00,-1,3.35,3.7355100410065547,2.578979917986891,3.7355100410065547,stop,-1.0,-1.0119467226187655,153,38.25,0.3855100410065546
NEAR,2023-12-27 00:00:00+00:00,2023-12-27 00:00:00+00:00,2023-12-28 14:45:00+00:00,1,4.307,3.805368460078153,5.310263079843695,3.805368460078153,stop,-1.0,-1.0105117782264494,155,38.75,0.5016315399218474
NEAR,2023-12-30 23:45:00+00:00,2023-12-30 23:45:00+00:00,2024-01-02 05:45:00+00:00,-1,3.671,3.994178960929399,3.0246420781412016,3.994178960929399,stop,-1.0,-1.0154167409607229,216,54.0,0.32317896092939913
NEAR,2024-01-02 06:15:00+00:00,2024-01-02 06:15:00+00:00,2024-01-02 09:45:00+00:00,-1,3.958,4.266032043999297,3.341935912001407,4.266032043999297,stop,-1.0,-1.01735410627802,14,3.5,0.3080320439992965
NEAR,2024-01-17 12:30:00+00:00,2024-01-17 12:30:00+00:00,2024-01-18 18:15:00+00:00,1,3.283,3.041734696457613,3.765530607084774,3.041734696457613,stop,-1.0,-1.017039655069902,119,29.75,0.24126530354238707
NEAR,2024-01-18 19:30:00+00:00,2024-01-18 19:30:00+00:00,2024-01-19 16:30:00+00:00,1,3.076,2.8516646118904205,3.524670776219159,2.8516646118904205,stop,-1.0,-1.0171750967611348,84,21.0,0.22433538810957954
NEAR,2024-01-23 17:30:00+00:00,2024-01-23 17:30:00+00:00,2024-01-26 08:30:00+00:00,-1,2.613,2.797226749563026,2.244546500873948,2.797226749563026,stop,-1.0,-1.0190886904076484,252,63.0,0.1842267495630261
NEAR,2024-01-27 05:00:00+00:00,2024-01-27 05:00:00+00:00,2024-01-30 11:30:00+00:00,-1,2.913,3.101250101588343,2.5364997968233136,3.101250101588343,stop,-1.0,-1.0207663238056626,314,78.5,0.1882501015883431
NEAR,2024-01-31 13:15:00+00:00,2024-01-31 13:15:00+00:00,2024-02-04 13:15:00+00:00,1,2.885,2.693170455067895,3.268659089864209,2.789,tempo,-0.5004442878388599,-0.5196702105261359,384,96.0,0.19182954493210458
NEAR,2024-02-05 08:00:00+00:00,2024-02-05 08:00:00+00:00,2024-02-08 00:45:00+00:00,-1,2.791,2.9280089234431723,2.516982153113655,2.9280089234431723,stop,-1.0,-1.0271322166966732,259,64.75,0.1370089234431724
NEAR,2024-02-11 16:45:00+00:00,2024-02-11 16:45:00+00:00,2024-02-12 16:00:00+00:00,-1,3.135,3.283519418537749,2.8379611629245014,3.283519418537749,stop,-1.0,-1.0280908561528548,93,23.25,0.1485194185377492
NEAR,2024-02-13 20:15:00+00:00,2024-02-13 20:15:00+00:00,2024-02-14 09:00:00+00:00,-1,3.218,3.3987804576546696,2.8564390846906607,3.3987804576546696,stop,-1.0,-1.023790775580905,51,12.75,0.18078045765466966
NEAR,2024-02-17 19:30:00+00:00,2024-02-17 19:30:00+00:00,2024-02-18 05:30:00+00:00,-1,3.251,3.4298448380328392,2.893310323934321,3.4298448380328392,stop,-1.0,-1.0242810985907458,40,10.0,0.17884483803283935
NEAR,2024-02-20 19:30:00+00:00,2024-02-20 19:30:00+00:00,2024-02-21 18:30:00+00:00,1,3.316,3.099071348130614,3.7498573037387715,3.099071348130614,stop,-1.0,-1.0192219715577062,92,23.0,0.2169286518693858
NEAR,2024-02-21 20:15:00+00:00,2024-02-21 20:15:00+00:00,2024-02-24 06:30:00+00:00,1,3.135,2.9361162978463966,3.532767404307206,3.532767404307206,alvo,2.0,1.978208124819336,233,58.25,0.19888370215360318
NEAR,2024-02-25 19:15:00+00:00,2024-02-25 19:15:00+00:00,2024-02-28 17:45:00+00:00,1,3.76,3.5072288905610454,4.265542218877909,3.5072288905610454,stop,-1.0,-1.0186876529890987,282,70.5,0.2527711094389544
NEAR,2024-03-01 18:00:00+00:00,2024-03-01 18:00:00+00:00,2024-03-02 15:00:00+00:00,-1,3.948,4.284381366140132,3.2752372677197354,4.284381366140132,stop,-1.0,-1.0159076822518223,84,21.0,0.33638136614013225
NEAR,2024-03-03 18:15:00+00:00,2024-03-03 18:15:00+00:00,2024-03-05 20:00:00+00:00,1,4.366,3.9994716303434017,5.099056739313196,3.9994716303434017,stop,-1.0,-1.0148352951909771,199,49.75,0.36652836965659796
NEAR,2024-03-11 09:00:00+00:00,2024-03-11 09:00:00+00:00,2024-03-12 18:00:00+00:00,-1,6.907,7.690256371234625,5.34048725753075,7.690256371234625,stop,-1.0,-1.012113807164245,132,33.0,0.783256371234625
NEAR,2024-03-12 18:45:00+00:00,2024-03-12 18:45:00+00:00,2024-03-14 22:15:00+00:00,-1,7.833,8.783970495141311,5.931059009717378,8.783970495141311,stop,-1.0,-1.0113579031915567,206,51.5,0.9509704951413109
NEAR,2024-03-19 03:00:00+00:00,2024-03-19 03:00:00+00:00,2024-03-23 03:00:00+00:00,-1,6.858,7.721316876875577,5.131366246248844,6.537,tempo,0.3718217593078082,0.361736528457798,384,96.0,0.8633168768755777
NEAR,2024-03-24 05:15:00+00:00,2024-03-24 05:15:00+00:00,2024-03-25 00:45:00+00:00,-1,6.51,7.123425685355171,5.2831486292896574,7.123425685355171,stop,-1.0,-1.0144462922030237,78,19.5,0.6134256853551712
NEAR,2024-03-28 16:30:00+00:00,2024-03-28 16:30:00+00:00,2024-04-01 16:30:00+00:00,-1,7.325,7.907177019436657,6.160645961126687,6.725,tempo,1.0306143663667633,1.014927556865356,384,96.0,0.5821770194366565
NEAR,2024-04-05 02:30:00+00:00,2024-04-05 02:30:00+00:00,2024-04-09 02:30:00+00:00,1,6.735,6.245762762566925,7.713474474866151,7.417,tempo,1.3940067268352467,1.375204396807663,384,96.0,0.4892372374330751
NEAR,2024-04-10 06:15:00+00:00,2024-04-10 06:15:00+00:00,2024-04-12 13:45:00+00:00,1,7.036,6.55528453743012,7.997430925139758,6.55528453743012,stop,-1.0,-1.018377471991647,222,55.5,0.4807154625698793
NEAR,2024-04-15 11:45:00+00:00,2024-04-15 11:45:00+00:00,2024-04-19 11:45:00+00:00,-1,5.635,6.3769156364173405,4.151168727165318,5.722,tempo,-0.11726400648477718,-0.12721399222122481,384,96.0,0.7419156364173407
NEAR,2024-04-21 14:45:00+00:00,2024-04-21 14:45:00+00:00,2024-04-22 05:30:00+00:00,-1,6.169,6.7207147474446405,5.065570505110718,6.7207147474446405,stop,-1.0,-1.0151859536556609,59,14.75,0.5517147474446409
NEAR,2024-04-23 05:45:00+00:00,2024-04-23 05:45:00+00:00,2024-04-27 05:45:00+00:00,-1,7.04,7.604080506090453,5.9118389878190944,7.2,tempo,-0.28364745505731664,-0.3000564603323824,384,96.0,0.5640805060904528
NEAR,2024-04-28 06:30:00+00:00,2024-04-28 06:30:00+00:00,2024-04-29 13:30:00+00:00,1,7.291,6.713484948241831,8.446030103516339,6.713484948241831,stop,-1.0,-1.0157622129304589,124,31.0,0.5775150517581693
NEAR,2024-05-04 21:15:00+00:00,2024-05-04 21:15:00+00:00,2024-05-05 15:45:00+00:00,-1,6.888,7.3659186856650365,5.932162628669927,7.3659186856650365,stop,-1.0,-1.019386241684168,74,18.5,0.4779186856650366
NEAR,2024-05-10 15:00:00+00:00,2024-05-10 15:00:00+00:00,2024-05-13 01:45:00+00:00,1,7.286,6.807986056763746,8.242027886472506,6.807986056763746,stop,-1.0,-1.019164903171807,235,58.75,0.47801394323625335
NEAR,2024-05-16 06:30:00+00:00,2024-05-16 06:30:00+00:00,2024-05-20 06:30:00+00:00,-1,8.072,8.605032851671812,7.005934296656374,8.082,tempo,-0.018760569763453427,-0.038459355620774086,384,96.0,0.5330328516718126
NEAR,2024-05-20 13:30:00+00:00,2024-05-20 13:30:00+00:00,2024-05-23 20:15:00+00:00,1,7.828,7.41693054722233,8.650138905555341,7.41693054722233,stop,-1.0,-1.0241059139489355,315,78.75,0.41106945277766993
NEAR,2024-05-24 02:45:00+00:00,2024-05-24 02:45:00+00:00,2024-05-28 02:45:00+00:00,1,7.775,7.270206697027504,8.784586605944993,7.771,tempo,-0.007924035395173197,-0.027941931711342363,384,96.0,0.5047933029724962
NEAR,2024-05-30 00:15:00+00:00,2024-05-30 00:15:00+00:00,2024-05-30 08:00:00+00:00,1,7.625,7.25125353588092,8.37249292823816,7.25125353588092,stop,-1.0,-1.025871990043073,31,7.75,0.37374646411907975
NEAR,2024-05-30 14:30:00+00:00,2024-05-30 14:30:00+00:00,2024-05-31 16:15:00+00:00,1,7.495,7.126634853756459,8.231730292487082,7.126634853756459,stop,-1.0,-1.0258006566361144,103,25.75,0.36836514624354066
NEAR,2024-06-06 15:00:00+00:00,2024-06-06 15:00:00+00:00,2024-06-06 20:15:00+00:00,1,7.522,7.256153722061345,8.05369255587731,7.256153722061345,stop,-1.0,-1.0361329110710982,21,5.25,0.265846277938655
NEAR,2024-06-07 19:15:00+00:00,2024-06-07 19:15:00+00:00,2024-06-11 19:15:00+00:00,-1,6.694,7.4961087173091725,5.089782565381655,6.115,tempo,0.7218472851689809,0.7114673331495954,384,96.0,0.8021087173091725
NEAR,2024-06-12 03:45:00+00:00,2024-06-12 03:45:00+00:00,2024-06-12 12:45:00+00:00,-1,6.114,6.548856774089544,5.244286451820911,6.548856774089544,stop,-1.0,-1.0189277421753198,36,9.0,0.4348567740895444
NEAR,2024-06-23 08:45:00+00:00,2024-06-23 08:45:00+00:00,2024-06-27 08:45:00+00:00,1,5.35,4.972515218349936,6.104969563300127,5.089,tempo,-0.691418601987382,-0.7093937637153326,384,96.0,0.3774847816500637
NEAR,2024-06-27 08:45:00+00:00,2024-06-27 08:45:00+00:00,2024-07-01 08:45:00+00:00,-1,5.089,5.4126000313121665,4.441799937375668,5.3,tempo,-0.6520394919135678,-0.672907382354177,384,96.0,0.3236000313121661
NEAR,2024-07-04 10:00:00+00:00,2024-07-04 10:00:00+00:00,2024-07-04 13:30:00+00:00,1,4.982,4.716378733099084,5.513242533801832,4.716378733099084,stop,-1.0,-1.023732836794525,14,3.5,0.2656212669009159
NEAR,2024-07-08 03:15:00+00:00,2024-07-08 03:15:00+00:00,2024-07-11 12:45:00+00:00,1,4.303,3.9700642500282317,4.968871499943536,4.968871499943536,alvo,2.0,1.9818982597228614,326,81.5,0.3329357499717682
NEAR,2024-07-13 12:30:00+00:00,2024-07-13 12:30:00+00:00,2024-07-15 02:30:00+00:00,-1,5.173,5.511581581314303,4.495836837371394,5.511581581314303,stop,-1.0,-1.0205119782384362,152,38.0,0.33858158131430294
NEAR,2024-07-15 19:15:00+00:00,2024-07-15 19:15:00+00:00,2024-07-16 02:30:00+00:00,-1,5.682,6.012702618746257,5.020594762507487,6.012702618746257,stop,-1.0,-1.0229860795508778,29,7.25,0.3307026187462565
NEAR,2024-07-20 12:00:00+00:00,2024-07-20 12:00:00+00:00,2024-07-24 12:00:00+00:00,-1,6.285,6.64268222037036,5.5696355592592806,5.973,tempo,0.8722826638599532,0.8500067453316297,384,96.0,0.3576822203703598
NEAR,2024-07-27 00:00:00+00:00,2024-07-27 00:00:00+00:00,2024-07-31 00:00:00+00:00,-1,5.711,6.035807663919188,5.0613846721616245,5.148,tempo,1.7333334848283473,1.7116026244328977,384,96.0,0.3248076639191879
NEAR,2024-08-02 15:30:00+00:00,2024-08-02 15:30:00+00:00,2024-08-04 17:15:00+00:00,-1,4.647,4.963319897994365,4.01436020401127,4.01436020401127,alvo,2.0,1.9822019285909493,199,49.75,0.3163198979943651
NEAR,2024-08-07 19:00:00+00:00,2024-08-07 19:00:00+00:00,2024-08-11 19:00:00+00:00,1,3.513,3.116628119763593,4.305743760472813,3.936,tempo,1.0671796388475177,1.054964216307674,384,96.0,0.3963718802364067
NEAR,2024-08-13 05:15:00+00:00,2024-08-13 05:15:00+00:00,2024-08-13 18:30:00+00:00,-1,4.015,4.314466396312255,3.4160672073754883,4.314466396312255,stop,-1.0,-1.018079334523923,53,13.25,0.2994663963122557
NEAR,2024-08-18 03:45:00+00:00,2024-08-18 03:45:00+00:00,2024-08-21 18:30:00+00:00,-1,3.973,4.190642241694717,3.5377155166105654,4.190642241694717,stop,-1.0,-1.0243811468572572,347,86.75,0.21764224169471724
NEAR,2024-08-30 09:15:00+00:00,2024-08-30 09:15:00+00:00,2024-08-30 15:45:00+00:00,1,4.274,3.977034695335586,4.867930609328828,3.977034695335586,stop,-1.0,-1.0180599297888646,26,6.5,0.29696530466441384
NEAR,2024-09-01 13:45:00+00:00,2024-09-01 13:45:00+00:00,2024-09-05 13:45:00+00:00,-1,3.929,4.1553891431815595,3.4762217136368805,3.858,tempo,0.31361927962711145,0.29126153786941267,384,96.0,0.22638914318155967
NEAR,2024-09-06 20:30:00+00:00,2024-09-06 20:30:00+00:00,2024-09-09 16:15:00+00:00,1,3.529,3.3266458397848915,3.933708320430217,3.933708320430217,alvo,2.0,1.9760283633253541,271,67.75,0.20235416021510844
NEAR,2024-09-16 05:45:00+00:00,2024-09-16 05:45:00+00:00,2024-09-17 16:15:00+00:00,1,3.947,3.773668003978042,4.293663992043916,4.293663992043916,alvo,2.0,1.969097271607315,138,34.5,0.17333199602195792
NEAR,2024-09-19 15:30:00+00:00,2024-09-19 15:30:00+00:00,2024-09-23 14:15:00+00:00,1,4.486,4.211247325143521,5.035505349712957,5.035505349712957,alvo,2.0,1.9774743649700723,379,94.75,0.2747526748564786
NEAR,2024-09-26 11:00:00+00:00,2024-09-26 11:00:00+00:00,2024-09-30 11:00:00+00:00,-1,5.559,5.964703641444505,4.747592717110991,5.313,tempo,0.6063539363958367,0.5889353103888363,384,96.0,0.40570364144450455
NEAR,2024-10-09 05:45:00+00:00,2024-10-09 05:45:00+00:00,2024-10-09 18:15:00+00:00,1,4.954,4.652703048152433,5.556593903695133,4.652703048152433,stop,-1.0,-1.020724925834823,50,12.5,0.3012969518475668
NEAR,2024-10-10 14:15:00+00:00,2024-10-10 14:15:00+00:00,2024-10-11 10:15:00+00:00,-1,4.505,4.75873684004943,3.99752631990114,4.75873684004943,stop,-1.0,-1.0237309999795816,80,20.0,0.25373684004943
NEAR,2024-10-12 15:00:00+00:00,2024-10-12 15:00:00+00:00,2024-10-15 09:30:00+00:00,-1,4.879,5.122030175440108,4.392939649119782,5.122030175440108,stop,-1.0,-1.0267484052227829,266,66.5,0.24303017544010874
NEAR,2024-10-21 00:00:00+00:00,2024-10-21 00:00:00+00:00,2024-10-21 16:30:00+00:00,1,4.98,4.757707004267071,5.424585991465859,4.757707004267071,stop,-1.0,-1.0284737246529265,66,16.5,0.22229299573292938
NEAR,2024-10-22 20:30:00+00:00,2024-10-22 20:30:00+00:00,2024-10-25 18:00:00+00:00,1,4.659,4.440066664789027,5.096866670421945,4.440066664789027,stop,-1.0,-1.0270145856336292,278,69.5,0.21893333521097258
NEAR,2024-10-26 21:15:00+00:00,2024-10-26 21:15:00+00:00,2024-10-30 21:15:00+00:00,1,4.237,4.0150189707685,4.680962058463001,4.345,tempo,0.486528062212777,0.4613984373105405,384,96.0,0.22198102923150032
NEAR,2024-11-02 19:00:00+00:00,2024-11-02 19:00:00+00:00,2024-11-06 03:00:00+00:00,-1,3.869,4.055993265663276,3.495013468673448,4.055993265663276,stop,-1.0,-1.0275477600993241,320,80.0,0.186993265663276
NEAR,2024-11-07 20:30:00+00:00,2024-11-07 20:30:00+00:00,2024-11-10 04:45:00+00:00,1,4.215,3.963539412682117,4.717921174635766,4.717921174635766,alvo,2.0,1.9769093088286909,225,56.25,0.251460587317883
NEAR,2024-11-10 13:00:00+00:00,2024-11-10 13:00:00+00:00,2024-11-10 20:45:00+00:00,1,4.945,4.61045698514477,5.61408602971046,4.61045698514477,stop,-1.0,-1.0185657651319722,31,7.75,0.33454301485522997
NEAR,2024-11-12 21:00:00+00:00,2024-11-12 21:00:00+00:00,2024-11-16 10:15:00+00:00,1,5.238,4.700912173079918,6.312175653840165,6.312175653840165,alvo,2.0,1.9860216266340491,341,85.25,0.5370878269200823
NEAR,2024-11-22 13:15:00+00:00,2024-11-22 13:15:00+00:00,2024-11-24 05:45:00+00:00,1,5.653,5.163744772673654,6.63151045465269,6.63151045465269,alvo,2.0,1.9836794144455854,162,40.5,0.4892552273263453
NEAR,2024-11-24 15:15:00+00:00,2024-11-24 15:15:00+00:00,2024-11-28 15:15:00+00:00,1,6.439,5.779098930297505,7.75880213940499,6.563,tempo,0.18790695407707542,0.17510003439165936,384,96.0,0.659901069702495
NEAR,2024-12-02 16:30:00+00:00,2024-12-02 16:30:00+00:00,2024-12-05 12:30:00+00:00,1,6.722,6.197523661175049,7.770952677649903,7.770952677649903,alvo,2.0,1.9820384285369705,272,68.0,0.5244763388249511
NEAR,2024-12-09 10:45:00+00:00,2024-12-09 10:45:00+00:00,2024-12-09 20:45:00+00:00,1,7.218,6.689886657406052,8.274226685187896,6.689886657406052,stop,-1.0,-1.0171177768069848,40,10.0,0.5281133425939482
NEAR,2024-12-11 14:45:00+00:00,2024-12-11 14:45:00+00:00,2024-12-15 14:45:00+00:00,1,6.76,6.105553748010745,8.068892503978509,6.841,tempo,0.12376875832628402,0.11026016235965122,384,96.0,0.6544462519892544
NEAR,2024-12-16 18:00:00+00:00,2024-12-16 18:00:00+00:00,2024-12-18 20:15:00+00:00,-1,6.748,7.1951271233353005,5.8537457533294,5.8537457533294,alvo,2.0,1.9816805236985777,201,50.25,0.44712712333530025
NEAR,2024-12-19 07:30:00+00:00,2024-12-19 07:30:00+00:00,2024-12-20 08:45:00+00:00,-1,5.762,6.19357868946106,4.898842621077878,4.898842621077878,alvo,2.0,1.9839437213353746,101,25.25,0.4315786894610607
NEAR,2024-12-21 18:30:00+00:00,2024-12-21 18:30:00+00:00,2024-12-23 21:15:00+00:00,-1,5.07,5.553527005383959,4.102945989232083,5.553527005383959,stop,-1.0,-1.0142810897356525,203,50.75,0.48352700538395865
NEAR,2024-12-25 14:45:00+00:00,2024-12-25 14:45:00+00:00,2024-12-26 08:30:00+00:00,1,5.526,5.1170559471700985,6.343888105659802,5.1170559471700985,stop,-1.0,-1.016916706130797,71,17.75,0.4089440528299013
NEAR,2025-01-03 20:15:00+00:00,2025-01-03 20:15:00+00:00,2025-01-07 18:45:00+00:00,1,5.733,5.457196227145969,6.28460754570806,5.457196227145969,stop,-1.0,-1.0263724729809787,378,94.5,0.27580377285403035
NEAR,2025-01-07 19:45:00+00:00,2025-01-07 19:45:00+00:00,2025-01-08 06:45:00+00:00,1,5.424,5.132302830546779,6.007394338906443,5.132302830546779,stop,-1.0,-1.0235230148195038,44,11.0,0.2916971694532213
NEAR,2025-01-10 18:15:00+00:00,2025-01-10 18:15:00+00:00,2025-01-13 14:45:00+00:00,-1,5.086,5.407062995232887,4.443874009534227,4.443874009534227,alvo,2.0,1.980706533614364,274,68.5,0.3210629952328867
NEAR,2025-01-13 20:30:00+00:00,2025-01-13 20:30:00+00:00,2025-01-14 23:00:00+00:00,1,4.542,4.292971057433595,5.040057885132809,5.040057885132809,alvo,2.0,1.9749895029824676,106,26.5,0.2490289425664045
NEAR,2025-01-15 17:00:00+00:00,2025-01-15 17:00:00+00:00,2025-01-17 09:15:00+00:00,-1,5.213,5.513270636224288,4.612458727551425,5.513270636224288,stop,-1.0,-1.0232193064270794,161,40.25,0.30027063622428773
NEAR,2025-01-20 15:45:00+00:00,2025-01-20 15:45:00+00:00,2025-01-24 15:45:00+00:00,-1,5.363,5.818600860950617,4.451798278098768,5.079,tempo,0.6233526411856019,0.6084551715323658,384,96.0,0.45560086095061614
NEAR,2025-01-27 12:00:00+00:00,2025-01-27 12:00:00+00:00,2025-01-31 07:30:00+00:00,-1,4.425,4.719001837227814,3.836996325544372,4.719001837227814,stop,-1.0,-1.02021620425995,366,91.5,0.2940018372278139
NEAR,2025-02-04 15:15:00+00:00,2025-02-04 15:15:00+00:00,2025-02-08 15:15:00+00:00,-1,3.491,3.9140016697953786,2.644996660409243,3.205,tempo,0.6761202624527435,0.6658309413677809,384,96.0,0.42300166979537845
NEAR,2025-02-11 19:45:00+00:00,2025-02-11 19:45:00+00:00,2025-02-14 18:00:00+00:00,1,3.143,2.9161540054730843,3.5966919890538307,3.5966919890538307,alvo,2.0,1.9806882206493392,281,70.25,0.22684599452691545
NEAR,2025-02-15 08:00:00+00:00,2025-02-15 08:00:00+00:00,2025-02-18 16:00:00+00:00,-1,3.512,3.740927977630793,3.0541440447384143,3.0541440447384143,alvo,2.0,1.9813566097370447,320,80.0,0.22892797763079287
NEAR,2025-02-19 04:00:00+00:00,2025-02-19 04:00:00+00:00,2025-02-21 06:00:00+00:00,1,3.133,2.946091808693525,3.50681638261295,3.50681638261295,alvo,2.0,1.976909087726275,200,50.0,0.18690819130647496
NEAR,2025-02-22 18:30:00+00:00,2025-02-22 18:30:00+00:00,2025-02-24 03:45:00+00:00,1,3.528,3.299955281450712,3.9840894370985764,3.299955281450712,stop,-1.0,-1.0194618448573443,133,33.25,0.2280447185492882
NEAR,2025-02-26 05:00:00+00:00,2025-02-26 05:00:00+00:00,2025-03-01 19:30:00+00:00,-1,3.059,3.298459788918751,2.5800804221624984,3.298459788918751,stop,-1.0,-1.0172569636073607,346,86.5,0.23945978891875086
NEAR,2025-03-03 22:45:00+00:00,2025-03-03 22:45:00+00:00,2025-03-06 15:30:00+00:00,-1,2.995,3.2295199231618246,2.525960153676351,3.2295199231618246,stop,-1.0,-1.0172520010048929,259,64.75,0.23451992316182446
NEAR,2025-03-07 02:45:00+00:00,2025-03-07 02:45:00+00:00,2025-03-09 15:30:00+00:00,1,2.969,2.700056232504948,3.506887534990103,2.700056232504948,stop,-1.0,-1.0137013271787234,243,60.75,0.26894376749505167
NEAR,2025-03-12 16:30:00+00:00,2025-03-12 16:30:00+00:00,2025-03-14 09:00:00+00:00,-1,2.476,2.6983305831371602,2.0313388337256795,2.6983305831371602,stop,-1.0,-1.0151275404021418,162,40.5,0.22233058313716025
NEAR,2025-03-15 15:15:00+00:00,2025-03-15 15:15:00+00:00,2025-03-19 15:15:00+00:00,1,2.655,2.4657487144408257,3.033502571118348,2.762,tempo,0.5653858555509996,0.546780697918403,384,96.0,0.18925128555917414
NEAR,2025-03-20 06:00:00+00:00,2025-03-20 06:00:00+00:00,2025-03-24 06:00:00+00:00,1,2.724,2.569617884471469,3.0327642310570626,2.88,tempo,1.0104797402596124,0.9868850383245504,384,96.0,0.1543821155285312
NEAR,2025-03-25 13:00:00+00:00,2025-03-25 13:00:00+00:00,2025-03-28 06:15:00+00:00,1,2.978,2.8500554557106046,3.2338890885787914,2.8500554557106046,stop,-1.0,-1.0296084218928738,261,65.25,0.1279445442893956
NEAR,2025-03-30 13:00:00+00:00,2025-03-30 13:00:00+00:00,2025-04-01 00:00:00+00:00,-1,2.677,2.8156425382550223,2.3997149234899555,2.507,fim_dados,1.2261748965335446,1.201870667525548,140,35.0,0.13864253825502226
TRX,2023-01-04 01:30:00+00:00,2023-01-04 01:30:00+00:00,2023-01-05 15:30:00+00:00,1,0.055,0.05409594643444248,0.05680810713111504,0.05409594643444248,stop,-1.0,-1.0784382340648773,152,38.0,0.0009040535655575194
TRX,2023-01-07 05:30:00+00:00,2023-01-07 05:30:00+00:00,2023-01-09 00:00:00+00:00,-1,0.05207,0.0543790930241042,0.04745181395179159,0.0543790930241042,stop,-1.0,-1.0299649731489315,170,42.5,0.002309093024104203
TRX,2023-01-10 15:45:00+00:00,2023-01-10 15:45:00+00:00,2023-01-11 23:45:00+00:00,-1,0.05425,0.05639286302255995,0.0499642739548801,0.05639286302255995,stop,-1.0,-1.0335615763618657,128,32.0,0.0021428630225599488
TRX,2023-01-12 16:30:00+00:00,2023-01-12 16:30:00+00:00,2023-01-13 21:30:00+00:00,-1,0.05635,0.058219125545986065,0.05261174890802786,0.058219125545986065,stop,-1.0,-1.0398421239091267,116,29.0,0.0018691255459860681
TRX,2023-01-21 16:00:00+00:00,2023-01-21 16:00:00+00:00,2023-01-24 22:30:00+00:00,1,0.06209,0.06007414946108057,0.06612170107783885,0.06007414946108057,stop,-1.0,-1.0393911629937937,314,78.5,0.0020158505389194295
TRX,2023-01-25 21:15:00+00:00,2023-01-25 21:15:00+00:00,2023-01-27 09:15:00+00:00,-1,0.0616,0.06355974761309797,0.057680504773804056,0.06355974761309797,stop,-1.0,-1.0415124046610826,144,36.0,0.001959747613097973
TRX,2023-01-30 05:00:00+00:00,2023-01-30 05:00:00+00:00,2023-02-02 16:45:00+00:00,-1,0.06336,0.06530213796543431,0.059475724069131375,0.06530213796543431,stop,-1.0,-1.043060993176574,335,83.75,0.0019421379654343124
TRX,2023-02-04 11:45:00+00:00,2023-02-04 11:45:00+00:00,2023-02-05 11:00:00+00:00,-1,0.06385,0.06567887918050726,0.0601922416389855,0.06567887918050726,stop,-1.0,-1.0460357208746713,93,23.25,0.0018288791805072535
TRX,2023-02-05 23:15:00+00:00,2023-02-05 23:15:00+00:00,2023-02-08 13:15:00+00:00,1,0.06396,0.06209132602709298,0.06769734794581404,0.06769734794581404,alvo,2.0,1.9542042767194696,248,62.0,0.00186867397290702
TRX,2023-02-10 07:15:00+00:00,2023-02-10 07:15:00+00:00,2023-02-14 07:15:00+00:00,1,0.06375,0.061174334186524654,0.0689013316269507,0.06586,tempo,0.8192056550818511,0.7864970251193614,384,96.0,0.0025756658134753474
TRX,2023-02-15 04:15:00+00:00,2023-02-15 04:15:00+00:00,2023-02-15 13:30:00+00:00,-1,0.0675,0.06963269655337537,0.06323460689324928,0.06963269655337537,stop,-1.0,-1.0417950939239904,37,9.25,0.002132696553375363
TRX,2023-02-17 14:30:00+00:00,2023-02-17 14:30:00+00:00,2023-02-21 14:30:00+00:00,1,0.06892,0.0666464364561232,0.07346712708775359,0.07055,tempo,0.7169361966547855,0.6770624485714495,384,96.0,0.002273563543876797
TRX,2023-02-26 10:00:00+00:00,2023-02-26 10:00:00+00:00,2023-03-02 10:00:00+00:00,1,0.0689,0.0671288161466278,0.0724423677067444,0.06946,tempo,0.31617271066117325,0.2653965025172404,384,96.0,0.0017711838533722019
TRX,2023-03-06 19:15:00+00:00,2023-03-06 19:15:00+00:00,2023-03-07 16:15:00+00:00,1,0.06761,0.06620586385763293,0.07041827228473416,0.06620586385763293,stop,-1.0,-1.0619457820954818,84,21.0,0.0014041361423670767
TRX,2023-03-13 18:30:00+00:00,2023-03-13 18:30:00+00:00,2023-03-17 18:30:00+00:00,1,0.06702,0.06315391413843979,0.0747521717231204,0.06618,tempo,-0.21727401565287582,-0.23966875883766883,384,96.0,0.0038660858615602034
TRX,2023-03-18 02:15:00+00:00,2023-03-18 02:15:00+00:00,2023-03-22 02:15:00+00:00,-1,0.06751,0.07052058639387222,0.061488827212255556,0.06689,tempo,0.20593994620514788,0.17692234346243524,384,96.0,0.003010586393872222
TRX,2023-03-29 03:00:00+00:00,2023-03-29 03:00:00+00:00,2023-04-01 12:45:00+00:00,-1,0.06428,0.06701894329306088,0.058802113413878254,0.06701894329306088,stop,-1.0,-1.0311595765259944,327,81.75,0.002738943293060875
TRX,2023-04-04 21:15:00+00:00,2023-04-04 21:15:00+00:00,2023-04-08 21:15:00+00:00,-1,0.06582,0.06762572394509717,0.06220855210980568,0.06603,tempo,-0.11629684624285257,-0.16375841988631917,384,96.0,0.0018057239450971624
TRX,2023-04-11 18:30:00+00:00,2023-04-11 18:30:00+00:00,2023-04-12 01:45:00+00:00,1,0.06667,0.06497042639409353,0.07006914721181291,0.06497042639409353,stop,-1.0,-1.050345731928759,29,7.25,0.0016995736059064598
TRX,2023-04-18 12:45:00+00:00,2023-04-18 12:45:00+00:00,2023-04-22 12:45:00+00:00,-1,0.06653,0.06789526034674005,0.06379947930651991,0.06594,tempo,0.43215200779016444,0.3690830845583415,384,96.0,0.0013652603467400465
TRX,2023-04-23 04:45:00+00:00,2023-04-23 04:45:00+00:00,2023-04-26 20:00:00+00:00,1,0.0659,0.06426205435350431,0.06917589129299138,0.06426205435350431,stop,-1.0,-1.0516533228747773,349,87.25,0.001637945646495692
TRX,2023-04-26 20:30:00+00:00,2023-04-26 20:30:00+00:00,2023-04-29 21:15:00+00:00,1,0.0644,0.06284231149592891,0.06751537700814218,0.06751537700814218,alvo,2.0,1.9449536959211076,291,72.75,0.001557688504071092
TRX,2023-04-30 05:15:00+00:00,2023-04-30 05:15:00+00:00,2023-05-04 05:15:00+00:00,1,0.06766,0.06633917533835115,0.07030164932329769,0.06917,tempo,1.1432251712464214,1.0758888301086258,384,96.0,0.001320824661648845
TRX,2023-05-04 12:45:00+00:00,2023-05-04 12:45:00+00:00,2023-05-08 02:00:00+00:00,1,0.06916,0.06779350517699645,0.0718929896460071,0.06779350517699645,stop,-1.0,-1.0651446144299197,341,85.25,0.00136649482300355
TRX,2023-05-10 17:30:00+00:00,2023-05-10 17:30:00+00:00,2023-05-14 17:30:00+00:00,-1,0.06863,0.07005580855300583,0.06577838289398832,0.06918,tempo,-0.38574603781168193,-0.4485710922772048,384,96.0,0.0014258085530058362
TRX,2023-05-28 05:15:00+00:00,2023-05-28 05:15:00+00:00,2023-05-30 00:30:00+00:00,1,0.07722,0.07564330771792625,0.08037338456414748,0.07564330771792625,stop,-1.0,-1.0630187330440708,173,43.25,0.001576692282073744
TRX,2023-06-02 11:30:00+00:00,2023-06-02 11:30:00+00:00,2023-06-02 22:00:00+00:00,1,0.07639,0.0750028318882982,0.07916433622340359,0.07916433622340359,alvo,2.0,1.9271102632101533,42,10.5,0.0013871681117017948
TRX,2023-06-07 12:00:00+00:00,2023-06-07 12:00:00+00:00,2023-06-09 19:15:00+00:00,1,0.07744,0.07473854086773934,0.0828429182645213,0.07473854086773934,stop,-1.0,-1.0366157867734447,221,55.25,0.00270145913226065
TRX,2023-06-12 21:30:00+00:00,2023-06-12 21:30:00+00:00,2023-06-16 21:30:00+00:00,1,0.07092,0.0677957012676162,0.07716859746476758,0.07058,tempo,-0.10882442081349196,-0.13826302700267173,384,96.0,0.00312429873238379
TRX,2023-06-24 20:45:00+00:00,2023-06-24 20:45:00+00:00,2023-06-28 20:45:00+00:00,1,0.07225,0.07037551672438892,0.07599896655122214,0.07342,tempo,0.6241720132811484,0.5736591592952236,384,96.0,0.0018744832756110719
TRX,2023-06-29 17:15:00+00:00,2023-06-29 17:15:00+00:00,2023-06-30 07:15:00+00:00,-1,0.07409,0.07587290412383338,0.07052419175233325,0.07587290412383338,stop,-1.0,-1.0546725347580168,56,14.0,0.001782904123833376
TRX,2023-07-04 05:00:00+00:00,2023-07-04 05:00:00+00:00,2023-07-08 05:00:00+00:00,1,0.07745,0.07589611827977506,0.08055776344044989,0.07923,tempo,1.145518334395693,1.0799779533779812,384,96.0,0.0015538817202249422
TRX,2023-07-09 06:00:00+00:00,2023-07-09 06:00:00+00:00,2023-07-09 14:00:00+00:00,1,0.08,0.07862728673664789,0.08274542652670423,0.07862728673664789,stop,-1.0,-1.07511236259715,32,8.0,0.0013727132633521155
TRX,2023-07-16 06:15:00+00:00,2023-07-16 06:15:00+00:00,2023-07-20 06:15:00+00:00,1,0.0796,0.07774169610961382,0.08331660778077238,0.08081,tempo,0.6511313925886171,0.5950229699891618,384,96.0,0.001858303890386187
TRX,2023-07-21 04:00:00+00:00,2023-07-21 04:00:00+00:00,2023-07-22 03:00:00+00:00,-1,0.08102,0.08247984032255233,0.07810031935489532,0.08247984032255233,stop,-1.0,-1.0727989866890726,92,23.0,0.001459840322552336
TRX,2023-07-22 14:30:00+00:00,2023-07-22 14:30:00+00:00,2023-07-24 10:00:00+00:00,1,0.08526,0.08035302363076008,0.09507395273847985,0.08035302363076008,stop,-1.0,-1.0219378405885147,174,43.5,0.004906976369239924
TRX,2023-07-28 12:30:00+00:00,2023-07-28 12:30:00+00:00,2023-07-30 20:15:00+00:00,-1,0.084,0.08645324764183977,0.07909350471632047,0.07909350471632047,alvo,2.0,1.956787575678211,223,55.75,0.0024532476418397675
TRX,2023-08-06 22:45:00+00:00,2023-08-06 22:45:00+00:00,2023-08-10 22:45:00+00:00,-1,0.07695,0.07832822189318801,0.07419355621362399,0.07729,tempo,-0.24669467353586175,-0.3194376770358966,384,96.0,0.0013782218931880086
TRX,2023-08-11 20:00:00+00:00,2023-08-11 20:00:00+00:00,2023-08-15 19:15:00+00:00,1,0.07709,0.0760651273976443,0.07913974520471141,0.0760651273976443,stop,-1.0,-1.0971348366417915,381,95.25,0.001024872602355703
TRX,2023-08-16 19:00:00+00:00,2023-08-16 19:00:00+00:00,2023-08-16 20:30:00+00:00,-1,0.07575,0.07668658313006459,0.07387683373987082,0.07387683373987082,alvo,2.0,1.8961571708811273,6,1.5,0.0009365831300645888
TRX,2023-08-18 07:15:00+00:00,2023-08-18 07:15:00+00:00,2023-08-20 17:45:00+00:00,-1,0.07277,0.07608167359403803,0.06614665281192394,0.07608167359403803,stop,-1.0,-1.0292159191081842,234,58.5,0.003311673594038028
TRX,2023-08-22 04:30:00+00:00,2023-08-22 04:30:00+00:00,2023-08-23 14:15:00+00:00,-1,0.07482,0.07682858581097657,0.07080282837804686,0.07682858581097657,stop,-1.0,-1.0490751155556604,135,33.75,0.002008585810976571
TRX,2023-09-03 12:45:00+00:00,2023-09-03 12:45:00+00:00,2023-09-07 12:45:00+00:00,1,0.07705,0.0757655245636791,0.07961895087264177,0.07884,tempo,1.3935649911119201,1.3146779239600295,384,96.0,0.0012844754363208893
TRX,2023-09-10 08:30:00+00:00,2023-09-10 08:30:00+00:00,2023-09-11 10:30:00+00:00,1,0.07864,0.07761941465968195,0.08068117068063611,0.07761941465968195,stop,-1.0,-1.0995199671368396,104,26.0,0.001020585340318056
TRX,2023-09-12 12:15:00+00:00,2023-09-12 12:15:00+00:00,2023-09-12 14:00:00+00:00,-1,0.07964,0.08083650635479951,0.07724698729040098,0.08083650635479951,stop,-1.0,-1.0871785834753032,7,1.75,0.0011965063547995092
TRX,2023-09-22 03:00:00+00:00,2023-09-22 03:00:00+00:00,2023-09-24 17:15:00+00:00,-1,0.08302,0.08431216147044364,0.08043567705911271,0.08431216147044364,stop,-1.0,-1.0841736171861287,249,62.25,0.0012921614704436424
TRX,2023-10-07 01:15:00+00:00,2023-10-07 01:15:00+00:00,2023-10-11 01:15:00+00:00,-1,0.08757,0.08935133965190431,0.08400732069619136,0.0864,tempo,0.6568090474768352,0.5933284530381986,384,96.0,0.001781339651904315
TRX,2023-10-11 23:15:00+00:00,2023-10-11 23:15:00+00:00,2023-10-15 23:15:00+00:00,-1,0.086,0.08738683178994223,0.08322633642011551,0.08657,tempo,-0.4110087496795413,-0.4918913057425745,384,96.0,0.0013868317899422417
TRX,2023-10-19 11:45:00+00:00,2023-10-19 11:45:00+00:00,2023-10-20 08:30:00+00:00,1,0.08895,0.0876179318411007,0.0916141363177986,0.0916141363177986,alvo,2.0,1.9118913789640088,83,20.75,0.0013320681588993022
TRX,2023-10-21 06:45:00+00:00,2023-10-21 06:45:00+00:00,2023-10-22 15:15:00+00:00,1,0.09117,0.08975879718491744,0.09399240563016512,0.08975879718491744,stop,-1.0,-1.08333580185164,130,32.5,0.0014112028150825573
TRX,2023-10-23 20:30:00+00:00,2023-10-23 20:30:00+00:00,2023-10-23 22:45:00+00:00,1,0.09115,0.08966297580770116,0.09412404838459766,0.09412404838459766,alvo,2.0,1.919014006581954,9,2.25,0.001487024192298833
TRX,2023-10-25 23:00:00+00:00,2023-10-25 23:00:00+00:00,2023-10-29 23:00:00+00:00,1,0.09352,0.09157927847581797,0.09740144304836408,0.09503,tempo,0.7780611392128617,0.7149106570479078,384,96.0,0.0019407215241820375
TRX,2023-10-30 12:30:00+00:00,2023-10-30 12:30:00+00:00,2023-11-01 08:15:00+00:00,1,0.09531,0.09387611986719648,0.09817776026560707,0.09817776026560707,alvo,2.0,1.9122890112671105,175,43.75,0.0014338801328035305
TRX,2023-11-02 04:00:00+00:00,2023-11-02 04:00:00+00:00,2023-11-02 16:30:00+00:00,1,0.10085,0.098811033744926,0.10492793251014798,0.098811033744926,stop,-1.0,-1.0636497399656535,50,12.5,0.002038966255073993
TRX,2023-11-04 08:15:00+00:00,2023-11-04 08:15:00+00:00,2023-11-08 08:15:00+00:00,1,0.09732,0.09553415278319848,0.10089169443360306,0.09733,tempo,0.005599583159138458,-0.06524774286609855,384,96.0,0.0017858472168015282
TRX,2023-11-09 13:00:00+00:00,2023-11-09 13:00:00+00:00,2023-11-10 11:15:00+00:00,-1,0.10002,0.10178271198017323,0.09649457603965353,0.10178271198017323,stop,-1.0,-1.0744147451554855,89,22.25,0.0017627119801732344
TRX,2023-11-14 11:15:00+00:00,2023-11-14 11:15:00+00:00,2023-11-18 11:15:00+00:00,-1,0.10563,0.1088362240701498,0.09921755185970041,0.10246,tempo,0.9887019530272263,0.9465157249157018,384,96.0,0.0032062240701497963
TRX,2023-11-20 23:00:00+00:00,2023-11-20 23:00:00+00:00,2023-11-21 17:45:00+00:00,1,0.10097,0.09896992646132861,0.10497014707734278,0.09896992646132861,stop,-1.0,-1.0649780868988419,75,18.75,0.0020000735386713903
TRX,2023-11-25 10:45:00+00:00,2023-11-25 10:45:00+00:00,2023-11-27 21:15:00+00:00,1,0.10504,0.10225359135464544,0.1106128172907091,0.10225359135464544,stop,-1.0,-1.048356451450564,234,58.5,0.0027864086453545517
TRX,2023-11-29 17:30:00+00:00,2023-11-29 17:30:00+00:00,2023-12-03 17:30:00+00:00,-1,0.10354,0.10595202575747939,0.0987159484850412,0.10272,tempo,0.33996320207496444,0.2843796331249777,384,96.0,0.002412025757479397
TRX,2023-12-03 21:00:00+00:00,2023-12-03 21:00:00+00:00,2023-12-04 09:15:00+00:00,-1,0.10352,0.10516890055768764,0.10022219888462472,0.10516890055768764,stop,-1.0,-1.0822655949323738,49,12.25,0.0016489005576876409
TRX,2023-12-04 22:00:00+00:00,2023-12-04 22:00:00+00:00,2023-12-08 22:00:00+00:00,1,0.10345,0.101336714437405,0.10767657112519001,0.10667,tempo,1.5236937482533162,1.4590654734865642,384,96.0,0.0021132855625950048
TRX,2023-12-10 15:30:00+00:00,2023-12-10 15:30:00+00:00,2023-12-11 02:15:00+00:00,-1,0.10808,0.11043858354057888,0.10336283291884223,0.10336283291884223,alvo,2.0,1.9417286523743336,43,10.75,0.0023585835405788846
TRX,2023-12-17 05:15:00+00:00,2023-12-17 05:15:00+00:00,2023-12-18 02:30:00+00:00,1,0.10283,0.10074637972488065,0.10699724055023871,0.10074637972488065,stop,-1.0,-1.0635070835128981,85,21.25,0.002083620275119352
TRX,2023-12-18 03:30:00+00:00,2023-12-18 03:30:00+00:00,2023-12-18 10:30:00+00:00,1,0.10003,0.09801996162010763,0.10405007675978471,0.09801996162010763,stop,-1.0,-1.0640447845876275,28,7.0,0.0020100383798923593
TRX,2023-12-20 00:15:00+00:00,2023-12-20 00:15:00+00:00,2023-12-21 11:15:00+00:00,1,0.10071,0.0986940614236614,0.10474187715267719,0.10474187715267719,alvo,2.0,1.9337560569966443,140,35.0,0.0020159385763385967
TRX,2023-12-22 08:45:00+00:00,2023-12-22 08:45:00+00:00,2023-12-23 16:15:00+00:00,-1,0.10454,0.1063674576410686,0.10088508471786278,0.1063674576410686,stop,-1.0,-1.0750167031978544,126,31.5,0.0018274576410686055
TRX,2023-12-27 00:00:00+00:00,2023-12-27 00:00:00+00:00,2023-12-31 00:00:00+00:00,1,0.10309,0.10069727504935362,0.10787544990129276,0.10598,tempo,1.207827919886608,1.1510326330053102,384,96.0,0.00239272495064638
TRX,2023-12-31 03:30:00+00:00,2023-12-31 03:30:00+00:00,2023-12-31 16:15:00+00:00,-1,0.10573,0.10775695733864282,0.10167608532271437,0.10775695733864282,stop,-1.0,-1.0684605046315534,51,12.75,0.002026957338642818
TRX,2023-12-31 19:00:00+00:00,2023-12-31 19:00:00+00:00,2024-01-03 12:15:00+00:00,-1,0.10878,0.1109250950198964,0.1044898099602072,0.1044898099602072,alvo,2.0,1.9353756476107853,261,65.25,0.0021450950198964036
TRX,2024-01-17 12:30:00+00:00,2024-01-17 12:30:00+00:00,2024-01-21 12:30:00+00:00,1,0.10854,0.10553696948083452,0.11454606103833095,0.11082,tempo,0.7592330432371366,0.7117530062911175,384,96.0,0.0030030305191654783
TRX,2024-01-23 17:30:00+00:00,2024-01-23 17:30:00+00:00,2024-01-25 02:15:00+00:00,-1,0.10708,0.10931411467279877,0.10261177065440245,0.10931411467279877,stop,-1.0,-1.062958350459743,131,32.75,0.0022341146727987704
TRX,2024-01-27 05:00:00+00:00,2024-01-27 05:00:00+00:00,2024-01-31 05:00:00+00:00,-1,0.11502,0.11719727668916294,0.11066544662167412,0.11248,tempo,1.1665949544412335,1.098677541493203,384,96.0,0.002177276689162941
TRX,2024-01-31 13:15:00+00:00,2024-01-31 13:15:00+00:00,2024-02-02 02:30:00+00:00,1,0.1128,0.11085627474224571,0.11668745051550856,0.11668745051550856,alvo,2.0,1.9232572390362292,149,37.25,0.0019437252577542835
TRX,2024-02-03 04:30:00+00:00,2024-02-03 04:30:00+00:00,2024-02-04 11:30:00+00:00,-1,0.11629,0.11828113243218677,0.11230773513562647,0.11828113243218677,stop,-1.0,-1.0765751356445286,124,31.0,0.001991132432186765
TRX,2024-02-05 08:00:00+00:00,2024-02-05 08:00:00+00:00,2024-02-06 08:15:00+00:00,-1,0.11931,0.1210942114423457,0.11574157711530861,0.1210942114423457,stop,-1.0,-1.0875808403246685,97,24.25,0.0017842114423456956
TRX,2024-02-11 16:45:00+00:00,2024-02-11 16:45:00+00:00,2024-02-13 22:15:00+00:00,-1,0.12431,0.12690897605873933,0.11911204788252136,0.12690897605873933,stop,-1.0,-1.0628294877473354,214,53.5,0.002598976058739322
TRX,2024-02-17 19:30:00+00:00,2024-02-17 19:30:00+00:00,2024-02-20 22:00:00+00:00,-1,0.13641,0.13937389475851333,0.13048221048297334,0.13937389475851333,stop,-1.0,-1.0604810717648252,298,74.5,0.00296389475851333
TRX,2024-02-21 20:15:00+00:00,2024-02-21 20:15:00+00:00,2024-02-25 20:15:00+00:00,1,0.13926,0.1366238473966412,0.14453230520671756,0.13811,tempo,-0.43624181640119886,-0.5046333426619654,384,96.0,0.0026361526033587823
TRX,2024-02-25 21:30:00+00:00,2024-02-25 21:30:00+00:00,2024-02-26 17:15:00+00:00,-1,0.13776,0.1396363698172154,0.1340072603655692,0.1396363698172154,stop,-1.0,-1.0960938716488062,79,19.75,0.0018763698172153953
TRX,2024-02-28 02:45:00+00:00,2024-02-28 02:45:00+00:00,2024-02-28 17:45:00+00:00,-1,0.14347,0.14544033640075743,0.1395293271984851,0.1395293271984851,alvo,2.0,1.906640529704318,60,15.0,0.001970336400757444
TRX,2024-03-01 18:00:00+00:00,2024-03-01 18:00:00+00:00,2024-03-05 18:00:00+00:00,-1,0.14088,0.14281805425589103,0.13700389148821795,0.1384,tempo,1.2796339382458743,1.1859667978919837,384,96.0,0.0019380542558910252
TRX,2024-03-11 09:00:00+00:00,2024-03-11 09:00:00+00:00,2024-03-14 12:15:00+00:00,-1,0.13356,0.13535855072949876,0.12996289854100251,0.12996289854100251,alvo,2.0,1.9047622726219184,301,75.25,0.001798550729498749
TRX,2024-03-19 03:00:00+00:00,2024-03-19 03:00:00+00:00,2024-03-19 09:45:00+00:00,-1,0.12293,0.12495625775741173,0.11887748448517653,0.11887748448517653,alvo,2.0,1.9224309620331157,27,6.75,0.002026257757411734
TRX,2024-03-20 09:30:00+00:00,2024-03-20 09:30:00+00:00,2024-03-24 09:30:00+00:00,1,0.11559,0.11000131096735105,0.1267673780652979,0.1204,tempo,0.8606669599793664,0.8332198254002405,384,96.0,0.005588689032648947
TRX,2024-03-24 23:15:00+00:00,2024-03-24 23:15:00+00:00,2024-03-28 23:15:00+00:00,-1,0.12038,0.12508416992368365,0.1109716601526327,0.12055,tempo,-0.036138150355521835,-0.06942872075170539,384,96.0,0.0047041699236836515
TRX,2024-04-05 02:30:00+00:00,2024-04-05 02:30:00+00:00,2024-04-08 11:45:00+00:00,1,0.11915,0.11716645016331557,0.12311709967336887,0.12311709967336887,alvo,2.0,1.9206102050599787,325,81.25,0.001983549836684431
TRX,2024-04-10 06:15:00+00:00,2024-04-10 06:15:00+00:00,2024-04-10 10:30:00+00:00,1,0.12284,0.12075057895978317,0.12701884208043368,0.12075057895978317,stop,-1.0,-1.0757788273767106,17,4.25,0.002089421040216838
TRX,2024-04-11 21:30:00+00:00,2024-04-11 21:30:00+00:00,2024-04-12 00:45:00+00:00,-1,0.11982,0.12202368236701605,0.11541263526596789,0.12202368236701605,stop,-1.0,-1.0713344154726883,13,3.25,0.002203682367016055
TRX,2024-04-15 11:45:00+00:00,2024-04-15 11:45:00+00:00,2024-04-19 02:00:00+00:00,-1,0.11379,0.1172431449203385,0.10688371015932302,0.10688371015932302,alvo,2.0,1.9584616588899202,345,86.25,0.003453144920338491
TRX,2024-04-21 14:45:00+00:00,2024-04-21 14:45:00+00:00,2024-04-23 19:15:00+00:00,-1,0.11074,0.11333066914236402,0.10555866171527198,0.11333066914236402,stop,-1.0,-1.0562194270819287,210,52.5,0.0025906691423640132
TRX,2024-04-28 06:30:00+00:00,2024-04-28 06:30:00+00:00,2024-04-29 08:00:00+00:00,1,0.12089,0.11867769673303016,0.12531460653393967,0.11867769673303016,stop,-1.0,-1.0703877290249433,102,25.5,0.002212303266969834
TRX,2024-05-04 21:15:00+00:00,2024-05-04 21:15:00+00:00,2024-05-06 13:00:00+00:00,-1,0.12257,0.12463972394687071,0.11843055210625857,0.11843055210625857,alvo,2.0,1.9243134046422408,159,39.75,0.0020697239468707163
TRX,2024-05-10 15:00:00+00:00,2024-05-10 15:00:00+00:00,2024-05-14 15:00:00+00:00,1,0.12569,0.12285841947021887,0.13135316105956224,0.12495,tempo,-0.26133814391540255,-0.31887350209664883,384,96.0,0.002831580529781122
TRX,2024-05-16 06:30:00+00:00,2024-05-16 06:30:00+00:00,2024-05-20 06:30:00+00:00,-1,0.12463,0.12690836227893323,0.12007327544213355,0.12172,tempo,1.277233224455649,1.2069513814491124,384,96.0,0.0022783622789332297
TRX,2024-05-20 13:30:00+00:00,2024-05-20 13:30:00+00:00,2024-05-22 18:15:00+00:00,1,0.12184,0.1202042881607645,0.125111423678471,0.1202042881607645,stop,-1.0,-1.096183681948545,211,52.75,0.0016357118392354986
TRX,2024-05-24 02:45:00+00:00,2024-05-24 02:45:00+00:00,2024-05-26 21:45:00+00:00,1,0.1147,0.11270255368204823,0.11869489263590352,0.11270255368204823,stop,-1.0,-1.0740003165866814,268,67.0,0.001997446317951762
TRX,2024-05-30 00:15:00+00:00,2024-05-30 00:15:00+00:00,2024-06-03 00:15:00+00:00,1,0.11218,0.11047841426552509,0.11558317146894984,0.11505,tempo,1.68666200112781,1.5998609090596645,384,96.0,0.001701585734474917
TRX,2024-06-06 15:00:00+00:00,2024-06-06 15:00:00+00:00,2024-06-07 18:15:00+00:00,1,0.11495,0.11344496467976038,0.11796007064047923,0.11344496467976038,stop,-1.0,-1.0986400286062448,109,27.25,0.0015050353202396144
TRX,2024-06-07 19:15:00+00:00,2024-06-07 19:15:00+00:00,2024-06-09 00:15:00+00:00,-1,0.11274,0.11522607263794898,0.10776785472410205,0.11522607263794898,stop,-1.0,-1.0596032251643759,116,29.0,0.0024860726379489773
TRX,2024-06-09 21:00:00+00:00,2024-06-09 21:00:00+00:00,2024-06-13 21:00:00+00:00,-1,0.11675,0.11896152341187342,0.11232695317625317,0.11693,tempo,-0.08139185822478755,-0.15007392561078453,384,96.0,0.0022115234118734173
TRX,2024-06-23 08:45:00+00:00,2024-06-23 08:45:00+00:00,2024-06-24 05:45:00+00:00,1,0.12007,0.11851683708927814,0.12317632582144371,0.11851683708927814,stop,-1.0,-1.0998487943778894,84,21.0,0.0015531629107218559
TRX,2024-06-24 15:45:00+00:00,2024-06-24 15:45:00+00:00,2024-06-25 06:15:00+00:00,-1,0.11898,0.12062716110508101,0.11568567778983799,0.12062716110508101,stop,-1.0,-1.0945533829313212,58,14.5,0.0016471611050810075
TRX,2024-06-26 15:00:00+00:00,2024-06-26 15:00:00+00:00,2024-06-29 13:15:00+00:00,-1,0.12374,0.12551231788986406,0.1201953642202719,0.12551231788986406,stop,-1.0,-1.0914136270671166,281,70.25,0.001772317889864053
TRX,2024-07-04 10:00:00+00:00,2024-07-04 10:00:00+00:00,2024-07-05 02:15:00+00:00,1,0.12741,0.1254194229438226,0.13139115411235477,0.1254194229438226,stop,-1.0,-1.0825585346738968,65,16.25,0.0019905770561773894
TRX,2024-07-08 03:15:00+00:00,2024-07-08 03:15:00+00:00,2024-07-09 15:45:00+00:00,1,0.1241,0.12155938341853573,0.12918123316292857,0.12918123316292857,alvo,2.0000000000000053,1.935199666586052,146,36.5,0.002540616581464275
TRX,2024-07-13 12:30:00+00:00,2024-07-13 12:30:00+00:00,2024-07-16 05:45:00+00:00,-1,0.13932,0.14179590970578607,0.13436818058842787,0.13436818058842787,alvo,2.0,1.9281487055175148,261,65.25,0.002475909705786067
TRX,2024-07-20 12:00:00+00:00,2024-07-20 12:00:00+00:00,2024-07-22 00:15:00+00:00,-1,0.13376,0.13555184884196614,0.1301763023160677,0.13555184884196614,stop,-1.0,-1.0976939000921513,145,36.25,0.0017918488419661482
TRX,2024-07-27 00:00:00+00:00,2024-07-27 00:00:00+00:00,2024-07-30 15:45:00+00:00,-1,0.13741,0.13954782683560962,0.13313434632878077,0.13313434632878077,alvo,2.0,1.917741782363041,351,87.75,0.0021378268356096186
TRX,2024-08-02 15:30:00+00:00,2024-08-02 15:30:00+00:00,2024-08-04 02:00:00+00:00,-1,0.12296,0.12549641741086778,0.11788716517826443,0.12549641741086778,stop,-1.0,-1.063671172822383,138,34.5,0.0025364174108677834
TRX,2024-08-07 19:00:00+00:00,2024-08-07 19:00:00+00:00,2024-08-11 19:00:00+00:00,1,0.12385,0.12030724995023769,0.13093550009952465,0.12866,tempo,1.3577023307988376,1.3113734908596464,384,96.0,0.0035427500497623166
TRX,2024-08-13 05:15:00+00:00,2024-08-13 05:15:00+00:00,2024-08-13 16:30:00+00:00,-1,0.12596,0.12796030779026074,0.12195938441947848,0.12796030779026074,stop,-1.0,-1.0825114019288773,45,11.25,0.0020003077902607524
TRX,2024-08-18 03:45:00+00:00,2024-08-18 03:45:00+00:00,2024-08-18 15:00:00+00:00,-1,0.13321,0.13511198685197326,0.12940602629605347,0.13511198685197326,stop,-1.0,-1.0916984737685422,45,11.25,0.0019019868519732641
TRX,2024-08-19 21:00:00+00:00,2024-08-19 21:00:00+00:00,2024-08-20 07:30:00+00:00,-1,0.14252,0.14516864103719868,0.13722271792560267,0.14516864103719868,stop,-1.0,-1.0706013438770687,42,10.5,0.002648641037198668
TRX,2024-08-30 09:15:00+00:00,2024-08-30 09:15:00+00:00,2024-08-31 06:30:00+00:00,1,0.1616,0.15735450706547835,0.17009098586904328,0.15735450706547835,stop,-1.0,-1.0488330643320034,85,21.25,0.004245492934521644
TRX,2024-09-01 13:45:00+00:00,2024-09-01 13:45:00+00:00,2024-09-04 01:15:00+00:00,-1,0.15611,0.15945759664456152,0.14941480671087695,0.14941480671087695,alvo,2.0,1.940676507522285,238,59.5,0.0033475966445615235
TRX,2024-09-06 20:30:00+00:00,2024-09-06 20:30:00+00:00,2024-09-08 22:30:00+00:00,1,0.14816,0.14560950898929567,0.15326098202140861,0.15326098202140861,alvo,2.0,1.923181992215761,200,50.0,0.0025504910107043144
TRX,2024-09-09 15:45:00+00:00,2024-09-09 15:45:00+00:00,2024-09-13 15:45:00+00:00,-1,0.15444,0.15681153661299388,0.14969692677401222,0.15049,tempo,1.6655867669752757,1.5820103638474396,384,96.0,0.0023715366129938853
TRX,2024-09-16 05:45:00+00:00,2024-09-16 05:45:00+00:00,2024-09-20 05:30:00+00:00,1,0.1483,0.14618695556245487,0.15252608887509023,0.15252608887509023,alvo,2.0,1.907461975576823,383,95.75,0.0021130444375451196
TRX,2024-09-22 08:00:00+00:00,2024-09-22 08:00:00+00:00,2024-09-25 22:15:00+00:00,1,0.15146,0.1498418721183011,0.15469625576339782,0.1498418721183011,stop,-1.0,-1.1210325951934483,345,86.25,0.0016181278816989053
TRX,2024-09-26 11:00:00+00:00,2024-09-26 11:00:00+00:00,2024-09-27 02:15:00+00:00,-1,0.15234,0.15402423887875372,0.14897152224249258,0.15402423887875372,stop,-1.0,-1.1182354580358251,61,15.25,0.0016842388787537133
TRX,2024-10-09 05:45:00+00:00,2024-10-09 05:45:00+00:00,2024-10-13 05:45:00+00:00,1,0.1599,0.15768355148253432,0.1643328970349313,0.16236,tempo,1.1098836632636235,1.0153770693367268,384,96.0,0.0022164485174656634
TRX,2024-10-14 01:15:00+00:00,2024-10-14 01:15:00+00:00,2024-10-15 12:00:00+00:00,-1,0.16208,0.16428019192986024,0.15767961614027953,0.15767961614027953,alvo,2.0,1.90553380926891,139,34.75,0.0022001919298602346
TRX,2024-10-21 00:00:00+00:00,2024-10-21 00:00:00+00:00,2024-10-21 02:00:00+00:00,1,0.15664,0.1551588803433156,0.1596022393133688,0.1551588803433156,stop,-1.0,-1.1368351782440356,8,2.0,0.0014811196566844043
TRX,2024-10-22 20:30:00+00:00,2024-10-22 20:30:00+00:00,2024-10-24 12:45:00+00:00,1,0.16042,0.15868576318287644,0.16388847363424713,0.16388847363424713,alvo,2.0,1.8784476803970185,161,40.25,0.0017342368171235634
TRX,2024-10-26 21:15:00+00:00,2024-10-26 21:15:00+00:00,2024-10-30 21:15:00+00:00,1,0.165,0.16252993627563933,0.16994012744872136,0.16956,tempo,1.8461062178386667,1.7580663839447919,384,96.0,0.002470063724360677
TRX,2024-11-02 19:00:00+00:00,2024-11-02 19:00:00+00:00,2024-11-05 09:45:00+00:00,-1,0.1659,0.16787431476440537,0.16195137047118924,0.16195137047118924,alvo,2.0,1.8920620993935304,251,62.75,0.001974314764405377
TRX,2024-11-07 20:30:00+00:00,2024-11-07 20:30:00+00:00,2024-11-10 07:45:00+00:00,1,0.16029,0.15802783539368692,0.16481432921262612,0.16481432921262612,alvo,2.0,1.9065860135029615,237,59.25,0.0022621646063130663
TRX,2024-11-10 13:00:00+00:00,2024-11-10 13:00:00+00:00,2024-11-10 21:00:00+00:00,1,0.16557,0.16345286248830457,0.16980427502339085,0.16345286248830457,stop,-1.0,-1.1010160461642062,32,8.0,0.002117137511695427
TRX,2024-11-12 21:00:00+00:00,2024-11-12 21:00:00+00:00,2024-11-13 04:45:00+00:00,1,0.1896,0.1778050891262783,0.2131898217474434,0.1778050891262783,stop,-1.0,-1.0202471481547302,31,7.75,0.011794910873721698
TRX,2024-11-13 09:45:00+00:00,2024-11-13 09:45:00+00:00,2024-11-15 13:00:00+00:00,-1,0.1762,0.18821256214424936,0.15217487571150126,0.18821256214424936,stop,-1.0,-1.0197183716970117,205,51.25,0.012012562144249367
TRX,2024-11-22 13:15:00+00:00,2024-11-22 13:15:00+00:00,2024-11-23 10:15:00+00:00,1,0.19988,0.19274226117572377,0.21415547764855247,0.21415547764855247,alvo,2.0,1.9622957540059827,84,21.0,0.007137738824276235
TRX,2024-11-23 12:00:00+00:00,2024-11-23 12:00:00+00:00,2024-11-23 14:15:00+00:00,-1,0.21581,0.223735411850568,0.199959176298864,0.223735411850568,stop,-1.0,-1.0360491698210477,9,2.25,0.007925411850567998
TRX,2024-11-23 22:30:00+00:00,2024-11-23 22:30:00+00:00,2024-11-25 22:45:00+00:00,-1,0.21301,0.22205327168336403,0.19492345663327196,0.19492345663327196,alvo,2.0,1.970679113036114,193,48.25,0.009043271683364024
TRX,2024-11-26 04:15:00+00:00,2024-11-26 04:15:00+00:00,2024-11-26 11:30:00+00:00,1,0.19761,0.18814074916124027,0.2165485016775195,0.18814074916124027,stop,-1.0,-1.0264791788943304,29,7.25,0.00946925083875974
TRX,2024-12-02 16:30:00+00:00,2024-12-02 16:30:00+00:00,2024-12-03 04:30:00+00:00,1,0.21179,0.2034105603368934,0.22854887932621323,0.22854887932621323,alvo,2.0,1.965842552357979,48,12.0,0.008379439663106614
TRX,2024-12-09 10:45:00+00:00,2024-12-09 10:45:00+00:00,2024-12-09 21:00:00+00:00,1,0.29775,0.2678437161515604,0.3575625676968793,0.2678437161515604,stop,-1.0,-1.0122929320594172,41,10.25,0.02990628384843963
TRX,2024-12-11 14:45:00+00:00,2024-12-11 14:45:00+00:00,2024-12-15 14:45:00+00:00,1,0.27851,0.2508335480933962,0.33386290381320755,0.2862,tempo,0.2778535350539332,0.26459094267978506,384,96.0,0.027676451906603783
TRX,2024-12-16 18:00:00+00:00,2024-12-16 18:00:00+00:00,2024-12-18 20:15:00+00:00,-1,0.29629,0.31555903827477577,0.25775192345044845,0.25775192345044845,alvo,2.0,1.981310574762093,201,50.25,0.019269038274775774
TRX,2024-12-19 07:30:00+00:00,2024-12-19 07:30:00+00:00,2024-12-20 10:15:00+00:00,-1,0.26443,0.2807895815697745,0.23171083686045096,0.23171083686045096,alvo,2.0,1.9802872987561542,107,26.75,0.016359581569774517
TRX,2024-12-21 18:30:00+00:00,2024-12-21 18:30:00+00:00,2024-12-25 18:30:00+00:00,-1,0.24535,0.2613345511607434,0.21338089767851326,0.25763,tempo,-0.7682417777334024,-0.7886950889782579,384,96.0,0.015984551160743377
TRX,2025-01-03 20:15:00+00:00,2025-01-03 20:15:00+00:00,2025-01-05 10:15:00+00:00,1,0.26929,0.26283373471885846,0.282202530562283,0.26283373471885846,stop,-1.0,-1.0535728339071755,152,38.0,0.0064562652811415155
TRX,2025-01-05 20:45:00+00:00,2025-01-05 20:45:00+00:00,2025-01-06 16:15:00+00:00,-1,0.26242,0.2688017476636917,0.24965650467261657,0.2688017476636917,stop,-1.0,-1.054106516612356,78,19.5,0.006381747663691706
TRX,2025-01-07 19:45:00+00:00,2025-01-07 19:45:00+00:00,2025-01-08 07:00:00+00:00,1,0.25411,0.24642439253278828,0.26948121493442345,0.24642439253278828,stop,-1.0,-1.0423320286046753,45,11.25,0.007685607467211725
TRX,2025-01-10 18:15:00+00:00,2025-01-10 18:15:00+00:00,2025-01-13 06:00:00+00:00,-1,0.24394,0.2520592590810962,0.22770148183780753,0.22770148183780753,alvo,2.0,1.962242002609777,239,59.75,0.00811925908109623
TRX,2025-01-13 20:30:00+00:00,2025-01-13 20:30:00+00:00,2025-01-15 16:45:00+00:00,1,0.21979,0.21267250864274573,0.23402498271450858,0.23402498271450858,alvo,2.0,1.9585556590154787,177,44.25,0.007117491357254285
TRX,2025-01-15 17:00:00+00:00,2025-01-15 17:00:00+00:00,2025-01-16 12:15:00+00:00,-1,0.23156,0.23894295150744868,0.2167940969851026,0.23894295150744868,stop,-1.0,-1.0414233952601872,77,19.25,0.007382951507448693
TRX,2025-01-16 12:45:00+00:00,2025-01-16 12:45:00+00:00,2025-01-18 02:15:00+00:00,1,0.24059,0.23268714497958307,0.25639571004083384,0.25639571004083384,alvo,1.9999999999999964,1.9591235432395004,150,37.5,0.007902855020416932
TRX,2025-01-20 15:45:00+00:00,2025-01-20 15:45:00+00:00,2025-01-22 15:30:00+00:00,-1,0.24477,0.25753777880051304,0.21923444239897388,0.25753777880051304,stop,-1.0,-1.0255721892837941,191,47.75,0.012767778800513052
TRX,2025-01-27 12:00:00+00:00,2025-01-27 12:00:00+00:00,2025-01-27 21:30:00+00:00,-1,0.23771,0.24648009520855194,0.22016980958289614,0.24648009520855194,stop,-1.0,-1.035885991474604,38,9.5,0.008770095208551931
TRX,2025-01-30 11:45:00+00:00,2025-01-30 11:45:00+00:00,2025-02-02 03:45:00+00:00,1,0.24783,0.24000998894851605,0.2634700221029679,0.24000998894851605,stop,-1.0,-1.040549302389587,256,64.0,0.007820011051483944
TRX,2025-02-04 15:15:00+00:00,2025-02-04 15:15:00+00:00,2025-02-08 15:15:00+00:00,-1,0.2236,0.23574251933121462,0.19931496133757073,0.23112,tempo,-0.6193113467539166,-0.6436529180487786,384,96.0,0.01214251933121463
TRX,2025-02-11 19:45:00+00:00,2025-02-11 19:45:00+00:00,2025-02-14 04:30:00+00:00,1,0.24066,0.23269469558213135,0.25659060883573737,0.23269469558213135,stop,-1.0,-1.0386275948773738,227,56.75,0.007965304417868663
TRX,2025-02-15 08:00:00+00:00,2025-02-15 08:00:00+00:00,2025-02-16 06:45:00+00:00,-1,0.23215,0.23900606995197285,0.2184378600960543,0.23900606995197285,stop,-1.0,-1.04466865822754,91,22.75,0.006856069951972854
TRX,2025-02-17 00:45:00+00:00,2025-02-17 00:45:00+00:00,2025-02-21 00:45:00+00:00,-1,0.24135,0.24785639840206689,0.22833720319586626,0.2468,tempo,-0.8376369941116256,-0.8864039893665127,384,96.0,0.006506398402066876
TRX,2025-02-22 18:30:00+00:00,2025-02-22 18:30:00+00:00,2025-02-24 11:45:00+00:00,1,0.23657,0.23073965473478547,0.24823069053042907,0.24823069053042907,alvo,2.0,1.9459516658944924,165,41.25,0.0058303452652145316
TRX,2025-02-26 05:00:00+00:00,2025-02-26 05:00:00+00:00,2025-03-02 05:00:00+00:00,-1,0.2289,0.2376218721550114,0.21145625568997717,0.23303,tempo,-0.47352218957107506,-0.5079476540428834,384,96.0,0.008721872155011412
TRX,2025-03-03 22:45:00+00:00,2025-03-03 22:45:00+00:00,2025-03-04 17:45:00+00:00,-1,0.23041,0.2391335604612152,0.2129628790775696,0.2391335604612152,stop,-1.0,-1.0349860949157994,76,19.0,0.008723560461215196
TRX,2025-03-05 02:00:00+00:00,2025-03-05 02:00:00+00:00,2025-03-09 02:00:00+00:00,-1,0.24475,0.25474188384900726,0.22476623230198547,0.24231,tempo,0.24419819494223033,0.21251357922970335,384,96.0,0.00999188384900726
TRX,2025-03-12 16:30:00+00:00,2025-03-12 16:30:00+00:00,2025-03-16 16:30:00+00:00,-1,0.22198,0.22914117144896348,0.20765765710207307,0.2161,tempo,0.8210947108173359,0.7813313841005575,384,96.0,0.0071611714489634715
TRX,2025-03-17 01:00:00+00:00,2025-03-17 01:00:00+00:00,2025-03-17 15:15:00+00:00,-1,0.21295,0.21805699183117608,0.20273601633764785,0.21805699183117608,stop,-1.0,-1.0548570575304304,57,14.25,0.005106991831176078
TRX,2025-03-20 06:00:00+00:00,2025-03-20 06:00:00+00:00,2025-03-24 06:00:00+00:00,1,0.23192,0.22394738185934845,0.24786523628130305,0.22798,tempo,-0.4941914852174291,-0.5316866962919145,384,96.0,0.007972618140651533
TRX,2025-03-25 13:00:00+00:00,2025-03-25 13:00:00+00:00,2025-03-29 13:00:00+00:00,1,0.22725,0.22173058141535418,0.23828883716929167,0.23357,tempo,1.1450481428571582,1.0907792021333553,384,96.0,0.00551941858464583
TRX,2025-03-30 13:00:00+00:00,2025-03-30 13:00:00+00:00,2025-03-31 14:30:00+00:00,-1,0.23033,0.2360245932383472,0.2189408135233056,0.2360245932383472,stop,-1.0,-1.0532312797275238,102,25.5,0.005694593238347201
BCH,2023-01-04 01:30:00+00:00,2023-01-04 01:30:00+00:00,2023-01-06 11:45:00+00:00,1,100.44,98.36138999733501,104.59722000532997,98.36138999733501,stop,-1.0,-1.0621669785734666,233,58.25,2.0786100026649876
BCH,2023-01-07 05:30:00+00:00,2023-01-07 05:30:00+00:00,2023-01-09 00:15:00+00:00,-1,101.52,103.9548175665611,96.65036486687778,103.9548175665611,stop,-1.0,-1.0548536503319632,171,42.75,2.434817566561108
BCH,2023-01-10 15:45:00+00:00,2023-01-10 15:45:00+00:00,2023-01-12 00:15:00+00:00,-1,107.15,110.34221972215593,100.76556055568815,110.34221972215593,stop,-1.0,-1.0442857807807555,130,32.5,3.192219722155926
BCH,2023-01-12 16:30:00+00:00,2023-01-12 16:30:00+00:00,2023-01-13 16:00:00+00:00,-1,120.6,127.34623688765406,107.10752622469187,127.34623688765406,stop,-1.0,-1.0238896227127623,94,23.5,6.746236887654064
BCH,2023-01-21 16:00:00+00:00,2023-01-21 16:00:00+00:00,2023-01-25 16:00:00+00:00,1,128.37,122.11739887247155,140.8752022550569,128.87,tempo,0.07996671941836177,0.053224888844228574,384,96.0,6.25260112752845
BCH,2023-01-25 21:15:00+00:00,2023-01-25 21:15:00+00:00,2023-01-29 01:15:00+00:00,-1,130.61,137.38878550870572,117.0524289825886,137.38878550870572,stop,-1.0,-1.0256977020967757,304,76.0,6.77878550870571
BCH,2023-01-30 05:00:00+00:00,2023-01-30 05:00:00+00:00,2023-02-02 15:45:00+00:00,-1,135.91,141.28633366702763,125.15733266594472,141.28633366702763,stop,-1.0,-1.0335131016864847,331,82.75,5.376333667027637
BCH,2023-02-04 11:45:00+00:00,2023-02-04 11:45:00+00:00,2023-02-08 11:45:00+00:00,-1,137.3,142.18047689201612,127.5390462159678,134.6,tempo,0.5532246253264521,0.5170119756386484,384,96.0,4.880476892016105
BCH,2023-02-10 07:15:00+00:00,2023-02-10 07:15:00+00:00,2023-02-13 09:30:00+00:00,1,126.72,120.69164573548765,138.7767085290247,120.69164573548765,stop,-1.0,-1.0266768611584038,297,74.25,6.028354264512345
BCH,2023-02-15 04:15:00+00:00,2023-02-15 04:15:00+00:00,2023-02-15 19:45:00+00:00,-1,126.26,130.82175648647436,117.1364870270513,130.82175648647436,stop,-1.0,-1.0366313156372267,62,15.5,4.561756486474351
BCH,2023-02-17 14:30:00+00:00,2023-02-17 14:30:00+00:00,2023-02-19 11:45:00+00:00,1,130.18,125.1665432167965,140.20691356640702,140.20691356640702,alvo,2.0,1.964944049302074,181,45.25,5.013456783203509
BCH,2023-02-19 16:30:00+00:00,2023-02-19 16:30:00+00:00,2023-02-20 07:45:00+00:00,-1,139.91,145.6231631616546,128.4836736766908,145.6231631616546,stop,-1.0,-1.0324857790340658,61,15.25,5.713163161654592
BCH,2023-02-26 10:00:00+00:00,2023-02-26 10:00:00+00:00,2023-03-02 10:00:00+00:00,1,134.1,128.20375911840165,145.89248176319668,132.2,tempo,-0.32223920937995265,-0.35159604935238564,384,96.0,5.896240881598345
BCH,2023-03-06 19:15:00+00:00,2023-03-06 19:15:00+00:00,2023-03-07 22:15:00+00:00,1,124.25,120.36331337906411,132.02337324187178,120.36331337906411,stop,-1.0,-1.040908534493091,108,27.0,3.8866866209358903
BCH,2023-03-13 18:30:00+00:00,2023-03-13 18:30:00+00:00,2023-03-17 18:30:00+00:00,1,127.12,120.91194275505546,139.5361144898891,130.67,tempo,0.5718375105015154,0.5448462162223827,384,96.0,6.208057244944541
BCH,2023-03-18 02:15:00+00:00,2023-03-18 02:15:00+00:00,2023-03-22 02:15:00+00:00,-1,136.91,143.9927541328387,122.74449173432257,133.31,tempo,0.5082768556526387,0.4834781690533619,384,96.0,7.082754132838716
BCH,2023-03-29 03:00:00+00:00,2023-03-29 03:00:00+00:00,2023-04-01 01:00:00+00:00,-1,121.06,125.55714593533499,112.06570812933003,125.55714593533499,stop,-1.0,-1.0356450840517426,280,70.0,4.497145935334984
BCH,2023-04-04 21:15:00+00:00,2023-04-04 21:15:00+00:00,2023-04-08 21:15:00+00:00,-1,127.65,132.4970706944769,117.95585861104624,123.58,tempo,0.8396824095505088,0.8059920612364073,384,96.0,4.8470706944768835
BCH,2023-04-11 18:30:00+00:00,2023-04-11 18:30:00+00:00,2023-04-12 02:30:00+00:00,1,129.37,126.00898770225756,136.0920245954849,126.00898770225756,stop,-1.0,-1.0493887934054764,32,8.0,3.361012297742448
BCH,2023-04-18 12:45:00+00:00,2023-04-18 12:45:00+00:00,2023-04-19 08:30:00+00:00,-1,133.7,137.14549503022542,126.80900993954913,126.80900993954913,alvo,2.0,1.950854418603057,79,19.75,3.4454950302254304
BCH,2023-04-23 04:45:00+00:00,2023-04-23 04:45:00+00:00,2023-04-25 07:45:00+00:00,1,121.73,117.29953021902429,130.59093956195142,117.29953021902429,stop,-1.0,-1.0350683341323117,204,51.0,4.430469780975713
BCH,2023-04-26 20:30:00+00:00,2023-04-26 20:30:00+00:00,2023-04-30 20:30:00+00:00,1,114.71,110.05980034392248,124.01039931215503,118.18,tempo,0.7462045195123915,0.7136514011097961,384,96.0,4.650199656077518
BCH,2023-05-04 00:30:00+00:00,2023-05-04 00:30:00+00:00,2023-05-06 14:15:00+00:00,1,119.53,116.0858129729742,126.41837405405161,116.0858129729742,stop,-1.0,-1.044466307210002,247,61.75,3.444187027025805
BCH,2023-05-07 11:00:00+00:00,2023-05-07 11:00:00+00:00,2023-05-08 01:45:00+00:00,-1,117.01,119.73978915296962,111.55042169406077,111.55042169406077,alvo,2.0,1.9455766486801653,59,14.75,2.729789152969616
BCH,2023-05-10 17:30:00+00:00,2023-05-10 17:30:00+00:00,2023-05-14 17:30:00+00:00,-1,114.37,119.74288330650057,103.62423338699887,114.81,tempo,-0.08189271474920151,-0.10961842392657506,384,96.0,5.372883306500569
BCH,2023-05-28 05:15:00+00:00,2023-05-28 05:15:00+00:00,2023-05-31 05:15:00+00:00,1,114.19,111.98646561340676,118.59706877318646,111.98646561340676,stop,-1.0,-1.0667176802609402,288,72.0,2.2035343865932333
BCH,2023-06-02 11:30:00+00:00,2023-06-02 11:30:00+00:00,2023-06-05 15:30:00+00:00,1,114.27,112.11062070863301,118.58875858273397,112.11062070863301,stop,-1.0,-1.0681433799281552,304,76.0,2.1593792913669887
BCH,2023-06-07 12:00:00+00:00,2023-06-07 12:00:00+00:00,2023-06-10 02:45:00+00:00,1,112.52,109.14168486751933,119.27663026496133,109.14168486751933,stop,-1.0,-1.0426485065820639,251,62.75,3.3783151324806653
BCH,2023-06-12 21:30:00+00:00,2023-06-12 21:30:00+00:00,2023-06-16 21:30:00+00:00,1,102.26,94.25098494470012,118.27803011059977,108.06,tempo,0.7241839302277134,0.7071146652736496,384,96.0,8.009015055299884
BCH,2023-06-24 20:45:00+00:00,2023-06-24 20:45:00+00:00,2023-06-28 07:30:00+00:00,1,189.63,164.22205432340937,240.44589135318125,240.44589135318125,alvo,2.0,1.9889975626940541,331,82.75,25.40794567659063
BCH,2023-06-29 17:15:00+00:00,2023-06-29 17:15:00+00:00,2023-06-30 01:45:00+00:00,-1,241.26,267.10895717748934,189.56208564502128,267.10895717748934,stop,-1.0,-1.0127834875463808,34,8.5,25.848957177489353
BCH,2023-07-04 05:00:00+00:00,2023-07-04 05:00:00+00:00,2023-07-05 13:15:00+00:00,1,283.88,255.9011376764819,339.83772464703617,255.9011376764819,stop,-1.0,-1.0125401002883092,129,32.25,27.978862323518086
BCH,2023-07-05 18:45:00+00:00,2023-07-05 18:45:00+00:00,2023-07-06 01:15:00+00:00,-1,252.63,274.6028047036786,208.68439059264279,274.6028047036786,stop,-1.0,-1.0155966126163227,26,6.5,21.972804703678605
BCH,2023-07-09 06:00:00+00:00,2023-07-09 06:00:00+00:00,2023-07-13 06:00:00+00:00,1,270.25,250.33145946769855,310.0870810646029,280.87,tempo,0.5331715937107836,0.5151869427059035,384,96.0,19.91854053230145
BCH,2023-07-16 06:15:00+00:00,2023-07-16 06:15:00+00:00,2023-07-17 10:30:00+00:00,1,256.62,242.87303234613668,284.11393530772665,242.87303234613668,stop,-1.0,-1.0236176063841793,113,28.25,13.746967653863322
BCH,2023-07-20 04:45:00+00:00,2023-07-20 04:45:00+00:00,2023-07-24 04:45:00+00:00,1,243.14,231.97965046740617,265.4606990651876,247.68,tempo,0.4067972949002131,0.37821100384649087,384,96.0,11.160349532593813
BCH,2023-07-28 12:30:00+00:00,2023-07-28 12:30:00+00:00,2023-07-30 15:15:00+00:00,-1,243.83,252.25709625841722,226.9758074831656,252.25709625841722,stop,-1.0,-1.038264261221164,203,50.75,8.427096258417208
BCH,2023-08-06 22:45:00+00:00,2023-08-06 22:45:00+00:00,2023-08-07 03:30:00+00:00,-1,223.2,229.97055484440145,209.65889031119707,229.97055484440145,stop,-1.0,-1.0435061627028148,19,4.75,6.77055484440146
BCH,2023-08-08 02:15:00+00:00,2023-08-08 02:15:00+00:00,2023-08-12 02:15:00+00:00,1,236.89,226.71903783126044,257.2319243374791,229.37,tempo,-0.7393597454440152,-0.7691572213339052,384,96.0,10.17096216873955
BCH,2023-08-16 19:00:00+00:00,2023-08-16 19:00:00+00:00,2023-08-16 20:30:00+00:00,-1,216.3,224.69594661735346,199.50810676529312,199.50810676529312,alvo,2.0,1.9678088389891841,6,1.5,8.395946617353445
BCH,2023-08-18 07:15:00+00:00,2023-08-18 07:15:00+00:00,2023-08-22 07:15:00+00:00,-1,184.98,211.2278403334159,132.48431933316814,185.42,tempo,-0.016763283927776606,-0.025935848106075507,384,96.0,26.247840333415922
BCH,2023-09-03 12:45:00+00:00,2023-09-03 12:45:00+00:00,2023-09-07 12:45:00+00:00,1,197.49,188.39346115018756,215.6830776996249,190.24,tempo,-0.7970064350518858,-0.8247119727471595,384,96.0,9.096538849812447
BCH,2023-09-10 08:30:00+00:00,2023-09-10 08:30:00+00:00,2023-09-11 10:30:00+00:00,1,189.16,183.13216557121294,201.21566885757412,183.13216557121294,stop,-1.0,-1.0401454138265012,104,26.0,6.0278344287870596
BCH,2023-09-12 12:15:00+00:00,2023-09-12 12:15:00+00:00,2023-09-12 16:30:00+00:00,-1,198.74,206.6775506947523,182.8648986104954,206.6775506947523,stop,-1.0,-1.0331993354229296,17,4.25,7.937550694752304
BCH,2023-09-22 03:00:00+00:00,2023-09-22 03:00:00+00:00,2023-09-26 03:00:00+00:00,-1,206.92,215.10770363159824,190.54459273680348,211.83,tempo,-0.599679741832764,-0.6329231898429686,384,96.0,8.187703631598254
BCH,2023-10-07 01:15:00+00:00,2023-10-07 01:15:00+00:00,2023-10-09 10:00:00+00:00,-1,230.94,239.50763436337277,213.80473127325445,213.80473127325445,alvo,2.0,1.9662585886527244,227,56.75,8.567634363372775
BCH,2023-10-10 06:45:00+00:00,2023-10-10 06:45:00+00:00,2023-10-14 06:45:00+00:00,-1,219.22,227.20306333885458,203.25387332229084,216.27,tempo,0.3695323304829571,0.3340736991299688,384,96.0,7.983063338854578
BCH,2023-10-19 11:45:00+00:00,2023-10-19 11:45:00+00:00,2023-10-22 01:15:00+00:00,1,228.24,217.113824750301,250.49235049939801,250.49235049939801,alvo,2.0,1.97203207563776,246,61.5,11.126175249699003
BCH,2023-10-23 20:30:00+00:00,2023-10-23 20:30:00+00:00,2023-10-27 17:15:00+00:00,1,250.57,237.41243706065723,276.8851258786855,237.41243706065723,stop,-1.0,-1.0241069402861067,371,92.75,13.157562939342768
BCH,2023-10-30 12:30:00+00:00,2023-10-30 12:30:00+00:00,2023-10-31 14:15:00+00:00,1,250.63,240.79511875099715,270.2997624980057,240.79511875099715,stop,-1.0,-1.0324789205991212,103,25.75,9.834881249002848
BCH,2023-11-02 04:00:00+00:00,2023-11-02 04:00:00+00:00,2023-11-02 13:45:00+00:00,1,247.75,238.21260867377865,266.8247826524427,238.21260867377865,stop,-1.0,-1.0331197163703991,39,9.75,9.537391326221353
BCH,2023-11-04 08:15:00+00:00,2023-11-04 08:15:00+00:00,2023-11-08 08:15:00+00:00,1,238.14,229.6691751185592,255.08164976288157,242.87,tempo,0.558387177896127,0.521477372254292,384,96.0,8.470824881440791
BCH,2023-11-09 13:00:00+00:00,2023-11-09 13:00:00+00:00,2023-11-09 16:15:00+00:00,-1,250.43,259.5067582088825,232.27648358223502,232.27648358223502,alvo,2.0,1.9654326790349654,13,3.25,9.076758208882495
BCH,2023-11-14 11:15:00+00:00,2023-11-14 11:15:00+00:00,2023-11-18 11:15:00+00:00,-1,234.41,245.44426421097594,212.3414715780481,227.06,tempo,0.6661069428343794,0.6389229372437185,384,96.0,11.034264210975948
BCH,2023-11-20 23:00:00+00:00,2023-11-20 23:00:00+00:00,2023-11-21 22:15:00+00:00,1,226.72,219.36928455362983,241.42143089274035,219.36928455362983,stop,-1.0,-1.039446233101438,93,23.25,7.350715446370174
BCH,2023-11-25 10:45:00+00:00,2023-11-25 10:45:00+00:00,2023-11-29 10:45:00+00:00,1,226.18,218.48738331958208,241.56523336083586,223.43,tempo,-0.3574856403543816,-0.39547615933395497,384,96.0,7.6926166804179275
BCH,2023-11-29 17:30:00+00:00,2023-11-29 17:30:00+00:00,2023-12-03 00:15:00+00:00,-1,223.44,229.61259783545216,211.09480432909567,229.61259783545216,stop,-1.0,-1.0477083063635997,315,78.75,6.172597835452166
BCH,2023-12-03 21:00:00+00:00,2023-12-03 21:00:00+00:00,2023-12-04 01:30:00+00:00,-1,226.89,232.42796628641443,215.8140674271711,232.42796628641443,stop,-1.0,-1.053910887615654,18,4.5,5.537966286414445
BCH,2023-12-04 22:00:00+00:00,2023-12-04 22:00:00+00:00,2023-12-08 22:00:00+00:00,1,248.18,234.06629002404466,276.4074199519107,254.38,tempo,0.4392891741832973,0.41614401953887586,384,96.0,14.113709975955345
BCH,2023-12-10 15:30:00+00:00,2023-12-10 15:30:00+00:00,2023-12-11 02:15:00+00:00,-1,250.63,262.06708342669475,227.75583314661048,227.75583314661048,alvo,2.0,1.9728120553165223,43,10.75,11.437083426694755
BCH,2023-12-17 05:15:00+00:00,2023-12-17 05:15:00+00:00,2023-12-18 09:30:00+00:00,1,229.43,220.32208754507394,247.64582490985214,220.32208754507394,stop,-1.0,-1.0320972405423359,113,28.25,9.107912454926065
BCH,2023-12-20 00:15:00+00:00,2023-12-20 00:15:00+00:00,2023-12-22 16:30:00+00:00,1,225.48,217.46864100976072,241.50271798047854,241.50271798047854,alvo,2.0,1.962111451121198,257,64.25,8.011358990239273
BCH,2023-12-27 00:00:00+00:00,2023-12-27 00:00:00+00:00,2023-12-27 08:30:00+00:00,1,229.3,221.084669263803,245.73066147239405,245.73066147239405,alvo,2.0,1.9624153987378006,34,8.5,8.215330736197018
BCH,2023-12-27 17:15:00+00:00,2023-12-27 17:15:00+00:00,2023-12-27 23:30:00+00:00,-1,250.01,262.5613997478486,224.90720050430275,262.5613997478486,stop,-1.0,-1.0265445620830624,25,6.25,12.55139974784862
BCH,2023-12-28 06:45:00+00:00,2023-12-28 06:45:00+00:00,2023-12-29 01:45:00+00:00,1,271.71,253.90237561693434,307.32524876613127,253.90237561693434,stop,-1.0,-1.0191854925060022,76,19.0,17.807624383065644
BCH,2023-12-30 23:45:00+00:00,2023-12-30 23:45:00+00:00,2024-01-03 12:15:00+00:00,-1,272.12,294.18202499241784,227.99595001516434,227.99595001516434,alvo,2.0,1.9852653884844398,338,84.5,22.062024992417832
BCH,2024-01-17 12:30:00+00:00,2024-01-17 12:30:00+00:00,2024-01-19 03:30:00+00:00,1,245.84,232.90023957493418,271.71952085013163,232.90023957493418,stop,-1.0,-1.0240484480006997,156,39.0,12.939760425065828
BCH,2024-01-19 10:45:00+00:00,2024-01-19 10:45:00+00:00,2024-01-23 09:30:00+00:00,1,237.09,226.1317858347953,259.00642833040945,226.1317858347953,stop,-1.0,-1.0274765720265508,379,94.75,10.958214165204708
BCH,2024-01-23 17:30:00+00:00,2024-01-23 17:30:00+00:00,2024-01-26 11:15:00+00:00,-1,227.24,238.72895853730992,204.26208292538018,238.72895853730992,stop,-1.0,-1.0263626874503604,263,65.75,11.488958537309912
BCH,2024-01-27 05:00:00+00:00,2024-01-27 05:00:00+00:00,2024-01-31 05:00:00+00:00,-1,242.54,251.26123075595083,225.0975384880983,236.84,tempo,0.653577477709858,0.6178489195831985,384,96.0,8.721230755950842
BCH,2024-01-31 13:15:00+00:00,2024-01-31 13:15:00+00:00,2024-02-04 13:15:00+00:00,1,234.77,227.8837019907833,248.54259601843344,235.76,tempo,0.1437637463082415,0.09935026034079522,384,96.0,6.886298009216716
BCH,2024-02-05 08:00:00+00:00,2024-02-05 08:00:00+00:00,2024-02-08 08:30:00+00:00,-1,236.51,242.96743900786757,223.59512198426484,242.96743900786757,stop,-1.0,-1.0482637675672035,290,72.5,6.457439007867578
BCH,2024-02-11 16:45:00+00:00,2024-02-11 16:45:00+00:00,2024-02-14 09:30:00+00:00,-1,275.79,294.16686271057847,239.03627457884312,294.16686271057847,stop,-1.0,-1.0201596957324286,259,64.75,18.37686271057845
BCH,2024-02-17 19:30:00+00:00,2024-02-17 19:30:00+00:00,2024-02-21 19:30:00+00:00,-1,265.66,277.6713132812788,241.63737343744248,257.47,tempo,0.6818571631767527,0.6535476443059071,384,96.0,12.011313281278774
BCH,2024-02-21 20:15:00+00:00,2024-02-21 20:15:00+00:00,2024-02-25 20:15:00+00:00,1,258.45,248.19985765465532,278.95028469068933,270.18,tempo,1.1443743515744889,1.1108519390632072,384,96.0,10.25014234534467
BCH,2024-02-25 21:30:00+00:00,2024-02-25 21:30:00+00:00,2024-02-27 02:00:00+00:00,-1,268.76,277.50526336280217,251.26947327439564,277.50526336280217,stop,-1.0,-1.0406016841866783,114,28.5,8.745263362802177
BCH,2024-02-28 02:45:00+00:00,2024-02-28 02:45:00+00:00,2024-02-28 17:15:00+00:00,-1,293.75,311.04758795137525,259.1548240972495,311.04758795137525,stop,-1.0,-1.022726777471719,58,14.5,17.29758795137525
BCH,2024-03-01 18:00:00+00:00,2024-03-01 18:00:00+00:00,2024-03-02 00:45:00+00:00,-1,313.83,336.87819994682815,267.73360010634366,336.87819994682815,stop,-1.0,-1.0183511220373478,27,6.75,23.048199946828163
BCH,2024-03-02 12:15:00+00:00,2024-03-02 12:15:00+00:00,2024-03-05 20:00:00+00:00,1,442.94,396.9544098735165,534.9111802529669,396.9544098735165,stop,-1.0,-1.0118717921182745,319,79.75,45.98559012648349
BCH,2024-03-11 09:00:00+00:00,2024-03-11 09:00:00+00:00,2024-03-15 09:00:00+00:00,-1,441.8,476.6217623362097,372.1564753275806,396.48,tempo,1.3014849611121955,1.2858372177631059,384,96.0,34.8217623362097
BCH,2024-03-19 03:00:00+00:00,2024-03-19 03:00:00+00:00,2024-03-20 20:45:00+00:00,-1,381.19,412.2781013706516,319.0137972586968,412.2781013706516,stop,-1.0,-1.0165900856968324,167,41.75,31.0881013706516
BCH,2024-03-24 05:15:00+00:00,2024-03-24 05:15:00+00:00,2024-03-24 14:00:00+00:00,-1,453.44,489.90192855511714,380.5161428897657,489.90192855511714,stop,-1.0,-1.016816780621846,35,8.75,36.46192855511714
BCH,2024-03-24 23:15:00+00:00,2024-03-24 23:15:00+00:00,2024-03-27 14:45:00+00:00,-1,479.68,519.8020402831452,399.43591943370967,519.8020402831452,stop,-1.0,-1.0161921806966772,254,63.5,40.12204028314517
BCH,2024-03-28 16:30:00+00:00,2024-03-28 16:30:00+00:00,2024-03-29 10:30:00+00:00,-1,564.48,610.3013630243541,472.83727395129176,610.3013630243541,stop,-1.0,-1.0166648880689118,72,18.0,45.82136302435413
BCH,2024-04-05 02:30:00+00:00,2024-04-05 02:30:00+00:00,2024-04-09 02:30:00+00:00,1,693.87,629.3869808167273,822.8360383665455,680.3,tempo,-0.2104429999071784,-0.22429487147450267,384,96.0,64.48301918327275
BCH,2024-04-10 06:15:00+00:00,2024-04-10 06:15:00+00:00,2024-04-12 13:45:00+00:00,1,627.93,584.6578591140681,714.4742817718637,584.6578591140681,stop,-1.0,-1.0182145392459745,222,55.5,43.27214088593189
BCH,2024-04-15 11:45:00+00:00,2024-04-15 11:45:00+00:00,2024-04-19 11:45:00+00:00,-1,543.83,597.5813213825377,436.32735723492476,484.38,tempo,1.1060193214024643,1.0935854596329353,384,96.0,53.75132138253764
BCH,2024-04-21 14:45:00+00:00,2024-04-21 14:45:00+00:00,2024-04-25 14:45:00+00:00,-1,505.79,543.4383831204668,430.4932337590664,474.04,tempo,0.8433297094966008,0.8264129272283666,384,96.0,37.648383120466804
BCH,2024-04-28 06:30:00+00:00,2024-04-28 06:30:00+00:00,2024-04-29 04:00:00+00:00,1,481.03,459.0159693769,525.0580612461999,459.0159693769,stop,-1.0,-1.027756383669868,86,21.5,22.014030623099984
BCH,2024-05-04 21:15:00+00:00,2024-05-04 21:15:00+00:00,2024-05-07 16:30:00+00:00,-1,467.0,491.2702273482733,418.4595453034534,491.2702273482733,stop,-1.0,-1.0256641867765897,269,67.25,24.270227348273295
BCH,2024-05-10 15:00:00+00:00,2024-05-10 15:00:00+00:00,2024-05-14 15:00:00+00:00,1,433.21,413.339882153994,472.950235692012,435.11,tempo,0.09562097289634065,0.06721610864872125,384,96.0,19.870117846005996
BCH,2024-05-16 06:30:00+00:00,2024-05-16 06:30:00+00:00,2024-05-17 10:00:00+00:00,-1,457.79,478.29479843205684,416.7804031358864,478.29479843205684,stop,-1.0,-1.0296737917710808,110,27.5,20.504798432056816
BCH,2024-05-20 13:30:00+00:00,2024-05-20 13:30:00+00:00,2024-05-24 13:30:00+00:00,1,485.63,461.02127470046554,534.8474505990689,487.61,tempo,0.08045926702418331,0.05475269375393076,384,96.0,24.608725299534456
BCH,2024-05-26 06:15:00+00:00,2024-05-26 06:15:00+00:00,2024-05-28 03:45:00+00:00,1,490.99,470.2243904931431,532.5212190137138,470.2243904931431,stop,-1.0,-1.030087696371938,182,45.5,20.76560950685689
BCH,2024-05-30 00:15:00+00:00,2024-05-30 00:15:00+00:00,2024-05-31 16:15:00+00:00,1,467.1,449.9358898915384,501.42822021692325,449.9358898915384,stop,-1.0,-1.0347278900369934,160,40.0,17.164110108461614
BCH,2024-06-06 15:00:00+00:00,2024-06-06 15:00:00+00:00,2024-06-07 18:15:00+00:00,1,499.68,484.26882097056995,530.5023580588602,484.26882097056995,stop,-1.0,-1.0415001819399747,109,27.25,15.411179029430059
BCH,2024-06-07 19:15:00+00:00,2024-06-07 19:15:00+00:00,2024-06-11 19:15:00+00:00,-1,478.57,511.87275507112645,411.9644898577471,446.51,tempo,0.962683115301655,0.9446274920141592,384,96.0,33.302755071126455
BCH,2024-06-12 03:45:00+00:00,2024-06-12 03:45:00+00:00,2024-06-16 03:45:00+00:00,-1,445.64,466.71661082409787,403.4867783518042,429.4,tempo,0.7705223641284893,0.7435362417036404,384,96.0,21.076610824097884
BCH,2024-06-23 08:45:00+00:00,2024-06-23 08:45:00+00:00,2024-06-24 03:00:00+00:00,1,392.99,375.7099716850225,427.55005662995507,375.7099716850225,stop,-1.0,-1.0289151714619695,73,18.25,17.28002831497753
BCH,2024-06-24 15:45:00+00:00,2024-06-24 15:45:00+00:00,2024-06-24 23:45:00+00:00,-1,351.12,367.90886871122393,317.54226257755215,367.90886871122393,stop,-1.0,-1.0278380141450414,32,8.0,16.788868711223927
BCH,2024-06-26 15:00:00+00:00,2024-06-26 15:00:00+00:00,2024-06-28 10:30:00+00:00,-1,377.74,399.27493411421705,334.67013177156593,399.27493411421705,stop,-1.0,-1.0234530416715233,174,43.5,21.534934114217037
BCH,2024-07-04 10:00:00+00:00,2024-07-04 10:00:00+00:00,2024-07-04 23:45:00+00:00,1,349.24,334.55990361869044,378.60019276261914,334.55990361869044,stop,-1.0,-1.0302770449053753,55,13.75,14.680096381309568
BCH,2024-07-08 03:15:00+00:00,2024-07-08 03:15:00+00:00,2024-07-11 12:45:00+00:00,1,309.1,288.97557250250287,349.3488549949943,349.3488549949943,alvo,2.0,1.978732723909787,326,81.5,20.12442749749715
BCH,2024-07-13 12:30:00+00:00,2024-07-13 12:30:00+00:00,2024-07-15 22:15:00+00:00,-1,372.42,392.39458645051195,332.47082709897614,392.39458645051195,stop,-1.0,-1.0248880988061753,231,57.75,19.974586450511936
BCH,2024-07-20 12:00:00+00:00,2024-07-20 12:00:00+00:00,2024-07-24 12:00:00+00:00,-1,387.4,405.6533796475237,350.8932407049525,370.94,tempo,0.9017508164430776,0.8747464474156208,384,96.0,18.25337964752373
BCH,2024-07-27 00:00:00+00:00,2024-07-27 00:00:00+00:00,2024-07-27 14:15:00+00:00,-1,377.0,392.93173635846114,345.1365272830777,392.93173635846114,stop,-1.0,-1.0314124975064136,57,14.25,15.931736358461137
BCH,2024-08-02 15:30:00+00:00,2024-08-02 15:30:00+00:00,2024-08-04 17:15:00+00:00,-1,388.52,411.62072608010385,342.31854783979225,342.31854783979225,alvo,2.0,1.9794359253276888,199,49.75,23.10072608010387
BCH,2024-08-07 19:00:00+00:00,2024-08-07 19:00:00+00:00,2024-08-08 23:00:00+00:00,1,309.9,281.70397561461016,366.2920487707796,366.2920487707796,alvo,2.0,1.9844118154498138,112,28.0,28.19602438538982
BCH,2024-08-09 10:45:00+00:00,2024-08-09 10:45:00+00:00,2024-08-13 10:45:00+00:00,1,342.55,311.2737997073216,405.10240058535686,344.54,tempo,0.0636266548166932,0.049347154883175114,384,96.0,31.276200292678425
BCH,2024-08-13 15:45:00+00:00,2024-08-13 15:45:00+00:00,2024-08-17 15:45:00+00:00,-1,348.74,372.4291340405951,301.3617319188098,345.7,tempo,0.1283288783283719,0.10927431942273699,384,96.0,23.689134040595093
BCH,2024-08-18 03:45:00+00:00,2024-08-18 03:45:00+00:00,2024-08-22 03:45:00+00:00,-1,340.64,357.18481743497796,307.55036513004404,345.25,tempo,-0.27863710301534383,-0.3055838192152735,384,96.0,16.544817434977972
BCH,2024-08-30 09:15:00+00:00,2024-08-30 09:15:00+00:00,2024-09-01 22:45:00+00:00,1,325.39,311.40740658324376,353.35518683351245,311.40740658324376,stop,-1.0,-1.0296023993505443,246,61.5,13.982593416756231
BCH,2024-09-06 20:30:00+00:00,2024-09-06 20:30:00+00:00,2024-09-09 16:15:00+00:00,1,295.82,285.03882388111515,317.3823522377697,317.3823522377697,alvo,2.0,1.9630298657067315,271,67.75,10.781176118884844
BCH,2024-09-16 05:45:00+00:00,2024-09-16 05:45:00+00:00,2024-09-19 00:15:00+00:00,1,314.27,305.22774550419564,332.35450899160867,332.35450899160867,alvo,2.0,1.9535175734061045,266,66.5,9.042254495804343
BCH,2024-09-19 15:30:00+00:00,2024-09-19 15:30:00+00:00,2024-09-23 15:30:00+00:00,1,338.3,322.5443864906,369.8112270188,339.09,tempo,0.050140859289842264,0.022195041772973812,384,96.0,15.755613509400007
BCH,2024-09-26 11:00:00+00:00,2024-09-26 11:00:00+00:00,2024-09-27 02:15:00+00:00,-1,350.78,362.9694813580122,326.4010372839755,362.9694813580122,stop,-1.0,-1.0380604514053224,61,15.25,12.189481358012245
BCH,2024-10-09 05:45:00+00:00,2024-10-09 05:45:00+00:00,2024-10-10 18:15:00+00:00,1,328.88,317.23173776053005,352.1765244789399,317.23173776053005,stop,-1.0,-1.0360545307884015,146,36.5,11.648262239469943
BCH,2024-10-12 15:00:00+00:00,2024-10-12 15:00:00+00:00,2024-10-14 13:15:00+00:00,-1,330.49,340.0042284150627,311.46154316987463,340.0042284150627,stop,-1.0,-1.045807313999295,185,46.25,9.51422841506269
BCH,2024-10-21 00:00:00+00:00,2024-10-21 00:00:00+00:00,2024-10-23 03:30:00+00:00,1,369.75,352.83682454187897,403.57635091624206,352.83682454187897,stop,-1.0,-1.0277701509758004,206,51.5,16.91317545812103
BCH,2024-10-23 16:00:00+00:00,2024-10-23 16:00:00+00:00,2024-10-25 13:00:00+00:00,1,346.76,333.3049608262582,373.6700783474836,373.6700783474836,alvo,2.0,1.9651967159010777,180,45.0,13.455039173741795
BCH,2024-10-26 21:15:00+00:00,2024-10-26 21:15:00+00:00,2024-10-29 03:15:00+00:00,1,349.31,335.2426058608541,377.4447882782918,377.4447882782918,alvo,2.0,1.966419465630358,216,54.0,14.067394139145904
BCH,2024-10-29 22:30:00+00:00,2024-10-29 22:30:00+00:00,2024-10-31 20:00:00+00:00,-1,382.25,397.6309056729292,351.4881886541416,351.4881886541416,alvo,2.0,1.9689920845516529,182,45.5,15.380905672929202
BCH,2024-11-02 19:00:00+00:00,2024-11-02 19:00:00+00:00,2024-11-06 02:45:00+00:00,-1,346.11,360.51229140522776,317.3054171895445,360.51229140522776,stop,-1.0,-1.0318910704199944,319,79.75,14.402291405227743
BCH,2024-11-07 20:30:00+00:00,2024-11-07 20:30:00+00:00,2024-11-10 03:00:00+00:00,1,382.4,363.2841603426936,420.6316793146127,420.6316793146127,alvo,2.0,1.9726943413989668,218,54.5,19.115839657306367
BCH,2024-11-10 13:00:00+00:00,2024-11-10 13:00:00+00:00,2024-11-13 05:00:00+00:00,1,435.28,407.31709864540284,491.20580270919424,407.31709864540284,stop,-1.0,-1.0195862406112401,256,64.0,27.962901354597136
BCH,2024-11-13 09:45:00+00:00,2024-11-13 09:45:00+00:00,2024-11-13 16:45:00+00:00,-1,413.03,448.2588521764883,342.57229564702334,448.2588521764883,stop,-1.0,-1.0158914559892573,28,7.0,35.22885217648832
BCH,2024-11-22 13:15:00+00:00,2024-11-22 13:15:00+00:00,2024-11-23 02:15:00+00:00,1,483.64,444.17727233072065,562.5654553385586,562.5654553385586,alvo,2.0,1.9827677004065927,52,13.0,39.46272766927933
BCH,2024-11-23 12:00:00+00:00,2024-11-23 12:00:00+00:00,2024-11-27 12:00:00+00:00,-1,528.43,575.5262127301265,434.2375745397468,504.07,tempo,0.517239042969103,0.5029889587033952,384,96.0,47.09621273012658
BCH,2024-12-02 16:30:00+00:00,2024-12-02 16:30:00+00:00,2024-12-04 00:15:00+00:00,1,520.68,482.7207574758839,596.5984850482321,596.5984850482321,alvo,2.0,1.9808681373233419,127,31.75,37.959242524116064
BCH,2024-12-09 10:45:00+00:00,2024-12-09 10:45:00+00:00,2024-12-09 21:15:00+00:00,1,601.43,559.9611771621591,684.3676456756817,559.9611771621591,stop,-1.0,-1.018204140206906,42,10.5,41.46882283784089
BCH,2024-12-11 14:45:00+00:00,2024-12-11 14:45:00+00:00,2024-12-15 14:45:00+00:00,1,539.1,495.11736815926787,627.0652636814643,542.32,tempo,0.07321071671336404,0.057228885463579085,384,96.0,43.982631840732154
BCH,2024-12-16 18:00:00+00:00,2024-12-16 18:00:00+00:00,2024-12-18 20:15:00+00:00,-1,546.94,577.8241996126072,485.1716007747857,485.1716007747857,alvo,2.0,1.978277807133789,201,50.25,30.884199612607176
BCH,2024-12-19 07:30:00+00:00,2024-12-19 07:30:00+00:00,2024-12-19 20:15:00+00:00,-1,483.61,515.1691365695978,420.49172686080453,420.49172686080453,alvo,2.0,1.9813788909857044,51,12.75,31.55913656959774
BCH,2024-12-21 18:30:00+00:00,2024-12-21 18:30:00+00:00,2024-12-25 18:30:00+00:00,-1,456.56,493.79564211009466,382.0887157798107,461.3,tempo,-0.12729738850709882,-0.1433199133298481,384,96.0,37.23564211009466
BCH,2025-01-03 20:15:00+00:00,2025-01-03 20:15:00+00:00,2025-01-07 15:00:00+00:00,1,473.56,456.3517708065813,507.97645838683735,456.3517708065813,stop,-1.0,-1.0351252092374181,363,90.75,17.208229193418674
BCH,2025-01-07 19:45:00+00:00,2025-01-07 19:45:00+00:00,2025-01-08 17:30:00+00:00,1,441.07,423.55047247087305,476.1090550582539,423.55047247087305,stop,-1.0,-1.0320786794148251,87,21.75,17.519527529126947
BCH,2025-01-10 18:15:00+00:00,2025-01-10 18:15:00+00:00,2025-01-13 14:45:00+00:00,-1,448.19,470.939443459567,402.69111308086605,402.69111308086605,alvo,2.0,1.975688516315331,274,68.5,22.749443459566976
BCH,2025-01-13 20:30:00+00:00,2025-01-13 20:30:00+00:00,2025-01-15 20:30:00+00:00,1,412.38,392.6830930255503,451.7738139488994,451.7738139488994,alvo,2.0,1.9714828333303596,192,48.0,19.69690697444969
BCH,2025-01-16 12:45:00+00:00,2025-01-16 12:45:00+00:00,2025-01-19 09:30:00+00:00,1,461.75,441.40824584829284,502.4335083034143,441.40824584829284,stop,-1.0,-1.0288595002880871,275,68.75,20.341754151707164
BCH,2025-01-20 15:45:00+00:00,2025-01-20 15:45:00+00:00,2025-01-24 15:45:00+00:00,-1,444.56,474.8291173336829,384.0217653326342,436.2,tempo,0.2761890909417818,0.25727562234972146,384,96.0,30.269117333682914
BCH,2025-01-27 12:00:00+00:00,2025-01-27 12:00:00+00:00,2025-01-27 21:00:00+00:00,-1,401.84,422.6435234861309,360.2329530277381,422.6435234861309,stop,-1.0,-1.0257607462804685,36,9.0,20.803523486130928
BCH,2025-01-30 11:45:00+00:00,2025-01-30 11:45:00+00:00,2025-02-01 20:00:00+00:00,1,428.62,407.883556175944,470.09288764811197,407.883556175944,stop,-1.0,-1.0262208561953905,225,56.25,20.736443824055982
BCH,2025-02-04 15:15:00+00:00,2025-02-04 15:15:00+00:00,2025-02-08 15:15:00+00:00,-1,334.15,368.00579480653073,266.4384103869385,319.83,tempo,0.4229704274211184,0.41041461526461276,384,96.0,33.85579480653075
BCH,2025-02-11 19:45:00+00:00,2025-02-11 19:45:00+00:00,2025-02-15 19:45:00+00:00,1,326.46,309.644360906262,360.0912781874759,334.03,tempo,0.45017616980249153,0.42464526386387186,384,96.0,16.815639093737957
BCH,2025-02-17 00:45:00+00:00,2025-02-17 00:45:00+00:00,2025-02-21 00:45:00+00:00,-1,327.5,339.7126940732427,303.0746118535146,325.13,tempo,0.19406037568668313,0.1593252470200756,384,96.0,12.212694073242687
BCH,2025-02-22 18:30:00+00:00,2025-02-22 18:30:00+00:00,2025-02-24 10:45:00+00:00,1,321.71,310.08538334135653,344.9592333172869,310.08538334135653,stop,-1.0,-1.0353273584180114,161,40.25,11.624616658643447
BCH,2025-02-26 05:00:00+00:00,2025-02-26 05:00:00+00:00,2025-02-28 18:45:00+00:00,-1,296.03,313.7939082219491,260.5021835561017,313.7939082219491,stop,-1.0,-1.0223140952650551,247,61.75,17.763908221949123
BCH,2025-02-28 23:45:00+00:00,2025-02-28 23:45:00+00:00,2025-03-02 16:45:00+00:00,-1,316.52,337.3119405798302,274.93611884033953,337.3119405798302,stop,-1.0,-1.020440168138474,164,41.0,20.791940579830225
BCH,2025-03-03 22:45:00+00:00,2025-03-03 22:45:00+00:00,2025-03-05 03:00:00+00:00,-1,320.46,349.65711285604857,262.0657742879028,349.65711285604857,stop,-1.0,-1.0149184655860997,113,28.25,29.19711285604859
BCH,2025-03-05 15:45:00+00:00,2025-03-05 15:45:00+00:00,2025-03-09 15:45:00+00:00,-1,387.18,428.0924294439524,305.35514111209517,367.49,tempo,0.48127183517600974,0.46928194587667094,384,96.0,40.91242944395242
BCH,2025-03-12 16:30:00+00:00,2025-03-12 16:30:00+00:00,2025-03-16 16:30:00+00:00,-1,350.36,377.45851399996934,296.16297200006136,333.11,tempo,0.636566270756379,0.6201721799217117,384,96.0,27.098513999969327
BCH,2025-03-17 01:00:00+00:00,2025-03-17 01:00:00+00:00,2025-03-21 01:00:00+00:00,-1,337.15,354.27329531521866,302.9034093695626,332.52,tempo,0.27039187929469316,0.2449712174426996,384,96.0,17.123295315218684
BCH,2025-03-21 08:15:00+00:00,2025-03-21 08:15:00+00:00,2025-03-25 08:15:00+00:00,-1,332.58,345.94448896234474,305.8510220753105,328.38,tempo,0.31426566416671375,0.2821189804281517,384,96.0,13.364488962344751
BCH,2025-03-25 13:00:00+00:00,2025-03-25 13:00:00+00:00,2025-03-28 04:45:00+00:00,1,328.4,318.39179502426543,348.41640995146906,318.39179502426543,stop,-1.0,-1.0420070000349804,255,63.75,10.008204975734543
BCH,2025-03-30 13:00:00+00:00,2025-03-30 13:00:00+00:00,2025-04-01 00:00:00+00:00,-1,306.62,318.44944351926,282.96111296148,303.29,fim_dados,0.2815009847739901,0.2479878698624951,140,35.0,11.829443519259996
APT,2023-01-04 01:30:00+00:00,2023-01-04 01:30:00+00:00,2023-01-08 01:30:00+00:00,1,3.8261,3.5414759908429008,4.395348018314198,3.7773,tempo,-0.17145426397625033,-0.18881825942637462,384,96.0,0.28462400915709907
APT,2023-01-10 15:45:00+00:00,2023-01-10 15:45:00+00:00,2023-01-12 22:45:00+00:00,-1,5.7157,6.528217191382916,4.090665617234167,6.528217191382916,stop,-1.0,-1.0097949265059283,220,55.0,0.8125171913829163
APT,2023-01-21 16:00:00+00:00,2023-01-21 16:00:00+00:00,2023-01-25 13:30:00+00:00,1,12.645,10.81139521700001,16.31220956599998,16.31220956599998,alvo,2.0,1.98973487286224,374,93.5,1.8336047829999895
APT,2023-01-25 21:15:00+00:00,2023-01-25 21:15:00+00:00,2023-01-29 21:15:00+00:00,-1,18.4319,21.178713655162177,12.938272689675642,17.9092,tempo,0.1902932144733127,0.18169353573077882,384,96.0,2.7468136551621782
APT,2023-01-30 05:00:00+00:00,2023-01-30 05:00:00+00:00,2023-01-30 09:00:00+00:00,-1,18.0454,20.03874573259526,14.058708534809483,20.03874573259526,stop,-1.0,-1.0124186659250312,16,4.0,1.9933457325952588
APT,2023-02-01 04:45:00+00:00,2023-02-01 04:45:00+00:00,2023-02-05 04:45:00+00:00,1,16.6397,14.802159760361953,20.3147804792761,16.6123,tempo,-0.014911238082817295,-0.02667359274246676,384,96.0,1.8375402396380487
APT,2023-02-05 23:15:00+00:00,2023-02-05 23:15:00+00:00,2023-02-09 03:15:00+00:00,1,15.4325,14.174871636776476,17.947756726447047,14.174871636776476,stop,-1.0,-1.015302447151062,304,76.0,1.2576283632235228
APT,2023-02-10 07:15:00+00:00,2023-02-10 07:15:00+00:00,2023-02-14 07:15:00+00:00,1,13.0124,11.922796630013165,15.191606739973668,13.963,tempo,0.8724275513313489,0.8563354480183683,384,96.0,1.0896033699868344
APT,2023-02-15 04:15:00+00:00,2023-02-15 04:15:00+00:00,2023-02-15 20:30:00+00:00,-1,14.398,15.528815900987894,12.136368198024211,15.528815900987894,stop,-1.0,-1.0172021195657475,65,16.25,1.1308159009878942
APT,2023-02-17 14:30:00+00:00,2023-02-17 14:30:00+00:00,2023-02-21 14:00:00+00:00,1,14.533,13.41031533320718,16.778369333585637,13.41031533320718,stop,-1.0,-1.0161783228219117,382,95.5,1.1226846667928196
APT,2023-02-26 10:00:00+00:00,2023-02-26 10:00:00+00:00,2023-02-28 21:15:00+00:00,1,12.552,11.764767111804733,14.126465776390532,11.764767111804733,stop,-1.0,-1.0200777925562894,237,59.25,0.7872328881952662
APT,2023-03-06 19:15:00+00:00,2023-03-06 19:15:00+00:00,2023-03-07 15:15:00+00:00,1,11.344,10.716889171221377,12.598221657557245,10.716889171221377,stop,-1.0,-1.022866098468148,80,20.0,0.6271108287786227
APT,2023-03-13 18:30:00+00:00,2023-03-13 18:30:00+00:00,2023-03-14 15:15:00+00:00,1,12.323,11.192066774108383,14.584866451783235,14.584866451783235,alvo,2.0,1.9845347958719048,83,20.75,1.1309332258916172
APT,2023-03-15 07:00:00+00:00,2023-03-15 07:00:00+00:00,2023-03-15 15:45:00+00:00,1,13.826,12.398249027608667,16.681501944782667,12.398249027608667,stop,-1.0,-1.0119388900428454,35,8.75,1.4277509723913333
APT,2023-03-16 22:15:00+00:00,2023-03-16 22:15:00+00:00,2023-03-20 22:15:00+00:00,1,12.295,11.08661607490051,14.71176785019898,12.146,tempo,-0.12330518215701315,-0.13645220411751466,384,96.0,1.2083839250994899
APT,2023-03-21 05:30:00+00:00,2023-03-21 05:30:00+00:00,2023-03-25 05:30:00+00:00,1,12.167,11.1735363136841,14.1539273726318,12.139,tempo,-0.028184220908802363,-0.044087066898662014,384,96.0,0.9934636863159003
APT,2023-03-29 03:00:00+00:00,2023-03-29 03:00:00+00:00,2023-04-02 03:00:00+00:00,-1,11.298,11.91343720855555,10.0671255828889,11.173,tempo,0.2031076416282644,0.179374676190115,384,96.0,0.6154372085555497
APT,2023-04-04 21:15:00+00:00,2023-04-04 21:15:00+00:00,2023-04-08 21:15:00+00:00,-1,11.52,12.120469741846494,10.319060516307012,10.872,tempo,1.079155126130663,1.0549161029365168,384,96.0,0.6004697418464939
APT,2023-04-11 18:30:00+00:00,2023-04-11 18:30:00+00:00,2023-04-12 01:45:00+00:00,1,11.897,11.433336971342403,12.824326057315195,11.433336971342403,stop,-1.0,-1.0327063364859554,29,7.25,0.46366302865759756
APT,2023-04-18 12:45:00+00:00,2023-04-18 12:45:00+00:00,2023-04-19 08:30:00+00:00,-1,12.601,13.222029353196238,11.358941293607527,11.358941293607527,alvo,2.0,1.974922341817354,79,19.75,0.6210293531962368
APT,2023-04-23 04:45:00+00:00,2023-04-23 04:45:00+00:00,2023-04-26 20:15:00+00:00,1,10.179,9.614493944352027,11.308012111295946,9.614493944352027,stop,-1.0,-1.022791201148517,350,87.5,0.5645060556479731
APT,2023-04-26 20:30:00+00:00,2023-04-26 20:30:00+00:00,2023-04-30 00:30:00+00:00,1,9.664,9.062563726003432,10.866872547993134,10.866872547993134,alvo,2.0,1.9778113364072356,304,76.0,0.6014362739965673
APT,2023-04-30 05:15:00+00:00,2023-04-30 05:15:00+00:00,2023-05-01 01:45:00+00:00,1,10.578,9.968626092595601,11.796747814808796,9.968626092595601,stop,-1.0,-1.0219164404611176,82,20.5,0.6093739074043985
APT,2023-05-04 00:30:00+00:00,2023-05-04 00:30:00+00:00,2023-05-06 08:15:00+00:00,1,9.946,9.470788769428715,10.896422461142569,9.470788769428715,stop,-1.0,-1.0265585320552213,223,55.75,0.47521123057128456
APT,2023-05-07 11:00:00+00:00,2023-05-07 11:00:00+00:00,2023-05-08 01:45:00+00:00,-1,9.308,9.686258820129856,8.551482359740287,8.551482359740287,alvo,2.0,1.9693102634596968,59,14.75,0.37825882012985623
APT,2023-05-10 17:30:00+00:00,2023-05-10 17:30:00+00:00,2023-05-14 17:30:00+00:00,-1,8.312,8.83163697793876,7.272726044122477,8.615,tempo,-0.5830993806520618,-0.604272912304185,384,96.0,0.5196369779387613
APT,2023-05-28 05:15:00+00:00,2023-05-28 05:15:00+00:00,2023-06-01 05:15:00+00:00,1,8.29,8.031569484805052,8.806861030389893,8.4,tempo,0.4256463286350793,0.38366792685146467,384,96.0,0.25843051519494686
APT,2023-06-02 11:30:00+00:00,2023-06-02 11:30:00+00:00,2023-06-05 10:45:00+00:00,1,9.103,8.691928016347815,9.92514396730437,8.691928016347815,stop,-1.0,-1.0281379020478634,285,71.25,0.4110719836521852
APT,2023-06-07 12:00:00+00:00,2023-06-07 12:00:00+00:00,2023-06-08 03:30:00+00:00,1,8.032,7.574255776016145,8.94748844796771,7.574255776016145,stop,-1.0,-1.022160992368455,62,15.5,0.4577442239838554
APT,2023-06-08 06:45:00+00:00,2023-06-08 06:45:00+00:00,2023-06-10 01:15:00+00:00,1,7.672,7.242513019740879,8.530973960518242,7.242513019740879,stop,-1.0,-1.0225721242049821,170,42.5,0.4294869802591208
APT,2023-06-12 21:30:00+00:00,2023-06-12 21:30:00+00:00,2023-06-16 21:30:00+00:00,1,6.208,5.533213651208216,7.557572697583568,6.25,tempo,0.06224192305490694,0.05024153209486594,384,96.0,0.674786348791784
APT,2023-06-24 20:45:00+00:00,2023-06-24 20:45:00+00:00,2023-06-28 19:30:00+00:00,1,7.298,6.861283464523846,8.171433070952308,6.861283464523846,stop,-1.0,-1.0210743892303182,379,94.75,0.43671653547615374
APT,2023-06-29 17:15:00+00:00,2023-06-29 17:15:00+00:00,2023-07-03 17:15:00+00:00,-1,7.172,7.642621616837834,6.230756766324331,7.485,tempo,-0.6650778221856589,-0.685321367443978,384,96.0,0.47062161683783454
APT,2023-07-04 05:00:00+00:00,2023-07-04 05:00:00+00:00,2023-07-04 17:45:00+00:00,1,8.275,7.7971243809914,9.2307512380172,7.7971243809914,stop,-1.0,-1.0218610877644636,51,12.75,0.4778756190086
APT,2023-07-04 19:45:00+00:00,2023-07-04 19:45:00+00:00,2023-07-08 19:45:00+00:00,-1,7.717,8.16823329973367,6.814533400532659,6.962,tempo,1.673192116906312,1.6520470684233397,384,96.0,0.4512332997336701
APT,2023-07-09 06:00:00+00:00,2023-07-09 06:00:00+00:00,2023-07-13 06:00:00+00:00,1,7.065,6.706365227244316,7.78226954551137,6.968,tempo,-0.2704701478182664,-0.29590396152771914,384,96.0,0.35863477275568467
APT,2023-07-16 06:15:00+00:00,2023-07-16 06:15:00+00:00,2023-07-18 01:30:00+00:00,1,7.418,7.047501084380341,8.158997831239319,8.158997831239319,alvo,2.000000000000002,1.9726718536453187,173,43.25,0.37049891561965875
APT,2023-07-20 04:45:00+00:00,2023-07-20 04:45:00+00:00,2023-07-24 04:45:00+00:00,1,7.528,7.165332091212801,8.253335817574396,7.44,tempo,-0.24264622776876207,-0.2694729741233969,384,96.0,0.36266790878719846
APT,2023-07-28 12:30:00+00:00,2023-07-28 12:30:00+00:00,2023-08-01 12:30:00+00:00,-1,7.047,7.291754650380853,6.557490699238293,6.879,tempo,0.6864016668879699,0.6494180999325937,384,96.0,0.24475465038085353
APT,2023-08-06 22:45:00+00:00,2023-08-06 22:45:00+00:00,2023-08-09 12:45:00+00:00,-1,6.727,6.885757284314096,6.4094854313718095,6.885757284314096,stop,-1.0,-1.055734716507862,248,62.0,0.15875728431409541
APT,2023-08-11 20:00:00+00:00,2023-08-11 20:00:00+00:00,2023-08-15 19:15:00+00:00,1,7.031,6.4812161577641705,8.130567684471657,6.4812161577641705,stop,-1.0,-1.015975261235086,381,95.25,0.5497838422358292
APT,2023-08-16 19:00:00+00:00,2023-08-16 19:00:00+00:00,2023-08-17 21:45:00+00:00,-1,6.358,6.692886192799035,5.688227614401929,5.688227614401929,alvo,2.0,1.9766187794010963,107,26.75,0.3348861927990354
APT,2023-08-18 07:15:00+00:00,2023-08-18 07:15:00+00:00,2023-08-22 07:15:00+00:00,-1,5.722,6.70078397639153,3.7644320472169417,5.901,tempo,-0.18287998610267042,-0.19059869644348815,384,96.0,0.9787839763915294
APT,2023-09-03 12:45:00+00:00,2023-09-03 12:45:00+00:00,2023-09-06 17:15:00+00:00,1,5.562,5.368942336754997,5.948115326490007,5.368942336754997,stop,-1.0,-1.036803058731079,306,76.5,0.1930576632450034
APT,2023-09-10 08:30:00+00:00,2023-09-10 08:30:00+00:00,2023-09-11 01:00:00+00:00,1,5.265,5.091100363842621,5.612799272314757,5.091100363842621,stop,-1.0,-1.0387089092607746,66,16.5,0.1738996361573788
APT,2023-09-12 12:15:00+00:00,2023-09-12 12:15:00+00:00,2023-09-16 03:30:00+00:00,-1,5.14,5.352692970925337,4.714614058149325,5.352692970925337,stop,-1.0,-1.0320661769001083,349,87.25,0.21269297092533712
APT,2023-09-22 03:00:00+00:00,2023-09-22 03:00:00+00:00,2023-09-24 12:00:00+00:00,-1,5.087,5.253901522364516,4.753196955270967,5.253901522364516,stop,-1.0,-1.0402727662055524,228,57.0,0.16690152236451627
APT,2023-10-07 01:15:00+00:00,2023-10-07 01:15:00+00:00,2023-10-09 10:00:00+00:00,-1,5.323,5.49950977645185,4.969980447096301,4.969980447096301,alvo,2.0,1.9620959392442623,227,56.75,0.17650977645184973
APT,2023-10-10 06:45:00+00:00,2023-10-10 06:45:00+00:00,2023-10-14 06:45:00+00:00,-1,4.961,5.1281156569731605,4.62676868605368,4.939,tempo,0.13164535507007327,0.09313908871207727,384,96.0,0.16711565697316022
APT,2023-10-19 11:45:00+00:00,2023-10-19 11:45:00+00:00,2023-10-21 13:00:00+00:00,1,4.962,4.789181965619555,5.307636068760889,5.307636068760889,alvo,2.0,1.9613740344367097,197,49.25,0.17281803438044463
APT,2023-10-23 20:30:00+00:00,2023-10-23 20:30:00+00:00,2023-10-25 22:30:00+00:00,1,5.993,5.572271722941976,6.8344565541160485,6.8344565541160485,alvo,2.0,1.9801823475748326,200,50.0,0.42072827705802407
APT,2023-10-25 23:00:00+00:00,2023-10-25 23:00:00+00:00,2023-10-26 14:45:00+00:00,1,6.933,6.317320454718025,8.16435909056395,6.317320454718025,stop,-1.0,-1.0139889466225847,63,15.75,0.6156795452819752
APT,2023-10-30 12:30:00+00:00,2023-10-30 12:30:00+00:00,2023-11-02 16:45:00+00:00,1,6.913,6.480668053929997,7.777663892140007,6.480668053929997,stop,-1.0,-1.0201370366316738,305,76.25,0.43233194607000325
APT,2023-11-04 08:15:00+00:00,2023-11-04 08:15:00+00:00,2023-11-08 08:15:00+00:00,1,6.884,6.474458168008127,7.703083663983747,7.2,tempo,0.7715939503983812,0.7492406783150994,384,96.0,0.40954183199187355
APT,2023-11-09 13:00:00+00:00,2023-11-09 13:00:00+00:00,2023-11-09 16:15:00+00:00,-1,7.488,7.89188175271461,6.680236494570781,6.680236494570781,alvo,2.0,1.9771978960188912,13,3.25,0.4038817527146099
APT,2023-11-14 11:15:00+00:00,2023-11-14 11:15:00+00:00,2023-11-15 11:45:00+00:00,-1,7.082,7.648610484464232,5.948779031071536,7.648610484464232,stop,-1.0,-1.016898552140198,98,24.5,0.5666104844642321
APT,2023-11-18 07:00:00+00:00,2023-11-18 07:00:00+00:00,2023-11-22 07:00:00+00:00,1,6.788,6.291280921178184,7.781438157643633,7.168,tempo,0.7650199402473806,0.7467573037053804,384,96.0,0.4967190788218163
APT,2023-11-25 10:45:00+00:00,2023-11-25 10:45:00+00:00,2023-11-27 14:00:00+00:00,1,7.339,6.948070879054342,8.120858241891318,6.948070879054342,stop,-1.0,-1.0237551913475287,205,51.25,0.3909291209456587
APT,2023-11-29 17:30:00+00:00,2023-11-29 17:30:00+00:00,2023-12-02 09:45:00+00:00,-1,6.949,7.235494276456289,6.376011447087421,7.235494276456289,stop,-1.0,-1.032181869019304,257,64.25,0.2864942764562892
APT,2023-12-03 21:00:00+00:00,2023-12-03 21:00:00+00:00,2023-12-04 05:30:00+00:00,-1,7.273,7.5236869626222775,6.771626074755444,7.5236869626222775,stop,-1.0,-1.0383659621748904,34,8.5,0.25068696262227785
APT,2023-12-04 22:00:00+00:00,2023-12-04 22:00:00+00:00,2023-12-08 07:15:00+00:00,1,7.516,7.12204328957158,8.30391342085684,8.30391342085684,alvo,2.0,1.9738982902147435,325,81.25,0.3939567104284203
APT,2023-12-10 15:30:00+00:00,2023-12-10 15:30:00+00:00,2023-12-12 14:30:00+00:00,-1,8.213,8.747181155471834,7.14463768905633,8.747181155471834,stop,-1.0,-1.0206374141770673,188,47.0,0.5341811554718348
APT,2023-12-17 05:15:00+00:00,2023-12-17 05:15:00+00:00,2023-12-18 10:15:00+00:00,1,8.221,7.639746879220548,9.383506241558905,7.639746879220548,stop,-1.0,-1.017736653968702,116,29.0,0.5812531207794525
APT,2023-12-20 00:15:00+00:00,2023-12-20 00:15:00+00:00,2023-12-22 22:00:00+00:00,1,8.094,7.575719212718016,9.130561574563966,9.130561574563966,alvo,2.0,1.9783978775632771,279,69.75,0.5182807872819835
APT,2023-12-27 00:00:00+00:00,2023-12-27 00:00:00+00:00,2023-12-28 13:00:00+00:00,1,10.757,9.819068423461845,12.63286315307631,9.819068423461845,stop,-1.0,-1.014259509765749,148,37.0,0.9379315765381548
APT,2023-12-30 23:45:00+00:00,2023-12-30 23:45:00+00:00,2024-01-02 01:00:00+00:00,-1,9.45,10.063683545961638,8.222632908076722,10.063683545961638,stop,-1.0,-1.0206684607862502,197,49.25,0.6136835459616385
APT,2024-01-02 06:15:00+00:00,2024-01-02 06:15:00+00:00,2024-01-03 12:15:00+00:00,-1,10.167,10.729825858704615,9.04134828259077,9.04134828259077,alvo,2.0,1.9778165374056904,120,30.0,0.5628258587046151
APT,2024-01-17 12:30:00+00:00,2024-01-17 12:30:00+00:00,2024-01-18 20:00:00+00:00,1,9.353,8.675279754730196,10.708440490539607,8.675279754730196,stop,-1.0,-1.0172908835502021,126,31.5,0.6777202452698035
APT,2024-01-19 10:45:00+00:00,2024-01-19 10:45:00+00:00,2024-01-22 10:30:00+00:00,1,8.617,8.04767004858141,9.755659902837184,8.04767004858141,stop,-1.0,-1.0190259365497774,287,71.75,0.5693299514185917
APT,2024-01-23 17:30:00+00:00,2024-01-23 17:30:00+00:00,2024-01-23 19:00:00+00:00,-1,7.885,8.38840236716089,6.878195265678221,8.38840236716089,stop,-1.0,-1.0210124390123774,6,1.5,0.5034023671608896
APT,2024-01-27 05:00:00+00:00,2024-01-27 05:00:00+00:00,2024-01-27 21:30:00+00:00,-1,8.759,9.269092942063631,7.738814115872739,9.269092942063631,stop,-1.0,-1.0229727946537233,66,16.5,0.5100929420636309
APT,2024-01-31 13:15:00+00:00,2024-01-31 13:15:00+00:00,2024-02-04 13:15:00+00:00,1,8.846,8.389640595913178,9.758718808173644,8.994,tempo,0.3243057964284722,0.2988959990272251,384,96.0,0.45635940408682174
APT,2024-02-05 08:00:00+00:00,2024-02-05 08:00:00+00:00,2024-02-09 08:00:00+00:00,-1,8.939,9.332582859665921,8.151834280668158,8.915,tempo,0.060978265213003605,0.031492479145361886,384,96.0,0.393582859665921
APT,2024-02-11 16:45:00+00:00,2024-02-11 16:45:00+00:00,2024-02-14 06:45:00+00:00,-1,9.039,9.350217931827308,8.416564136345384,9.350217931827308,stop,-1.0,-1.0384071431408406,248,62.0,0.31121793182730784
APT,2024-02-17 19:30:00+00:00,2024-02-17 19:30:00+00:00,2024-02-19 08:00:00+00:00,-1,9.515,10.029533843045588,8.485932313908826,10.029533843045588,stop,-1.0,-1.024690206814742,146,36.5,0.5145338430455872
APT,2024-02-20 19:30:00+00:00,2024-02-20 19:30:00+00:00,2024-02-24 19:30:00+00:00,1,9.417,8.809688260085764,10.631623479828471,9.43,tempo,0.021405810468665982,0.0012340449735184396,384,96.0,0.6073117399142358
APT,2024-02-25 19:15:00+00:00,2024-02-25 19:15:00+00:00,2024-02-28 09:45:00+00:00,1,9.659,9.184376550678243,10.608246898643516,10.608246898643516,alvo,2.0,1.9722438693179958,250,62.5,0.4746234493217578
APT,2024-03-01 18:00:00+00:00,2024-03-01 18:00:00+00:00,2024-03-05 05:45:00+00:00,-1,11.682,12.900228558463612,9.245542883072778,12.900228558463612,stop,-1.0,-1.013116133628613,335,83.75,1.2182285584636112
APT,2024-03-05 11:45:00+00:00,2024-03-05 11:45:00+00:00,2024-03-05 16:45:00+00:00,-1,12.391,13.465261007653124,10.242477984693751,13.465261007653124,stop,-1.0,-1.0156447730442073,20,5.0,1.0742610076531243
APT,2024-03-11 09:00:00+00:00,2024-03-11 09:00:00+00:00,2024-03-14 11:30:00+00:00,-1,13.351,14.371574075265704,11.309851849468595,14.371574075265704,stop,-1.0,-1.017656408864032,298,74.5,1.0205740752657029
APT,2024-03-19 03:00:00+00:00,2024-03-19 03:00:00+00:00,2024-03-19 15:00:00+00:00,-1,14.522,16.319286801611707,10.927426396776587,16.319286801611707,stop,-1.0,-1.011153944046699,48,12.0,1.7972868016117065
APT,2024-03-20 09:30:00+00:00,2024-03-20 09:30:00+00:00,2024-03-24 09:30:00+00:00,1,15.061,13.019645346648419,19.143709306703162,16.577,tempo,0.7426441052322633,0.7325700595654626,384,96.0,2.041354653351581
APT,2024-03-24 23:15:00+00:00,2024-03-24 23:15:00+00:00,2024-03-26 05:45:00+00:00,-1,16.38,17.853906274172974,13.432187451654048,17.853906274172974,stop,-1.0,-1.0150973229900242,122,30.5,1.4739062741729754
APT,2024-03-28 16:30:00+00:00,2024-03-28 16:30:00+00:00,2024-04-01 16:30:00+00:00,-1,17.473,18.8006135825959,14.817772834808196,17.432,tempo,0.03088248006609912,0.013792981813424313,384,96.0,1.3276135825959017
APT,2024-04-05 02:30:00+00:00,2024-04-05 02:30:00+00:00,2024-04-05 09:15:00+00:00,1,13.734,12.803485772980101,15.595028454039797,12.803485772980101,stop,-1.0,-1.0185374551528144,27,6.75,0.9305142270198985
APT,2024-04-06 06:45:00+00:00,2024-04-06 06:45:00+00:00,2024-04-08 10:15:00+00:00,-1,13.222,14.07540523349262,11.515189533014757,14.07540523349262,stop,-1.0,-1.0207911935683291,206,51.5,0.8534052334926212
APT,2024-04-10 06:15:00+00:00,2024-04-10 06:15:00+00:00,2024-04-10 12:45:00+00:00,1,12.555,11.87337970635414,13.91824058729172,11.87337970635414,stop,-1.0,-1.0232951497441476,26,6.5,0.6816202936458602
APT,2024-04-11 21:30:00+00:00,2024-04-11 21:30:00+00:00,2024-04-12 17:30:00+00:00,-1,11.841,12.496580749479877,10.529838501040244,10.529838501040244,alvo,2.0,1.977819597300237,80,20.0,0.6555807494798778
APT,2024-04-15 11:45:00+00:00,2024-04-15 11:45:00+00:00,2024-04-19 11:45:00+00:00,-1,9.805,11.057917598278905,7.2991648034421885,9.659,tempo,0.11652801445247056,0.10643030330420422,384,96.0,1.2529175982789056
APT,2024-04-21 14:45:00+00:00,2024-04-21 14:45:00+00:00,2024-04-25 14:45:00+00:00,-1,9.865,10.653155908771875,8.28868818245625,8.938,tempo,1.176163230755289,1.1606562100453326,384,96.0,0.7881559087718752
APT,2024-04-28 06:30:00+00:00,2024-04-28 06:30:00+00:00,2024-04-30 09:00:00+00:00,1,9.122,8.629829811418647,10.106340377162706,8.629829811418647,stop,-1.0,-1.0234445109539885,202,50.5,0.492170188581353
APT,2024-05-04 21:15:00+00:00,2024-05-04 21:15:00+00:00,2024-05-08 21:15:00+00:00,-1,9.206,9.67941236874627,8.259175262507458,8.494,tempo,1.5039742241749545,1.4796719440497679,384,96.0,0.4734123687462706
APT,2024-05-10 15:00:00+00:00,2024-05-10 15:00:00+00:00,2024-05-13 02:30:00+00:00,1,8.544,8.165078743791375,9.301842512417252,8.165078743791375,stop,-1.0,-1.0286626865226178,238,59.5,0.37892125620862593
APT,2024-05-16 06:30:00+00:00,2024-05-16 06:30:00+00:00,2024-05-20 06:30:00+00:00,-1,8.544,8.979797128808668,7.672405742382665,8.294,tempo,0.5736614205867335,0.5485472119871511,384,96.0,0.4357971288086677
APT,2024-05-20 13:30:00+00:00,2024-05-20 13:30:00+00:00,2024-05-20 20:00:00+00:00,1,8.233,7.874521688588845,8.949956622822311,8.949956622822311,alvo,2.0,1.9688435214926452,26,6.5,0.3584783114111554
APT,2024-05-24 02:45:00+00:00,2024-05-24 02:45:00+00:00,2024-05-28 02:45:00+00:00,1,8.952,8.434891882928861,9.986216234142278,9.49,tempo,1.0404013826879983,1.017219963552876,384,96.0,0.5171081170711389
APT,2024-05-30 00:15:00+00:00,2024-05-30 00:15:00+00:00,2024-06-03 00:15:00+00:00,1,9.141,8.677426868295164,10.068146263409671,8.93,tempo,-0.45516011513442783,-0.4804984041694338,384,96.0,0.4635731317048357
APT,2024-06-06 15:00:00+00:00,2024-06-06 15:00:00+00:00,2024-06-06 20:15:00+00:00,1,9.25,8.946671598757023,9.856656802485954,8.946671598757023,stop,-1.0,-1.0389935017318657,21,5.25,0.3033284012429771
APT,2024-06-07 19:15:00+00:00,2024-06-07 19:15:00+00:00,2024-06-11 19:15:00+00:00,-1,8.476,9.403844340362788,6.6203113192744265,7.976,tempo,0.538883493975402,0.5273580693596538,384,96.0,0.9278443403627872
APT,2024-06-12 03:45:00+00:00,2024-06-12 03:45:00+00:00,2024-06-16 03:45:00+00:00,-1,8.035,8.583319078782036,6.938361842435928,7.784,tempo,0.457762659941614,0.4390101663700975,384,96.0,0.5483190787820362
APT,2024-06-23 08:45:00+00:00,2024-06-23 08:45:00+00:00,2024-06-24 05:30:00+00:00,1,6.97,6.59624502771165,7.717509944576698,6.59624502771165,stop,-1.0,-1.0235931557352218,83,20.75,0.3737549722883493
APT,2024-06-24 15:45:00+00:00,2024-06-24 15:45:00+00:00,2024-06-28 12:30:00+00:00,-1,6.736,7.104380738248496,5.999238523503007,7.104380738248496,stop,-1.0,-1.0244210582850641,371,92.75,0.36838073824849626
APT,2024-07-04 10:00:00+00:00,2024-07-04 10:00:00+00:00,2024-07-04 23:45:00+00:00,1,6.261,6.006431883679299,6.770136232641403,6.006431883679299,stop,-1.0,-1.0313229749256825,55,13.75,0.2545681163207014
APT,2024-07-08 03:15:00+00:00,2024-07-08 03:15:00+00:00,2024-07-11 11:15:00+00:00,1,5.494,5.114723625903022,6.2525527481939545,6.2525527481939545,alvo,2.0,1.979868877136086,320,80.0,0.37927637409697734
APT,2024-07-13 12:30:00+00:00,2024-07-13 12:30:00+00:00,2024-07-14 06:00:00+00:00,-1,6.235,6.540273004771189,5.624453990457623,6.540273004771189,stop,-1.0,-1.0272016435233942,70,17.5,0.30527300477118846
APT,2024-07-14 17:00:00+00:00,2024-07-14 17:00:00+00:00,2024-07-17 01:30:00+00:00,1,6.565,6.255043989002024,7.184912021995953,7.184912021995953,alvo,2.0,1.9711654476855565,226,56.5,0.3099560109979764
APT,2024-07-20 12:00:00+00:00,2024-07-20 12:00:00+00:00,2024-07-24 12:00:00+00:00,-1,7.324,7.682399220695162,6.607201558609676,7.08,tempo,0.6808050517708435,0.6546816690753119,384,96.0,0.35839922069516206
APT,2024-07-27 00:00:00+00:00,2024-07-27 00:00:00+00:00,2024-07-27 05:45:00+00:00,-1,6.978,7.2970754380187275,6.339849123962544,7.2970754380187275,stop,-1.0,-1.0290802673258967,23,5.75,0.31907543801872773
APT,2024-08-02 15:30:00+00:00,2024-08-02 15:30:00+00:00,2024-08-04 15:30:00+00:00,-1,5.96,6.26965837163951,5.34068325672098,5.34068325672098,alvo,2.0,1.9762788776612832,192,48.0,0.30965837163951004
APT,2024-08-07 19:00:00+00:00,2024-08-07 19:00:00+00:00,2024-08-10 09:45:00+00:00,1,4.972,4.509140067841248,5.897719864317506,5.897719864317506,alvo,2.0,1.9847355162524998,251,62.75,0.46285993215875276
APT,2024-08-11 15:00:00+00:00,2024-08-11 15:00:00+00:00,2024-08-12 11:15:00+00:00,-1,5.979,6.367845426959656,5.201309146080688,6.367845426959656,stop,-1.0,-1.0206391768324858,81,20.25,0.38884542695965596
APT,2024-08-13 05:15:00+00:00,2024-08-13 05:15:00+00:00,2024-08-13 17:00:00+00:00,-1,6.263,6.708612924939436,5.371774150121128,6.708612924939436,stop,-1.0,-1.0189212384321136,47,11.75,0.44561292493943583
APT,2024-08-18 03:45:00+00:00,2024-08-18 03:45:00+00:00,2024-08-20 00:45:00+00:00,-1,5.811,6.125080765693162,5.182838468613676,6.125080765693162,stop,-1.0,-1.0247020936814708,180,45.0,0.3140807656931619
APT,2024-08-30 09:15:00+00:00,2024-08-30 09:15:00+00:00,2024-08-30 15:45:00+00:00,1,6.992,6.448045884767976,8.07990823046405,6.448045884767976,stop,-1.0,-1.0160602329874329,26,6.5,0.5439541152320242
APT,2024-09-01 13:45:00+00:00,2024-09-01 13:45:00+00:00,2024-09-05 13:45:00+00:00,-1,6.217,6.6274488422901126,5.396102315419774,5.862,tempo,0.8649068127936853,0.8457781195412128,384,96.0,0.4104488422901129
APT,2024-09-06 20:30:00+00:00,2024-09-06 20:30:00+00:00,2024-09-09 16:45:00+00:00,1,5.624,5.316862299118732,6.238275401762535,6.238275401762535,alvo,2.0,1.9748956934006408,273,68.25,0.3071377008812677
APT,2024-09-16 05:45:00+00:00,2024-09-16 05:45:00+00:00,2024-09-19 00:00:00+00:00,1,5.783,5.572439798363584,6.2041204032728325,6.2041204032728325,alvo,2.0,1.9629957218810918,265,66.25,0.2105602016364161
APT,2024-09-19 15:30:00+00:00,2024-09-19 15:30:00+00:00,2024-09-20 07:45:00+00:00,1,6.686,6.390064742593745,7.277870514812509,7.277870514812509,alvo,2.0,1.9693293867240427,65,16.25,0.2959352574062546
APT,2024-09-22 08:00:00+00:00,2024-09-22 08:00:00+00:00,2024-09-26 08:00:00+00:00,1,7.8349,7.332045885211608,8.840608229576784,8.4038,tempo,1.1313420399063472,1.1103515484505067,384,96.0,0.5028541147883923
APT,2024-09-26 11:00:00+00:00,2024-09-26 11:00:00+00:00,2024-09-30 11:00:00+00:00,-1,8.3445,8.883158413086363,7.267183173827274,7.8943,tempo,0.8357801327570077,0.8161847458781107,384,96.0,0.5386584130863632
APT,2024-10-09 05:45:00+00:00,2024-10-09 05:45:00+00:00,2024-10-09 22:15:00+00:00,1,9.3379,8.587533402213571,10.838633195572855,8.587533402213571,stop,-1.0,-1.015527785679441,66,16.5,0.750366597786428
APT,2024-10-10 14:15:00+00:00,2024-10-10 14:15:00+00:00,2024-10-12 13:15:00+00:00,-1,8.2056,8.803879013912361,7.009041972175279,8.803879013912361,stop,-1.0,-1.0184799418029773,188,47.0,0.5982790139123608
APT,2024-10-12 15:00:00+00:00,2024-10-12 15:00:00+00:00,2024-10-12 23:00:00+00:00,-1,9.2634,9.874961822194225,8.040276355611553,9.874961822194225,stop,-1.0,-1.0203412553448692,32,8.0,0.6115618221942238
APT,2024-10-14 01:15:00+00:00,2024-10-14 01:15:00+00:00,2024-10-18 01:15:00+00:00,-1,10.4175,11.21720967535423,8.818080649291542,9.8535,tempo,0.7052559414767336,0.6887797746801225,384,96.0,0.7997096753542294
APT,2024-10-21 00:00:00+00:00,2024-10-21 00:00:00+00:00,2024-10-22 03:15:00+00:00,1,9.9952,9.467288230533205,11.051023538933592,11.051023538933592,alvo,2.0,1.974086493062801,109,27.25,0.5279117694667956
APT,2024-10-22 20:30:00+00:00,2024-10-22 20:30:00+00:00,2024-10-23 18:15:00+00:00,1,10.306,9.657585492900015,11.602829014199967,9.657585492900015,stop,-1.0,-1.0200124001364825,87,21.75,0.648414507099984
APT,2024-10-26 21:15:00+00:00,2024-10-26 21:15:00+00:00,2024-10-30 21:15:00+00:00,1,9.239,8.647105066660536,10.42278986667893,9.8004,tempo,0.9484791444869899,0.9275706870853072,384,96.0,0.5918949333394643
APT,2024-11-02 19:00:00+00:00,2024-11-02 19:00:00+00:00,2024-11-06 03:00:00+00:00,-1,8.5743,9.013103368257743,7.69669326348451,9.013103368257743,stop,-1.0,-1.026052243479254,320,80.0,0.43880336825774435
APT,2024-11-07 20:30:00+00:00,2024-11-07 20:30:00+00:00,2024-11-10 05:00:00+00:00,1,9.7365,9.106392005858075,10.99671598828385,10.99671598828385,alvo,2.0,1.9786122529508028,226,56.5,0.630107994141925
APT,2024-11-10 13:00:00+00:00,2024-11-10 13:00:00+00:00,2024-11-10 21:15:00+00:00,1,11.113,10.366572951341661,12.605854097316676,10.366572951341661,stop,-1.0,-1.0187047380497096,33,8.25,0.7464270486583384
APT,2024-11-12 21:00:00+00:00,2024-11-12 21:00:00+00:00,2024-11-16 21:00:00+00:00,1,12.1522,10.825907740982045,14.804784518035913,12.3529,tempo,0.15132411324530112,0.1393144563301699,384,96.0,1.326292259017956
APT,2024-11-22 13:15:00+00:00,2024-11-22 13:15:00+00:00,2024-11-26 11:45:00+00:00,1,12.0153,10.951601664484166,14.142696671031668,10.951601664484166,stop,-1.0,-1.0140345110859605,378,94.5,1.0636983355158343
APT,2024-12-02 16:30:00+00:00,2024-12-02 16:30:00+00:00,2024-12-03 23:30:00+00:00,1,12.8441,11.917554264235724,14.69719147152855,14.69719147152855,alvo,2.0,1.980678946796159,124,31.0,0.9265457357642752
APT,2024-12-09 10:45:00+00:00,2024-12-09 10:45:00+00:00,2024-12-09 21:00:00+00:00,1,13.4498,12.502659874390165,15.344080251219669,12.502659874390165,stop,-1.0,-1.0178105630436596,41,10.25,0.9471401256098346
APT,2024-12-11 14:45:00+00:00,2024-12-11 14:45:00+00:00,2024-12-13 15:45:00+00:00,1,12.2384,11.094701249627802,14.525797500744398,14.525797500744398,alvo,2.0,1.984789064104667,196,49.0,1.1436987503721987
APT,2024-12-14 13:15:00+00:00,2024-12-14 13:15:00+00:00,2024-12-18 04:45:00+00:00,1,13.5957,12.538718239235761,15.70966352152848,12.538718239235761,stop,-1.0,-1.0160715846631267,350,87.5,1.0569817607642396
APT,2024-12-19 07:30:00+00:00,2024-12-19 07:30:00+00:00,2024-12-20 10:15:00+00:00,-1,11.9298,12.833435378282559,10.122529243434883,10.122529243434883,alvo,2.0,1.9841373917481233,107,26.75,0.9036353782825586
APT,2024-12-21 18:30:00+00:00,2024-12-21 18:30:00+00:00,2024-12-25 18:30:00+00:00,-1,9.6934,10.745748801082181,7.58870239783564,9.6101,tempo,0.07915626445750677,0.06723315019434893,384,96.0,1.0523488010821804
APT,2025-01-03 20:15:00+00:00,2025-01-03 20:15:00+00:00,2025-01-07 20:15:00+00:00,1,9.8003,9.335280649630791,10.730338700738418,9.7172,tempo,-0.17870224095840628,-0.20598363256055674,384,96.0,0.46501935036920905
APT,2025-01-10 18:15:00+00:00,2025-01-10 18:15:00+00:00,2025-01-13 14:45:00+00:00,-1,9.0813,9.668666136402898,7.906567727194206,7.906567727194206,alvo,2.0,1.9812006288099966,274,68.5,0.5873661364028973
APT,2025-01-13 20:30:00+00:00,2025-01-13 20:30:00+00:00,2025-01-14 22:00:00+00:00,1,8.0826,7.618087429668272,9.011625140663455,9.011625140663455,alvo,2.0,1.9760797725377028,102,25.5,0.46451257033172766
APT,2025-01-15 17:00:00+00:00,2025-01-15 17:00:00+00:00,2025-01-17 20:45:00+00:00,-1,9.2551,9.787828049288633,8.189643901422736,9.787828049288633,stop,-1.0,-1.0232349380674928,207,51.75,0.5327280492886324
APT,2025-01-20 15:45:00+00:00,2025-01-20 15:45:00+00:00,2025-01-24 15:45:00+00:00,-1,8.8109,9.498012640111162,7.4366747197776775,8.4376,tempo,0.5432879242908525,0.526971058109805,384,96.0,0.6871126401111614
APT,2025-01-27 12:00:00+00:00,2025-01-27 12:00:00+00:00,2025-01-27 20:45:00+00:00,-1,7.086,7.5679290431730575,6.122141913653886,7.5679290431730575,stop,-1.0,-1.0197644321565449,35,8.75,0.4819290431730572
APT,2025-01-30 11:45:00+00:00,2025-01-30 11:45:00+00:00,2025-02-01 22:30:00+00:00,1,7.6424,7.117521878991622,8.692156242016758,7.117521878991622,stop,-1.0,-1.018278432339517,235,58.75,0.5248781210083786
APT,2025-02-04 15:15:00+00:00,2025-02-04 15:15:00+00:00,2025-02-08 15:15:00+00:00,-1,6.1733,6.878625299069039,4.762649401861922,5.7093,tempo,0.6578524839707797,0.6469019480830205,384,96.0,0.7053252990690391
APT,2025-02-11 19:45:00+00:00,2025-02-11 19:45:00+00:00,2025-02-15 19:45:00+00:00,1,5.8237,5.38713887449837,6.696822251003259,6.0156,tempo,0.43957189220523946,0.42194424615416826,384,96.0,0.43656112550162973
APT,2025-02-17 00:45:00+00:00,2025-02-17 00:45:00+00:00,2025-02-19 07:15:00+00:00,-1,5.8496,6.17711390115482,5.194572197690358,6.17711390115482,stop,-1.0,-1.023868800707959,218,54.5,0.3275139011548207
APT,2025-02-19 17:15:00+00:00,2025-02-19 17:15:00+00:00,2025-02-20 04:30:00+00:00,-1,6.5105,6.962626905330684,5.606246189338632,6.962626905330684,stop,-1.0,-1.019369633581217,45,11.25,0.452126905330684
APT,2025-02-20 05:45:00+00:00,2025-02-20 05:45:00+00:00,2025-02-20 16:15:00+00:00,1,6.6687,6.169255878573473,7.667588242853054,6.169255878573473,stop,-1.0,-1.0167079177891583,42,10.5,0.49944412142652705
APT,2025-02-22 18:30:00+00:00,2025-02-22 18:30:00+00:00,2025-02-24 08:30:00+00:00,1,6.1422,5.727402795273484,6.9717944094530315,5.727402795273484,stop,-1.0,-1.018600033291002,152,38.0,0.4147972047265158
APT,2025-02-26 05:00:00+00:00,2025-02-26 05:00:00+00:00,2025-02-27 01:30:00+00:00,-1,5.6296,6.048828249925126,4.791143500149747,6.048828249925126,stop,-1.0,-1.0181070296760943,82,20.5,0.4192282499251263
APT,2025-02-28 23:45:00+00:00,2025-02-28 23:45:00+00:00,2025-03-04 01:45:00+00:00,-1,6.4728,6.96490767572734,5.488584648545321,5.488584648545321,alvo,2.0,1.9842008153803676,296,74.0,0.4921076757273397
APT,2025-03-04 05:30:00+00:00,2025-03-04 05:30:00+00:00,2025-03-05 10:00:00+00:00,-1,5.5026,5.924544293585003,4.658711412829995,5.924544293585003,stop,-1.0,-1.0176033753833287,114,28.5,0.4219442935850024
APT,2025-03-05 15:45:00+00:00,2025-03-05 15:45:00+00:00,2025-03-05 19:45:00+00:00,-1,5.8618,6.364220346547656,4.856959306904687,6.364220346547656,stop,-1.0,-1.0158172599494877,16,4.0,0.5024203465476562
APT,2025-03-07 02:45:00+00:00,2025-03-07 02:45:00+00:00,2025-03-09 23:15:00+00:00,1,6.1358,5.58852962925036,7.23034074149928,5.58852962925036,stop,-1.0,-1.0139251358493497,274,68.5,0.54727037074964
APT,2025-03-12 16:30:00+00:00,2025-03-12 16:30:00+00:00,2025-03-16 16:30:00+00:00,-1,5.0817,5.493812157436655,4.257475685126689,5.2683,tempo,-0.4527893599661207,-0.469113799511523,384,96.0,0.4121121574366553
APT,2025-03-17 01:00:00+00:00,2025-03-17 01:00:00+00:00,2025-03-19 04:00:00+00:00,-1,5.2131,5.493130318610283,4.653039362779434,5.493130318610283,stop,-1.0,-1.0248510580626864,204,51.0,0.28003031861028305
APT,2025-03-20 06:00:00+00:00,2025-03-20 06:00:00+00:00,2025-03-24 06:00:00+00:00,1,5.487,5.222020203041145,6.01695959391771,5.8203,tempo,1.2578317434961024,1.2300947420931567,384,96.0,0.26497979695885476
APT,2025-03-25 13:00:00+00:00,2025-03-25 13:00:00+00:00,2025-03-28 04:45:00+00:00,1,5.9449,5.711908610899527,6.410882778200945,5.711908610899527,stop,-1.0,-1.0325201958164096,255,63.75,0.2329913891004729
APT,2025-03-30 13:00:00+00:00,2025-03-30 13:00:00+00:00,2025-04-01 00:00:00+00:00,-1,5.3,5.519689258103762,4.8606214837924755,5.2612,fim_dados,0.17661309585594034,0.145365414202076,140,35.0,0.21968925810376216
ARB,2023-03-26 09:15:00+00:00,2023-03-26 09:15:00+00:00,2023-03-27 20:15:00+00:00,1,1.3074,1.1146797769641907,1.6928404460716182,1.1146797769641907,stop,-1.0,-1.0081691056092965,140,35.0,0.19272022303580916
ARB,2023-03-29 05:30:00+00:00,2023-03-29 05:30:00+00:00,2023-03-30 07:30:00+00:00,-1,1.2429,1.3665227822638977,0.9956544354722043,1.3665227822638977,stop,-1.0,-1.0137201636899809,104,26.0,0.12362278226389778
ARB,2023-04-01 07:45:00+00:00,2023-04-01 07:45:00+00:00,2023-04-03 20:30:00+00:00,-1,1.3391,1.4496773968257697,1.1179452063484605,1.1179452063484605,alvo,2.0,1.985556909187843,243,60.75,0.11057739682576972
ARB,2023-04-11 05:30:00+00:00,2023-04-11 05:30:00+00:00,2023-04-12 02:00:00+00:00,1,1.238,1.1812629912303156,1.3514740175393687,1.1812629912303156,stop,-1.0,-1.0277159649124812,82,20.5,0.05673700876968435
ARB,2023-04-15 01:00:00+00:00,2023-04-15 01:00:00+00:00,2023-04-18 06:00:00+00:00,-1,1.6456,1.7987890175555226,1.3392219648889547,1.7987890175555226,stop,-1.0,-1.014614969774838,308,77.0,0.1531890175555226
ARB,2023-04-18 22:00:00+00:00,2023-04-18 22:00:00+00:00,2023-04-22 22:00:00+00:00,-1,1.6593,1.7949856323510176,1.3879287352979648,1.452,tempo,1.5277962479013008,1.512891611611084,384,96.0,0.1356856323510176
ARB,2023-04-23 16:15:00+00:00,2023-04-23 16:15:00+00:00,2023-04-26 12:45:00+00:00,-1,1.3687,1.4660219653620283,1.1740560692759434,1.4660219653620283,stop,-1.0,-1.0189327175076164,274,68.5,0.0973219653620283
ARB,2023-04-28 22:00:00+00:00,2023-04-28 22:00:00+00:00,2023-05-01 19:30:00+00:00,1,1.3832,1.2885929186715748,1.5724141626568504,1.2885929186715748,stop,-1.0,-1.0183566110776396,278,69.5,0.09460708132842521
ARB,2023-05-03 07:15:00+00:00,2023-05-03 07:15:00+00:00,2023-05-07 07:15:00+00:00,-1,1.3289,1.3917600995018864,1.2031798009962271,1.2424,tempo,1.3760716366254586,1.3494833077293225,384,96.0,0.06286009950188642
ARB,2023-05-07 08:45:00+00:00,2023-05-07 08:45:00+00:00,2023-05-08 17:45:00+00:00,-1,1.2423,1.2974802946099895,1.131939410780021,1.131939410780021,alvo,2.0,1.9720324868159071,132,33.0,0.05518029460998952
ARB,2023-05-13 10:15:00+00:00,2023-05-13 10:15:00+00:00,2023-05-17 10:15:00+00:00,1,1.1776,1.0951053499003884,1.342589300199223,1.1713,tempo,-0.07636858865869216,-0.09487627368016228,384,96.0,0.08249465009961154
ARB,2023-05-20 23:30:00+00:00,2023-05-20 23:30:00+00:00,2023-05-21 17:00:00+00:00,1,1.1614,1.1172290636362088,1.2497418727275824,1.1172290636362088,stop,-1.0,-1.0335312993857577,70,17.5,0.04417093636379121
ARB,2023-05-27 06:15:00+00:00,2023-05-27 06:15:00+00:00,2023-05-28 22:15:00+00:00,1,1.1621,1.1189864758971844,1.248327048205631,1.248327048205631,alvo,2.0,1.9636592550959817,160,40.0,0.04311352410281555
ARB,2023-05-30 02:00:00+00:00,2023-05-30 02:00:00+00:00,2023-05-31 05:00:00+00:00,1,1.2376,1.184754401382264,1.3432911972354722,1.184754401382264,stop,-1.0,-1.029794919578601,108,27.0,0.05284559861773608
ARB,2023-06-02 23:15:00+00:00,2023-06-02 23:15:00+00:00,2023-06-05 00:45:00+00:00,1,1.2415,1.186102507602034,1.3522949847959322,1.186102507602034,stop,-1.0,-1.0284839901886833,198,49.5,0.0553974923979661
ARB,2023-06-10 02:00:00+00:00,2023-06-10 02:00:00+00:00,2023-06-10 04:30:00+00:00,-1,1.1169,1.1629072392607052,1.0248855214785897,1.0248855214785897,alvo,2.0,1.96974040148177,10,2.5,0.04600723926070516
ARB,2023-06-11 10:15:00+00:00,2023-06-11 10:15:00+00:00,2023-06-14 21:00:00+00:00,1,0.9956,0.9150504950075574,1.1566990099848853,0.9150504950075574,stop,-1.0,-1.0154181310223003,331,82.75,0.08054950499244262
ARB,2023-06-16 03:30:00+00:00,2023-06-16 03:30:00+00:00,2023-06-17 06:00:00+00:00,-1,0.9485,1.005981200434922,0.833537599130156,1.005981200434922,stop,-1.0,-1.0221013613263177,106,26.5,0.057481200434922
ARB,2023-06-19 07:45:00+00:00,2023-06-19 07:45:00+00:00,2023-06-20 18:15:00+00:00,-1,1.0037,1.0495616819305265,0.9119766361389472,1.0495616819305265,stop,-1.0,-1.0291009844618562,138,34.5,0.04586168193052642
ARB,2023-06-22 08:45:00+00:00,2023-06-22 08:45:00+00:00,2023-06-24 15:45:00+00:00,1,1.1374,1.0769667691870244,1.2582664616259511,1.0769667691870244,stop,-1.0,-1.0238170023447186,220,55.0,0.06043323081297558
ARB,2023-06-28 10:15:00+00:00,2023-06-28 10:15:00+00:00,2023-07-02 10:15:00+00:00,-1,1.1442,1.2097254694562007,1.0131490610875988,1.1378,tempo,0.09767194425486951,0.07503494504967517,384,96.0,0.06552546945620064
ARB,2023-07-02 15:45:00+00:00,2023-07-02 15:45:00+00:00,2023-07-06 14:30:00+00:00,1,1.1382,1.077512920904897,1.2595741581902062,1.077512920904897,stop,-1.0,-1.0237317962911219,379,94.75,0.06068707909510307
ARB,2023-07-08 23:15:00+00:00,2023-07-08 23:15:00+00:00,2023-07-12 23:15:00+00:00,1,1.1224,1.0789197762939393,1.2093604474121216,1.1196,tempo,-0.06439709277783318,-0.09791347967252309,384,96.0,0.04348022370606075
ARB,2023-07-13 05:00:00+00:00,2023-07-13 05:00:00+00:00,2023-07-13 16:30:00+00:00,1,1.1157,1.0827202353944345,1.1816595292111307,1.1816595292111307,alvo,2.0,1.9547212143007462,46,11.5,0.0329797646055654
ARB,2023-07-15 11:30:00+00:00,2023-07-15 11:30:00+00:00,2023-07-19 11:30:00+00:00,-1,1.2991,1.3826099715920532,1.1320800568158933,1.2564,tempo,0.5113161839952444,0.4914254455800242,384,96.0,0.08350997159205331
ARB,2023-07-19 15:45:00+00:00,2023-07-19 15:45:00+00:00,2023-07-23 15:45:00+00:00,-1,1.2567,1.3266180441265456,1.1168639117469086,1.237,tempo,0.281758453716819,0.2585755254720543,384,96.0,0.06991804412654568
ARB,2023-08-03 04:45:00+00:00,2023-08-03 04:45:00+00:00,2023-08-07 04:45:00+00:00,1,1.1309,1.099808387195225,1.1930832256095503,1.149,tempo,0.5821505662523934,0.5344870690480155,384,96.0,0.031091612804775126
ARB,2023-08-07 21:45:00+00:00,2023-08-07 21:45:00+00:00,2023-08-09 13:00:00+00:00,1,1.131,1.1042522329903073,1.1844955340193855,1.1844955340193855,alvo,2.0,1.9437309254052049,157,39.25,0.026747767009692724
ARB,2023-08-12 10:00:00+00:00,2023-08-12 10:00:00+00:00,2023-08-14 02:15:00+00:00,1,1.159,1.1351584865014195,1.2066830269971611,1.1351584865014195,stop,-1.0,-1.0625464912835632,161,40.25,0.023841513498580547
ARB,2023-08-17 07:30:00+00:00,2023-08-17 07:30:00+00:00,2023-08-17 15:45:00+00:00,1,1.0569,1.0161512989192223,1.1383974021615553,1.0161512989192223,stop,-1.0,-1.0330681299908513,33,8.25,0.04074870108077766
ARB,2023-08-18 11:30:00+00:00,2023-08-18 11:30:00+00:00,2023-08-22 11:30:00+00:00,-1,1.0127,1.11465669501249,0.8087866099750196,0.9975,tempo,0.1490829022864836,0.13626736329868167,384,96.0,0.10195669501249016
ARB,2023-08-28 01:45:00+00:00,2023-08-28 01:45:00+00:00,2023-08-31 17:00:00+00:00,1,0.9459,0.9126095975851793,1.0124808048296412,0.9126095975851793,stop,-1.0,-1.0362876730469488,349,87.25,0.03329040241482062
ARB,2023-09-01 11:15:00+00:00,2023-09-01 11:15:00+00:00,2023-09-05 11:15:00+00:00,-1,0.9165,0.948571693472421,0.852356613055158,0.8995,tempo,0.5300624369779103,0.49325739576563243,384,96.0,0.032071693472421
ARB,2023-09-06 00:30:00+00:00,2023-09-06 00:30:00+00:00,2023-09-10 00:30:00+00:00,-1,0.9,0.926989957911271,0.846020084177458,0.8948,tempo,0.1926642500553312,0.1494400255554175,384,96.0,0.026989957911271012
ARB,2023-09-10 01:15:00+00:00,2023-09-10 01:15:00+00:00,2023-09-10 04:30:00+00:00,1,0.8949,0.8745019222009704,0.9356961555980592,0.8745019222009704,stop,-1.0,-1.0563833151712632,13,3.25,0.02039807779902958
ARB,2023-09-16 08:00:00+00:00,2023-09-16 08:00:00+00:00,2023-09-17 20:45:00+00:00,1,0.8235,0.7877718920620493,0.8949562158759014,0.7877718920620493,stop,-1.0,-1.0293138033410343,147,36.75,0.03572810793795067
ARB,2023-09-19 21:00:00+00:00,2023-09-19 21:00:00+00:00,2023-09-21 11:00:00+00:00,1,0.8498,0.8179638117745341,0.9134723764509317,0.8179638117745341,stop,-1.0,-1.03405076229529,152,38.0,0.031836188225465856
ARB,2023-09-22 00:30:00+00:00,2023-09-22 00:30:00+00:00,2023-09-26 00:30:00+00:00,1,0.8196,0.7898550136247874,0.8790899727504252,0.8075,tempo,-0.40679124365251995,-0.4423473197810786,384,96.0,0.029744986375212612
ARB,2023-09-27 08:15:00+00:00,2023-09-27 08:15:00+00:00,2023-09-28 14:45:00+00:00,-1,0.8234,0.8472399368042003,0.7757201263915995,0.8472399368042003,stop,-1.0,-1.0455502868082858,122,30.5,0.023839936804200268
ARB,2023-10-05 20:00:00+00:00,2023-10-05 20:00:00+00:00,2023-10-06 21:45:00+00:00,-1,0.8606,0.8962587164627925,0.789282567074415,0.8962587164627925,stop,-1.0,-1.0320246570538334,103,25.75,0.035658716462792506
ARB,2023-10-10 07:00:00+00:00,2023-10-10 07:00:00+00:00,2023-10-12 10:00:00+00:00,1,0.8266,0.7961389140887128,0.8875221718225743,0.7961389140887128,stop,-1.0,-1.0346271402546035,204,51.0,0.030461085911287156
ARB,2023-10-14 16:30:00+00:00,2023-10-14 16:30:00+00:00,2023-10-16 05:45:00+00:00,-1,0.8048,0.8272571645148608,0.7598856709702784,0.8272571645148608,stop,-1.0,-1.0472382502355835,149,37.25,0.022457164514860795
ARB,2023-10-16 21:00:00+00:00,2023-10-16 21:00:00+00:00,2023-10-17 14:00:00+00:00,1,0.8145,0.7865146758933678,0.8704706482132645,0.7865146758933678,stop,-1.0,-1.0371859027026262,68,17.0,0.027985324106632237
ARB,2023-10-19 13:00:00+00:00,2023-10-19 13:00:00+00:00,2023-10-20 08:15:00+00:00,-1,0.7708,0.7957491582865077,0.7209016834269847,0.7957491582865077,stop,-1.0,-1.0408132787965394,77,19.25,0.024949158286507678
ARB,2023-10-30 15:45:00+00:00,2023-10-30 15:45:00+00:00,2023-10-31 15:30:00+00:00,1,0.9539,0.9039962610662775,1.053707477867445,0.9039962610662775,stop,-1.0,-1.0241992402873248,95,23.75,0.049903738933722463
ARB,2023-11-01 19:15:00+00:00,2023-11-01 19:15:00+00:00,2023-11-03 20:45:00+00:00,1,0.9645,0.9153800161021896,1.062739967795621,1.062739967795621,alvo,2.000000000000002,1.9731737294171674,198,49.5,0.04911998389781047
ARB,2023-11-05 21:00:00+00:00,2023-11-05 21:00:00+00:00,2023-11-09 16:15:00+00:00,1,1.0882,1.0235560116725475,1.2174879766549052,1.0235560116725475,stop,-1.0,-1.0212338601485118,365,91.25,0.06464398832745255
ARB,2023-11-16 11:00:00+00:00,2023-11-16 11:00:00+00:00,2023-11-17 15:30:00+00:00,-1,1.1544,1.226641413964079,1.009917172071842,1.009917172071842,alvo,2.0,1.980526320227533,114,28.5,0.07224141396407902
ARB,2023-11-29 20:15:00+00:00,2023-11-29 20:15:00+00:00,2023-12-01 09:30:00+00:00,-1,1.0083,1.0471546742267641,0.9305906515464717,1.0471546742267641,stop,-1.0,-1.0343857094374271,149,37.25,0.03885467422676414
ARB,2023-12-02 19:30:00+00:00,2023-12-02 19:30:00+00:00,2023-12-04 08:45:00+00:00,-1,1.1082,1.1466833511830676,1.031233297633865,1.1466833511830676,stop,-1.0,-1.0380859289331819,149,37.25,0.03848335118306756
ARB,2023-12-11 02:30:00+00:00,2023-12-11 02:30:00+00:00,2023-12-15 02:30:00+00:00,1,1.0847,0.9909998089153904,1.2721003821692192,1.1637,tempo,0.8431146093252294,0.8275174159461858,384,96.0,0.09370019108460959
ARB,2023-12-16 22:45:00+00:00,2023-12-16 22:45:00+00:00,2023-12-18 09:30:00+00:00,1,1.1247,1.0533067199308392,1.2674865601383216,1.0533067199308392,stop,-1.0,-1.0198296585698767,139,34.75,0.07139328006916079
ARB,2023-12-20 23:30:00+00:00,2023-12-20 23:30:00+00:00,2023-12-22 07:30:00+00:00,1,1.1035,1.0450530665423288,1.2203938669153422,1.2203938669153422,alvo,2.0,1.9741555129733377,128,32.0,0.05844693345767116
ARB,2023-12-23 09:45:00+00:00,2023-12-23 09:45:00+00:00,2023-12-26 17:45:00+00:00,1,1.3478,1.2356289885557339,1.5721420228885326,1.2356289885557339,stop,-1.0,-1.014970256761887,320,80.0,0.11217101144426622
ARB,2023-12-26 23:30:00+00:00,2023-12-26 23:30:00+00:00,2023-12-27 14:30:00+00:00,1,1.3232,1.227510553057744,1.514578893884512,1.514578893884512,alvo,2.0,1.980723514034541,60,15.0,0.095689446942256
ARB,2023-12-28 04:30:00+00:00,2023-12-28 04:30:00+00:00,2023-12-28 13:15:00+00:00,1,1.6326,1.502915210073127,1.8919695798537464,1.502915210073127,stop,-1.0,-1.0157156817518598,35,8.75,0.12968478992687316
ARB,2023-12-30 00:30:00+00:00,2023-12-30 00:30:00+00:00,2023-12-31 11:45:00+00:00,-1,1.5112,1.6337196095183384,1.2661607809633235,1.6337196095183384,stop,-1.0,-1.0166846576986597,141,35.25,0.12251960951833829
ARB,2024-01-03 11:00:00+00:00,2024-01-03 11:00:00+00:00,2024-01-03 12:15:00+00:00,-1,1.9402,2.1186792445063207,1.5832415109873583,1.5832415109873583,alvo,2.0,1.9871680486519503,5,1.25,0.1784792445063208
ARB,2024-01-06 21:45:00+00:00,2024-01-06 21:45:00+00:00,2024-01-10 21:15:00+00:00,1,1.7533,1.5468268396062739,2.1662463207874527,2.1662463207874527,alvo,2.000000000000001,1.987660841226756,382,95.5,0.2064731603937262
ARB,2024-01-13 08:15:00+00:00,2024-01-13 08:15:00+00:00,2024-01-17 08:15:00+00:00,1,2.1791,1.9170104578206653,2.7032790843586696,2.0648,tempo,-0.436110495098619,-0.4466356575185391,384,96.0,0.2620895421793348
ARB,2024-01-20 23:00:00+00:00,2024-01-20 23:00:00+00:00,2024-01-23 09:30:00+00:00,-1,1.8186,1.9417694463824682,1.5722611072350636,1.5722611072350636,alvo,2.0,1.9821054670258182,234,58.5,0.12316944638246818
ARB,2024-01-24 15:15:00+00:00,2024-01-24 15:15:00+00:00,2024-01-27 00:30:00+00:00,-1,1.7105,1.8320891584452403,1.467321683109519,1.8320891584452403,stop,-1.0,-1.018938225927655,229,57.25,0.12158915844524043
ARB,2024-01-27 02:00:00+00:00,2024-01-27 02:00:00+00:00,2024-01-30 16:45:00+00:00,-1,1.8183,1.9347836178105986,1.5853327643788029,1.9347836178105986,stop,-1.0,-1.0209428964984888,347,86.75,0.11648361781059857
ARB,2024-02-02 00:30:00+00:00,2024-02-02 00:30:00+00:00,2024-02-05 01:15:00+00:00,1,1.7993,1.7045789897325,1.9887420205349995,1.7045789897325,stop,-1.0,-1.0240445212407914,291,72.75,0.0947210102674998
ARB,2024-02-06 15:00:00+00:00,2024-02-06 15:00:00+00:00,2024-02-07 17:30:00+00:00,-1,1.8228,1.8970423520694297,1.6743152958611405,1.8970423520694297,stop,-1.0,-1.0325676310279606,106,26.5,0.07424235206942975
ARB,2024-02-10 18:00:00+00:00,2024-02-10 18:00:00+00:00,2024-02-13 00:30:00+00:00,1,1.9493,1.8691495957363067,2.1096008085273867,2.1096008085273867,alvo,2.0,1.9670833160508725,218,54.5,0.08015040426369335
ARB,2024-02-14 07:15:00+00:00,2024-02-14 07:15:00+00:00,2024-02-14 11:00:00+00:00,-1,2.037,2.1192211305376905,1.8725577389246189,2.1192211305376905,stop,-1.0,-1.0328570492424827,15,3.75,0.08222113053769053
ARB,2024-02-15 03:15:00+00:00,2024-02-15 03:15:00+00:00,2024-02-17 10:15:00+00:00,-1,2.1309,2.221764193977313,1.9491716120453737,1.9491716120453737,alvo,2.0,1.9708130735359668,220,55.0,0.09086419397731316
ARB,2024-03-01 02:00:00+00:00,2024-03-01 02:00:00+00:00,2024-03-03 07:30:00+00:00,1,1.9945,1.8536477509061813,2.2762044981876373,1.8536477509061813,stop,-1.0,-1.0177582967555099,214,53.5,0.14085224909381866
ARB,2024-03-06 17:00:00+00:00,2024-03-06 17:00:00+00:00,2024-03-08 01:00:00+00:00,-1,2.0362,2.2281724858376486,1.6522550283247028,2.2281724858376486,stop,-1.0,-1.014438746801136,128,32.0,0.1919724858376486
ARB,2024-03-09 19:15:00+00:00,2024-03-09 19:15:00+00:00,2024-03-13 19:15:00+00:00,-1,2.1134,2.269628606494129,1.8009427870117416,2.1271,tempo,-0.08769200665253882,-0.10533490229024381,384,96.0,0.15622860649412917
ARB,2024-03-16 04:45:00+00:00,2024-03-16 04:45:00+00:00,2024-03-17 07:15:00+00:00,-1,1.9159,2.0577876820976893,1.6321246358046213,1.6321246358046213,alvo,2.0,1.983746185862102,106,26.5,0.14188768209768932
ARB,2024-03-18 01:00:00+00:00,2024-03-18 01:00:00+00:00,2024-03-22 01:00:00+00:00,-1,1.6793,1.8162508555122499,1.4053982889755003,1.6781,tempo,0.008762267278372376,-0.007172718975180447,384,96.0,0.13695085551224984
ARB,2024-03-23 18:30:00+00:00,2024-03-23 18:30:00+00:00,2024-03-25 17:45:00+00:00,-1,1.6328,1.7515055073065466,1.3953889853869068,1.7515055073065466,stop,-1.0,-1.0185315629380907,189,47.25,0.11870550730654661
ARB,2024-03-29 06:15:00+00:00,2024-03-29 06:15:00+00:00,2024-04-02 02:45:00+00:00,-1,1.6513,1.736942468604666,1.480015062790668,1.480015062790668,alvo,2.0,1.9762342816131406,370,92.5,0.08564246860466596
ARB,2024-04-02 10:00:00+00:00,2024-04-02 10:00:00+00:00,2024-04-06 10:00:00+00:00,-1,1.4556,1.530524528374627,1.3057509432507461,1.4671,tempo,-0.15348778630276333,-0.1788433679955985,384,96.0,0.07492452837462693
ARB,2024-04-07 15:45:00+00:00,2024-04-07 15:45:00+00:00,2024-04-08 09:00:00+00:00,-1,1.4949,1.5565429588934236,1.3716140822131524,1.5565429588934236,stop,-1.0,-1.0321762283784908,69,17.25,0.06164295889342375
ARB,2024-04-10 00:00:00+00:00,2024-04-10 00:00:00+00:00,2024-04-12 17:30:00+00:00,-1,1.4849,1.5528143762868751,1.34907124742625,1.34907124742625,alvo,2.0,1.9728764156936967,262,65.5,0.06791437628687502
ARB,2024-04-13 08:45:00+00:00,2024-04-13 08:45:00+00:00,2024-04-13 20:15:00+00:00,-1,1.1559,1.273121370567036,0.921457258865928,0.921457258865928,alvo,2.0,1.9884809210834926,46,11.5,0.11722137056703597
ARB,2024-04-18 16:00:00+00:00,2024-04-18 16:00:00+00:00,2024-04-22 16:00:00+00:00,-1,1.1505,1.2560355543191712,0.9394288913616577,1.2057,tempo,-0.5230464780907728,-0.5375584594782793,384,96.0,0.10553555431917117
ARB,2024-04-25 14:00:00+00:00,2024-04-25 14:00:00+00:00,2024-04-28 02:45:00+00:00,-1,1.0856,1.144938124023036,0.9669237519539275,1.144938124023036,stop,-1.0,-1.0244336976351345,243,60.75,0.059338124023036176
ARB,2024-04-30 04:15:00+00:00,2024-04-30 04:15:00+00:00,2024-05-04 04:15:00+00:00,-1,1.0401,1.0968160932141935,0.9266678135716131,1.0671,tempo,-0.47605535695189666,-0.5002051162596698,384,96.0,0.056716093214193464
ARB,2024-05-04 05:30:00+00:00,2024-05-04 05:30:00+00:00,2024-05-06 07:00:00+00:00,-1,1.0608,1.1165082897797012,0.9493834204405975,1.1165082897797012,stop,-1.0,-1.025404664080578,198,49.5,0.055708289779701214
ARB,2024-05-10 21:15:00+00:00,2024-05-10 21:15:00+00:00,2024-05-14 14:30:00+00:00,1,0.9878,0.9454226673243442,1.0725546653513116,0.9454226673243442,stop,-1.0,-1.0296525206854912,357,89.25,0.0423773326756558
ARB,2024-05-15 13:30:00+00:00,2024-05-15 13:30:00+00:00,2024-05-17 16:00:00+00:00,1,0.974,0.9325404696948151,1.0569190606103698,1.0569190606103698,alvo,2.0,1.968159374221573,202,50.5,0.0414595303051849
ARB,2024-05-20 07:30:00+00:00,2024-05-20 07:30:00+00:00,2024-05-20 19:30:00+00:00,-1,0.9753,1.0158930162234043,0.8941139675531912,1.0158930162234043,stop,-1.0,-1.0318841904583327,48,12.0,0.04059301622340439
ARB,2024-05-20 22:45:00+00:00,2024-05-20 22:45:00+00:00,2024-05-23 12:00:00+00:00,1,1.1142,1.0525381523475044,1.2375236953049915,1.2375236953049915,alvo,2.0,1.9752096237763908,245,61.25,0.061661847652495716
ARB,2024-05-25 17:00:00+00:00,2024-05-25 17:00:00+00:00,2024-05-29 17:00:00+00:00,-1,1.1975,1.287973343619744,1.016553312760512,1.1611,tempo,0.402328448841106,0.385383236708309,384,96.0,0.09047334361974402
ARB,2024-05-31 17:45:00+00:00,2024-05-31 17:45:00+00:00,2024-06-04 17:45:00+00:00,1,1.1277,1.070855738103949,1.2413885237921019,1.1067,tempo,-0.36943042797181264,-0.3949802363703433,384,96.0,0.05684426189605096
ARB,2024-06-06 16:30:00+00:00,2024-06-06 16:30:00+00:00,2024-06-07 18:15:00+00:00,-1,1.1068,1.1415542822357423,1.0372914355285154,1.0372914355285154,alvo,2.0,1.9598996341331354,103,25.75,0.034754282235742284
ARB,2024-06-11 20:45:00+00:00,2024-06-11 20:45:00+00:00,2024-06-15 20:45:00+00:00,1,0.9351,0.8645335607286907,1.0762328785426187,0.9207,tempo,-0.2040630099619435,-0.22115711322769294,384,96.0,0.07056643927130934
ARB,2024-06-16 21:30:00+00:00,2024-06-16 21:30:00+00:00,2024-06-18 01:30:00+00:00,-1,0.9214,0.9678681634012137,0.8284636731975725,0.8284636731975725,alvo,2.0,1.975522781527692,112,28.0,0.046468163401213736
ARB,2024-06-20 18:45:00+00:00,2024-06-20 18:45:00+00:00,2024-06-24 09:45:00+00:00,1,0.8152,0.7604513735425082,0.9246972529149836,0.7604513735425082,stop,-1.0,-1.0187068326471682,348,87.0,0.05474862645749179
ARB,2024-06-25 20:45:00+00:00,2024-06-25 20:45:00+00:00,2024-06-26 17:15:00+00:00,1,0.8379,0.7960729760326425,0.921554047934715,0.7960729760326425,stop,-1.0,-1.025392254425036,82,20.5,0.04182702396735749
ARB,2024-06-29 06:30:00+00:00,2024-06-29 06:30:00+00:00,2024-07-03 03:15:00+00:00,1,0.7949,0.7640378023488563,0.8566243953022875,0.7640378023488563,stop,-1.0,-1.0328333575910853,371,92.75,0.03086219765114373
ARB,2024-07-06 04:15:00+00:00,2024-07-06 04:15:00+00:00,2024-07-08 00:15:00+00:00,1,0.6197,0.570412197408291,0.7182756051834182,0.570412197408291,stop,-1.0,-1.015695017583225,176,44.0,0.04928780259170906
ARB,2024-07-09 03:00:00+00:00,2024-07-09 03:00:00+00:00,2024-07-13 03:00:00+00:00,-1,0.6806,0.7358907072971657,0.5700185854056686,0.6992,tempo,-0.33640372694153503,-0.35262471675777446,384,96.0,0.055290707297165675
ARB,2024-07-21 07:15:00+00:00,2024-07-21 07:15:00+00:00,2024-07-24 21:45:00+00:00,1,0.7707,0.7372206729602735,0.8376586540794532,0.7372206729602735,stop,-1.0,-1.0292762287683124,346,86.5,0.03347932703972656
ARB,2024-07-31 05:00:00+00:00,2024-07-31 05:00:00+00:00,2024-08-01 04:30:00+00:00,1,0.6738,0.6460535666098197,0.7292928667803604,0.6460535666098197,stop,-1.0,-1.0309194629173495,94,23.5,0.027746433390180236
ARB,2024-08-03 13:15:00+00:00,2024-08-03 13:15:00+00:00,2024-08-03 18:45:00+00:00,1,0.622,0.5874490244377448,0.6911019511245103,0.5874490244377448,stop,-1.0,-1.0227531018470966,22,5.5,0.03455097556225517
ARB,2024-08-08 09:00:00+00:00,2024-08-08 09:00:00+00:00,2024-08-11 09:30:00+00:00,1,0.5032,0.4571310556723799,0.5953378886552402,0.5953378886552402,alvo,2.0,1.9845004126305146,290,72.5,0.0460689443276201
ARB,2024-08-14 15:15:00+00:00,2024-08-14 15:15:00+00:00,2024-08-18 15:15:00+00:00,-1,0.5632,0.5983513405789057,0.4928973188421887,0.5483,tempo,0.4238814154627581,0.4033281452858148,384,96.0,0.03515134057890568
ARB,2024-08-20 11:15:00+00:00,2024-08-20 11:15:00+00:00,2024-08-22 08:30:00+00:00,-1,0.5454,0.5674381408704054,0.5013237182591891,0.5674381408704054,stop,-1.0,-1.032822405293594,181,45.25,0.022038140870405454
ARB,2024-08-26 11:45:00+00:00,2024-08-26 11:45:00+00:00,2024-08-27 21:15:00+00:00,-1,0.601,0.6263458566734968,0.5503082866530062,0.5503082866530062,alvo,2.0,1.9704744489024522,134,33.5,0.02534585667349687
ARB,2024-08-31 04:30:00+00:00,2024-08-31 04:30:00+00:00,2024-09-01 22:45:00+00:00,1,0.5153,0.4896320776907392,0.5666358446185216,0.4896320776907392,stop,-1.0,-1.0254483336293763,169,42.25,0.025667922309260793
ARB,2024-09-03 12:30:00+00:00,2024-09-03 12:30:00+00:00,2024-09-04 01:15:00+00:00,-1,0.5139,0.5357165493288417,0.47026690134231663,0.47026690134231663,alvo,2.0,1.9706778337751698,51,12.75,0.021816549328841695
ARB,2024-09-04 23:45:00+00:00,2024-09-04 23:45:00+00:00,2024-09-08 23:45:00+00:00,-1,0.4971,0.5198079747934585,0.4516840504130829,0.5089,tempo,-0.5196412320925794,-0.5484372830811672,384,96.0,0.02270797479345854
ARB,2024-09-09 11:00:00+00:00,2024-09-09 11:00:00+00:00,2024-09-10 17:15:00+00:00,-1,0.5144,0.5356259991919325,0.4719480016161348,0.5356259991919325,stop,-1.0,-1.0321547595146505,121,30.25,0.021225999191932576
ARB,2024-09-11 02:00:00+00:00,2024-09-11 02:00:00+00:00,2024-09-15 02:00:00+00:00,-1,0.5233,0.545152432556294,0.479595134887412,0.5318,tempo,-0.38897271404925915,-0.4203566342711051,384,96.0,0.021852432556293988
ARB,2024-09-20 11:00:00+00:00,2024-09-20 11:00:00+00:00,2024-09-24 11:00:00+00:00,1,0.5797,0.5533773807481868,0.6323452385036265,0.6,tempo,0.7711998492931749,0.7420688197149851,384,96.0,0.02632261925181323
ARB,2024-09-27 05:45:00+00:00,2024-09-27 05:45:00+00:00,2024-09-30 23:45:00+00:00,1,0.6297,0.5997384303047137,0.6896231393905726,0.5997384303047137,stop,-1.0,-1.0266719997592044,360,90.0,0.029961569695286294
ARB,2024-10-05 17:15:00+00:00,2024-10-05 17:15:00+00:00,2024-10-09 17:15:00+00:00,1,0.5503,0.5232516850077736,0.6043966299844528,0.5342,tempo,-0.5952311633692194,-0.6212928607504646,384,96.0,0.027048314992226374
ARB,2024-10-11 06:30:00+00:00,2024-10-11 06:30:00+00:00,2024-10-15 06:30:00+00:00,1,0.5285,0.5052269010911029,0.5750461978177941,0.5619,tempo,1.4351333327265463,1.4046792877893228,384,96.0,0.02327309890889706
ARB,2024-10-26 10:45:00+00:00,2024-10-26 10:45:00+00:00,2024-10-30 10:45:00+00:00,1,0.5135,0.48639889142531456,0.5677022171493707,0.5535,tempo,1.4759543835547464,1.4503631794868865,384,96.0,0.027101108574685395
ARB,2024-10-30 14:45:00+00:00,2024-10-30 14:45:00+00:00,2024-11-01 21:45:00+00:00,-1,0.5664,0.5930466304386024,0.5131067391227953,0.5131067391227953,alvo,2.0,1.9736672378878604,220,55.0,0.02664663043860238
ARB,2024-11-06 00:30:00+00:00,2024-11-06 00:30:00+00:00,2024-11-06 22:00:00+00:00,1,0.4962,0.47313918759365503,0.5423216248126899,0.5423216248126899,alvo,2.0,1.9707278718445098,86,21.5,0.023060812406344944
ARB,2024-11-07 13:30:00+00:00,2024-11-07 13:30:00+00:00,2024-11-10 11:45:00+00:00,1,0.5753,0.539397504804795,0.6471049903904101,0.6471049903904101,alvo,2.0,1.9778688573194243,281,70.25,0.03590249519520505
ARB,2024-11-11 08:15:00+00:00,2024-11-11 08:15:00+00:00,2024-11-13 05:00:00+00:00,1,0.6254,0.5806496263555067,0.7149007472889866,0.5806496263555067,stop,-1.0,-1.0175178929981414,179,44.75,0.0447503736444933
ARB,2024-11-13 22:15:00+00:00,2024-11-13 22:15:00+00:00,2024-11-16 12:15:00+00:00,-1,0.6084,0.6610376844504054,0.5031246310991893,0.6610376844504054,stop,-1.0,-1.0156757369460314,248,62.0,0.0526376844504054
ARB,2024-11-17 09:15:00+00:00,2024-11-17 09:15:00+00:00,2024-11-21 09:15:00+00:00,-1,0.7042,0.7675895276832214,0.5774209446335573,0.7018,tempo,0.03786114343671513,0.02344393552554306,384,96.0,0.06338952768322137
ARB,2024-11-22 01:00:00+00:00,2024-11-22 01:00:00+00:00,2024-11-24 04:15:00+00:00,1,0.7601,0.6868558275140054,0.9065883449719891,0.9065883449719891,alvo,2.0,1.985209097359398,205,51.25,0.07324417248599457
ARB,2024-11-24 10:00:00+00:00,2024-11-24 10:00:00+00:00,2024-11-28 10:00:00+00:00,1,0.8723,0.7829831300624244,1.050933739875151,0.916,tempo,0.48926927276495935,0.47625499001174143,384,96.0,0.0893168699375756
ARB,2024-12-05 04:45:00+00:00,2024-12-05 04:45:00+00:00,2024-12-09 04:45:00+00:00,1,1.1327,1.0248896374206249,1.3483207251587503,1.117,tempo,-0.14562607549381865,-0.15918975309413635,384,96.0,0.10781036257937515
ARB,2024-12-14 07:45:00+00:00,2024-12-14 07:45:00+00:00,2024-12-17 23:15:00+00:00,1,1.0288,0.9391236415904833,1.2081527168190331,0.9391236415904833,stop,-1.0,-1.014264075724311,350,87.5,0.0896763584095166
ARB,2024-12-20 13:30:00+00:00,2024-12-20 13:30:00+00:00,2024-12-24 13:30:00+00:00,1,0.705,0.6334749830641646,0.8480500338716707,0.8121,tempo,1.4973781844201286,1.4835911901313381,384,96.0,0.07152501693583535
ARB,2024-12-25 01:15:00+00:00,2024-12-25 01:15:00+00:00,2024-12-26 08:45:00+00:00,1,0.8136,0.749900558884846,0.940998882230308,0.749900558884846,stop,-1.0,-1.015954227313203,126,31.5,0.06369944111515402
ARB,2024-12-27 03:15:00+00:00,2024-12-27 03:15:00+00:00,2024-12-31 03:15:00+00:00,-1,0.7625,0.8116274193587547,0.6642451612824904,0.7195,tempo,0.8752749597122307,0.8556667650915145,384,96.0,0.049127419358754754
ARB,2024-12-31 12:45:00+00:00,2024-12-31 12:45:00+00:00,2025-01-02 10:00:00+00:00,-1,0.7383,0.7797101455858513,0.6554797088282973,0.7797101455858513,stop,-1.0,-1.0238276533605797,181,45.25,0.04141014558585132
ARB,2025-01-04 01:45:00+00:00,2025-01-04 01:45:00+00:00,2025-01-04 22:15:00+00:00,1,0.8303,0.7917481053976992,0.9074037892046016,0.9074037892046016,alvo,2.0,1.970701635428429,82,20.5,0.038551894602300796
ARB,2025-01-12 05:30:00+00:00,2025-01-12 05:30:00+00:00,2025-01-13 07:00:00+00:00,1,0.7412,0.6969193193903461,0.8297613612193077,0.6969193193903461,stop,-1.0,-1.0211102798045053,102,25.5,0.044280680609653844
ARB,2025-01-14 07:30:00+00:00,2025-01-14 07:30:00+00:00,2025-01-15 14:15:00+00:00,-1,0.7194,0.7622396064705957,0.6337207870588086,0.7622396064705957,stop,-1.0,-1.0224807327505896,123,30.75,0.042839606470595704
ARB,2025-01-16 01:45:00+00:00,2025-01-16 01:45:00+00:00,2025-01-19 08:30:00+00:00,1,0.7786,0.7322883301602227,0.8712233396795546,0.7322883301602227,stop,-1.0,-1.0212058303663374,315,78.75,0.0463116698397773
ARB,2025-01-21 10:15:00+00:00,2025-01-21 10:15:00+00:00,2025-01-25 10:15:00+00:00,1,0.6977,0.6358648565959186,0.8213702868081627,0.6914,tempo,-0.10188380996920511,-0.11648578144195833,384,96.0,0.06183514340408136
ARB,2025-01-27 10:00:00+00:00,2025-01-27 10:00:00+00:00,2025-01-31 10:00:00+00:00,-1,0.6239,0.6656653183382322,0.5403693633235357,0.6326,tempo,-0.20830680445301483,-0.2278619050124272,384,96.0,0.04176531833823216
ARB,2025-02-02 19:30:00+00:00,2025-02-02 19:30:00+00:00,2025-02-03 02:00:00+00:00,-1,0.5082,0.54314206908309,0.4383158618338199,0.4383158618338199,alvo,2.0,1.9823927052307924,26,6.5,0.034942069083090055
ARB,2025-02-05 09:00:00+00:00,2025-02-05 09:00:00+00:00,2025-02-07 20:30:00+00:00,1,0.4887,0.4286300150134599,0.6088399699730803,0.4286300150134599,stop,-1.0,-1.00992616378866,238,59.5,0.06006998498654015
ARB,2025-02-10 01:30:00+00:00,2025-02-10 01:30:00+00:00,2025-02-11 05:00:00+00:00,-1,0.4477,0.48277364534904643,0.3775527093019071,0.48277364534904643,stop,-1.0,-1.0172439409550373,110,27.5,0.035073645349046445
ARB,2025-02-13 08:45:00+00:00,2025-02-13 08:45:00+00:00,2025-02-17 08:45:00+00:00,-1,0.4827,0.5181740031673977,0.41175199366520465,0.4807,tempo,0.056379315031411456,0.03872666959850139,384,96.0,0.03547400316739768
ARB,2025-02-17 20:30:00+00:00,2025-02-17 20:30:00+00:00,2025-02-18 06:15:00+00:00,1,0.4912,0.4641882825452247,0.5452234349095506,0.4641882825452247,stop,-1.0,-1.0229901110395558,39,9.75,0.02701171745477532
ARB,2025-02-19 18:15:00+00:00,2025-02-19 18:15:00+00:00,2025-02-20 19:30:00+00:00,-1,0.4658,0.4919551078599228,0.41348978428015437,0.4919551078599228,stop,-1.0,-1.0238018831137325,101,25.25,0.02615510785992281
ARB,2025-02-21 06:15:00+00:00,2025-02-21 06:15:00+00:00,2025-02-24 14:45:00+00:00,-1,0.4932,0.5185162792222786,0.44256744155544286,0.44256744155544286,alvo,2.0,1.9759740034595694,322,80.5,0.02531627922227858
ARB,2025-02-26 07:15:00+00:00,2025-02-26 07:15:00+00:00,2025-02-28 03:00:00+00:00,1,0.4254,0.39269449622091535,0.4908110075581693,0.39269449622091535,stop,-1.0,-1.0162590806163843,175,43.75,0.032705503779084655
ARB,2025-03-01 10:00:00+00:00,2025-03-01 10:00:00+00:00,2025-03-02 16:45:00+00:00,-1,0.4174,0.44606569257655126,0.36006861484689745,0.44606569257655126,stop,-1.0,-1.0195792478648804,123,30.75,0.02866569257655127
ARB,2025-03-03 20:30:00+00:00,2025-03-03 20:30:00+00:00,2025-03-05 13:15:00+00:00,-1,0.3897,0.4207627339779772,0.3275745320440456,0.4207627339779772,stop,-1.0,-1.0169592534082537,163,40.75,0.031062733977977208
ARB,2025-03-06 13:45:00+00:00,2025-03-06 13:45:00+00:00,2025-03-09 18:30:00+00:00,-1,0.4156,0.44956756331874836,0.34766487336250335,0.34766487336250335,alvo,2.0,1.9853942373484355,307,76.75,0.03396756331874834
ARB,2025-03-14 10:15:00+00:00,2025-03-14 10:15:00+00:00,2025-03-17 10:00:00+00:00,-1,0.3484,0.3727778936717969,0.2996442126564061,0.3727778936717969,stop,-1.0,-1.0192291277170098,287,71.75,0.024377893671796935
ARB,2025-03-18 09:45:00+00:00,2025-03-18 09:45:00+00:00,2025-03-19 11:45:00+00:00,-1,0.3635,0.3817581784248765,0.3269836431502469,0.3817581784248765,stop,-1.0,-1.0265315523106158,104,26.0,0.018258178424876537
ARB,2025-03-21 03:45:00+00:00,2025-03-21 03:45:00+00:00,2025-03-25 03:45:00+00:00,1,0.3735,0.35599594412930297,0.40850811174139406,0.3852,tempo,0.6684165136599327,0.6402427576091665,384,96.0,0.017504055870697033
ARB,2025-03-25 21:45:00+00:00,2025-03-25 21:45:00+00:00,2025-03-27 13:45:00+00:00,1,0.3921,0.37730113862921527,0.42169772274156947,0.37730113862921527,stop,-1.0,-1.0337938661346127,160,40.0,0.014798861370784733
ARB,2025-03-30 07:45:00+00:00,2025-03-30 07:45:00+00:00,2025-03-31 09:45:00+00:00,1,0.3349,0.3201607999062706,0.3643784001874587,0.3201607999062706,stop,-1.0,-1.0288882379797681,104,26.0,0.014739200093729365
OP,2023-01-04 01:30:00+00:00,2023-01-04 01:30:00+00:00,2023-01-04 12:00:00+00:00,1,0.969,0.9330138421047259,1.040972315790548,1.040972315790548,alvo,1.999999999999997,1.9636948737604594,42,10.5,0.03598615789527404
OP,2023-01-05 06:00:00+00:00,2023-01-05 06:00:00+00:00,2023-01-06 18:15:00+00:00,-1,1.0384,1.0858588355641965,0.943482328871607,1.0858588355641965,stop,-1.0,-1.0290940185679227,145,36.25,0.0474588355641965
OP,2023-01-07 05:30:00+00:00,2023-01-07 05:30:00+00:00,2023-01-08 20:15:00+00:00,-1,1.0947,1.1590642869932075,0.965971426013585,1.1590642869932075,stop,-1.0,-1.0227602425969573,155,38.75,0.06436428699320751
OP,2023-01-10 15:45:00+00:00,2023-01-10 15:45:00+00:00,2023-01-12 00:45:00+00:00,-1,1.2572,1.3568396828655003,1.0579206342689997,1.3568396828655003,stop,-1.0,-1.0170527017449078,132,33.0,0.09963968286550018
OP,2023-01-12 16:30:00+00:00,2023-01-12 16:30:00+00:00,2023-01-12 19:30:00+00:00,-1,1.2753,1.3911728979139282,1.043554204172144,1.3911728979139282,stop,-1.0,-1.0149578323736368,12,3.0,0.11587289791392807
OP,2023-01-21 16:00:00+00:00,2023-01-21 16:00:00+00:00,2023-01-24 22:30:00+00:00,1,2.2976,1.9990017584728828,2.8947964830542348,1.9990017584728828,stop,-1.0,-1.0093530059946911,314,78.5,0.29859824152711734
OP,2023-01-25 21:15:00+00:00,2023-01-25 21:15:00+00:00,2023-01-29 21:15:00+00:00,-1,2.4279,2.737651628785214,1.8083967424295722,2.3124,tempo,0.3728793951882321,0.3629320867202061,384,96.0,0.309751628785214
OP,2023-01-30 05:00:00+00:00,2023-01-30 05:00:00+00:00,2023-02-01 20:15:00+00:00,-1,2.3116,2.5499605487005828,1.8348789025988341,2.5499605487005828,stop,-1.0,-1.0132572876421124,253,63.25,0.23836054870058287
OP,2023-02-04 11:45:00+00:00,2023-02-04 11:45:00+00:00,2023-02-08 11:45:00+00:00,-1,3.0472,3.3830329663354095,2.3755340673291814,2.9984,tempo,0.14531033249208034,0.1336091584147406,384,96.0,0.3358329663354094
OP,2023-02-10 07:15:00+00:00,2023-02-10 07:15:00+00:00,2023-02-13 08:45:00+00:00,1,2.427,2.1825543755316144,2.9158912489367714,2.1825543755316144,stop,-1.0,-1.0122571649650578,294,73.5,0.2444456244683857
OP,2023-02-15 04:15:00+00:00,2023-02-15 04:15:00+00:00,2023-02-15 12:30:00+00:00,-1,2.3814,2.580348438296113,1.9835031234077745,2.580348438296113,stop,-1.0,-1.016210916318389,33,8.25,0.19894843829611286
OP,2023-02-17 14:30:00+00:00,2023-02-17 14:30:00+00:00,2023-02-20 01:30:00+00:00,1,2.7227,2.4849557560584183,3.1981884878831637,2.4849557560584183,stop,-1.0,-1.014237889360929,236,59.0,0.23774424394158178
OP,2023-02-26 10:00:00+00:00,2023-02-26 10:00:00+00:00,2023-03-02 10:00:00+00:00,1,2.8624,2.5825612508330558,3.4220774983338886,2.6849,tempo,-0.6342938586182304,-0.6471789397970664,384,96.0,0.2798387491669443
OP,2023-03-06 19:15:00+00:00,2023-03-06 19:15:00+00:00,2023-03-07 15:15:00+00:00,1,2.5467,2.3803676765038095,2.879364646992381,2.3803676765038095,stop,-1.0,-1.0192541889778917,80,20.0,0.16633232349619043
OP,2023-03-13 18:30:00+00:00,2023-03-13 18:30:00+00:00,2023-03-15 16:45:00+00:00,1,2.6304,2.318637916697689,3.2539241666046212,2.318637916697689,stop,-1.0,-1.0103183639645303,185,46.25,0.3117620833023107
OP,2023-03-16 22:15:00+00:00,2023-03-16 22:15:00+00:00,2023-03-20 22:15:00+00:00,1,2.4632,2.1706629421312944,3.0482741157374114,2.5093,tempo,0.15758687236367264,0.14653827215025755,384,96.0,0.29253705786870565
OP,2023-03-21 05:30:00+00:00,2023-03-21 05:30:00+00:00,2023-03-24 12:00:00+00:00,1,2.5018,2.2637973523896937,2.977805295220612,2.2637973523896937,stop,-1.0,-1.0130151421009619,314,78.5,0.2380026476103061
OP,2023-03-29 03:00:00+00:00,2023-03-29 03:00:00+00:00,2023-03-31 03:00:00+00:00,-1,2.1934,2.342011093351967,1.8961778132960663,2.342011093351967,stop,-1.0,-1.0198371275265217,192,48.0,0.14861109335196687
OP,2023-04-04 21:15:00+00:00,2023-04-04 21:15:00+00:00,2023-04-05 05:45:00+00:00,-1,2.2591,2.381230250990006,2.014839498019988,2.381230250990006,stop,-1.0,-1.0246967040409205,34,8.5,0.12213025099000596
OP,2023-04-08 10:15:00+00:00,2023-04-08 10:15:00+00:00,2023-04-11 00:00:00+00:00,-1,2.2701,2.365612496184331,2.0790750076313373,2.365612496184331,stop,-1.0,-1.0315478418311312,247,61.75,0.09551249618433122
OP,2023-04-11 18:30:00+00:00,2023-04-11 18:30:00+00:00,2023-04-12 02:00:00+00:00,1,2.3259,2.2381726165288245,2.5013547669423506,2.2381726165288245,stop,-1.0,-1.0338166611536805,30,7.5,0.08772738347117537
OP,2023-04-18 12:45:00+00:00,2023-04-18 12:45:00+00:00,2023-04-20 18:30:00+00:00,-1,2.6916,2.8297160957163614,2.415367808567278,2.415367808567278,alvo,2.0,1.9759656609292968,215,53.75,0.1381160957163612
OP,2023-04-23 04:45:00+00:00,2023-04-23 04:45:00+00:00,2023-04-26 20:00:00+00:00,1,2.2692,2.1240990642972912,2.559401871405418,2.1240990642972912,stop,-1.0,-1.0196803995643697,349,87.25,0.14510093570270888
OP,2023-04-26 20:30:00+00:00,2023-04-26 20:30:00+00:00,2023-04-30 20:30:00+00:00,1,2.1094,1.9752725776529618,2.377654844694076,2.1712,tempo,0.4607558910667798,0.4400115126890241,384,96.0,0.13412742234703812
OP,2023-05-04 00:30:00+00:00,2023-05-04 00:30:00+00:00,2023-05-04 16:00:00+00:00,1,2.1494,2.0558965200362826,2.3364069599274346,2.0558965200362826,stop,-1.0,-1.0292335936489665,62,15.5,0.09350347996371733
OP,2023-05-04 21:45:00+00:00,2023-05-04 21:45:00+00:00,2023-05-05 12:45:00+00:00,1,2.0323,1.9502278774335402,2.1964442451329202,1.9502278774335402,stop,-1.0,-1.0315410767917643,60,15.0,0.08207212256646002
OP,2023-05-07 11:00:00+00:00,2023-05-07 11:00:00+00:00,2023-05-08 02:00:00+00:00,-1,1.9259,2.01353494215512,1.7506301156897597,1.7506301156897597,alvo,2.0,1.9727306880517097,60,15.0,0.08763494215512013
OP,2023-05-10 17:30:00+00:00,2023-05-10 17:30:00+00:00,2023-05-14 17:30:00+00:00,-1,1.6565,1.764306371378139,1.4408872572437221,1.6511,tempo,0.05008980388607241,0.030147197781105542,384,96.0,0.10780637137813898
OP,2023-05-28 05:15:00+00:00,2023-05-28 05:15:00+00:00,2023-05-29 17:15:00+00:00,1,1.6125,1.5476252294716948,1.7422495410566106,1.5476252294716948,stop,-1.0,-1.0316622530211554,144,36.0,0.06487477052830526
OP,2023-06-02 11:30:00+00:00,2023-06-02 11:30:00+00:00,2023-06-05 16:00:00+00:00,1,1.4388,1.3630894224480066,1.590221155103987,1.3630894224480066,stop,-1.0,-1.024055134480258,306,76.5,0.07571057755199351
OP,2023-06-07 12:00:00+00:00,2023-06-07 12:00:00+00:00,2023-06-10 01:00:00+00:00,1,1.4118,1.3102429927759855,1.6149140144480287,1.3102429927759855,stop,-1.0,-1.0174220173838089,244,61.0,0.1015570072240144
OP,2023-06-12 21:30:00+00:00,2023-06-12 21:30:00+00:00,2023-06-16 21:30:00+00:00,1,1.1273,0.9906899128380013,1.4005201743239972,1.1359,tempo,0.06295289153722344,0.05218443343459794,384,96.0,0.13661008716199863
OP,2023-06-24 20:45:00+00:00,2023-06-24 20:45:00+00:00,2023-06-28 19:45:00+00:00,1,1.2915,1.1996871946042904,1.4751256107914195,1.1996871946042904,stop,-1.0,-1.0176366648368251,380,95.0,0.09181280539570968
OP,2023-06-29 17:15:00+00:00,2023-06-29 17:15:00+00:00,2023-06-30 05:00:00+00:00,-1,1.2184,1.2947288330235,1.0657423339529997,1.2947288330235,stop,-1.0,-1.0214012670803225,47,11.75,0.07632883302350013
OP,2023-07-04 05:00:00+00:00,2023-07-04 05:00:00+00:00,2023-07-04 19:15:00+00:00,1,1.3408,1.2634660755630382,1.4954678488739235,1.2634660755630382,stop,-1.0,-1.021889138065091,57,14.25,0.07733392443696174
OP,2023-07-04 19:45:00+00:00,2023-07-04 19:45:00+00:00,2023-07-08 19:45:00+00:00,-1,1.2824,1.3541532857673118,1.1388934284653764,1.2007,tempo,1.138623815290414,1.1161298628150658,384,96.0,0.07175328576731177
OP,2023-07-09 06:00:00+00:00,2023-07-09 06:00:00+00:00,2023-07-10 08:30:00+00:00,1,1.2106,1.1586707178394657,1.3144585643210682,1.1586707178394657,stop,-1.0,-1.0296562151934783,106,26.5,0.05192928216053416
OP,2023-07-16 06:15:00+00:00,2023-07-16 06:15:00+00:00,2023-07-20 06:15:00+00:00,1,1.4424,1.3207013846736237,1.6857972306527522,1.5506,tempo,0.8890816030225573,0.8730958007619267,384,96.0,0.12169861532637616
OP,2023-07-21 04:00:00+00:00,2023-07-21 04:00:00+00:00,2023-07-23 18:30:00+00:00,-1,1.5413,1.6530926052239987,1.3177147895520023,1.6530926052239987,stop,-1.0,-1.0185732785208397,250,62.5,0.11179260522399881
OP,2023-07-28 12:30:00+00:00,2023-07-28 12:30:00+00:00,2023-07-30 04:00:00+00:00,-1,1.4855,1.5565290744842608,1.3434418510314785,1.5565290744842608,stop,-1.0,-1.0278381622282424,158,39.5,0.07102907448426077
OP,2023-08-06 22:45:00+00:00,2023-08-06 22:45:00+00:00,2023-08-07 18:30:00+00:00,-1,1.7141,1.7895950456385183,1.5631099087229632,1.7895950456385183,stop,-1.0,-1.030166241511656,79,19.75,0.07549504563851839
OP,2023-08-08 02:15:00+00:00,2023-08-08 02:15:00+00:00,2023-08-08 10:15:00+00:00,1,1.7789,1.6913911317934298,1.9539177364131401,1.6913911317934298,stop,-1.0,-1.025776693058594,32,8.0,0.08750886820657011
OP,2023-08-11 20:00:00+00:00,2023-08-11 20:00:00+00:00,2023-08-14 19:00:00+00:00,1,1.5811,1.5159396951745479,1.7114206096509041,1.5159396951745479,stop,-1.0,-1.030894204796248,284,71.0,0.0651603048254521
OP,2023-08-16 19:00:00+00:00,2023-08-16 19:00:00+00:00,2023-08-17 21:45:00+00:00,-1,1.4477,1.5150238341347109,1.3130523317305782,1.3130523317305782,alvo,2.0,1.9733454126805343,107,26.75,0.06732383413471088
OP,2023-08-18 07:15:00+00:00,2023-08-18 07:15:00+00:00,2023-08-22 07:15:00+00:00,-1,1.3903,1.5897243432830057,0.9914513134339888,1.5622,tempo,-0.8619810258372242,-0.8716043494917319,384,96.0,0.19942434328300562
OP,2023-09-03 12:45:00+00:00,2023-09-03 12:45:00+00:00,2023-09-06 17:15:00+00:00,1,1.3438,1.2924301424462752,1.44653971510745,1.2924301424462752,stop,-1.0,-1.0333571022811963,306,76.5,0.05136985755372492
OP,2023-09-10 08:30:00+00:00,2023-09-10 08:30:00+00:00,2023-09-11 10:30:00+00:00,1,1.2647,1.2216516505811472,1.3507966988377054,1.2216516505811472,stop,-1.0,-1.0375421728055843,104,26.0,0.043048349418852716
OP,2023-09-12 12:15:00+00:00,2023-09-12 12:15:00+00:00,2023-09-15 05:45:00+00:00,-1,1.3581,1.4165797975872507,1.2411404048254988,1.4165797975872507,stop,-1.0,-1.030840425973446,262,65.5,0.05847979758725064
OP,2023-09-22 03:00:00+00:00,2023-09-22 03:00:00+00:00,2023-09-26 03:00:00+00:00,-1,1.2963,1.3466738304114485,1.195552339177103,1.2654,tempo,0.6134137457408294,0.5803587847342991,384,96.0,0.050373830411448495
OP,2023-10-07 01:15:00+00:00,2023-10-07 01:15:00+00:00,2023-10-09 10:00:00+00:00,-1,1.3092,1.3543300617635563,1.2189398764728872,1.2189398764728872,alvo,2.0,1.963587665172788,227,56.75,0.045130061763556384
OP,2023-10-10 06:45:00+00:00,2023-10-10 06:45:00+00:00,2023-10-14 06:45:00+00:00,-1,1.2375,1.2825966288115946,1.1473067423768109,1.2074,tempo,0.6674556567355017,0.6322161046474881,384,96.0,0.0450966288115946
OP,2023-10-19 11:45:00+00:00,2023-10-19 11:45:00+00:00,2023-10-21 13:45:00+00:00,1,1.1775,1.1387406225197765,1.255018754960447,1.255018754960447,alvo,2.0,1.9592063316411352,200,50.0,0.03875937748022351
OP,2023-10-23 20:30:00+00:00,2023-10-23 20:30:00+00:00,2023-10-24 03:00:00+00:00,1,1.3075,1.2538354991637364,1.4148290016725276,1.4148290016725276,alvo,2.0,1.9670263614957284,26,6.5,0.05366450083626373
OP,2023-10-25 23:00:00+00:00,2023-10-25 23:00:00+00:00,2023-10-29 23:00:00+00:00,1,1.3786,1.299607799226909,1.536584401546182,1.4224,tempo,0.5544851209528613,0.531436642974258,384,96.0,0.07899220077309099
OP,2023-10-30 12:30:00+00:00,2023-10-30 12:30:00+00:00,2023-10-31 14:00:00+00:00,1,1.4434,1.3734418610505565,1.583316277898887,1.3734418610505565,stop,-1.0,-1.0261720399824534,102,25.5,0.06995813894944347
OP,2023-11-02 04:00:00+00:00,2023-11-02 04:00:00+00:00,2023-11-02 14:45:00+00:00,1,1.4492,1.3745700734804407,1.5984598530391187,1.3745700734804407,stop,-1.0,-1.0245940286070259,43,10.75,0.07462992651955935
OP,2023-11-04 08:15:00+00:00,2023-11-04 08:15:00+00:00,2023-11-05 23:30:00+00:00,1,1.4303,1.3627543781289433,1.5653912437421131,1.5653912437421131,alvo,2.0,1.9711720870354923,157,39.25,0.06754562187105662
OP,2023-11-06 03:30:00+00:00,2023-11-06 03:30:00+00:00,2023-11-07 17:15:00+00:00,1,1.5508,1.4721569039469538,1.7080861921060924,1.4721569039469538,stop,-1.0,-1.0249853081348697,151,37.75,0.0786430960530462
OP,2023-11-07 19:15:00+00:00,2023-11-07 19:15:00+00:00,2023-11-09 15:00:00+00:00,-1,1.5272,1.6050504485051975,1.3714991029896046,1.6050504485051975,stop,-1.0,-1.026152229442743,175,43.75,0.07785044850519762
OP,2023-11-14 11:15:00+00:00,2023-11-14 11:15:00+00:00,2023-11-18 11:15:00+00:00,-1,1.7614,1.909579485515666,1.4650410289686682,1.6887,tempo,0.4906212202519352,0.47548710777883646,384,96.0,0.14817948551566595
OP,2023-11-20 23:00:00+00:00,2023-11-20 23:00:00+00:00,2023-11-21 18:00:00+00:00,1,1.7373,1.6288463895464487,1.9542072209071029,1.6288463895464487,stop,-1.0,-1.0201744796144179,76,19.0,0.1084536104535514
OP,2023-11-25 10:45:00+00:00,2023-11-25 10:45:00+00:00,2023-11-27 19:15:00+00:00,1,1.7787,1.6890069853560317,1.9580860292879365,1.6890069853560317,stop,-1.0,-1.0251302684989305,226,56.5,0.08969301464396828
OP,2023-11-29 17:30:00+00:00,2023-11-29 17:30:00+00:00,2023-12-02 18:15:00+00:00,-1,1.6682,1.739708181229121,1.5251836375417576,1.739708181229121,stop,-1.0,-1.0309774389408863,291,72.75,0.07150818122912117
OP,2023-12-03 21:00:00+00:00,2023-12-03 21:00:00+00:00,2023-12-04 07:00:00+00:00,-1,1.71,1.7703446352719054,1.589310729456189,1.7703446352719054,stop,-1.0,-1.0374884031154292,40,10.0,0.06034463527190548
OP,2023-12-04 22:00:00+00:00,2023-12-04 22:00:00+00:00,2023-12-07 16:15:00+00:00,1,1.7612,1.6613151477484336,1.9609697045031331,1.9609697045031331,alvo,2.0,1.9757780058398284,265,66.25,0.09988485225156651
OP,2023-12-07 22:45:00+00:00,2023-12-07 22:45:00+00:00,2023-12-09 08:30:00+00:00,-1,2.0912,2.2740865063882465,1.7254269872235075,2.2740865063882465,stop,-1.0,-1.015514737993457,135,33.75,0.18288650638824633
OP,2023-12-10 15:30:00+00:00,2023-12-10 15:30:00+00:00,2023-12-11 12:15:00+00:00,-1,2.179,2.375541056944795,1.78591788611041,2.375541056944795,stop,-1.0,-1.015062764661155,83,20.75,0.19654105694479496
OP,2023-12-17 05:15:00+00:00,2023-12-17 05:15:00+00:00,2023-12-18 09:30:00+00:00,1,2.1712,2.00658448989399,2.5004310202120195,2.00658448989399,stop,-1.0,-1.0164963794522297,113,28.25,0.16461551010600983
OP,2023-12-20 00:15:00+00:00,2023-12-20 00:15:00+00:00,2023-12-21 12:15:00+00:00,1,2.1161,1.9733320224276572,2.4016359551446853,2.4016359551446853,alvo,2.0,1.9794314634081298,144,36.0,0.14276797757234272
OP,2023-12-22 08:45:00+00:00,2023-12-22 08:45:00+00:00,2023-12-22 15:00:00+00:00,-1,2.7988,3.046413198813002,2.303573602373996,3.046413198813002,stop,-1.0,-1.0153440470760113,25,6.25,0.24761319881300192
OP,2023-12-27 00:00:00+00:00,2023-12-27 00:00:00+00:00,2023-12-27 17:00:00+00:00,1,3.4704,3.12791452437653,4.15537095124694,4.15537095124694,alvo,1.9999999999999987,1.9855271202106088,68,17.0,0.3424854756234703
OP,2023-12-27 17:15:00+00:00,2023-12-27 17:15:00+00:00,2023-12-31 17:15:00+00:00,-1,4.0454,4.480201149395132,3.175797701209736,3.7492,tempo,0.681230949853869,0.6695785197555397,384,96.0,0.43480114939513204
OP,2023-12-31 19:00:00+00:00,2023-12-31 19:00:00+00:00,2024-01-03 12:15:00+00:00,-1,3.8549,4.21296256329706,3.138774873405881,3.138774873405881,alvo,2.0,1.9873042056509482,261,65.25,0.35806256329705954
OP,2024-01-17 12:30:00+00:00,2024-01-17 12:30:00+00:00,2024-01-18 17:00:00+00:00,1,3.5031,3.213613105422747,4.082073789154506,3.213613105422747,stop,-1.0,-1.015081385721797,114,28.5,0.28948689457725285
OP,2024-01-18 19:30:00+00:00,2024-01-18 19:30:00+00:00,2024-01-22 15:00:00+00:00,1,3.2219,2.9797052956941092,3.706289408611782,2.9797052956941092,stop,-1.0,-1.0166438133061324,366,91.5,0.24219470430589096
OP,2024-01-23 17:30:00+00:00,2024-01-23 17:30:00+00:00,2024-01-25 18:15:00+00:00,-1,2.7299,2.922745739344326,2.3442085213113484,2.922745739344326,stop,-1.0,-1.019052636283623,195,48.75,0.19284573934432592
OP,2024-01-27 05:00:00+00:00,2024-01-27 05:00:00+00:00,2024-01-31 05:00:00+00:00,-1,3.1031,3.2983970966759197,2.7125058066481604,3.0515,tempo,0.2642128371504992,0.24372871286964265,384,96.0,0.19529709667591977
OP,2024-01-31 13:15:00+00:00,2024-01-31 13:15:00+00:00,2024-02-04 13:15:00+00:00,1,2.9821,2.813075513223506,3.320148973552988,2.993,tempo,0.0644876976577559,0.041509873118429366,384,96.0,0.16902448677649407
OP,2024-02-05 08:00:00+00:00,2024-02-05 08:00:00+00:00,2024-02-06 02:15:00+00:00,-1,3.0462,3.181491430903561,2.775617138192877,3.181491430903561,stop,-1.0,-1.0299205899668016,73,18.25,0.13529143090356133
OP,2024-02-11 16:45:00+00:00,2024-02-11 16:45:00+00:00,2024-02-12 15:00:00+00:00,-1,3.5459,3.723700063953717,3.190299872092566,3.723700063953717,stop,-1.0,-1.026576143655381,89,22.25,0.17780006395371695
OP,2024-02-13 20:15:00+00:00,2024-02-13 20:15:00+00:00,2024-02-15 00:45:00+00:00,-1,3.69,3.889057962625164,3.2918840747496723,3.889057962625164,stop,-1.0,-1.0247485084783219,114,28.5,0.19905796262516384
OP,2024-02-17 19:30:00+00:00,2024-02-17 19:30:00+00:00,2024-02-18 10:15:00+00:00,-1,3.5604,3.7294731252015785,3.222253749596843,3.7294731252015785,stop,-1.0,-1.0280258469566446,59,14.75,0.16907312520157847
OP,2024-02-20 19:30:00+00:00,2024-02-20 19:30:00+00:00,2024-02-21 09:30:00+00:00,1,4.0154,3.7106375653902703,4.624924869219458,3.7106375653902703,stop,-1.0,-1.0164781608466102,56,14.0,0.3047624346097293
OP,2024-02-21 20:15:00+00:00,2024-02-21 20:15:00+00:00,2024-02-25 20:15:00+00:00,1,3.6347,3.367685010995634,4.168729978008733,3.8405,tempo,0.7707432484123012,0.752546217533557,384,96.0,0.26701498900436604
OP,2024-02-25 21:30:00+00:00,2024-02-25 21:30:00+00:00,2024-02-29 01:30:00+00:00,-1,3.8228,4.044532741701312,3.3793345165973756,4.044532741701312,stop,-1.0,-1.0230627477154204,304,76.0,0.22173274170131219
OP,2024-03-01 18:00:00+00:00,2024-03-01 18:00:00+00:00,2024-03-03 00:30:00+00:00,-1,3.763,4.009350446222726,3.270299107554548,4.009350446222726,stop,-1.0,-1.0205074838203347,122,30.5,0.24635044622272595
OP,2024-03-03 18:15:00+00:00,2024-03-03 18:15:00+00:00,2024-03-05 16:30:00+00:00,1,4.0196,3.7168932226864206,4.625013554627158,4.625013554627158,alvo,2.0,1.9814374859381267,185,46.25,0.302706777313579
OP,2024-03-11 09:00:00+00:00,2024-03-11 09:00:00+00:00,2024-03-15 03:00:00+00:00,-1,4.6621,5.027844817611907,3.930610364776185,3.930610364776185,alvo,2.0,1.9847290748408333,360,90.0,0.36574481761190736
OP,2024-03-19 03:00:00+00:00,2024-03-19 03:00:00+00:00,2024-03-19 15:45:00+00:00,-1,3.177,3.4114561738090234,2.7080876523819533,3.4114561738090234,stop,-1.0,-1.0182656589647503,51,12.75,0.2344561738090234
OP,2024-03-20 09:30:00+00:00,2024-03-20 09:30:00+00:00,2024-03-24 09:30:00+00:00,1,3.4389,3.076240242515923,4.164219514968153,3.4355,tempo,-0.009375178607041642,-0.02169625892485494,384,96.0,0.36265975748407664
OP,2024-03-24 23:15:00+00:00,2024-03-24 23:15:00+00:00,2024-03-26 08:30:00+00:00,-1,3.722,4.0149681991955015,3.136063601608997,4.0149681991955015,stop,-1.0,-1.0171657857176544,133,33.25,0.29296819919550154
OP,2024-03-28 16:30:00+00:00,2024-03-28 16:30:00+00:00,2024-04-01 16:30:00+00:00,-1,3.6879,3.94818865291718,3.16732269416564,3.4645,tempo,0.8582779060717735,0.8404167356062316,384,96.0,0.26028865291717995
OP,2024-04-05 02:30:00+00:00,2024-04-05 02:30:00+00:00,2024-04-05 12:00:00+00:00,1,3.0496,2.8836073323772213,3.381585335245557,2.8836073323772213,stop,-1.0,-1.0232334645938057,38,9.5,0.16599266762277853
OP,2024-04-06 06:45:00+00:00,2024-04-06 06:45:00+00:00,2024-04-07 20:30:00+00:00,-1,2.9451,3.105491726058179,2.624316547883642,3.105491726058179,stop,-1.0,-1.0245204956551888,151,37.75,0.16039172605817908
OP,2024-04-10 06:15:00+00:00,2024-04-10 06:15:00+00:00,2024-04-12 13:45:00+00:00,1,3.0433,2.877504760639484,3.374890478721032,2.877504760639484,stop,-1.0,-1.0232125066392719,222,55.5,0.165795239360516
OP,2024-04-15 11:45:00+00:00,2024-04-15 11:45:00+00:00,2024-04-19 11:45:00+00:00,-1,2.3812,2.664384462745975,1.8148310745080507,2.2782,tempo,0.363720519837963,0.3530256887351819,384,96.0,0.28318446274597475
OP,2024-04-21 14:45:00+00:00,2024-04-21 14:45:00+00:00,2024-04-25 14:45:00+00:00,-1,2.4416,2.6265158359425658,2.071768328114869,2.4087,tempo,0.17791878035918363,0.16086942931831755,384,96.0,0.18491583594256555
OP,2024-04-28 06:30:00+00:00,2024-04-28 06:30:00+00:00,2024-04-29 09:15:00+00:00,1,2.6606,2.4715724377692094,3.0386551244615814,2.4715724377692094,stop,-1.0,-1.0176477548838991,107,26.75,0.18902756223079065
OP,2024-05-04 21:15:00+00:00,2024-05-04 21:15:00+00:00,2024-05-08 21:15:00+00:00,-1,2.8888,3.1098444962869607,2.446711007426078,2.5619,tempo,1.478887760116935,1.4628595166658946,384,96.0,0.22104449628696088
OP,2024-05-10 15:00:00+00:00,2024-05-10 15:00:00+00:00,2024-05-13 03:15:00+00:00,1,2.5511,2.4227558650894916,2.8077882698210166,2.4227558650894916,stop,-1.0,-1.0251901367722216,241,60.25,0.12834413491050833
OP,2024-05-16 06:30:00+00:00,2024-05-16 06:30:00+00:00,2024-05-18 03:15:00+00:00,-1,2.4805,2.610462761840247,2.2205744763195066,2.610462761840247,stop,-1.0,-1.025462107363214,179,44.75,0.1299627618402468
OP,2024-05-20 13:30:00+00:00,2024-05-20 13:30:00+00:00,2024-05-20 19:45:00+00:00,1,2.5117,2.3879986645884825,2.7591026708230344,2.7591026708230344,alvo,2.0,1.9723040844738045,25,6.25,0.12370133541151729
OP,2024-05-24 02:45:00+00:00,2024-05-24 02:45:00+00:00,2024-05-28 02:45:00+00:00,1,2.6095,2.3722249356073366,3.0840501287853272,2.5461,tempo,-0.2672004332283322,-0.2813238726574929,384,96.0,0.23727506439266355
OP,2024-05-30 00:15:00+00:00,2024-05-30 00:15:00+00:00,2024-06-02 21:45:00+00:00,1,2.5014,2.363121941166305,2.7779561176673897,2.363121941166305,stop,-1.0,-1.022866529140107,374,93.5,0.13827805883369493
OP,2024-06-06 15:00:00+00:00,2024-06-06 15:00:00+00:00,2024-06-07 18:15:00+00:00,1,2.5136,2.4226384529119693,2.695523094176061,2.4226384529119693,stop,-1.0,-1.035273751349981,109,27.25,0.0909615470880305
OP,2024-06-07 19:15:00+00:00,2024-06-07 19:15:00+00:00,2024-06-11 19:15:00+00:00,-1,2.2169,2.5147792789940935,1.6211414420118127,2.0654,tempo,0.5085952957573928,0.4992509230658798,384,96.0,0.2978792789940936
OP,2024-06-12 03:45:00+00:00,2024-06-12 03:45:00+00:00,2024-06-16 03:45:00+00:00,-1,2.0742,2.234526527010183,1.7535469459796338,2.0533,tempo,0.13035896423223992,0.11362514575546595,384,96.0,0.16032652701018302
OP,2024-06-23 08:45:00+00:00,2024-06-23 08:45:00+00:00,2024-06-23 20:45:00+00:00,1,1.8104,1.709604519336158,2.011990961327684,1.709604519336158,stop,-1.0,-1.0226994595640564,48,12.0,0.10079548066384203
OP,2024-06-24 15:45:00+00:00,2024-06-24 15:45:00+00:00,2024-06-25 00:15:00+00:00,-1,1.6876,1.7794216161358243,1.5039567677283514,1.7794216161358243,stop,-1.0,-1.024542848899052,34,8.5,0.09182161613582429
OP,2024-06-26 15:00:00+00:00,2024-06-26 15:00:00+00:00,2024-06-28 13:45:00+00:00,-1,1.7523,1.8388641349736286,1.5791717300527428,1.8388641349736286,stop,-1.0,-1.0269656329199615,187,46.75,0.08656413497362858
OP,2024-07-04 10:00:00+00:00,2024-07-04 10:00:00+00:00,2024-07-04 23:15:00+00:00,1,1.5576,1.48716481973398,1.6984703605320404,1.48716481973398,stop,-1.0,-1.0280981339914574,53,13.25,0.07043518026602014
OP,2024-07-08 03:15:00+00:00,2024-07-08 03:15:00+00:00,2024-07-09 20:45:00+00:00,1,1.3795,1.2716469633087122,1.5952060733825755,1.5952060733825755,alvo,2.0,1.982072280883169,166,41.5,0.10785303669128776
OP,2024-07-13 12:30:00+00:00,2024-07-13 12:30:00+00:00,2024-07-14 22:30:00+00:00,-1,1.6946,1.8055911176800852,1.47261776463983,1.8055911176800852,stop,-1.0,-1.0204982549418933,136,34.0,0.11099111768008507
OP,2024-07-15 19:15:00+00:00,2024-07-15 19:15:00+00:00,2024-07-19 16:15:00+00:00,-1,1.7949,1.8952591129460712,1.5941817741078574,1.8952591129460712,stop,-1.0,-1.0239002055020539,372,93.0,0.10035911294607125
OP,2024-07-20 12:00:00+00:00,2024-07-20 12:00:00+00:00,2024-07-24 12:00:00+00:00,-1,1.9276,2.030981475053535,1.7208370498929302,1.8715,tempo,0.5426504117004454,0.5187639755790683,384,96.0,0.1033814750535349
OP,2024-07-27 00:00:00+00:00,2024-07-27 00:00:00+00:00,2024-07-31 00:00:00+00:00,-1,1.7333,1.8266183134147236,1.546663373170553,1.629,tempo,1.1176798656494351,1.0942600788998904,384,96.0,0.09331831341472352
OP,2024-08-02 15:30:00+00:00,2024-08-02 15:30:00+00:00,2024-08-05 01:00:00+00:00,-1,1.4426,1.5345605869724739,1.2586788260550525,1.2586788260550525,alvo,2.0,1.9809066982417005,230,57.5,0.09196058697247378
OP,2024-08-07 19:00:00+00:00,2024-08-07 19:00:00+00:00,2024-08-10 18:00:00+00:00,1,1.214,1.0955066412169212,1.4509867175661575,1.4509867175661575,alvo,2.0,1.9853811100958902,284,71.0,0.11849335878307876
OP,2024-08-11 15:00:00+00:00,2024-08-11 15:00:00+00:00,2024-08-15 15:00:00+00:00,-1,1.3766,1.4740292342587415,1.181741531482517,1.3018,tempo,0.7677367123850591,0.7498677430428948,384,96.0,0.0974292342587415
OP,2024-08-18 03:45:00+00:00,2024-08-18 03:45:00+00:00,2024-08-21 18:30:00+00:00,-1,1.3424,1.4205773053365642,1.1860453893268716,1.4205773053365642,stop,-1.0,-1.022972590839976,347,86.75,0.0781773053365642
OP,2024-08-30 09:15:00+00:00,2024-08-30 09:15:00+00:00,2024-09-01 23:00:00+00:00,1,1.4332,1.352562282039477,1.5944754359210462,1.352562282039477,stop,-1.0,-1.0224553165580916,247,61.75,0.0806377179605231
OP,2024-09-06 20:30:00+00:00,2024-09-06 20:30:00+00:00,2024-09-08 05:15:00+00:00,1,1.3329,1.2628649808385262,1.4729700383229476,1.4729700383229476,alvo,2.0,1.9739585203695753,131,32.75,0.07003501916147381
OP,2024-09-09 15:45:00+00:00,2024-09-09 15:45:00+00:00,2024-09-09 20:45:00+00:00,-1,1.4544,1.5273742971677733,1.3084514056644532,1.5273742971677733,stop,-1.0,-1.0265593965050885,20,5.0,0.07297429716777337
OP,2024-09-16 05:45:00+00:00,2024-09-16 05:45:00+00:00,2024-09-18 10:15:00+00:00,1,1.4745,1.4139646532886219,1.595570693422756,1.4139646532886219,stop,-1.0,-1.0310149710315397,210,52.5,0.06053534671137806
OP,2024-09-19 15:30:00+00:00,2024-09-19 15:30:00+00:00,2024-09-21 19:15:00+00:00,1,1.5846,1.5148641672891368,1.7240716654217265,1.7240716654217265,alvo,2.0,1.969160236582518,207,51.75,0.06973583271086325
OP,2024-09-22 08:00:00+00:00,2024-09-22 08:00:00+00:00,2024-09-26 08:00:00+00:00,1,1.7176,1.63039829554943,1.89200340890114,1.7396,tempo,0.2522886466338586,0.22651873750010068,384,96.0,0.08720170445056996
OP,2024-09-26 11:00:00+00:00,2024-09-26 11:00:00+00:00,2024-09-27 11:30:00+00:00,-1,1.7485,1.834055473493541,1.5773890530129178,1.834055473493541,stop,-1.0,-1.0272181423663864,98,24.5,0.08555547349354109
OP,2024-10-09 05:45:00+00:00,2024-10-09 05:45:00+00:00,2024-10-09 18:30:00+00:00,1,1.6569,1.569444808489016,1.831810383021968,1.569444808489016,stop,-1.0,-1.0239794126487558,51,12.75,0.08745519151098402
OP,2024-10-10 14:15:00+00:00,2024-10-10 14:15:00+00:00,2024-10-11 10:00:00+00:00,-1,1.5082,1.5870800769668796,1.3504398460662408,1.5870800769668796,stop,-1.0,-1.0255062130691537,79,19.75,0.0788800769668796
OP,2024-10-12 15:00:00+00:00,2024-10-12 15:00:00+00:00,2024-10-15 14:00:00+00:00,-1,1.7219,1.8056406680711476,1.5544186638577047,1.8056406680711476,stop,-1.0,-1.027380978526445,284,71.0,0.08374066807114766
OP,2024-10-21 00:00:00+00:00,2024-10-21 00:00:00+00:00,2024-10-21 13:45:00+00:00,1,1.8105,1.7251425458494876,1.9812149083010249,1.7251425458494876,stop,-1.0,-1.0269240416982184,55,13.75,0.08535745415051244
OP,2024-10-22 20:30:00+00:00,2024-10-22 20:30:00+00:00,2024-10-25 23:15:00+00:00,1,1.6994,1.6180160252103741,1.8621679495792518,1.6180160252103741,stop,-1.0,-1.0264956389997015,299,74.75,0.08138397478962589
OP,2024-10-26 21:15:00+00:00,2024-10-26 21:15:00+00:00,2024-10-30 09:45:00+00:00,1,1.5695,1.481736869218433,1.7450262615631338,1.7450262615631338,alvo,2.0,1.9754516270006568,338,84.5,0.08776313078156694
OP,2024-10-30 15:00:00+00:00,2024-10-30 15:00:00+00:00,2024-11-01 02:15:00+00:00,-1,1.7782,1.8704380631332762,1.5937238737334476,1.5937238737334476,alvo,2.0,1.9762381120822123,141,35.25,0.0922380631332762
OP,2024-11-02 19:00:00+00:00,2024-11-02 19:00:00+00:00,2024-11-06 03:15:00+00:00,-1,1.4314,1.4992908140052021,1.2956183719895957,1.4992908140052021,stop,-1.0,-1.0280590100003428,321,80.25,0.06789081400520214
OP,2024-11-07 20:30:00+00:00,2024-11-07 20:30:00+00:00,2024-11-11 20:30:00+00:00,1,1.6015,1.4960461456648984,1.812407708670203,1.7506,tempo,1.4138885765730642,1.3932267902994568,384,96.0,0.10545385433510157
OP,2024-11-12 21:00:00+00:00,2024-11-12 21:00:00+00:00,2024-11-13 05:00:00+00:00,1,1.6562,1.5077616656225374,1.9530766687549248,1.5077616656225374,stop,-1.0,-1.0138547437309893,32,8.0,0.14843833437746246
OP,2024-11-13 09:45:00+00:00,2024-11-13 09:45:00+00:00,2024-11-13 17:00:00+00:00,-1,1.5336,1.6751864434391088,1.2504271131217826,1.6751864434391088,stop,-1.0,-1.014731009110575,29,7.25,0.14158644343910876
OP,2024-11-22 13:15:00+00:00,2024-11-22 13:15:00+00:00,2024-11-26 13:15:00+00:00,1,2.1745,1.9063513388212696,2.710797322357461,2.166,tempo,-0.03169883438028664,-0.042220330134164326,384,96.0,0.2681486611787305
OP,2024-12-02 16:30:00+00:00,2024-12-02 16:30:00+00:00,2024-12-06 16:30:00+00:00,1,2.427,2.226640203384581,2.8277195932308383,2.6661,tempo,1.1933531778280893,1.1768303271568321,384,96.0,0.20035979661541914
OP,2024-12-09 10:45:00+00:00,2024-12-09 10:45:00+00:00,2024-12-09 20:45:00+00:00,1,2.493,2.32083382150707,2.83733235698586,2.32083382150707,stop,-1.0,-1.0181742547309203,40,10.0,0.17216617849293003
OP,2024-12-11 14:45:00+00:00,2024-12-11 14:45:00+00:00,2024-12-15 14:45:00+00:00,1,2.2956,2.078601492384591,2.729597015230818,2.5215,tempo,1.0410209843487377,1.0265917837316103,384,96.0,0.21699850761540906
OP,2024-12-16 18:00:00+00:00,2024-12-16 18:00:00+00:00,2024-12-18 20:15:00+00:00,-1,2.548,2.728982738340994,2.1860345233180123,2.1860345233180123,alvo,2.0,1.9829977020551042,201,50.25,0.18098273834099388
OP,2024-12-19 07:30:00+00:00,2024-12-19 07:30:00+00:00,2024-12-20 08:45:00+00:00,-1,2.1508,2.3147658018025394,1.8228683963949206,1.8228683963949206,alvo,2.0,1.9842474197103173,101,25.25,0.1639658018025396
OP,2024-12-21 18:30:00+00:00,2024-12-21 18:30:00+00:00,2024-12-23 21:15:00+00:00,-1,1.7737,1.9515533875841673,1.4179932248316656,1.9515533875841673,stop,-1.0,-1.0136146673100832,203,50.75,0.17785338758416724
OP,2024-12-25 14:45:00+00:00,2024-12-25 14:45:00+00:00,2024-12-26 13:45:00+00:00,1,1.9325,1.7832714541070465,2.2309570917859074,1.7832714541070465,stop,-1.0,-1.0161849157660634,92,23.0,0.14922854589295365
OP,2025-01-03 20:15:00+00:00,2025-01-03 20:15:00+00:00,2025-01-07 20:15:00+00:00,1,2.0005,1.8987259840971216,2.2040480318057574,1.8987259840971216,stop,-1.0,-1.0249031824791286,384,96.0,0.1017740159028786
OP,2025-01-10 18:15:00+00:00,2025-01-10 18:15:00+00:00,2025-01-14 18:15:00+00:00,-1,1.7973,1.91215529684069,1.5675894063186195,1.7689,tempo,0.24726765574766785,0.22708547814017604,384,96.0,0.11485529684069018
OP,2025-01-15 17:00:00+00:00,2025-01-15 17:00:00+00:00,2025-01-17 10:15:00+00:00,-1,1.8452,1.9466198210142662,1.6423603579714674,1.9466198210142662,stop,-1.0,-1.0243017869585136,165,41.25,0.10141982101426628
OP,2025-01-20 15:45:00+00:00,2025-01-20 15:45:00+00:00,2025-01-24 15:45:00+00:00,-1,1.78,1.9286135698695588,1.4827728602608825,1.782,tempo,-0.013457721268356877,-0.029037052294670206,384,96.0,0.14861356986955876
OP,2025-01-27 12:00:00+00:00,2025-01-27 12:00:00+00:00,2025-01-27 20:45:00+00:00,-1,1.3523,1.4589346240106924,1.1390307519786154,1.4589346240106924,stop,-1.0,-1.0171361086753936,35,8.75,0.10663462401069235
OP,2025-01-30 11:45:00+00:00,2025-01-30 11:45:00+00:00,2025-02-01 19:30:00+00:00,1,1.4822,1.3705474291324944,1.705505141735011,1.3705474291324944,stop,-1.0,-1.0166076411365086,223,55.75,0.11165257086750557
OP,2025-02-04 15:15:00+00:00,2025-02-04 15:15:00+00:00,2025-02-08 15:15:00+00:00,-1,1.0951,1.2453429309020954,0.7946141381958092,1.0317,tempo,0.421983248192316,0.41278201661556485,384,96.0,0.1502429309020954
OP,2025-02-11 19:45:00+00:00,2025-02-11 19:45:00+00:00,2025-02-15 19:45:00+00:00,1,1.0548,0.9784976634459517,1.2074046731080965,1.1295,tempo,0.9790001640000463,0.9603926735335611,384,96.0,0.07630233655404828
OP,2025-02-17 00:45:00+00:00,2025-02-17 00:45:00+00:00,2025-02-17 15:00:00+00:00,-1,1.1275,1.189455352610096,1.003589294779808,1.189455352610096,stop,-1.0,-1.0243081657314488,57,14.25,0.06195535261009599
OP,2025-02-18 13:15:00+00:00,2025-02-18 13:15:00+00:00,2025-02-22 13:15:00+00:00,1,1.0977,1.0297959699421313,1.233508060115737,1.1166,tempo,0.27833399555068145,0.25713797818951134,384,96.0,0.0679040300578686
OP,2025-02-22 18:30:00+00:00,2025-02-22 18:30:00+00:00,2025-02-24 14:30:00+00:00,1,1.15,1.0816947926369196,1.2866104147261606,1.0816947926369196,stop,-1.0,-1.0212370574838203,176,44.0,0.06830520736308032
OP,2025-02-26 05:00:00+00:00,2025-02-26 05:00:00+00:00,2025-02-27 01:00:00+00:00,-1,1.0911,1.1808116817510084,0.9116766364979831,1.1808116817510084,stop,-1.0,-1.01646098439261,80,20.0,0.08971168175100841
OP,2025-02-28 23:45:00+00:00,2025-02-28 23:45:00+00:00,2025-03-02 17:30:00+00:00,-1,1.0831,1.1680420632002955,0.9132158735994089,1.1680420632002955,stop,-1.0,-1.0172263574247051,167,41.75,0.08494206320029551
OP,2025-03-03 22:45:00+00:00,2025-03-03 22:45:00+00:00,2025-03-07 22:45:00+00:00,-1,0.9885,1.073288799156564,0.818922401686872,0.9731,tempo,0.1816277639640079,0.1665899286286399,384,96.0,0.08478879915656401
OP,2025-03-12 16:30:00+00:00,2025-03-12 16:30:00+00:00,2025-03-16 16:30:00+00:00,-1,0.8374,0.9103426519269666,0.6915146961460669,0.8526,tempo,-0.20838288159880594,-0.22344265761435123,384,96.0,0.07294265192696658
OP,2025-03-17 01:00:00+00:00,2025-03-17 01:00:00+00:00,2025-03-17 18:45:00+00:00,-1,0.8419,0.8926420224698098,0.7404159550603803,0.8926420224698098,stop,-1.0,-1.0222193018671295,71,17.75,0.050742022469809855
OP,2025-03-20 06:00:00+00:00,2025-03-20 06:00:00+00:00,2025-03-21 09:15:00+00:00,1,0.9022,0.8543198049190697,0.9979603901618607,0.8543198049190697,stop,-1.0,-1.023845723085872,109,27.25,0.04788019508093033
OP,2025-03-24 00:30:00+00:00,2025-03-24 00:30:00+00:00,2025-03-28 00:30:00+00:00,1,0.8624,0.82823337395447,0.9307332520910601,0.8977,tempo,1.0331719600571527,0.9996870909783202,384,96.0,0.03416662604553
OP,2025-03-30 13:00:00+00:00,2025-03-30 13:00:00+00:00,2025-04-01 00:00:00+00:00,-1,0.7574,0.7951978883984767,0.6818042232030465,0.7332,fim_dados,0.6402474060158148,0.6146139634862833,140,35.0,0.03779788839847675
SUI,2023-05-06 06:30:00+00:00,2023-05-06 06:30:00+00:00,2023-05-08 01:30:00+00:00,1,1.3342,1.2050900697615854,1.5924198604768294,1.2050900697615854,stop,-1.0,-1.0127839782911907,172,43.0,0.12910993023841466
SUI,2023-05-08 23:00:00+00:00,2023-05-08 23:00:00+00:00,2023-05-10 13:15:00+00:00,-1,1.1269,1.236349726218277,0.9080005475634461,1.236349726218277,stop,-1.0,-1.014034866738528,153,38.25,0.10944972621827698
SUI,2023-05-11 21:00:00+00:00,2023-05-11 21:00:00+00:00,2023-05-14 13:30:00+00:00,-1,1.0606,1.1528382295412944,0.8761235409174111,1.1528382295412944,stop,-1.0,-1.0155980319262061,258,64.5,0.09223822954129446
SUI,2023-05-21 05:45:00+00:00,2023-05-21 05:45:00+00:00,2023-05-21 15:45:00+00:00,1,1.1486,1.095493579252069,1.2548128414958621,1.095493579252069,stop,-1.0,-1.0274667508367277,40,10.0,0.05310642074793104
SUI,2023-05-24 20:00:00+00:00,2023-05-24 20:00:00+00:00,2023-05-28 11:15:00+00:00,-1,0.9718,1.0266336639139277,0.8621326721721445,1.0266336639139277,stop,-1.0,-1.0236894963572571,349,87.25,0.054833663913927744
SUI,2023-05-28 12:00:00+00:00,2023-05-28 12:00:00+00:00,2023-05-28 22:15:00+00:00,-1,1.0116,1.0571500532223232,0.9204998935553537,1.0571500532223232,stop,-1.0,-1.0295210968916169,41,10.25,0.045550053222323195
SUI,2023-05-30 04:45:00+00:00,2023-05-30 04:45:00+00:00,2023-05-31 02:15:00+00:00,1,1.04,0.9859587004774877,1.1480825990450247,0.9859587004774877,stop,-1.0,-1.024367903195255,86,21.5,0.054041299522512354
SUI,2023-06-01 23:45:00+00:00,2023-06-01 23:45:00+00:00,2023-06-05 15:30:00+00:00,-1,0.9486,0.9961881705260415,0.853423658947917,0.853423658947917,alvo,2.0,1.9753864171417312,351,87.75,0.04758817052604147
SUI,2023-06-06 22:30:00+00:00,2023-06-06 22:30:00+00:00,2023-06-07 14:30:00+00:00,1,0.8261,0.7533796413446634,0.971540717310673,0.7533796413446634,stop,-1.0,-1.0141179414658825,64,16.0,0.07272035865533655
SUI,2023-06-09 01:45:00+00:00,2023-06-09 01:45:00+00:00,2023-06-10 04:30:00+00:00,-1,0.7286,0.7855665273249834,0.6146669453500332,0.6146669453500332,alvo,2.0,1.9846730430047717,107,26.75,0.05696652732498342
SUI,2023-06-11 02:00:00+00:00,2023-06-11 02:00:00+00:00,2023-06-12 11:15:00+00:00,-1,0.5975,0.672439377202342,0.447621245595316,0.672439377202342,stop,-1.0,-1.0110150447734936,133,33.25,0.074939377202342
SUI,2023-06-13 03:30:00+00:00,2023-06-13 03:30:00+00:00,2023-06-15 07:15:00+00:00,1,0.7007,0.6231106952241057,0.8558786095517886,0.6231106952241057,stop,-1.0,-1.0110901490144941,207,51.75,0.07758930477589432
SUI,2023-06-20 15:45:00+00:00,2023-06-20 15:45:00+00:00,2023-06-22 01:45:00+00:00,1,0.7555,0.6970670576989733,0.8723658846020533,0.8723658846020533,alvo,2.0,1.9818918441665954,136,34.0,0.05843294230102669
SUI,2023-06-27 18:45:00+00:00,2023-06-27 18:45:00+00:00,2023-06-28 08:15:00+00:00,1,0.7211,0.6742041311331404,0.8148917377337191,0.6742041311331404,stop,-1.0,-1.0193396072436876,54,13.5,0.04689586886685959
SUI,2023-07-03 17:00:00+00:00,2023-07-03 17:00:00+00:00,2023-07-05 10:45:00+00:00,1,0.7018,0.6574672336245356,0.7904655327509287,0.6574672336245356,stop,-1.0,-1.0199293609239988,167,41.75,0.04433276637546435
SUI,2023-07-06 08:45:00+00:00,2023-07-06 08:45:00+00:00,2023-07-06 14:45:00+00:00,1,0.673,0.6356372351334739,0.7477255297330523,0.6356372351334739,stop,-1.0,-1.0227663612657005,24,6.0,0.03736276486652612
SUI,2023-07-07 08:45:00+00:00,2023-07-07 08:45:00+00:00,2023-07-11 08:45:00+00:00,-1,0.6494,0.6872684460658287,0.5736631078683425,0.662,tempo,-0.3327308434599298,-0.3552406131641899,384,96.0,0.03786844606582873
SUI,2023-07-16 18:15:00+00:00,2023-07-16 18:15:00+00:00,2023-07-17 14:15:00+00:00,-1,0.6868,0.7257500937995304,0.6088998124009392,0.7257500937995304,stop,-1.0,-1.0235726662352933,80,20.0,0.038950093799530405
SUI,2023-07-18 00:45:00+00:00,2023-07-18 00:45:00+00:00,2023-07-20 14:45:00+00:00,1,0.7462,0.697865132268359,0.8428697354632819,0.697865132268359,stop,-1.0,-1.0194195697645403,248,62.0,0.048334867731640974
SUI,2023-07-22 11:30:00+00:00,2023-07-22 11:30:00+00:00,2023-07-24 10:00:00+00:00,-1,0.6887,0.7278788838306708,0.6103422323386584,0.6103422323386584,alvo,2.0,1.9784481493993171,186,46.5,0.03917888383067081
SUI,2023-07-25 11:30:00+00:00,2023-07-25 11:30:00+00:00,2023-07-29 11:30:00+00:00,-1,0.635,0.6682268057609848,0.5685463884780304,0.628,tempo,0.2106732753775407,0.1859658146030847,384,96.0,0.0332268057609848
SUI,2023-08-03 01:45:00+00:00,2023-08-03 01:45:00+00:00,2023-08-07 01:45:00+00:00,-1,0.6176,0.6398292831791819,0.5731414336416364,0.5949,tempo,1.0211755285595112,0.9857211689363411,384,96.0,0.022229283179181825
SUI,2023-08-07 02:00:00+00:00,2023-08-07 02:00:00+00:00,2023-08-07 16:15:00+00:00,1,0.5958,0.5749480371367606,0.6375039257264788,0.5749480371367606,stop,-1.0,-1.0364947045575483,57,14.25,0.020851962863239426
SUI,2023-08-07 16:30:00+00:00,2023-08-07 16:30:00+00:00,2023-08-09 12:45:00+00:00,1,0.5722,0.5512421223243913,0.6141157553512175,0.6141157553512175,alvo,2.0,1.963206902296423,177,44.25,0.02095787767560875
SUI,2023-08-10 03:45:00+00:00,2023-08-10 03:45:00+00:00,2023-08-14 03:45:00+00:00,1,0.5971,0.5736637497062482,0.6439725005875034,0.5972,tempo,0.00426689418087712,-0.028856792000566567,384,96.0,0.023436250293751737
SUI,2023-08-16 06:30:00+00:00,2023-08-16 06:30:00+00:00,2023-08-16 16:15:00+00:00,1,0.5629,0.5345706283816131,0.6195587432367737,0.5345706283816131,stop,-1.0,-1.0251807882665867,39,9.75,0.02832937161838689
SUI,2023-08-16 16:45:00+00:00,2023-08-16 16:45:00+00:00,2023-08-16 21:15:00+00:00,1,0.5413,0.5140707653102575,0.595758469379485,0.5140707653102575,stop,-1.0,-1.0251931795097453,18,4.5,0.027229234689742476
SUI,2023-08-17 01:00:00+00:00,2023-08-17 01:00:00+00:00,2023-08-17 21:45:00+00:00,1,0.5251,0.49528331216075683,0.5847333756784864,0.49528331216075683,stop,-1.0,-1.0222442263366207,83,20.75,0.029816687839243183
SUI,2023-08-19 04:15:00+00:00,2023-08-19 04:15:00+00:00,2023-08-19 19:15:00+00:00,-1,0.4966,0.5577106747580896,0.37437865048382085,0.5577106747580896,stop,-1.0,-1.011214111794798,60,15.0,0.06111067475808957
SUI,2023-08-22 00:15:00+00:00,2023-08-22 00:15:00+00:00,2023-08-23 01:45:00+00:00,-1,0.5154,0.5638392341040214,0.41852153179195717,0.5638392341040214,stop,-1.0,-1.0144821757639924,102,25.5,0.0484392341040214
SUI,2023-08-23 03:00:00+00:00,2023-08-23 03:00:00+00:00,2023-08-23 16:45:00+00:00,-1,0.5674,0.6193787510810369,0.46344249783792624,0.6193787510810369,stop,-1.0,-1.0148407988295067,55,13.75,0.05197875108103689
SUI,2023-08-25 07:30:00+00:00,2023-08-25 07:30:00+00:00,2023-08-26 02:15:00+00:00,-1,0.5424,0.5848925146369667,0.4574149707260666,0.5848925146369667,stop,-1.0,-1.0172439814582444,75,18.75,0.04249251463696668
SUI,2023-09-05 21:00:00+00:00,2023-09-05 21:00:00+00:00,2023-09-09 21:00:00+00:00,1,0.4841,0.4629049594764741,0.5264900810470518,0.4801,tempo,-0.18872339477530428,-0.21829304807718627,384,96.0,0.021195040523525888
SUI,2023-09-10 07:15:00+00:00,2023-09-10 07:15:00+00:00,2023-09-10 19:45:00+00:00,1,0.4638,0.44364383956275577,0.5041123208744884,0.44364383956275577,stop,-1.0,-1.0292634352436438,50,12.5,0.02015616043724422
SUI,2023-09-14 13:30:00+00:00,2023-09-14 13:30:00+00:00,2023-09-18 13:30:00+00:00,1,0.4402,0.4207495540085609,0.47910089198287814,0.4445,tempo,0.22107462224221636,0.19150949040651938,384,96.0,0.01945044599143908
SUI,2023-09-19 05:00:00+00:00,2023-09-19 05:00:00+00:00,2023-09-20 19:30:00+00:00,1,0.4539,0.43488457573142764,0.4919308485371448,0.43488457573142764,stop,-1.0,-1.0303811246105212,154,38.5,0.01901542426857239
SUI,2023-09-21 19:30:00+00:00,2023-09-21 19:30:00+00:00,2023-09-25 19:30:00+00:00,1,0.438,0.4214906682466034,0.47101866350679317,0.4438,tempo,0.3513164606924018,0.31659852004152855,384,96.0,0.016509331753396583
SUI,2023-09-29 08:45:00+00:00,2023-09-29 08:45:00+00:00,2023-10-01 22:30:00+00:00,1,0.4634,0.4465873054240344,0.4970253891519311,0.4970253891519311,alvo,2.0,1.962868741823147,247,61.75,0.01681269457596557
SUI,2023-10-03 12:45:00+00:00,2023-10-03 12:45:00+00:00,2023-10-07 12:45:00+00:00,-1,0.4486,0.4698865349571598,0.40602693008568036,0.443,tempo,0.26307710537531187,0.23585144365223895,384,96.0,0.02128653495715982
SUI,2023-10-07 19:15:00+00:00,2023-10-07 19:15:00+00:00,2023-10-09 10:00:00+00:00,-1,0.4392,0.45731709508036694,0.40296580983926605,0.40296580983926605,alvo,2.0,1.9697850138795852,155,38.75,0.018117095080366963
SUI,2023-10-11 15:00:00+00:00,2023-10-11 15:00:00+00:00,2023-10-15 15:00:00+00:00,1,0.4079,0.39332727232473513,0.4370454553505297,0.4077,tempo,-0.013724266620273824,-0.05010318015063766,384,96.0,0.014572727675264852
SUI,2023-10-17 13:00:00+00:00,2023-10-17 13:00:00+00:00,2023-10-17 14:00:00+00:00,1,0.3907,0.3758230415965074,0.42045391680698513,0.3758230415965074,stop,-1.0,-1.0334907152069983,4,1.0,0.014876958403492568
SUI,2023-10-17 14:45:00+00:00,2023-10-17 14:45:00+00:00,2023-10-18 02:30:00+00:00,1,0.3808,0.36534451535325707,0.41171096929348594,0.36534451535325707,stop,-1.0,-1.0313800534932964,47,11.75,0.015455484646742956
SUI,2023-10-20 21:00:00+00:00,2023-10-20 21:00:00+00:00,2023-10-23 23:15:00+00:00,1,0.3847,0.36693354251941224,0.4202329149611755,0.4202329149611755,alvo,2.0,1.9705508880824194,297,74.25,0.01776645748058775
SUI,2023-10-27 22:15:00+00:00,2023-10-27 22:15:00+00:00,2023-10-28 08:00:00+00:00,-1,0.4336,0.4675036757417091,0.3657926485165818,0.4675036757417091,stop,-1.0,-1.017275925881734,39,9.75,0.033903675741709105
SUI,2023-11-04 22:45:00+00:00,2023-11-04 22:45:00+00:00,2023-11-08 11:45:00+00:00,-1,0.5117,0.5469943371143527,0.44111132577129464,0.5469943371143527,stop,-1.0,-1.0194974994683916,340,85.0,0.0352943371143527
SUI,2023-11-09 04:45:00+00:00,2023-11-09 04:45:00+00:00,2023-11-09 16:15:00+00:00,1,0.5934,0.547548517351571,0.6851029652968582,0.547548517351571,stop,-1.0,-1.0161743196390167,46,11.5,0.04585148264842909
SUI,2023-11-13 07:15:00+00:00,2023-11-13 07:15:00+00:00,2023-11-17 07:15:00+00:00,-1,0.617,0.6773062500563243,0.4963874998873514,0.5736,tempo,0.7196600677287289,0.7068274011431394,384,96.0,0.060306250056324284
SUI,2023-11-17 21:15:00+00:00,2023-11-17 21:15:00+00:00,2023-11-21 21:15:00+00:00,-1,0.544,0.5903588550182168,0.45128228996356645,0.5325,tempo,0.24806479787909172,0.23297113347074855,384,96.0,0.046358855018216794
SUI,2023-11-28 09:00:00+00:00,2023-11-28 09:00:00+00:00,2023-12-02 09:00:00+00:00,1,0.5708,0.5324464071286472,0.6475071857427055,0.6182,tempo,1.2358685706184314,1.215717916086734,384,96.0,0.03835359287135276
SUI,2023-12-04 06:45:00+00:00,2023-12-04 06:45:00+00:00,2023-12-04 11:15:00+00:00,1,0.6261,0.5926815584842611,0.6929368830314778,0.5926815584842611,stop,-1.0,-1.0237057138838048,18,4.5,0.03341844151573892
SUI,2023-12-06 03:00:00+00:00,2023-12-06 03:00:00+00:00,2023-12-07 18:00:00+00:00,-1,0.6393,0.685881328245948,0.5461373435081038,0.685881328245948,stop,-1.0,-1.0184916981931444,156,39.0,0.04658132824594807
SUI,2023-12-14 06:45:00+00:00,2023-12-14 06:45:00+00:00,2023-12-18 06:45:00+00:00,-1,0.6512,0.7056088223307632,0.5423823553384737,0.6019,tempo,0.906103052558177,0.8911327781595072,384,96.0,0.05440882233076316
SUI,2023-12-26 21:30:00+00:00,2023-12-26 21:30:00+00:00,2023-12-30 21:30:00+00:00,-1,0.8832,0.9726660906495295,0.704267818700941,0.8104,tempo,0.8137161182685794,0.8014115681087609,384,96.0,0.08946609064952948
SUI,2023-12-31 04:30:00+00:00,2023-12-31 04:30:00+00:00,2024-01-02 02:15:00+00:00,-1,0.8059,0.8745649923293868,0.6685700153412263,0.8745649923293868,stop,-1.0,-1.0159077021340701,183,45.75,0.06866499232938683
SUI,2024-01-06 13:30:00+00:00,2024-01-06 13:30:00+00:00,2024-01-08 01:45:00+00:00,1,0.8705,0.771370575336418,1.0687588493271643,0.771370575336418,stop,-1.0,-1.0107658838694011,145,36.25,0.0991294246635821
SUI,2024-01-10 05:00:00+00:00,2024-01-10 05:00:00+00:00,2024-01-11 07:45:00+00:00,1,0.802,0.7220089594961444,0.9619820810077113,0.9619820810077113,alvo,2.0,1.9856660402786017,107,26.75,0.07999104050385564
SUI,2024-01-12 02:00:00+00:00,2024-01-12 02:00:00+00:00,2024-01-13 09:00:00+00:00,1,1.064,0.9404462271143759,1.3111075457712484,1.3111075457712484,alvo,2.0,1.9875048744470114,124,31.0,0.12355377288562419
SUI,2024-01-15 20:30:00+00:00,2024-01-15 20:30:00+00:00,2024-01-17 06:30:00+00:00,1,1.3974,1.2273206273502375,1.737558745299525,1.2273206273502375,stop,-1.0,-1.010031013057009,136,34.0,0.17007937264976247
SUI,2024-01-18 04:15:00+00:00,2024-01-18 04:15:00+00:00,2024-01-18 16:30:00+00:00,1,1.2941,1.1624065331905904,1.5574869336188193,1.1624065331905904,stop,-1.0,-1.012124589664609,49,12.25,0.13169346680940963
SUI,2024-01-20 02:00:00+00:00,2024-01-20 02:00:00+00:00,2024-01-22 00:45:00+00:00,1,1.1484,1.0326625328224164,1.3798749343551675,1.0326625328224164,stop,-1.0,-1.0122491936354483,187,46.75,0.11573746717758371
SUI,2024-01-22 16:00:00+00:00,2024-01-22 16:00:00+00:00,2024-01-24 09:45:00+00:00,1,1.0734,0.984378475173115,1.2514430496537696,1.2514430496537696,alvo,2.0,1.9830249146460521,167,41.75,0.08902152482688486
SUI,2024-01-28 14:15:00+00:00,2024-01-28 14:15:00+00:00,2024-01-29 11:30:00+00:00,-1,1.3502,1.4679563167788436,1.114687366442313,1.4679563167788436,stop,-1.0,-1.0155558670312907,85,21.25,0.11775631677884357
SUI,2024-01-31 20:15:00+00:00,2024-01-31 20:15:00+00:00,2024-02-01 10:15:00+00:00,1,1.5775,1.434065537900157,1.8643689241996857,1.434065537900157,stop,-1.0,-1.0136474705658427,56,14.0,0.1434344620998429
SUI,2024-02-03 04:45:00+00:00,2024-02-03 04:45:00+00:00,2024-02-05 14:00:00+00:00,1,1.4147,1.300941427157664,1.6422171456846721,1.6422171456846721,alvo,2.0,1.9825332184199522,229,57.25,0.11375857284233604
SUI,2024-02-06 22:15:00+00:00,2024-02-06 22:15:00+00:00,2024-02-09 18:30:00+00:00,1,1.5273,1.4250022470639327,1.7318955058721348,1.7318955058721348,alvo,2.0,1.9792910692755796,273,68.25,0.10229775293606735
SUI,2024-02-10 13:45:00+00:00,2024-02-10 13:45:00+00:00,2024-02-13 09:45:00+00:00,-1,1.7335,1.8413358862677718,1.5178282274644566,1.8413358862677718,stop,-1.0,-1.0215479596495745,272,68.0,0.10783588626777174
SUI,2024-02-14 03:00:00+00:00,2024-02-14 03:00:00+00:00,2024-02-14 12:15:00+00:00,-1,1.8441,1.9549928924109286,1.6223142151781431,1.9549928924109286,stop,-1.0,-1.022268427907141,37,9.25,0.11089289241092848
SUI,2024-02-15 02:15:00+00:00,2024-02-15 02:15:00+00:00,2024-02-16 09:15:00+00:00,1,1.9173,1.8069947622794793,2.1379104754410414,1.8069947622794793,stop,-1.0,-1.0219462977960774,124,31.0,0.1103052377205207
SUI,2024-02-17 14:30:00+00:00,2024-02-17 14:30:00+00:00,2024-02-19 07:45:00+00:00,-1,1.7368,1.8231653044779712,1.5640693910440573,1.8231653044779712,stop,-1.0,-1.026792905575883,165,41.25,0.0863653044779713
SUI,2024-02-19 22:15:00+00:00,2024-02-19 22:15:00+00:00,2024-02-20 15:30:00+00:00,-1,1.7902,1.87280421336834,1.62499157326332,1.62499157326332,alvo,2.0,1.9731263765841758,69,17.25,0.08260421336834001
SUI,2024-02-25 13:15:00+00:00,2024-02-25 13:15:00+00:00,2024-02-28 17:45:00+00:00,1,1.6334,1.5492663507833042,1.8016672984333915,1.5492663507833042,stop,-1.0,-1.0245886532590651,306,76.5,0.08413364921669575
SUI,2024-02-29 21:00:00+00:00,2024-02-29 21:00:00+00:00,2024-03-03 07:30:00+00:00,-1,1.6873,1.8114852433910664,1.4389295132178672,1.4389295132178672,alvo,2.0,1.9836369513147984,234,58.5,0.1241852433910664
SUI,2024-03-04 18:15:00+00:00,2024-03-04 18:15:00+00:00,2024-03-05 20:00:00+00:00,1,1.4566,1.3576827371516482,1.6544345256967032,1.3576827371516482,stop,-1.0,-1.0184930691213425,103,25.75,0.09891726284835167
SUI,2024-03-08 02:15:00+00:00,2024-03-08 02:15:00+00:00,2024-03-12 02:15:00+00:00,-1,1.5864,1.740289606757482,1.278620786485036,1.6005,tempo,-0.09162412132367394,-0.10508497188822505,384,96.0,0.15388960675748198
SUI,2024-03-22 23:45:00+00:00,2024-03-22 23:45:00+00:00,2024-03-26 23:45:00+00:00,1,1.7126,1.537645535696271,2.062508928607458,1.8728,tempo,0.9156668315813061,0.9023461654909906,384,96.0,0.17495446430372885
SUI,2024-03-28 07:30:00+00:00,2024-03-28 07:30:00+00:00,2024-04-01 07:30:00+00:00,-1,2.0229,2.2090993616707384,1.650501276658523,1.9021,tempo,0.6487669931630272,0.6350652813144579,384,96.0,0.18619936167073847
SUI,2024-04-04 00:15:00+00:00,2024-04-04 00:15:00+00:00,2024-04-05 09:30:00+00:00,1,1.683,1.5604318402467259,1.9281363195065484,1.5604318402467259,stop,-1.0,-1.0172004760486262,133,33.25,0.12256815975327418
SUI,2024-04-06 07:45:00+00:00,2024-04-06 07:45:00+00:00,2024-04-10 07:45:00+00:00,-1,1.6272,1.725308481450817,1.4309830370983658,1.5657,tempo,0.6268571186766412,0.6057031371929872,384,96.0,0.09810848145081708
SUI,2024-04-13 10:00:00+00:00,2024-04-13 10:00:00+00:00,2024-04-13 20:15:00+00:00,-1,1.2156,1.335218362979314,0.9763632740413721,0.9763632740413721,alvo,2.0,1.9880889848962966,41,10.25,0.11961836297931394
SUI,2024-04-13 23:30:00+00:00,2024-04-13 23:30:00+00:00,2024-04-17 18:30:00+00:00,1,1.0587,0.9153949099263912,1.3453101801472176,1.3453101801472176,alvo,2.0,1.9890959447686536,364,91.0,0.1433050900736088
SUI,2024-04-18 14:15:00+00:00,2024-04-18 14:15:00+00:00,2024-04-19 19:30:00+00:00,-1,1.2452,1.3816210239580258,0.9723579520839487,1.3816210239580258,stop,-1.0,-1.012515912987855,117,29.25,0.1364210239580257
SUI,2024-04-21 04:30:00+00:00,2024-04-21 04:30:00+00:00,2024-04-24 14:45:00+00:00,1,1.4041,1.2772304379453325,1.6578391241093346,1.2772304379453325,stop,-1.0,-1.0137374540940993,329,82.25,0.12686956205466737
SUI,2024-04-25 09:45:00+00:00,2024-04-25 09:45:00+00:00,2024-04-27 01:30:00+00:00,1,1.2117,1.1318850263306872,1.3713299473386256,1.1318850263306872,stop,-1.0,-1.019085770464905,159,39.75,0.07981497366931278
SUI,2024-04-27 13:00:00+00:00,2024-04-27 13:00:00+00:00,2024-05-01 13:00:00+00:00,-1,1.1956,1.265998280363694,1.054803439272612,1.1168,tempo,1.119345523681839,1.0979947180622296,384,96.0,0.070398280363694
SUI,2024-05-02 21:45:00+00:00,2024-05-02 21:45:00+00:00,2024-05-06 21:45:00+00:00,-1,1.1212,1.1891480313024618,0.9853039373950763,1.0979,tempo,0.3429091255975165,0.3216809167392013,384,96.0,0.06794803130246185
SUI,2024-05-07 22:15:00+00:00,2024-05-07 22:15:00+00:00,2024-05-11 22:15:00+00:00,-1,1.0992,1.1659096924204384,0.9657806151591231,0.9973,tempo,1.5275141632759195,1.5070864720281258,384,96.0,0.06670969242043845
SUI,2024-05-14 10:00:00+00:00,2024-05-14 10:00:00+00:00,2024-05-15 18:30:00+00:00,-1,0.94,0.9907033350884528,0.8385933298230943,0.9907033350884528,stop,-1.0,-1.0247509787200033,130,32.5,0.05070333508845282
SUI,2024-05-18 18:15:00+00:00,2024-05-18 18:15:00+00:00,2024-05-20 18:00:00+00:00,-1,1.0726,1.1372482739690588,0.9433034520618824,1.1372482739690588,stop,-1.0,-1.0222187119607766,191,47.75,0.06464827396905881
SUI,2024-05-22 14:30:00+00:00,2024-05-22 14:30:00+00:00,2024-05-26 14:30:00+00:00,-1,1.0954,1.1586869328089653,0.9688261343820692,1.0279,tempo,1.0665708860271659,1.044763145649448,384,96.0,0.06328693280896536
SUI,2024-05-28 21:00:00+00:00,2024-05-28 21:00:00+00:00,2024-05-30 08:00:00+00:00,1,1.0434,0.9964370668819563,1.1373258662360877,0.9964370668819563,stop,-1.0,-1.0282327786073449,140,35.0,0.04696293311804378
SUI,2024-06-02 07:30:00+00:00,2024-06-02 07:30:00+00:00,2024-06-05 11:45:00+00:00,1,1.017,0.979983335435774,1.0910333291284517,1.0910333291284517,alvo,2.0,1.9629836539822196,305,76.25,0.03701666456422592
SUI,2024-06-06 20:00:00+00:00,2024-06-06 20:00:00+00:00,2024-06-07 04:30:00+00:00,-1,1.1001,1.1417673456227486,1.016765308754503,1.1417673456227486,stop,-1.0,-1.0349725607157279,34,8.5,0.04166734562274854
SUI,2024-06-07 09:00:00+00:00,2024-06-07 09:00:00+00:00,2024-06-07 18:15:00+00:00,1,1.1576,1.1127584399609634,1.2472831200780732,1.1127584399609634,stop,-1.0,-1.032909938563465,37,9.25,0.04484156003903661
SUI,2024-06-08 13:00:00+00:00,2024-06-08 13:00:00+00:00,2024-06-12 13:00:00+00:00,-1,1.0911,1.2009301846198042,0.8714396307603915,1.0291,tempo,0.5645078373911832,0.5519600118114427,384,96.0,0.1098301846198042
SUI,2024-06-13 08:15:00+00:00,2024-06-13 08:15:00+00:00,2024-06-17 08:15:00+00:00,-1,0.9913,1.0618409955418133,0.8502180089163732,0.9211,tempo,0.9951659947638347,0.9775441850565536,384,96.0,0.07054099554181337
SUI,2024-06-17 13:45:00+00:00,2024-06-17 13:45:00+00:00,2024-06-18 01:30:00+00:00,1,0.8982,0.8478932058203363,0.9988135883593273,0.8478932058203363,stop,-1.0,-1.0225607813475426,47,11.75,0.05030679417966366
SUI,2024-06-18 08:30:00+00:00,2024-06-18 08:30:00+00:00,2024-06-20 08:00:00+00:00,-1,0.8157,0.8921456245445301,0.6628087509109398,0.8921456245445301,stop,-1.0,-1.0145214283036867,190,47.5,0.07644562454453008
SUI,2024-06-23 04:15:00+00:00,2024-06-23 04:15:00+00:00,2024-06-27 04:15:00+00:00,-1,0.8994,0.957228971501088,0.783742056997824,0.8392,tempo,1.041000703235184,1.0214587682730736,384,96.0,0.05782897150108801
SUI,2024-06-28 01:45:00+00:00,2024-06-28 01:45:00+00:00,2024-06-28 17:15:00+00:00,1,0.8421,0.7954031096644871,0.9354937806710256,0.7954031096644871,stop,-1.0,-1.0227933169346923,62,15.5,0.04669689033551283
SUI,2024-06-29 13:00:00+00:00,2024-06-29 13:00:00+00:00,2024-07-02 13:45:00+00:00,-1,0.7978,0.8365066955707069,0.7203866088585861,0.8365066955707069,stop,-1.0,-1.0274448473696345,291,72.75,0.03870669557070694
SUI,2024-07-02 19:15:00+00:00,2024-07-02 19:15:00+00:00,2024-07-04 01:30:00+00:00,-1,0.8258,0.8586223811734905,0.7601552376530188,0.7601552376530188,alvo,2.0,1.96859244004798,121,30.25,0.03282238117349057
SUI,2024-07-06 11:30:00+00:00,2024-07-06 11:30:00+00:00,2024-07-08 01:15:00+00:00,1,0.6718,0.6150006632131714,0.7853986735736571,0.6150006632131714,stop,-1.0,-1.0147258837586026,151,37.75,0.05679933678682858
SUI,2024-07-09 11:00:00+00:00,2024-07-09 11:00:00+00:00,2024-07-13 11:00:00+00:00,1,0.6866,0.6328610769707126,0.7940778460585748,0.7588,tempo,1.3435326934380778,1.3260498347010694,384,96.0,0.0537389230292874
SUI,2024-07-14 11:45:00+00:00,2024-07-14 11:45:00+00:00,2024-07-18 11:45:00+00:00,1,0.812,0.7641079431428043,0.9077841137143916,0.8448,tempo,0.6848734874303429,0.6623870863302367,384,96.0,0.047892056857195775
SUI,2024-07-21 00:45:00+00:00,2024-07-21 00:45:00+00:00,2024-07-23 17:00:00+00:00,1,0.8465,0.8024885181381093,0.9345229637237815,0.8024885181381093,stop,-1.0,-1.0243537025213838,257,64.25,0.044011481861890744
SUI,2024-07-23 20:15:00+00:00,2024-07-23 20:15:00+00:00,2024-07-25 01:30:00+00:00,-1,0.8218,0.8648412990661432,0.7357174018677136,0.7357174018677136,alvo,2.0,1.9764787231524252,117,29.25,0.04304129906614318
SUI,2024-07-25 20:15:00+00:00,2024-07-25 20:15:00+00:00,2024-07-26 00:15:00+00:00,-1,0.7139,0.7528940703897221,0.6359118592205557,0.7528940703897221,stop,-1.0,-1.0244502852927253,16,4.0,0.038994070389722135
SUI,2024-08-04 08:15:00+00:00,2024-08-04 08:15:00+00:00,2024-08-04 17:00:00+00:00,1,0.6136,0.5759964003091513,0.6888071993816974,0.5759964003091513,stop,-1.0,-1.0205628627726597,35,8.75,0.0376035996908487
SUI,2024-08-05 08:15:00+00:00,2024-08-05 08:15:00+00:00,2024-08-06 00:45:00+00:00,-1,0.5107,0.5625615658787309,0.4069768682425384,0.5625615658787309,stop,-1.0,-1.0134515802984514,66,16.5,0.05186156587873081
SUI,2024-08-07 01:30:00+00:00,2024-08-07 01:30:00+00:00,2024-08-08 12:45:00+00:00,-1,0.5954,0.6598705759784833,0.4664588480430335,0.6598705759784833,stop,-1.0,-1.0126557869540103,141,35.25,0.06447057597848327
SUI,2024-08-13 16:15:00+00:00,2024-08-13 16:15:00+00:00,2024-08-15 17:45:00+00:00,1,0.938,0.8382505483688799,1.13749890326224,0.8382505483688799,stop,-1.0,-1.011574628607578,198,49.5,0.09974945163112003
SUI,2024-08-16 19:45:00+00:00,2024-08-16 19:45:00+00:00,2024-08-20 19:45:00+00:00,1,0.8209,0.7473485816177141,0.9680028367645717,0.8776,tempo,0.7708892805479294,0.7558790329649148,384,96.0,0.07355141838228585
SUI,2024-08-21 08:00:00+00:00,2024-08-21 08:00:00+00:00,2024-08-23 16:00:00+00:00,1,0.8672,0.8074563032552197,0.9866873934895606,0.9866873934895606,alvo,2.0,1.9798300595472693,224,56.0,0.059743696744780306
SUI,2024-08-27 06:30:00+00:00,2024-08-27 06:30:00+00:00,2024-08-28 01:15:00+00:00,-1,0.9504,1.010746794264004,0.829706411471992,0.829706411471992,alvo,2.0,1.9808263358216698,75,18.75,0.06034679426400402
SUI,2024-09-01 18:30:00+00:00,2024-09-01 18:30:00+00:00,2024-09-05 18:30:00+00:00,-1,0.8027,0.8586298211157856,0.6908403577684288,0.799,tempo,0.06615433280825639,0.04753984452221824,384,96.0,0.055929821115785594
SUI,2024-09-07 11:30:00+00:00,2024-09-07 11:30:00+00:00,2024-09-08 08:00:00+00:00,-1,0.8719,0.9444399868240216,0.7268200263519567,0.9444399868240216,stop,-1.0,-1.0162754508668403,82,20.5,0.07253998682402163
SUI,2024-09-11 22:45:00+00:00,2024-09-11 22:45:00+00:00,2024-09-12 14:15:00+00:00,1,0.9267,0.8644797551002402,1.0511404897995194,1.0511404897995194,alvo,1.9999999999999982,1.9793379739915689,62,15.5,0.06222024489975975
SUI,2024-09-13 11:30:00+00:00,2024-09-13 11:30:00+00:00,2024-09-15 19:00:00+00:00,1,0.9948,0.9270363698091509,1.1303272603816983,1.1303272603816983,alvo,2.0000000000000018,1.9796154262196755,222,55.5,0.06776363019084908
SUI,2024-09-16 10:30:00+00:00,2024-09-16 10:30:00+00:00,2024-09-17 12:00:00+00:00,-1,1.1078,1.1872392473302533,0.948921505339493,1.1872392473302533,stop,-1.0,-1.0187788223189338,102,25.5,0.07943924733025343
SUI,2024-09-20 16:00:00+00:00,2024-09-20 16:00:00+00:00,2024-09-23 03:30:00+00:00,-1,1.503,1.6383934585222568,1.232213082955486,1.6383934585222568,stop,-1.0,-1.0150812732780867,238,59.5,0.13539345852225693
SUI,2024-10-01 01:30:00+00:00,2024-10-01 01:30:00+00:00,2024-10-01 15:15:00+00:00,1,1.8625,1.7266858708268784,2.1341282583462435,1.7266858708268784,stop,-1.0,-1.0171776738564782,55,13.75,0.13581412917312163
SUI,2024-10-03 02:00:00+00:00,2024-10-03 02:00:00+00:00,2024-10-07 02:00:00+00:00,-1,1.9697,2.1541846338453223,1.6007307323093554,1.921,tempo,0.26397862512945963,0.25027041026469016,384,96.0,0.18448463384532232
SUI,2024-10-07 12:00:00+00:00,2024-10-07 12:00:00+00:00,2024-10-10 09:30:00+00:00,1,1.9629,1.7957598447643421,2.297180310471316,1.7957598447643421,stop,-1.0,-1.0146172467989643,278,69.5,0.16714015523565795
SUI,2024-10-15 12:15:00+00:00,2024-10-15 12:15:00+00:00,2024-10-19 12:15:00+00:00,1,2.0824,1.921374650487269,2.4044506990254613,2.058,tempo,-0.1515289367409254,-0.16824220585130997,384,96.0,0.16102534951273073
SUI,2024-10-20 19:15:00+00:00,2024-10-20 19:15:00+00:00,2024-10-22 00:45:00+00:00,1,2.1147,1.9924412156040494,2.3592175687919013,1.9924412156040494,stop,-1.0,-1.0218359916085593,118,29.5,0.12225878439595061
SUI,2024-10-23 23:30:00+00:00,2024-10-23 23:30:00+00:00,2024-10-25 23:15:00+00:00,-1,1.9863,2.0957174881790572,1.7674650236418854,1.7674650236418854,alvo,2.0,1.9777005732267008,191,47.75,0.10941748817905728
SUI,2024-11-04 02:30:00+00:00,2024-11-04 02:30:00+00:00,2024-11-04 22:00:00+00:00,1,1.9273,1.7904373721353153,2.2010252557293697,1.7904373721353153,stop,-1.0,-1.0176566045062145,78,19.5,0.13686262786468473
SUI,2024-11-05 00:30:00+00:00,2024-11-05 00:30:00+00:00,2024-11-05 14:30:00+00:00,-1,1.8643,1.9981837828236213,1.5965324343527576,1.9981837828236213,stop,-1.0,-1.0187521924305265,56,14.0,0.13388378282362123
SUI,2024-11-07 00:15:00+00:00,2024-11-07 00:15:00+00:00,2024-11-09 19:15:00+00:00,-1,2.2929,2.47641332879695,1.9258733424060996,2.47641332879695,stop,-1.0,-1.0168927983816811,268,67.0,0.18351332879695015
SUI,2024-11-14 01:45:00+00:00,2024-11-14 01:45:00+00:00,2024-11-18 01:45:00+00:00,1,3.3174,2.9425084876321996,4.067183024735601,3.8476,tempo,1.4142758171591476,1.4018528898685696,384,96.0,0.3748915123678005
SUI,2024-11-19 03:00:00+00:00,2024-11-19 03:00:00+00:00,2024-11-21 10:30:00+00:00,1,3.7199,3.3633154268550163,4.433069146289967,3.3633154268550163,stop,-1.0,-1.0129116354834111,222,55.5,0.3565845731449837
SUI,2024-11-21 11:00:00+00:00,2024-11-21 11:00:00+00:00,2024-11-25 11:00:00+00:00,-1,3.4222,3.7410934390921757,2.784413121815649,3.4647,tempo,-0.13327335965577966,-0.14731091719457268,384,96.0,0.3188934390921756
SUI,2024-11-26 15:15:00+00:00,2024-11-26 15:15:00+00:00,2024-11-30 15:15:00+00:00,1,3.4369,3.0972600332695377,4.116179933460925,3.434,tempo,-0.00853845331548197,-0.02168792168633562,384,96.0,0.3396399667304624
SUI,2024-12-01 09:30:00+00:00,2024-12-01 09:30:00+00:00,2024-12-02 08:45:00+00:00,1,3.4134,3.183311505462213,3.8735769890755742,3.183311505462213,stop,-1.0,-1.0186357100869563,93,23.25,0.23008849453778701
SUI,2024-12-03 06:45:00+00:00,2024-12-03 06:45:00+00:00,2024-12-05 03:15:00+00:00,1,3.5037,3.2733405318113973,3.964418936377205,3.964418936377205,alvo,2.0,1.978927380989303,178,44.5,0.23035946818860253
SUI,2024-12-11 13:15:00+00:00,2024-12-11 13:15:00+00:00,2024-12-12 00:45:00+00:00,1,3.7687,3.39717211243809,4.51175577512382,4.51175577512382,alvo,2.0,1.985513076046186,46,11.5,0.37152788756191013
SUI,2024-12-12 12:00:00+00:00,2024-12-12 12:00:00+00:00,2024-12-16 12:00:00+00:00,-1,4.7154,5.18415339373164,3.7778932125367186,4.6323,tempo,0.1772787165090358,0.16431666635377123,384,96.0,0.4687533937316406
SUI,2024-12-20 04:00:00+00:00,2024-12-20 04:00:00+00:00,2024-12-20 10:15:00+00:00,1,4.0605,3.6892519358849265,4.802996128230148,3.6892519358849265,stop,-1.0,-1.0135686600018574,25,6.25,0.3712480641150737
SUI,2024-12-26 03:30:00+00:00,2024-12-26 03:30:00+00:00,2024-12-27 23:45:00+00:00,1,4.4268,4.05650777133089,5.167384457338221,4.05650777133089,stop,-1.0,-1.0148913469536853,177,44.25,0.3702922286691104
SUI,2024-12-28 00:45:00+00:00,2024-12-28 00:45:00+00:00,2025-01-01 00:45:00+00:00,1,4.0609,3.7549205155966763,4.672858968806648,4.1541,tempo,0.3045955848371482,0.28714425142369143,384,96.0,0.3059794844033239
SUI,2025-01-01 08:30:00+00:00,2025-01-01 08:30:00+00:00,2025-01-02 07:30:00+00:00,-1,4.1245,4.377804440217754,3.6178911195644927,4.377804440217754,stop,-1.0,-1.0218176115720303,92,23.0,0.2533044402177538
SUI,2025-01-03 12:00:00+00:00,2025-01-03 12:00:00+00:00,2025-01-03 15:45:00+00:00,-1,4.3603,4.587287542570123,3.906324914859753,4.587287542570123,stop,-1.0,-1.0256222514981141,15,3.75,0.22698754257012332
SUI,2025-01-05 10:45:00+00:00,2025-01-05 10:45:00+00:00,2025-01-08 06:45:00+00:00,-1,5.1996,5.489845250186929,4.619109499626143,4.619109499626143,alvo,2.0,1.9780111434359506,272,68.0,0.2902452501869286
SUI,2025-01-08 20:00:00+00:00,2025-01-08 20:00:00+00:00,2025-01-12 20:00:00+00:00,1,4.6424,4.3334447119689345,5.260310576062132,4.7626,tempo,0.3890530593148916,0.36926621559728123,384,96.0,0.30895528803106576
SUI,2025-01-16 10:45:00+00:00,2025-01-16 10:45:00+00:00,2025-01-20 10:45:00+00:00,1,4.6102,4.303345643739909,5.223908712520182,4.775,tempo,0.5370626052325465,0.517182229166354,384,96.0,0.30685435626009117
SUI,2025-01-22 13:00:00+00:00,2025-01-22 13:00:00+00:00,2025-01-26 13:00:00+00:00,-1,4.5684,4.943042487727498,3.8191150245450034,4.1508,tempo,1.1146626815689602,1.0995349793310807,384,96.0,0.3746424877274981
SUI,2025-01-26 20:30:00+00:00,2025-01-26 20:30:00+00:00,2025-01-27 05:45:00+00:00,-1,4.1218,4.362611965608343,3.6401760687833153,3.6401760687833153,alvo,2.0,1.97904886315776,37,9.25,0.2408119656083425
SUI,2025-01-27 06:00:00+00:00,2025-01-27 06:00:00+00:00,2025-01-30 09:15:00+00:00,1,3.695,3.4695370870313345,4.145925825937331,4.145925825937331,alvo,2.0000000000000018,1.9773949439411032,301,75.25,0.22546291296866539
SUI,2025-01-30 19:45:00+00:00,2025-01-30 19:45:00+00:00,2025-02-02 17:30:00+00:00,-1,4.1227,4.471403601706579,3.4252927965868416,3.4252927965868416,alvo,2.0,1.9859301845642827,279,69.75,0.3487036017065792
SUI,2025-02-05 23:30:00+00:00,2025-02-05 23:30:00+00:00,2025-02-09 23:30:00+00:00,-1,3.321,3.7423550185212284,2.4782899629575437,2.9531,tempo,0.8731354412038763,0.8634567502645526,384,96.0,0.42135501852122825
SUI,2025-02-12 19:15:00+00:00,2025-02-12 19:15:00+00:00,2025-02-14 18:00:00+00:00,-1,3.3702,3.712010102916557,2.6865797941668865,3.712010102916557,stop,-1.0,-1.0134678189076802,187,46.75,0.3418101029165568
SUI,2025-02-15 20:00:00+00:00,2025-02-15 20:00:00+00:00,2025-02-19 20:00:00+00:00,-1,3.3947,3.6565994705394735,2.8709010589210524,3.1733,tempo,0.8453625337384195,0.8290616225864952,384,96.0,0.2618994705394737
SUI,2025-02-20 02:45:00+00:00,2025-02-20 02:45:00+00:00,2025-02-24 02:45:00+00:00,1,3.2129,3.0046518284326416,3.6293963431347165,3.3555,tempo,0.6847599137449137,0.6642581250959841,384,96.0,0.2082481715673583
SUI,2025-02-24 12:15:00+00:00,2025-02-24 12:15:00+00:00,2025-02-24 15:15:00+00:00,1,3.2035,3.0073539086874206,3.595792182625159,3.0073539086874206,stop,-1.0,-1.0205818786070702,12,3.0,0.19614609131257943
SUI,2025-02-25 05:30:00+00:00,2025-02-25 05:30:00+00:00,2025-02-28 02:45:00+00:00,1,2.8398,2.6014162511779975,3.3165674976440047,2.6014162511779975,stop,-1.0,-1.0148365422590386,277,69.25,0.23838374882200242
SUI,2025-03-03 01:00:00+00:00,2025-03-03 01:00:00+00:00,2025-03-03 22:00:00+00:00,-1,3.1593,3.4360465552754555,2.605806889449089,2.605806889449089,alvo,2.0,1.9864593816735603,84,21.0,0.27674655527545555
SUI,2025-03-05 07:15:00+00:00,2025-03-05 07:15:00+00:00,2025-03-06 06:00:00+00:00,-1,2.4658,2.7121091692551467,1.9731816614897073,2.7121091692551467,stop,-1.0,-1.0136642942290526,91,22.75,0.24630916925514645
SUI,2025-03-07 21:30:00+00:00,2025-03-07 21:30:00+00:00,2025-03-10 19:15:00+00:00,-1,2.6824,2.991521768304191,2.0641564633916176,2.0641564633916176,alvo,2.0,1.9900192674293695,279,69.75,0.30912176830419114
SUI,2025-03-15 07:15:00+00:00,2025-03-15 07:15:00+00:00,2025-03-19 07:15:00+00:00,-1,2.3557,2.548641861632362,1.9698162767352767,2.3068,tempo,0.25344422193446003,0.2377367700919218,384,96.0,0.1929418616323617
SUI,2025-03-21 14:30:00+00:00,2025-03-21 14:30:00+00:00,2025-03-25 14:30:00+00:00,1,2.2624,2.132499931578436,2.522200136843128,2.4312,tempo,1.299460439483328,1.2759743856492445,384,96.0,0.1299000684215641
SUI,2025-03-26 02:15:00+00:00,2025-03-26 02:15:00+00:00,2025-03-27 01:15:00+00:00,1,2.4667,2.352255003454362,2.6955899930912754,2.6955899930912754,alvo,2.0,1.9706803390555283,92,23.0,0.11444499654563778
SUI,2025-03-30 15:30:00+00:00,2025-03-30 15:30:00+00:00,2025-04-01 00:00:00+00:00,-1,2.3536,2.512173740311617,2.036452519376766,2.2657,fim_dados,0.5543162432018439,0.5353815507735792,130,32.5,0.15857374031161697
