activo,sinal_em,entrada_em,saida_em,lado,entrada,stop,alvo,saida,motivo,R_bruto,R_liquido,duracao,duracao_h,R_preco
BTC,2020-09-04 16:00:00+00:00,2020-09-04 16:00:00+00:00,2020-09-05 16:00:00+00:00,1,10428.91,9787.530586906007,11711.668826187986,10274.78,tempo,-0.24031017655599693,-0.2612921385979059,96,24.0,641.3794130939932
BTC,2020-09-05 20:00:00+00:00,2020-09-05 20:00:00+00:00,2020-09-06 20:00:00+00:00,1,9960.76,9714.086439940436,10454.107120119128,10257.52,tempo,1.2030474604912744,1.1497710493638449,96,24.0,246.6735600595639
BTC,2020-09-09 00:00:00+00:00,2020-09-09 00:00:00+00:00,2020-09-10 00:00:00+00:00,1,10130.0,9777.837757947274,10834.324484105451,10219.29,tempo,0.25354790871257693,0.2159884065271619,96,24.0,352.16224205272556
BTC,2020-09-15 12:00:00+00:00,2020-09-15 12:00:00+00:00,2020-09-15 12:45:00+00:00,-1,10814.01,10922.29929752604,10597.43140494792,10922.29929752604,stop,-1.0,-1.1304708901634017,3,0.75,108.28929752604017
BTC,2020-09-15 16:00:00+00:00,2020-09-15 16:00:00+00:00,2020-09-16 15:45:00+00:00,-1,10780.01,10967.848221747221,10404.333556505559,10967.848221747221,stop,-1.0,-1.075256823199482,95,23.75,187.8382217472208
BTC,2020-10-02 08:00:00+00:00,2020-10-02 08:00:00+00:00,2020-10-03 08:00:00+00:00,1,10483.89,10341.360214248407,10768.949571503184,10523.67,tempo,0.2790995565609779,0.18329562387424522,96,24.0,142.5297857515925
BTC,2020-10-16 08:00:00+00:00,2020-10-16 08:00:00+00:00,2020-10-17 08:00:00+00:00,1,11309.01,11138.059190863114,11650.911618273773,11340.95,tempo,0.18683737246557902,0.10071625917964418,96,24.0,170.95080913688616
BTC,2020-10-19 04:00:00+00:00,2020-10-19 04:00:00+00:00,2020-10-19 13:15:00+00:00,-1,11412.59,11563.618395809986,11110.533208380028,11563.618395809986,stop,-1.0,-1.0988856127166053,37,9.25,151.02839580998625
BTC,2020-10-20 08:00:00+00:00,2020-10-20 08:00:00+00:00,2020-10-20 11:15:00+00:00,-1,11730.22,11879.99392959429,11430.672140811419,11879.99392959429,stop,-1.0,-1.1024653562593136,13,3.25,149.77392959429017
BTC,2020-10-20 12:00:00+00:00,2020-10-20 12:00:00+00:00,2020-10-20 15:45:00+00:00,-1,11774.09,11976.747961608247,11368.774076783506,11976.747961608247,stop,-1.0,-1.0761778345767055,15,3.75,202.6579616082472
BTC,2020-10-20 20:00:00+00:00,2020-10-20 20:00:00+00:00,2020-10-21 03:00:00+00:00,-1,11907.17,12091.17375100907,11539.16249798186,12091.17375100907,stop,-1.0,-1.0847750295991903,28,7.0,184.00375100906967
BTC,2020-10-21 20:00:00+00:00,2020-10-21 20:00:00+00:00,2020-10-21 21:30:00+00:00,-1,12680.0,12985.929496925883,12068.141006148235,12985.929496925883,stop,-1.0,-1.0545316955070978,6,1.5,305.92949692588263
BTC,2020-10-22 00:00:00+00:00,2020-10-22 00:00:00+00:00,2020-10-23 00:00:00+00:00,-1,12796.06,13334.042592974285,11720.094814051428,12968.87,tempo,-0.3212185714868683,-0.3523482115880685,96,24.0,537.9825929742856
BTC,2020-10-28 00:00:00+00:00,2020-10-28 00:00:00+00:00,2020-10-28 03:00:00+00:00,-1,13629.89,13854.069813321958,13181.530373356083,13854.069813321958,stop,-1.0,-1.079688592893076,12,3.0,224.17981332195814
BTC,2020-10-31 04:00:00+00:00,2020-10-31 04:00:00+00:00,2020-10-31 08:30:00+00:00,-1,13484.44,13801.80086518735,12849.718269625302,13801.80086518735,stop,-1.0,-1.055886085866011,18,4.5,317.3608651873492
BTC,2020-11-06 04:00:00+00:00,2020-11-06 04:00:00+00:00,2020-11-07 04:00:00+00:00,-1,15451.5,16115.638527696836,14123.222944606328,15555.91,tempo,-0.15721117755671096,-0.18755848562494612,96,24.0,664.1385276968358
BTC,2020-11-08 00:00:00+00:00,2020-11-08 00:00:00+00:00,2020-11-09 00:00:00+00:00,1,14824.33,14231.063887896342,16010.862224207316,15473.2,tempo,1.093725036306519,1.0605301611936133,96,24.0,593.2661121036581
BTC,2020-11-12 20:00:00+00:00,2020-11-12 20:00:00+00:00,2020-11-12 22:15:00+00:00,-1,16058.82,16306.916278278253,15562.627443443493,16306.916278278253,stop,-1.0,-1.0847966310775767,9,2.25,248.09627827825352
BTC,2020-11-14 20:00:00+00:00,2020-11-14 20:00:00+00:00,2020-11-15 20:00:00+00:00,1,15876.51,15633.24678519822,16363.03642960356,15849.84,tempo,-0.10963433177404885,-0.19440722897021423,96,24.0,243.26321480178012
BTC,2020-11-21 04:00:00+00:00,2020-11-21 04:00:00+00:00,2020-11-22 04:00:00+00:00,-1,18669.97,19086.135505255945,17837.638989488114,18585.39,tempo,0.2032364502386729,0.14504810042552088,96,24.0,416.1655052559436
BTC,2020-11-25 16:00:00+00:00,2020-11-25 16:00:00+00:00,2020-11-26 03:15:00+00:00,-1,19148.31,19662.495335397554,18119.939329204895,18119.939329204895,alvo,2.0,1.9528878783653882,45,11.25,514.185335397553
BTC,2020-11-26 12:00:00+00:00,2020-11-26 12:00:00+00:00,2020-11-27 12:00:00+00:00,1,17113.08,16110.071880788613,19119.09623842278,16797.19,tempo,-0.3149426150691287,-0.3369181854337337,96,24.0,1003.0081192113885
BTC,2020-12-09 12:00:00+00:00,2020-12-09 12:00:00+00:00,2020-12-10 12:00:00+00:00,1,18236.78,17542.053232585975,19626.233534828047,18190.0,tempo,-0.06733582495191263,-0.10141743532102829,96,24.0,694.7267674140239
BTC,2020-12-21 00:00:00+00:00,2020-12-21 00:00:00+00:00,2020-12-22 00:00:00+00:00,-1,23472.96,24540.29267428126,21338.294651437478,22730.1,tempo,0.6959966821031136,0.6678592609188296,96,24.0,1067.3326742812606
BTC,2020-12-23 16:00:00+00:00,2020-12-23 16:00:00+00:00,2020-12-24 16:00:00+00:00,-1,23471.54,24430.724205820818,21553.171588358367,23245.29,tempo,0.23587752866133546,0.2042194390934255,96,24.0,959.1842058208167
BTC,2020-12-27 12:00:00+00:00,2020-12-27 12:00:00+00:00,2020-12-28 12:00:00+00:00,-1,27679.48,28699.460217124633,25639.519565750732,26893.96,tempo,0.7701325837616867,0.7353547170889397,96,24.0,1019.9802171246338
BTC,2021-01-04 12:00:00+00:00,2021-01-04 12:00:00+00:00,2021-01-05 12:00:00+00:00,1,30757.33,27264.259355360857,37743.47128927829,31824.53,tempo,0.30551915737456986,0.2938737561965464,96,24.0,3493.070644639145
BTC,2021-01-10 16:00:00+00:00,2021-01-10 16:00:00+00:00,2021-01-10 17:30:00+00:00,1,39723.0,38116.72415041592,42935.551699168165,38116.72415041592,stop,-1.0,-1.0314988367103142,6,1.5,1606.2758495840826
BTC,2021-01-11 08:00:00+00:00,2021-01-11 08:00:00+00:00,2021-01-11 14:15:00+00:00,1,34399.95,31905.099449236015,39389.65110152796,31905.099449236015,stop,-1.0,-1.0172748953354362,25,6.25,2494.850550763982
BTC,2021-01-20 20:00:00+00:00,2021-01-20 20:00:00+00:00,2021-01-21 09:15:00+00:00,1,35227.77,33065.41442608434,39552.48114783131,33065.41442608434,stop,-1.0,-1.0205288022064618,53,13.25,2162.355573915658
BTC,2021-01-29 16:00:00+00:00,2021-01-29 16:00:00+00:00,2021-01-30 03:45:00+00:00,-1,37176.39,39236.93005514954,33055.30988970092,33055.30988970092,alvo,2.0,1.977845320301239,47,11.75,2060.5400551495404
BTC,2021-02-04 12:00:00+00:00,2021-02-04 12:00:00+00:00,2021-02-05 12:00:00+00:00,-1,37356.21,39135.86388020474,33796.90223959051,37745.41,tempo,-0.21869421033444333,-0.24612429297185137,96,24.0,1779.6538802047435
BTC,2021-02-12 00:00:00+00:00,2021-02-12 00:00:00+00:00,2021-02-12 00:15:00+00:00,-1,48060.21,49245.37055042295,45689.888899154095,49245.37055042295,stop,-1.0,-1.0533671386000851,1,0.25,1185.160550422952
BTC,2021-02-12 04:00:00+00:00,2021-02-12 04:00:00+00:00,2021-02-13 04:00:00+00:00,-1,47690.9,49713.965145789,43644.769708422005,47926.63,tempo,-0.11652121064448516,-0.14724261110426168,96,24.0,2023.065145788998
BTC,2021-02-16 16:00:00+00:00,2021-02-16 16:00:00+00:00,2021-02-17 08:00:00+00:00,-1,49036.02,51348.41304054832,44411.233918903345,51348.41304054832,stop,-1.0,-1.0282174700979398,64,16.0,2312.393040548326
BTC,2021-02-22 12:00:00+00:00,2021-02-22 12:00:00+00:00,2021-02-22 12:30:00+00:00,1,54606.16,53032.02538765281,57754.429224694395,53032.02538765281,stop,-1.0,-1.0444465295109988,2,0.5,1574.1346123471958
BTC,2021-03-10 04:00:00+00:00,2021-03-10 04:00:00+00:00,2021-03-10 14:00:00+00:00,-1,53557.14,56272.1298910096,48127.160217980796,56272.1298910096,stop,-1.0,-1.0262943982464,40,10.0,2714.9898910096017
BTC,2021-03-18 20:00:00+00:00,2021-03-18 20:00:00+00:00,2021-03-19 20:00:00+00:00,-1,57359.68,60929.75635144045,50219.52729711911,58875.66,tempo,-0.4246351760483607,-0.44579802063836954,96,24.0,3570.076351440446
BTC,2021-03-25 04:00:00+00:00,2021-03-25 04:00:00+00:00,2021-03-25 12:30:00+00:00,1,52128.61,51062.32272732418,54261.18454535164,51062.32272732418,stop,-1.0,-1.0629043485668173,34,8.5,1066.2872726758214
BTC,2021-04-03 20:00:00+00:00,2021-04-03 20:00:00+00:00,2021-04-03 22:00:00+00:00,1,58657.01,57566.00157800991,60839.02684398018,57566.00157800991,stop,-1.0,-1.06924323955988,8,2.0,1091.0084219900891
BTC,2021-04-07 20:00:00+00:00,2021-04-07 20:00:00+00:00,2021-04-08 20:00:00+00:00,1,56216.32,55218.65231353316,58211.65537293368,57778.71,tempo,1.5660425021211994,1.4917725117174732,96,24.0,997.6676864668407
BTC,2021-04-13 08:00:00+00:00,2021-04-13 08:00:00+00:00,2021-04-13 08:30:00+00:00,-1,61133.16,61802.432740610224,59794.61451877956,61802.432740610224,stop,-1.0,-1.1193954727762243,2,0.5,669.2727406102204
BTC,2021-04-26 00:00:00+00:00,2021-04-26 00:00:00+00:00,2021-04-26 17:30:00+00:00,1,49063.94,46555.87266809842,54080.07466380317,54080.07466380317,alvo,2.0,1.973268815921046,70,17.5,2508.067331901584
BTC,2021-05-08 16:00:00+00:00,2021-05-08 16:00:00+00:00,2021-05-09 16:00:00+00:00,-1,57660.76,59870.32647411109,53241.627051777825,57461.83,tempo,0.09003123568845335,0.05616500700660115,96,24.0,2209.5664741110886
BTC,2021-05-13 04:00:00+00:00,2021-05-13 04:00:00+00:00,2021-05-14 04:00:00+00:00,1,50477.05,44923.15581558532,61584.83836882937,49203.15,tempo,-0.2293705925429431,-0.24103666464453613,96,24.0,5553.894184414683
BTC,2021-05-17 00:00:00+00:00,2021-05-17 00:00:00+00:00,2021-05-17 03:30:00+00:00,1,46429.28,43310.099909492674,52667.64018101465,43310.099909492674,stop,-1.0,-1.0187006185114764,14,3.5,3119.180090507325
BTC,2021-05-19 08:00:00+00:00,2021-05-19 08:00:00+00:00,2021-05-19 11:45:00+00:00,1,40369.92,37931.95160469239,45245.85679061522,37931.95160469239,stop,-1.0,-1.0208764874233032,15,3.75,2437.968395307609
BTC,2021-05-19 16:00:00+00:00,2021-05-19 16:00:00+00:00,2021-05-20 16:00:00+00:00,1,37304.85,27535.18054849388,56844.18890301223,41448.84,tempo,0.4241689056696949,0.41892923008454924,96,24.0,9769.669451506117
BTC,2021-05-22 00:00:00+00:00,2021-05-22 00:00:00+00:00,2021-05-23 00:00:00+00:00,1,37210.01,32636.422071008943,46357.18585798212,37432.58,tempo,0.048664200504197806,0.03805596813755714,96,24.0,4573.587928991059
BTC,2021-05-29 20:00:00+00:00,2021-05-29 20:00:00+00:00,2021-05-30 06:45:00+00:00,1,34051.47,33226.42873340703,35701.55253318594,35701.55253318594,alvo,2.0,1.9450458219698494,43,10.75,825.0412665929689
BTC,2021-06-04 16:00:00+00:00,2021-06-04 16:00:00+00:00,2021-06-05 12:15:00+00:00,1,36945.01,35254.54076429966,40325.94847140069,35254.54076429966,stop,-1.0,-1.0277613499291824,81,20.25,1690.4692357003441
BTC,2021-06-05 16:00:00+00:00,2021-06-05 16:00:00+00:00,2021-06-05 21:45:00+00:00,1,36316.45,34879.57801963147,39190.193960737044,34879.57801963147,stop,-1.0,-1.0322070573057534,23,5.75,1436.8719803685235
BTC,2021-06-08 08:00:00+00:00,2021-06-08 08:00:00+00:00,2021-06-08 14:30:00+00:00,1,32944.56,31677.807913451245,35478.064173097504,31677.807913451245,stop,-1.0,-1.0331592421198879,26,6.5,1266.7520865487531
BTC,2021-06-10 04:00:00+00:00,2021-06-10 04:00:00+00:00,2021-06-10 10:15:00+00:00,-1,36945.44,38004.09116049019,34828.13767901962,38004.09116049019,stop,-1.0,-1.0460181758377907,25,6.25,1058.6511604901898
BTC,2021-06-15 20:00:00+00:00,2021-06-15 20:00:00+00:00,2021-06-16 20:00:00+00:00,-1,39950.0,41688.87550793552,36472.248984128964,38677.45,tempo,0.731823522841402,0.7024322051382285,96,24.0,1738.8755079355178
BTC,2021-06-18 04:00:00+00:00,2021-06-18 04:00:00+00:00,2021-06-18 14:15:00+00:00,1,37904.35,36972.674218012115,39767.70156397577,36972.674218012115,stop,-1.0,-1.0522392732350112,41,10.25,931.675781987884
BTC,2021-06-21 12:00:00+00:00,2021-06-21 12:00:00+00:00,2021-06-21 22:00:00+00:00,1,32513.16,31275.719544018753,34988.0409119625,31275.719544018753,stop,-1.0,-1.0335068822933655,40,10.0,1237.4404559812465
BTC,2021-06-22 16:00:00+00:00,2021-06-22 16:00:00+00:00,2021-06-23 16:00:00+00:00,1,31635.71,28290.1197009488,38326.8905981024,33488.23,tempo,0.5537199221690036,0.5410672787739038,96,24.0,3345.5902990512004
BTC,2021-06-23 16:00:00+00:00,2021-06-23 16:00:00+00:00,2021-06-24 16:00:00+00:00,-1,33488.24,35226.796682444416,30011.126635111163,33851.0,tempo,-0.20865583714530378,-0.23383218396331978,96,24.0,1738.5566824444177
BTC,2021-06-26 12:00:00+00:00,2021-06-26 12:00:00+00:00,2021-06-27 12:00:00+00:00,1,31758.44,29774.305269579865,35726.70946084027,33214.0,tempo,0.7335993759313872,0.7123144876863952,96,24.0,1984.1347304201336
BTC,2021-07-15 16:00:00+00:00,2021-07-15 16:00:00+00:00,2021-07-15 17:15:00+00:00,1,31673.4,31239.552007785518,32541.09598442897,31239.552007785518,stop,-1.0,-1.0942574808202499,5,1.25,433.8479922144834
BTC,2021-07-20 12:00:00+00:00,2021-07-20 12:00:00+00:00,2021-07-21 05:45:00+00:00,1,29673.33,29094.433495469282,30831.12300906144,30831.12300906144,alvo,2.0,1.9320640319157378,71,17.75,578.8965045307195
BTC,2021-07-31 04:00:00+00:00,2021-07-31 04:00:00+00:00,2021-08-01 04:00:00+00:00,-1,41824.69,42775.13551070163,39923.79897859675,42420.62,tempo,-0.6270006994510191,-0.6846152085243232,96,24.0,950.4455107016256
BTC,2021-08-07 16:00:00+00:00,2021-08-07 16:00:00+00:00,2021-08-08 06:15:00+00:00,-1,43362.43,44869.66106800288,40347.967863994236,44869.66106800288,stop,-1.0,-1.0380504757443683,57,14.25,1507.2310680028822
BTC,2021-08-10 04:00:00+00:00,2021-08-10 04:00:00+00:00,2021-08-11 04:00:00+00:00,-1,45728.39,47114.22135342163,42956.72729315674,45588.41,tempo,0.1010079615058385,0.05817741083785877,96,24.0,1385.8313534216286
BTC,2021-08-18 04:00:00+00:00,2021-08-18 04:00:00+00:00,2021-08-19 04:00:00+00:00,1,45083.38,43963.13212744766,47323.87574510468,44058.62,tempo,-0.9147618354009562,-0.966484584820677,96,24.0,1120.2478725523397
BTC,2021-08-29 04:00:00+00:00,2021-08-29 04:00:00+00:00,2021-08-30 04:00:00+00:00,-1,48242.88,49978.48580435595,44771.66839128809,47989.05,tempo,0.1462486466471489,0.11020892245228124,96,24.0,1735.6058043559533
BTC,2021-09-01 20:00:00+00:00,2021-09-01 20:00:00+00:00,2021-09-02 01:45:00+00:00,-1,48200.43,49389.50198902048,45822.286021959044,49389.50198902048,stop,-1.0,-1.0533470272435883,23,5.75,1189.0719890204782
BTC,2021-09-02 08:00:00+00:00,2021-09-02 08:00:00+00:00,2021-09-03 01:45:00+00:00,-1,49891.08,50654.57849832281,48364.08300335439,48364.08300335439,alvo,2.0,1.9163510392063954,71,17.75,763.498498322806
BTC,2021-09-03 12:00:00+00:00,2021-09-03 12:00:00+00:00,2021-09-03 12:45:00+00:00,-1,50203.77,50971.81361541081,48667.68276917838,50971.81361541081,stop,-1.0,-1.0856255140078748,3,0.75,768.0436154108102
BTC,2021-09-13 16:00:00+00:00,2021-09-13 16:00:00+00:00,2021-09-14 16:00:00+00:00,1,44361.75,42943.258597001615,47198.73280599677,46747.45,tempo,1.6818572146134563,1.6401079450198446,96,24.0,1418.4914029983847
BTC,2021-09-17 20:00:00+00:00,2021-09-17 20:00:00+00:00,2021-09-18 20:00:00+00:00,1,47499.0,46550.11050678055,49396.778986438905,48272.23,tempo,0.8148788721187536,0.7492744999080446,96,24.0,948.8894932194526
BTC,2021-09-20 16:00:00+00:00,2021-09-20 16:00:00+00:00,2021-09-21 00:15:00+00:00,1,43836.9,42122.834814331116,47265.03037133777,42122.834814331116,stop,-1.0,-1.0325972594837527,33,8.25,1714.0651856688855
BTC,2021-09-22 00:00:00+00:00,2021-09-22 00:00:00+00:00,2021-09-23 00:00:00+00:00,1,40727.83,39020.05716485524,44143.37567028952,43520.0,tempo,1.6349774059752633,1.60291161339849,96,24.0,1707.7728351447586
BTC,2021-09-29 04:00:00+00:00,2021-09-29 04:00:00+00:00,2021-09-30 04:00:00+00:00,1,42186.67,40449.537648334124,45660.934703331746,43566.97,tempo,0.7945853974087373,0.76249810944444,96,24.0,1737.132351665874
BTC,2021-10-11 00:00:00+00:00,2021-10-11 00:00:00+00:00,2021-10-11 07:15:00+00:00,-1,54700.0,57081.60640077539,49936.78719844922,57081.60640077539,stop,-1.0,-1.0305079983564238,29,7.25,2381.6064007753885
BTC,2021-10-18 08:00:00+00:00,2021-10-18 08:00:00+00:00,2021-10-19 08:00:00+00:00,-1,61929.38,63101.71038597164,59584.71922805672,62320.32,tempo,-0.3334725472256587,-0.4023629436245061,96,24.0,1172.3303859716398
BTC,2021-10-22 20:00:00+00:00,2021-10-22 20:00:00+00:00,2021-10-23 20:00:00+00:00,1,61086.99,59595.38806587996,64070.19386824007,61058.2,tempo,-0.019301396264939402,-0.07252898445980072,96,24.0,1491.6019341200372
BTC,2021-10-24 20:00:00+00:00,2021-10-24 20:00:00+00:00,2021-10-25 16:00:00+00:00,1,60688.25,59200.25235443524,63664.245291129526,63664.245291129526,alvo,2.0,1.9456792675847576,80,20.0,1487.997645564763
BTC,2021-10-28 20:00:00+00:00,2021-10-28 20:00:00+00:00,2021-10-29 20:00:00+00:00,1,61347.51,57105.185512608834,69832.15897478233,62590.98,tempo,0.2931105349663333,0.2741209412331249,96,24.0,4242.324487391168
BTC,2021-11-01 08:00:00+00:00,2021-11-01 08:00:00+00:00,2021-11-02 08:00:00+00:00,1,62257.67,59045.06555110236,68682.87889779528,61576.57,tempo,-0.21200867110599575,-0.23706381165640486,96,24.0,3212.6044488976404
BTC,2021-11-16 08:00:00+00:00,2021-11-16 08:00:00+00:00,2021-11-16 10:15:00+00:00,1,60840.6,59908.895347469814,62704.00930506037,59908.895347469814,stop,-1.0,-1.0842403993182943,9,2.25,931.7046525301848
BTC,2021-11-16 12:00:00+00:00,2021-11-16 12:00:00+00:00,2021-11-17 12:00:00+00:00,1,60593.87,57983.806300606135,65813.99739878773,60769.01,tempo,0.06710181059591457,0.03687807620264302,96,24.0,2610.063699393868
BTC,2021-11-17 12:00:00+00:00,2021-11-17 12:00:00+00:00,2021-11-18 12:00:00+00:00,1,60769.01,57900.42671651189,66506.17656697624,59255.0,tempo,-0.5277901494841766,-0.5549867126619189,96,24.0,2868.583283488115
BTC,2021-11-28 20:00:00+00:00,2021-11-28 20:00:00+00:00,2021-11-29 00:45:00+00:00,1,54642.3,52988.23115930617,57950.43768138767,57950.43768138767,alvo,2.0,1.9557543932317818,19,4.75,1654.0688406938352
BTC,2021-11-30 16:00:00+00:00,2021-11-30 16:00:00+00:00,2021-12-01 16:00:00+00:00,-1,57260.01,59590.64446162116,52598.74107675769,58650.25,tempo,-0.5965070983430693,-0.6288337760098851,96,24.0,2330.6344616211572
BTC,2021-12-19 16:00:00+00:00,2021-12-19 16:00:00+00:00,2021-12-20 16:00:00+00:00,-1,47230.34,48719.41995968459,44252.18008063082,45969.0,tempo,0.8470599525543059,0.8063774018249067,96,24.0,1489.07995968459
BTC,2021-12-21 16:00:00+00:00,2021-12-21 16:00:00+00:00,2021-12-22 02:45:00+00:00,-1,48408.64,49528.20416528552,46169.51166942896,49528.20416528552,stop,-1.0,-1.0568604736390441,43,10.75,1119.5641652855193
BTC,2021-12-24 20:00:00+00:00,2021-12-24 20:00:00+00:00,2021-12-25 20:00:00+00:00,-1,51127.36,52020.25506235544,49341.56987528912,50901.01,tempo,0.25350123384364043,0.17922773486711663,96,24.0,892.895062355441
BTC,2021-12-28 16:00:00+00:00,2021-12-28 16:00:00+00:00,2021-12-28 17:45:00+00:00,1,48921.83,47887.254076123,50990.98184775401,47887.254076123,stop,-1.0,-1.0608228967997528,7,1.75,1034.5759238770042
BTC,2021-12-29 16:00:00+00:00,2021-12-29 16:00:00+00:00,2021-12-29 23:30:00+00:00,1,47941.37,46316.71149837683,51190.68700324634,46316.71149837683,stop,-1.0,-1.037711157706517,30,7.5,1624.6585016231693
BTC,2022-01-07 08:00:00+00:00,2022-01-07 08:00:00+00:00,2022-01-07 16:00:00+00:00,1,41699.41,40656.57367303461,43785.08265393079,40656.57367303461,stop,-1.0,-1.0513324938950357,32,8.0,1042.8363269653928
BTC,2022-01-10 16:00:00+00:00,2022-01-10 16:00:00+00:00,2022-01-11 16:00:00+00:00,1,40973.56,39369.81336274604,44181.05327450791,41716.42,tempo,0.46320284186034255,0.4296885162483919,96,24.0,1603.7466372539566
BTC,2022-01-13 16:00:00+00:00,2022-01-13 16:00:00+00:00,2022-01-14 16:00:00+00:00,-1,43170.0,44591.017518111905,40327.96496377619,43082.57,tempo,0.0615263350983652,0.0220727957961249,96,24.0,1421.0175181119048
BTC,2022-01-18 12:00:00+00:00,2022-01-18 12:00:00+00:00,2022-01-19 07:45:00+00:00,1,41842.4,41223.102526119765,43080.994947760475,41223.102526119765,stop,-1.0,-1.087183589339845,79,19.75,619.2974738802368
BTC,2022-01-19 12:00:00+00:00,2022-01-19 12:00:00+00:00,2022-01-20 12:00:00+00:00,1,42023.97,40934.46488046827,44202.98023906346,42117.31,tempo,0.08567192418527987,0.035473140334216675,96,24.0,1089.5051195317283
BTC,2022-01-21 16:00:00+00:00,2022-01-21 16:00:00+00:00,2022-01-21 21:45:00+00:00,1,38831.88,37338.97846932128,41817.683061357435,37338.97846932128,stop,-1.0,-1.0331643159227988,23,5.75,1492.9015306787187
BTC,2022-01-24 16:00:00+00:00,2022-01-24 16:00:00+00:00,2022-01-25 16:00:00+00:00,1,34218.81,32492.550895796634,37671.328208406725,36522.01,tempo,1.334214541949013,1.3075780231969687,96,24.0,1726.2591042033637
BTC,2022-01-26 20:00:00+00:00,2022-01-26 20:00:00+00:00,2022-01-27 20:00:00+00:00,-1,37548.79,39174.86591436918,34296.63817126165,36194.34,tempo,0.8329561910554794,0.8034784562975696,96,24.0,1626.0759143691757
BTC,2022-02-03 12:00:00+00:00,2022-02-03 12:00:00+00:00,2022-02-04 07:15:00+00:00,1,36754.99,36087.1640202426,38090.641959514796,38090.641959514796,alvo,2.0,1.927152188970909,77,19.25,667.8259797573992
BTC,2022-02-06 16:00:00+00:00,2022-02-06 16:00:00+00:00,2022-02-07 00:00:00+00:00,-1,41494.99,42564.709980638014,39355.550038723966,42564.709980638014,stop,-1.0,-1.051077670770276,32,8.0,1069.7199806380158
BTC,2022-02-10 20:00:00+00:00,2022-02-10 20:00:00+00:00,2022-02-11 20:00:00+00:00,-1,44355.72,46173.44944809566,40720.26110380869,42725.35,tempo,0.8969266585343931,0.8657874284584872,96,24.0,1817.7294480956552
BTC,2022-02-24 08:00:00+00:00,2022-02-24 08:00:00+00:00,2022-02-24 20:15:00+00:00,1,35282.3,33987.724285317905,37871.4514293642,37871.4514293642,alvo,2.0,1.9632698668066986,49,12.25,1294.575714682098
BTC,2022-03-01 16:00:00+00:00,2022-03-01 16:00:00+00:00,2022-03-02 15:15:00+00:00,-1,43626.0,45261.46359197975,40355.0728160405,45261.46359197975,stop,-1.0,-1.0353275069027046,93,23.25,1635.463591979751
BTC,2022-03-02 16:00:00+00:00,2022-03-02 16:00:00+00:00,2022-03-03 16:00:00+00:00,-1,44116.1,45678.565573753134,40991.16885249373,42549.5,tempo,1.0026460910987829,0.9665924071352472,96,24.0,1562.4655737531357
BTC,2022-03-16 04:00:00+00:00,2022-03-16 04:00:00+00:00,2022-03-17 04:00:00+00:00,-1,39137.9,42138.032788562516,33137.63442287497,40999.0,tempo,-0.6203392086827355,-0.637701435181036,96,24.0,3000.132788562514
BTC,2022-03-22 08:00:00+00:00,2022-03-22 08:00:00+00:00,2022-03-23 08:00:00+00:00,-1,42198.0,43736.203236291214,39121.59352741757,42094.1,tempo,0.06754634078817592,0.03192694817000363,96,24.0,1538.2032362912141
BTC,2022-03-25 16:00:00+00:00,2022-03-25 16:00:00+00:00,2022-03-26 16:00:00+00:00,-1,44320.2,45322.982765672656,42314.63446865468,44193.6,tempo,0.12624867950844398,0.068874368770857,96,24.0,1002.7827656726586
BTC,2022-03-28 16:00:00+00:00,2022-03-28 16:00:00+00:00,2022-03-28 19:00:00+00:00,-1,47410.9,48139.72808014264,45953.24383971473,48139.72808014264,stop,-1.0,-1.0852161297626426,12,3.0,728.8280801426372
BTC,2022-04-04 00:00:00+00:00,2022-04-04 00:00:00+00:00,2022-04-05 00:00:00+00:00,-1,46392.3,47638.117921363395,43900.66415727322,46580.9,tempo,-0.1513864881583975,-0.19989484476789635,96,24.0,1245.817921363392
BTC,2022-04-06 20:00:00+00:00,2022-04-06 20:00:00+00:00,2022-04-07 01:00:00+00:00,1,43751.2,42847.048300274095,45559.5033994518,42847.048300274095,stop,-1.0,-1.062255992453747,20,5.0,904.1516997259023
BTC,2022-04-11 04:00:00+00:00,2022-04-11 04:00:00+00:00,2022-04-11 10:00:00+00:00,1,42105.1,41481.96386006368,43351.37227987263,41481.96386006368,stop,-1.0,-1.0871905640308297,24,6.0,623.1361399363159
BTC,2022-04-21 16:00:00+00:00,2022-04-21 16:00:00+00:00,2022-04-21 22:45:00+00:00,-1,42129.2,43140.93426265252,40105.731474694956,40105.731474694956,alvo,2.0,1.9471672479308828,27,6.75,1011.7342626525206
BTC,2022-05-08 20:00:00+00:00,2022-05-08 20:00:00+00:00,2022-05-09 02:30:00+00:00,1,34585.5,33481.76343866827,36792.97312266346,33481.76343866827,stop,-1.0,-1.0400853997096475,26,6.5,1103.7365613317306
BTC,2022-05-12 00:00:00+00:00,2022-05-12 00:00:00+00:00,2022-05-12 04:30:00+00:00,1,29077.9,27153.47903892794,32926.74192214412,27153.47903892794,stop,-1.0,-1.0189929319596174,18,4.5,1924.420961072061
BTC,2022-05-12 08:00:00+00:00,2022-05-12 08:00:00+00:00,2022-05-13 08:00:00+00:00,1,28151.4,26090.396866017196,32273.406267965613,30172.3,tempo,0.9805419344970572,0.9621477824577346,96,24.0,2061.0031339828056
BTC,2022-05-24 16:00:00+00:00,2022-05-24 16:00:00+00:00,2022-05-25 16:00:00+00:00,1,29374.0,28491.294557280882,31139.410885438236,29616.1,tempo,0.27427042848430266,0.23083174198217224,96,24.0,882.7054427191179
BTC,2022-05-26 16:00:00+00:00,2022-05-26 16:00:00+00:00,2022-05-27 16:00:00+00:00,1,29374.5,27773.961207951255,32575.57758409749,28835.5,tempo,-0.3367615972056894,-0.360401449103042,96,24.0,1600.5387920487447
BTC,2022-06-03 16:00:00+00:00,2022-06-03 16:00:00+00:00,2022-06-04 16:00:00+00:00,1,29486.8,29074.50268308373,30311.394633832537,29839.9,tempo,0.8564208048720127,0.7628903514399535,96,24.0,412.29731691626876
BTC,2022-06-06 16:00:00+00:00,2022-06-06 16:00:00+00:00,2022-06-07 00:30:00+00:00,-1,31529.7,31908.06907758324,30772.96184483352,30772.96184483352,alvo,2.0,1.8929702964687103,34,8.5,378.36907758324014
BTC,2022-06-12 16:00:00+00:00,2022-06-12 16:00:00+00:00,2022-06-12 23:45:00+00:00,1,28077.8,26671.42293603431,30890.55412793138,26671.42293603431,stop,-1.0,-1.0253040211051754,31,7.75,1406.3770639656905
BTC,2022-06-14 04:00:00+00:00,2022-06-14 04:00:00+00:00,2022-06-15 04:00:00+00:00,1,22106.5,20462.0519795394,25395.3960409212,21442.3,tempo,-0.4039045270728363,-0.4211180355862106,96,24.0,1644.4480204606007
BTC,2022-06-15 12:00:00+00:00,2022-06-15 12:00:00+00:00,2022-06-16 12:00:00+00:00,1,21163.8,19808.920540064977,23873.558919870044,21028.1,tempo,-0.10015651134493446,-0.12039796884058152,96,24.0,1354.8794599350222
BTC,2022-06-26 16:00:00+00:00,2022-06-26 16:00:00+00:00,2022-06-27 16:00:00+00:00,-1,21314.2,21986.946840209428,19968.706319581146,20744.0,tempo,0.8475699414990882,0.8069338086092039,96,24.0,672.7468402094273
BTC,2022-06-27 20:00:00+00:00,2022-06-27 20:00:00+00:00,2022-06-28 18:15:00+00:00,1,20845.8,20396.999726147034,21743.40054770593,20396.999726147034,stop,-1.0,-1.0597321824067742,89,22.25,448.8002738529649
BTC,2022-07-01 00:00:00+00:00,2022-07-01 00:00:00+00:00,2022-07-02 00:00:00+00:00,1,19923.3,18410.06540861868,22949.769182762637,19272.0,tempo,-0.4304025322375668,-0.4472386164409711,96,24.0,1513.2345913813188
BTC,2022-07-06 00:00:00+00:00,2022-07-06 00:00:00+00:00,2022-07-07 00:00:00+00:00,-1,20170.1,20887.0133710677,18736.273257864596,20554.1,tempo,-0.5356295690623087,-0.5725527609963315,96,24.0,716.9133710677015
BTC,2022-07-10 20:00:00+00:00,2022-07-10 20:00:00+00:00,2022-07-11 02:15:00+00:00,1,20913.0,20503.999713050947,21731.000573898105,20503.999713050947,stop,-1.0,-1.0658215915062097,25,6.25,409.0002869490527
BTC,2022-07-15 16:00:00+00:00,2022-07-15 16:00:00+00:00,2022-07-16 16:00:00+00:00,-1,20785.1,21207.65861539632,19939.982769207352,20935.0,tempo,-0.35474368416180163,-0.41891954997527137,96,24.0,422.55861539632315
BTC,2022-07-16 20:00:00+00:00,2022-07-16 20:00:00+00:00,2022-07-17 20:00:00+00:00,-1,21184.3,21680.292517002737,20192.314965994523,21020.9,tempo,0.32944045403631717,0.2741303857196039,96,24.0,495.99251700273817
BTC,2022-07-19 04:00:00+00:00,2022-07-19 04:00:00+00:00,2022-07-19 15:45:00+00:00,-1,21898.0,23143.000604928497,19407.998790143007,23143.000604928497,stop,-1.0,-1.0235153704161333,47,11.75,1245.0006049284966
BTC,2022-07-29 08:00:00+00:00,2022-07-29 08:00:00+00:00,2022-07-30 08:00:00+00:00,-1,23938.0,24643.672105292346,22526.65578941531,23869.8,tempo,0.09664545259550374,0.05260932056343734,96,24.0,705.6721052923458
BTC,2022-08-09 16:00:00+00:00,2022-08-09 16:00:00+00:00,2022-08-10 00:45:00+00:00,1,23061.6,22762.281084340655,23660.237831318685,22762.281084340655,stop,-1.0,-1.0995109936143177,35,8.75,299.3189156593435
BTC,2022-08-11 08:00:00+00:00,2022-08-11 08:00:00+00:00,2022-08-11 12:45:00+00:00,-1,24429.4,24884.17317859271,23519.85364281458,24884.17317859271,stop,-1.0,-1.0704830981133835,19,4.75,454.7731785927099
BTC,2022-08-11 16:00:00+00:00,2022-08-11 16:00:00+00:00,2022-08-12 16:00:00+00:00,-1,24336.4,25106.758273883413,22795.683452233177,23966.7,tempo,0.479906574036423,0.43915019344778317,96,24.0,770.358273883412
BTC,2022-08-21 00:00:00+00:00,2022-08-21 00:00:00+00:00,2022-08-22 00:00:00+00:00,1,21127.7,20642.401326064784,22098.297347870433,21505.6,tempo,0.7786957193508519,0.7215934718312156,96,24.0,485.29867393521636
BTC,2022-08-27 08:00:00+00:00,2022-08-27 08:00:00+00:00,2022-08-27 15:45:00+00:00,1,20255.0,19804.22066573344,21156.55866853312,19804.22066573344,stop,-1.0,-1.0577632811741304,31,7.75,450.7793342665609
BTC,2022-09-06 04:00:00+00:00,2022-09-06 04:00:00+00:00,2022-09-06 19:45:00+00:00,-1,19780.3,20248.24093585585,18844.418128288296,18844.418128288296,alvo,2.0,1.9463477869542039,63,15.75,467.9409358558514
BTC,2022-09-07 04:00:00+00:00,2022-09-07 04:00:00+00:00,2022-09-07 21:00:00+00:00,1,18736.2,18400.670474583196,19407.25905083361,19407.25905083361,alvo,2.0,1.9261071038316437,68,17.0,335.529525416805
BTC,2022-09-12 16:00:00+00:00,2022-09-12 16:00:00+00:00,2022-09-13 06:45:00+00:00,-1,22105.9,22591.073204773056,21135.553590453892,22591.073204773056,stop,-1.0,-1.059881774791525,59,14.75,485.17320477305475
BTC,2022-09-13 08:00:00+00:00,2022-09-13 08:00:00+00:00,2022-09-13 12:30:00+00:00,-1,22267.9,22765.2635279557,21273.172944088605,22765.2635279557,stop,-1.0,-1.0588534435033574,18,4.5,497.3635279556984
BTC,2022-09-22 00:00:00+00:00,2022-09-22 00:00:00+00:00,2022-09-23 00:00:00+00:00,1,18447.5,17903.31784400984,19535.864311980316,19392.5,tempo,1.7365508765728268,1.691352775662578,96,24.0,544.1821559901582
BTC,2022-09-26 12:00:00+00:00,2022-09-26 12:00:00+00:00,2022-09-27 01:15:00+00:00,-1,18864.7,19400.745246276118,17792.609507447767,19400.745246276118,stop,-1.0,-1.046400074588606,53,13.25,536.0452462761168
BTC,2022-09-27 16:00:00+00:00,2022-09-27 16:00:00+00:00,2022-09-28 02:30:00+00:00,-1,19885.3,20477.335083358383,18701.229833283232,18701.229833283232,alvo,2.0,1.9576355437428505,42,10.5,592.0350833583834
BTC,2022-09-30 16:00:00+00:00,2022-09-30 16:00:00+00:00,2022-10-01 16:00:00+00:00,-1,19749.5,20293.460916165277,18661.578167669446,19322.8,tempo,0.7844313576940006,0.7377423507354871,96,24.0,543.960916165277
BTC,2022-10-04 12:00:00+00:00,2022-10-04 12:00:00+00:00,2022-10-04 14:15:00+00:00,-1,19930.0,20232.328911141823,19325.342177716353,20232.328911141823,stop,-1.0,-1.0863480561407375,9,2.25,302.3289111418235
BTC,2022-10-04 16:00:00+00:00,2022-10-04 16:00:00+00:00,2022-10-04 20:30:00+00:00,-1,20092.2,20374.664855297837,19527.27028940433,20374.664855297837,stop,-1.0,-1.0931211853885636,18,4.5,282.46485529783604
BTC,2022-10-10 20:00:00+00:00,2022-10-10 20:00:00+00:00,2022-10-10 22:15:00+00:00,1,19205.0,19041.95271824358,19531.094563512837,19041.95271824358,stop,-1.0,-1.1524742945668867,9,2.25,163.04728175641867
BTC,2022-10-11 16:00:00+00:00,2022-10-11 16:00:00+00:00,2022-10-12 16:00:00+00:00,1,19137.6,18789.726956227627,19833.34608754474,19130.5,tempo,-0.020409744667207907,-0.09191360346080936,96,24.0,347.8730437723716
BTC,2022-10-13 16:00:00+00:00,2022-10-13 16:00:00+00:00,2022-10-14 16:00:00+00:00,1,18947.7,17813.604627600616,21215.89074479877,19352.9,tempo,0.3572891750212565,0.33533741452043614,96,24.0,1134.0953723993844
BTC,2022-10-21 16:00:00+00:00,2022-10-21 16:00:00+00:00,2022-10-22 16:00:00+00:00,1,19158.6,18536.544445804677,20402.711108390642,19223.7,tempo,0.10465303229100527,0.0645464938448164,96,24.0,622.0555541953217
BTC,2022-10-29 12:00:00+00:00,2022-10-29 12:00:00+00:00,2022-10-30 12:00:00+00:00,-1,20688.6,21162.737015303046,19740.325969393904,20760.2,tempo,-0.151011200748034,-0.20783384722034126,96,24.0,474.1370153030475
BTC,2022-11-02 20:00:00+00:00,2022-11-02 20:00:00+00:00,2022-11-03 20:00:00+00:00,-1,20241.2,20875.846666997444,18971.906666005114,20253.7,tempo,-0.01969599881322682,-0.061170548934997224,96,24.0,634.6466669974434
BTC,2022-11-07 04:00:00+00:00,2022-11-07 04:00:00+00:00,2022-11-07 06:30:00+00:00,1,20907.6,20759.404299104684,21203.991401790627,20759.404299104684,stop,-1.0,-1.1827553203689083,10,2.5,148.19570089531408
BTC,2022-11-08 16:00:00+00:00,2022-11-08 16:00:00+00:00,2022-11-08 16:45:00+00:00,1,19513.8,19097.90686009767,20345.586279804655,20345.586279804655,alvo,2.0,1.937703706562802,3,0.75,415.8931399023277
BTC,2022-11-14 08:00:00+00:00,2022-11-14 08:00:00+00:00,2022-11-15 08:00:00+00:00,1,16813.1,15677.360991000822,19084.578017998352,16834.9,tempo,0.019194550708629143,-6.269045919258392e-05,96,24.0,1135.7390089991768
BTC,2022-11-23 20:00:00+00:00,2022-11-23 20:00:00+00:00,2022-11-24 02:00:00+00:00,-1,16466.8,16777.887391564862,15844.625216870274,16777.887391564862,stop,-1.0,-1.0694629463952787,24,6.0,311.0873915648626
BTC,2022-11-28 20:00:00+00:00,2022-11-28 20:00:00+00:00,2022-11-29 20:00:00+00:00,1,16215.2,15929.338105197805,16786.923789604392,16418.2,tempo,0.7101331226411527,0.6359304730901253,96,24.0,285.8618948021958
BTC,2022-12-01 16:00:00+00:00,2022-12-01 16:00:00+00:00,2022-12-02 16:00:00+00:00,-1,16970.5,17405.253443877853,16100.993112244294,16928.9,tempo,0.09568641855701172,0.04500341578776677,96,24.0,434.753443877853
BTC,2022-12-11 20:00:00+00:00,2022-12-11 20:00:00+00:00,2022-12-12 01:00:00+00:00,-1,17169.6,17284.387597821817,16940.024804356362,16940.024804356362,alvo,2.0,1.8068497246780308,20,5.0,114.78759782181805
BTC,2022-12-14 16:00:00+00:00,2022-12-14 16:00:00+00:00,2022-12-14 18:15:00+00:00,-1,18054.8,18157.678475935598,17849.043048128802,18157.678475935598,stop,-1.0,-1.2287952926527885,9,2.25,102.87847593559854
BTC,2022-12-28 04:00:00+00:00,2022-12-28 04:00:00+00:00,2022-12-28 21:30:00+00:00,1,16643.2,16509.685734349565,16910.228531300872,16509.685734349565,stop,-1.0,-1.1614012976242354,70,17.5,133.51426565043585
BTC,2022-12-30 16:00:00+00:00,2022-12-30 16:00:00+00:00,2022-12-31 16:00:00+00:00,1,16547.7,16287.199498997346,17068.70100200531,16586.0,tempo,0.14702466925239815,0.06434956913894176,96,24.0,260.50050100265435
BTC,2023-01-04 08:00:00+00:00,2023-01-04 08:00:00+00:00,2023-01-04 17:45:00+00:00,-1,16862.5,16927.835915069973,16731.828169860055,16927.835915069973,stop,-1.0,-1.3361660783548082,39,9.75,65.33591506997254
BTC,2023-01-04 20:00:00+00:00,2023-01-04 20:00:00+00:00,2023-01-05 20:00:00+00:00,-1,16835.9,17018.618616734413,16470.46276653118,16856.4,tempo,-0.1121943694976496,-0.23205076613309736,96,24.0,182.71861673441163
BTC,2023-01-06 16:00:00+00:00,2023-01-06 16:00:00+00:00,2023-01-07 16:00:00+00:00,1,16834.1,16639.00871243805,17224.282575123892,16934.5,tempo,0.514630874882722,0.40212154515147813,96,24.0,195.09128756194696
BTC,2023-01-13 00:00:00+00:00,2023-01-13 00:00:00+00:00,2023-01-13 15:30:00+00:00,-1,18838.1,19226.289737902593,18061.72052419481,19226.289737902593,stop,-1.0,-1.0637364951049917,62,15.5,388.18973790259406
BTC,2023-01-18 16:00:00+00:00,2023-01-18 16:00:00+00:00,2023-01-19 16:00:00+00:00,-1,21035.5,21770.83445575394,19564.831088492123,20870.7,tempo,0.22411570505156025,0.18707265642673848,96,24.0,735.3344557539385
BTC,2023-01-29 04:00:00+00:00,2023-01-29 04:00:00+00:00,2023-01-29 11:15:00+00:00,-1,23190.0,23581.70833436533,22406.583331269343,23581.70833436533,stop,-1.0,-1.0776128760869899,29,7.25,391.7083343653285
BTC,2023-02-02 04:00:00+00:00,2023-02-02 04:00:00+00:00,2023-02-03 04:00:00+00:00,-1,23852.1,24383.811330759618,22788.67733848076,23534.9,tempo,0.596564304068592,0.5386352207142915,96,24.0,531.7113307596192
BTC,2023-02-19 20:00:00+00:00,2023-02-19 20:00:00+00:00,2023-02-20 20:00:00+00:00,-1,24512.5,25291.858354760592,22953.783290478816,24878.5,tempo,-0.4696170866256127,-0.5108101396081036,96,24.0,779.3583547605922
BTC,2023-02-21 12:00:00+00:00,2023-02-21 12:00:00+00:00,2023-02-22 12:00:00+00:00,-1,24572.6,25451.293451643895,22815.213096712207,24156.4,tempo,0.4736577918287122,0.43761126167562725,96,24.0,878.693451643896
BTC,2023-02-27 16:00:00+00:00,2023-02-27 16:00:00+00:00,2023-02-28 16:00:00+00:00,-1,23546.5,23968.008309385583,22703.483381228834,23511.2,tempo,0.08374686622774954,0.011180076157617166,96,24.0,421.50830938558283
BTC,2023-03-07 16:00:00+00:00,2023-03-07 16:00:00+00:00,2023-03-08 05:45:00+00:00,1,22307.6,21850.907226642077,23220.98554671584,21850.907226642077,stop,-1.0,-1.0628497567112192,55,13.75,456.6927733579214
BTC,2023-03-09 12:00:00+00:00,2023-03-09 12:00:00+00:00,2023-03-09 17:00:00+00:00,1,21664.4,21450.337913188396,22092.524173623213,21450.337913188396,stop,-1.0,-1.130917997021288,20,5.0,214.0620868116057
BTC,2023-03-10 04:00:00+00:00,2023-03-10 04:00:00+00:00,2023-03-10 11:00:00+00:00,1,20042.1,19636.768267618125,20852.763464763746,19636.768267618125,stop,-1.0,-1.0636300154009486,28,7.0,405.33173238187373
BTC,2023-03-14 08:00:00+00:00,2023-03-14 08:00:00+00:00,2023-03-14 12:45:00+00:00,-1,24252.3,25010.55846568505,22735.783068629895,25010.55846568505,stop,-1.0,-1.0422294764276268,19,4.75,758.2584656850522
BTC,2023-03-22 20:00:00+00:00,2023-03-22 20:00:00+00:00,2023-03-23 20:00:00+00:00,-1,26653.3,29068.88529782909,21822.12940434182,28362.5,tempo,-0.7075717845840822,-0.7223757619191563,96,24.0,2415.5852978290895
BTC,2023-04-04 00:00:00+00:00,2023-04-04 00:00:00+00:00,2023-04-05 00:00:00+00:00,1,27786.1,27029.512143122043,29299.27571375591,28155.2,tempo,0.48784816812033693,0.4397878606894902,96,24.0,756.5878568779553
BTC,2023-04-14 08:00:00+00:00,2023-04-14 08:00:00+00:00,2023-04-15 08:00:00+00:00,-1,30739.9,31162.809168454485,29894.081663091034,30416.6,tempo,0.7644667557846966,0.6704708626588224,96,24.0,422.90916845448373
BTC,2023-04-20 04:00:00+00:00,2023-04-20 04:00:00+00:00,2023-04-20 12:30:00+00:00,1,28850.0,28393.13607751181,29763.727844976383,28393.13607751181,stop,-1.0,-1.0814422777087294,34,8.5,456.86392248819175
BTC,2023-04-21 08:00:00+00:00,2023-04-21 08:00:00+00:00,2023-04-21 19:15:00+00:00,1,28142.4,27685.28306708699,29056.63386582602,27685.28306708699,stop,-1.0,-1.0793844886960515,45,11.25,457.1169329130098
BTC,2023-04-24 20:00:00+00:00,2023-04-24 20:00:00+00:00,2023-04-25 20:00:00+00:00,1,27373.8,26800.12400126529,28521.15199746942,27596.1,tempo,0.3875009595839815,0.32521765841955,96,24.0,573.6759987347104
BTC,2023-05-05 04:00:00+00:00,2023-05-05 04:00:00+00:00,2023-05-05 16:30:00+00:00,-1,29187.0,29654.685524311273,28251.628951377454,29654.685524311273,stop,-1.0,-1.0817795155133914,50,12.5,467.6855243112732
BTC,2023-05-10 20:00:00+00:00,2023-05-10 20:00:00+00:00,2023-05-11 20:00:00+00:00,1,27683.6,26531.216483649983,29988.36703270003,26831.4,tempo,-0.739510751333202,-0.7702598461417026,96,24.0,1152.3835163500153
BTC,2023-05-18 20:00:00+00:00,2023-05-18 20:00:00+00:00,2023-05-19 20:00:00+00:00,1,26719.3,26229.194678034728,27699.510643930542,26826.4,tempo,0.218524458315495,0.1475097122188055,96,24.0,490.1053219652713
BTC,2023-05-29 04:00:00+00:00,2023-05-29 04:00:00+00:00,2023-05-30 04:00:00+00:00,-1,27948.0,28531.36621989041,26781.26756021918,27815.0,tempo,0.22798714677888832,0.1658547353293376,96,24.0,583.3662198904094
BTC,2023-06-02 04:00:00+00:00,2023-06-02 04:00:00+00:00,2023-06-03 04:00:00+00:00,1,26985.2,26396.378406372434,28162.843187255134,27130.9,tempo,0.24744337092392188,0.18770462258201118,96,24.0,588.8215936275665
BTC,2023-06-05 00:00:00+00:00,2023-06-05 00:00:00+00:00,2023-06-05 16:00:00+00:00,-1,27102.4,27510.42790764193,26286.344184716145,26286.344184716145,alvo,2.0,1.9149502201439628,64,16.0,408.0279076419283
BTC,2023-06-10 20:00:00+00:00,2023-06-10 20:00:00+00:00,2023-06-11 20:00:00+00:00,1,25738.2,25188.602055625346,26837.39588874931,26021.0,tempo,0.5145579653173116,0.4533432531002193,96,24.0,549.5979443746546
BTC,2023-06-15 12:00:00+00:00,2023-06-15 12:00:00+00:00,2023-06-15 21:15:00+00:00,1,25007.0,24696.277115343393,25628.445769313214,25628.445769313214,alvo,2.0,1.8940759069405937,37,9.25,310.72288465660677
BTC,2023-06-20 04:00:00+00:00,2023-06-20 04:00:00+00:00,2023-06-20 16:30:00+00:00,-1,26880.7,27259.778168140452,26122.543663719098,27259.778168140452,stop,-1.0,-1.0928339159754845,50,12.5,379.07816814045145
BTC,2023-06-27 16:00:00+00:00,2023-06-27 16:00:00+00:00,2023-06-28 16:00:00+00:00,-1,30487.4,31103.983798528967,29254.23240294207,30399.8,tempo,0.14207314595193174,0.07788612045041625,96,24.0,616.5837985289654
BTC,2023-07-06 12:00:00+00:00,2023-07-06 12:00:00+00:00,2023-07-07 12:00:00+00:00,-1,30833.0,31680.975790521985,29137.04841895603,30104.0,tempo,0.8596943546598808,0.812984235759413,96,24.0,847.9757905219849
BTC,2023-07-17 12:00:00+00:00,2023-07-17 12:00:00+00:00,2023-07-17 18:45:00+00:00,1,30145.0,29859.07221436924,30716.85557126152,29859.07221436924,stop,-1.0,-1.1364073339472753,27,6.75,285.9277856307599
BTC,2023-07-24 16:00:00+00:00,2023-07-24 16:00:00+00:00,2023-07-25 16:00:00+00:00,1,29085.9,28743.61051405934,29770.478971881326,29167.0,tempo,0.23693395015369428,0.1263130092388922,96,24.0,342.2894859406624
BTC,2023-07-27 00:00:00+00:00,2023-07-27 00:00:00+00:00,2023-07-28 00:00:00+00:00,-1,29336.0,29742.430619759274,28523.13876048145,29209.7,tempo,0.3107541456271327,0.21712265442073808,96,24.0,406.4306197592741
BTC,2023-07-31 00:00:00+00:00,2023-07-31 00:00:00+00:00,2023-08-01 00:00:00+00:00,1,29271.2,28962.57867049564,29888.44265900872,29220.8,tempo,-0.16330692399304647,-0.2864993166285752,96,24.0,308.6213295043599
BTC,2023-08-01 16:00:00+00:00,2023-08-01 16:00:00+00:00,2023-08-02 01:15:00+00:00,1,28943.0,28484.23833220724,29860.523335585523,29860.523335585523,alvo,2.0,1.9166837753641681,37,9.25,458.7616677927617
BTC,2023-08-02 04:00:00+00:00,2023-08-02 04:00:00+00:00,2023-08-03 04:00:00+00:00,-1,29622.5,30143.66056311146,28580.178873777077,29170.1,tempo,0.8680626126026457,0.7947355178358323,96,24.0,521.1605631114617
BTC,2023-08-07 20:00:00+00:00,2023-08-07 20:00:00+00:00,2023-08-08 20:00:00+00:00,1,29144.9,28627.205696011104,30180.288607977796,29866.4,tempo,1.3936796183399256,1.3195869642302474,96,24.0,517.6943039888974
BTC,2023-08-09 00:00:00+00:00,2023-08-09 00:00:00+00:00,2023-08-10 00:00:00+00:00,-1,29758.9,30331.744209923527,28613.21158015295,29572.8,tempo,0.3248701772247057,0.25754715233954795,96,24.0,572.8442099235253
BTC,2023-08-14 04:00:00+00:00,2023-08-14 04:00:00+00:00,2023-08-15 04:00:00+00:00,1,29390.0,29036.45905948029,30097.08188103942,29386.9,tempo,-0.008768432859406624,-0.11683225410692094,96,24.0,353.5409405197097
BTC,2023-08-23 00:00:00+00:00,2023-08-23 00:00:00+00:00,2023-08-24 00:00:00+00:00,1,26044.5,25192.661355762735,27748.17728847453,26419.2,tempo,0.4398720374273541,0.39983933260620297,96,24.0,851.8386442372648
BTC,2023-09-06 20:00:00+00:00,2023-09-06 20:00:00+00:00,2023-09-07 20:00:00+00:00,1,25679.5,25252.707954678168,26533.084090643664,25867.1,tempo,0.43955833304843944,0.3610533787802909,96,24.0,426.7920453218321
BTC,2023-09-10 20:00:00+00:00,2023-09-10 20:00:00+00:00,2023-09-11 14:15:00+00:00,1,25786.7,25465.83886161784,26428.42227676432,25465.83886161784,stop,-1.0,-1.1038273142956099,73,18.25,320.86113838215897
BTC,2023-09-16 00:00:00+00:00,2023-09-16 00:00:00+00:00,2023-09-17 00:00:00+00:00,-1,26591.1,26964.947170624328,25843.40565875134,26546.9,tempo,0.11823013111529664,0.025840238362281262,96,24.0,373.847170624329
BTC,2023-09-18 04:00:00+00:00,2023-09-18 04:00:00+00:00,2023-09-18 12:45:00+00:00,1,26646.2,26312.90798365823,27312.78403268354,27312.78403268354,alvo,2.0,1.8947669373955875,35,8.75,333.29201634176934
BTC,2023-10-02 12:00:00+00:00,2023-10-02 12:00:00+00:00,2023-10-02 14:15:00+00:00,-1,28183.1,28562.569777819794,27424.16044436041,28562.569777819794,stop,-1.0,-1.0972005875342696,9,2.25,379.4697778197951
BTC,2023-10-02 16:00:00+00:00,2023-10-02 16:00:00+00:00,2023-10-03 16:00:00+00:00,-1,28015.0,28720.348536399186,26604.30292720163,27332.0,tempo,0.9683156124300258,0.9173116787100302,96,24.0,705.3485363991858
BTC,2023-10-05 16:00:00+00:00,2023-10-05 16:00:00+00:00,2023-10-06 16:00:00+00:00,-1,27540.0,28193.060870843623,26233.878258312754,27926.5,tempo,-0.5918284454873555,-0.6470349761640848,96,24.0,653.060870843623
BTC,2023-10-06 16:00:00+00:00,2023-10-06 16:00:00+00:00,2023-10-07 16:00:00+00:00,1,27926.6,27054.87445613518,29670.051087729633,27926.4,tempo,-0.0002294300097142784,-0.041876081591177984,96,24.0,871.7255438648172
BTC,2023-10-09 20:00:00+00:00,2023-10-09 20:00:00+00:00,2023-10-10 20:00:00+00:00,1,27607.7,27178.98808648619,28465.12382702762,27386.4,tempo,-0.5161974580696392,-0.5995778444624904,96,24.0,428.7119135138091
BTC,2023-10-14 00:00:00+00:00,2023-10-14 00:00:00+00:00,2023-10-15 00:00:00+00:00,-1,26849.7,27191.13230219465,26166.835395610706,26836.3,tempo,0.03924643308166617,-0.0629580149910477,96,24.0,341.4323021946475
BTC,2023-10-16 16:00:00+00:00,2023-10-16 16:00:00+00:00,2023-10-17 16:00:00+00:00,-1,28054.1,30897.11883683347,22368.062326333056,28445.8,tempo,-0.1377760832693858,-0.15069366739658208,96,24.0,2843.018836833471
BTC,2023-10-23 08:00:00+00:00,2023-10-23 08:00:00+00:00,2023-10-23 17:00:00+00:00,-1,30508.0,31113.967372413248,29296.065255173504,31113.967372413248,stop,-1.0,-1.0660997284928948,36,9.0,605.9673724132481
BTC,2023-11-02 04:00:00+00:00,2023-11-02 04:00:00+00:00,2023-11-02 16:30:00+00:00,-1,35577.9,36160.70604947949,34412.28790104102,34412.28790104102,alvo,2.0,1.9219403742011474,50,12.5,582.8060494794918
BTC,2023-11-09 00:00:00+00:00,2023-11-09 00:00:00+00:00,2023-11-09 02:30:00+00:00,-1,35626.7,36284.61304441889,34310.87391116221,36284.61304441889,stop,-1.0,-1.0710464002429956,10,2.5,657.9130444188922
BTC,2023-11-13 04:00:00+00:00,2023-11-13 04:00:00+00:00,2023-11-14 04:00:00+00:00,-1,36941.2,37548.668151740014,35726.26369651996,36473.0,tempo,0.7707399946135391,0.6921857035559517,96,24.0,607.4681517400168
BTC,2023-11-21 16:00:00+00:00,2023-11-21 16:00:00+00:00,2023-11-21 23:45:00+00:00,1,36975.8,36070.61196674881,38786.17606650239,36070.61196674881,stop,-1.0,-1.052453375469239,31,7.75,905.1880332511937
BTC,2023-11-23 00:00:00+00:00,2023-11-23 00:00:00+00:00,2023-11-24 00:00:00+00:00,-1,37413.5,38037.723828982096,36165.05234203581,37294.3,tempo,0.19095714464212796,0.11316442391375475,96,24.0,624.2238289820962
BTC,2023-12-04 12:00:00+00:00,2023-12-04 12:00:00+00:00,2023-12-04 22:15:00+00:00,-1,41605.9,42361.74297571282,40094.214048574366,42361.74297571282,stop,-1.0,-1.0722094002166802,41,10.25,755.8429757128179
BTC,2023-12-14 00:00:00+00:00,2023-12-14 00:00:00+00:00,2023-12-14 13:45:00+00:00,-1,42875.0,43702.6030452458,41219.7939095084,41219.7939095084,alvo,2.0,1.9339518911207656,55,13.75,827.6030452457999
BTC,2023-12-18 12:00:00+00:00,2023-12-18 12:00:00+00:00,2023-12-18 21:15:00+00:00,1,41137.2,40398.038617152146,42615.5227656957,42615.5227656957,alvo,2.0,1.9263499540682743,37,9.25,739.1613828478512
BTC,2023-12-22 08:00:00+00:00,2023-12-22 08:00:00+00:00,2023-12-23 08:00:00+00:00,-1,43614.0,44648.69597522595,41544.6080495481,43582.0,tempo,0.030926958996831948,-0.023849904310888147,96,24.0,1034.69597522595
BTC,2023-12-30 00:00:00+00:00,2023-12-30 00:00:00+00:00,2023-12-31 00:00:00+00:00,1,42095.1,41107.473894355775,44070.352211288446,42174.2,tempo,0.08009103804359445,0.024629720560223042,96,24.0,987.6261056442236
BTC,2024-01-03 16:00:00+00:00,2024-01-03 16:00:00+00:00,2024-01-04 16:00:00+00:00,1,43014.0,40008.890816757805,49024.21836648439,44050.4,tempo,0.3448793161258239,0.32604743463693125,96,24.0,3005.1091832421953
BTC,2024-01-10 00:00:00+00:00,2024-01-10 00:00:00+00:00,2024-01-11 00:00:00+00:00,-1,46113.9,48440.38374015684,41460.93251968633,46662.9,tempo,-0.23597843841495747,-0.26189949643014676,96,24.0,2326.4837401568366
BTC,2024-01-11 16:00:00+00:00,2024-01-11 16:00:00+00:00,2024-01-12 16:00:00+00:00,-1,46813.4,49414.204721452326,41611.79055709535,44495.1,tempo,0.8913779573213911,0.8685578953188668,96,24.0,2600.804721452325
BTC,2024-01-22 12:00:00+00:00,2024-01-22 12:00:00+00:00,2024-01-22 19:00:00+00:00,1,40809.5,40217.012605583106,41994.47478883379,40217.012605583106,stop,-1.0,-1.0888917362460722,28,7.0,592.487394416894
BTC,2024-01-27 00:00:00+00:00,2024-01-27 00:00:00+00:00,2024-01-28 00:00:00+00:00,-1,41806.4,42390.686397384954,40637.827205230096,42102.2,tempo,-0.5062585768278807,-0.5996042207519962,96,24.0,584.2863973849526
BTC,2024-01-30 16:00:00+00:00,2024-01-30 16:00:00+00:00,2024-01-31 16:00:00+00:00,-1,43355.4,44031.46565142533,42003.268697149346,43341.8,tempo,0.020116389541941816,-0.06323820757624096,96,24.0,676.0656514253278
BTC,2024-02-05 16:00:00+00:00,2024-02-05 16:00:00+00:00,2024-02-06 16:00:00+00:00,-1,42629.7,43707.17038717336,40474.759225653266,43232.0,tempo,-0.5589944811198719,-0.610791825774895,96,24.0,1077.4703871733655
BTC,2024-02-08 20:00:00+00:00,2024-02-08 20:00:00+00:00,2024-02-09 02:30:00+00:00,-1,45260.2,45634.41171641187,44511.776567176246,45634.41171641187,stop,-1.0,-1.1578825435562787,26,6.5,374.2117164118754
BTC,2024-02-09 20:00:00+00:00,2024-02-09 20:00:00+00:00,2024-02-10 20:00:00+00:00,-1,47486.3,48451.67844969803,45555.54310060394,47511.2,tempo,-0.02579299341909165,-0.08975586209439188,96,24.0,965.3784496980297
BTC,2024-02-12 20:00:00+00:00,2024-02-12 20:00:00+00:00,2024-02-13 20:00:00+00:00,-1,49545.9,50627.075979209236,47383.54804158153,49044.9,tempo,0.46338432376792943,0.40411180825489457,96,24.0,1081.1759792092344
BTC,2024-02-15 16:00:00+00:00,2024-02-15 16:00:00+00:00,2024-02-16 16:00:00+00:00,-1,51968.6,53087.65984335036,49730.480313299275,51909.3,tempo,0.05299091049720532,-0.007346019114931816,96,24.0,1119.059843350362
BTC,2024-02-20 16:00:00+00:00,2024-02-20 16:00:00+00:00,2024-02-21 16:00:00+00:00,-1,51712.7,53296.00534713498,48546.08930573003,51183.7,tempo,0.33411116873775076,0.2918687420820048,96,24.0,1583.305347134985
BTC,2024-02-21 16:00:00+00:00,2024-02-21 16:00:00+00:00,2024-02-22 16:00:00+00:00,1,51183.6,50310.735472395085,52929.329055209826,51630.0,tempo,0.5114195684236309,0.4348568970279056,96,24.0,872.8645276049137
BTC,2024-02-27 00:00:00+00:00,2024-02-27 00:00:00+00:00,2024-02-27 01:45:00+00:00,-1,54511.7,55195.039099750895,53145.0218004982,55195.039099750895,stop,-1.0,-1.1043543102404545,7,1.75,683.3390997508977
BTC,2024-03-05 16:00:00+00:00,2024-03-05 16:00:00+00:00,2024-03-05 20:00:00+00:00,-1,66839.8,69902.3647426059,60714.6705147882,60714.6705147882,alvo,2.0,1.9729277867399255,16,4.0,3062.5647426059004
BTC,2024-03-12 16:00:00+00:00,2024-03-12 16:00:00+00:00,2024-03-13 08:30:00+00:00,-1,71779.2,73747.32807270609,67842.94385458781,73747.32807270609,stop,-1.0,-1.0480620364899316,66,16.5,1968.1280727060948
BTC,2024-03-15 12:00:00+00:00,2024-03-15 12:00:00+00:00,2024-03-16 12:00:00+00:00,1,67818.3,64923.91174755376,73607.0765048925,68300.1,tempo,0.166460045431984,0.13589159632180603,96,24.0,2894.388252446246
BTC,2024-03-17 08:00:00+00:00,2024-03-17 08:00:00+00:00,2024-03-17 22:45:00+00:00,1,65681.1,64125.20062967125,68792.89874065752,68792.89874065752,alvo,2.0,1.9438214958831441,59,14.75,1555.899370328756
BTC,2024-03-19 16:00:00+00:00,2024-03-19 16:00:00+00:00,2024-03-19 23:15:00+00:00,1,64084.1,61900.876455532176,68450.54708893565,61900.876455532176,stop,-1.0,-1.0375088638557428,29,7.25,2183.2235444678226
BTC,2024-03-27 16:00:00+00:00,2024-03-27 16:00:00+00:00,2024-03-28 16:00:00+00:00,-1,68922.1,72280.52287124704,62205.254257505934,71335.1,tempo,-0.7184920102405135,-0.7456378413329954,96,24.0,3358.422871247036
BTC,2024-04-01 20:00:00+00:00,2024-04-01 20:00:00+00:00,2024-04-02 02:45:00+00:00,1,69682.2,67825.13376638787,73396.33246722426,67825.13376638787,stop,-1.0,-1.0481295525869865,27,6.75,1857.0662336121313
BTC,2024-04-03 04:00:00+00:00,2024-04-03 04:00:00+00:00,2024-04-04 04:00:00+00:00,1,66252.2,64145.367476400505,70465.86504719898,65637.2,tempo,-0.2919073980067867,-0.33259791756148527,96,24.0,2106.8325235994926
BTC,2024-04-09 16:00:00+00:00,2024-04-09 16:00:00+00:00,2024-04-10 12:45:00+00:00,1,69322.8,68196.3173553957,71575.7652892086,68196.3173553957,stop,-1.0,-1.0793509129582786,83,20.75,1126.4826446043007
BTC,2024-04-19 04:00:00+00:00,2024-04-19 04:00:00+00:00,2024-04-20 04:00:00+00:00,1,61757.1,59095.15815589146,67080.98368821706,63931.8,tempo,0.8169599966329447,0.7862689485994142,96,24.0,2661.9418441085363
BTC,2024-04-25 16:00:00+00:00,2024-04-25 16:00:00+00:00,2024-04-26 16:00:00+00:00,1,64091.6,62426.7469992189,67421.30600156219,63481.3,tempo,-0.3665789109991461,-0.41638654264055547,96,24.0,1664.8530007810987
BTC,2024-04-30 04:00:00+00:00,2024-04-30 04:00:00+00:00,2024-04-30 12:15:00+00:00,-1,63627.1,64978.10140784107,60925.09718431785,60925.09718431785,alvo,2.0,1.9400748750519954,33,8.25,1351.001407841075
BTC,2024-05-21 04:00:00+00:00,2024-05-21 04:00:00+00:00,2024-05-22 04:00:00+00:00,-1,71323.7,72470.6750196652,69029.7499606696,70002.0,tempo,1.1523354714262186,1.0722450567048813,96,24.0,1146.9750196652021
BTC,2024-05-24 00:00:00+00:00,2024-05-24 00:00:00+00:00,2024-05-25 00:00:00+00:00,1,67999.9,65816.15030119142,72367.39939761715,68584.1,tempo,0.2675215022668317,0.22686684296753704,96,24.0,2183.749698808577
BTC,2024-05-27 20:00:00+00:00,2024-05-27 20:00:00+00:00,2024-05-28 20:00:00+00:00,-1,69297.9,70973.92338151472,65945.85323697055,68466.5,tempo,0.49605513214774394,0.4426269634314632,96,24.0,1676.0233815147221
BTC,2024-05-28 20:00:00+00:00,2024-05-28 20:00:00+00:00,2024-05-29 20:00:00+00:00,1,68466.4,66979.45030331708,71440.29939336583,67315.9,tempo,-0.7737316215649606,-0.8330870222196611,96,24.0,1486.9496966829174
BTC,2024-05-30 20:00:00+00:00,2024-05-30 20:00:00+00:00,2024-05-31 20:00:00+00:00,-1,68705.0,69819.49363234894,66476.01273530212,67719.9,tempo,0.8838991730475672,0.804332827914573,96,24.0,1114.4936323489383
BTC,2024-05-31 20:00:00+00:00,2024-05-31 20:00:00+00:00,2024-06-01 20:00:00+00:00,1,67720.0,66478.30904126582,70203.38191746836,67779.7,tempo,0.048079596279622765,-0.02285174487291839,96,24.0,1241.6909587341797
BTC,2024-06-04 20:00:00+00:00,2024-06-04 20:00:00+00:00,2024-06-05 07:45:00+00:00,-1,70459.1,71396.198915262,68584.90216947603,71396.198915262,stop,-1.0,-1.098395103006967,47,11.75,937.0989152619877
BTC,2024-06-18 04:00:00+00:00,2024-06-18 04:00:00+00:00,2024-06-18 15:15:00+00:00,1,65474.9,64279.16834218985,67866.36331562031,64279.16834218985,stop,-1.0,-1.0705343409380688,45,11.25,1195.7316578101527
BTC,2024-06-25 00:00:00+00:00,2024-06-25 00:00:00+00:00,2024-06-26 00:00:00+00:00,1,60273.5,57889.694807416825,65041.11038516635,61777.8,tempo,0.6310498880866563,0.597769758801414,96,24.0,2383.805192583175
BTC,2024-07-01 20:00:00+00:00,2024-07-01 20:00:00+00:00,2024-07-02 20:00:00+00:00,-1,63207.2,64039.38639049032,61542.82721901935,61944.0,tempo,1.5179291736022298,1.4201766977992192,96,24.0,832.1863904903221
BTC,2024-07-04 12:00:00+00:00,2024-07-04 12:00:00+00:00,2024-07-04 23:45:00+00:00,1,57748.4,56601.104094931296,60042.99181013741,56601.104094931296,stop,-1.0,-1.0647846622073094,47,11.75,1147.295905068706
BTC,2024-07-21 20:00:00+00:00,2024-07-21 20:00:00+00:00,2024-07-22 20:00:00+00:00,1,67391.5,65476.20934144447,71222.08131711106,68193.5,tempo,0.4187353999861566,0.3727213657160444,96,24.0,1915.290658555532
BTC,2024-07-30 04:00:00+00:00,2024-07-30 04:00:00+00:00,2024-07-30 15:15:00+00:00,1,66585.7,65532.51674369732,68692.06651260535,65532.51674369732,stop,-1.0,-1.0815402641178364,45,11.25,1053.1832563026765
BTC,2024-07-30 16:00:00+00:00,2024-07-30 16:00:00+00:00,2024-07-31 16:00:00+00:00,1,66198.0,65235.616857277666,68122.76628544467,66354.5,tempo,0.16261714597088828,0.0730903024766454,96,24.0,962.383142722334
BTC,2024-08-01 08:00:00+00:00,2024-08-01 08:00:00+00:00,2024-08-01 15:30:00+00:00,1,64297.5,63302.81335071287,66286.87329857425,63302.81335071287,stop,-1.0,-1.083383248118797,30,7.5,994.6866492871268
BTC,2024-08-01 20:00:00+00:00,2024-08-01 20:00:00+00:00,2024-08-02 20:00:00+00:00,1,63403.0,61989.014651267156,66230.97069746569,62619.7,tempo,-0.5539661360013133,-0.6118979632818495,96,24.0,1413.9853487328437
BTC,2024-08-03 04:00:00+00:00,2024-08-03 04:00:00+00:00,2024-08-03 18:45:00+00:00,1,61862.2,60097.42303344763,65391.75393310473,60097.42303344763,stop,-1.0,-1.0449199850599866,59,14.75,1764.7769665523665
BTC,2024-08-04 20:00:00+00:00,2024-08-04 20:00:00+00:00,2024-08-05 00:45:00+00:00,1,59233.9,56702.370495918825,64296.959008162354,56702.370495918825,stop,-1.0,-1.0297680021903197,19,4.75,2531.529504081176
BTC,2024-08-05 08:00:00+00:00,2024-08-05 08:00:00+00:00,2024-08-06 08:00:00+00:00,1,52645.6,48212.96270544105,61510.87458911789,55979.1,tempo,0.7520353637081619,0.736106685066517,96,24.0,4432.637294558946
BTC,2024-08-23 16:00:00+00:00,2024-08-23 16:00:00+00:00,2024-08-23 18:00:00+00:00,-1,61498.6,62547.3846803308,59401.0306393384,62547.3846803308,stop,-1.0,-1.0768793552712683,8,2.0,1048.7846803307984
BTC,2024-08-26 12:00:00+00:00,2024-08-26 12:00:00+00:00,2024-08-26 21:30:00+00:00,1,63816.6,62906.86656027867,65636.06687944266,62906.86656027867,stop,-1.0,-1.0905432840738636,38,9.5,909.7334397213272
BTC,2024-09-01 16:00:00+00:00,2024-09-01 16:00:00+00:00,2024-09-02 16:00:00+00:00,1,58184.1,56923.07855884932,60706.14288230135,58508.0,tempo,0.2568552678251407,0.19670572355507068,96,24.0,1261.021441150675
BTC,2024-09-07 00:00:00+00:00,2024-09-07 00:00:00+00:00,2024-09-08 00:00:00+00:00,1,53927.7,52168.91135352069,57445.277292958606,54134.9,tempo,0.11780835657244644,0.07787138623743438,96,24.0,1758.7886464793046
BTC,2024-09-26 04:00:00+00:00,2024-09-26 04:00:00+00:00,2024-09-26 16:00:00+00:00,1,63483.0,62455.11260704668,65538.77478590664,65538.77478590664,alvo,2.0,1.9184111467989882,48,12.0,1027.887392953322
BTC,2024-09-26 20:00:00+00:00,2024-09-26 20:00:00+00:00,2024-09-27 14:15:00+00:00,-1,64677.8,66037.02718912135,61959.34562175731,66037.02718912135,stop,-1.0,-1.062509518903792,73,18.25,1359.2271891213459
BTC,2024-10-09 16:00:00+00:00,2024-10-09 16:00:00+00:00,2024-10-09 18:15:00+00:00,1,62285.4,61424.243915043226,64007.71216991355,61424.243915043226,stop,-1.0,-1.0933759511770902,9,2.25,861.1560849567759
BTC,2024-10-15 16:00:00+00:00,2024-10-15 16:00:00+00:00,2024-10-16 12:00:00+00:00,-1,65994.7,68320.03951174665,61344.02097650668,68320.03951174665,stop,-1.0,-1.0375448747340372,80,20.0,2325.339511746657
BTC,2024-10-22 04:00:00+00:00,2024-10-22 04:00:00+00:00,2024-10-23 04:00:00+00:00,1,67390.3,66327.34385730297,69516.21228539407,67057.8,tempo,-0.3128068851047323,-0.39502219154085927,96,24.0,1062.9561426970322
BTC,2024-10-23 20:00:00+00:00,2024-10-23 20:00:00+00:00,2024-10-24 20:00:00+00:00,1,66465.3,64994.85577340764,69406.18845318473,68279.7,tempo,1.2339128320458093,1.174349709272381,96,24.0,1470.4442265923644
BTC,2024-10-25 00:00:00+00:00,2024-10-25 00:00:00+00:00,2024-10-25 18:15:00+00:00,-1,68173.8,69050.09094919951,66421.21810160099,66421.21810160099,alvo,2.0,1.900162426821868,73,18.25,876.2909491995088
BTC,2024-10-26 00:00:00+00:00,2024-10-26 00:00:00+00:00,2024-10-27 00:00:00+00:00,1,66662.7,65245.98893235075,69496.12213529849,67071.8,tempo,0.2887674200772832,0.2274088078768159,96,24.0,1416.7110676492448
BTC,2024-10-28 16:00:00+00:00,2024-10-28 16:00:00+00:00,2024-10-28 19:15:00+00:00,-1,68459.1,69441.99124624957,66493.31750750088,69441.99124624957,stop,-1.0,-1.0911959585071969,13,3.25,982.8912462495646
BTC,2024-11-01 20:00:00+00:00,2024-11-01 20:00:00+00:00,2024-11-02 20:00:00+00:00,1,69278.6,68480.68182335261,70874.43635329479,69502.6,tempo,0.2807305392404763,0.16767661636955555,96,24.0,797.9181766473921
BTC,2024-11-03 16:00:00+00:00,2024-11-03 16:00:00+00:00,2024-11-04 16:00:00+00:00,1,68075.6,67245.3987038906,69736.0025922188,68614.7,tempo,0.6493605858318858,0.5423399205831388,96,24.0,830.2012961094006
BTC,2024-11-04 20:00:00+00:00,2024-11-04 20:00:00+00:00,2024-11-04 21:45:00+00:00,1,67845.6,66947.80910085305,69641.18179829392,66947.80910085305,stop,-1.0,-1.097590336456744,7,1.75,897.7908991469594
BTC,2024-11-05 20:00:00+00:00,2024-11-05 20:00:00+00:00,2024-11-06 00:45:00+00:00,-1,68955.9,70852.67844060001,65162.34311879997,70852.67844060001,stop,-1.0,-1.0479104855059629,19,4.75,1896.7784406000137
BTC,2024-11-10 20:00:00+00:00,2024-11-10 20:00:00+00:00,2024-11-10 22:30:00+00:00,-1,79793.4,81536.11910686863,76307.96178626272,81536.11910686863,stop,-1.0,-1.0601727421281835,10,2.5,1742.719106868637
BTC,2024-11-13 20:00:00+00:00,2024-11-13 20:00:00+00:00,2024-11-14 20:00:00+00:00,-1,90218.8,94150.39634920385,82355.60730159232,89502.7,tempo,0.1821397560675367,0.1524268952791559,96,24.0,3931.5963492038427
BTC,2024-11-25 16:00:00+00:00,2024-11-25 16:00:00+00:00,2024-11-25 21:45:00+00:00,1,96040.4,94264.89054496787,99591.41891006424,94264.89054496787,stop,-1.0,-1.069669265068482,23,5.75,1775.5094550321228
BTC,2024-12-02 16:00:00+00:00,2024-12-02 16:00:00+00:00,2024-12-02 18:00:00+00:00,1,97106.6,94454.38385145953,102411.03229708096,94454.38385145953,stop,-1.0,-1.046947395132923,8,2.0,2652.2161485404795
BTC,2024-12-03 16:00:00+00:00,2024-12-03 16:00:00+00:00,2024-12-04 16:00:00+00:00,1,95744.7,93219.11990623885,100795.8601875223,95813.0,tempo,0.02704329202179015,-0.022257264831496273,96,24.0,2525.5800937611493
BTC,2024-12-10 00:00:00+00:00,2024-12-10 00:00:00+00:00,2024-12-11 00:00:00+00:00,1,97349.1,93434.44443281362,105178.41113437279,96602.4,tempo,-0.19074475063886476,-0.22294898236150648,96,24.0,3914.65556718639
BTC,2024-12-12 20:00:00+00:00,2024-12-12 20:00:00+00:00,2024-12-13 20:00:00+00:00,-1,99455.1,102954.64921183625,92456.00157632752,101416.0,tempo,-0.5603293113775337,-0.5976387495641425,96,24.0,3499.5492118362454
BTC,2024-12-16 04:00:00+00:00,2024-12-16 04:00:00+00:00,2024-12-16 16:45:00+00:00,-1,104560.0,107050.20420861842,99579.59158276315,107050.20420861842,stop,-1.0,-1.0552350816288731,51,12.75,2490.204208618423
BTC,2024-12-17 16:00:00+00:00,2024-12-17 16:00:00+00:00,2024-12-18 16:00:00+00:00,-1,106429.9,108787.83540979537,101714.02918040924,104395.1,tempo,0.8629583285220565,0.804841278567795,96,24.0,2357.9354097953765
BTC,2024-12-19 04:00:00+00:00,2024-12-19 04:00:00+00:00,2024-12-19 18:00:00+00:00,1,101163.4,98188.33633731845,107113.52732536307,98188.33633731845,stop,-1.0,-1.0435549095115708,56,14.0,2975.0636626815394
BTC,2025-01-02 16:00:00+00:00,2025-01-02 16:00:00+00:00,2025-01-02 19:30:00+00:00,-1,96428.5,97762.55753523637,93760.38492952727,97762.55753523637,stop,-1.0,-1.0946167493259873,14,3.5,1334.0575352363667
BTC,2025-01-02 20:00:00+00:00,2025-01-02 20:00:00+00:00,2025-01-03 16:30:00+00:00,-1,97292.7,98157.4459187288,95563.20816254239,98157.4459187288,stop,-1.0,-1.1469132054811304,82,20.5,864.7459187288041
BTC,2025-01-09 16:00:00+00:00,2025-01-09 16:00:00+00:00,2025-01-09 20:30:00+00:00,1,94195.1,91280.37149785286,100024.5570042943,91280.37149785286,stop,-1.0,-1.0413620192703348,18,4.5,2914.728502147147
BTC,2025-01-10 20:00:00+00:00,2025-01-10 20:00:00+00:00,2025-01-11 20:00:00+00:00,-1,95276.0,96424.37826006718,92979.24347986563,94206.5,tempo,0.9313133461246739,0.8240632968309903,96,24.0,1148.3782600671839
BTC,2025-01-13 16:00:00+00:00,2025-01-13 16:00:00+00:00,2025-01-14 16:00:00+00:00,1,92093.7,88420.9580671758,99439.18386564839,96416.7,tempo,1.177049757121318,1.1436872823705322,96,24.0,3672.741932824196
BTC,2025-01-16 04:00:00+00:00,2025-01-16 04:00:00+00:00,2025-01-17 01:45:00+00:00,-1,99438.9,101218.20505400663,95880.28989198673,101218.20505400663,stop,-1.0,-1.0733022805681403,87,21.75,1779.3050540066324
BTC,2025-01-20 04:00:00+00:00,2025-01-20 04:00:00+00:00,2025-01-20 07:00:00+00:00,1,101873.8,98818.57935253346,107984.24129493309,107984.24129493309,alvo,2.0,1.9553525775773941,12,3.0,3055.2206474665436
BTC,2025-02-02 20:00:00+00:00,2025-02-02 20:00:00+00:00,2025-02-02 22:45:00+00:00,1,98232.0,96298.9228173361,102098.15436532779,96298.9228173361,stop,-1.0,-1.0654113043003381,11,2.75,1933.0771826638957
BTC,2025-02-03 00:00:00+00:00,2025-02-03 00:00:00+00:00,2025-02-03 00:45:00+00:00,1,97664.5,95503.90435589172,101985.69128821656,95503.90435589172,stop,-1.0,-1.0581133555340247,3,0.75,2160.5956441082817
BTC,2025-02-07 16:00:00+00:00,2025-02-07 16:00:00+00:00,2025-02-08 16:00:00+00:00,-1,98257.1,100556.44439283088,93658.41121433827,95798.0,tempo,1.0694787643239692,1.0146214687429858,96,24.0,2299.3443928308698
BTC,2025-02-10 16:00:00+00:00,2025-02-10 16:00:00+00:00,2025-02-11 16:00:00+00:00,-1,97187.7,98677.24384020912,94208.61231958175,96963.3,tempo,0.1506501480134278,0.06592746540860937,96,24.0,1489.543840209124
BTC,2025-02-12 16:00:00+00:00,2025-02-12 16:00:00+00:00,2025-02-13 16:00:00+00:00,1,95762.0,93632.91949604533,100020.16100790934,95943.5,tempo,0.08524806819792495,0.02672112439822112,96,24.0,2129.0805039546685
BTC,2025-02-20 16:00:00+00:00,2025-02-20 16:00:00+00:00,2025-02-20 18:15:00+00:00,-1,96871.1,98224.78538964396,94163.72922071209,98224.78538964396,stop,-1.0,-1.09367931904519,9,2.25,1353.685389643957
BTC,2025-02-21 12:00:00+00:00,2025-02-21 12:00:00+00:00,2025-02-21 13:15:00+00:00,-1,98579.7,99082.9469343824,97573.20613123519,99082.9469343824,stop,-1.0,-1.2553035333737754,5,1.25,503.246934382405
BTC,2025-02-25 04:00:00+00:00,2025-02-25 04:00:00+00:00,2025-02-25 07:15:00+00:00,1,92125.3,90437.32657500201,95501.246849996,90437.32657500201,stop,-1.0,-1.0703006963950823,13,3.25,1687.9734249979956
BTC,2025-02-25 12:00:00+00:00,2025-02-25 12:00:00+00:00,2025-02-25 15:30:00+00:00,1,89186.9,86242.83217972715,95075.03564054568,86242.83217972715,stop,-1.0,-1.0387318950778297,14,3.5,2944.067820272845
BTC,2025-02-25 16:00:00+00:00,2025-02-25 16:00:00+00:00,2025-02-26 14:30:00+00:00,1,87206.8,85425.40072327122,90769.59855345757,85425.40072327122,stop,-1.0,-1.0629903312165823,90,22.5,1781.3992767287855
BTC,2025-02-26 16:00:00+00:00,2025-02-26 16:00:00+00:00,2025-02-26 18:45:00+00:00,1,87536.5,84879.92402326419,92849.65195347162,84879.92402326419,stop,-1.0,-1.0421861360625662,11,2.75,2656.5759767358104
BTC,2025-02-27 00:00:00+00:00,2025-02-27 00:00:00+00:00,2025-02-28 00:00:00+00:00,1,84208.6,81570.96645407887,89483.86709184229,84668.1,tempo,0.17420918865343324,0.13259239348878687,96,24.0,2637.6335459211405
BTC,2025-03-04 16:00:00+00:00,2025-03-04 16:00:00+00:00,2025-03-04 19:15:00+00:00,1,82945.0,80508.02638234892,87818.94723530216,87818.94723530216,alvo,2.0,1.9544531114744146,13,3.25,2436.973617651078
BTC,2025-03-07 04:00:00+00:00,2025-03-07 04:00:00+00:00,2025-03-08 04:00:00+00:00,1,86958.4,83806.14418141331,93262.91163717335,85880.0,tempo,-0.3421042142713839,-0.37774375828858553,96,24.0,3152.25581858668
BTC,2025-03-12 16:00:00+00:00,2025-03-12 16:00:00+00:00,2025-03-13 16:00:00+00:00,-1,81688.0,85013.66383968481,75036.67232063037,81016.0,tempo,0.20206492068774096,0.1702644726875537,96,24.0,3325.663839684814
BTC,2025-03-16 20:00:00+00:00,2025-03-16 20:00:00+00:00,2025-03-17 20:00:00+00:00,-1,83064.3,85440.80117164199,78311.29765671604,84436.2,tempo,-0.577277224337371,-0.6230905091357014,96,24.0,2376.501171641983
BTC,2025-03-20 04:00:00+00:00,2025-03-20 04:00:00+00:00,2025-03-21 04:00:00+00:00,-1,85849.6,87858.84858830893,81831.10282338216,84409.9,tempo,0.7165365243390459,0.6614568912643034,96,24.0,2009.2485883089248
BTC,2025-03-26 20:00:00+00:00,2025-03-26 20:00:00+00:00,2025-03-27 20:00:00+00:00,1,86525.2,85531.2439299269,88513.11214014619,87025.8,tempo,0.503643988977493,0.3901498885876194,96,24.0,993.9560700730945
BTC,2025-03-29 20:00:00+00:00,2025-03-29 20:00:00+00:00,2025-03-30 20:00:00+00:00,1,82722.9,81340.63738909089,85487.42522181821,82510.6,tempo,-0.15358875970779512,-0.231288738100007,96,24.0,1382.262610909107
BTC,2025-03-31 00:00:00+00:00,2025-03-31 00:00:00+00:00,2025-03-31 01:00:00+00:00,1,82353.1,81254.90758822513,84549.48482354975,81254.90758822513,stop,-1.0,-1.096836586915105,4,1.0,1098.1924117748713
ETH,2020-09-04 16:00:00+00:00,2020-09-04 16:00:00+00:00,2020-09-05 12:00:00+00:00,1,384.48,350.4168977784944,452.6062044430113,350.4168977784944,stop,-1.0,-1.0140234726846,80,20.0,34.06310222150563
ETH,2020-09-05 16:00:00+00:00,2020-09-05 16:00:00+00:00,2020-09-05 18:45:00+00:00,1,357.38,329.77246683346647,412.59506633306705,329.77246683346647,stop,-1.0,-1.0161785227512898,11,2.75,27.60753316653353
ETH,2020-09-17 04:00:00+00:00,2020-09-17 04:00:00+00:00,2020-09-17 18:30:00+00:00,-1,377.05,388.1117967031558,354.92640659368845,388.1117967031558,stop,-1.0,-1.0449615176633251,58,14.5,11.061796703155778
ETH,2020-09-20 20:00:00+00:00,2020-09-20 20:00:00+00:00,2020-09-21 09:30:00+00:00,1,370.92,362.9193634496069,386.9212731007862,362.9193634496069,stop,-1.0,-1.0596197044119955,54,13.5,8.000636550393097
ETH,2020-10-06 16:00:00+00:00,2020-10-06 16:00:00+00:00,2020-10-06 19:15:00+00:00,1,351.24,339.1386878479259,375.44262430414824,339.1386878479259,stop,-1.0,-1.0370824371325913,13,3.25,12.101312152074115
ETH,2020-10-09 20:00:00+00:00,2020-10-09 20:00:00+00:00,2020-10-09 23:30:00+00:00,-1,363.33,367.97900806648084,354.03198386703826,367.97900806648084,stop,-1.0,-1.1022478017774309,14,3.5,4.64900806648086
ETH,2020-10-13 00:00:00+00:00,2020-10-13 00:00:00+00:00,2020-10-14 00:00:00+00:00,-1,386.72,397.4352254385526,365.28954912289487,381.12,tempo,0.5226208288489799,0.47604262077840676,96,24.0,10.71522543855258
ETH,2020-10-15 16:00:00+00:00,2020-10-15 16:00:00+00:00,2020-10-16 04:30:00+00:00,1,376.63,367.6860136168695,394.517972766261,367.6860136168695,stop,-1.0,-1.054092815901809,50,12.5,8.943986383130493
ETH,2020-10-16 12:00:00+00:00,2020-10-16 12:00:00+00:00,2020-10-17 12:00:00+00:00,1,369.94,358.43068546676454,392.9586290664709,368.07,tempo,-0.16247709579923328,-0.20415694550833205,96,24.0,11.509314533235454
ETH,2020-10-21 20:00:00+00:00,2020-10-21 20:00:00+00:00,2020-10-21 23:00:00+00:00,-1,391.56,402.50992477378986,369.6601504524203,402.50992477378986,stop,-1.0,-1.0471368947062019,12,3.0,10.94992477378986
ETH,2020-10-22 00:00:00+00:00,2020-10-22 00:00:00+00:00,2020-10-22 10:30:00+00:00,-1,390.95,405.37791145523255,362.09417708953487,405.37791145523255,stop,-1.0,-1.0358758191753512,42,10.5,14.427911455232561
ETH,2020-10-23 00:00:00+00:00,2020-10-23 00:00:00+00:00,2020-10-24 00:00:00+00:00,-1,414.38,424.56246542342683,394.0150691531463,409.4,tempo,0.4890760530885295,0.4364898691209344,96,24.0,10.182465423426834
ETH,2020-10-26 12:00:00+00:00,2020-10-26 12:00:00+00:00,2020-10-26 15:30:00+00:00,1,405.3,399.51056406226246,416.8788718754751,399.51056406226246,stop,-1.0,-1.0903588660910035,14,3.5,5.789435937737551
ETH,2020-10-28 16:00:00+00:00,2020-10-28 16:00:00+00:00,2020-10-29 16:00:00+00:00,1,387.43,376.7464965593865,408.797006881227,390.73,tempo,0.30888743737892327,0.2615430430225571,96,24.0,10.683503440613492
ETH,2020-11-02 12:00:00+00:00,2020-11-02 12:00:00+00:00,2020-11-02 13:00:00+00:00,1,384.23,379.29206083314864,394.1058783337028,379.29206083314864,stop,-1.0,-1.1005053571484154,4,1.0,4.937939166851379
ETH,2020-11-17 00:00:00+00:00,2020-11-17 00:00:00+00:00,2020-11-17 01:15:00+00:00,-1,460.7,468.72508595823433,444.6498280835313,468.72508595823433,stop,-1.0,-1.0752797302131043,5,1.25,8.025085958234342
ETH,2020-11-21 04:00:00+00:00,2020-11-21 04:00:00+00:00,2020-11-21 13:45:00+00:00,-1,508.35,522.6814739371292,479.6870521257416,522.6814739371292,stop,-1.0,-1.046762144703267,39,9.75,14.331473937129203
ETH,2020-11-22 04:00:00+00:00,2020-11-22 04:00:00+00:00,2020-11-22 12:00:00+00:00,-1,550.29,569.2486481428845,512.372703714231,512.372703714231,alvo,2.0,1.9635664551497312,32,8.0,18.9586481428845
ETH,2020-11-23 00:00:00+00:00,2020-11-23 00:00:00+00:00,2020-11-23 09:45:00+00:00,-1,560.41,589.0174784539955,503.19504309200886,589.0174784539955,stop,-1.0,-1.0261165227196298,39,9.75,28.607478453995554
ETH,2020-11-23 16:00:00+00:00,2020-11-23 16:00:00+00:00,2020-11-24 01:15:00+00:00,-1,590.83,614.5234021175987,543.4431957648027,614.5234021175987,stop,-1.0,-1.0330674213643003,37,9.25,23.69340211759868
ETH,2020-11-24 12:00:00+00:00,2020-11-24 12:00:00+00:00,2020-11-25 12:00:00+00:00,-1,607.45,630.929861479779,560.4902770404422,602.5,tempo,0.21081896093224514,0.17732355463790594,96,24.0,23.479861479778947
ETH,2020-12-05 04:00:00+00:00,2020-12-05 04:00:00+00:00,2020-12-06 04:00:00+00:00,1,576.35,556.7225139679873,615.6049720640254,597.49,tempo,1.0770610135969703,1.0381871609417936,96,24.0,19.627486032012712
ETH,2020-12-17 04:00:00+00:00,2020-12-17 04:00:00+00:00,2020-12-17 10:15:00+00:00,-1,637.97,658.1609269879103,597.5881460241794,658.1609269879103,stop,-1.0,-1.0417259248694524,25,6.25,20.190926987910302
ETH,2020-12-17 20:00:00+00:00,2020-12-17 20:00:00+00:00,2020-12-18 20:00:00+00:00,-1,648.7,685.2218079540912,575.6563840918177,645.55,tempo,0.08624983746587025,0.06321531242106722,96,24.0,36.52180795409117
ETH,2020-12-22 12:00:00+00:00,2020-12-22 12:00:00+00:00,2020-12-23 12:00:00+00:00,1,612.06,584.0122782261699,668.1554435476601,602.25,tempo,-0.3497610279760109,-0.37790240453289253,96,24.0,28.047721773830062
ETH,2020-12-28 04:00:00+00:00,2020-12-28 04:00:00+00:00,2020-12-28 07:30:00+00:00,-1,704.71,729.2655995384968,655.5988009230066,729.2655995384968,stop,-1.0,-1.037958109645776,14,3.5,24.555599538496722
ETH,2021-01-10 12:00:00+00:00,2021-01-10 12:00:00+00:00,2021-01-11 03:45:00+00:00,-1,1262.98,1371.2834022495365,1046.373195500927,1046.373195500927,alvo,2.0,1.9861400515044112,63,15.75,108.30340224953648
ETH,2021-01-19 16:00:00+00:00,2021-01-19 16:00:00+00:00,2021-01-20 04:30:00+00:00,-1,1417.6,1460.5132493826013,1331.773501234797,1331.773501234797,alvo,2.0,1.958355687310708,50,12.5,42.91324938260141
ETH,2021-01-27 16:00:00+00:00,2021-01-27 16:00:00+00:00,2021-01-28 16:00:00+00:00,1,1282.08,1188.031415029888,1470.1771699402238,1353.01,tempo,0.7541846591582549,0.7359727051927134,96,24.0,94.04858497011196
ETH,2021-01-29 16:00:00+00:00,2021-01-29 16:00:00+00:00,2021-01-30 16:00:00+00:00,-1,1398.53,1461.133404136964,1273.323191726072,1372.69,tempo,0.41275710732066706,0.3839840234152116,96,24.0,62.603404136963945
ETH,2021-02-04 04:00:00+00:00,2021-02-04 04:00:00+00:00,2021-02-05 04:00:00+00:00,-1,1648.87,1720.423640145963,1505.7627197080737,1644.6,tempo,0.05967551044628283,0.02975731906380322,96,24.0,71.55364014596307
ETH,2021-02-10 12:00:00+00:00,2021-02-10 12:00:00+00:00,2021-02-11 12:00:00+00:00,-1,1796.02,1863.9739317373487,1660.1121365253025,1766.95,tempo,0.4277898166710864,0.39370892626799114,96,24.0,67.95393173734874
ETH,2021-02-18 12:00:00+00:00,2021-02-18 12:00:00+00:00,2021-02-18 21:45:00+00:00,-1,1902.65,1951.6611868240113,1804.6276263519776,1951.6611868240113,stop,-1.0,-1.0511169476558815,39,9.75,49.01118682401125
ETH,2021-02-20 08:00:00+00:00,2021-02-20 08:00:00+00:00,2021-02-20 22:45:00+00:00,-1,1989.28,2061.882047125779,1844.0759057484418,1844.0759057484418,alvo,2.0,1.9656802881271407,59,14.75,72.60204712577911
ETH,2021-02-22 12:00:00+00:00,2021-02-22 12:00:00+00:00,2021-02-22 12:30:00+00:00,1,1805.71,1754.1928184282679,1908.7443631434644,1754.1928184282679,stop,-1.0,-1.0449158273294992,2,0.5,51.51718157173218
ETH,2021-03-08 08:00:00+00:00,2021-03-08 08:00:00+00:00,2021-03-08 19:45:00+00:00,-1,1692.35,1770.9905750710727,1535.0688498578543,1770.9905750710727,stop,-1.0,-1.0286260797528715,47,11.75,78.64057507107282
ETH,2021-03-16 04:00:00+00:00,2021-03-16 04:00:00+00:00,2021-03-17 04:00:00+00:00,1,1750.85,1697.4842141859303,1857.581571628139,1768.07,tempo,0.3226786551967174,0.27981789778242355,96,24.0,53.36578581406957
ETH,2021-04-06 04:00:00+00:00,2021-04-06 04:00:00+00:00,2021-04-07 04:00:00+00:00,-1,2116.19,2173.8935701230275,2000.782859753945,2107.81,tempo,0.1452249831705984,0.09764387173943018,96,24.0,57.703570123027475
ETH,2021-04-21 04:00:00+00:00,2021-04-21 04:00:00+00:00,2021-04-21 14:15:00+00:00,-1,2284.82,2388.096132358708,2078.2677352825845,2388.096132358708,stop,-1.0,-1.0294104302384544,41,10.25,103.27613235870786
ETH,2021-04-23 04:00:00+00:00,2021-04-23 04:00:00+00:00,2021-04-24 04:00:00+00:00,1,2283.55,2070.700422858585,2709.24915428283,2298.98,tempo,0.07249250953290974,0.05849838025154866,96,24.0,212.849577141415
ETH,2021-05-06 20:00:00+00:00,2021-05-06 20:00:00+00:00,2021-05-07 20:00:00+00:00,-1,3483.26,3651.128095075739,3147.5238098485224,3516.0,tempo,-0.1950340830711644,-0.2221358322031084,96,24.0,167.8680950757389
ETH,2021-05-10 20:00:00+00:00,2021-05-10 20:00:00+00:00,2021-05-11 20:00:00+00:00,-1,3997.98,4257.743332554148,3478.4533348917043,4070.27,tempo,-0.2782917792484475,-0.29848078147764706,96,24.0,259.76333255414784
ETH,2021-05-12 16:00:00+00:00,2021-05-12 16:00:00+00:00,2021-05-13 00:00:00+00:00,-1,4196.46,4419.074545939889,3751.230908120223,3751.230908120223,alvo,2.0,1.9767939733296984,32,8.0,222.61454593988856
ETH,2021-05-17 08:00:00+00:00,2021-05-17 08:00:00+00:00,2021-05-18 08:00:00+00:00,1,3520.98,3065.907578980017,4431.124842039966,3513.89,tempo,-0.015579937769265114,-0.025628152709979368,96,24.0,455.0724210199828
ETH,2021-05-19 16:00:00+00:00,2021-05-19 16:00:00+00:00,2021-05-20 16:00:00+00:00,1,2750.43,1268.2357272347667,5714.8185455304665,2904.7,tempo,0.1040821725158798,0.1016021774386203,96,24.0,1482.194272765233
ETH,2021-05-22 00:00:00+00:00,2021-05-22 00:00:00+00:00,2021-05-23 00:00:00+00:00,1,2431.24,2028.9683173719059,3235.7833652561876,2295.15,tempo,-0.3383037033850004,-0.3459407149686376,96,24.0,402.2716826280939
ETH,2021-06-18 12:00:00+00:00,2021-06-18 12:00:00+00:00,2021-06-18 14:15:00+00:00,1,2318.9,2259.687803437856,2437.3243931242882,2259.687803437856,stop,-1.0,-1.0502613016409748,9,2.25,59.21219656214407
ETH,2021-06-21 12:00:00+00:00,2021-06-21 12:00:00+00:00,2021-06-22 00:30:00+00:00,1,1968.68,1860.2851899279265,2185.4696201441475,1860.2851899279265,stop,-1.0,-1.0229607614220486,50,12.5,108.3948100720736
ETH,2021-07-05 20:00:00+00:00,2021-07-05 20:00:00+00:00,2021-07-06 20:00:00+00:00,1,2243.82,2137.803319104878,2455.8533617902444,2326.65,tempo,0.7812921447893675,0.7532700875534982,96,24.0,106.01668089512214
ETH,2021-07-21 20:00:00+00:00,2021-07-21 20:00:00+00:00,2021-07-22 20:00:00+00:00,-1,1937.26,2054.5397139635984,1702.7005720728032,2028.12,tempo,-0.774729038205203,-0.7967063854623767,96,24.0,117.2797139635984
ETH,2021-08-02 00:00:00+00:00,2021-08-02 00:00:00+00:00,2021-08-03 00:00:00+00:00,-1,2554.72,2721.154742327625,2221.850515344749,2607.09,tempo,-0.31465786089848025,-0.3348169722299075,96,24.0,166.43474232762537
ETH,2021-08-06 04:00:00+00:00,2021-08-06 04:00:00+00:00,2021-08-06 16:15:00+00:00,-1,2762.35,2872.025146311499,2542.9997073770014,2872.025146311499,stop,-1.0,-1.0333926506439362,49,12.25,109.67514631149925
ETH,2021-08-07 16:00:00+00:00,2021-08-07 16:00:00+00:00,2021-08-08 16:00:00+00:00,-1,3084.23,3201.3008107300475,2850.088378539905,3034.34,tempo,0.426152340526972,0.3921808451969303,96,24.0,117.07081073004747
ETH,2021-08-10 04:00:00+00:00,2021-08-10 04:00:00+00:00,2021-08-11 04:00:00+00:00,-1,3117.68,3242.3782921312754,2868.2834157374486,3161.5,tempo,-0.3514081809065103,-0.3841389178736474,96,24.0,124.6982921312756
ETH,2021-08-18 04:00:00+00:00,2021-08-18 04:00:00+00:00,2021-08-19 04:00:00+00:00,1,3052.21,2923.4503518013407,3309.7292963973186,2966.97,tempo,-0.66200864317745,-0.6923944593452883,96,24.0,128.7596481986593
ETH,2021-08-21 12:00:00+00:00,2021-08-21 12:00:00+00:00,2021-08-22 12:00:00+00:00,-1,3252.26,3331.4464785235127,3093.887042952975,3258.0,tempo,-0.0724871228904999,-0.12592641049240416,96,24.0,79.1864785235125
ETH,2021-08-26 08:00:00+00:00,2021-08-26 08:00:00+00:00,2021-08-27 08:00:00+00:00,1,3106.94,3039.955095440633,3240.909809118734,3127.2,tempo,0.30245620462210077,0.24196211230897888,96,24.0,66.9849045593669
ETH,2021-08-29 04:00:00+00:00,2021-08-29 04:00:00+00:00,2021-08-30 04:00:00+00:00,-1,3180.74,3306.9054088703015,2928.4091822593964,3162.19,tempo,0.14702920686500662,0.1143506419800915,96,24.0,126.16540887030169
ETH,2021-08-31 00:00:00+00:00,2021-08-31 00:00:00+00:00,2021-08-31 08:00:00+00:00,-1,3230.42,3369.8755502387594,2951.5088995224814,3369.8755502387594,stop,-1.0,-1.0307638677722761,32,8.0,139.45555023875932
ETH,2021-09-13 12:00:00+00:00,2021-09-13 12:00:00+00:00,2021-09-13 14:30:00+00:00,1,3251.61,3138.941373672125,3476.9472526557506,3138.941373672125,stop,-1.0,-1.03686792435721,10,2.5,112.66862632787524
ETH,2021-09-16 04:00:00+00:00,2021-09-16 04:00:00+00:00,2021-09-16 04:30:00+00:00,-1,3542.96,3642.7081045539167,3343.463790892167,3642.7081045539167,stop,-1.0,-1.0468247921987872,2,0.5,99.74810455391662
ETH,2021-09-20 16:00:00+00:00,2021-09-20 16:00:00+00:00,2021-09-21 00:30:00+00:00,1,3086.3,2873.0529343273206,3512.7941313453593,2873.0529343273206,stop,-1.0,-1.0181647489267611,34,8.5,213.24706567267958
ETH,2021-10-03 00:00:00+00:00,2021-10-03 00:00:00+00:00,2021-10-04 00:00:00+00:00,-1,3387.24,3492.3941074616605,3176.9317850766784,3418.25,tempo,-0.29490051076993345,-0.33696799255244814,96,24.0,105.15410746166071
ETH,2021-10-21 12:00:00+00:00,2021-10-21 12:00:00+00:00,2021-10-22 12:00:00+00:00,-1,4218.71,4423.643092276021,3808.843815447958,4127.96,tempo,0.44282745647428357,0.4163537647940121,96,24.0,204.93309227602094
ETH,2021-10-22 20:00:00+00:00,2021-10-22 20:00:00+00:00,2021-10-23 20:00:00+00:00,1,3986.7,3857.979102957095,4244.141794085809,4086.51,tempo,0.7753985739140102,0.7346314054079448,96,24.0,128.72089704290465
ETH,2021-10-27 08:00:00+00:00,2021-10-27 08:00:00+00:00,2021-10-28 08:00:00+00:00,-1,4139.71,4347.704230316121,3723.721539367759,4012.56,tempo,0.6113150341081617,0.5858384836675733,96,24.0,207.9942303161206
ETH,2021-11-15 16:00:00+00:00,2021-11-15 16:00:00+00:00,2021-11-16 01:15:00+00:00,-1,4651.34,4792.145440385254,4369.729119229492,4369.729119229492,alvo,2.0,1.9583560485201732,37,9.25,140.80544038525386
ETH,2021-11-16 12:00:00+00:00,2021-11-16 12:00:00+00:00,2021-11-17 12:00:00+00:00,1,4291.27,4040.654582615216,4792.500834769569,4251.78,tempo,-0.15757210953773604,-0.17972949537595118,96,24.0,250.61541738478445
ETH,2021-11-20 16:00:00+00:00,2021-11-20 16:00:00+00:00,2021-11-20 18:30:00+00:00,-1,4215.78,4355.648672460401,3936.042655079197,4355.648672460401,stop,-1.0,-1.0398332846025733,10,2.5,139.86867246040129
ETH,2021-11-28 20:00:00+00:00,2021-11-28 20:00:00+00:00,2021-11-29 17:15:00+00:00,1,4101.16,3931.777555223918,4439.924889552163,4439.924889552163,alvo,2.0,1.967223845508027,85,21.25,169.38244477608168
ETH,2021-11-30 16:00:00+00:00,2021-11-30 16:00:00+00:00,2021-12-01 16:00:00+00:00,-1,4619.13,4792.103009098154,4273.183981803692,4728.93,tempo,-0.6347811174267887,-0.6699093668090493,96,24.0,172.97300909815385
ETH,2021-12-04 00:00:00+00:00,2021-12-04 00:00:00+00:00,2021-12-04 05:15:00+00:00,1,4213.67,3965.5292269925526,4709.951546014895,3965.5292269925526,stop,-1.0,-1.0214252556446481,21,5.25,248.14077300744748
ETH,2021-12-11 04:00:00+00:00,2021-12-11 04:00:00+00:00,2021-12-12 04:00:00+00:00,1,4007.43,3793.8666377427066,4434.556724514587,4041.67,tempo,0.1603271255804128,0.13582893944632868,96,24.0,213.5633622572932
ETH,2021-12-28 16:00:00+00:00,2021-12-28 16:00:00+00:00,2021-12-28 17:30:00+00:00,1,3896.3,3825.236795384995,4038.426409230011,3825.236795384995,stop,-1.0,-1.0706272527982852,6,1.5,71.06320461500536
ETH,2021-12-29 16:00:00+00:00,2021-12-29 16:00:00+00:00,2021-12-29 23:30:00+00:00,1,3792.78,3674.9625497533166,4028.4149004933674,3674.9625497533166,stop,-1.0,-1.041199607080075,30,7.5,117.81745024668362
ETH,2022-01-10 16:00:00+00:00,2022-01-10 16:00:00+00:00,2022-01-11 16:00:00+00:00,1,3004.19,2904.4293212094444,3203.7113575811113,3132.05,tempo,1.2816673016874527,1.2416860580917286,96,24.0,99.76067879055563
ETH,2022-01-18 00:00:00+00:00,2022-01-18 00:00:00+00:00,2022-01-18 13:30:00+00:00,1,3208.6,3122.50167084191,3380.79665831618,3122.50167084191,stop,-1.0,-1.0477967008917335,54,13.5,86.09832915809011
ETH,2022-01-19 12:00:00+00:00,2022-01-19 12:00:00+00:00,2022-01-20 12:00:00+00:00,1,3115.96,3027.5866842429227,3292.7066315141547,3150.87,tempo,0.39502874483018496,0.3489351987738486,96,24.0,88.37331575707731
ETH,2022-01-21 16:00:00+00:00,2022-01-21 16:00:00+00:00,2022-01-21 21:45:00+00:00,1,2830.14,2697.9861053872432,3094.447789225513,2697.9861053872432,stop,-1.0,-1.0271901329811801,23,5.75,132.15389461275663
ETH,2022-01-24 16:00:00+00:00,2022-01-24 16:00:00+00:00,2022-01-25 16:00:00+00:00,1,2273.84,2116.6257642091687,2588.268471581663,2418.08,tempo,0.917474166855389,0.8980754909997394,96,24.0,157.21423579083148
ETH,2022-01-26 20:00:00+00:00,2022-01-26 20:00:00+00:00,2022-01-27 20:00:00+00:00,-1,2572.49,2748.112859439019,2221.2442811219616,2393.48,tempo,1.0192864446678527,1.0009068299052266,96,24.0,175.62285943901907
ETH,2022-02-12 16:00:00+00:00,2022-02-12 16:00:00+00:00,2022-02-12 18:30:00+00:00,1,2880.42,2834.7153969723026,2971.829206055395,2971.829206055395,alvo,2.0,1.9167707029064278,10,2.5,45.70460302769743
ETH,2022-02-18 00:00:00+00:00,2022-02-18 00:00:00+00:00,2022-02-18 14:45:00+00:00,1,2890.75,2828.8487260701017,3014.5525478597965,2828.8487260701017,stop,-1.0,-1.0600591706102174,59,14.75,61.90127392989825
ETH,2022-02-18 20:00:00+00:00,2022-02-18 20:00:00+00:00,2022-02-19 11:45:00+00:00,1,2796.88,2727.9974662549275,2934.6450674901453,2727.9974662549275,stop,-1.0,-1.052134701756998,63,15.75,68.88253374507258
ETH,2022-02-26 00:00:00+00:00,2022-02-26 00:00:00+00:00,2022-02-26 00:45:00+00:00,-1,2766.42,2862.8301865888075,2573.5996268223853,2862.8301865888075,stop,-1.0,-1.0379525520149497,3,0.75,96.41018658880739
ETH,2022-03-16 04:00:00+00:00,2022-03-16 04:00:00+00:00,2022-03-16 20:00:00+00:00,-1,2619.83,2758.985189316998,2341.519621366004,2758.985189316998,stop,-1.0,-1.025124681948379,64,16.0,139.15518931699808
ETH,2022-03-25 16:00:00+00:00,2022-03-25 16:00:00+00:00,2022-03-26 16:00:00+00:00,-1,3120.27,3210.3560072704154,2940.097985459169,3114.81,tempo,0.06060874674587917,0.015620605714891815,96,24.0,90.0860072704154
ETH,2022-03-28 16:00:00+00:00,2022-03-28 16:00:00+00:00,2022-03-28 19:00:00+00:00,-1,3356.41,3415.405106610021,3238.4197867799576,3415.405106610021,stop,-1.0,-1.0746109308419967,12,3.0,58.99510661002114
ETH,2022-03-29 16:00:00+00:00,2022-03-29 16:00:00+00:00,2022-03-30 16:00:00+00:00,-1,3401.22,3497.3396718095933,3208.980656380813,3381.1,tempo,0.2093223959384323,0.16345761178963752,96,24.0,96.11967180959346
ETH,2022-04-21 16:00:00+00:00,2022-04-21 16:00:00+00:00,2022-04-22 16:00:00+00:00,-1,3104.18,3194.2754598205306,2923.9890803589383,2948.59,tempo,1.726946067092985,1.6832779343387143,96,24.0,90.09545982053078
ETH,2022-04-26 00:00:00+00:00,2022-04-26 00:00:00+00:00,2022-04-26 00:45:00+00:00,-1,3006.12,3042.130484285232,2934.099031429536,3042.130484285232,stop,-1.0,-1.109172728243415,3,0.75,36.010484285231996
ETH,2022-04-27 00:00:00+00:00,2022-04-27 00:00:00+00:00,2022-04-28 00:00:00+00:00,1,2807.89,2742.9552273204854,2937.759545359029,2887.57,tempo,1.2270775227513442,1.170065711556263,96,24.0,64.93477267951448
ETH,2022-04-30 16:00:00+00:00,2022-04-30 16:00:00+00:00,2022-04-30 23:15:00+00:00,1,2814.26,2755.906659792642,2930.9666804147164,2755.906659792642,stop,-1.0,-1.0620462910263477,29,7.25,58.35334020735809
ETH,2022-05-06 16:00:00+00:00,2022-05-06 16:00:00+00:00,2022-05-07 16:00:00+00:00,1,2687.05,2611.2492027765697,2838.651594446861,2691.42,tempo,0.0576511086963753,0.011530149180670288,96,24.0,75.80079722343044
ETH,2022-05-11 16:00:00+00:00,2022-05-11 16:00:00+00:00,2022-05-11 21:00:00+00:00,1,2265.06,2074.9693461490147,2645.2413077019705,2074.9693461490147,stop,-1.0,-1.0148403880877188,20,5.0,190.0906538509853
ETH,2022-05-24 16:00:00+00:00,2022-05-24 16:00:00+00:00,2022-05-25 16:00:00+00:00,1,1961.55,1899.801115731389,2085.0477685372216,1963.27,tempo,0.027854754306457355,-0.013459886924992837,96,24.0,61.74888426861094
ETH,2022-05-26 16:00:00+00:00,2022-05-26 16:00:00+00:00,2022-05-27 16:00:00+00:00,1,1860.9,1708.0867561112332,2166.526487777534,1763.57,tempo,-0.6369212348561023,-0.6523381283140729,96,24.0,152.81324388876692
ETH,2022-06-12 08:00:00+00:00,2022-06-12 08:00:00+00:00,2022-06-13 01:00:00+00:00,1,1470.3,1405.2002318483137,1600.4995363033725,1405.2002318483137,stop,-1.0,-1.0287109340596474,68,17.0,65.09976815168625
ETH,2022-06-13 16:00:00+00:00,2022-06-13 16:00:00+00:00,2022-06-14 01:45:00+00:00,1,1229.31,1135.9109440283937,1416.1081119432124,1135.9109440283937,stop,-1.0,-1.0164604834344988,39,9.75,93.39905597160623
ETH,2022-06-14 04:00:00+00:00,2022-06-14 04:00:00+00:00,2022-06-15 04:00:00+00:00,1,1173.05,1046.6898132446972,1425.7703735106054,1172.47,tempo,-0.004590053361689793,-0.016655467628229094,96,24.0,126.36018675530272
ETH,2022-06-26 16:00:00+00:00,2022-06-26 16:00:00+00:00,2022-06-27 16:00:00+00:00,-1,1222.57,1289.034303732177,1089.6413925356458,1186.63,tempo,0.5407413902178644,0.5171801714573364,96,24.0,66.46430373217709
ETH,2022-07-16 00:00:00+00:00,2022-07-16 00:00:00+00:00,2022-07-16 16:15:00+00:00,-1,1230.59,1306.1090073191556,1079.5519853616886,1306.1090073191556,stop,-1.0,-1.0218336338531189,65,16.25,75.51900731915566
ETH,2022-07-25 00:00:00+00:00,2022-07-25 00:00:00+00:00,2022-07-26 00:00:00+00:00,-1,1597.77,1679.2949181105755,1434.720163778849,1434.720163778849,alvo,2.0,1.9758218879314575,96,24.0,81.52491811057553
ETH,2022-08-05 16:00:00+00:00,2022-08-05 16:00:00+00:00,2022-08-06 00:00:00+00:00,-1,1669.65,1738.3724584070324,1532.2050831859356,1738.3724584070324,stop,-1.0,-1.0322342164310276,32,8.0,68.72245840703226
ETH,2022-08-08 16:00:00+00:00,2022-08-08 16:00:00+00:00,2022-08-09 16:00:00+00:00,-1,1774.61,1828.9802933343108,1665.8694133313782,1683.78,tempo,1.6705813860798286,1.629236133697653,96,24.0,54.37029333431087
ETH,2022-08-11 04:00:00+00:00,2022-08-11 04:00:00+00:00,2022-08-11 12:30:00+00:00,-1,1879.39,1934.325911217957,1769.5181775640865,1934.325911217957,stop,-1.0,-1.0451237685392465,34,8.5,54.9359112179568
ETH,2022-08-15 16:00:00+00:00,2022-08-15 16:00:00+00:00,2022-08-16 05:30:00+00:00,1,1916.36,1856.8861775382309,2035.307644923538,1856.8861775382309,stop,-1.0,-1.0412384796180947,54,13.5,59.47382246176903
ETH,2022-08-19 16:00:00+00:00,2022-08-19 16:00:00+00:00,2022-08-19 22:00:00+00:00,1,1697.09,1659.8835379972134,1771.502924005573,1659.8835379972134,stop,-1.0,-1.0586466082030257,24,6.0,37.206462002786566
ETH,2022-08-27 20:00:00+00:00,2022-08-27 20:00:00+00:00,2022-08-28 20:00:00+00:00,1,1478.28,1433.028640467964,1568.7827190640721,1482.25,tempo,0.08773217072493551,0.045206498128565364,96,24.0,45.251359532036076
ETH,2022-08-30 12:00:00+00:00,2022-08-30 12:00:00+00:00,2022-08-30 14:45:00+00:00,-1,1583.96,1614.5591380635003,1522.7617238729995,1522.7617238729995,alvo,2.0,1.9340056861625712,11,2.75,30.599138063500277
ETH,2022-09-06 16:00:00+00:00,2022-09-06 16:00:00+00:00,2022-09-06 17:15:00+00:00,-1,1668.69,1697.469241854117,1611.1315162917663,1611.1315162917663,alvo,2.0,1.9259228579961818,5,1.25,28.77924185411689
ETH,2022-09-09 00:00:00+00:00,2022-09-09 00:00:00+00:00,2022-09-09 03:45:00+00:00,-1,1634.23,1676.9622630370131,1548.7654739259738,1676.9622630370131,stop,-1.0,-1.050366510407133,15,3.75,42.73226303701313
ETH,2022-09-13 20:00:00+00:00,2022-09-13 20:00:00+00:00,2022-09-14 00:30:00+00:00,1,1602.36,1549.7784546521084,1707.523090695783,1549.7784546521084,stop,-1.0,-1.0389659524452532,18,4.5,52.581545347891506
ETH,2022-09-16 04:00:00+00:00,2022-09-16 04:00:00+00:00,2022-09-16 14:00:00+00:00,1,1472.61,1431.4949337871321,1554.8401324257354,1431.4949337871321,stop,-1.0,-1.0459118367264322,40,10.0,41.11506621286776
ETH,2022-09-30 16:00:00+00:00,2022-09-30 16:00:00+00:00,2022-10-01 16:00:00+00:00,-1,1350.61,1382.3566234415573,1287.116753116885,1322.05,tempo,0.8996232324541935,0.8449015388795027,96,24.0,31.746623441557404
ETH,2022-10-04 16:00:00+00:00,2022-10-04 16:00:00+00:00,2022-10-05 13:45:00+00:00,-1,1353.41,1371.5406527166724,1317.1486945666554,1317.1486945666554,alvo,2.0,1.9042580993307492,87,21.75,18.13065271667233
ETH,2022-10-13 16:00:00+00:00,2022-10-13 16:00:00+00:00,2022-10-14 16:00:00+00:00,1,1256.22,1165.9349855518747,1436.7900288962508,1309.77,tempo,0.5931216861106882,0.5746480389589971,96,24.0,90.28501444812537
ETH,2022-10-21 16:00:00+00:00,2022-10-21 16:00:00+00:00,2022-10-22 16:00:00+00:00,1,1297.0,1242.4319687625414,1406.1360624749173,1315.58,tempo,0.3404924014785703,0.3093720373846157,96,24.0,54.56803123745863
ETH,2022-10-26 12:00:00+00:00,2022-10-26 12:00:00+00:00,2022-10-26 14:15:00+00:00,-1,1528.13,1569.3950756044794,1445.5998487910415,1569.3950756044794,stop,-1.0,-1.048791654193028,9,2.25,41.26507560447931
ETH,2022-11-08 16:00:00+00:00,2022-11-08 16:00:00+00:00,2022-11-08 16:15:00+00:00,1,1461.63,1409.9566828846448,1564.9766342307107,1564.9766342307107,alvo,2.0,1.961928236426971,1,0.25,51.6733171153553
ETH,2022-11-09 12:00:00+00:00,2022-11-09 12:00:00+00:00,2022-11-09 21:30:00+00:00,1,1218.9,1110.2885081156996,1436.122983768601,1110.2885081156996,stop,-1.0,-1.013939340156454,38,9.5,108.61149188430045
ETH,2022-11-20 16:00:00+00:00,2022-11-20 16:00:00+00:00,2022-11-20 22:00:00+00:00,1,1176.58,1146.2264035025573,1237.2871929948851,1146.2264035025573,stop,-1.0,-1.0497411949982227,24,6.0,30.353596497442595
ETH,2022-11-26 16:00:00+00:00,2022-11-26 16:00:00+00:00,2022-11-27 16:00:00+00:00,-1,1210.28,1243.0087396244594,1144.8225207510811,1217.54,tempo,-0.22182339079670269,-0.27004043239706543,96,24.0,32.72873962445942
ETH,2022-11-28 20:00:00+00:00,2022-11-28 20:00:00+00:00,2022-11-29 09:00:00+00:00,1,1171.0,1144.6047895871743,1223.7904208256514,1223.7904208256514,alvo,2.0,1.941026657897741,52,13.0,26.39521041282569
ETH,2022-12-03 04:00:00+00:00,2022-12-03 04:00:00+00:00,2022-12-04 04:00:00+00:00,-1,1285.07,1316.5499554675484,1222.110089064903,1256.48,tempo,0.9081969645564545,0.8557188884135898,96,24.0,31.479955467548507
ETH,2022-12-11 20:00:00+00:00,2022-12-11 20:00:00+00:00,2022-12-12 03:00:00+00:00,-1,1273.8,1287.5560723708209,1246.2878552583581,1246.2878552583581,alvo,2.0,1.8809211625410938,28,7.0,13.756072370820903
ETH,2022-12-14 20:00:00+00:00,2022-12-14 20:00:00+00:00,2022-12-15 20:00:00+00:00,-1,1307.5,1361.3788291083856,1199.7423417832288,1274.74,tempo,0.6080310307801636,0.576878609174573,96,24.0,53.87882910838562
ETH,2022-12-19 20:00:00+00:00,2022-12-19 20:00:00+00:00,2022-12-19 22:45:00+00:00,1,1170.26,1159.527292787606,1191.725414424788,1159.527292787606,stop,-1.0,-1.1410978339708349,11,2.75,10.732707212393962
ETH,2022-12-25 16:00:00+00:00,2022-12-25 16:00:00+00:00,2022-12-26 16:00:00+00:00,1,1210.32,1184.9622695240557,1261.0354609518884,1214.64,tempo,0.17036224925958426,0.1082027432464063,96,24.0,25.35773047594421
ETH,2022-12-27 04:00:00+00:00,2022-12-27 04:00:00+00:00,2022-12-28 03:15:00+00:00,-1,1223.07,1236.6039276298982,1196.0021447402034,1196.0021447402034,alvo,2.0,1.8838181393398692,93,23.25,13.533927629898244
ETH,2023-01-02 12:00:00+00:00,2023-01-02 12:00:00+00:00,2023-01-03 12:00:00+00:00,-1,1216.71,1227.5847178767933,1194.9605642464135,1214.39,tempo,0.21333886784785755,0.06802797170293881,96,24.0,10.874717876793284
ETH,2023-01-04 20:00:00+00:00,2023-01-04 20:00:00+00:00,2023-01-05 20:00:00+00:00,-1,1254.14,1279.4550237937772,1203.509952412446,1253.22,tempo,0.036342055511961506,-0.02803805383641022,96,24.0,25.315023793777073
ETH,2023-01-06 16:00:00+00:00,2023-01-06 16:00:00+00:00,2023-01-07 16:00:00+00:00,1,1262.48,1229.4467994531392,1328.5464010937217,1264.5,tempo,0.06115059899008012,0.01142677650821372,96,24.0,33.033200546860826
ETH,2023-01-08 20:00:00+00:00,2023-01-08 20:00:00+00:00,2023-01-08 23:15:00+00:00,-1,1264.4,1282.1959267883096,1228.808146423381,1282.1959267883096,stop,-1.0,-1.0930149562932452,13,3.25,17.795926788309544
ETH,2023-01-09 20:00:00+00:00,2023-01-09 20:00:00+00:00,2023-01-10 20:00:00+00:00,-1,1329.99,1350.0299301338673,1289.9101397322654,1339.1,tempo,-0.45459240322420497,-0.5411649854842608,96,24.0,20.0399301338673
ETH,2023-01-13 00:00:00+00:00,2023-01-13 00:00:00+00:00,2023-01-13 21:45:00+00:00,-1,1415.85,1447.2281038359251,1353.0937923281494,1447.2281038359251,stop,-1.0,-1.0593088982439616,87,21.75,31.37810383592523
ETH,2023-01-18 16:00:00+00:00,2023-01-18 16:00:00+00:00,2023-01-19 16:00:00+00:00,-1,1550.03,1623.4417274875955,1403.206545024809,1533.41,tempo,0.22639434554660492,0.19909304003872597,96,24.0,73.4117274875955
ETH,2023-01-23 16:00:00+00:00,2023-01-23 16:00:00+00:00,2023-01-24 16:00:00+00:00,1,1620.93,1576.6589152891916,1709.472169421617,1620.92,tempo,-0.00022588107034905036,-0.04782359668461182,96,24.0,44.27108471080851
ETH,2023-02-02 20:00:00+00:00,2023-02-02 20:00:00+00:00,2023-02-03 20:00:00+00:00,-1,1675.2,1726.432329614786,1572.735340770428,1653.02,tempo,0.43292975679167117,0.39070362699694794,96,24.0,51.23232961478607
ETH,2023-02-14 16:00:00+00:00,2023-02-14 16:00:00+00:00,2023-02-15 11:45:00+00:00,-1,1544.22,1578.5096098643978,1475.6407802712044,1578.5096098643978,stop,-1.0,-1.059195023053305,79,19.75,34.28960986439779
ETH,2023-02-20 04:00:00+00:00,2023-02-20 04:00:00+00:00,2023-02-21 04:00:00+00:00,1,1684.51,1643.3346676925548,1766.8606646148903,1703.09,tempo,0.45124104551890565,0.397763881483927,96,24.0,41.17533230744516
ETH,2023-02-22 04:00:00+00:00,2023-02-22 04:00:00+00:00,2023-02-22 15:30:00+00:00,1,1649.08,1611.496188142718,1724.2476237145638,1611.496188142718,stop,-1.0,-1.0563906218544497,46,11.5,37.583811857281944
ETH,2023-02-24 20:00:00+00:00,2023-02-24 20:00:00+00:00,2023-02-25 20:00:00+00:00,1,1610.09,1564.3097334253273,1701.6505331493452,1584.0,tempo,-0.5698962009634495,-0.6152467123374616,96,24.0,45.78026657467262
ETH,2023-02-27 16:00:00+00:00,2023-02-27 16:00:00+00:00,2023-02-28 16:00:00+00:00,-1,1643.43,1670.6179679788465,1589.0540640423071,1640.41,tempo,0.11107854777340054,0.03256970144620393,96,24.0,27.187967978846473
ETH,2023-03-01 04:00:00+00:00,2023-03-01 04:00:00+00:00,2023-03-02 04:00:00+00:00,1,1637.69,1586.3182323332446,1740.433535333511,1647.21,tempo,0.18531579566729073,0.14375240205680073,96,24.0,51.37176766675543
ETH,2023-03-10 08:00:00+00:00,2023-03-10 08:00:00+00:00,2023-03-10 10:45:00+00:00,1,1411.4,1380.2021368388448,1473.7957263223107,1380.2021368388448,stop,-1.0,-1.0581623612993005,11,2.75,31.197863161155283
ETH,2023-03-18 16:00:00+00:00,2023-03-18 16:00:00+00:00,2023-03-19 16:00:00+00:00,-1,1785.73,1856.749577677846,1643.690844644308,1792.79,tempo,-0.09940920843017431,-0.13216127590305074,96,24.0,71.01957767784597
ETH,2023-04-03 20:00:00+00:00,2023-04-03 20:00:00+00:00,2023-04-04 11:15:00+00:00,-1,1818.02,1847.653152502319,1758.753694995362,1847.653152502319,stop,-1.0,-1.0804061447373863,61,15.25,29.633152502319035
ETH,2023-04-04 16:00:00+00:00,2023-04-04 16:00:00+00:00,2023-04-05 00:45:00+00:00,-1,1862.11,1904.2272825698808,1777.875434860238,1904.2272825698808,stop,-1.0,-1.0581262390233395,35,8.75,42.1172825698809
ETH,2023-04-16 20:00:00+00:00,2023-04-16 20:00:00+00:00,2023-04-17 20:00:00+00:00,-1,2115.11,2153.6768673988286,2037.9762652023433,2078.0,tempo,0.9622248967290363,0.8915548712946451,96,24.0,38.566867398828435
ETH,2023-04-21 08:00:00+00:00,2023-04-21 08:00:00+00:00,2023-04-21 17:30:00+00:00,1,1927.2,1885.6253288953794,2010.3493422092413,1885.6253288953794,stop,-1.0,-1.0596116913960758,38,9.5,41.57467110462062
ETH,2023-04-24 08:00:00+00:00,2023-04-24 08:00:00+00:00,2023-04-24 17:00:00+00:00,1,1844.76,1818.1934203172048,1897.8931593655905,1818.1934203172048,stop,-1.0,-1.0896208601797577,36,9.0,26.566579682795236
ETH,2023-04-24 20:00:00+00:00,2023-04-24 20:00:00+00:00,2023-04-25 20:00:00+00:00,1,1830.64,1796.973682045437,1897.9726359091262,1836.82,tempo,0.18356625777551694,0.11275812832051371,96,24.0,33.666317954563056
ETH,2023-05-03 20:00:00+00:00,2023-05-03 20:00:00+00:00,2023-05-03 22:15:00+00:00,-1,1867.19,1905.3695231926363,1790.8309536147276,1905.3695231926363,stop,-1.0,-1.064227195235067,9,2.25,38.179523192636225
ETH,2023-05-06 04:00:00+00:00,2023-05-06 04:00:00+00:00,2023-05-07 04:00:00+00:00,-1,1969.88,2032.1666874045463,1845.3066251909077,1892.32,tempo,1.2452099033017312,1.2049054641894856,96,24.0,62.28668740454623
ETH,2023-05-08 04:00:00+00:00,2023-05-08 04:00:00+00:00,2023-05-08 18:00:00+00:00,1,1864.99,1827.815069914694,1939.339860170612,1827.815069914694,stop,-1.0,-1.0645683338189604,56,14.0,37.17493008530596
ETH,2023-05-15 04:00:00+00:00,2023-05-15 04:00:00+00:00,2023-05-16 04:00:00+00:00,1,1825.18,1777.5612376470797,1920.4175247058408,1812.92,tempo,-0.25746154234619884,-0.3071219048410038,96,24.0,47.618762352920385
ETH,2023-05-17 16:00:00+00:00,2023-05-17 16:00:00+00:00,2023-05-18 16:00:00+00:00,1,1796.37,1775.9654338232608,1837.179132353478,1807.26,tempo,0.533704069259485,0.4189082201485023,96,24.0,20.40456617673908
ETH,2023-05-31 16:00:00+00:00,2023-05-31 16:00:00+00:00,2023-06-01 03:15:00+00:00,1,1857.31,1839.7925931157627,1892.3448137684745,1839.7925931157627,stop,-1.0,-1.1371844989047806,45,11.25,17.51740688423729
ETH,2023-06-01 04:00:00+00:00,2023-06-01 04:00:00+00:00,2023-06-02 04:00:00+00:00,1,1854.81,1831.7907280515437,1900.8485438969124,1878.01,tempo,1.0078511627973517,0.9024467431687491,96,24.0,23.019271948456208
ETH,2023-06-10 12:00:00+00:00,2023-06-10 12:00:00+00:00,2023-06-11 12:00:00+00:00,1,1746.87,1704.4637103626762,1831.6825792746472,1751.49,tempo,0.10894610303123176,0.05532353856148834,96,24.0,42.40628963732365
ETH,2023-06-14 20:00:00+00:00,2023-06-14 20:00:00+00:00,2023-06-14 20:15:00+00:00,1,1727.57,1713.2971132907985,1756.1157734184028,1713.2971132907985,stop,-1.0,-1.156700159484707,1,0.25,14.27288670920143
ETH,2023-06-19 20:00:00+00:00,2023-06-19 20:00:00+00:00,2023-06-20 20:00:00+00:00,1,1723.48,1682.7157856049346,1805.008428790131,1781.82,tempo,1.4311572261542724,1.3752639620791083,96,24.0,40.76421439506544
ETH,2023-06-23 20:00:00+00:00,2023-06-23 20:00:00+00:00,2023-06-24 20:00:00+00:00,-1,1900.13,1947.1561746776947,1806.077650644611,1887.41,tempo,0.2704876611202094,0.21813594387182078,96,24.0,47.0261746776946
ETH,2023-06-30 16:00:00+00:00,2023-06-30 16:00:00+00:00,2023-06-30 17:30:00+00:00,-1,1851.15,1923.2229764330425,1707.0040471339153,1923.2229764330425,stop,-1.0,-1.0340396991507725,6,1.5,72.07297643304241
ETH,2023-07-07 04:00:00+00:00,2023-07-07 04:00:00+00:00,2023-07-08 04:00:00+00:00,1,1857.0,1816.8071631240507,1937.3856737518986,1863.37,tempo,0.15848595160526202,0.09831999448549888,96,24.0,40.1928368759493
ETH,2023-07-14 04:00:00+00:00,2023-07-14 04:00:00+00:00,2023-07-14 18:30:00+00:00,-1,2009.21,2040.0491012600753,1947.5317974798495,1947.5317974798495,alvo,2.0,1.9166032062130327,58,14.5,30.839101260075267
ETH,2023-07-24 12:00:00+00:00,2023-07-24 12:00:00+00:00,2023-07-25 12:00:00+00:00,1,1852.19,1823.9479185914308,1908.6741628171385,1852.84,tempo,0.023015300841199345,-0.06225707923448735,96,24.0,28.24208140856922
ETH,2023-07-31 00:00:00+00:00,2023-07-31 00:00:00+00:00,2023-08-01 00:00:00+00:00,1,1860.77,1842.1060641602369,1898.0978716795262,1855.39,tempo,-0.28825645599026933,-0.4176773895349412,96,24.0,18.6639358397631
ETH,2023-08-08 16:00:00+00:00,2023-08-08 16:00:00+00:00,2023-08-08 16:45:00+00:00,-1,1842.49,1851.975285585589,1823.519428828822,1851.975285585589,stop,-1.0,-1.2531713372214193,3,0.75,9.485285585589054
ETH,2023-08-09 00:00:00+00:00,2023-08-09 00:00:00+00:00,2023-08-10 00:00:00+00:00,-1,1855.36,1882.2948996344492,1801.4902007311014,1854.7,tempo,0.024503525498781736,-0.06502860689185408,96,24.0,26.934899634449266
ETH,2023-08-23 00:00:00+00:00,2023-08-23 00:00:00+00:00,2023-08-24 00:00:00+00:00,1,1634.49,1567.288763485908,1768.892473028184,1678.8,tempo,0.6593628673887304,0.627315265116585,96,24.0,67.20123651409199
ETH,2023-08-28 12:00:00+00:00,2023-08-28 12:00:00+00:00,2023-08-29 12:00:00+00:00,1,1639.53,1614.8385613537912,1688.9128772924175,1641.2,tempo,0.06763477916085263,-0.01873015609282601,96,24.0,24.69143864620878
ETH,2023-08-29 20:00:00+00:00,2023-08-29 20:00:00+00:00,2023-08-30 15:00:00+00:00,-1,1734.41,1754.047535729928,1695.134928540144,1695.134928540144,alvo,2.0,1.8864824877108313,76,19.0,19.637535729928004
ETH,2023-09-01 16:00:00+00:00,2023-09-01 16:00:00+00:00,2023-09-01 17:15:00+00:00,1,1633.76,1615.868681811266,1669.542636377468,1615.868681811266,stop,-1.0,-1.1180605375688526,5,1.25,17.891318188733976
ETH,2023-09-10 20:00:00+00:00,2023-09-10 20:00:00+00:00,2023-09-11 09:30:00+00:00,1,1616.47,1586.1228082042894,1677.1643835914213,1586.1228082042894,stop,-1.0,-1.0685956492892703,54,13.5,30.347191795710614
ETH,2023-09-12 00:00:00+00:00,2023-09-12 00:00:00+00:00,2023-09-12 10:30:00+00:00,1,1551.02,1522.737829190588,1607.584341618824,1607.584341618824,alvo,2.0,1.9274068162628808,42,10.5,28.282170809412037
ETH,2023-09-14 04:00:00+00:00,2023-09-14 04:00:00+00:00,2023-09-15 04:00:00+00:00,-1,1619.36,1644.5912376122897,1568.8975247754204,1633.72,tempo,-0.5691357760828024,-0.6529407020437096,96,24.0,25.23123761228976
ETH,2023-09-18 16:00:00+00:00,2023-09-18 16:00:00+00:00,2023-09-19 16:00:00+00:00,-1,1654.69,1673.3150867721176,1617.439826455765,1656.32,tempo,-0.08751637079296992,-0.20306785929512577,96,24.0,18.625086772117584
ETH,2023-09-25 04:00:00+00:00,2023-09-25 04:00:00+00:00,2023-09-26 04:00:00+00:00,1,1577.0,1558.2012709644434,1614.5974580711131,1591.03,tempo,0.7463270508055704,0.6367866932577212,96,24.0,18.798729035556562
ETH,2023-09-28 12:00:00+00:00,2023-09-28 12:00:00+00:00,2023-09-28 14:45:00+00:00,-1,1622.95,1642.4531358533181,1583.9437282933638,1642.4531358533181,stop,-1.0,-1.1088292700347238,11,2.75,19.5031358533181
ETH,2023-10-02 20:00:00+00:00,2023-10-02 20:00:00+00:00,2023-10-03 20:00:00+00:00,1,1673.58,1610.927242692429,1798.8855146151418,1649.72,tempo,-0.38082920888649646,-0.4153072604971471,96,24.0,62.65275730757094
ETH,2023-10-09 20:00:00+00:00,2023-10-09 20:00:00+00:00,2023-10-10 20:00:00+00:00,1,1580.79,1538.7724534102772,1664.8250931794455,1565.25,tempo,-0.36984548745168644,-0.4185138692581619,96,24.0,42.01754658972277
ETH,2023-10-12 12:00:00+00:00,2023-10-12 12:00:00+00:00,2023-10-12 16:30:00+00:00,1,1551.49,1528.7785903483948,1596.9128193032104,1528.7785903483948,stop,-1.0,-1.0881572132439143,18,4.5,22.71140965160521
ETH,2023-10-16 16:00:00+00:00,2023-10-16 16:00:00+00:00,2023-10-17 16:00:00+00:00,-1,1577.05,1648.2155567957764,1434.7188864084471,1574.67,tempo,0.03344314450921477,0.004656494165440835,96,24.0,71.16555679577641
ETH,2023-10-22 08:00:00+00:00,2023-10-22 08:00:00+00:00,2023-10-22 22:45:00+00:00,-1,1629.43,1655.7195063261217,1576.8509873477567,1655.7195063261217,stop,-1.0,-1.0812243163725848,59,14.75,26.289506326121682
ETH,2023-10-26 12:00:00+00:00,2023-10-26 12:00:00+00:00,2023-10-27 12:00:00+00:00,-1,1812.9,1883.4121186051636,1671.875762789673,1781.44,tempo,0.4461644412666427,0.4130308318075034,96,24.0,70.51211860516355
ETH,2023-10-27 20:00:00+00:00,2023-10-27 20:00:00+00:00,2023-10-28 20:00:00+00:00,1,1774.61,1727.1352341808308,1869.559531638338,1777.7,tempo,0.06508720889261309,0.0164508131114319,96,24.0,47.47476581916908
ETH,2023-11-02 00:00:00+00:00,2023-11-02 00:00:00+00:00,2023-11-02 03:00:00+00:00,-1,1848.2,1870.2415034034755,1804.1169931930492,1870.2415034034755,stop,-1.0,-1.109656176031584,12,3.0,22.041503403475417
ETH,2023-11-05 12:00:00+00:00,2023-11-05 12:00:00+00:00,2023-11-05 17:15:00+00:00,-1,1888.87,1905.0461613481639,1856.517677303672,1905.0461613481639,stop,-1.0,-1.1524493637148474,21,5.25,16.176161348163987
ETH,2023-11-09 08:00:00+00:00,2023-11-09 08:00:00+00:00,2023-11-09 14:15:00+00:00,-1,1912.49,1937.7088650727237,1862.0522698545526,1937.7088650727237,stop,-1.0,-1.0992363952572977,25,6.25,25.218865072723702
ETH,2023-11-20 12:00:00+00:00,2023-11-20 12:00:00+00:00,2023-11-20 16:15:00+00:00,-1,2025.14,2051.595738277735,1972.22852344453,2051.595738277735,stop,-1.0,-1.100162702021839,17,4.25,26.45573827773501
ETH,2023-12-04 12:00:00+00:00,2023-12-04 12:00:00+00:00,2023-12-05 12:00:00+00:00,-1,2238.46,2287.5631500268782,2140.2536999462436,2204.67,tempo,0.6881432246506366,0.6293275580708115,96,24.0,49.10315002687821
ETH,2023-12-05 20:00:00+00:00,2023-12-05 20:00:00+00:00,2023-12-06 20:00:00+00:00,-1,2273.76,2323.210450363682,2174.8590992726367,2263.72,tempo,0.20303151793687546,0.1433887446494936,96,24.0,49.45045036368174
ETH,2023-12-08 08:00:00+00:00,2023-12-08 08:00:00+00:00,2023-12-09 08:00:00+00:00,-1,2355.0,2407.5703363262046,2249.859327347591,2385.4,tempo,-0.5782728839961155,-0.6368850256586769,96,24.0,52.5703363262046
ETH,2023-12-13 08:00:00+00:00,2023-12-13 08:00:00+00:00,2023-12-13 19:45:00+00:00,1,2174.45,2134.6212173742624,2254.1075652514746,2254.1075652514746,alvo,2.0,1.9277265779257504,47,11.75,39.828782625737404
ETH,2023-12-22 08:00:00+00:00,2023-12-22 08:00:00+00:00,2023-12-22 09:15:00+00:00,-1,2275.27,2314.201488405862,2197.4070231882756,2314.201488405862,stop,-1.0,-1.076625800595248,5,1.25,38.93148840586218
ETH,2023-12-22 16:00:00+00:00,2023-12-22 16:00:00+00:00,2023-12-23 16:00:00+00:00,-1,2321.73,2359.3058466503644,2246.5783066992713,2287.09,tempo,0.9218687824207404,0.8421438189921133,96,24.0,37.57584665036438
ETH,2023-12-30 00:00:00+00:00,2023-12-30 00:00:00+00:00,2023-12-31 00:00:00+00:00,1,2300.61,2241.8116158677917,2418.206768264417,2293.26,tempo,-0.12500343518749432,-0.17578740729948183,96,24.0,58.79838413220841
ETH,2024-01-11 16:00:00+00:00,2024-01-11 16:00:00+00:00,2024-01-12 15:00:00+00:00,-1,2614.65,2714.053773797207,2415.842452405586,2714.053773797207,stop,-1.0,-1.0348443255286703,92,23.0,99.40377379720712
ETH,2024-01-12 16:00:00+00:00,2024-01-12 16:00:00+00:00,2024-01-12 22:30:00+00:00,-1,2648.4,2739.0388475927734,2467.1223048144534,2467.1223048144534,alvo,2.0,1.9633149627732633,26,6.5,90.63884759277335
ETH,2024-01-22 16:00:00+00:00,2024-01-22 16:00:00+00:00,2024-01-22 19:30:00+00:00,1,2379.99,2342.4904326384826,2454.989134723034,2342.4904326384826,stop,-1.0,-1.0818572718885582,14,3.5,37.499567361517165
ETH,2024-01-23 16:00:00+00:00,2024-01-23 16:00:00+00:00,2024-01-24 16:00:00+00:00,1,2219.06,2153.5470584501836,2350.0858830996326,2233.95,tempo,0.22728333742543755,0.18310189126339882,96,24.0,65.51294154981633
ETH,2024-01-29 16:00:00+00:00,2024-01-29 16:00:00+00:00,2024-01-30 16:00:00+00:00,1,2274.99,2224.3691914353517,2376.231617129296,2340.43,tempo,1.2927490068916285,1.2334843865691645,96,24.0,50.62080856464809
ETH,2024-01-31 00:00:00+00:00,2024-01-31 00:00:00+00:00,2024-02-01 00:00:00+00:00,-1,2341.96,2402.163101036687,2221.5537979266264,2282.0,tempo,0.9959619848064201,0.9460380780932351,96,24.0,60.2031010366868
ETH,2024-02-09 04:00:00+00:00,2024-02-09 04:00:00+00:00,2024-02-09 09:00:00+00:00,-1,2447.52,2473.7256634022324,2395.108673195535,2473.7256634022324,stop,-1.0,-1.1220655868204028,20,5.0,26.205663402232403
ETH,2024-02-11 08:00:00+00:00,2024-02-11 08:00:00+00:00,2024-02-12 06:45:00+00:00,-1,2526.93,2545.3709976884206,2490.0480046231582,2490.0480046231582,alvo,2.0,1.8231638136882,91,22.75,18.440997688420794
ETH,2024-02-13 04:00:00+00:00,2024-02-13 04:00:00+00:00,2024-02-14 04:00:00+00:00,-1,2642.4,2700.850649276672,2525.4987014466565,2638.08,tempo,0.07390850321528106,0.015186965602355572,96,24.0,58.45064927667181
ETH,2024-02-14 16:00:00+00:00,2024-02-14 16:00:00+00:00,2024-02-14 22:00:00+00:00,-1,2751.36,2788.0194860197857,2678.041027960429,2788.0194860197857,stop,-1.0,-1.098217325359378,24,6.0,36.65948601978562
ETH,2024-02-15 16:00:00+00:00,2024-02-15 16:00:00+00:00,2024-02-16 16:00:00+00:00,-1,2828.34,2885.3776007052647,2714.264798589471,2777.45,tempo,0.8922184553829446,0.8283349214519026,96,24.0,57.037600705264595
ETH,2024-02-20 16:00:00+00:00,2024-02-20 16:00:00+00:00,2024-02-20 23:15:00+00:00,-1,2926.94,3026.5649709558547,2727.6900580882907,3026.5649709558547,stop,-1.0,-1.0388434565550444,29,7.25,99.62497095585468
ETH,2024-02-21 16:00:00+00:00,2024-02-21 16:00:00+00:00,2024-02-22 16:00:00+00:00,1,2915.61,2850.096381383788,3046.6372372324245,2988.33,tempo,1.1099982192405462,1.0514216807885801,96,24.0,65.51361861621217
ETH,2024-02-28 12:00:00+00:00,2024-02-28 12:00:00+00:00,2024-02-28 16:45:00+00:00,-1,3299.52,3393.2537876777205,3112.052424644559,3393.2537876777205,stop,-1.0,-1.0464112575600584,19,4.75,93.73378767772056
ETH,2024-03-06 16:00:00+00:00,2024-03-06 16:00:00+00:00,2024-03-07 16:00:00+00:00,-1,3793.57,3949.2692736547788,3482.171452690443,3840.37,tempo,-0.30057943689426697,-0.332448956150998,96,24.0,155.6992736547786
ETH,2024-03-08 16:00:00+00:00,2024-03-08 16:00:00+00:00,2024-03-09 16:00:00+00:00,-1,3904.02,4025.8400443459336,3660.3799113081327,3920.24,tempo,-0.1331472179893458,-0.1748954296839491,96,24.0,121.82004434593364
ETH,2024-03-15 12:00:00+00:00,2024-03-15 12:00:00+00:00,2024-03-16 12:00:00+00:00,1,3692.97,3528.7707000759438,4021.368599848112,3695.24,tempo,0.01382466308352034,-0.015422334328899395,96,24.0,164.19929992405605
ETH,2024-03-17 08:00:00+00:00,2024-03-17 08:00:00+00:00,2024-03-17 16:00:00+00:00,1,3474.32,3388.509582513304,3645.9408349733926,3645.9408349733926,alvo,2.0,1.9460651785845204,32,8.0,85.81041748669622
ETH,2024-03-19 04:00:00+00:00,2024-03-19 04:00:00+00:00,2024-03-19 07:15:00+00:00,1,3421.68,3336.8814345404394,3591.2771309191207,3336.8814345404394,stop,-1.0,-1.0518058873831573,13,3.25,84.79856545956045
ETH,2024-04-01 20:00:00+00:00,2024-04-01 20:00:00+00:00,2024-04-02 02:45:00+00:00,1,3488.79,3395.8643849444397,3674.6412301111204,3395.8643849444397,stop,-1.0,-1.0481570700128082,27,6.75,92.92561505556023
ETH,2024-04-03 04:00:00+00:00,2024-04-03 04:00:00+00:00,2024-04-04 04:00:00+00:00,1,3317.32,3181.89835891509,3588.163282169821,3276.35,tempo,-0.30253657887893837,-0.3341850322994129,96,24.0,135.42164108491033
ETH,2024-04-04 20:00:00+00:00,2024-04-04 20:00:00+00:00,2024-04-05 20:00:00+00:00,-1,3367.83,3462.9463210992,3177.5973578016,3322.46,tempo,0.4769948992526954,0.4312752115088369,96,24.0,95.11632109919992
ETH,2024-04-10 16:00:00+00:00,2024-04-10 16:00:00+00:00,2024-04-11 16:00:00+00:00,1,3481.08,3392.766987527233,3657.7060249455335,3509.94,tempo,0.32679215884408574,0.27533696698998283,96,24.0,88.31301247276679
ETH,2024-04-19 04:00:00+00:00,2024-04-19 04:00:00+00:00,2024-04-20 04:00:00+00:00,1,2978.3,2839.444677800863,3256.010644398275,3054.48,tempo,0.5486285926494583,0.5203883571446477,96,24.0,138.8553221991374
ETH,2024-04-24 16:00:00+00:00,2024-04-24 16:00:00+00:00,2024-04-25 16:00:00+00:00,-1,3174.59,3307.6911214799707,2908.387757040059,3158.83,tempo,0.1184062149496752,0.08747692634394773,96,24.0,133.10112147997052
ETH,2024-04-29 16:00:00+00:00,2024-04-29 16:00:00+00:00,2024-04-30 08:45:00+00:00,1,3181.06,3095.719881712255,3351.74023657549,3095.719881712255,stop,-1.0,-1.047807608015688,67,16.75,85.3401182877451
ETH,2024-05-15 16:00:00+00:00,2024-05-15 16:00:00+00:00,2024-05-15 18:30:00+00:00,-1,2975.54,3004.767284081875,2917.08543183625,3004.767284081875,stop,-1.0,-1.132999006126054,10,2.5,29.22728408187504
ETH,2024-05-17 12:00:00+00:00,2024-05-17 12:00:00+00:00,2024-05-17 13:00:00+00:00,-1,3029.21,3071.1803791135744,2945.2692417728513,3071.1803791135744,stop,-1.0,-1.0944774345662593,4,1.0,41.97037911357438
ETH,2024-05-21 16:00:00+00:00,2024-05-21 16:00:00+00:00,2024-05-22 16:00:00+00:00,-1,3779.09,3870.9586470320614,3595.3527059358776,3763.31,tempo,0.17176697937538069,0.11840209202388793,96,24.0,91.86864703206129
ETH,2024-05-24 00:00:00+00:00,2024-05-24 00:00:00+00:00,2024-05-25 00:00:00+00:00,1,3784.79,3482.0256597335074,4390.318680532985,3729.61,tempo,-0.18225396013094047,-0.198386507298486,96,24.0,302.7643402664926
ETH,2024-05-31 16:00:00+00:00,2024-05-31 16:00:00+00:00,2024-06-01 16:00:00+00:00,-1,3747.25,3875.316079483299,3491.1178410334023,3801.38,tempo,-0.4226724220683216,-0.4609855297998648,96,24.0,128.06607948329884
ETH,2024-06-04 04:00:00+00:00,2024-06-04 04:00:00+00:00,2024-06-05 04:00:00+00:00,1,3775.27,3707.8663314431888,3910.0773371136224,3813.01,tempo,0.5599101771173042,0.48673341826117844,96,24.0,67.40366855681123
ETH,2024-06-13 20:00:00+00:00,2024-06-13 20:00:00+00:00,2024-06-14 16:15:00+00:00,1,3481.64,3408.9840298827394,3626.951940234521,3408.9840298827394,stop,-1.0,-1.0616453900786846,81,20.25,72.6559701172605
ETH,2024-06-21 12:00:00+00:00,2024-06-21 12:00:00+00:00,2024-06-22 12:00:00+00:00,1,3502.11,3428.587895550591,3649.1542088988185,3491.64,tempo,-0.14240615225050715,-0.2042370469731694,96,24.0,73.5221044494092
ETH,2024-07-04 16:00:00+00:00,2024-07-04 16:00:00+00:00,2024-07-04 23:45:00+00:00,1,3137.86,3069.5751514778412,3274.429697044318,3069.5751514778412,stop,-1.0,-1.0590882594863085,31,7.75,68.28484852215888
ETH,2024-07-05 08:00:00+00:00,2024-07-05 08:00:00+00:00,2024-07-06 08:00:00+00:00,1,2880.98,2771.2766304339143,3100.3867391321714,3002.82,tempo,1.1106313368670346,1.075769417719728,96,24.0,109.70336956608571
ETH,2024-07-11 16:00:00+00:00,2024-07-11 16:00:00+00:00,2024-07-12 16:00:00+00:00,-1,3116.66,3233.3730675278052,2883.233864944389,3130.18,tempo,-0.11583964235006519,-0.15062962847593453,96,24.0,116.71306752780538
ETH,2024-07-17 04:00:00+00:00,2024-07-17 04:00:00+00:00,2024-07-18 04:00:00+00:00,-1,3478.88,3534.1417261318697,3368.356547736261,3429.99,tempo,0.8846991113403765,0.8034355350039479,96,24.0,55.261726131869636
ETH,2024-07-18 20:00:00+00:00,2024-07-18 20:00:00+00:00,2024-07-19 17:30:00+00:00,1,3404.34,3349.6152221079706,3513.7895557840593,3513.7895557840593,alvo,2.0,1.9178291007387611,86,21.5,54.72477789202958
ETH,2024-07-21 20:00:00+00:00,2024-07-21 20:00:00+00:00,2024-07-22 20:00:00+00:00,1,3489.01,3394.199679873443,3678.6306402531145,3497.36,tempo,0.08807058122843534,0.040173469458975236,96,24.0,94.81032012655714
ETH,2024-07-25 08:00:00+00:00,2024-07-25 08:00:00+00:00,2024-07-25 14:15:00+00:00,1,3170.22,3106.2441875107643,3298.171624978471,3106.2441875107643,stop,-1.0,-1.0637694397795798,25,6.25,63.97581248923552
ETH,2024-07-25 16:00:00+00:00,2024-07-25 16:00:00+00:00,2024-07-26 03:15:00+00:00,1,3140.81,3084.4581081844462,3253.5137836311073,3253.5137836311073,alvo,2.0,1.9262436392913957,45,11.25,56.3518918155537
ETH,2024-07-31 00:00:00+00:00,2024-07-31 00:00:00+00:00,2024-07-31 21:00:00+00:00,1,3278.17,3216.851609020537,3400.806781958926,3216.851609020537,stop,-1.0,-1.0688498830192286,84,21.0,61.31839097946295
ETH,2024-08-03 00:00:00+00:00,2024-08-03 00:00:00+00:00,2024-08-03 01:00:00+00:00,1,2988.1,2945.9398062517766,3072.4203874964464,2945.9398062517766,stop,-1.0,-1.0914873849275468,4,1.0,42.160193748223264
ETH,2024-08-03 04:00:00+00:00,2024-08-03 04:00:00+00:00,2024-08-03 18:45:00+00:00,1,2980.77,2893.140141642987,3156.0297167140257,2893.140141642987,stop,-1.0,-1.0435700988641663,59,14.75,87.62985835701284
ETH,2024-08-21 16:00:00+00:00,2024-08-21 16:00:00+00:00,2024-08-22 16:00:00+00:00,1,2600.45,2522.186308977738,2756.9773820445234,2598.3,tempo,-0.027471231830710322,-0.07064818216185179,96,24.0,78.26369102226181
ETH,2024-08-23 16:00:00+00:00,2024-08-23 16:00:00+00:00,2024-08-23 18:00:00+00:00,-1,2669.46,2709.444768620052,2589.490462759896,2709.444768620052,stop,-1.0,-1.0874404984764545,8,2.0,39.98476862005191
ETH,2024-08-24 20:00:00+00:00,2024-08-24 20:00:00+00:00,2024-08-25 20:00:00+00:00,-1,2791.25,2830.4953437613185,2712.759312477363,2764.77,tempo,0.6747297249081449,0.5827082860856487,96,24.0,39.24534376131851
ETH,2024-08-26 04:00:00+00:00,2024-08-26 04:00:00+00:00,2024-08-26 09:45:00+00:00,1,2743.0,2705.9699524199596,2817.060095160081,2705.9699524199596,stop,-1.0,-1.0956474728102172,23,5.75,37.030047580040446
ETH,2024-09-07 00:00:00+00:00,2024-09-07 00:00:00+00:00,2024-09-08 00:00:00+00:00,1,2223.7,2132.202163710392,2406.695672579215,2272.21,tempo,0.5301764715665739,0.4982375578336825,96,24.0,91.49783628960768
ETH,2024-09-09 00:00:00+00:00,2024-09-09 00:00:00+00:00,2024-09-09 16:15:00+00:00,-1,2295.9,2343.9636786519523,2199.7726426960958,2343.9636786519523,stop,-1.0,-1.0627482430748416,65,16.25,48.06367865195216
ETH,2024-09-23 00:00:00+00:00,2024-09-23 00:00:00+00:00,2024-09-24 00:00:00+00:00,1,2579.95,2511.5550700359054,2716.7398599281887,2645.84,tempo,0.9633755021693985,0.9137115358230157,96,24.0,68.39492996409444
ETH,2024-09-30 12:00:00+00:00,2024-09-30 12:00:00+00:00,2024-09-30 18:30:00+00:00,1,2627.97,2581.1076800964333,2721.6946398071327,2581.1076800964333,stop,-1.0,-1.0722520886509717,26,6.5,46.86231990356646
ETH,2024-10-03 16:00:00+00:00,2024-10-03 16:00:00+00:00,2024-10-04 16:00:00+00:00,1,2339.55,2293.5775111401067,2431.494977719787,2415.99,tempo,1.6627335586063097,1.5954954978299942,96,24.0,45.972488859893474
ETH,2024-10-15 16:00:00+00:00,2024-10-15 16:00:00+00:00,2024-10-16 16:00:00+00:00,-1,2572.58,2705.4214687499784,2306.897062500043,2606.7,tempo,-0.25684750643804827,-0.282189984443438,96,24.0,132.8414687499785
ETH,2024-10-29 20:00:00+00:00,2024-10-29 20:00:00+00:00,2024-10-30 10:00:00+00:00,-1,2624.43,2694.0191193037667,2485.251761392466,2694.0191193037667,stop,-1.0,-1.049677190373069,56,14.0,69.58911930376689
ETH,2024-10-30 16:00:00+00:00,2024-10-30 16:00:00+00:00,2024-10-31 14:15:00+00:00,-1,2683.59,2737.551404080126,2575.6671918397487,2575.6671918397487,alvo,2.0,1.9366488468383851,89,22.25,53.9614040801257
ETH,2024-11-03 16:00:00+00:00,2024-11-03 16:00:00+00:00,2024-11-04 16:00:00+00:00,1,2442.19,2403.531078948558,2519.5078421028843,2441.96,tempo,-0.005949467645358362,-0.08807016355861308,96,24.0,38.65892105144212
ETH,2024-11-06 08:00:00+00:00,2024-11-06 08:00:00+00:00,2024-11-06 15:30:00+00:00,-1,2595.4,2664.037592335696,2458.1248153286083,2664.037592335696,stop,-1.0,-1.0498070272963274,30,7.5,68.6375923356959
ETH,2024-11-08 16:00:00+00:00,2024-11-08 16:00:00+00:00,2024-11-08 20:00:00+00:00,-1,2937.6,2974.3499426381254,2864.100114723749,2974.3499426381254,stop,-1.0,-1.1045652642387578,16,4.0,36.7499426381255
ETH,2024-11-08 20:00:00+00:00,2024-11-08 20:00:00+00:00,2024-11-09 05:45:00+00:00,-1,2950.0,3000.279592271124,2849.4408154577523,3000.279592271124,stop,-1.0,-1.0769234904316733,39,9.75,50.279592271123875
ETH,2024-11-10 20:00:00+00:00,2024-11-10 20:00:00+00:00,2024-11-11 16:30:00+00:00,-1,3164.99,3270.7861788519103,2953.3976422961787,3270.7861788519103,stop,-1.0,-1.0395406957193538,82,20.5,105.79617885191055
ETH,2024-11-12 12:00:00+00:00,2024-11-12 12:00:00+00:00,2024-11-13 12:00:00+00:00,-1,3285.43,3481.128731493606,2894.032537012787,3169.66,tempo,0.5915725621542022,0.5701324206265752,96,24.0,195.69873149360637
ETH,2024-12-02 04:00:00+00:00,2024-12-02 04:00:00+00:00,2024-12-03 04:00:00+00:00,-1,3687.83,3783.23526853838,3497.01946292324,3641.93,tempo,0.48110550605007,0.4311675511237822,96,24.0,95.40526853837991
ETH,2024-12-03 16:00:00+00:00,2024-12-03 16:00:00+00:00,2024-12-04 15:00:00+00:00,1,3574.19,3481.5923368724293,3759.3853262551415,3759.3853262551415,alvo,2.0,1.9485211202846595,92,23.0,92.59766312757074
ETH,2024-12-05 00:00:00+00:00,2024-12-05 00:00:00+00:00,2024-12-05 08:45:00+00:00,-1,3840.74,3915.0611933023292,3692.097613395341,3915.0611933023292,stop,-1.0,-1.0678308642750023,35,8.75,74.32119330232945
ETH,2024-12-07 00:00:00+00:00,2024-12-07 00:00:00+00:00,2024-12-08 00:00:00+00:00,-1,4001.75,4116.7554898435865,3771.739020312827,3999.79,tempo,0.017042664682057698,-0.028181272080210217,96,24.0,115.00548984358647
ETH,2024-12-19 04:00:00+00:00,2024-12-19 04:00:00+00:00,2024-12-19 17:45:00+00:00,1,3667.16,3512.661191586859,3976.157616826282,3512.661191586859,stop,-1.0,-1.0302066004421981,55,13.75,154.49880841314098
ETH,2024-12-20 16:00:00+00:00,2024-12-20 16:00:00+00:00,2024-12-21 16:00:00+00:00,1,3373.33,3057.8739403025033,4004.242119394993,3389.12,tempo,0.05005451477185642,0.03612042675904377,96,24.0,315.4560596974966
ETH,2025-01-02 16:00:00+00:00,2025-01-02 16:00:00+00:00,2025-01-03 14:45:00+00:00,-1,3462.75,3524.7354679586406,3338.779064082719,3524.7354679586406,stop,-1.0,-1.07327307034616,91,22.75,61.985467958640584
ETH,2025-01-08 08:00:00+00:00,2025-01-08 08:00:00+00:00,2025-01-08 17:15:00+00:00,1,3353.19,3284.986368876969,3489.5972622460617,3284.986368876969,stop,-1.0,-1.063263708525821,37,9.25,68.20363112303085
ETH,2025-01-13 04:00:00+00:00,2025-01-13 04:00:00+00:00,2025-01-13 14:45:00+00:00,-1,3241.14,3352.214762445732,3018.9904751085355,3018.9904751085355,alvo,2.0,1.9633662524301272,43,10.75,111.07476244573218
ETH,2025-01-18 00:00:00+00:00,2025-01-18 00:00:00+00:00,2025-01-18 05:15:00+00:00,-1,3472.38,3542.968177208285,3331.2036455834304,3331.2036455834304,alvo,2.0,1.937350282376888,21,5.25,70.58817720828483
ETH,2025-01-18 12:00:00+00:00,2025-01-18 12:00:00+00:00,2025-01-19 09:15:00+00:00,1,3310.54,3202.9013747813606,3525.8172504372787,3202.9013747813606,stop,-1.0,-1.0393328778122926,85,21.25,107.63862521863939
ETH,2025-02-10 00:00:00+00:00,2025-02-10 00:00:00+00:00,2025-02-11 00:00:00+00:00,1,2626.07,2499.6727896824677,2878.864420635065,2659.99,tempo,0.26836035316591644,0.24117669150623025,96,24.0,126.39721031753243
ETH,2025-02-12 16:00:00+00:00,2025-02-12 16:00:00+00:00,2025-02-12 22:30:00+00:00,1,2606.0,2524.4282607129508,2769.1434785740985,2769.1434785740985,alvo,2.0,1.957168459424674,26,6.5,81.57173928704924
ETH,2025-02-17 16:00:00+00:00,2025-02-17 16:00:00+00:00,2025-02-18 16:00:00+00:00,-1,2754.73,2864.68320006292,2534.8235998741598,2672.38,tempo,0.7489550095211014,0.7168720733447888,96,24.0,109.95320006292013
ETH,2025-02-20 16:00:00+00:00,2025-02-20 16:00:00+00:00,2025-02-21 09:30:00+00:00,-1,2711.24,2781.4558743385314,2570.8082513229365,2781.4558743385314,stop,-1.0,-1.0508467971374507,70,17.5,70.21587433853165
ETH,2025-02-27 00:00:00+00:00,2025-02-27 00:00:00+00:00,2025-02-27 21:15:00+00:00,1,2335.34,2229.4271557299558,2547.165688540089,2229.4271557299558,stop,-1.0,-1.0280145309256288,85,21.25,105.91284427004439
ETH,2025-03-04 20:00:00+00:00,2025-03-04 20:00:00+00:00,2025-03-05 20:00:00+00:00,1,2171.67,1953.6434383687267,2607.723123262547,2217.28,tempo,0.2091946947140128,0.19610997018019805,96,24.0,218.02656163127335
ETH,2025-03-19 20:00:00+00:00,2025-03-19 20:00:00+00:00,2025-03-20 20:00:00+00:00,-1,2029.91,2078.9299726148333,1931.8700547703336,1974.1,tempo,1.1385155279159067,1.0854227503974538,96,24.0,49.01997261483325
ETH,2025-03-24 04:00:00+00:00,2025-03-24 04:00:00+00:00,2025-03-24 04:45:00+00:00,-1,2013.48,2028.4053975987943,1983.6292048024116,2028.4053975987943,stop,-1.0,-1.176023820541401,3,0.75,14.925397598794234
SOL,2020-09-18 04:00:00+00:00,2020-09-18 04:00:00+00:00,2020-09-18 10:15:00+00:00,-1,2.8825,3.0123539625949225,2.6227920748101545,3.0123539625949225,stop,-1.0,-1.0295074174027288,25,6.25,0.12985396259492266
SOL,2020-09-23 04:00:00+00:00,2020-09-23 04:00:00+00:00,2020-09-24 04:00:00+00:00,-1,2.8406,3.150141512251406,2.2215169754971877,2.9525,tempo,-0.36150240136165146,-0.373667215614228,96,24.0,0.309541512251406
SOL,2020-10-07 04:00:00+00:00,2020-10-07 04:00:00+00:00,2020-10-08 04:00:00+00:00,1,2.186,2.0569730053136412,2.4440539893727173,2.243,tempo,0.44176802023914946,0.4194560226064218,96,24.0,0.1290269946863587
SOL,2020-10-08 08:00:00+00:00,2020-10-08 08:00:00+00:00,2020-10-08 13:15:00+00:00,1,2.0828,1.982291950805621,2.2838160983887588,2.2838160983887588,alvo,2.0,1.9717604660850245,21,5.25,0.10050804919437928
SOL,2020-10-08 20:00:00+00:00,2020-10-08 20:00:00+00:00,2020-10-09 08:30:00+00:00,-1,2.3274,2.4978792481661047,1.9864415036677903,2.4978792481661047,stop,-1.0,-1.0183977319529942,50,12.5,0.17047924816610482
SOL,2020-10-13 00:00:00+00:00,2020-10-13 00:00:00+00:00,2020-10-14 00:00:00+00:00,-1,2.582,2.7351253852031308,2.275749229593738,2.4048,tempo,1.1572215786751006,1.1360531747837403,96,24.0,0.1531253852031309
SOL,2020-11-04 20:00:00+00:00,2020-11-04 20:00:00+00:00,2020-11-05 20:00:00+00:00,1,1.3892,1.2588344864873338,1.6499310270253325,1.4215,tempo,0.24776491212809704,0.23375081475853085,96,24.0,0.13036551351266623
SOL,2020-11-06 16:00:00+00:00,2020-11-06 16:00:00+00:00,2020-11-06 18:15:00+00:00,-1,1.6963,1.815915823243526,1.4570683535129478,1.815915823243526,stop,-1.0,-1.0190856044225893,9,2.25,0.11961582324352604
SOL,2020-11-15 20:00:00+00:00,2020-11-15 20:00:00+00:00,2020-11-16 04:45:00+00:00,-1,2.0334,2.253669977021771,1.5928600459564577,2.253669977021771,stop,-1.0,-1.0126508184308238,35,8.75,0.2202699770217711
SOL,2020-11-25 20:00:00+00:00,2020-11-25 20:00:00+00:00,2020-11-25 23:00:00+00:00,-1,2.4147,2.5276530108044257,2.188793978391148,2.188793978391148,alvo,2.0,1.9735087089344148,12,3.0,0.11295301080442588
SOL,2020-12-03 08:00:00+00:00,2020-12-03 08:00:00+00:00,2020-12-04 02:45:00+00:00,-1,2.1801,2.2453357215120993,2.0496285569758013,2.0496285569758013,alvo,2.0,1.9578555506353317,75,18.75,0.06523572151209933
SOL,2020-12-09 12:00:00+00:00,2020-12-09 12:00:00+00:00,2020-12-10 12:00:00+00:00,1,1.6235,1.4778814918393866,1.9147370163212267,1.5726,tempo,-0.3495434793485082,-0.3638099694138274,96,24.0,0.1456185081606134
SOL,2020-12-11 16:00:00+00:00,2020-12-11 16:00:00+00:00,2020-12-12 16:00:00+00:00,1,1.4933,1.4177737352887325,1.6443525294225352,1.4754,tempo,-0.2370036446053657,-0.2625531009087716,96,24.0,0.07552626471126755
SOL,2020-12-22 12:00:00+00:00,2020-12-22 12:00:00+00:00,2020-12-23 04:15:00+00:00,1,1.5189,1.4543141349287199,1.64807173014256,1.4543141349287199,stop,-1.0,-1.0299227886097178,65,16.25,0.06458586507128006
SOL,2020-12-27 16:00:00+00:00,2020-12-27 16:00:00+00:00,2020-12-28 16:00:00+00:00,1,1.3974,1.240521495625803,1.7111570087483938,1.3902,tempo,-0.045895389102040135,-0.05744534623114459,96,24.0,0.15687850437419693
SOL,2020-12-29 04:00:00+00:00,2020-12-29 04:00:00+00:00,2020-12-29 09:30:00+00:00,-1,1.4406,1.5729176671243332,1.1759646657513338,1.5729176671243332,stop,-1.0,-1.0148036654983512,22,5.5,0.13231766712433313
SOL,2021-01-04 04:00:00+00:00,2021-01-04 04:00:00+00:00,2021-01-04 08:45:00+00:00,-1,2.3072,2.453747837639291,2.0141043247214174,2.0141043247214174,alvo,2.0,1.980833236052363,19,4.75,0.14654783763929125
SOL,2021-01-05 04:00:00+00:00,2021-01-05 04:00:00+00:00,2021-01-06 04:00:00+00:00,-1,2.1566,2.5815684439778264,1.3066631120443475,1.9392,tempo,0.5115673953695804,0.5053027655182898,96,24.0,0.4249684439778263
SOL,2021-01-07 00:00:00+00:00,2021-01-07 00:00:00+00:00,2021-01-07 00:45:00+00:00,1,1.8722,1.6150054661485687,2.3865890677028627,2.3865890677028627,alvo,1.9999999999999991,1.9892368906424498,3,0.75,0.25719453385143143
SOL,2021-01-08 16:00:00+00:00,2021-01-08 16:00:00+00:00,2021-01-09 16:00:00+00:00,-1,3.3142,3.9760259045214985,1.990548190957003,3.1102,tempo,0.30823816143535904,0.30192855649020484,96,24.0,0.6618259045214985
SOL,2021-01-17 20:00:00+00:00,2021-01-17 20:00:00+00:00,2021-01-18 09:00:00+00:00,-1,3.8044,4.099244446008658,3.214711107982683,4.099244446008658,stop,-1.0,-1.0174239974991923,52,13.0,0.29484444600865833
SOL,2021-01-22 04:00:00+00:00,2021-01-22 04:00:00+00:00,2021-01-23 04:00:00+00:00,1,3.1538,2.4421888609663376,4.577022278067325,3.4198,tempo,0.37379965743821364,0.3677951983093103,96,24.0,0.7116111390336624
SOL,2021-02-11 04:00:00+00:00,2021-02-11 04:00:00+00:00,2021-02-11 06:45:00+00:00,-1,9.1222,9.43338780083733,8.499824398325337,9.43338780083733,stop,-1.0,-1.0387583704698278,11,2.75,0.311187800837331
SOL,2021-02-11 12:00:00+00:00,2021-02-11 12:00:00+00:00,2021-02-12 11:15:00+00:00,-1,9.1882,9.855326040189404,7.853947919621193,9.855326040189404,stop,-1.0,-1.0185546526149822,93,23.25,0.6671260401894035
SOL,2021-03-18 20:00:00+00:00,2021-03-18 20:00:00+00:00,2021-03-19 20:00:00+00:00,-1,14.3248,14.882363361461154,13.209673277077691,14.3488,tempo,-0.04304443523173105,-0.07647173926253671,96,24.0,0.5575633614611544
SOL,2021-03-26 04:00:00+00:00,2021-03-26 04:00:00+00:00,2021-03-26 07:00:00+00:00,1,12.7053,12.204553719678342,13.706792560643313,13.706792560643313,alvo,2.0,1.9657154514390196,12,3.0,0.5007462803216569
SOL,2021-03-27 20:00:00+00:00,2021-03-27 20:00:00+00:00,2021-03-27 23:15:00+00:00,-1,15.9195,16.525393638859597,14.707712722280803,16.525393638859597,stop,-1.0,-1.0348067375405234,13,3.25,0.6058936388595981
SOL,2021-03-31 12:00:00+00:00,2021-03-31 12:00:00+00:00,2021-04-01 12:00:00+00:00,1,19.455,17.79818862633631,22.768622747327377,19.3179,tempo,-0.08274931122474666,-0.09796068978033336,96,24.0,1.6568113736636896
SOL,2021-04-03 16:00:00+00:00,2021-04-03 16:00:00+00:00,2021-04-03 22:00:00+00:00,-1,21.0341,23.09985694915832,16.902586101683358,23.09985694915832,stop,-1.0,-1.0138869541398088,24,6.0,2.0657569491583203
SOL,2021-04-04 00:00:00+00:00,2021-04-04 00:00:00+00:00,2021-04-04 06:45:00+00:00,-1,22.4916,24.271922919142703,18.93095416171459,24.271922919142703,stop,-1.0,-1.0170734699703128,27,6.75,1.780322919142705
SOL,2021-04-04 08:00:00+00:00,2021-04-04 08:00:00+00:00,2021-04-04 14:00:00+00:00,-1,23.8245,24.97230919275163,21.52888161449674,24.97230919275163,stop,-1.0,-1.0276334482905225,24,6.0,1.1478091927516303
SOL,2021-04-07 08:00:00+00:00,2021-04-07 08:00:00+00:00,2021-04-07 14:15:00+00:00,-1,25.3497,26.84760640549858,22.353887189002833,26.84760640549858,stop,-1.0,-1.0226504466761266,25,6.25,1.4979064054985827
SOL,2021-04-18 12:00:00+00:00,2021-04-18 12:00:00+00:00,2021-04-18 18:45:00+00:00,-1,25.4104,29.204454932619704,17.82229013476059,29.204454932619704,stop,-1.0,-1.0093566530629252,27,6.75,3.794054932619705
SOL,2021-04-19 20:00:00+00:00,2021-04-19 20:00:00+00:00,2021-04-20 00:45:00+00:00,-1,34.4589,37.0578469425299,29.2610061149402,29.2610061149402,alvo,2.0,1.984063568864398,19,4.75,2.598946942529899
SOL,2021-04-22 20:00:00+00:00,2021-04-22 20:00:00+00:00,2021-04-23 08:15:00+00:00,-1,38.2835,41.63506884480434,31.580362310391315,31.580362310391315,alvo,2.0,1.9864506705353369,49,12.25,3.3515688448043406
SOL,2021-05-11 00:00:00+00:00,2021-05-11 00:00:00+00:00,2021-05-12 00:00:00+00:00,1,42.8901,37.676650357619046,53.3169992847619,44.624,tempo,0.332582094186709,0.32167105276461877,96,24.0,5.213449642380951
SOL,2021-05-13 00:00:00+00:00,2021-05-13 00:00:00+00:00,2021-05-14 00:00:00+00:00,-1,43.564,50.332542805243214,30.02691438951357,41.052,tempo,0.37112862728061546,0.3630027423475403,96,24.0,6.768542805243214
SOL,2021-05-16 00:00:00+00:00,2021-05-16 00:00:00+00:00,2021-05-16 02:00:00+00:00,-1,43.517,46.22398005434201,38.103039891315994,46.22398005434201,stop,-1.0,-1.0215486024515616,8,2.0,2.7069800543420044
SOL,2021-05-26 16:00:00+00:00,2021-05-26 16:00:00+00:00,2021-05-27 16:00:00+00:00,-1,34.321,38.06340453722932,26.83619092554136,34.17,tempo,0.04034839058628033,0.028452522687146244,96,24.0,3.7424045372293193
SOL,2021-06-08 08:00:00+00:00,2021-06-08 08:00:00+00:00,2021-06-08 15:30:00+00:00,1,36.802,33.9458317704064,42.5143364591872,33.9458317704064,stop,-1.0,-1.0161006239668549,30,7.5,2.8561682295935995
SOL,2021-06-08 16:00:00+00:00,2021-06-08 16:00:00+00:00,2021-06-09 16:00:00+00:00,1,36.635,32.69379916030548,44.51740167938903,42.565,tempo,1.5046175623111953,1.4915555535240486,96,24.0,3.941200839694517
SOL,2021-06-21 12:00:00+00:00,2021-06-21 12:00:00+00:00,2021-06-21 18:00:00+00:00,1,30.446,27.612001041565314,36.11399791686938,27.612001041565314,stop,-1.0,-1.0133160601787452,24,6.0,2.8339989584346874
SOL,2021-06-22 04:00:00+00:00,2021-06-22 04:00:00+00:00,2021-06-22 09:15:00+00:00,1,27.928,24.162880051182757,35.458239897634485,24.162880051182757,stop,-1.0,-1.0089928269201371,21,5.25,3.7651199488172438
SOL,2021-06-23 16:00:00+00:00,2021-06-23 16:00:00+00:00,2021-06-24 16:00:00+00:00,-1,29.086,33.70407417920484,19.84985164159032,30.7,tempo,-0.34949633491550075,-0.3579112928594399,96,24.0,4.618074179204839
SOL,2021-07-14 20:00:00+00:00,2021-07-14 20:00:00+00:00,2021-07-15 17:15:00+00:00,-1,30.497,31.76551031874016,27.959979362519682,27.959979362519682,alvo,2.0,1.97004593811789,85,21.25,1.2685103187401587
SOL,2021-07-21 20:00:00+00:00,2021-07-21 20:00:00+00:00,2021-07-22 16:00:00+00:00,-1,25.518,27.781337607706718,20.991324784586567,27.781337607706718,stop,-1.0,-1.0153068500815097,80,20.0,2.263337607706717
SOL,2021-07-31 04:00:00+00:00,2021-07-31 04:00:00+00:00,2021-07-31 11:15:00+00:00,-1,32.628,34.16580076488166,29.55239847023668,34.16580076488166,stop,-1.0,-1.028232506764629,29,7.25,1.5378007648816592
SOL,2021-08-05 16:00:00+00:00,2021-08-05 16:00:00+00:00,2021-08-06 14:45:00+00:00,-1,36.718,38.695956371829354,32.7620872563413,38.695956371829354,stop,-1.0,-1.0247826859782316,91,22.75,1.9779563718293502
SOL,2021-08-10 04:00:00+00:00,2021-08-10 04:00:00+00:00,2021-08-10 12:15:00+00:00,-1,39.855,41.10849592559366,37.348008148812674,41.10849592559366,stop,-1.0,-1.0419836006460985,33,8.25,1.2534959255936613
SOL,2021-08-10 16:00:00+00:00,2021-08-10 16:00:00+00:00,2021-08-11 05:15:00+00:00,-1,40.147,42.160402586466844,36.12019482706631,42.160402586466844,stop,-1.0,-1.0265718401480182,53,13.25,2.013402586466846
SOL,2021-08-16 20:00:00+00:00,2021-08-16 20:00:00+00:00,2021-08-17 02:00:00+00:00,-1,63.111,70.76126023090869,47.81047953818261,70.76126023090869,stop,-1.0,-1.0113743802855912,24,6.0,7.6502602309086924
SOL,2021-08-26 16:00:00+00:00,2021-08-26 16:00:00+00:00,2021-08-27 00:45:00+00:00,-1,74.783,79.34615003169564,65.65669993660872,79.34615003169564,stop,-1.0,-1.0219549974961868,35,8.75,4.563150031695642
SOL,2021-08-27 12:00:00+00:00,2021-08-27 12:00:00+00:00,2021-08-27 16:45:00+00:00,-1,82.333,85.48195335612081,76.03509328775837,85.48195335612081,stop,-1.0,-1.0346399921959637,19,4.75,3.1489533561208134
SOL,2021-08-30 04:00:00+00:00,2021-08-30 04:00:00+00:00,2021-08-30 14:45:00+00:00,-1,97.725,103.13833911698528,86.89832176602943,103.13833911698528,stop,-1.0,-1.0241184170443678,43,10.75,5.413339116985284
SOL,2021-08-31 16:00:00+00:00,2021-08-31 16:00:00+00:00,2021-09-01 16:00:00+00:00,-1,116.753,132.73679567251958,84.78540865496085,117.359,tempo,-0.037913397569381516,-0.04743383959189972,96,24.0,15.983795672519577
SOL,2021-09-07 16:00:00+00:00,2021-09-07 16:00:00+00:00,2021-09-08 16:00:00+00:00,1,168.35,124.45641038312638,256.13717923374725,166.287,tempo,-0.047000029343850426,-0.051955514914718004,96,24.0,43.89358961687361
SOL,2021-09-15 00:00:00+00:00,2021-09-15 00:00:00+00:00,2021-09-16 00:00:00+00:00,1,158.807,139.2965145192085,197.82797096158296,158.991,tempo,0.009430826320604787,-0.0011567472281606463,96,24.0,19.510485480791488
SOL,2021-09-20 16:00:00+00:00,2021-09-20 16:00:00+00:00,2021-09-21 00:15:00+00:00,1,144.119,127.50789600015227,177.34120799969546,127.50789600015227,stop,-1.0,-1.010628883089391,33,8.25,16.611103999847728
SOL,2021-10-08 12:00:00+00:00,2021-10-08 12:00:00+00:00,2021-10-08 14:30:00+00:00,-1,162.461,168.38056502952668,150.62186994094668,168.38056502952668,stop,-1.0,-1.0363281788774246,10,2.5,5.919565029526666
SOL,2021-10-12 16:00:00+00:00,2021-10-12 16:00:00+00:00,2021-10-13 16:00:00+00:00,1,143.57,136.06413623844398,158.58172752311202,146.406,tempo,0.37783792646565323,0.35272630627273277,96,24.0,7.505863761556014
SOL,2021-10-22 16:00:00+00:00,2021-10-22 16:00:00+00:00,2021-10-23 16:00:00+00:00,-1,206.611,218.64879387682907,182.53541224634182,199.385,tempo,0.6002761032408892,0.5783536976323365,96,24.0,12.037793876829085
SOL,2021-11-03 20:00:00+00:00,2021-11-03 20:00:00+00:00,2021-11-03 21:15:00+00:00,-1,234.76,240.9589557480269,222.36208850394615,240.9589557480269,stop,-1.0,-1.0498821630295778,5,1.25,6.198955748026918
SOL,2021-11-28 20:00:00+00:00,2021-11-28 20:00:00+00:00,2021-11-29 13:45:00+00:00,1,188.526,179.13596991128364,207.30606017743276,207.30606017743276,alvo,2.0,1.9725995724524348,71,17.75,9.390030088716372
SOL,2021-12-03 00:00:00+00:00,2021-12-03 00:00:00+00:00,2021-12-03 20:15:00+00:00,-1,233.677,245.8891535854681,209.25269282906376,209.25269282906376,alvo,2.0,1.976424772393832,81,20.25,12.212153585468116
SOL,2021-12-04 00:00:00+00:00,2021-12-04 00:00:00+00:00,2021-12-04 04:00:00+00:00,1,211.572,199.85875716667874,234.99848566664252,199.85875716667874,stop,-1.0,-1.0228314221743589,16,4.0,11.71324283332126
SOL,2021-12-06 12:00:00+00:00,2021-12-06 12:00:00+00:00,2021-12-07 06:45:00+00:00,1,181.988,173.3357124072037,199.29257518559263,199.29257518559263,alvo,2.0,1.971356433635311,75,18.75,8.652287592796313
SOL,2021-12-24 20:00:00+00:00,2021-12-24 20:00:00+00:00,2021-12-25 20:00:00+00:00,-1,192.09,199.30743044188563,177.65513911622875,191.04,tempo,0.14548113881450703,0.11097654580107755,96,24.0,7.217430441885625
SOL,2021-12-28 04:00:00+00:00,2021-12-28 04:00:00+00:00,2021-12-28 14:45:00+00:00,1,190.27,185.63517549369885,199.53964901260233,185.63517549369885,stop,-1.0,-1.0527179321975881,43,10.75,4.6348245063011575
SOL,2021-12-29 16:00:00+00:00,2021-12-29 16:00:00+00:00,2021-12-30 00:15:00+00:00,1,176.32,169.1772212866002,190.60555742679958,169.1772212866002,stop,-1.0,-1.0314405923586842,33,8.25,7.142778713399792
SOL,2022-01-08 20:00:00+00:00,2022-01-08 20:00:00+00:00,2022-01-08 21:45:00+00:00,1,135.37,131.27843023284717,143.55313953430567,143.55313953430567,alvo,2.0,1.9556893683806207,7,1.75,4.0915697671528335
SOL,2022-01-18 16:00:00+00:00,2022-01-18 16:00:00+00:00,2022-01-19 08:45:00+00:00,1,136.58,133.35912046418818,143.02175907162368,133.35912046418818,stop,-1.0,-1.0544759362623901,67,16.75,3.2208795358118323
SOL,2022-01-21 16:00:00+00:00,2022-01-21 16:00:00+00:00,2022-01-21 22:00:00+00:00,1,121.78,113.89552200530453,137.54895598939095,113.89552200530453,stop,-1.0,-1.0194291986617898,24,6.0,7.884477994695473
SOL,2022-01-24 16:00:00+00:00,2022-01-24 16:00:00+00:00,2022-01-25 16:00:00+00:00,1,87.43,78.7863581403263,104.71728371934742,92.88,tempo,0.6305212650499292,0.6169619920140119,96,24.0,8.643641859673707
SOL,2022-02-01 12:00:00+00:00,2022-02-01 12:00:00+00:00,2022-02-01 14:30:00+00:00,-1,106.27,110.03374633723656,98.74250732552686,110.03374633723656,stop,-1.0,-1.0373557148972037,10,2.5,3.7637463372365687
SOL,2022-02-01 16:00:00+00:00,2022-02-01 16:00:00+00:00,2022-02-01 17:00:00+00:00,-1,108.58,112.1984914915091,101.34301701698179,112.1984914915091,stop,-1.0,-1.0396590733476152,4,1.0,3.618491491509104
SOL,2022-02-01 20:00:00+00:00,2022-02-01 20:00:00+00:00,2022-02-02 20:00:00+00:00,-1,107.84,114.91937293026321,93.6812541394736,109.93,tempo,-0.295223887848256,-0.3152186672438849,96,24.0,7.0793729302632045
SOL,2022-02-03 12:00:00+00:00,2022-02-03 12:00:00+00:00,2022-02-04 12:00:00+00:00,1,97.32,92.52663732620127,106.90672534759744,104.76,tempo,1.5521462710652425,1.5247433789957585,96,24.0,4.793362673798725
SOL,2022-02-09 00:00:00+00:00,2022-02-09 00:00:00+00:00,2022-02-10 00:00:00+00:00,1,113.36,108.55353592784877,122.97292814430246,113.9,tempo,0.11234870205912482,0.08161529850454767,96,24.0,4.806464072151229
SOL,2022-02-10 16:00:00+00:00,2022-02-10 16:00:00+00:00,2022-02-11 00:30:00+00:00,1,111.83,104.46671543334922,126.55656913330155,104.46671543334922,stop,-1.0,-1.0190937704171368,34,8.5,7.363284566650776
SOL,2022-02-21 12:00:00+00:00,2022-02-21 12:00:00+00:00,2022-02-22 12:00:00+00:00,-1,89.08,97.11563405239907,73.00873189520185,85.1,tempo,0.4952938341949204,0.4812044668516927,96,24.0,8.035634052399075
SOL,2022-03-25 04:00:00+00:00,2022-03-25 04:00:00+00:00,2022-03-25 16:45:00+00:00,-1,103.49,105.64957623004128,99.17084753991743,99.17084753991743,alvo,2.0,1.9390021296453943,51,12.75,2.1595762300412815
SOL,2022-03-28 16:00:00+00:00,2022-03-28 16:00:00+00:00,2022-03-29 13:00:00+00:00,-1,109.83,114.87214096390225,99.74571807219549,114.87214096390225,stop,-1.0,-1.0289671377044365,84,21.0,5.042140963902256
SOL,2022-03-29 16:00:00+00:00,2022-03-29 16:00:00+00:00,2022-03-30 13:45:00+00:00,-1,111.61,116.75260428252835,101.3247914349433,116.75260428252835,stop,-1.0,-1.028863914979409,87,21.75,5.142604282528353
SOL,2022-04-06 12:00:00+00:00,2022-04-06 12:00:00+00:00,2022-04-06 14:15:00+00:00,1,121.59,117.98908900019579,128.79182199960843,117.98908900019579,stop,-1.0,-1.0432463917765795,9,2.25,3.6009109998042135
SOL,2022-05-08 20:00:00+00:00,2022-05-08 20:00:00+00:00,2022-05-09 10:30:00+00:00,1,76.3,72.89709861737471,83.10580276525057,72.89709861737471,stop,-1.0,-1.0284986554698439,58,14.5,3.402901382625288
SOL,2022-05-10 04:00:00+00:00,2022-05-10 04:00:00+00:00,2022-05-11 04:00:00+00:00,1,64.43,58.66604296757808,75.95791406484386,66.17,tempo,0.3018759491461499,0.2871482196501633,96,24.0,5.763957032421928
SOL,2022-05-12 00:00:00+00:00,2022-05-12 00:00:00+00:00,2022-05-12 05:30:00+00:00,1,50.85,40.93705728853603,70.67588542292793,40.93705728853603,stop,-1.0,-1.0060185546284406,22,5.5,9.91294271146397
SOL,2022-05-12 08:00:00+00:00,2022-05-12 08:00:00+00:00,2022-05-13 08:00:00+00:00,1,44.65,34.74285180259583,64.46429639480834,49.04,tempo,0.44311439705224664,0.43696747174270534,96,24.0,9.907148197404169
SOL,2022-05-24 16:00:00+00:00,2022-05-24 16:00:00+00:00,2022-05-25 16:00:00+00:00,1,50.03,46.52551323575142,57.038973528497166,48.22,tempo,-0.5164807635928096,-0.5347038314187464,96,24.0,3.5044867642485826
SOL,2022-05-26 16:00:00+00:00,2022-05-26 16:00:00+00:00,2022-05-27 05:15:00+00:00,1,45.08,40.99529109770308,53.24941780459383,40.99529109770308,stop,-1.0,-1.0136971668120698,53,13.25,4.084708902296917
SOL,2022-05-31 00:00:00+00:00,2022-05-31 00:00:00+00:00,2022-06-01 00:00:00+00:00,-1,47.21,49.02068946482359,43.58862107035282,45.76,tempo,0.8007999318321943,0.7674256281904114,96,24.0,1.8106894648235894
SOL,2022-06-02 08:00:00+00:00,2022-06-02 08:00:00+00:00,2022-06-03 08:00:00+00:00,1,39.65,37.655375032839,43.639249934322,40.31,tempo,0.33088927034709575,0.3048322416546414,96,24.0,1.994624967161002
SOL,2022-06-05 20:00:00+00:00,2022-06-05 20:00:00+00:00,2022-06-06 01:30:00+00:00,-1,39.63,40.54339283677449,37.803214326451034,40.54339283677449,stop,-1.0,-1.057053989527586,22,5.5,0.9133928367744844
SOL,2022-06-14 04:00:00+00:00,2022-06-14 04:00:00+00:00,2022-06-15 04:00:00+00:00,1,28.9,25.13036130838388,36.43927738323224,28.79,tempo,-0.029180515428347386,-0.03912802049916457,96,24.0,3.7696386916161195
SOL,2022-06-29 16:00:00+00:00,2022-06-29 16:00:00+00:00,2022-06-29 17:30:00+00:00,1,34.64,33.19131706052094,37.53736587895813,33.19131706052094,stop,-1.0,-1.0304347865829036,6,1.5,1.4486829394790632
SOL,2022-06-29 20:00:00+00:00,2022-06-29 20:00:00+00:00,2022-06-30 01:45:00+00:00,1,34.47,32.679361114263294,38.05127777147341,32.679361114263294,stop,-1.0,-1.0243751462519557,23,5.75,1.7906388857367048
SOL,2022-06-30 12:00:00+00:00,2022-06-30 12:00:00+00:00,2022-07-01 00:00:00+00:00,1,31.66,30.788239142144036,33.40352171571193,33.40352171571193,alvo,2.000000000000004,1.9514875108992369,48,12.0,0.8717608578559641
SOL,2022-07-04 16:00:00+00:00,2022-07-04 16:00:00+00:00,2022-07-04 21:00:00+00:00,-1,34.27,35.20430262964205,32.40139474071591,35.20430262964205,stop,-1.0,-1.0483336932558656,20,5.0,0.9343026296420476
SOL,2022-07-15 16:00:00+00:00,2022-07-15 16:00:00+00:00,2022-07-15 20:30:00+00:00,-1,37.67,38.88156109382138,35.24687781235724,38.88156109382138,stop,-1.0,-1.0410697528706874,18,4.5,1.2115610938213806
SOL,2022-07-16 00:00:00+00:00,2022-07-16 00:00:00+00:00,2022-07-16 16:45:00+00:00,-1,37.35,39.44735109791224,33.155297804175525,39.44735109791224,stop,-1.0,-1.0238006303586142,67,16.75,2.097351097912238
SOL,2022-07-18 12:00:00+00:00,2022-07-18 12:00:00+00:00,2022-07-19 00:00:00+00:00,-1,41.62,43.09036772842726,38.67926454314547,43.09036772842726,stop,-1.0,-1.0374475976036097,48,12.0,1.470367728427263
SOL,2022-07-25 00:00:00+00:00,2022-07-25 00:00:00+00:00,2022-07-25 03:45:00+00:00,-1,40.91,42.41352170463469,37.90295659073061,37.90295659073061,alvo,2.0,1.965927713829431,15,3.75,1.503521704634693
SOL,2022-08-11 16:00:00+00:00,2022-08-11 16:00:00+00:00,2022-08-12 16:00:00+00:00,-1,43.46,45.68757982173386,39.00484035653228,43.16,tempo,0.13467530863450536,0.1093998956276772,96,24.0,2.227579821733862
SOL,2022-08-13 08:00:00+00:00,2022-08-13 08:00:00+00:00,2022-08-14 08:00:00+00:00,-1,47.16,48.76461892767445,43.950762144651094,47.71,tempo,-0.34276050875026787,-0.3811905053908851,96,24.0,1.6046189276744514
SOL,2022-08-16 00:00:00+00:00,2022-08-16 00:00:00+00:00,2022-08-17 00:00:00+00:00,1,43.69,42.34328097261491,46.38343805477017,43.06,tempo,-0.46780359316914255,-0.5096738711212461,96,24.0,1.3467190273850846
SOL,2022-08-25 16:00:00+00:00,2022-08-25 16:00:00+00:00,2022-08-26 15:15:00+00:00,-1,35.7,36.740016070977255,33.6199678580455,33.6199678580455,alvo,2.0,1.956675689573344,93,23.25,1.0400160709772521
SOL,2022-08-29 16:00:00+00:00,2022-08-29 16:00:00+00:00,2022-08-29 23:45:00+00:00,-1,31.77,32.52125883153397,30.26748233693206,32.52125883153397,stop,-1.0,-1.0556257264292905,31,7.75,0.7512588315339706
SOL,2022-09-07 00:00:00+00:00,2022-09-07 00:00:00+00:00,2022-09-07 20:30:00+00:00,1,30.87,30.10846854892729,32.39306290214542,32.39306290214542,alvo,1.9999999999999953,1.9460022421549705,82,20.5,0.7615314510727096
SOL,2022-09-12 16:00:00+00:00,2022-09-12 16:00:00+00:00,2022-09-13 04:00:00+00:00,-1,37.14,38.79030575588387,33.83938848823226,38.79030575588387,stop,-1.0,-1.0299063967785116,48,12.0,1.6503057558838705
SOL,2022-09-22 00:00:00+00:00,2022-09-22 00:00:00+00:00,2022-09-22 19:45:00+00:00,1,30.62,29.631169356672853,32.5976612866543,32.5976612866543,alvo,2.0000000000000036,1.958444370516209,79,19.75,0.9888306433271481
SOL,2022-09-27 16:00:00+00:00,2022-09-27 16:00:00+00:00,2022-09-28 02:30:00+00:00,-1,34.36,35.63326087644534,31.813478247109316,31.813478247109316,alvo,2.0,1.9662184225901114,42,10.5,1.2732608764453417
SOL,2022-09-28 04:00:00+00:00,2022-09-28 04:00:00+00:00,2022-09-29 04:00:00+00:00,1,32.32,31.370527723018483,34.218944553963034,33.71,tempo,1.4639711276446876,1.4187675961245825,96,24.0,0.9494722769815169
SOL,2022-10-10 20:00:00+00:00,2022-10-10 20:00:00+00:00,2022-10-10 22:15:00+00:00,1,32.45,32.111776437568096,33.126447124863816,32.111776437568096,stop,-1.0,-1.1240751956566242,9,2.25,0.33822356243190654
SOL,2022-10-13 16:00:00+00:00,2022-10-13 16:00:00+00:00,2022-10-14 16:00:00+00:00,1,29.64,26.820162461055183,35.279675077889635,30.81,tempo,0.4149175205454609,0.4009832071471425,96,24.0,2.8198375389448174
SOL,2022-10-21 04:00:00+00:00,2022-10-21 04:00:00+00:00,2022-10-21 09:15:00+00:00,1,28.11,27.308908629380063,29.71218274123987,27.308908629380063,stop,-1.0,-1.0449665193387625,21,5.25,0.8010913706199361
SOL,2022-10-21 16:00:00+00:00,2022-10-21 16:00:00+00:00,2022-10-22 16:00:00+00:00,1,27.57,26.630457283856813,29.449085432286374,27.98,tempo,0.43638250071592904,0.39795157109495244,96,24.0,0.9395427161431869
SOL,2022-10-27 08:00:00+00:00,2022-10-27 08:00:00+00:00,2022-10-28 08:00:00+00:00,-1,31.62,32.587899163400444,29.684201673199116,30.21,tempo,1.4567633213426492,1.4152409174397411,96,24.0,0.9678991634004426
SOL,2022-11-22 16:00:00+00:00,2022-11-22 16:00:00+00:00,2022-11-23 16:00:00+00:00,1,12.054,10.748332224837986,14.665335550324029,13.052,tempo,0.7643598310268186,0.7518613223629473,96,24.0,1.3056677751620143
SOL,2022-12-07 12:00:00+00:00,2022-12-07 12:00:00+00:00,2022-12-08 05:45:00+00:00,1,13.613,13.309795506917203,14.219408986165593,13.309795506917203,stop,-1.0,-1.0577162195110263,71,17.75,0.30320449308279684
SOL,2022-12-13 16:00:00+00:00,2022-12-13 16:00:00+00:00,2022-12-14 15:15:00+00:00,-1,13.731,14.251468271756346,12.690063456487307,14.251468271756346,stop,-1.0,-1.0349466151226918,93,23.25,0.5204682717563465
SOL,2022-12-14 20:00:00+00:00,2022-12-14 20:00:00+00:00,2022-12-15 20:00:00+00:00,-1,14.295,15.072444863210949,12.740110273578102,14.097,tempo,0.254680440207984,0.23094267966278054,96,24.0,0.777444863210949
SOL,2022-12-17 04:00:00+00:00,2022-12-17 04:00:00+00:00,2022-12-18 04:00:00+00:00,1,12.242,11.771919026951586,13.18216194609683,12.482,tempo,0.5105503386866083,0.47636346254953715,96,24.0,0.47008097304841456
SOL,2022-12-26 20:00:00+00:00,2022-12-26 20:00:00+00:00,2022-12-27 13:00:00+00:00,1,11.173,11.006312224645306,11.506375550709388,11.006312224645306,stop,-1.0,-1.0864883637407876,68,17.0,0.1666877753546938
SOL,2022-12-30 00:00:00+00:00,2022-12-30 00:00:00+00:00,2022-12-31 00:00:00+00:00,1,9.614,7.543596639105685,13.754806721788633,9.877,tempo,0.1270283873024609,0.12090921736712641,96,24.0,2.070403360894316
SOL,2023-01-04 04:00:00+00:00,2023-01-04 04:00:00+00:00,2023-01-04 08:00:00+00:00,-1,13.436,14.18523815789567,11.93752368420866,14.18523815789567,stop,-1.0,-1.0239627475101611,16,4.0,0.7492381578956699
SOL,2023-01-06 16:00:00+00:00,2023-01-06 16:00:00+00:00,2023-01-07 16:00:00+00:00,1,13.173,12.539159652451984,14.440680695096033,13.257,tempo,0.1325254858340116,0.10542165745442336,96,24.0,0.6338403475480163
SOL,2023-01-30 00:00:00+00:00,2023-01-30 00:00:00+00:00,2023-01-30 09:15:00+00:00,-1,26.09,27.100982009236464,24.06803598152707,24.06803598152707,alvo,2.0,1.9677514306979453,37,9.25,1.0109820092364643
SOL,2023-02-02 20:00:00+00:00,2023-02-02 20:00:00+00:00,2023-02-03 20:00:00+00:00,-1,25.065,26.399571969505928,22.395856060988148,24.374,tempo,0.5177690044365448,0.49368986091017747,96,24.0,1.3345719695059266
SOL,2023-02-06 16:00:00+00:00,2023-02-06 16:00:00+00:00,2023-02-06 23:15:00+00:00,1,23.476,22.652313848983194,25.12337230203361,22.652313848983194,stop,-1.0,-1.0364014909863737,29,7.25,0.8236861510168048
SOL,2023-02-20 00:00:00+00:00,2023-02-20 00:00:00+00:00,2023-02-20 03:00:00+00:00,-1,24.851,25.922254037168774,22.70849192566245,25.922254037168774,stop,-1.0,-1.0308074592758432,12,3.0,1.0712540371687744
SOL,2023-02-22 04:00:00+00:00,2023-02-22 04:00:00+00:00,2023-02-22 07:00:00+00:00,1,24.45,23.576130476808295,26.197739046383408,23.576130476808295,stop,-1.0,-1.0357227068589245,12,3.0,0.8738695231917042
SOL,2023-03-08 00:00:00+00:00,2023-03-08 00:00:00+00:00,2023-03-08 05:45:00+00:00,1,20.233,19.548143374587756,21.60271325082449,19.548143374587756,stop,-1.0,-1.0377564328561721,23,5.75,0.6848566254122446
SOL,2023-03-08 16:00:00+00:00,2023-03-08 16:00:00+00:00,2023-03-08 18:45:00+00:00,1,19.212,18.461015424305135,20.71396915138973,18.461015424305135,stop,-1.0,-1.0326071411029192,11,2.75,0.750984575694865
SOL,2023-03-10 08:00:00+00:00,2023-03-10 08:00:00+00:00,2023-03-10 10:15:00+00:00,1,16.977,16.410135408101674,18.110729183796654,16.410135408101674,stop,-1.0,-1.0382836365605255,9,2.25,0.5668645918983266
SOL,2023-03-10 12:00:00+00:00,2023-03-10 12:00:00+00:00,2023-03-11 01:45:00+00:00,1,16.685,15.796385461547063,18.46222907690587,18.46222907690587,alvo,2.0,1.9742906536958502,55,13.75,0.888614538452936
SOL,2023-03-20 16:00:00+00:00,2023-03-20 16:00:00+00:00,2023-03-21 16:00:00+00:00,-1,23.157,24.185507951981023,21.099984096037954,22.909,tempo,0.24112599180426844,0.2120130423688007,96,24.0,1.0285079519810232
SOL,2023-04-04 16:00:00+00:00,2023-04-04 16:00:00+00:00,2023-04-05 16:00:00+00:00,-1,20.85,21.39225983749754,19.765480325004923,20.793,tempo,0.10511565869058265,0.05519872195981688,96,24.0,0.5422598374975394
SOL,2023-04-12 08:00:00+00:00,2023-04-12 08:00:00+00:00,2023-04-12 12:45:00+00:00,-1,23.683,24.322908513298355,22.40318297340329,24.322908513298355,stop,-1.0,-1.048762971401656,19,4.75,0.6399085132983551
SOL,2023-04-12 16:00:00+00:00,2023-04-12 16:00:00+00:00,2023-04-13 13:00:00+00:00,-1,23.591,24.73314702129313,21.30670595741374,24.73314702129313,stop,-1.0,-1.0275014468174837,84,21.0,1.1421470212931304
SOL,2023-04-27 00:00:00+00:00,2023-04-27 00:00:00+00:00,2023-04-28 00:00:00+00:00,1,21.256,20.081835620416182,23.604328759167636,22.326,tempo,0.9112863740418197,0.8871600247055871,96,24.0,1.174164379583818
SOL,2023-04-29 16:00:00+00:00,2023-04-29 16:00:00+00:00,2023-04-30 16:00:00+00:00,-1,23.344,24.030606176600166,21.97078764679967,23.665,tempo,-0.4675169128094337,-0.5120196438383067,96,24.0,0.686606176600165
SOL,2023-05-01 20:00:00+00:00,2023-05-01 20:00:00+00:00,2023-05-02 20:00:00+00:00,1,21.735,21.38183215941415,22.4413356811717,22.28,tempo,1.5431756161487726,1.4621666829669153,96,24.0,0.3531678405858507
SOL,2023-05-10 20:00:00+00:00,2023-05-10 20:00:00+00:00,2023-05-11 20:00:00+00:00,1,20.961,19.48131621609659,23.920367567806814,19.995,tempo,-0.6528421886544491,-0.6708334650944549,96,24.0,1.4796837839034076
SOL,2023-05-15 04:00:00+00:00,2023-05-15 04:00:00+00:00,2023-05-16 04:00:00+00:00,1,21.218,20.500263488382494,22.653473023235012,20.862,tempo,-0.4960037482246968,-0.534112440700657,96,24.0,0.7177365116175061
SOL,2023-05-29 00:00:00+00:00,2023-05-29 00:00:00+00:00,2023-05-30 00:00:00+00:00,-1,20.798,21.273559587126904,19.846880825746187,20.575,tempo,0.4689212583164476,0.4123721933244646,96,24.0,0.4755595871269058
SOL,2023-06-05 20:00:00+00:00,2023-06-05 20:00:00+00:00,2023-06-06 20:00:00+00:00,1,20.017,18.944285938585146,22.162428122829706,20.569,tempo,0.5145826085955663,0.4899899413145902,96,24.0,1.0727140614148531
SOL,2023-06-21 20:00:00+00:00,2023-06-21 20:00:00+00:00,2023-06-22 00:45:00+00:00,-1,17.124,17.425761196024034,16.52047760795193,17.425761196024034,stop,-1.0,-1.0744209165171352,19,4.75,0.30176119602403517
SOL,2023-06-23 16:00:00+00:00,2023-06-23 16:00:00+00:00,2023-06-24 16:00:00+00:00,1,16.961,16.013974854599116,18.855050290801763,16.614,tempo,-0.3664105453642524,-0.38945507602532775,96,24.0,0.9470251454008825
SOL,2023-07-06 12:00:00+00:00,2023-07-06 12:00:00+00:00,2023-07-06 19:00:00+00:00,-1,19.888,20.513936609035675,18.636126781928656,20.513936609035675,stop,-1.0,-1.041955141170496,28,7.0,0.6259366090356728
SOL,2023-07-07 00:00:00+00:00,2023-07-07 00:00:00+00:00,2023-07-07 14:30:00+00:00,-1,19.592,21.21392066372595,16.348158672548095,21.21392066372595,stop,-1.0,-1.0163533574882078,58,14.5,1.6219206637259518
SOL,2023-07-08 00:00:00+00:00,2023-07-08 00:00:00+00:00,2023-07-08 08:00:00+00:00,-1,21.485,22.2202968186463,20.014406362707398,22.2202968186463,stop,-1.0,-1.038635340466209,32,8.0,0.7352968186463009
SOL,2023-07-25 16:00:00+00:00,2023-07-25 16:00:00+00:00,2023-07-26 12:45:00+00:00,1,23.192,22.558284884810217,24.459430230379567,24.459430230379567,alvo,2.0,1.9511240478452674,83,20.75,0.6337151151897835
SOL,2023-07-31 00:00:00+00:00,2023-07-31 00:00:00+00:00,2023-08-01 00:00:00+00:00,1,24.236,23.26341473796853,26.18117052406294,23.716,tempo,-0.5346574951319533,-0.5667048653901625,96,24.0,0.972585262031469
SOL,2023-08-14 04:00:00+00:00,2023-08-14 04:00:00+00:00,2023-08-14 16:30:00+00:00,1,24.385,23.963612790518688,25.22777441896263,25.22777441896263,alvo,2.0,1.9234710910850374,50,12.5,0.42138720948131336
SOL,2023-08-23 00:00:00+00:00,2023-08-23 00:00:00+00:00,2023-08-24 00:00:00+00:00,1,20.571,19.036467937897797,23.64006412420441,21.717,tempo,0.7468074654823798,0.7288950342736473,96,24.0,1.5345320621022047
SOL,2023-08-28 12:00:00+00:00,2023-08-28 12:00:00+00:00,2023-08-29 12:00:00+00:00,1,20.354,19.930127893402666,21.201744213194665,20.138,tempo,-0.5095876719370724,-0.5716814016030424,96,24.0,0.423872106597333
SOL,2023-09-10 16:00:00+00:00,2023-09-10 16:00:00+00:00,2023-09-11 09:30:00+00:00,1,18.185,17.617029678806876,19.320940642386244,17.617029678806876,stop,-1.0,-1.0409727734405891,70,17.5,0.5679703211931226
SOL,2023-09-16 00:00:00+00:00,2023-09-16 00:00:00+00:00,2023-09-17 00:00:00+00:00,-1,19.137,19.599726887187018,18.211546225625966,19.112,tempo,0.05402754992687091,0.00029855624090047855,96,24.0,0.46272688718701716
SOL,2023-09-18 04:00:00+00:00,2023-09-18 04:00:00+00:00,2023-09-19 04:00:00+00:00,1,19.195,18.468133763812617,20.648732472374768,19.956,tempo,1.046960172468124,1.0119493978124148,96,24.0,0.7268662361873837
SOL,2023-09-20 20:00:00+00:00,2023-09-20 20:00:00+00:00,2023-09-21 20:00:00+00:00,-1,20.103,20.662982465137585,18.983035069724835,19.614,tempo,0.8732416288782494,0.8271400960496149,96,24.0,0.5599824651375833
SOL,2023-09-22 04:00:00+00:00,2023-09-22 04:00:00+00:00,2023-09-23 04:00:00+00:00,1,19.656,19.117851859985496,20.732296280029004,19.371,tempo,-0.5295939515693943,-0.5767325517312686,96,24.0,0.5381481400145027
SOL,2023-09-25 04:00:00+00:00,2023-09-25 04:00:00+00:00,2023-09-26 04:00:00+00:00,1,19.47,18.982146316731114,20.445707366537768,19.436,tempo,-0.06969302716376038,-0.12153008582969203,96,24.0,0.48785368326888445
SOL,2023-09-27 16:00:00+00:00,2023-09-27 16:00:00+00:00,2023-09-28 15:00:00+00:00,1,18.933,18.666737472899843,19.465525054200313,19.465525054200313,alvo,2.0,1.9062615323415688,92,23.0,0.26626252710015663
SOL,2023-10-02 00:00:00+00:00,2023-10-02 00:00:00+00:00,2023-10-02 06:45:00+00:00,-1,23.873,24.73140829148927,22.156183417021463,24.73140829148927,stop,-1.0,-1.0368040077230114,27,6.75,0.858408291489269
SOL,2023-10-04 04:00:00+00:00,2023-10-04 04:00:00+00:00,2023-10-05 04:00:00+00:00,1,23.094,22.542551883472782,24.19689623305444,23.218,tempo,0.22486249618712464,0.17027386110469045,96,24.0,0.5514481165272187
SOL,2023-10-14 00:00:00+00:00,2023-10-14 00:00:00+00:00,2023-10-14 08:15:00+00:00,-1,21.828,22.300518738350483,20.88296252329903,22.300518738350483,stop,-1.0,-1.060703491421439,33,8.25,0.47251873835048386
SOL,2023-10-16 16:00:00+00:00,2023-10-16 16:00:00+00:00,2023-10-17 16:00:00+00:00,-1,23.151,25.235525308553832,18.981949382892335,23.884,tempo,-0.3516388105206212,-0.36630533909407864,96,24.0,2.0845253085538324
SOL,2023-10-23 08:00:00+00:00,2023-10-23 08:00:00+00:00,2023-10-23 22:45:00+00:00,-1,30.103,31.662375346913212,26.98424930617358,31.662375346913212,stop,-1.0,-1.0257458821924854,59,14.75,1.5593753469132103
SOL,2023-10-31 08:00:00+00:00,2023-10-31 08:00:00+00:00,2023-10-31 10:00:00+00:00,-1,35.711,36.90749395904032,33.31801208191935,36.90749395904032,stop,-1.0,-1.0394502794742362,8,2.0,1.1964939590403247
SOL,2023-11-01 12:00:00+00:00,2023-11-01 12:00:00+00:00,2023-11-01 14:30:00+00:00,-1,39.248,40.156020302154786,37.43195939569042,40.156020302154786,stop,-1.0,-1.0568408141028571,10,2.5,0.9080203021547888
SOL,2023-11-09 16:00:00+00:00,2023-11-09 16:00:00+00:00,2023-11-10 10:15:00+00:00,-1,46.451,49.54272421549305,40.2675515690139,49.54272421549305,stop,-1.0,-1.0201815933088068,73,18.25,3.091724215493052
SOL,2023-11-11 04:00:00+00:00,2023-11-11 04:00:00+00:00,2023-11-11 13:30:00+00:00,-1,55.851,58.70526887423483,50.14246225153033,58.70526887423483,stop,-1.0,-1.0260877927235268,38,9.5,2.854268874234833
SOL,2023-11-21 16:00:00+00:00,2023-11-21 16:00:00+00:00,2023-11-21 23:00:00+00:00,1,55.129,52.12590583469115,61.13518833061769,52.12590583469115,stop,-1.0,-1.0232146196405998,28,7.0,3.0030941653088448
SOL,2023-11-23 16:00:00+00:00,2023-11-23 16:00:00+00:00,2023-11-24 16:00:00+00:00,-1,56.64,60.194989693902215,49.53002061219557,58.158,tempo,-0.4270054573164553,-0.447995307196468,96,24.0,3.5549896939022148
SOL,2023-12-04 12:00:00+00:00,2023-12-04 12:00:00+00:00,2023-12-05 12:00:00+00:00,1,62.118,58.45668561430538,69.44062877138924,60.19,tempo,-0.5265868474810651,-0.5483004157861036,96,24.0,3.6613143856946238
SOL,2023-12-06 12:00:00+00:00,2023-12-06 12:00:00+00:00,2023-12-07 12:00:00+00:00,-1,63.051,67.5232322135731,54.106535572853815,64.289,tempo,-0.27681925733701973,-0.2953270172312382,96,24.0,4.472232213573093
SOL,2023-12-08 08:00:00+00:00,2023-12-08 08:00:00+00:00,2023-12-08 11:45:00+00:00,-1,71.436,73.80630674348589,66.69538651302824,73.80630674348589,stop,-1.0,-1.03982923292216,15,3.75,2.3703067434858838
SOL,2023-12-08 16:00:00+00:00,2023-12-08 16:00:00+00:00,2023-12-08 23:45:00+00:00,-1,72.072,75.28794212447555,65.64011575104891,75.28794212447555,stop,-1.0,-1.0297841063904498,31,7.75,3.2159421244755464
SOL,2023-12-11 04:00:00+00:00,2023-12-11 04:00:00+00:00,2023-12-12 04:00:00+00:00,1,70.888,62.59862360143332,87.46675279713338,71.232,tempo,0.041498899731405005,0.03035475624481257,96,24.0,8.289376398566688
SOL,2023-12-20 20:00:00+00:00,2023-12-20 20:00:00+00:00,2023-12-21 05:30:00+00:00,-1,81.16,85.04272668001312,73.39454663997375,85.04272668001312,stop,-1.0,-1.0278236871263995,38,9.5,3.8827266800131213
SOL,2023-12-25 20:00:00+00:00,2023-12-25 20:00:00+00:00,2023-12-26 17:45:00+00:00,-1,121.427,128.5050281670512,107.27094366589763,107.27094366589763,alvo,2.0,1.9789978706110793,87,21.75,7.078028167051187
SOL,2024-01-10 00:00:00+00:00,2024-01-10 00:00:00+00:00,2024-01-11 00:00:00+00:00,-1,99.347,109.59165009321048,78.85769981357903,102.063,tempo,-0.26511398391244273,-0.2778929952802164,96,24.0,10.244650093210481
SOL,2024-01-18 04:00:00+00:00,2024-01-18 04:00:00+00:00,2024-01-19 04:00:00+00:00,-1,99.957,104.53336453486097,90.80427093027805,93.089,tempo,1.5007545722553859,1.4733354497086257,96,24.0,4.576364534860971
SOL,2024-01-19 20:00:00+00:00,2024-01-19 20:00:00+00:00,2024-01-20 20:00:00+00:00,1,94.115,86.08253510008768,110.17992979982462,92.029,tempo,-0.2596961239161805,-0.2747591962741215,96,24.0,8.032464899912313
SOL,2024-01-22 12:00:00+00:00,2024-01-22 12:00:00+00:00,2024-01-22 18:45:00+00:00,1,88.359,85.51303358839479,94.0509328232104,85.51303358839479,stop,-1.0,-1.0397112282743746,27,6.75,2.845966411605204
SOL,2024-01-23 16:00:00+00:00,2024-01-23 16:00:00+00:00,2024-01-24 16:00:00+00:00,1,82.677,78.0578880251637,91.91522394967261,86.994,tempo,0.9345952259910273,0.9107191756590999,96,24.0,4.619111974836301
SOL,2024-02-06 12:00:00+00:00,2024-02-06 12:00:00+00:00,2024-02-06 19:45:00+00:00,1,94.238,92.57132666897604,97.57134666204792,97.57134666204792,alvo,2.0,1.9251946539195335,31,7.75,1.6666733310239579
SOL,2024-02-09 04:00:00+00:00,2024-02-09 04:00:00+00:00,2024-02-09 09:15:00+00:00,-1,104.306,106.33858914317005,100.24082171365988,106.33858914317005,stop,-1.0,-1.0673618588405522,21,5.25,2.032589143170057
SOL,2024-02-10 00:00:00+00:00,2024-02-10 00:00:00+00:00,2024-02-10 02:15:00+00:00,-1,106.92,109.95825589582788,100.84348820834425,109.95825589582788,stop,-1.0,-1.0463986152469478,9,2.25,3.0382558958278736
SOL,2024-02-21 16:00:00+00:00,2024-02-21 16:00:00+00:00,2024-02-22 16:00:00+00:00,1,103.904,100.19978201182118,111.31243597635762,105.469,tempo,0.4224913342018065,0.3857514742814917,96,24.0,3.7042179881788115
SOL,2024-02-23 20:00:00+00:00,2024-02-23 20:00:00+00:00,2024-02-24 20:00:00+00:00,1,101.485,98.01313435664918,108.42873128670165,104.145,tempo,0.7661586804473036,0.7276607909175117,96,24.0,3.4718656433508244
SOL,2024-02-26 16:00:00+00:00,2024-02-26 16:00:00+00:00,2024-02-27 16:00:00+00:00,1,105.084,99.73498657489844,115.78202685020312,106.885,tempo,0.33669760325303477,0.3109396103204625,96,24.0,5.34901342510156
SOL,2024-03-01 04:00:00+00:00,2024-03-01 04:00:00+00:00,2024-03-02 04:00:00+00:00,-1,134.113,139.4983392940632,123.34232141187363,130.259,tempo,0.7156466453745401,0.6837374581132215,96,24.0,5.385339294063186
SOL,2024-03-15 20:00:00+00:00,2024-03-15 20:00:00+00:00,2024-03-16 05:45:00+00:00,-1,183.435,192.4508766896227,165.4032466207546,192.4508766896227,stop,-1.0,-1.0270995077083822,39,9.75,9.0158766896227
SOL,2024-04-05 16:00:00+00:00,2024-04-05 16:00:00+00:00,2024-04-06 16:00:00+00:00,1,175.938,166.51785425373535,194.77829149252926,177.223,tempo,0.13640977906414717,0.11204129728232069,96,24.0,9.420145746264637
SOL,2024-04-25 16:00:00+00:00,2024-04-25 16:00:00+00:00,2024-04-26 16:00:00+00:00,1,147.7,140.76188517434684,161.57622965130628,142.655,tempo,-0.7271427652575724,-0.7543447869511573,96,24.0,6.938114825653145
SOL,2024-05-07 04:00:00+00:00,2024-05-07 04:00:00+00:00,2024-05-08 04:00:00+00:00,-1,153.787,159.30961854826515,142.74176290346972,149.47,tempo,0.7816944013553381,0.7460017225513816,96,24.0,5.522618548265143
SOL,2024-05-13 08:00:00+00:00,2024-05-13 08:00:00+00:00,2024-05-14 08:00:00+00:00,1,143.488,136.81595420987253,156.83209158025494,146.491,tempo,0.450086839098663,0.4218366807620849,96,24.0,6.67204579012747
SOL,2024-05-24 00:00:00+00:00,2024-05-24 00:00:00+00:00,2024-05-24 08:30:00+00:00,1,176.181,162.87370784000822,202.7955843199836,162.87370784000822,stop,-1.0,-1.01656126261048,34,8.5,13.307292159991789
SOL,2024-05-24 12:00:00+00:00,2024-05-24 12:00:00+00:00,2024-05-25 12:00:00+00:00,1,166.355,161.06375274428692,176.93749451142614,168.563,tempo,0.4172929166400177,0.37615012185473373,96,24.0,5.291247255713074
SOL,2024-05-28 16:00:00+00:00,2024-05-28 16:00:00+00:00,2024-05-29 16:00:00+00:00,-1,168.384,174.57206584973935,156.00786830052127,168.661,tempo,-0.04476358311728089,-0.08016709292466724,96,24.0,6.18806584973936
SOL,2024-06-11 20:00:00+00:00,2024-06-11 20:00:00+00:00,2024-06-12 12:45:00+00:00,1,149.156,144.00538519515626,159.4572296096875,159.4572296096875,alvo,2.0,1.9610534651013602,67,16.75,5.150614804843741
SOL,2024-06-21 12:00:00+00:00,2024-06-21 12:00:00+00:00,2024-06-21 18:15:00+00:00,1,132.03,128.6656041704804,138.7587916590392,128.6656041704804,stop,-1.0,-1.050366291987411,25,6.25,3.3643958295195944
SOL,2024-06-21 20:00:00+00:00,2024-06-21 20:00:00+00:00,2024-06-22 20:00:00+00:00,1,132.586,127.58018604008682,142.5976279198264,134.442,tempo,0.37076887292714694,0.3360955507881417,96,24.0,5.005813959913198
SOL,2024-06-24 12:00:00+00:00,2024-06-24 12:00:00+00:00,2024-06-25 12:00:00+00:00,1,127.044,120.51453888074569,140.1029222385086,137.753,tempo,1.6401047198858278,1.6137444970655324,96,24.0,6.529461119254307
SOL,2024-07-02 16:00:00+00:00,2024-07-02 16:00:00+00:00,2024-07-02 18:30:00+00:00,-1,148.334,152.639764429097,139.722471141806,152.639764429097,stop,-1.0,-1.0454351254232321,10,2.5,4.305764429096996
SOL,2024-07-04 16:00:00+00:00,2024-07-04 16:00:00+00:00,2024-07-04 23:45:00+00:00,1,135.296,128.25435443202196,149.37929113595607,128.25435443202196,stop,-1.0,-1.0243277979169867,31,7.75,7.041645567978037
SOL,2024-07-17 04:00:00+00:00,2024-07-17 04:00:00+00:00,2024-07-18 04:00:00+00:00,-1,160.839,164.74762101466425,153.0217579706715,158.885,tempo,0.4999205583424559,0.44675075773495143,96,24.0,3.9086210146642486
SOL,2024-07-19 08:00:00+00:00,2024-07-19 08:00:00+00:00,2024-07-19 14:00:00+00:00,-1,161.36,166.7612264436832,150.55754711263364,166.7612264436832,stop,-1.0,-1.039487105273623,24,6.0,5.401226443683186
SOL,2024-07-23 20:00:00+00:00,2024-07-23 20:00:00+00:00,2024-07-24 11:30:00+00:00,1,171.942,168.96768681527786,177.8906263694443,177.8906263694443,alvo,2.0,1.9235483309867447,62,15.5,2.974313184722149
SOL,2024-07-27 16:00:00+00:00,2024-07-27 16:00:00+00:00,2024-07-28 16:00:00+00:00,-1,182.412,189.36817727180394,168.49964545639213,184.083,tempo,-0.24021814492468413,-0.27446421725604986,96,24.0,6.956177271803938
SOL,2024-08-01 20:00:00+00:00,2024-08-01 20:00:00+00:00,2024-08-02 15:15:00+00:00,1,162.3,156.4866788127223,173.92664237455546,156.4866788127223,stop,-1.0,-1.035644227207288,77,19.25,5.813321187277722
SOL,2024-08-03 04:00:00+00:00,2024-08-03 04:00:00+00:00,2024-08-03 16:00:00+00:00,1,153.465,146.87378043774996,166.6474391245001,146.87378043774996,stop,-1.0,-1.029618222461079,48,12.0,6.591219562250046
SOL,2024-08-05 08:00:00+00:00,2024-08-05 08:00:00+00:00,2024-08-06 08:00:00+00:00,1,122.789,106.28053728059099,155.805925438818,141.892,tempo,1.1571640754617682,1.1467425932847677,96,24.0,16.50846271940901
SOL,2024-08-14 16:00:00+00:00,2024-08-14 16:00:00+00:00,2024-08-15 16:00:00+00:00,-1,146.601,153.2515353238229,133.29992935235418,145.862,tempo,0.1111188744991444,0.08253456650832167,96,24.0,6.650535323822908
SOL,2024-08-16 20:00:00+00:00,2024-08-16 20:00:00+00:00,2024-08-17 20:00:00+00:00,1,140.852,134.87012127983488,152.81575744033026,141.029,tempo,0.02958936619749898,-0.0010402501105598663,96,24.0,5.981878720165128
SOL,2024-08-18 12:00:00+00:00,2024-08-18 12:00:00+00:00,2024-08-19 12:00:00+00:00,-1,144.52,148.1671484882424,137.22570302351525,142.275,tempo,0.6155493825484212,0.5644363690253997,96,24.0,3.6471484882423795
SOL,2024-08-23 16:00:00+00:00,2024-08-23 16:00:00+00:00,2024-08-23 18:00:00+00:00,-1,144.333,147.71791550434506,137.56316899130988,147.71791550434506,stop,-1.0,-1.0560820779231104,8,2.0,3.3849155043450594
SOL,2024-08-28 20:00:00+00:00,2024-08-28 20:00:00+00:00,2024-08-29 19:00:00+00:00,1,144.205,139.33177779499192,153.9514444100162,139.33177779499192,stop,-1.0,-1.0378186952725745,92,23.0,4.873222205008091
SOL,2024-09-01 16:00:00+00:00,2024-09-01 16:00:00+00:00,2024-09-01 23:00:00+00:00,1,134.181,129.21738785472834,144.10822429054335,129.21738785472834,stop,-1.0,-1.0344928143244767,28,7.0,4.963612145271668
SOL,2024-09-04 04:00:00+00:00,2024-09-04 04:00:00+00:00,2024-09-05 04:00:00+00:00,1,127.64,121.0944352747019,140.7311294505962,131.526,tempo,0.5936844509352902,0.5679482605422866,96,24.0,6.545564725298107
SOL,2024-09-05 16:00:00+00:00,2024-09-05 16:00:00+00:00,2024-09-06 16:00:00+00:00,-1,130.518,136.41332191941706,118.72735616116589,128.016,tempo,0.4244043046672866,0.39589914374528273,96,24.0,5.895321919417057
SOL,2024-09-09 00:00:00+00:00,2024-09-09 00:00:00+00:00,2024-09-09 17:00:00+00:00,-1,130.074,132.30047720598478,125.62104558803048,132.30047720598478,stop,-1.0,-1.07659786937206,68,17.0,2.2264772059847644
SOL,2024-09-16 20:00:00+00:00,2024-09-16 20:00:00+00:00,2024-09-17 20:00:00+00:00,1,131.064,128.17687483552498,136.83825032895,132.177,tempo,0.38550458902684465,0.32623918131075286,96,24.0,2.887125164475009
SOL,2024-09-18 12:00:00+00:00,2024-09-18 12:00:00+00:00,2024-09-18 15:30:00+00:00,1,129.348,127.46827200410047,133.1074559917991,127.46827200410047,stop,-1.0,-1.0888057086806227,14,3.5,1.8797279958995432
SOL,2024-09-23 00:00:00+00:00,2024-09-23 00:00:00+00:00,2024-09-24 00:00:00+00:00,1,144.588,140.10457403362366,153.55485193275265,144.691,tempo,0.02297350302479892,-0.018965708509003615,96,24.0,4.4834259663763305
SOL,2024-09-27 16:00:00+00:00,2024-09-27 16:00:00+00:00,2024-09-28 16:00:00+00:00,-1,158.995,162.25127128369706,152.48245743260588,156.808,tempo,0.671627087997707,0.608588129595279,96,24.0,3.2562712836970604
SOL,2024-10-01 04:00:00+00:00,2024-10-01 04:00:00+00:00,2024-10-01 15:00:00+00:00,1,155.045,150.60503843589674,163.92492312820647,150.60503843589674,stop,-1.0,-1.0447464515435416,44,11.0,4.439961564103243
SOL,2024-10-03 16:00:00+00:00,2024-10-03 16:00:00+00:00,2024-10-04 16:00:00+00:00,1,135.503,131.84043656516363,142.8281268696727,142.364,tempo,1.8732781348554488,1.8239647091050304,96,24.0,3.6625634348363576
SOL,2024-10-10 20:00:00+00:00,2024-10-10 20:00:00+00:00,2024-10-11 15:15:00+00:00,1,138.03,134.65496652113586,144.78006695772828,144.78006695772828,alvo,2.0,1.945533416283506,77,19.25,3.3750334788641396
SOL,2024-10-29 20:00:00+00:00,2024-10-29 20:00:00+00:00,2024-10-30 20:00:00+00:00,-1,178.14,184.35091031305137,165.71817937389721,174.25,tempo,0.6263172069681442,0.5894379914498207,96,24.0,6.210910313051386
SOL,2024-11-05 20:00:00+00:00,2024-11-05 20:00:00+00:00,2024-11-06 00:45:00+00:00,-1,163.97,170.2744749486292,151.3610501027416,170.2744749486292,stop,-1.0,-1.03446106305234,19,4.75,6.304474948629206
SOL,2024-11-06 08:00:00+00:00,2024-11-06 08:00:00+00:00,2024-11-06 22:00:00+00:00,-1,184.07,190.1313841651203,171.9472316697594,190.1313841651203,stop,-1.0,-1.040127946535212,56,14.0,6.061384165120302
SOL,2024-11-12 00:00:00+00:00,2024-11-12 00:00:00+00:00,2024-11-12 10:15:00+00:00,-1,222.33,226.34201012153846,214.3059797569231,214.3059797569231,alvo,2.0,1.9292590551259206,41,10.25,4.012010121538452
SOL,2024-11-12 12:00:00+00:00,2024-11-12 12:00:00+00:00,2024-11-13 12:00:00+00:00,-1,211.5,228.08288035760333,178.33423928479334,207.8,tempo,0.22312167248457057,0.20668634917989287,96,24.0,16.58288035760333
SOL,2024-11-17 12:00:00+00:00,2024-11-17 12:00:00+00:00,2024-11-18 04:15:00+00:00,-1,235.05,244.67031192108158,215.80937615783688,244.67031192108158,stop,-1.0,-1.032412483639475,65,16.25,9.620311921081566
SOL,2024-11-18 12:00:00+00:00,2024-11-18 12:00:00+00:00,2024-11-19 12:00:00+00:00,-1,242.732,250.80816281237688,226.57967437524624,246.23,tempo,-0.43312648361165235,-0.4724799869254942,96,24.0,8.076162812376879
SOL,2024-11-25 16:00:00+00:00,2024-11-25 16:00:00+00:00,2024-11-25 22:45:00+00:00,1,245.07,233.28132186163177,268.64735627673645,233.28132186163177,stop,-1.0,-1.0263751673903194,27,6.75,11.788678138368226
SOL,2024-11-29 16:00:00+00:00,2024-11-29 16:00:00+00:00,2024-11-30 16:00:00+00:00,-1,243.59,248.20810116308323,234.35379767383355,240.0,tempo,0.7773757813488822,0.7093102520545567,96,24.0,4.6181011630832245
SOL,2024-12-02 08:00:00+00:00,2024-12-02 08:00:00+00:00,2024-12-02 08:45:00+00:00,1,228.79,224.6569136380962,237.05617272380758,224.6569136380962,stop,-1.0,-1.071312445000302,3,0.75,4.133086361903793
SOL,2024-12-02 16:00:00+00:00,2024-12-02 16:00:00+00:00,2024-12-03 14:00:00+00:00,1,229.36,220.03331884820804,248.01336230358396,220.03331884820804,stop,-1.0,-1.0313193570678902,88,22.0,9.326681151791973
SOL,2024-12-03 16:00:00+00:00,2024-12-03 16:00:00+00:00,2024-12-04 16:00:00+00:00,1,223.45,213.12864843806432,244.09270312387133,233.98,tempo,1.020215224412451,0.9914079990974517,96,24.0,10.321351561935671
SOL,2024-12-12 20:00:00+00:00,2024-12-12 20:00:00+00:00,2024-12-13 20:00:00+00:00,-1,227.16,236.18994814611207,209.10010370777584,223.23,tempo,0.4352184460430266,0.40279816020494597,96,24.0,9.029948146112076
SOL,2024-12-17 16:00:00+00:00,2024-12-17 16:00:00+00:00,2024-12-18 16:00:00+00:00,-1,220.45,229.13538108377904,203.0792378324419,217.63,tempo,0.32468350816139413,0.2918983030848078,96,24.0,8.685381083779049
SOL,2024-12-19 04:00:00+00:00,2024-12-19 04:00:00+00:00,2024-12-19 18:00:00+00:00,1,208.72,197.38753869875012,231.38492260249976,197.38753869875012,stop,-1.0,-1.0232932540546222,56,14.0,11.332461301249879
SOL,2024-12-23 04:00:00+00:00,2024-12-23 04:00:00+00:00,2024-12-24 04:00:00+00:00,1,186.12,174.51614200921955,209.3277159815609,189.89,tempo,0.3248919456783544,0.3038294249034374,96,24.0,11.603857990780455
SOL,2024-12-29 16:00:00+00:00,2024-12-29 16:00:00+00:00,2024-12-30 14:45:00+00:00,-1,195.05,198.59648102929054,187.95703794141895,187.95703794141895,alvo,2.0,1.929802366738805,91,22.75,3.5464810292905327
SOL,2025-01-06 20:00:00+00:00,2025-01-06 20:00:00+00:00,2025-01-07 15:00:00+00:00,-1,219.9,224.2393100067439,211.22137998651223,211.22137998651223,alvo,2.0,1.9354208626358296,76,19.0,4.339310006743887
SOL,2025-01-08 20:00:00+00:00,2025-01-08 20:00:00+00:00,2025-01-09 14:00:00+00:00,1,194.17,186.7700864564424,208.96982708711514,186.7700864564424,stop,-1.0,-1.0334613444791203,72,18.0,7.399913543557574
SOL,2025-01-09 16:00:00+00:00,2025-01-09 16:00:00+00:00,2025-01-09 20:30:00+00:00,1,192.09,183.53972430755667,209.19055138488667,183.53972430755667,stop,-1.0,-1.0285557249359454,18,4.5,8.550275692443336
SOL,2025-01-13 16:00:00+00:00,2025-01-13 16:00:00+00:00,2025-01-14 16:00:00+00:00,1,178.69,166.18559394907854,203.69881210184292,186.74,tempo,0.643773080242128,0.6247774159112742,96,24.0,12.50440605092146
SOL,2025-01-18 20:00:00+00:00,2025-01-18 20:00:00+00:00,2025-01-19 05:00:00+00:00,-1,255.28,274.6228920272522,216.59421594549562,274.6228920272522,stop,-1.0,-1.0178068966797953,36,9.0,19.34289202725219
SOL,2025-02-03 00:00:00+00:00,2025-02-03 00:00:00+00:00,2025-02-03 02:00:00+00:00,1,203.42,189.18068933963403,231.8986213207319,189.18068933963403,stop,-1.0,-1.0179215450914394,8,2.0,14.239310660365959
SOL,2025-02-03 04:00:00+00:00,2025-02-03 04:00:00+00:00,2025-02-04 04:00:00+00:00,1,197.74,169.21298790163704,254.79402419672596,215.4,tempo,0.6190623798632391,0.6096488107493742,96,24.0,28.527012098362974
SOL,2025-02-18 12:00:00+00:00,2025-02-18 12:00:00+00:00,2025-02-18 17:45:00+00:00,1,168.65,161.41889367028426,183.1122126594315,161.41889367028426,stop,-1.0,-1.0296697035146651,23,5.75,7.231106329715743
SOL,2025-02-18 20:00:00+00:00,2025-02-18 20:00:00+00:00,2025-02-19 20:00:00+00:00,1,165.2,159.10448661847127,177.39102676305743,168.62,tempo,0.5610684098182228,0.5254712440967062,96,24.0,6.095513381528718
SOL,2025-02-20 16:00:00+00:00,2025-02-20 16:00:00+00:00,2025-02-21 09:15:00+00:00,-1,171.52,177.74785150463177,159.0642969907365,177.74785150463177,stop,-1.0,-1.036453037345089,69,17.25,6.227851504631758
SOL,2025-02-21 16:00:00+00:00,2025-02-21 16:00:00+00:00,2025-02-22 16:00:00+00:00,-1,173.03,181.84725889971418,155.39548220057165,174.12,tempo,-0.12362118572194102,-0.14921275591019018,96,24.0,8.817258899714176
SOL,2025-02-25 12:00:00+00:00,2025-02-25 12:00:00+00:00,2025-02-26 12:00:00+00:00,1,141.17,129.50941512843977,164.49116974312042,138.07,tempo,-0.2658528739463826,-0.2814186454749349,96,24.0,11.660584871560218
SOL,2025-03-04 20:00:00+00:00,2025-03-04 20:00:00+00:00,2025-03-05 20:00:00+00:00,1,143.04,128.32082851268652,172.47834297462694,144.71,tempo,0.11345747289101137,0.10075040577373452,96,24.0,14.719171487313474
SOL,2025-03-07 04:00:00+00:00,2025-03-07 04:00:00+00:00,2025-03-08 04:00:00+00:00,1,140.74,133.4311393837188,155.35772123256243,139.59,tempo,-0.1573432659857088,-0.18227389602045035,96,24.0,7.308860616281208
SOL,2025-03-11 04:00:00+00:00,2025-03-11 04:00:00+00:00,2025-03-12 04:00:00+00:00,1,119.91,110.28132100280912,139.16735799438175,122.48,tempo,0.2669109647075984,0.2505480243659414,96,24.0,9.628678997190875
SOL,2025-03-20 04:00:00+00:00,2025-03-20 04:00:00+00:00,2025-03-20 16:45:00+00:00,-1,133.87,136.9431171083484,127.72376578330324,127.72376578330324,alvo,2.0,1.9446698769476667,51,12.75,3.0731171083483844
SOL,2025-03-24 16:00:00+00:00,2025-03-24 16:00:00+00:00,2025-03-25 13:45:00+00:00,-1,143.17,145.75236003702207,138.00527992595582,145.75236003702207,stop,-1.0,-1.0727239932974761,87,21.75,2.5823600370220845
SOL,2025-03-29 04:00:00+00:00,2025-03-29 04:00:00+00:00,2025-03-29 08:00:00+00:00,1,128.76,125.60621190854783,135.0675761829043,125.60621190854783,stop,-1.0,-1.0524252210187104,16,4.0,3.1537880914521566
BNB,2020-09-07 04:00:00+00:00,2020-09-07 04:00:00+00:00,2020-09-08 04:00:00+00:00,-1,22.353,23.90445070166339,19.250098596673226,22.395,tempo,-0.027071437045964618,-0.04581918066992588,96,24.0,1.5514507016633878
BNB,2020-09-13 12:00:00+00:00,2020-09-13 12:00:00+00:00,2020-09-14 11:00:00+00:00,-1,29.05,32.8554107165127,21.4391785669746,32.8554107165127,stop,-1.0,-1.01057402734247,92,23.0,3.8054107165127
BNB,2020-10-06 16:00:00+00:00,2020-10-06 16:00:00+00:00,2020-10-07 01:45:00+00:00,1,28.134,27.162268430185122,30.077463139629756,27.162268430185122,stop,-1.0,-1.0369881720385679,39,9.75,0.9717315698148781
BNB,2020-10-13 08:00:00+00:00,2020-10-13 08:00:00+00:00,2020-10-14 08:00:00+00:00,-1,30.996,31.931743529930774,29.124512940138448,31.045,tempo,-0.052364775638499984,-0.0954606119548711,96,24.0,0.9357435299307753
BNB,2020-10-21 20:00:00+00:00,2020-10-21 20:00:00+00:00,2020-10-22 07:30:00+00:00,-1,29.915,30.566958589645594,28.61108282070881,30.566958589645594,stop,-1.0,-1.0603002609485372,46,11.5,0.651958589645595
BNB,2020-10-28 16:00:00+00:00,2020-10-28 16:00:00+00:00,2020-10-29 12:30:00+00:00,1,30.46,29.54583258007222,32.288334839855565,29.54583258007222,stop,-1.0,-1.042665916906258,82,20.5,0.9141674199277823
BNB,2020-11-02 12:00:00+00:00,2020-11-02 12:00:00+00:00,2020-11-03 00:30:00+00:00,-1,28.703,29.397934079372774,27.31313184125445,27.31313184125445,alvo,2.0,1.9476058423704328,50,12.5,0.694934079372775
BNB,2020-11-07 16:00:00+00:00,2020-11-07 16:00:00+00:00,2020-11-08 16:00:00+00:00,-1,28.792,30.141114363470912,26.09377127305818,28.582,tempo,0.15565767119973953,0.12801501835298246,96,24.0,1.3491143634709104
BNB,2020-11-16 00:00:00+00:00,2020-11-16 00:00:00+00:00,2020-11-17 00:00:00+00:00,1,27.681,26.962263332905387,29.11847333418923,27.997,tempo,0.43966032966897584,0.38930711734951046,96,24.0,0.718736667094614
BNB,2020-11-20 16:00:00+00:00,2020-11-20 16:00:00+00:00,2020-11-21 10:00:00+00:00,-1,28.993,29.46852558979619,28.041948820407615,29.46852558979619,stop,-1.0,-1.0799115598587536,72,18.0,0.47552558979619164
BNB,2020-11-21 12:00:00+00:00,2020-11-21 12:00:00+00:00,2020-11-21 14:45:00+00:00,-1,28.959,29.790373403761425,27.29625319247715,29.790373403761425,stop,-1.0,-1.0459325407087514,11,2.75,0.8313734037614253
BNB,2020-11-24 12:00:00+00:00,2020-11-24 12:00:00+00:00,2020-11-25 12:00:00+00:00,-1,33.023,35.81207799177,27.444844016460003,33.744,tempo,-0.25850836804403476,-0.27406854604122965,96,24.0,2.78907799177
BNB,2020-11-26 12:00:00+00:00,2020-11-26 12:00:00+00:00,2020-11-26 19:15:00+00:00,1,28.424,26.632420707902902,32.007158584194194,26.632420707902902,stop,-1.0,-1.0199749314015834,29,7.25,1.7915792920970972
BNB,2020-12-01 12:00:00+00:00,2020-12-01 12:00:00+00:00,2020-12-01 12:30:00+00:00,-1,31.313,32.1975203717753,29.5439592564494,29.5439592564494,alvo,2.0,1.9552785613775088,2,0.5,0.8845203717752987
BNB,2020-12-01 16:00:00+00:00,2020-12-01 16:00:00+00:00,2020-12-02 16:00:00+00:00,1,30.612,28.8746470392994,34.08670592140119,30.224,tempo,-0.22332825210343835,-0.24608896964010624,96,24.0,1.7373529607005977
BNB,2020-12-04 16:00:00+00:00,2020-12-04 16:00:00+00:00,2020-12-04 23:00:00+00:00,1,29.407,29.06491341489943,30.09117317020114,29.06491341489943,stop,-1.0,-1.1111027014067534,28,7.0,0.3420865851005708
BNB,2020-12-09 12:00:00+00:00,2020-12-09 12:00:00+00:00,2020-12-10 12:00:00+00:00,1,27.984,26.769900027474282,30.41219994505144,27.605,tempo,-0.31216539706492136,-0.3419264141291356,96,24.0,1.2140999725257196
BNB,2020-12-17 04:00:00+00:00,2020-12-17 04:00:00+00:00,2020-12-17 10:30:00+00:00,-1,30.591,31.41587069197182,28.941258616056366,31.41587069197182,stop,-1.0,-1.0488615565349226,26,6.5,0.8248706919718174
BNB,2020-12-19 20:00:00+00:00,2020-12-19 20:00:00+00:00,2020-12-20 09:15:00+00:00,-1,33.758,34.58268165979845,32.1086366804031,34.58268165979845,stop,-1.0,-1.0538649581339368,53,13.25,0.8246816597984505
BNB,2020-12-20 16:00:00+00:00,2020-12-20 16:00:00+00:00,2020-12-20 22:00:00+00:00,-1,35.066,35.9753835460506,33.247232907898805,33.247232907898805,alvo,2.0,1.9511717563145095,24,6.0,0.9093835460505986
BNB,2020-12-21 16:00:00+00:00,2020-12-21 16:00:00+00:00,2020-12-22 08:00:00+00:00,1,32.33,31.12709218719265,34.7358156256147,31.12709218719265,stop,-1.0,-1.0342895020570302,64,16.0,1.20290781280735
BNB,2020-12-24 00:00:00+00:00,2020-12-24 00:00:00+00:00,2020-12-25 00:00:00+00:00,1,31.161,29.422766359819022,34.63746728036196,32.504,tempo,0.7726234085885988,0.7488163385587658,96,24.0,1.7382336401809795
BNB,2020-12-29 08:00:00+00:00,2020-12-29 08:00:00+00:00,2020-12-30 08:00:00+00:00,-1,38.0,39.93334695807074,34.133306083858514,37.865,tempo,0.06982709411595342,0.044320937658031384,96,24.0,1.933346958070743
BNB,2021-01-03 20:00:00+00:00,2021-01-03 20:00:00+00:00,2021-01-04 01:30:00+00:00,-1,40.455,42.285641412551136,36.79371717489772,42.285641412551136,stop,-1.0,-1.0293784553050231,22,5.5,1.830641412551138
BNB,2021-01-04 08:00:00+00:00,2021-01-04 08:00:00+00:00,2021-01-05 08:00:00+00:00,-1,40.925,44.09560704115467,34.58378591769065,39.676,tempo,0.3939308731066002,0.3774070184251571,96,24.0,3.1706070411546747
BNB,2021-01-11 00:00:00+00:00,2021-01-11 00:00:00+00:00,2021-01-11 03:30:00+00:00,1,42.394,39.34950356161892,48.48299287676216,39.34950356161892,stop,-1.0,-1.0174522382897928,14,3.5,3.0444964383810813
BNB,2021-01-15 20:00:00+00:00,2021-01-15 20:00:00+00:00,2021-01-16 13:30:00+00:00,1,40.194,38.31637911735883,43.94924176528235,43.94924176528235,alvo,2.0,1.9708710594065726,70,17.5,1.8776208826411747
BNB,2021-01-19 16:00:00+00:00,2021-01-19 16:00:00+00:00,2021-01-20 16:00:00+00:00,-1,44.243,47.80919082364374,37.11061835271253,40.977,tempo,0.9158231181423395,0.9002902981842077,96,24.0,3.566190823643737
BNB,2021-01-21 16:00:00+00:00,2021-01-21 16:00:00+00:00,2021-01-21 22:30:00+00:00,1,39.785,38.62162542212654,42.11174915574691,38.62162542212654,stop,-1.0,-1.0438073063428466,26,6.5,1.163374577873455
BNB,2021-01-27 16:00:00+00:00,2021-01-27 16:00:00+00:00,2021-01-28 16:00:00+00:00,1,40.593,39.38683769378281,43.00532461243439,42.251,tempo,1.3746077053260497,1.329963133262708,96,24.0,1.2061623062171947
BNB,2021-02-02 12:00:00+00:00,2021-02-02 12:00:00+00:00,2021-02-03 12:00:00+00:00,-1,51.885,53.48191183007386,48.69117633985227,50.981,tempo,0.5660926188756347,0.524222492585126,96,24.0,1.5969118300738643
BNB,2021-02-05 04:00:00+00:00,2021-02-05 04:00:00+00:00,2021-02-05 09:15:00+00:00,-1,56.868,58.42947433515989,53.74505132968023,58.42947433515989,stop,-1.0,-1.0479952546323346,21,5.25,1.561474335159886
BNB,2021-02-10 12:00:00+00:00,2021-02-10 12:00:00+00:00,2021-02-11 12:00:00+00:00,-1,134.876,152.7694353966014,99.0891292067972,119.096,tempo,0.8818876671942595,0.8726618368078064,96,24.0,17.893435396601404
BNB,2021-03-09 16:00:00+00:00,2021-03-09 16:00:00+00:00,2021-03-09 21:00:00+00:00,-1,276.639,284.29957399343226,261.3178520131355,284.29957399343226,stop,-1.0,-1.0475956597258023,20,5.0,7.660573993432251
BNB,2021-03-11 16:00:00+00:00,2021-03-11 16:00:00+00:00,2021-03-12 16:00:00+00:00,-1,292.021,321.12134515175717,233.8203096964857,272.624,tempo,0.666555667942954,0.6539434721739344,96,24.0,29.100345151757153
BNB,2021-03-12 16:00:00+00:00,2021-03-12 16:00:00+00:00,2021-03-13 16:00:00+00:00,1,272.648,242.230320258071,333.48335948385807,276.493,tempo,0.12640674872711805,0.11467207162392083,96,24.0,30.41767974192902
BNB,2021-03-18 12:00:00+00:00,2021-03-18 12:00:00+00:00,2021-03-19 12:00:00+00:00,-1,267.248,280.31429679453726,241.11540641092546,267.403,tempo,-0.011862580686582268,-0.03845949299193353,96,24.0,13.066296794537266
BNB,2021-03-22 20:00:00+00:00,2021-03-22 20:00:00+00:00,2021-03-23 20:00:00+00:00,-1,265.991,279.5533470641952,238.8663058716096,257.332,tempo,0.6384588124027504,0.613377611605432,96,24.0,13.562347064195194
BNB,2021-03-30 16:00:00+00:00,2021-03-30 16:00:00+00:00,2021-03-30 19:30:00+00:00,-1,297.086,308.1394572701943,274.9790854596114,308.1394572701943,stop,-1.0,-1.0355903621472733,14,3.5,11.053457270194315
BNB,2021-03-31 04:00:00+00:00,2021-03-31 04:00:00+00:00,2021-04-01 04:00:00+00:00,-1,302.156,321.0431258854925,264.38174822901505,306.805,tempo,-0.246146503612335,-0.26710388232626836,96,24.0,18.88712588549248
BNB,2021-04-06 16:00:00+00:00,2021-04-06 16:00:00+00:00,2021-04-06 21:00:00+00:00,-1,386.633,406.70685628985905,346.48528742028185,406.70685628985905,stop,-1.0,-1.0256886817929904,20,5.0,20.073856289859066
BNB,2021-04-16 08:00:00+00:00,2021-04-16 08:00:00+00:00,2021-04-16 14:00:00+00:00,1,541.11,499.74298023986603,623.844039520268,499.74298023986603,stop,-1.0,-1.0163549233442222,24,6.0,41.367019760133985
BNB,2021-04-21 04:00:00+00:00,2021-04-21 04:00:00+00:00,2021-04-21 06:45:00+00:00,-1,582.277,609.4340042837447,527.9629914325108,609.4340042837447,stop,-1.0,-1.0285234757372739,11,2.75,27.15700428374464
BNB,2021-04-23 04:00:00+00:00,2021-04-23 04:00:00+00:00,2021-04-24 04:00:00+00:00,1,506.581,435.755626088038,648.231747823924,523.343,tempo,0.2366665938232193,0.22721446440937185,96,24.0,70.825373911962
BNB,2021-05-08 16:00:00+00:00,2021-05-08 16:00:00+00:00,2021-05-08 19:15:00+00:00,-1,639.605,657.9273656827523,602.9602686344954,657.9273656827523,stop,-1.0,-1.046030957590139,13,3.25,18.32236568275232
BNB,2021-05-11 00:00:00+00:00,2021-05-11 00:00:00+00:00,2021-05-12 00:00:00+00:00,1,631.525,577.3648695283521,739.8452609432958,671.2,tempo,0.7325499339550039,0.7169153473573354,96,24.0,54.1601304716479
BNB,2021-05-13 20:00:00+00:00,2021-05-13 20:00:00+00:00,2021-05-14 20:00:00+00:00,1,551.32,515.2303260179772,623.4993479640458,599.88,tempo,1.3455372310702733,1.3248033225186822,96,24.0,36.08967398202287
BNB,2021-05-17 08:00:00+00:00,2021-05-17 08:00:00+00:00,2021-05-18 08:00:00+00:00,1,537.42,475.3262031769571,661.6075936460857,525.67,tempo,-0.18922985227470587,-0.2003583149449668,96,24.0,62.09379682304285
BNB,2021-05-19 16:00:00+00:00,2021-05-19 16:00:00+00:00,2021-05-20 16:00:00+00:00,1,378.22,230.84614480820602,672.967710383588,401.27,tempo,0.15640494692903584,0.1529669660243454,96,24.0,147.373855191794
BNB,2021-05-25 04:00:00+00:00,2021-05-25 04:00:00+00:00,2021-05-26 04:00:00+00:00,-1,345.96,384.0082389814131,269.8635220371737,363.93,tempo,-0.4722951831956931,-0.48442264329247736,96,24.0,38.048238981413135
BNB,2021-06-08 16:00:00+00:00,2021-06-08 16:00:00+00:00,2021-06-09 15:30:00+00:00,1,330.81,313.6981210212896,365.03375795742085,365.03375795742085,alvo,2.0,1.97356816026837,94,23.5,17.111878978710422
BNB,2021-07-05 00:00:00+00:00,2021-07-05 00:00:00+00:00,2021-07-06 00:00:00+00:00,-1,307.59,316.73447442551407,289.3010511489718,301.98,tempo,0.6134852304193054,0.5701562777028429,96,24.0,9.14447442551409
BNB,2021-07-07 16:00:00+00:00,2021-07-07 16:00:00+00:00,2021-07-08 00:45:00+00:00,-1,334.43,341.85374726109154,319.58250547781694,319.58250547781694,alvo,2.0,1.9427367185856923,35,8.75,7.423747261091535
BNB,2021-07-14 12:00:00+00:00,2021-07-14 12:00:00+00:00,2021-07-15 12:00:00+00:00,1,303.28,287.5210719303806,334.7978561392388,311.9,tempo,0.5469915188341988,0.5216175214256519,96,24.0,15.758928069619401
BNB,2021-07-15 12:00:00+00:00,2021-07-15 12:00:00+00:00,2021-07-16 12:00:00+00:00,-1,311.92,326.67403578414485,282.41192843171035,302.87,tempo,0.6133914904642861,0.5863064605886342,96,24.0,14.754035784144833
BNB,2021-07-20 12:00:00+00:00,2021-07-20 12:00:00+00:00,2021-07-21 10:15:00+00:00,1,263.27,251.01237325852603,287.7852534829479,287.7852534829479,alvo,2.0,1.9707785265191682,89,22.25,12.257626741473956
BNB,2021-08-07 16:00:00+00:00,2021-08-07 16:00:00+00:00,2021-08-08 16:00:00+00:00,-1,352.01,362.1968599216668,331.6362801566663,346.61,tempo,0.5300946554211964,0.48551732703031997,96,24.0,10.186859921666837
BNB,2021-08-16 16:00:00+00:00,2021-08-16 16:00:00+00:00,2021-08-17 16:00:00+00:00,-1,426.66,440.72585576864327,398.52828846271353,419.13,tempo,0.5353389174362587,0.49625395104369996,96,24.0,14.065855768643246
BNB,2021-08-21 12:00:00+00:00,2021-08-21 12:00:00+00:00,2021-08-22 12:00:00+00:00,-1,448.93,464.0778091400957,418.6343817198086,455.85,tempo,-0.45683173956047674,-0.49565629792141497,96,24.0,15.147809140095717
BNB,2021-08-26 04:00:00+00:00,2021-08-26 04:00:00+00:00,2021-08-27 04:00:00+00:00,-1,493.62,524.6613678813758,431.53726423724845,474.36,tempo,0.6204623479738991,0.6001930414663885,96,24.0,31.041367881375777
BNB,2021-09-04 12:00:00+00:00,2021-09-04 12:00:00+00:00,2021-09-04 12:30:00+00:00,-1,490.35,498.1814606437594,474.68707871248125,498.1814606437594,stop,-1.0,-1.0820466932858133,2,0.5,7.831460643759385
BNB,2021-09-10 16:00:00+00:00,2021-09-10 16:00:00+00:00,2021-09-11 16:00:00+00:00,1,405.48,389.143802680855,438.15239463829005,410.99,tempo,0.3372877966858671,0.3048013195925692,96,24.0,16.336197319145015
BNB,2021-09-18 00:00:00+00:00,2021-09-18 00:00:00+00:00,2021-09-19 00:00:00+00:00,1,407.15,397.41437611339046,426.621247773219,410.75,tempo,0.3697759940122073,0.31516881051868545,96,24.0,9.735623886609517
BNB,2021-09-22 00:00:00+00:00,2021-09-22 00:00:00+00:00,2021-09-22 15:45:00+00:00,1,344.33,331.63879567559525,369.71240864880946,369.71240864880946,alvo,2.0,1.9634291944438067,63,15.75,12.691204324404737
BNB,2021-09-26 12:00:00+00:00,2021-09-26 12:00:00+00:00,2021-09-27 12:00:00+00:00,1,342.32,315.52704089934315,395.9059182013137,349.46,tempo,0.26648792218792083,0.24970526677794125,96,24.0,26.792959100656844
BNB,2021-09-29 16:00:00+00:00,2021-09-29 16:00:00+00:00,2021-09-30 02:30:00+00:00,-1,367.65,377.89530436261924,347.15939127476145,377.89530436261924,stop,-1.0,-1.0473001514336477,42,10.5,10.245304362619265
BNB,2021-10-04 16:00:00+00:00,2021-10-04 16:00:00+00:00,2021-10-05 16:00:00+00:00,1,420.4,407.2416615711231,446.7166768577538,434.28,tempo,1.054844430018562,1.0126246616942556,96,24.0,13.158338428876903
BNB,2021-10-12 20:00:00+00:00,2021-10-12 20:00:00+00:00,2021-10-13 00:00:00+00:00,-1,434.54,444.7006835759108,414.2186328481785,444.7006835759108,stop,-1.0,-1.056246849934318,16,4.0,10.160683575910753
BNB,2021-10-13 08:00:00+00:00,2021-10-13 08:00:00+00:00,2021-10-14 06:15:00+00:00,-1,442.01,473.6560244335739,378.71795113285214,473.6560244335739,stop,-1.0,-1.018807509838436,89,22.25,31.646024433573928
BNB,2021-10-30 04:00:00+00:00,2021-10-30 04:00:00+00:00,2021-10-31 04:00:00+00:00,-1,524.46,545.2124079772896,482.955184045421,529.07,tempo,-0.22214289566034867,-0.25514121087993225,96,24.0,20.752407977289522
BNB,2021-11-01 12:00:00+00:00,2021-11-01 12:00:00+00:00,2021-11-01 19:45:00+00:00,-1,532.28,544.0304730046404,508.77905399071915,544.0304730046404,stop,-1.0,-1.0595381826056478,31,7.75,11.750473004640412
BNB,2021-11-16 08:00:00+00:00,2021-11-16 08:00:00+00:00,2021-11-16 10:15:00+00:00,1,607.46,591.9153235436958,638.5493529126086,591.9153235436958,stop,-1.0,-1.0501518293092058,9,2.25,15.544676456304273
BNB,2021-11-17 12:00:00+00:00,2021-11-17 12:00:00+00:00,2021-11-18 12:00:00+00:00,1,585.51,548.6178569613577,659.2942860772846,567.51,tempo,-0.4879087664044369,-0.5082237423930908,96,24.0,36.8921430386423
BNB,2021-11-20 16:00:00+00:00,2021-11-20 16:00:00+00:00,2021-11-20 18:45:00+00:00,-1,575.01,597.3178682495477,530.3942635009046,597.3178682495477,stop,-1.0,-1.034158939161641,11,2.75,22.30786824954771
BNB,2021-11-23 16:00:00+00:00,2021-11-23 16:00:00+00:00,2021-11-24 16:00:00+00:00,-1,593.51,609.6985236176605,561.132952764679,591.67,tempo,0.1136607663216876,0.06607353612117783,96,24.0,16.188523617660508
BNB,2021-11-26 04:00:00+00:00,2021-11-26 04:00:00+00:00,2021-11-27 04:00:00+00:00,-1,627.75,663.822047334033,555.6059053319341,591.47,tempo,1.0057649255125816,0.9837951994068969,96,24.0,36.07204733403296
BNB,2021-11-28 20:00:00+00:00,2021-11-28 20:00:00+00:00,2021-11-29 20:00:00+00:00,1,589.16,566.9501964288984,633.5796071422031,617.32,tempo,1.2679085571310782,1.2325992849220984,96,24.0,22.209803571101588
BNB,2021-11-30 16:00:00+00:00,2021-11-30 16:00:00+00:00,2021-12-01 08:30:00+00:00,-1,618.67,639.9199115466379,576.1701769067241,639.9199115466379,stop,-1.0,-1.0384982046023974,66,16.5,21.249911546637918
BNB,2021-12-04 00:00:00+00:00,2021-12-04 00:00:00+00:00,2021-12-04 05:00:00+00:00,1,595.18,566.8162059346633,651.9075881306732,566.8162059346633,stop,-1.0,-1.0266289316625867,20,5.0,28.363794065336606
BNB,2021-12-20 16:00:00+00:00,2021-12-20 16:00:00+00:00,2021-12-21 04:00:00+00:00,1,511.7,503.33735264413735,528.4252947117252,528.4252947117252,alvo,1.9999999999999931,1.9191546154234624,48,12.0,8.362647355862634
BNB,2021-12-29 16:00:00+00:00,2021-12-29 16:00:00+00:00,2021-12-29 23:30:00+00:00,1,529.49,515.6426729014507,557.1846541970986,515.6426729014507,stop,-1.0,-1.0490590156895416,30,7.5,13.847327098549272
BNB,2021-12-30 04:00:00+00:00,2021-12-30 04:00:00+00:00,2021-12-31 04:00:00+00:00,1,514.08,505.27946244658324,531.6810751068336,513.63,tempo,-0.051133240130920556,-0.12703900110806052,96,24.0,8.800537553416802
BNB,2021-12-31 04:00:00+00:00,2021-12-31 04:00:00+00:00,2022-01-01 04:00:00+00:00,1,513.68,503.76516275537165,533.5096744892566,518.05,tempo,0.4407535789220947,0.3731151010072572,96,24.0,9.914837244628302
BNB,2022-01-10 16:00:00+00:00,2022-01-10 16:00:00+00:00,2022-01-11 08:00:00+00:00,1,415.87,403.6563324564952,440.2973350870096,440.2973350870096,alvo,2.0,1.9544355726218776,64,16.0,12.213667543504812
BNB,2022-01-22 12:00:00+00:00,2022-01-22 12:00:00+00:00,2022-01-23 12:00:00+00:00,1,361.08,329.81511997093537,423.6097600581292,382.07,tempo,0.6713603244435028,0.6559101612075989,96,24.0,31.264880029064614
BNB,2022-01-24 16:00:00+00:00,2022-01-24 16:00:00+00:00,2022-01-25 16:00:00+00:00,1,351.47,331.1758357266628,392.0583285466745,371.3,tempo,0.9771281898044418,0.9539786531360493,96,24.0,20.29416427333723
BNB,2022-01-29 16:00:00+00:00,2022-01-29 16:00:00+00:00,2022-01-30 16:00:00+00:00,-1,383.25,399.7385200419272,350.2729599161456,380.73,tempo,0.15283360747914904,0.12271647151198684,96,24.0,16.48852004192719
BNB,2022-02-04 16:00:00+00:00,2022-02-04 16:00:00+00:00,2022-02-04 16:30:00+00:00,-1,381.93,387.572534301522,370.644931396956,387.572534301522,stop,-1.0,-1.088643971054119,2,0.5,5.642534301522005
BNB,2022-02-10 16:00:00+00:00,2022-02-10 16:00:00+00:00,2022-02-11 16:00:00+00:00,-1,424.57,438.0294455393506,397.65110892129877,414.92,tempo,0.7169686129927734,0.6764269355213901,96,24.0,13.459445539350611
BNB,2022-03-01 12:00:00+00:00,2022-03-01 12:00:00+00:00,2022-03-02 12:00:00+00:00,-1,406.11,432.9712180136569,352.3875639726863,412.58,tempo,-0.2408677073657074,-0.26067874124099344,96,24.0,26.861218013656867
BNB,2022-03-16 04:00:00+00:00,2022-03-16 04:00:00+00:00,2022-03-16 20:15:00+00:00,-1,370.41,385.1520084158744,340.9259831682513,385.1520084158744,stop,-1.0,-1.033314002516881,65,16.25,14.742008415874352
BNB,2022-03-17 16:00:00+00:00,2022-03-17 16:00:00+00:00,2022-03-18 16:00:00+00:00,-1,387.46,395.4562099026845,371.4675801946309,393.02,tempo,-0.6953294207713785,-0.7587734781653298,96,24.0,7.996209902684541
BNB,2022-03-25 16:00:00+00:00,2022-03-25 16:00:00+00:00,2022-03-26 16:00:00+00:00,-1,413.14,423.20517191574004,393.0096561685199,413.02,tempo,0.01192230008633503,-0.041430390210015086,96,24.0,10.065171915740052
BNB,2022-03-29 16:00:00+00:00,2022-03-29 16:00:00+00:00,2022-03-30 16:00:00+00:00,-1,434.65,443.8452211199204,416.25955776015917,439.39,tempo,-0.5154851567116028,-0.5772700765727706,96,24.0,9.195221119920404
BNB,2022-03-31 04:00:00+00:00,2022-03-31 04:00:00+00:00,2022-03-31 16:30:00+00:00,-1,445.36,454.90126338789076,426.2774732242185,426.2774732242185,alvo,2.0,1.9406195663443486,50,12.5,9.541263387890751
BNB,2022-04-04 00:00:00+00:00,2022-04-04 00:00:00+00:00,2022-04-04 17:45:00+00:00,-1,450.48,457.6564986225395,436.127002754921,436.127002754921,alvo,2.0,1.9196969745133499,71,17.75,7.176498622539498
BNB,2022-04-05 16:00:00+00:00,2022-04-05 16:00:00+00:00,2022-04-06 14:15:00+00:00,-1,449.2,461.9425651783627,423.71486964327454,423.71486964327454,alvo,2.0,1.9554724926005023,89,22.25,12.742565178362725
BNB,2022-04-06 20:00:00+00:00,2022-04-06 20:00:00+00:00,2022-04-07 20:00:00+00:00,1,426.45,415.30573530984515,448.73852938030967,434.69,tempo,0.7393937804868775,0.6891669583893648,96,24.0,11.144264690154841
BNB,2022-04-11 00:00:00+00:00,2022-04-11 00:00:00+00:00,2022-04-12 00:00:00+00:00,-1,417.74,431.1314643511383,390.9570712977235,394.25,tempo,1.7541024180827074,1.7146897380231785,96,24.0,13.391464351138268
BNB,2022-04-13 16:00:00+00:00,2022-04-13 16:00:00+00:00,2022-04-13 22:45:00+00:00,-1,417.43,424.21213000371426,403.8657399925715,424.21213000371426,stop,-1.0,-1.080663063698692,27,6.75,6.782130003714258
BNB,2022-04-19 12:00:00+00:00,2022-04-19 12:00:00+00:00,2022-04-20 09:45:00+00:00,-1,418.79,426.07048508804417,404.22902982391173,426.07048508804417,stop,-1.0,-1.0754289458279431,87,21.75,7.280485088044145
BNB,2022-04-23 08:00:00+00:00,2022-04-23 08:00:00+00:00,2022-04-24 08:00:00+00:00,1,403.9,394.4713018983377,422.75739620332456,404.01,tempo,0.011666509926818051,-0.04402956755257614,96,24.0,9.428698101662292
BNB,2022-04-27 00:00:00+00:00,2022-04-27 00:00:00+00:00,2022-04-28 00:00:00+00:00,1,385.65,378.61725261478773,399.71549477042447,391.21,tempo,0.7905871909591138,0.7187860907145953,96,24.0,7.032747385212247
BNB,2022-04-28 16:00:00+00:00,2022-04-28 16:00:00+00:00,2022-04-29 01:15:00+00:00,-1,402.17,408.45701562113703,389.595968757726,408.45701562113703,stop,-1.0,-1.083808851751898,37,9.25,6.287015621137016
BNB,2022-05-01 04:00:00+00:00,2022-05-01 04:00:00+00:00,2022-05-02 04:00:00+00:00,1,382.77,373.06596150135164,402.17807699729667,389.19,tempo,0.6615802277468545,0.6098724774045727,96,24.0,9.704038498648345
BNB,2022-05-05 12:00:00+00:00,2022-05-05 12:00:00+00:00,2022-05-05 15:15:00+00:00,-1,404.58,415.8124941006984,382.1150117986031,382.1150117986031,alvo,2.0,1.9544756709342677,13,3.25,11.232494100698432
BNB,2022-05-08 12:00:00+00:00,2022-05-08 12:00:00+00:00,2022-05-08 17:15:00+00:00,1,357.19,351.51989516667686,368.5302096666463,351.51989516667686,stop,-1.0,-1.081243900315747,21,5.25,5.670104833323137
BNB,2022-05-08 20:00:00+00:00,2022-05-08 20:00:00+00:00,2022-05-09 03:00:00+00:00,1,358.84,347.04034059751336,382.4393188049732,347.04034059751336,stop,-1.0,-1.038884361466543,28,7.0,11.799659402486611
BNB,2022-05-10 04:00:00+00:00,2022-05-10 04:00:00+00:00,2022-05-11 04:00:00+00:00,1,306.68,284.33837399135297,351.3632520172941,317.89,tempo,0.5017539903166087,0.4835829538914679,96,24.0,22.34162600864704
BNB,2022-05-12 00:00:00+00:00,2022-05-12 00:00:00+00:00,2022-05-12 04:00:00+00:00,1,271.26,254.9971726722351,303.78565465552975,254.9971726722351,stop,-1.0,-1.0210336834636962,16,4.0,16.26282732776488
BNB,2022-05-23 20:00:00+00:00,2022-05-23 20:00:00+00:00,2022-05-24 20:00:00+00:00,-1,323.44,338.8966829080917,292.5266341838166,322.73,tempo,0.04593482341727338,0.018761431655440624,96,24.0,15.456682908091693
BNB,2022-06-06 12:00:00+00:00,2022-06-06 12:00:00+00:00,2022-06-06 20:15:00+00:00,-1,307.59,313.92054341248166,294.9289131750366,294.9289131750366,alvo,2.0,1.9381352803312908,33,8.25,6.330543412481688
BNB,2022-06-07 08:00:00+00:00,2022-06-07 08:00:00+00:00,2022-06-07 11:30:00+00:00,1,284.37,274.01881567954166,305.0723686409167,274.01881567954166,stop,-1.0,-1.0350638843783655,14,3.5,10.351184320458344
BNB,2022-06-10 20:00:00+00:00,2022-06-10 20:00:00+00:00,2022-06-11 11:30:00+00:00,1,284.62,280.3840796371119,293.09184072577625,280.3840796371119,stop,-1.0,-1.08669961196195,62,15.5,4.235920362888123
BNB,2022-06-13 16:00:00+00:00,2022-06-13 16:00:00+00:00,2022-06-14 01:45:00+00:00,1,224.06,209.30773241949927,253.56453516100146,209.30773241949927,stop,-1.0,-1.0190946255913231,39,9.75,14.752267580500728
BNB,2022-06-14 04:00:00+00:00,2022-06-14 04:00:00+00:00,2022-06-15 04:00:00+00:00,1,221.44,199.92091763113464,264.4781647377307,216.61,tempo,-0.22445195000453252,-0.23768357833883186,96,24.0,21.519082368865355
BNB,2022-06-26 16:00:00+00:00,2022-06-26 16:00:00+00:00,2022-06-27 16:00:00+00:00,-1,239.47,246.8292466409452,224.7515067181096,233.84,tempo,0.7650239589302437,0.7232192043119794,96,24.0,7.3592466409452015
BNB,2022-07-15 12:00:00+00:00,2022-07-15 12:00:00+00:00,2022-07-15 19:00:00+00:00,-1,236.8,241.8640313591711,226.67193728165785,241.8640313591711,stop,-1.0,-1.0614395129722083,28,7.0,5.064031359171082
BNB,2022-07-17 08:00:00+00:00,2022-07-17 08:00:00+00:00,2022-07-18 05:30:00+00:00,-1,252.04,257.1012852369736,241.9174295260528,257.1012852369736,stop,-1.0,-1.0653869165457113,86,21.5,5.061285236973589
BNB,2022-07-19 04:00:00+00:00,2022-07-19 04:00:00+00:00,2022-07-19 17:45:00+00:00,-1,258.22,269.3658863965727,235.92822720685467,269.3658863965727,stop,-1.0,-1.0307674790461907,55,13.75,11.145886396572678
BNB,2022-07-23 12:00:00+00:00,2022-07-23 12:00:00+00:00,2022-07-24 12:00:00+00:00,-1,255.73,274.386655779145,218.41668844171002,263.57,tempo,-0.42022536583238085,-0.43831783663721385,96,24.0,18.656655779144984
BNB,2022-07-29 08:00:00+00:00,2022-07-29 08:00:00+00:00,2022-07-29 09:45:00+00:00,-1,277.95,284.4538037664827,264.9423924670346,284.4538037664827,stop,-1.0,-1.0562074880444792,7,1.75,6.50380376648269
BNB,2022-08-18 04:00:00+00:00,2022-08-18 04:00:00+00:00,2022-08-18 23:30:00+00:00,1,306.24,299.8850354875453,318.94992902490947,299.8850354875453,stop,-1.0,-1.061995825829517,78,19.5,6.354964512454728
BNB,2022-08-22 04:00:00+00:00,2022-08-22 04:00:00+00:00,2022-08-23 04:00:00+00:00,-1,296.65,306.7506658320754,276.4486683358491,298.52,tempo,-0.18513630993133906,-0.2234368048127255,96,24.0,10.100665832075435
BNB,2022-09-06 04:00:00+00:00,2022-09-06 04:00:00+00:00,2022-09-06 18:15:00+00:00,-1,279.59,287.60891023609827,263.5521795278034,263.5521795278034,alvo,2.0,1.9559737662227716,57,14.25,8.018910236098293
BNB,2022-09-07 04:00:00+00:00,2022-09-07 04:00:00+00:00,2022-09-07 20:30:00+00:00,1,262.73,256.0554025325986,276.0791949348029,276.0791949348029,alvo,2.0,1.947528524616186,66,16.5,6.6745974674014406
BNB,2022-09-08 16:00:00+00:00,2022-09-08 16:00:00+00:00,2022-09-09 03:30:00+00:00,-1,279.84,284.3525483965577,270.8149032068845,284.3525483965577,stop,-1.0,-1.081267861135297,46,11.5,4.512548396557747
BNB,2022-09-18 16:00:00+00:00,2022-09-18 16:00:00+00:00,2022-09-18 21:15:00+00:00,-1,275.11,281.3553477811293,262.61930443774145,262.61930443774145,alvo,2.0,1.9440344941332746,21,5.25,6.245347781129283
BNB,2022-09-27 20:00:00+00:00,2022-09-27 20:00:00+00:00,2022-09-28 02:45:00+00:00,1,271.55,266.6584517189691,281.3330965620618,266.6584517189691,stop,-1.0,-1.071518356462711,27,6.75,4.891548281030907
BNB,2022-10-01 20:00:00+00:00,2022-10-01 20:00:00+00:00,2022-10-02 20:00:00+00:00,1,281.64,276.6030344654039,291.7139310691922,286.51,tempo,0.966851960084041,0.8935345038768262,96,24.0,5.036965534596106
BNB,2022-10-03 00:00:00+00:00,2022-10-03 00:00:00+00:00,2022-10-03 17:45:00+00:00,-1,284.63,288.91499792043953,276.0600041591209,288.91499792043953,stop,-1.0,-1.0870022006008453,71,17.75,4.284997920439537
BNB,2022-10-13 16:00:00+00:00,2022-10-13 16:00:00+00:00,2022-10-14 16:00:00+00:00,1,266.68,253.49051402311497,293.0589719537701,271.17,tempo,0.34042266756027234,0.31391651708460644,96,24.0,13.189485976885038
BNB,2022-10-21 16:00:00+00:00,2022-10-21 16:00:00+00:00,2022-10-22 16:00:00+00:00,1,269.68,262.2332944749576,284.57341105008487,269.44,tempo,-0.03222901713958154,-0.07928714221536842,96,24.0,7.446705525042432
BNB,2022-10-24 04:00:00+00:00,2022-10-24 04:00:00+00:00,2022-10-25 04:00:00+00:00,-1,274.23,277.9284973425985,266.833005314803,274.25,tempo,-0.0054076015601325685,-0.10180134393051934,96,24.0,3.6984973425985004
BNB,2022-10-26 12:00:00+00:00,2022-10-26 12:00:00+00:00,2022-10-26 20:15:00+00:00,-1,288.64,291.5417425478946,282.83651490421073,291.5417425478946,stop,-1.0,-1.129962643629343,33,8.25,2.901742547894628
BNB,2022-10-27 00:00:00+00:00,2022-10-27 00:00:00+00:00,2022-10-27 05:45:00+00:00,-1,290.04,292.9578845158637,284.2042309682726,292.9578845158637,stop,-1.0,-1.1298710154137614,23,5.75,2.9178845158637046
BNB,2022-10-27 08:00:00+00:00,2022-10-27 08:00:00+00:00,2022-10-28 08:00:00+00:00,-1,289.25,294.2768351466351,279.1963297067298,286.06,tempo,0.6345941147752455,0.560203073674501,96,24.0,5.026835146635108
BNB,2022-10-29 12:00:00+00:00,2022-10-29 12:00:00+00:00,2022-10-30 07:15:00+00:00,-1,301.68,308.85838075044313,287.32323849911376,308.85838075044313,stop,-1.0,-1.0552840482114703,77,19.25,7.178380750443125
BNB,2022-10-30 12:00:00+00:00,2022-10-30 12:00:00+00:00,2022-10-31 09:45:00+00:00,-1,311.92,321.0792598847942,293.6014802304116,321.0792598847942,stop,-1.0,-1.0449216993622144,87,21.75,9.15925988479421
BNB,2022-11-04 16:00:00+00:00,2022-11-04 16:00:00+00:00,2022-11-05 16:00:00+00:00,-1,349.06,361.85436555167684,323.47126889664634,350.92,tempo,-0.14537649346405002,-0.18093800670691412,96,24.0,12.794365551676833
BNB,2022-11-14 16:00:00+00:00,2022-11-14 16:00:00+00:00,2022-11-15 16:00:00+00:00,-1,279.27,294.7170284428126,248.37594311437476,280.45,tempo,-0.07639009692825757,-0.09994271750812592,96,24.0,15.44702844281261
BNB,2022-11-23 16:00:00+00:00,2022-11-23 16:00:00+00:00,2022-11-24 01:45:00+00:00,-1,294.7,303.0521264826187,277.9957470347626,303.0521264826187,stop,-1.0,-1.0465197555403736,39,9.75,8.3521264826187
BNB,2022-11-25 16:00:00+00:00,2022-11-25 16:00:00+00:00,2022-11-26 02:30:00+00:00,-1,299.81,308.10898095837274,283.2120380832545,308.10898095837274,stop,-1.0,-1.0476139588227737,42,10.5,8.298980958372738
BNB,2022-11-26 16:00:00+00:00,2022-11-26 16:00:00+00:00,2022-11-27 16:00:00+00:00,-1,312.71,319.5431409613639,299.0437180772721,313.23,tempo,-0.07609970333412285,-0.13564201371531948,96,24.0,6.833140961363938
BNB,2022-12-17 04:00:00+00:00,2022-12-17 04:00:00+00:00,2022-12-18 04:00:00+00:00,1,228.71,216.27473941828748,253.58052116342506,246.29,tempo,1.413721882583899,1.3888932915004077,96,24.0,12.435260581712527
BNB,2022-12-25 16:00:00+00:00,2022-12-25 16:00:00+00:00,2022-12-26 16:00:00+00:00,1,243.01,240.51133213248175,248.00733573503646,242.29,tempo,-0.2881535434780005,-0.4143988136480255,96,24.0,2.498667867518236
BNB,2023-01-04 20:00:00+00:00,2023-01-04 20:00:00+00:00,2023-01-05 20:00:00+00:00,-1,257.54,261.9318578113939,248.75628437721224,257.5,tempo,0.009107762982728541,-0.0671187485248807,96,24.0,4.391857811393891
BNB,2023-01-12 04:00:00+00:00,2023-01-12 04:00:00+00:00,2023-01-12 13:45:00+00:00,-1,286.78,289.3850136207521,281.56997275849574,281.56997275849574,alvo,2.0,1.858185969029075,39,9.75,2.6050136207521177
BNB,2023-01-21 12:00:00+00:00,2023-01-21 12:00:00+00:00,2023-01-22 12:00:00+00:00,-1,303.48,312.23881352671856,285.96237294656294,302.8,tempo,0.07763608597507915,0.032643462396798516,96,24.0,8.75881352671854
BNB,2023-01-22 20:00:00+00:00,2023-01-22 20:00:00+00:00,2023-01-23 20:00:00+00:00,-1,303.92,313.5731184003152,284.61376319936966,304.81,tempo,-0.09219818540409982,-0.13318747856216168,96,24.0,9.65311840031518
BNB,2023-01-25 04:00:00+00:00,2023-01-25 04:00:00+00:00,2023-01-26 04:00:00+00:00,1,300.1,290.8387337406561,318.6225325186879,305.76,tempo,0.6111475301003737,0.5686253750330064,96,24.0,9.261266259343927
BNB,2023-01-28 08:00:00+00:00,2023-01-28 08:00:00+00:00,2023-01-29 08:00:00+00:00,-1,308.5,315.04686554184406,295.4062689163119,308.68,tempo,-0.027494073133096025,-0.08877026666967555,96,24.0,6.546865541844056
BNB,2023-02-22 04:00:00+00:00,2023-02-22 04:00:00+00:00,2023-02-22 15:45:00+00:00,1,308.75,303.37148320313406,319.5070335937319,303.37148320313406,stop,-1.0,-1.0739755919910636,47,11.75,5.378516796865938
BNB,2023-03-02 04:00:00+00:00,2023-03-02 04:00:00+00:00,2023-03-02 08:45:00+00:00,1,299.66,296.75544827969776,305.46910344060456,296.75544827969776,stop,-1.0,-1.1334698358690134,19,4.75,2.9045517203022655
BNB,2023-03-02 12:00:00+00:00,2023-03-02 12:00:00+00:00,2023-03-02 15:00:00+00:00,1,298.69,295.5860169978798,304.89796600424035,295.5860169978798,stop,-1.0,-1.1244463680325485,12,3.0,3.1039830021201738
BNB,2023-03-06 04:00:00+00:00,2023-03-06 04:00:00+00:00,2023-03-06 08:15:00+00:00,1,286.76,283.6631374340348,292.95372513193036,283.6631374340348,stop,-1.0,-1.119726023171637,17,4.25,3.096862565965182
BNB,2023-03-06 16:00:00+00:00,2023-03-06 16:00:00+00:00,2023-03-07 16:00:00+00:00,1,287.8,282.38018730561646,298.6396253887671,287.16,tempo,-0.11808526162965118,-0.18704041212540226,96,24.0,5.419812694383552
BNB,2023-03-10 08:00:00+00:00,2023-03-10 08:00:00+00:00,2023-03-10 09:45:00+00:00,1,273.09,268.9851972499896,281.29960550002073,268.9851972499896,stop,-1.0,-1.0858381997068196,7,1.75,4.1048027500103785
BNB,2023-03-17 04:00:00+00:00,2023-03-17 04:00:00+00:00,2023-03-17 10:45:00+00:00,-1,330.94,335.36306253181715,322.0938749363657,335.36306253181715,stop,-1.0,-1.0979178990869363,27,6.75,4.423062531817152
BNB,2023-04-03 20:00:00+00:00,2023-04-03 20:00:00+00:00,2023-04-03 20:15:00+00:00,1,311.17,307.2559389142291,318.99812217154187,307.2559389142291,stop,-1.0,-1.1027007119933783,1,0.25,3.914061085770925
BNB,2023-04-04 00:00:00+00:00,2023-04-04 00:00:00+00:00,2023-04-05 00:00:00+00:00,1,308.47,295.8781228219829,333.65375435603426,310.73,tempo,0.17948078495758332,0.14751732197982736,96,24.0,12.591877178017114
BNB,2023-04-05 16:00:00+00:00,2023-04-05 16:00:00+00:00,2023-04-06 16:00:00+00:00,-1,312.08,317.7230790697115,300.79384186057695,313.0,tempo,-0.16303156284624726,-0.23503161724576332,96,24.0,5.6430790697115185
BNB,2023-04-24 20:00:00+00:00,2023-04-24 20:00:00+00:00,2023-04-25 20:00:00+00:00,1,331.61,325.1729622647152,344.4840754705697,332.66,tempo,0.1631185093485474,0.09604177036452553,96,24.0,6.437037735284832
BNB,2023-04-28 12:00:00+00:00,2023-04-28 12:00:00+00:00,2023-04-29 12:00:00+00:00,1,321.89,316.116301298125,333.43739740374997,322.47,tempo,0.10045553638115678,0.02791382237311807,96,24.0,5.7736987018749915
BNB,2023-06-05 08:00:00+00:00,2023-06-05 08:00:00+00:00,2023-06-05 15:15:00+00:00,1,301.07,297.62534471114645,307.9593105777071,297.62534471114645,stop,-1.0,-1.11297268998773,29,7.25,3.4446552888535393
BNB,2023-06-07 12:00:00+00:00,2023-06-07 12:00:00+00:00,2023-06-07 14:15:00+00:00,1,274.46,266.17674427980893,291.0265114403821,266.17674427980893,stop,-1.0,-1.0424246088316793,9,2.25,8.28325572019105
BNB,2023-06-12 04:00:00+00:00,2023-06-12 04:00:00+00:00,2023-06-12 08:15:00+00:00,1,226.02,220.53575658165238,236.98848683669527,220.53575658165238,stop,-1.0,-1.0529263965211684,17,4.25,5.484243418347631
BNB,2023-06-15 12:00:00+00:00,2023-06-15 12:00:00+00:00,2023-06-16 12:00:00+00:00,1,234.07,228.80239778831267,244.60520442337463,233.65,tempo,-0.07973267211941827,-0.13744735667275643,96,24.0,5.2676022116873185
BNB,2023-06-19 20:00:00+00:00,2023-06-19 20:00:00+00:00,2023-06-20 20:00:00+00:00,1,241.48,236.37704673258315,251.68590653483366,243.84,tempo,0.4624772903700661,0.40065857805415106,96,24.0,5.1029532674168365
BNB,2023-06-22 04:00:00+00:00,2023-06-22 04:00:00+00:00,2023-06-22 11:15:00+00:00,-1,254.62,258.5824713125454,246.6950573749092,246.6950573749092,alvo,2.0,1.9177647580029118,29,7.25,3.9624713125454036
BNB,2023-06-30 16:00:00+00:00,2023-06-30 16:00:00+00:00,2023-07-01 00:45:00+00:00,-1,235.63,243.15073812437493,220.58852375125014,243.15073812437493,stop,-1.0,-1.041379911736617,35,8.75,7.52073812437493
BNB,2023-07-03 12:00:00+00:00,2023-07-03 12:00:00+00:00,2023-07-04 12:00:00+00:00,-1,248.69,258.7646734058123,228.54065318837542,245.99,tempo,0.2679987619690284,0.2360828886649374,96,24.0,10.074673405812291
BNB,2023-07-06 16:00:00+00:00,2023-07-06 16:00:00+00:00,2023-07-06 21:30:00+00:00,1,238.19,233.30243555436894,247.9651288912621,233.30243555436894,stop,-1.0,-1.0627040495362245,22,5.5,4.887564445631057
BNB,2023-07-13 20:00:00+00:00,2023-07-13 20:00:00+00:00,2023-07-14 02:30:00+00:00,-1,253.89,260.15676405185235,241.35647189629526,260.15676405185235,stop,-1.0,-1.0533178517443846,26,6.5,6.266764051852363
BNB,2023-07-14 08:00:00+00:00,2023-07-14 08:00:00+00:00,2023-07-14 18:45:00+00:00,-1,255.55,262.6245968734735,241.40080625305308,241.40080625305308,alvo,2.0,1.9543411405848925,43,10.75,7.074596873473467
BNB,2023-07-17 12:00:00+00:00,2023-07-17 12:00:00+00:00,2023-07-18 12:00:00+00:00,1,242.64,237.0305465811822,253.85890683763557,239.62,tempo,-0.5383768746289821,-0.5942591463220528,96,24.0,5.609453418817793
BNB,2023-07-24 08:00:00+00:00,2023-07-24 08:00:00+00:00,2023-07-24 10:00:00+00:00,1,242.07,238.68176163707287,248.84647672585425,238.68176163707287,stop,-1.0,-1.0922274679618869,8,2.0,3.388238362927126
BNB,2023-07-30 20:00:00+00:00,2023-07-30 20:00:00+00:00,2023-07-31 02:45:00+00:00,-1,241.7,244.44164287822056,236.21671424355884,244.44164287822056,stop,-1.0,-1.1152564655233046,27,6.75,2.741642878220574
BNB,2023-08-02 04:00:00+00:00,2023-08-02 04:00:00+00:00,2023-08-02 17:00:00+00:00,-1,245.79,249.52116564370772,238.32766871258454,238.32766871258454,alvo,2.0,1.915662687022793,52,13.0,3.731165643707726
BNB,2023-08-02 20:00:00+00:00,2023-08-02 20:00:00+00:00,2023-08-03 20:00:00+00:00,1,241.55,233.84759732942817,256.9548053411437,241.12,tempo,-0.05582673594083633,-0.09655889620540836,96,24.0,7.702402670571843
BNB,2023-08-07 20:00:00+00:00,2023-08-07 20:00:00+00:00,2023-08-08 18:15:00+00:00,1,241.72,238.87678456562685,247.4064308687463,247.4064308687463,alvo,2.0,1.8881786528656839,89,22.25,2.8432154343731497
BNB,2023-08-16 16:00:00+00:00,2023-08-16 16:00:00+00:00,2023-08-16 20:30:00+00:00,1,233.08,231.56686952549833,236.10626094900337,231.56686952549833,stop,-1.0,-1.199599750504687,18,4.5,1.5131304745016791
BNB,2023-08-17 20:00:00+00:00,2023-08-17 20:00:00+00:00,2023-08-17 21:45:00+00:00,1,226.26,222.20767454605897,234.36465090788204,222.20767454605897,stop,-1.0,-1.0719349893704715,7,1.75,4.052325453941023
BNB,2023-09-10 20:00:00+00:00,2023-09-10 20:00:00+00:00,2023-09-11 08:15:00+00:00,1,212.48,210.38858512672346,216.66282974655306,210.38858512672346,stop,-1.0,-1.131425181987805,49,12.25,2.091414873276534
BNB,2023-09-11 16:00:00+00:00,2023-09-11 16:00:00+00:00,2023-09-12 10:30:00+00:00,1,206.43,203.56230815146577,212.16538369706848,212.16538369706848,alvo,2.0,1.9051198616259393,74,18.5,2.8676918485342355
BNB,2023-10-02 04:00:00+00:00,2023-10-02 04:00:00+00:00,2023-10-02 08:15:00+00:00,-1,219.24,220.9876135731692,215.74477285366163,220.9876135731692,stop,-1.0,-1.1637363964298173,17,4.25,1.7476135731691897
BNB,2023-10-02 12:00:00+00:00,2023-10-02 12:00:00+00:00,2023-10-03 12:00:00+00:00,-1,218.99,222.3435797082003,212.2828405835994,214.0,tempo,1.487962247564378,1.4040389403855433,96,24.0,3.3535797082003
BNB,2023-10-06 16:00:00+00:00,2023-10-06 16:00:00+00:00,2023-10-07 16:00:00+00:00,1,212.68,209.8198360321654,218.40032793566922,212.69,tempo,0.003496303048514302,-0.09317315475509798,96,24.0,2.860163967834609
BNB,2023-10-10 12:00:00+00:00,2023-10-10 12:00:00+00:00,2023-10-11 12:00:00+00:00,-1,207.04,215.84651284330138,189.4269743133972,207.68,tempo,-0.07267348738233273,-0.10328356026777058,96,24.0,8.806512843301391
BNB,2023-10-16 16:00:00+00:00,2023-10-16 16:00:00+00:00,2023-10-17 16:00:00+00:00,-1,212.86,220.90267676690243,196.77464646619518,212.1,tempo,0.09449590254921164,0.06015111809427378,96,24.0,8.042676766902417
BNB,2023-10-22 08:00:00+00:00,2023-10-22 08:00:00+00:00,2023-10-22 22:45:00+00:00,-1,214.26,217.41991282860505,207.94017434278987,217.41991282860505,stop,-1.0,-1.0887973683319803,59,14.75,3.1599128286050586
BNB,2023-10-24 04:00:00+00:00,2023-10-24 04:00:00+00:00,2023-10-25 04:00:00+00:00,-1,230.61,240.00857016955587,211.8128596608883,227.36,tempo,0.3457972799445072,0.31412432388527,96,24.0,9.398570169555853
BNB,2023-10-27 16:00:00+00:00,2023-10-27 16:00:00+00:00,2023-10-28 16:00:00+00:00,-1,226.02,234.31292166180614,209.43415667638774,226.84,tempo,-0.09887950633569637,-0.13437471683017135,96,24.0,8.292921661806133
BNB,2023-11-02 00:00:00+00:00,2023-11-02 00:00:00+00:00,2023-11-02 01:30:00+00:00,-1,228.15,230.93525583626732,222.57948832746538,230.93525583626732,stop,-1.0,-1.1071375248219513,6,1.5,2.7852558362673108
BNB,2023-11-09 20:00:00+00:00,2023-11-09 20:00:00+00:00,2023-11-10 20:00:00+00:00,1,244.86,237.25323456940845,260.07353086118314,250.77,tempo,0.776939956138543,0.7345882492350548,96,24.0,7.606765430591565
BNB,2023-11-14 20:00:00+00:00,2023-11-14 20:00:00+00:00,2023-11-15 20:00:00+00:00,1,240.21,231.44385264506428,257.74229470987143,253.19,tempo,1.4806960771303577,1.444111020204589,96,24.0,8.766147354935725
BNB,2023-12-03 04:00:00+00:00,2023-12-03 04:00:00+00:00,2023-12-04 04:00:00+00:00,-1,228.63,232.68278656883936,220.52442686232126,228.94,tempo,-0.07649058116790489,-0.14987724857515872,96,24.0,4.052786568839366
BNB,2023-12-07 12:00:00+00:00,2023-12-07 12:00:00+00:00,2023-12-08 03:30:00+00:00,1,230.27,227.47534485538102,235.85931028923798,235.85931028923798,alvo,2.0,1.8915844581856942,62,15.5,2.794655144618986
BNB,2023-12-08 08:00:00+00:00,2023-12-08 08:00:00+00:00,2023-12-08 19:45:00+00:00,-1,233.05,238.2876329393443,222.57473412131145,238.2876329393443,stop,-1.0,-1.0584938778563833,47,11.75,5.23763293934428
BNB,2023-12-12 20:00:00+00:00,2023-12-12 20:00:00+00:00,2023-12-13 02:30:00+00:00,-1,255.11,258.84191214018796,247.64617571962413,247.64617571962413,alvo,2.0,1.9124332240572797,26,6.5,3.7319121401879443
BNB,2023-12-21 16:00:00+00:00,2023-12-21 16:00:00+00:00,2023-12-22 16:00:00+00:00,-1,271.36,276.15393975206007,261.7721204958799,271.43,tempo,-0.014601768820710091,-0.08819749973251154,96,24.0,4.793939752060055
BNB,2023-12-28 08:00:00+00:00,2023-12-28 08:00:00+00:00,2023-12-28 11:30:00+00:00,-1,323.49,332.55372879503875,305.3625424099225,332.55372879503875,stop,-1.0,-1.047047791627458,14,3.5,9.063728795038742
BNB,2024-01-03 16:00:00+00:00,2024-01-03 16:00:00+00:00,2024-01-04 16:00:00+00:00,1,317.05,281.933442645865,387.28311470827003,319.49,tempo,0.0694828930807104,0.05770067320569522,96,24.0,35.11655735413501
BNB,2024-01-11 00:00:00+00:00,2024-01-11 00:00:00+00:00,2024-01-11 09:00:00+00:00,-1,305.99,312.48625027980574,292.99749944038854,312.48625027980574,stop,-1.0,-1.0618833242819419,36,9.0,6.496250279805736
BNB,2024-01-11 16:00:00+00:00,2024-01-11 16:00:00+00:00,2024-01-12 16:00:00+00:00,-1,307.52,319.17846957826123,284.2030608434775,305.74,tempo,0.1526787017842391,0.11848733581427699,96,24.0,11.658469578261247
BNB,2024-01-13 00:00:00+00:00,2024-01-13 00:00:00+00:00,2024-01-14 00:00:00+00:00,1,296.82,286.567284714908,317.325430570184,302.35,tempo,0.5393693130288081,0.5013832294235901,96,24.0,10.252715285091995
BNB,2024-01-15 16:00:00+00:00,2024-01-15 16:00:00+00:00,2024-01-16 16:00:00+00:00,-1,313.94,324.02537846479964,293.7692430704007,316.93,tempo,-0.2964687949426802,-0.33712820117430803,96,24.0,10.085378464799646
BNB,2024-01-22 16:00:00+00:00,2024-01-22 16:00:00+00:00,2024-01-22 19:45:00+00:00,1,310.82,306.7242701472176,319.01145970556473,306.7242701472176,stop,-1.0,-1.0980054324928203,15,3.75,4.09572985278237
BNB,2024-01-31 16:00:00+00:00,2024-01-31 16:00:00+00:00,2024-01-31 21:30:00+00:00,1,304.69,299.11975068453427,315.83049863093146,299.11975068453427,stop,-1.0,-1.0704593844399821,22,5.5,5.57024931546573
BNB,2024-02-12 20:00:00+00:00,2024-02-12 20:00:00+00:00,2024-02-13 20:00:00+00:00,-1,324.05,331.57095429251007,309.0080914149799,322.35,tempo,0.22603514579166895,0.17016989470000526,96,24.0,7.520954292510055
BNB,2024-02-16 04:00:00+00:00,2024-02-16 04:00:00+00:00,2024-02-17 04:00:00+00:00,-1,361.7,369.26225593416626,346.57548813166744,359.87,tempo,0.24199128089966432,0.1799700396082971,96,24.0,7.562255934166274
BNB,2024-02-20 20:00:00+00:00,2024-02-20 20:00:00+00:00,2024-02-21 20:00:00+00:00,1,354.29,342.98351368665215,376.90297262669577,370.5,tempo,1.4336903217105794,1.392022779120993,96,24.0,11.306486313347875
BNB,2024-03-06 12:00:00+00:00,2024-03-06 12:00:00+00:00,2024-03-07 12:00:00+00:00,-1,426.45,439.3924270725457,400.5651458549086,438.86,tempo,-0.9588618835121677,-1.002319845210334,96,24.0,12.942427072545684
BNB,2024-03-08 16:00:00+00:00,2024-03-08 16:00:00+00:00,2024-03-09 10:00:00+00:00,-1,472.4,493.5118687104398,430.17626257912036,493.5118687104398,stop,-1.0,-1.0297388508460796,72,18.0,21.111868710439808
BNB,2024-03-15 12:00:00+00:00,2024-03-15 12:00:00+00:00,2024-03-16 12:00:00+00:00,1,583.03,534.3328258148999,680.4243483702,608.97,tempo,0.5326797793523091,0.5167692052180698,96,24.0,48.69717418510004
BNB,2024-03-29 16:00:00+00:00,2024-03-29 16:00:00+00:00,2024-03-30 16:00:00+00:00,-1,607.56,624.4206756093839,573.838648781232,604.77,tempo,0.16547379622481803,0.11873696798280958,96,24.0,16.860675609383975
BNB,2024-04-29 08:00:00+00:00,2024-04-29 08:00:00+00:00,2024-04-30 08:00:00+00:00,1,587.46,575.5717432833659,611.2365134332683,598.08,tempo,0.8933185287915606,0.8284981755330573,96,24.0,11.888256716634146
BNB,2024-05-01 12:00:00+00:00,2024-05-01 12:00:00+00:00,2024-05-02 12:00:00+00:00,1,551.24,532.1674730364809,589.3850539270381,560.76,tempo,0.4991472822772431,0.46124983945896664,96,24.0,19.072526963519067
BNB,2024-05-20 16:00:00+00:00,2024-05-20 16:00:00+00:00,2024-05-20 23:30:00+00:00,1,576.61,566.278044392891,597.273911214218,597.273911214218,alvo,2.0,1.9261490688399554,30,7.5,10.331955607108966
BNB,2024-05-24 00:00:00+00:00,2024-05-24 00:00:00+00:00,2024-05-25 00:00:00+00:00,1,599.67,574.4919011947602,650.0261976104795,600.55,tempo,0.03495101067030767,0.003966026218755431,96,24.0,25.178098805239756
BNB,2024-05-27 20:00:00+00:00,2024-05-27 20:00:00+00:00,2024-05-28 20:00:00+00:00,-1,602.5,616.9573335938697,573.5853328122605,601.85,tempo,0.04495988114126333,-0.009187551711219051,96,24.0,14.457333593869748
BNB,2024-06-06 16:00:00+00:00,2024-06-06 16:00:00+00:00,2024-06-07 16:00:00+00:00,-1,703.81,726.8753811838717,657.6792376322564,701.06,tempo,0.119226297544257,0.07963599150420238,96,24.0,23.06538118387175
BNB,2024-06-10 16:00:00+00:00,2024-06-10 16:00:00+00:00,2024-06-10 20:15:00+00:00,1,650.54,632.1533619943608,687.3132760112783,632.1533619943608,stop,-1.0,-1.0453454669113855,17,4.25,18.386638005639156
BNB,2024-06-18 04:00:00+00:00,2024-06-18 04:00:00+00:00,2024-06-19 04:00:00+00:00,1,594.17,570.7842189863283,640.9415620273434,597.91,tempo,0.159926238846312,0.12679277199536487,96,24.0,23.385781013671703
BNB,2024-06-21 12:00:00+00:00,2024-06-21 12:00:00+00:00,2024-06-22 12:00:00+00:00,1,585.96,576.0170917979809,605.8458164040383,587.21,tempo,0.12571774521122117,0.04902383589350803,96,24.0,9.942908202019112
BNB,2024-06-25 00:00:00+00:00,2024-06-25 00:00:00+00:00,2024-06-26 00:00:00+00:00,1,567.95,547.4597102846375,608.9305794307252,577.94,tempo,0.48754801121772434,0.45119769551469324,96,24.0,20.490289715362564
BNB,2024-06-27 16:00:00+00:00,2024-06-27 16:00:00+00:00,2024-06-28 16:00:00+00:00,-1,579.48,586.5167718579162,565.4064562841677,572.36,tempo,1.0118276027366455,0.9054299512115731,96,24.0,7.036771857916165
BNB,2024-07-04 16:00:00+00:00,2024-07-04 16:00:00+00:00,2024-07-05 00:45:00+00:00,1,524.99,508.04715085128606,558.8756982974279,508.04715085128606,stop,-1.0,-1.039631713778453,35,8.75,16.942849148713947
BNB,2024-07-05 08:00:00+00:00,2024-07-05 08:00:00+00:00,2024-07-06 08:00:00+00:00,1,472.6,447.23028954919414,523.3394209016118,507.71,tempo,1.3839338083137116,1.3588171834615836,96,24.0,25.369710450805883
BNB,2024-07-11 16:00:00+00:00,2024-07-11 16:00:00+00:00,2024-07-12 16:00:00+00:00,-1,524.31,549.7617446207321,473.40651075853566,532.74,tempo,-0.3312150159299204,-0.3582105131046141,96,24.0,25.451744620732143
BNB,2024-07-18 20:00:00+00:00,2024-07-18 20:00:00+00:00,2024-07-19 15:45:00+00:00,1,567.93,559.2464785322644,585.297042935471,585.297042935471,alvo,2.0,1.91367585366222,79,19.75,8.683521467735545
BNB,2024-07-21 20:00:00+00:00,2024-07-21 20:00:00+00:00,2024-07-22 20:00:00+00:00,1,597.81,578.37852847303,636.6729430539399,595.65,tempo,-0.11115987777878733,-0.1510821759394437,96,24.0,19.431471526969972
BNB,2024-07-23 20:00:00+00:00,2024-07-23 20:00:00+00:00,2024-07-24 20:00:00+00:00,1,581.03,574.443487548799,594.2030249024019,579.45,tempo,-0.23988415898490142,-0.3544078929926402,96,24.0,6.586512451200974
BNB,2024-07-27 16:00:00+00:00,2024-07-27 16:00:00+00:00,2024-07-28 16:00:00+00:00,-1,585.7,594.6821257644256,567.735748471149,580.74,tempo,0.5522078102763316,0.46779727986460423,96,24.0,8.982125764425518
BNB,2024-07-30 04:00:00+00:00,2024-07-30 04:00:00+00:00,2024-07-31 00:15:00+00:00,1,573.0,564.8361992442051,589.3276015115898,589.3276015115898,alvo,2.0,1.9074557349471999,81,20.25,8.16380075579491
BNB,2024-07-31 20:00:00+00:00,2024-07-31 20:00:00+00:00,2024-08-01 16:15:00+00:00,-1,582.34,595.3788948863698,556.2622102272604,556.2622102272604,alvo,2.0,1.9432397114097935,81,20.25,13.038894886369803
BNB,2024-08-01 20:00:00+00:00,2024-08-01 20:00:00+00:00,2024-08-02 15:15:00+00:00,1,561.1,551.3716283512881,580.5567432974238,551.3716283512881,stop,-1.0,-1.0743296601465755,77,19.25,9.728371648711914
BNB,2024-08-03 04:00:00+00:00,2024-08-03 04:00:00+00:00,2024-08-03 19:30:00+00:00,1,542.25,522.7827635446015,581.184472910797,522.7827635446015,stop,-1.0,-1.0355608407947403,62,15.5,19.467236455398506
BNB,2024-08-04 20:00:00+00:00,2024-08-04 20:00:00+00:00,2024-08-05 00:45:00+00:00,1,507.93,482.8339527964113,558.1220944071774,482.8339527964113,stop,-1.0,-1.025661275024442,19,4.75,25.096047203588682
BNB,2024-08-05 08:00:00+00:00,2024-08-05 08:00:00+00:00,2024-08-06 08:00:00+00:00,1,438.94,390.10934306025507,536.6013138794899,491.92,tempo,1.084974139614284,1.0725831738169855,96,24.0,48.83065693974493
BNB,2024-08-12 08:00:00+00:00,2024-08-12 08:00:00+00:00,2024-08-13 08:00:00+00:00,1,509.67,496.8456079851493,535.3187840297014,523.53,tempo,1.0807529888317502,1.028385594009266,96,24.0,12.82439201485073
BNB,2024-08-22 16:00:00+00:00,2024-08-22 16:00:00+00:00,2024-08-23 16:00:00+00:00,-1,579.55,592.453447194948,553.7431056101038,580.36,tempo,-0.0627739229496122,-0.12120338668974996,96,24.0,12.903447194948058
BNB,2024-09-01 16:00:00+00:00,2024-09-01 16:00:00+00:00,2024-09-01 23:00:00+00:00,1,520.4,508.0406510614332,545.1186978771335,508.0406510614332,stop,-1.0,-1.0540875111231751,28,7.0,12.359348938566768
BNB,2024-09-04 04:00:00+00:00,2024-09-04 04:00:00+00:00,2024-09-04 10:30:00+00:00,1,512.85,498.59024273736975,541.3695145252606,498.59024273736975,stop,-1.0,-1.0461043021750585,26,6.5,14.259757262630274
BNB,2024-09-07 00:00:00+00:00,2024-09-07 00:00:00+00:00,2024-09-08 00:00:00+00:00,1,487.05,467.7489782289199,525.6520435421603,493.37,tempo,0.3274438045279877,0.294426226103468,96,24.0,19.301021771080116
BNB,2024-09-09 00:00:00+00:00,2024-09-09 00:00:00+00:00,2024-09-09 01:15:00+00:00,-1,503.02,508.9172888434408,491.2254223131183,508.9172888434408,stop,-1.0,-1.1115358693138828,5,1.25,5.897288843440833
BNB,2024-09-10 00:00:00+00:00,2024-09-10 00:00:00+00:00,2024-09-11 00:00:00+00:00,-1,518.91,529.7141446734586,497.30171065308275,517.22,tempo,0.15642145223689793,0.09408569865758151,96,24.0,10.804144673458609
BNB,2024-09-12 16:00:00+00:00,2024-09-12 16:00:00+00:00,2024-09-13 13:45:00+00:00,-1,535.74,551.3457236529204,504.5285526941593,551.3457236529204,stop,-1.0,-1.0452786257202606,87,21.75,15.605723652920346
BNB,2024-09-21 12:00:00+00:00,2024-09-21 12:00:00+00:00,2024-09-21 23:30:00+00:00,-1,580.51,589.96172215657,561.60655568686,589.96172215657,stop,-1.0,-1.0804939678503906,46,11.5,9.451722156569986
BNB,2024-09-23 00:00:00+00:00,2024-09-23 00:00:00+00:00,2024-09-23 02:15:00+00:00,-1,588.65,597.5366424796109,570.8767150407781,597.5366424796109,stop,-1.0,-1.0867618247702369,9,2.25,8.886642479610941
BNB,2024-09-28 04:00:00+00:00,2024-09-28 04:00:00+00:00,2024-09-29 04:00:00+00:00,-1,612.69,621.6843566359081,594.701286728184,600.81,tempo,1.3208282127230475,1.2331315567053192,96,24.0,8.994356635908048
BNB,2024-10-01 20:00:00+00:00,2024-10-01 20:00:00+00:00,2024-10-02 19:30:00+00:00,1,548.43,534.5784031259134,576.1331937481731,534.5784031259134,stop,-1.0,-1.0508212495953297,94,23.5,13.851596874086567
BNB,2024-10-03 16:00:00+00:00,2024-10-03 16:00:00+00:00,2024-10-04 16:00:00+00:00,1,541.05,530.5493534009007,562.0512931981984,553.36,tempo,1.1723087605915645,1.1045637419123318,96,24.0,10.500646599099241
BNB,2024-10-15 16:00:00+00:00,2024-10-15 16:00:00+00:00,2024-10-16 16:00:00+00:00,-1,589.6,603.365363545921,562.069272908158,595.46,tempo,-0.4257061559217935,-0.4816646489488996,96,24.0,13.76536354592099
BNB,2024-10-16 16:00:00+00:00,2024-10-16 16:00:00+00:00,2024-10-16 19:00:00+00:00,-1,595.46,604.0112639644445,578.357472071111,604.0112639644445,stop,-1.0,-1.0911743953664206,12,3.0,8.551263964444502
BNB,2024-10-21 12:00:00+00:00,2024-10-21 12:00:00+00:00,2024-10-21 13:45:00+00:00,-1,609.35,614.0466780073051,599.9566439853899,599.9566439853899,alvo,2.0,1.8326371709178477,7,1.75,4.696678007305081
BNB,2024-10-22 12:00:00+00:00,2024-10-22 12:00:00+00:00,2024-10-23 08:00:00+00:00,1,595.79,584.9952357933411,617.3795284133178,584.9952357933411,stop,-1.0,-1.071100247172812,80,20.0,10.794764206658897
BNB,2024-10-23 20:00:00+00:00,2024-10-23 20:00:00+00:00,2024-10-24 20:00:00+00:00,1,582.14,570.9438237145648,604.5323525708703,594.64,tempo,1.1164525889308246,1.0481339968955197,96,24.0,11.196176285435172
BNB,2024-11-01 04:00:00+00:00,2024-11-01 04:00:00+00:00,2024-11-01 21:45:00+00:00,1,578.96,568.0879447124784,600.7041105750434,568.0879447124784,stop,-1.0,-1.0685777568588017,71,17.75,10.872055287521675
BNB,2024-11-06 08:00:00+00:00,2024-11-06 08:00:00+00:00,2024-11-06 23:00:00+00:00,-1,584.32,592.6700234183267,567.6199531633468,592.6700234183267,stop,-1.0,-1.0916217209095243,60,15.0,8.3500234183266
BNB,2024-11-23 16:00:00+00:00,2024-11-23 16:00:00+00:00,2024-11-24 08:30:00+00:00,-1,670.23,685.4211588682533,639.8476822634934,685.4211588682533,stop,-1.0,-1.0580056637486592,66,16.5,15.191158868253297
BNB,2024-11-24 12:00:00+00:00,2024-11-24 12:00:00+00:00,2024-11-25 12:00:00+00:00,-1,652.14,693.3822267084398,569.6555465831203,664.61,tempo,-0.3023600080605774,-0.32311270664910563,96,24.0,41.24222670843983
BNB,2024-11-26 00:00:00+00:00,2024-11-26 00:00:00+00:00,2024-11-26 11:00:00+00:00,1,636.59,622.1223398988573,665.5253202022856,622.1223398988573,stop,-1.0,-1.0565511641284435,44,11.0,14.46766010114277
BNB,2024-12-19 04:00:00+00:00,2024-12-19 04:00:00+00:00,2024-12-19 18:00:00+00:00,1,700.54,662.9366265841077,775.7467468317845,662.9366265841077,stop,-1.0,-1.023568625013444,56,14.0,37.60337341589229
BNB,2024-12-20 16:00:00+00:00,2024-12-20 16:00:00+00:00,2024-12-21 16:00:00+00:00,1,665.96,610.5427858608535,776.794428278293,667.69,tempo,0.031217736706435288,0.015575079213343355,96,24.0,55.417214139146495
BNB,2024-12-30 16:00:00+00:00,2024-12-30 16:00:00+00:00,2024-12-31 16:00:00+00:00,1,694.36,684.2174292065241,714.6451415869518,710.33,tempo,1.5745514944073709,1.4845300867591926,96,24.0,10.142570793475898
BNB,2025-01-08 00:00:00+00:00,2025-01-08 00:00:00+00:00,2025-01-08 07:00:00+00:00,1,697.16,686.4530033026213,718.5739933947574,686.4530033026213,stop,-1.0,-1.0839963322643857,28,7.0,10.706996697378713
BNB,2025-01-08 08:00:00+00:00,2025-01-08 08:00:00+00:00,2025-01-08 17:45:00+00:00,1,693.54,677.5565630118264,725.5068739763472,677.5565630118264,stop,-1.0,-1.0557585184348717,39,9.75,15.983436988173594
BNB,2025-01-08 20:00:00+00:00,2025-01-08 20:00:00+00:00,2025-01-09 20:00:00+00:00,1,689.01,670.0949498458009,726.8401003083982,679.3,tempo,-0.5133478325905703,-0.560368670111456,96,24.0,18.915050154199093
BNB,2025-01-13 16:00:00+00:00,2025-01-13 16:00:00+00:00,2025-01-14 16:00:00+00:00,1,676.67,653.4358223792086,723.1383552415826,694.91,tempo,0.7850503812830353,0.7466790210158137,96,24.0,23.234177620791343
BNB,2025-01-16 16:00:00+00:00,2025-01-16 16:00:00+00:00,2025-01-17 09:00:00+00:00,-1,709.7,720.4456463820495,688.2087072359011,720.4456463820495,stop,-1.0,-1.0865089578697855,68,17.0,10.745646382049472
BNB,2025-01-20 00:00:00+00:00,2025-01-20 00:00:00+00:00,2025-01-20 07:00:00+00:00,1,683.39,672.1837507834045,705.8024984331909,705.8024984331909,alvo,2.0,1.9194221807378378,28,7.0,11.206249216595438
BNB,2025-02-03 00:00:00+00:00,2025-02-03 00:00:00+00:00,2025-02-03 00:45:00+00:00,1,617.69,593.7908291713927,665.4883416572147,593.7908291713927,stop,-1.0,-1.032949366511863,3,0.75,23.89917082860734
BNB,2025-02-28 12:00:00+00:00,2025-02-28 12:00:00+00:00,2025-03-01 12:00:00+00:00,1,570.88,555.2533022354623,602.1333955290753,591.02,tempo,1.28881996077921,1.2404901721456902,96,24.0,15.626697764537653
BNB,2025-03-10 04:00:00+00:00,2025-03-10 04:00:00+00:00,2025-03-10 14:30:00+00:00,1,560.47,546.6978197673086,588.0143604653829,546.6978197673086,stop,-1.0,-1.0522545501648661,42,10.5,13.772180232691426
BNB,2025-03-17 12:00:00+00:00,2025-03-17 12:00:00+00:00,2025-03-18 12:00:00+00:00,-1,630.93,647.0005458337016,598.7889083325966,630.93,tempo,-0.0,-0.05103802997655087,96,24.0,16.070545833701658
XRP,2020-09-29 00:00:00+00:00,2020-09-29 00:00:00+00:00,2020-09-30 00:00:00+00:00,-1,0.2412,0.24970003806529165,0.2241999238694167,0.2428,tempo,-0.18823445115302456,-0.22524605011098825,96,24.0,0.008500038065291649
XRP,2020-10-05 04:00:00+00:00,2020-10-05 04:00:00+00:00,2020-10-06 02:45:00+00:00,-1,0.2499,0.2557810386840466,0.2381379226319068,0.2557810386840466,stop,-1.0,-1.0558902419799192,91,22.75,0.005881038684046602
XRP,2020-10-21 20:00:00+00:00,2020-10-21 20:00:00+00:00,2020-10-22 01:45:00+00:00,-1,0.2513,0.2569598188815358,0.23998036223692848,0.2569598188815358,stop,-1.0,-1.0583709283261293,23,5.75,0.005659818881535772
XRP,2020-10-29 16:00:00+00:00,2020-10-29 16:00:00+00:00,2020-10-30 05:45:00+00:00,1,0.2448,0.23800001033101192,0.2583999793379761,0.23800001033101192,stop,-1.0,-1.0461500711017784,55,13.75,0.006799989668988066
XRP,2020-10-30 12:00:00+00:00,2020-10-30 12:00:00+00:00,2020-10-31 12:00:00+00:00,1,0.2369,0.2276091333253488,0.2554817333493024,0.2427,tempo,0.6242689948209532,0.5907156126751801,96,24.0,0.009290866674651205
XRP,2020-11-02 04:00:00+00:00,2020-11-02 04:00:00+00:00,2020-11-03 03:45:00+00:00,-1,0.2403,0.24585337486120737,0.2291932502775853,0.2291932502775853,alvo,2.0,1.9450477195746005,95,23.75,0.005553374861207355
XRP,2020-11-06 16:00:00+00:00,2020-11-06 16:00:00+00:00,2020-11-06 20:30:00+00:00,-1,0.2566,0.26345403879588514,0.2428919224082297,0.2428919224082297,alvo,2.0,1.952630885345985,18,4.5,0.006854038795885142
XRP,2020-11-10 12:00:00+00:00,2020-11-10 12:00:00+00:00,2020-11-11 12:00:00+00:00,-1,0.2561,0.26666906207325664,0.2349618758534867,0.2564,tempo,-0.028384732525994483,-0.059903612601731826,96,24.0,0.010569062073256641
XRP,2020-11-22 04:00:00+00:00,2020-11-22 04:00:00+00:00,2020-11-23 04:00:00+00:00,-1,0.4516,0.5104061115043673,0.33398777699126536,0.4614,tempo,-0.1666493456087836,-0.17674098378751146,96,24.0,0.05880611150436732
XRP,2020-12-12 04:00:00+00:00,2020-12-12 04:00:00+00:00,2020-12-13 04:00:00+00:00,1,0.5369,0.4810055384044935,0.6486889231910131,0.4879,tempo,-0.8766521512381693,-0.8885696110541442,96,24.0,0.05589446159550654
XRP,2020-12-17 04:00:00+00:00,2020-12-17 04:00:00+00:00,2020-12-17 14:00:00+00:00,-1,0.5488,0.5929694391360859,0.46046112172782805,0.5929694391360859,stop,-1.0,-1.0168023445611771,40,10.0,0.04416943913608595
XRP,2020-12-17 20:00:00+00:00,2020-12-17 20:00:00+00:00,2020-12-18 20:00:00+00:00,-1,0.6003,0.6708288494841287,0.45924230103174246,0.5674,tempo,0.4664757789279334,0.45571415435087576,96,24.0,0.07052884948412874
XRP,2020-12-22 12:00:00+00:00,2020-12-22 12:00:00+00:00,2020-12-22 21:45:00+00:00,1,0.4855,0.4422311371307328,0.5720377257385343,0.4422311371307328,stop,-1.0,-1.0139367018023322,39,9.75,0.04326886286926718
XRP,2021-01-22 04:00:00+00:00,2021-01-22 04:00:00+00:00,2021-01-23 04:00:00+00:00,1,0.2674,0.23405602562502925,0.3340879487499416,0.2775,tempo,0.30290330379996433,0.2922811447250742,96,24.0,0.033343974374970775
XRP,2021-01-29 00:00:00+00:00,2021-01-29 00:00:00+00:00,2021-01-29 01:15:00+00:00,-1,0.2645,0.27244069132069754,0.24861861735860497,0.27244069132069754,stop,-1.0,-1.0439522750933221,5,1.25,0.007940691320697524
XRP,2021-02-01 12:00:00+00:00,2021-02-01 12:00:00+00:00,2021-02-02 12:00:00+00:00,-1,0.6279,0.7830002887028394,0.31769942259432116,0.3927,tempo,1.5164381831076128,1.5121610150536513,96,24.0,0.15510028870283943
XRP,2021-02-08 16:00:00+00:00,2021-02-08 16:00:00+00:00,2021-02-09 04:30:00+00:00,-1,0.446,0.47788893602651905,0.3822221279469619,0.47788893602651905,stop,-1.0,-1.018831854656983,50,12.5,0.031888936026519044
XRP,2021-02-15 04:00:00+00:00,2021-02-15 04:00:00+00:00,2021-02-16 04:00:00+00:00,1,0.5491,0.48862632391255156,0.670047352174897,0.5762,tempo,0.44812886785337525,0.4360336051320833,96,24.0,0.06047367608744847
XRP,2021-02-17 00:00:00+00:00,2021-02-17 00:00:00+00:00,2021-02-18 00:00:00+00:00,1,0.5202,0.4714712671922293,0.6176574656155414,0.536,tempo,0.3242440155858196,0.310155202673153,96,24.0,0.04872873280777068
XRP,2021-03-11 12:00:00+00:00,2021-03-11 12:00:00+00:00,2021-03-12 12:00:00+00:00,1,0.4513,0.43597690917935555,0.48194618164128883,0.448,tempo,-0.21536125045698748,-0.2535092329261938,96,24.0,0.015323090820644425
XRP,2021-03-12 16:00:00+00:00,2021-03-12 16:00:00+00:00,2021-03-13 16:00:00+00:00,1,0.4474,0.41766180577811307,0.5068763884437739,0.4578,tempo,0.34971861177588554,0.32993328131466476,96,24.0,0.02973819422188695
XRP,2021-03-15 12:00:00+00:00,2021-03-15 12:00:00+00:00,2021-03-16 03:45:00+00:00,1,0.4325,0.41933463652673764,0.4588307269465247,0.4588307269465247,alvo,2.0,1.9559932413797858,63,15.75,0.01316536347326236
XRP,2021-03-22 20:00:00+00:00,2021-03-22 20:00:00+00:00,2021-03-23 20:00:00+00:00,-1,0.5636,0.610203256350661,0.470393487298678,0.5494,tempo,0.3046997380001449,0.2891761446581586,96,24.0,0.04660325635066098
XRP,2021-04-01 04:00:00+00:00,2021-04-01 04:00:00+00:00,2021-04-02 04:00:00+00:00,-1,0.5746,0.6052492098880324,0.5133015802239351,0.5744,tempo,0.006525453697847909,-0.01784222177334333,96,24.0,0.030649209888032436
XRP,2021-04-16 12:00:00+00:00,2021-04-16 12:00:00+00:00,2021-04-17 12:00:00+00:00,1,1.5909,1.3711559217012865,2.030388156597427,1.598,tempo,0.032310313228775984,0.022877590326535503,96,24.0,0.21974407829871345
XRP,2021-05-09 08:00:00+00:00,2021-05-09 08:00:00+00:00,2021-05-10 08:00:00+00:00,1,1.5088,1.3919694068096229,1.742461186380754,1.6086,tempo,0.8542283084823054,0.8368843068414158,96,24.0,0.11683059319037703
XRP,2021-05-13 04:00:00+00:00,2021-05-13 04:00:00+00:00,2021-05-14 04:00:00+00:00,1,1.3374,1.1579826677873735,1.6962346644252528,1.3345,tempo,-0.01616343284250336,-0.025843294752064056,96,24.0,0.17941733221262646
XRP,2021-05-19 16:00:00+00:00,2021-05-19 16:00:00+00:00,2021-05-20 16:00:00+00:00,1,1.2058,0.7661224994951513,2.0851550010096975,1.2175,tempo,0.026610413283749593,0.02302791247761014,96,24.0,0.43967750050484866
XRP,2021-06-10 04:00:00+00:00,2021-06-10 04:00:00+00:00,2021-06-11 04:00:00+00:00,-1,0.8933,0.9386348149924422,0.8026303700151156,0.8689,tempo,0.5382177031949447,0.5129516907453304,96,24.0,0.045334814992442185
XRP,2021-06-21 08:00:00+00:00,2021-06-21 08:00:00+00:00,2021-06-21 11:00:00+00:00,1,0.6962,0.6704804694616991,0.7476390610766018,0.6704804694616991,stop,-1.0,-1.0345396003176344,12,3.0,0.025719530538300894
XRP,2021-06-22 16:00:00+00:00,2021-06-22 16:00:00+00:00,2021-06-23 16:00:00+00:00,1,0.5688,0.4940707679617049,0.7182584640765901,0.6179,tempo,0.6570387338496759,0.6467167356307632,96,24.0,0.07472923203829507
XRP,2021-06-29 16:00:00+00:00,2021-06-29 16:00:00+00:00,2021-06-30 13:15:00+00:00,-1,0.7159,0.7417039865035292,0.6642920269929415,0.6642920269929415,alvo,2.0,1.965233092281198,85,21.25,0.02580398650352922
XRP,2021-07-22 08:00:00+00:00,2021-07-22 08:00:00+00:00,2021-07-22 17:30:00+00:00,-1,0.5792,0.5968448176413216,0.543910364717357,0.5968448176413216,stop,-1.0,-1.0433231528376172,38,9.5,0.01764481764132153
XRP,2021-07-26 08:00:00+00:00,2021-07-26 08:00:00+00:00,2021-07-27 08:00:00+00:00,-1,0.6554,0.6828111470097311,0.6005777059805377,0.627,tempo,1.036074849035606,1.0056653225862355,96,24.0,0.02741114700973113
XRP,2021-07-28 12:00:00+00:00,2021-07-28 12:00:00+00:00,2021-07-29 12:00:00+00:00,-1,0.7316,0.7643314625697702,0.6661370748604596,0.7015,tempo,0.9196044917283793,0.8911451768409255,96,24.0,0.03273146256977022
XRP,2021-07-31 00:00:00+00:00,2021-07-31 00:00:00+00:00,2021-08-01 00:00:00+00:00,-1,0.752,0.7761567526953129,0.7036864946093742,0.7464,tempo,0.23181923790140072,0.1915009048752496,96,24.0,0.024156752695312922
XRP,2021-08-06 04:00:00+00:00,2021-08-06 04:00:00+00:00,2021-08-06 16:15:00+00:00,-1,0.7293,0.7460953643378622,0.6957092713242755,0.7460953643378622,stop,-1.0,-1.0570995048114376,49,12.25,0.016795364337862217
XRP,2021-08-10 16:00:00+00:00,2021-08-10 16:00:00+00:00,2021-08-11 00:30:00+00:00,-1,0.8249,0.8655831451760156,0.7435337096479686,0.8655831451760156,stop,-1.0,-1.0270090731581933,34,8.5,0.04068314517601568
XRP,2021-08-18 04:00:00+00:00,2021-08-18 04:00:00+00:00,2021-08-19 04:00:00+00:00,1,1.111,1.033327605623935,1.2663447887521297,1.1186,tempo,0.09784686130832124,0.07918849482378565,96,24.0,0.07767239437606488
XRP,2021-08-27 04:00:00+00:00,2021-08-27 04:00:00+00:00,2021-08-27 14:45:00+00:00,1,1.0764,1.0382959330444226,1.152608133911155,1.152608133911155,alvo,2.0,1.9619763609818512,43,10.75,0.03810406695557744
XRP,2021-08-31 04:00:00+00:00,2021-08-31 04:00:00+00:00,2021-08-31 16:15:00+00:00,1,1.1264,1.0839308077949938,1.2113383844100125,1.2113383844100125,alvo,2.0,1.96422041788477,49,12.25,0.04246919220500622
XRP,2021-09-02 08:00:00+00:00,2021-09-02 08:00:00+00:00,2021-09-02 10:45:00+00:00,-1,1.2515,1.2815848902478004,1.1913302195043993,1.2815848902478004,stop,-1.0,-1.054728641690207,11,2.75,0.030084890247800367
XRP,2021-09-07 12:00:00+00:00,2021-09-07 12:00:00+00:00,2021-09-07 14:30:00+00:00,1,1.2851,1.2312758923639995,1.3927482152720008,1.2312758923639995,stop,-1.0,-1.0303886938748352,10,2.5,0.05382410763600043
XRP,2021-09-10 04:00:00+00:00,2021-09-10 04:00:00+00:00,2021-09-11 04:00:00+00:00,-1,1.1369,1.2632018892108152,0.8842962215783696,1.0624,tempo,0.5898565766949795,0.5785380999173765,96,24.0,0.1263018892108152
XRP,2021-09-20 16:00:00+00:00,2021-09-20 16:00:00+00:00,2021-09-21 16:00:00+00:00,1,0.9341,0.8573855980363162,1.0875288039273676,0.9363,tempo,0.02867779639397368,0.012829924692183789,96,24.0,0.07671440196368384
XRP,2021-09-22 00:00:00+00:00,2021-09-22 00:00:00+00:00,2021-09-22 03:45:00+00:00,1,0.8741,0.8459501653344742,0.9303996693310516,0.9303996693310516,alvo,2.0,1.9583328002099556,15,3.75,0.028149834665525786
XRP,2021-09-24 12:00:00+00:00,2021-09-24 12:00:00+00:00,2021-09-25 12:00:00+00:00,1,0.9188,0.8752300091099809,1.0059399817800379,0.939,tempo,0.46362185502837466,0.4359062192127007,96,24.0,0.043569990890019006
XRP,2021-09-29 04:00:00+00:00,2021-09-29 04:00:00+00:00,2021-09-29 13:15:00+00:00,1,0.9151,0.8792610847612032,0.9867778304775936,0.9867778304775936,alvo,2.0,1.9655061939912684,37,9.25,0.03583891523879679
XRP,2021-09-29 16:00:00+00:00,2021-09-29 16:00:00+00:00,2021-09-30 16:00:00+00:00,-1,0.9375,1.0008405675793397,0.8108188648413206,0.9448,tempo,-0.1152499934714995,-0.13456612919237795,96,24.0,0.0633405675793397
XRP,2021-10-03 00:00:00+00:00,2021-10-03 00:00:00+00:00,2021-10-03 13:30:00+00:00,-1,1.0362,1.0803564136669845,0.947887172666031,1.0803564136669845,stop,-1.0,-1.031156553592852,54,13.5,0.04415641366698453
XRP,2021-10-14 16:00:00+00:00,2021-10-14 16:00:00+00:00,2021-10-15 06:30:00+00:00,-1,1.1373,1.166877920519813,1.078144158960374,1.166877920519813,stop,-1.0,-1.0506362726661134,58,14.5,0.029577920519813006
XRP,2021-10-20 04:00:00+00:00,2021-10-20 04:00:00+00:00,2021-10-20 09:00:00+00:00,-1,1.1004,1.11609246179294,1.0690150764141202,1.11609246179294,stop,-1.0,-1.0918096930344985,20,5.0,0.015692461792939927
XRP,2021-10-22 16:00:00+00:00,2021-10-22 16:00:00+00:00,2021-10-23 16:00:00+00:00,1,1.0955,1.065442113509124,1.1556157729817516,1.0976,tempo,0.0698651916407181,0.022439535135137766,96,24.0,0.030057886490875818
XRP,2021-11-04 04:00:00+00:00,2021-11-04 04:00:00+00:00,2021-11-05 04:00:00+00:00,-1,1.226,1.2732012280009608,1.1315975439980783,1.1968,tempo,0.6186279729714976,0.5852640104922175,96,24.0,0.047201228000960826
XRP,2021-11-08 08:00:00+00:00,2021-11-08 08:00:00+00:00,2021-11-09 08:00:00+00:00,-1,1.278,1.3072091593453514,1.2195816813092972,1.2506,tempo,0.9380619166761732,0.8817922383685168,96,24.0,0.0292091593453514
XRP,2021-11-10 20:00:00+00:00,2021-11-10 20:00:00+00:00,2021-11-10 21:30:00+00:00,-1,1.2805,1.365147214978981,1.111205570042038,1.111205570042038,alvo,2.0,1.981634261435378,6,1.5,0.08464721497898098
XRP,2021-11-18 20:00:00+00:00,2021-11-18 20:00:00+00:00,2021-11-19 20:00:00+00:00,1,1.0556,1.0044474699775285,1.1579050600449432,1.0936,tempo,0.7428762562341731,0.7155661701174884,96,24.0,0.051152530022471554
XRP,2021-11-28 04:00:00+00:00,2021-11-28 04:00:00+00:00,2021-11-29 04:00:00+00:00,1,0.9099,0.8705444666829517,0.9886110666340967,0.9762,tempo,1.684642397446043,1.6534913775850333,96,24.0,0.03935553331704833
XRP,2021-11-30 16:00:00+00:00,2021-11-30 16:00:00+00:00,2021-12-01 16:00:00+00:00,-1,1.0064,1.037505520621437,0.9441889587571259,1.0119,tempo,-0.17681748738227587,-0.21899311967488827,96,24.0,0.03110552062143701
XRP,2021-12-17 16:00:00+00:00,2021-12-17 16:00:00+00:00,2021-12-18 16:00:00+00:00,1,0.7953,0.7694384255820408,0.8470231488359184,0.8239,tempo,1.1058878140125559,1.0651911424568938,96,24.0,0.02586157441795922
XRP,2021-12-19 16:00:00+00:00,2021-12-19 16:00:00+00:00,2021-12-19 23:15:00+00:00,-1,0.8301,0.8486992362253991,0.7929015275492016,0.8486992362253991,stop,-1.0,-1.05867012442459,29,7.25,0.018599236225399163
XRP,2021-12-20 00:00:00+00:00,2021-12-20 00:00:00+00:00,2021-12-20 02:00:00+00:00,-1,0.8347,0.8533445412120227,0.7974109175759545,0.8533445412120227,stop,-1.0,-1.058849876717818,8,2.0,0.018644541212022747
XRP,2021-12-24 16:00:00+00:00,2021-12-24 16:00:00+00:00,2021-12-24 19:45:00+00:00,1,0.9429,0.9120454540652765,1.004609091869447,0.9120454540652765,stop,-1.0,-1.0390773712143833,15,3.75,0.030854545934723476
XRP,2021-12-30 04:00:00+00:00,2021-12-30 04:00:00+00:00,2021-12-31 04:00:00+00:00,1,0.8191,0.7953266088891144,0.8666467822217713,0.8369,tempo,0.748736262192291,0.7034587502471344,96,24.0,0.02377339111088561
XRP,2022-01-04 20:00:00+00:00,2022-01-04 20:00:00+00:00,2022-01-05 20:00:00+00:00,1,0.8251,0.8103145535994286,0.8546708928011426,0.8103145535994286,stop,-1.0,-1.0718963385372355,96,24.0,0.014785446400571334
XRP,2022-01-10 16:00:00+00:00,2022-01-10 16:00:00+00:00,2022-01-11 16:00:00+00:00,1,0.7237,0.6874101531719794,0.7962796936560412,0.7407,tempo,0.46845058565730135,0.44222121068884496,96,24.0,0.03628984682802061
XRP,2022-01-19 12:00:00+00:00,2022-01-19 12:00:00+00:00,2022-01-20 12:00:00+00:00,1,0.7376,0.7192657807944457,0.7742684384111087,0.7422,tempo,0.2508969674916056,0.19843386616091996,96,24.0,0.018334219205554336
XRP,2022-01-24 16:00:00+00:00,2022-01-24 16:00:00+00:00,2022-01-25 16:00:00+00:00,1,0.5822,0.5443645632903125,0.6578708734193752,0.6012,tempo,0.5021747243407672,0.48184431277707435,96,24.0,0.03783543670968759
XRP,2022-02-04 16:00:00+00:00,2022-02-04 16:00:00+00:00,2022-02-04 16:30:00+00:00,-1,0.6241,0.6343832898077217,0.6035334203845565,0.6343832898077217,stop,-1.0,-1.0795479028278256,2,0.5,0.010283289807721752
XRP,2022-02-26 04:00:00+00:00,2022-02-26 04:00:00+00:00,2022-02-27 04:00:00+00:00,-1,0.7754,0.8213411180913754,0.683517763817249,0.7331,tempo,0.9207438076684727,0.8994007267697935,96,24.0,0.045941118091375466
XRP,2022-03-01 16:00:00+00:00,2022-03-01 16:00:00+00:00,2022-03-02 16:00:00+00:00,-1,0.7793,0.8104814585316084,0.7169370829367833,0.7653,tempo,0.4489847704143903,0.4167864690109372,96,24.0,0.031181458531608364
XRP,2022-03-09 20:00:00+00:00,2022-03-09 20:00:00+00:00,2022-03-10 13:45:00+00:00,-1,0.7625,0.7798509687143703,0.7277980625712592,0.7277980625712592,alvo,2.0,1.944170624901823,71,17.75,0.017350968714370363
XRP,2022-03-14 04:00:00+00:00,2022-03-14 04:00:00+00:00,2022-03-15 04:00:00+00:00,1,0.761,0.7393753824627524,0.8042492350744953,0.7621,tempo,0.0508679516807767,0.005086101514190693,96,24.0,0.021624617537247648
XRP,2022-03-16 04:00:00+00:00,2022-03-16 04:00:00+00:00,2022-03-17 00:00:00+00:00,-1,0.7608,0.7936570235711067,0.6950859528577867,0.7936570235711067,stop,-1.0,-1.0307513266725026,80,20.0,0.03285702357110665
XRP,2022-03-22 04:00:00+00:00,2022-03-22 04:00:00+00:00,2022-03-23 04:00:00+00:00,-1,0.8519,0.8667505434813467,0.8221989130373065,0.8277,tempo,1.6295699905122532,1.5560548359072182,96,24.0,0.014850543481346734
XRP,2022-03-24 20:00:00+00:00,2022-03-24 20:00:00+00:00,2022-03-25 08:15:00+00:00,-1,0.8459,0.8540043163989581,0.8296913672020837,0.8296913672020837,alvo,2.0,1.8656105789722908,49,12.25,0.008104316398958145
XRP,2022-03-28 20:00:00+00:00,2022-03-28 20:00:00+00:00,2022-03-29 00:00:00+00:00,-1,0.8982,0.9181519663422492,0.8582960673155017,0.8582960673155017,alvo,2.0,1.942776444979389,16,4.0,0.01995196634224916
XRP,2022-04-06 16:00:00+00:00,2022-04-06 16:00:00+00:00,2022-04-06 16:45:00+00:00,1,0.7794,0.7599954872880299,0.8182090254239401,0.7599954872880299,stop,-1.0,-1.051565688950281,3,0.75,0.01940451271197008
XRP,2022-04-24 16:00:00+00:00,2022-04-24 16:00:00+00:00,2022-04-24 17:30:00+00:00,1,0.7054,0.6937102261189955,0.7287795477620091,0.6937102261189955,stop,-1.0,-1.0777963420195085,6,1.5,0.011689773881004561
XRP,2022-05-05 20:00:00+00:00,2022-05-05 20:00:00+00:00,2022-05-06 20:00:00+00:00,1,0.5935,0.5732911309616948,0.6339177380766104,0.5962,tempo,0.13360470568056868,0.09533908089304459,96,24.0,0.02020886903830521
XRP,2022-05-12 08:00:00+00:00,2022-05-12 08:00:00+00:00,2022-05-13 08:00:00+00:00,1,0.3783,0.3222308568942373,0.49043828621152546,0.432,tempo,0.9577460439997476,0.94835237449054,96,24.0,0.05606914310576272
XRP,2022-05-23 20:00:00+00:00,2022-05-23 20:00:00+00:00,2022-05-24 20:00:00+00:00,-1,0.4081,0.4308630539119264,0.3625738921761472,0.4046,tempo,0.15375792780450362,0.1305512437609699,96,24.0,0.0227630539119264
XRP,2022-05-31 04:00:00+00:00,2022-05-31 04:00:00+00:00,2022-05-31 05:30:00+00:00,-1,0.4185,0.42649050123641014,0.4025189975271797,0.42649050123641014,stop,-1.0,-1.068737092899872,6,1.5,0.007990501236410152
XRP,2022-06-13 16:00:00+00:00,2022-06-13 16:00:00+00:00,2022-06-14 02:00:00+00:00,1,0.3137,0.29575150818835355,0.34959698362329283,0.29575150818835355,stop,-1.0,-1.022071129122135,40,10.0,0.017948491811646428
XRP,2022-06-19 00:00:00+00:00,2022-06-19 00:00:00+00:00,2022-06-20 00:00:00+00:00,1,0.3072,0.28343825640991727,0.3547234871801654,0.3262,tempo,0.7996046219407035,0.7822780314723242,96,24.0,0.023761743590082707
XRP,2022-07-11 08:00:00+00:00,2022-07-11 08:00:00+00:00,2022-07-11 22:30:00+00:00,1,0.3265,0.3145949556881442,0.3503100886237116,0.3145949556881442,stop,-1.0,-1.0350029542336356,58,14.5,0.011905044311855795
XRP,2022-07-20 08:00:00+00:00,2022-07-20 08:00:00+00:00,2022-07-21 08:00:00+00:00,-1,0.373,0.3842015887187072,0.3505968225625856,0.3554,tempo,1.571205696081946,1.5289384773963235,96,24.0,0.01120158871870719
XRP,2022-07-29 08:00:00+00:00,2022-07-29 08:00:00+00:00,2022-07-30 08:00:00+00:00,-1,0.3715,0.38251884181699436,0.34946231636601127,0.3695,tempo,0.18150727936899877,0.13779578881495969,96,24.0,0.011018841816994362
XRP,2022-08-22 12:00:00+00:00,2022-08-22 12:00:00+00:00,2022-08-23 12:00:00+00:00,1,0.3354,0.32922214979250897,0.347755700414982,0.3408,tempo,0.8740904713831028,0.8029443630706928,96,24.0,0.006177850207491009
XRP,2022-08-26 20:00:00+00:00,2022-08-26 20:00:00+00:00,2022-08-27 05:15:00+00:00,1,0.3398,0.3293787950774993,0.3606424098450014,0.3293787950774993,stop,-1.0,-1.0417385724621178,37,9.25,0.010421204922500704
XRP,2022-09-07 04:00:00+00:00,2022-09-07 04:00:00+00:00,2022-09-07 20:00:00+00:00,1,0.3181,0.31006605852591895,0.3341678829481621,0.3341678829481621,alvo,2.0,1.9472271331221265,64,16.0,0.008033941474081041
XRP,2022-09-10 08:00:00+00:00,2022-09-10 08:00:00+00:00,2022-09-11 08:00:00+00:00,-1,0.3529,0.3641881044358402,0.33032379112831955,0.3558,tempo,-0.2569076160203115,-0.2977165049368067,96,24.0,0.011288104435840218
XRP,2022-09-17 20:00:00+00:00,2022-09-17 20:00:00+00:00,2022-09-18 07:30:00+00:00,-1,0.3724,0.3841748350282686,0.3488503299434628,0.3841748350282686,stop,-1.0,-1.0417648010853438,46,11.5,0.011774835028268593
XRP,2022-09-19 00:00:00+00:00,2022-09-19 00:00:00+00:00,2022-09-20 00:00:00+00:00,-1,0.3576,0.40248422862959315,0.2678315427408136,0.3844,tempo,-0.5970916916310822,-0.6078371141263684,96,24.0,0.04488422862959318
XRP,2022-09-20 20:00:00+00:00,2022-09-20 20:00:00+00:00,2022-09-21 19:00:00+00:00,-1,0.4101,0.42929725131539564,0.37170549736920877,0.42929725131539564,stop,-1.0,-1.0284211632379603,92,23.0,0.019197251315395625
XRP,2022-09-21 20:00:00+00:00,2022-09-21 20:00:00+00:00,2022-09-22 12:30:00+00:00,-1,0.407,0.4405766485081743,0.3398467029836513,0.4405766485081743,stop,-1.0,-1.0164079753640745,66,16.5,0.03357664850817432
XRP,2022-09-22 16:00:00+00:00,2022-09-22 16:00:00+00:00,2022-09-22 18:30:00+00:00,-1,0.4336,0.4555828333279945,0.389634333344011,0.4555828333279945,stop,-1.0,-1.026291826583026,10,2.5,0.0219828333279945
XRP,2022-09-23 08:00:00+00:00,2022-09-23 08:00:00+00:00,2022-09-24 08:00:00+00:00,-1,0.5177,0.5676869471114729,0.41772610577705427,0.4919,tempo,0.5161347409847817,0.503006513759051,96,24.0,0.04998694711147289
XRP,2022-10-05 08:00:00+00:00,2022-10-05 08:00:00+00:00,2022-10-05 18:30:00+00:00,-1,0.4826,0.4991154631569301,0.4495690736861397,0.4991154631569301,stop,-1.0,-1.0386374299641874,42,10.5,0.016515463156930144
XRP,2022-10-14 16:00:00+00:00,2022-10-14 16:00:00+00:00,2022-10-15 16:00:00+00:00,-1,0.4908,0.5164357136593608,0.43952857268127843,0.487,tempo,0.14823070855343512,0.12343834238624929,96,24.0,0.025635713659360793
XRP,2022-10-18 20:00:00+00:00,2022-10-18 20:00:00+00:00,2022-10-19 06:45:00+00:00,1,0.4647,0.4535077577751133,0.48708448444977337,0.4535077577751133,stop,-1.0,-1.0533257796392863,43,10.75,0.011192242224886684
XRP,2022-10-24 16:00:00+00:00,2022-10-24 16:00:00+00:00,2022-10-25 16:00:00+00:00,1,0.4554,0.4426580613376434,0.48088387732471327,0.4563,tempo,0.0706328937729717,0.02412466486815624,96,24.0,0.012741938662356622
XRP,2022-10-29 12:00:00+00:00,2022-10-29 12:00:00+00:00,2022-10-30 12:00:00+00:00,-1,0.4708,0.4859300494244114,0.44053990115117714,0.4648,tempo,0.39656182420127223,0.3563676395729787,96,24.0,0.01513004942441143
XRP,2022-11-03 00:00:00+00:00,2022-11-03 00:00:00+00:00,2022-11-04 00:00:00+00:00,1,0.4495,0.44194884069781887,0.4646023186043623,0.4546,tempo,0.6753929821778313,0.5975685082814517,96,24.0,0.007551159302181143
XRP,2022-11-10 00:00:00+00:00,2022-11-10 00:00:00+00:00,2022-11-10 13:45:00+00:00,1,0.332,0.3034986662508338,0.3890026674983324,0.3890026674983324,alvo,2.0,1.9835568490233328,55,13.75,0.02850133374916619
XRP,2022-11-15 20:00:00+00:00,2022-11-15 20:00:00+00:00,2022-11-16 20:00:00+00:00,-1,0.3845,0.40216516931803775,0.3491696613639245,0.373,tempo,0.6509985719897666,0.6231259266085961,96,24.0,0.017665169318037743
XRP,2022-11-25 00:00:00+00:00,2022-11-25 00:00:00+00:00,2022-11-25 02:15:00+00:00,-1,0.4017,0.4074647620041625,0.39017047599167504,0.39017047599167504,alvo,2.0,1.9107134329183173,9,2.25,0.0057647620041624825
XRP,2022-12-19 20:00:00+00:00,2022-12-19 20:00:00+00:00,2022-12-20 20:00:00+00:00,1,0.3371,0.329231879776993,0.3528362404460141,0.349,tempo,1.5124324060534027,1.4557524129470492,96,24.0,0.007868120223007036
XRP,2022-12-27 12:00:00+00:00,2022-12-27 12:00:00+00:00,2022-12-28 05:45:00+00:00,-1,0.3684,0.37456859178141,0.35606281643718,0.35606281643718,alvo,2.0,1.9236615345331654,71,17.75,0.006168591781409993
XRP,2022-12-30 04:00:00+00:00,2022-12-30 04:00:00+00:00,2022-12-31 04:00:00+00:00,1,0.3381,0.33188872983114776,0.3505225403377045,0.3401,tempo,0.32199533197403485,0.251022730876978,96,24.0,0.0062112701688522565
XRP,2023-01-18 20:00:00+00:00,2023-01-18 20:00:00+00:00,2023-01-19 20:00:00+00:00,1,0.3897,0.36006308781172375,0.4489738243765525,0.3935,tempo,0.12821848564585714,0.11104125757412227,96,24.0,0.029636912188276243
XRP,2023-01-21 04:00:00+00:00,2023-01-21 04:00:00+00:00,2023-01-21 10:15:00+00:00,-1,0.4102,0.4164832825586585,0.397633434882683,0.4164832825586585,stop,-1.0,-1.0855196513361722,25,6.25,0.0062832825586585095
XRP,2023-01-25 04:00:00+00:00,2023-01-25 04:00:00+00:00,2023-01-26 04:00:00+00:00,1,0.4042,0.39357380484585236,0.4254523903082953,0.4116,tempo,0.696392254485523,0.6464901030279504,96,24.0,0.010626195154147644
XRP,2023-02-02 20:00:00+00:00,2023-02-02 20:00:00+00:00,2023-02-03 20:00:00+00:00,-1,0.4132,0.42148606474761685,0.39662787050476633,0.4089,tempo,0.518943567419836,0.4544539675583712,96,24.0,0.00828606474761684
XRP,2023-02-04 20:00:00+00:00,2023-02-04 20:00:00+00:00,2023-02-05 13:00:00+00:00,-1,0.4165,0.42201950826539825,0.40546098346920345,0.40546098346920345,alvo,2.0,1.9032024931270881,68,17.0,0.005519508265398265
XRP,2023-02-09 16:00:00+00:00,2023-02-09 16:00:00+00:00,2023-02-09 19:45:00+00:00,-1,0.4018,0.4120925099703855,0.381214980059229,0.381214980059229,alvo,2.0,1.9505504742280628,15,3.75,0.0102925099703855
XRP,2023-02-10 00:00:00+00:00,2023-02-10 00:00:00+00:00,2023-02-11 00:00:00+00:00,1,0.3816,0.36824776574099205,0.4083044685180159,0.3815,tempo,-0.007489383279245946,-0.04463784775180182,96,24.0,0.013352234259007945
XRP,2023-02-13 04:00:00+00:00,2023-02-13 04:00:00+00:00,2023-02-13 09:30:00+00:00,1,0.3716,0.3640557232815095,0.386688553436981,0.3640557232815095,stop,-1.0,-1.0633826459415259,22,5.5,0.007544276718490506
XRP,2023-02-20 04:00:00+00:00,2023-02-20 04:00:00+00:00,2023-02-21 04:00:00+00:00,1,0.3878,0.37429470795103476,0.4148105840979304,0.3945,tempo,0.496101822582459,0.4584502858251357,96,24.0,0.013505292048965223
XRP,2023-03-13 16:00:00+00:00,2023-03-13 16:00:00+00:00,2023-03-14 13:15:00+00:00,-1,0.3732,0.38256181171461456,0.3544763765707708,0.38256181171461456,stop,-1.0,-1.0524733024535864,85,21.25,0.009361811714614587
XRP,2023-03-17 16:00:00+00:00,2023-03-17 16:00:00+00:00,2023-03-18 01:30:00+00:00,-1,0.3698,0.3845784520735092,0.3402430958529816,0.3845784520735092,stop,-1.0,-1.0331797938924023,38,9.5,0.014778452073509196
XRP,2023-03-19 16:00:00+00:00,2023-03-19 16:00:00+00:00,2023-03-20 16:00:00+00:00,-1,0.392,0.40327906395207586,0.36944187209584833,0.379,tempo,1.1525779138442993,1.1081460352656016,96,24.0,0.01127906395207584
XRP,2023-03-25 20:00:00+00:00,2023-03-25 20:00:00+00:00,2023-03-26 20:00:00+00:00,-1,0.4495,0.46898753777432745,0.41052492445134514,0.4476,tempo,0.09749820741864279,0.06757575098763147,96,24.0,0.019487537774327435
XRP,2023-03-27 16:00:00+00:00,2023-03-27 16:00:00+00:00,2023-03-28 05:30:00+00:00,-1,0.4576,0.49308044352378394,0.38663911295243214,0.49308044352378394,stop,-1.0,-1.0174164194953264,54,13.5,0.03548044352378393
XRP,2023-04-18 16:00:00+00:00,2023-04-18 16:00:00+00:00,2023-04-18 23:00:00+00:00,-1,0.5204,0.5285979706486781,0.5040040587026438,0.5285979706486781,stop,-1.0,-1.0831728619364582,28,7.0,0.00819797064867811
XRP,2023-04-24 20:00:00+00:00,2023-04-24 20:00:00+00:00,2023-04-25 20:00:00+00:00,1,0.46,0.44267070062991953,0.494658598740161,0.4632,tempo,0.18465835990604842,0.1500303009646665,96,24.0,0.017329299370080486
XRP,2023-04-27 00:00:00+00:00,2023-04-27 00:00:00+00:00,2023-04-28 00:00:00+00:00,1,0.4612,0.42707429860643475,0.5294514027871304,0.4662,tempo,0.1465171350571217,0.128852736220365,96,24.0,0.034125701393565244
XRP,2023-04-29 04:00:00+00:00,2023-04-29 04:00:00+00:00,2023-04-30 04:00:00+00:00,-1,0.4805,0.4890006146585623,0.4634987706828753,0.4742,tempo,0.7411228779385066,0.6681216862688031,96,24.0,0.008500614658562333
XRP,2023-05-01 20:00:00+00:00,2023-05-01 20:00:00+00:00,2023-05-02 20:00:00+00:00,1,0.4594,0.4519112566286251,0.47437748674274977,0.463,tempo,0.4807215071303887,0.4006600107928631,96,24.0,0.007488743371374895
XRP,2023-05-12 08:00:00+00:00,2023-05-12 08:00:00+00:00,2023-05-13 08:00:00+00:00,-1,0.4238,0.4471415178923256,0.37711696421534885,0.4266,tempo,-0.11995792274163013,-0.14363933037543877,96,24.0,0.02334151789232558
XRP,2023-05-16 04:00:00+00:00,2023-05-16 04:00:00+00:00,2023-05-16 12:45:00+00:00,1,0.424,0.4181287973284339,0.4357424053431322,0.4181287973284339,stop,-1.0,-1.093231957553506,35,8.75,0.0058712026715661
XRP,2023-05-16 16:00:00+00:00,2023-05-16 16:00:00+00:00,2023-05-16 22:00:00+00:00,1,0.422,0.41539647392132106,0.43520705215735783,0.43520705215735783,alvo,2.0,1.9156231720351211,24,6.0,0.006603526078678923
XRP,2023-06-03 08:00:00+00:00,2023-06-03 08:00:00+00:00,2023-06-04 08:00:00+00:00,-1,0.5242,0.5363737134094854,0.49985257318102927,0.525,tempo,-0.0657153633481045,-0.12173606771827827,96,24.0,0.012173713409485365
XRP,2023-06-05 00:00:00+00:00,2023-06-05 00:00:00+00:00,2023-06-05 16:00:00+00:00,-1,0.5353,0.5493136088742318,0.5072727822515365,0.5072727822515365,alvo,2.0,1.9516418422588058,64,16.0,0.014013608874231753
XRP,2023-06-05 20:00:00+00:00,2023-06-05 20:00:00+00:00,2023-06-06 20:00:00+00:00,1,0.5041,0.47695031236429813,0.5583993752714037,0.528,tempo,0.8803047873218075,0.8555949266043748,96,24.0,0.027149687635701858
XRP,2023-06-09 16:00:00+00:00,2023-06-09 16:00:00+00:00,2023-06-10 04:30:00+00:00,-1,0.5309,0.5444880389484398,0.5037239221031206,0.5037239221031206,alvo,2.0,1.9505075344632972,50,12.5,0.01358803894843974
XRP,2023-06-14 20:00:00+00:00,2023-06-14 20:00:00+00:00,2023-06-14 20:15:00+00:00,1,0.5009,0.48844908865244474,0.5258018226951106,0.48844908865244474,stop,-1.0,-1.051648982927692,1,0.25,0.012450911347555271
XRP,2023-06-16 16:00:00+00:00,2023-06-16 16:00:00+00:00,2023-06-17 16:00:00+00:00,1,0.4655,0.45046614389755435,0.4955677122048914,0.4782,tempo,0.844759981302068,0.8039584067878479,96,24.0,0.015033856102445675
XRP,2023-06-19 00:00:00+00:00,2023-06-19 00:00:00+00:00,2023-06-20 00:00:00+00:00,-1,0.4866,0.4996911161864774,0.46041776762704517,0.4934,tempo,-0.5194362270670361,-0.568095179514345,96,24.0,0.013091116186477403
XRP,2023-06-21 04:00:00+00:00,2023-06-21 04:00:00+00:00,2023-06-22 01:15:00+00:00,-1,0.4973,0.5034679557651746,0.48496408846965094,0.5034679557651746,stop,-1.0,-1.1054643055192137,85,21.25,0.006167955765174538
XRP,2023-07-08 20:00:00+00:00,2023-07-08 20:00:00+00:00,2023-07-09 20:00:00+00:00,-1,0.4701,0.4758991184826036,0.4585017630347929,0.4696,tempo,0.08622000076389567,-0.019107214369286807,96,24.0,0.00579911848260356
XRP,2023-07-16 20:00:00+00:00,2023-07-16 20:00:00+00:00,2023-07-17 20:00:00+00:00,-1,0.7417,0.799198101736985,0.62670379652603,0.7338,tempo,0.13739584023377302,0.12071572435121536,96,24.0,0.057498101736985
XRP,2023-07-31 00:00:00+00:00,2023-07-31 00:00:00+00:00,2023-08-01 00:00:00+00:00,1,0.7044,0.676696875193867,0.7598062496122661,0.6973,tempo,-0.25628877787924387,-0.28917694505807046,96,24.0,0.027703124806133017
XRP,2023-08-09 00:00:00+00:00,2023-08-09 00:00:00+00:00,2023-08-09 13:15:00+00:00,-1,0.6416,0.6516975071644592,0.6214049856710815,0.6516975071644592,stop,-1.0,-1.0832525658031478,53,13.25,0.01009750716445923
XRP,2023-08-17 00:00:00+00:00,2023-08-17 00:00:00+00:00,2023-08-17 21:00:00+00:00,1,0.5887,0.5661581078698675,0.6337837842602649,0.5661581078698675,stop,-1.0,-1.0333005661539825,84,21.0,0.022541892130132468
XRP,2023-09-15 08:00:00+00:00,2023-09-15 08:00:00+00:00,2023-09-16 08:00:00+00:00,-1,0.4936,0.5105715727065007,0.4596568545869986,0.4989,tempo,-0.3122869100970206,-0.35029900309255635,96,24.0,0.01697157270650068
XRP,2023-09-18 04:00:00+00:00,2023-09-18 04:00:00+00:00,2023-09-19 04:00:00+00:00,1,0.4973,0.4847116808735294,0.5224766382529413,0.5085,tempo,0.8897137010491459,0.8377790469121009,96,24.0,0.012588319126470626
XRP,2023-09-25 04:00:00+00:00,2023-09-25 04:00:00+00:00,2023-09-25 07:15:00+00:00,1,0.5017,0.49367627029701977,0.5177474594059606,0.49367627029701977,stop,-1.0,-1.0806351409685135,13,3.25,0.008023729702980265
XRP,2023-09-25 08:00:00+00:00,2023-09-25 08:00:00+00:00,2023-09-26 08:00:00+00:00,1,0.496,0.48906274614621986,0.5098745077075603,0.5014,tempo,0.7784059966405124,0.6849525907734727,96,24.0,0.006937253853780134
XRP,2023-10-02 20:00:00+00:00,2023-10-02 20:00:00+00:00,2023-10-03 20:00:00+00:00,1,0.5161,0.4928795749145819,0.5625408501708362,0.5141,tempo,-0.08613106748230702,-0.11496904084139561,96,24.0,0.023220425085418106
XRP,2023-10-11 20:00:00+00:00,2023-10-11 20:00:00+00:00,2023-10-12 08:30:00+00:00,1,0.4849,0.47621463663725266,0.5022707267254947,0.47621463663725266,stop,-1.0,-1.0719284257574921,50,12.5,0.008685363362747334
XRP,2023-10-16 16:00:00+00:00,2023-10-16 16:00:00+00:00,2023-10-17 16:00:00+00:00,-1,0.492,0.5130450848947146,0.44990983021057085,0.4899,tempo,0.09978576995559668,0.06945873619959167,96,24.0,0.021045084894714572
XRP,2023-10-17 16:00:00+00:00,2023-10-17 16:00:00+00:00,2023-10-18 16:00:00+00:00,1,0.4899,0.48078670936367135,0.5081265812726573,0.4871,tempo,-0.30724357553552384,-0.37692751576546407,96,24.0,0.009113290636328653
XRP,2023-10-19 08:00:00+00:00,2023-10-19 08:00:00+00:00,2023-10-19 20:45:00+00:00,1,0.4796,0.47363031127405736,0.49153937745188536,0.49153937745188536,alvo,2.0,1.8942590435912474,51,12.75,0.005969688725942668
XRP,2023-10-21 16:00:00+00:00,2023-10-21 16:00:00+00:00,2023-10-22 16:00:00+00:00,-1,0.5233,0.5373028136044645,0.4952943727910709,0.5182,tempo,0.3642125178595503,0.3158668768246543,96,24.0,0.014002813604464537
XRP,2023-10-23 12:00:00+00:00,2023-10-23 12:00:00+00:00,2023-10-23 20:45:00+00:00,-1,0.5312,0.5382491550685445,0.5171016898629109,0.5382491550685445,stop,-1.0,-1.0986135138233075,35,8.75,0.0070491550685445326
XRP,2023-10-24 04:00:00+00:00,2023-10-24 04:00:00+00:00,2023-10-24 12:30:00+00:00,-1,0.5446,0.5610721754039714,0.5116556491920572,0.5610721754039714,stop,-1.0,-1.0436303582488144,34,8.5,0.01647217540397139
XRP,2023-10-27 20:00:00+00:00,2023-10-27 20:00:00+00:00,2023-10-28 20:00:00+00:00,1,0.5452,0.5209853906861761,0.5936292186276478,0.5447,tempo,-0.020648691602660314,-0.049905203273718356,96,24.0,0.02421460931382391
XRP,2023-11-09 20:00:00+00:00,2023-11-09 20:00:00+00:00,2023-11-10 20:00:00+00:00,1,0.6583,0.5925597638536498,0.7897804722927003,0.6595,tempo,0.01825366123310772,0.005224045731071592,96,24.0,0.06574023614635016
XRP,2023-11-13 16:00:00+00:00,2023-11-13 16:00:00+00:00,2023-11-13 21:00:00+00:00,1,0.6508,0.6362217322778091,0.679956535444382,0.679956535444382,alvo,2.0,1.9406656699875142,20,5.0,0.014578267722190952
XRP,2023-11-21 20:00:00+00:00,2023-11-21 20:00:00+00:00,2023-11-21 23:00:00+00:00,1,0.5952,0.5759941797132883,0.6336116405734233,0.5759941797132883,stop,-1.0,-1.0396377871629028,12,3.0,0.019205820286711695
XRP,2024-01-11 16:00:00+00:00,2024-01-11 16:00:00+00:00,2024-01-12 16:00:00+00:00,-1,0.6013,0.6301769605344456,0.5435460789311086,0.5873,tempo,0.4848155671820138,0.45806102010707417,96,24.0,0.02887696053444566
XRP,2024-01-15 00:00:00+00:00,2024-01-15 00:00:00+00:00,2024-01-16 00:00:00+00:00,-1,0.5765,0.596554724448953,0.5363905511020941,0.5757,tempo,0.03989084976142818,0.002546532121646239,96,24.0,0.020054724448952954
XRP,2024-01-17 20:00:00+00:00,2024-01-17 20:00:00+00:00,2024-01-18 12:30:00+00:00,1,0.5711,0.5590044428356613,0.5952911143286775,0.5590044428356613,stop,-1.0,-1.060730388676009,66,16.5,0.012095557164338744
XRP,2024-01-18 16:00:00+00:00,2024-01-18 16:00:00+00:00,2024-01-18 17:00:00+00:00,1,0.5624,0.5559502050962418,0.5752995898075164,0.5559502050962418,stop,-1.0,-1.1127055424489527,4,1.0,0.006449794903758188
XRP,2024-01-19 20:00:00+00:00,2024-01-19 20:00:00+00:00,2024-01-20 20:00:00+00:00,1,0.5458,0.5184875328467138,0.6004249343065723,0.5468,tempo,0.03661331634332724,0.010610905209459693,96,24.0,0.02731246715328617
XRP,2024-01-23 16:00:00+00:00,2024-01-23 16:00:00+00:00,2024-01-24 16:00:00+00:00,1,0.5102,0.49263751254214483,0.5453249749157103,0.516,tempo,0.3302493461657031,0.29226896317037415,96,24.0,0.017562487457855158
XRP,2024-01-31 16:00:00+00:00,2024-01-31 16:00:00+00:00,2024-02-01 16:00:00+00:00,1,0.5084,0.48093485681906356,0.5633302863618728,0.4994,tempo,-0.3276880786933915,-0.35153903755002275,96,24.0,0.027465143180936402
XRP,2024-02-08 04:00:00+00:00,2024-02-08 04:00:00+00:00,2024-02-09 03:15:00+00:00,-1,0.5137,0.5203257027985864,0.5004485944028274,0.5203257027985864,stop,-1.0,-1.1014408172613004,93,23.25,0.006625702798586319
XRP,2024-02-12 20:00:00+00:00,2024-02-12 20:00:00+00:00,2024-02-13 20:00:00+00:00,-1,0.5313,0.5403704488227015,0.513159102354597,0.5253,tempo,0.6614887661328552,0.585771454517458,96,24.0,0.009070448822701471
XRP,2024-02-23 20:00:00+00:00,2024-02-23 20:00:00+00:00,2024-02-24 20:00:00+00:00,1,0.539,0.5229829835201927,0.5710340329596147,0.5466,tempo,0.4744953599555358,0.43043971445566387,96,24.0,0.016017016479807356
XRP,2024-02-27 16:00:00+00:00,2024-02-27 16:00:00+00:00,2024-02-27 18:00:00+00:00,-1,0.5612,0.5739748483882049,0.5356503032235903,0.5739748483882049,stop,-1.0,-1.0577590926349945,8,2.0,0.012774848388204862
XRP,2024-02-28 20:00:00+00:00,2024-02-28 20:00:00+00:00,2024-02-29 20:00:00+00:00,1,0.5655,0.5074277129386633,0.6816445741226734,0.6106,tempo,0.7766182852823553,0.7634542609484667,96,24.0,0.058072287061336714
XRP,2024-03-05 04:00:00+00:00,2024-03-05 04:00:00+00:00,2024-03-05 16:15:00+00:00,-1,0.6537,0.6755851286187403,0.6099297427625192,0.6099297427625192,alvo,2.0,1.9624695222447859,49,12.25,0.021885128618740368
XRP,2024-03-15 12:00:00+00:00,2024-03-15 12:00:00+00:00,2024-03-16 12:00:00+00:00,1,0.6226,0.586250442791351,0.6952991144172982,0.6311,tempo,0.23384053762221477,0.21142197017385805,96,24.0,0.036349557208649075
XRP,2024-03-27 12:00:00+00:00,2024-03-27 12:00:00+00:00,2024-03-27 14:15:00+00:00,1,0.6228,0.6091328814182836,0.6501342371634329,0.6091328814182836,stop,-1.0,-1.0585899923333597,9,2.25,0.013667118581716431
XRP,2024-03-29 16:00:00+00:00,2024-03-29 16:00:00+00:00,2024-03-30 16:00:00+00:00,-1,0.6254,0.6501757403208291,0.5758485193583416,0.6294,tempo,-0.16144825333986762,-0.1943683594371333,96,24.0,0.024775740320829187
XRP,2024-04-02 04:00:00+00:00,2024-04-02 04:00:00+00:00,2024-04-03 00:45:00+00:00,1,0.5958,0.5782299982585071,0.6309400034829858,0.5782299982585071,stop,-1.0,-1.0434330918172798,83,20.75,0.017570001741492924
XRP,2024-04-09 16:00:00+00:00,2024-04-09 16:00:00+00:00,2024-04-10 16:00:00+00:00,-1,0.6226,0.6483268704141236,0.5711462591717529,0.6079,tempo,0.5713870270023211,0.5402979366028565,96,24.0,0.02572687041412358
XRP,2024-04-14 00:00:00+00:00,2024-04-14 00:00:00+00:00,2024-04-15 00:00:00+00:00,1,0.4786,0.4005026868637044,0.6347946262725913,0.5029,tempo,0.3111502691211868,0.30298129410297325,96,24.0,0.07809731313629564
XRP,2024-04-30 16:00:00+00:00,2024-04-30 16:00:00+00:00,2024-05-01 07:30:00+00:00,1,0.4958,0.48444413852907653,0.518511722941847,0.48444413852907653,stop,-1.0,-1.056108353529614,62,15.5,0.01135586147092349
XRP,2024-05-01 20:00:00+00:00,2024-05-01 20:00:00+00:00,2024-05-02 20:00:00+00:00,-1,0.5105,0.5248452073639036,0.48180958527219264,0.5229,tempo,-0.864400192025231,-0.9112248898466233,96,24.0,0.014345207363903656
XRP,2024-05-06 12:00:00+00:00,2024-05-06 12:00:00+00:00,2024-05-06 16:00:00+00:00,-1,0.5348,0.5495483462225542,0.5053033075548917,0.5495483462225542,stop,-1.0,-1.0477902006373292,16,4.0,0.014748346222554165
XRP,2024-05-06 20:00:00+00:00,2024-05-06 20:00:00+00:00,2024-05-07 20:00:00+00:00,-1,0.5463,0.5741819088108766,0.4905361823782468,0.5358,tempo,0.3765882770516757,0.3513617043384897,96,24.0,0.0278819088108766
XRP,2024-05-09 16:00:00+00:00,2024-05-09 16:00:00+00:00,2024-05-10 14:30:00+00:00,1,0.5167,0.5059097074616608,0.5382805850766786,0.5059097074616608,stop,-1.0,-1.0616013242911004,90,22.5,0.010790292538339297
XRP,2024-05-21 16:00:00+00:00,2024-05-21 16:00:00+00:00,2024-05-22 16:00:00+00:00,-1,0.5428,0.5603727513497421,0.5076544973005157,0.5361,tempo,0.38127211081822143,0.3413645866040186,96,24.0,0.01757275134974212
XRP,2024-06-02 20:00:00+00:00,2024-06-02 20:00:00+00:00,2024-06-03 20:00:00+00:00,1,0.5127,0.5068676032537699,0.5243647934924603,0.5222,tempo,1.628832950388776,1.5134970037327466,96,24.0,0.005832396746230151
XRP,2024-06-04 12:00:00+00:00,2024-06-04 12:00:00+00:00,2024-06-04 13:45:00+00:00,-1,0.5228,0.5276154174355648,0.5131691651288705,0.5276154174355648,stop,-1.0,-1.1417883351691265,7,1.75,0.004815417435564795
XRP,2024-06-28 16:00:00+00:00,2024-06-28 16:00:00+00:00,2024-06-29 16:00:00+00:00,-1,0.476,0.4824289759103044,0.4631420481793911,0.475,tempo,0.15554576871211911,0.05939515178272278,96,24.0,0.006428975910304446
XRP,2024-07-11 16:00:00+00:00,2024-07-11 16:00:00+00:00,2024-07-12 06:30:00+00:00,-1,0.4403,0.45807017953389184,0.4047596409322164,0.45807017953389184,stop,-1.0,-1.0328607043943097,58,14.5,0.017770179533891817
XRP,2024-07-13 12:00:00+00:00,2024-07-13 12:00:00+00:00,2024-07-13 14:30:00+00:00,-1,0.5096,0.5219207460246075,0.4849585079507852,0.5219207460246075,stop,-1.0,-1.0544194713190964,10,2.5,0.01232074602460742
XRP,2024-07-17 12:00:00+00:00,2024-07-17 12:00:00+00:00,2024-07-17 13:15:00+00:00,-1,0.6135,0.6283723536522102,0.5837552926955797,0.6283723536522102,stop,-1.0,-1.0542763471573295,5,1.25,0.01487235365221018
XRP,2024-07-17 16:00:00+00:00,2024-07-17 16:00:00+00:00,2024-07-18 16:00:00+00:00,-1,0.6023,0.6404772488718444,0.525945502256311,0.5626,tempo,1.0398863504614262,1.0200529412353774,96,24.0,0.03817724887184448
XRP,2024-08-02 08:00:00+00:00,2024-08-02 08:00:00+00:00,2024-08-02 15:15:00+00:00,1,0.5722,0.5519361625585677,0.6127276748828647,0.5519361625585677,stop,-1.0,-1.0360587429589754,29,7.25,0.020263837441432342
XRP,2024-08-03 04:00:00+00:00,2024-08-03 04:00:00+00:00,2024-08-04 04:00:00+00:00,1,0.5634,0.5377313027478661,0.6147373945042679,0.5566,tempo,-0.2649141065947442,-0.29327549918312257,96,24.0,0.025668697252133943
XRP,2024-08-04 20:00:00+00:00,2024-08-04 20:00:00+00:00,2024-08-05 00:45:00+00:00,1,0.5355,0.5084082115644185,0.5896835768711629,0.5084082115644185,stop,-1.0,-1.0250459780139765,19,4.75,0.027091788435581465
XRP,2024-08-05 16:00:00+00:00,2024-08-05 16:00:00+00:00,2024-08-06 16:00:00+00:00,1,0.4883,0.423028293607363,0.618843412785274,0.5108,tempo,0.3447129122786061,0.3347635017929434,96,24.0,0.06527170639263702
XRP,2024-09-11 16:00:00+00:00,2024-09-11 16:00:00+00:00,2024-09-12 13:00:00+00:00,1,0.5318,0.5205945039799689,0.5542109920400624,0.5542109920400624,alvo,2.0,1.9370034897550144,84,21.0,0.01120549602003118
XRP,2024-09-26 20:00:00+00:00,2024-09-26 20:00:00+00:00,2024-09-27 20:00:00+00:00,-1,0.5923,0.5980790600528679,0.5807418798942643,0.5867,tempo,0.9690157134153726,0.8364076434196825,96,24.0,0.005779060052867879
XRP,2024-09-28 16:00:00+00:00,2024-09-28 16:00:00+00:00,2024-09-29 06:45:00+00:00,-1,0.6176,0.6279313021597025,0.5969373956805951,0.6279313021597025,stop,-1.0,-1.0783633402536281,59,14.75,0.01033130215970246
XRP,2024-10-01 20:00:00+00:00,2024-10-01 20:00:00+00:00,2024-10-02 18:30:00+00:00,1,0.6102,0.5704314975946526,0.6897370048106947,0.5704314975946526,stop,-1.0,-1.0192969417257547,90,22.5,0.03976850240534735
XRP,2024-10-15 04:00:00+00:00,2024-10-15 04:00:00+00:00,2024-10-16 04:00:00+00:00,-1,0.5476,0.5573890554237686,0.5280218891524627,0.5427,tempo,0.50055902105758,0.4281623526028044,96,24.0,0.009789055423768622
XRP,2024-10-21 12:00:00+00:00,2024-10-21 12:00:00+00:00,2024-10-22 09:15:00+00:00,-1,0.554,0.5630089588419518,0.5359820823160966,0.5359820823160966,alvo,2.0,1.9213573548359144,85,21.25,0.009008958841951742
XRP,2024-11-01 04:00:00+00:00,2024-11-01 04:00:00+00:00,2024-11-02 04:00:00+00:00,1,0.5193,0.5000571597018343,0.5577856805963314,0.5145,tempo,-0.2494434254831695,-0.28436394602940374,96,24.0,0.019242840298165698
XRP,2024-11-05 12:00:00+00:00,2024-11-05 12:00:00+00:00,2024-11-06 01:00:00+00:00,-1,0.509,0.5206839334297517,0.4856321331404966,0.5206839334297517,stop,-1.0,-1.0572833250679998,52,13.0,0.011683933429751714
XRP,2024-11-06 08:00:00+00:00,2024-11-06 08:00:00+00:00,2024-11-06 23:00:00+00:00,-1,0.5365,0.5460389960164359,0.5174220079671281,0.5460389960164359,stop,-1.0,-1.0737656611029376,60,15.0,0.00953899601643593
XRP,2024-11-12 16:00:00+00:00,2024-11-12 16:00:00+00:00,2024-11-12 20:15:00+00:00,-1,0.6793,0.7161203709444232,0.6056592581111537,0.7161203709444232,stop,-1.0,-1.0246337344749443,17,4.25,0.03682037094442314
XRP,2024-11-13 00:00:00+00:00,2024-11-13 00:00:00+00:00,2024-11-14 00:00:00+00:00,-1,0.7048,0.7529532920056643,0.6084934159886713,0.6901,tempo,0.3052750785609997,0.2864459401524908,96,24.0,0.04815329200566432
XRP,2024-11-14 16:00:00+00:00,2024-11-14 16:00:00+00:00,2024-11-14 17:30:00+00:00,-1,0.7141,0.7665985681911347,0.6091028636177305,0.7665985681911347,stop,-1.0,-1.0183329584498413,6,1.5,0.05249856819113474
XRP,2024-11-15 00:00:00+00:00,2024-11-15 00:00:00+00:00,2024-11-15 13:00:00+00:00,-1,0.7741,0.8630569599706206,0.5961860800587588,0.8630569599706206,stop,-1.0,-1.011962549353444,52,13.0,0.08895695997062059
XRP,2024-11-16 00:00:00+00:00,2024-11-16 00:00:00+00:00,2024-11-16 05:00:00+00:00,-1,0.8925,0.9439905002683723,0.7895189994632553,0.9439905002683723,stop,-1.0,-1.0231832827211367,20,5.0,0.05149050026837232
XRP,2024-12-02 20:00:00+00:00,2024-12-02 20:00:00+00:00,2024-12-03 14:00:00+00:00,-1,2.7473,2.9399515197895942,2.3619969604208118,2.3619969604208118,alvo,2.0,1.9827613972217784,72,18.0,0.19265151978959416
XRP,2024-12-05 00:00:00+00:00,2024-12-05 00:00:00+00:00,2024-12-05 01:30:00+00:00,1,2.3599,2.234849015130768,2.6100019697384647,2.234849015130768,stop,-1.0,-1.0238829535245813,6,1.5,0.12505098486923227
XRP,2024-12-10 20:00:00+00:00,2024-12-10 20:00:00+00:00,2024-12-11 20:00:00+00:00,1,2.1224,1.8524162534308544,2.662367493138291,2.4324,tempo,1.1482172684073262,1.1372513490228355,96,24.0,0.2699837465691455
XRP,2024-12-19 04:00:00+00:00,2024-12-19 04:00:00+00:00,2024-12-20 04:00:00+00:00,1,2.3501,2.138139193875706,2.7740216122485877,2.3301,tempo,-0.09435706707150382,-0.1087093902940155,96,24.0,0.2119608061242939
XRP,2025-01-07 12:00:00+00:00,2025-01-07 12:00:00+00:00,2025-01-07 15:30:00+00:00,-1,2.4218,2.481767047668385,2.301865904663231,2.301865904663231,alvo,2.0,1.948798832735435,14,3.5,0.059967047668384676
XRP,2025-01-08 20:00:00+00:00,2025-01-08 20:00:00+00:00,2025-01-09 20:00:00+00:00,1,2.3149,2.175520991021446,2.5936580179571087,2.2784,tempo,-0.2618758754814817,-0.2832969274883832,96,24.0,0.13937900897855426
XRP,2025-01-20 16:00:00+00:00,2025-01-20 16:00:00+00:00,2025-01-21 16:00:00+00:00,-1,3.2724,3.416746393272053,2.9837072134558946,3.1201,tempo,1.0551008345110306,1.0263150442615385,96,24.0,0.1443463932720528
XRP,2025-02-03 00:00:00+00:00,2025-02-03 00:00:00+00:00,2025-02-03 00:30:00+00:00,1,2.5784,2.404734661221577,2.9257306775568455,2.404734661221577,stop,-1.0,-1.0186510304968033,2,0.5,0.17366533877842283
XRP,2025-02-24 04:00:00+00:00,2025-02-24 04:00:00+00:00,2025-02-25 00:15:00+00:00,-1,2.4886,2.626839793829114,2.212120412341772,2.212120412341772,alvo,2.0,1.9778973319954514,81,20.25,0.138239793829114
XRP,2025-02-25 04:00:00+00:00,2025-02-25 04:00:00+00:00,2025-02-25 07:30:00+00:00,1,2.2818,2.182931655609007,2.479536688781986,2.182931655609007,stop,-1.0,-1.0293529298383826,14,3.5,0.09886834439099301
XRP,2025-02-25 12:00:00+00:00,2025-02-25 12:00:00+00:00,2025-02-26 12:00:00+00:00,1,2.1871,2.0268144276060474,2.5076711447879054,2.2791,tempo,0.5739755526709595,0.5558639412723684,96,24.0,0.1602855723939527
XRP,2025-02-28 12:00:00+00:00,2025-02-28 12:00:00+00:00,2025-03-01 12:00:00+00:00,1,2.0308,1.9273045706548388,2.237790858690323,2.1596,tempo,1.2444994026784215,1.2181817187262525,96,24.0,0.10349542934516132
XRP,2025-03-11 04:00:00+00:00,2025-03-11 04:00:00+00:00,2025-03-12 04:00:00+00:00,1,2.0446,1.863018984237769,2.407762031524462,2.1669,tempo,0.6735285596162995,0.6584527820714456,96,24.0,0.18158101576223107
XRP,2025-03-13 16:00:00+00:00,2025-03-13 16:00:00+00:00,2025-03-14 15:15:00+00:00,-1,2.2869,2.3670766382567656,2.1265467234864692,2.3670766382567656,stop,-1.0,-1.0377302526102312,93,23.25,0.08017663825676546
XRP,2025-03-28 12:00:00+00:00,2025-03-28 12:00:00+00:00,2025-03-28 14:15:00+00:00,1,2.2254,2.177715052762825,2.3207698944743504,2.177715052762825,stop,-1.0,-1.060019460020805,9,2.25,0.0476849472371752
XRP,2025-03-31 12:00:00+00:00,2025-03-31 12:00:00+00:00,2025-04-01 12:00:00+00:00,1,2.0813,2.005057277332366,2.233785445335269,2.133,tempo,0.6780975047989327,0.6421688954293351,96,24.0,0.07624272266763432
ADA,2020-09-26 04:00:00+00:00,2020-09-26 04:00:00+00:00,2020-09-27 04:00:00+00:00,-1,0.09537,0.10104794641531313,0.08401410716937373,0.09815,tempo,-0.4896136378642964,-0.5117674221375604,96,24.0,0.005677946415313134
ADA,2020-09-28 12:00:00+00:00,2020-09-28 12:00:00+00:00,2020-09-29 12:00:00+00:00,-1,0.10329,0.10779393635942139,0.09428212728115724,0.10228,tempo,0.2242482840343164,0.19458079112658666,96,24.0,0.004503936359421382
ADA,2020-10-06 16:00:00+00:00,2020-10-06 16:00:00+00:00,2020-10-07 01:15:00+00:00,1,0.09564,0.09078771790176993,0.10534456419646016,0.09078771790176993,stop,-1.0,-1.024973407189238,37,9.25,0.004852282098230076
ADA,2020-10-08 20:00:00+00:00,2020-10-08 20:00:00+00:00,2020-10-09 11:15:00+00:00,-1,0.09579,0.09790793010463111,0.09155413979073777,0.09790793010463111,stop,-1.0,-1.0594465578881505,61,15.25,0.0021179301046311133
ADA,2020-10-10 16:00:00+00:00,2020-10-10 16:00:00+00:00,2020-10-11 16:00:00+00:00,-1,0.10825,0.11229864081293867,0.10015271837412267,0.10789,tempo,0.08891873016976694,0.05421794872454262,96,24.0,0.004048640812938667
ADA,2020-10-20 16:00:00+00:00,2020-10-20 16:00:00+00:00,2020-10-21 16:00:00+00:00,1,0.10274,0.09962568390307099,0.10896863219385802,0.10737,tempo,1.4866827437862136,1.4428299376646154,96,24.0,0.0031143160969290123
ADA,2020-10-26 04:00:00+00:00,2020-10-26 04:00:00+00:00,2020-10-26 08:30:00+00:00,1,0.10693,0.10469775003225583,0.11139449993548833,0.10469775003225583,stop,-1.0,-1.0616230437937815,18,4.5,0.002232249967744168
ADA,2020-10-26 12:00:00+00:00,2020-10-26 12:00:00+00:00,2020-10-26 15:15:00+00:00,1,0.10527,0.10413157241563445,0.10754685516873111,0.10413157241563445,stop,-1.0,-1.119560544684111,13,3.25,0.0011384275843655534
ADA,2020-10-26 20:00:00+00:00,2020-10-26 20:00:00+00:00,2020-10-27 20:00:00+00:00,1,0.10205,0.09803387728006313,0.11008224543987374,0.10372,tempo,0.41582394674091416,0.38252055704715937,96,24.0,0.004016122719936871
ADA,2020-10-28 08:00:00+00:00,2020-10-28 08:00:00+00:00,2020-10-28 10:15:00+00:00,1,0.09987,0.09790773860938831,0.10379452278122338,0.09790773860938831,stop,-1.0,-1.0655139680733505,9,2.25,0.0019622613906116887
ADA,2020-10-28 16:00:00+00:00,2020-10-28 16:00:00+00:00,2020-10-29 16:00:00+00:00,1,0.09722,0.09404319985850731,0.10357360028298537,0.0981,tempo,0.27700829791153286,0.2370441848589736,96,24.0,0.003176800141492686
ADA,2020-10-30 08:00:00+00:00,2020-10-30 08:00:00+00:00,2020-10-30 09:15:00+00:00,1,0.09265,0.08927970285011735,0.09939059429976528,0.08927970285011735,stop,-1.0,-1.0350872049536326,5,1.25,0.0033702971498826423
ADA,2020-10-30 12:00:00+00:00,2020-10-30 12:00:00+00:00,2020-10-31 12:00:00+00:00,1,0.09272,0.08824702488812478,0.10166595022375044,0.09468,tempo,0.43818710164436964,0.41095466753656323,96,24.0,0.0044729751118752215
ADA,2020-11-02 16:00:00+00:00,2020-11-02 16:00:00+00:00,2020-11-03 03:00:00+00:00,1,0.09329,0.09066857751065698,0.09853284497868604,0.09066857751065698,stop,-1.0,-1.0456138130606694,44,11.0,0.0026214224893430227
ADA,2020-11-20 16:00:00+00:00,2020-11-20 16:00:00+00:00,2020-11-20 20:15:00+00:00,-1,0.11019,0.11303462309207633,0.10450075381584732,0.11303462309207633,stop,-1.0,-1.0510071107184684,17,4.25,0.002844623092076337
ADA,2020-11-21 04:00:00+00:00,2020-11-21 04:00:00+00:00,2020-11-21 06:45:00+00:00,-1,0.11916,0.1236036949485244,0.11027261010295121,0.1236036949485244,stop,-1.0,-1.0355101787013845,11,2.75,0.004443694948524396
ADA,2020-11-21 12:00:00+00:00,2020-11-21 12:00:00+00:00,2020-11-21 13:45:00+00:00,-1,0.12356,0.12855819200133292,0.11356361599733417,0.12855819200133292,stop,-1.0,-1.0327872208104778,7,1.75,0.004998192001332918
ADA,2020-11-22 04:00:00+00:00,2020-11-22 04:00:00+00:00,2020-11-22 19:15:00+00:00,-1,0.12922,0.14217894718197988,0.10330210563604025,0.14217894718197988,stop,-1.0,-1.0136129357725598,61,15.25,0.012958947181979874
ADA,2020-11-23 12:00:00+00:00,2020-11-23 12:00:00+00:00,2020-11-24 00:15:00+00:00,-1,0.1531,0.1609129786259709,0.13747404274805824,0.1609129786259709,stop,-1.0,-1.0261242793405847,49,12.25,0.007812978625970884
ADA,2020-12-09 12:00:00+00:00,2020-12-09 12:00:00+00:00,2020-12-10 12:00:00+00:00,1,0.14146,0.12835831565887748,0.16766336868224505,0.14341,tempo,0.14883582516787577,0.13470287132935158,96,24.0,0.013101684341122521
ADA,2020-12-17 04:00:00+00:00,2020-12-17 04:00:00+00:00,2020-12-17 10:30:00+00:00,-1,0.16613,0.17277406414239438,0.15284187171521124,0.17277406414239438,stop,-1.0,-1.0331555561432568,26,6.5,0.006644064142394379
ADA,2020-12-17 12:00:00+00:00,2020-12-17 12:00:00+00:00,2020-12-17 16:45:00+00:00,-1,0.17016,0.1762118138542055,0.158056372291589,0.1762118138542055,stop,-1.0,-1.0372023470035812,19,4.75,0.006051813854205501
ADA,2020-12-21 00:00:00+00:00,2020-12-21 00:00:00+00:00,2020-12-21 10:30:00+00:00,1,0.16205,0.15406006007949213,0.17802987984101573,0.15406006007949213,stop,-1.0,-1.0257162808601707,42,10.5,0.007989939920507866
ADA,2020-12-25 16:00:00+00:00,2020-12-25 16:00:00+00:00,2020-12-26 16:00:00+00:00,-1,0.15776,0.1692407685842771,0.1347984628314458,0.15464,tempo,0.27175880927282586,0.2540718401026528,96,24.0,0.011480768584277101
ADA,2020-12-29 04:00:00+00:00,2020-12-29 04:00:00+00:00,2020-12-29 13:15:00+00:00,-1,0.17784,0.19675505939940477,0.14000988120119046,0.19675505939940477,stop,-1.0,-1.0128726420292011,37,9.25,0.01891505939940477
ADA,2021-01-04 08:00:00+00:00,2021-01-04 08:00:00+00:00,2021-01-05 08:00:00+00:00,-1,0.21706,0.24544938819299278,0.16028122361401445,0.21911,tempo,-0.07221008026182081,-0.08219657585209836,96,24.0,0.028389388192992776
ADA,2021-01-22 04:00:00+00:00,2021-01-22 04:00:00+00:00,2021-01-23 04:00:00+00:00,1,0.32345,0.2723590579803388,0.4256318840393224,0.35021,tempo,0.5237719044151119,0.5152013245297089,96,24.0,0.05109094201966119
ADA,2021-01-29 00:00:00+00:00,2021-01-29 00:00:00+00:00,2021-01-29 09:00:00+00:00,-1,0.34424,0.3597096310748903,0.3133007378502194,0.3597096310748903,stop,-1.0,-1.0295784209709684,36,9.0,0.0154696310748903
ADA,2021-01-30 20:00:00+00:00,2021-01-30 20:00:00+00:00,2021-01-31 20:00:00+00:00,-1,0.35935,0.38276118503309176,0.3125276299338165,0.34404,tempo,0.65396091562043,0.6344316393640704,96,24.0,0.023411185033091753
ADA,2021-02-06 04:00:00+00:00,2021-02-06 04:00:00+00:00,2021-02-06 18:30:00+00:00,-1,0.53288,0.5804737633203731,0.43769247335925376,0.5804737633203731,stop,-1.0,-1.0152053524594569,58,14.5,0.04759376332037313
ADA,2021-02-07 08:00:00+00:00,2021-02-07 08:00:00+00:00,2021-02-08 08:00:00+00:00,-1,0.66466,0.7112798379358365,0.5714203241283271,0.66413,tempo,0.011368550888775652,-0.007158186617020508,96,24.0,0.04661983793583646
ADA,2021-02-08 16:00:00+00:00,2021-02-08 16:00:00+00:00,2021-02-09 16:00:00+00:00,-1,0.68386,0.7289489713628912,0.5936820572742177,0.68161,tempo,0.04990133799884723,0.030216801555186624,96,24.0,0.04508897136289114
ADA,2021-02-10 16:00:00+00:00,2021-02-10 16:00:00+00:00,2021-02-10 22:00:00+00:00,-1,0.81973,0.9099909690454216,0.6392080619091566,0.9099909690454216,stop,-1.0,-1.012456310205508,24,6.0,0.09026096904542169
ADA,2021-02-15 04:00:00+00:00,2021-02-15 04:00:00+00:00,2021-02-16 04:00:00+00:00,1,0.80263,0.6641468447977036,1.0795963104045927,0.88013,tempo,0.559634851522468,0.551736461292969,96,24.0,0.13848315520229637
ADA,2021-02-20 16:00:00+00:00,2021-02-20 16:00:00+00:00,2021-02-20 17:45:00+00:00,-1,1.08753,1.1814366186813081,0.8997167626373841,1.1814366186813081,stop,-1.0,-1.015705264685847,7,1.75,0.09390661868130801
ADA,2021-02-23 12:00:00+00:00,2021-02-23 12:00:00+00:00,2021-02-24 12:00:00+00:00,1,0.90668,0.7660184663012162,1.1880030673975677,1.04182,tempo,0.9607459583754583,0.9517418975871538,96,24.0,0.14066153369878387
ADA,2021-03-12 16:00:00+00:00,2021-03-12 16:00:00+00:00,2021-03-13 00:30:00+00:00,1,1.07487,1.0077552814235986,1.2090994371528028,1.0077552814235986,stop,-1.0,-1.020170038132311,34,8.5,0.06711471857640139
ADA,2021-03-13 16:00:00+00:00,2021-03-13 16:00:00+00:00,2021-03-14 16:00:00+00:00,-1,1.12243,1.2068506083878097,0.9535887832243808,1.07378,tempo,0.5762810873917507,0.5593712767748665,96,24.0,0.08442060838780963
ADA,2021-03-17 08:00:00+00:00,2021-03-17 08:00:00+00:00,2021-03-17 21:00:00+00:00,-1,1.26504,1.3150281989757733,1.1650636020484533,1.3150281989757733,stop,-1.0,-1.0335488047918475,52,13.0,0.049988198975773335
ADA,2021-04-03 20:00:00+00:00,2021-04-03 20:00:00+00:00,2021-04-03 22:15:00+00:00,1,1.19838,1.1652084179384992,1.2647231641230017,1.1652084179384992,stop,-1.0,-1.046314718086452,9,2.25,0.03317158206150084
ADA,2021-04-12 08:00:00+00:00,2021-04-12 08:00:00+00:00,2021-04-13 08:00:00+00:00,-1,1.29728,1.3638422683268496,1.1641554633463007,1.31488,tempo,-0.2644140658424743,-0.2899225715271447,96,24.0,0.06656226832684964
ADA,2021-04-13 12:00:00+00:00,2021-04-13 12:00:00+00:00,2021-04-13 13:00:00+00:00,-1,1.34513,1.3806583744403114,1.274073251119377,1.3806583744403114,stop,-1.0,-1.0498689419737683,4,1.0,0.03552837444031143
ADA,2021-05-07 00:00:00+00:00,2021-05-07 00:00:00+00:00,2021-05-07 12:15:00+00:00,-1,1.65181,1.7344683760188087,1.4864932479623827,1.7344683760188087,stop,-1.0,-1.0266286497560921,49,12.25,0.08265837601880865
ADA,2021-05-07 16:00:00+00:00,2021-05-07 16:00:00+00:00,2021-05-08 16:00:00+00:00,-1,1.69981,1.778677506116946,1.5420749877661082,1.57011,tempo,1.6445302556883064,1.6175806524277652,96,24.0,0.07886750611694593
ADA,2021-05-09 20:00:00+00:00,2021-05-09 20:00:00+00:00,2021-05-10 20:00:00+00:00,-1,1.75772,1.8615656008321806,1.5500287983356387,1.65,tempo,1.0373092277070128,1.015979311155424,96,24.0,0.10384560083218064
ADA,2021-05-13 04:00:00+00:00,2021-05-13 04:00:00+00:00,2021-05-14 04:00:00+00:00,1,1.638,1.465162650738198,1.9836746985236036,1.8633,tempo,1.303537695771598,1.2903701425215612,96,24.0,0.17283734926180183
ADA,2021-05-19 16:00:00+00:00,2021-05-19 16:00:00+00:00,2021-05-20 16:00:00+00:00,1,1.6356,0.9163677455145536,3.074064508970893,1.8515,tempo,0.30018119828963913,0.29702976148203714,96,24.0,0.7192322544854464
ADA,2021-06-04 04:00:00+00:00,2021-06-04 04:00:00+00:00,2021-06-04 07:15:00+00:00,1,1.7611,1.6402276218925504,2.002844756214899,1.6402276218925504,stop,-1.0,-1.0182908865436966,13,3.25,0.12087237810744966
ADA,2021-07-13 08:00:00+00:00,2021-07-13 08:00:00+00:00,2021-07-13 12:45:00+00:00,1,1.3137,1.2806066224336554,1.3798867551326894,1.2806066224336554,stop,-1.0,-1.050955793230873,19,4.75,0.03309337756634467
ADA,2021-07-13 16:00:00+00:00,2021-07-13 16:00:00+00:00,2021-07-13 19:30:00+00:00,1,1.2882,1.2568862250458919,1.3508275499082163,1.2568862250458919,stop,-1.0,-1.052829978139151,14,3.5,0.03131377495410814
ADA,2021-08-03 08:00:00+00:00,2021-08-03 08:00:00+00:00,2021-08-04 08:00:00+00:00,1,1.2999,1.251506192527246,1.3966876149455083,1.3348,tempo,0.7211666496720421,0.6857787542070247,96,24.0,0.048393807472754125
ADA,2021-08-15 04:00:00+00:00,2021-08-15 04:00:00+00:00,2021-08-16 04:00:00+00:00,-1,2.1547,2.2818290743370753,1.9004418513258496,2.1148,tempo,0.31385424780336074,0.29202466228587487,96,24.0,0.1271290743370752
ADA,2021-08-18 04:00:00+00:00,2021-08-18 04:00:00+00:00,2021-08-19 04:00:00+00:00,1,1.9802,1.8415883919177427,2.2574232161645145,2.0815,tempo,0.7308190230351054,0.7117722416253315,96,24.0,0.13861160808225725
ADA,2021-08-19 04:00:00+00:00,2021-08-19 04:00:00+00:00,2021-08-19 17:15:00+00:00,-1,2.0816,2.216957204620994,1.8108855907580113,2.216957204620994,stop,-1.0,-1.020642138634786,53,13.25,0.13535720462099432
ADA,2021-09-02 08:00:00+00:00,2021-09-02 08:00:00+00:00,2021-09-03 08:00:00+00:00,-1,3.0228,3.1317866042063973,2.804826791587206,2.9558,tempo,0.6147544506764941,0.5790978667476969,96,24.0,0.10898660420639716
ADA,2021-09-06 16:00:00+00:00,2021-09-06 16:00:00+00:00,2021-09-07 07:00:00+00:00,1,2.847,2.7841321386008113,2.9727357227983773,2.7841321386008113,stop,-1.0,-1.0582210975310473,60,15.0,0.06286786139918865
ADA,2021-09-07 12:00:00+00:00,2021-09-07 12:00:00+00:00,2021-09-07 15:00:00+00:00,1,2.6463,2.4765196019472584,2.9858607961054835,2.4765196019472584,stop,-1.0,-1.0196125864908816,12,3.0,0.1697803980527417
ADA,2021-09-10 16:00:00+00:00,2021-09-10 16:00:00+00:00,2021-09-11 11:15:00+00:00,1,2.3873,2.2410747866657434,2.6797504266685137,2.6797504266685137,alvo,2.0,1.9774759584736887,77,19.25,0.14622521333425675
ADA,2021-09-20 16:00:00+00:00,2021-09-20 16:00:00+00:00,2021-09-21 16:00:00+00:00,1,2.1503,1.938299548342625,2.57430090331475,2.1348,tempo,-0.07311305178278889,-0.08625130209416791,96,24.0,0.21200045165737502
ADA,2021-09-22 00:00:00+00:00,2021-09-22 00:00:00+00:00,2021-09-22 17:00:00+00:00,1,1.9859,1.8757164488018203,2.2062671023963594,2.2062671023963594,alvo,2.0,1.9752693701834267,68,17.0,0.11018355119817969
ADA,2021-09-24 12:00:00+00:00,2021-09-24 12:00:00+00:00,2021-09-25 12:00:00+00:00,1,2.2694,2.0294906972378377,2.749218605524325,2.3331,tempo,0.26551700691302416,0.2530471903383589,96,24.0,0.23990930276216238
ADA,2021-10-04 16:00:00+00:00,2021-10-04 16:00:00+00:00,2021-10-05 16:00:00+00:00,1,2.1871,2.135051505703977,2.291196988592046,2.1893,tempo,0.0422682736504803,-0.012385756950696311,96,24.0,0.052048494296022874
ADA,2021-10-21 12:00:00+00:00,2021-10-21 12:00:00+00:00,2021-10-22 12:00:00+00:00,-1,2.2341,2.3177398554707187,2.066820289058563,2.1923,tempo,0.4997617435462218,0.4653623536404458,96,24.0,0.0836398554707185
ADA,2021-10-24 20:00:00+00:00,2021-10-24 20:00:00+00:00,2021-10-25 20:00:00+00:00,1,2.1202,2.0831124659032687,2.194375068193463,2.1528,tempo,0.8790015511673797,0.8041125064345624,96,24.0,0.03708753409673138
ADA,2021-11-09 16:00:00+00:00,2021-11-09 16:00:00+00:00,2021-11-10 16:00:00+00:00,-1,2.2874,2.3997591684867072,2.062681663026585,2.2539,tempo,0.29815101385307335,0.27187950401763683,96,24.0,0.11235916848670735
ADA,2021-11-18 20:00:00+00:00,2021-11-18 20:00:00+00:00,2021-11-19 20:00:00+00:00,1,1.8183,1.6844463373367913,2.0860073253264177,1.8702,tempo,0.38773686851279104,0.36982533025303904,96,24.0,0.13385366266320875
ADA,2021-11-20 16:00:00+00:00,2021-11-20 16:00:00+00:00,2021-11-21 16:00:00+00:00,-1,1.8705,1.9677143118146314,1.6760713763707373,1.878,tempo,-0.07714913431986095,-0.10221257358635472,96,24.0,0.09721431181463136
ADA,2021-11-28 20:00:00+00:00,2021-11-28 20:00:00+00:00,2021-11-29 20:00:00+00:00,1,1.4813,1.4013739129360396,1.641152174127921,1.5924,tempo,1.3900342689251481,1.3650373614898925,96,24.0,0.07992608706396043
ADA,2021-12-04 00:00:00+00:00,2021-12-04 00:00:00+00:00,2021-12-04 04:00:00+00:00,1,1.5562,1.4856008204563667,1.6973983590872668,1.4856008204563667,stop,-1.0,-1.028005573805212,16,4.0,0.07059917954363337
ADA,2021-12-06 12:00:00+00:00,2021-12-06 12:00:00+00:00,2021-12-06 23:00:00+00:00,1,1.3026,1.2369595143343768,1.4338809713312464,1.4338809713312464,alvo,2.0,1.9729022018449682,44,11.0,0.0656404856656232
ADA,2021-12-17 16:00:00+00:00,2021-12-17 16:00:00+00:00,2021-12-18 16:00:00+00:00,1,1.2261,1.171801460208483,1.334697079583034,1.247,tempo,0.3849090616478295,0.3553039377131498,96,24.0,0.054298539791517
ADA,2021-12-23 12:00:00+00:00,2021-12-23 12:00:00+00:00,2021-12-23 13:30:00+00:00,-1,1.3476,1.3845342161639458,1.2737315676721082,1.3845342161639458,stop,-1.0,-1.048082440212719,6,1.5,0.03693421616394588
ADA,2021-12-29 16:00:00+00:00,2021-12-29 16:00:00+00:00,2021-12-30 00:15:00+00:00,1,1.3977,1.3176786636123983,1.5577426727752033,1.3176786636123983,stop,-1.0,-1.022056569048021,33,8.25,0.08002133638760167
ADA,2022-01-18 04:00:00+00:00,2022-01-18 04:00:00+00:00,2022-01-18 18:45:00+00:00,-1,1.5766,1.657485770078612,1.4148284598427758,1.4148284598427758,alvo,2.0,1.9759608087181708,59,14.75,0.08088577007861208
ADA,2022-02-02 20:00:00+00:00,2022-02-02 20:00:00+00:00,2022-02-02 21:45:00+00:00,1,1.054,1.0234368355433785,1.1151263289132431,1.0234368355433785,stop,-1.0,-1.0441817451533768,7,1.75,0.03056316445662155
ADA,2022-02-19 16:00:00+00:00,2022-02-19 16:00:00+00:00,2022-02-20 03:45:00+00:00,1,0.9958,0.9656680512531065,1.056063897493787,0.9656680512531065,stop,-1.0,-1.0423123722937422,47,11.75,0.03013194874689351
ADA,2022-02-20 12:00:00+00:00,2022-02-20 12:00:00+00:00,2022-02-21 05:00:00+00:00,1,0.9418,0.9169507030790355,0.991498593841929,0.991498593841929,alvo,2.0,1.9494293906988946,68,17.0,0.024849296920964492
ADA,2022-02-23 20:00:00+00:00,2022-02-23 20:00:00+00:00,2022-02-24 05:45:00+00:00,-1,0.8981,0.9702853030063747,0.7537293939872506,0.7537293939872506,alvo,2.0,1.9851259319920442,39,9.75,0.07218530300637471
ADA,2022-03-01 16:00:00+00:00,2022-03-01 16:00:00+00:00,2022-03-02 16:00:00+00:00,-1,0.9676,1.0199952177308929,0.8628095645382143,0.945,tempo,0.43133707576282937,0.4076099103107236,96,24.0,0.05239521773089284
ADA,2022-03-14 04:00:00+00:00,2022-03-14 04:00:00+00:00,2022-03-15 04:00:00+00:00,1,0.79,0.7714842407087732,0.8270315185824537,0.7909,tempo,0.048607242395209305,-0.006890616689991254,96,24.0,0.01851575929122684
ADA,2022-03-16 00:00:00+00:00,2022-03-16 00:00:00+00:00,2022-03-16 02:15:00+00:00,-1,0.7989,0.8210804684398065,0.7545390631203871,0.8210804684398065,stop,-1.0,-1.0474736278606325,9,2.25,0.022180468439806478
ADA,2022-03-16 04:00:00+00:00,2022-03-16 04:00:00+00:00,2022-03-17 00:00:00+00:00,-1,0.8001,0.8392793031317501,0.7217413937364998,0.8392793031317501,stop,-1.0,-1.027197945391022,80,20.0,0.03917930313175011
ADA,2022-03-23 04:00:00+00:00,2022-03-23 04:00:00+00:00,2022-03-23 13:30:00+00:00,-1,0.9661,1.0107320651953453,0.8768358696093093,1.0107320651953453,stop,-1.0,-1.0287896344646623,38,9.5,0.04463206519534535
ADA,2022-03-24 04:00:00+00:00,2022-03-24 04:00:00+00:00,2022-03-24 07:45:00+00:00,-1,1.0862,1.1303496843203493,0.9979006313593015,1.1303496843203493,stop,-1.0,-1.0326334676450712,15,3.75,0.04414968432034927
ADA,2022-03-24 20:00:00+00:00,2022-03-24 20:00:00+00:00,2022-03-25 00:30:00+00:00,-1,1.1707,1.1997577468080243,1.1125845063839517,1.1125845063839517,alvo,2.0,1.94892463827444,18,4.5,0.0290577468080242
ADA,2022-04-04 16:00:00+00:00,2022-04-04 16:00:00+00:00,2022-04-05 16:00:00+00:00,-1,1.2099,1.2566580710086623,1.1163838579826753,1.1876,tempo,0.47692301070052073,0.4435945399919815,96,24.0,0.04675807100866236
ADA,2022-04-11 00:00:00+00:00,2022-04-11 00:00:00+00:00,2022-04-11 21:45:00+00:00,-1,1.0261,1.074128781079967,0.9300424378400662,0.9300424378400662,alvo,2.0,1.9735264448523264,87,21.75,0.04802878107996689
ADA,2022-04-20 16:00:00+00:00,2022-04-20 16:00:00+00:00,2022-04-21 16:00:00+00:00,-1,0.9461,0.9792652269105028,0.8797695461789946,0.9547,tempo,-0.2593077388919207,-0.2965612153518914,96,24.0,0.03316522691050272
ADA,2022-04-24 20:00:00+00:00,2022-04-24 20:00:00+00:00,2022-04-25 00:30:00+00:00,1,0.8903,0.8723611948515573,0.9261776102968854,0.8723611948515573,stop,-1.0,-1.0638687898760624,18,4.5,0.017938805148442705
ADA,2022-04-25 12:00:00+00:00,2022-04-25 12:00:00+00:00,2022-04-26 12:00:00+00:00,1,0.8562,0.8208024689643579,0.926995062071284,0.885,tempo,0.8136160674879025,0.7816426510691019,96,24.0,0.03539753103564203
ADA,2022-04-27 00:00:00+00:00,2022-04-27 00:00:00+00:00,2022-04-28 00:00:00+00:00,1,0.8253,0.80919291382633,0.8575141723473402,0.8399,tempo,0.9064333450867279,0.8392343502884418,96,24.0,0.01610708617367007
ADA,2022-05-06 16:00:00+00:00,2022-05-06 16:00:00+00:00,2022-05-07 16:00:00+00:00,1,0.7808,0.753070268523876,0.8362594629522481,0.7797,tempo,-0.03966861348611429,-0.07624758291729537,96,24.0,0.02772973147612401
ADA,2022-05-08 20:00:00+00:00,2022-05-08 20:00:00+00:00,2022-05-09 03:00:00+00:00,1,0.7559,0.7188661369205661,0.8299677261588678,0.7188661369205661,stop,-1.0,-1.0258843639115443,28,7.0,0.037033863079433904
ADA,2022-05-09 16:00:00+00:00,2022-05-09 16:00:00+00:00,2022-05-09 16:45:00+00:00,1,0.6589,0.6419764316020121,0.6927471367959759,0.6419764316020121,stop,-1.0,-1.0499640300825588,3,0.75,0.01692356839798792
ADA,2022-05-10 04:00:00+00:00,2022-05-10 04:00:00+00:00,2022-05-11 04:00:00+00:00,1,0.619,0.5701307629481503,0.7167384741036993,0.627,tempo,0.1637021668971854,0.1471293687759316,96,24.0,0.048869237051849646
ADA,2022-05-23 20:00:00+00:00,2022-05-23 20:00:00+00:00,2022-05-24 20:00:00+00:00,-1,0.5175,0.5637222866261752,0.4250554267476495,0.5138,tempo,0.08004796538786231,0.06554532934517916,96,24.0,0.046222286626175224
ADA,2022-05-26 16:00:00+00:00,2022-05-26 16:00:00+00:00,2022-05-27 02:15:00+00:00,1,0.4919,0.45633438042507374,0.5630312391498525,0.45633438042507374,stop,-1.0,-1.0173300044999307,41,10.25,0.035565619574926266
ADA,2022-06-08 20:00:00+00:00,2022-06-08 20:00:00+00:00,2022-06-09 20:00:00+00:00,-1,0.6462,0.6773245782073632,0.5839508435852735,0.6285,tempo,0.5686824053349805,0.54206180362016,96,24.0,0.03112457820736325
ADA,2022-06-27 20:00:00+00:00,2022-06-27 20:00:00+00:00,2022-06-28 18:15:00+00:00,1,0.4854,0.47152279210161946,0.5131544157967611,0.47152279210161946,stop,-1.0,-1.0448216831095136,89,22.25,0.01387720789838054
ADA,2022-06-29 16:00:00+00:00,2022-06-29 16:00:00+00:00,2022-06-30 01:30:00+00:00,1,0.4668,0.45629224056542717,0.48781551886914565,0.45629224056542717,stop,-1.0,-1.0571016076361022,38,9.5,0.010507759434572828
ADA,2022-06-30 16:00:00+00:00,2022-06-30 16:00:00+00:00,2022-07-01 16:00:00+00:00,1,0.4444,0.42903591674893926,0.47512816650212153,0.4446,tempo,0.013017372838445777,-0.024593071635037822,96,24.0,0.015364083251060756
ADA,2022-07-04 16:00:00+00:00,2022-07-04 16:00:00+00:00,2022-07-05 16:00:00+00:00,-1,0.454,0.479635174075818,0.402729651848364,0.4487,tempo,0.20674718199006056,0.18385851354315919,96,24.0,0.025635174075818
ADA,2022-07-15 04:00:00+00:00,2022-07-15 04:00:00+00:00,2022-07-15 20:30:00+00:00,-1,0.4422,0.45229025810377665,0.42201948379244664,0.45229025810377665,stop,-1.0,-1.0576217834853834,66,16.5,0.010090258103776673
ADA,2022-07-16 00:00:00+00:00,2022-07-16 00:00:00+00:00,2022-07-16 16:15:00+00:00,-1,0.4416,0.4567709112144089,0.4112581775711822,0.4567709112144089,stop,-1.0,-1.0384908384233873,65,16.25,0.015170911214408889
ADA,2022-07-29 12:00:00+00:00,2022-07-29 12:00:00+00:00,2022-07-30 12:00:00+00:00,-1,0.5239,0.5513526859998708,0.4689946280002586,0.528,tempo,-0.14934786344838172,-0.1742538052568889,96,24.0,0.02745268599987072
ADA,2022-08-05 16:00:00+00:00,2022-08-05 16:00:00+00:00,2022-08-06 05:00:00+00:00,-1,0.5067,0.5220290015406645,0.4760419969186712,0.5220290015406645,stop,-1.0,-1.0436214876244607,52,13.0,0.015329001540664411
ADA,2022-08-17 08:00:00+00:00,2022-08-17 08:00:00+00:00,2022-08-18 08:00:00+00:00,-1,0.5564,0.5865343632523488,0.4961312734953025,0.539,tempo,0.5774138930459654,0.5537860501731114,96,24.0,0.03013436325234875
ADA,2022-09-03 08:00:00+00:00,2022-09-03 08:00:00+00:00,2022-09-03 15:45:00+00:00,-1,0.4649,0.48063501052823543,0.4334299789435291,0.48063501052823543,stop,-1.0,-1.0390592529786045,31,7.75,0.01573501052823545
ADA,2022-09-03 20:00:00+00:00,2022-09-03 20:00:00+00:00,2022-09-04 01:30:00+00:00,-1,0.4796,0.4885889646916717,0.4616220706166567,0.4885889646916717,stop,-1.0,-1.070010601736222,22,5.5,0.008988964691671653
ADA,2022-09-07 04:00:00+00:00,2022-09-07 04:00:00+00:00,2022-09-07 20:30:00+00:00,1,0.4596,0.44999137817171475,0.4788172436565705,0.4788172436565705,alvo,2.0,1.9365183457859507,66,16.5,0.009608621828285258
ADA,2022-09-13 20:00:00+00:00,2022-09-13 20:00:00+00:00,2022-09-14 20:00:00+00:00,1,0.4702,0.45854120771064305,0.4935175845787139,0.4799,tempo,0.8319901203536231,0.7790202256447379,96,24.0,0.011658792289356956
ADA,2022-09-21 20:00:00+00:00,2022-09-21 20:00:00+00:00,2022-09-22 20:00:00+00:00,1,0.4461,0.40901831132828453,0.5202633773434309,0.4618,tempo,0.42338956402423417,0.40747510540223153,96,24.0,0.03708168867171546
ADA,2022-09-30 16:00:00+00:00,2022-09-30 16:00:00+00:00,2022-10-01 16:00:00+00:00,-1,0.4354,0.4434831747922844,0.41923365041543126,0.4315,tempo,0.4824836899138538,0.4127728381161341,96,24.0,0.008083174792284376
ADA,2022-10-03 04:00:00+00:00,2022-10-03 04:00:00+00:00,2022-10-04 04:00:00+00:00,1,0.4221,0.41342652616000075,0.4394469476799984,0.4276,tempo,0.6341173215552693,0.5704398365949815,96,24.0,0.008673473839999224
ADA,2022-10-04 12:00:00+00:00,2022-10-04 12:00:00+00:00,2022-10-04 20:00:00+00:00,-1,0.4314,0.4365384951728978,0.42112300965420446,0.4365384951728978,stop,-1.0,-1.109790902371177,32,8.0,0.005138495172897772
ADA,2022-10-13 12:00:00+00:00,2022-10-13 12:00:00+00:00,2022-10-14 12:00:00+00:00,1,0.3603,0.34434248851618576,0.3922150229676285,0.3789,tempo,1.1655952758590238,1.1354853178942526,96,24.0,0.015957511483814246
ADA,2022-10-17 00:00:00+00:00,2022-10-17 00:00:00+00:00,2022-10-18 00:00:00+00:00,-1,0.3701,0.37613998144233196,0.35802003711533603,0.3721,tempo,-0.3311268451890842,-0.4109996071513691,96,24.0,0.006039981442331976
ADA,2022-10-21 12:00:00+00:00,2022-10-21 12:00:00+00:00,2022-10-21 12:30:00+00:00,1,0.3339,0.32992302486222774,0.34185395027554444,0.32992302486222774,stop,-1.0,-1.108495766559444,2,0.5,0.003976975137772232
ADA,2022-10-21 16:00:00+00:00,2022-10-21 16:00:00+00:00,2022-10-22 16:00:00+00:00,1,0.3429,0.32732345801463153,0.3740530839707369,0.3498,tempo,0.44297380037760686,0.41406783392992297,96,24.0,0.015576541985368453
ADA,2022-11-04 12:00:00+00:00,2022-11-04 12:00:00+00:00,2022-11-04 13:30:00+00:00,-1,0.4049,0.41689258317207595,0.38091483365584805,0.41689258317207595,stop,-1.0,-1.0445412945148984,6,1.5,0.011992583172075966
ADA,2022-11-04 16:00:00+00:00,2022-11-04 16:00:00+00:00,2022-11-04 19:45:00+00:00,-1,0.4095,0.4245774551743456,0.37934508965130875,0.4245774551743456,stop,-1.0,-1.0359576824864847,15,3.75,0.015077455174345611
ADA,2022-11-26 04:00:00+00:00,2022-11-26 04:00:00+00:00,2022-11-27 04:00:00+00:00,-1,0.3185,0.3245938323117555,0.30631233537648905,0.3151,tempo,0.5579411815190828,0.49035809440237155,96,24.0,0.006093832311755476
ADA,2022-11-30 04:00:00+00:00,2022-11-30 04:00:00+00:00,2022-11-30 21:45:00+00:00,-1,0.3125,0.3207210953455614,0.29605780930887715,0.3207210953455614,stop,-1.0,-1.0500655563126189,71,17.75,0.008221095345561424
ADA,2022-12-07 12:00:00+00:00,2022-12-07 12:00:00+00:00,2022-12-08 12:00:00+00:00,1,0.3094,0.3051617418087658,0.3178765163824684,0.3103,tempo,0.21235138573233783,0.11731116358798982,96,24.0,0.00423825819123419
ADA,2022-12-15 20:00:00+00:00,2022-12-15 20:00:00+00:00,2022-12-16 09:00:00+00:00,1,0.3015,0.2941478366073737,0.31620432678525257,0.2941478366073737,stop,-1.0,-1.0526608391460803,52,13.0,0.0073521633926262875
ADA,2022-12-21 08:00:00+00:00,2022-12-21 08:00:00+00:00,2022-12-22 08:00:00+00:00,1,0.2526,0.24636592338538138,0.2650681532292372,0.252,tempo,-0.09624520792590488,-0.1488576508386017,96,24.0,0.006234076614618611
ADA,2022-12-25 16:00:00+00:00,2022-12-25 16:00:00+00:00,2022-12-26 03:00:00+00:00,1,0.2564,0.2536492940294878,0.2619014119410244,0.2619014119410244,alvo,2.0,1.8775238351996835,44,11.0,0.0027507059705121906
ADA,2022-12-27 04:00:00+00:00,2022-12-27 04:00:00+00:00,2022-12-27 17:45:00+00:00,-1,0.2638,0.267195176796658,0.25700964640668394,0.25700964640668394,alvo,2.0,1.9002920052653614,55,13.75,0.003395176796658017
ADA,2022-12-30 00:00:00+00:00,2022-12-30 00:00:00+00:00,2022-12-31 00:00:00+00:00,1,0.2436,0.2378599032590439,0.25508019348191224,0.2457,tempo,0.3658474926069283,0.31043988985160875,96,24.0,0.005740096740956102
ADA,2023-01-04 12:00:00+00:00,2023-01-04 12:00:00+00:00,2023-01-04 15:45:00+00:00,-1,0.2641,0.26862395486404295,0.2550520902719141,0.26862395486404295,stop,-1.0,-1.0765415617679648,15,3.75,0.004523954864042945
ADA,2023-01-04 20:00:00+00:00,2023-01-04 20:00:00+00:00,2023-01-05 20:00:00+00:00,-1,0.2662,0.2721427023857922,0.2543145952284156,0.2688,tempo,-0.4375113931695564,-0.49602854200598473,96,24.0,0.005942702385792198
ADA,2023-01-07 04:00:00+00:00,2023-01-07 04:00:00+00:00,2023-01-08 04:00:00+00:00,-1,0.2766,0.2821501975516172,0.26549960489676566,0.2758,tempo,0.14413901353239666,0.07944582078372059,96,24.0,0.005550197551617175
ADA,2023-01-12 16:00:00+00:00,2023-01-12 16:00:00+00:00,2023-01-13 16:00:00+00:00,-1,0.3221,0.3378675489969743,0.2905649020060514,0.3318,tempo,-0.6151875603406312,-0.6421438742281962,96,24.0,0.0157675489969743
ADA,2023-01-14 08:00:00+00:00,2023-01-14 08:00:00+00:00,2023-01-14 09:30:00+00:00,-1,0.3638,0.37417148942923717,0.3430570211415257,0.3430570211415257,alvo,2.0,1.9556999920911278,6,1.5,0.010371489429237157
ADA,2023-01-16 16:00:00+00:00,2023-01-16 16:00:00+00:00,2023-01-17 16:00:00+00:00,1,0.3471,0.33461857619453916,0.37206284761092173,0.3529,tempo,0.46469057460114155,0.4282364002143277,96,24.0,0.012481423805460856
ADA,2023-01-21 04:00:00+00:00,2023-01-21 04:00:00+00:00,2023-01-21 10:15:00+00:00,-1,0.3597,0.37101196241586654,0.337076075168267,0.37101196241586654,stop,-1.0,-1.0419876550247475,25,6.25,0.011311962415866517
ADA,2023-01-21 12:00:00+00:00,2023-01-21 12:00:00+00:00,2023-01-21 15:45:00+00:00,-1,0.3639,0.3770032066565343,0.3376935866869314,0.3770032066565343,stop,-1.0,-1.0367533762498198,15,3.75,0.013103206656534305
ADA,2023-01-31 20:00:00+00:00,2023-01-31 20:00:00+00:00,2023-02-01 16:00:00+00:00,-1,0.3934,0.4024089435218995,0.3753821129562011,0.3753821129562011,alvo,2.0,1.9445319673492445,80,20.0,0.00900894352189946
ADA,2023-02-02 00:00:00+00:00,2023-02-02 00:00:00+00:00,2023-02-02 00:45:00+00:00,-1,0.3971,0.40474552532054986,0.3818089493589003,0.40474552532054986,stop,-1.0,-1.0681705402318744,3,0.75,0.007645525320549851
ADA,2023-02-02 20:00:00+00:00,2023-02-02 20:00:00+00:00,2023-02-03 20:00:00+00:00,-1,0.4053,0.41672162632743226,0.38245674734513546,0.4035,tempo,0.15759577037437822,0.11156729904036736,96,24.0,0.011421626327432266
ADA,2023-02-18 20:00:00+00:00,2023-02-18 20:00:00+00:00,2023-02-19 20:00:00+00:00,-1,0.4053,0.42091357431199106,0.37407285137601787,0.4013,tempo,0.25618733546027606,0.22260822093315905,96,24.0,0.015613574311991063
ADA,2023-02-20 04:00:00+00:00,2023-02-20 04:00:00+00:00,2023-02-21 04:00:00+00:00,1,0.4016,0.3868856530965435,0.43102869380691305,0.4018,tempo,0.013592176486813446,-0.021897675929084703,96,24.0,0.014714346903456521
ADA,2023-02-25 00:00:00+00:00,2023-02-25 00:00:00+00:00,2023-02-25 19:30:00+00:00,1,0.3656,0.35531514434273315,0.38616971131453365,0.35531514434273315,stop,-1.0,-1.0455616354218533,78,19.5,0.010284855657266834
ADA,2023-02-25 20:00:00+00:00,2023-02-25 20:00:00+00:00,2023-02-25 20:45:00+00:00,1,0.3581,0.35331337011930086,0.3676732597613982,0.35331337011930086,stop,-1.0,-1.0966063184542705,3,0.75,0.0047866298806991114
ADA,2023-03-06 16:00:00+00:00,2023-03-06 16:00:00+00:00,2023-03-07 00:30:00+00:00,1,0.3357,0.327460354588538,0.352179290822924,0.327460354588538,stop,-1.0,-1.0523146578471592,34,8.5,0.008239645411461993
ADA,2023-03-07 04:00:00+00:00,2023-03-07 04:00:00+00:00,2023-03-07 11:00:00+00:00,1,0.3327,0.3259962553268657,0.34610748934626856,0.3259962553268657,stop,-1.0,-1.0638676720010405,28,7.0,0.006703744673134282
ADA,2023-03-10 12:00:00+00:00,2023-03-10 12:00:00+00:00,2023-03-11 01:45:00+00:00,1,0.3037,0.2948290052553857,0.3214419894892287,0.3214419894892287,alvo,2.0,1.9541942809272101,55,13.75,0.008870994744614336
ADA,2023-04-03 12:00:00+00:00,2023-04-03 12:00:00+00:00,2023-04-04 12:00:00+00:00,-1,0.3962,0.4073204760600884,0.37395904787982315,0.3977,tempo,-0.13488631169159443,-0.18129035026077567,96,24.0,0.011120476060088424
ADA,2023-04-11 12:00:00+00:00,2023-04-11 12:00:00+00:00,2023-04-12 02:30:00+00:00,-1,0.4077,0.4151096636331521,0.3928806727336958,0.3928806727336958,alvo,2.0,1.9297704372235407,58,14.5,0.007409663633152097
ADA,2023-04-13 12:00:00+00:00,2023-04-13 12:00:00+00:00,2023-04-13 16:15:00+00:00,-1,0.4114,0.4190753172115165,0.396049365576967,0.4190753172115165,stop,-1.0,-1.0703305076925713,17,4.25,0.007675317211516486
ADA,2023-04-15 16:00:00+00:00,2023-04-15 16:00:00+00:00,2023-04-16 16:00:00+00:00,-1,0.4562,0.4651429047591012,0.4383141904817976,0.4476,tempo,0.9616562215143543,0.8959650377407452,96,24.0,0.0089429047591012
ADA,2023-04-30 20:00:00+00:00,2023-04-30 20:00:00+00:00,2023-05-01 20:00:00+00:00,-1,0.4004,0.4164880537588046,0.36822389248239074,0.3821,tempo,1.1374899832109782,1.1058749098388096,96,24.0,0.01608805375880462
ADA,2023-05-08 20:00:00+00:00,2023-05-08 20:00:00+00:00,2023-05-09 20:00:00+00:00,1,0.3608,0.3495571979110108,0.3832856041779784,0.3642,tempo,0.3024157121230349,0.26050000496480563,96,24.0,0.011242802088989201
ADA,2023-05-11 16:00:00+00:00,2023-05-11 16:00:00+00:00,2023-05-11 17:30:00+00:00,1,0.3545,0.3484925220078594,0.36651495598428113,0.3484925220078594,stop,-1.0,-1.0760627238090457,6,1.5,0.006007477992140575
ADA,2023-05-15 04:00:00+00:00,2023-05-15 04:00:00+00:00,2023-05-16 04:00:00+00:00,-1,0.3714,0.3772611245968491,0.3596777508063019,0.3648,tempo,1.1260637597685856,1.0444190187137279,96,24.0,0.0058611245968490655
ADA,2023-05-17 04:00:00+00:00,2023-05-17 04:00:00+00:00,2023-05-17 19:30:00+00:00,-1,0.3727,0.3786039066031827,0.3608921867936345,0.3786039066031827,stop,-1.0,-1.0827160001191085,62,15.5,0.00590390660318274
ADA,2023-05-31 20:00:00+00:00,2023-05-31 20:00:00+00:00,2023-06-01 02:45:00+00:00,1,0.3756,0.3688999071904002,0.3890001856191995,0.3688999071904002,stop,-1.0,-1.0722266024405516,27,6.75,0.006700092809599767
ADA,2023-06-07 12:00:00+00:00,2023-06-07 12:00:00+00:00,2023-06-07 14:15:00+00:00,1,0.3374,0.33196809372418856,0.3482638125516228,0.33196809372418856,stop,-1.0,-1.0800988159273293,9,2.25,0.005431906275811416
ADA,2023-06-22 12:00:00+00:00,2023-06-22 12:00:00+00:00,2023-06-23 12:00:00+00:00,-1,0.2927,0.30729630079052944,0.26350739841894116,0.2926,tempo,0.006851050922770266,-0.019213429760365948,96,24.0,0.014596300790529426
ADA,2023-06-28 16:00:00+00:00,2023-06-28 16:00:00+00:00,2023-06-28 17:45:00+00:00,1,0.2748,0.26938552646208114,0.2856289470758377,0.26938552646208114,stop,-1.0,-1.0653287138118162,7,1.75,0.005414473537918851
ADA,2023-07-04 08:00:00+00:00,2023-07-04 08:00:00+00:00,2023-07-05 08:00:00+00:00,-1,0.2949,0.30327382245342605,0.2781523550931479,0.2951,tempo,-0.023883955160543244,-0.06968143918088995,96,24.0,0.00837382245342605
ADA,2023-07-06 16:00:00+00:00,2023-07-06 16:00:00+00:00,2023-07-07 16:00:00+00:00,1,0.2821,0.27361603276154833,0.2990679344769034,0.2839,tempo,0.2121648928395045,0.16880074613080723,96,24.0,0.008483967238451684
ADA,2023-07-22 12:00:00+00:00,2023-07-22 12:00:00+00:00,2023-07-23 12:00:00+00:00,1,0.3113,0.30483948859782584,0.3242210228043484,0.3144,tempo,0.47983817487834396,0.4168857281319254,96,24.0,0.006460511402174185
ADA,2023-07-31 00:00:00+00:00,2023-07-31 00:00:00+00:00,2023-08-01 00:00:00+00:00,1,0.3156,0.30353531552093915,0.33972936895812167,0.3069,tempo,-0.721112932136724,-0.754650899971876,96,24.0,0.012064684479060839
ADA,2023-08-09 00:00:00+00:00,2023-08-09 00:00:00+00:00,2023-08-10 00:00:00+00:00,-1,0.2973,0.30380376040087054,0.28429247919825895,0.3013,tempo,-0.6150288069444568,-0.6748541965679614,96,24.0,0.0065037604008705285
ADA,2023-08-23 00:00:00+00:00,2023-08-23 00:00:00+00:00,2023-08-24 00:00:00+00:00,1,0.2583,0.24780998462810253,0.27928003074379487,0.2679,tempo,0.9151559516031091,0.8825506609648998,96,24.0,0.010490015371897449
ADA,2023-08-28 12:00:00+00:00,2023-08-28 12:00:00+00:00,2023-08-28 22:45:00+00:00,1,0.2603,0.2565981119634334,0.2677037760731331,0.2677037760731331,alvo,2.0,1.9072898880091873,43,10.75,0.0037018880365665696
ADA,2023-09-11 12:00:00+00:00,2023-09-11 12:00:00+00:00,2023-09-11 19:45:00+00:00,1,0.243,0.23654753992562896,0.25590492014874205,0.23654753992562896,stop,-1.0,-1.0483080712408814,31,7.75,0.00645246007437103
ADA,2023-09-22 04:00:00+00:00,2023-09-22 04:00:00+00:00,2023-09-23 04:00:00+00:00,1,0.2461,0.2421262486991676,0.25404750260166487,0.2444,tempo,-0.4278073465855538,-0.5080400979238706,96,24.0,0.003973751300832412
ADA,2023-09-25 04:00:00+00:00,2023-09-25 04:00:00+00:00,2023-09-26 04:00:00+00:00,1,0.2439,0.23938886856904165,0.2529222628619167,0.2463,tempo,0.5320173080149262,0.46138536015959414,96,24.0,0.004511131430958354
ADA,2023-09-27 20:00:00+00:00,2023-09-27 20:00:00+00:00,2023-09-28 16:15:00+00:00,1,0.2444,0.2414988885874277,0.2502022228251446,0.2502022228251446,alvo,2.0,1.8891833510967126,81,20.25,0.0029011114125722937
ADA,2023-10-02 12:00:00+00:00,2023-10-02 12:00:00+00:00,2023-10-02 18:45:00+00:00,-1,0.2668,0.27050313480148674,0.25939373039702646,0.25939373039702646,alvo,2.0,1.9076388133046769,27,6.75,0.0037031348014867627
ADA,2023-10-14 00:00:00+00:00,2023-10-14 00:00:00+00:00,2023-10-15 00:00:00+00:00,-1,0.2457,0.25025952792693645,0.2365809441461271,0.2467,tempo,-0.21932095077042355,-0.2895168142740052,96,24.0,0.004559527926936452
ADA,2023-10-16 16:00:00+00:00,2023-10-16 16:00:00+00:00,2023-10-17 16:00:00+00:00,-1,0.2499,0.26126941189587144,0.22716117620825715,0.2472,tempo,0.23747930189603372,0.20905962610635348,96,24.0,0.011369411895871429
ADA,2023-10-24 04:00:00+00:00,2023-10-24 04:00:00+00:00,2023-10-24 12:45:00+00:00,-1,0.2822,0.2919618015143625,0.262676396971275,0.2919618015143625,stop,-1.0,-1.0382311779680462,35,8.75,0.009761801514362511
ADA,2023-11-07 00:00:00+00:00,2023-11-07 00:00:00+00:00,2023-11-08 00:00:00+00:00,-1,0.3628,0.3786748693979023,0.33105026120419545,0.3514,tempo,0.7181161440929037,0.688873068867268,96,24.0,0.01587486939790228
ADA,2023-11-11 04:00:00+00:00,2023-11-11 04:00:00+00:00,2023-11-11 16:15:00+00:00,-1,0.3744,0.3922312543757095,0.33873749124858105,0.3922312543757095,stop,-1.0,-1.027945892355337,49,12.25,0.017831254375709482
ADA,2023-11-21 16:00:00+00:00,2023-11-21 16:00:00+00:00,2023-11-21 18:15:00+00:00,1,0.3757,0.3613252020562867,0.4044495958874265,0.3613252020562867,stop,-1.0,-1.0333268254073862,9,2.25,0.014374797943713269
ADA,2023-12-03 04:00:00+00:00,2023-12-03 04:00:00+00:00,2023-12-04 02:00:00+00:00,-1,0.3971,0.40495198858867343,0.38139602282265317,0.40495198858867343,stop,-1.0,-1.0663951286601037,88,22.0,0.00785198858867342
ADA,2023-12-04 12:00:00+00:00,2023-12-04 12:00:00+00:00,2023-12-05 12:00:00+00:00,-1,0.4041,0.4182603490962248,0.3757793018075505,0.3996,tempo,0.31778877550411033,0.2808966765558382,96,24.0,0.014160349096224767
ADA,2023-12-06 04:00:00+00:00,2023-12-06 04:00:00+00:00,2023-12-06 10:00:00+00:00,-1,0.4258,0.4326548040896636,0.4120903918206728,0.4326548040896636,stop,-1.0,-1.0814021254815562,24,6.0,0.006854804089663602
ADA,2023-12-06 20:00:00+00:00,2023-12-06 20:00:00+00:00,2023-12-06 22:45:00+00:00,-1,0.448,0.45498988598225243,0.43402022803549517,0.45498988598225243,stop,-1.0,-1.0839703862664907,11,2.75,0.0069898859822524195
ADA,2023-12-08 20:00:00+00:00,2023-12-08 20:00:00+00:00,2023-12-09 03:30:00+00:00,-1,0.533,0.5785994445410995,0.44180111091780117,0.5785994445410995,stop,-1.0,-1.0158453605350495,30,7.5,0.04559944454109943
ADA,2023-12-09 12:00:00+00:00,2023-12-09 12:00:00+00:00,2023-12-10 12:00:00+00:00,-1,0.624,0.6577412097839386,0.5565175804321228,0.5911,tempo,0.9750687723017281,0.9516607497365156,96,24.0,0.033741209783938575
ADA,2023-12-14 04:00:00+00:00,2023-12-14 04:00:00+00:00,2023-12-15 04:00:00+00:00,-1,0.6568,0.6909084533527557,0.5885830932944887,0.6383,tempo,0.5423875368569128,0.517706998243983,96,24.0,0.0341084533527557
ADA,2024-01-05 20:00:00+00:00,2024-01-05 20:00:00+00:00,2024-01-06 06:15:00+00:00,1,0.528,0.5158870781194433,0.5522258437611134,0.5158870781194433,stop,-1.0,-1.056016756936804,41,10.25,0.012112921880556682
ADA,2024-01-09 00:00:00+00:00,2024-01-09 00:00:00+00:00,2024-01-09 08:45:00+00:00,-1,0.541,0.5490890317018606,0.5248219365962788,0.5248219365962788,alvo,2.0,1.9143551064797741,35,8.75,0.008089031701860594
ADA,2024-01-11 16:00:00+00:00,2024-01-11 16:00:00+00:00,2024-01-12 16:00:00+00:00,-1,0.5838,0.6250004846278975,0.501399030744205,0.5667,tempo,0.41504366160832307,0.39689278288070645,96,24.0,0.04120048462789749
ADA,2024-01-19 20:00:00+00:00,2024-01-19 20:00:00+00:00,2024-01-20 20:00:00+00:00,1,0.4978,0.4674598824857091,0.5584802350285819,0.5108,tempo,0.428475598154051,0.40686757373914223,96,24.0,0.030340117514290943
ADA,2024-01-22 12:00:00+00:00,2024-01-22 12:00:00+00:00,2024-01-22 19:30:00+00:00,1,0.4934,0.48239746946359807,0.5154050610728038,0.48239746946359807,stop,-1.0,-1.0576474978236015,30,7.5,0.011002530536401933
ADA,2024-01-23 16:00:00+00:00,2024-01-23 16:00:00+00:00,2024-01-24 16:00:00+00:00,1,0.4673,0.44352717005164677,0.5148456598967064,0.4727,tempo,0.22715007055245776,0.20144846071772604,96,24.0,0.023772829948353225
ADA,2024-02-02 12:00:00+00:00,2024-02-02 12:00:00+00:00,2024-02-03 12:00:00+00:00,-1,0.5182,0.5271964621510852,0.5002070756978296,0.5219,tempo,-0.41127278010653673,-0.48642065364240783,96,24.0,0.008996462151085183
ADA,2024-02-08 16:00:00+00:00,2024-02-08 16:00:00+00:00,2024-02-09 02:45:00+00:00,-1,0.5316,0.5393996060636889,0.5160007878726222,0.5393996060636889,stop,-1.0,-1.089254474938462,43,10.75,0.007799606063688902
ADA,2024-02-09 04:00:00+00:00,2024-02-09 04:00:00+00:00,2024-02-09 12:00:00+00:00,-1,0.5339,0.5443791435105768,0.5129417129788465,0.5443791435105768,stop,-1.0,-1.0668834664373537,32,8.0,0.010479143510576772
ADA,2024-02-09 16:00:00+00:00,2024-02-09 16:00:00+00:00,2024-02-10 16:00:00+00:00,-1,0.5421,0.5511409163153183,0.5240181673693636,0.538,tempo,0.45349385582225454,0.37583966950814435,96,24.0,0.009040916315318226
ADA,2024-02-14 16:00:00+00:00,2024-02-14 16:00:00+00:00,2024-02-15 10:15:00+00:00,-1,0.575,0.5871329692627355,0.5507340614745289,0.5871329692627355,stop,-1.0,-1.0622589914853593,73,18.25,0.012132969262735549
ADA,2024-02-20 04:00:00+00:00,2024-02-20 04:00:00+00:00,2024-02-21 04:00:00+00:00,-1,0.626,0.6466186460961145,0.584762707807771,0.6127,tempo,0.6450472032936388,0.6059973551005644,96,24.0,0.020618646096114523
ADA,2024-02-23 20:00:00+00:00,2024-02-23 20:00:00+00:00,2024-02-24 20:00:00+00:00,1,0.5917,0.5642591256793824,0.6465817486412352,0.5942,tempo,0.09110496884283245,0.06301420937964596,96,24.0,0.027440874320617592
ADA,2024-02-28 12:00:00+00:00,2024-02-28 12:00:00+00:00,2024-02-28 15:30:00+00:00,-1,0.6257,0.6508263665942928,0.5754472668114144,0.6508263665942928,stop,-1.0,-1.033022766549731,14,3.5,0.025126366594292793
ADA,2024-02-28 20:00:00+00:00,2024-02-28 20:00:00+00:00,2024-02-29 06:15:00+00:00,1,0.6186,0.5877442783611325,0.6803114432777351,0.6803114432777351,alvo,2.0,1.9726374107203828,41,10.25,0.030855721638867517
ADA,2024-03-15 12:00:00+00:00,2024-03-15 12:00:00+00:00,2024-03-16 12:00:00+00:00,1,0.7017,0.6578586559245359,0.7893826881509283,0.719,tempo,0.3946046902718466,0.3735411252860091,96,24.0,0.04384134407546414
ADA,2024-03-19 04:00:00+00:00,2024-03-19 04:00:00+00:00,2024-03-19 07:00:00+00:00,1,0.6356,0.6132639248536312,0.6802721502927377,0.6132639248536312,stop,-1.0,-1.036343070384361,12,3.0,0.022336075146368817
ADA,2024-03-19 12:00:00+00:00,2024-03-19 12:00:00+00:00,2024-03-19 23:15:00+00:00,1,0.6176,0.5829984033125208,0.6868031933749584,0.5829984033125208,stop,-1.0,-1.0225535535022152,45,11.25,0.0346015966874792
ADA,2024-03-21 20:00:00+00:00,2024-03-21 20:00:00+00:00,2024-03-22 20:00:00+00:00,-1,0.6329,0.6546858802450377,0.5893282395099246,0.6133,tempo,0.8996652776728853,0.8624838559956728,96,24.0,0.021785880245037692
ADA,2024-03-29 16:00:00+00:00,2024-03-29 16:00:00+00:00,2024-03-30 16:00:00+00:00,-1,0.6502,0.6730477387041033,0.6045045225917934,0.6512,tempo,-0.04376800754555235,-0.0807918028084105,96,24.0,0.022847738704103282
ADA,2024-04-04 08:00:00+00:00,2024-04-04 08:00:00+00:00,2024-04-05 08:00:00+00:00,1,0.5762,0.5557189285383042,0.6171621429233918,0.5722,tempo,-0.1953022822795618,-0.2317486176871622,96,24.0,0.020481071461695866
ADA,2024-04-09 16:00:00+00:00,2024-04-09 16:00:00+00:00,2024-04-10 12:45:00+00:00,-1,0.6062,0.6288668260045585,0.560866347990883,0.560866347990883,alvo,2.0,1.9665328914581373,83,20.75,0.022666826004558494
ADA,2024-04-14 00:00:00+00:00,2024-04-14 00:00:00+00:00,2024-04-15 00:00:00+00:00,1,0.4448,0.3859443294152554,0.5625113411694891,0.4671,tempo,0.37889297290209145,0.36882198069163763,96,24.0,0.05885567058474456
ADA,2024-04-26 04:00:00+00:00,2024-04-26 04:00:00+00:00,2024-04-27 00:45:00+00:00,1,0.4728,0.4581173538836857,0.5021652922326286,0.4581173538836857,stop,-1.0,-1.0412116641122375,83,20.75,0.014682646116314313
ADA,2024-04-30 16:00:00+00:00,2024-04-30 16:00:00+00:00,2024-05-01 08:30:00+00:00,1,0.4357,0.42193902004959566,0.4632219599008086,0.42193902004959566,stop,-1.0,-1.0405105860949866,66,16.5,0.013760979950404317
ADA,2024-05-02 16:00:00+00:00,2024-05-02 16:00:00+00:00,2024-05-03 14:15:00+00:00,-1,0.4573,0.4650213206802881,0.4418573586394237,0.4650213206802881,stop,-1.0,-1.0776433052408614,89,22.25,0.007721320680288135
ADA,2024-05-04 12:00:00+00:00,2024-05-04 12:00:00+00:00,2024-05-05 12:00:00+00:00,-1,0.4685,0.4780220263905343,0.44945594721893145,0.4581,tempo,1.0922044923482372,1.02895219968512,96,24.0,0.009522026390534288
ADA,2024-05-06 12:00:00+00:00,2024-05-06 12:00:00+00:00,2024-05-07 12:00:00+00:00,-1,0.4651,0.47856180545437793,0.4381763890912442,0.4485,tempo,1.2331183997761246,1.1890054461301576,96,24.0,0.013461805454377918
ADA,2024-05-08 04:00:00+00:00,2024-05-08 04:00:00+00:00,2024-05-08 15:15:00+00:00,1,0.444,0.4336407750240789,0.46471844995184225,0.46471844995184225,alvo,2.0,1.942981546028623,45,11.25,0.010359224975921122
ADA,2024-05-08 20:00:00+00:00,2024-05-08 20:00:00+00:00,2024-05-09 11:00:00+00:00,-1,0.464,0.4721395204179103,0.4477209591641795,0.4477209591641795,alvo,2.0,1.927192439722528,60,15.0,0.008139520417910273
ADA,2024-05-20 08:00:00+00:00,2024-05-20 08:00:00+00:00,2024-05-20 19:45:00+00:00,1,0.467,0.4577700379227376,0.4854599241545248,0.4854599241545248,alvo,2.0,1.9329250818672847,47,11.75,0.0092299620772624
ADA,2024-05-21 04:00:00+00:00,2024-05-21 04:00:00+00:00,2024-05-22 04:00:00+00:00,-1,0.4986,0.5133911142488506,0.4690177715022987,0.4921,tempo,0.4394530317758237,0.39591641991779286,96,24.0,0.014791114248850656
ADA,2024-05-23 20:00:00+00:00,2024-05-23 20:00:00+00:00,2024-05-23 20:15:00+00:00,1,0.4602,0.45014875298793,0.48030249402414,0.45014875298793,stop,-1.0,-1.058870972798856,1,0.25,0.010051247012069997
ADA,2024-05-24 00:00:00+00:00,2024-05-24 00:00:00+00:00,2024-05-25 00:00:00+00:00,1,0.4658,0.43773424573324315,0.5219315085335137,0.4601,tempo,-0.20309448824439705,-0.22453823760098776,96,24.0,0.028065754266756837
ADA,2024-05-27 20:00:00+00:00,2024-05-27 20:00:00+00:00,2024-05-28 20:00:00+00:00,-1,0.465,0.47721432458715324,0.4405713508256936,0.4583,tempo,0.5485362659386805,0.499401743950357,96,24.0,0.012214324587153214
ADA,2024-06-02 20:00:00+00:00,2024-06-02 20:00:00+00:00,2024-06-03 08:45:00+00:00,1,0.4451,0.43919213812411645,0.4569157237517671,0.4569157237517671,alvo,2.0,1.9007576289432184,51,12.75,0.005907861875883547
ADA,2024-06-07 16:00:00+00:00,2024-06-07 16:00:00+00:00,2024-06-07 18:15:00+00:00,-1,0.4793,0.49342908343512837,0.4510418331297433,0.4510418331297433,alvo,2.0,1.957200182565923,9,2.25,0.014129083435128365
ADA,2024-06-11 04:00:00+00:00,2024-06-11 04:00:00+00:00,2024-06-11 07:00:00+00:00,1,0.4347,0.4264448484819446,0.45121030303611076,0.4264448484819446,stop,-1.0,-1.0678054364343295,12,3.0,0.008255151518055392
ADA,2024-06-17 08:00:00+00:00,2024-06-17 08:00:00+00:00,2024-06-17 10:00:00+00:00,1,0.4102,0.40443151296169805,0.42173697407660393,0.40443151296169805,stop,-1.0,-1.091793650555029,8,2.0,0.0057684870383019615
ADA,2024-06-24 12:00:00+00:00,2024-06-24 12:00:00+00:00,2024-06-25 12:00:00+00:00,1,0.3724,0.356329484394286,0.404541031211428,0.3929,tempo,1.2756280198446837,1.244674128121189,96,24.0,0.016070515605713986
ADA,2024-06-28 20:00:00+00:00,2024-06-28 20:00:00+00:00,2024-06-29 03:30:00+00:00,-1,0.3936,0.39897749186545867,0.3828450162690827,0.39897749186545867,stop,-1.0,-1.0958021662518327,30,7.5,0.005377491865458661
ADA,2024-07-05 08:00:00+00:00,2024-07-05 08:00:00+00:00,2024-07-06 08:00:00+00:00,1,0.3309,0.3111804542856878,0.3703390914286245,0.353,tempo,1.1207154728701494,1.0981726107555643,96,24.0,0.019719545714312225
ADA,2024-07-08 16:00:00+00:00,2024-07-08 16:00:00+00:00,2024-07-09 16:00:00+00:00,-1,0.3608,0.3842518833488454,0.3138962333023092,0.374,tempo,-0.5628545820244266,-0.5832205369840104,96,24.0,0.023451883348845404
ADA,2024-07-11 16:00:00+00:00,2024-07-11 16:00:00+00:00,2024-07-12 13:30:00+00:00,-1,0.3932,0.40736814120301806,0.36486371759396385,0.40736814120301806,stop,-1.0,-1.0367281271640005,86,21.5,0.01416814120301807
ADA,2024-07-19 04:00:00+00:00,2024-07-19 04:00:00+00:00,2024-07-20 04:00:00+00:00,1,0.426,0.41155258417768953,0.4548948316446209,0.4385,tempo,0.865206633057301,0.826312134074843,96,24.0,0.014447415822310461
ADA,2024-07-26 00:00:00+00:00,2024-07-26 00:00:00+00:00,2024-07-27 00:00:00+00:00,1,0.3946,0.37866735838407295,0.4264652832318541,0.417,tempo,1.4059187760558065,1.3728081335950708,96,24.0,0.015932641615927057
ADA,2024-07-30 04:00:00+00:00,2024-07-30 04:00:00+00:00,2024-07-30 19:30:00+00:00,1,0.4043,0.39586046813380793,0.4211790637323841,0.39586046813380793,stop,-1.0,-1.0616271509525856,62,15.5,0.008439531866192063
ADA,2024-08-01 08:00:00+00:00,2024-08-01 08:00:00+00:00,2024-08-01 16:15:00+00:00,1,0.3851,0.3758938656416095,0.40351226871678103,0.3758938656416095,stop,-1.0,-1.053730044925558,33,8.25,0.009206134358390516
ADA,2024-08-01 20:00:00+00:00,2024-08-01 20:00:00+00:00,2024-08-02 15:15:00+00:00,1,0.3779,0.36502138702633713,0.4036572259473258,0.36502138702633713,stop,-1.0,-1.037496188646608,77,19.25,0.012878612973662884
ADA,2024-08-03 04:00:00+00:00,2024-08-03 04:00:00+00:00,2024-08-03 17:45:00+00:00,1,0.3663,0.35082858976665166,0.39724282046669673,0.35082858976665166,stop,-1.0,-1.030128706841706,55,13.75,0.01547141023334836
ADA,2024-08-04 20:00:00+00:00,2024-08-04 20:00:00+00:00,2024-08-05 01:00:00+00:00,1,0.3504,0.33045319258445083,0.3902936148310983,0.33045319258445083,stop,-1.0,-1.0221867372537476,20,5.0,0.01994680741554916
ADA,2024-08-05 08:00:00+00:00,2024-08-05 08:00:00+00:00,2024-08-06 08:00:00+00:00,1,0.3076,0.26936923154557935,0.38406153690884126,0.3334,tempo,0.6748491082715008,0.6639508183117597,96,24.0,0.03823076845442064
ADA,2024-08-14 16:00:00+00:00,2024-08-14 16:00:00+00:00,2024-08-15 16:00:00+00:00,-1,0.3376,0.3474061853496712,0.3179876293006576,0.3382,tempo,-0.06118587183548464,-0.10598106837077433,96,24.0,0.009806185349671204
ADA,2024-08-28 20:00:00+00:00,2024-08-28 20:00:00+00:00,2024-08-29 20:00:00+00:00,1,0.3516,0.33756890319827354,0.379662193603453,0.3541,tempo,0.17817566476288474,0.14548363744086115,96,24.0,0.014031096801726484
ADA,2024-09-05 16:00:00+00:00,2024-09-05 16:00:00+00:00,2024-09-06 16:00:00+00:00,-1,0.3259,0.3417837538178119,0.2941324923643763,0.3172,tempo,0.547729466207412,0.5214123245043442,96,24.0,0.015883753817811874
ADA,2024-09-13 20:00:00+00:00,2024-09-13 20:00:00+00:00,2024-09-14 20:00:00+00:00,-1,0.3587,0.3665650365311877,0.3429699269376246,0.3526,tempo,0.7755844458968884,0.7167995949725937,96,24.0,0.007865036531187697
ADA,2024-09-15 16:00:00+00:00,2024-09-15 16:00:00+00:00,2024-09-15 16:30:00+00:00,1,0.3486,0.3441922821899931,0.3574154356200139,0.3441922821899931,stop,-1.0,-1.1021651119318792,2,0.5,0.004407717810006928
ADA,2024-09-23 00:00:00+00:00,2024-09-23 00:00:00+00:00,2024-09-24 00:00:00+00:00,1,0.3515,0.34074732450478745,0.37300535099042503,0.3636,tempo,1.125301326668637,1.082073480705374,96,24.0,0.010752675495212527
ADA,2024-10-14 04:00:00+00:00,2024-10-14 04:00:00+00:00,2024-10-15 04:00:00+00:00,1,0.3559,0.3402124849630109,0.38727503007397823,0.3599,tempo,0.2549798352746451,0.22532121828508656,96,24.0,0.01568751503698912
ADA,2024-10-15 12:00:00+00:00,2024-10-15 12:00:00+00:00,2024-10-15 14:00:00+00:00,-1,0.3551,0.3691135692203877,0.3270728615592247,0.3691135692203877,stop,-1.0,-1.033591643398628,8,2.0,0.014013569220387656
ADA,2024-11-01 16:00:00+00:00,2024-11-01 16:00:00+00:00,2024-11-02 16:00:00+00:00,-1,0.3526,0.3642696826279498,0.3292606347441005,0.3543,tempo,-0.14567662670862636,-0.1850508766046346,96,24.0,0.011669682627949762
ADA,2024-11-05 20:00:00+00:00,2024-11-05 20:00:00+00:00,2024-11-06 01:00:00+00:00,-1,0.3298,0.33978487939749963,0.3098302412050007,0.33978487939749963,stop,-1.0,-1.043588926243552,20,5.0,0.009984879397499646
ADA,2024-11-06 08:00:00+00:00,2024-11-06 08:00:00+00:00,2024-11-07 01:30:00+00:00,-1,0.3598,0.3686845902553834,0.3420308194892332,0.3686845902553834,stop,-1.0,-1.0532962095105156,70,17.5,0.008884590255383407
ADA,2024-11-08 20:00:00+00:00,2024-11-08 20:00:00+00:00,2024-11-09 20:00:00+00:00,-1,0.4438,0.4639568643583641,0.40348627128327175,0.4397,tempo,0.20340465298109192,0.17491435856872198,96,24.0,0.020156864358364113
ADA,2024-11-10 12:00:00+00:00,2024-11-10 12:00:00+00:00,2024-11-10 12:30:00+00:00,-1,0.5882,0.607860226749384,0.5488795465012318,0.607860226749384,stop,-1.0,-1.0395437528415818,2,0.5,0.019660226749384058
ADA,2024-11-15 08:00:00+00:00,2024-11-15 08:00:00+00:00,2024-11-15 13:00:00+00:00,-1,0.5903,0.6377776499980942,0.4953447000038118,0.6377776499980942,stop,-1.0,-1.0168131841515071,20,5.0,0.04747764999809412
ADA,2024-11-16 12:00:00+00:00,2024-11-16 12:00:00+00:00,2024-11-16 15:15:00+00:00,-1,0.7529,0.7986130503739525,0.6614738992520951,0.7986130503739525,stop,-1.0,-1.0220611723456046,13,3.25,0.04571305037395246
ADA,2024-12-02 04:00:00+00:00,2024-12-02 04:00:00+00:00,2024-12-02 15:45:00+00:00,-1,1.1406,1.207754642857067,1.0062907142858664,1.207754642857067,stop,-1.0,-1.0227300816878138,47,11.75,0.06715464285706685
ADA,2024-12-02 20:00:00+00:00,2024-12-02 20:00:00+00:00,2024-12-03 01:30:00+00:00,-1,1.2197,1.266483941583317,1.1261321168333662,1.266483941583317,stop,-1.0,-1.034542184932221,22,5.5,0.04678394158331689
ADA,2024-12-05 04:00:00+00:00,2024-12-05 04:00:00+00:00,2024-12-06 04:00:00+00:00,1,1.1834,1.0988571268203482,1.3524857463593036,1.1894,tempo,0.07096990880887302,0.052726857183189535,96,24.0,0.08454287317965181
ADA,2024-12-19 04:00:00+00:00,2024-12-19 04:00:00+00:00,2024-12-19 18:00:00+00:00,1,0.9767,0.9031764147698549,1.1237471704602902,0.9031764147698549,stop,-1.0,-1.0166194244442177,56,14.0,0.07352358523014513
ADA,2024-12-29 16:00:00+00:00,2024-12-29 16:00:00+00:00,2024-12-30 16:00:00+00:00,-1,0.8834,0.9173652632478646,0.8154694735042707,0.8399,tempo,1.2807202371009088,1.2477411021586697,96,24.0,0.03396526324786464
ADA,2025-01-03 16:00:00+00:00,2025-01-03 16:00:00+00:00,2025-01-03 16:30:00+00:00,-1,1.0859,1.1125382549412828,1.0326234901174347,1.1125382549412828,stop,-1.0,-1.0536440870042603,2,0.5,0.02663825494128269
ADA,2025-01-04 00:00:00+00:00,2025-01-04 00:00:00+00:00,2025-01-05 00:00:00+00:00,-1,1.0894,1.1300033953586146,1.0081932092827706,1.0707,tempo,0.46055261720944785,0.42597262734409036,96,24.0,0.04060339535861468
ADA,2025-01-09 16:00:00+00:00,2025-01-09 16:00:00+00:00,2025-01-10 16:00:00+00:00,1,0.9285,0.8683296485959324,1.048840702808135,0.9287,tempo,0.0033238961603680745,-0.016738808673999794,96,24.0,0.06017035140406757
ADA,2025-01-15 12:00:00+00:00,2025-01-15 12:00:00+00:00,2025-01-15 13:45:00+00:00,-1,1.0022,1.0679246877167072,0.8707506245665855,1.0679246877167072,stop,-1.0,-1.020472992626693,7,1.75,0.06572468771670725
ADA,2025-01-15 20:00:00+00:00,2025-01-15 20:00:00+00:00,2025-01-16 12:30:00+00:00,-1,1.0625,1.0929363180430032,1.0016273639139937,1.0929363180430032,stop,-1.0,-1.0460316390684459,66,16.5,0.030436318043003174
ADA,2025-01-17 20:00:00+00:00,2025-01-17 20:00:00+00:00,2025-01-17 21:00:00+00:00,-1,1.1378,1.1607441388067754,1.091911722386449,1.1607441388067754,stop,-1.0,-1.065117008871268,4,1.0,0.022944138806775483
ADA,2025-02-03 00:00:00+00:00,2025-02-03 00:00:00+00:00,2025-02-03 00:45:00+00:00,1,0.8042,0.7374216103741547,0.9377567792516908,0.7374216103741547,stop,-1.0,-1.0150056635441143,3,0.75,0.06677838962584537
ADA,2025-02-14 00:00:00+00:00,2025-02-14 00:00:00+00:00,2025-02-15 00:00:00+00:00,-1,0.8102,0.8381478235640248,0.7543043528719504,0.7992,tempo,0.3935905769120249,0.356159755238076,96,24.0,0.02794782356402481
ADA,2025-02-17 08:00:00+00:00,2025-02-17 08:00:00+00:00,2025-02-17 14:15:00+00:00,-1,0.7936,0.8233614487365083,0.7340771025269833,0.8233614487365083,stop,-1.0,-1.035314979152525,25,6.25,0.029761448736508322
ADA,2025-02-25 12:00:00+00:00,2025-02-25 12:00:00+00:00,2025-02-26 12:00:00+00:00,1,0.6598,0.6205901716658363,0.7382196566683276,0.6799,tempo,0.512626574865329,0.49041772986405513,96,24.0,0.039209828334163754
ADA,2025-03-03 04:00:00+00:00,2025-03-03 04:00:00+00:00,2025-03-04 01:30:00+00:00,-1,1.07,1.2009534046445256,0.808093190710949,0.808093190710949,alvo,2.0,1.9906779012177966,86,21.5,0.13095340464452554
ADA,2025-03-20 16:00:00+00:00,2025-03-20 16:00:00+00:00,2025-03-21 16:00:00+00:00,-1,0.7252,0.7604777099301437,0.6546445801397124,0.7032,tempo,0.6236232466212763,0.5973046448231858,96,24.0,0.035277709930143786
ADA,2025-03-25 00:00:00+00:00,2025-03-25 00:00:00+00:00,2025-03-25 06:45:00+00:00,-1,0.7317,0.74871612256246,0.69766775487508,0.74871612256246,stop,-1.0,-1.056550514145244,27,6.75,0.01701612256245999
ADA,2025-03-25 08:00:00+00:00,2025-03-25 08:00:00+00:00,2025-03-25 10:00:00+00:00,-1,0.7346,0.753254280958667,0.6972914380826661,0.753254280958667,stop,-1.0,-1.051843610845467,8,2.0,0.018654280958666947
ADA,2025-03-25 16:00:00+00:00,2025-03-25 16:00:00+00:00,2025-03-26 08:15:00+00:00,-1,0.7561,0.7735547325166978,0.7211905349666043,0.7735547325166978,stop,-1.0,-1.056963094403463,65,16.25,0.017454732516697824
ADA,2025-03-28 12:00:00+00:00,2025-03-28 12:00:00+00:00,2025-03-28 17:00:00+00:00,1,0.7034,0.6891494940830306,0.7319010118339389,0.6891494940830306,stop,-1.0,-1.0635175464245177,20,5.0,0.014250505916969414
ADA,2025-03-31 00:00:00+00:00,2025-03-31 00:00:00+00:00,2025-03-31 01:00:00+00:00,1,0.6607,0.6462087253135648,0.6896825493728703,0.6462087253135648,stop,-1.0,-1.058620838389669,4,1.0,0.014491274686435185
ADA,2025-03-31 12:00:00+00:00,2025-03-31 12:00:00+00:00,2025-04-01 09:00:00+00:00,1,0.6436,0.6240158148480108,0.6827683703039782,0.6827683703039782,alvo,2.0,1.9559777731875652,84,21.0,0.01958418515198912
DOGE,2020-09-05 20:00:00+00:00,2020-09-05 20:00:00+00:00,2020-09-06 20:00:00+00:00,1,0.002721,0.0026512324066516584,0.002860535186696683,0.002785,tempo,0.9173313415077357,0.8660338862245791,96,24.0,6.976759334834147e-05
DOGE,2020-09-09 00:00:00+00:00,2020-09-09 00:00:00+00:00,2020-09-10 00:00:00+00:00,1,0.002745,0.0026411736804614057,0.002952652639077189,0.002778,tempo,0.3178384839860693,0.28326199108953026,96,24.0,0.00010382631953859437
DOGE,2020-09-24 00:00:00+00:00,2020-09-24 00:00:00+00:00,2020-09-24 04:15:00+00:00,1,0.002539,0.0025117926146276362,0.0025934147707447276,0.0025934147707447276,alvo,2.0,1.8773836752291266,17,4.25,2.7207385372363807e-05
DOGE,2020-10-01 20:00:00+00:00,2020-10-01 20:00:00+00:00,2020-10-02 05:30:00+00:00,1,0.002639,0.002537702685550005,0.0028415946288999896,0.002537702685550005,stop,-1.0,-1.0332176303377574,38,9.5,0.00010129731444999488
DOGE,2020-10-02 08:00:00+00:00,2020-10-02 08:00:00+00:00,2020-10-03 08:00:00+00:00,1,0.002567,0.002518343753722777,0.0026643124925544454,0.002606,tempo,0.8015414871462628,0.7324352519294691,96,24.0,4.8656246277222794e-05
DOGE,2020-10-04 16:00:00+00:00,2020-10-04 16:00:00+00:00,2020-10-05 16:00:00+00:00,-1,0.002617,0.002688062228270012,0.002474875543459976,0.002617,tempo,-0.0,-0.04787494120045306,96,24.0,7.106222827001204e-05
DOGE,2020-10-07 04:00:00+00:00,2020-10-07 04:00:00+00:00,2020-10-08 04:00:00+00:00,1,0.002573,0.002538394102169235,0.0026422117956615304,0.00258,tempo,0.202277658976862,0.10548924399684967,96,24.0,3.460589783076508e-05
DOGE,2020-10-08 08:00:00+00:00,2020-10-08 08:00:00+00:00,2020-10-09 08:00:00+00:00,1,0.002567,0.0025285919702428537,0.002643816059514292,0.002622,tempo,1.4319922252655284,1.3441759529566775,96,24.0,3.840802975714616e-05
DOGE,2020-10-13 00:00:00+00:00,2020-10-13 00:00:00+00:00,2020-10-14 00:00:00+00:00,-1,0.002664,0.0027202833364005667,0.002551433327198867,0.00264,tempo,0.4264139536645977,0.36515958922067865,96,24.0,5.6283336400566545e-05
DOGE,2020-10-20 12:00:00+00:00,2020-10-20 12:00:00+00:00,2020-10-21 03:45:00+00:00,-1,0.002584,0.002628893006247244,0.002494213987505512,0.002628893006247244,stop,-1.0,-1.0754768000030903,63,15.75,4.4893006247243884e-05
DOGE,2020-10-22 16:00:00+00:00,2020-10-22 16:00:00+00:00,2020-10-23 16:00:00+00:00,-1,0.002667,0.002706490073495303,0.0025880198530093945,0.002661,tempo,0.15193691651937805,0.064238928304392,96,24.0,3.9490073495302824e-05
DOGE,2020-10-28 12:00:00+00:00,2020-10-28 12:00:00+00:00,2020-10-28 14:15:00+00:00,1,0.002622,0.0025980206689770243,0.002669958662045952,0.0025980206689770243,stop,-1.0,-1.1414974184052107,9,2.25,2.3979331022975885e-05
DOGE,2020-10-29 16:00:00+00:00,2020-10-29 16:00:00+00:00,2020-10-30 16:00:00+00:00,1,0.002572,0.002496089013261668,0.002723821973476664,0.002574,tempo,0.02634664738180666,-0.017716803031899587,96,24.0,7.591098673833188e-05
DOGE,2020-11-04 20:00:00+00:00,2020-11-04 20:00:00+00:00,2020-11-05 03:45:00+00:00,-1,0.002539,0.002568476100300963,0.002480047799398074,0.002568476100300963,stop,-1.0,-1.1126288563038704,31,7.75,2.9476100300962916e-05
DOGE,2020-11-06 00:00:00+00:00,2020-11-06 00:00:00+00:00,2020-11-06 01:45:00+00:00,-1,0.002635,0.0026823420202907035,0.0025403159594185936,0.0026823420202907035,stop,-1.0,-1.0730064389302727,7,1.75,4.7342020290703276e-05
DOGE,2020-11-06 16:00:00+00:00,2020-11-06 16:00:00+00:00,2020-11-07 16:00:00+00:00,-1,0.002775,0.0028382058122504994,0.0026485883754990016,0.002716,tempo,0.9334584573673282,0.87698975816203,96,24.0,6.320581225049927e-05
DOGE,2020-11-10 16:00:00+00:00,2020-11-10 16:00:00+00:00,2020-11-11 16:00:00+00:00,-1,0.002775,0.002914851448156401,0.0024952971036871986,0.002821,tempo,-0.32892044098504175,-0.35492946733371544,96,24.0,0.00013985144815640074
DOGE,2020-11-24 04:00:00+00:00,2020-11-24 04:00:00+00:00,2020-11-24 05:30:00+00:00,-1,0.003711,0.003898010453670553,0.003336979092658894,0.003898010453670553,stop,-1.0,-1.0264469536210994,6,1.5,0.000187010453670553
DOGE,2020-11-25 04:00:00+00:00,2020-11-25 04:00:00+00:00,2020-11-26 04:00:00+00:00,-1,0.003879,0.004405060105760134,0.0028268797884797325,0.003336,tempo,1.0322014424860992,1.0232865866575556,96,24.0,0.0005260601057601338
DOGE,2020-12-05 04:00:00+00:00,2020-12-05 04:00:00+00:00,2020-12-06 04:00:00+00:00,1,0.003324,0.003223089806585983,0.0035258203868280343,0.003386,tempo,0.6144077015651404,0.5711861017203603,96,24.0,0.00010091019341401707
DOGE,2020-12-09 12:00:00+00:00,2020-12-09 12:00:00+00:00,2020-12-10 12:00:00+00:00,1,0.003142,0.002980585353265692,0.0034648292934686157,0.003113,tempo,-0.17966151515193401,-0.2048497498150022,96,24.0,0.00016141464673430795
DOGE,2020-12-11 16:00:00+00:00,2020-12-11 16:00:00+00:00,2020-12-12 16:00:00+00:00,1,0.003089,0.0029844195908380784,0.0032981608183238437,0.003141,tempo,0.49722505789290244,0.45850365650949265,96,24.0,0.00010458040916192174
DOGE,2021-01-19 08:00:00+00:00,2021-01-19 08:00:00+00:00,2021-01-20 08:00:00+00:00,-1,0.00937,0.009768938380956622,0.008572123238086756,0.009118,tempo,0.6316764995028178,0.601553551765416,96,24.0,0.0003989383809566219
DOGE,2021-02-07 04:00:00+00:00,2021-02-07 04:00:00+00:00,2021-02-07 16:15:00+00:00,-1,0.0571,0.06730946143743133,0.03668107712513734,0.06730946143743133,stop,-1.0,-1.007920706731684,49,12.25,0.01020946143743133
DOGE,2021-02-21 00:00:00+00:00,2021-02-21 00:00:00+00:00,2021-02-22 00:00:00+00:00,1,0.054154,0.049198444044013974,0.06406511191197206,0.056063,tempo,0.3852241841188452,0.37076747116145004,96,24.0,0.004955555955986027
DOGE,2021-02-22 16:00:00+00:00,2021-02-22 16:00:00+00:00,2021-02-23 09:15:00+00:00,1,0.052622,0.0436549387088146,0.0705561225823708,0.0436549387088146,stop,-1.0,-1.0069788761477794,69,17.25,0.0089670612911854
DOGE,2021-03-19 12:00:00+00:00,2021-03-19 12:00:00+00:00,2021-03-20 07:15:00+00:00,-1,0.058715,0.06033633563464752,0.05547232873070497,0.06033633563464752,stop,-1.0,-1.0477281609734954,77,19.25,0.0016213356346475166
DOGE,2021-03-20 08:00:00+00:00,2021-03-20 08:00:00+00:00,2021-03-21 08:00:00+00:00,-1,0.05913,0.06106186729792534,0.05526626540414932,0.058126,tempo,0.5197044336731692,0.48025224144348044,96,24.0,0.001931867297925341
DOGE,2021-03-25 20:00:00+00:00,2021-03-25 20:00:00+00:00,2021-03-26 20:00:00+00:00,1,0.051742,0.04910842295323464,0.057009154093530724,0.052824,tempo,0.41084805220676757,0.3850398458041942,96,24.0,0.0026335770467653605
DOGE,2021-03-30 16:00:00+00:00,2021-03-30 16:00:00+00:00,2021-03-31 16:00:00+00:00,-1,0.054192,0.056034341406779486,0.05050731718644102,0.053675,tempo,0.2806211693975549,0.24256440655110603,96,24.0,0.0018423414067794894
DOGE,2021-04-03 20:00:00+00:00,2021-04-03 20:00:00+00:00,2021-04-04 00:00:00+00:00,1,0.057521,0.0555650868470282,0.061432826305943614,0.0555650868470282,stop,-1.0,-1.0375814009629638,16,4.0,0.0019559131529718055
DOGE,2021-04-07 04:00:00+00:00,2021-04-07 04:00:00+00:00,2021-04-07 09:15:00+00:00,-1,0.065439,0.06854507580920513,0.05922684838158973,0.05922684838158973,alvo,2.0,1.9739115184478482,21,5.25,0.0031060758092051333
DOGE,2021-05-02 04:00:00+00:00,2021-05-02 04:00:00+00:00,2021-05-03 04:00:00+00:00,-1,0.374829,0.4067593051061277,0.3109683897877447,0.381508,tempo,-0.20917432444822592,-0.22457095308569092,96,24.0,0.031930305106127654
DOGE,2021-05-09 08:00:00+00:00,2021-05-09 08:00:00+00:00,2021-05-09 12:15:00+00:00,1,0.526613,0.4412357353133492,0.6973675293733016,0.4412357353133492,stop,-1.0,-1.0073684918375236,17,4.25,0.0853772646866508
DOGE,2021-05-13 04:00:00+00:00,2021-05-13 04:00:00+00:00,2021-05-14 04:00:00+00:00,1,0.43881,0.33503151736128833,0.6463669652774233,0.49691,tempo,0.5598463045780501,0.5539855713650061,96,24.0,0.10377848263871164
DOGE,2021-05-17 00:00:00+00:00,2021-05-17 00:00:00+00:00,2021-05-18 00:00:00+00:00,1,0.5134,0.43988969644655235,0.6604206071068952,0.48789,tempo,-0.3470261822746012,-0.3558798867015839,96,24.0,0.07351030355344762
DOGE,2021-06-21 08:00:00+00:00,2021-06-21 08:00:00+00:00,2021-06-21 10:15:00+00:00,1,0.25679,0.24767276082750367,0.2750244783449927,0.24767276082750367,stop,-1.0,-1.0359649218731746,9,2.25,0.00911723917249635
DOGE,2021-06-23 16:00:00+00:00,2021-06-23 16:00:00+00:00,2021-06-24 16:00:00+00:00,-1,0.22751,0.254286949769371,0.17395610046125798,0.23913,tempo,-0.43395532725283126,-0.4452828310429362,96,24.0,0.026776949769371006
DOGE,2021-07-09 04:00:00+00:00,2021-07-09 04:00:00+00:00,2021-07-09 09:00:00+00:00,1,0.20375,0.19263622665819893,0.2259775466836021,0.2259775466836021,alvo,2.0,1.9748669604144478,20,5.0,0.011113773341801053
DOGE,2021-07-20 12:00:00+00:00,2021-07-20 12:00:00+00:00,2021-07-20 16:30:00+00:00,1,0.16497,0.15755816402113054,0.17979367195773893,0.17979367195773893,alvo,2.0,1.9697650639583215,18,4.5,0.007411835978869463
DOGE,2021-07-26 08:00:00+00:00,2021-07-26 08:00:00+00:00,2021-07-27 08:00:00+00:00,-1,0.21941,0.2361104606442351,0.18600907871152977,0.20034,tempo,1.1418846705035555,1.1255475462881117,96,24.0,0.01670046064423511
DOGE,2021-08-03 16:00:00+00:00,2021-08-03 16:00:00+00:00,2021-08-04 16:00:00+00:00,1,0.1964,0.1919380735466153,0.20532385290676938,0.20025,tempo,0.8628559973415777,0.8050732206209029,96,24.0,0.004461926453384696
DOGE,2021-08-18 04:00:00+00:00,2021-08-18 04:00:00+00:00,2021-08-19 04:00:00+00:00,1,0.2987,0.2707523126372034,0.35459537472559327,0.29735,tempo,-0.04830453348340763,-0.06216730842326695,96,24.0,0.027947687362796625
DOGE,2021-08-24 20:00:00+00:00,2021-08-24 20:00:00+00:00,2021-08-25 20:00:00+00:00,1,0.29594,0.2687930489022363,0.3502339021955273,0.2891,tempo,-0.2519619965928118,-0.26597005217999437,96,24.0,0.02714695109776366
DOGE,2021-09-06 12:00:00+00:00,2021-09-06 12:00:00+00:00,2021-09-07 08:30:00+00:00,-1,0.30872,0.3233472315456967,0.27946553690860654,0.27946553690860654,alvo,2.0,1.9738624087684542,82,20.5,0.014627231545696728
DOGE,2021-09-20 16:00:00+00:00,2021-09-20 16:00:00+00:00,2021-09-21 16:00:00+00:00,1,0.2139,0.19619664043563323,0.24930671912873356,0.21313,tempo,-0.04349456933303622,-0.059173486037563325,96,24.0,0.017703359564366777
DOGE,2021-09-26 12:00:00+00:00,2021-09-26 12:00:00+00:00,2021-09-27 12:00:00+00:00,1,0.20417,0.19206304811630642,0.22838390376738713,0.20623,tempo,0.17015017650929534,0.1481165546230723,96,24.0,0.012106951883693567
DOGE,2021-10-03 20:00:00+00:00,2021-10-03 20:00:00+00:00,2021-10-04 13:30:00+00:00,-1,0.22261,0.22843013340229223,0.21096973319541554,0.22843013340229223,stop,-1.0,-1.0503727434488055,70,17.5,0.005820133402292232
DOGE,2021-10-04 16:00:00+00:00,2021-10-04 16:00:00+00:00,2021-10-04 20:30:00+00:00,-1,0.22241,0.2392756875705976,0.18867862485880477,0.2392756875705976,stop,-1.0,-1.0177932678798138,18,4.5,0.016865687570597615
DOGE,2021-10-06 08:00:00+00:00,2021-10-06 08:00:00+00:00,2021-10-07 08:00:00+00:00,-1,0.25876,0.27595525058763154,0.2243694988247369,0.2485,tempo,0.5966763873380219,0.5775013832681676,96,24.0,0.01719525058763155
DOGE,2021-10-16 04:00:00+00:00,2021-10-16 04:00:00+00:00,2021-10-17 04:00:00+00:00,-1,0.23717,0.24792274087590613,0.21566451824818772,0.23722,tempo,-0.004649977208325592,-0.03332671215047726,96,24.0,0.010752740875906136
DOGE,2021-10-18 08:00:00+00:00,2021-10-18 08:00:00+00:00,2021-10-18 08:30:00+00:00,-1,0.24102,0.247132555225832,0.22879488954833604,0.247132555225832,stop,-1.0,-1.0519094141768843,2,0.5,0.006112555225831984
DOGE,2021-11-08 04:00:00+00:00,2021-11-08 04:00:00+00:00,2021-11-08 08:15:00+00:00,-1,0.26962,0.2762617487534665,0.2563365024930671,0.2762617487534665,stop,-1.0,-1.053423149513833,17,4.25,0.006641748753466459
DOGE,2021-11-16 12:00:00+00:00,2021-11-16 12:00:00+00:00,2021-11-17 12:00:00+00:00,1,0.23996,0.2187240259631428,0.2824319480737144,0.23954,tempo,-0.019777760100433858,-0.03445450624163069,96,24.0,0.021235974036857203
DOGE,2021-11-18 20:00:00+00:00,2021-11-18 20:00:00+00:00,2021-11-19 20:00:00+00:00,1,0.22666,0.2128753066527898,0.2542293866944204,0.23311,tempo,0.46791030003619133,0.4462304198623982,96,24.0,0.013784693347210192
DOGE,2021-11-24 16:00:00+00:00,2021-11-24 16:00:00+00:00,2021-11-25 16:00:00+00:00,1,0.2164,0.20891781891005443,0.23136436217989118,0.22146,tempo,0.6762733939705784,0.6382351539736272,96,24.0,0.007482181089945583
DOGE,2021-11-28 20:00:00+00:00,2021-11-28 20:00:00+00:00,2021-11-29 13:30:00+00:00,1,0.19811,0.18898457027978172,0.2163608594404366,0.2163608594404366,alvo,2.0,1.9704774386635855,70,17.5,0.009125429720218292
DOGE,2021-11-30 08:00:00+00:00,2021-11-30 08:00:00+00:00,2021-12-01 08:00:00+00:00,-1,0.21639,0.22996927469511283,0.18923145060977434,0.21581,tempo,0.042712148698835786,0.022024003985104762,96,24.0,0.01357927469511283
DOGE,2021-12-04 00:00:00+00:00,2021-12-04 00:00:00+00:00,2021-12-04 05:00:00+00:00,1,0.19985,0.18616138620864064,0.2272272275827187,0.18616138620864064,stop,-1.0,-1.0183296427863278,20,5.0,0.013688613791359355
DOGE,2021-12-24 20:00:00+00:00,2021-12-24 20:00:00+00:00,2021-12-25 20:00:00+00:00,-1,0.1902,0.19743180423452897,0.1757363915309421,0.18981,tempo,0.05392845095804836,0.019772866543768565,96,24.0,0.00723180423452896
DOGE,2021-12-28 16:00:00+00:00,2021-12-28 16:00:00+00:00,2021-12-28 17:45:00+00:00,1,0.17834,0.17259480294410331,0.18983039411179337,0.17259480294410331,stop,-1.0,-1.0397040553516863,7,1.75,0.005745197055896684
DOGE,2021-12-30 04:00:00+00:00,2021-12-30 04:00:00+00:00,2021-12-31 04:00:00+00:00,1,0.16872,0.16346278381375945,0.17923443237248113,0.17138,tempo,0.5059712033455798,0.4639213822675381,96,24.0,0.00525721618624056
DOGE,2022-01-06 00:00:00+00:00,2022-01-06 00:00:00+00:00,2022-01-07 00:00:00+00:00,1,0.15887,0.14515963600221,0.18629072799558005,0.15988,tempo,0.07366689900886551,0.0585551558025293,96,24.0,0.01371036399779002
DOGE,2022-01-13 04:00:00+00:00,2022-01-13 04:00:00+00:00,2022-01-13 04:45:00+00:00,-1,0.16645,0.16934655665440623,0.1606568866911875,0.16934655665440623,stop,-1.0,-1.0753542180828173,3,0.75,0.002896556654406246
DOGE,2022-01-13 12:00:00+00:00,2022-01-13 12:00:00+00:00,2022-01-14 00:30:00+00:00,-1,0.17091,0.1779859472643163,0.15675810547136743,0.1779859472643163,stop,-1.0,-1.0320497535171664,50,12.5,0.00707594726431629
DOGE,2022-01-25 16:00:00+00:00,2022-01-25 16:00:00+00:00,2022-01-26 16:00:00+00:00,-1,0.13944,0.15274762317565416,0.11282475364869171,0.14955,tempo,-0.7597149292967573,-0.7738304101396214,96,24.0,0.013307623175654149
DOGE,2022-02-01 12:00:00+00:00,2022-02-01 12:00:00+00:00,2022-02-02 10:15:00+00:00,-1,0.14223,0.14495856098615745,0.1367728780276851,0.14495856098615745,stop,-1.0,-1.068414290751803,89,22.25,0.0027285609861574522
DOGE,2022-02-08 00:00:00+00:00,2022-02-08 00:00:00+00:00,2022-02-09 00:00:00+00:00,-1,0.16533,0.17465238887973375,0.14668522224053251,0.15811,tempo,0.7744795988607389,0.7519278685357962,96,24.0,0.009322388879733745
DOGE,2022-02-10 16:00:00+00:00,2022-02-10 16:00:00+00:00,2022-02-11 16:00:00+00:00,1,0.15583,0.14850989251506005,0.17047021496987988,0.15264,tempo,-0.4357859507613734,-0.46317701030694847,96,24.0,0.007320107484939942
DOGE,2022-02-13 12:00:00+00:00,2022-02-13 12:00:00+00:00,2022-02-13 14:00:00+00:00,-1,0.15117,0.1570173318368794,0.13947533632624118,0.1570173318368794,stop,-1.0,-1.0342586621184269,8,2.0,0.00584733183687941
DOGE,2022-03-10 16:00:00+00:00,2022-03-10 16:00:00+00:00,2022-03-11 16:00:00+00:00,1,0.11695,0.11355185384735136,0.12374629230529727,0.1158,tempo,-0.33841981725937476,-0.3829404156103554,96,24.0,0.0033981461526486345
DOGE,2022-03-14 00:00:00+00:00,2022-03-14 00:00:00+00:00,2022-03-14 04:30:00+00:00,1,0.11133,0.10916571357824092,0.11565857284351815,0.11565857284351815,alvo,2.0,1.9318285367107888,18,4.5,0.0021642864217590735
DOGE,2022-03-24 12:00:00+00:00,2022-03-24 12:00:00+00:00,2022-03-25 12:00:00+00:00,-1,0.138,0.14579199841641957,0.12241600316716089,0.13574,tempo,0.2900411267073238,0.26720603479751825,96,24.0,0.00779199841641956
DOGE,2022-03-27 08:00:00+00:00,2022-03-27 08:00:00+00:00,2022-03-27 21:45:00+00:00,-1,0.13992,0.14424181108868558,0.1312763778226288,0.14424181108868558,stop,-1.0,-1.0427379108936992,55,13.75,0.004321811088685595
DOGE,2022-03-28 16:00:00+00:00,2022-03-28 16:00:00+00:00,2022-03-29 16:00:00+00:00,-1,0.14946,0.15518917130441595,0.13800165739116813,0.14338,tempo,1.0612355045682869,1.028011502372143,96,24.0,0.005729171304415942
DOGE,2022-04-06 20:00:00+00:00,2022-04-06 20:00:00+00:00,2022-04-07 20:00:00+00:00,1,0.14663,0.13787596982275202,0.164138060354496,0.14447,tempo,-0.24674349485496788,-0.2683581107711634,96,24.0,0.00875403017724799
DOGE,2022-04-25 16:00:00+00:00,2022-04-25 16:00:00+00:00,2022-04-25 16:15:00+00:00,-1,0.13886,0.1432581615410703,0.13006367691785944,0.1432581615410703,stop,-1.0,-1.041693967647462,1,0.25,0.0043981615410702835
DOGE,2022-05-06 16:00:00+00:00,2022-05-06 16:00:00+00:00,2022-05-07 16:00:00+00:00,1,0.12641,0.12212609404523748,0.13497781190952501,0.13173,tempo,1.241857327443349,1.2026895675130773,96,24.0,0.00428390595476251
DOGE,2022-05-08 20:00:00+00:00,2022-05-08 20:00:00+00:00,2022-05-09 02:30:00+00:00,1,0.12577,0.12119311733234212,0.13492376533531575,0.12119311733234212,stop,-1.0,-1.0350732229603272,26,6.5,0.004576882667657878
DOGE,2022-05-10 04:00:00+00:00,2022-05-10 04:00:00+00:00,2022-05-11 04:00:00+00:00,1,0.10744,0.09716834810884369,0.1279833037823126,0.10902,tempo,0.1538214122462971,0.14012361548576446,96,24.0,0.010271651891156308
DOGE,2022-05-24 16:00:00+00:00,2022-05-24 16:00:00+00:00,2022-05-25 16:00:00+00:00,1,0.08273,0.07941073431089504,0.08936853137820991,0.08304,tempo,0.09339415070554254,0.06093200091329283,96,24.0,0.0033192656891049555
DOGE,2022-06-01 12:00:00+00:00,2022-06-01 12:00:00+00:00,2022-06-01 20:30:00+00:00,-1,0.08675,0.09008989813084407,0.08007020373831183,0.08007020373831183,alvo,2.0,1.9675340000856556,34,8.5,0.0033398981308440795
DOGE,2022-06-12 16:00:00+00:00,2022-06-12 16:00:00+00:00,2022-06-13 01:00:00+00:00,1,0.06738,0.06254100369940735,0.07705799260118529,0.06254100369940735,stop,-1.0,-1.0174516877382758,36,9.0,0.004838996300592646
DOGE,2022-06-14 04:00:00+00:00,2022-06-14 04:00:00+00:00,2022-06-15 04:00:00+00:00,1,0.05537,0.04848614679895748,0.06913770640208505,0.05357,tempo,-0.2614814621159269,-0.27176799756808845,96,24.0,0.006883853201042525
DOGE,2022-06-19 08:00:00+00:00,2022-06-19 08:00:00+00:00,2022-06-19 10:30:00+00:00,-1,0.05595,0.05949870031771038,0.04885259936457924,0.05949870031771038,stop,-1.0,-1.021146236224007,10,2.5,0.0035487003177103807
DOGE,2022-06-27 00:00:00+00:00,2022-06-27 00:00:00+00:00,2022-06-27 09:45:00+00:00,-1,0.07293,0.078486826569553,0.06181634686089399,0.078486826569553,stop,-1.0,-1.0177117165774938,39,9.75,0.005556826569553003
DOGE,2022-07-13 16:00:00+00:00,2022-07-13 16:00:00+00:00,2022-07-14 16:00:00+00:00,1,0.05922,0.0568387513208406,0.06398249735831882,0.06105,tempo,0.7685043632847282,0.7356747387754575,96,24.0,0.002381248679159405
DOGE,2022-07-18 12:00:00+00:00,2022-07-18 12:00:00+00:00,2022-07-18 14:00:00+00:00,-1,0.06646,0.0678323546853146,0.06371529062937083,0.0678323546853146,stop,-1.0,-1.0636060280039374,8,2.0,0.001372354685314589
DOGE,2022-07-18 20:00:00+00:00,2022-07-18 20:00:00+00:00,2022-07-19 16:15:00+00:00,-1,0.06567,0.069469989069203,0.05807002186159402,0.069469989069203,stop,-1.0,-1.0231161172559387,81,20.25,0.003799989069202994
DOGE,2022-07-20 12:00:00+00:00,2022-07-20 12:00:00+00:00,2022-07-21 12:00:00+00:00,-1,0.07338,0.0777871072161742,0.0645657855676516,0.06838,tempo,1.1345310551215717,1.1136230092129473,96,24.0,0.004407107216174197
DOGE,2022-07-29 08:00:00+00:00,2022-07-29 08:00:00+00:00,2022-07-30 08:00:00+00:00,-1,0.07007,0.07309655278844629,0.0640168944231074,0.06978,tempo,0.09581858314418243,0.06578358743982352,96,24.0,0.003026552788446296
DOGE,2022-08-08 16:00:00+00:00,2022-08-08 16:00:00+00:00,2022-08-09 06:45:00+00:00,-1,0.07031,0.07300411728249603,0.06492176543500792,0.07300411728249603,stop,-1.0,-1.0345768823201777,59,14.75,0.0026941172824960363
DOGE,2022-08-11 16:00:00+00:00,2022-08-11 16:00:00+00:00,2022-08-12 16:00:00+00:00,-1,0.07148,0.07623870926305124,0.061962581473897535,0.07085,tempo,0.13238884016126176,0.11294774912459676,96,24.0,0.004758709263051233
DOGE,2022-08-16 16:00:00+00:00,2022-08-16 16:00:00+00:00,2022-08-17 16:00:00+00:00,-1,0.08438,0.09068101891657011,0.07177796216685976,0.08127,tempo,0.4935709670417705,0.4764828577334731,96,24.0,0.006301018916570117
DOGE,2022-09-03 08:00:00+00:00,2022-09-03 08:00:00+00:00,2022-09-04 08:00:00+00:00,-1,0.06145,0.064356009741249,0.055637980517501996,0.06203,tempo,-0.1995863922158501,-0.22720570775383017,96,24.0,0.0029060097412490007
DOGE,2022-09-06 04:00:00+00:00,2022-09-06 04:00:00+00:00,2022-09-06 19:45:00+00:00,-1,0.06332,0.06566513802542663,0.05862972394914674,0.05862972394914674,alvo,2.0,1.9661992941534752,63,15.75,0.0023451380254266296
DOGE,2022-09-10 08:00:00+00:00,2022-09-10 08:00:00+00:00,2022-09-10 23:30:00+00:00,-1,0.06341,0.06533001832953446,0.059569963340931065,0.06533001832953446,stop,-1.0,-1.0435834442968506,62,15.5,0.0019200183295344647
DOGE,2022-09-13 20:00:00+00:00,2022-09-13 20:00:00+00:00,2022-09-14 20:00:00+00:00,1,0.06011,0.05873775854411159,0.06285448291177681,0.06097,tempo,0.6267118635059976,0.5693589831784992,96,24.0,0.0013722414558884066
DOGE,2022-09-21 20:00:00+00:00,2022-09-21 20:00:00+00:00,2022-09-22 20:00:00+00:00,-1,0.0583,0.061378304699298857,0.05214339060140228,0.05908,tempo,-0.2533862226756378,-0.27817161835702636,96,24.0,0.003078304699298859
DOGE,2022-09-23 08:00:00+00:00,2022-09-23 08:00:00+00:00,2022-09-23 18:45:00+00:00,-1,0.06063,0.06299327174635323,0.055903456507293545,0.06299327174635323,stop,-1.0,-1.0340016448633662,43,10.75,0.0023632717463532293
DOGE,2022-09-30 16:00:00+00:00,2022-09-30 16:00:00+00:00,2022-09-30 23:00:00+00:00,-1,0.06083,0.06198551120729963,0.05851897758540075,0.06198551120729963,stop,-1.0,-1.0690863764716776,28,7.0,0.0011555112072996268
DOGE,2022-10-05 00:00:00+00:00,2022-10-05 00:00:00+00:00,2022-10-05 13:15:00+00:00,-1,0.0658,0.06691752230543731,0.06356495538912538,0.06356495538912538,alvo,2.0,1.924755666536762,53,13.25,0.0011175223054373101
DOGE,2022-10-13 12:00:00+00:00,2022-10-13 12:00:00+00:00,2022-10-14 12:00:00+00:00,1,0.05682,0.05462991356210098,0.06120017287579805,0.05998,tempo,1.4428654254539024,1.4082001270043896,96,24.0,0.0021900864378990234
DOGE,2022-10-21 16:00:00+00:00,2022-10-21 16:00:00+00:00,2022-10-22 16:00:00+00:00,1,0.05897,0.056715507295918795,0.06347898540816241,0.05956,tempo,0.2616996714746292,0.22752590818831214,96,24.0,0.002254492704081207
DOGE,2022-10-24 04:00:00+00:00,2022-10-24 04:00:00+00:00,2022-10-25 04:00:00+00:00,-1,0.05976,0.06107849452030198,0.057123010959396044,0.06042,tempo,-0.5005709085911402,-0.5598180262675251,96,24.0,0.0013184945203019785
DOGE,2022-10-28 16:00:00+00:00,2022-10-28 16:00:00+00:00,2022-10-28 16:30:00+00:00,-1,0.08525,0.08798276269216995,0.07978447461566011,0.08798276269216995,stop,-1.0,-1.0412041982542215,2,0.5,0.002732762692169946
DOGE,2022-10-29 20:00:00+00:00,2022-10-29 20:00:00+00:00,2022-10-30 20:00:00+00:00,-1,0.12784,0.15636787556287646,0.07078424887424711,0.11503,tempo,0.44903448810151747,0.4435007602341178,96,24.0,0.028527875562876448
DOGE,2022-11-01 12:00:00+00:00,2022-11-01 12:00:00+00:00,2022-11-02 12:00:00+00:00,-1,0.14211,0.16235068103395556,0.10162863793208884,0.13159,tempo,0.5197453574981852,0.5109558805185545,96,24.0,0.02024068103395557
DOGE,2022-11-12 08:00:00+00:00,2022-11-12 08:00:00+00:00,2022-11-13 08:00:00+00:00,1,0.08751,0.07689535346571541,0.10873929306856919,0.08754,tempo,0.0028262834662562022,-0.007893103150386205,96,24.0,0.010614646534284594
DOGE,2022-12-15 20:00:00+00:00,2022-12-15 20:00:00+00:00,2022-12-15 22:00:00+00:00,1,0.08609,0.08406854370017873,0.09013291259964254,0.08406854370017873,stop,-1.0,-1.054714540905433,8,2.0,0.00202145629982127
DOGE,2022-12-22 16:00:00+00:00,2022-12-22 16:00:00+00:00,2022-12-23 00:30:00+00:00,-1,0.07453,0.07826991759204523,0.06705016481590954,0.07826991759204523,stop,-1.0,-1.0265567205668067,34,8.5,0.0037399175920452277
DOGE,2022-12-30 16:00:00+00:00,2022-12-30 16:00:00+00:00,2022-12-31 16:00:00+00:00,1,0.06763,0.06505475100897108,0.07278049798205782,0.0706,tempo,1.1532865405816033,1.1183969045452442,96,24.0,0.002575248991028914
DOGE,2023-01-05 04:00:00+00:00,2023-01-05 04:00:00+00:00,2023-01-05 06:00:00+00:00,-1,0.07292,0.075003746300166,0.068752507399668,0.075003746300166,stop,-1.0,-1.0461430621796175,8,2.0,0.0020837463001660006
DOGE,2023-01-05 08:00:00+00:00,2023-01-05 08:00:00+00:00,2023-01-06 08:00:00+00:00,-1,0.07381,0.07574023357660978,0.06994953284678045,0.07097,tempo,1.4713245248733644,1.4225703216824286,96,24.0,0.0019302335766097772
DOGE,2023-01-09 20:00:00+00:00,2023-01-09 20:00:00+00:00,2023-01-10 20:00:00+00:00,-1,0.07684,0.08028994073292779,0.06994011853414443,0.07716,tempo,-0.09275521661742675,-0.12177020781556548,96,24.0,0.0034499407329277865
DOGE,2023-01-12 16:00:00+00:00,2023-01-12 16:00:00+00:00,2023-01-13 16:00:00+00:00,1,0.07726,0.0730202556389489,0.08573948872210219,0.08039,tempo,0.7382520580141851,0.7140825583289269,96,24.0,0.004239744361051095
DOGE,2023-01-18 16:00:00+00:00,2023-01-18 16:00:00+00:00,2023-01-19 16:00:00+00:00,-1,0.08481,0.09058173505159545,0.0732665298968091,0.08097,tempo,0.6653112046330896,0.6466414287274521,96,24.0,0.00577173505159545
DOGE,2023-01-25 04:00:00+00:00,2023-01-25 04:00:00+00:00,2023-01-26 04:00:00+00:00,1,0.08413,0.08079314052290144,0.0908037189541971,0.08641,tempo,0.6832771999084891,0.6500570416246927,96,24.0,0.0033368594770985527
DOGE,2023-01-31 04:00:00+00:00,2023-01-31 04:00:00+00:00,2023-01-31 16:45:00+00:00,-1,0.09167,0.09585774750086884,0.08329450499826233,0.09585774750086884,stop,-1.0,-1.0291070643228313,51,12.75,0.004187747500868838
DOGE,2023-02-10 00:00:00+00:00,2023-02-10 00:00:00+00:00,2023-02-11 00:00:00+00:00,1,0.08143,0.07779815347553448,0.08869369304893104,0.0808,tempo,-0.17346547982027385,-0.20250015936679416,96,24.0,0.0036318465244655207
DOGE,2023-02-13 12:00:00+00:00,2023-02-13 12:00:00+00:00,2023-02-14 12:00:00+00:00,1,0.08095,0.07875712446549978,0.08533575106900043,0.08159,tempo,0.29185422972301295,0.24367502468478489,96,24.0,0.0021928755345002188
DOGE,2023-02-28 20:00:00+00:00,2023-02-28 20:00:00+00:00,2023-03-01 20:00:00+00:00,-1,0.08126,0.08351968734965173,0.07674062530069653,0.08114,tempo,0.05310469168156809,0.006390264565680127,96,24.0,0.0022596873496517345
DOGE,2023-03-10 12:00:00+00:00,2023-03-10 12:00:00+00:00,2023-03-11 12:00:00+00:00,1,0.06402,0.06188939068726391,0.06828121862547216,0.06466,tempo,0.3003835551521769,0.26112624058961703,96,24.0,0.0021306093127360856
DOGE,2023-03-22 20:00:00+00:00,2023-03-22 20:00:00+00:00,2023-03-23 15:30:00+00:00,-1,0.07202,0.07894228812073247,0.05817542375853507,0.07894228812073247,stop,-1.0,-1.0141752966023745,78,19.5,0.006922288120732464
DOGE,2023-03-23 16:00:00+00:00,2023-03-23 16:00:00+00:00,2023-03-24 12:00:00+00:00,-1,0.07794,0.0802713871601257,0.07327722567974858,0.07327722567974858,alvo,2.0,1.9578400368789297,80,20.0,0.0023313871601257086
DOGE,2023-03-30 04:00:00+00:00,2023-03-30 04:00:00+00:00,2023-03-31 04:00:00+00:00,-1,0.07498,0.07731447341947993,0.07031105316104015,0.07464,tempo,0.14564312326835235,0.10398362130595006,96,24.0,0.0023344734194799266
DOGE,2023-04-02 00:00:00+00:00,2023-04-02 00:00:00+00:00,2023-04-02 00:45:00+00:00,-1,0.08182,0.08396266898205713,0.07753466203588574,0.08396266898205713,stop,-1.0,-1.0502918256346252,3,0.75,0.0021426689820571304
DOGE,2023-04-14 08:00:00+00:00,2023-04-14 08:00:00+00:00,2023-04-15 08:00:00+00:00,-1,0.08958,0.09207943351124122,0.08458113297751758,0.08925,tempo,0.13202991738561343,0.08552357925850887,96,24.0,0.0024994335112412114
DOGE,2023-04-16 20:00:00+00:00,2023-04-16 20:00:00+00:00,2023-04-17 07:30:00+00:00,-1,0.09037,0.09237553036594219,0.08635893926811564,0.09237553036594219,stop,-1.0,-1.0592285196749232,46,11.5,0.0020055303659421847
DOGE,2023-04-17 12:00:00+00:00,2023-04-17 12:00:00+00:00,2023-04-18 12:00:00+00:00,-1,0.09329,0.09574150302456108,0.08838699395087783,0.09359,tempo,-0.12237390572003091,-0.17192391597210815,96,24.0,0.002451503024561083
DOGE,2023-04-27 00:00:00+00:00,2023-04-27 00:00:00+00:00,2023-04-28 00:00:00+00:00,1,0.07853,0.07390756417021277,0.08777487165957447,0.0801,tempo,0.33964776533680247,0.31734145243234707,96,24.0,0.004622435829787233
DOGE,2023-05-17 12:00:00+00:00,2023-05-17 12:00:00+00:00,2023-05-17 19:00:00+00:00,-1,0.07261,0.07484268034263895,0.06814463931472207,0.07484268034263895,stop,-1.0,-1.0429278837603015,28,7.0,0.0022326803426389596
DOGE,2023-05-25 04:00:00+00:00,2023-05-25 04:00:00+00:00,2023-05-26 04:00:00+00:00,1,0.07018,0.06798691030334227,0.07456617939331549,0.07068,tempo,0.22798885096309482,0.18623998855243484,96,24.0,0.0021930896966577407
DOGE,2023-05-29 04:00:00+00:00,2023-05-29 04:00:00+00:00,2023-05-30 04:00:00+00:00,-1,0.07317,0.0742344263461015,0.071041147307797,0.07317,tempo,-0.0,-0.08936362797518488,96,24.0,0.0010644263461015019
DOGE,2023-05-31 04:00:00+00:00,2023-05-31 04:00:00+00:00,2023-05-31 05:00:00+00:00,1,0.0724,0.07120225335339431,0.0747954932932114,0.07120225335339431,stop,-1.0,-1.0779308920999506,4,1.0,0.001197746646605699
DOGE,2023-06-05 00:00:00+00:00,2023-06-05 00:00:00+00:00,2023-06-05 15:30:00+00:00,-1,0.07246,0.07350217255015579,0.07037565489968842,0.07037565489968842,alvo,2.0,1.910913815883062,62,15.5,0.00104217255015579
DOGE,2023-06-10 04:00:00+00:00,2023-06-10 04:00:00+00:00,2023-06-10 04:30:00+00:00,-1,0.06772,0.07262907259976381,0.057901854800472385,0.057901854800472385,alvo,2.0,1.9833666738552134,2,0.5,0.0049090725997638085
DOGE,2023-06-13 16:00:00+00:00,2023-06-13 16:00:00+00:00,2023-06-14 16:00:00+00:00,-1,0.06065,0.06317777448248033,0.055594451035039356,0.06177,tempo,-0.443077500687886,-0.4745569702970264,96,24.0,0.002527774482480323
DOGE,2023-06-23 20:00:00+00:00,2023-06-23 20:00:00+00:00,2023-06-24 20:00:00+00:00,-1,0.06832,0.07061144391908478,0.06373711216183046,0.06668,tempo,0.7157059294975185,0.6774112982088556,96,24.0,0.0022914439190847707
DOGE,2023-06-27 00:00:00+00:00,2023-06-27 00:00:00+00:00,2023-06-28 00:00:00+00:00,1,0.06467,0.06267087145600339,0.06866825708799323,0.06553,tempo,0.4301874447156391,0.3878539988478663,96,24.0,0.0019991285439966144
DOGE,2023-07-04 20:00:00+00:00,2023-07-04 20:00:00+00:00,2023-07-05 20:00:00+00:00,-1,0.06872,0.07237813914143104,0.06140372171713793,0.06681,tempo,0.5221233873714356,0.4980416079218059,96,24.0,0.0036581391414310382
DOGE,2023-07-15 12:00:00+00:00,2023-07-15 12:00:00+00:00,2023-07-16 02:30:00+00:00,-1,0.07395,0.07597660133608483,0.06989679732783034,0.06989679732783034,alvo,2.0,1.9538634379647049,58,14.5,0.0020266013360848295
DOGE,2023-07-17 12:00:00+00:00,2023-07-17 12:00:00+00:00,2023-07-18 12:00:00+00:00,1,0.06932,0.0666622981882153,0.07463540362356942,0.06794,tempo,-0.5192456105801068,-0.5528155918339809,96,24.0,0.0026577018117847073
DOGE,2023-07-20 12:00:00+00:00,2023-07-20 12:00:00+00:00,2023-07-21 12:00:00+00:00,-1,0.07229,0.07436403595770569,0.0681419280845886,0.07205,tempo,0.11571641229666965,0.07048045597131014,96,24.0,0.0020740359577056944
DOGE,2023-07-25 08:00:00+00:00,2023-07-25 08:00:00+00:00,2023-07-25 16:45:00+00:00,-1,0.07676,0.07925323031578539,0.0717735393684292,0.07925323031578539,stop,-1.0,-1.0406735787958343,35,8.75,0.002493230315785397
DOGE,2023-08-05 16:00:00+00:00,2023-08-05 16:00:00+00:00,2023-08-06 16:00:00+00:00,-1,0.07521,0.07749503418129756,0.07063993163740487,0.07441,tempo,0.3501041719847324,0.3075433206871932,96,24.0,0.0022850341812975655
DOGE,2023-08-14 04:00:00+00:00,2023-08-14 04:00:00+00:00,2023-08-14 18:15:00+00:00,1,0.07477,0.0735639226419217,0.07718215471615661,0.0735639226419217,stop,-1.0,-1.0799426745485667,57,14.25,0.001206077358078303
DOGE,2023-08-14 20:00:00+00:00,2023-08-14 20:00:00+00:00,2023-08-14 20:15:00+00:00,1,0.07411,0.07334493256229037,0.07564013487541925,0.07564013487541925,alvo,2.0,1.8727725389013798,1,0.25,0.0007650674377096267
DOGE,2023-08-15 16:00:00+00:00,2023-08-15 16:00:00+00:00,2023-08-15 18:15:00+00:00,1,0.07365,0.07300978267662864,0.0749304346467427,0.07300978267662864,stop,-1.0,-1.1489007798755133,9,2.25,0.000640217323371356
DOGE,2023-08-17 04:00:00+00:00,2023-08-17 04:00:00+00:00,2023-08-17 15:45:00+00:00,1,0.06816,0.06531205658959269,0.07385588682081462,0.06531205658959269,stop,-1.0,-1.030462977763602,47,11.75,0.002847943410407311
DOGE,2023-08-17 20:00:00+00:00,2023-08-17 20:00:00+00:00,2023-08-17 21:45:00+00:00,1,0.06609,0.0637202877433568,0.0708294245132864,0.0637202877433568,stop,-1.0,-1.0356063006369833,7,1.75,0.0023697122566432027
DOGE,2023-08-23 08:00:00+00:00,2023-08-23 08:00:00+00:00,2023-08-24 08:00:00+00:00,-1,0.06386,0.0665080193794058,0.0585639612411884,0.06371,tempo,0.05664611111481234,0.025331952070173143,96,24.0,0.0026480193794058
DOGE,2023-08-25 04:00:00+00:00,2023-08-25 04:00:00+00:00,2023-08-26 04:00:00+00:00,1,0.06242,0.061348725816885365,0.06456254836622928,0.06318,tempo,0.7094355599892844,0.6332272453609615,96,24.0,0.0010712741831146386
DOGE,2023-08-27 08:00:00+00:00,2023-08-27 08:00:00+00:00,2023-08-28 05:45:00+00:00,-1,0.06326,0.06388802947197997,0.062003941056040054,0.062003941056040054,alvo,2.0,1.8703539159878428,87,21.75,0.0006280294719799712
DOGE,2023-09-14 20:00:00+00:00,2023-09-14 20:00:00+00:00,2023-09-15 20:00:00+00:00,-1,0.06221,0.06270195828220397,0.06122608343559206,0.06191,tempo,0.6098078045479873,0.4458142243635798,96,24.0,0.0004919582822039692
DOGE,2023-09-17 04:00:00+00:00,2023-09-17 04:00:00+00:00,2023-09-17 20:45:00+00:00,1,0.06193,0.06101012072259341,0.06376975855481318,0.06101012072259341,stop,-1.0,-1.086871267167773,67,16.75,0.0009198792774065892
DOGE,2023-09-19 12:00:00+00:00,2023-09-19 12:00:00+00:00,2023-09-19 15:45:00+00:00,-1,0.06254,0.06315811259570833,0.06130377480858333,0.06315811259570833,stop,-1.0,-1.1321826698800417,15,3.75,0.0006181125957083339
DOGE,2023-09-20 20:00:00+00:00,2023-09-20 20:00:00+00:00,2023-09-21 13:45:00+00:00,1,0.06212,0.061033571354021335,0.06429285729195733,0.061033571354021335,stop,-1.0,-1.0736816188310316,71,17.75,0.0010864286459786668
DOGE,2023-09-22 04:00:00+00:00,2023-09-22 04:00:00+00:00,2023-09-23 04:00:00+00:00,1,0.06159,0.06034512061456549,0.06407975877086902,0.06144,tempo,-0.12049360103078735,-0.18473235454833214,96,24.0,0.001244879385434508
DOGE,2023-09-23 16:00:00+00:00,2023-09-23 16:00:00+00:00,2023-09-24 16:00:00+00:00,-1,0.06124,0.06209777832589472,0.05952444334821057,0.06147,tempo,-0.26813454368888306,-0.3611206889342804,96,24.0,0.0008577783258947175
DOGE,2023-09-27 00:00:00+00:00,2023-09-27 00:00:00+00:00,2023-09-28 00:00:00+00:00,1,0.06059,0.05876566334845935,0.0642386733030813,0.06048,tempo,-0.06029588886848493,-0.10343238998166583,96,24.0,0.0018243366515406506
DOGE,2023-09-28 20:00:00+00:00,2023-09-28 20:00:00+00:00,2023-09-29 06:00:00+00:00,-1,0.06141,0.06182038589259652,0.06058922821480695,0.06182038589259652,stop,-1.0,-1.1951815407771311,40,10.0,0.0004103858925965237
DOGE,2023-09-30 20:00:00+00:00,2023-09-30 20:00:00+00:00,2023-10-01 20:00:00+00:00,-1,0.06229,0.06285264842608518,0.06116470314782964,0.06193,tempo,0.6398311686479301,0.49632592406420806,96,24.0,0.00056264842608518
DOGE,2023-10-02 20:00:00+00:00,2023-10-02 20:00:00+00:00,2023-10-03 20:00:00+00:00,1,0.06215,0.06003659373016885,0.0663768125396623,0.06126,tempo,-0.42112111272912134,-0.4590771371552289,96,24.0,0.0021134062698311487
DOGE,2023-10-12 12:00:00+00:00,2023-10-12 12:00:00+00:00,2023-10-13 12:00:00+00:00,1,0.05805,0.0566090341665448,0.06093193166691039,0.05841,tempo,0.24983243297086313,0.19729891812791478,96,24.0,0.0014409658334551961
DOGE,2023-10-16 16:00:00+00:00,2023-10-16 16:00:00+00:00,2023-10-17 16:00:00+00:00,-1,0.05967,0.062059951538115374,0.054890096923769255,0.05913,tempo,0.22594600408752336,0.19363572550300745,96,24.0,0.002389951538115373
DOGE,2023-10-21 20:00:00+00:00,2023-10-21 20:00:00+00:00,2023-10-22 01:00:00+00:00,-1,0.06099,0.06161185487160965,0.0597462902567807,0.06161185487160965,stop,-1.0,-1.1281508102690716,20,5.0,0.0006218548716096506
DOGE,2023-10-22 04:00:00+00:00,2023-10-22 04:00:00+00:00,2023-10-22 07:45:00+00:00,-1,0.06122,0.06186147592598119,0.05993704814803762,0.05993704814803762,alvo,2.0,1.8772329901924742,15,3.75,0.00064147592598119
DOGE,2023-10-23 08:00:00+00:00,2023-10-23 08:00:00+00:00,2023-10-23 08:45:00+00:00,-1,0.06252,0.0633701004182755,0.060819799163449026,0.0633701004182755,stop,-1.0,-1.0962575285374827,3,0.75,0.0008501004182754901
DOGE,2023-10-23 16:00:00+00:00,2023-10-23 16:00:00+00:00,2023-10-23 22:45:00+00:00,-1,0.06414,0.06590583768535364,0.06060832462929272,0.06590583768535364,stop,-1.0,-1.0478695155260271,27,6.75,0.0017658376853536412
DOGE,2023-10-31 16:00:00+00:00,2023-10-31 16:00:00+00:00,2023-11-01 16:00:00+00:00,-1,0.06725,0.07142582887809494,0.05889834224381013,0.06616,tempo,0.26102602185587614,0.24025972550333952,96,24.0,0.0041758288780949365
DOGE,2023-11-02 12:00:00+00:00,2023-11-02 12:00:00+00:00,2023-11-03 12:00:00+00:00,-1,0.06951,0.07142761844521198,0.06567476310957605,0.06716,tempo,1.2254784083182069,1.179152456342823,96,24.0,0.0019176184452119743
DOGE,2023-11-05 16:00:00+00:00,2023-11-05 16:00:00+00:00,2023-11-06 00:45:00+00:00,-1,0.06994,0.0721839369401608,0.0654521261196784,0.0721839369401608,stop,-1.0,-1.0411689639569304,35,8.75,0.0022439369401607984
DOGE,2023-11-08 20:00:00+00:00,2023-11-08 20:00:00+00:00,2023-11-09 15:30:00+00:00,-1,0.07551,0.0778546065679883,0.07082078686402338,0.0778546065679883,stop,-1.0,-1.0425175786975316,78,19.5,0.0023446065679883082
DOGE,2023-11-09 16:00:00+00:00,2023-11-09 16:00:00+00:00,2023-11-09 16:15:00+00:00,-1,0.07575,0.07855832846294149,0.07013334307411702,0.07013334307411702,alvo,2.0,1.9662346572883231,1,0.25,0.0028083284629414895
DOGE,2023-11-11 12:00:00+00:00,2023-11-11 12:00:00+00:00,2023-11-12 12:00:00+00:00,-1,0.0799,0.08258188143036317,0.07453623713927365,0.0792,tempo,0.26101079342094563,0.22245017741862078,96,24.0,0.0026818814303631727
DOGE,2023-12-03 04:00:00+00:00,2023-12-03 04:00:00+00:00,2023-12-04 04:00:00+00:00,-1,0.08593,0.08786510892253013,0.08205978215493975,0.08642,tempo,-0.2532157204666922,-0.3111078105168614,96,24.0,0.0019351089225301266
DOGE,2023-12-06 04:00:00+00:00,2023-12-06 04:00:00+00:00,2023-12-06 05:15:00+00:00,-1,0.09504,0.09767861922399972,0.08976276155200057,0.09767861922399972,stop,-1.0,-1.0474744902016273,5,1.25,0.0026386192239997164
DOGE,2023-12-25 20:00:00+00:00,2023-12-25 20:00:00+00:00,2023-12-26 17:45:00+00:00,-1,0.09421,0.09602848106770047,0.09057303786459907,0.09057303786459907,alvo,2.0,1.933950934796439,87,21.75,0.001818481067700467
DOGE,2023-12-30 00:00:00+00:00,2023-12-30 00:00:00+00:00,2023-12-31 00:00:00+00:00,1,0.09102,0.08702439415095675,0.09901121169808651,0.09007,tempo,-0.23776118963973486,-0.26722067699837543,96,24.0,0.003995605849043252
DOGE,2024-01-06 08:00:00+00:00,2024-01-06 08:00:00+00:00,2024-01-07 08:00:00+00:00,1,0.08016,0.07774830503097332,0.08498338993805334,0.08073,tempo,0.23634829749221803,0.1929852265636393,96,24.0,0.0024116949690266704
DOGE,2024-01-11 00:00:00+00:00,2024-01-11 00:00:00+00:00,2024-01-11 12:00:00+00:00,-1,0.0831,0.08580419681989818,0.07769160636020363,0.08580419681989818,stop,-1.0,-1.0405990152510671,48,12.0,0.002704196819898183
DOGE,2024-01-11 16:00:00+00:00,2024-01-11 16:00:00+00:00,2024-01-12 16:00:00+00:00,-1,0.08495,0.08877919728039642,0.07729160543920716,0.08272,tempo,0.5823674876759375,0.5539057783359796,96,24.0,0.003829197280396421
DOGE,2024-01-13 00:00:00+00:00,2024-01-13 00:00:00+00:00,2024-01-14 00:00:00+00:00,1,0.08008,0.07607368089390425,0.0880926382121915,0.08093,tempo,0.2121648269871213,0.18604197026291242,96,24.0,0.0040063191060957515
DOGE,2024-01-19 04:00:00+00:00,2024-01-19 04:00:00+00:00,2024-01-19 16:45:00+00:00,1,0.07745,0.07593242112249754,0.08048515775500494,0.07593242112249754,stop,-1.0,-1.0656958100877767,51,12.75,0.0015175788775024651
DOGE,2024-01-19 20:00:00+00:00,2024-01-19 20:00:00+00:00,2024-01-20 20:00:00+00:00,1,0.07843,0.07434577478402449,0.08659845043195102,0.08233,tempo,0.9548934727558824,0.9293086936425098,96,24.0,0.004084225215975512
DOGE,2024-01-29 12:00:00+00:00,2024-01-29 12:00:00+00:00,2024-01-29 13:15:00+00:00,-1,0.08061,0.08277028993604622,0.07628942012790756,0.08277028993604622,stop,-1.0,-1.0491587664629836,5,1.25,0.0021602899360462224
DOGE,2024-01-29 16:00:00+00:00,2024-01-29 16:00:00+00:00,2024-01-30 16:00:00+00:00,-1,0.08217,0.0836033348308886,0.07930333033822283,0.08119,tempo,0.6837202158775858,0.6096384328135603,96,24.0,0.0014333348308885885
DOGE,2024-02-05 04:00:00+00:00,2024-02-05 04:00:00+00:00,2024-02-06 04:00:00+00:00,1,0.07819,0.07700322408939336,0.08056355182121326,0.07847,tempo,0.2359333362748133,0.15013028020507135,96,24.0,0.0011867759106066328
DOGE,2024-02-08 20:00:00+00:00,2024-02-08 20:00:00+00:00,2024-02-09 08:00:00+00:00,-1,0.08023,0.08108291253764464,0.0785241749247107,0.08108291253764464,stop,-1.0,-1.1229356921391094,48,12.0,0.0008529125376446484
DOGE,2024-02-12 08:00:00+00:00,2024-02-12 08:00:00+00:00,2024-02-12 18:15:00+00:00,1,0.08035,0.07919434935065257,0.08266130129869487,0.08266130129869487,alvo,2.0,1.9083136881340539,41,10.25,0.0011556506493474311
DOGE,2024-02-15 00:00:00+00:00,2024-02-15 00:00:00+00:00,2024-02-15 01:15:00+00:00,-1,0.08557,0.08755437755884776,0.08160124488230446,0.08755437755884776,stop,-1.0,-1.056708384405734,5,1.25,0.001984377558847769
DOGE,2024-02-20 04:00:00+00:00,2024-02-20 04:00:00+00:00,2024-02-21 04:00:00+00:00,-1,0.08797,0.09231927084802753,0.07927145830394496,0.08561,tempo,0.5426196901649168,0.5166781004266808,96,24.0,0.0043492708480275255
DOGE,2024-02-27 04:00:00+00:00,2024-02-27 04:00:00+00:00,2024-02-27 07:15:00+00:00,-1,0.08938,0.09136733652386425,0.0854053269522715,0.09136733652386425,stop,-1.0,-1.0591171989895642,13,3.25,0.00198733652386425
DOGE,2024-02-27 16:00:00+00:00,2024-02-27 16:00:00+00:00,2024-02-27 20:00:00+00:00,-1,0.09599,0.09916817352533766,0.0896336529493247,0.09916817352533766,stop,-1.0,-1.039913746615831,16,4.0,0.0031781735253376547
DOGE,2024-02-28 00:00:00+00:00,2024-02-28 00:00:00+00:00,2024-02-28 16:30:00+00:00,-1,0.09769,0.10173807291967531,0.08959385416064938,0.10173807291967531,stop,-1.0,-1.0320222115485476,66,16.5,0.004048072919675308
DOGE,2024-03-02 12:00:00+00:00,2024-03-02 12:00:00+00:00,2024-03-03 12:00:00+00:00,-1,0.14159,0.15397734063089094,0.1168153187382181,0.14159,tempo,-0.0,-0.014859282995817734,96,24.0,0.012387340630890947
DOGE,2024-03-12 20:00:00+00:00,2024-03-12 20:00:00+00:00,2024-03-13 20:00:00+00:00,1,0.16767,0.14900512665141935,0.20499974669716134,0.16912,tempo,0.07768603477345544,0.06595739906767677,96,24.0,0.018664873348580663
DOGE,2024-03-15 12:00:00+00:00,2024-03-15 12:00:00+00:00,2024-03-16 12:00:00+00:00,1,0.16066,0.14750194554766632,0.18697610890466734,0.15817,tempo,-0.18923770296135028,-0.20498771378177555,96,24.0,0.013158054452333673
DOGE,2024-03-17 08:00:00+00:00,2024-03-17 08:00:00+00:00,2024-03-17 16:00:00+00:00,1,0.14097,0.13469944829508132,0.1535111034098374,0.1535111034098374,alvo,2.0,1.9694743419360934,32,8.0,0.006270551704918692
DOGE,2024-03-19 08:00:00+00:00,2024-03-19 08:00:00+00:00,2024-03-20 05:30:00+00:00,1,0.13285,0.12421595333928696,0.15011809332142606,0.12421595333928696,stop,-1.0,-1.019352787428269,86,21.5,0.008634046660713032
DOGE,2024-03-27 08:00:00+00:00,2024-03-27 08:00:00+00:00,2024-03-27 22:45:00+00:00,-1,0.18307,0.19197294129358636,0.16526411741282732,0.19197294129358636,stop,-1.0,-1.0273817274316352,59,14.75,0.008902941293586347
DOGE,2024-03-28 16:00:00+00:00,2024-03-28 16:00:00+00:00,2024-03-28 20:00:00+00:00,-1,0.21764,0.2289859143298154,0.19494817134036918,0.2289859143298154,stop,-1.0,-1.025586906076974,16,4.0,0.01134591432981541
DOGE,2024-04-05 16:00:00+00:00,2024-04-05 16:00:00+00:00,2024-04-06 16:00:00+00:00,1,0.17646,0.16565417828113524,0.19807164343772954,0.18343,tempo,0.6450226721612297,0.623374295380072,96,24.0,0.010805821718864767
DOGE,2024-05-21 16:00:00+00:00,2024-05-21 16:00:00+00:00,2024-05-22 16:00:00+00:00,-1,0.16632,0.17510244982951514,0.1487551003409697,0.16981,tempo,-0.3973834257807158,-0.42226082380076935,96,24.0,0.008782449829515149
DOGE,2024-05-24 00:00:00+00:00,2024-05-24 00:00:00+00:00,2024-05-25 00:00:00+00:00,1,0.15973,0.14838137861400397,0.1824272427719921,0.16388,tempo,0.36568318378486026,0.3471482011781127,96,24.0,0.011348621385996044
DOGE,2024-06-06 16:00:00+00:00,2024-06-06 16:00:00+00:00,2024-06-07 16:00:00+00:00,-1,0.16312,0.16655700847651003,0.1562459830469799,0.16011,tempo,0.8757615876049143,0.8146329923640506,96,24.0,0.003437008476510045
DOGE,2024-06-11 08:00:00+00:00,2024-06-11 08:00:00+00:00,2024-06-11 15:45:00+00:00,1,0.14105,0.1373330024775468,0.14848399504490645,0.1373330024775468,stop,-1.0,-1.0486814829758022,31,7.75,0.0037169975224532192
DOGE,2024-06-12 20:00:00+00:00,2024-06-12 20:00:00+00:00,2024-06-13 20:00:00+00:00,-1,0.14412,0.1519907944475387,0.12837841110492257,0.14194,tempo,0.2769733112115128,0.25334939354483493,96,24.0,0.007870794447538715
DOGE,2024-06-20 12:00:00+00:00,2024-06-20 12:00:00+00:00,2024-06-21 12:00:00+00:00,-1,0.12641,0.12944090923523488,0.12034818152953022,0.12443,tempo,0.6532693150234016,0.5994748964692067,96,24.0,0.0030309092352348854
DOGE,2024-06-25 20:00:00+00:00,2024-06-25 20:00:00+00:00,2024-06-26 12:00:00+00:00,-1,0.12763,0.1294050744570735,0.12407985108585298,0.12407985108585298,alvo,2.0,1.9078284279547664,64,16.0,0.0017750744570735055
DOGE,2024-07-04 16:00:00+00:00,2024-07-04 16:00:00+00:00,2024-07-04 23:45:00+00:00,1,0.10973,0.10436079772271636,0.12046840455456725,0.10436079772271636,stop,-1.0,-1.0259180063132523,31,7.75,0.00536920227728363
DOGE,2024-07-20 20:00:00+00:00,2024-07-20 20:00:00+00:00,2024-07-21 18:15:00+00:00,-1,0.13364,0.1367854887757589,0.1273490224484822,0.1273490224484822,alvo,2.0,1.9460678842986543,89,22.25,0.0031454887757589034
DOGE,2024-07-27 16:00:00+00:00,2024-07-27 16:00:00+00:00,2024-07-28 16:00:00+00:00,-1,0.13451,0.13956196300928617,0.12440607398142764,0.1294,tempo,1.0114880078510369,0.977532592958908,96,24.0,0.005051963009286176
DOGE,2024-08-03 04:00:00+00:00,2024-08-03 04:00:00+00:00,2024-08-03 17:30:00+00:00,1,0.11261,0.10723018896225621,0.12336962207548759,0.10723018896225621,stop,-1.0,-1.0265615505494399,54,13.5,0.0053798110377437924
DOGE,2024-08-04 20:00:00+00:00,2024-08-04 20:00:00+00:00,2024-08-05 01:00:00+00:00,1,0.10473,0.09795549640821453,0.11827900718357094,0.09795549640821453,stop,-1.0,-1.019447265896366,20,5.0,0.006774503591785469
DOGE,2024-08-05 08:00:00+00:00,2024-08-05 08:00:00+00:00,2024-08-06 08:00:00+00:00,1,0.08874,0.07923907999096538,0.10774184001806923,0.09922,tempo,1.1030510718998119,1.0901918961690593,96,24.0,0.009500920009034616
DOGE,2024-08-24 00:00:00+00:00,2024-08-24 00:00:00+00:00,2024-08-25 00:00:00+00:00,-1,0.11288,0.11620504855103436,0.10622990289793126,0.1125,tempo,0.11428404553123885,0.0702254407465276,96,24.0,0.003325048551034368
DOGE,2024-08-26 04:00:00+00:00,2024-08-26 04:00:00+00:00,2024-08-26 12:45:00+00:00,1,0.10929,0.10715583004836207,0.11355833990327585,0.10715583004836207,stop,-1.0,-1.0659224863621846,35,8.75,0.0021341699516379264
DOGE,2024-08-31 00:00:00+00:00,2024-08-31 00:00:00+00:00,2024-09-01 00:00:00+00:00,-1,0.10175,0.10388080606885755,0.09748838786228488,0.10124,tempo,0.23934604253940184,0.1774241708456807,96,24.0,0.0021308060688575575
DOGE,2024-09-23 00:00:00+00:00,2024-09-23 00:00:00+00:00,2024-09-24 00:00:00+00:00,1,0.10627,0.10314272902969951,0.11252454194060099,0.108,tempo,0.5531979852176873,0.5086621898476374,96,24.0,0.003127270970300494
DOGE,2024-09-27 12:00:00+00:00,2024-09-27 12:00:00+00:00,2024-09-27 14:45:00+00:00,-1,0.12261,0.12775854779094686,0.11231290441810626,0.12775854779094686,stop,-1.0,-1.031608826929853,11,2.75,0.005148547790946867
DOGE,2024-10-04 16:00:00+00:00,2024-10-04 16:00:00+00:00,2024-10-05 16:00:00+00:00,-1,0.10819,0.1110243193530614,0.10252136129387719,0.10969,tempo,-0.5292275898196945,-0.5791944363033243,96,24.0,0.0028343193530614014
DOGE,2024-10-10 20:00:00+00:00,2024-10-10 20:00:00+00:00,2024-10-11 10:00:00+00:00,1,0.10449,0.1024579908197072,0.10855401836058559,0.10855401836058559,alvo,2.0,1.9318513846898926,56,14.0,0.002032009180292796
DOGE,2024-10-15 04:00:00+00:00,2024-10-15 04:00:00+00:00,2024-10-16 04:00:00+00:00,-1,0.11629,0.12000744285733542,0.10885511428532918,0.11657,tempo,-0.07532059287676231,-0.11603648436688492,96,24.0,0.0037174428573354124
DOGE,2024-10-17 00:00:00+00:00,2024-10-17 00:00:00+00:00,2024-10-18 00:00:00+00:00,-1,0.12572,0.1312301263639643,0.11469974727207138,0.1296,tempo,-0.7041580798173376,-0.7342768083251535,96,24.0,0.005510126363964307
DOGE,2024-10-18 20:00:00+00:00,2024-10-18 20:00:00+00:00,2024-10-19 01:45:00+00:00,-1,0.13653,0.14209157103576647,0.1254068579284671,0.14209157103576647,stop,-1.0,-1.0325634645334147,23,5.75,0.0055615710357664605
DOGE,2024-10-23 20:00:00+00:00,2024-10-23 20:00:00+00:00,2024-10-24 20:00:00+00:00,1,0.13905,0.13189456055265167,0.15336087889469668,0.14238,tempo,0.46538022220760045,0.4398151257035989,96,24.0,0.0071554394473483385
DOGE,2024-10-28 04:00:00+00:00,2024-10-28 04:00:00+00:00,2024-10-28 12:45:00+00:00,-1,0.14317,0.14735417019993388,0.1348016596001322,0.14735417019993388,stop,-1.0,-1.045132177135849,35,8.75,0.00418417019993389
DOGE,2024-10-29 00:00:00+00:00,2024-10-29 00:00:00+00:00,2024-10-29 00:30:00+00:00,-1,0.16141,0.16418365137648414,0.15586269724703172,0.16418365137648414,stop,-1.0,-1.0763022617727045,2,0.5,0.0027736513764841375
DOGE,2024-10-29 20:00:00+00:00,2024-10-29 20:00:00+00:00,2024-10-30 20:00:00+00:00,-1,0.16982,0.18161196330204793,0.14623607339590414,0.16748,tempo,0.1984402376484344,0.1798474898265409,96,24.0,0.01179196330204793
DOGE,2024-11-10 08:00:00+00:00,2024-11-10 08:00:00+00:00,2024-11-10 09:30:00+00:00,-1,0.22684,0.23540787139760022,0.2097042572047996,0.23540787139760022,stop,-1.0,-1.0350683504064495,6,1.5,0.008567871397600207
DOGE,2024-11-25 16:00:00+00:00,2024-11-25 16:00:00+00:00,2024-11-25 22:45:00+00:00,1,0.41445,0.3899100734610865,0.4635298530778269,0.3899100734610865,stop,-1.0,-1.0213054446972625,27,6.75,0.02453992653891346
DOGE,2024-12-02 04:00:00+00:00,2024-12-02 04:00:00+00:00,2024-12-03 04:00:00+00:00,-1,0.4423,0.4693059939033373,0.3882880121933254,0.42284,tempo,0.7205807743885789,0.699757952536038,96,24.0,0.0270059939033373
DOGE,2024-12-03 16:00:00+00:00,2024-12-03 16:00:00+00:00,2024-12-04 16:00:00+00:00,1,0.40638,0.38298337132544324,0.45317325734911357,0.41337,tempo,0.2987609923305506,0.275986877845439,96,24.0,0.023396628674556774
DOGE,2024-12-10 20:00:00+00:00,2024-12-10 20:00:00+00:00,2024-12-11 20:00:00+00:00,1,0.38482,0.3581230439641686,0.43821391207166277,0.41504,tempo,1.1319642568778319,1.1124897894777956,96,24.0,0.026696956035831387
DOGE,2024-12-19 04:00:00+00:00,2024-12-19 04:00:00+00:00,2024-12-19 18:00:00+00:00,1,0.36383,0.33583090120954967,0.4198281975809006,0.33583090120954967,stop,-1.0,-1.0162426508506524,56,14.0,0.027999098790450316
DOGE,2025-01-04 00:00:00+00:00,2025-01-04 00:00:00+00:00,2025-01-04 03:30:00+00:00,-1,0.37981,0.39260235365313395,0.35422529269373204,0.39260235365313395,stop,-1.0,-1.0392475101524055,14,3.5,0.01279235365313397
DOGE,2025-01-08 04:00:00+00:00,2025-01-08 04:00:00+00:00,2025-01-08 07:00:00+00:00,1,0.35432,0.34133995993228916,0.38028008013542175,0.34133995993228916,stop,-1.0,-1.0348364852186265,12,3.0,0.012980040067710863
DOGE,2025-01-09 16:00:00+00:00,2025-01-09 16:00:00+00:00,2025-01-10 16:00:00+00:00,1,0.33292,0.3140262183858029,0.37070756322839415,0.32826,tempo,-0.2466419955070509,-0.2693884741514884,96,24.0,0.01889378161419708
DOGE,2025-01-18 04:00:00+00:00,2025-01-18 04:00:00+00:00,2025-01-19 04:00:00+00:00,-1,0.41124,0.43856882585953394,0.3565823482809321,0.3999,tempo,0.41494647659895495,0.39565399024370723,96,24.0,0.027328825859533945
DOGE,2025-02-20 16:00:00+00:00,2025-02-20 16:00:00+00:00,2025-02-21 13:15:00+00:00,-1,0.25084,0.25868321309375625,0.23515357381248753,0.25868321309375625,stop,-1.0,-1.0422263279796125,85,21.25,0.00784321309375624
DOGE,2025-02-24 08:00:00+00:00,2025-02-24 08:00:00+00:00,2025-02-24 15:00:00+00:00,1,0.23314,0.2249906461721568,0.24943870765568635,0.2249906461721568,stop,-1.0,-1.0365409241398362,28,7.0,0.008149353827843181
DOGE,2025-02-25 04:00:00+00:00,2025-02-25 04:00:00+00:00,2025-02-25 07:30:00+00:00,1,0.21022,0.2009321008242628,0.22879579835147437,0.2009321008242628,stop,-1.0,-1.028773876683966,14,3.5,0.009287899175737191
DOGE,2025-02-25 12:00:00+00:00,2025-02-25 12:00:00+00:00,2025-02-26 12:00:00+00:00,1,0.20646,0.1924886006289476,0.23440279874210482,0.2099,tempo,0.24621728351187186,0.22684671132990908,96,24.0,0.013971399371052406
DOGE,2025-02-28 12:00:00+00:00,2025-02-28 12:00:00+00:00,2025-02-28 15:45:00+00:00,1,0.18576,0.17920816005652707,0.1988636798869459,0.1988636798869459,alvo,2.0,1.96184195675055,15,3.75,0.006551839943472942
DOGE,2025-03-04 20:00:00+00:00,2025-03-04 20:00:00+00:00,2025-03-05 20:00:00+00:00,1,0.20035,0.18003327639654204,0.24098344720691592,0.20389,tempo,0.17424069299232237,0.16130770216523457,96,24.0,0.02031672360345796
DOGE,2025-03-06 08:00:00+00:00,2025-03-06 08:00:00+00:00,2025-03-07 08:00:00+00:00,-1,0.2087,0.22186033997087262,0.18237932005825475,0.20067,tempo,0.610166607988286,0.5899474874648855,96,24.0,0.013160339970872625
DOGE,2025-03-11 04:00:00+00:00,2025-03-11 04:00:00+00:00,2025-03-12 04:00:00+00:00,1,0.15434,0.14015345171058324,0.18271309657883353,0.1611,tempo,0.4765077355034264,0.46205488934119554,96,24.0,0.014186548289416762
DOGE,2025-03-20 04:00:00+00:00,2025-03-20 04:00:00+00:00,2025-03-21 04:00:00+00:00,-1,0.17561,0.18025570329198598,0.166318593416028,0.16931,tempo,1.3560917699732848,1.3078325536805118,96,24.0,0.004645703291985992
DOGE,2025-03-25 00:00:00+00:00,2025-03-25 00:00:00+00:00,2025-03-25 14:45:00+00:00,-1,0.1829,0.1902018898539237,0.16829622029215263,0.1902018898539237,stop,-1.0,-1.0332128028848222,59,14.75,0.007301889853923688
DOGE,2025-03-26 00:00:00+00:00,2025-03-26 00:00:00+00:00,2025-03-26 01:45:00+00:00,-1,0.19056,0.19542688968585326,0.1808262206282935,0.19542688968585326,stop,-1.0,-1.0515506811311297,7,1.75,0.0048668896858532484
DOGE,2025-03-26 04:00:00+00:00,2025-03-26 04:00:00+00:00,2025-03-26 07:30:00+00:00,-1,0.19022,0.1974702841607053,0.1757194316785894,0.1974702841607053,stop,-1.0,-1.0347570769805448,14,3.5,0.007250284160705306
DOGE,2025-03-28 16:00:00+00:00,2025-03-28 16:00:00+00:00,2025-03-29 03:15:00+00:00,1,0.17943,0.17627068152405304,0.18574863695189395,0.17627068152405304,stop,-1.0,-1.0731820627616002,45,11.25,0.0031593184759469706
DOGE,2025-03-29 04:00:00+00:00,2025-03-29 04:00:00+00:00,2025-03-29 08:00:00+00:00,1,0.17861,0.17364614216564206,0.18853771566871586,0.17364614216564206,stop,-1.0,-1.0461267224099065,16,4.0,0.004963857834357932
DOGE,2025-03-31 00:00:00+00:00,2025-03-31 00:00:00+00:00,2025-03-31 00:45:00+00:00,1,0.16646,0.16321799346500693,0.17294401306998614,0.16321799346500693,stop,-1.0,-1.0660981689701352,3,0.75,0.0032420065349930693
LTC,2020-09-05 20:00:00+00:00,2020-09-05 20:00:00+00:00,2020-09-06 20:00:00+00:00,1,46.7,44.326028886005425,51.44794222798916,48.41,tempo,0.7203120501001593,0.6942706633134533,96,24.0,2.3739711139945783
LTC,2020-09-20 20:00:00+00:00,2020-09-20 20:00:00+00:00,2020-09-21 09:45:00+00:00,1,46.97,46.00190093983953,48.90619812032094,46.00190093983953,stop,-1.0,-1.062423090877579,55,13.75,0.9680990601604691
LTC,2020-09-25 16:00:00+00:00,2020-09-25 16:00:00+00:00,2020-09-26 16:00:00+00:00,-1,46.09,46.842993174512316,44.58401365097538,45.81,tempo,0.37184932012344935,0.2925192517749702,96,24.0,0.7529931745123122
LTC,2020-10-01 16:00:00+00:00,2020-10-01 16:00:00+00:00,2020-10-02 09:00:00+00:00,-1,47.39,48.71230309505277,44.745393809894466,44.745393809894466,alvo,2.0,1.9547093202757408,68,17.0,1.3223030950527672
LTC,2020-10-06 16:00:00+00:00,2020-10-06 16:00:00+00:00,2020-10-07 01:15:00+00:00,1,47.9,45.23360449811499,53.23279100377001,45.23360449811499,stop,-1.0,-1.022703624755209,37,9.25,2.666395501885006
LTC,2020-10-11 12:00:00+00:00,2020-10-11 12:00:00+00:00,2020-10-11 15:30:00+00:00,-1,50.26,51.16478974682253,48.45042050635494,51.16478974682253,stop,-1.0,-1.072863461999825,14,3.5,0.9047897468225301
LTC,2020-10-11 20:00:00+00:00,2020-10-11 20:00:00+00:00,2020-10-12 20:00:00+00:00,-1,50.4,51.573532970726916,48.052934058546164,51.11,tempo,-0.6050106965126067,-0.661235363092813,96,24.0,1.1735329707269173
LTC,2020-10-13 16:00:00+00:00,2020-10-13 16:00:00+00:00,2020-10-14 16:00:00+00:00,1,49.75,48.51270055744864,52.22459888510272,49.49,tempo,-0.21013506598198056,-0.26226957585211036,96,24.0,1.237299442551361
LTC,2020-10-21 20:00:00+00:00,2020-10-21 20:00:00+00:00,2020-10-21 22:00:00+00:00,-1,52.37,53.879009369764006,49.35198126047198,53.879009369764006,stop,-1.0,-1.045766353393251,8,2.0,1.5090093697640086
LTC,2020-10-22 00:00:00+00:00,2020-10-22 00:00:00+00:00,2020-10-22 02:45:00+00:00,-1,53.04,55.539545023163,48.040909953673996,55.539545023163,stop,-1.0,-1.028235820363718,11,2.75,2.4995450231630016
LTC,2020-10-22 04:00:00+00:00,2020-10-22 04:00:00+00:00,2020-10-23 04:00:00+00:00,-1,54.84,56.38944828734274,51.741103425314535,54.73,tempo,0.07099301144709633,0.025027940794663396,96,24.0,1.5494482873427344
LTC,2020-10-30 12:00:00+00:00,2020-10-30 12:00:00+00:00,2020-10-31 12:00:00+00:00,1,53.59,51.68561942159991,57.39876115680019,55.75,tempo,1.1342270681077065,1.096907321831094,96,24.0,1.9043805784000938
LTC,2020-11-04 20:00:00+00:00,2020-11-04 20:00:00+00:00,2020-11-05 02:15:00+00:00,-1,54.6,55.368249967115815,53.06350006576837,55.368249967115815,stop,-1.0,-1.0930418034991594,25,6.25,0.7682499671158141
LTC,2020-11-07 20:00:00+00:00,2020-11-07 20:00:00+00:00,2020-11-08 15:00:00+00:00,1,58.11,56.43037520056217,61.46924959887566,61.46924959887566,alvo,2.0,1.9537238838904474,76,19.0,1.679624799437832
LTC,2020-11-12 12:00:00+00:00,2020-11-12 12:00:00+00:00,2020-11-13 00:15:00+00:00,-1,58.63,61.03348753553707,53.82302492892587,61.03348753553707,stop,-1.0,-1.0323618349369632,49,12.25,2.4034875355370673
LTC,2020-11-16 20:00:00+00:00,2020-11-16 20:00:00+00:00,2020-11-16 23:30:00+00:00,-1,71.37,73.42197968852695,67.26604062294612,73.42197968852695,stop,-1.0,-1.0458653598394558,14,3.5,2.0519796885269415
LTC,2020-11-20 04:00:00+00:00,2020-11-20 04:00:00+00:00,2020-11-20 16:45:00+00:00,-1,81.44,84.90670418892864,74.50659162214271,84.90670418892864,stop,-1.0,-1.0311896694468814,51,12.75,3.466704188928645
LTC,2020-11-23 16:00:00+00:00,2020-11-23 16:00:00+00:00,2020-11-24 02:00:00+00:00,-1,86.11,92.57538716420433,73.17922567159134,92.57538716420433,stop,-1.0,-1.017964199004164,40,10.0,6.46538716420433
LTC,2020-11-24 12:00:00+00:00,2020-11-24 12:00:00+00:00,2020-11-25 12:00:00+00:00,-1,88.88,95.9762308901045,74.68753821979098,90.26,tempo,-0.19446943333317698,-0.21087828499024097,96,24.0,7.096230890104508
LTC,2020-11-30 20:00:00+00:00,2020-11-30 20:00:00+00:00,2020-12-01 02:00:00+00:00,-1,85.73,89.66158539551496,77.86682920897009,89.66158539551496,stop,-1.0,-1.0289970887156967,24,6.0,3.931585395514958
LTC,2020-12-01 16:00:00+00:00,2020-12-01 16:00:00+00:00,2020-12-02 00:15:00+00:00,-1,91.23,94.9670980848311,83.75580383033783,83.75580383033783,alvo,2.0,1.9695644133742718,33,8.25,3.7370980848310893
LTC,2020-12-09 12:00:00+00:00,2020-12-09 12:00:00+00:00,2020-12-10 12:00:00+00:00,1,76.53,71.38265508798949,86.82468982402102,74.98,tempo,-0.3011261196783839,-0.32025860481071083,96,24.0,5.14734491201051
LTC,2020-12-17 04:00:00+00:00,2020-12-17 04:00:00+00:00,2020-12-17 09:15:00+00:00,-1,91.45,95.41472368148312,83.52055263703376,95.41472368148312,stop,-1.0,-1.0306356962429037,21,5.25,3.9647236814831217
LTC,2020-12-17 20:00:00+00:00,2020-12-17 20:00:00+00:00,2020-12-18 02:15:00+00:00,-1,101.74,111.82307745467958,81.57384509064083,111.82307745467958,stop,-1.0,-1.0137672254298826,25,6.25,10.083077454679582
LTC,2020-12-18 04:00:00+00:00,2020-12-18 04:00:00+00:00,2020-12-19 04:00:00+00:00,-1,107.9,115.00499362876737,93.69001274246529,108.03,tempo,-0.018296990369370544,-0.038051336021662135,96,24.0,7.10499362876736
LTC,2020-12-22 12:00:00+00:00,2020-12-22 12:00:00+00:00,2020-12-23 12:00:00+00:00,1,106.15,96.7643891293141,124.92122174137182,105.31,tempo,-0.08949870302247204,-0.10414335448882407,96,24.0,9.385610870685909
LTC,2020-12-24 00:00:00+00:00,2020-12-24 00:00:00+00:00,2020-12-25 00:00:00+00:00,1,102.44,92.72551329488952,121.86897341022095,111.25,tempo,0.906893000879331,0.8925949217099056,96,24.0,9.714486705110474
LTC,2021-01-03 16:00:00+00:00,2021-01-03 16:00:00+00:00,2021-01-03 16:15:00+00:00,-1,151.24,158.8932802672138,135.9334394655724,158.8932802672138,stop,-1.0,-1.0263398993810895,1,0.25,7.653280267213802
LTC,2021-01-06 20:00:00+00:00,2021-01-06 20:00:00+00:00,2021-01-07 01:00:00+00:00,-1,164.01,172.54847125112204,146.9330574977559,172.54847125112204,stop,-1.0,-1.0256208634870652,20,5.0,8.538471251122047
LTC,2021-01-11 00:00:00+00:00,2021-01-11 00:00:00+00:00,2021-01-11 03:15:00+00:00,1,170.31,159.62968703346513,191.67062593306974,159.62968703346513,stop,-1.0,-1.0200800105056596,13,3.25,10.68031296653487
LTC,2021-01-11 16:00:00+00:00,2021-01-11 16:00:00+00:00,2021-01-11 16:30:00+00:00,1,124.9,116.90722907161684,140.88554185676634,116.90722907161684,stop,-1.0,-1.0196646069685804,2,0.5,7.992770928383166
LTC,2021-01-20 20:00:00+00:00,2021-01-20 20:00:00+00:00,2021-01-21 09:15:00+00:00,1,148.64,136.14324872752007,173.6335025449598,136.14324872752007,stop,-1.0,-1.0148125786963953,53,13.25,12.496751272479912
LTC,2021-01-22 04:00:00+00:00,2021-01-22 04:00:00+00:00,2021-01-23 04:00:00+00:00,1,134.89,120.46204398900643,163.7459120219871,137.17,tempo,0.15802654223943624,0.1457698511415943,96,24.0,14.427956010993555
LTC,2021-01-27 16:00:00+00:00,2021-01-27 16:00:00+00:00,2021-01-28 16:00:00+00:00,1,125.0,116.63855588003833,141.72288823992335,131.07,tempo,0.7259511530441006,0.7060448428885814,96,24.0,8.361444119961675
LTC,2021-02-04 04:00:00+00:00,2021-02-04 04:00:00+00:00,2021-02-05 04:00:00+00:00,-1,150.33,161.08234779891757,128.8253044021649,148.45,tempo,0.17484553468306566,0.15678371194147328,96,24.0,10.752347798917555
LTC,2021-02-13 08:00:00+00:00,2021-02-13 08:00:00+00:00,2021-02-13 15:45:00+00:00,-1,199.55,212.62615501405654,173.39768997188696,212.62615501405654,stop,-1.0,-1.0204887828624802,31,7.75,13.076155014056525
LTC,2021-03-07 16:00:00+00:00,2021-03-07 16:00:00+00:00,2021-03-07 23:45:00+00:00,-1,186.12,191.2877257981768,175.7845484036464,191.2877257981768,stop,-1.0,-1.0474705956448702,31,7.75,5.167725798176804
LTC,2021-03-10 04:00:00+00:00,2021-03-10 04:00:00+00:00,2021-03-11 04:00:00+00:00,-1,193.67,210.1172420887067,160.77551582258658,199.87,tempo,-0.37696289545450123,-0.39251571571581684,96,24.0,16.4472420887067
LTC,2021-03-11 12:00:00+00:00,2021-03-11 12:00:00+00:00,2021-03-12 08:45:00+00:00,1,197.66,189.43228762785375,214.11542474429248,214.11542474429248,alvo,2.0,1.9674692048071716,83,20.75,8.227712372146243
LTC,2021-04-03 12:00:00+00:00,2021-04-03 12:00:00+00:00,2021-04-03 18:15:00+00:00,-1,214.07,220.4795358776364,201.25092824472716,201.25092824472716,alvo,2.0,1.9578817236516315,25,6.25,6.409535877636415
LTC,2021-04-06 00:00:00+00:00,2021-04-06 00:00:00+00:00,2021-04-06 00:45:00+00:00,-1,221.85,227.79732495449403,209.95535009101192,227.79732495449403,stop,-1.0,-1.049143230520735,3,0.75,5.947324954494036
LTC,2021-04-06 04:00:00+00:00,2021-04-06 04:00:00+00:00,2021-04-06 11:45:00+00:00,-1,219.02,231.06102269953416,194.9379546009317,231.06102269953416,stop,-1.0,-1.0242963303080572,31,7.75,12.041022699534153
LTC,2021-04-23 00:00:00+00:00,2021-04-23 00:00:00+00:00,2021-04-23 02:00:00+00:00,1,252.68,234.79670402254126,288.4465919549175,234.79670402254126,stop,-1.0,-1.0177182023947957,8,2.0,17.883295977458744
LTC,2021-05-04 16:00:00+00:00,2021-05-04 16:00:00+00:00,2021-05-05 01:15:00+00:00,-1,297.74,334.04713757377607,225.1257248524479,334.04713757377607,stop,-1.0,-1.011310768814768,37,9.25,36.30713757377606
LTC,2021-05-05 12:00:00+00:00,2021-05-05 12:00:00+00:00,2021-05-05 16:15:00+00:00,-1,338.0,354.88094380802147,304.23811238395706,354.88094380802147,stop,-1.0,-1.026679350313411,17,4.25,16.88094380802147
LTC,2021-05-06 00:00:00+00:00,2021-05-06 00:00:00+00:00,2021-05-06 00:30:00+00:00,-1,356.75,366.27074434367955,337.7085113126409,366.27074434367955,stop,-1.0,-1.0493620526776755,2,0.5,9.520744343679553
LTC,2021-05-06 04:00:00+00:00,2021-05-06 04:00:00+00:00,2021-05-07 02:30:00+00:00,-1,343.09,371.89076827883775,285.4884634423244,371.89076827883775,stop,-1.0,-1.0161362882712655,90,22.5,28.80076827883778
LTC,2021-05-07 04:00:00+00:00,2021-05-07 04:00:00+00:00,2021-05-08 04:00:00+00:00,-1,351.98,380.4290040966279,295.0819918067442,353.53,tempo,-0.05448345378753269,-0.07060287569918956,96,24.0,28.449004096627903
LTC,2021-05-17 08:00:00+00:00,2021-05-17 08:00:00+00:00,2021-05-18 08:00:00+00:00,1,288.48,259.0667264690232,347.30654706195367,304.94,tempo,0.5596112919109463,0.5464973826551889,96,24.0,29.413273530976824
LTC,2021-05-19 08:00:00+00:00,2021-05-19 08:00:00+00:00,2021-05-19 11:30:00+00:00,1,270.78,253.0273207642223,306.2853584715553,253.0273207642223,stop,-1.0,-1.019178781634863,14,3.5,17.752679235777663
LTC,2021-06-04 16:00:00+00:00,2021-06-04 16:00:00+00:00,2021-06-05 16:00:00+00:00,1,177.21,167.09081909817502,197.44836180365,174.41,tempo,-0.27670223777648173,-0.2992883544016703,96,24.0,10.11918090182499
LTC,2021-06-18 12:00:00+00:00,2021-06-18 12:00:00+00:00,2021-06-18 14:15:00+00:00,1,164.95,160.1896854809806,174.4706290380388,160.1896854809806,stop,-1.0,-1.044396393288352,9,2.25,4.760314519019403
LTC,2021-06-22 04:00:00+00:00,2021-06-22 04:00:00+00:00,2021-06-22 10:00:00+00:00,1,131.32,117.49104360812015,158.97791278375968,117.49104360812015,stop,-1.0,-1.0116948216309543,24,6.0,13.828956391879842
LTC,2021-06-22 16:00:00+00:00,2021-06-22 16:00:00+00:00,2021-06-23 16:00:00+00:00,1,118.08,102.12773780250825,149.9845243949835,127.04,tempo,0.5616758230947854,0.5516880233691106,96,24.0,15.952262197491748
LTC,2021-07-13 16:00:00+00:00,2021-07-13 16:00:00+00:00,2021-07-14 00:45:00+00:00,1,133.32,128.32302091026858,143.31395817946282,128.32302091026858,stop,-1.0,-1.0340341555443282,35,8.75,4.996979089731411
LTC,2021-07-20 12:00:00+00:00,2021-07-20 12:00:00+00:00,2021-07-21 10:15:00+00:00,1,106.45,102.76988894493587,113.81022211012827,113.81022211012827,alvo,2.0,1.9610965152329924,89,22.25,3.680111055064131
LTC,2021-07-26 08:00:00+00:00,2021-07-26 08:00:00+00:00,2021-07-27 03:15:00+00:00,-1,136.59,141.02723447864065,127.71553104271871,127.71553104271871,alvo,2.0,1.9612825069297672,77,19.25,4.437234478640647
LTC,2021-08-03 08:00:00+00:00,2021-08-03 08:00:00+00:00,2021-08-04 08:00:00+00:00,1,138.8,135.3017181135194,145.79656377296124,136.82,tempo,-0.5659921253492708,-0.6172038360728551,96,24.0,3.498281886480612
LTC,2021-08-07 16:00:00+00:00,2021-08-07 16:00:00+00:00,2021-08-08 00:15:00+00:00,-1,153.84,157.55770371838085,146.4045925632383,157.55770371838085,stop,-1.0,-1.0544444965897126,33,8.25,3.7177037183808466
LTC,2021-08-10 00:00:00+00:00,2021-08-10 00:00:00+00:00,2021-08-11 00:00:00+00:00,-1,166.43,172.73109168992988,153.82781662014025,165.45,tempo,0.1555286049187652,0.12129295011235168,96,24.0,6.301091689929876
LTC,2021-08-18 04:00:00+00:00,2021-08-18 04:00:00+00:00,2021-08-19 04:00:00+00:00,1,168.93,161.15463910210588,184.48072179578827,165.3,tempo,-0.4668593583846558,-0.4948001193156165,96,24.0,7.7753608978941315
LTC,2021-08-21 12:00:00+00:00,2021-08-21 12:00:00+00:00,2021-08-22 04:15:00+00:00,-1,179.87,186.15480488918067,167.30039022163868,186.15480488918067,stop,-1.0,-1.037855769172332,65,16.25,6.284804889180663
LTC,2021-08-29 04:00:00+00:00,2021-08-29 04:00:00+00:00,2021-08-30 04:00:00+00:00,-1,176.62,183.97349176373893,161.91301647252214,172.23,tempo,0.5969952970706656,0.5661592660686119,96,24.0,7.35349176373893
LTC,2021-09-02 04:00:00+00:00,2021-09-02 04:00:00+00:00,2021-09-02 11:30:00+00:00,-1,182.44,186.4764792758031,174.36704144839382,186.4764792758031,stop,-1.0,-1.0594071454712382,30,7.5,4.036479275803089
LTC,2021-09-03 00:00:00+00:00,2021-09-03 00:00:00+00:00,2021-09-03 10:00:00+00:00,-1,183.57,189.45624372854545,171.7975125429091,189.45624372854545,stop,-1.0,-1.041192154046851,40,10.0,5.886243728545452
LTC,2021-09-04 12:00:00+00:00,2021-09-04 12:00:00+00:00,2021-09-05 12:00:00+00:00,-1,217.54,227.96367063183195,196.69265873633609,217.92,tempo,-0.036455488035044586,-0.06360993391091685,96,24.0,10.423670631831953
LTC,2021-09-05 16:00:00+00:00,2021-09-05 16:00:00+00:00,2021-09-06 00:00:00+00:00,-1,225.33,231.7884697299522,212.41306054009564,231.7884697299522,stop,-1.0,-1.0460057904965467,32,8.0,6.458469729952185
LTC,2021-09-16 04:00:00+00:00,2021-09-16 04:00:00+00:00,2021-09-16 08:15:00+00:00,-1,187.83,194.33525632263851,174.819487354723,194.33525632263851,stop,-1.0,-1.038185646235837,17,4.25,6.505256322638502
LTC,2021-09-17 16:00:00+00:00,2021-09-17 16:00:00+00:00,2021-09-18 16:00:00+00:00,1,181.37,175.76870609676186,192.5725878064763,182.07,tempo,0.12497112490300039,0.08279586967073513,96,24.0,5.601293903238144
LTC,2021-09-20 16:00:00+00:00,2021-09-20 16:00:00+00:00,2021-09-21 00:30:00+00:00,1,160.33,151.62691773412703,177.73616453174597,151.62691773412703,stop,-1.0,-1.0232988716333642,34,8.5,8.703082265872979
LTC,2021-10-06 08:00:00+00:00,2021-10-06 08:00:00+00:00,2021-10-06 13:00:00+00:00,-1,171.56,177.28055672472132,160.11888655055736,177.28055672472132,stop,-1.0,-1.039637114494676,20,5.0,5.72055672472132
LTC,2021-10-11 04:00:00+00:00,2021-10-11 04:00:00+00:00,2021-10-12 04:00:00+00:00,1,180.41,170.60996079534155,200.0100784093169,173.88,tempo,-0.6663238650000468,-0.6898225975245588,96,24.0,9.800039204658447
LTC,2021-10-14 20:00:00+00:00,2021-10-14 20:00:00+00:00,2021-10-15 16:00:00+00:00,-1,181.32,188.3929882115869,167.1740235768262,188.3929882115869,stop,-1.0,-1.033976225486118,80,20.0,7.072988211586903
LTC,2021-10-21 04:00:00+00:00,2021-10-21 04:00:00+00:00,2021-10-22 04:00:00+00:00,-1,209.09,216.62105941867608,194.02788116264784,200.83,tempo,1.0967912402226214,1.0614113573685249,96,24.0,7.5310594186760795
LTC,2021-10-22 20:00:00+00:00,2021-10-22 20:00:00+00:00,2021-10-22 22:30:00+00:00,1,193.19,189.07282232652727,201.42435534694545,189.07282232652727,stop,-1.0,-1.0603497964426356,10,2.5,4.117177673472725
LTC,2021-10-24 20:00:00+00:00,2021-10-24 20:00:00+00:00,2021-10-25 20:00:00+00:00,1,188.75,184.20337092445416,197.84325815109167,194.66,tempo,1.2998641195049505,1.2450506531193997,96,24.0,4.546629075545837
LTC,2021-11-02 12:00:00+00:00,2021-11-02 12:00:00+00:00,2021-11-03 06:30:00+00:00,-1,200.62,205.949083788034,189.96183242393204,205.949083788034,stop,-1.0,-1.0495901199856565,74,18.5,5.329083788033984
LTC,2021-11-09 12:00:00+00:00,2021-11-09 12:00:00+00:00,2021-11-09 14:00:00+00:00,-1,248.21,258.8822230075511,226.86555398489784,258.8822230075511,stop,-1.0,-1.03088484420928,8,2.0,10.672223007551082
LTC,2021-11-16 12:00:00+00:00,2021-11-16 12:00:00+00:00,2021-11-17 12:00:00+00:00,1,236.79,216.6436264914415,277.08274701711696,234.05,tempo,-0.13600462628353363,-0.1511957473987054,96,24.0,20.146373508558497
LTC,2021-11-20 16:00:00+00:00,2021-11-20 16:00:00+00:00,2021-11-20 19:00:00+00:00,-1,214.6,227.05592411160572,189.68815177678854,227.05592411160572,stop,-1.0,-1.023047374735132,12,3.0,12.455924111605725
LTC,2021-11-28 04:00:00+00:00,2021-11-28 04:00:00+00:00,2021-11-29 04:00:00+00:00,1,189.38,181.11427788351727,205.91144423296544,198.83,tempo,1.1432757920999692,1.1127477273472461,96,24.0,8.26572211648272
LTC,2021-11-30 04:00:00+00:00,2021-11-30 04:00:00+00:00,2021-11-30 11:45:00+00:00,-1,203.46,211.9667890361782,186.44642192764363,211.9667890361782,stop,-1.0,-1.0317425778075755,31,7.75,8.50678903617819
LTC,2021-11-30 16:00:00+00:00,2021-11-30 16:00:00+00:00,2021-12-01 16:00:00+00:00,-1,210.12,222.1353373513985,186.089325297203,215.34,tempo,-0.4344447307084913,-0.45746106324349184,96,24.0,12.0153373513985
LTC,2021-12-06 12:00:00+00:00,2021-12-06 12:00:00+00:00,2021-12-07 12:00:00+00:00,1,148.25,139.06505536157067,166.61988927685866,164.6,tempo,1.7800869404909039,1.757947177214685,96,24.0,9.184944638429329
LTC,2021-12-07 16:00:00+00:00,2021-12-07 16:00:00+00:00,2021-12-08 08:15:00+00:00,-1,162.93,167.33340489121474,154.12319021757054,167.33340489121474,stop,-1.0,-1.0487511865210446,65,16.25,4.403404891214734
LTC,2021-12-15 20:00:00+00:00,2021-12-15 20:00:00+00:00,2021-12-16 20:00:00+00:00,1,151.9,140.2798995620855,175.14020087582904,150.29,tempo,-0.13855301927914865,-0.15545678883342046,96,24.0,11.620100437914516
LTC,2021-12-17 16:00:00+00:00,2021-12-17 16:00:00+00:00,2021-12-18 16:00:00+00:00,1,146.14,139.86987184134892,158.6802563173021,148.67,tempo,0.40350052438869105,0.3729387088800865,96,24.0,6.270128158651062
LTC,2021-12-19 20:00:00+00:00,2021-12-19 20:00:00+00:00,2021-12-20 20:00:00+00:00,-1,153.55,162.40436358146644,135.84127283706715,150.47,tempo,0.34785108739457404,0.32553293903960534,96,24.0,8.85436358146643
LTC,2022-01-04 20:00:00+00:00,2022-01-04 20:00:00+00:00,2022-01-05 20:00:00+00:00,1,147.3,144.2392519958749,153.42149600825024,144.2392519958749,stop,-1.0,-1.0619131380766793,96,24.0,3.0607480041251165
LTC,2022-01-07 08:00:00+00:00,2022-01-07 08:00:00+00:00,2022-01-08 08:00:00+00:00,1,130.14,124.49956207668923,141.4208758466215,132.86,tempo,0.4822320601666111,0.45192412976753704,96,24.0,5.640437923310756
LTC,2022-01-08 20:00:00+00:00,2022-01-08 20:00:00+00:00,2022-01-09 20:00:00+00:00,1,127.05,123.59426670689957,133.96146658620086,132.22,tempo,1.4960645285682823,1.4472975996109836,96,24.0,3.4557332931004225
LTC,2022-01-11 20:00:00+00:00,2022-01-11 20:00:00+00:00,2022-01-12 11:45:00+00:00,-1,131.49,134.37928601137807,125.71142797724389,134.37928601137807,stop,-1.0,-1.0598123672169688,63,15.75,2.8892860113780614
LTC,2022-01-17 16:00:00+00:00,2022-01-17 16:00:00+00:00,2022-01-18 16:00:00+00:00,-1,148.85,154.93137799191587,136.68724401616825,140.59,tempo,1.358244794350921,1.32730838483155,96,24.0,6.081377991915872
LTC,2022-01-22 12:00:00+00:00,2022-01-22 12:00:00+00:00,2022-01-23 12:00:00+00:00,1,105.59,93.93394713379551,128.90210573240898,109.74,tempo,0.3560381930003495,0.34403031163548264,96,24.0,11.65605286620449
LTC,2022-01-24 16:00:00+00:00,2022-01-24 16:00:00+00:00,2022-01-25 16:00:00+00:00,1,102.73,95.80666934613062,116.57666130773877,107.14,tempo,0.6369766548034634,0.6172729158344517,96,24.0,6.923330653869385
LTC,2022-03-16 04:00:00+00:00,2022-03-16 04:00:00+00:00,2022-03-17 04:00:00+00:00,-1,106.63,113.02784307922022,93.83431384155955,109.92,tempo,-0.5142358071715938,-0.5362365812226441,96,24.0,6.397843079220223
LTC,2022-03-23 04:00:00+00:00,2022-03-23 04:00:00+00:00,2022-03-24 04:00:00+00:00,-1,119.81,125.24692883686939,108.93614232626123,120.65,tempo,-0.15449898742534957,-0.18324665080105743,96,24.0,5.436928836869384
LTC,2022-04-16 16:00:00+00:00,2022-04-16 16:00:00+00:00,2022-04-17 00:00:00+00:00,-1,111.44,114.49635834092147,105.32728331815704,114.49635834092147,stop,-1.0,-1.0480502011021788,32,8.0,3.056358340921477
LTC,2022-04-27 00:00:00+00:00,2022-04-27 00:00:00+00:00,2022-04-28 00:00:00+00:00,1,98.5,95.49245386546033,104.51509226907933,100.54,tempo,0.678293834489175,0.6352767055034538,96,24.0,3.007546134539666
LTC,2022-05-10 04:00:00+00:00,2022-05-10 04:00:00+00:00,2022-05-11 04:00:00+00:00,1,78.07,71.79775540623432,90.61448918753135,79.38,tempo,0.20885665098298017,0.1925399244156324,96,24.0,6.272244593765677
LTC,2022-05-11 16:00:00+00:00,2022-05-11 16:00:00+00:00,2022-05-11 21:00:00+00:00,1,74.33,65.81473386904443,91.36053226191113,65.81473386904443,stop,-1.0,-1.0106977369366912,20,5.0,8.515266130955567
LTC,2022-05-17 20:00:00+00:00,2022-05-17 20:00:00+00:00,2022-05-18 20:00:00+00:00,-1,71.77,74.59581429027084,66.11837141945831,68.34,tempo,1.2138094183362782,1.1815810088779655,96,24.0,2.8258142902708414
LTC,2022-05-24 12:00:00+00:00,2022-05-24 12:00:00+00:00,2022-05-24 14:00:00+00:00,1,69.68,67.53815313844001,73.96369372312,67.53815313844001,stop,-1.0,-1.041642472737301,8,2.0,2.1418468615599977
LTC,2022-05-24 16:00:00+00:00,2022-05-24 16:00:00+00:00,2022-05-25 16:00:00+00:00,1,69.32,66.4447359638428,75.07052807231437,68.72,tempo,-0.20867648760421262,-0.23988266514883888,96,24.0,2.8752640361571906
LTC,2022-06-10 00:00:00+00:00,2022-06-10 00:00:00+00:00,2022-06-10 00:30:00+00:00,1,60.18,58.80114324635966,62.937713507280684,58.80114324635966,stop,-1.0,-1.0560883085976502,2,0.5,1.378856753640342
LTC,2022-06-10 20:00:00+00:00,2022-06-10 20:00:00+00:00,2022-06-11 11:30:00+00:00,1,56.63,55.04553874434966,59.79892251130068,55.04553874434966,stop,-1.0,-1.0458131115071243,62,15.5,1.5844612556503392
LTC,2022-06-13 08:00:00+00:00,2022-06-13 08:00:00+00:00,2022-06-13 09:15:00+00:00,1,44.39,41.835067890874015,49.49986421825197,41.835067890874015,stop,-1.0,-1.021936510143998,5,1.25,2.5549321091259856
LTC,2022-06-13 16:00:00+00:00,2022-06-13 16:00:00+00:00,2022-06-14 16:00:00+00:00,1,43.17,40.1502766415193,49.20944671696141,45.53,tempo,0.7815285441204697,0.762435735556374,96,24.0,3.0197233584807037
LTC,2022-06-19 00:00:00+00:00,2022-06-19 00:00:00+00:00,2022-06-20 00:00:00+00:00,1,47.13,40.780650475908836,59.82869904818234,54.26,tempo,1.1229496774349603,1.1125701102446608,96,24.0,6.349349524091167
LTC,2022-06-26 16:00:00+00:00,2022-06-26 16:00:00+00:00,2022-06-27 16:00:00+00:00,-1,57.99,60.98809344720878,51.99381310558244,55.92,tempo,0.6904387859982036,0.6657425911317852,96,24.0,2.998093447208781
LTC,2022-06-27 20:00:00+00:00,2022-06-27 20:00:00+00:00,2022-06-28 02:00:00+00:00,1,55.66,54.32412985056764,58.331740298864716,54.32412985056764,stop,-1.0,-1.0535154441719103,24,6.0,1.3358701494323597
LTC,2022-07-15 16:00:00+00:00,2022-07-15 16:00:00+00:00,2022-07-16 16:00:00+00:00,-1,51.57,53.06084454285828,48.58831091428345,52.41,tempo,-0.5634390279146957,-0.6087737345571608,96,24.0,1.4908445428582766
LTC,2022-07-18 00:00:00+00:00,2022-07-18 00:00:00+00:00,2022-07-18 02:00:00+00:00,-1,55.73,57.430436791871465,52.32912641625706,57.430436791871465,stop,-1.0,-1.043256111762769,8,2.0,1.7004367918714678
LTC,2022-07-25 00:00:00+00:00,2022-07-25 00:00:00+00:00,2022-07-26 00:00:00+00:00,-1,58.34,60.159536913412545,54.70092617317492,54.70092617317492,alvo,2.0,1.9596179657192234,96,24.0,1.8195369134125414
LTC,2022-07-29 08:00:00+00:00,2022-07-29 08:00:00+00:00,2022-07-30 08:00:00+00:00,-1,62.38,65.14784083244844,56.84431833510313,61.48,tempo,0.32516320644199204,0.2960759124559496,96,24.0,2.767840832448435
LTC,2022-08-01 16:00:00+00:00,2022-08-01 16:00:00+00:00,2022-08-02 02:45:00+00:00,1,59.73,57.944726311949765,63.30054737610046,57.944726311949765,stop,-1.0,-1.0428441715210084,43,10.75,1.785273688050232
LTC,2022-08-05 16:00:00+00:00,2022-08-05 16:00:00+00:00,2022-08-06 16:00:00+00:00,-1,60.85,62.77648951778536,56.99702096442929,61.41,tempo,-0.2906841666305857,-0.3319348452698111,96,24.0,1.926489517785356
LTC,2022-08-08 16:00:00+00:00,2022-08-08 16:00:00+00:00,2022-08-09 12:00:00+00:00,-1,62.9,64.39970290381375,59.9005941923725,59.9005941923725,alvo,2.0,1.9467758673920956,80,20.0,1.4997029038137484
LTC,2022-08-13 20:00:00+00:00,2022-08-13 20:00:00+00:00,2022-08-14 20:00:00+00:00,-1,63.35,65.99202295971838,58.06595408056324,63.36,tempo,-0.0037849784625126532,-0.034958628826542444,96,24.0,2.642022959718382
LTC,2022-08-14 20:00:00+00:00,2022-08-14 20:00:00+00:00,2022-08-15 20:00:00+00:00,-1,63.36,66.22689096512045,57.626218069759105,60.7,tempo,0.9278343795988214,0.8997066966903743,96,24.0,2.8668909651204473
LTC,2022-08-17 08:00:00+00:00,2022-08-17 08:00:00+00:00,2022-08-18 08:00:00+00:00,-1,61.85,65.15081420571437,55.24837158857127,60.88,tempo,0.2938668884545927,0.2696987605236433,96,24.0,3.3008142057143672
LTC,2022-08-22 12:00:00+00:00,2022-08-22 12:00:00+00:00,2022-08-23 12:00:00+00:00,1,54.81,51.85354951929902,60.72290096140196,56.58,tempo,0.5986909003056685,0.5742008909269783,96,24.0,2.9564504807009797
LTC,2022-08-26 16:00:00+00:00,2022-08-26 16:00:00+00:00,2022-08-27 16:00:00+00:00,-1,54.26,58.71927895307207,45.341442093855854,52.4,tempo,0.417107792442232,0.4015606601077011,96,24.0,4.459278953072072
LTC,2022-09-06 04:00:00+00:00,2022-09-06 04:00:00+00:00,2022-09-06 20:15:00+00:00,-1,60.19,63.14150145688168,54.28699708623664,54.28699708623664,alvo,2.0,1.9747890864385107,65,16.25,2.9515014568816795
LTC,2022-09-16 04:00:00+00:00,2022-09-16 04:00:00+00:00,2022-09-16 08:45:00+00:00,1,55.79,54.805007486420955,57.75998502715809,54.805007486420955,stop,-1.0,-1.0729820317161272,19,4.75,0.9849925135790443
LTC,2022-09-16 16:00:00+00:00,2022-09-16 16:00:00+00:00,2022-09-17 16:00:00+00:00,1,55.73,54.360776762115144,58.4684464757697,57.58,tempo,1.3511310272953314,1.2973403100754168,96,24.0,1.369223237884853
LTC,2022-09-21 20:00:00+00:00,2022-09-21 20:00:00+00:00,2022-09-22 20:00:00+00:00,-1,53.03,56.04666961706707,46.99666076586587,53.49,tempo,-0.1524860387088833,-0.17543783946567817,96,24.0,3.016669617067066
LTC,2022-09-27 16:00:00+00:00,2022-09-27 16:00:00+00:00,2022-09-28 02:45:00+00:00,-1,54.31,55.91822124475025,51.09355751049951,51.09355751049951,alvo,2.0,1.95739870207195,43,10.75,1.608221244750247
LTC,2022-10-18 20:00:00+00:00,2022-10-18 20:00:00+00:00,2022-10-19 20:00:00+00:00,1,51.24,50.496378872945954,52.7272422541081,51.49,tempo,0.33619270742132823,0.24639630765450632,96,24.0,0.7436211270540483
LTC,2022-10-24 04:00:00+00:00,2022-10-24 04:00:00+00:00,2022-10-25 04:00:00+00:00,-1,53.38,54.35086343671852,51.43827312656297,52.8,tempo,0.5974063684593832,0.5263181006456576,96,24.0,0.9708634367185169
LTC,2022-10-26 00:00:00+00:00,2022-10-26 00:00:00+00:00,2022-10-26 08:45:00+00:00,-1,55.91,57.07301116553873,53.58397766892253,57.07301116553873,stop,-1.0,-1.0631455306996829,35,8.75,1.1630111655387338
LTC,2022-10-26 16:00:00+00:00,2022-10-26 16:00:00+00:00,2022-10-27 16:00:00+00:00,-1,56.72,57.915544857591506,54.328910284816985,55.33,tempo,1.1626498087242283,1.1017298862825684,96,24.0,1.195544857591507
LTC,2022-10-28 04:00:00+00:00,2022-10-28 04:00:00+00:00,2022-10-28 07:45:00+00:00,1,54.55,53.772737796241124,56.104524407517744,53.772737796241124,stop,-1.0,-1.090586907773274,15,3.75,0.7772622037588732
LTC,2022-10-29 20:00:00+00:00,2022-10-29 20:00:00+00:00,2022-10-30 20:00:00+00:00,-1,56.45,57.90539712381603,53.53920575236795,55.68,tempo,0.5290652203441737,0.4789864488478428,96,24.0,1.4553971238160273
LTC,2022-11-02 16:00:00+00:00,2022-11-02 16:00:00+00:00,2022-11-03 01:00:00+00:00,-1,60.82,63.60143095129363,55.25713809741274,63.60143095129363,stop,-1.0,-1.0290763752667407,36,9.0,2.781430951293629
LTC,2022-11-04 08:00:00+00:00,2022-11-04 08:00:00+00:00,2022-11-04 08:15:00+00:00,-1,64.18,65.55941416810778,61.42117166378446,65.55941416810778,stop,-1.0,-1.0611350971731366,1,0.25,1.3794141681077718
LTC,2022-11-19 12:00:00+00:00,2022-11-19 12:00:00+00:00,2022-11-20 12:00:00+00:00,-1,63.28,64.9844415225644,59.87111695487121,61.21,tempo,1.2144740506471643,1.1669989692619989,96,24.0,1.7044415225643945
LTC,2022-11-21 00:00:00+00:00,2022-11-21 00:00:00+00:00,2022-11-21 03:30:00+00:00,1,62.06,59.90221196317387,66.37557607365227,59.90221196317387,stop,-1.0,-1.0367392146138081,14,3.5,2.1577880368261333
LTC,2022-11-22 20:00:00+00:00,2022-11-22 20:00:00+00:00,2022-11-23 02:30:00+00:00,-1,69.04,71.97867563320223,63.16264873359556,71.97867563320223,stop,-1.0,-1.0311916490972837,26,6.5,2.938675633202223
LTC,2022-11-28 20:00:00+00:00,2022-11-28 20:00:00+00:00,2022-11-29 20:00:00+00:00,1,73.99,69.86239430181041,82.24521139637916,76.59,tempo,0.6299051290534847,0.6061923504702664,96,24.0,4.1276056981895834
LTC,2022-12-08 08:00:00+00:00,2022-12-08 08:00:00+00:00,2022-12-09 08:00:00+00:00,1,75.63,73.63733082815114,79.61533834369772,77.88,tempo,1.129138761108238,1.0790644680897838,96,24.0,1.9926691718488598
LTC,2022-12-13 16:00:00+00:00,2022-12-13 16:00:00+00:00,2022-12-14 16:00:00+00:00,-1,78.03,80.28351235210071,73.52297529579857,78.41,tempo,-0.16862565658704343,-0.21374899478628107,96,24.0,2.2535123521007137
LTC,2022-12-15 04:00:00+00:00,2022-12-15 04:00:00+00:00,2022-12-15 18:15:00+00:00,1,74.81,72.86299532761645,78.70400934476712,72.86299532761645,stop,-1.0,-1.0493000598942792,57,14.25,1.9470046723835566
LTC,2022-12-16 20:00:00+00:00,2022-12-16 20:00:00+00:00,2022-12-16 22:45:00+00:00,1,68.06,66.12877191191384,71.92245617617232,66.12877191191384,stop,-1.0,-1.0451643709413845,11,2.75,1.9312280880861579
LTC,2022-12-20 00:00:00+00:00,2022-12-20 00:00:00+00:00,2022-12-21 00:00:00+00:00,1,63.32,60.47037378620941,69.0192524275812,65.5,tempo,0.7650126144439654,0.7356287606617468,96,24.0,2.849626213790593
LTC,2022-12-28 04:00:00+00:00,2022-12-28 04:00:00+00:00,2022-12-28 05:45:00+00:00,1,68.42,67.33621474530042,70.58757050939916,67.33621474530042,stop,-1.0,-1.0814197639263008,7,1.75,1.0837852546995776
LTC,2022-12-29 04:00:00+00:00,2022-12-29 04:00:00+00:00,2022-12-30 04:00:00+00:00,1,66.36,65.19687249147928,68.68625501704143,67.12,tempo,0.653410734792598,0.5788170214082888,96,24.0,1.1631275085207164
LTC,2023-01-01 20:00:00+00:00,2023-01-01 20:00:00+00:00,2023-01-02 07:30:00+00:00,-1,70.87,71.80424590467385,69.00150819065232,71.80424590467385,stop,-1.0,-1.0992653640482524,46,11.5,0.934245904673844
LTC,2023-01-09 12:00:00+00:00,2023-01-09 12:00:00+00:00,2023-01-10 12:00:00+00:00,-1,81.75,84.06245716102656,77.12508567794688,80.27,tempo,0.64001185619499,0.5944702557818394,96,24.0,2.3124571610265576
LTC,2023-01-11 08:00:00+00:00,2023-01-11 08:00:00+00:00,2023-01-11 23:30:00+00:00,-1,83.04,84.46851039731398,80.18297920537206,84.46851039731398,stop,-1.0,-1.0762196284766161,62,15.5,1.4285103973139712
LTC,2023-01-14 00:00:00+00:00,2023-01-14 00:00:00+00:00,2023-01-14 00:45:00+00:00,-1,86.23,88.70834162637347,81.27331674725308,88.70834162637347,stop,-1.0,-1.045881455908697,3,0.75,2.4783416263734637
LTC,2023-01-18 20:00:00+00:00,2023-01-18 20:00:00+00:00,2023-01-19 20:00:00+00:00,1,84.31,81.41074090268087,90.10851819463826,84.19,tempo,-0.04138988478503539,-0.0791667775440423,96,24.0,2.8992590973191312
LTC,2023-01-21 12:00:00+00:00,2023-01-21 12:00:00+00:00,2023-01-22 12:00:00+00:00,-1,89.15,92.89410427228,81.66179145544001,88.87,tempo,0.07478424200763331,0.04387885273824318,96,24.0,3.7441042722799978
LTC,2023-01-25 04:00:00+00:00,2023-01-25 04:00:00+00:00,2023-01-26 04:00:00+00:00,1,87.55,84.97351472890502,92.70297054218996,89.35,tempo,0.698626155636828,0.6539975286891053,96,24.0,2.576485271094981
LTC,2023-02-01 08:00:00+00:00,2023-02-01 08:00:00+00:00,2023-02-01 20:00:00+00:00,-1,96.11,98.96408051729478,90.40183896541045,98.96408051729478,stop,-1.0,-1.0444269709869385,48,12.0,2.8540805172947756
LTC,2023-02-10 00:00:00+00:00,2023-02-10 00:00:00+00:00,2023-02-11 00:00:00+00:00,1,92.01,89.17727056572588,97.67545886854826,93.31,tempo,0.45892134429461146,0.41639769253227266,96,24.0,2.8327294342741283
LTC,2023-02-13 12:00:00+00:00,2023-02-13 12:00:00+00:00,2023-02-13 17:45:00+00:00,1,90.84,88.96479616035617,94.59040767928767,88.96479616035617,stop,-1.0,-1.06232555364564,23,5.75,1.8752038396438309
LTC,2023-02-16 04:00:00+00:00,2023-02-16 04:00:00+00:00,2023-02-16 16:15:00+00:00,-1,102.01,104.41565368569472,97.19869262861057,104.41565368569472,stop,-1.0,-1.055775557260626,49,12.25,2.405653685694716
LTC,2023-02-16 20:00:00+00:00,2023-02-16 20:00:00+00:00,2023-02-17 20:00:00+00:00,-1,102.7,106.50474286583498,95.09051426833004,100.98,tempo,0.45206734348459865,0.417270773869126,96,24.0,3.8047428658349816
LTC,2023-02-27 16:00:00+00:00,2023-02-27 16:00:00+00:00,2023-02-28 16:00:00+00:00,-1,94.6,96.41246325513097,90.97507348973804,95.65,tempo,-0.5793220894423774,-0.6475510588572986,96,24.0,1.8124632551309787
LTC,2023-03-06 16:00:00+00:00,2023-03-06 16:00:00+00:00,2023-03-07 11:00:00+00:00,1,88.65,86.0876531774581,93.77469364508383,86.0876531774581,stop,-1.0,-1.0443263470682997,76,19.0,2.5623468225419117
LTC,2023-03-07 16:00:00+00:00,2023-03-07 16:00:00+00:00,2023-03-08 14:15:00+00:00,1,86.03,83.27150473802041,91.54699052395918,83.27150473802041,stop,-1.0,-1.039893480912032,89,22.25,2.75849526197959
LTC,2023-03-08 16:00:00+00:00,2023-03-08 16:00:00+00:00,2023-03-08 22:45:00+00:00,1,84.56,82.1878125378274,89.30437492434521,82.1878125378274,stop,-1.0,-1.045690351153918,27,6.75,2.3721874621726045
LTC,2023-03-10 04:00:00+00:00,2023-03-10 04:00:00+00:00,2023-03-10 07:15:00+00:00,1,75.2,73.00083387602112,79.59833224795777,73.00083387602112,stop,-1.0,-1.043803212940151,13,3.25,2.199166123978884
LTC,2023-04-11 04:00:00+00:00,2023-04-11 04:00:00+00:00,2023-04-11 04:30:00+00:00,-1,94.26,95.40523185457391,91.96953629085219,95.40523185457391,stop,-1.0,-1.1076484208966937,2,0.5,1.1452318545739075
LTC,2023-04-14 08:00:00+00:00,2023-04-14 08:00:00+00:00,2023-04-15 08:00:00+00:00,-1,96.97,99.86129559280653,91.18740881438694,96.29,tempo,0.2351886820883398,0.19174137759531704,96,24.0,2.8912955928065287
LTC,2023-05-10 16:00:00+00:00,2023-05-10 16:00:00+00:00,2023-05-10 17:30:00+00:00,-1,81.08,82.40402441081739,78.43195117836522,78.43195117836522,alvo,2.0,1.9216911958579912,6,1.5,1.3240244108173869
LTC,2023-05-24 16:00:00+00:00,2023-05-24 16:00:00+00:00,2023-05-25 01:30:00+00:00,1,85.92,83.56194219390557,90.63611561218887,83.56194219390557,stop,-1.0,-1.0467177955270308,38,9.5,2.358057806094436
LTC,2023-05-31 16:00:00+00:00,2023-05-31 16:00:00+00:00,2023-06-01 05:30:00+00:00,1,88.69,87.15378639714875,91.7624272057025,91.7624272057025,alvo,2.0,1.9236472861156768,54,13.5,1.536213602851248
LTC,2023-06-05 20:00:00+00:00,2023-06-05 20:00:00+00:00,2023-06-06 20:00:00+00:00,1,87.36,82.45291669168957,97.17416661662087,90.78,tempo,0.6969516890426602,0.6733549834795203,96,24.0,4.907083308310433
LTC,2023-06-09 04:00:00+00:00,2023-06-09 04:00:00+00:00,2023-06-10 03:45:00+00:00,1,87.53,85.99597094007714,90.59805811984572,85.99597094007714,stop,-1.0,-1.0735265609092974,95,23.75,1.534029059922858
LTC,2023-06-19 20:00:00+00:00,2023-06-19 20:00:00+00:00,2023-06-20 14:30:00+00:00,1,77.05,75.71950825986492,79.71098348027014,75.71950825986492,stop,-1.0,-1.0746341952929608,74,18.5,1.3304917401350735
LTC,2023-06-20 16:00:00+00:00,2023-06-20 16:00:00+00:00,2023-06-20 18:30:00+00:00,1,76.61,75.38673969048781,79.05652061902437,79.05652061902437,alvo,2.0,1.9172839684116654,10,2.5,1.2232603095121846
LTC,2023-06-21 16:00:00+00:00,2023-06-21 16:00:00+00:00,2023-06-21 16:15:00+00:00,-1,84.5,85.84718245776743,81.80563508446514,85.84718245776743,stop,-1.0,-1.082190551071341,1,0.25,1.3471824577674312
LTC,2023-06-21 20:00:00+00:00,2023-06-21 20:00:00+00:00,2023-06-22 01:30:00+00:00,-1,85.2,87.96275765765034,79.67448468469932,87.96275765765034,stop,-1.0,-1.0407403784279794,22,5.5,2.76275765765034
LTC,2023-06-30 08:00:00+00:00,2023-06-30 08:00:00+00:00,2023-06-30 08:45:00+00:00,-1,95.14,98.0568282292235,89.306343541553,98.0568282292235,stop,-1.0,-1.0430529083237876,3,0.75,2.9168282292234977
LTC,2023-07-01 12:00:00+00:00,2023-07-01 12:00:00+00:00,2023-07-02 09:45:00+00:00,-1,106.32,114.94001975879026,89.07996048241947,114.94001975879026,stop,-1.0,-1.016684301993224,87,21.75,8.620019758790264
LTC,2023-07-22 04:00:00+00:00,2023-07-22 04:00:00+00:00,2023-07-23 04:00:00+00:00,-1,94.67,96.86187932564825,90.28624134870351,92.47,tempo,1.0037048911665594,0.9482086790454725,96,24.0,2.1918793256482445
LTC,2023-07-30 20:00:00+00:00,2023-07-30 20:00:00+00:00,2023-07-31 20:00:00+00:00,-1,92.95,96.67623245427059,85.49753509145883,91.7,tempo,0.33545947960583916,0.3032493312930457,96,24.0,3.726232454270587
LTC,2023-08-08 20:00:00+00:00,2023-08-08 20:00:00+00:00,2023-08-09 20:00:00+00:00,-1,84.26,85.81531314640851,81.14937370718299,83.56,tempo,0.4500701364329273,0.379934421157909,96,24.0,1.5553131464085084
LTC,2023-08-23 00:00:00+00:00,2023-08-23 00:00:00+00:00,2023-08-24 00:00:00+00:00,1,64.8,61.419159977486046,71.5616800450279,65.59,tempo,0.2336697373253917,0.20860096760082533,96,24.0,3.3808400225139508
LTC,2023-09-01 16:00:00+00:00,2023-09-01 16:00:00+00:00,2023-09-01 17:15:00+00:00,1,63.18,62.25859449011301,65.02281101977397,62.25859449011301,stop,-1.0,-1.0884899054147983,5,1.25,0.9214055098869878
LTC,2023-09-06 20:00:00+00:00,2023-09-06 20:00:00+00:00,2023-09-07 20:00:00+00:00,1,62.53,61.08461966772332,65.42076066455337,62.87,tempo,0.23523220318381308,0.17883874176759892,96,24.0,1.4453803322766845
LTC,2023-09-08 00:00:00+00:00,2023-09-08 00:00:00+00:00,2023-09-08 10:15:00+00:00,-1,63.68,64.67362495879362,61.69275008241275,61.69275008241275,alvo,2.0,1.9179848625657419,41,10.25,0.9936249587936246
LTC,2023-09-13 08:00:00+00:00,2023-09-13 08:00:00+00:00,2023-09-14 01:00:00+00:00,-1,60.08,63.03199348043971,54.176013039120576,63.03199348043971,stop,-1.0,-1.027108053013168,68,17.0,2.951993480439711
LTC,2023-09-25 04:00:00+00:00,2023-09-25 04:00:00+00:00,2023-09-26 04:00:00+00:00,1,64.2,62.29843319258283,68.00313361483435,64.52,tempo,0.16828228109147358,0.12428277517159324,96,24.0,1.9015668074171757
LTC,2023-10-09 20:00:00+00:00,2023-10-09 20:00:00+00:00,2023-10-10 20:00:00+00:00,1,63.02,61.223946304975115,66.61210739004977,63.41,tempo,0.21714272857225977,0.17138713661660768,96,24.0,1.796053695024888
LTC,2023-10-19 04:00:00+00:00,2023-10-19 04:00:00+00:00,2023-10-20 03:30:00+00:00,1,60.4,59.35013507510211,62.49972984979578,62.49972984979578,alvo,2.0,1.9239094263386913,94,23.5,1.0498649248978893
LTC,2023-10-21 20:00:00+00:00,2023-10-21 20:00:00+00:00,2023-10-22 16:45:00+00:00,-1,64.75,65.61405595943711,63.02188808112578,65.61405595943711,stop,-1.0,-1.0980684589327245,83,20.75,0.8640559594371098
LTC,2023-10-24 04:00:00+00:00,2023-10-24 04:00:00+00:00,2023-10-25 04:00:00+00:00,-1,69.96,73.4876310390992,62.90473792180158,69.52,tempo,0.12472959760336884,0.09902906401719455,96,24.0,3.527631039099205
LTC,2023-10-27 20:00:00+00:00,2023-10-27 20:00:00+00:00,2023-10-28 20:00:00+00:00,1,66.52,64.0943414889187,71.37131702216259,67.71,tempo,0.4905884297248119,0.4546190219943287,96,24.0,2.425658511081295
LTC,2023-11-09 16:00:00+00:00,2023-11-09 16:00:00+00:00,2023-11-09 16:15:00+00:00,-1,74.8,76.77155177430922,70.85689645138156,70.85689645138156,alvo,2.0,1.9519784446307171,1,0.25,1.9715517743092192
LTC,2023-11-09 20:00:00+00:00,2023-11-09 20:00:00+00:00,2023-11-10 20:00:00+00:00,1,71.22,66.60761270756858,80.44477458486284,72.67,tempo,0.3143708253596447,0.2940931482978175,96,24.0,4.612387292431421
LTC,2023-11-12 12:00:00+00:00,2023-11-12 12:00:00+00:00,2023-11-13 12:00:00+00:00,-1,75.68,77.41890365253822,72.20219269492358,73.4,tempo,1.311170976420672,1.2554450597728142,96,24.0,1.7389036525382124
LTC,2023-11-17 20:00:00+00:00,2023-11-17 20:00:00+00:00,2023-11-18 07:15:00+00:00,1,69.77,67.55778127360014,74.1944374527997,67.55778127360014,stop,-1.0,-1.0403500145634812,45,11.25,2.212218726399854
LTC,2023-11-18 08:00:00+00:00,2023-11-18 08:00:00+00:00,2023-11-19 08:00:00+00:00,1,68.93,66.99239806735669,72.80520386528664,69.96,tempo,0.5315849363314986,0.4849920327639221,96,24.0,1.937601932643318
LTC,2023-12-01 16:00:00+00:00,2023-12-01 16:00:00+00:00,2023-12-01 17:00:00+00:00,-1,71.4,72.19065159406924,69.81869681186154,72.19065159406924,stop,-1.0,-1.1180468416635765,4,1.0,0.7906515940692316
LTC,2023-12-04 12:00:00+00:00,2023-12-04 12:00:00+00:00,2023-12-05 12:00:00+00:00,-1,73.61,75.54567368669619,69.73865262660762,71.96,tempo,0.8524164022791603,0.8035339379204602,96,24.0,1.935673686696191
LTC,2023-12-08 08:00:00+00:00,2023-12-08 08:00:00+00:00,2023-12-08 09:30:00+00:00,-1,74.21,75.36445096493142,71.90109807013714,75.36445096493142,stop,-1.0,-1.0842161305075269,6,1.5,1.1544509649314278
LTC,2023-12-14 00:00:00+00:00,2023-12-14 00:00:00+00:00,2023-12-15 00:00:00+00:00,-1,73.2,74.51171638382209,70.57656723235583,72.99,tempo,0.16009558361092405,0.0876534755668666,96,24.0,1.3117163838220876
LTC,2023-12-27 16:00:00+00:00,2023-12-27 16:00:00+00:00,2023-12-28 16:00:00+00:00,-1,75.65,77.99744749413696,70.95510501172609,75.19,tempo,0.19595752456611498,0.15419045618870417,96,24.0,2.347447494136958
LTC,2023-12-29 04:00:00+00:00,2023-12-29 04:00:00+00:00,2023-12-29 16:30:00+00:00,-1,77.27,78.46178243234336,74.88643513531328,74.88643513531328,alvo,2.0,1.9170136426298157,50,12.5,1.1917824323433592
LTC,2024-01-12 16:00:00+00:00,2024-01-12 16:00:00+00:00,2024-01-13 16:00:00+00:00,-1,74.48,77.93327476367004,67.57345047265993,72.01,tempo,0.7152630963471196,0.6876897039829382,96,24.0,3.453274763670038
LTC,2024-01-16 16:00:00+00:00,2024-01-16 16:00:00+00:00,2024-01-17 16:00:00+00:00,1,70.26,68.04550617190792,74.68898765618418,68.69,tempo,-0.7089656245972251,-0.7497503397561802,96,24.0,2.2144938280920883
LTC,2024-01-22 16:00:00+00:00,2024-01-22 16:00:00+00:00,2024-01-22 19:30:00+00:00,1,68.74,67.42937550875358,71.36124898249282,67.42937550875358,stop,-1.0,-1.0675327637106156,14,3.5,1.310624491246415
LTC,2024-01-31 12:00:00+00:00,2024-01-31 12:00:00+00:00,2024-02-01 12:00:00+00:00,-1,68.09,70.38044614711197,63.509107705776074,66.09,tempo,0.8731923265350772,0.8351137189633723,96,24.0,2.2904461471119646
LTC,2024-02-07 20:00:00+00:00,2024-02-07 20:00:00+00:00,2024-02-08 00:45:00+00:00,-1,68.07,68.97917577618271,66.25164844763455,68.97917577618271,stop,-1.0,-1.097981013779909,19,4.75,0.909175776182721
LTC,2024-02-12 20:00:00+00:00,2024-02-12 20:00:00+00:00,2024-02-13 13:45:00+00:00,-1,72.32,73.62764909761496,69.70470180477005,69.70470180477005,alvo,2.0,1.929403036073304,71,17.75,1.30764909761497
LTC,2024-02-29 20:00:00+00:00,2024-02-29 20:00:00+00:00,2024-03-01 07:00:00+00:00,-1,82.89,85.96369938095938,76.74260123808124,85.96369938095938,stop,-1.0,-1.0357077550516232,44,11.0,3.0736993809593827
LTC,2024-03-01 08:00:00+00:00,2024-03-01 08:00:00+00:00,2024-03-02 01:15:00+00:00,-1,84.31,87.19543496995658,78.53913006008685,87.19543496995658,stop,-1.0,-1.0386349142819702,69,17.25,2.8854349699565773
LTC,2024-03-15 12:00:00+00:00,2024-03-15 12:00:00+00:00,2024-03-16 12:00:00+00:00,1,87.85,82.1331219463485,99.28375610730299,89.57,tempo,0.3008635104436758,0.2806911368303642,96,24.0,5.716878053651499
LTC,2024-03-17 08:00:00+00:00,2024-03-17 08:00:00+00:00,2024-03-18 08:00:00+00:00,1,83.22,79.86905613333582,89.92188773332836,85.77,tempo,0.7609796228960669,0.7281997541872104,96,24.0,3.3509438666641813
LTC,2024-03-19 12:00:00+00:00,2024-03-19 12:00:00+00:00,2024-03-20 12:00:00+00:00,1,79.69,76.88127773355536,85.30744453288926,81.31,tempo,0.5767747204320954,0.5395157855597382,96,24.0,2.808722266444633
LTC,2024-04-14 00:00:00+00:00,2024-04-14 00:00:00+00:00,2024-04-15 00:00:00+00:00,1,77.32,69.20383962726888,93.55232074546223,79.68,tempo,0.2907778914681383,0.27820421188156064,96,24.0,8.116160372731116
LTC,2024-04-25 04:00:00+00:00,2024-04-25 04:00:00+00:00,2024-04-26 04:00:00+00:00,1,83.66,81.2092926915459,88.5614146169082,84.92,tempo,0.5141372842254306,0.46942488645275615,96,24.0,2.450707308454099
LTC,2024-04-26 16:00:00+00:00,2024-04-26 16:00:00+00:00,2024-04-27 16:00:00+00:00,-1,86.96,89.14994388151896,82.58011223696205,84.67,tempo,1.0456888961061508,0.9947471797720222,96,24.0,2.189943881518971
LTC,2024-04-30 20:00:00+00:00,2024-04-30 20:00:00+00:00,2024-05-01 07:15:00+00:00,1,78.04,76.5317899180279,81.05642016394422,76.5317899180279,stop,-1.0,-1.0666164910629314,45,11.25,1.5082100819721092
LTC,2024-05-06 16:00:00+00:00,2024-05-06 16:00:00+00:00,2024-05-07 16:00:00+00:00,1,81.7,79.46516891973901,86.16966216052198,81.9,tempo,0.08949222237263962,0.04190920773710781,96,24.0,2.2348310802609888
LTC,2024-05-10 16:00:00+00:00,2024-05-10 16:00:00+00:00,2024-05-10 22:30:00+00:00,1,80.79,79.54580004488602,83.27839991022798,79.54580004488602,stop,-1.0,-1.0837632806534125,26,6.5,1.2441999551139844
LTC,2024-05-14 16:00:00+00:00,2024-05-14 16:00:00+00:00,2024-05-15 16:00:00+00:00,1,79.62,77.95595265546953,82.94809468906095,80.56,tempo,0.5648877738302738,0.5023192415452878,96,24.0,1.6640473445304735
LTC,2024-05-16 20:00:00+00:00,2024-05-16 20:00:00+00:00,2024-05-17 07:30:00+00:00,-1,82.21,83.53733865135732,79.55532269728535,83.53733865135732,stop,-1.0,-1.0811667542516092,46,11.5,1.3273386513573229
LTC,2024-05-30 20:00:00+00:00,2024-05-30 20:00:00+00:00,2024-05-31 20:00:00+00:00,-1,84.61,85.97971453525176,81.87057092949648,83.78,tempo,0.6059656801754248,0.5260559638199056,96,24.0,1.3697145352517595
LTC,2024-06-06 20:00:00+00:00,2024-06-06 20:00:00+00:00,2024-06-07 18:00:00+00:00,-1,85.0,86.1410850549497,82.7178298901006,82.7178298901006,alvo,2.0,1.904462345768457,88,22.0,1.1410850549496985
LTC,2024-06-17 08:00:00+00:00,2024-06-17 08:00:00+00:00,2024-06-17 10:15:00+00:00,1,78.17,77.17244944665617,80.16510110668766,77.17244944665617,stop,-1.0,-1.1012205264203028,9,2.25,0.997550553343828
LTC,2024-06-25 00:00:00+00:00,2024-06-25 00:00:00+00:00,2024-06-26 00:00:00+00:00,1,69.64,66.84487949372348,75.23024101255304,71.32,tempo,0.601047431131326,0.5682674490896731,96,24.0,2.7951205062765183
LTC,2024-07-03 16:00:00+00:00,2024-07-03 16:00:00+00:00,2024-07-03 20:15:00+00:00,1,74.4,73.02427328278723,77.15145343442555,73.02427328278723,stop,-1.0,-1.0696546606494313,17,4.25,1.3757267172127712
LTC,2024-07-04 16:00:00+00:00,2024-07-04 16:00:00+00:00,2024-07-04 21:15:00+00:00,1,68.96,66.7560469461393,73.36790610772137,66.7560469461393,stop,-1.0,-1.040026002532342,21,5.25,2.203953053860687
LTC,2024-07-08 04:00:00+00:00,2024-07-08 04:00:00+00:00,2024-07-09 04:00:00+00:00,1,61.63,58.72642593344246,67.4371481331151,65.17,tempo,1.2191870842120431,1.1908013781440328,96,24.0,2.903574066557546
LTC,2024-07-23 20:00:00+00:00,2024-07-23 20:00:00+00:00,2024-07-24 20:00:00+00:00,1,72.23,69.94354593471652,76.80290813056696,72.47,tempo,0.10496602737140018,0.06383027860299495,96,24.0,2.286454065283479
LTC,2024-08-04 20:00:00+00:00,2024-08-04 20:00:00+00:00,2024-08-05 01:00:00+00:00,1,63.34,59.697555099851954,70.6248898002961,59.697555099851954,stop,-1.0,-1.0219562445026014,20,5.0,3.6424449001480497
LTC,2024-08-26 20:00:00+00:00,2024-08-26 20:00:00+00:00,2024-08-27 10:15:00+00:00,1,63.81,62.58199703868138,66.26600592263725,62.58199703868138,stop,-1.0,-1.0669011400322077,57,14.25,1.228002961318623
LTC,2024-09-04 04:00:00+00:00,2024-09-04 04:00:00+00:00,2024-09-05 04:00:00+00:00,1,64.79,61.63783002946796,71.09433994106409,65.17,tempo,0.12055187491550676,0.09375319312178929,96,24.0,3.152169970532043
LTC,2024-09-05 04:00:00+00:00,2024-09-05 04:00:00+00:00,2024-09-05 07:15:00+00:00,-1,65.17,67.34821762435661,60.81356475128679,67.34821762435661,stop,-1.0,-1.039544644434357,13,3.25,2.1782176243566056
LTC,2024-10-01 20:00:00+00:00,2024-10-01 20:00:00+00:00,2024-10-02 20:00:00+00:00,1,63.61,61.48657306400576,67.85685387198848,62.96,tempo,-0.3061089548134856,-0.34485316522422854,96,24.0,2.123426935994239
LTC,2024-10-07 20:00:00+00:00,2024-10-07 20:00:00+00:00,2024-10-08 20:00:00+00:00,1,65.6,64.35229497585884,68.0954100482823,65.66,tempo,0.04808828917019283,-0.02029245655833261,96,24.0,1.2477050241411547
LTC,2024-10-10 16:00:00+00:00,2024-10-10 16:00:00+00:00,2024-10-10 18:00:00+00:00,1,64.36,63.63072794317816,65.81854411364368,63.63072794317816,stop,-1.0,-1.1140781034798235,8,2.0,0.7292720568218414
LTC,2024-10-14 04:00:00+00:00,2024-10-14 04:00:00+00:00,2024-10-15 04:00:00+00:00,1,65.46,63.845758179097736,68.68848364180451,66.83,tempo,0.8486956429082367,0.7954269821124597,96,24.0,1.614241820902258
LTC,2024-10-15 04:00:00+00:00,2024-10-15 04:00:00+00:00,2024-10-15 14:15:00+00:00,-1,66.83,68.07843014853981,64.33313970292038,68.07843014853981,stop,-1.0,-1.0702405975209068,41,10.25,1.2484301485398106
LTC,2024-10-15 16:00:00+00:00,2024-10-15 16:00:00+00:00,2024-10-15 16:30:00+00:00,-1,66.25,68.610780621975,61.52843875605001,68.610780621975,stop,-1.0,-1.0371315769827647,2,0.5,2.360780621974996
LTC,2024-10-18 00:00:00+00:00,2024-10-18 00:00:00+00:00,2024-10-18 02:00:00+00:00,-1,72.79,74.39353715354216,69.58292569291571,74.39353715354216,stop,-1.0,-1.0596614172228394,8,2.0,1.603537153542149
LTC,2024-10-19 12:00:00+00:00,2024-10-19 12:00:00+00:00,2024-10-20 12:00:00+00:00,-1,74.82,76.51147234868894,71.4370553026221,75.05,tempo,-0.13597621041708188,-0.19356834313832105,96,24.0,1.6914723486889471
LTC,2024-10-23 20:00:00+00:00,2024-10-23 20:00:00+00:00,2024-10-24 20:00:00+00:00,1,69.7,67.498360030763,74.10327993847402,71.04,tempo,0.6086372062296767,0.567085907525873,96,24.0,2.201639969237007
LTC,2024-11-01 04:00:00+00:00,2024-11-01 04:00:00+00:00,2024-11-01 07:00:00+00:00,1,69.18,67.76492205043688,72.01015589912626,67.76492205043688,stop,-1.0,-1.0629040961031617,12,3.0,1.415077949563127
LTC,2024-11-07 04:00:00+00:00,2024-11-07 04:00:00+00:00,2024-11-08 04:00:00+00:00,-1,71.26,72.74994019882988,68.28011960234026,71.1,tempo,0.10738686030866697,0.04528101198490748,96,24.0,1.4899401988298706
LTC,2024-11-15 16:00:00+00:00,2024-11-15 16:00:00+00:00,2024-11-16 09:30:00+00:00,-1,82.58,88.4729819864041,70.79403602719181,88.4729819864041,stop,-1.0,-1.0188672625417285,70,17.5,5.892981986404095
LTC,2024-11-16 16:00:00+00:00,2024-11-16 16:00:00+00:00,2024-11-16 18:30:00+00:00,-1,88.95,95.96302093314921,74.92395813370159,95.96302093314921,stop,-1.0,-1.0171386146929087,10,2.5,7.013020933149207
LTC,2024-11-23 16:00:00+00:00,2024-11-23 16:00:00+00:00,2024-11-23 16:15:00+00:00,-1,103.04,106.51805795682914,96.08388408634174,106.51805795682914,stop,-1.0,-1.0391634467747977,1,0.25,3.478057956829133
LTC,2024-11-23 20:00:00+00:00,2024-11-23 20:00:00+00:00,2024-11-24 20:00:00+00:00,-1,98.78,107.84869659269567,80.64260681460865,95.46,tempo,0.36609450609187666,0.352172328995149,96,24.0,9.068696592695673
LTC,2024-11-26 00:00:00+00:00,2024-11-26 00:00:00+00:00,2024-11-26 11:00:00+00:00,1,92.35,89.98619515211152,97.07760969577694,89.98619515211152,stop,-1.0,-1.050138879677289,44,11.0,2.363804847888474
LTC,2024-12-02 04:00:00+00:00,2024-12-02 04:00:00+00:00,2024-12-02 20:00:00+00:00,-1,119.95,131.76585170901782,96.31829658196436,131.76585170901782,stop,-1.0,-1.0138471019813147,64,16.0,11.81585170901782
LTC,2024-12-03 00:00:00+00:00,2024-12-03 00:00:00+00:00,2024-12-04 00:00:00+00:00,-1,132.99,142.43931210579257,114.0913757884149,131.03,tempo,0.2074225063217566,0.18926107847614668,96,24.0,9.449312105792558
LTC,2024-12-12 20:00:00+00:00,2024-12-12 20:00:00+00:00,2024-12-13 20:00:00+00:00,-1,118.82,126.19996860605828,104.06006278788342,120.8,tempo,-0.268293824227735,-0.2893986565534635,96,24.0,7.379968606058284
LTC,2024-12-19 04:00:00+00:00,2024-12-19 04:00:00+00:00,2024-12-19 18:00:00+00:00,1,109.05,101.65731663451925,123.8353667309615,101.65731663451925,stop,-1.0,-1.0185263927915478,56,14.0,7.39268336548075
LTC,2025-01-20 00:00:00+00:00,2025-01-20 00:00:00+00:00,2025-01-20 07:15:00+00:00,1,115.56,109.60948640335123,127.46102719329755,127.46102719329755,alvo,2.0,1.9734537758615314,29,7.25,5.950513596648776
LTC,2025-02-03 00:00:00+00:00,2025-02-03 00:00:00+00:00,2025-02-03 00:45:00+00:00,1,109.04,102.16341289972358,122.79317420055285,102.16341289972358,stop,-1.0,-1.0199637140318198,3,0.75,6.876587100276424
LTC,2025-02-10 16:00:00+00:00,2025-02-10 16:00:00+00:00,2025-02-10 17:15:00+00:00,-1,117.98,121.4030792565499,111.13384148690021,121.4030792565499,stop,-1.0,-1.0454558570968013,5,1.25,3.4230792565498973
LTC,2025-02-12 16:00:00+00:00,2025-02-12 16:00:00+00:00,2025-02-13 01:30:00+00:00,1,115.78,109.98629047805157,127.36741904389686,127.36741904389686,alvo,2.0,1.9727211345719344,38,9.5,5.793709521948429
LTC,2025-02-15 20:00:00+00:00,2025-02-15 20:00:00+00:00,2025-02-16 01:30:00+00:00,-1,130.18,136.2314878800177,118.0770242399646,136.2314878800177,stop,-1.0,-1.0286156843664545,22,5.5,6.051487880017703
LTC,2025-02-26 16:00:00+00:00,2025-02-26 16:00:00+00:00,2025-02-27 07:45:00+00:00,-1,126.35,129.9344072956233,119.18118540875341,129.9344072956233,stop,-1.0,-1.0464748704606093,63,15.75,3.5844072956232935
LTC,2025-02-28 12:00:00+00:00,2025-02-28 12:00:00+00:00,2025-03-01 12:00:00+00:00,1,119.32,112.45151080638279,133.0569783872344,125.24,tempo,0.8619071579091041,0.8387632036101408,96,24.0,6.868489193617208
LTC,2025-03-25 00:00:00+00:00,2025-03-25 00:00:00+00:00,2025-03-26 00:00:00+00:00,-1,93.73,96.01584955266752,89.15830089466498,94.35,tempo,-0.27123394856694305,-0.32471603353501793,96,24.0,2.285849552667514
LTC,2025-03-26 20:00:00+00:00,2025-03-26 20:00:00+00:00,2025-03-27 20:00:00+00:00,1,92.05,90.27560024424896,95.59879951150207,92.56,tempo,0.2874211396541486,0.21979460870413156,96,24.0,1.774399755751034
LTC,2025-03-28 12:00:00+00:00,2025-03-28 12:00:00+00:00,2025-03-28 17:00:00+00:00,1,88.14,86.63334951006946,91.15330097986107,86.63334951006946,stop,-1.0,-1.07540081654026,20,5.0,1.5066504899305357
LINK,2020-09-05 20:00:00+00:00,2020-09-05 20:00:00+00:00,2020-09-06 20:00:00+00:00,1,10.64,8.600488912318532,14.719022175362937,12.584,tempo,0.953169615866101,0.9457680380609219,96,24.0,2.0395110876814684
LINK,2020-09-09 00:00:00+00:00,2020-09-09 00:00:00+00:00,2020-09-10 00:00:00+00:00,1,11.738,10.82983837861294,13.554323242774117,12.343,tempo,0.6661809811737784,0.6489454477275475,96,24.0,0.9081616213870589
LINK,2020-09-13 12:00:00+00:00,2020-09-13 12:00:00+00:00,2020-09-14 12:00:00+00:00,-1,12.265,13.359010352572648,10.076979294854706,11.889,tempo,0.343689617850333,0.3293386567620032,96,24.0,1.0940103525726474
LINK,2020-09-21 00:00:00+00:00,2020-09-21 00:00:00+00:00,2020-09-21 08:45:00+00:00,1,9.736,9.356345828166127,10.495308343667748,9.356345828166127,stop,-1.0,-1.0326877082065578,35,8.75,0.37965417183387373
LINK,2020-10-06 16:00:00+00:00,2020-10-06 16:00:00+00:00,2020-10-06 21:00:00+00:00,1,9.248,8.802577524950182,10.138844950099633,8.802577524950182,stop,-1.0,-1.0263410044360814,20,5.0,0.445422475049817
LINK,2020-10-11 20:00:00+00:00,2020-10-11 20:00:00+00:00,2020-10-12 07:30:00+00:00,-1,10.697,11.119931456139184,9.851137087721629,11.119931456139184,stop,-1.0,-1.0335302688902468,46,11.5,0.42293145613918526
LINK,2020-10-13 00:00:00+00:00,2020-10-13 00:00:00+00:00,2020-10-14 00:00:00+00:00,-1,11.418,11.906946495191844,10.440107009616309,10.998,tempo,0.8589896934125827,0.8291901138199668,96,24.0,0.4889464951918452
LINK,2020-10-23 00:00:00+00:00,2020-10-23 00:00:00+00:00,2020-10-24 00:00:00+00:00,-1,11.949,12.54826665464225,10.7504666907155,12.156,tempo,-0.34542218959867804,-0.37156789598601847,96,24.0,0.5992666546422498
LINK,2020-10-28 16:00:00+00:00,2020-10-28 16:00:00+00:00,2020-10-29 16:00:00+00:00,1,11.501,11.033074825403313,12.436850349193373,11.588,tempo,0.18592716255325792,0.153853979029983,96,24.0,0.4679251745966866
LINK,2020-10-29 16:00:00+00:00,2020-10-29 16:00:00+00:00,2020-10-30 06:00:00+00:00,1,11.588,10.971526846308834,12.82094630738233,10.971526846308834,stop,-1.0,-1.0237864250248387,56,14.0,0.6164731536911656
LINK,2020-11-20 16:00:00+00:00,2020-11-20 16:00:00+00:00,2020-11-21 14:00:00+00:00,-1,14.252,14.66115713587865,13.433685728242702,14.66115713587865,stop,-1.0,-1.0459323582319118,88,22.0,0.4091571358786492
LINK,2020-11-22 04:00:00+00:00,2020-11-22 04:00:00+00:00,2020-11-23 04:00:00+00:00,-1,15.074,15.93766395219923,13.346672095601539,14.692,tempo,0.4423016603011813,0.41989954435002624,96,24.0,0.8636639521992304
LINK,2020-11-30 20:00:00+00:00,2020-11-30 20:00:00+00:00,2020-12-01 07:45:00+00:00,-1,14.087,14.605584506664417,13.049830986671164,14.605584506664417,stop,-1.0,-1.0359636273156163,47,11.75,0.5185845066644177
LINK,2020-12-01 12:00:00+00:00,2020-12-01 12:00:00+00:00,2020-12-02 12:00:00+00:00,-1,14.313,15.023530105079304,12.891939789841393,13.833,tempo,0.6755519527866122,0.649803712326121,96,24.0,0.7105301050793038
LINK,2020-12-03 20:00:00+00:00,2020-12-03 20:00:00+00:00,2020-12-04 10:30:00+00:00,-1,13.955,14.340954057833084,13.183091884333832,13.183091884333832,alvo,2.0,1.9542957008306783,58,14.5,0.385954057833084
LINK,2020-12-11 04:00:00+00:00,2020-12-11 04:00:00+00:00,2020-12-12 04:00:00+00:00,1,11.803,11.419072874850944,12.570854250298115,12.077,tempo,0.7136771070645774,0.6732475594154664,96,24.0,0.38392712514905725
LINK,2020-12-13 04:00:00+00:00,2020-12-13 04:00:00+00:00,2020-12-13 09:00:00+00:00,-1,12.074,12.50952767321102,11.20294465357796,12.50952767321102,stop,-1.0,-1.0366895009673587,20,5.0,0.4355276732110198
LINK,2020-12-17 04:00:00+00:00,2020-12-17 04:00:00+00:00,2020-12-17 10:30:00+00:00,-1,13.41,13.945269202485687,12.339461595028627,13.945269202485687,stop,-1.0,-1.0332186587590777,26,6.5,0.5352692024856864
LINK,2020-12-17 20:00:00+00:00,2020-12-17 20:00:00+00:00,2020-12-18 20:00:00+00:00,-1,13.64,14.716300138802259,11.487399722395484,13.443,tempo,0.18303444633875912,0.16667846034066175,96,24.0,1.0763001388022584
LINK,2020-12-21 20:00:00+00:00,2020-12-21 20:00:00+00:00,2020-12-22 08:30:00+00:00,1,12.401,11.962969713859641,13.277060572280718,11.962969713859641,stop,-1.0,-1.0361540761337544,50,12.5,0.4380302861403589
LINK,2020-12-22 12:00:00+00:00,2020-12-22 12:00:00+00:00,2020-12-23 11:15:00+00:00,1,12.233,11.696605642461908,13.305788715076186,11.696605642461908,stop,-1.0,-1.028997776447519,93,23.25,0.536394357538093
LINK,2020-12-23 12:00:00+00:00,2020-12-23 12:00:00+00:00,2020-12-23 21:30:00+00:00,1,11.898,11.52099566109957,12.652008677800858,11.52099566109957,stop,-1.0,-1.0403771140250329,38,9.5,0.37700433890042895
LINK,2020-12-29 20:00:00+00:00,2020-12-29 20:00:00+00:00,2020-12-30 20:00:00+00:00,1,11.577,10.639883293789923,13.451233412420153,11.316,tempo,-0.2785138694790166,-0.29439284154449186,96,24.0,0.9371167062100767
LINK,2021-01-04 08:00:00+00:00,2021-01-04 08:00:00+00:00,2021-01-05 08:00:00+00:00,-1,14.326,16.161982595111528,10.654034809776945,13.514,tempo,0.4422699878321427,0.43241368524616924,96,24.0,1.8359825951115276
LINK,2021-01-06 20:00:00+00:00,2021-01-06 20:00:00+00:00,2021-01-07 20:00:00+00:00,-1,16.101,17.62806581477689,13.04686837044622,16.303,tempo,-0.1322798258236923,-0.14607268255336595,96,24.0,1.5270658147768899
LINK,2021-01-15 04:00:00+00:00,2021-01-15 04:00:00+00:00,2021-01-15 13:00:00+00:00,-1,18.006,19.142629804959846,15.73274039008031,19.142629804959846,stop,-1.0,-1.0212440402916207,36,9.0,1.1366298049598456
LINK,2021-01-15 16:00:00+00:00,2021-01-15 16:00:00+00:00,2021-01-16 00:30:00+00:00,-1,18.773,22.14198915240733,12.035021695185339,22.14198915240733,stop,-1.0,-1.0078939829563005,34,8.5,3.3689891524073303
LINK,2021-02-03 20:00:00+00:00,2021-02-03 20:00:00+00:00,2021-02-04 00:45:00+00:00,-1,24.767,25.893680466037203,22.51363906792559,25.893680466037203,stop,-1.0,-1.0292269576828155,19,4.75,1.1266804660372038
LINK,2021-02-10 04:00:00+00:00,2021-02-10 04:00:00+00:00,2021-02-10 11:00:00+00:00,-1,27.596,28.612062718218198,25.563874563563605,28.612062718218198,stop,-1.0,-1.0359576629589473,28,7.0,1.0160627182181976
LINK,2021-02-13 00:00:00+00:00,2021-02-13 00:00:00+00:00,2021-02-13 01:45:00+00:00,-1,30.713,31.897403676630002,28.344192646739998,31.897403676630002,stop,-1.0,-1.0343605505393267,7,1.75,1.1844036766300015
LINK,2021-02-14 04:00:00+00:00,2021-02-14 04:00:00+00:00,2021-02-15 02:15:00+00:00,-1,34.352,36.29688331959175,30.46223336081649,30.46223336081649,alvo,2.0,1.9783384168807752,89,22.25,1.944883319591753
LINK,2021-02-15 04:00:00+00:00,2021-02-15 04:00:00+00:00,2021-02-16 04:00:00+00:00,1,30.81,26.4194731566785,39.591053686642994,32.958,tempo,0.4892351366140391,0.47979453837170083,96,24.0,4.390526843321499
LINK,2021-02-23 12:00:00+00:00,2021-02-23 12:00:00+00:00,2021-02-24 12:00:00+00:00,1,25.458,19.742168837214532,36.88966232557093,28.123,tempo,0.4662489013586052,0.4601557105333136,96,24.0,5.7158311627854665
LINK,2021-03-11 00:00:00+00:00,2021-03-11 00:00:00+00:00,2021-03-11 01:30:00+00:00,1,29.92,29.048796076343443,31.66240784731312,29.048796076343443,stop,-1.0,-1.0439962635713902,6,1.5,0.8712039236565587
LINK,2021-03-13 16:00:00+00:00,2021-03-13 16:00:00+00:00,2021-03-14 11:15:00+00:00,-1,30.139,30.790057140957117,28.836885718085764,28.836885718085764,alvo,2.0,1.9411198751919063,77,19.25,0.6510571409571178
LINK,2021-03-16 04:00:00+00:00,2021-03-16 04:00:00+00:00,2021-03-17 04:00:00+00:00,1,27.198,26.133632830167187,29.326734339665627,27.624,tempo,0.4002378240085259,0.36675849374545766,96,24.0,1.0643671698328134
LINK,2021-03-18 04:00:00+00:00,2021-03-18 04:00:00+00:00,2021-03-19 04:00:00+00:00,-1,30.187,31.69797881831417,27.165042363371665,29.747,tempo,0.29120196436037327,0.26541927334722903,96,24.0,1.5109788183141681
LINK,2021-03-31 12:00:00+00:00,2021-03-31 12:00:00+00:00,2021-04-01 00:15:00+00:00,1,27.21,25.992632879481658,29.644734241036687,29.644734241036687,alvo,2.0,1.9696430299177634,49,12.25,1.2173671205183432
LINK,2021-04-01 12:00:00+00:00,2021-04-01 12:00:00+00:00,2021-04-01 16:15:00+00:00,-1,29.864,31.145734078692563,27.300531842614877,31.145734078692563,stop,-1.0,-1.0309395902086038,17,4.25,1.281734078692562
LINK,2021-04-02 16:00:00+00:00,2021-04-02 16:00:00+00:00,2021-04-02 16:45:00+00:00,-1,31.096,31.66540676015695,29.957186479686097,31.66540676015695,stop,-1.0,-1.071644590912228,3,0.75,0.5694067601569515
LINK,2021-04-03 12:00:00+00:00,2021-04-03 12:00:00+00:00,2021-04-03 22:00:00+00:00,-1,32.18,33.561732763498945,29.41653447300211,29.41653447300211,alvo,2.0,1.9710235231695135,40,10.0,1.3817327634989454
LINK,2021-04-07 04:00:00+00:00,2021-04-07 04:00:00+00:00,2021-04-07 08:15:00+00:00,-1,34.78,35.641634910733025,33.056730178533954,33.056730178533954,alvo,2.0,1.948825338821828,17,4.25,0.8616349107330237
LINK,2021-04-07 20:00:00+00:00,2021-04-07 20:00:00+00:00,2021-04-08 20:00:00+00:00,1,31.127,29.774607404113812,33.83178519177237,32.238,tempo,0.8215070116322192,0.7910519129239841,96,24.0,1.3523925958861867
LINK,2021-04-11 20:00:00+00:00,2021-04-11 20:00:00+00:00,2021-04-12 20:00:00+00:00,-1,33.84,34.84834657420634,31.823306851587333,32.988,tempo,0.8449475823038413,0.8018689413770448,96,24.0,1.0083465742063353
LINK,2021-04-14 20:00:00+00:00,2021-04-14 20:00:00+00:00,2021-04-14 21:00:00+00:00,-1,37.745,39.590762070164175,34.05347585967164,39.590762070164175,stop,-1.0,-1.0272344123645012,4,1.0,1.8457620701641773
LINK,2021-05-02 04:00:00+00:00,2021-05-02 04:00:00+00:00,2021-05-03 04:00:00+00:00,-1,39.542,41.85911372974802,34.90777254050397,40.011,tempo,-0.2024069832994363,-0.2247233026652636,96,24.0,2.3171137297480158
LINK,2021-05-04 00:00:00+00:00,2021-05-04 00:00:00+00:00,2021-05-04 01:00:00+00:00,-1,42.127,43.15995440334805,40.0610911933039,40.0610911933039,alvo,2.0,1.9482820741143139,4,1.0,1.0329544033480502
LINK,2021-05-04 04:00:00+00:00,2021-05-04 04:00:00+00:00,2021-05-04 10:30:00+00:00,1,39.343,37.98953223359997,42.04993553280008,42.04993553280008,alvo,2.0,1.960911216794591,26,6.5,1.353467766400037
LINK,2021-05-04 16:00:00+00:00,2021-05-04 16:00:00+00:00,2021-05-04 18:00:00+00:00,-1,42.493,45.59562776956177,36.28774446087646,45.59562776956177,stop,-1.0,-1.0184545528187232,8,2.0,3.1026277695617708
LINK,2021-05-05 00:00:00+00:00,2021-05-05 00:00:00+00:00,2021-05-05 01:30:00+00:00,-1,45.574,49.51757577086088,37.686848458278234,49.51757577086088,stop,-1.0,-1.015673471956028,6,1.5,3.943575770860882
LINK,2021-05-05 04:00:00+00:00,2021-05-05 04:00:00+00:00,2021-05-05 07:30:00+00:00,-1,48.572,50.98106554798932,43.753868904021374,50.98106554798932,stop,-1.0,-1.026860826871316,14,3.5,2.4090655479893144
LINK,2021-05-11 00:00:00+00:00,2021-05-11 00:00:00+00:00,2021-05-12 00:00:00+00:00,1,46.361,39.32404939741638,60.43490120516723,48.831,tempo,0.3510043113125088,0.3422114685750193,96,24.0,7.036950602583616
LINK,2021-05-13 04:00:00+00:00,2021-05-13 04:00:00+00:00,2021-05-14 04:00:00+00:00,1,43.706,38.341826862393035,54.43434627521394,43.726,tempo,0.0037284404300414317,-0.006866072189540605,96,24.0,5.364173137606969
LINK,2021-05-17 08:00:00+00:00,2021-05-17 08:00:00+00:00,2021-05-18 08:00:00+00:00,1,39.389,34.38964359367524,49.38771281264953,40.188,tempo,0.15982057190184962,0.14947423013382488,96,24.0,4.999356406324765
LINK,2021-05-26 16:00:00+00:00,2021-05-26 16:00:00+00:00,2021-05-26 23:45:00+00:00,-1,29.992,33.714768788019555,22.546462423960893,33.714768788019555,stop,-1.0,-1.0111232800289598,31,7.75,3.722768788019554
LINK,2021-05-27 04:00:00+00:00,2021-05-27 04:00:00+00:00,2021-05-27 12:15:00+00:00,-1,31.128,35.09327544622122,23.19744910755756,35.09327544622122,stop,-1.0,-1.010855192690602,33,8.25,3.96527544622122
LINK,2021-06-12 12:00:00+00:00,2021-06-12 12:00:00+00:00,2021-06-13 12:00:00+00:00,1,20.955,19.725328752964625,23.414342494070745,21.034,tempo,0.06424481355521854,0.04204957229394598,96,24.0,1.2296712470353732
LINK,2021-06-22 04:00:00+00:00,2021-06-22 04:00:00+00:00,2021-06-22 10:00:00+00:00,1,18.508,16.330355220698703,22.86328955860259,16.330355220698703,stop,-1.0,-1.0103988176164893,24,6.0,2.1776447793012963
LINK,2021-06-22 16:00:00+00:00,2021-06-22 16:00:00+00:00,2021-06-23 16:00:00+00:00,1,17.004,14.53129327370443,21.949413452591145,18.16,tempo,0.4675038845920209,0.45826032984412646,96,24.0,2.4727067262955718
LINK,2021-07-05 20:00:00+00:00,2021-07-05 20:00:00+00:00,2021-07-06 20:00:00+00:00,1,18.533,17.60947555746382,20.380048885072362,20.057,tempo,1.6501999620224368,1.6230393381724435,96,24.0,0.9235244425361806
LINK,2021-07-16 16:00:00+00:00,2021-07-16 16:00:00+00:00,2021-07-17 16:00:00+00:00,1,15.895,14.993993473728105,17.697013052543788,15.347,tempo,-0.6082086910818131,-0.6307471515789038,96,24.0,0.9010065262718943
LINK,2021-07-26 20:00:00+00:00,2021-07-26 20:00:00+00:00,2021-07-27 20:00:00+00:00,-1,19.27,20.174453238753678,17.461093522492643,18.767,tempo,0.55613709857806,0.5288011911583803,96,24.0,0.9044532387536783
LINK,2021-07-28 04:00:00+00:00,2021-07-28 04:00:00+00:00,2021-07-29 04:00:00+00:00,-1,19.544,20.21413669187453,18.203726616250943,18.698,tempo,1.262429009272035,1.2253361291157965,96,24.0,0.6701366918745286
LINK,2021-08-07 16:00:00+00:00,2021-08-07 16:00:00+00:00,2021-08-08 16:00:00+00:00,-1,24.44,25.3914102560468,22.537179487906403,23.816,tempo,0.6558684815873042,0.6229001592461825,96,24.0,0.951410256046799
LINK,2021-08-10 16:00:00+00:00,2021-08-10 16:00:00+00:00,2021-08-11 07:00:00+00:00,-1,24.549,25.80841189652594,22.03017620694812,25.80841189652594,stop,-1.0,-1.0259901608227089,60,15.0,1.2594118965259398
LINK,2021-08-18 04:00:00+00:00,2021-08-18 04:00:00+00:00,2021-08-19 04:00:00+00:00,1,26.249,24.46098321498282,29.825033570034353,24.914,tempo,-0.7466372861746776,-0.7652366361800416,96,24.0,1.7880167850171773
LINK,2021-08-26 20:00:00+00:00,2021-08-26 20:00:00+00:00,2021-08-27 20:00:00+00:00,1,24.575,23.62350990935132,26.477980181297358,25.54,tempo,1.0141986863385093,0.9799631747760167,96,24.0,0.9514900906486794
LINK,2021-08-31 20:00:00+00:00,2021-08-31 20:00:00+00:00,2021-09-01 10:45:00+00:00,-1,26.928,27.863263948018282,25.057472103963438,27.863263948018282,stop,-1.0,-1.0380794337701935,59,14.75,0.9352639480182816
LINK,2021-09-01 20:00:00+00:00,2021-09-01 20:00:00+00:00,2021-09-02 12:30:00+00:00,-1,29.184,30.153219194916964,27.245561610166074,30.153219194916964,stop,-1.0,-1.0397940864966055,66,16.5,0.9692191949169633
LINK,2021-09-06 12:00:00+00:00,2021-09-06 12:00:00+00:00,2021-09-06 14:15:00+00:00,-1,33.901,35.46266382528447,30.777672349431064,35.46266382528447,stop,-1.0,-1.0288707343773056,9,2.25,1.5616638252844695
LINK,2021-09-10 16:00:00+00:00,2021-09-10 16:00:00+00:00,2021-09-11 16:00:00+00:00,1,26.759,25.216122594329846,29.84475481134031,27.276,tempo,0.33508819177725835,0.3123237453792995,96,24.0,1.5428774056701542
LINK,2021-09-20 16:00:00+00:00,2021-09-20 16:00:00+00:00,2021-09-21 00:30:00+00:00,1,24.483,22.62783448672046,28.193331026559083,22.62783448672046,stop,-1.0,-1.0165063667889314,34,8.5,1.855165513279541
LINK,2021-10-11 04:00:00+00:00,2021-10-11 04:00:00+00:00,2021-10-11 20:15:00+00:00,1,26.307,25.00264160542405,28.915716789151897,25.00264160542405,stop,-1.0,-1.0255690975595464,65,16.25,1.3043583945759494
LINK,2021-10-14 20:00:00+00:00,2021-10-14 20:00:00+00:00,2021-10-15 20:00:00+00:00,-1,27.075,28.143491385156864,24.93801722968627,27.059,tempo,0.014974383717328043,-0.01795718736392518,96,24.0,1.0684913851568645
LINK,2021-10-18 16:00:00+00:00,2021-10-18 16:00:00+00:00,2021-10-19 16:00:00+00:00,1,25.81,25.101140646813253,27.22771870637349,25.423,tempo,-0.5459475116752067,-0.5929264361265666,96,24.0,0.708859353186746
LINK,2021-10-21 12:00:00+00:00,2021-10-21 12:00:00+00:00,2021-10-21 14:15:00+00:00,-1,27.998,29.222675789928534,25.548648420142936,29.222675789928534,stop,-1.0,-1.0303700290063087,9,2.25,1.2246757899285328
LINK,2021-10-22 16:00:00+00:00,2021-10-22 16:00:00+00:00,2021-10-23 08:15:00+00:00,-1,28.654,30.333210417100716,25.295579165798568,30.333210417100716,stop,-1.0,-1.0228331639564954,65,16.25,1.679210417100716
LINK,2021-10-23 20:00:00+00:00,2021-10-23 20:00:00+00:00,2021-10-24 20:00:00+00:00,-1,30.628,31.614264265525797,28.655471468948406,29.419,tempo,1.2258377822859248,1.186263652547794,96,24.0,0.9862642655257972
LINK,2021-10-27 08:00:00+00:00,2021-10-27 08:00:00+00:00,2021-10-28 08:00:00+00:00,-1,31.6,34.2923718118306,26.215256376338807,29.738,tempo,0.6915835293692185,0.6767751363289973,96,24.0,2.692371811830597
LINK,2021-11-11 00:00:00+00:00,2021-11-11 00:00:00+00:00,2021-11-12 00:00:00+00:00,1,34.234,30.92094419677897,40.86011160644207,34.69,tempo,0.13763728324668173,0.12411484273830159,96,24.0,3.313055803221033
LINK,2021-11-16 12:00:00+00:00,2021-11-16 12:00:00+00:00,2021-11-17 12:00:00+00:00,1,29.996,27.1703908566358,35.64721828672839,29.602,tempo,-0.13943895988774238,-0.1531488178456188,96,24.0,2.825609143364197
LINK,2021-11-18 20:00:00+00:00,2021-11-18 20:00:00+00:00,2021-11-19 20:00:00+00:00,1,27.201,25.504782173189206,30.59343565362159,28.555,tempo,0.7982465333156952,0.7768805274718935,96,24.0,1.6962178268107948
LINK,2021-11-22 16:00:00+00:00,2021-11-22 16:00:00+00:00,2021-11-22 19:30:00+00:00,1,27.55,26.613606940514043,29.422786118971917,26.613606940514043,stop,-1.0,-1.0375978272742228,14,3.5,0.9363930594859582
LINK,2021-11-28 20:00:00+00:00,2021-11-28 20:00:00+00:00,2021-11-29 20:00:00+00:00,1,23.654,22.39241892602888,26.177162147942237,24.743,tempo,0.8632025499337264,0.8382671330595824,96,24.0,1.2615810739711186
LINK,2021-12-06 12:00:00+00:00,2021-12-06 12:00:00+00:00,2021-12-07 09:15:00+00:00,1,18.035,16.936732580990785,20.23153483801843,20.23153483801843,alvo,2.0,1.9773522848677865,85,21.25,1.0982674190092148
LINK,2021-12-20 16:00:00+00:00,2021-12-20 16:00:00+00:00,2021-12-21 16:00:00+00:00,1,18.43,17.858297746650663,19.573404506698672,18.968,tempo,0.9410492906895324,0.8985294302943937,96,24.0,0.5717022533493363
LINK,2021-12-23 08:00:00+00:00,2021-12-23 08:00:00+00:00,2021-12-23 11:15:00+00:00,-1,20.416,21.11092562836852,19.02614874326296,21.11092562836852,stop,-1.0,-1.0388422883781248,13,3.25,0.6949256283685195
LINK,2021-12-24 20:00:00+00:00,2021-12-24 20:00:00+00:00,2021-12-25 20:00:00+00:00,-1,22.006,22.851948460354787,20.314103079290426,21.98,tempo,0.030734732928168595,-0.0030627161362922657,96,24.0,0.8459484603547871
LINK,2021-12-28 16:00:00+00:00,2021-12-28 16:00:00+00:00,2021-12-28 17:45:00+00:00,1,22.065,21.2667544527442,23.661491094511607,21.2667544527442,stop,-1.0,-1.0352844315776157,7,1.75,0.798245547255803
LINK,2021-12-29 16:00:00+00:00,2021-12-29 16:00:00+00:00,2021-12-30 00:15:00+00:00,1,20.706,19.400043926436584,23.31791214712683,19.400043926436584,stop,-1.0,-1.019961566150577,33,8.25,1.305956073563415
LINK,2022-01-04 04:00:00+00:00,2022-01-04 04:00:00+00:00,2022-01-04 12:00:00+00:00,-1,23.07,24.125688282940224,20.958623434119552,24.125688282940224,stop,-1.0,-1.0290589541246695,32,8.0,1.055688282940224
LINK,2022-01-05 20:00:00+00:00,2022-01-05 20:00:00+00:00,2022-01-06 20:00:00+00:00,-1,25.295,27.816820076997338,20.25135984600533,25.754,tempo,-0.1820113989046033,-0.19516929637027372,96,24.0,2.5218200769973365
LINK,2022-01-21 16:00:00+00:00,2022-01-21 16:00:00+00:00,2022-01-21 21:45:00+00:00,1,19.523,18.07624872761911,22.41650254476178,18.07624872761911,stop,-1.0,-1.0168926837249175,23,5.75,1.4467512723808902
LINK,2022-01-24 16:00:00+00:00,2022-01-24 16:00:00+00:00,2022-01-25 16:00:00+00:00,1,14.536,13.199140131958885,17.209719736082228,15.286,tempo,0.5610161677595769,0.5465162934919743,96,24.0,1.336859868041115
LINK,2022-02-19 16:00:00+00:00,2022-02-19 16:00:00+00:00,2022-02-20 04:45:00+00:00,1,15.348,14.708896161415733,16.626207677168537,14.708896161415733,stop,-1.0,-1.0305693399498246,51,12.75,0.6391038385842673
LINK,2022-03-02 16:00:00+00:00,2022-03-02 16:00:00+00:00,2022-03-03 16:00:00+00:00,-1,15.429,16.03202726471166,14.222945470576677,14.689,tempo,1.2271418612454157,1.1946778233061681,96,24.0,0.6030272647116615
LINK,2022-03-15 04:00:00+00:00,2022-03-15 04:00:00+00:00,2022-03-15 19:15:00+00:00,-1,13.221,13.686680572047692,12.289638855904617,13.686680572047692,stop,-1.0,-1.037557917211199,61,15.25,0.46568057204769175
LINK,2022-03-24 20:00:00+00:00,2022-03-24 20:00:00+00:00,2022-03-25 20:00:00+00:00,-1,16.159,16.540611498834465,15.395777002331066,15.609,tempo,1.4412563606700308,1.3871458318650352,96,24.0,0.38161149883446654
LINK,2022-03-28 16:00:00+00:00,2022-03-28 16:00:00+00:00,2022-03-29 13:00:00+00:00,-1,16.977,17.470860750391992,15.989278499216017,17.470860750391992,stop,-1.0,-1.0453389127805406,84,21.0,0.49386075039199184
LINK,2022-03-29 16:00:00+00:00,2022-03-29 16:00:00+00:00,2022-03-30 16:00:00+00:00,-1,16.993,17.64837536695791,15.682249266084174,17.276,tempo,-0.4318136052528433,-0.4658015320548442,96,24.0,0.6553753669579123
LINK,2022-04-11 00:00:00+00:00,2022-04-11 00:00:00+00:00,2022-04-11 21:45:00+00:00,-1,15.226,16.001539848345743,13.674920303308516,13.674920303308516,alvo,2.0,1.9757773914039092,87,21.75,0.7755398483457423
LINK,2022-04-20 16:00:00+00:00,2022-04-20 16:00:00+00:00,2022-04-21 16:00:00+00:00,-1,13.913,14.571070793775915,12.59685841244817,14.094,tempo,-0.27504639578585066,-0.30270990884885246,96,24.0,0.6580707937759147
LINK,2022-04-25 12:00:00+00:00,2022-04-25 12:00:00+00:00,2022-04-26 12:00:00+00:00,1,12.884,12.436559632785293,13.778880734429414,13.32,tempo,0.9744315264044622,0.9363647777424515,96,24.0,0.4474403672147069
LINK,2022-05-06 16:00:00+00:00,2022-05-06 16:00:00+00:00,2022-05-07 16:00:00+00:00,1,10.697,10.274270122085476,11.542459755829046,10.716,tempo,0.04494595956579616,0.01202079688587241,96,24.0,0.42272987791452366
LINK,2022-05-08 20:00:00+00:00,2022-05-08 20:00:00+00:00,2022-05-09 02:30:00+00:00,1,10.222,9.743407016330407,11.179185967339185,9.743407016330407,stop,-1.0,-1.0271159732871764,26,6.5,0.4785929836695928
LINK,2022-05-23 20:00:00+00:00,2022-05-23 20:00:00+00:00,2022-05-24 20:00:00+00:00,-1,7.182,7.738438307223522,6.069123385552958,7.072,tempo,0.19768588641725796,0.18103516363321676,96,24.0,0.5564383072235213
LINK,2022-05-26 16:00:00+00:00,2022-05-26 16:00:00+00:00,2022-05-27 16:00:00+00:00,1,6.702,6.131263305861683,7.843473388276633,6.477,tempo,-0.3942273246329443,-0.4092366101545862,96,24.0,0.5707366941383167
LINK,2022-06-06 08:00:00+00:00,2022-06-06 08:00:00+00:00,2022-06-06 09:30:00+00:00,-1,7.917,8.165241942950235,7.420516114099529,8.165241942950235,stop,-1.0,-1.0421099558708065,6,1.5,0.24824194295023538
LINK,2022-06-06 12:00:00+00:00,2022-06-06 12:00:00+00:00,2022-06-07 02:00:00+00:00,-1,7.963,8.27124100980325,7.346517980393501,7.346517980393501,alvo,2.0,1.9677162143557483,56,14.0,0.30824100980324953
LINK,2022-06-26 16:00:00+00:00,2022-06-26 16:00:00+00:00,2022-06-27 16:00:00+00:00,-1,7.058,7.5626992786843195,6.048601442631361,6.589,tempo,0.9292662379518686,0.911690326167084,96,24.0,0.5046992786843196
LINK,2022-06-29 20:00:00+00:00,2022-06-29 20:00:00+00:00,2022-06-30 06:45:00+00:00,1,6.384,6.052665908947017,7.046668182105966,6.052665908947017,stop,-1.0,-1.0243978300425562,43,10.75,0.33133409105298295
LINK,2022-07-13 16:00:00+00:00,2022-07-13 16:00:00+00:00,2022-07-14 16:00:00+00:00,1,5.925,5.624015928490124,6.526968143019752,6.216,tempo,0.9668285718251108,0.9406090780146517,96,24.0,0.30098407150987594
LINK,2022-07-20 08:00:00+00:00,2022-07-20 08:00:00+00:00,2022-07-21 02:30:00+00:00,-1,7.352,7.645839515034754,6.764320969930493,6.764320969930493,alvo,2.0,1.9687734012582698,74,18.5,0.2938395150347537
LINK,2022-07-25 00:00:00+00:00,2022-07-25 00:00:00+00:00,2022-07-25 04:00:00+00:00,-1,7.091,7.300589942900501,6.671820114198998,6.671820114198998,alvo,2.0,1.9573174506828497,16,4.0,0.20958994290050104
LINK,2022-07-29 08:00:00+00:00,2022-07-29 08:00:00+00:00,2022-07-29 10:15:00+00:00,-1,7.593,7.870675522314087,7.037648955371825,7.870675522314087,stop,-1.0,-1.0361983260380248,9,2.25,0.27767552231408743
LINK,2022-07-30 00:00:00+00:00,2022-07-30 00:00:00+00:00,2022-07-31 00:00:00+00:00,-1,7.884,8.22509985928176,7.20180028143648,7.819,tempo,0.19056003170704375,0.16063638992808685,96,24.0,0.34109985928176023
LINK,2022-08-05 16:00:00+00:00,2022-08-05 16:00:00+00:00,2022-08-06 07:45:00+00:00,-1,7.711,7.950073338743789,7.2328533225124225,7.950073338743789,stop,-1.0,-1.0425798113820333,63,15.75,0.2390733387437889
LINK,2022-08-10 20:00:00+00:00,2022-08-10 20:00:00+00:00,2022-08-11 20:00:00+00:00,-1,9.04,9.377028243415896,8.365943513168205,9.115,tempo,-0.22253327863519756,-0.25754740647325447,96,24.0,0.3370282434158973
LINK,2022-08-12 12:00:00+00:00,2022-08-12 12:00:00+00:00,2022-08-12 12:45:00+00:00,-1,9.053,9.390854900136796,8.37729019972641,9.390854900136796,stop,-1.0,-1.03548418472023,3,0.75,0.3378549001367954
LINK,2022-08-12 16:00:00+00:00,2022-08-12 16:00:00+00:00,2022-08-13 16:00:00+00:00,-1,9.283,9.584749318065573,8.679501363868853,9.171,tempo,0.3711690244007823,0.3314171532883732,96,24.0,0.30174931806557304
LINK,2022-08-29 16:00:00+00:00,2022-08-29 16:00:00+00:00,2022-08-29 21:30:00+00:00,-1,6.56,6.685924404075253,6.308151191849492,6.685924404075253,stop,-1.0,-1.0683731713949869,22,5.5,0.12592440407525363
LINK,2022-09-02 20:00:00+00:00,2022-09-02 20:00:00+00:00,2022-09-03 20:00:00+00:00,-1,6.831,7.3036840406267745,5.885631918746452,6.786,tempo,0.09520101406497941,0.07647592660853894,96,24.0,0.47268404062677405
LINK,2022-09-05 04:00:00+00:00,2022-09-05 04:00:00+00:00,2022-09-05 15:45:00+00:00,-1,7.192,7.3228921891265975,6.930215621746806,7.3228921891265975,stop,-1.0,-1.0720797779140754,47,11.75,0.13089218912659728
LINK,2022-09-06 04:00:00+00:00,2022-09-06 04:00:00+00:00,2022-09-07 04:00:00+00:00,-1,7.278,7.635315621202918,6.563368757594163,6.63,tempo,1.8135227276615562,1.7882224064229666,96,24.0,0.35731562120291827
LINK,2022-09-12 04:00:00+00:00,2022-09-12 04:00:00+00:00,2022-09-13 04:00:00+00:00,-1,7.913,8.381784205877885,6.975431588244231,7.695,tempo,0.46503273204726425,0.44339121795017294,96,24.0,0.46878420587788483
LINK,2022-09-24 04:00:00+00:00,2022-09-24 04:00:00+00:00,2022-09-24 06:00:00+00:00,-1,7.414,7.5659487447782245,7.11010251044355,7.5659487447782245,stop,-1.0,-1.0640805996674558,8,2.0,0.15194874477822484
LINK,2022-09-28 04:00:00+00:00,2022-09-28 04:00:00+00:00,2022-09-28 14:15:00+00:00,-1,8.06,8.519912170626167,7.140175658747667,8.519912170626167,stop,-1.0,-1.0234326108313991,41,10.25,0.4599121706261666
LINK,2022-09-28 16:00:00+00:00,2022-09-28 16:00:00+00:00,2022-09-29 16:00:00+00:00,-1,8.201,8.637296899017192,7.328406201965617,7.763,tempo,1.003903536758215,0.9801201910058741,96,24.0,0.4362968990171918
LINK,2022-09-29 16:00:00+00:00,2022-09-29 16:00:00+00:00,2022-09-30 16:00:00+00:00,1,7.762,7.494165266844157,8.297669466311685,7.685,tempo,-0.28749071896958456,-0.3249785753117932,96,24.0,0.2678347331558424
LINK,2022-10-11 00:00:00+00:00,2022-10-11 00:00:00+00:00,2022-10-12 00:00:00+00:00,-1,7.328,7.778787094018208,6.426425811963585,7.129,tempo,0.4414500828454575,0.4206042109811214,96,24.0,0.4507870940182075
LINK,2022-10-14 16:00:00+00:00,2022-10-14 16:00:00+00:00,2022-10-15 16:00:00+00:00,-1,7.034,7.295449749201027,6.511100501597945,6.932,tempo,0.39013233063601904,0.35541093569209026,96,24.0,0.26144974920102726
LINK,2022-10-20 20:00:00+00:00,2022-10-20 20:00:00+00:00,2022-10-21 00:30:00+00:00,1,6.692,6.577312389879391,6.921375220241218,6.577312389879391,stop,-1.0,-1.0752047500540924,18,4.5,0.11468761012060913
LINK,2022-10-21 16:00:00+00:00,2022-10-21 16:00:00+00:00,2022-10-22 16:00:00+00:00,1,6.73,6.394835785357131,7.400328429285739,6.87,tempo,0.41770569137034846,0.3913305605723921,96,24.0,0.3351642146428695
LINK,2022-10-27 08:00:00+00:00,2022-10-27 08:00:00+00:00,2022-10-27 22:45:00+00:00,-1,7.234,7.407763482043648,6.886473035912704,6.886473035912704,alvo,2.0,1.947179307381526,59,14.75,0.17376348204364778
LINK,2022-10-28 04:00:00+00:00,2022-10-28 04:00:00+00:00,2022-10-28 16:30:00+00:00,1,6.893,6.776426044353488,7.126147911293024,7.126147911293024,alvo,2.0,1.9218312007017055,50,12.5,0.11657395564651196
LINK,2022-10-29 12:00:00+00:00,2022-10-29 12:00:00+00:00,2022-10-29 16:45:00+00:00,-1,7.153,7.319369874135392,6.8202602517292155,7.319369874135392,stop,-1.0,-1.0565429316279493,19,4.75,0.16636987413539206
LINK,2022-10-31 08:00:00+00:00,2022-10-31 08:00:00+00:00,2022-10-31 10:15:00+00:00,-1,7.965,8.096485670764892,7.702028658470216,8.096485670764892,stop,-1.0,-1.0794000260656902,9,2.25,0.13148567076489215
LINK,2022-10-31 16:00:00+00:00,2022-10-31 16:00:00+00:00,2022-11-01 16:00:00+00:00,-1,8.005,8.402623849639602,7.209752300720799,7.734,tempo,0.6815486552067499,0.6558199419787265,96,24.0,0.39762384963960073
LINK,2022-11-04 16:00:00+00:00,2022-11-04 16:00:00+00:00,2022-11-04 19:15:00+00:00,-1,8.225,8.550363712401706,7.574272575196586,8.550363712401706,stop,-1.0,-1.0335132222723062,13,3.25,0.3253637124017068
LINK,2022-11-08 20:00:00+00:00,2022-11-08 20:00:00+00:00,2022-11-09 20:00:00+00:00,-1,7.394,9.718056766604542,2.7458864667909157,6.497,tempo,0.38596303364419166,0.38207795212219786,96,24.0,2.324056766604542
LINK,2022-11-25 16:00:00+00:00,2022-11-25 16:00:00+00:00,2022-11-26 14:45:00+00:00,-1,6.757,7.045637952437503,6.1797240951249925,7.045637952437503,stop,-1.0,-1.0310829348438748,91,22.75,0.28863795243750356
LINK,2022-11-30 04:00:00+00:00,2022-11-30 04:00:00+00:00,2022-11-30 23:00:00+00:00,-1,7.403,7.73150121909536,6.745997561809278,7.73150121909536,stop,-1.0,-1.0299463905172184,76,19.0,0.3285012190953607
LINK,2022-12-07 00:00:00+00:00,2022-12-07 00:00:00+00:00,2022-12-07 07:00:00+00:00,1,7.127,6.90878334681585,7.563433306368299,6.90878334681585,stop,-1.0,-1.0418082627622893,28,7.0,0.2182166531841494
LINK,2022-12-15 16:00:00+00:00,2022-12-15 16:00:00+00:00,2022-12-15 19:00:00+00:00,1,6.573,6.474127674836344,6.7707446503273125,6.474127674836344,stop,-1.0,-1.0857735769297046,12,3.0,0.09887232516365607
LINK,2022-12-29 00:00:00+00:00,2022-12-29 00:00:00+00:00,2022-12-29 02:15:00+00:00,1,5.672,5.595285605622862,5.825428788754276,5.595285605622862,stop,-1.0,-1.0954675547283919,9,2.25,0.076714394377138
LINK,2022-12-29 04:00:00+00:00,2022-12-29 04:00:00+00:00,2022-12-29 20:45:00+00:00,1,5.682,5.51274080284763,6.020518394304741,5.51274080284763,stop,-1.0,-1.0429907599957504,67,16.75,0.16925919715237026
LINK,2022-12-30 00:00:00+00:00,2022-12-30 00:00:00+00:00,2022-12-30 07:30:00+00:00,1,5.596,5.464103607236626,5.859792785526748,5.464103607236626,stop,-1.0,-1.0545054128781308,30,7.5,0.13189639276337406
LINK,2023-01-04 20:00:00+00:00,2023-01-04 20:00:00+00:00,2023-01-05 20:00:00+00:00,-1,5.767,5.887325514593565,5.5263489708128715,5.752,tempo,0.12466183959958595,0.06243605128452432,96,24.0,0.12032551459356444
LINK,2023-01-06 08:00:00+00:00,2023-01-06 08:00:00+00:00,2023-01-06 13:15:00+00:00,1,5.616,5.54800942822177,5.75198114355646,5.54800942822177,stop,-1.0,-1.1067295940974518,21,5.25,0.06799057177823009
LINK,2023-01-06 16:00:00+00:00,2023-01-06 16:00:00+00:00,2023-01-07 16:00:00+00:00,1,5.65,5.476886267671741,5.996227464656519,5.814,tempo,0.947354076388475,0.9043095420249605,96,24.0,0.17311373232825922
LINK,2023-01-12 16:00:00+00:00,2023-01-12 16:00:00+00:00,2023-01-13 16:00:00+00:00,1,6.196,5.956549273668219,6.674901452663562,6.347,tempo,0.6306099059009587,0.5965613560180766,96,24.0,0.2394507263317811
LINK,2023-01-18 00:00:00+00:00,2023-01-18 00:00:00+00:00,2023-01-18 16:00:00+00:00,-1,6.811,7.052095010981461,6.328809978037079,6.328809978037079,alvo,2.0,1.9645746444484458,64,16.0,0.2410950109814607
LINK,2023-01-18 20:00:00+00:00,2023-01-18 20:00:00+00:00,2023-01-19 20:00:00+00:00,1,6.484,6.152922456510485,7.1461550869790305,6.493,tempo,0.027183963929239913,0.0017063978246480878,96,24.0,0.33107754348951524
LINK,2023-01-25 04:00:00+00:00,2023-01-25 04:00:00+00:00,2023-01-26 04:00:00+00:00,1,6.69,6.451399888203635,7.16720022359273,6.934,tempo,1.022631540961906,0.9855167218055852,96,24.0,0.23860011179636498
LINK,2023-02-01 20:00:00+00:00,2023-02-01 20:00:00+00:00,2023-02-02 20:00:00+00:00,1,7.003,6.609955664160471,7.789088671679059,7.305,tempo,0.7683611553768812,0.7446991937304042,96,24.0,0.39304433583952925
LINK,2023-02-02 20:00:00+00:00,2023-02-02 20:00:00+00:00,2023-02-03 20:00:00+00:00,-1,7.306,7.54291317912989,6.83217364174022,7.219,tempo,0.36722313346823626,0.32737203681470756,96,24.0,0.23691317912988996
LINK,2023-02-08 16:00:00+00:00,2023-02-08 16:00:00+00:00,2023-02-09 07:45:00+00:00,-1,7.094,7.345955559555537,6.590088880888927,7.345955559555537,stop,-1.0,-1.0372524866300568,63,15.75,0.2519555595555367
LINK,2023-02-10 00:00:00+00:00,2023-02-10 00:00:00+00:00,2023-02-11 00:00:00+00:00,1,6.981,6.716069687152038,7.5108606256959245,6.886,tempo,-0.3585848632372928,-0.3926072063323718,96,24.0,0.2649303128479623
LINK,2023-02-18 04:00:00+00:00,2023-02-18 04:00:00+00:00,2023-02-18 12:15:00+00:00,-1,7.617,7.801387826185545,7.24822434762891,7.801387826185545,stop,-1.0,-1.0543525692251274,33,8.25,0.18438782618554495
LINK,2023-02-20 12:00:00+00:00,2023-02-20 12:00:00+00:00,2023-02-21 12:00:00+00:00,-1,8.14,8.476287207197686,7.46742558560463,7.763,tempo,1.1210655413911792,1.090327083969207,96,24.0,0.33628720719768523
LINK,2023-02-22 04:00:00+00:00,2023-02-22 04:00:00+00:00,2023-02-22 17:00:00+00:00,1,7.547,7.3030619489452775,8.034876102109443,7.3030619489452775,stop,-1.0,-1.0395696375578942,52,13.0,0.24393805105472222
LINK,2023-02-23 12:00:00+00:00,2023-02-23 12:00:00+00:00,2023-02-23 13:15:00+00:00,-1,7.857,8.126478140644094,7.318043718711812,8.126478140644094,stop,-1.0,-1.0385532598918292,5,1.25,0.26947814064409403
LINK,2023-03-08 16:00:00+00:00,2023-03-08 16:00:00+00:00,2023-03-08 23:00:00+00:00,1,6.712,6.540783415923198,7.0544331681536026,6.540783415923198,stop,-1.0,-1.0503123530164928,28,7.0,0.1712165840768014
LINK,2023-03-10 12:00:00+00:00,2023-03-10 12:00:00+00:00,2023-03-11 12:00:00+00:00,1,6.057,5.839978282279135,6.491043435441732,6.007,tempo,-0.23039168856045514,-0.26652447786076794,96,24.0,0.21702171772086576
LINK,2023-03-17 16:00:00+00:00,2023-03-17 16:00:00+00:00,2023-03-17 23:15:00+00:00,-1,6.998,7.252907767571552,6.488184464856897,7.252907767571552,stop,-1.0,-1.036338986987995,29,7.25,0.2549077675715514
LINK,2023-03-20 20:00:00+00:00,2023-03-20 20:00:00+00:00,2023-03-21 20:00:00+00:00,-1,7.104,7.5034490741179445,6.305101851764111,7.277,tempo,-0.4330965101922323,-0.45649786622401506,96,24.0,0.3994490741179444
LINK,2023-03-30 00:00:00+00:00,2023-03-30 00:00:00+00:00,2023-03-30 02:45:00+00:00,-1,7.381,7.535851338965669,7.071297322068663,7.535851338965669,stop,-1.0,-1.0626145917438745,11,2.75,0.15485133896566872
LINK,2023-03-30 04:00:00+00:00,2023-03-30 04:00:00+00:00,2023-03-31 04:00:00+00:00,-1,7.393,7.607719481262976,6.963561037474048,7.379,tempo,0.06520134976878907,0.02048346975379276,96,24.0,0.2147194812629758
LINK,2023-03-31 16:00:00+00:00,2023-03-31 16:00:00+00:00,2023-04-01 16:00:00+00:00,-1,7.579,7.721001329445424,7.294997341109151,7.486,tempo,0.6549234458804336,0.5859645844511575,96,24.0,0.14200132944542432
LINK,2023-04-04 00:00:00+00:00,2023-04-04 00:00:00+00:00,2023-04-05 00:00:00+00:00,1,7.239,6.966703659537557,7.783592680924886,7.367,tempo,0.4700760935039256,0.4352100355030122,96,24.0,0.272296340462443
LINK,2023-04-13 16:00:00+00:00,2023-04-13 16:00:00+00:00,2023-04-13 18:15:00+00:00,-1,7.407,7.503585551953311,7.2138288960933785,7.503585551953311,stop,-1.0,-1.1003450351813973,9,2.25,0.09658555195331076
LINK,2023-04-13 20:00:00+00:00,2023-04-13 20:00:00+00:00,2023-04-14 00:45:00+00:00,-1,7.458,7.579610096036508,7.214779807926984,7.579610096036508,stop,-1.0,-1.0803752885738154,19,4.75,0.12161009603650808
LINK,2023-04-15 20:00:00+00:00,2023-04-15 20:00:00+00:00,2023-04-16 01:00:00+00:00,-1,7.983,8.144574898313785,7.65985020337243,8.144574898313785,stop,-1.0,-1.064879655152533,20,5.0,0.16157489831378502
LINK,2023-04-16 04:00:00+00:00,2023-04-16 04:00:00+00:00,2023-04-17 03:00:00+00:00,-1,8.007,8.219844622498343,7.581310755003313,8.219844622498343,stop,-1.0,-1.049554688677681,92,23.0,0.21284462249834313
LINK,2023-04-27 00:00:00+00:00,2023-04-27 00:00:00+00:00,2023-04-28 00:00:00+00:00,1,6.999,6.635770871438303,7.725458257123393,7.166,tempo,0.45976488906955776,0.4344165640702424,96,24.0,0.36322912856169687
LINK,2023-05-01 04:00:00+00:00,2023-05-01 04:00:00+00:00,2023-05-01 19:30:00+00:00,1,7.004,6.794947662488443,7.422104675023112,6.794947662488443,stop,-1.0,-1.0429046433413913,62,15.5,0.20905233751155627
LINK,2023-05-11 20:00:00+00:00,2023-05-11 20:00:00+00:00,2023-05-12 20:00:00+00:00,1,6.307,6.168260282666922,6.584479434666157,6.477,tempo,1.2253160325523338,1.1654225848811757,96,24.0,0.13873971733307844
LINK,2023-05-22 12:00:00+00:00,2023-05-22 12:00:00+00:00,2023-05-23 03:45:00+00:00,-1,6.527,6.626530735849037,6.327938528301927,6.626530735849037,stop,-1.0,-1.0859010526283037,63,15.75,0.09953073584903649
LINK,2023-05-29 04:00:00+00:00,2023-05-29 04:00:00+00:00,2023-05-30 04:00:00+00:00,-1,6.593,6.694610667967535,6.389778664064931,6.614,tempo,-0.20667121297450355,-0.29115594446689796,96,24.0,0.1016106679675346
LINK,2023-05-31 16:00:00+00:00,2023-05-31 16:00:00+00:00,2023-06-01 16:00:00+00:00,1,6.441,6.356858843968952,6.609282312062095,6.409,tempo,-0.3803132914906978,-0.4795810029649494,96,24.0,0.08414115603104744
LINK,2023-06-02 04:00:00+00:00,2023-06-02 04:00:00+00:00,2023-06-03 04:00:00+00:00,1,6.445,6.278133499583924,6.778733000832153,6.414,tempo,-0.18577725261033862,-0.23586729452503521,96,24.0,0.1668665004160763
LINK,2023-06-13 16:00:00+00:00,2023-06-13 16:00:00+00:00,2023-06-14 16:00:00+00:00,-1,5.184,5.448677859597342,4.654644280805317,5.389,tempo,-0.7745264387125907,-0.8004917763893241,96,24.0,0.2646778595973416
LINK,2023-06-16 16:00:00+00:00,2023-06-16 16:00:00+00:00,2023-06-17 16:00:00+00:00,1,5.267,5.091474225758822,5.618051548482357,5.31,tempo,0.2449782670715689,0.20580994532667543,96,24.0,0.1755257742411782
LINK,2023-06-19 20:00:00+00:00,2023-06-19 20:00:00+00:00,2023-06-20 20:00:00+00:00,1,5.092,4.942162194958206,5.391675610083587,5.215,tempo,0.8208876255607997,0.776175611806118,96,24.0,0.1498378050417939
LINK,2023-07-07 04:00:00+00:00,2023-07-07 04:00:00+00:00,2023-07-08 04:00:00+00:00,1,6.148,5.973616154091521,6.496767691816958,6.141,tempo,-0.040141332836950094,-0.08594746790861392,96,24.0,0.174383845908479
LINK,2023-07-12 16:00:00+00:00,2023-07-12 16:00:00+00:00,2023-07-12 18:45:00+00:00,-1,6.242,6.327357213985254,6.071285572029493,6.327357213985254,stop,-1.0,-1.095716364295839,11,2.75,0.08535721398525364
LINK,2023-07-12 20:00:00+00:00,2023-07-12 20:00:00+00:00,2023-07-13 09:45:00+00:00,-1,6.209,6.369626728150584,5.887746543698832,6.369626728150584,stop,-1.0,-1.0509012881444797,55,13.75,0.16062672815058399
LINK,2023-07-17 12:00:00+00:00,2023-07-17 12:00:00+00:00,2023-07-17 22:45:00+00:00,1,6.637,6.39593720421563,7.119125591568738,7.119125591568738,alvo,2.0,1.9629080812515016,43,10.75,0.2410627957843694
LINK,2023-07-18 04:00:00+00:00,2023-07-18 04:00:00+00:00,2023-07-19 04:00:00+00:00,-1,7.093,7.356402564978892,6.5661948700422155,6.968,tempo,0.47455878043563043,0.43986037117476234,96,24.0,0.26340256497889225
LINK,2023-07-21 00:00:00+00:00,2023-07-21 00:00:00+00:00,2023-07-22 00:00:00+00:00,-1,8.354,8.577058130534818,7.907883738930362,8.127,tempo,1.0176719380536758,0.9696456680660512,96,24.0,0.2230581305348185
LINK,2023-07-31 00:00:00+00:00,2023-07-31 00:00:00+00:00,2023-08-01 00:00:00+00:00,1,7.551,7.306388337532081,8.04022332493584,7.546,tempo,-0.020440562602593144,-0.060557415172069334,96,24.0,0.24461166246791954
LINK,2023-08-07 20:00:00+00:00,2023-08-07 20:00:00+00:00,2023-08-08 20:00:00+00:00,1,7.12,6.895105965766407,7.569788068467186,7.343,tempo,0.991578103705385,0.9497764168263305,96,24.0,0.22489403423359278
LINK,2023-08-17 00:00:00+00:00,2023-08-17 00:00:00+00:00,2023-08-17 16:00:00+00:00,1,6.762,6.549200199768353,7.187599600463293,6.549200199768353,stop,-1.0,-1.0406592493058304,64,16.0,0.21279980023164669
LINK,2023-08-23 00:00:00+00:00,2023-08-23 00:00:00+00:00,2023-08-24 00:00:00+00:00,1,6.112,5.7971636247394205,6.741672750521159,6.348,tempo,0.7495957219195857,0.7238712483948961,96,24.0,0.3148363752605796
LINK,2023-09-06 20:00:00+00:00,2023-09-06 20:00:00+00:00,2023-09-07 20:00:00+00:00,-1,6.246,6.403111538373693,5.931776923252615,6.322,tempo,-0.48373277218654814,-0.5357289532726845,96,24.0,0.15711153837369274
LINK,2023-09-08 00:00:00+00:00,2023-09-08 00:00:00+00:00,2023-09-08 10:15:00+00:00,-1,6.382,6.495462938498723,6.155074123002553,6.155074123002553,alvo,2.0,1.928178325999874,41,10.25,0.11346293849872335
LINK,2023-09-14 04:00:00+00:00,2023-09-14 04:00:00+00:00,2023-09-14 18:45:00+00:00,-1,6.04,6.1491805656163425,5.821638868767315,6.1491805656163425,stop,-1.0,-1.0725675611124026,59,14.75,0.10918056561634248
LINK,2023-09-16 04:00:00+00:00,2023-09-16 04:00:00+00:00,2023-09-17 04:00:00+00:00,-1,6.305,6.445315832871275,6.024368334257449,6.232,tempo,0.5202549028588185,0.4621784204459187,96,24.0,0.14031583287127525
LINK,2023-09-18 08:00:00+00:00,2023-09-18 08:00:00+00:00,2023-09-18 10:45:00+00:00,-1,6.547,6.701844785621842,6.237310428756316,6.701844785621842,stop,-1.0,-1.055615363966376,11,2.75,0.154844785621842
LINK,2023-09-18 16:00:00+00:00,2023-09-18 16:00:00+00:00,2023-09-19 05:00:00+00:00,-1,6.722,6.88918618676245,6.3876276264751,6.88918618676245,stop,-1.0,-1.0529186722463286,52,13.0,0.16718618676245
LINK,2023-09-20 20:00:00+00:00,2023-09-20 20:00:00+00:00,2023-09-21 20:00:00+00:00,-1,6.872,7.087411704259624,6.441176591480751,6.716,tempo,0.724194632488405,0.6831931463790197,96,24.0,0.21541170425962441
LINK,2023-09-24 04:00:00+00:00,2023-09-24 04:00:00+00:00,2023-09-25 04:00:00+00:00,-1,7.16,7.289393491097786,6.901213017804428,7.159,tempo,0.007728364012101731,-0.06420222477590928,96,24.0,0.12939349109778586
LINK,2023-10-04 20:00:00+00:00,2023-10-04 20:00:00+00:00,2023-10-05 20:00:00+00:00,-1,7.609,7.835110667652434,7.156778664695132,7.504,tempo,0.46437437512413676,0.42092905650210644,96,24.0,0.22611066765243404
LINK,2023-10-06 16:00:00+00:00,2023-10-06 16:00:00+00:00,2023-10-07 16:00:00+00:00,1,7.654,7.388054790517583,8.185890418964833,7.558,tempo,-0.36097660938069004,-0.3981564481122982,96,24.0,0.2659452094824166
LINK,2023-10-09 00:00:00+00:00,2023-10-09 00:00:00+00:00,2023-10-10 00:00:00+00:00,-1,7.668,7.984457790266081,7.035084419467839,7.274,tempo,1.245031761325013,1.2143410964125336,96,24.0,0.3164577902660808
LINK,2023-10-16 16:00:00+00:00,2023-10-16 16:00:00+00:00,2023-10-17 16:00:00+00:00,-1,7.433,7.8728733189605205,6.553253362078959,7.394,tempo,0.08866189041008878,0.06675205959158217,96,24.0,0.4398733189605206
LINK,2023-10-17 16:00:00+00:00,2023-10-17 16:00:00+00:00,2023-10-18 16:00:00+00:00,1,7.393,7.207834679335464,7.763330641329071,7.385,tempo,-0.04320463449251187,-0.09508097918560197,96,24.0,0.1851653206645354
LINK,2023-10-21 20:00:00+00:00,2023-10-21 20:00:00+00:00,2023-10-22 03:30:00+00:00,-1,8.896,9.267679010493517,8.15264197901297,9.267679010493517,stop,-1.0,-1.0317650204167952,30,7.5,0.3716790104935157
LINK,2023-10-22 08:00:00+00:00,2023-10-22 08:00:00+00:00,2023-10-22 22:45:00+00:00,-1,9.304,9.865393870340029,8.181212259319944,9.865393870340029,stop,-1.0,-1.0221949448934562,59,14.75,0.5613938703400283
LINK,2023-10-31 08:00:00+00:00,2023-10-31 08:00:00+00:00,2023-11-01 08:00:00+00:00,-1,11.435,12.1545198997261,9.9959602005478,11.11,tempo,0.45169007851446363,0.43132337287424655,96,24.0,0.7195198997260999
LINK,2023-11-13 16:00:00+00:00,2023-11-13 16:00:00+00:00,2023-11-14 00:15:00+00:00,1,15.153,14.205464060483383,17.048071879033238,14.205464060483383,stop,-1.0,-1.0201396072100963,33,8.25,0.9475359395166176
LINK,2023-11-20 12:00:00+00:00,2023-11-20 12:00:00+00:00,2023-11-21 03:00:00+00:00,-1,15.104,15.52382852898945,14.264342942021099,14.264342942021099,alvo,2.0,1.9545304294630406,60,15.0,0.41982852898945033
LINK,2023-11-21 20:00:00+00:00,2023-11-21 20:00:00+00:00,2023-11-21 23:00:00+00:00,1,13.988,13.350505366453419,15.262989267093161,13.350505366453419,stop,-1.0,-1.0278747891403173,12,3.0,0.6374946335465808
LINK,2023-11-22 04:00:00+00:00,2023-11-22 04:00:00+00:00,2023-11-23 04:00:00+00:00,1,13.961,13.060527812663503,15.761944374672995,14.409,tempo,0.4975167543210165,0.47703805407981853,96,24.0,0.9004721873364971
LINK,2023-11-23 20:00:00+00:00,2023-11-23 20:00:00+00:00,2023-11-24 20:00:00+00:00,-1,14.525,15.022984781108686,13.529030437782628,14.394,tempo,0.263060247962496,0.22531341168739816,96,24.0,0.49798478110868594
LINK,2023-12-04 08:00:00+00:00,2023-12-04 08:00:00+00:00,2023-12-04 11:15:00+00:00,-1,16.089,16.522953534416498,15.221092931167,15.221092931167,alvo,2.0,1.9531019826059868,13,3.25,0.4339535344164993
LINK,2023-12-07 16:00:00+00:00,2023-12-07 16:00:00+00:00,2023-12-08 13:45:00+00:00,1,15.249,14.535030527500606,16.67693894499879,16.67693894499879,alvo,1.9999999999999976,1.9709345271561753,87,21.75,0.7139694724993948
LINK,2023-12-22 04:00:00+00:00,2023-12-22 04:00:00+00:00,2023-12-22 06:30:00+00:00,-1,15.31,15.653315620820322,14.623368758359357,15.653315620820322,stop,-1.0,-1.0586228937251487,10,2.5,0.34331562082032185
LINK,2023-12-27 20:00:00+00:00,2023-12-27 20:00:00+00:00,2023-12-28 00:15:00+00:00,-1,16.33,16.831911656687776,15.326176686624443,16.831911656687776,stop,-1.0,-1.0429462880362148,17,4.25,0.5019116566877777
LINK,2024-01-05 20:00:00+00:00,2024-01-05 20:00:00+00:00,2024-01-06 05:30:00+00:00,1,13.812,13.557216320264658,14.321567359470682,13.557216320264658,stop,-1.0,-1.0698239016983015,38,9.5,0.25478367973534155
LINK,2024-01-10 12:00:00+00:00,2024-01-10 12:00:00+00:00,2024-01-10 21:15:00+00:00,-1,14.218,14.597115522654951,13.459768954690098,14.597115522654951,stop,-1.0,-1.0494040047702624,37,9.25,0.37911552265495096
LINK,2024-01-11 16:00:00+00:00,2024-01-11 16:00:00+00:00,2024-01-12 16:00:00+00:00,-1,15.036,15.8536975485504,13.400604902899198,14.786,tempo,0.30573651644571453,0.28203056302275986,96,24.0,0.8176975485504006
LINK,2024-01-15 16:00:00+00:00,2024-01-15 16:00:00+00:00,2024-01-16 16:00:00+00:00,-1,15.318,16.167343576051664,13.619312847896671,15.066,tempo,0.29669971858911204,0.2734469377865424,96,24.0,0.8493435760516643
LINK,2024-01-20 04:00:00+00:00,2024-01-20 04:00:00+00:00,2024-01-21 04:00:00+00:00,-1,16.008,16.619867370424238,14.784265259151521,15.681,tempo,0.5344295443852057,0.5007656312634479,96,24.0,0.611867370424239
LINK,2024-01-23 16:00:00+00:00,2024-01-23 16:00:00+00:00,2024-01-24 16:00:00+00:00,1,14.117,13.423082863066922,15.504834273866159,14.146,tempo,0.041791733416718685,0.01531746289906798,96,24.0,0.693917136933079
LINK,2024-02-05 16:00:00+00:00,2024-02-05 16:00:00+00:00,2024-02-06 16:00:00+00:00,-1,19.281,19.96786770679065,17.907264586418698,18.639,tempo,0.9346778042597276,0.8987931648214195,96,24.0,0.6868677067906503
LINK,2024-02-13 16:00:00+00:00,2024-02-13 16:00:00+00:00,2024-02-14 16:00:00+00:00,1,19.886,19.224421694188507,21.209156611622983,20.115,tempo,0.3461419426671008,0.3068410016120467,96,24.0,0.6615783058114921
LINK,2024-02-23 20:00:00+00:00,2024-02-23 20:00:00+00:00,2024-02-24 20:00:00+00:00,1,18.158,17.48750653122501,19.498986937549986,18.492,tempo,0.4981405719137362,0.4626107701939308,96,24.0,0.6704934687749926
LINK,2024-02-28 20:00:00+00:00,2024-02-28 20:00:00+00:00,2024-02-29 20:00:00+00:00,1,18.898,17.657903804353385,21.37819239129323,19.782,tempo,0.7128479251071828,0.6925736914725167,96,24.0,1.2400961956466148
LINK,2024-03-02 20:00:00+00:00,2024-03-02 20:00:00+00:00,2024-03-03 07:30:00+00:00,-1,21.395,21.877028521367016,20.430942957265966,20.430942957265966,alvo,2.0,1.9435990574891258,46,11.5,0.4820285213670168
LINK,2024-03-11 04:00:00+00:00,2024-03-11 04:00:00+00:00,2024-03-12 04:00:00+00:00,-1,21.252,23.154681563802033,17.44663687239593,20.848,tempo,0.2123319044479029,0.19794957136568295,96,24.0,1.9026815638020338
LINK,2024-03-12 20:00:00+00:00,2024-03-12 20:00:00+00:00,2024-03-13 20:00:00+00:00,1,20.727,19.31914390266168,23.542712194676643,20.441,tempo,-0.20314576222719788,-0.22215281845303705,96,24.0,1.4078560973383212
LINK,2024-03-19 12:00:00+00:00,2024-03-19 12:00:00+00:00,2024-03-20 05:30:00+00:00,1,17.333,16.284726858612615,19.429546282774766,16.284726858612615,stop,-1.0,-1.0208452564464046,70,17.5,1.0482731413873836
LINK,2024-04-05 08:00:00+00:00,2024-04-05 08:00:00+00:00,2024-04-05 12:00:00+00:00,1,17.281,16.993383689305325,17.856232621389346,16.993383689305325,stop,-1.0,-1.0774585743911396,16,4.0,0.2876163106946734
LINK,2024-04-09 12:00:00+00:00,2024-04-09 12:00:00+00:00,2024-04-09 14:45:00+00:00,1,17.847,17.36992162831586,18.80115674336828,17.36992162831586,stop,-1.0,-1.0479816324047504,11,2.75,0.47707837168414
LINK,2024-04-09 16:00:00+00:00,2024-04-09 16:00:00+00:00,2024-04-10 03:00:00+00:00,1,17.531,17.146329865845725,18.300340268308545,17.146329865845725,stop,-1.0,-1.0585963463536263,44,11.0,0.3846701341542733
LINK,2024-04-10 04:00:00+00:00,2024-04-10 04:00:00+00:00,2024-04-10 12:45:00+00:00,1,17.407,16.985051494827744,18.250897010344513,16.985051494827744,stop,-1.0,-1.0529800039521693,35,8.75,0.42194850517225646
LINK,2024-04-10 16:00:00+00:00,2024-04-10 16:00:00+00:00,2024-04-11 16:00:00+00:00,1,17.169,16.6780802309544,18.1508395380912,17.254,tempo,0.1731443819531851,0.12756677149455709,96,24.0,0.4909197690456004
LINK,2024-04-14 00:00:00+00:00,2024-04-14 00:00:00+00:00,2024-04-15 00:00:00+00:00,1,13.279,11.440641301757688,16.955717396484623,14.084,tempo,0.4378906035963901,0.4282156962907563,96,24.0,1.8383586982423115
LINK,2024-04-19 08:00:00+00:00,2024-04-19 08:00:00+00:00,2024-04-20 02:15:00+00:00,-1,13.632,14.1406868842632,12.614626231473599,14.1406868842632,stop,-1.0,-1.0354879338021827,73,18.25,0.5086868842632004
LINK,2024-04-27 20:00:00+00:00,2024-04-27 20:00:00+00:00,2024-04-28 20:00:00+00:00,1,14.164,13.763072015048897,14.965855969902206,14.105,tempo,-0.14715859759002572,-0.19298939685997685,96,24.0,0.40092798495110316
LINK,2024-04-29 16:00:00+00:00,2024-04-29 16:00:00+00:00,2024-04-30 09:00:00+00:00,1,13.972,13.617205813945905,14.68158837210819,13.617205813945905,stop,-1.0,-1.0505447509681871,68,17.0,0.35479418605409485
LINK,2024-05-13 04:00:00+00:00,2024-05-13 04:00:00+00:00,2024-05-14 04:00:00+00:00,1,13.314,13.050932779268988,13.840134441462023,13.428,tempo,0.4333493153697271,0.3672738083122608,96,24.0,0.26306722073101163
LINK,2024-05-15 16:00:00+00:00,2024-05-15 16:00:00+00:00,2024-05-15 19:45:00+00:00,-1,13.608,13.76922327883471,13.285553442330581,13.76922327883471,stop,-1.0,-1.1103760899782138,15,3.75,0.16122327883470966
LINK,2024-05-19 12:00:00+00:00,2024-05-19 12:00:00+00:00,2024-05-19 15:45:00+00:00,-1,16.634,16.95087796443881,16.00024407112238,16.95087796443881,stop,-1.0,-1.068891412867873,15,3.75,0.31687796443880956
LINK,2024-05-24 00:00:00+00:00,2024-05-24 00:00:00+00:00,2024-05-25 00:00:00+00:00,1,16.606,15.239725492771136,19.338549014457733,17.259,tempo,0.477942021566691,0.4618308741482662,96,24.0,1.3662745072288658
LINK,2024-06-03 16:00:00+00:00,2024-06-03 16:00:00+00:00,2024-06-03 16:30:00+00:00,1,17.953,17.71804693234924,18.42290613530152,17.71804693234924,stop,-1.0,-1.0986843063504557,2,0.5,0.23495306765076052
LINK,2024-06-11 20:00:00+00:00,2024-06-11 20:00:00+00:00,2024-06-12 13:15:00+00:00,1,15.032,14.55967828719288,15.976643425614242,15.976643425614242,alvo,2.0,1.9573265050491548,69,17.25,0.4723217128071209
LINK,2024-06-12 20:00:00+00:00,2024-06-12 20:00:00+00:00,2024-06-13 20:00:00+00:00,-1,15.696,16.352629829939858,14.382740340120284,15.344,tempo,0.5360706808465292,0.5053440840943714,96,24.0,0.6566298299398579
LINK,2024-06-28 16:00:00+00:00,2024-06-28 16:00:00+00:00,2024-06-28 23:15:00+00:00,-1,14.365,14.667739750025788,13.759520499948424,13.759520499948424,alvo,2.0,1.9396150048898129,29,7.25,0.302739750025788
LINK,2024-07-05 08:00:00+00:00,2024-07-05 08:00:00+00:00,2024-07-06 08:00:00+00:00,1,11.497,10.84511151514919,12.80077696970162,12.483,tempo,1.5125286347490172,1.4886181034814383,96,24.0,0.6518884848508097
LINK,2024-07-08 16:00:00+00:00,2024-07-08 16:00:00+00:00,2024-07-09 16:00:00+00:00,-1,12.815,13.675409347273554,11.09418130545289,12.867,tempo,-0.06043634947107187,-0.0798379285600222,96,24.0,0.8604093472735546
LINK,2024-07-18 20:00:00+00:00,2024-07-18 20:00:00+00:00,2024-07-19 16:30:00+00:00,1,13.55,13.323266322297151,14.0034673554057,14.0034673554057,alvo,2.0,1.921009732817523,82,20.5,0.2267336777028497
LINK,2024-07-23 16:00:00+00:00,2024-07-23 16:00:00+00:00,2024-07-23 17:00:00+00:00,1,13.799,13.540949506125616,14.315100987748767,13.540949506125616,stop,-1.0,-1.068866239750862,4,1.0,0.25805049387438395
LINK,2024-07-25 16:00:00+00:00,2024-07-25 16:00:00+00:00,2024-07-25 19:00:00+00:00,1,12.828,12.62992070714482,13.22415858571036,12.62992070714482,stop,-1.0,-1.083540526731093,12,3.0,0.19807929285518
LINK,2024-08-03 04:00:00+00:00,2024-08-03 04:00:00+00:00,2024-08-03 17:30:00+00:00,1,11.958,11.503459118073428,12.867081763853145,11.503459118073428,stop,-1.0,-1.0335502240460985,54,13.5,0.4545408819265724
LINK,2024-08-04 20:00:00+00:00,2024-08-04 20:00:00+00:00,2024-08-05 01:00:00+00:00,1,11.072,10.381851143101681,12.452297713796636,10.381851143101681,stop,-1.0,-1.0202057905387079,20,5.0,0.6901488568983183
LINK,2024-08-05 08:00:00+00:00,2024-08-05 08:00:00+00:00,2024-08-06 08:00:00+00:00,1,9.048,7.664490442364824,11.815019115270353,10.104,tempo,0.763276259402944,0.7542782731358461,96,24.0,1.3835095576351764
LINK,2024-09-03 20:00:00+00:00,2024-09-03 20:00:00+00:00,2024-09-04 01:15:00+00:00,1,10.484,10.147592282999359,11.156815434001283,10.147592282999359,stop,-1.0,-1.039863933870233,21,5.25,0.3364077170006414
LINK,2024-09-09 00:00:00+00:00,2024-09-09 00:00:00+00:00,2024-09-09 07:30:00+00:00,-1,10.346,10.494347742131074,10.049304515737852,10.494347742131074,stop,-1.0,-1.091314002072349,30,7.5,0.14834774213107416
LINK,2024-09-16 20:00:00+00:00,2024-09-16 20:00:00+00:00,2024-09-17 15:30:00+00:00,1,10.527,10.357229894892479,10.86654021021504,10.86654021021504,alvo,2.0,1.9180904015590212,78,19.5,0.16977010510752066
LINK,2024-09-18 12:00:00+00:00,2024-09-18 12:00:00+00:00,2024-09-18 16:00:00+00:00,1,10.441,10.284979233838103,10.753041532323797,10.284979233838103,stop,-1.0,-1.0863467526368598,16,4.0,0.1560207661618982
LINK,2024-09-20 12:00:00+00:00,2024-09-20 12:00:00+00:00,2024-09-21 04:45:00+00:00,-1,11.6,11.794189430115901,11.211621139768196,11.211621139768196,alvo,2.0,1.923643868093132,67,16.75,0.19418943011590173
LINK,2024-09-23 00:00:00+00:00,2024-09-23 00:00:00+00:00,2024-09-24 00:00:00+00:00,1,11.121,10.778680822736206,11.80563835452759,11.389,tempo,0.7828950809655499,0.7401528071702235,96,24.0,0.34231917726379457
LINK,2024-09-25 20:00:00+00:00,2024-09-25 20:00:00+00:00,2024-09-26 15:45:00+00:00,-1,12.135,12.624410152182843,11.156179695634313,12.624410152182843,stop,-1.0,-1.0328836999541977,79,19.75,0.48941015218284356
LINK,2024-09-26 20:00:00+00:00,2024-09-26 20:00:00+00:00,2024-09-27 04:30:00+00:00,-1,12.615,12.820815464827339,12.203369070345323,12.820815464827339,stop,-1.0,-1.0803306013277854,34,8.5,0.2058154648273387
LINK,2024-10-02 16:00:00+00:00,2024-10-02 16:00:00+00:00,2024-10-02 18:15:00+00:00,1,10.923,10.695437783720642,11.378124432558716,10.695437783720642,stop,-1.0,-1.0617500777992426,9,2.25,0.2275622162793578
LINK,2024-10-09 16:00:00+00:00,2024-10-09 16:00:00+00:00,2024-10-09 20:30:00+00:00,1,10.708,10.498118713198144,11.127762573603713,10.498118713198144,stop,-1.0,-1.0656751126964068,18,4.5,0.20988128680185625
LINK,2024-10-10 20:00:00+00:00,2024-10-10 20:00:00+00:00,2024-10-11 20:00:00+00:00,1,10.459,10.183069542758094,11.01086091448381,10.953,tempo,1.790306169669827,1.7398666490053925,96,24.0,0.27593045724190546
LINK,2024-10-25 04:00:00+00:00,2024-10-25 04:00:00+00:00,2024-10-25 18:15:00+00:00,-1,11.893,12.154833061343101,11.3693338773138,11.3693338773138,alvo,2.0,1.942251307215782,57,14.25,0.2618330613431006
LINK,2024-11-01 04:00:00+00:00,2024-11-01 04:00:00+00:00,2024-11-01 21:45:00+00:00,1,11.392,11.138705424374939,11.898589151250121,11.138705424374939,stop,-1.0,-1.0578178924270447,71,17.75,0.25329457562506086
LINK,2024-11-05 20:00:00+00:00,2024-11-05 20:00:00+00:00,2024-11-06 00:45:00+00:00,-1,10.65,11.001134377868704,9.947731244262593,11.001134377868704,stop,-1.0,-1.0400793491968392,19,4.75,0.3511343778687035
LINK,2024-11-10 16:00:00+00:00,2024-11-10 16:00:00+00:00,2024-11-10 18:00:00+00:00,-1,14.597,14.868603930423072,14.053792139153854,14.868603930423072,stop,-1.0,-1.0705168092558206,8,2.0,0.2716039304230726
LINK,2024-11-10 20:00:00+00:00,2024-11-10 20:00:00+00:00,2024-11-11 20:00:00+00:00,-1,14.42,14.990683292295225,13.27863341540955,14.576,tempo,-0.2733565220957947,-0.3063825459070015,96,24.0,0.5706832922952252
LINK,2024-11-12 12:00:00+00:00,2024-11-12 12:00:00+00:00,2024-11-13 12:00:00+00:00,-1,14.208,15.543110568899676,11.537778862200648,13.496,tempo,0.5332891646470828,0.519801442791326,96,24.0,1.335110568899676
LINK,2024-11-18 12:00:00+00:00,2024-11-18 12:00:00+00:00,2024-11-18 16:00:00+00:00,-1,14.346,15.08290811418543,12.872183771629139,15.08290811418543,stop,-1.0,-1.0259581756612428,16,4.0,0.7369081141854306
LINK,2024-11-21 16:00:00+00:00,2024-11-21 16:00:00+00:00,2024-11-22 12:45:00+00:00,-1,14.824,15.547875380039224,13.37624923992155,15.547875380039224,stop,-1.0,-1.0272722619685666,83,20.75,0.7238753800392246
LINK,2024-11-25 08:00:00+00:00,2024-11-25 08:00:00+00:00,2024-11-25 09:15:00+00:00,-1,18.316,18.64439508726416,17.659209825471674,18.64439508726416,stop,-1.0,-1.0731565657905122,5,1.25,0.32839508726416256
LINK,2024-12-02 04:00:00+00:00,2024-12-02 04:00:00+00:00,2024-12-02 07:45:00+00:00,-1,18.885,19.907114820029793,16.840770359940418,19.907114820029793,stop,-1.0,-1.024669317124552,15,3.75,1.0221148200297918
LINK,2024-12-19 04:00:00+00:00,2024-12-19 04:00:00+00:00,2024-12-19 18:00:00+00:00,1,24.862,22.965040910882355,28.655918178235286,22.965040910882355,stop,-1.0,-1.0163881112515367,56,14.0,1.8969590891176438
LINK,2025-01-02 16:00:00+00:00,2025-01-02 16:00:00+00:00,2025-01-03 15:15:00+00:00,-1,22.205,23.069317471438243,20.47636505712351,23.069317471438243,stop,-1.0,-1.0340480290274192,93,23.25,0.8643174714382447
LINK,2025-01-04 16:00:00+00:00,2025-01-04 16:00:00+00:00,2025-01-05 16:00:00+00:00,-1,23.159,24.07398220507563,21.329035589848736,23.287,tempo,-0.1398934310306284,-0.172888498948375,96,24.0,0.9149822050756313
LINK,2025-01-06 20:00:00+00:00,2025-01-06 20:00:00+00:00,2025-01-07 15:45:00+00:00,-1,23.894,24.980052752047925,21.721894495904145,21.721894495904145,alvo,2.0,1.9726989951764062,79,19.75,1.0860527520479266
LINK,2025-01-09 16:00:00+00:00,2025-01-09 16:00:00+00:00,2025-01-10 16:00:00+00:00,1,20.185,19.103148813647593,22.34870237270481,19.975,tempo,-0.194111725022032,-0.2182407367838186,96,24.0,1.0818511863524058
LINK,2025-01-16 04:00:00+00:00,2025-01-16 04:00:00+00:00,2025-01-16 12:00:00+00:00,-1,21.599,22.326801958575658,20.143396082848685,22.326801958575658,stop,-1.0,-1.0392301380020348,32,8.0,0.7278019585756574
LINK,2025-01-27 00:00:00+00:00,2025-01-27 00:00:00+00:00,2025-01-28 00:00:00+00:00,-1,24.867,26.576998883633227,21.44700223273355,24.196,tempo,0.3923979169941498,0.37374822645619954,96,24.0,1.7099988836332258
LINK,2025-01-31 08:00:00+00:00,2025-01-31 08:00:00+00:00,2025-01-31 11:30:00+00:00,-1,24.89,25.56804060847648,23.533918783047042,25.56804060847648,stop,-1.0,-1.0483713305449425,14,3.5,0.6780406084764792
LINK,2025-02-03 00:00:00+00:00,2025-02-03 00:00:00+00:00,2025-02-03 01:45:00+00:00,1,20.45,18.939123282281717,23.471753435436565,18.939123282281717,stop,-1.0,-1.0169457440393606,7,1.75,1.5108767177182827
LINK,2025-02-17 08:00:00+00:00,2025-02-17 08:00:00+00:00,2025-02-18 06:15:00+00:00,1,18.797,18.215745351747753,19.959509296504496,18.215745351747753,stop,-1.0,-1.0413902659548202,89,22.25,0.5812546482522478
LINK,2025-02-25 04:00:00+00:00,2025-02-25 04:00:00+00:00,2025-02-25 07:15:00+00:00,1,15.116,14.65520197332858,16.03759605334284,14.65520197332858,stop,-1.0,-1.0419951479012353,13,3.25,0.46079802667141934
LINK,2025-02-28 12:00:00+00:00,2025-02-28 12:00:00+00:00,2025-02-28 15:45:00+00:00,1,13.76,13.288390886475305,14.703218227049389,14.703218227049389,alvo,2.0,1.9607702834465828,15,3.75,0.4716091135246945
LINK,2025-03-11 04:00:00+00:00,2025-03-11 04:00:00+00:00,2025-03-12 04:00:00+00:00,1,12.431,11.646224691809895,14.000550616380208,12.832,tempo,0.5109742824666741,0.4900498855996639,96,24.0,0.7847753081901043
LINK,2025-03-14 16:00:00+00:00,2025-03-14 16:00:00+00:00,2025-03-15 16:00:00+00:00,-1,14.365,14.812823792262883,13.469352415474235,14.033,tempo,0.741363022099347,0.7001443545811988,96,24.0,0.4478237922628825
LINK,2025-03-20 04:00:00+00:00,2025-03-20 04:00:00+00:00,2025-03-21 04:00:00+00:00,-1,14.712,15.27501562551678,13.58596874896644,14.126,tempo,1.040823688440483,1.007530296302752,96,24.0,0.5630156255167797
LINK,2025-03-31 00:00:00+00:00,2025-03-31 00:00:00+00:00,2025-03-31 09:15:00+00:00,1,13.409,13.09324569075577,14.040508618488461,13.09324569075577,stop,-1.0,-1.0545565308046734,37,9.25,0.3157543092442303
LINK,2025-03-31 12:00:00+00:00,2025-03-31 12:00:00+00:00,2025-04-01 08:30:00+00:00,1,13.221,12.84688079438938,13.96923841122124,13.96923841122124,alvo,2.0,1.9527592951598203,82,20.5,0.3741192056106204
DOT,2020-09-05 12:00:00+00:00,2020-09-05 12:00:00+00:00,2020-09-05 17:45:00+00:00,1,4.596,4.166256035285516,5.455487929428969,4.166256035285516,stop,-1.0,-1.0132531620932002,23,5.75,0.4297439647144845
DOT,2020-09-28 16:00:00+00:00,2020-09-28 16:00:00+00:00,2020-09-29 16:00:00+00:00,-1,4.508,4.630093455546085,4.26381308890783,4.397,tempo,0.9091396381856208,0.8617312822331169,96,24.0,0.12209345554608486
DOT,2020-10-06 16:00:00+00:00,2020-10-06 16:00:00+00:00,2020-10-06 20:45:00+00:00,1,4.016,3.7223751192378427,4.603249761524315,3.7223751192378427,stop,-1.0,-1.0171305095618888,19,4.75,0.2936248807621573
DOT,2020-10-08 20:00:00+00:00,2020-10-08 20:00:00+00:00,2020-10-09 10:45:00+00:00,-1,4.071,4.177587941915949,3.8578241161681017,4.177587941915949,stop,-1.0,-1.0503019578562958,59,14.75,0.106587941915949
DOT,2020-10-13 16:00:00+00:00,2020-10-13 16:00:00+00:00,2020-10-14 16:00:00+00:00,1,4.212,4.095482330275952,4.445035339448095,4.203,tempo,-0.07724150355319,-0.12418502733764405,96,24.0,0.11651766972404776
DOT,2020-10-20 12:00:00+00:00,2020-10-20 12:00:00+00:00,2020-10-21 12:00:00+00:00,-1,4.044,4.177712059450581,3.776575881098837,4.011,tempo,0.24679898085180518,0.20764207891256703,96,24.0,0.1337120594505814
DOT,2020-11-16 00:00:00+00:00,2020-11-16 00:00:00+00:00,2020-11-16 16:15:00+00:00,1,4.369,4.276574999251624,4.553850001496752,4.553850001496752,alvo,2.0,1.9372480123991258,65,16.25,0.09242500074837601
DOT,2020-11-16 20:00:00+00:00,2020-11-16 20:00:00+00:00,2020-11-17 01:30:00+00:00,-1,4.506,4.630662948420907,4.256674103158186,4.630662948420907,stop,-1.0,-1.0476391020082563,22,5.5,0.12466294842090697
DOT,2020-11-17 16:00:00+00:00,2020-11-17 16:00:00+00:00,2020-11-18 06:00:00+00:00,-1,4.841,4.98225633286367,4.55848733427266,4.55848733427266,alvo,2.0,1.956747661195666,56,14.0,0.14125633286367023
DOT,2020-11-20 08:00:00+00:00,2020-11-20 08:00:00+00:00,2020-11-20 11:00:00+00:00,-1,5.224,5.387519576119238,4.896960847761525,5.387519576119238,stop,-1.0,-1.042181418813414,12,3.0,0.16351957611923762
DOT,2020-11-23 16:00:00+00:00,2020-11-23 16:00:00+00:00,2020-11-24 05:45:00+00:00,-1,5.726,6.076561823024014,5.024876353951972,6.076561823024014,stop,-1.0,-1.0218839151359618,55,13.75,0.3505618230240142
DOT,2020-11-24 12:00:00+00:00,2020-11-24 12:00:00+00:00,2020-11-25 12:00:00+00:00,-1,5.74,6.206331496140198,4.807337007719605,5.621,tempo,0.2551832783866344,0.23934765488463555,96,24.0,0.46633149614019764
DOT,2020-11-26 12:00:00+00:00,2020-11-26 12:00:00+00:00,2020-11-27 12:00:00+00:00,1,4.74,4.405407471592448,5.4091850568151045,4.717,tempo,-0.06874032755443155,-0.08711207670632101,96,24.0,0.33459252840755216
DOT,2020-11-30 08:00:00+00:00,2020-11-30 08:00:00+00:00,2020-12-01 08:00:00+00:00,-1,5.282,5.507877732191267,4.8302445356174655,5.464,tempo,-0.8057456493581563,-0.8366690163153089,96,24.0,0.22587773219126728
DOT,2020-12-01 12:00:00+00:00,2020-12-01 12:00:00+00:00,2020-12-01 12:30:00+00:00,-1,5.399,5.6003769014783105,4.996246197043379,4.996246197043379,alvo,2.0,1.9664464495258611,2,0.5,0.20137690147831044
DOT,2020-12-09 12:00:00+00:00,2020-12-09 12:00:00+00:00,2020-12-10 12:00:00+00:00,1,4.871,4.58031339103837,5.452373217923261,4.809,tempo,-0.21328811884892862,-0.2349334227811456,96,24.0,0.29068660896163045
DOT,2020-12-11 16:00:00+00:00,2020-12-11 16:00:00+00:00,2020-12-12 16:00:00+00:00,1,4.665,4.512664115368109,4.969671769263782,4.676,tempo,0.07220885628216121,0.03235186516892673,96,24.0,0.15233588463189118
DOT,2020-12-17 04:00:00+00:00,2020-12-17 04:00:00+00:00,2020-12-17 10:00:00+00:00,-1,5.349,5.493026391832478,5.060947216335045,5.493026391832478,stop,-1.0,-1.048930734603753,24,6.0,0.14402639183247778
DOT,2020-12-29 04:00:00+00:00,2020-12-29 04:00:00+00:00,2020-12-29 18:30:00+00:00,-1,6.39,6.974262803700593,5.221474392598814,6.974262803700593,stop,-1.0,-1.0148679169157873,58,14.5,0.584262803700593
DOT,2021-01-11 00:00:00+00:00,2021-01-11 00:00:00+00:00,2021-01-11 03:15:00+00:00,1,9.306,8.521523210103059,10.87495357979388,8.521523210103059,stop,-1.0,-1.0147714887627068,13,3.25,0.7844767898969405
DOT,2021-01-15 04:00:00+00:00,2021-01-15 04:00:00+00:00,2021-01-16 01:00:00+00:00,-1,13.908,15.34776350717297,11.028472985654057,15.34776350717297,stop,-1.0,-1.0132078957307382,84,21.0,1.4397635071729713
DOT,2021-02-03 20:00:00+00:00,2021-02-03 20:00:00+00:00,2021-02-03 23:00:00+00:00,-1,19.419,20.22224446239777,17.81251107520446,20.22224446239777,stop,-1.0,-1.0320784146132074,12,3.0,0.803244462397771
DOT,2021-02-04 04:00:00+00:00,2021-02-04 04:00:00+00:00,2021-02-05 04:00:00+00:00,-1,20.735,22.132151718864957,17.940696562270084,20.341,tempo,0.28200230131061416,0.2628924225197191,96,24.0,1.3971517188649578
DOT,2021-02-07 20:00:00+00:00,2021-02-07 20:00:00+00:00,2021-02-08 11:00:00+00:00,1,19.41,18.14234419031226,21.945311619375477,21.945311619375477,alvo,2.0,1.9787947545799394,60,15.0,1.2676558096877386
DOT,2021-02-08 16:00:00+00:00,2021-02-08 16:00:00+00:00,2021-02-08 21:45:00+00:00,-1,22.513,23.606145753986116,20.326708492027773,23.606145753986116,stop,-1.0,-1.0274230994638907,23,5.75,1.0931457539861142
DOT,2021-02-14 20:00:00+00:00,2021-02-14 20:00:00+00:00,2021-02-15 01:45:00+00:00,1,27.27,26.08011461491994,29.64977077016012,26.08011461491994,stop,-1.0,-1.0291436258773485,23,5.75,1.1898853850800606
DOT,2021-02-20 08:00:00+00:00,2021-02-20 08:00:00+00:00,2021-02-20 12:45:00+00:00,-1,37.749,40.11825467780726,33.01049064438549,40.11825467780726,stop,-1.0,-1.0213627163068082,19,4.75,2.3692546778072554
DOT,2021-02-23 12:00:00+00:00,2021-02-23 12:00:00+00:00,2021-02-24 12:00:00+00:00,1,30.079,24.945985051370847,40.34502989725831,36.018,tempo,1.1570198137813912,1.1486498693276985,96,24.0,5.133014948629153
DOT,2021-03-31 12:00:00+00:00,2021-03-31 12:00:00+00:00,2021-04-01 12:00:00+00:00,1,36.462,32.95323398735364,43.47953202529273,37.827,tempo,0.3890256560512259,0.37526359559294514,96,24.0,3.508766012646362
DOT,2021-04-02 20:00:00+00:00,2021-04-02 20:00:00+00:00,2021-04-02 23:45:00+00:00,-1,39.271,40.81302406948158,36.186951861036846,40.81302406948158,stop,-1.0,-1.0337573301710288,15,3.75,1.5420240694815774
DOT,2021-04-14 08:00:00+00:00,2021-04-14 08:00:00+00:00,2021-04-14 14:15:00+00:00,-1,43.634,45.12386673612195,40.65426652775611,40.65426652775611,alvo,2.0,1.9632266618787326,25,6.25,1.4898667361219466
DOT,2021-05-04 04:00:00+00:00,2021-05-04 04:00:00+00:00,2021-05-04 11:00:00+00:00,1,35.527,34.67221153590255,37.23657692819491,37.23657692819491,alvo,2.0,1.9446689713422074,28,7.0,0.854788464097453
DOT,2021-05-06 16:00:00+00:00,2021-05-06 16:00:00+00:00,2021-05-06 17:15:00+00:00,-1,40.064,42.05710943211994,36.07778113576013,42.05710943211994,stop,-1.0,-1.026781630888226,5,1.25,1.9931094321199367
DOT,2021-05-06 20:00:00+00:00,2021-05-06 20:00:00+00:00,2021-05-07 20:00:00+00:00,-1,41.491,44.88754922404148,34.69790155191704,40.842,tempo,0.19107628277730954,0.17532015899697406,96,24.0,3.396549224041479
DOT,2021-05-11 00:00:00+00:00,2021-05-11 00:00:00+00:00,2021-05-12 00:00:00+00:00,1,36.479,31.40068893532643,46.63562212934714,38.665,tempo,0.43045807398576796,0.4208399943963209,96,24.0,5.078311064673571
DOT,2021-05-12 16:00:00+00:00,2021-05-12 16:00:00+00:00,2021-05-13 00:15:00+00:00,-1,39.868,43.08213721452909,33.439725570941825,33.439725570941825,alvo,2.0,1.9851748639088225,33,8.25,3.2141372145290887
DOT,2021-05-17 08:00:00+00:00,2021-05-17 08:00:00+00:00,2021-05-18 08:00:00+00:00,1,40.017,34.29849045640814,51.45401908718373,40.716,tempo,0.12223464779966911,0.11305805211508119,96,24.0,5.718509543591864
DOT,2021-05-22 00:00:00+00:00,2021-05-22 00:00:00+00:00,2021-05-23 00:00:00+00:00,1,24.389,19.07744314400628,35.01211371198744,22.052,tempo,-0.43998399402669663,-0.44566719592369536,96,24.0,5.311556855993718
DOT,2021-05-23 20:00:00+00:00,2021-05-23 20:00:00+00:00,2021-05-24 20:00:00+00:00,1,16.274,12.881429716226755,23.059140567546493,23.059140567546493,alvo,2.0,1.9924639611768131,96,24.0,3.392570283773246
DOT,2021-06-04 16:00:00+00:00,2021-06-04 16:00:00+00:00,2021-06-05 16:00:00+00:00,1,24.721,23.218408785105016,27.72618242978997,24.323,tempo,-0.2648757666454318,-0.2860915169333289,96,24.0,1.5025912148949843
DOT,2021-06-16 20:00:00+00:00,2021-06-16 20:00:00+00:00,2021-06-17 18:45:00+00:00,1,23.195,22.18308821113067,25.21882357773866,22.18308821113067,stop,-1.0,-1.0291485460113003,91,22.75,1.0119117888693303
DOT,2021-06-20 16:00:00+00:00,2021-06-20 16:00:00+00:00,2021-06-21 06:45:00+00:00,1,19.864,18.663476815645385,22.265046368709232,18.663476815645385,stop,-1.0,-1.020859955273277,59,14.75,1.2005231843546156
DOT,2021-07-07 16:00:00+00:00,2021-07-07 16:00:00+00:00,2021-07-07 19:00:00+00:00,-1,16.822,17.455259893625012,15.555480212749973,17.455259893625012,stop,-1.0,-1.035183372822359,12,3.0,0.6332598936250129
DOT,2021-07-08 12:00:00+00:00,2021-07-08 12:00:00+00:00,2021-07-08 23:00:00+00:00,1,15.59,14.980349605541639,16.809300788916723,14.980349605541639,stop,-1.0,-1.0325936428881606,44,11.0,0.6096503944583613
DOT,2021-07-20 12:00:00+00:00,2021-07-20 12:00:00+00:00,2021-07-21 10:15:00+00:00,1,10.779,10.243025377466717,11.850949245066566,11.850949245066566,alvo,2.0,1.9725556651548743,89,22.25,0.5359746225332831
DOT,2021-07-24 20:00:00+00:00,2021-07-24 20:00:00+00:00,2021-07-25 20:00:00+00:00,-1,13.545,14.176347699775222,12.282304600449555,13.352,tempo,0.30569526121456214,0.27800362631001674,96,24.0,0.6313476997752225
DOT,2021-07-26 08:00:00+00:00,2021-07-26 08:00:00+00:00,2021-07-27 08:00:00+00:00,-1,14.643,15.404146341080185,13.120707317839631,13.612,tempo,1.3545358419996498,1.3304067763932435,96,24.0,0.7611463410801846
DOT,2021-07-31 20:00:00+00:00,2021-07-31 20:00:00+00:00,2021-07-31 21:00:00+00:00,-1,16.411,16.81206000766421,15.608879984671582,16.81206000766421,stop,-1.0,-1.0538447828063233,4,1.0,0.4010600076642099
DOT,2021-08-07 08:00:00+00:00,2021-08-07 08:00:00+00:00,2021-08-07 12:30:00+00:00,-1,20.86,21.635694686980592,19.308610626038814,21.635694686980592,stop,-1.0,-1.0356096309671237,18,4.5,0.775694686980593
DOT,2021-08-07 16:00:00+00:00,2021-08-07 16:00:00+00:00,2021-08-08 16:00:00+00:00,-1,20.709,21.916004265534443,18.294991468931112,19.999,tempo,0.588233215303198,0.5663110061150775,96,24.0,1.2070042655344437
DOT,2021-08-16 20:00:00+00:00,2021-08-16 20:00:00+00:00,2021-08-17 02:00:00+00:00,-1,24.726,26.032677885950537,22.112644228098922,26.032677885950537,stop,-1.0,-1.025249635721712,24,6.0,1.3066778859505384
DOT,2021-08-18 04:00:00+00:00,2021-08-18 04:00:00+00:00,2021-08-19 04:00:00+00:00,1,23.915,21.99004331438666,27.764913371226676,23.707,tempo,-0.10805437938138567,-0.12413489705294938,96,24.0,1.9249566856133384
DOT,2021-09-01 04:00:00+00:00,2021-09-01 04:00:00+00:00,2021-09-01 19:30:00+00:00,-1,30.178,32.63357292269232,25.266854154615356,32.63357292269232,stop,-1.0,-1.016626475240241,62,15.5,2.4555729226923226
DOT,2021-09-03 20:00:00+00:00,2021-09-03 20:00:00+00:00,2021-09-04 17:15:00+00:00,-1,33.753,34.41648767615628,32.42602464768744,32.42602464768744,alvo,2.0,1.9351662923564767,85,21.25,0.6634876761562793
DOT,2021-09-06 12:00:00+00:00,2021-09-06 12:00:00+00:00,2021-09-07 05:00:00+00:00,-1,34.023,35.413327602158084,31.24234479568384,35.413327602158084,stop,-1.0,-1.0324625741957119,68,17.0,1.3903276021580808
DOT,2021-09-13 04:00:00+00:00,2021-09-13 04:00:00+00:00,2021-09-14 04:00:00+00:00,-1,34.735,38.65692075381512,26.891158492369755,35.206,tempo,-0.12009421647335161,-0.1316858963806461,96,24.0,3.9219207538151224
DOT,2021-09-22 00:00:00+00:00,2021-09-22 00:00:00+00:00,2021-09-22 13:30:00+00:00,1,26.371,24.970255575567684,29.172488848864628,29.172488848864628,alvo,2.0,1.9742256566422574,54,13.5,1.4007444244323146
DOT,2021-09-26 12:00:00+00:00,2021-09-26 12:00:00+00:00,2021-09-27 12:00:00+00:00,1,29.15,26.30760883146634,34.83478233706732,29.199,tempo,0.017239006559847038,0.0038957164385349137,96,24.0,2.842391168533659
DOT,2021-10-12 16:00:00+00:00,2021-10-12 16:00:00+00:00,2021-10-13 16:00:00+00:00,1,33.881,31.697506873366034,38.24798625326793,34.858,tempo,0.447448168296331,0.4269853834791979,96,24.0,2.183493126633966
DOT,2021-11-04 16:00:00+00:00,2021-11-04 16:00:00+00:00,2021-11-05 16:00:00+00:00,-1,52.967,55.734659483565906,47.431681032868184,50.975,tempo,0.7197417210564737,0.6953303726224708,96,24.0,2.7676594835659074
DOT,2021-11-10 16:00:00+00:00,2021-11-10 16:00:00+00:00,2021-11-10 20:00:00+00:00,1,51.282,49.67342508395578,54.499149832088435,49.67342508395578,stop,-1.0,-1.040794510501224,16,4.0,1.608574916044219
DOT,2021-11-16 08:00:00+00:00,2021-11-16 08:00:00+00:00,2021-11-16 10:15:00+00:00,1,42.287,40.31844022115685,46.2241195576863,40.31844022115685,stop,-1.0,-1.027275542617916,9,2.25,1.9685597788431508
DOT,2021-11-16 12:00:00+00:00,2021-11-16 12:00:00+00:00,2021-11-17 12:00:00+00:00,1,41.24,36.993043163173176,49.73391367365365,41.89,tempo,0.15305076669572545,0.14032765646030979,96,24.0,4.246956836826826
DOT,2021-11-18 20:00:00+00:00,2021-11-18 20:00:00+00:00,2021-11-19 20:00:00+00:00,1,39.938,36.99379117264733,45.82641765470535,41.67,tempo,0.5882734892678623,0.5702566966045184,96,24.0,2.944208827352675
DOT,2021-11-28 20:00:00+00:00,2021-11-28 20:00:00+00:00,2021-11-29 17:30:00+00:00,1,33.552,31.811135745062938,37.03372850987412,37.03372850987412,alvo,2.0,1.9736448586377133,86,21.5,1.7408642549370619
DOT,2021-12-04 00:00:00+00:00,2021-12-04 00:00:00+00:00,2021-12-04 04:00:00+00:00,1,33.684,32.04191052679578,36.96817894640843,32.04191052679578,stop,-1.0,-1.0260167564189142,16,4.0,1.6420894732042157
DOT,2021-12-06 12:00:00+00:00,2021-12-06 12:00:00+00:00,2021-12-07 12:00:00+00:00,1,26.293,24.375561410487986,30.127877179024026,29.806,tempo,1.8321316881882814,1.8131144689670493,96,24.0,1.9174385895120132
DOT,2021-12-17 16:00:00+00:00,2021-12-17 16:00:00+00:00,2021-12-18 16:00:00+00:00,1,24.952,23.87646952264965,27.103060954700705,25.238,tempo,0.2659152911264586,0.23558281735001074,96,24.0,1.0755304773503518
DOT,2021-12-28 16:00:00+00:00,2021-12-28 16:00:00+00:00,2021-12-28 17:45:00+00:00,1,29.431,28.26443469688513,31.764130606229745,28.26443469688513,stop,-1.0,-1.0321473923944424,7,1.75,1.1665653031148722
DOT,2021-12-29 16:00:00+00:00,2021-12-29 16:00:00+00:00,2021-12-29 23:30:00+00:00,1,28.728,26.69935923146115,32.78528153707771,26.69935923146115,stop,-1.0,-1.0177595679132483,30,7.5,2.0286407685388532
DOT,2022-01-03 16:00:00+00:00,2022-01-03 16:00:00+00:00,2022-01-04 16:00:00+00:00,-1,30.143,31.119991084996084,28.189017830007835,29.734,tempo,0.41863227442002576,0.3787956263710254,96,24.0,0.976991084996083
DOT,2022-01-10 16:00:00+00:00,2022-01-10 16:00:00+00:00,2022-01-11 16:00:00+00:00,1,23.275,22.08142500800097,25.662149983998056,24.772,tempo,1.2542152860397884,1.2280497327990203,96,24.0,1.1935749919990286
DOT,2022-01-13 04:00:00+00:00,2022-01-13 04:00:00+00:00,2022-01-14 04:00:00+00:00,-1,26.587,27.887882169969572,23.985235660060855,27.282,tempo,-0.5342528447570747,-0.561169079607783,96,24.0,1.3008821699695723
DOT,2022-01-21 16:00:00+00:00,2022-01-21 16:00:00+00:00,2022-01-21 21:45:00+00:00,1,22.08,20.76170977293713,24.716580454125733,20.76170977293713,stop,-1.0,-1.0211236575836962,23,5.75,1.3182902270628674
DOT,2022-01-22 12:00:00+00:00,2022-01-22 12:00:00+00:00,2022-01-23 12:00:00+00:00,1,18.406,15.654270570786933,23.90945885842613,18.602,tempo,0.07122793321146156,0.062486085359480255,96,24.0,2.751729429213066
DOT,2022-01-24 16:00:00+00:00,2022-01-24 16:00:00+00:00,2022-01-25 16:00:00+00:00,1,16.994,15.501467637204122,19.979064725591755,18.492,tempo,1.003663329077757,0.9882091248172933,96,24.0,1.4925323627958775
DOT,2022-02-12 08:00:00+00:00,2022-02-12 08:00:00+00:00,2022-02-13 08:00:00+00:00,1,18.678,18.053034692324527,19.92793061535095,19.074,tempo,0.6336351716432105,0.5943709121737196,96,24.0,0.624965307675474
DOT,2022-02-17 12:00:00+00:00,2022-02-17 12:00:00+00:00,2022-02-17 13:30:00+00:00,1,19.101,18.754867210442317,19.793265579115364,18.754867210442317,stop,-1.0,-1.0710892305760211,6,1.5,0.34613278955768223
DOT,2022-02-18 00:00:00+00:00,2022-02-18 00:00:00+00:00,2022-02-18 14:45:00+00:00,1,18.144,17.608585823168255,19.214828353663485,17.608585823168255,stop,-1.0,-1.0434041192606718,59,14.75,0.5354141768317433
DOT,2022-02-18 16:00:00+00:00,2022-02-18 16:00:00+00:00,2022-02-19 11:45:00+00:00,1,17.849,17.421672592846125,18.70365481430775,17.421672592846125,stop,-1.0,-1.05364958296975,79,19.75,0.42732740715387507
DOT,2022-03-04 12:00:00+00:00,2022-03-04 12:00:00+00:00,2022-03-04 19:15:00+00:00,1,17.421,16.811919367887302,18.639161264225393,16.811919367887302,stop,-1.0,-1.036532761700112,29,7.25,0.6090806321126969
DOT,2022-03-16 04:00:00+00:00,2022-03-16 04:00:00+00:00,2022-03-16 20:30:00+00:00,-1,17.954,18.80404885998654,16.25390228002692,18.80404885998654,stop,-1.0,-1.028107480503379,66,16.5,0.8500488599865399
DOT,2022-03-23 04:00:00+00:00,2022-03-23 04:00:00+00:00,2022-03-23 15:45:00+00:00,-1,20.252,20.879944171765533,18.99611165646893,20.879944171765533,stop,-1.0,-1.0425766571516653,47,11.75,0.6279441717655345
DOT,2022-03-30 20:00:00+00:00,2022-03-30 20:00:00+00:00,2022-03-31 20:00:00+00:00,-1,22.256,23.16860447803984,20.430791043920323,21.296,tempo,1.051934351737964,1.020914560929131,96,24.0,0.9126044780398388
DOT,2022-04-02 16:00:00+00:00,2022-04-02 16:00:00+00:00,2022-04-03 16:00:00+00:00,-1,22.751,24.037421204615942,20.17815759076812,23.069,tempo,-0.24719741781226023,-0.27034924389623066,96,24.0,1.286421204615941
DOT,2022-04-06 20:00:00+00:00,2022-04-06 20:00:00+00:00,2022-04-07 01:00:00+00:00,1,20.326,19.49427343419319,21.989453131613622,19.49427343419319,stop,-1.0,-1.0311198160505042,20,5.0,0.8317265658068109
DOT,2022-04-23 08:00:00+00:00,2022-04-23 08:00:00+00:00,2022-04-24 08:00:00+00:00,1,18.36,17.83535709752199,19.40928580495602,18.921,tempo,1.0692987503505076,1.023109904784231,96,24.0,0.5246429024780106
DOT,2022-05-05 20:00:00+00:00,2022-05-05 20:00:00+00:00,2022-05-06 13:45:00+00:00,1,14.433,13.819906864035353,15.659186271929293,13.819906864035353,stop,-1.0,-1.0299536699798935,71,17.75,0.6130931359646468
DOT,2022-05-12 08:00:00+00:00,2022-05-12 08:00:00+00:00,2022-05-13 08:00:00+00:00,1,8.063,6.918096681896711,10.35280663620658,9.971,tempo,1.6665162637146498,1.6562777572707874,96,24.0,1.1449033181032897
DOT,2022-05-24 16:00:00+00:00,2022-05-24 16:00:00+00:00,2022-05-25 16:00:00+00:00,1,9.973,9.456011230782625,11.006977538434752,9.925,tempo,-0.09284534376377862,-0.11786271506872825,96,24.0,0.5169887692173756
DOT,2022-05-27 08:00:00+00:00,2022-05-27 08:00:00+00:00,2022-05-27 10:15:00+00:00,1,8.847,8.44306503939652,9.654869921206958,9.654869921206958,alvo,2.0,1.9702273469203622,9,2.25,0.403934960603479
DOT,2022-05-31 00:00:00+00:00,2022-05-31 00:00:00+00:00,2022-06-01 00:00:00+00:00,-1,10.459,10.88381513657065,9.609369726858699,10.346,tempo,0.26599805485322353,0.23416479648779107,96,24.0,0.4248151365706505
DOT,2022-06-15 04:00:00+00:00,2022-06-15 04:00:00+00:00,2022-06-15 19:45:00+00:00,-1,7.398,7.803409571341781,6.5871808573164365,7.803409571341781,stop,-1.0,-1.024372676226339,63,15.75,0.40540957134178157
DOT,2022-06-19 00:00:00+00:00,2022-06-19 00:00:00+00:00,2022-06-20 00:00:00+00:00,1,7.044,6.359783696263185,8.41243260747363,7.511,tempo,0.682532698284888,0.668705565040137,96,24.0,0.6842163037368145
DOT,2022-06-26 16:00:00+00:00,2022-06-26 16:00:00+00:00,2022-06-27 16:00:00+00:00,-1,8.118,8.554366049381148,7.245267901237705,7.94,tempo,0.40791441096858644,0.38399481407326724,96,24.0,0.43636604938114765
DOT,2022-06-29 16:00:00+00:00,2022-06-29 16:00:00+00:00,2022-06-30 00:45:00+00:00,1,7.184,6.939316237615657,7.673367524768687,6.939316237615657,stop,-1.0,-1.0375184502027976,35,8.75,0.24468376238434342
DOT,2022-06-30 16:00:00+00:00,2022-06-30 16:00:00+00:00,2022-07-01 05:45:00+00:00,1,6.825,6.55966989231803,7.355660215363941,6.55966989231803,stop,-1.0,-1.0327894768747268,55,13.75,0.2653301076819705
DOT,2022-07-13 04:00:00+00:00,2022-07-13 04:00:00+00:00,2022-07-13 12:45:00+00:00,1,6.358,6.170985527720383,6.732028944559233,6.170985527720383,stop,-1.0,-1.0435465795440788,35,8.75,0.18701447227961676
DOT,2022-07-13 16:00:00+00:00,2022-07-13 16:00:00+00:00,2022-07-14 16:00:00+00:00,1,6.231,5.883644320190723,6.925711359618553,6.53,tempo,0.8607891489327968,0.8369097351729459,96,24.0,0.34735567980927673
DOT,2022-07-16 00:00:00+00:00,2022-07-16 00:00:00+00:00,2022-07-16 16:45:00+00:00,-1,6.791,7.04025162376453,6.2924967524709405,7.04025162376453,stop,-1.0,-1.0360692276329568,67,16.75,0.24925162376452992
DOT,2022-07-19 04:00:00+00:00,2022-07-19 04:00:00+00:00,2022-07-20 04:00:00+00:00,-1,7.598,8.072917094707302,6.648165810585396,7.888,tempo,-0.6106328941027719,-0.6318279618570791,96,24.0,0.47491709470730203
DOT,2022-07-20 08:00:00+00:00,2022-07-20 08:00:00+00:00,2022-07-21 08:00:00+00:00,-1,7.814,8.151786655157123,7.138426689685755,7.353,tempo,1.3647667631676108,1.3355810335081184,96,24.0,0.3377866551571227
DOT,2022-07-28 04:00:00+00:00,2022-07-28 04:00:00+00:00,2022-07-28 20:45:00+00:00,-1,7.703,8.003921738135315,7.1011565237293715,8.003921738135315,stop,-1.0,-1.0339274231002782,67,16.75,0.3009217381353144
DOT,2022-07-29 08:00:00+00:00,2022-07-29 08:00:00+00:00,2022-07-29 14:45:00+00:00,-1,7.991,8.32562364836192,7.321752703276157,8.32562364836192,stop,-1.0,-1.0316947275643957,27,6.75,0.33462364836192116
DOT,2022-07-30 00:00:00+00:00,2022-07-30 00:00:00+00:00,2022-07-30 07:30:00+00:00,-1,8.179,8.511904311175599,7.513191377648804,8.511904311175599,stop,-1.0,-1.0325892078836478,30,7.5,0.33290431117559827
DOT,2022-08-01 00:00:00+00:00,2022-08-01 00:00:00+00:00,2022-08-02 00:00:00+00:00,-1,8.616,9.305415288411988,7.237169423176024,8.173,tempo,0.6425735075014279,0.6267443691236921,96,24.0,0.689415288411988
DOT,2022-08-05 20:00:00+00:00,2022-08-05 20:00:00+00:00,2022-08-05 22:45:00+00:00,-1,8.509,8.740393145658834,8.046213708682334,8.740393145658834,stop,-1.0,-1.048454786820736,11,2.75,0.23139314565883318
DOT,2022-08-09 04:00:00+00:00,2022-08-09 04:00:00+00:00,2022-08-10 04:00:00+00:00,-1,9.197,9.544439915517952,8.502120168964094,8.61,tempo,1.6895007561952644,1.6561869385161845,96,24.0,0.3474399155179526
DOT,2022-09-02 20:00:00+00:00,2022-09-02 20:00:00+00:00,2022-09-03 20:00:00+00:00,-1,7.303,7.610079547032046,6.6888409059359075,7.241,tempo,0.20190208237323629,0.17111657389059728,96,24.0,0.3070795470320462
DOT,2022-09-05 00:00:00+00:00,2022-09-05 00:00:00+00:00,2022-09-05 01:00:00+00:00,-1,7.369,7.454583349671299,7.1978333006574005,7.454583349671299,stop,-1.0,-1.1125841558468184,4,1.0,0.08558334967129966
DOT,2022-09-06 04:00:00+00:00,2022-09-06 04:00:00+00:00,2022-09-06 17:30:00+00:00,-1,7.525,7.72099540455531,7.13300919088938,7.13300919088938,alvo,2.0,1.9513881154729351,54,13.5,0.19599540455531006
DOT,2022-09-07 00:00:00+00:00,2022-09-07 00:00:00+00:00,2022-09-07 02:30:00+00:00,1,6.872,6.742784351359658,7.130431297280683,6.742784351359658,stop,-1.0,-1.068487136979947,10,2.5,0.12921564864034174
DOT,2022-09-07 04:00:00+00:00,2022-09-07 04:00:00+00:00,2022-09-07 20:30:00+00:00,1,6.87,6.67927898165304,7.251442036693921,7.251442036693921,alvo,2.0,1.9518724396324652,66,16.5,0.1907210183469603
DOT,2022-09-12 16:00:00+00:00,2022-09-12 16:00:00+00:00,2022-09-13 16:00:00+00:00,-1,7.708,8.108533706368522,6.906932587262956,7.227,tempo,1.2008976831464029,1.176660646798036,96,24.0,0.40053370636852215
DOT,2022-09-15 08:00:00+00:00,2022-09-15 08:00:00+00:00,2022-09-16 00:30:00+00:00,1,7.164,6.862582220531576,7.766835558936847,6.862582220531576,stop,-1.0,-1.0302479782693132,66,16.5,0.30141777946842385
DOT,2022-09-22 00:00:00+00:00,2022-09-22 00:00:00+00:00,2022-09-23 00:00:00+00:00,1,6.119,5.896755061573706,6.563489876852588,6.441,tempo,1.448851894131165,1.4121176492128829,96,24.0,0.2222449384262939
DOT,2022-09-23 04:00:00+00:00,2022-09-23 04:00:00+00:00,2022-09-23 11:45:00+00:00,-1,6.553,6.697344660541635,6.26431067891673,6.26431067891673,alvo,2.0,1.9422822298377098,31,7.75,0.14434466054163497
DOT,2022-10-13 16:00:00+00:00,2022-10-13 16:00:00+00:00,2022-10-14 16:00:00+00:00,1,6.003,5.526541526596104,6.9559169468077915,6.106,tempo,0.21617833609748033,0.19965884816861765,96,24.0,0.4764584734038957
DOT,2022-10-21 12:00:00+00:00,2022-10-21 12:00:00+00:00,2022-10-22 12:00:00+00:00,1,5.817,5.688335848308577,6.074328303382847,5.842,tempo,0.19430431609231144,0.13540407153798345,96,24.0,0.12866415169142353
DOT,2022-10-27 08:00:00+00:00,2022-10-27 08:00:00+00:00,2022-10-28 08:00:00+00:00,-1,6.518,6.674088330114113,6.205823339771773,6.362,tempo,0.9994341017419489,0.9457978049484642,96,24.0,0.15608833011411338
DOT,2022-10-29 20:00:00+00:00,2022-10-29 20:00:00+00:00,2022-10-30 20:00:00+00:00,-1,6.671,6.812795971037381,6.3874080579252395,6.607,tempo,0.4513527396566741,0.3904857069980045,96,24.0,0.1417959710373804
DOT,2022-11-04 16:00:00+00:00,2022-11-04 16:00:00+00:00,2022-11-04 22:45:00+00:00,-1,6.742,7.012187811583426,6.201624376833148,7.012187811583426,stop,-1.0,-1.0330889170208506,27,6.75,0.2701878115834262
DOT,2022-11-23 12:00:00+00:00,2022-11-23 12:00:00+00:00,2022-11-24 07:15:00+00:00,-1,5.388,5.509402223728643,5.145195552542713,5.509402223728643,stop,-1.0,-1.058345813016211,77,19.25,0.1214022237286434
DOT,2022-11-30 04:00:00+00:00,2022-11-30 04:00:00+00:00,2022-12-01 04:00:00+00:00,-1,5.349,5.5361813059374665,4.974637388125068,5.43,tempo,-0.4327355212868323,-0.47016634251606704,96,24.0,0.1871813059374663
DOT,2022-12-13 16:00:00+00:00,2022-12-13 16:00:00+00:00,2022-12-14 16:00:00+00:00,-1,5.261,5.37011392819307,5.042772143613861,5.34,tempo,-0.7240138936269855,-0.7871648599069957,96,24.0,0.10911392819306975
DOT,2022-12-14 16:00:00+00:00,2022-12-14 16:00:00+00:00,2022-12-14 18:15:00+00:00,-1,5.34,5.3663419083256,5.2873161833488,5.2873161833488,alvo,2.0,1.7377655622442694,9,2.25,0.026341908325600016
DOT,2022-12-14 20:00:00+00:00,2022-12-14 20:00:00+00:00,2022-12-15 20:00:00+00:00,-1,5.208,5.381299738225934,4.861400523548133,5.213,tempo,-0.028851745831729468,-0.06793807146234915,96,24.0,0.1732997382259338
DOT,2022-12-29 04:00:00+00:00,2022-12-29 04:00:00+00:00,2022-12-30 04:00:00+00:00,1,4.304,4.198055101713501,4.515889796572999,4.294,tempo,-0.09438868847613943,-0.1471396948047959,96,24.0,0.10594489828649944
DOT,2023-01-03 08:00:00+00:00,2023-01-03 08:00:00+00:00,2023-01-04 01:15:00+00:00,-1,4.508,4.556805860077309,4.410388279845383,4.556805860077309,stop,-1.0,-1.1207257448125512,69,17.25,0.048805860077308694
DOT,2023-01-12 16:00:00+00:00,2023-01-12 16:00:00+00:00,2023-01-12 18:00:00+00:00,-1,5.068,5.212652617717649,4.778694764564701,5.212652617717649,stop,-1.0,-1.0461963586069354,8,2.0,0.14465261771764926
DOT,2023-01-16 16:00:00+00:00,2023-01-16 16:00:00+00:00,2023-01-17 15:30:00+00:00,1,5.76,5.548916606069569,6.1821667878608615,6.1821667878608615,alvo,2.0,1.9632258688494089,94,23.5,0.21108339393043085
DOT,2023-02-13 00:00:00+00:00,2023-02-13 00:00:00+00:00,2023-02-13 09:30:00+00:00,1,6.175,6.031277563694396,6.462444872611207,6.031277563694396,stop,-1.0,-1.055204188158422,38,9.5,0.14372243630560355
DOT,2023-02-17 08:00:00+00:00,2023-02-17 08:00:00+00:00,2023-02-17 15:15:00+00:00,-1,6.644,6.873079160167762,6.185841679664476,6.873079160167762,stop,-1.0,-1.0383539971408777,29,7.25,0.2290791601677622
DOT,2023-02-19 08:00:00+00:00,2023-02-19 08:00:00+00:00,2023-02-19 11:30:00+00:00,-1,7.399,7.611740617381388,6.973518765237224,7.611740617381388,stop,-1.0,-1.0458632748245071,14,3.5,0.21274061738138794
DOT,2023-02-22 04:00:00+00:00,2023-02-22 04:00:00+00:00,2023-02-22 08:45:00+00:00,1,7.197,6.981617807783297,7.627764384433406,6.981617807783297,stop,-1.0,-1.0427895244272867,19,4.75,0.21538219221670296
DOT,2023-02-27 16:00:00+00:00,2023-02-27 16:00:00+00:00,2023-02-28 08:00:00+00:00,-1,6.689,6.810068654385451,6.446862691229098,6.446862691229098,alvo,2.0,1.9294754633836504,64,16.0,0.12106865438545089
DOT,2023-03-08 16:00:00+00:00,2023-03-08 16:00:00+00:00,2023-03-08 23:00:00+00:00,1,5.677,5.5062284957401095,6.01854300851978,5.5062284957401095,stop,-1.0,-1.042566226454084,28,7.0,0.17077150425989007
DOT,2023-03-09 00:00:00+00:00,2023-03-09 00:00:00+00:00,2023-03-09 20:15:00+00:00,1,5.594,5.450115099341017,5.881769801317968,5.450115099341017,stop,-1.0,-1.0498917869887234,81,20.25,0.14388490065898374
DOT,2023-03-10 12:00:00+00:00,2023-03-10 12:00:00+00:00,2023-03-11 02:00:00+00:00,1,5.284,5.095212895992965,5.661574208014069,5.661574208014069,alvo,2.0,1.9623140400790087,56,14.0,0.18878710400703458
DOT,2023-04-11 16:00:00+00:00,2023-04-11 16:00:00+00:00,2023-04-12 02:15:00+00:00,-1,6.437,6.503658414791179,6.303683170417643,6.303683170417643,alvo,2.0,1.8757629612598077,41,10.25,0.06665841479117862
DOT,2023-04-15 20:00:00+00:00,2023-04-15 20:00:00+00:00,2023-04-16 20:00:00+00:00,-1,6.787,6.909085717180309,6.542828565639382,6.806,tempo,-0.1556283604570952,-0.2279992340044969,96,24.0,0.12208571718030914
DOT,2023-04-16 20:00:00+00:00,2023-04-16 20:00:00+00:00,2023-04-17 20:00:00+00:00,-1,6.806,6.9125954445863,6.5928091108274005,6.705,tempo,0.9475076574987245,0.8651199904264233,96,24.0,0.10659544458629977
DOT,2023-04-18 04:00:00+00:00,2023-04-18 04:00:00+00:00,2023-04-19 04:00:00+00:00,1,6.718,6.525171006050784,7.103657987898432,6.847,tempo,0.6689865323571329,0.6232607842763119,96,24.0,0.19282899394921582
DOT,2023-04-26 04:00:00+00:00,2023-04-26 04:00:00+00:00,2023-04-26 09:00:00+00:00,-1,5.991,6.0692732320822325,5.834453535835534,6.0692732320822325,stop,-1.0,-1.100151448871023,20,5.0,0.0782732320822328
DOT,2023-04-27 00:00:00+00:00,2023-04-27 00:00:00+00:00,2023-04-28 00:00:00+00:00,1,5.845,5.5378930801346264,6.459213839730746,5.966,tempo,0.39399958832918286,0.36900129130817977,96,24.0,0.3071069198653733
DOT,2023-05-03 16:00:00+00:00,2023-05-03 16:00:00+00:00,2023-05-03 21:30:00+00:00,1,5.6,5.52786790443974,5.74426419112052,5.74426419112052,alvo,2.0,1.8977740537418852,22,5.5,0.07213209556026001
DOT,2023-05-12 20:00:00+00:00,2023-05-12 20:00:00+00:00,2023-05-13 20:00:00+00:00,1,5.248,5.071976511499518,5.600046977000965,5.344,tempo,0.5453817602287601,0.5062687983243542,96,24.0,0.17602348850048255
DOT,2023-05-15 04:00:00+00:00,2023-05-15 04:00:00+00:00,2023-05-16 01:30:00+00:00,1,5.384,5.239890814890208,5.672218370219586,5.239890814890208,stop,-1.0,-1.0479187292913876,86,21.5,0.14410918510979265
DOT,2023-05-25 04:00:00+00:00,2023-05-25 04:00:00+00:00,2023-05-26 04:00:00+00:00,1,5.236,5.113541293008748,5.480917413982504,5.215,tempo,-0.17148637704871442,-0.22695936191768962,96,24.0,0.12245870699125216
DOT,2023-06-04 04:00:00+00:00,2023-06-04 04:00:00+00:00,2023-06-05 04:00:00+00:00,-1,5.336,5.399117511075395,5.209764977849211,5.262,tempo,1.1724163190086336,1.0632754501335702,96,24.0,0.06311751107539454
DOT,2023-06-05 20:00:00+00:00,2023-06-05 20:00:00+00:00,2023-06-06 20:00:00+00:00,1,5.047,4.824052859656279,5.492894280687442,5.248,tempo,0.9015589959580359,0.871544033713249,96,24.0,0.2229471403437211
DOT,2023-06-09 04:00:00+00:00,2023-06-09 04:00:00+00:00,2023-06-09 20:00:00+00:00,1,5.005,4.93095100951158,5.153097980976839,4.93095100951158,stop,-1.0,-1.0872175044329948,64,16.0,0.07404899048841962
DOT,2023-06-13 16:00:00+00:00,2023-06-13 16:00:00+00:00,2023-06-14 16:00:00+00:00,-1,4.554,4.74171899613304,4.178562007733921,4.669,tempo,-0.6126178083676571,-0.6445535747178632,96,24.0,0.18771899613303944
DOT,2023-06-29 16:00:00+00:00,2023-06-29 16:00:00+00:00,2023-06-30 16:00:00+00:00,-1,5.022,5.261884347862866,4.542231304274269,4.969,tempo,0.2209398006671881,0.19386779677090846,96,24.0,0.2398843478628656
DOT,2023-07-07 04:00:00+00:00,2023-07-07 04:00:00+00:00,2023-07-08 04:00:00+00:00,1,5.088,4.9412375316759745,5.381524936648051,5.133,tempo,0.306617901115208,0.261349856254229,96,24.0,0.14676246832402562
DOT,2023-07-14 00:00:00+00:00,2023-07-14 00:00:00+00:00,2023-07-14 00:15:00+00:00,-1,5.544,5.582405170668798,5.467189658662403,5.582405170668798,stop,-1.0,-1.1883122307489287,1,0.25,0.03840517066879823
DOT,2023-07-17 12:00:00+00:00,2023-07-17 12:00:00+00:00,2023-07-18 12:00:00+00:00,1,5.266,5.132980197162837,5.532039605674326,5.186,tempo,-0.6014142127238947,-0.6524878112039396,96,24.0,0.13301980283716297
DOT,2023-07-31 00:00:00+00:00,2023-07-31 00:00:00+00:00,2023-07-31 20:00:00+00:00,1,5.181,5.060929593763266,5.421140812473468,5.060929593763266,stop,-1.0,-1.0554445882594958,80,20.0,0.12007040623673415
DOT,2023-08-03 12:00:00+00:00,2023-08-03 12:00:00+00:00,2023-08-03 22:15:00+00:00,1,5.026,4.958621457106644,5.160757085786711,4.958621457106644,stop,-1.0,-1.096321524159278,41,10.25,0.06737854289335576
DOT,2023-08-07 20:00:00+00:00,2023-08-07 20:00:00+00:00,2023-08-08 20:00:00+00:00,1,4.949,4.790527258350311,5.265945483299378,5.047,tempo,0.6184028810243798,0.5774027700124633,96,24.0,0.15847274164968894
DOT,2023-08-14 04:00:00+00:00,2023-08-14 04:00:00+00:00,2023-08-15 04:00:00+00:00,1,5.003,4.934774341715493,5.139451316569014,4.972,tempo,-0.4543745092312194,-0.5494084035611533,96,24.0,0.06822565828450688
DOT,2023-08-29 04:00:00+00:00,2023-08-29 04:00:00+00:00,2023-08-29 14:30:00+00:00,-1,4.599,4.696810081155913,4.403379837688174,4.696810081155913,stop,-1.0,-1.0617756010560888,42,10.5,0.09781008115591305
DOT,2023-09-11 20:00:00+00:00,2023-09-11 20:00:00+00:00,2023-09-12 03:30:00+00:00,1,3.934,3.881040001732048,4.039919996535905,4.039919996535905,alvo,2.0,1.902132776297979,30,7.5,0.05295999826795228
DOT,2023-09-18 04:00:00+00:00,2023-09-18 04:00:00+00:00,2023-09-19 04:00:00+00:00,1,4.12,3.983440230029588,4.393119539940824,4.107,tempo,-0.09519641108663682,-0.13435545478712518,96,24.0,0.13655976997041197
DOT,2023-09-22 04:00:00+00:00,2023-09-22 04:00:00+00:00,2023-09-23 04:00:00+00:00,1,4.02,3.958016659394422,4.143966681211155,4.004,tempo,-0.25813387667847376,-0.3422790671287391,96,24.0,0.06198334060557764
DOT,2023-09-25 12:00:00+00:00,2023-09-25 12:00:00+00:00,2023-09-25 16:15:00+00:00,-1,4.028,4.08192134694999,3.920157306100019,4.08192134694999,stop,-1.0,-1.0977618174191108,17,4.25,0.0539213469499904
DOT,2023-10-02 08:00:00+00:00,2023-10-02 08:00:00+00:00,2023-10-02 13:45:00+00:00,-1,4.275,4.303083632215903,4.218832735568196,4.218832735568196,alvo,2.0,1.803408931021641,23,5.75,0.028083632215902377
DOT,2023-10-02 20:00:00+00:00,2023-10-02 20:00:00+00:00,2023-10-03 20:00:00+00:00,1,4.154,3.990466247583931,4.481067504832137,4.063,tempo,-0.5564600497178991,-0.5891202799216988,96,24.0,0.1635337524160687
DOT,2023-10-09 20:00:00+00:00,2023-10-09 20:00:00+00:00,2023-10-10 20:00:00+00:00,1,3.852,3.719757798209106,4.116484403581788,3.814,tempo,-0.2873515374470757,-0.32503164207720836,96,24.0,0.13224220179089397
DOT,2023-10-14 00:00:00+00:00,2023-10-14 00:00:00+00:00,2023-10-15 00:00:00+00:00,-1,3.717,3.7986950428246953,3.5536099143506097,3.731,tempo,-0.17136902700499962,-0.23062843654332937,96,24.0,0.0816950428246952
DOT,2023-10-16 16:00:00+00:00,2023-10-16 16:00:00+00:00,2023-10-17 16:00:00+00:00,-1,3.759,3.9159619426677073,3.445076114664585,3.694,tempo,0.4141131212781094,0.3832492703492519,96,24.0,0.15696194266770735
DOT,2023-10-23 08:00:00+00:00,2023-10-23 08:00:00+00:00,2023-10-23 16:00:00+00:00,-1,3.964,4.077404501150957,3.7371909976980864,4.077404501150957,stop,-1.0,-1.0460908771054016,32,8.0,0.1134045011509568
DOT,2023-10-24 04:00:00+00:00,2023-10-24 04:00:00+00:00,2023-10-25 04:00:00+00:00,-1,4.294,4.457010211893112,3.967979576213774,4.205,tempo,0.5459780646034473,0.5120884699833117,96,24.0,0.1630102118931127
DOT,2023-10-27 20:00:00+00:00,2023-10-27 20:00:00+00:00,2023-10-28 20:00:00+00:00,1,4.119,3.989238555837554,4.378522888324891,4.151,tempo,0.24660637993470447,0.20518036133036063,96,24.0,0.12976144416244573
DOT,2023-11-02 00:00:00+00:00,2023-11-02 00:00:00+00:00,2023-11-03 00:00:00+00:00,-1,4.732,4.850223555702323,4.495552888595355,4.633,tempo,0.8373965696757935,0.7859072538297434,96,24.0,0.11822355570232279
DOT,2023-11-05 16:00:00+00:00,2023-11-05 16:00:00+00:00,2023-11-06 16:00:00+00:00,-1,4.777,4.9438993606748145,4.443201278650371,4.873,tempo,-0.5751969307242936,-0.6127794593489616,96,24.0,0.16689936067481437
DOT,2023-11-09 16:00:00+00:00,2023-11-09 16:00:00+00:00,2023-11-09 16:15:00+00:00,-1,5.153,5.302893930654717,4.853212138690565,4.853212138690565,alvo,2.0,1.9566090644114804,1,0.25,0.14989393065471734
DOT,2023-11-09 20:00:00+00:00,2023-11-09 20:00:00+00:00,2023-11-10 20:00:00+00:00,1,4.871,4.311740354190198,5.9895192916196045,5.153,tempo,0.5042380620752033,0.492587659531738,96,24.0,0.559259645809802
DOT,2023-11-13 04:00:00+00:00,2023-11-13 04:00:00+00:00,2023-11-14 04:00:00+00:00,-1,5.658,5.948632125962563,5.076735748074875,5.373,tempo,0.9806211170086271,0.9559502380538222,96,24.0,0.2906321259625626
DOT,2023-11-24 20:00:00+00:00,2023-11-24 20:00:00+00:00,2023-11-25 02:00:00+00:00,-1,5.23,5.318410272682942,5.053179454634117,5.318410272682942,stop,-1.0,-1.0775528280727364,24,6.0,0.08841027268294166
DOT,2023-12-06 04:00:00+00:00,2023-12-06 04:00:00+00:00,2023-12-06 13:00:00+00:00,-1,5.88,6.041051707968872,5.557896584062255,6.041051707968872,stop,-1.0,-1.0481130172905548,36,9.0,0.16105170796887247
DOT,2023-12-06 20:00:00+00:00,2023-12-06 20:00:00+00:00,2023-12-07 17:30:00+00:00,-1,6.081,6.248810766389352,5.745378467221298,6.248810766389352,stop,-1.0,-1.0477584196210525,86,21.5,0.16781076638935133
DOT,2023-12-09 12:00:00+00:00,2023-12-09 12:00:00+00:00,2023-12-09 16:30:00+00:00,-1,7.597,7.776667788764063,7.237664422471876,7.237664422471876,alvo,2.0,1.946331326605966,18,4.5,0.1796677887640623
DOT,2023-12-11 04:00:00+00:00,2023-12-11 04:00:00+00:00,2023-12-12 04:00:00+00:00,1,6.847,6.067933410588033,8.405133178823935,6.91,tempo,0.08086600151541803,0.0693880994701649,96,24.0,0.7790665894119675
DOT,2023-12-21 16:00:00+00:00,2023-12-21 16:00:00+00:00,2023-12-21 17:15:00+00:00,-1,7.55,7.916675928689892,6.816648142620216,7.916675928689892,stop,-1.0,-1.0274175056692931,5,1.25,0.36667592868989196
DOT,2023-12-22 04:00:00+00:00,2023-12-22 04:00:00+00:00,2023-12-23 04:00:00+00:00,-1,8.244,8.680257240517399,7.371485518965201,7.623,tempo,1.423472076391205,1.39983109340656,96,24.0,0.4362572405173992
DOT,2023-12-24 16:00:00+00:00,2023-12-24 16:00:00+00:00,2023-12-25 06:30:00+00:00,-1,8.943,9.358857608419687,8.111284783160626,9.358857608419687,stop,-1.0,-1.0286064441400506,58,14.5,0.415857608419687
DOT,2023-12-25 08:00:00+00:00,2023-12-25 08:00:00+00:00,2023-12-26 00:45:00+00:00,-1,9.207,9.511216227601281,8.59856754479744,9.511216227601281,stop,-1.0,-1.0399940550307765,67,16.75,0.3042162276012803
DOT,2024-01-10 16:00:00+00:00,2024-01-10 16:00:00+00:00,2024-01-10 22:00:00+00:00,1,7.077,6.720953249349023,7.789093501301954,7.789093501301954,alvo,2.0,1.9728604157791665,24,6.0,0.356046750650977
DOT,2024-01-19 20:00:00+00:00,2024-01-19 20:00:00+00:00,2024-01-20 20:00:00+00:00,1,6.85,6.514516650411191,7.520966699177617,6.842,tempo,-0.023846190905764345,-0.05037448213365451,96,24.0,0.33548334958880854
DOT,2024-01-30 00:00:00+00:00,2024-01-30 00:00:00+00:00,2024-01-31 00:00:00+00:00,-1,7.032,7.349066020527061,6.397867958945879,6.836,tempo,0.6181677862364054,0.5897377451206288,96,24.0,0.31706602052706057
DOT,2024-01-31 16:00:00+00:00,2024-01-31 16:00:00+00:00,2024-02-01 01:30:00+00:00,1,6.79,6.567608763302431,7.234782473395138,6.567608763302431,stop,-1.0,-1.0390413121716386,38,9.5,0.2223912366975691
DOT,2024-02-05 04:00:00+00:00,2024-02-05 04:00:00+00:00,2024-02-06 04:00:00+00:00,1,6.837,6.554402095043129,7.40219580991374,6.75,tempo,-0.30785790861852835,-0.3391092018697924,96,24.0,0.2825979049568703
DOT,2024-02-12 04:00:00+00:00,2024-02-12 04:00:00+00:00,2024-02-12 17:30:00+00:00,1,7.07,6.954921499852523,7.300157000294956,7.300157000294956,alvo,2.0,1.9188327790315187,54,13.5,0.11507850014747767
DOT,2024-02-12 20:00:00+00:00,2024-02-12 20:00:00+00:00,2024-02-13 01:00:00+00:00,-1,7.223,7.416320665267378,6.836358669465244,7.416320665267378,stop,-1.0,-1.0492216309066753,20,5.0,0.193320665267378
DOT,2024-02-15 16:00:00+00:00,2024-02-15 16:00:00+00:00,2024-02-16 16:00:00+00:00,-1,7.801,8.003695424555042,7.395609150889916,7.648,tempo,0.7548271024660116,0.7052855303163496,96,24.0,0.20269542455504208
DOT,2024-02-26 16:00:00+00:00,2024-02-26 16:00:00+00:00,2024-02-27 16:00:00+00:00,1,7.867,7.54907334877379,8.502853302452419,8.048,tempo,0.5693137058560583,0.5367755403386304,96,24.0,0.3179266512262098
DOT,2024-02-27 16:00:00+00:00,2024-02-27 16:00:00+00:00,2024-02-27 21:00:00+00:00,-1,8.048,8.311837867604826,7.520324264790348,8.311837867604826,stop,-1.0,-1.0403046564561782,20,5.0,0.26383786760482586
DOT,2024-02-28 12:00:00+00:00,2024-02-28 12:00:00+00:00,2024-02-28 17:00:00+00:00,-1,8.419,8.675259480650773,7.906481038698455,8.675259480650773,stop,-1.0,-1.0433594442406808,20,5.0,0.25625948065077253
DOT,2024-02-28 20:00:00+00:00,2024-02-28 20:00:00+00:00,2024-02-29 20:00:00+00:00,1,8.133,7.568875834834189,9.26124833033162,8.574,tempo,0.781742792157077,0.7624925088496635,96,24.0,0.5641241651658104
DOT,2024-03-04 12:00:00+00:00,2024-03-04 12:00:00+00:00,2024-03-04 13:15:00+00:00,-1,9.984,10.29794351862189,9.35611296275622,10.29794351862189,stop,-1.0,-1.0419924684063377,5,1.25,0.3139435186218904
DOT,2024-03-04 16:00:00+00:00,2024-03-04 16:00:00+00:00,2024-03-05 07:45:00+00:00,-1,10.17,10.442592912728024,9.624814174543951,10.442592912728024,stop,-1.0,-1.0491508941270278,63,15.75,0.2725929127280242
DOT,2024-03-08 20:00:00+00:00,2024-03-08 20:00:00+00:00,2024-03-09 20:00:00+00:00,1,10.501,9.86483655288877,11.773326894222459,10.45,tempo,-0.08016807666581179,-0.10157476084711613,96,24.0,0.6361634471112296
DOT,2024-03-15 12:00:00+00:00,2024-03-15 12:00:00+00:00,2024-03-16 12:00:00+00:00,1,10.394,9.79917234869679,11.583655302606422,10.354,tempo,-0.06724636945233585,-0.08991881914503762,96,24.0,0.5948276513032109
DOT,2024-04-05 16:00:00+00:00,2024-04-05 16:00:00+00:00,2024-04-06 16:00:00+00:00,1,8.406,8.026298426988777,9.165403146022447,8.434,tempo,0.0737421227358757,0.04491422004062809,96,24.0,0.3797015730112232
DOT,2024-04-14 00:00:00+00:00,2024-04-14 00:00:00+00:00,2024-04-15 00:00:00+00:00,1,6.389,5.471241551866274,8.224516896267453,6.849,tempo,0.5012212101511195,0.49184543157071225,96,24.0,0.9177584481337266
DOT,2024-04-17 20:00:00+00:00,2024-04-17 20:00:00+00:00,2024-04-18 20:00:00+00:00,1,6.622,6.254884058600493,7.356231882799014,6.752,tempo,0.35411156351429013,0.33043212326208954,96,24.0,0.3671159413995069
DOT,2024-04-29 16:00:00+00:00,2024-04-29 16:00:00+00:00,2024-04-30 08:45:00+00:00,1,6.624,6.423039779497619,7.025920441004762,6.423039779497619,stop,-1.0,-1.042200271454086,67,16.75,0.20096022050238105
DOT,2024-05-02 04:00:00+00:00,2024-05-02 04:00:00+00:00,2024-05-02 10:15:00+00:00,-1,6.865,7.015982567148333,6.563034865703335,7.015982567148333,stop,-1.0,-1.0597594731568059,25,6.25,0.1509825671483327
DOT,2024-05-13 20:00:00+00:00,2024-05-13 20:00:00+00:00,2024-05-14 20:00:00+00:00,-1,6.702,6.856369367410456,6.393261265179088,6.549,tempo,0.9911292801581858,0.9353335601621433,96,24.0,0.15436936741045582
DOT,2024-05-20 04:00:00+00:00,2024-05-20 04:00:00+00:00,2024-05-20 19:30:00+00:00,1,6.943,6.818147976438541,7.192704047122916,7.192704047122916,alvo,2.0,1.926407218973852,62,15.5,0.1248520235614583
DOT,2024-05-21 04:00:00+00:00,2024-05-21 04:00:00+00:00,2024-05-22 04:00:00+00:00,-1,7.491,7.7081264142794454,7.056747171441108,7.613,tempo,-0.5618846532554278,-0.6071007087619888,96,24.0,0.2171264142794458
DOT,2024-05-28 16:00:00+00:00,2024-05-28 16:00:00+00:00,2024-05-29 16:00:00+00:00,1,7.393,7.23609735133389,7.706805297332219,7.23609735133389,stop,-1.0,-1.0606039054101761,96,24.0,0.1569026486661098
DOT,2024-06-11 04:00:00+00:00,2024-06-11 04:00:00+00:00,2024-06-11 13:15:00+00:00,1,6.438,6.2737234217541085,6.766553156491782,6.2737234217541085,stop,-1.0,-1.0502970071106095,37,9.25,0.16427657824589126
DOT,2024-06-12 20:00:00+00:00,2024-06-12 20:00:00+00:00,2024-06-13 20:00:00+00:00,-1,6.701,6.972890187443532,6.157219625112934,6.456,tempo,0.9010990882150974,0.8696450292054242,96,24.0,0.27189018744353266
DOT,2024-06-17 12:00:00+00:00,2024-06-17 12:00:00+00:00,2024-06-17 16:30:00+00:00,1,6.2,6.074046941951021,6.451906116097958,6.074046941951021,stop,-1.0,-1.0633420945537164,18,4.5,0.12595305804897894
DOT,2024-06-27 08:00:00+00:00,2024-06-27 08:00:00+00:00,2024-06-27 13:15:00+00:00,1,5.799,5.67638990445275,6.0442201910945,6.0442201910945,alvo,2.0,1.9372148509480214,21,5.25,0.12261009554725
DOT,2024-07-04 00:00:00+00:00,2024-07-04 00:00:00+00:00,2024-07-04 01:45:00+00:00,1,6.076,5.949458360563945,6.329083278872109,5.949458360563945,stop,-1.0,-1.0617705600243665,7,1.75,0.1265416394360548
DOT,2024-07-04 16:00:00+00:00,2024-07-04 16:00:00+00:00,2024-07-04 23:45:00+00:00,1,5.836,5.55450718538978,6.398985629220441,5.55450718538978,stop,-1.0,-1.0263020201093067,31,7.75,0.28149281461022024
DOT,2024-07-17 16:00:00+00:00,2024-07-17 16:00:00+00:00,2024-07-18 16:00:00+00:00,-1,6.378,6.568580420902935,5.996839158194131,6.08,tempo,1.5636443585764563,1.5211546843400652,96,24.0,0.19058042090293448
DOT,2024-07-18 20:00:00+00:00,2024-07-18 20:00:00+00:00,2024-07-19 01:30:00+00:00,1,6.085,5.974800281528881,6.3053994369422375,5.974800281528881,stop,-1.0,-1.0711333049825185,22,5.5,0.11019971847111876
DOT,2024-07-19 04:00:00+00:00,2024-07-19 04:00:00+00:00,2024-07-20 04:00:00+00:00,1,6.13,5.935570097661408,6.5188598046771835,6.326,tempo,1.0080753919151473,0.9664336490421789,96,24.0,0.1944299023385918
DOT,2024-07-30 04:00:00+00:00,2024-07-30 04:00:00+00:00,2024-07-30 17:30:00+00:00,1,5.687,5.5754296250103135,5.910140749979374,5.5754296250103135,stop,-1.0,-1.0656140060202666,54,13.5,0.1115703749896868
DOT,2024-07-31 00:00:00+00:00,2024-07-31 00:00:00+00:00,2024-07-31 05:00:00+00:00,1,5.517,5.452907014233791,5.6451859715324195,5.452907014233791,stop,-1.0,-1.1112514805483005,20,5.0,0.06409298576620959
DOT,2024-08-01 08:00:00+00:00,2024-08-01 08:00:00+00:00,2024-08-01 15:00:00+00:00,1,5.357,5.22549928238413,5.62000143523174,5.22549928238413,stop,-1.0,-1.05230864635768,28,7.0,0.1315007176158698
DOT,2024-08-03 04:00:00+00:00,2024-08-03 04:00:00+00:00,2024-08-03 17:30:00+00:00,1,5.134,4.956333569634307,5.489332860731388,4.956333569634307,stop,-1.0,-1.036915903622099,54,13.5,0.17766643036569363
DOT,2024-08-04 20:00:00+00:00,2024-08-04 20:00:00+00:00,2024-08-05 01:00:00+00:00,1,4.764,4.48744864704649,5.317102705907021,4.48744864704649,stop,-1.0,-1.021744394147264,20,5.0,0.2765513529535104
DOT,2024-08-05 08:00:00+00:00,2024-08-05 08:00:00+00:00,2024-08-06 08:00:00+00:00,1,4.014,3.5033523342909225,5.035295331418156,4.43,tempo,0.8146517215981945,0.8039034104463584,96,24.0,0.5106476657090777
DOT,2024-08-14 16:00:00+00:00,2024-08-14 16:00:00+00:00,2024-08-15 16:00:00+00:00,1,4.439,4.34376132431321,4.6294773513735805,4.451,tempo,0.1259992320710523,0.06532535186083546,96,24.0,0.09523867568679023
DOT,2024-08-23 12:00:00+00:00,2024-08-23 12:00:00+00:00,2024-08-23 14:15:00+00:00,-1,4.716,4.799660964387331,4.548678071225338,4.799660964387331,stop,-1.0,-1.0739314885041942,9,2.25,0.08366096438733095
DOT,2024-08-24 00:00:00+00:00,2024-08-24 00:00:00+00:00,2024-08-24 11:00:00+00:00,-1,4.89,4.97478474498694,4.720430510026119,4.97478474498694,stop,-1.0,-1.0756281107554098,44,11.0,0.08478474498694055
DOT,2024-09-03 16:00:00+00:00,2024-09-03 16:00:00+00:00,2024-09-04 16:00:00+00:00,-1,4.104,4.30416509714548,3.7036698057090396,4.156,tempo,-0.2597855507356806,-0.28660840884913985,96,24.0,0.20016509714548025
DOT,2024-09-07 00:00:00+00:00,2024-09-07 00:00:00+00:00,2024-09-08 00:00:00+00:00,1,3.957,3.78550341235861,4.299993175282779,4.079,tempo,0.711384416902275,0.6809266680231985,96,24.0,0.17149658764138964
DOT,2024-09-09 00:00:00+00:00,2024-09-09 00:00:00+00:00,2024-09-09 16:15:00+00:00,-1,4.161,4.222217304417155,4.0385653911656885,4.222217304417155,stop,-1.0,-1.0890122703008807,65,16.25,0.06121730441715556
DOT,2024-09-11 16:00:00+00:00,2024-09-11 16:00:00+00:00,2024-09-12 16:00:00+00:00,1,4.121,4.034322227025336,4.29435554594933,4.215,tempo,1.084476409280555,1.0219644201736848,96,24.0,0.08667777297466461
DOT,2024-09-12 16:00:00+00:00,2024-09-12 16:00:00+00:00,2024-09-12 20:00:00+00:00,-1,4.214,4.2925257219056,4.056948556188802,4.2925257219056,stop,-1.0,-1.070413128145268,16,4.0,0.07852572190559926
DOT,2024-09-18 20:00:00+00:00,2024-09-18 20:00:00+00:00,2024-09-19 15:45:00+00:00,1,4.054,3.9463502304697755,4.26929953906045,4.26929953906045,alvo,2.0,1.9497430907283988,79,19.75,0.10764976953022476
DOT,2024-09-23 04:00:00+00:00,2024-09-23 04:00:00+00:00,2024-09-24 04:00:00+00:00,1,4.397,4.20252757058936,4.785944858821281,4.489,tempo,0.4730747709524209,0.44337441693563723,96,24.0,0.19447242941064058
DOT,2024-09-28 12:00:00+00:00,2024-09-28 12:00:00+00:00,2024-09-29 07:45:00+00:00,1,4.822,4.730991872942174,5.004016254115652,4.730991872942174,stop,-1.0,-1.0682295627671468,79,19.75,0.09100812705782602
DOT,2024-10-08 16:00:00+00:00,2024-10-08 16:00:00+00:00,2024-10-09 16:00:00+00:00,1,4.11,4.016310511766439,4.297378976467123,4.098,tempo,-0.12808267209321578,-0.18502822810585734,96,24.0,0.09368948823356149
DOT,2024-10-14 20:00:00+00:00,2024-10-14 20:00:00+00:00,2024-10-14 23:00:00+00:00,-1,4.352,4.3907476402102015,4.274504719579598,4.3907476402102015,stop,-1.0,-1.1466614724227906,12,3.0,0.03874764021020116
DOT,2024-10-17 16:00:00+00:00,2024-10-17 16:00:00+00:00,2024-10-17 18:15:00+00:00,1,4.237,4.159506082508685,4.391987834982631,4.159506082508685,stop,-1.0,-1.0704278365362325,9,2.25,0.0774939174913154
DOT,2024-10-22 04:00:00+00:00,2024-10-22 04:00:00+00:00,2024-10-22 13:15:00+00:00,1,4.405,4.30193575319956,4.611128493600881,4.30193575319956,stop,-1.0,-1.0549124300159882,37,9.25,0.10306424680044035
DOT,2024-10-23 20:00:00+00:00,2024-10-23 20:00:00+00:00,2024-10-24 20:00:00+00:00,1,4.197,4.080916544115039,4.429166911769923,4.223,tempo,0.2239767915400947,0.1768296769209044,96,24.0,0.1160834558849615
DOT,2024-10-28 04:00:00+00:00,2024-10-28 04:00:00+00:00,2024-10-28 07:15:00+00:00,-1,4.094,4.153178267662734,3.9756434646745324,4.153178267662734,stop,-1.0,-1.0905850422072514,13,3.25,0.05917826766273393
DOT,2024-10-29 20:00:00+00:00,2024-10-29 20:00:00+00:00,2024-10-30 20:00:00+00:00,-1,4.175,4.271779967995162,3.981440064009676,4.152,tempo,0.237652486113133,0.18172613986480016,96,24.0,0.09677996799516198
DOT,2024-11-01 04:00:00+00:00,2024-11-01 04:00:00+00:00,2024-11-01 16:00:00+00:00,1,3.949,3.85740040290698,4.13219919418604,3.85740040290698,stop,-1.0,-1.055395006341968,48,12.0,0.0915995970930199
DOT,2024-11-10 20:00:00+00:00,2024-11-10 20:00:00+00:00,2024-11-11 20:00:00+00:00,-1,5.32,5.542219654855813,4.875560690288374,5.248,tempo,0.3240037432634713,0.29309198613534027,96,24.0,0.22221965485581308
DOT,2024-11-17 04:00:00+00:00,2024-11-17 04:00:00+00:00,2024-11-18 04:00:00+00:00,-1,5.732,6.2264974123346315,4.743005175330738,5.765,tempo,-0.06673442403712326,-0.08184683881138484,96,24.0,0.4944974123346313
DOT,2024-11-23 20:00:00+00:00,2024-11-23 20:00:00+00:00,2024-11-24 00:30:00+00:00,-1,8.65,9.617612087407975,6.71477582518405,9.617612087407975,stop,-1.0,-1.0122713926493239,18,4.5,0.967612087407975
DOT,2024-12-02 04:00:00+00:00,2024-12-02 04:00:00+00:00,2024-12-02 21:15:00+00:00,-1,9.118,9.62440160835377,8.105196783292461,9.62440160835377,stop,-1.0,-1.024057113651423,69,17.25,0.5064016083537695
DOT,2024-12-03 04:00:00+00:00,2024-12-03 04:00:00+00:00,2024-12-03 14:00:00+00:00,-1,10.149,10.549572785383724,9.34785442923255,9.34785442923255,alvo,2.0,1.968362914702602,40,10.0,0.40057278538372465
DOT,2024-12-04 16:00:00+00:00,2024-12-04 16:00:00+00:00,2024-12-05 16:00:00+00:00,-1,10.995,11.826382076851408,9.332235846297182,10.908,tempo,0.1046450271450212,0.08752059014258082,96,24.0,0.8313820768514084
DOT,2024-12-19 04:00:00+00:00,2024-12-19 04:00:00+00:00,2024-12-19 18:00:00+00:00,1,7.648,7.0528159107958475,8.838368178408304,7.0528159107958475,stop,-1.0,-1.016054747624041,56,14.0,0.5951840892041522
DOT,2025-01-15 12:00:00+00:00,2025-01-15 12:00:00+00:00,2025-01-15 13:45:00+00:00,-1,6.59,6.8774579326839484,6.015084134632103,6.8774579326839484,stop,-1.0,-1.0304526216219232,7,1.75,0.2874579326839486
DOT,2025-01-27 00:00:00+00:00,2025-01-27 00:00:00+00:00,2025-01-27 07:30:00+00:00,-1,6.172,6.500372146448676,5.515255707102647,5.515255707102647,alvo,2.0,1.9768655280547551,30,7.5,0.3283721464486762
DOT,2025-01-29 20:00:00+00:00,2025-01-29 20:00:00+00:00,2025-01-30 20:00:00+00:00,1,5.75,5.494065678176457,6.261868643647086,6.177,tempo,1.6683967861661018,1.6381056163661205,96,24.0,0.2559343218235428
DOT,2025-01-31 20:00:00+00:00,2025-01-31 20:00:00+00:00,2025-02-01 20:00:00+00:00,-1,6.262,6.542749839571428,5.7005003208571425,6.089,tempo,0.6162069416106805,0.5876115557246007,96,24.0,0.2807498395714285
DOT,2025-02-03 00:00:00+00:00,2025-02-03 00:00:00+00:00,2025-02-03 00:45:00+00:00,1,5.15,4.759764594012015,5.930470811975971,4.759764594012015,stop,-1.0,-1.0165063110298764,3,0.75,0.3902354059879851
DOT,2025-02-14 20:00:00+00:00,2025-02-14 20:00:00+00:00,2025-02-15 09:45:00+00:00,-1,5.285,5.411963032862783,5.031073934274435,5.031073934274435,alvo,2.0,1.9471858232582913,55,13.75,0.12696303286278265
DOT,2025-02-25 04:00:00+00:00,2025-02-25 04:00:00+00:00,2025-02-25 07:15:00+00:00,1,4.391,4.251573470386187,4.669853059227625,4.251573470386187,stop,-1.0,-1.0402912757802336,13,3.25,0.13942652961381263
DOT,2025-02-26 16:00:00+00:00,2025-02-26 16:00:00+00:00,2025-02-26 20:30:00+00:00,-1,4.845,4.946972097403324,4.641055805193351,4.641055805193351,alvo,2.0,1.9395331033646597,18,4.5,0.10197209740332447
DOT,2025-02-28 12:00:00+00:00,2025-02-28 12:00:00+00:00,2025-03-01 12:00:00+00:00,1,4.57,4.398744463463153,4.912511073073695,4.582,tempo,0.0700707273041514,0.03533433208857215,96,24.0,0.17125553653684733
DOT,2025-03-04 20:00:00+00:00,2025-03-04 20:00:00+00:00,2025-03-05 20:00:00+00:00,1,4.371,3.9541896298636647,5.204620740272672,4.482,tempo,0.26630815342644293,0.25250223492657986,96,24.0,0.4168103701363357
DOT,2025-03-29 20:00:00+00:00,2025-03-29 20:00:00+00:00,2025-03-30 20:00:00+00:00,1,4.067,3.9768118723600048,4.247376255279991,4.077,tempo,0.11087933923982611,0.052184252219830515,96,24.0,0.0901881276399954
AVAX,2020-10-12 12:00:00+00:00,2020-10-12 12:00:00+00:00,2020-10-12 15:30:00+00:00,-1,4.1899,4.432810605927348,3.704078788145303,4.432810605927348,stop,-1.0,-1.0230733519125512,14,3.5,0.24291060592734848
AVAX,2020-10-28 20:00:00+00:00,2020-10-28 20:00:00+00:00,2020-10-29 10:45:00+00:00,1,3.9839,3.885274586951654,4.181150826096693,3.885274586951654,stop,-1.0,-1.051862530390734,59,14.75,0.09862541304834638
AVAX,2020-11-04 20:00:00+00:00,2020-11-04 20:00:00+00:00,2020-11-05 20:00:00+00:00,1,3.177,2.9635245368853655,3.603950926229269,3.3068,tempo,0.6080324085316466,0.5882902333021831,96,24.0,0.2134754631146345
AVAX,2020-11-06 04:00:00+00:00,2020-11-06 04:00:00+00:00,2020-11-06 05:30:00+00:00,-1,3.3716,3.5162773213010685,3.0822453573978628,3.5162773213010685,stop,-1.0,-1.0309455567644148,6,1.5,0.14467732130106858
AVAX,2020-11-20 12:00:00+00:00,2020-11-20 12:00:00+00:00,2020-11-20 12:45:00+00:00,-1,3.8259,3.8873018119940377,3.703096376011924,3.8873018119940377,stop,-1.0,-1.0816520069193227,3,0.75,0.061401811994037825
AVAX,2020-11-20 16:00:00+00:00,2020-11-20 16:00:00+00:00,2020-11-21 15:00:00+00:00,-1,3.8137,4.056600843460061,3.327898313079877,4.056600843460061,stop,-1.0,-1.021060838963658,92,23.0,0.24290084346006147
AVAX,2020-11-25 04:00:00+00:00,2020-11-25 04:00:00+00:00,2020-11-26 03:15:00+00:00,-1,4.1956,4.421164498851613,3.744471002296774,3.744471002296774,alvo,2.0,1.977119421816072,93,23.25,0.22556449885161278
AVAX,2020-12-09 12:00:00+00:00,2020-12-09 12:00:00+00:00,2020-12-10 12:00:00+00:00,1,2.9767,2.753362256031949,3.4233754879361022,3.1611,tempo,0.8256553358324354,0.8077919423499137,96,24.0,0.22333774396805106
AVAX,2020-12-18 04:00:00+00:00,2020-12-18 04:00:00+00:00,2020-12-19 04:00:00+00:00,1,3.3173,3.11672781003123,3.7184443799375395,3.4223,tempo,0.5235022862159957,0.5016610728320161,96,24.0,0.2005721899687698
AVAX,2020-12-22 12:00:00+00:00,2020-12-22 12:00:00+00:00,2020-12-23 08:30:00+00:00,1,3.0117,2.8971298297481782,3.240840340503643,3.240840340503643,alvo,2.0,1.9645269688227356,82,20.5,0.11457017025182159
AVAX,2020-12-23 12:00:00+00:00,2020-12-23 12:00:00+00:00,2020-12-24 12:00:00+00:00,-1,3.1646,3.652927852879658,2.187944294240684,3.0387,tempo,0.25781859309799915,0.2495615482126367,96,24.0,0.48832785287965796
AVAX,2021-01-06 20:00:00+00:00,2021-01-06 20:00:00+00:00,2021-01-07 20:00:00+00:00,-1,4.3836,5.09217261018288,2.9664547796342413,4.557,tempo,-0.24471733384563962,-0.25291887863651163,96,24.0,0.7085726101828795
AVAX,2021-01-11 16:00:00+00:00,2021-01-11 16:00:00+00:00,2021-01-12 02:15:00+00:00,1,6.0225,5.5180212437562135,7.031457512487573,7.031457512487573,alvo,2.0,1.9831805159719817,41,10.25,0.5044787562437865
AVAX,2021-01-17 08:00:00+00:00,2021-01-17 08:00:00+00:00,2021-01-18 08:00:00+00:00,-1,12.9709,15.076321845718377,8.760056308563247,13.77,tempo,-0.3795438912278141,-0.38779952182048966,96,24.0,2.105421845718377
AVAX,2021-01-22 04:00:00+00:00,2021-01-22 04:00:00+00:00,2021-01-23 04:00:00+00:00,1,11.9015,10.379052790283382,14.946394419433238,13.0976,tempo,0.7856430044774005,0.7749697838256154,96,24.0,1.5224472097166188
AVAX,2021-01-31 16:00:00+00:00,2021-01-31 16:00:00+00:00,2021-02-01 16:00:00+00:00,-1,13.3179,15.664388834450222,8.624922331099556,12.8857,tempo,0.18419009443156528,0.17693144493366958,96,24.0,2.3464888344502217
AVAX,2021-02-05 20:00:00+00:00,2021-02-05 20:00:00+00:00,2021-02-06 20:00:00+00:00,-1,17.1926,18.288795833894394,15.000208332211209,17.6808,tempo,-0.4453583793195064,-0.46603690162283395,96,24.0,1.0961958338943951
AVAX,2021-02-08 00:00:00+00:00,2021-02-08 00:00:00+00:00,2021-02-08 00:15:00+00:00,-1,23.7402,25.03662988403571,21.14734023192858,25.03662988403571,stop,-1.0,-1.0244555758973464,1,0.25,1.2964298840357102
AVAX,2021-02-08 04:00:00+00:00,2021-02-08 04:00:00+00:00,2021-02-08 07:00:00+00:00,-1,23.7644,26.79818477764327,17.696830444713452,26.79818477764327,stop,-1.0,-1.0108332273098817,12,3.0,3.033784777643273
AVAX,2021-02-11 00:00:00+00:00,2021-02-11 00:00:00+00:00,2021-02-12 00:00:00+00:00,-1,54.8184,62.97635431131349,38.502491377373005,47.5001,tempo,0.897075384431969,0.8889229699341619,96,24.0,8.157954311313496
AVAX,2021-02-22 16:00:00+00:00,2021-02-22 16:00:00+00:00,2021-02-23 09:15:00+00:00,1,31.4466,23.28219796343718,47.77540407312564,23.28219796343718,stop,-1.0,-1.0043571738036567,69,17.25,8.16440203656282
AVAX,2021-02-23 12:00:00+00:00,2021-02-23 12:00:00+00:00,2021-02-24 12:00:00+00:00,1,24.9413,21.314857943274237,32.19418411345152,30.4093,tempo,1.5078139715092944,1.4978929829929402,96,24.0,3.626442056725761
AVAX,2021-03-09 04:00:00+00:00,2021-03-09 04:00:00+00:00,2021-03-09 10:15:00+00:00,1,25.143,23.485810470494485,28.457379059011032,28.457379059011032,alvo,2.0,1.9789763055051688,25,6.25,1.6571895295055157
AVAX,2021-03-10 04:00:00+00:00,2021-03-10 04:00:00+00:00,2021-03-11 04:00:00+00:00,-1,31.5726,36.7025637380586,21.312672523882803,29.817,tempo,0.3422246412728828,0.33444617693326917,96,24.0,5.129963738058599
AVAX,2021-03-17 04:00:00+00:00,2021-03-17 04:00:00+00:00,2021-03-18 04:00:00+00:00,-1,32.583,34.601810703963885,28.545378592072225,32.6242,tempo,-0.02040805505890584,-0.04140293086215906,96,24.0,2.0188107039638865
AVAX,2021-03-19 16:00:00+00:00,2021-03-19 16:00:00+00:00,2021-03-20 01:00:00+00:00,-1,36.4067,39.06243622858135,31.095227542837307,39.06243622858135,stop,-1.0,-1.0184713142896658,36,9.0,2.655736228581347
AVAX,2021-03-31 12:00:00+00:00,2021-03-31 12:00:00+00:00,2021-04-01 12:00:00+00:00,1,28.23,25.397654167155245,33.89469166568951,28.1793,tempo,-0.01790035645084942,-0.03084582538857914,96,24.0,2.832345832844755
AVAX,2021-04-03 12:00:00+00:00,2021-04-03 12:00:00+00:00,2021-04-03 17:30:00+00:00,-1,32.1104,33.345147388036736,29.640905223926524,29.640905223926524,alvo,2.0,1.96749266385623,22,5.5,1.2347473880367374
AVAX,2021-04-04 00:00:00+00:00,2021-04-04 00:00:00+00:00,2021-04-04 10:15:00+00:00,1,28.177,27.334413337943587,29.862173324112824,29.862173324112824,alvo,2.0,1.9552266083009184,41,10.25,0.8425866620564122
AVAX,2021-04-14 08:00:00+00:00,2021-04-14 08:00:00+00:00,2021-04-14 14:15:00+00:00,-1,35.6635,37.21513848083759,32.56022303832482,37.21513848083759,stop,-1.0,-1.030529737176261,25,6.25,1.551638480837589
AVAX,2021-05-01 08:00:00+00:00,2021-05-01 08:00:00+00:00,2021-05-02 08:00:00+00:00,-1,33.5158,36.233549224315,28.08030155137,31.4421,tempo,0.7630210990208887,0.7474852156427444,96,24.0,2.717749224315
AVAX,2021-05-11 00:00:00+00:00,2021-05-11 00:00:00+00:00,2021-05-12 00:00:00+00:00,1,34.6758,28.612868301076983,46.80166339784604,36.78,tempo,0.34705982262240814,0.33939912771333464,96,24.0,6.06293169892302
AVAX,2021-05-12 16:00:00+00:00,2021-05-12 16:00:00+00:00,2021-05-13 00:15:00+00:00,-1,38.493,42.27575919249672,30.927481615006563,30.927481615006563,alvo,2.0,1.9880713228747793,33,8.25,3.7827591924967194
AVAX,2021-06-03 12:00:00+00:00,2021-06-03 12:00:00+00:00,2021-06-04 05:45:00+00:00,-1,20.043,20.910395055497343,18.30820988900531,18.30820988900531,alvo,2.0,1.9712607464501164,71,17.75,0.8673950554973437
AVAX,2021-06-04 08:00:00+00:00,2021-06-04 08:00:00+00:00,2021-06-05 08:00:00+00:00,1,17.97,17.12641677365915,19.657166452681693,18.705,tempo,0.8712833269435173,0.8430244080181094,96,24.0,0.8435832263408471
AVAX,2021-06-14 20:00:00+00:00,2021-06-14 20:00:00+00:00,2021-06-15 06:30:00+00:00,-1,14.849,15.565591843774621,13.415816312450758,15.565591843774621,stop,-1.0,-1.027588207806439,42,10.5,0.716591843774621
AVAX,2021-06-22 16:00:00+00:00,2021-06-22 16:00:00+00:00,2021-06-23 16:00:00+00:00,1,10.508,9.084120014464355,13.355759971071286,11.117,tempo,0.42770458619158447,0.41783279211990065,96,24.0,1.4238799855356437
AVAX,2021-07-05 00:00:00+00:00,2021-07-05 00:00:00+00:00,2021-07-06 00:00:00+00:00,-1,12.349,13.009264271669078,11.028471456661844,12.028,tempo,0.48616896865939113,0.46217092623927747,96,24.0,0.6602642716690781
AVAX,2021-07-17 04:00:00+00:00,2021-07-17 04:00:00+00:00,2021-07-18 04:00:00+00:00,1,10.875,10.62299984659307,11.379000306813861,11.228,tempo,1.400792798050303,1.3437811264073884,96,24.0,0.2520001534069305
AVAX,2021-07-21 20:00:00+00:00,2021-07-21 20:00:00+00:00,2021-07-22 17:15:00+00:00,-1,10.425,10.83717430089034,9.600651398219323,10.83717430089034,stop,-1.0,-1.0335305070348277,85,21.25,0.4121743008903387
AVAX,2021-07-24 20:00:00+00:00,2021-07-24 20:00:00+00:00,2021-07-25 20:00:00+00:00,-1,11.093,11.531428443785474,10.216143112429052,10.969,tempo,0.28282836517029114,0.2501199490005209,96,24.0,0.4384284437854742
AVAX,2021-08-07 16:00:00+00:00,2021-08-07 16:00:00+00:00,2021-08-08 16:00:00+00:00,-1,15.154,16.148733525484648,13.164532949030704,15.074,tempo,0.08042354856897276,0.060671323981561644,96,24.0,0.9947335254846479
AVAX,2021-08-10 12:00:00+00:00,2021-08-10 12:00:00+00:00,2021-08-11 07:30:00+00:00,-1,16.34,17.392286385682205,14.23542722863559,17.392286385682205,stop,-1.0,-1.0208365198381604,78,19.5,1.052286385682205
AVAX,2021-08-13 12:00:00+00:00,2021-08-13 12:00:00+00:00,2021-08-14 00:00:00+00:00,-1,17.562,18.270543748222195,16.144912503555613,18.270543748222195,stop,-1.0,-1.0328718635861007,48,12.0,0.7085437482221941
AVAX,2021-08-16 20:00:00+00:00,2021-08-16 20:00:00+00:00,2021-08-17 09:00:00+00:00,-1,20.087,21.42770711270229,17.40558577459542,21.42770711270229,stop,-1.0,-1.0201271100657228,52,13.0,1.3407071127022903
AVAX,2021-08-18 04:00:00+00:00,2021-08-18 04:00:00+00:00,2021-08-18 14:45:00+00:00,-1,23.325,26.134595597715226,17.705808804569546,26.134595597715226,stop,-1.0,-1.0114424784708014,43,10.75,2.8095955977152265
AVAX,2021-08-18 20:00:00+00:00,2021-08-18 20:00:00+00:00,2021-08-18 23:15:00+00:00,-1,26.666,29.19645513503416,21.60508972993168,29.19645513503416,stop,-1.0,-1.0143494327700389,13,3.25,2.5304551350341598
AVAX,2021-08-19 04:00:00+00:00,2021-08-19 04:00:00+00:00,2021-08-19 07:15:00+00:00,-1,30.298,33.16703589165833,24.559928216683335,33.16703589165833,stop,-1.0,-1.0143784444975115,13,3.25,2.8690358916583314
AVAX,2021-08-23 04:00:00+00:00,2021-08-23 04:00:00+00:00,2021-08-24 04:00:00+00:00,-1,49.764,54.64739065010756,39.99721869978489,49.25,tempo,0.10525473729788175,0.09207555410094,96,24.0,4.8833906501075575
AVAX,2021-08-24 16:00:00+00:00,2021-08-24 16:00:00+00:00,2021-08-24 21:15:00+00:00,-1,48.422,54.715101302398324,35.83579739520334,54.715101302398324,stop,-1.0,-1.0106527946437172,21,5.25,6.293101302398327
AVAX,2021-09-20 16:00:00+00:00,2021-09-20 16:00:00+00:00,2021-09-21 00:30:00+00:00,1,61.523,53.379082173051344,77.81083565389733,53.379082173051344,stop,-1.0,-1.009170813728663,34,8.5,8.143917826948659
AVAX,2021-09-23 04:00:00+00:00,2021-09-23 04:00:00+00:00,2021-09-23 08:00:00+00:00,-1,74.417,78.88509462539464,65.48081074921072,78.88509462539464,stop,-1.0,-1.0223017572054454,16,4.0,4.468094625394642
AVAX,2021-10-12 12:00:00+00:00,2021-10-12 12:00:00+00:00,2021-10-13 12:00:00+00:00,1,52.834,50.47587104663816,57.55025790672369,55.454,tempo,1.1110503504334748,1.081201601110562,96,24.0,2.3581289533618417
AVAX,2021-10-21 12:00:00+00:00,2021-10-21 12:00:00+00:00,2021-10-22 03:15:00+00:00,-1,61.648,65.13342525660786,54.67714948678428,65.13342525660786,stop,-1.0,-1.0236435787169906,61,15.25,3.4854252566078614
AVAX,2021-10-23 04:00:00+00:00,2021-10-23 04:00:00+00:00,2021-10-24 04:00:00+00:00,-1,66.978,70.01663856013006,60.90072287973986,66.367,tempo,0.2010768927956461,0.17255285208305476,96,24.0,3.0386385601300674
AVAX,2021-11-04 08:00:00+00:00,2021-11-04 08:00:00+00:00,2021-11-05 08:00:00+00:00,-1,76.68,82.0119152344884,66.01616953102322,78.126,tempo,-0.271197109557715,-0.2900691087502631,96,24.0,5.331915234488392
AVAX,2021-11-07 08:00:00+00:00,2021-11-07 08:00:00+00:00,2021-11-07 17:15:00+00:00,-1,83.732,86.63575552538694,77.92448894922612,86.63575552538694,stop,-1.0,-1.0381364891511466,37,9.25,2.9037555253869414
AVAX,2021-11-08 00:00:00+00:00,2021-11-08 00:00:00+00:00,2021-11-08 02:45:00+00:00,-1,87.605,89.85144182633383,83.11211634733236,89.85144182633383,stop,-1.0,-1.051346394032986,11,2.75,2.2464418263338217
AVAX,2021-11-08 16:00:00+00:00,2021-11-08 16:00:00+00:00,2021-11-09 16:00:00+00:00,-1,93.464,98.22885817163144,83.93428365673711,88.273,tempo,1.0894343153602513,1.0646425910853703,96,24.0,4.764858171631445
AVAX,2021-11-14 08:00:00+00:00,2021-11-14 08:00:00+00:00,2021-11-15 03:15:00+00:00,-1,97.33,100.93862575485272,90.11274849029455,100.93862575485272,stop,-1.0,-1.0357129321507916,77,19.25,3.6086257548527243
AVAX,2021-11-16 12:00:00+00:00,2021-11-16 12:00:00+00:00,2021-11-17 12:00:00+00:00,1,89.088,81.50970306332685,104.24459387334628,100.226,tempo,1.4697233551380962,1.4534856567438155,96,24.0,7.578296936673141
AVAX,2021-11-20 16:00:00+00:00,2021-11-20 16:00:00+00:00,2021-11-20 17:00:00+00:00,-1,117.543,123.65908818835558,105.31082362328885,123.65908818835558,stop,-1.0,-1.0256342538717684,4,1.0,6.116088188355576
AVAX,2021-11-21 16:00:00+00:00,2021-11-21 16:00:00+00:00,2021-11-22 16:00:00+00:00,-1,133.743,150.03645627326705,101.15608745346589,139.175,tempo,-0.33338537317661626,-0.34427297719535704,96,24.0,16.293456273267054
AVAX,2021-12-04 00:00:00+00:00,2021-12-04 00:00:00+00:00,2021-12-04 04:00:00+00:00,1,108.276,97.01642501132437,130.79514997735123,97.01642501132437,stop,-1.0,-1.011851253390254,16,4.0,11.259574988675624
AVAX,2021-12-06 12:00:00+00:00,2021-12-06 12:00:00+00:00,2021-12-06 17:30:00+00:00,1,81.81,75.5916089299718,94.24678214005641,94.24678214005641,alvo,2.0,1.9815970229111826,22,5.5,6.218391070028204
AVAX,2021-12-29 16:00:00+00:00,2021-12-29 16:00:00+00:00,2021-12-30 00:30:00+00:00,1,107.455,101.10240404609381,120.16019190781238,101.10240404609381,stop,-1.0,-1.021339671783565,34,8.5,6.352595953906189
AVAX,2021-12-31 20:00:00+00:00,2021-12-31 20:00:00+00:00,2021-12-31 22:15:00+00:00,-1,102.816,109.98008831380383,88.48782337239234,109.98008831380383,stop,-1.0,-1.0193070564383553,9,2.25,7.1640883138038305
AVAX,2022-01-13 16:00:00+00:00,2022-01-13 16:00:00+00:00,2022-01-14 16:00:00+00:00,-1,93.48,97.97680457808471,84.48639084383059,90.431,tempo,0.6780370254156445,0.6514532262035124,96,24.0,4.496804578084706
AVAX,2022-01-21 16:00:00+00:00,2022-01-21 16:00:00+00:00,2022-01-21 21:45:00+00:00,1,74.084,70.36141593659586,81.52916812680829,70.36141593659586,stop,-1.0,-1.0252215984272306,23,5.75,3.722584063404142
AVAX,2022-01-24 16:00:00+00:00,2022-01-24 16:00:00+00:00,2022-01-25 14:30:00+00:00,1,58.005,54.12514541680061,65.76470916639877,65.76470916639877,alvo,1.9999999999999982,1.9792646066410495,90,22.5,3.879854583199389
AVAX,2022-01-26 20:00:00+00:00,2022-01-26 20:00:00+00:00,2022-01-27 20:00:00+00:00,-1,69.49,74.41022766251065,59.649544674978685,64.02,tempo,1.1117371746186253,1.0940994745054322,96,24.0,4.920227662510655
AVAX,2022-02-17 04:00:00+00:00,2022-02-17 04:00:00+00:00,2022-02-18 04:00:00+00:00,-1,94.79,99.64917734925957,85.07164530148087,89.72,tempo,1.0433864902610654,1.0187050490664413,96,24.0,4.859177349259568
AVAX,2022-03-01 16:00:00+00:00,2022-03-01 16:00:00+00:00,2022-03-02 16:00:00+00:00,-1,86.32,92.05368731891764,74.8526253621647,83.89,tempo,0.4238110425000829,0.40451516990602504,96,24.0,5.733687318917646
AVAX,2022-03-04 04:00:00+00:00,2022-03-04 04:00:00+00:00,2022-03-05 00:45:00+00:00,1,78.14,73.99057325596564,86.43885348806872,73.99057325596564,stop,-1.0,-1.0238309720152416,83,20.75,4.149426744034358
AVAX,2022-03-08 20:00:00+00:00,2022-03-08 20:00:00+00:00,2022-03-09 03:45:00+00:00,-1,74.41,77.38748822210927,68.45502355578145,77.38748822210927,stop,-1.0,-1.033138121793971,31,7.75,2.9774882221092724
AVAX,2022-03-09 08:00:00+00:00,2022-03-09 08:00:00+00:00,2022-03-10 05:15:00+00:00,-1,78.63,81.22623241718573,73.43753516562853,73.43753516562853,alvo,2.0,1.9619279471270128,85,21.25,2.596232417185732
AVAX,2022-03-29 16:00:00+00:00,2022-03-29 16:00:00+00:00,2022-03-30 16:00:00+00:00,-1,92.76,97.3735147212256,83.53297055754881,97.3735147212256,stop,-1.0,-1.026787989642735,96,24.0,4.613514721225599
AVAX,2022-03-30 20:00:00+00:00,2022-03-30 20:00:00+00:00,2022-03-31 01:45:00+00:00,-1,95.89,101.65032474976695,84.3693505004661,101.65032474976695,stop,-1.0,-1.0222906201759794,23,5.75,5.760324749766951
AVAX,2022-03-31 04:00:00+00:00,2022-03-31 04:00:00+00:00,2022-04-01 04:00:00+00:00,-1,98.83,103.17216993073198,90.14566013853603,92.24,tempo,1.5176743667627697,1.4890721927389023,96,24.0,4.342169930731984
AVAX,2022-04-02 16:00:00+00:00,2022-04-02 16:00:00+00:00,2022-04-03 16:00:00+00:00,-1,99.14,104.57656497151113,88.26687005697774,97.72,tempo,0.261194340073398,0.237657603058291,96,24.0,5.436564971511132
AVAX,2022-04-08 20:00:00+00:00,2022-04-08 20:00:00+00:00,2022-04-09 20:00:00+00:00,-1,86.63,91.44871439969103,76.99257120061793,83.07,tempo,0.7387862622089127,0.7158953019131391,96,24.0,4.818714399691032
AVAX,2022-04-15 16:00:00+00:00,2022-04-15 16:00:00+00:00,2022-04-16 16:00:00+00:00,1,76.41,74.16217437527,80.90565124945999,76.85,tempo,0.19574472110257626,0.15142678162185436,96,24.0,2.247825624729998
AVAX,2022-04-20 16:00:00+00:00,2022-04-20 16:00:00+00:00,2022-04-21 16:00:00+00:00,-1,78.24,81.77587366292097,71.16825267415804,78.89,tempo,-0.18383009744274692,-0.21271532065392548,96,24.0,3.5358736629209773
AVAX,2022-04-25 12:00:00+00:00,2022-04-25 12:00:00+00:00,2022-04-26 12:00:00+00:00,1,69.19,66.85133689391012,73.86732621217976,71.39,tempo,0.9407083877413551,0.901636064856518,96,24.0,2.338663106089882
AVAX,2022-05-05 20:00:00+00:00,2022-05-05 20:00:00+00:00,2022-05-06 13:45:00+00:00,1,58.46,55.64132452379086,64.09735095241828,55.64132452379086,stop,-1.0,-1.0263123092979154,71,17.75,2.818675476209144
AVAX,2022-05-12 08:00:00+00:00,2022-05-12 08:00:00+00:00,2022-05-13 08:00:00+00:00,1,28.24,21.766276198961574,41.187447602076844,33.5,tempo,0.8125153561781961,0.8063162965282366,96,24.0,6.473723801038425
AVAX,2022-05-19 12:00:00+00:00,2022-05-19 12:00:00+00:00,2022-05-20 12:00:00+00:00,1,29.24,26.988747215895486,33.742505568209026,31.34,tempo,0.9328139491164805,0.9153227991763093,96,24.0,2.251252784104512
AVAX,2022-05-22 16:00:00+00:00,2022-05-22 16:00:00+00:00,2022-05-23 16:00:00+00:00,-1,31.48,33.08637523137767,28.267249537244655,31.91,tempo,-0.2676834102024965,-0.2933333948357025,96,24.0,1.6063752313776725
AVAX,2022-05-23 20:00:00+00:00,2022-05-23 20:00:00+00:00,2022-05-24 20:00:00+00:00,-1,29.85,33.484100227127094,22.581799545745817,28.45,tempo,0.3852397877057894,0.37481217216642454,96,24.0,3.6341002271270924
AVAX,2022-05-27 12:00:00+00:00,2022-05-27 12:00:00+00:00,2022-05-28 12:00:00+00:00,1,22.31,20.98355726517908,24.962885469641837,22.67,tempo,0.27140259473667067,0.24936093456357072,96,24.0,1.326442734820919
AVAX,2022-05-31 04:00:00+00:00,2022-05-31 04:00:00+00:00,2022-05-31 13:45:00+00:00,-1,28.39,29.506440217628253,26.157119564743496,26.157119564743496,alvo,2.0,1.9682422514369784,39,9.75,1.1164402176282522
AVAX,2022-06-07 04:00:00+00:00,2022-06-07 04:00:00+00:00,2022-06-08 04:00:00+00:00,1,23.93,22.727180882130533,26.335638235738934,23.93,tempo,0.0,-0.025863406673401434,96,24.0,1.202819117869467
AVAX,2022-06-12 16:00:00+00:00,2022-06-12 16:00:00+00:00,2022-06-13 00:15:00+00:00,1,19.0,17.185374890568884,22.629250218862232,17.185374890568884,stop,-1.0,-1.0129616269259294,33,8.25,1.814625109431116
AVAX,2022-07-04 08:00:00+00:00,2022-07-04 08:00:00+00:00,2022-07-04 12:00:00+00:00,-1,16.64,17.252528167497765,15.414943665004472,17.252528167497765,stop,-1.0,-1.0359659269203387,16,4.0,0.6125281674977643
AVAX,2022-07-14 04:00:00+00:00,2022-07-14 04:00:00+00:00,2022-07-14 11:15:00+00:00,-1,18.78,19.151779930830017,18.03644013833997,18.03644013833997,alvo,2.0,1.935632119688401,29,7.25,0.3717799308300158
AVAX,2022-07-15 04:00:00+00:00,2022-07-15 04:00:00+00:00,2022-07-16 04:00:00+00:00,-1,19.85,20.509772425433905,18.530455149132194,19.29,tempo,0.8487775154163418,0.8102172497561506,96,24.0,0.6597724254339035
AVAX,2022-07-18 12:00:00+00:00,2022-07-18 12:00:00+00:00,2022-07-19 00:15:00+00:00,-1,23.6,24.63281349183252,21.534373016334968,24.63281349183252,stop,-1.0,-1.0303552664809448,49,12.25,1.032813491832517
AVAX,2022-07-20 16:00:00+00:00,2022-07-20 16:00:00+00:00,2022-07-21 03:00:00+00:00,-1,25.47,26.69536142971343,23.019277140573138,23.019277140573138,alvo,2.0,1.974278584769276,44,11.0,1.2253614297134305
AVAX,2022-07-28 04:00:00+00:00,2022-07-28 04:00:00+00:00,2022-07-28 15:45:00+00:00,-1,22.94,23.854110872404192,21.11177825519162,23.854110872404192,stop,-1.0,-1.0332740513052487,47,11.75,0.9141108724041906
AVAX,2022-08-01 16:00:00+00:00,2022-08-01 16:00:00+00:00,2022-08-02 02:15:00+00:00,1,23.7,22.726907515656578,25.646184968686843,22.726907515656578,stop,-1.0,-1.0310119442609185,41,10.25,0.9730924843434217
AVAX,2022-08-05 16:00:00+00:00,2022-08-05 16:00:00+00:00,2022-08-06 00:00:00+00:00,-1,24.14,24.9449896876101,22.5300206247798,24.9449896876101,stop,-1.0,-1.0396343503376655,32,8.0,0.8049896876100995
AVAX,2022-08-16 00:00:00+00:00,2022-08-16 00:00:00+00:00,2022-08-17 00:00:00+00:00,1,27.87,26.81619441048836,29.97761117902328,27.09,tempo,-0.7401744759785083,-0.7740744669783239,96,24.0,1.05380558951164
AVAX,2022-08-27 16:00:00+00:00,2022-08-27 16:00:00+00:00,2022-08-28 04:15:00+00:00,1,20.17,19.72841763070792,21.053164738584165,19.72841763070792,stop,-1.0,-1.05872963520155,49,12.25,0.4415823692920817
AVAX,2022-08-30 12:00:00+00:00,2022-08-30 12:00:00+00:00,2022-08-31 12:00:00+00:00,-1,20.16,20.817635551527367,18.844728896945266,19.78,tempo,0.5778276419476475,0.5383513698092187,96,24.0,0.6576355515273669
AVAX,2022-09-07 04:00:00+00:00,2022-09-07 04:00:00+00:00,2022-09-08 04:00:00+00:00,1,18.23,17.63706195424272,19.41587609151456,18.93,tempo,1.180561788889739,1.1398256611056778,96,24.0,0.592938045757279
AVAX,2022-09-12 16:00:00+00:00,2022-09-12 16:00:00+00:00,2022-09-13 16:00:00+00:00,-1,21.14,22.086940460122914,19.246119079754173,19.63,tempo,1.5946092321411658,1.5666238401170884,96,24.0,0.9469404601229137
AVAX,2022-09-21 20:00:00+00:00,2022-09-21 20:00:00+00:00,2022-09-22 20:00:00+00:00,-1,17.02,18.084726892699752,14.890546214600494,17.64,tempo,-0.582308951009879,-0.6034683677152041,96,24.0,1.0647268926997526
AVAX,2022-09-27 16:00:00+00:00,2022-09-27 16:00:00+00:00,2022-09-28 16:00:00+00:00,-1,17.87,18.583949056331154,16.442101887337696,17.24,tempo,0.8824159012653534,0.8504507354070563,96,24.0,0.7139490563311526
AVAX,2022-09-30 16:00:00+00:00,2022-09-30 16:00:00+00:00,2022-10-01 16:00:00+00:00,-1,17.37,17.84066447048869,16.428671059022623,17.17,tempo,0.42493116124176544,0.3772305137365709,96,24.0,0.4706644704886891
AVAX,2022-10-10 04:00:00+00:00,2022-10-10 04:00:00+00:00,2022-10-10 22:15:00+00:00,-1,16.96,17.28604097894946,16.307918042101086,16.307918042101086,alvo,2.0,1.933676598576531,73,18.25,0.3260409789494574
AVAX,2022-10-13 12:00:00+00:00,2022-10-13 12:00:00+00:00,2022-10-13 12:45:00+00:00,1,14.98,14.34206383005689,16.25587233988622,14.34206383005689,stop,-1.0,-1.0298765650664339,3,0.75,0.6379361699431101
AVAX,2022-10-13 16:00:00+00:00,2022-10-13 16:00:00+00:00,2022-10-14 16:00:00+00:00,1,15.27,14.1642915725285,17.481416854943,15.91,tempo,0.5788144361561329,0.5604850108786699,96,24.0,1.1057084274714999
AVAX,2022-10-14 16:00:00+00:00,2022-10-14 16:00:00+00:00,2022-10-15 16:00:00+00:00,-1,15.91,16.50438800823016,14.721223983539684,15.67,tempo,0.40377665208055086,0.3692419715086448,96,24.0,0.5943880082301582
AVAX,2022-10-21 16:00:00+00:00,2022-10-21 16:00:00+00:00,2022-10-22 16:00:00+00:00,1,15.31,14.445971522515793,17.038056954968418,15.69,tempo,0.4398003189737972,0.41647932837558127,96,24.0,0.864028477484208
AVAX,2022-10-27 08:00:00+00:00,2022-10-27 08:00:00+00:00,2022-10-28 08:00:00+00:00,-1,17.199,17.61067395240015,16.375652095199708,17.173,tempo,0.06315677697949512,0.008886158521021974,96,24.0,0.4116739524001467
AVAX,2022-11-04 16:00:00+00:00,2022-11-04 16:00:00+00:00,2022-11-05 01:45:00+00:00,-1,19.041,19.853078738647806,17.41684252270439,19.853078738647806,stop,-1.0,-1.0311314038614245,39,9.75,0.8120787386478057
AVAX,2022-11-09 12:00:00+00:00,2022-11-09 12:00:00+00:00,2022-11-09 14:45:00+00:00,1,14.786,13.886927523119278,16.584144953761445,13.886927523119278,stop,-1.0,-1.0207295889589334,11,2.75,0.8990724768807219
AVAX,2022-11-15 20:00:00+00:00,2022-11-15 20:00:00+00:00,2022-11-16 20:00:00+00:00,-1,13.61,14.12814926754114,12.573701464917718,13.037,tempo,1.105858940453878,1.0724312178167428,96,24.0,0.5181492675411405
AVAX,2022-11-21 20:00:00+00:00,2022-11-21 20:00:00+00:00,2022-11-22 10:00:00+00:00,1,11.707,11.438919115182035,12.243161769635933,11.438919115182035,stop,-1.0,-1.05612055270216,56,14.0,0.2680808848179659
AVAX,2022-11-30 04:00:00+00:00,2022-11-30 04:00:00+00:00,2022-12-01 00:15:00+00:00,-1,12.668,13.191347348280203,11.621305303439591,13.191347348280203,stop,-1.0,-1.0321174375519768,81,20.25,0.523347348280204
AVAX,2022-12-03 04:00:00+00:00,2022-12-03 04:00:00+00:00,2022-12-03 19:30:00+00:00,-1,13.461,13.811342126078785,12.760315747842432,13.811342126078785,stop,-1.0,-1.0505991745279435,62,15.5,0.35034212607878423
AVAX,2022-12-16 00:00:00+00:00,2022-12-16 00:00:00+00:00,2022-12-16 09:00:00+00:00,1,13.17,12.991505353381115,13.52698929323777,12.991505353381115,stop,-1.0,-1.0952688430819222,36,9.0,0.17849464661888526
AVAX,2022-12-17 04:00:00+00:00,2022-12-17 04:00:00+00:00,2022-12-18 04:00:00+00:00,1,11.757,11.409529222517843,12.451941554964312,11.956,tempo,0.5727100317384792,0.5283510496344618,96,24.0,0.3474707774821564
AVAX,2022-12-25 16:00:00+00:00,2022-12-25 16:00:00+00:00,2022-12-25 22:00:00+00:00,1,11.545,11.468918920506553,11.697162158986893,11.697162158986893,alvo,2.0,1.801430191265323,24,6.0,0.07608107949344678
AVAX,2022-12-29 04:00:00+00:00,2022-12-29 04:00:00+00:00,2022-12-29 20:30:00+00:00,1,11.182,10.901826252987215,11.742347494025571,10.901826252987215,stop,-1.0,-1.0512342331053117,66,16.5,0.2801737470127854
AVAX,2022-12-30 16:00:00+00:00,2022-12-30 16:00:00+00:00,2022-12-31 16:00:00+00:00,1,10.765,10.476008079070144,11.342983841859713,10.965,tempo,0.6920608692328915,0.6431858004954913,96,24.0,0.28899192092985615
AVAX,2023-01-03 08:00:00+00:00,2023-01-03 08:00:00+00:00,2023-01-03 12:30:00+00:00,-1,11.271,11.39798174476509,11.017036510469822,11.39798174476509,stop,-1.0,-1.1160390271952563,18,4.5,0.1269817447650894
AVAX,2023-01-04 12:00:00+00:00,2023-01-04 12:00:00+00:00,2023-01-04 15:45:00+00:00,-1,11.764,12.041871481088046,11.208257037823905,12.041871481088046,stop,-1.0,-1.055686954278709,15,3.75,0.27787148108804693
AVAX,2023-01-04 20:00:00+00:00,2023-01-04 20:00:00+00:00,2023-01-05 20:00:00+00:00,-1,12.135,12.36398769691296,11.677024606174081,11.831,tempo,1.327582241746175,1.259552822655064,96,24.0,0.2289876969129594
AVAX,2023-01-06 16:00:00+00:00,2023-01-06 16:00:00+00:00,2023-01-07 16:00:00+00:00,1,11.594,11.249726425422464,12.28254714915507,11.718,tempo,0.3601786752066678,0.3161648410964132,96,24.0,0.34427357457753516
AVAX,2023-01-14 00:00:00+00:00,2023-01-14 00:00:00+00:00,2023-01-14 00:45:00+00:00,-1,15.956,16.77531785684774,14.317364286304521,16.77531785684774,stop,-1.0,-1.0259671584466696,3,0.75,0.8193178568477393
AVAX,2023-01-26 16:00:00+00:00,2023-01-26 16:00:00+00:00,2023-01-27 16:00:00+00:00,-1,18.059,18.98532984677802,16.206340306443966,18.056,tempo,0.0032385872164594344,-0.022103087870066637,96,24.0,0.9263298467780174
AVAX,2023-01-30 12:00:00+00:00,2023-01-30 12:00:00+00:00,2023-01-31 12:00:00+00:00,-1,19.977,21.512375230660563,16.906249538678875,19.514,tempo,0.3015549494053027,0.28483646294844067,96,24.0,1.5353752306605628
AVAX,2023-02-13 20:00:00+00:00,2023-02-13 20:00:00+00:00,2023-02-14 20:00:00+00:00,1,17.379,16.67873180858521,18.779536382829587,18.083,tempo,1.005329113375355,0.972412724650872,96,24.0,0.7002681914147928
AVAX,2023-02-27 16:00:00+00:00,2023-02-27 16:00:00+00:00,2023-02-28 08:00:00+00:00,-1,18.315,18.73341909142427,17.478161817151463,17.478161817151463,alvo,2.0,1.9443965257370208,64,16.0,0.41841909142426914
AVAX,2023-03-08 16:00:00+00:00,2023-03-08 16:00:00+00:00,2023-03-08 18:30:00+00:00,1,15.891,15.4347703703719,16.8034592592562,15.4347703703719,stop,-1.0,-1.0446304874090266,10,2.5,0.45622962962809943
AVAX,2023-03-10 04:00:00+00:00,2023-03-10 04:00:00+00:00,2023-03-10 10:15:00+00:00,1,14.458,14.008916083087088,15.356167833825824,14.008916083087088,stop,-1.0,-1.0412027568949767,25,6.25,0.4490839169129117
AVAX,2023-03-10 12:00:00+00:00,2023-03-10 12:00:00+00:00,2023-03-11 12:00:00+00:00,1,14.374,13.740984660818034,15.640030678363933,14.171,tempo,-0.32068733162506646,-0.34999823272262487,96,24.0,0.6330153391819664
AVAX,2023-03-22 16:00:00+00:00,2023-03-22 16:00:00+00:00,2023-03-22 19:15:00+00:00,-1,17.629,18.048048626500517,16.79090274699897,16.79090274699897,alvo,2.0,1.9466101655734176,13,3.25,0.41904862650051555
AVAX,2023-03-31 16:00:00+00:00,2023-03-31 16:00:00+00:00,2023-04-01 02:15:00+00:00,-1,17.542,17.882153117457932,16.86169376508414,17.882153117457932,stop,-1.0,-1.0676921608081262,41,10.25,0.3401531174579304
AVAX,2023-04-05 16:00:00+00:00,2023-04-05 16:00:00+00:00,2023-04-06 16:00:00+00:00,-1,17.822,18.481049396560536,16.503901206878925,18.238,tempo,-0.6312121703942548,-0.666777031119906,96,24.0,0.6590493965605368
AVAX,2023-04-07 16:00:00+00:00,2023-04-07 16:00:00+00:00,2023-04-08 16:00:00+00:00,1,17.657,17.32131892839213,18.328362143215738,17.652,tempo,-0.014895090676545,-0.08326608904731515,96,24.0,0.3356810716078691
AVAX,2023-04-12 16:00:00+00:00,2023-04-12 16:00:00+00:00,2023-04-13 09:15:00+00:00,-1,18.132,18.829796917410317,16.73640616517937,18.829796917410317,stop,-1.0,-1.0344300288477621,69,17.25,0.6977969174103151
AVAX,2023-04-13 12:00:00+00:00,2023-04-13 12:00:00+00:00,2023-04-13 18:00:00+00:00,-1,18.684,19.000479388566053,18.051041222867898,19.000479388566053,stop,-1.0,-1.0773981260313756,24,6.0,0.3164793885660515
AVAX,2023-04-13 20:00:00+00:00,2023-04-13 20:00:00+00:00,2023-04-14 00:45:00+00:00,-1,18.918,19.17997717906788,18.39404564186424,19.17997717906788,stop,-1.0,-1.0945261158033068,19,4.75,0.26197717906788043
AVAX,2023-04-17 16:00:00+00:00,2023-04-17 16:00:00+00:00,2023-04-18 06:45:00+00:00,-1,20.742,21.488355191579632,19.249289616840738,21.488355191579632,stop,-1.0,-1.0367783746722932,59,14.75,0.7463551915796316
AVAX,2023-04-27 00:00:00+00:00,2023-04-27 00:00:00+00:00,2023-04-28 00:00:00+00:00,1,17.168,16.033456481227194,19.43708703754561,17.712,tempo,0.4794879975943327,0.45950463016518067,96,24.0,1.134543518772805
AVAX,2023-05-05 20:00:00+00:00,2023-05-05 20:00:00+00:00,2023-05-06 00:45:00+00:00,-1,17.364,17.46660382270665,17.158792354586705,17.46660382270665,stop,-1.0,-1.220653498939201,19,4.75,0.10260382270664792
AVAX,2023-05-10 20:00:00+00:00,2023-05-10 20:00:00+00:00,2023-05-11 20:00:00+00:00,1,15.488,14.539133557470958,17.385732885058083,14.913,tempo,-0.605986231810912,-0.6268117654311456,96,24.0,0.9488664425290416
AVAX,2023-05-12 20:00:00+00:00,2023-05-12 20:00:00+00:00,2023-05-13 20:00:00+00:00,1,14.938,14.41622244789153,15.981555104216943,14.942,tempo,0.007666102123090203,-0.02955665673557838,96,24.0,0.5217775521084711
AVAX,2023-05-22 00:00:00+00:00,2023-05-22 00:00:00+00:00,2023-05-22 01:00:00+00:00,1,14.305,14.065156705284416,14.784686589431168,14.065156705284416,stop,-1.0,-1.076886042948595,4,1.0,0.23984329471558397
AVAX,2023-05-25 04:00:00+00:00,2023-05-25 04:00:00+00:00,2023-05-26 04:00:00+00:00,1,14.106,13.583885406987056,15.150229186025888,14.091,tempo,-0.028729325325769436,-0.063832826061566,96,24.0,0.5221145930129438
AVAX,2023-06-01 04:00:00+00:00,2023-06-01 04:00:00+00:00,2023-06-02 04:00:00+00:00,1,14.017,13.752355346835783,14.546289306328433,14.255,tempo,0.899319132861219,0.8298796041185132,96,24.0,0.2646446531642166
AVAX,2023-06-05 00:00:00+00:00,2023-06-05 00:00:00+00:00,2023-06-05 15:45:00+00:00,-1,14.782,14.9729146296771,14.400170740645802,14.400170740645802,alvo,2.0,1.9006445393236666,63,15.75,0.19091462967709916
AVAX,2023-06-08 08:00:00+00:00,2023-06-08 08:00:00+00:00,2023-06-09 02:30:00+00:00,1,13.903,13.718077872197929,14.272844255604143,13.718077872197929,stop,-1.0,-1.0970878976481664,74,18.5,0.1849221278020714
AVAX,2023-06-13 16:00:00+00:00,2023-06-13 16:00:00+00:00,2023-06-14 16:00:00+00:00,-1,11.621,12.141896777733734,10.579206444532533,11.89,tempo,-0.5164170935561143,-0.5457552477802354,96,24.0,0.5208967777337339
AVAX,2023-06-19 20:00:00+00:00,2023-06-19 20:00:00+00:00,2023-06-20 20:00:00+00:00,1,11.392,11.07818615941682,12.019627681166359,11.887,tempo,1.5773682864978547,1.5291506872616945,96,24.0,0.3138138405831796
AVAX,2023-07-07 04:00:00+00:00,2023-07-07 04:00:00+00:00,2023-07-08 04:00:00+00:00,1,12.587,12.103377191915444,13.554245616169112,13.333,tempo,1.5425244374942104,1.5076873708415262,96,24.0,0.48362280808455615
AVAX,2023-07-31 00:00:00+00:00,2023-07-31 00:00:00+00:00,2023-07-31 20:00:00+00:00,1,13.121,12.832404302397311,13.698191395205379,12.832404302397311,stop,-1.0,-1.058454484722717,80,20.0,0.2885956976026893
AVAX,2023-08-14 04:00:00+00:00,2023-08-14 04:00:00+00:00,2023-08-15 04:00:00+00:00,1,12.308,12.124933915053576,12.674132169892847,12.324,tempo,0.08740013205986578,-5.899508914032625e-05,96,24.0,0.1830660849464234
AVAX,2023-08-17 00:00:00+00:00,2023-08-17 00:00:00+00:00,2023-08-17 21:45:00+00:00,1,11.376,10.967683718257316,12.192632563485367,10.967683718257316,stop,-1.0,-1.0355689818561282,87,21.75,0.40831628174268353
AVAX,2023-08-23 00:00:00+00:00,2023-08-23 00:00:00+00:00,2023-08-24 00:00:00+00:00,1,10.135,9.623626998898656,11.157746002202687,10.325,tempo,0.3715487512848676,0.34554229421467036,96,24.0,0.5113730011013438
AVAX,2023-09-06 20:00:00+00:00,2023-09-06 20:00:00+00:00,2023-09-07 20:00:00+00:00,-1,9.898,10.093108073263279,9.507783853473441,9.968,tempo,-0.3587755177385311,-0.4249588374957577,96,24.0,0.19510807326327928
AVAX,2023-09-11 12:00:00+00:00,2023-09-11 12:00:00+00:00,2023-09-12 12:00:00+00:00,1,9.19,8.935285214044143,9.699429571911713,9.462,tempo,1.0678610547843859,1.020263503843228,96,24.0,0.2547147859558567
AVAX,2023-09-16 04:00:00+00:00,2023-09-16 04:00:00+00:00,2023-09-17 01:15:00+00:00,-1,9.502,9.649639043207307,9.206721913585389,9.206721913585389,alvo,2.0,1.9176324298799796,85,21.25,0.14763904320730603
AVAX,2023-09-18 04:00:00+00:00,2023-09-18 04:00:00+00:00,2023-09-19 04:00:00+00:00,1,9.119,8.75745957378095,9.842080852438098,9.138,tempo,0.052552905905157224,0.019729328956641867,96,24.0,0.36154042621904914
AVAX,2023-09-22 04:00:00+00:00,2023-09-22 04:00:00+00:00,2023-09-23 04:00:00+00:00,1,8.864,8.663285954216102,9.265428091567799,8.858,tempo,-0.029893274168067915,-0.0872848730221032,96,24.0,0.20071404578389895
AVAX,2023-09-25 04:00:00+00:00,2023-09-25 04:00:00+00:00,2023-09-26 04:00:00+00:00,1,8.776,8.571194548674107,9.185610902651785,9.011,tempo,1.1474303954246823,1.090979017176928,96,24.0,0.20480545132589256
AVAX,2023-09-27 20:00:00+00:00,2023-09-27 20:00:00+00:00,2023-09-28 16:00:00+00:00,1,8.94,8.773385971964007,9.273228056071984,9.273228056071984,alvo,2.0,1.9289459694600901,80,20.0,0.16661402803599223
AVAX,2023-10-04 12:00:00+00:00,2023-10-04 12:00:00+00:00,2023-10-04 16:30:00+00:00,-1,9.711,9.892372304129163,9.348255391741676,9.892372304129163,stop,-1.0,-1.070254342628904,18,4.5,0.1813723041291624
AVAX,2023-10-05 00:00:00+00:00,2023-10-05 00:00:00+00:00,2023-10-06 00:00:00+00:00,-1,10.093,10.395772776057358,9.487454447885284,10.126,tempo,-0.10899262618561148,-0.15239926984471736,96,24.0,0.302772776057358
AVAX,2023-10-06 12:00:00+00:00,2023-10-06 12:00:00+00:00,2023-10-07 01:30:00+00:00,-1,10.626,10.866609759628613,10.144780480742773,10.866609759628613,stop,-1.0,-1.058061636258321,54,13.5,0.24060975962861342
AVAX,2023-10-07 08:00:00+00:00,2023-10-07 08:00:00+00:00,2023-10-08 08:00:00+00:00,-1,10.776,11.998602513331177,8.330794973337646,10.218,tempo,0.45640344585881737,0.4452419278256023,96,24.0,1.2226025133311769
AVAX,2023-10-16 16:00:00+00:00,2023-10-16 16:00:00+00:00,2023-10-17 16:00:00+00:00,-1,9.311,9.875466891020364,8.182066217959271,9.132,tempo,0.3171133734282077,0.2958757239031313,96,24.0,0.5644668910203645
AVAX,2023-10-20 12:00:00+00:00,2023-10-20 12:00:00+00:00,2023-10-21 07:30:00+00:00,-1,9.241,9.425388406803874,8.872223186392251,9.425388406803874,stop,-1.0,-1.0658021438263632,78,19.5,0.18438840680387436
AVAX,2023-10-21 20:00:00+00:00,2023-10-21 20:00:00+00:00,2023-10-22 05:45:00+00:00,-1,9.657,9.857857789586637,9.255284420826726,9.857857789586637,stop,-1.0,-1.0631524303306144,39,9.75,0.20085778958663703
AVAX,2023-10-23 08:00:00+00:00,2023-10-23 08:00:00+00:00,2023-10-23 22:45:00+00:00,-1,10.153,10.4673871308401,9.524225738319801,10.4673871308401,stop,-1.0,-1.042632952561481,59,14.75,0.3143871308400996
AVAX,2023-10-27 20:00:00+00:00,2023-10-27 20:00:00+00:00,2023-10-28 20:00:00+00:00,1,10.579,10.164656709493503,11.407686581012996,10.917,tempo,0.8157486985895787,0.7820269023878832,96,24.0,0.41434329050649765
AVAX,2023-11-02 00:00:00+00:00,2023-11-02 00:00:00+00:00,2023-11-02 03:30:00+00:00,-1,12.238,12.469848319864058,11.774303360271883,12.469848319864058,stop,-1.0,-1.0692698632335498,14,3.5,0.23184831986405818
AVAX,2023-11-05 16:00:00+00:00,2023-11-05 16:00:00+00:00,2023-11-06 09:00:00+00:00,-1,12.276,12.772456634541353,11.283086730917294,12.772456634541353,stop,-1.0,-1.0327954058414255,68,17.0,0.496456634541353
AVAX,2023-11-09 20:00:00+00:00,2023-11-09 20:00:00+00:00,2023-11-10 20:00:00+00:00,1,12.728,11.457110110449916,15.269779779100167,14.53,tempo,1.4179041117700115,1.4039629354763892,96,24.0,1.2708898895500838
AVAX,2023-11-12 00:00:00+00:00,2023-11-12 00:00:00+00:00,2023-11-12 01:00:00+00:00,-1,16.808,17.255217813807995,15.913564372384009,15.913564372384009,alvo,2.0,1.9524414811186814,4,1.0,0.4472178138079954
AVAX,2023-11-12 12:00:00+00:00,2023-11-12 12:00:00+00:00,2023-11-12 23:00:00+00:00,-1,18.542,19.368633789513165,16.888732420973675,19.368633789513165,stop,-1.0,-1.0298099500356694,44,11.0,0.8266337895131635
AVAX,2023-11-13 00:00:00+00:00,2023-11-13 00:00:00+00:00,2023-11-13 21:15:00+00:00,-1,18.984,20.080275960774895,16.791448078450216,16.791448078450216,alvo,2.0,1.978788149988662,85,21.25,1.0962759607748929
AVAX,2023-11-16 12:00:00+00:00,2023-11-16 12:00:00+00:00,2023-11-17 02:15:00+00:00,-1,23.182,24.48947210536816,20.567055789263673,24.48947210536816,stop,-1.0,-1.0236995166025082,57,14.25,1.3074721053681628
AVAX,2023-11-17 04:00:00+00:00,2023-11-17 04:00:00+00:00,2023-11-17 15:45:00+00:00,-1,23.545,25.15291268295828,20.329174634083444,20.329174634083444,alvo,2.0,1.9822638294887471,47,11.75,1.607912682958279
AVAX,2023-11-24 20:00:00+00:00,2023-11-24 20:00:00+00:00,2023-11-25 20:00:00+00:00,-1,21.016,22.061596063622005,18.924807872755984,21.154,tempo,-0.13198213421152474,-0.15819732471735776,96,24.0,1.045596063622007
AVAX,2023-12-05 04:00:00+00:00,2023-12-05 04:00:00+00:00,2023-12-05 18:15:00+00:00,-1,22.75,23.51654881348766,21.21690237302468,23.51654881348766,stop,-1.0,-1.0392320178436374,57,14.25,0.7665488134876597
AVAX,2023-12-07 12:00:00+00:00,2023-12-07 12:00:00+00:00,2023-12-08 12:00:00+00:00,-1,26.532,28.32395709812387,22.94808580375226,27.553,tempo,-0.5697681049780488,-0.5893864597013881,96,24.0,1.79195709812387
AVAX,2023-12-29 04:00:00+00:00,2023-12-29 04:00:00+00:00,2023-12-30 04:00:00+00:00,1,41.092,38.07781502856687,47.12036994286626,39.783,tempo,-0.4342799172598944,-0.45172036981944835,96,24.0,3.0141849714331315
AVAX,2024-01-05 20:00:00+00:00,2024-01-05 20:00:00+00:00,2024-01-06 05:30:00+00:00,1,35.787,34.50228063170436,38.35643873659128,34.50228063170436,stop,-1.0,-1.0355626555791864,38,9.5,1.2847193682956402
AVAX,2024-01-11 16:00:00+00:00,2024-01-11 16:00:00+00:00,2024-01-12 16:00:00+00:00,-1,39.495,42.28157791533968,33.92184416932063,37.4,tempo,0.7518182027020831,0.7338815967579758,96,24.0,2.7865779153396844
AVAX,2024-01-13 00:00:00+00:00,2024-01-13 00:00:00+00:00,2024-01-14 00:00:00+00:00,1,35.931,33.65098908172228,40.49102183655543,36.476,tempo,0.23903394305308223,0.21839169541176315,96,24.0,2.2800109182777177
AVAX,2024-01-19 20:00:00+00:00,2024-01-19 20:00:00+00:00,2024-01-20 20:00:00+00:00,1,32.728,30.90140551431032,36.381188971379366,32.345,tempo,-0.20967981837270805,-0.23283627172421886,96,24.0,1.8265944856896823
AVAX,2024-01-22 08:00:00+00:00,2024-01-22 08:00:00+00:00,2024-01-22 08:45:00+00:00,1,31.984,31.415784057497007,33.12043188500599,31.415784057497007,stop,-1.0,-1.0725249971970925,3,0.75,0.5682159425029951
AVAX,2024-01-23 16:00:00+00:00,2024-01-23 16:00:00+00:00,2024-01-24 16:00:00+00:00,1,29.073,26.88200721417723,33.454985571645544,30.977,tempo,0.8690124460108621,0.8511974626605896,96,24.0,2.190992785822772
AVAX,2024-01-24 16:00:00+00:00,2024-01-24 16:00:00+00:00,2024-01-25 16:00:00+00:00,-1,30.977,32.18360196264454,28.563796074710925,29.79,tempo,0.9837544084533277,0.9510190481416056,96,24.0,1.2066019626445375
AVAX,2024-01-28 08:00:00+00:00,2024-01-28 08:00:00+00:00,2024-01-28 08:45:00+00:00,-1,35.673,36.67236438941842,33.67427122116317,36.67236438941842,stop,-1.0,-1.0470543951245732,3,0.75,0.9993643894184174
AVAX,2024-02-10 00:00:00+00:00,2024-02-10 00:00:00+00:00,2024-02-10 01:30:00+00:00,-1,38.009,38.852395916956254,36.32220816608749,38.852395916956254,stop,-1.0,-1.059236600914933,6,1.5,0.8433959169562542
AVAX,2024-02-23 20:00:00+00:00,2024-02-23 20:00:00+00:00,2024-02-24 20:00:00+00:00,1,36.433,34.90522007052318,39.48855985895364,36.78,tempo,0.22712695284511902,0.19597819307819608,96,24.0,1.5277799294768215
AVAX,2024-02-27 04:00:00+00:00,2024-02-27 04:00:00+00:00,2024-02-28 04:00:00+00:00,-1,39.248,40.26097880788256,37.222042384234875,39.192,tempo,0.0552824990653602,0.004949758041314006,96,24.0,1.0129788078825612
AVAX,2024-02-28 12:00:00+00:00,2024-02-28 12:00:00+00:00,2024-02-28 16:45:00+00:00,-1,39.617,40.96435279854343,36.92229440291313,40.96435279854343,stop,-1.0,-1.038874658052202,19,4.75,1.347352798543433
AVAX,2024-03-11 16:00:00+00:00,2024-03-11 16:00:00+00:00,2024-03-11 21:15:00+00:00,-1,46.738,49.27545084220156,41.66309831559688,49.27545084220156,stop,-1.0,-1.024595055009335,21,5.25,2.537450842201558
AVAX,2024-03-12 04:00:00+00:00,2024-03-12 04:00:00+00:00,2024-03-12 15:15:00+00:00,-1,48.057,51.72289399640545,40.7252120071891,51.72289399640545,stop,-1.0,-1.0176919821362151,45,11.25,3.665893996405451
AVAX,2024-03-14 20:00:00+00:00,2024-03-14 20:00:00+00:00,2024-03-15 01:30:00+00:00,1,51.68,49.725760071148656,55.58847985770269,55.58847985770269,alvo,2.0,1.9643214167932341,22,5.5,1.9542399288513437
AVAX,2024-03-15 12:00:00+00:00,2024-03-15 12:00:00+00:00,2024-03-16 07:15:00+00:00,1,51.564,47.24199467665452,60.20801064669096,60.20801064669096,alvo,2.0,1.9831902551049816,77,19.25,4.322005323345479
AVAX,2024-03-16 12:00:00+00:00,2024-03-16 12:00:00+00:00,2024-03-16 19:00:00+00:00,-1,59.224,62.46527761934483,52.741444761310326,52.741444761310326,alvo,2.0,1.9775466505366601,28,7.0,3.241277619344835
AVAX,2024-04-01 20:00:00+00:00,2024-04-01 20:00:00+00:00,2024-04-02 02:30:00+00:00,1,51.508,49.83140241977134,54.861195160457335,49.83140241977134,stop,-1.0,-1.0392882659199993,26,6.5,1.6765975802286661
AVAX,2024-04-03 04:00:00+00:00,2024-04-03 04:00:00+00:00,2024-04-04 04:00:00+00:00,1,47.699,44.733794329591134,53.629411340817725,46.101,tempo,-0.5389170862403131,-0.5594788977222104,96,24.0,2.9652056704088636
AVAX,2024-04-05 08:00:00+00:00,2024-04-05 08:00:00+00:00,2024-04-05 10:45:00+00:00,1,45.417,44.371817699455,47.50736460109,44.371817699455,stop,-1.0,-1.0558397625698532,11,2.75,1.045182300545001
AVAX,2024-04-05 16:00:00+00:00,2024-04-05 16:00:00+00:00,2024-04-06 16:00:00+00:00,1,45.558,43.64989424662225,49.37421150675549,48.13,tempo,1.3479336747698727,1.316018672211865,96,24.0,1.9081057533777468
AVAX,2024-04-10 16:00:00+00:00,2024-04-10 16:00:00+00:00,2024-04-11 16:00:00+00:00,1,46.648,44.72462236833534,50.49475526332933,46.115,tempo,-0.2771166676918745,-0.3084656596980956,96,24.0,1.923377631664664
AVAX,2024-04-14 00:00:00+00:00,2024-04-14 00:00:00+00:00,2024-04-15 00:00:00+00:00,1,33.89,27.686665708449183,46.296668583101635,37.248,tempo,0.5413217863454052,0.5338677788992838,96,24.0,6.203334291550817
AVAX,2024-04-26 04:00:00+00:00,2024-04-26 04:00:00+00:00,2024-04-26 22:30:00+00:00,1,35.451,34.41916799228899,37.51466401542202,34.41916799228899,stop,-1.0,-1.0440145380794463,74,18.5,1.0318320077110101
AVAX,2024-05-14 08:00:00+00:00,2024-05-14 08:00:00+00:00,2024-05-15 01:00:00+00:00,1,32.647,31.37419940492719,35.192601190145616,31.37419940492719,stop,-1.0,-1.0326946575718896,68,17.0,1.272800595072809
AVAX,2024-05-17 12:00:00+00:00,2024-05-17 12:00:00+00:00,2024-05-18 12:00:00+00:00,-1,36.541,37.84194918756255,33.939101624874894,37.459,tempo,-0.7056386281465491,-0.7426116325189334,96,24.0,1.3009491875625514
AVAX,2024-05-24 00:00:00+00:00,2024-05-24 00:00:00+00:00,2024-05-25 00:00:00+00:00,1,38.523,35.61128057214737,44.346438855705266,38.014,tempo,-0.17481079912132316,-0.19189659712923407,96,24.0,2.9117194278526313
AVAX,2024-05-30 12:00:00+00:00,2024-05-30 12:00:00+00:00,2024-05-31 12:00:00+00:00,1,36.587,35.08746734230735,39.58606531538531,36.336,tempo,-0.16738548421227514,-0.19899529928154797,96,24.0,1.4995326576926544
AVAX,2024-06-11 20:00:00+00:00,2024-06-11 20:00:00+00:00,2024-06-12 20:00:00+00:00,1,31.584,30.361967864502716,34.02806427099456,32.684,tempo,0.9001399947247487,0.86595578729963,96,24.0,1.2220321354972832
AVAX,2024-06-12 20:00:00+00:00,2024-06-12 20:00:00+00:00,2024-06-13 20:00:00+00:00,-1,32.683,34.25958072010625,29.5298385597875,31.478,tempo,0.7643122769627616,0.7378596827706994,96,24.0,1.57658072010625
AVAX,2024-07-04 16:00:00+00:00,2024-07-04 16:00:00+00:00,2024-07-04 23:45:00+00:00,1,25.6,24.62686465169215,27.546270696615707,24.62686465169215,stop,-1.0,-1.033548737162173,31,7.75,0.9731353483078529
AVAX,2024-07-16 20:00:00+00:00,2024-07-16 20:00:00+00:00,2024-07-17 20:00:00+00:00,-1,28.207,29.492253865271223,25.636492269457555,27.871,tempo,0.26142695157668105,0.2330662510295499,96,24.0,1.2852538652712227
AVAX,2024-07-25 20:00:00+00:00,2024-07-25 20:00:00+00:00,2024-07-26 07:30:00+00:00,1,26.737,25.990093933169195,28.230812133661605,28.230812133661605,alvo,2.0,1.9521638938635455,46,11.5,0.7469060668308032
AVAX,2024-08-01 20:00:00+00:00,2024-08-01 20:00:00+00:00,2024-08-02 15:15:00+00:00,1,24.792,23.790193576801983,26.79561284639604,23.790193576801983,stop,-1.0,-1.0315214846837526,77,19.25,1.001806423198019
AVAX,2024-08-02 16:00:00+00:00,2024-08-02 16:00:00+00:00,2024-08-03 01:15:00+00:00,1,24.099,23.202434023209374,25.892131953581252,23.202434023209374,stop,-1.0,-1.034292994504593,37,9.25,0.896565976790626
AVAX,2024-08-03 04:00:00+00:00,2024-08-03 04:00:00+00:00,2024-08-03 17:15:00+00:00,1,23.708,22.776691794398758,25.57061641120248,22.776691794398758,stop,-1.0,-1.0324436631016827,53,13.25,0.9313082056012405
AVAX,2024-08-04 20:00:00+00:00,2024-08-04 20:00:00+00:00,2024-08-05 01:00:00+00:00,1,21.8,20.363105460625448,24.673789078749106,20.363105460625448,stop,-1.0,-1.019073089776885,20,5.0,1.4368945393745527
AVAX,2024-08-05 08:00:00+00:00,2024-08-05 08:00:00+00:00,2024-08-06 08:00:00+00:00,1,19.022,16.89048604987695,23.285027900246092,21.007,tempo,0.9312629644696503,0.9190562181809394,96,24.0,2.131513950123047
AVAX,2024-08-14 16:00:00+00:00,2024-08-14 16:00:00+00:00,2024-08-15 16:00:00+00:00,-1,21.284,22.00278769864557,19.846424602708858,20.901,tempo,0.5328416175202991,0.4946937053458578,96,24.0,0.7187876986455706
AVAX,2024-08-19 00:00:00+00:00,2024-08-19 00:00:00+00:00,2024-08-20 00:00:00+00:00,-1,20.804,21.61351428833846,19.184971423323073,21.196,tempo,-0.48424098950073824,-0.5179649155552537,96,24.0,0.8095142883384625
AVAX,2024-08-20 16:00:00+00:00,2024-08-20 16:00:00+00:00,2024-08-20 18:00:00+00:00,-1,21.768,22.34062692109794,20.622746157804123,22.34062692109794,stop,-1.0,-1.050068563740841,8,2.0,0.5726269210979389
AVAX,2024-08-23 16:00:00+00:00,2024-08-23 16:00:00+00:00,2024-08-24 10:00:00+00:00,-1,26.105,27.050648933697477,24.213702132605047,27.050648933697477,stop,-1.0,-1.036536996527674,72,18.0,0.9456489336974769
AVAX,2024-08-28 12:00:00+00:00,2024-08-28 12:00:00+00:00,2024-08-28 16:45:00+00:00,1,24.665,23.241512902697266,27.511974194605465,23.241512902697266,stop,-1.0,-1.0218753183262124,19,4.75,1.4234870973027327
AVAX,2024-09-01 16:00:00+00:00,2024-09-01 16:00:00+00:00,2024-09-01 22:30:00+00:00,1,22.418,21.6982255325366,23.857548934926797,21.6982255325366,stop,-1.0,-1.039839627400519,26,6.5,0.7197744674633988
AVAX,2024-09-04 04:00:00+00:00,2024-09-04 04:00:00+00:00,2024-09-05 04:00:00+00:00,1,21.43,20.306731337898555,23.67653732420289,21.692,tempo,0.23324784963718553,0.2082945139431567,96,24.0,1.1232686621014452
AVAX,2024-09-09 12:00:00+00:00,2024-09-09 12:00:00+00:00,2024-09-10 12:00:00+00:00,-1,23.708,24.500424030944128,22.12315193811174,24.059,tempo,-0.44294466888113615,-0.48212640591529365,96,24.0,0.7924240309441295
AVAX,2024-09-11 16:00:00+00:00,2024-09-11 16:00:00+00:00,2024-09-12 16:00:00+00:00,1,23.317,22.701544011706726,24.547911976586548,23.452,tempo,0.2193495596238672,0.16995553214141135,96,24.0,0.6154559882932737
AVAX,2024-09-13 12:00:00+00:00,2024-09-13 12:00:00+00:00,2024-09-13 15:30:00+00:00,-1,23.844,24.344446050137016,22.843107899725972,24.344446050137016,stop,-1.0,-1.0625891440725996,14,3.5,0.5004460501370147
AVAX,2024-09-20 12:00:00+00:00,2024-09-20 12:00:00+00:00,2024-09-21 12:00:00+00:00,-1,28.118,29.00815213501064,26.337695729978716,27.575,tempo,0.6100080858577146,0.569340374602304,96,24.0,0.8901521350106414
AVAX,2024-09-26 20:00:00+00:00,2024-09-26 20:00:00+00:00,2024-09-27 06:15:00+00:00,-1,28.909,29.596052373146655,27.534895253706686,29.596052373146655,stop,-1.0,-1.055349905667858,41,10.25,0.6870523731466562
AVAX,2024-09-29 16:00:00+00:00,2024-09-29 16:00:00+00:00,2024-09-30 10:15:00+00:00,1,28.818,28.093342058306195,30.267315883387614,28.093342058306195,stop,-1.0,-1.0510480465465313,73,18.25,0.7246579416938062
AVAX,2024-10-03 16:00:00+00:00,2024-10-03 16:00:00+00:00,2024-10-04 12:45:00+00:00,1,24.355,23.638288579123746,25.78842284175251,25.78842284175251,alvo,2.0,1.9545239214867114,83,20.75,0.7167114208762548
AVAX,2024-10-09 16:00:00+00:00,2024-10-09 16:00:00+00:00,2024-10-10 14:30:00+00:00,1,26.188,25.50492761276463,27.55414477447074,25.50492761276463,stop,-1.0,-1.0491901057284565,90,22.5,0.6830723872353701
AVAX,2024-10-23 20:00:00+00:00,2024-10-23 20:00:00+00:00,2024-10-24 20:00:00+00:00,1,26.58,25.709996922767925,28.320006154464146,27.034,tempo,0.5218372346962353,0.4817809395956791,96,24.0,0.8700030772320737
AVAX,2024-10-25 20:00:00+00:00,2024-10-25 20:00:00+00:00,2024-10-25 23:15:00+00:00,1,25.884,25.244863516399132,27.162272967201737,25.244863516399132,stop,-1.0,-1.0519979098962116,13,3.25,0.6391364836008684
AVAX,2024-10-29 20:00:00+00:00,2024-10-29 20:00:00+00:00,2024-10-30 20:00:00+00:00,-1,26.581,27.294182139932847,25.154635720134305,26.149,tempo,0.6057358643903722,0.557677313732854,96,24.0,0.7131821399328473
AVAX,2024-11-01 04:00:00+00:00,2024-11-01 04:00:00+00:00,2024-11-01 07:15:00+00:00,1,24.866,24.42487454765697,25.74825090468606,24.42487454765697,stop,-1.0,-1.0726302875651406,13,3.25,0.44112545234303013
AVAX,2024-11-01 08:00:00+00:00,2024-11-01 08:00:00+00:00,2024-11-01 13:45:00+00:00,1,24.651,24.247054116920832,25.458891766158334,25.458891766158334,alvo,2.0,1.9193668483517645,23,5.75,0.40394588307916734
AVAX,2024-11-05 20:00:00+00:00,2024-11-05 20:00:00+00:00,2024-11-06 01:00:00+00:00,-1,23.69,24.62858058882745,21.812838822345103,24.62858058882745,stop,-1.0,-1.0334623129399831,20,5.0,0.938580588827449
AVAX,2024-11-06 08:00:00+00:00,2024-11-06 08:00:00+00:00,2024-11-06 21:30:00+00:00,-1,25.882,26.774021850834444,24.097956298331116,26.774021850834444,stop,-1.0,-1.038369479594054,54,13.5,0.8920218508344426
AVAX,2024-11-09 04:00:00+00:00,2024-11-09 04:00:00+00:00,2024-11-09 23:15:00+00:00,-1,28.679,29.887532637358376,26.261934725283243,29.887532637358376,stop,-1.0,-1.031499559910515,77,19.25,1.2085326373583776
AVAX,2024-11-10 04:00:00+00:00,2024-11-10 04:00:00+00:00,2024-11-10 04:45:00+00:00,-1,30.485,30.90286461596681,29.64927076806638,30.90286461596681,stop,-1.0,-1.095490526059636,3,0.75,0.4178646159668098
AVAX,2024-11-10 20:00:00+00:00,2024-11-10 20:00:00+00:00,2024-11-11 16:45:00+00:00,-1,32.06,33.63770879219802,28.90458241560397,33.63770879219802,stop,-1.0,-1.0270667888308054,83,20.75,1.5777087921980169
AVAX,2024-11-16 16:00:00+00:00,2024-11-16 16:00:00+00:00,2024-11-17 04:45:00+00:00,-1,34.599,36.106606393664805,31.58378721267038,36.106606393664805,stop,-1.0,-1.0304845113081287,51,12.75,1.5076063936648083
AVAX,2024-12-03 16:00:00+00:00,2024-12-03 16:00:00+00:00,2024-12-04 07:30:00+00:00,-1,50.185,54.80039204260714,40.95421591478572,54.80039204260714,stop,-1.0,-1.0147854189195047,62,15.5,4.615392042607141
AVAX,2024-12-12 20:00:00+00:00,2024-12-12 20:00:00+00:00,2024-12-13 20:00:00+00:00,-1,52.14,56.006225874588516,44.40754825082297,51.385,tempo,0.1952808823101567,0.17787598870518545,96,24.0,3.8662258745885154
AVAX,2024-12-16 00:00:00+00:00,2024-12-16 00:00:00+00:00,2024-12-17 00:00:00+00:00,1,50.763,47.62557113366707,57.03785773266585,48.979,tempo,-0.5686184694555849,-0.589282619229848,96,24.0,3.1374288663329253
AVAX,2024-12-19 04:00:00+00:00,2024-12-19 04:00:00+00:00,2024-12-19 18:00:00+00:00,1,42.937,39.56513799911069,49.680724001778614,39.56513799911069,stop,-1.0,-1.015904087915009,56,14.0,3.3718620008893083
AVAX,2024-12-20 16:00:00+00:00,2024-12-20 16:00:00+00:00,2024-12-21 16:00:00+00:00,1,37.992,32.88510310649286,48.205793787014265,38.597,tempo,0.11846724392834246,0.10871908354090767,96,24.0,5.106896893507134
AVAX,2024-12-23 00:00:00+00:00,2024-12-23 00:00:00+00:00,2024-12-23 23:00:00+00:00,1,36.556,35.140796185034716,39.38640762993056,39.38640762993056,alvo,2.0,1.965119819182606,92,23.0,1.415203814965281
AVAX,2025-01-02 16:00:00+00:00,2025-01-02 16:00:00+00:00,2025-01-03 10:30:00+00:00,-1,39.413,40.87574137118063,36.48751725763873,40.87574137118063,stop,-1.0,-1.0356779967528673,74,18.5,1.462741371180634
AVAX,2025-01-09 16:00:00+00:00,2025-01-09 16:00:00+00:00,2025-01-10 16:00:00+00:00,1,37.238,35.20247081638928,41.30905836722144,36.582,tempo,-0.32227491763903593,-0.3458476575370144,96,24.0,2.03552918361072
AVAX,2025-01-16 04:00:00+00:00,2025-01-16 04:00:00+00:00,2025-01-16 13:00:00+00:00,-1,38.988,40.368059950762,36.22788009847599,40.368059950762,stop,-1.0,-1.0373762306047027,36,9.0,1.3800599507620035
AVAX,2025-02-03 00:00:00+00:00,2025-02-03 00:00:00+00:00,2025-02-03 02:00:00+00:00,1,27.614,25.362781346315256,32.116437307369495,25.362781346315256,stop,-1.0,-1.015296118757164,8,2.0,2.251218653684745
AVAX,2025-02-10 00:00:00+00:00,2025-02-10 00:00:00+00:00,2025-02-11 00:00:00+00:00,1,24.859,23.39829637662207,27.780407246755864,25.658,tempo,0.5469966577835156,0.5245170462630996,96,24.0,1.4607036233779311
AVAX,2025-02-12 16:00:00+00:00,2025-02-12 16:00:00+00:00,2025-02-12 22:30:00+00:00,1,25.007,24.023987510988768,26.97302497802247,26.97302497802247,alvo,2.0,1.9656291078563006,26,6.5,0.9830124890112337
AVAX,2025-02-17 08:00:00+00:00,2025-02-17 08:00:00+00:00,2025-02-18 05:30:00+00:00,1,24.911,24.37318077381113,25.986638452377747,24.37318077381113,stop,-1.0,-1.0595640987585802,86,21.5,0.5378192261888728
AVAX,2025-02-20 16:00:00+00:00,2025-02-20 16:00:00+00:00,2025-02-20 19:30:00+00:00,-1,24.244,25.145457205886988,22.441085588226024,25.145457205886988,stop,-1.0,-1.0356125027058147,14,3.5,0.9014572058869881
AVAX,2025-03-04 16:00:00+00:00,2025-03-04 16:00:00+00:00,2025-03-04 16:30:00+00:00,1,19.918,19.056019332540416,21.641961334919166,19.056019332540416,stop,-1.0,-1.0293894208101124,2,0.5,0.8619806674595836
AVAX,2025-03-04 20:00:00+00:00,2025-03-04 20:00:00+00:00,2025-03-05 20:00:00+00:00,1,20.306,18.549512837273188,23.818974325453627,21.226,tempo,0.5237726864862297,0.5084034879103112,96,24.0,1.7564871627268133
AVAX,2025-03-07 04:00:00+00:00,2025-03-07 04:00:00+00:00,2025-03-08 04:00:00+00:00,1,20.249,19.408414940693635,21.930170118612725,19.859,tempo,-0.46396256474248837,-0.4949769156536415,96,24.0,0.8405850593063633
AVAX,2025-03-10 04:00:00+00:00,2025-03-10 04:00:00+00:00,2025-03-10 15:00:00+00:00,1,18.161,17.430208471382016,19.62258305723597,17.430208471382016,stop,-1.0,-1.031656477395336,44,11.0,0.7307915286179849
AVAX,2025-03-11 04:00:00+00:00,2025-03-11 04:00:00+00:00,2025-03-12 04:00:00+00:00,1,16.567,14.976816476706826,19.747367046586348,17.078,tempo,0.3213465568689513,0.3075938989652207,96,24.0,1.5901835232931738
AVAX,2025-03-19 20:00:00+00:00,2025-03-19 20:00:00+00:00,2025-03-20 20:00:00+00:00,-1,19.583,20.262935933946896,18.223128132106204,18.699,tempo,1.300122490759603,1.2635259545895594,96,24.0,0.6799359339468971
NEAR,2020-10-29 16:00:00+00:00,2020-10-29 16:00:00+00:00,2020-10-30 02:45:00+00:00,1,0.7133,0.6628257990167502,0.8142484019664997,0.6628257990167502,stop,-1.0,-1.017721563728324,43,10.75,0.05047420098324984
NEAR,2020-11-02 16:00:00+00:00,2020-11-02 16:00:00+00:00,2020-11-03 03:15:00+00:00,1,0.6285,0.5913614093158382,0.7027771813683233,0.5913614093158382,stop,-1.0,-1.0213500270594125,45,11.25,0.0371385906841617
NEAR,2020-11-04 20:00:00+00:00,2020-11-04 20:00:00+00:00,2020-11-05 07:30:00+00:00,1,0.5479,0.5209514478865529,0.6017971042268944,0.6017971042268944,alvo,2.0,1.9722692664673964,46,11.5,0.026948552113447155
NEAR,2020-11-06 04:00:00+00:00,2020-11-06 04:00:00+00:00,2020-11-07 02:15:00+00:00,-1,0.7007,0.775696810324083,0.550706379351834,0.775696810324083,stop,-1.0,-1.0127959832233357,89,22.25,0.07499681032408301
NEAR,2020-11-07 04:00:00+00:00,2020-11-07 04:00:00+00:00,2020-11-08 04:00:00+00:00,-1,0.7509,0.8045680467349553,0.6435639065300894,0.7075,tempo,0.8086748566485937,0.7910114599410223,96,24.0,0.05366804673495529
NEAR,2020-11-21 12:00:00+00:00,2020-11-21 12:00:00+00:00,2020-11-21 16:15:00+00:00,-1,1.102,1.1974029018694887,0.9111941962610228,1.1974029018694887,stop,-1.0,-1.0156663147234222,17,4.25,0.09540290186948863
NEAR,2020-11-21 20:00:00+00:00,2020-11-21 20:00:00+00:00,2020-11-22 11:45:00+00:00,-1,1.1648,1.2355850894466116,1.023229821106777,1.023229821106777,alvo,2.0,1.9799079241851902,63,15.75,0.07078508944661155
NEAR,2020-11-23 12:00:00+00:00,2020-11-23 12:00:00+00:00,2020-11-24 02:30:00+00:00,-1,1.1806,1.24297276115298,1.0558544776940404,1.24297276115298,stop,-1.0,-1.0252565745948892,58,14.5,0.06237276115297985
NEAR,2020-11-30 16:00:00+00:00,2020-11-30 16:00:00+00:00,2020-12-01 06:15:00+00:00,-1,1.0536,1.109376606239292,0.9420467875214162,1.109376606239292,stop,-1.0,-1.0252065317137407,57,14.25,0.055776606239291926
NEAR,2020-12-01 12:00:00+00:00,2020-12-01 12:00:00+00:00,2020-12-02 06:15:00+00:00,-1,1.0804,1.1449358273183952,0.9513283453632098,1.1449358273183952,stop,-1.0,-1.0224134151193358,73,18.25,0.06453582731839513
NEAR,2020-12-04 12:00:00+00:00,2020-12-04 12:00:00+00:00,2020-12-05 12:00:00+00:00,-1,1.1552,1.2353965465254209,0.9948069069491583,1.0714,tempo,1.0449327761693206,1.0268859890855246,96,24.0,0.08019654652542085
NEAR,2020-12-17 04:00:00+00:00,2020-12-17 04:00:00+00:00,2020-12-18 00:30:00+00:00,-1,1.0466,1.0775210767812433,0.9847578464375133,0.9847578464375133,alvo,2.0,1.9572982981955749,82,20.5,0.03092107678124334
NEAR,2021-01-04 12:00:00+00:00,2021-01-04 12:00:00+00:00,2021-01-05 12:00:00+00:00,1,1.3618,1.2470058915936695,1.5913882168126607,1.4495,tempo,0.7639764898872095,0.7480580335712124,96,24.0,0.11479410840633042
NEAR,2021-01-16 20:00:00+00:00,2021-01-16 20:00:00+00:00,2021-01-17 02:45:00+00:00,-1,2.0411,2.3071244262434734,1.5090511475130537,2.3071244262434734,stop,-1.0,-1.0106243848242398,27,6.75,0.2660244262434732
NEAR,2021-01-17 08:00:00+00:00,2021-01-17 08:00:00+00:00,2021-01-17 11:15:00+00:00,-1,2.3605,2.7273141251033963,1.6268717497932075,2.7273141251033963,stop,-1.0,-1.0090156811174733,13,3.25,0.3668141251033963
NEAR,2021-01-17 12:00:00+00:00,2021-01-17 12:00:00+00:00,2021-01-18 12:00:00+00:00,-1,2.6358,2.8528690032038235,2.2016619935923534,2.4546,tempo,0.8347575993144305,0.8195147044231081,96,24.0,0.21706900320382339
NEAR,2021-01-27 08:00:00+00:00,2021-01-27 08:00:00+00:00,2021-01-27 09:30:00+00:00,1,2.2547,2.1039689906491015,2.5561620187017975,2.1039689906491015,stop,-1.0,-1.0187959654494614,6,1.5,0.15073100935089867
NEAR,2021-01-27 16:00:00+00:00,2021-01-27 16:00:00+00:00,2021-01-28 16:00:00+00:00,1,2.0967,1.981881611777641,2.3263367764447174,2.2542,tempo,1.3717315008375108,1.3471005593673773,96,24.0,0.11481838822235879
NEAR,2021-02-03 00:00:00+00:00,2021-02-03 00:00:00+00:00,2021-02-03 08:15:00+00:00,-1,2.4646,2.595670092186742,2.202459815626516,2.595670092186742,stop,-1.0,-1.0250947832953008,33,8.25,0.13107009218674204
NEAR,2021-02-07 16:00:00+00:00,2021-02-07 16:00:00+00:00,2021-02-07 22:00:00+00:00,-1,3.0513,3.3382934467247547,2.4773131065504903,3.3382934467247547,stop,-1.0,-1.0144715351091425,24,6.0,0.2869934467247548
NEAR,2021-02-28 16:00:00+00:00,2021-02-28 16:00:00+00:00,2021-02-28 22:45:00+00:00,1,3.5357,3.333608760371687,3.939882479256626,3.939882479256626,alvo,2.0,1.9759557681943376,27,6.75,0.202091239628313
NEAR,2021-03-04 04:00:00+00:00,2021-03-04 04:00:00+00:00,2021-03-05 04:00:00+00:00,-1,4.2845,4.730620813221051,3.3922583735578984,4.1924,tempo,0.2064463196303848,0.1940954388001066,96,24.0,0.446120813221051
NEAR,2021-03-09 04:00:00+00:00,2021-03-09 04:00:00+00:00,2021-03-09 06:45:00+00:00,-1,4.6021,4.926434356749015,3.9534312865019707,4.926434356749015,stop,-1.0,-1.0190961802319318,11,2.75,0.3243343567490147
NEAR,2021-03-09 12:00:00+00:00,2021-03-09 12:00:00+00:00,2021-03-09 14:00:00+00:00,-1,5.3871,5.726662874629418,4.707974250741165,5.726662874629418,stop,-1.0,-1.0212742511276975,8,2.0,0.3395628746294177
NEAR,2021-03-27 12:00:00+00:00,2021-03-27 12:00:00+00:00,2021-03-28 12:00:00+00:00,-1,5.3911,5.711334995376457,4.750630009247086,5.476,tempo,-0.26511780794036816,-0.28717540658506424,96,24.0,0.32023499537645694
NEAR,2021-04-03 20:00:00+00:00,2021-04-03 20:00:00+00:00,2021-04-03 22:15:00+00:00,1,5.8731,5.57375205840086,6.47179588319828,5.57375205840086,stop,-1.0,-1.0248555369988952,9,2.25,0.29934794159914
NEAR,2021-04-06 12:00:00+00:00,2021-04-06 12:00:00+00:00,2021-04-06 12:30:00+00:00,-1,6.5372,6.873591175771012,5.864417648457977,6.873591175771012,stop,-1.0,-1.0259133261872035,2,0.5,0.33639117577101185
NEAR,2021-04-17 20:00:00+00:00,2021-04-17 20:00:00+00:00,2021-04-18 00:45:00+00:00,1,6.0432,5.642419471194569,6.844761057610861,5.642419471194569,stop,-1.0,-1.0189521498933996,19,4.75,0.4007805288054307
NEAR,2021-05-02 08:00:00+00:00,2021-05-02 08:00:00+00:00,2021-05-03 08:00:00+00:00,1,5.2381,5.117031082582504,5.480237834834992,5.4332,tempo,1.6114788515636445,1.554186318121055,96,24.0,0.12106891741749592
NEAR,2021-05-03 16:00:00+00:00,2021-05-03 16:00:00+00:00,2021-05-03 17:00:00+00:00,-1,5.4804,5.565643056713244,5.309913886573512,5.565643056713244,stop,-1.0,-1.084228889292611,4,1.0,0.08524305671324406
NEAR,2021-05-04 20:00:00+00:00,2021-05-04 20:00:00+00:00,2021-05-05 20:00:00+00:00,1,4.9992,4.747105183619236,5.503389632761529,5.2271,tempo,0.9040249350299195,0.8776574948126633,96,24.0,0.25209481638076436
NEAR,2021-05-09 08:00:00+00:00,2021-05-09 08:00:00+00:00,2021-05-10 08:00:00+00:00,1,5.0846,4.835243280147263,5.583313439705474,5.1809,tempo,0.3861937230200665,0.35943456848859595,96,24.0,0.2493567198527371
NEAR,2021-05-11 00:00:00+00:00,2021-05-11 00:00:00+00:00,2021-05-12 00:00:00+00:00,1,4.6961,4.265189814774445,5.557920370451112,4.9507,tempo,0.5908423813810112,0.576290810740559,96,24.0,0.4309101852255557
NEAR,2021-05-15 08:00:00+00:00,2021-05-15 08:00:00+00:00,2021-05-16 08:00:00+00:00,-1,6.6791,7.491024227340337,5.055251545319326,6.3442,tempo,0.4124769143754335,0.4020508860405854,96,24.0,0.8119242273403371
NEAR,2021-06-04 16:00:00+00:00,2021-06-04 16:00:00+00:00,2021-06-05 16:00:00+00:00,1,3.1815,2.954495486481627,3.6355090270367465,3.1843,tempo,0.012334556509921848,-0.0058931427365299174,96,24.0,0.22700451351837314
NEAR,2021-06-12 12:00:00+00:00,2021-06-12 12:00:00+00:00,2021-06-13 12:00:00+00:00,1,2.9089,2.7475187809613177,3.2316624380773646,2.9288,tempo,0.12331050737217367,0.09979782713216089,96,24.0,0.1613812190386823
NEAR,2021-06-22 16:00:00+00:00,2021-06-22 16:00:00+00:00,2021-06-23 16:00:00+00:00,1,2.1607,1.8657162864162504,2.7506674271674987,2.2519,tempo,0.3091696110677222,0.29944639630052566,96,24.0,0.2949837135837494
NEAR,2021-06-26 12:00:00+00:00,2021-06-26 12:00:00+00:00,2021-06-27 12:00:00+00:00,1,1.8814,1.7125542043749447,2.219091591250111,1.8643,tempo,-0.10127584128877412,-0.1156955370294166,96,24.0,0.1688457956250553
NEAR,2021-07-02 04:00:00+00:00,2021-07-02 04:00:00+00:00,2021-07-03 04:00:00+00:00,-1,2.0558,2.2291006978336942,1.7091986043326117,2.1889,tempo,-0.7680292212540742,-0.7839498438164121,96,24.0,0.17330069783369417
NEAR,2021-07-17 16:00:00+00:00,2021-07-17 16:00:00+00:00,2021-07-17 18:45:00+00:00,-1,1.9471,2.01906837713008,1.8031632457398403,2.01906837713008,stop,-1.0,-1.0358214197393238,11,2.75,0.07196837713007986
NEAR,2021-08-10 16:00:00+00:00,2021-08-10 16:00:00+00:00,2021-08-11 11:15:00+00:00,-1,2.8045,2.980127002355786,2.4532459952884276,2.980127002355786,stop,-1.0,-1.0214090515757606,77,19.25,0.1756270023557862
NEAR,2021-08-12 12:00:00+00:00,2021-08-12 12:00:00+00:00,2021-08-13 12:00:00+00:00,-1,3.2095,3.5220367260978684,2.5844265478042625,3.3585,tempo,-0.47674397137359703,-0.4904038060218397,96,24.0,0.31253672609786864
NEAR,2021-08-13 12:00:00+00:00,2021-08-13 12:00:00+00:00,2021-08-14 12:00:00+00:00,-1,3.3585,3.540640651153627,2.994218697692746,3.2861,tempo,0.3974950102650839,0.37378262111612265,96,24.0,0.182140651153627
NEAR,2021-08-18 20:00:00+00:00,2021-08-18 20:00:00+00:00,2021-08-19 00:15:00+00:00,-1,4.2782,4.6599032623686645,3.514793475262671,4.6599032623686645,stop,-1.0,-1.0152206378444004,17,4.25,0.3817032623686645
NEAR,2021-08-19 04:00:00+00:00,2021-08-19 04:00:00+00:00,2021-08-20 04:00:00+00:00,-1,4.4492,4.931059780006657,3.485480439986687,4.376,tempo,0.15191141289897386,0.14000674635900914,96,24.0,0.48185978000665664
NEAR,2021-08-29 04:00:00+00:00,2021-08-29 04:00:00+00:00,2021-08-30 04:00:00+00:00,-1,5.7357,6.322736485444485,4.561627029111028,5.5252,tempo,0.3585807785705442,0.3461120731638303,96,24.0,0.5870364854444858
NEAR,2021-09-03 20:00:00+00:00,2021-09-03 20:00:00+00:00,2021-09-04 20:00:00+00:00,-1,6.4117,6.986326130623131,5.262447738753737,6.0671,tempo,0.5996942736076265,0.5855786259408486,96,24.0,0.5746261306231313
NEAR,2021-09-06 12:00:00+00:00,2021-09-06 12:00:00+00:00,2021-09-07 07:45:00+00:00,-1,6.134,6.508761271664781,5.384477456670439,6.508761271664781,stop,-1.0,-1.0219280791477643,79,19.75,0.3747612716647808
NEAR,2021-09-07 16:00:00+00:00,2021-09-07 16:00:00+00:00,2021-09-08 00:15:00+00:00,1,6.0987,4.494158690132945,9.307782619734109,9.307782619734109,alvo,1.9999999999999996,1.9937588308625986,33,8.25,1.604541309867055
NEAR,2021-09-08 04:00:00+00:00,2021-09-08 04:00:00+00:00,2021-09-08 11:30:00+00:00,-1,8.3579,9.731943920538077,5.609812158923848,9.731943920538077,stop,-1.0,-1.00855751288048,30,7.5,1.3740439205380763
NEAR,2021-09-08 20:00:00+00:00,2021-09-08 20:00:00+00:00,2021-09-09 02:30:00+00:00,-1,9.273,11.466708523588311,4.885582952823377,11.466708523588311,stop,-1.0,-1.0061452150070882,26,6.5,2.1937085235883114
NEAR,2021-10-04 16:00:00+00:00,2021-10-04 16:00:00+00:00,2021-10-05 16:00:00+00:00,1,7.6604,7.256180689093087,8.468838621813827,7.686,tempo,0.0633319569581257,0.03865436306084363,96,24.0,0.404219310906913
NEAR,2021-10-12 16:00:00+00:00,2021-10-12 16:00:00+00:00,2021-10-13 16:00:00+00:00,1,7.1227,6.686025733173887,7.9960485336522265,7.0926,tempo,-0.06893009798533892,-0.09008990908929712,96,24.0,0.4366742668261132
NEAR,2021-10-15 04:00:00+00:00,2021-10-15 04:00:00+00:00,2021-10-16 04:00:00+00:00,-1,7.8123,8.386543092201556,6.663813815596886,7.9786,tempo,-0.2895986077297557,-0.30747271912855223,96,24.0,0.5742430922015567
NEAR,2021-10-21 16:00:00+00:00,2021-10-21 16:00:00+00:00,2021-10-22 16:00:00+00:00,-1,9.2837,9.911676283127608,8.027747433744782,8.9408,tempo,0.5460397298640031,0.5271760795665716,96,24.0,0.6279762831276088
NEAR,2021-10-24 12:00:00+00:00,2021-10-24 12:00:00+00:00,2021-10-25 01:45:00+00:00,-1,9.5549,10.059376049008284,8.545947901983432,10.059376049008284,stop,-1.0,-1.0252723185905819,55,13.75,0.504476049008284
NEAR,2021-10-26 04:00:00+00:00,2021-10-26 04:00:00+00:00,2021-10-26 11:00:00+00:00,-1,11.9004,12.945318194959944,9.810563610080111,12.945318194959944,stop,-1.0,-1.0154554843667385,28,7.0,1.0449181949599442
NEAR,2021-11-03 20:00:00+00:00,2021-11-03 20:00:00+00:00,2021-11-04 01:15:00+00:00,-1,10.9106,11.373383886727348,9.985032226545306,11.373383886727348,stop,-1.0,-1.031298819906637,21,5.25,0.4627838867273475
NEAR,2021-11-08 04:00:00+00:00,2021-11-08 04:00:00+00:00,2021-11-08 18:15:00+00:00,-1,10.3162,10.671325332237169,9.605949335525663,10.671325332237169,stop,-1.0,-1.0384143011708427,57,14.25,0.3551253322371686
NEAR,2021-11-08 20:00:00+00:00,2021-11-08 20:00:00+00:00,2021-11-09 00:15:00+00:00,-1,10.5819,10.893532780205929,9.95863443958814,10.893532780205929,stop,-1.0,-1.0447932059583385,17,4.25,0.31163278020592955
NEAR,2021-11-10 20:00:00+00:00,2021-11-10 20:00:00+00:00,2021-11-11 10:00:00+00:00,-1,10.929,11.971880313710939,8.843239372578124,11.971880313710939,stop,-1.0,-1.0142735192219172,56,14.0,1.0428803137109384
NEAR,2021-11-12 00:00:00+00:00,2021-11-12 00:00:00+00:00,2021-11-13 00:00:00+00:00,-1,12.0465,12.752213743837316,10.635072512325367,11.4071,tempo,0.9060330843540959,0.8844310677671633,96,24.0,0.7057137438373164
NEAR,2021-11-18 20:00:00+00:00,2021-11-18 20:00:00+00:00,2021-11-19 20:00:00+00:00,1,8.9213,8.282724373680638,10.198451252638725,9.438,tempo,0.8091445691063537,0.790456813877137,96,24.0,0.638575626319362
NEAR,2021-11-28 20:00:00+00:00,2021-11-28 20:00:00+00:00,2021-11-29 20:00:00+00:00,1,7.9384,7.430834131975191,8.953531736049618,8.3216,tempo,0.7549759038983888,0.7341529907243228,96,24.0,0.507565868024809
NEAR,2021-11-30 16:00:00+00:00,2021-11-30 16:00:00+00:00,2021-11-30 21:15:00+00:00,-1,8.6408,8.968561646827542,7.9852767063449175,8.968561646827542,stop,-1.0,-1.0349219781546328,21,5.25,0.3277616468275415
NEAR,2021-12-01 00:00:00+00:00,2021-12-01 00:00:00+00:00,2021-12-02 00:00:00+00:00,-1,8.7575,9.114013875316662,8.044472249366677,8.508,tempo,0.6998325094034312,0.6683538608093704,96,24.0,0.35651387531666145
NEAR,2021-12-03 20:00:00+00:00,2021-12-03 20:00:00+00:00,2021-12-03 21:00:00+00:00,-1,8.7177,9.356297440436963,7.440505119126076,9.356297440436963,stop,-1.0,-1.0183967200498727,4,1.0,0.6385974404369623
NEAR,2021-12-04 00:00:00+00:00,2021-12-04 00:00:00+00:00,2021-12-04 05:00:00+00:00,-1,9.1356,9.76526963885673,7.876260722286542,7.876260722286542,alvo,2.0,1.9824388714539845,20,5.0,0.6296696388567291
NEAR,2021-12-04 08:00:00+00:00,2021-12-04 08:00:00+00:00,2021-12-05 08:00:00+00:00,1,8.1096,5.848645704373308,12.631508591253384,7.933,tempo,-0.07810861119200577,-0.08272068584569073,96,24.0,2.260954295626692
NEAR,2021-12-12 04:00:00+00:00,2021-12-12 04:00:00+00:00,2021-12-13 04:00:00+00:00,-1,11.2817,12.024803127756517,9.795493744486969,10.2664,tempo,1.366297573077463,1.3474492268966496,96,24.0,0.7431031277565161
NEAR,2021-12-19 20:00:00+00:00,2021-12-19 20:00:00+00:00,2021-12-20 20:00:00+00:00,-1,9.2612,9.79010189219764,8.203396215604721,8.4827,tempo,1.4719175928171795,1.4501110249637785,96,24.0,0.5289018921976396
NEAR,2021-12-24 04:00:00+00:00,2021-12-24 04:00:00+00:00,2021-12-24 13:45:00+00:00,-1,13.9065,15.236905692892508,11.245688614214982,15.236905692892508,stop,-1.0,-1.014238674564895,39,9.75,1.3304056928925085
NEAR,2022-01-04 16:00:00+00:00,2022-01-04 16:00:00+00:00,2022-01-05 00:00:00+00:00,-1,17.1884,17.80713295724657,15.950934085506866,15.950934085506866,alvo,2.0,1.965186003261508,32,8.0,0.6187329572465678
NEAR,2022-01-06 00:00:00+00:00,2022-01-06 00:00:00+00:00,2022-01-07 00:00:00+00:00,1,15.2977,13.672568089697362,18.547963820605275,15.9227,tempo,0.3845841657761862,0.3720970194274194,96,24.0,1.6251319103026383
NEAR,2022-01-19 12:00:00+00:00,2022-01-19 12:00:00+00:00,2022-01-20 01:00:00+00:00,1,17.4313,16.15576544591774,19.98236910816452,16.15576544591774,stop,-1.0,-1.0171156418067828,52,13.0,1.2755345540822596
NEAR,2022-01-21 16:00:00+00:00,2022-01-21 16:00:00+00:00,2022-01-21 20:15:00+00:00,1,14.459,13.536526669773721,16.303946660452556,13.536526669773721,stop,-1.0,-1.0197264156470403,17,4.25,0.9224733302262784
NEAR,2022-01-26 20:00:00+00:00,2022-01-26 20:00:00+00:00,2022-01-27 20:00:00+00:00,-1,11.952,13.159451887513661,9.537096224972677,10.783,tempo,0.9681545178641945,0.9559157279357363,96,24.0,1.2074518875136615
NEAR,2022-02-03 12:00:00+00:00,2022-02-03 12:00:00+00:00,2022-02-04 12:00:00+00:00,1,10.777,10.29698552824205,11.737028943515897,11.297,tempo,1.083300672364344,1.0534096985621308,96,24.0,0.48001447175794887
NEAR,2022-02-05 08:00:00+00:00,2022-02-05 08:00:00+00:00,2022-02-05 15:00:00+00:00,-1,13.013,13.5702321426306,11.8985357147388,13.5702321426306,stop,-1.0,-1.0310088014864651,28,7.0,0.5572321426305997
NEAR,2022-02-10 16:00:00+00:00,2022-02-10 16:00:00+00:00,2022-02-11 00:30:00+00:00,1,12.374,11.566949386479079,13.988101227041843,11.566949386479079,stop,-1.0,-1.0192820832305929,34,8.5,0.8070506135209214
NEAR,2022-03-10 04:00:00+00:00,2022-03-10 04:00:00+00:00,2022-03-11 04:00:00+00:00,-1,11.342,12.14657260625954,9.732854787480923,10.642,tempo,0.870027135592279,0.8522666502254798,96,24.0,0.8045726062595389
NEAR,2022-03-17 16:00:00+00:00,2022-03-17 16:00:00+00:00,2022-03-18 16:00:00+00:00,-1,10.917,11.278534279181256,10.193931441637487,10.761,tempo,0.43149435332462455,0.392519625860578,96,24.0,0.3615342791812566
NEAR,2022-03-30 00:00:00+00:00,2022-03-30 00:00:00+00:00,2022-03-30 06:00:00+00:00,-1,14.088,14.605520975816148,13.052958048367701,14.605520975816148,stop,-1.0,-1.0360387105177091,24,6.0,0.517520975816149
NEAR,2022-03-31 16:00:00+00:00,2022-03-31 16:00:00+00:00,2022-04-01 02:30:00+00:00,1,13.621,12.912407814200646,15.038184371598708,12.912407814200646,stop,-1.0,-1.0243394090774154,42,10.5,0.708592185799354
NEAR,2022-04-04 04:00:00+00:00,2022-04-04 04:00:00+00:00,2022-04-04 23:00:00+00:00,-1,16.358,17.92479368216363,13.224412635672739,17.92479368216363,stop,-1.0,-1.014222559196584,76,19.0,1.566793682163631
NEAR,2022-04-05 00:00:00+00:00,2022-04-05 00:00:00+00:00,2022-04-06 00:00:00+00:00,-1,17.117,18.331999310901782,14.687001378196438,16.141,tempo,0.8032926366646318,0.7855002808945243,96,24.0,1.2149993109017814
NEAR,2022-05-05 20:00:00+00:00,2022-05-05 20:00:00+00:00,2022-05-06 07:45:00+00:00,1,11.169,10.538439372198365,12.430121255603272,10.538439372198365,stop,-1.0,-1.0223766517759298,47,11.75,0.6305606278016356
NEAR,2022-05-10 04:00:00+00:00,2022-05-10 04:00:00+00:00,2022-05-10 06:45:00+00:00,1,9.345,8.578871880635031,10.87725623872994,10.87725623872994,alvo,2.0,1.9828429916316481,11,2.75,0.7661281193649696
NEAR,2022-05-24 16:00:00+00:00,2022-05-24 16:00:00+00:00,2022-05-25 16:00:00+00:00,1,5.789,5.4488744347623825,6.469251130475234,5.763,tempo,-0.07644235734481113,-0.09851891014599275,96,24.0,0.34012556523761717
NEAR,2022-05-27 08:00:00+00:00,2022-05-27 08:00:00+00:00,2022-05-27 19:00:00+00:00,1,4.967,4.691271910420877,5.518456179158245,4.691271910420877,stop,-1.0,-1.022768361219041,44,11.0,0.27572808957912276
NEAR,2022-05-27 20:00:00+00:00,2022-05-27 20:00:00+00:00,2022-05-28 20:00:00+00:00,1,4.783,4.58641089891727,5.1761782021654605,4.966,tempo,0.9308756131042504,0.8986416287933232,96,24.0,0.1965891010827301
NEAR,2022-06-13 12:00:00+00:00,2022-06-13 12:00:00+00:00,2022-06-13 16:45:00+00:00,1,3.199,3.0053800948124056,3.5862398103751882,3.5862398103751882,alvo,2.0,1.9772213199233275,19,4.75,0.1936199051875942
NEAR,2022-06-15 12:00:00+00:00,2022-06-15 12:00:00+00:00,2022-06-15 19:00:00+00:00,1,3.238,2.974922699794824,3.7641546004103517,3.7641546004103517,alvo,2.0,1.9826993796624905,28,7.0,0.26307730020517583
NEAR,2022-06-27 20:00:00+00:00,2022-06-27 20:00:00+00:00,2022-06-28 02:00:00+00:00,1,3.692,3.5858065089609195,3.9043869820781616,3.5858065089609195,stop,-1.0,-1.0445467437272937,24,6.0,0.10619349103908071
NEAR,2022-07-09 12:00:00+00:00,2022-07-09 12:00:00+00:00,2022-07-10 12:00:00+00:00,-1,3.753,3.8964146854810555,3.4661706290378893,3.64,tempo,0.7879248880333591,0.754417510571413,96,24.0,0.1434146854810554
NEAR,2022-07-13 16:00:00+00:00,2022-07-13 16:00:00+00:00,2022-07-14 16:00:00+00:00,1,3.164,2.989533712398506,3.512932575202988,3.362,tempo,1.134889741290652,1.1105761615250924,96,24.0,0.17446628760149396
NEAR,2022-07-15 16:00:00+00:00,2022-07-15 16:00:00+00:00,2022-07-16 16:00:00+00:00,-1,3.528,3.6646301750126233,3.2547396499747534,3.486,tempo,0.3073991524648155,0.2740309744647596,96,24.0,0.1366301750126233
NEAR,2022-07-16 20:00:00+00:00,2022-07-16 20:00:00+00:00,2022-07-17 06:30:00+00:00,-1,3.572,3.695592117112096,3.324815765775808,3.695592117112096,stop,-1.0,-1.0382219755313224,42,10.5,0.12359211711209594
NEAR,2022-07-17 08:00:00+00:00,2022-07-17 08:00:00+00:00,2022-07-18 05:15:00+00:00,-1,3.677,3.7928981459933637,3.4452037080132727,3.7928981459933637,stop,-1.0,-1.041893972964621,85,21.25,0.11589814599336368
NEAR,2022-07-19 16:00:00+00:00,2022-07-19 16:00:00+00:00,2022-07-19 23:15:00+00:00,-1,4.353,4.6189981709576,3.8210036580848,4.6189981709576,stop,-1.0,-1.021924206433931,29,7.25,0.2659981709575998
NEAR,2022-07-20 00:00:00+00:00,2022-07-20 00:00:00+00:00,2022-07-21 00:00:00+00:00,-1,4.529,4.726941650203174,4.133116699593652,4.182,tempo,1.7530418668523113,1.7244367198598103,96,24.0,0.1979416502031741
NEAR,2022-07-22 16:00:00+00:00,2022-07-22 16:00:00+00:00,2022-07-23 16:00:00+00:00,-1,4.469,4.808215459695833,3.7905690806083348,4.262,tempo,0.6102316214762534,0.5935013993186643,96,24.0,0.3392154596958328
NEAR,2022-07-30 20:00:00+00:00,2022-07-30 20:00:00+00:00,2022-07-31 20:00:00+00:00,-1,4.478,4.7394511388978495,3.9550977222043002,4.428,tempo,0.19124032203789737,0.1690989000329936,96,24.0,0.26145113889784977
NEAR,2022-08-03 00:00:00+00:00,2022-08-03 00:00:00+00:00,2022-08-03 16:45:00+00:00,-1,4.309,4.499902668761287,3.9271946624774268,4.499902668761287,stop,-1.0,-1.0299932251961057,67,16.75,0.1909026687612867
NEAR,2022-08-10 20:00:00+00:00,2022-08-10 20:00:00+00:00,2022-08-11 20:00:00+00:00,-1,5.909,6.09888820665438,5.529223586691239,5.842,tempo,0.3528391845942716,0.3126147276120518,96,24.0,0.18988820665438055
NEAR,2022-08-13 04:00:00+00:00,2022-08-13 04:00:00+00:00,2022-08-14 04:00:00+00:00,-1,6.016,6.164985026020552,5.718029947958897,5.866,tempo,1.0068125905438894,0.9549731526735721,96,24.0,0.14898502602055164
NEAR,2022-08-26 12:00:00+00:00,2022-08-26 12:00:00+00:00,2022-08-26 14:00:00+00:00,1,4.172,4.068637798088794,4.378724403822411,4.378724403822411,alvo,2.0,1.9462282076066917,8,2.0,0.10336220191120571
NEAR,2022-08-30 20:00:00+00:00,2022-08-30 20:00:00+00:00,2022-08-30 22:45:00+00:00,-1,4.148,4.2569027784843945,3.93019444303121,4.2569027784843945,stop,-1.0,-1.0501657247137888,11,2.75,0.10890277848439478
NEAR,2022-09-08 04:00:00+00:00,2022-09-08 04:00:00+00:00,2022-09-08 15:00:00+00:00,-1,4.46,4.573750036035216,4.232499927929568,4.573750036035216,stop,-1.0,-1.0516214124240364,44,11.0,0.11375003603521616
NEAR,2022-09-10 00:00:00+00:00,2022-09-10 00:00:00+00:00,2022-09-11 00:00:00+00:00,-1,4.81,4.942589414281702,4.5448211714365945,4.812,tempo,-0.015084160457571832,-0.06225459283245184,96,24.0,0.13258941428170257
NEAR,2022-09-14 20:00:00+00:00,2022-09-14 20:00:00+00:00,2022-09-15 06:30:00+00:00,1,4.465,4.285097196344079,4.824805607311841,4.285097196344079,stop,-1.0,-1.0316146444749221,42,10.5,0.1799028036559207
NEAR,2022-09-26 08:00:00+00:00,2022-09-26 08:00:00+00:00,2022-09-27 08:00:00+00:00,1,3.633,3.5286986090409176,3.841602781918165,3.77,tempo,1.3135011790374427,1.2673661279537258,96,24.0,0.10430139095908242
NEAR,2022-09-30 16:00:00+00:00,2022-09-30 16:00:00+00:00,2022-10-01 16:00:00+00:00,-1,3.594,3.6607036033561413,3.460592793287717,3.561,tempo,0.4947258969475385,0.4250032767890909,96,24.0,0.06670360335614145
NEAR,2022-10-03 04:00:00+00:00,2022-10-03 04:00:00+00:00,2022-10-04 04:00:00+00:00,1,3.48,3.390384637715438,3.6592307245691242,3.554,tempo,0.8257512787263226,0.774732124382206,96,24.0,0.08961536228456213
NEAR,2022-10-06 04:00:00+00:00,2022-10-06 04:00:00+00:00,2022-10-06 21:30:00+00:00,-1,3.724,3.783662614835363,3.6046747703292743,3.6046747703292743,alvo,2.0,1.9201570595948714,70,17.5,0.05966261483536295
NEAR,2022-10-10 20:00:00+00:00,2022-10-10 20:00:00+00:00,2022-10-10 22:15:00+00:00,1,3.44,3.3991039926783517,3.5217920146432964,3.3991039926783517,stop,-1.0,-1.1087005281537046,9,2.25,0.04089600732164822
NEAR,2022-10-13 12:00:00+00:00,2022-10-13 12:00:00+00:00,2022-10-13 12:45:00+00:00,1,2.885,2.718426371066925,3.218147257866149,2.718426371066925,stop,-1.0,-1.0218655687849418,3,0.75,0.1665736289330746
NEAR,2022-10-13 16:00:00+00:00,2022-10-13 16:00:00+00:00,2022-10-14 16:00:00+00:00,1,3.026,2.67040659058836,3.7371868188232797,3.037,tempo,0.030934206621547264,0.01985146465925769,96,24.0,0.35559340941163997
NEAR,2022-10-18 20:00:00+00:00,2022-10-18 20:00:00+00:00,2022-10-19 11:30:00+00:00,1,2.942,2.8695229402789235,3.0869541194421535,2.8695229402789235,stop,-1.0,-1.0521198007441075,62,15.5,0.07247705972107665
NEAR,2022-10-21 16:00:00+00:00,2022-10-21 16:00:00+00:00,2022-10-22 16:00:00+00:00,1,2.849,2.7006064658777853,3.14578706824443,2.902,tempo,0.35715841875125,0.3319676311464389,96,24.0,0.1483935341222149
NEAR,2022-10-24 04:00:00+00:00,2022-10-24 04:00:00+00:00,2022-10-25 04:00:00+00:00,-1,2.924,3.0293429873472797,2.7133140253054404,2.989,tempo,-0.6170320553537865,-0.6535171607868558,96,24.0,0.10534298734727976
NEAR,2022-10-29 20:00:00+00:00,2022-10-29 20:00:00+00:00,2022-10-30 07:45:00+00:00,-1,3.079,3.1937414889469427,2.8495170221061152,3.1937414889469427,stop,-1.0,-1.0355345046088855,47,11.75,0.11474148894694247
NEAR,2022-11-04 12:00:00+00:00,2022-11-04 12:00:00+00:00,2022-11-04 14:45:00+00:00,-1,3.159,3.3001184249524895,2.8767631500950204,3.3001184249524895,stop,-1.0,-1.0297510901048719,11,2.75,0.14111842495248972
NEAR,2022-11-04 16:00:00+00:00,2022-11-04 16:00:00+00:00,2022-11-05 00:15:00+00:00,-1,3.174,3.334571372216474,2.8528572555670517,3.334571372216474,stop,-1.0,-1.0263469841077104,33,8.25,0.1605713722164741
NEAR,2022-11-08 08:00:00+00:00,2022-11-08 08:00:00+00:00,2022-11-08 18:15:00+00:00,1,2.876,2.7218880225697055,3.1842239548605886,2.7218880225697055,stop,-1.0,-1.0236102817921213,41,10.25,0.15411197743029437
NEAR,2022-11-14 08:00:00+00:00,2022-11-14 08:00:00+00:00,2022-11-15 08:00:00+00:00,1,1.953,1.769072815264824,2.320854369470352,2.01,tempo,0.30990524909121003,0.29589997845267485,96,24.0,0.183927184735176
NEAR,2022-12-16 16:00:00+00:00,2022-12-16 16:00:00+00:00,2022-12-16 22:00:00+00:00,1,1.507,1.4799633410049904,1.561073317990019,1.4799633410049904,stop,-1.0,-1.0718108761889409,24,6.0,0.02703665899500951
NEAR,2022-12-17 04:00:00+00:00,2022-12-17 04:00:00+00:00,2022-12-18 04:00:00+00:00,1,1.378,1.325571165798784,1.4828576684024315,1.381,tempo,0.05722042165741204,0.023015007264306712,96,24.0,0.0524288342012158
NEAR,2022-12-27 04:00:00+00:00,2022-12-27 04:00:00+00:00,2022-12-28 04:00:00+00:00,-1,1.351,1.38676458345911,1.27947083308178,1.341,tempo,0.279606220255105,0.23068072383486676,96,24.0,0.035764583459110044
NEAR,2022-12-30 00:00:00+00:00,2022-12-30 00:00:00+00:00,2022-12-30 07:30:00+00:00,1,1.295,1.2563487679360095,1.3723024641279808,1.2563487679360095,stop,-1.0,-1.0429061794566554,30,7.5,0.03865123206399046
NEAR,2022-12-30 16:00:00+00:00,2022-12-30 16:00:00+00:00,2022-12-31 16:00:00+00:00,1,1.258,1.2268369151565743,1.3203261696868513,1.269,tempo,0.3529817428302679,0.3002735463133714,96,24.0,0.03116308484342567
NEAR,2023-01-04 20:00:00+00:00,2023-01-04 20:00:00+00:00,2023-01-05 04:15:00+00:00,-1,1.563,1.6259328933452157,1.4371342133095684,1.6259328933452157,stop,-1.0,-1.032936772337863,33,8.25,0.06293289334521579
NEAR,2023-01-05 08:00:00+00:00,2023-01-05 08:00:00+00:00,2023-01-06 08:00:00+00:00,-1,1.568,1.6663952982098724,1.3712094035802553,1.506,tempo,0.6301114090610009,0.6098045444409238,96,24.0,0.09839529820987236
NEAR,2023-01-09 20:00:00+00:00,2023-01-09 20:00:00+00:00,2023-01-10 20:00:00+00:00,-1,1.666,1.741493535543815,1.5150129289123697,1.656,tempo,0.1324616727507243,0.10385922375366043,96,24.0,0.0754935355438151
NEAR,2023-01-12 04:00:00+00:00,2023-01-12 04:00:00+00:00,2023-01-12 21:15:00+00:00,-1,1.81,1.8853459796927305,1.659308040614539,1.8853459796927305,stop,-1.0,-1.0318792707533408,69,17.25,0.07534597969273049
NEAR,2023-01-26 16:00:00+00:00,2023-01-26 16:00:00+00:00,2023-01-27 16:00:00+00:00,-1,2.604,2.75203044154824,2.30793911690352,2.471,tempo,0.8984638470909245,0.8761795793045246,96,24.0,0.14803044154824008
NEAR,2023-01-27 16:00:00+00:00,2023-01-27 16:00:00+00:00,2023-01-28 16:00:00+00:00,1,2.47,2.3307146576215,2.748570684757001,2.473,tempo,0.0215385190485251,-0.0015288758771303465,96,24.0,0.13928534237850032
NEAR,2023-02-01 20:00:00+00:00,2023-02-01 20:00:00+00:00,2023-02-02 20:00:00+00:00,1,2.321,2.138814701709378,2.685370596581244,2.53,tempo,1.1471836748682256,1.129876295899753,96,24.0,0.18218529829062202
NEAR,2023-02-08 16:00:00+00:00,2023-02-08 16:00:00+00:00,2023-02-09 16:00:00+00:00,-1,2.666,2.875758964714882,2.2464820705702357,2.509,tempo,0.7484781411531305,0.7324418777945073,96,24.0,0.2097589647148821
NEAR,2023-02-22 04:00:00+00:00,2023-02-22 04:00:00+00:00,2023-02-22 08:45:00+00:00,1,2.518,2.4298888308174655,2.6942223383650683,2.4298888308174655,stop,-1.0,-1.0365007951871426,19,4.75,0.08811116918253425
NEAR,2023-02-27 16:00:00+00:00,2023-02-27 16:00:00+00:00,2023-02-28 08:00:00+00:00,-1,2.383,2.437871000893255,2.2732579982134897,2.2732579982134897,alvo,2.0,1.9448421269966154,64,16.0,0.05487100089325514
NEAR,2023-03-01 04:00:00+00:00,2023-03-01 04:00:00+00:00,2023-03-02 04:00:00+00:00,1,2.305,2.1853874490003347,2.544225101999331,2.263,tempo,-0.3511337200735541,-0.3759572020174205,96,24.0,0.1196125509996655
NEAR,2023-03-05 00:00:00+00:00,2023-03-05 00:00:00+00:00,2023-03-06 00:00:00+00:00,1,2.05,1.9646995007106096,2.2206009985787802,2.028,tempo,-0.25791173771870507,-0.2889865851355677,96,24.0,0.08530049928939021
NEAR,2023-03-08 16:00:00+00:00,2023-03-08 16:00:00+00:00,2023-03-08 22:45:00+00:00,1,1.92,1.8560783591262242,2.0478432817475514,1.8560783591262242,stop,-1.0,-1.0383978086275787,27,6.75,0.06392164087377572
NEAR,2023-03-10 12:00:00+00:00,2023-03-10 12:00:00+00:00,2023-03-11 12:00:00+00:00,1,1.723,1.6493954720199346,1.870209055960131,1.735,tempo,0.16303344820375737,0.13249592474312527,96,24.0,0.07360452798006545
NEAR,2023-03-12 20:00:00+00:00,2023-03-12 20:00:00+00:00,2023-03-12 22:30:00+00:00,-1,1.838,1.8909677214513838,1.7320645570972326,1.8909677214513838,stop,-1.0,-1.0457604924759338,10,2.5,0.05296772145138373
NEAR,2023-03-30 04:00:00+00:00,2023-03-30 04:00:00+00:00,2023-03-31 04:00:00+00:00,-1,1.975,2.0524972984985443,1.8200054030029116,1.923,tempo,0.6709911314002364,0.6382970885227599,96,24.0,0.07749729849854425
NEAR,2023-04-12 12:00:00+00:00,2023-04-12 12:00:00+00:00,2023-04-12 13:30:00+00:00,-1,2.083,2.140298917397982,1.9684021652040364,2.140298917397982,stop,-1.0,-1.0479091825983675,6,1.5,0.057298917397981874
NEAR,2023-04-14 08:00:00+00:00,2023-04-14 08:00:00+00:00,2023-04-15 08:00:00+00:00,-1,2.231,2.291919239289255,2.1091615214214894,2.28,tempo,-0.8043435960738007,-0.8524753527111026,96,24.0,0.060919239289255245
NEAR,2023-04-27 00:00:00+00:00,2023-04-27 00:00:00+00:00,2023-04-28 00:00:00+00:00,1,1.889,1.752712185540717,2.161575628918566,1.922,tempo,0.24213463346614106,0.22395876051793945,96,24.0,0.13628781445928295
NEAR,2023-05-03 20:00:00+00:00,2023-05-03 20:00:00+00:00,2023-05-03 23:00:00+00:00,1,1.819,1.7688040208593188,1.9193919582813623,1.9193919582813623,alvo,2.0,1.9515906490025308,12,3.0,0.05019597914068119
NEAR,2023-05-06 12:00:00+00:00,2023-05-06 12:00:00+00:00,2023-05-06 13:30:00+00:00,1,1.808,1.77874550455887,1.86650899088226,1.77874550455887,stop,-1.0,-1.0796932075842771,6,1.5,0.029254495441130013
NEAR,2023-05-10 20:00:00+00:00,2023-05-10 20:00:00+00:00,2023-05-11 20:00:00+00:00,1,1.666,1.5262317345645924,1.945536530870815,1.578,tempo,-0.6296135945156173,-0.644699994804204,96,24.0,0.13976826543540755
NEAR,2023-05-23 08:00:00+00:00,2023-05-23 08:00:00+00:00,2023-05-24 03:45:00+00:00,-1,1.652,1.6863785099073998,1.5832429801852002,1.5832429801852002,alvo,2.0,1.9388307421472117,79,19.75,0.03437850990739988
NEAR,2023-05-25 04:00:00+00:00,2023-05-25 04:00:00+00:00,2023-05-26 04:00:00+00:00,1,1.575,1.5175180110558886,1.6899639778882227,1.551,tempo,-0.41752208719386436,-0.4528705509009149,96,24.0,0.057481988944111384
NEAR,2023-06-01 04:00:00+00:00,2023-06-01 04:00:00+00:00,2023-06-02 04:00:00+00:00,1,1.551,1.5220631375780036,1.6088737248439926,1.567,tempo,0.5529279493632187,0.4828892571773165,96,24.0,0.028936862421996334
NEAR,2023-06-05 04:00:00+00:00,2023-06-05 04:00:00+00:00,2023-06-05 11:30:00+00:00,1,1.609,1.588009476552968,1.650981046894064,1.650981046894064,alvo,2.0,1.8990502697167964,30,7.5,0.020990523447032006
NEAR,2023-06-05 16:00:00+00:00,2023-06-05 16:00:00+00:00,2023-06-06 16:00:00+00:00,-1,1.504,1.6707011099322586,1.1705977801354828,1.498,tempo,0.03599256179180925,0.024287180821083026,96,24.0,0.16670110993225862
NEAR,2023-06-13 16:00:00+00:00,2023-06-13 16:00:00+00:00,2023-06-14 16:00:00+00:00,-1,1.188,1.2542555291110271,1.0554889417779456,1.202,tempo,-0.2113031197221235,-0.23475021947128913,96,24.0,0.06625552911102717
NEAR,2023-06-19 20:00:00+00:00,2023-06-19 20:00:00+00:00,2023-06-20 20:00:00+00:00,1,1.231,1.1837332839955892,1.325533432008822,1.289,tempo,1.2270791140765376,1.1924247073721002,96,24.0,0.0472667160044109
NEAR,2023-06-26 08:00:00+00:00,2023-06-26 08:00:00+00:00,2023-06-27 08:00:00+00:00,1,1.575,1.3335407275689424,2.0579185448621153,1.48,tempo,-0.39344109275043376,-0.40166504696021454,96,24.0,0.24145927243105758
NEAR,2023-07-02 04:00:00+00:00,2023-07-02 04:00:00+00:00,2023-07-03 04:00:00+00:00,-1,1.437,1.500845987615591,1.309308024768818,1.475,tempo,-0.5951822725148125,-0.6248286147626029,96,24.0,0.06384598761559102
NEAR,2023-07-12 16:00:00+00:00,2023-07-12 16:00:00+00:00,2023-07-13 15:45:00+00:00,-1,1.348,1.3773870168240838,1.2892259663518326,1.3773870168240838,stop,-1.0,-1.0602817758447616,95,23.75,0.029387016824083734
NEAR,2023-07-31 00:00:00+00:00,2023-07-31 00:00:00+00:00,2023-07-31 20:15:00+00:00,1,1.394,1.3527216572795155,1.4765566854409686,1.3527216572795155,stop,-1.0,-1.043251956342368,81,20.25,0.04127834272048436
NEAR,2023-08-09 00:00:00+00:00,2023-08-09 00:00:00+00:00,2023-08-10 00:00:00+00:00,-1,1.36,1.3813391966802435,1.3173216066395133,1.349,tempo,0.5154833223025826,0.4329661579319924,96,24.0,0.021339196680243422
NEAR,2023-08-17 20:00:00+00:00,2023-08-17 20:00:00+00:00,2023-08-17 21:45:00+00:00,1,1.212,1.166173114070926,1.303653771858148,1.166173114070926,stop,-1.0,-1.0337315637492486,7,1.75,0.045826885929074024
NEAR,2023-08-27 12:00:00+00:00,2023-08-27 12:00:00+00:00,2023-08-28 12:00:00+00:00,-1,1.193,1.2336073526932165,1.1117852946135671,1.172,tempo,0.517147723434535,0.4792912787750238,96,24.0,0.04060735269321647
NEAR,2023-09-05 20:00:00+00:00,2023-09-05 20:00:00+00:00,2023-09-06 20:00:00+00:00,-1,1.122,1.158978093596098,1.0480438128078042,1.124,tempo,-0.05408607652534713,-0.09356620808502425,96,24.0,0.03697809359609794
NEAR,2023-09-06 20:00:00+00:00,2023-09-06 20:00:00+00:00,2023-09-07 20:00:00+00:00,1,1.124,1.09730405138722,1.1773918972255601,1.137,tempo,0.4869652765879417,0.4319138520696745,96,24.0,0.02669594861278002
NEAR,2023-09-25 04:00:00+00:00,2023-09-25 04:00:00+00:00,2023-09-26 04:00:00+00:00,1,1.106,1.0767329098167504,1.1645341803664995,1.103,tempo,-0.10250421142710973,-0.15156443541964637,96,24.0,0.02926709018324969
NEAR,2023-09-27 20:00:00+00:00,2023-09-27 20:00:00+00:00,2023-09-28 20:00:00+00:00,1,1.071,1.0518054341116947,1.1093891317766105,1.102,tempo,1.6150404328178956,1.5414545018716495,96,24.0,0.01919456588830526
NEAR,2023-09-30 12:00:00+00:00,2023-09-30 12:00:00+00:00,2023-09-30 16:00:00+00:00,-1,1.127,1.146923769416279,1.087152461167442,1.146923769416279,stop,-1.0,-1.0741852818730635,16,4.0,0.019923769416279047
NEAR,2023-09-30 16:00:00+00:00,2023-09-30 16:00:00+00:00,2023-10-01 10:15:00+00:00,-1,1.139,1.1520937702597445,1.112812459480511,1.1520937702597445,stop,-1.0,-1.1137343119000087,73,18.25,0.013093770259744453
NEAR,2023-10-02 00:00:00+00:00,2023-10-02 00:00:00+00:00,2023-10-02 14:30:00+00:00,-1,1.161,1.1759688839595326,1.131062232080935,1.131062232080935,alvo,2.0,1.9004708397178909,58,14.5,0.014968883959532553
NEAR,2023-10-12 12:00:00+00:00,2023-10-12 12:00:00+00:00,2023-10-13 12:00:00+00:00,1,1.011,0.9887586936819938,1.0554826126360122,1.002,tempo,-0.40465249078979093,-0.4634822187424474,96,24.0,0.022241306318006138
NEAR,2023-10-16 16:00:00+00:00,2023-10-16 16:00:00+00:00,2023-10-17 16:00:00+00:00,-1,1.023,1.0760014461355487,0.9169971077289023,1.014,tempo,0.16980668748137182,0.14482529364140373,96,24.0,0.0530014461355488
NEAR,2023-10-20 12:00:00+00:00,2023-10-20 12:00:00+00:00,2023-10-21 11:45:00+00:00,-1,1.009,1.0241671751008337,0.9786656497983324,1.0241671751008337,stop,-1.0,-1.0871328151108965,95,23.75,0.015167175100833763
NEAR,2023-10-24 04:00:00+00:00,2023-10-24 04:00:00+00:00,2023-10-24 09:45:00+00:00,-1,1.105,1.141672442643698,1.031655114712604,1.141672442643698,stop,-1.0,-1.0398211022349055,23,5.75,0.036672442643697956
NEAR,2023-11-12 16:00:00+00:00,2023-11-12 16:00:00+00:00,2023-11-13 16:00:00+00:00,-1,1.68,1.8231694331293387,1.3936611337413225,1.718,tempo,-0.26541978388411286,-0.2808469595858192,96,24.0,0.14316943312933872
NEAR,2023-11-24 20:00:00+00:00,2023-11-24 20:00:00+00:00,2023-11-25 20:00:00+00:00,-1,1.839,1.929227542195756,1.6585449156084877,1.869,tempo,-0.3324927097638606,-0.3592051740662891,96,24.0,0.09022754219575613
NEAR,2023-11-29 12:00:00+00:00,2023-11-29 12:00:00+00:00,2023-11-30 12:00:00+00:00,-1,1.848,1.9019951917534796,1.740009616493041,1.866,tempo,-0.3333630165104481,-0.37807255307477433,96,24.0,0.053995191753479554
NEAR,2023-12-04 08:00:00+00:00,2023-12-04 08:00:00+00:00,2023-12-04 11:15:00+00:00,-1,2.129,2.1795705681736264,2.0278588636527473,2.0278588636527473,alvo,2.0,1.94657053778598,13,3.25,0.05057056817362637
NEAR,2023-12-04 12:00:00+00:00,2023-12-04 12:00:00+00:00,2023-12-04 14:00:00+00:00,-1,2.091,2.18803777065824,1.8969244586835208,2.18803777065824,stop,-1.0,-1.0286628034842604,8,2.0,0.09703777065823971
NEAR,2023-12-04 16:00:00+00:00,2023-12-04 16:00:00+00:00,2023-12-05 00:45:00+00:00,-1,2.114,2.2187084097191274,1.9045831805617448,2.2187084097191274,stop,-1.0,-1.0268962204074328,35,8.75,0.10470840971912754
NEAR,2023-12-06 12:00:00+00:00,2023-12-06 12:00:00+00:00,2023-12-07 12:00:00+00:00,-1,2.287,2.4234718794130705,2.0140562411738587,2.246,tempo,0.3004281920666006,0.2788380299564875,96,24.0,0.1364718794130706
NEAR,2023-12-11 04:00:00+00:00,2023-12-11 04:00:00+00:00,2023-12-12 04:00:00+00:00,1,2.385,2.1039449034712954,2.9471101930574086,2.299,tempo,-0.30598982570386013,-0.31682257713802264,96,24.0,0.2810550965287044
NEAR,2023-12-17 12:00:00+00:00,2023-12-17 12:00:00+00:00,2023-12-18 08:15:00+00:00,-1,2.393,2.5120958898307117,2.154808220338576,2.154808220338576,alvo,2.0,1.975179031388724,81,20.25,0.11909588983071195
NEAR,2023-12-20 20:00:00+00:00,2023-12-20 20:00:00+00:00,2023-12-21 08:30:00+00:00,-1,2.891,3.098655095899004,2.4756898082019925,3.098655095899004,stop,-1.0,-1.0187487612354473,50,12.5,0.20765509589900377
NEAR,2023-12-22 04:00:00+00:00,2023-12-22 04:00:00+00:00,2023-12-23 04:00:00+00:00,-1,3.569,3.878547404623229,2.949905190753542,3.223,tempo,1.117760946570171,1.1034988337756104,96,24.0,0.30954740462322894
NEAR,2024-01-02 12:00:00+00:00,2024-01-02 12:00:00+00:00,2024-01-03 12:00:00+00:00,-1,4.161,4.383530703453895,3.7159385930922095,3.822,tempo,1.5233852890337676,1.500067383147243,96,24.0,0.22253070345389503
NEAR,2024-01-03 16:00:00+00:00,2024-01-03 16:00:00+00:00,2024-01-04 16:00:00+00:00,1,3.613,2.7555021673251834,5.327995665349633,3.927,tempo,0.3661816835391073,0.36046621719826283,96,24.0,0.8574978326748166
NEAR,2024-01-11 16:00:00+00:00,2024-01-11 16:00:00+00:00,2024-01-12 16:00:00+00:00,-1,3.623,3.895510196298451,3.0779796074030985,3.533,tempo,0.3302628717108004,0.3131941525832936,96,24.0,0.27251019629845086
NEAR,2024-01-25 16:00:00+00:00,2024-01-25 16:00:00+00:00,2024-01-26 04:45:00+00:00,-1,2.621,2.7673750795181027,2.3282498409637946,2.7673750795181027,stop,-1.0,-1.0239278695063228,51,12.75,0.1463750795181027
NEAR,2024-01-28 12:00:00+00:00,2024-01-28 12:00:00+00:00,2024-01-29 12:00:00+00:00,-1,3.016,3.100238111370322,2.8475237772593562,2.936,tempo,0.9496889080087454,0.9037619524174425,96,24.0,0.08423811137032189
NEAR,2024-01-31 12:00:00+00:00,2024-01-31 12:00:00+00:00,2024-01-31 21:30:00+00:00,1,2.906,2.8036433082980166,3.1107133834039673,2.8036433082980166,stop,-1.0,-1.0362581878007473,38,9.5,0.10235669170198358
NEAR,2024-02-09 16:00:00+00:00,2024-02-09 16:00:00+00:00,2024-02-10 03:15:00+00:00,-1,2.975,3.07808729581865,2.7688254083627,3.07808729581865,stop,-1.0,-1.0381667470374203,45,11.25,0.10308729581864995
NEAR,2024-02-11 08:00:00+00:00,2024-02-11 08:00:00+00:00,2024-02-11 09:30:00+00:00,-1,3.137,3.1998827493805093,3.0112345012389814,3.1998827493805093,stop,-1.0,-1.0655024442740733,6,1.5,0.0628827493805093
NEAR,2024-02-12 00:00:00+00:00,2024-02-12 00:00:00+00:00,2024-02-12 01:30:00+00:00,-1,3.126,3.2406702346569385,2.8966595306861227,3.2406702346569385,stop,-1.0,-1.0360890135518408,6,1.5,0.1146702346569386
NEAR,2024-02-13 04:00:00+00:00,2024-02-13 04:00:00+00:00,2024-02-14 04:00:00+00:00,-1,3.298,3.4780391657661975,2.937921668467605,3.266,tempo,0.17773910395450218,0.15404092705036848,96,24.0,0.1800391657661975
NEAR,2024-02-16 08:00:00+00:00,2024-02-16 08:00:00+00:00,2024-02-17 08:00:00+00:00,-1,3.333,3.4946977339998346,3.0096045320003313,3.296,tempo,0.22882200686892895,0.20217444729332965,96,24.0,0.16169773399983445
NEAR,2024-02-24 04:00:00+00:00,2024-02-24 04:00:00+00:00,2024-02-24 05:15:00+00:00,-1,3.401,3.4866307698340617,3.229738460331876,3.4866307698340617,stop,-1.0,-1.0522821412100782,5,1.25,0.08563076983406193
NEAR,2024-03-07 04:00:00+00:00,2024-03-07 04:00:00+00:00,2024-03-08 04:00:00+00:00,-1,5.744,6.322888950142771,4.5862220997144565,5.397,tempo,0.5994241208342616,0.5869145540197387,96,24.0,0.5788889501427716
NEAR,2024-03-11 04:00:00+00:00,2024-03-11 04:00:00+00:00,2024-03-12 04:00:00+00:00,1,6.699,5.488492914373079,9.12001417125384,6.854,tempo,0.12804551236453598,0.1207680250167956,96,24.0,1.2105070856269204
NEAR,2024-03-15 04:00:00+00:00,2024-03-15 04:00:00+00:00,2024-03-16 04:00:00+00:00,-1,8.335,9.223995000072982,6.5570099998540385,7.375,tempo,1.0798710902999349,1.068384524009729,96,24.0,0.8889950000729812
NEAR,2024-03-19 04:00:00+00:00,2024-03-19 04:00:00+00:00,2024-03-19 07:30:00+00:00,1,6.874,6.429845810726478,7.762308378547043,6.429845810726478,stop,-1.0,-1.0194695895835553,14,3.5,0.44415418927352146
NEAR,2024-03-19 08:00:00+00:00,2024-03-19 08:00:00+00:00,2024-03-19 23:15:00+00:00,1,6.844,6.2773795475884775,7.977240904823046,6.2773795475884775,stop,-1.0,-1.0150522217643816,61,15.25,0.5666204524115228
NEAR,2024-04-01 08:00:00+00:00,2024-04-01 08:00:00+00:00,2024-04-01 15:15:00+00:00,1,6.936,6.588954314742713,7.630091370514574,6.588954314742713,stop,-1.0,-1.0253315937296996,29,7.25,0.34704568525728696
NEAR,2024-04-02 16:00:00+00:00,2024-04-02 16:00:00+00:00,2024-04-03 00:45:00+00:00,1,6.24,6.049924263282422,6.620151473435156,6.049924263282422,stop,-1.0,-1.0420277248905427,35,8.75,0.19007573671757783
NEAR,2024-04-03 04:00:00+00:00,2024-04-03 04:00:00+00:00,2024-04-04 04:00:00+00:00,1,6.383,5.934889741806685,7.279220516386631,6.424,tempo,0.0914953390384402,0.07291832624350263,96,24.0,0.4481102581933154
NEAR,2024-04-04 12:00:00+00:00,2024-04-04 12:00:00+00:00,2024-04-04 12:45:00+00:00,-1,6.866,6.992993304575941,6.612013390848118,6.992993304575941,stop,-1.0,-1.070935595211537,3,0.75,0.12699330457594105
NEAR,2024-04-04 20:00:00+00:00,2024-04-04 20:00:00+00:00,2024-04-05 15:45:00+00:00,-1,6.801,7.112121708940838,6.178756582118325,7.112121708940838,stop,-1.0,-1.0290674962592574,79,19.75,0.31112170894083757
NEAR,2024-04-09 08:00:00+00:00,2024-04-09 08:00:00+00:00,2024-04-10 08:00:00+00:00,-1,7.29,7.759671837413794,6.3506563251724115,6.999,tempo,0.6195815393198062,0.5998063489418974,96,24.0,0.46967183741379426
NEAR,2024-04-14 00:00:00+00:00,2024-04-14 00:00:00+00:00,2024-04-15 00:00:00+00:00,1,5.214,4.055888547246261,7.530222905507479,5.714,tempo,0.4317373762353423,0.42560394237359256,96,24.0,1.1581114527537393
NEAR,2024-04-17 20:00:00+00:00,2024-04-17 20:00:00+00:00,2024-04-18 11:30:00+00:00,-1,5.508,5.738954563796453,5.0460908724070945,5.738954563796453,stop,-1.0,-1.0316535007851617,62,15.5,0.23095456379645274
NEAR,2024-04-23 16:00:00+00:00,2024-04-23 16:00:00+00:00,2024-04-24 16:00:00+00:00,-1,7.044,7.347338112416275,6.437323775167449,6.974,tempo,0.2307655950068593,0.20072749683508762,96,24.0,0.3033381124162755
NEAR,2024-04-24 16:00:00+00:00,2024-04-24 16:00:00+00:00,2024-04-25 04:15:00+00:00,1,6.973,6.673057110221802,7.572885779556395,6.673057110221802,stop,-1.0,-1.02957208663357,49,12.25,0.2999428897781975
NEAR,2024-04-28 00:00:00+00:00,2024-04-28 00:00:00+00:00,2024-04-29 00:00:00+00:00,-1,7.135,7.7298232596705825,5.945353480658834,7.04,tempo,0.1597113066032613,0.14422141132730548,96,24.0,0.5948232596705827
NEAR,2024-05-01 12:00:00+00:00,2024-05-01 12:00:00+00:00,2024-05-02 12:00:00+00:00,1,6.108,5.655378850175242,7.013242299649515,6.129,tempo,0.046396417861009204,0.02882311179018245,96,24.0,0.45262114982475765
NEAR,2024-05-07 04:00:00+00:00,2024-05-07 04:00:00+00:00,2024-05-08 04:00:00+00:00,-1,7.472,8.337776771483071,5.740446457033859,7.29,tempo,0.21021585008366006,0.19913297015889225,96,24.0,0.8657767714830706
NEAR,2024-05-13 08:00:00+00:00,2024-05-13 08:00:00+00:00,2024-05-14 08:00:00+00:00,1,6.958,6.485358379511818,7.903283240976364,7.37,tempo,0.871696401968268,0.8519918317478533,96,24.0,0.47264162048818203
NEAR,2024-05-15 12:00:00+00:00,2024-05-15 12:00:00+00:00,2024-05-15 13:30:00+00:00,1,7.062,6.8276373778381805,7.53072524432364,7.53072524432364,alvo,2.0,1.9595273712108363,6,1.5,0.2343626221618198
NEAR,2024-05-24 00:00:00+00:00,2024-05-24 00:00:00+00:00,2024-05-25 00:00:00+00:00,1,7.694,7.184846014269501,8.712307971460998,7.913,tempo,0.4301252786733947,0.4102009526653299,96,24.0,0.5091539857304985
NEAR,2024-06-07 00:00:00+00:00,2024-06-07 00:00:00+00:00,2024-06-07 17:30:00+00:00,1,7.334,7.205019021782328,7.591961956435343,7.205019021782328,stop,-1.0,-1.0732694269709278,70,17.5,0.12898097821767163
NEAR,2024-06-12 16:00:00+00:00,2024-06-12 16:00:00+00:00,2024-06-13 02:15:00+00:00,-1,6.592,6.773816726243889,6.228366547512221,6.228366547512221,alvo,2.0,1.9541668226678732,41,10.25,0.18181672624388945
NEAR,2024-06-14 04:00:00+00:00,2024-06-14 04:00:00+00:00,2024-06-14 14:30:00+00:00,1,5.877,5.7475482674344756,6.135903465131048,5.7475482674344756,stop,-1.0,-1.0583689088132353,42,10.5,0.12945173256552422
NEAR,2024-06-24 08:00:00+00:00,2024-06-24 08:00:00+00:00,2024-06-25 08:00:00+00:00,1,5.262,4.9690725965404665,5.847854806919066,5.518,tempo,0.873936671600497,0.8500160690305569,96,24.0,0.29292740345953305
NEAR,2024-07-03 00:00:00+00:00,2024-07-03 00:00:00+00:00,2024-07-03 08:15:00+00:00,-1,5.522,5.631217854211169,5.303564291577663,5.303564291577663,alvo,2.0,1.9355726511901574,33,8.25,0.10921785421116859
NEAR,2024-07-04 16:00:00+00:00,2024-07-04 16:00:00+00:00,2024-07-04 23:45:00+00:00,1,4.824,4.615978528605755,5.24004294278849,4.615978528605755,stop,-1.0,-1.029496888001358,31,7.75,0.20802147139424498
NEAR,2024-07-05 08:00:00+00:00,2024-07-05 08:00:00+00:00,2024-07-06 08:00:00+00:00,1,4.201,3.7903784562436704,5.022243087512658,4.509,tempo,0.7500824169682969,0.7362947818914592,96,24.0,0.4106215437563292
NEAR,2024-07-16 08:00:00+00:00,2024-07-16 08:00:00+00:00,2024-07-17 00:30:00+00:00,-1,5.973,6.298626793804162,5.3217464123916765,6.298626793804162,stop,-1.0,-1.0244960106715604,66,16.5,0.3256267938041617
NEAR,2024-07-18 20:00:00+00:00,2024-07-18 20:00:00+00:00,2024-07-19 20:00:00+00:00,1,6.048,5.8161688001701775,6.511662399659645,6.402,tempo,1.5269730746329935,1.4920662113378875,96,24.0,0.2318311998298226
NEAR,2024-07-21 20:00:00+00:00,2024-07-21 20:00:00+00:00,2024-07-22 20:00:00+00:00,1,6.191,5.860775646547262,6.851448706905475,6.183,tempo,-0.024225954010823687,-0.04858242534888066,96,24.0,0.3302243534527376
NEAR,2024-07-25 04:00:00+00:00,2024-07-25 04:00:00+00:00,2024-07-25 13:15:00+00:00,1,5.569,5.398514665303357,5.909970669393286,5.398514665303357,stop,-1.0,-1.0418152361617035,37,9.25,0.17048533469664306
NEAR,2024-07-27 16:00:00+00:00,2024-07-27 16:00:00+00:00,2024-07-28 16:00:00+00:00,-1,5.739,5.977518322274552,5.261963355450896,5.459,tempo,1.1739140093300668,1.1433976954025284,96,24.0,0.23851832227455194
NEAR,2024-08-02 16:00:00+00:00,2024-08-02 16:00:00+00:00,2024-08-03 01:00:00+00:00,1,4.791,4.5620728106183215,5.248854378763358,4.5620728106183215,stop,-1.0,-1.0265564668981537,36,9.0,0.22892718938167889
NEAR,2024-08-03 04:00:00+00:00,2024-08-03 04:00:00+00:00,2024-08-03 17:15:00+00:00,1,4.669,4.376317227525246,5.254365544949507,4.376317227525246,stop,-1.0,-1.0200881526035106,53,13.25,0.2926827724747536
NEAR,2024-08-05 08:00:00+00:00,2024-08-05 08:00:00+00:00,2024-08-06 08:00:00+00:00,1,3.506,3.0399662557992144,4.43806748840157,3.744,tempo,0.5106926332301397,0.5005807045154463,96,24.0,0.46603374420078536
NEAR,2024-08-20 16:00:00+00:00,2024-08-20 16:00:00+00:00,2024-08-21 16:00:00+00:00,-1,3.984,4.169308730086583,3.6133825398268336,4.083,tempo,-0.5342435834174876,-0.5625398757591922,96,24.0,0.18530873008658322
NEAR,2024-08-26 20:00:00+00:00,2024-08-26 20:00:00+00:00,2024-08-27 12:45:00+00:00,1,4.778,4.657459550335694,5.019080899328611,4.657459550335694,stop,-1.0,-1.0508795904179733,67,16.75,0.12054044966430588
NEAR,2024-09-07 00:00:00+00:00,2024-09-07 00:00:00+00:00,2024-09-08 00:00:00+00:00,1,3.548,3.387429298944809,3.8691414021103823,3.664,tempo,0.7224232019771076,0.693228585716519,96,24.0,0.1605707010551911
NEAR,2024-09-11 16:00:00+00:00,2024-09-11 16:00:00+00:00,2024-09-12 04:45:00+00:00,1,3.907,3.781457092338798,4.158085815322404,4.158085815322404,alvo,2.0,1.9582429156881822,51,12.75,0.12554290766120202
NEAR,2024-09-17 20:00:00+00:00,2024-09-17 20:00:00+00:00,2024-09-18 20:00:00+00:00,-1,4.138,4.334208805651454,3.745582388697091,4.096,tempo,0.21405767116593472,0.18678009826481082,96,24.0,0.19620880565145438
NEAR,2024-10-01 20:00:00+00:00,2024-10-01 20:00:00+00:00,2024-10-02 19:15:00+00:00,1,4.855,4.522173763929779,5.520652472140442,4.522173763929779,stop,-1.0,-1.0183133487868077,93,23.25,0.332826236070221
NEAR,2024-10-10 20:00:00+00:00,2024-10-10 20:00:00+00:00,2024-10-11 16:15:00+00:00,1,4.527,4.387983279906116,4.805033440187768,4.805033440187768,alvo,2.0,1.956366243340905,81,20.25,0.13901672009388388
NEAR,2024-10-15 12:00:00+00:00,2024-10-15 12:00:00+00:00,2024-10-15 14:00:00+00:00,-1,4.948,5.205730264561565,4.432539470876872,5.205730264561565,stop,-1.0,-1.0256078760606264,8,2.0,0.2577302645615642
NEAR,2024-10-15 16:00:00+00:00,2024-10-15 16:00:00+00:00,2024-10-16 16:00:00+00:00,-1,5.008,5.348169228606384,4.327661542787232,4.917,tempo,0.26751390880595477,0.24854908348524696,96,24.0,0.340169228606384
NEAR,2024-10-17 16:00:00+00:00,2024-10-17 16:00:00+00:00,2024-10-17 18:15:00+00:00,1,4.806,4.657931087355061,5.102137825289879,4.657931087355061,stop,-1.0,-1.0415452176753122,9,2.25,0.1480689126449395
NEAR,2024-10-23 20:00:00+00:00,2024-10-23 20:00:00+00:00,2024-10-24 20:00:00+00:00,1,4.589,4.413974155281841,4.939051689436319,4.697,tempo,0.617051728411367,0.5825659642676801,96,24.0,0.17502584471815918
NEAR,2024-10-29 20:00:00+00:00,2024-10-29 20:00:00+00:00,2024-10-30 20:00:00+00:00,-1,4.373,4.546371151181576,4.026257697636848,4.311,tempo,0.3576142834459585,0.32505638692436095,96,24.0,0.1733711511815761
NEAR,2024-11-06 08:00:00+00:00,2024-11-06 08:00:00+00:00,2024-11-07 01:30:00+00:00,-1,4.142,4.293103457333729,3.839793085332544,4.293103457333729,stop,-1.0,-1.0362851872750836,70,17.5,0.1511034573337282
NEAR,2024-11-11 20:00:00+00:00,2024-11-11 20:00:00+00:00,2024-11-12 03:45:00+00:00,-1,5.381,5.665348875942612,4.8123022481147775,5.665348875942612,stop,-1.0,-1.025251117119984,31,7.75,0.2843488759426114
NEAR,2024-11-12 08:00:00+00:00,2024-11-12 08:00:00+00:00,2024-11-12 11:00:00+00:00,-1,5.557,5.848153842955281,4.97469231408944,4.97469231408944,alvo,2.0,1.9764880314315152,12,3.0,0.29115384295528024
NEAR,2024-11-15 00:00:00+00:00,2024-11-15 00:00:00+00:00,2024-11-16 00:00:00+00:00,-1,5.419,5.742433456446685,4.772133087106629,5.562,tempo,-0.44213113130296317,-0.46419950381586234,96,24.0,0.3234334564466854
NEAR,2024-11-16 12:00:00+00:00,2024-11-16 12:00:00+00:00,2024-11-17 12:00:00+00:00,-1,6.156,6.4704866981595135,5.527026603680972,5.829,tempo,1.0397896060905545,1.0150182881124292,96,24.0,0.3144866981595138
NEAR,2024-12-05 00:00:00+00:00,2024-12-05 00:00:00+00:00,2024-12-05 14:15:00+00:00,-1,7.478,7.8187422426663975,6.796515514667204,7.8187422426663975,stop,-1.0,-1.02918006989661,57,14.25,0.34074224266639774
NEAR,2024-12-05 20:00:00+00:00,2024-12-05 20:00:00+00:00,2024-12-06 01:30:00+00:00,-1,7.758,8.133205227239916,7.007589545520168,8.133205227239916,stop,-1.0,-1.0275296894813812,22,5.5,0.375205227239916
NEAR,2024-12-12 20:00:00+00:00,2024-12-12 20:00:00+00:00,2024-12-13 20:00:00+00:00,-1,6.944,7.393297578068866,6.045404843862268,6.877,tempo,0.14912165849630005,0.1291267810731615,96,24.0,0.44929757806886617
NEAR,2024-12-19 04:00:00+00:00,2024-12-19 04:00:00+00:00,2024-12-19 18:00:00+00:00,1,5.756,5.198703335101884,6.8705933297962325,5.198703335101884,stop,-1.0,-1.0127769599502592,56,14.0,0.5572966648981161
NEAR,2024-12-20 00:00:00+00:00,2024-12-20 00:00:00+00:00,2024-12-20 08:45:00+00:00,1,5.199,4.903359178507485,5.790281642985029,4.903359178507485,stop,-1.0,-1.0222111866449273,35,8.75,0.2956408214925146
NEAR,2025-01-04 16:00:00+00:00,2025-01-04 16:00:00+00:00,2025-01-05 16:00:00+00:00,-1,5.76,5.969360053732702,5.341279892534596,5.737,tempo,0.10985858854127284,0.07416386136308284,96,24.0,0.20936005373270206
NEAR,2025-01-09 16:00:00+00:00,2025-01-09 16:00:00+00:00,2025-01-10 16:00:00+00:00,1,5.089,4.784673838936496,5.697652322127009,5.008,tempo,-0.2661618038913781,-0.2877276462003818,96,24.0,0.3043261610635044
NEAR,2025-01-16 04:00:00+00:00,2025-01-16 04:00:00+00:00,2025-01-17 04:00:00+00:00,-1,5.189,5.3756831263176705,4.815633747364659,5.264,tempo,-0.40175028927025774,-0.43814591930935504,96,24.0,0.18668312631767048
NEAR,2025-01-18 04:00:00+00:00,2025-01-18 04:00:00+00:00,2025-01-19 04:00:00+00:00,-1,5.61,5.926942037177156,4.976115925645689,5.446,tempo,0.5174447714814565,0.49477059400722284,96,24.0,0.31694203717715563
NEAR,2025-01-20 04:00:00+00:00,2025-01-20 04:00:00+00:00,2025-01-20 07:15:00+00:00,1,4.994,4.67775517987021,5.62648964025958,5.62648964025958,alvo,2.0,1.9781709681020687,13,3.25,0.31624482012979005
NEAR,2025-02-03 00:00:00+00:00,2025-02-03 00:00:00+00:00,2025-02-03 02:00:00+00:00,1,3.747,3.4373983909542902,4.366203218091419,3.4373983909542902,stop,-1.0,-1.0150834453622972,8,2.0,0.30960160904570966
NEAR,2025-02-11 16:00:00+00:00,2025-02-11 16:00:00+00:00,2025-02-12 16:00:00+00:00,-1,3.303,3.4165690679208605,3.075861864158279,3.214,tempo,0.783664087672347,0.7463647589242071,96,24.0,0.11356906792086052
NEAR,2025-02-12 16:00:00+00:00,2025-02-12 16:00:00+00:00,2025-02-13 16:00:00+00:00,1,3.215,3.0606618472703273,3.523676305459345,3.323,tempo,0.6997621656724441,0.6722271723811646,96,24.0,0.15433815272967255
NEAR,2025-02-17 16:00:00+00:00,2025-02-17 16:00:00+00:00,2025-02-17 17:00:00+00:00,1,3.324,3.2839980901599426,3.4040038196801143,3.2839980901599426,stop,-1.0,-1.1073748422457275,4,1.0,0.04000190984005725
NEAR,2025-03-03 04:00:00+00:00,2025-03-03 04:00:00+00:00,2025-03-03 20:00:00+00:00,-1,3.396,3.5977751566758784,2.992449686648243,2.992449686648243,alvo,2.0,1.9794202003619716,64,16.0,0.20177515667587853
NEAR,2025-03-11 04:00:00+00:00,2025-03-11 04:00:00+00:00,2025-03-12 04:00:00+00:00,1,2.332,2.097939563101059,2.8001208737978818,2.39,tempo,0.24779924693143518,0.23468596712787224,96,24.0,0.23406043689894096
NEAR,2025-03-19 20:00:00+00:00,2025-03-19 20:00:00+00:00,2025-03-20 20:00:00+00:00,-1,2.783,2.8449635625922185,2.6590728748155628,2.72,tempo,1.0167265625864983,0.9589998946810413,96,24.0,0.06196356259221858
NEAR,2025-03-26 00:00:00+00:00,2025-03-26 00:00:00+00:00,2025-03-27 00:00:00+00:00,-1,3.024,3.091641321162196,2.888717357675608,2.982,tempo,0.6209222303521942,0.5632075090409575,96,24.0,0.06764132116219601
NEAR,2025-03-31 12:00:00+00:00,2025-03-31 12:00:00+00:00,2025-04-01 12:00:00+00:00,1,2.537,2.4420359687718642,2.7269280624562713,2.625,tempo,0.9266666427480774,0.8913343179024794,96,24.0,0.09496403122813568
TRX,2020-09-15 20:00:00+00:00,2020-09-15 20:00:00+00:00,2020-09-16 00:15:00+00:00,1,0.02821,0.027337945623219825,0.029954108753560346,0.027337945623219825,stop,-1.0,-1.0414035702548792,17,4.25,0.0008720543767801736
TRX,2020-10-01 20:00:00+00:00,2020-10-01 20:00:00+00:00,2020-10-02 05:30:00+00:00,1,0.02551,0.02488285673449742,0.026764286531005165,0.02488285673449742,stop,-1.0,-1.0522294644289512,38,9.5,0.0006271432655025819
TRX,2020-10-06 16:00:00+00:00,2020-10-06 16:00:00+00:00,2020-10-07 01:45:00+00:00,1,0.02608,0.025180527054449654,0.02787894589110069,0.025180527054449654,stop,-1.0,-1.0370431848453272,39,9.75,0.0008994729455503447
TRX,2020-10-20 20:00:00+00:00,2020-10-20 20:00:00+00:00,2020-10-21 20:00:00+00:00,-1,0.02606,0.029487066531802046,0.019205866936395907,0.02681,tempo,-0.21884605771152915,-0.2288737299732432,96,24.0,0.0034270665318020463
TRX,2020-10-28 12:00:00+00:00,2020-10-28 12:00:00+00:00,2020-10-29 12:00:00+00:00,-1,0.02692,0.02748419318977072,0.025791613620458557,0.02665,tempo,0.4785594808574755,0.41684214603081715,96,24.0,0.000564193189770721
TRX,2020-11-06 04:00:00+00:00,2020-11-06 04:00:00+00:00,2020-11-06 08:15:00+00:00,-1,0.02496,0.025620866767872275,0.023638266464255448,0.025620866767872275,stop,-1.0,-1.049749155196545,17,4.25,0.0006608667678722757
TRX,2020-11-06 16:00:00+00:00,2020-11-06 16:00:00+00:00,2020-11-07 00:15:00+00:00,-1,0.02566,0.02634916661188869,0.024281666776222618,0.02634916661188869,stop,-1.0,-1.0490533895788727,33,8.25,0.0006891666118886905
TRX,2020-11-16 00:00:00+00:00,2020-11-16 00:00:00+00:00,2020-11-17 00:00:00+00:00,1,0.02533,0.024727650483249246,0.026534699033501502,0.02549,tempo,0.2656265101084282,0.21078625693085518,96,24.0,0.0006023495167507519
TRX,2020-11-17 12:00:00+00:00,2020-11-17 12:00:00+00:00,2020-11-17 17:00:00+00:00,-1,0.02603,0.026572346493086072,0.02494530701382786,0.026572346493086072,stop,-1.0,-1.0630436919135378,20,5.0,0.0005423464930860711
TRX,2020-11-18 08:00:00+00:00,2020-11-18 08:00:00+00:00,2020-11-19 08:00:00+00:00,1,0.02569,0.0242660293524765,0.028537941295047,0.02554,tempo,-0.10533924997742998,-0.12872421234158604,96,24.0,0.0014239706475235002
TRX,2020-11-22 04:00:00+00:00,2020-11-22 04:00:00+00:00,2020-11-23 04:00:00+00:00,-1,0.02929,0.031308147177529944,0.025253705644940113,0.02916,tempo,0.06441552006088655,0.045590084323092694,96,24.0,0.0020181471775299435
TRX,2020-11-30 20:00:00+00:00,2020-11-30 20:00:00+00:00,2020-12-01 04:15:00+00:00,-1,0.0322,0.03343904078528902,0.029721918429421963,0.03343904078528902,stop,-1.0,-1.0344341986292935,33,8.25,0.0012390407852890181
TRX,2020-12-01 16:00:00+00:00,2020-12-01 16:00:00+00:00,2020-12-02 16:00:00+00:00,1,0.03139,0.028605869029260763,0.03695826194147848,0.0307,tempo,-0.24783316850097462,-0.26232907419799867,96,24.0,0.0027841309707392382
TRX,2020-12-09 12:00:00+00:00,2020-12-09 12:00:00+00:00,2020-12-10 12:00:00+00:00,1,0.02815,0.026804860369647316,0.030840279260705372,0.02824,tempo,0.06690755217464114,0.039658708134272094,96,24.0,0.0013451396303526854
TRX,2020-12-17 04:00:00+00:00,2020-12-17 04:00:00+00:00,2020-12-17 10:45:00+00:00,-1,0.03089,0.032169105901457794,0.028331788197084415,0.032169105901457794,stop,-1.0,-1.0320445858229825,27,6.75,0.001279105901457793
TRX,2020-12-31 16:00:00+00:00,2020-12-31 16:00:00+00:00,2021-01-01 16:00:00+00:00,1,0.02649,0.025754324406352995,0.02796135118729401,0.02703,tempo,0.7340191854442627,0.6867320383641977,96,24.0,0.0007356755936470047
TRX,2021-01-03 20:00:00+00:00,2021-01-03 20:00:00+00:00,2021-01-03 23:15:00+00:00,-1,0.02855,0.029662762020394084,0.026324475959211828,0.029662762020394084,stop,-1.0,-1.034003942100626,13,3.25,0.0011127620203940855
TRX,2021-01-04 08:00:00+00:00,2021-01-04 08:00:00+00:00,2021-01-05 08:00:00+00:00,-1,0.02992,0.0328555292499315,0.024048941500136995,0.02793,tempo,0.6779016083884818,0.6650921635495733,96,24.0,0.002935529249931502
TRX,2021-01-07 08:00:00+00:00,2021-01-07 08:00:00+00:00,2021-01-08 08:00:00+00:00,-1,0.03072,0.03375393222491008,0.024652135550179848,0.03054,tempo,0.0593289456244642,0.04620439403657228,96,24.0,0.0030339322249100763
TRX,2021-01-15 16:00:00+00:00,2021-01-15 16:00:00+00:00,2021-01-16 16:00:00+00:00,-1,0.02918,0.03191012270523684,0.023719754589526323,0.03107,tempo,-0.6922765765709571,-0.7066211699201423,96,24.0,0.002730122705236839
TRX,2021-01-18 16:00:00+00:00,2021-01-18 16:00:00+00:00,2021-01-19 16:00:00+00:00,-1,0.03115,0.032652672112647954,0.028144655774704094,0.03143,tempo,-0.18633472841030724,-0.21340450608011471,96,24.0,0.0015026721126479535
TRX,2021-01-29 08:00:00+00:00,2021-01-29 08:00:00+00:00,2021-01-29 13:00:00+00:00,-1,0.03012,0.031459713589534595,0.027440572820930813,0.031459713589534595,stop,-1.0,-1.0298771425070805,20,5.0,0.001339713589534594
TRX,2021-02-04 12:00:00+00:00,2021-02-04 12:00:00+00:00,2021-02-05 09:15:00+00:00,1,0.03302,0.031701736466368764,0.035656527067262474,0.035656527067262474,alvo,2.0,1.96613746686085,85,21.25,0.0013182635336312365
TRX,2021-02-07 16:00:00+00:00,2021-02-07 16:00:00+00:00,2021-02-08 11:45:00+00:00,-1,0.03496,0.03789339032839506,0.029093219343209874,0.03789339032839506,stop,-1.0,-1.0161433353260443,79,19.75,0.002933390328395062
TRX,2021-02-13 20:00:00+00:00,2021-02-13 20:00:00+00:00,2021-02-14 20:00:00+00:00,-1,0.05829,0.06244562552197633,0.04997874895604735,0.05516,tempo,0.753195874711887,0.7354506520949728,96,24.0,0.004155625521976326
TRX,2021-03-04 04:00:00+00:00,2021-03-04 04:00:00+00:00,2021-03-04 14:00:00+00:00,-1,0.04947,0.05250135404608909,0.04340729190782182,0.05250135404608909,stop,-1.0,-1.0218652717967638,40,10.0,0.003031354046089091
TRX,2021-03-16 12:00:00+00:00,2021-03-16 12:00:00+00:00,2021-03-17 04:15:00+00:00,-1,0.05183,0.05357140861708307,0.04834718276583386,0.05357140861708307,stop,-1.0,-1.0393422399137213,65,16.25,0.001741408617083072
TRX,2021-03-20 08:00:00+00:00,2021-03-20 08:00:00+00:00,2021-03-20 13:00:00+00:00,-1,0.06361,0.06619320665789384,0.05844358668421232,0.06619320665789384,stop,-1.0,-1.0326617632661343,20,5.0,0.002583206657893841
TRX,2021-03-27 12:00:00+00:00,2021-03-27 12:00:00+00:00,2021-03-28 12:00:00+00:00,-1,0.06402,0.06837168205046283,0.05531663589907432,0.06352,tempo,0.11489810013735292,0.09584776533837955,96,24.0,0.004351682050462838
TRX,2021-04-06 16:00:00+00:00,2021-04-06 16:00:00+00:00,2021-04-07 11:30:00+00:00,1,0.12019,0.10690742752923156,0.1467551449415369,0.10690742752923156,stop,-1.0,-1.01111330867713,78,19.5,0.013282572470768444
TRX,2021-04-13 16:00:00+00:00,2021-04-13 16:00:00+00:00,2021-04-13 16:45:00+00:00,-1,0.14102,0.1488100765098811,0.12543984698023783,0.1488100765098811,stop,-1.0,-1.0241832733596987,3,0.75,0.007790076509881089
TRX,2021-04-17 04:00:00+00:00,2021-04-17 04:00:00+00:00,2021-04-17 16:00:00+00:00,-1,0.17471,0.1846340498255883,0.15486190034882344,0.15486190034882344,alvo,2.0,1.9784138795157615,48,12.0,0.009924049825588283
TRX,2021-05-06 04:00:00+00:00,2021-05-06 04:00:00+00:00,2021-05-06 13:45:00+00:00,-1,0.14584,0.15154983822225154,0.1344203235554969,0.15154983822225154,stop,-1.0,-1.033854443387056,39,9.75,0.005709838222251545
TRX,2021-05-13 04:00:00+00:00,2021-05-13 04:00:00+00:00,2021-05-14 04:00:00+00:00,1,0.12125,0.10311375283771604,0.1575224943245679,0.12026,tempo,-0.05458681672903033,-0.06324249387079635,96,24.0,0.01813624716228396
TRX,2021-05-17 08:00:00+00:00,2021-05-17 08:00:00+00:00,2021-05-18 08:00:00+00:00,1,0.1169,0.10688870666537728,0.13692258666924545,0.11705,tempo,0.01498307910739588,-0.00020651677369720733,96,24.0,0.010011293334622723
TRX,2021-06-04 16:00:00+00:00,2021-06-04 16:00:00+00:00,2021-06-05 16:00:00+00:00,1,0.07636,0.07292540842979289,0.0832291831404142,0.07622,tempo,-0.04076176079112641,-0.06963768329099432,96,24.0,0.0034345915702071045
TRX,2021-06-08 16:00:00+00:00,2021-06-08 16:00:00+00:00,2021-06-08 22:00:00+00:00,1,0.06848,0.06644628541548742,0.07254742916902517,0.07254742916902517,alvo,2.0,1.9549259125848104,24,6.0,0.002033714584512583
TRX,2021-06-22 04:00:00+00:00,2021-06-22 04:00:00+00:00,2021-06-22 10:30:00+00:00,1,0.05598,0.05092803406928934,0.06608393186142132,0.05092803406928934,stop,-1.0,-1.0137550852674224,26,6.5,0.00505196593071066
TRX,2021-07-05 20:00:00+00:00,2021-07-05 20:00:00+00:00,2021-07-06 20:00:00+00:00,1,0.06489,0.06314192604716855,0.06838614790566291,0.06459,tempo,-0.1716174533200277,-0.21976301367442688,96,24.0,0.0017480739528314554
TRX,2021-07-08 12:00:00+00:00,2021-07-08 12:00:00+00:00,2021-07-09 00:45:00+00:00,1,0.06165,0.05999052272231886,0.06496895455536228,0.05999052272231886,stop,-1.0,-1.0476453283409761,51,12.75,0.0016594772776811414
TRX,2021-07-21 20:00:00+00:00,2021-07-21 20:00:00+00:00,2021-07-22 20:00:00+00:00,-1,0.05274,0.055553279931255924,0.04711344013748816,0.05511,tempo,-0.8424330524911424,-0.8673514757241637,96,24.0,0.0028132799312559215
TRX,2021-07-26 08:00:00+00:00,2021-07-26 08:00:00+00:00,2021-07-26 17:45:00+00:00,-1,0.06116,0.0633393409063616,0.05680131818727679,0.0633393409063616,stop,-1.0,-1.0371325896526387,39,9.75,0.0021793409063616057
TRX,2021-07-26 20:00:00+00:00,2021-07-26 20:00:00+00:00,2021-07-27 00:15:00+00:00,-1,0.06198,0.06389164820914583,0.05815670358170833,0.05815670358170833,alvo,2.0,1.9591510315786596,17,4.25,0.0019116482091458345
TRX,2021-08-16 16:00:00+00:00,2021-08-16 16:00:00+00:00,2021-08-17 16:00:00+00:00,-1,0.0924,0.0975794441639497,0.08204111167210058,0.08914,tempo,0.6294111678412244,0.6066286073453863,96,24.0,0.005179444163949706
TRX,2021-08-27 04:00:00+00:00,2021-08-27 04:00:00+00:00,2021-08-27 11:45:00+00:00,1,0.08222,0.08081399511239037,0.08503200977521926,0.08503200977521926,alvo,2.0,1.9226789271417692,31,7.75,0.001406004887609627
TRX,2021-08-29 04:00:00+00:00,2021-08-29 04:00:00+00:00,2021-08-30 04:00:00+00:00,-1,0.08739,0.0910494211191773,0.08007115776164539,0.08689,tempo,0.13663363240151177,0.10567737011009569,96,24.0,0.003659421119177303
TRX,2021-08-31 20:00:00+00:00,2021-08-31 20:00:00+00:00,2021-09-01 10:00:00+00:00,-1,0.0889,0.09153103056971072,0.08363793886057858,0.09153103056971072,stop,-1.0,-1.0445757534026703,56,14.0,0.0026310305697107156
TRX,2021-09-06 12:00:00+00:00,2021-09-06 12:00:00+00:00,2021-09-07 08:45:00+00:00,-1,0.10468,0.1081163313154094,0.09780733736918118,0.09780733736918118,alvo,2.0,1.9616984635038641,83,20.75,0.0034363313154094077
TRX,2021-09-20 16:00:00+00:00,2021-09-20 16:00:00+00:00,2021-09-21 00:30:00+00:00,1,0.09465,0.08801282368428674,0.10792435263142651,0.08801282368428674,stop,-1.0,-1.0178887571682698,34,8.5,0.006637176315713256
TRX,2021-09-22 00:00:00+00:00,2021-09-22 00:00:00+00:00,2021-09-22 15:30:00+00:00,1,0.08819,0.08516067831498557,0.09424864337002888,0.09424864337002888,alvo,2.0,1.9608542338777886,62,15.5,0.0030293216850144356
TRX,2021-09-24 12:00:00+00:00,2021-09-24 12:00:00+00:00,2021-09-25 12:00:00+00:00,1,0.09157,0.08495853074938199,0.10479293850123601,0.09086,tempo,-0.10738914045976014,-0.12532456381348983,96,24.0,0.006611469250618007
TRX,2021-10-01 16:00:00+00:00,2021-10-01 16:00:00+00:00,2021-10-02 00:15:00+00:00,-1,0.09309,0.094864308653909,0.08954138269218201,0.094864308653909,stop,-1.0,-1.068855156827357,33,8.25,0.0017743086539089986
TRX,2021-10-03 00:00:00+00:00,2021-10-03 00:00:00+00:00,2021-10-03 13:45:00+00:00,-1,0.09333,0.09636595226323241,0.08725809547353516,0.09636595226323241,stop,-1.0,-1.040614067113104,55,13.75,0.0030359522632324165
TRX,2021-10-06 00:00:00+00:00,2021-10-06 00:00:00+00:00,2021-10-07 00:00:00+00:00,-1,0.09629,0.09917572487465688,0.09051855025068624,0.09554,tempo,0.25990003641257636,0.21669096229222182,96,24.0,0.002885724874656881
TRX,2021-10-15 16:00:00+00:00,2021-10-15 16:00:00+00:00,2021-10-16 16:00:00+00:00,-1,0.09877,0.10397203718395522,0.08836592563208956,0.0992,tempo,-0.0826599243323866,-0.1073964833859998,96,24.0,0.005202037183955219
TRX,2021-10-20 12:00:00+00:00,2021-10-20 12:00:00+00:00,2021-10-21 12:00:00+00:00,-1,0.10293,0.10679196834069189,0.0952060633186162,0.10351,tempo,-0.15018248437948095,-0.18492797894662688,96,24.0,0.0038619683406918986
TRX,2021-11-10 04:00:00+00:00,2021-11-10 04:00:00+00:00,2021-11-11 04:00:00+00:00,-1,0.11319,0.11862462729480065,0.10232074541039869,0.10793,tempo,0.9678676594864711,0.941420951698891,96,24.0,0.0054346272948006535
TRX,2021-11-18 20:00:00+00:00,2021-11-18 20:00:00+00:00,2021-11-19 03:30:00+00:00,1,0.10219,0.09854312935426499,0.10948374129147004,0.09854312935426499,stop,-1.0,-1.0357776698860606,30,7.5,0.0036468706457350175
TRX,2021-11-26 16:00:00+00:00,2021-11-26 16:00:00+00:00,2021-11-27 16:00:00+00:00,1,0.09286,0.08940382310702634,0.09977235378594732,0.09476,tempo,0.549740380436737,0.5144548601128415,96,24.0,0.0034561768929736586
TRX,2021-11-28 20:00:00+00:00,2021-11-28 20:00:00+00:00,2021-11-29 20:00:00+00:00,1,0.09179,0.08875693962995047,0.09785612074009904,0.09592,tempo,1.3616609945461045,1.3214338031572275,96,24.0,0.003033060370049523
TRX,2021-11-30 16:00:00+00:00,2021-11-30 16:00:00+00:00,2021-12-01 16:00:00+00:00,-1,0.09774,0.10050795451100714,0.09220409097798571,0.09966,tempo,-0.6936530179108318,-0.7400085484984039,96,24.0,0.0027679545110071424
TRX,2021-12-06 12:00:00+00:00,2021-12-06 12:00:00+00:00,2021-12-06 13:15:00+00:00,1,0.08111,0.07806647595940697,0.08719704808118607,0.08719704808118607,alvo,2.0,1.9640549639846268,5,1.25,0.0030435240405930347
TRX,2021-12-08 04:00:00+00:00,2021-12-08 04:00:00+00:00,2021-12-09 04:00:00+00:00,-1,0.09103,0.0941582311990943,0.08477353760181139,0.09042,tempo,0.19499837485688665,0.15729575874777457,96,24.0,0.0031282311990943057
TRX,2021-12-27 16:00:00+00:00,2021-12-27 16:00:00+00:00,2021-12-27 17:00:00+00:00,-1,0.08215,0.08259814740608247,0.08125370518783506,0.08259814740608247,stop,-1.0,-1.2389532871562516,4,1.0,0.00044814740608246917
TRX,2022-01-22 12:00:00+00:00,2022-01-22 12:00:00+00:00,2022-01-23 12:00:00+00:00,1,0.05653,0.05150647622835274,0.0665770475432945,0.05772,tempo,0.2368855118624815,0.22210256200980294,96,24.0,0.005023523771647255
TRX,2022-01-24 16:00:00+00:00,2022-01-24 16:00:00+00:00,2022-01-25 16:00:00+00:00,1,0.05331,0.0502902224977398,0.0593495550045204,0.05501,tempo,0.5629553828808939,0.5396397578233186,96,24.0,0.0030197775022602
TRX,2022-02-02 16:00:00+00:00,2022-02-02 16:00:00+00:00,2022-02-03 16:00:00+00:00,-1,0.05992,0.061757575546052636,0.05624484890789473,0.05919,tempo,0.39726257871037846,0.35513016126157637,96,24.0,0.0018375755460526347
TRX,2022-02-04 16:00:00+00:00,2022-02-04 16:00:00+00:00,2022-02-05 00:00:00+00:00,-1,0.06316,0.06424178151348671,0.06099643697302656,0.06424178151348671,stop,-1.0,-1.0765507239228518,32,8.0,0.0010817815134867154
TRX,2022-02-23 20:00:00+00:00,2022-02-23 20:00:00+00:00,2022-02-24 03:45:00+00:00,-1,0.06203,0.06415678903725151,0.05777642192549698,0.05777642192549698,alvo,2.0,1.9633841566382102,31,7.75,0.0021267890372515114
TRX,2022-02-24 08:00:00+00:00,2022-02-24 08:00:00+00:00,2022-02-25 08:00:00+00:00,1,0.058,0.055517031790588534,0.06296593641882295,0.06162,tempo,1.4579324802785276,1.4266179432235286,96,24.0,0.0024829682094114694
TRX,2022-02-25 20:00:00+00:00,2022-02-25 20:00:00+00:00,2022-02-25 23:45:00+00:00,1,0.05654,0.05486540397675016,0.05988919204649968,0.05988919204649968,alvo,2.0,1.95480762298518,15,3.75,0.00167459602324984
TRX,2022-03-16 04:00:00+00:00,2022-03-16 04:00:00+00:00,2022-03-17 04:00:00+00:00,-1,0.06007,0.06176746930843247,0.05667506138313505,0.06086,tempo,-0.46539869444209486,-0.5117055699829476,96,24.0,0.001697469308432474
TRX,2022-03-23 04:00:00+00:00,2022-03-23 04:00:00+00:00,2022-03-24 04:00:00+00:00,-1,0.06347,0.06505664159308727,0.06029671681382545,0.06384,tempo,-0.2331969624469837,-0.2853520933603129,96,24.0,0.0015866415930872735
TRX,2022-03-24 08:00:00+00:00,2022-03-24 08:00:00+00:00,2022-03-24 15:15:00+00:00,-1,0.06461,0.06537474151786307,0.06308051696427386,0.06537474151786307,stop,-1.0,-1.1104818818032829,29,7.25,0.0007647415178630712
TRX,2022-03-29 08:00:00+00:00,2022-03-29 08:00:00+00:00,2022-03-29 22:00:00+00:00,-1,0.07155,0.0729531733896294,0.06874365322074122,0.06874365322074122,alvo,2.0,1.9350109720812427,56,14.0,0.0014031733896293919
TRX,2022-03-30 16:00:00+00:00,2022-03-30 16:00:00+00:00,2022-03-31 00:15:00+00:00,-1,0.0718,0.07511769146533104,0.06516461706933793,0.07511769146533104,stop,-1.0,-1.0287840205909373,33,8.25,0.003317691465331035
TRX,2022-03-31 04:00:00+00:00,2022-03-31 04:00:00+00:00,2022-03-31 07:00:00+00:00,-1,0.07411,0.07707910841605907,0.06817178316788185,0.07707910841605907,stop,-1.0,-1.0330984614569505,12,3.0,0.002969108416059074
TRX,2022-05-01 04:00:00+00:00,2022-05-01 04:00:00+00:00,2022-05-01 06:00:00+00:00,1,0.06286,0.061021782416332736,0.06653643516733453,0.06653643516733453,alvo,2.0,1.9542449796987733,8,2.0,0.0018382175836672635
TRX,2022-05-05 04:00:00+00:00,2022-05-05 04:00:00+00:00,2022-05-05 16:45:00+00:00,-1,0.0864,0.09122820662636685,0.0767435867472663,0.0767435867472663,alvo,2.0,1.9780367039789433,51,12.75,0.004828206626366849
TRX,2022-05-08 20:00:00+00:00,2022-05-08 20:00:00+00:00,2022-05-09 12:45:00+00:00,-1,0.08848,0.0942177284474326,0.0770045431051348,0.0770045431051348,alvo,2.0,1.9812530422093313,67,16.75,0.005737728447432602
TRX,2022-05-21 16:00:00+00:00,2022-05-21 16:00:00+00:00,2022-05-22 13:00:00+00:00,-1,0.07485,0.07633636847193005,0.0718772630561399,0.07633636847193005,stop,-1.0,-1.0661149246385382,84,21.0,0.0014863684719300524
TRX,2022-05-24 12:00:00+00:00,2022-05-24 12:00:00+00:00,2022-05-25 02:30:00+00:00,-1,0.08106,0.08376203990810545,0.07565592018378908,0.08376203990810545,stop,-1.0,-1.0396494239847798,58,14.5,0.0027020399081054552
TRX,2022-05-25 04:00:00+00:00,2022-05-25 04:00:00+00:00,2022-05-25 14:15:00+00:00,-1,0.0828,0.08459735837859021,0.07920528324281957,0.08459735837859021,stop,-1.0,-1.0605378895172977,41,10.25,0.0017973583785902136
TRX,2022-05-26 00:00:00+00:00,2022-05-26 00:00:00+00:00,2022-05-27 00:00:00+00:00,-1,0.08467,0.08939211911533948,0.07522576176932103,0.08219,tempo,0.5251879377510583,0.5022196480169687,96,24.0,0.004722119115339485
TRX,2022-06-01 16:00:00+00:00,2022-06-01 16:00:00+00:00,2022-06-02 16:00:00+00:00,-1,0.08809,0.09329692874894487,0.07767614250211027,0.08489,tempo,0.6145657362122459,0.5929720088114658,96,24.0,0.005206928748944864
TRX,2022-06-14 04:00:00+00:00,2022-06-14 04:00:00+00:00,2022-06-14 19:30:00+00:00,1,0.06066,0.053767555909760505,0.07444488818047898,0.053767555909760505,stop,-1.0,-1.0107912244724149,62,15.5,0.006892444090239494
TRX,2022-06-15 12:00:00+00:00,2022-06-15 12:00:00+00:00,2022-06-16 12:00:00+00:00,1,0.05451,0.044101311081319976,0.07532737783736006,0.05941,tempo,0.4707605384580353,0.46364648205972087,96,24.0,0.010408688918680027
TRX,2022-07-27 16:00:00+00:00,2022-07-27 16:00:00+00:00,2022-07-27 18:15:00+00:00,-1,0.06638,0.06712188901459008,0.06489622197081982,0.06712188901459008,stop,-1.0,-1.116966589547669,9,2.25,0.0007418890145900886
TRX,2022-08-02 00:00:00+00:00,2022-08-02 00:00:00+00:00,2022-08-03 00:00:00+00:00,-1,0.06979,0.07188152638213081,0.06560694723573839,0.06823,tempo,0.7458667570861363,0.7029732029973745,96,24.0,0.0020915263821308094
TRX,2022-08-04 20:00:00+00:00,2022-08-04 20:00:00+00:00,2022-08-05 11:00:00+00:00,-1,0.06883,0.0698505546979032,0.0667888906041936,0.0698505546979032,stop,-1.0,-1.088326829261421,60,15.0,0.0010205546979032004
TRX,2022-08-13 08:00:00+00:00,2022-08-13 08:00:00+00:00,2022-08-14 08:00:00+00:00,-1,0.06995,0.07142315969636581,0.06700368060726837,0.0705,tempo,-0.37334716755882474,-0.43531770627585076,96,24.0,0.001473159696365814
TRX,2022-08-14 12:00:00+00:00,2022-08-14 12:00:00+00:00,2022-08-15 12:00:00+00:00,-1,0.07117,0.07267752293225772,0.06815495413548454,0.06836,tempo,1.8639849118524683,1.8038236379777337,96,24.0,0.0015075229322577266
TRX,2022-08-17 08:00:00+00:00,2022-08-17 08:00:00+00:00,2022-08-18 03:45:00+00:00,-1,0.07,0.07125857414547936,0.06748285170904131,0.06748285170904131,alvo,2.0,1.9289959563114645,79,19.75,0.0012585741454793492
TRX,2022-08-19 12:00:00+00:00,2022-08-19 12:00:00+00:00,2022-08-20 12:00:00+00:00,1,0.06461,0.0637786539756136,0.06627269204877281,0.06542,tempo,0.9743235382617532,0.872657688518403,96,24.0,0.0008313460243864063
TRX,2022-08-27 08:00:00+00:00,2022-08-27 08:00:00+00:00,2022-08-28 08:00:00+00:00,1,0.06216,0.060781281310696184,0.06491743737860764,0.06294,tempo,0.5657426754647511,0.5067640015475505,96,24.0,0.0013787186893038164
TRX,2022-09-19 12:00:00+00:00,2022-09-19 12:00:00+00:00,2022-09-20 12:00:00+00:00,1,0.05958,0.05889745566453265,0.0609450886709347,0.06014,tempo,0.8204595231408044,0.7064478817626413,96,24.0,0.0006825443354673486
TRX,2022-09-21 20:00:00+00:00,2022-09-21 20:00:00+00:00,2022-09-22 20:00:00+00:00,-1,0.06017,0.061852392261694145,0.056805215476611715,0.06001,tempo,0.09510267233331356,0.048670575741679586,96,24.0,0.0016823922616941434
TRX,2022-09-26 08:00:00+00:00,2022-09-26 08:00:00+00:00,2022-09-27 08:00:00+00:00,1,0.05941,0.05868783962212737,0.060854320755745255,0.06053,tempo,1.5509020354998535,1.4429467912234215,96,24.0,0.0007221603778726285
TRX,2022-09-30 16:00:00+00:00,2022-09-30 16:00:00+00:00,2022-10-01 16:00:00+00:00,-1,0.0617,0.06255150260673852,0.05999699478652296,0.06115,tempo,0.6459169891524371,0.5521386502864454,96,24.0,0.0008515026067385176
TRX,2022-10-06 04:00:00+00:00,2022-10-06 04:00:00+00:00,2022-10-06 22:30:00+00:00,-1,0.0627,0.06309541665378243,0.06190916669243515,0.06309541665378243,stop,-1.0,-1.206786993018129,74,18.5,0.00039541665378242663
TRX,2022-10-13 12:00:00+00:00,2022-10-13 12:00:00+00:00,2022-10-13 12:45:00+00:00,1,0.06022,0.059026400031116394,0.06260719993776723,0.059026400031116394,stop,-1.0,-1.0649381384390635,3,0.75,0.0011935999688836088
TRX,2022-10-21 16:00:00+00:00,2022-10-21 16:00:00+00:00,2022-10-22 16:00:00+00:00,1,0.06166,0.06039806777360022,0.06418386445279955,0.06159,tempo,-0.055470490835872,-0.11895448650856852,96,24.0,0.0012619322263997812
TRX,2022-10-27 08:00:00+00:00,2022-10-27 08:00:00+00:00,2022-10-28 08:00:00+00:00,-1,0.06365,0.06433736784595082,0.06227526430809836,0.06265,tempo,1.4548251069508897,1.3353912397957566,96,24.0,0.0006873678459508176
TRX,2022-10-29 12:00:00+00:00,2022-10-29 12:00:00+00:00,2022-10-30 08:15:00+00:00,-1,0.0638,0.06468213517977842,0.062035729640443155,0.06468213517977842,stop,-1.0,-1.0946718709119314,81,20.25,0.0008821351797784205
TRX,2022-11-04 16:00:00+00:00,2022-11-04 16:00:00+00:00,2022-11-04 23:45:00+00:00,-1,0.06294,0.06368135187873805,0.061457296242523884,0.06368135187873805,stop,-1.0,-1.11101864186448,31,7.75,0.0007413518787380557
TRX,2022-11-08 08:00:00+00:00,2022-11-08 08:00:00+00:00,2022-11-08 18:30:00+00:00,1,0.06085,0.05921265248154342,0.06412469503691316,0.05921265248154342,stop,-1.0,-1.04766289577094,42,10.5,0.0016373475184565806
TRX,2022-11-10 04:00:00+00:00,2022-11-10 04:00:00+00:00,2022-11-11 04:00:00+00:00,1,0.05524,0.05142762072278501,0.06286475855442997,0.05625,tempo,0.2649264216801189,0.24591768862118263,96,24.0,0.0038123792772149848
TRX,2022-11-14 08:00:00+00:00,2022-11-14 08:00:00+00:00,2022-11-15 08:00:00+00:00,1,0.05016,0.043769427310643406,0.0629411453787132,0.05045,tempo,0.04537934455905482,0.03514606764024018,96,24.0,0.006390572689356597
TRX,2022-11-21 04:00:00+00:00,2022-11-21 04:00:00+00:00,2022-11-22 00:45:00+00:00,1,0.05003,0.048850640293545036,0.05238871941290992,0.05238871941290992,alvo,2.0,1.9435522790425825,83,20.75,0.0011793597064549619
TRX,2022-12-01 12:00:00+00:00,2022-12-01 12:00:00+00:00,2022-12-02 12:00:00+00:00,-1,0.05461,0.05524363061339632,0.05334273877320735,0.05435,tempo,0.4103337094247555,0.2985588069774505,96,24.0,0.0006336306133963229
TRX,2022-12-10 20:00:00+00:00,2022-12-10 20:00:00+00:00,2022-12-11 20:00:00+00:00,-1,0.05506,0.055986228239166096,0.0532075435216678,0.05419,tempo,0.9392933223276312,0.8626248544520091,96,24.0,0.0009262282391660978
TRX,2022-12-14 20:00:00+00:00,2022-12-14 20:00:00+00:00,2022-12-15 20:00:00+00:00,-1,0.05626,0.05790796936775672,0.05296406126448656,0.0559,tempo,0.2184506623991714,0.17421197603375688,96,24.0,0.00164796936775672
TRX,2022-12-20 00:00:00+00:00,2022-12-20 00:00:00+00:00,2022-12-20 23:00:00+00:00,1,0.05352,0.05275019877534285,0.05505960244931429,0.05505960244931429,alvo,2.0,1.9083182264051508,92,23.0,0.0007698012246571476
TRX,2022-12-27 12:00:00+00:00,2022-12-27 12:00:00+00:00,2022-12-27 14:30:00+00:00,1,0.05415,0.053942188428020996,0.054565623143958,0.053942188428020996,stop,-1.0,-1.338094369861719,10,2.5,0.00020781157197900108
TRX,2023-01-06 00:00:00+00:00,2023-01-06 00:00:00+00:00,2023-01-06 02:15:00+00:00,1,0.05365,0.0530701727418634,0.054809654516273204,0.0530701727418634,stop,-1.0,-1.1196358248233114,9,2.25,0.0005798272581366004
TRX,2023-01-14 08:00:00+00:00,2023-01-14 08:00:00+00:00,2023-01-14 14:45:00+00:00,-1,0.06488,0.06628499477751337,0.062070010444973234,0.062070010444973234,alvo,2.0,1.9412684601324457,27,6.75,0.0014049947775133798
TRX,2023-02-08 16:00:00+00:00,2023-02-08 16:00:00+00:00,2023-02-09 16:00:00+00:00,-1,0.06665,0.07199458592051533,0.05596082815896934,0.06534,tempo,0.2451078567137516,0.22905544380919346,96,24.0,0.0053445859205153295
TRX,2023-02-13 12:00:00+00:00,2023-02-13 12:00:00+00:00,2023-02-14 12:00:00+00:00,1,0.06384,0.06251455189073732,0.06649089621852534,0.06614,tempo,1.7352621984420515,1.671519982198672,96,24.0,0.0013254481092626752
TRX,2023-02-20 04:00:00+00:00,2023-02-20 04:00:00+00:00,2023-02-21 04:00:00+00:00,1,0.07213,0.06916190081205535,0.0780661983758893,0.07174,tempo,-0.1313972260711641,-0.16290409092926128,96,24.0,0.0029680991879446478
TRX,2023-03-08 16:00:00+00:00,2023-03-08 16:00:00+00:00,2023-03-08 23:00:00+00:00,1,0.06606,0.06516738073226665,0.06784523853546669,0.06516738073226665,stop,-1.0,-1.0955589920129916,28,7.0,0.0008926192677333467
TRX,2023-03-22 16:00:00+00:00,2023-03-22 16:00:00+00:00,2023-03-22 19:45:00+00:00,-1,0.06692,0.06861479712994897,0.06353040574010203,0.06353040574010203,alvo,2.0,1.9499687825565182,15,3.75,0.00169479712994898
TRX,2023-03-27 16:00:00+00:00,2023-03-27 16:00:00+00:00,2023-03-28 16:00:00+00:00,1,0.06307,0.061407255490575165,0.06639548901884967,0.06355,tempo,0.2886793474759584,0.23918106344405407,96,24.0,0.0016627445094248364
TRX,2023-04-19 12:00:00+00:00,2023-04-19 12:00:00+00:00,2023-04-20 12:00:00+00:00,1,0.06567,0.06458220236807749,0.06784559526384504,0.06593,tempo,0.23901504505069215,0.16037909522901334,96,24.0,0.0010877976319225158
TRX,2023-04-20 20:00:00+00:00,2023-04-20 20:00:00+00:00,2023-04-21 20:00:00+00:00,1,0.06506,0.06424120033614586,0.0666975993277083,0.06471,tempo,-0.42745498740501264,-0.5304722500196017,96,24.0,0.0008187996638541473
TRX,2023-04-22 00:00:00+00:00,2023-04-22 00:00:00+00:00,2023-04-23 00:00:00+00:00,1,0.06495,0.06395553714685609,0.0669389257062878,0.0661,tempo,1.156403174200415,1.070746379951436,96,24.0,0.0009944628531439043
TRX,2023-04-23 04:00:00+00:00,2023-04-23 04:00:00+00:00,2023-04-23 08:15:00+00:00,-1,0.06577,0.06650634975807518,0.06429730048384963,0.06650634975807518,stop,-1.0,-1.1167646575555337,17,4.25,0.0007363497580751832
TRX,2023-05-01 08:00:00+00:00,2023-05-01 08:00:00+00:00,2023-05-01 12:15:00+00:00,-1,0.06806,0.06915531524141967,0.06586936951716064,0.06915531524141967,stop,-1.0,-1.0814285710032854,17,4.25,0.0010953152414196754
TRX,2023-05-01 16:00:00+00:00,2023-05-01 16:00:00+00:00,2023-05-02 16:00:00+00:00,-1,0.06839,0.06957801654325355,0.06601396691349293,0.06853,tempo,-0.11784347683962292,-0.19275657506657795,96,24.0,0.0011880165432535394
TRX,2023-05-18 20:00:00+00:00,2023-05-18 20:00:00+00:00,2023-05-19 20:00:00+00:00,1,0.07029,0.06953736497627527,0.07179527004744947,0.0705,tempo,0.2790197019542279,0.15742889483618175,96,24.0,0.000752635023724732
TRX,2023-05-20 20:00:00+00:00,2023-05-20 20:00:00+00:00,2023-05-21 13:30:00+00:00,-1,0.07267,0.07314965067358008,0.07171069865283984,0.07314965067358008,stop,-1.0,-1.197607922095418,70,17.5,0.00047965067358007873
TRX,2023-06-02 08:00:00+00:00,2023-06-02 08:00:00+00:00,2023-06-02 21:45:00+00:00,-1,0.07623,0.07697484524170117,0.07474030951659767,0.07697484524170117,stop,-1.0,-1.1336964295826955,55,13.75,0.000744845241701167
TRX,2023-06-03 04:00:00+00:00,2023-06-03 04:00:00+00:00,2023-06-03 08:45:00+00:00,-1,0.08333,0.08534857024067259,0.07929285951865482,0.08534857024067259,stop,-1.0,-1.054316202848559,19,4.75,0.0020185702406725903
TRX,2023-06-03 12:00:00+00:00,2023-06-03 12:00:00+00:00,2023-06-03 18:15:00+00:00,-1,0.08461,0.08643530369850703,0.08095939260298594,0.08095939260298594,alvo,2.0,1.9410398909069397,25,6.25,0.0018253036985070303
TRX,2023-06-09 20:00:00+00:00,2023-06-09 20:00:00+00:00,2023-06-10 20:00:00+00:00,-1,0.07223,0.07876928618553136,0.059151427628937284,0.06946,tempo,0.42359363413836093,0.4095097574908188,96,24.0,0.006539286185531359
TRX,2023-06-15 12:00:00+00:00,2023-06-15 12:00:00+00:00,2023-06-16 12:00:00+00:00,1,0.07034,0.06902541201216326,0.07296917597567347,0.06959,tempo,-0.5705209593723648,-0.6397095575046764,96,24.0,0.001314587987836735
TRX,2023-06-16 16:00:00+00:00,2023-06-16 16:00:00+00:00,2023-06-17 16:00:00+00:00,1,0.06963,0.06838780381404948,0.07211439237190104,0.07108,tempo,1.1672874352697171,1.093658566469082,96,24.0,0.0012421961859505198
TRX,2023-07-06 12:00:00+00:00,2023-07-06 12:00:00+00:00,2023-07-07 12:00:00+00:00,-1,0.07786,0.078739236559817,0.07610152688036599,0.07814,tempo,-0.3184580951209298,-0.4337854195682941,96,24.0,0.0008792365598170038
TRX,2023-07-18 08:00:00+00:00,2023-07-18 08:00:00+00:00,2023-07-19 08:00:00+00:00,-1,0.08011,0.0811304772085699,0.0780690455828602,0.07959,tempo,0.509565520555559,0.4078435035146568,96,24.0,0.0010204772085699032
TRX,2023-07-20 16:00:00+00:00,2023-07-20 16:00:00+00:00,2023-07-21 15:30:00+00:00,-1,0.08034,0.08143635844730719,0.0781472831053856,0.08143635844730719,stop,-1.0,-1.0959126399299641,94,23.5,0.001096358447307197
TRX,2023-07-28 08:00:00+00:00,2023-07-28 08:00:00+00:00,2023-07-28 19:15:00+00:00,-1,0.08305,0.08448107141223028,0.08018785717553943,0.08448107141223028,stop,-1.0,-1.0760934747821143,45,11.25,0.0014310714122302837
TRX,2023-07-31 00:00:00+00:00,2023-07-31 00:00:00+00:00,2023-07-31 08:00:00+00:00,1,0.07996,0.07877973468640523,0.08232053062718955,0.07877973468640523,stop,-1.0,-1.087421723198746,32,8.0,0.001180265313594775
TRX,2023-08-14 20:00:00+00:00,2023-08-14 20:00:00+00:00,2023-08-15 19:15:00+00:00,-1,0.07737,0.07772275857723929,0.07666448284552141,0.07666448284552141,alvo,2.0,1.7161729854078893,93,23.25,0.0003527585772392927
TRX,2023-08-21 00:00:00+00:00,2023-08-21 00:00:00+00:00,2023-08-21 15:30:00+00:00,-1,0.07588,0.07663246984427421,0.07437506031145158,0.07437506031145158,alvo,2.0,1.8702063744539208,62,15.5,0.0007524698442742117
TRX,2023-09-01 08:00:00+00:00,2023-09-01 08:00:00+00:00,2023-09-01 17:15:00+00:00,-1,0.07714,0.07771151124868098,0.07599697750263805,0.07599697750263805,alvo,2.0,1.8258318876374757,37,9.25,0.0005715112486809754
TRX,2023-09-05 20:00:00+00:00,2023-09-05 20:00:00+00:00,2023-09-06 10:00:00+00:00,-1,0.07714,0.07789954532448587,0.07562090935102826,0.07789954532448587,stop,-1.0,-1.1326789872995797,56,14.0,0.0007595453244858691
TRX,2023-09-11 16:00:00+00:00,2023-09-11 16:00:00+00:00,2023-09-12 10:30:00+00:00,1,0.07741,0.07674814016583745,0.07873371966832513,0.07873371966832513,alvo,2.0,1.846654212046529,74,18.5,0.0006618598341625592
TRX,2023-09-21 16:00:00+00:00,2023-09-21 16:00:00+00:00,2023-09-22 16:00:00+00:00,1,0.08315,0.08249030062910055,0.0844693987417989,0.08386,tempo,1.076247805166119,0.9116933053611678,96,24.0,0.0006596993708994497
TRX,2023-10-19 16:00:00+00:00,2023-10-19 16:00:00+00:00,2023-10-19 23:15:00+00:00,-1,0.08935,0.08980790169646807,0.08843419660706385,0.08980790169646807,stop,-1.0,-1.2543179835343186,29,7.25,0.0004579016964680743
TRX,2023-10-23 00:00:00+00:00,2023-10-23 00:00:00+00:00,2023-10-23 22:45:00+00:00,1,0.09028,0.08943179241562779,0.09197641516874441,0.09197641516874441,alvo,2.0,1.8603329278794813,91,22.75,0.000848207584372207
TRX,2023-10-31 08:00:00+00:00,2023-10-31 08:00:00+00:00,2023-10-31 12:15:00+00:00,-1,0.09586,0.09673676937565263,0.09410646124869473,0.09673676937565263,stop,-1.0,-1.1427831577728056,17,4.25,0.0008767693756526335
TRX,2023-10-31 16:00:00+00:00,2023-10-31 16:00:00+00:00,2023-10-31 21:00:00+00:00,-1,0.09585,0.09724701686198631,0.0930559662760274,0.09724701686198631,stop,-1.0,-1.0898436263552571,20,5.0,0.0013970168619863027
TRX,2023-11-05 16:00:00+00:00,2023-11-05 16:00:00+00:00,2023-11-06 16:00:00+00:00,-1,0.0981,0.09919461568154503,0.09591076863690996,0.09821,tempo,-0.10049189122225693,-0.21706385538404727,96,24.0,0.001094615681545022
TRX,2023-11-06 16:00:00+00:00,2023-11-06 16:00:00+00:00,2023-11-07 15:45:00+00:00,-1,0.09822,0.09934428427631671,0.09597143144736658,0.09597143144736658,alvo,2.0,1.887729079646729,95,23.75,0.0011242842763167088
TRX,2023-11-18 08:00:00+00:00,2023-11-18 08:00:00+00:00,2023-11-19 08:00:00+00:00,1,0.10201,0.10090444258658976,0.10422111482682049,0.10275,tempo,0.6693456088520623,0.5489592784945522,96,24.0,0.0011055574134102436
TRX,2023-12-02 20:00:00+00:00,2023-12-02 20:00:00+00:00,2023-12-03 20:00:00+00:00,1,0.10308,0.10204288055550538,0.10515423888898925,0.10337,tempo,0.27962063727511344,0.15023100842152431,96,24.0,0.0010371194444946247
TRX,2023-12-04 00:00:00+00:00,2023-12-04 00:00:00+00:00,2023-12-04 06:30:00+00:00,-1,0.10313,0.10436922543486508,0.10065154913026983,0.10436922543486508,stop,-1.0,-1.1088377406870658,26,6.5,0.001239225434865085
TRX,2023-12-04 12:00:00+00:00,2023-12-04 12:00:00+00:00,2023-12-05 12:00:00+00:00,-1,0.10337,0.10643287551640725,0.09724424896718552,0.10284,tempo,0.17304000673905723,0.12927835228003925,96,24.0,0.003062875516407243
TRX,2023-12-06 12:00:00+00:00,2023-12-06 12:00:00+00:00,2023-12-07 12:00:00+00:00,-1,0.10483,0.10658253188935715,0.10132493622128572,0.10312,tempo,0.9757311752125987,0.8986041906362544,96,24.0,0.001752531889357145
TRX,2023-12-23 04:00:00+00:00,2023-12-23 04:00:00+00:00,2023-12-23 12:00:00+00:00,-1,0.10421,0.10570136027739685,0.10122727944520629,0.10570136027739685,stop,-1.0,-1.0914885465626496,32,8.0,0.0014913602773968526
TRX,2023-12-26 08:00:00+00:00,2023-12-26 08:00:00+00:00,2023-12-26 16:00:00+00:00,1,0.105,0.10375809501665016,0.10748380996669966,0.10375809501665016,stop,-1.0,-1.1092617902174882,32,8.0,0.0012419049833498341
TRX,2023-12-30 08:00:00+00:00,2023-12-30 08:00:00+00:00,2023-12-31 08:00:00+00:00,-1,0.10654,0.10759967315741344,0.10442065368517311,0.10649,tempo,0.04718436024371859,-0.08348753517164761,96,24.0,0.0010596731574134405
TRX,2024-01-11 16:00:00+00:00,2024-01-11 16:00:00+00:00,2024-01-12 16:00:00+00:00,-1,0.10567,0.10814604053231114,0.10071791893537772,0.1067,tempo,-0.41598672822960625,-0.4717372291598769,96,24.0,0.0024760405323111384
TRX,2024-01-12 16:00:00+00:00,2024-01-12 16:00:00+00:00,2024-01-13 06:15:00+00:00,-1,0.1067,0.10833955582306427,0.10342088835387146,0.10833955582306427,stop,-1.0,-1.085252181913365,57,14.25,0.0016395558230642704
TRX,2024-01-22 12:00:00+00:00,2024-01-22 12:00:00+00:00,2024-01-23 09:30:00+00:00,1,0.10901,0.10758077156564581,0.11186845686870836,0.10758077156564581,stop,-1.0,-1.0985034989044877,86,21.5,0.0014292284343541822
TRX,2024-01-23 16:00:00+00:00,2024-01-23 16:00:00+00:00,2024-01-24 16:00:00+00:00,1,0.10725,0.10571069126912964,0.1103286174617407,0.10859,tempo,0.870520625997065,0.7793784157396892,96,24.0,0.0015393087308703535
TRX,2024-01-25 16:00:00+00:00,2024-01-25 16:00:00+00:00,2024-01-25 23:00:00+00:00,-1,0.11096,0.1122399113022327,0.10840017739553462,0.1122399113022327,stop,-1.0,-1.1133515596693084,28,7.0,0.001279911302232692
TRX,2024-01-28 16:00:00+00:00,2024-01-28 16:00:00+00:00,2024-01-29 15:30:00+00:00,1,0.11211,0.11114563094787366,0.11403873810425268,0.11403873810425268,alvo,2.0,1.8475721722470757,94,23.5,0.0009643690521263376
TRX,2024-02-15 04:00:00+00:00,2024-02-15 04:00:00+00:00,2024-02-15 08:00:00+00:00,-1,0.13015,0.13071264735972432,0.12902470528055132,0.13071264735972432,stop,-1.0,-1.3013623326463246,16,4.0,0.0005626473597243331
TRX,2024-02-23 20:00:00+00:00,2024-02-23 20:00:00+00:00,2024-02-24 12:45:00+00:00,1,0.13869,0.13731846521018712,0.1414330695796258,0.13731846521018712,stop,-1.0,-1.1308063810842865,67,16.75,0.0013715347898128893
TRX,2024-02-26 12:00:00+00:00,2024-02-26 12:00:00+00:00,2024-02-26 13:15:00+00:00,-1,0.13819,0.13861959745069782,0.13733080509860437,0.13861959745069782,stop,-1.0,-1.4188252003141326,5,1.25,0.0004295974506978162
TRX,2024-02-27 16:00:00+00:00,2024-02-27 16:00:00+00:00,2024-02-27 21:30:00+00:00,-1,0.14167,0.14271470476267278,0.1395805904746544,0.14271470476267278,stop,-1.0,-1.1769399975001675,22,5.5,0.0010447047626727934
TRX,2024-02-28 20:00:00+00:00,2024-02-28 20:00:00+00:00,2024-02-29 20:00:00+00:00,1,0.14198,0.1373568979009104,0.15122620419817917,0.14164,tempo,-0.07354369267919955,-0.11342016437475307,96,24.0,0.004623102099089588
TRX,2024-03-08 20:00:00+00:00,2024-03-08 20:00:00+00:00,2024-03-09 20:00:00+00:00,1,0.13662,0.13555632707096593,0.1387473458580681,0.1357,tempo,-0.8649275307170529,-1.031339587627013,96,24.0,0.0010636729290340596
TRX,2024-03-12 16:00:00+00:00,2024-03-12 16:00:00+00:00,2024-03-12 17:15:00+00:00,1,0.13215,0.13086157745720803,0.1347268450855839,0.13086157745720803,stop,-1.0,-1.13268746833374,5,1.25,0.0012884225427919616
TRX,2024-03-12 20:00:00+00:00,2024-03-12 20:00:00+00:00,2024-03-13 20:00:00+00:00,1,0.13152,0.12981505840679192,0.13492988318641616,0.13203,tempo,0.29913048167261586,0.19865343267432056,96,24.0,0.0017049415932080814
TRX,2024-03-19 16:00:00+00:00,2024-03-19 16:00:00+00:00,2024-03-19 22:30:00+00:00,1,0.11849,0.1141681640294458,0.12713367194110842,0.1141681640294458,stop,-1.0,-1.0349915655405468,26,6.5,0.0043218359705542025
TRX,2024-03-29 16:00:00+00:00,2024-03-29 16:00:00+00:00,2024-03-30 16:00:00+00:00,-1,0.12001,0.121701721362331,0.11662655727533802,0.12136,tempo,-0.7980037552637214,-0.8907439094601686,96,24.0,0.0016917213623309918
TRX,2024-04-03 04:00:00+00:00,2024-04-03 04:00:00+00:00,2024-04-04 04:00:00+00:00,1,0.11723,0.11526383759356033,0.12116232481287934,0.11737,tempo,0.07120469781207629,-0.00635247625480527,96,24.0,0.001966162406439667
TRX,2024-04-07 16:00:00+00:00,2024-04-07 16:00:00+00:00,2024-04-08 05:00:00+00:00,-1,0.12056,0.12123260885539217,0.11921478228921567,0.12123260885539217,stop,-1.0,-1.2336650707109256,52,13.0,0.000672608855392165
TRX,2024-04-15 12:00:00+00:00,2024-04-15 12:00:00+00:00,2024-04-15 19:15:00+00:00,-1,0.11392,0.11579742144003814,0.1101651571199237,0.1101651571199237,alvo,2.0,1.9224173384719678,29,7.25,0.001877421440038149
TRX,2024-04-18 16:00:00+00:00,2024-04-18 16:00:00+00:00,2024-04-19 01:45:00+00:00,1,0.10903,0.10695716780561423,0.11317566438877154,0.10695716780561423,stop,-1.0,-1.0677293895057678,39,9.75,0.002072832194385768
TRX,2024-04-29 00:00:00+00:00,2024-04-29 00:00:00+00:00,2024-04-30 00:00:00+00:00,-1,0.12118,0.12428312289231702,0.11497375421536594,0.11895,tempo,0.7186309009937114,0.6683317328922974,96,24.0,0.0031031228923170256
TRX,2024-05-01 08:00:00+00:00,2024-05-01 08:00:00+00:00,2024-05-02 04:30:00+00:00,-1,0.11848,0.12124597863464757,0.11294804273070486,0.12124597863464757,stop,-1.0,-1.056335173439391,82,20.5,0.002765978634647573
TRX,2024-05-24 00:00:00+00:00,2024-05-24 00:00:00+00:00,2024-05-25 00:00:00+00:00,1,0.11536,0.11227853101724929,0.12152293796550144,0.1155,tempo,0.04543287658700631,-0.003264352182775966,96,24.0,0.003081468982750718
TRX,2024-05-31 08:00:00+00:00,2024-05-31 08:00:00+00:00,2024-06-01 08:00:00+00:00,-1,0.1118,0.11306962025838058,0.10926075948323884,0.11174,tempo,0.04725822512986799,-0.06718623103006573,96,24.0,0.00126962025838058
TRX,2024-06-10 08:00:00+00:00,2024-06-10 08:00:00+00:00,2024-06-11 00:45:00+00:00,-1,0.11616,0.11799447258942707,0.11249105482114587,0.11799447258942707,stop,-1.0,-1.0829668472891503,67,16.75,0.0018344725894270664
TRX,2024-06-17 04:00:00+00:00,2024-06-17 04:00:00+00:00,2024-06-18 01:45:00+00:00,-1,0.11692,0.11838689892513683,0.11398620214972632,0.11398620214972632,alvo,2.0,1.8976827722582716,87,21.75,0.0014668989251368364
TRX,2024-06-24 12:00:00+00:00,2024-06-24 12:00:00+00:00,2024-06-25 12:00:00+00:00,1,0.11872,0.11704972028142004,0.12206055943715995,0.12194,tempo,1.9278208100003538,1.8341664368675756,96,24.0,0.00167027971857997
TRX,2024-07-04 16:00:00+00:00,2024-07-04 16:00:00+00:00,2024-07-05 03:00:00+00:00,1,0.12691,0.12513398954277,0.13046202091446,0.12513398954277,stop,-1.0,-1.09224528635846,44,11.0,0.0017760104572299984
TRX,2024-07-16 00:00:00+00:00,2024-07-16 00:00:00+00:00,2024-07-16 02:00:00+00:00,1,0.13727,0.13615049482674157,0.13950901034651686,0.13615049482674157,stop,-1.0,-1.1587516751888702,8,2.0,0.0011195051732584282
TRX,2024-07-18 20:00:00+00:00,2024-07-18 20:00:00+00:00,2024-07-19 20:00:00+00:00,1,0.13443,0.1327469884512871,0.13779602309742578,0.13463,tempo,0.11883459751239295,0.01492027789067149,96,24.0,0.0016830115487128927
TRX,2024-07-22 08:00:00+00:00,2024-07-22 08:00:00+00:00,2024-07-22 17:45:00+00:00,-1,0.1362,0.13756981192137535,0.13346037615724926,0.13346037615724926,alvo,2.0,1.8720413789900276,39,9.75,0.0013698119213753635
TRX,2024-07-23 00:00:00+00:00,2024-07-23 00:00:00+00:00,2024-07-23 05:30:00+00:00,1,0.13227,0.13114025139275187,0.13452949721449625,0.13114025139275187,stop,-1.0,-1.1515528873475163,22,5.5,0.0011297486072481266
TRX,2024-08-05 08:00:00+00:00,2024-08-05 08:00:00+00:00,2024-08-06 08:00:00+00:00,1,0.12041,0.1160604059649988,0.12910918807000243,0.12307,tempo,0.6115513260766315,0.5751658614271804,96,24.0,0.0043495940350012086
TRX,2024-08-20 04:00:00+00:00,2024-08-20 04:00:00+00:00,2024-08-20 07:30:00+00:00,-1,0.14324,0.1449140838307995,0.139891832338401,0.1449140838307995,stop,-1.0,-1.1118821835825088,14,3.5,0.0016740838307995054
TRX,2024-08-30 16:00:00+00:00,2024-08-30 16:00:00+00:00,2024-08-31 16:00:00+00:00,-1,0.15959,0.16215664243328365,0.15445671513343273,0.15728,tempo,0.900008497500255,0.8197614411401303,96,24.0,0.002566642433283639
TRX,2024-09-04 04:00:00+00:00,2024-09-04 04:00:00+00:00,2024-09-05 04:00:00+00:00,1,0.1517,0.14812133893045185,0.1588573221390963,0.14904,tempo,-0.7432947541846563,-0.7979188150278033,96,24.0,0.0035786610695481558
TRX,2024-09-07 00:00:00+00:00,2024-09-07 00:00:00+00:00,2024-09-07 14:15:00+00:00,1,0.14786,0.14590589530997933,0.15176820938004132,0.15176820938004132,alvo,2.0,1.9003337246506649,57,14.25,0.0019541046900206638
TRX,2024-09-16 16:00:00+00:00,2024-09-16 16:00:00+00:00,2024-09-17 05:45:00+00:00,-1,0.14795,0.14992806022202299,0.14399387955595402,0.14992806022202299,stop,-1.0,-1.0978841478073385,55,13.75,0.001978060222022987
TRX,2024-09-24 20:00:00+00:00,2024-09-24 20:00:00+00:00,2024-09-25 06:30:00+00:00,1,0.15108,0.1502913062310587,0.15265738753788255,0.1502913062310587,stop,-1.0,-1.248374409389778,42,10.5,0.0007886937689412787
TRX,2024-11-01 20:00:00+00:00,2024-11-01 20:00:00+00:00,2024-11-02 20:00:00+00:00,1,0.16709,0.16568129364355547,0.16990741271288903,0.16617,tempo,-0.6530814571760668,-0.8068530356239212,96,24.0,0.0014087063564445224
TRX,2024-11-03 16:00:00+00:00,2024-11-03 16:00:00+00:00,2024-11-04 04:30:00+00:00,1,0.16376,0.16281918096004797,0.16564163807990404,0.16564163807990404,alvo,2.0,1.7724205658477574,50,12.5,0.0009408190399520233
TRX,2024-11-05 16:00:00+00:00,2024-11-05 16:00:00+00:00,2024-11-05 18:00:00+00:00,1,0.16169,0.16079251044986165,0.1634849791002767,0.16079251044986165,stop,-1.0,-1.2335555124403366,8,2.0,0.0008974895501383529
TRX,2024-11-10 20:00:00+00:00,2024-11-10 20:00:00+00:00,2024-11-11 20:00:00+00:00,-1,0.16492,0.1672488217986953,0.16026235640260944,0.1667,tempo,-0.7643349959182,-0.8568938169154797,96,24.0,0.0023288217986952853
TRX,2024-11-13 04:00:00+00:00,2024-11-13 04:00:00+00:00,2024-11-14 04:00:00+00:00,-1,0.17824,0.194379645894714,0.14596070821057205,0.17854,tempo,-0.01858776840316243,-0.032956547093403316,96,24.0,0.016139645894713978
TRX,2024-11-15 16:00:00+00:00,2024-11-15 16:00:00+00:00,2024-11-16 00:00:00+00:00,-1,0.18392,0.19145623718938598,0.16884752562122804,0.19145623718938598,stop,-1.0,-1.0323761776655256,32,8.0,0.00753623718938598
TRX,2024-12-02 04:00:00+00:00,2024-12-02 04:00:00+00:00,2024-12-02 16:15:00+00:00,-1,0.20871,0.21333609004268642,0.1994578199146272,0.21333609004268642,stop,-1.0,-1.059300609369125,49,12.25,0.004626090042686409
TRX,2024-12-12 12:00:00+00:00,2024-12-12 12:00:00+00:00,2024-12-13 12:00:00+00:00,-1,0.29566,0.3110339417530346,0.2649121164939307,0.28682,tempo,0.5749989262353649,0.5503720604593666,96,24.0,0.015373941753034637
TRX,2024-12-19 04:00:00+00:00,2024-12-19 04:00:00+00:00,2024-12-19 18:30:00+00:00,1,0.26203,0.2495708941683017,0.28694821166339657,0.2495708941683017,stop,-1.0,-1.0266905655752077,58,14.5,0.012459105831698292
TRX,2024-12-27 08:00:00+00:00,2024-12-27 08:00:00+00:00,2024-12-27 11:30:00+00:00,-1,0.25617,0.26097339813262393,0.24656320373475216,0.26097339813262393,stop,-1.0,-1.0699802930144753,14,3.5,0.004803398132623926
TRX,2024-12-27 16:00:00+00:00,2024-12-27 16:00:00+00:00,2024-12-28 16:00:00+00:00,-1,0.25902,0.26660301057094665,0.2438539788581066,0.25673,tempo,0.3019908753356874,0.25778185085081873,96,24.0,0.00758301057094668
TRX,2024-12-30 20:00:00+00:00,2024-12-30 20:00:00+00:00,2024-12-31 20:00:00+00:00,1,0.25514,0.24940981184401856,0.2666003763119628,0.25513,tempo,-0.0017451433928074517,-0.059627274131181664,96,24.0,0.005730188155981419
TRX,2025-01-04 16:00:00+00:00,2025-01-04 16:00:00+00:00,2025-01-04 17:15:00+00:00,-1,0.26906,0.274257843661071,0.2586643126778581,0.274257843661071,stop,-1.0,-1.0679429050597748,5,1.25,0.0051978436610709555
TRX,2025-01-06 04:00:00+00:00,2025-01-06 04:00:00+00:00,2025-01-07 04:00:00+00:00,1,0.26381,0.2585250332049478,0.2743799335901044,0.26958,tempo,1.0917760174769489,1.0261741861987306,96,24.0,0.005284966795052193
TRX,2025-01-09 16:00:00+00:00,2025-01-09 16:00:00+00:00,2025-01-09 20:15:00+00:00,1,0.24502,0.23829074055966243,0.2584785188806751,0.23829074055966243,stop,-1.0,-1.0466844805359476,17,4.25,0.006729259440337559
TRX,2025-01-18 04:00:00+00:00,2025-01-18 04:00:00+00:00,2025-01-19 04:00:00+00:00,-1,0.24918,0.269674804338177,0.20819039132364608,0.24609,tempo,0.15076991948852478,0.13506225550266623,96,24.0,0.020494804338176964
TRX,2025-01-20 16:00:00+00:00,2025-01-20 16:00:00+00:00,2025-01-21 16:00:00+00:00,-1,0.2441,0.2598569006896839,0.2125861986206322,0.24097,tempo,0.1986431254243572,0.1786331306792342,96,24.0,0.01575690068968391
TRX,2025-01-29 20:00:00+00:00,2025-01-29 20:00:00+00:00,2025-01-30 15:00:00+00:00,1,0.23996,0.23477224943030328,0.25033550113939346,0.25033550113939346,alvo,2.0,1.9385683502976827,76,19.0,0.005187750569696725
TRX,2025-02-21 08:00:00+00:00,2025-02-21 08:00:00+00:00,2025-02-21 17:30:00+00:00,-1,0.24787,0.2512966299412801,0.24101674011743981,0.24101674011743981,alvo,2.0,1.9072627081062559,38,9.5,0.003426629941280096
TRX,2025-02-22 20:00:00+00:00,2025-02-22 20:00:00+00:00,2025-02-23 20:00:00+00:00,1,0.23906,0.2334547243301743,0.25027055133965137,0.2444,tempo,0.9526739298026486,0.8966108530673393,96,24.0,0.005605275669825688
TRX,2025-02-24 04:00:00+00:00,2025-02-24 04:00:00+00:00,2025-02-24 08:00:00+00:00,-1,0.24259,0.2469749297770248,0.23382014044595043,0.2469749297770248,stop,-1.0,-1.0725706500529135,16,4.0,0.0043849297770247875
TRX,2025-02-25 12:00:00+00:00,2025-02-25 12:00:00+00:00,2025-02-26 12:00:00+00:00,1,0.23114,0.22498043540260865,0.24345912919478274,0.2289,tempo,-0.3636620680865465,-0.41220868128817445,96,24.0,0.006159564597391365
TRX,2025-02-28 08:00:00+00:00,2025-02-28 08:00:00+00:00,2025-02-28 15:00:00+00:00,1,0.21953,0.21557847812489694,0.22743304375020612,0.22743304375020612,alvo,2.0,1.926477446507858,28,7.0,0.003951521875103059
TRX,2025-03-04 04:00:00+00:00,2025-03-04 04:00:00+00:00,2025-03-04 18:45:00+00:00,1,0.23016,0.22498787497368758,0.24050425005262485,0.24050425005262485,alvo,2.0,1.9408498903298308,59,14.75,0.005172125026312424
TRX,2025-03-06 12:00:00+00:00,2025-03-06 12:00:00+00:00,2025-03-07 12:00:00+00:00,-1,0.24143,0.24757372525723603,0.22914254948552795,0.24248,tempo,-0.17090607994934578,-0.2221032749459052,96,24.0,0.006143725257236027
TRX,2025-03-08 12:00:00+00:00,2025-03-08 12:00:00+00:00,2025-03-09 12:00:00+00:00,-1,0.24438,0.25192284638656853,0.2292943072268629,0.24086,tempo,0.46666733214506606,0.42485208312161526,96,24.0,0.007542846386568547
TRX,2025-03-10 16:00:00+00:00,2025-03-10 16:00:00+00:00,2025-03-10 19:00:00+00:00,1,0.23495,0.2283904849849181,0.24806903003016378,0.2283904849849181,stop,-1.0,-1.0459136558949453,12,3.0,0.006559515015081896
TRX,2025-03-12 16:00:00+00:00,2025-03-12 16:00:00+00:00,2025-03-13 05:30:00+00:00,1,0.22076,0.21875919491595522,0.2247616101680896,0.2247616101680896,alvo,2.0,1.8552637391225386,54,13.5,0.0020008050840447933
TRX,2025-03-19 04:00:00+00:00,2025-03-19 04:00:00+00:00,2025-03-20 04:00:00+00:00,-1,0.23493,0.24518167566065135,0.2144266486786973,0.23214,tempo,0.27215063101427855,0.2425363991511618,96,24.0,0.010251675660651355
TRX,2025-03-27 16:00:00+00:00,2025-03-27 16:00:00+00:00,2025-03-28 16:00:00+00:00,-1,0.23214,0.2359113091404934,0.22459738171901322,0.23178,tempo,0.09545756833737075,0.015499127179044253,96,24.0,0.003771309140493395
TRX,2025-03-29 20:00:00+00:00,2025-03-29 20:00:00+00:00,2025-03-30 20:00:00+00:00,-1,0.2333,0.23666206667495668,0.22657586665008667,0.23156,tempo,0.5175388141350421,0.4276658195716924,96,24.0,0.0033620666749566708
BCH,2020-10-01 20:00:00+00:00,2020-10-01 20:00:00+00:00,2020-10-02 05:30:00+00:00,1,225.47,220.5436334809179,235.32273303816422,220.5436334809179,stop,-1.0,-1.0588484150823219,38,9.5,4.926366519082109
BCH,2020-10-06 16:00:00+00:00,2020-10-06 16:00:00+00:00,2020-10-06 21:00:00+00:00,1,228.84,215.25926888501675,256.0014622299665,215.25926888501675,stop,-1.0,-1.0212554480558698,20,5.0,13.580731114983251
BCH,2020-10-09 04:00:00+00:00,2020-10-09 04:00:00+00:00,2020-10-09 16:00:00+00:00,-1,236.28,240.37438975339134,228.09122049321732,240.37438975339134,stop,-1.0,-1.0756707035726336,48,12.0,4.09438975339134
BCH,2020-10-21 20:00:00+00:00,2020-10-21 20:00:00+00:00,2020-10-22 00:30:00+00:00,-1,257.95,265.3273005010533,243.1953989978934,265.3273005010533,stop,-1.0,-1.0461049736657904,18,4.5,7.377300501053298
BCH,2020-10-22 16:00:00+00:00,2020-10-22 16:00:00+00:00,2020-10-23 16:00:00+00:00,-1,270.93,276.7232543150989,259.34349136980217,267.9,tempo,0.5230220934894849,0.4625656589968418,96,24.0,5.79325431509892
BCH,2020-10-24 16:00:00+00:00,2020-10-24 16:00:00+00:00,2020-10-25 16:00:00+00:00,-1,273.93,280.8343895069015,260.121220986197,270.55,tempo,0.48954364417323293,0.4382846589079556,96,24.0,6.904389506901509
BCH,2020-11-20 04:00:00+00:00,2020-11-20 04:00:00+00:00,2020-11-21 00:15:00+00:00,-1,254.25,262.2210334210745,238.30793315785104,262.2210334210745,stop,-1.0,-1.0421157651699378,81,20.25,7.97103342107448
BCH,2020-11-21 04:00:00+00:00,2020-11-21 04:00:00+00:00,2020-11-21 07:45:00+00:00,-1,259.33,267.0289090743444,243.9321818513111,267.0289090743444,stop,-1.0,-1.044439191006741,15,3.75,7.698909074344442
BCH,2020-11-21 12:00:00+00:00,2020-11-21 12:00:00+00:00,2020-11-21 13:45:00+00:00,-1,267.72,277.6073715003572,247.94525699928568,277.6073715003572,stop,-1.0,-1.0358500529147132,7,1.75,9.887371500357176
BCH,2020-11-22 04:00:00+00:00,2020-11-22 04:00:00+00:00,2020-11-23 04:00:00+00:00,-1,297.92,318.3456884378377,257.0686231243247,290.87,tempo,0.3451536050525575,0.32641673353095724,96,24.0,20.425688437837664
BCH,2020-11-26 00:00:00+00:00,2020-11-26 00:00:00+00:00,2020-11-26 03:30:00+00:00,1,313.31,291.729075233601,356.471849532798,291.729075233601,stop,-1.0,-1.018223287609721,14,3.5,21.580924766398994
BCH,2020-12-01 16:00:00+00:00,2020-12-01 16:00:00+00:00,2020-12-02 16:00:00+00:00,1,302.46,264.5975201416487,378.1849597167025,289.28,tempo,-0.34810186890315153,-0.3582605009166635,96,24.0,37.862479858351264
BCH,2020-12-04 12:00:00+00:00,2020-12-04 12:00:00+00:00,2020-12-05 00:15:00+00:00,1,285.57,275.1052707947051,306.49945841058974,275.1052707947051,stop,-1.0,-1.0348254521323077,49,12.25,10.464729205294873
BCH,2020-12-17 04:00:00+00:00,2020-12-17 04:00:00+00:00,2020-12-17 10:15:00+00:00,-1,308.43,321.067393816217,283.155212367566,321.067393816217,stop,-1.0,-1.0323779817208407,25,6.25,12.637393816217013
BCH,2020-12-21 04:00:00+00:00,2020-12-21 04:00:00+00:00,2020-12-21 10:30:00+00:00,-1,366.56,386.16957595939056,327.3408480812189,327.3408480812189,alvo,2.0,1.9769992195554438,26,6.5,19.609575959390554
BCH,2020-12-22 12:00:00+00:00,2020-12-22 12:00:00+00:00,2020-12-23 11:15:00+00:00,1,315.68,293.59920310324844,359.84159379350314,293.59920310324844,stop,-1.0,-1.017935561106283,93,23.25,22.080796896751565
BCH,2020-12-25 16:00:00+00:00,2020-12-25 16:00:00+00:00,2020-12-26 16:00:00+00:00,-1,310.86,329.24293100189243,274.0941379962152,319.32,tempo,-0.4602095280197196,-0.4824919921141468,96,24.0,18.382931001892416
BCH,2021-02-11 16:00:00+00:00,2021-02-11 16:00:00+00:00,2021-02-12 11:30:00+00:00,-1,531.07,550.0347557973845,493.14048840523117,550.0347557973845,stop,-1.0,-1.037053896120572,78,19.5,18.96475579738444
BCH,2021-03-01 20:00:00+00:00,2021-03-01 20:00:00+00:00,2021-03-02 08:30:00+00:00,-1,487.28,511.54515334498353,438.74969331003285,511.54515334498353,stop,-1.0,-1.0267559137353839,50,12.5,24.26515334498356
BCH,2021-03-10 04:00:00+00:00,2021-03-10 04:00:00+00:00,2021-03-10 17:30:00+00:00,-1,521.71,565.8461038152714,433.4377923694574,565.8461038152714,stop,-1.0,-1.0160166259903378,54,13.5,44.136103815271326
BCH,2021-03-20 16:00:00+00:00,2021-03-20 16:00:00+00:00,2021-03-21 16:00:00+00:00,-1,542.23,556.2395562920442,514.2108874159117,522.92,tempo,1.3783448667082998,1.3289252073295674,96,24.0,14.00955629204418
BCH,2021-03-31 12:00:00+00:00,2021-03-31 12:00:00+00:00,2021-04-01 12:00:00+00:00,1,517.05,497.6185907754823,555.9128184490353,534.22,tempo,0.8836209356517359,0.848454906667188,96,24.0,19.431409224517665
BCH,2021-04-14 08:00:00+00:00,2021-04-14 08:00:00+00:00,2021-04-14 16:30:00+00:00,-1,812.74,839.9648195547602,758.2903608904796,839.9648195547602,stop,-1.0,-1.0394587788010798,34,8.5,27.224819554760188
BCH,2021-05-04 04:00:00+00:00,2021-05-04 04:00:00+00:00,2021-05-04 10:15:00+00:00,1,951.4,917.9329181411243,1018.3341637177513,1018.3341637177513,alvo,2.0,1.961743685576907,25,6.25,33.467081858875645
BCH,2021-05-11 00:00:00+00:00,2021-05-11 00:00:00+00:00,2021-05-12 00:00:00+00:00,1,1321.11,1163.2216973337402,1636.8866053325194,1549.01,tempo,1.443425485938178,1.4316096771132305,96,24.0,157.88830266625973
BCH,2021-05-13 04:00:00+00:00,2021-05-13 04:00:00+00:00,2021-05-14 04:00:00+00:00,1,1302.16,1120.691279448551,1665.097441102898,1234.38,tempo,-0.37350789598355805,-0.382593489329837,96,24.0,181.468720551449
BCH,2021-05-17 08:00:00+00:00,2021-05-17 08:00:00+00:00,2021-05-18 08:00:00+00:00,1,1112.19,965.9622391837077,1404.6455216325849,1118.75,tempo,0.044861522623199764,0.03494472575846633,96,24.0,146.2277608162924
BCH,2021-05-19 16:00:00+00:00,2021-05-19 16:00:00+00:00,2021-05-20 16:00:00+00:00,1,794.32,289.85621065132773,1803.2475786973446,826.75,tempo,0.0642860809531468,0.06219733737581204,96,24.0,504.4637893486723
BCH,2021-05-23 20:00:00+00:00,2021-05-23 20:00:00+00:00,2021-05-24 11:15:00+00:00,1,510.62,451.55599164189266,628.7480167162147,628.7480167162147,alvo,2.0,1.987461243632919,61,15.25,59.064008358107344
BCH,2021-06-04 16:00:00+00:00,2021-06-04 16:00:00+00:00,2021-06-05 16:00:00+00:00,1,666.63,635.7317166335649,728.4265667328701,654.96,tempo,-0.3776908853349804,-0.40549286675292456,96,24.0,30.898283366435066
BCH,2021-06-08 08:00:00+00:00,2021-06-08 08:00:00+00:00,2021-06-08 14:30:00+00:00,1,582.23,556.091956294161,634.506087411678,556.091956294161,stop,-1.0,-1.0283077524821,26,6.5,26.13804370583898
BCH,2021-06-08 16:00:00+00:00,2021-06-08 16:00:00+00:00,2021-06-09 15:30:00+00:00,1,562.99,535.1306880819805,618.7086238360391,618.7086238360391,alvo,2.0,1.9724291788772927,94,23.5,27.859311918019557
BCH,2021-06-10 04:00:00+00:00,2021-06-10 04:00:00+00:00,2021-06-11 04:00:00+00:00,-1,624.54,644.8625191923005,583.8949616153989,598.64,tempo,1.2744482982115983,1.2353258354658763,96,24.0,20.322519192300547
BCH,2021-06-12 12:00:00+00:00,2021-06-12 12:00:00+00:00,2021-06-13 12:00:00+00:00,1,566.28,541.414078805568,616.0118423888639,570.91,tempo,0.18619861149711825,0.15647224446570027,96,24.0,24.865921194431962
BCH,2021-06-18 12:00:00+00:00,2021-06-18 12:00:00+00:00,2021-06-18 14:15:00+00:00,1,589.92,577.3407934153432,615.0784131693134,577.3407934153432,stop,-1.0,-1.0603153712926066,9,2.25,12.579206584656731
BCH,2021-06-22 04:00:00+00:00,2021-06-22 04:00:00+00:00,2021-06-22 10:00:00+00:00,1,472.49,426.79663747820246,563.8767250435951,426.79663747820246,stop,-1.0,-1.0127925869776377,24,6.0,45.69336252179755
BCH,2021-06-22 16:00:00+00:00,2021-06-22 16:00:00+00:00,2021-06-23 16:00:00+00:00,1,434.19,377.6251362703925,547.3197274592151,462.44,tempo,0.4994266429252126,0.4891232591358348,96,24.0,56.56486372960751
BCH,2021-06-26 04:00:00+00:00,2021-06-26 04:00:00+00:00,2021-06-26 07:45:00+00:00,1,454.64,438.60638846816835,486.70722306366326,438.60638846816835,stop,-1.0,-1.0362120630995468,15,3.75,16.03361153183164
BCH,2021-07-08 04:00:00+00:00,2021-07-08 04:00:00+00:00,2021-07-08 07:45:00+00:00,1,500.89,489.8504652108529,522.9690695782941,489.8504652108529,stop,-1.0,-1.058334097829933,15,3.75,11.03953478914707
BCH,2021-07-08 12:00:00+00:00,2021-07-08 12:00:00+00:00,2021-07-09 00:45:00+00:00,1,495.9,474.4163298565988,538.8673402868023,474.4163298565988,stop,-1.0,-1.0293574426621195,51,12.75,21.483670143401184
BCH,2021-07-17 12:00:00+00:00,2021-07-17 12:00:00+00:00,2021-07-18 01:00:00+00:00,1,432.94,426.14649125221047,446.52701749557906,446.52701749557906,alvo,2.0,1.9158529733904985,52,13.0,6.793508747789531
BCH,2021-07-26 20:00:00+00:00,2021-07-26 20:00:00+00:00,2021-07-27 00:00:00+00:00,-1,508.4,522.2788589108862,480.64228217822745,480.64228217822745,alvo,2.0,1.9536793703615223,16,4.0,13.878858910886265
BCH,2021-08-07 16:00:00+00:00,2021-08-07 16:00:00+00:00,2021-08-08 16:00:00+00:00,-1,579.78,595.3620717824205,548.615856435159,563.28,tempo,1.058909253557355,1.0112269549275776,96,24.0,15.582071782420485
BCH,2021-08-10 00:00:00+00:00,2021-08-10 00:00:00+00:00,2021-08-10 13:45:00+00:00,-1,591.74,605.7467643925016,563.7264712149968,605.7467643925016,stop,-1.0,-1.0555707496066555,55,13.75,14.006764392501623
BCH,2021-08-18 04:00:00+00:00,2021-08-18 04:00:00+00:00,2021-08-19 04:00:00+00:00,1,639.18,614.6442664710769,688.2514670578461,626.02,tempo,-0.5363605691464972,-0.5698782138922949,96,24.0,24.53573352892306
BCH,2021-08-23 16:00:00+00:00,2021-08-23 16:00:00+00:00,2021-08-24 16:00:00+00:00,-1,673.2,699.3212615315864,620.9574769368273,646.94,tempo,1.0053113234307567,0.9724610340616012,96,24.0,26.121261531586356
BCH,2021-09-06 12:00:00+00:00,2021-09-06 12:00:00+00:00,2021-09-07 12:00:00+00:00,-1,777.78,811.2524571090678,710.8350857818643,737.63,tempo,1.1994936574023778,1.1700659850689608,96,24.0,33.47245710906782
BCH,2021-09-13 16:00:00+00:00,2021-09-13 16:00:00+00:00,2021-09-14 16:00:00+00:00,1,612.3,583.1997170760078,670.5005658479843,637.81,tempo,0.876623779453632,0.8487006316917227,96,24.0,29.100282923992154
BCH,2021-09-17 16:00:00+00:00,2021-09-17 16:00:00+00:00,2021-09-18 16:00:00+00:00,1,627.54,608.6896516229872,665.2406967540255,630.44,tempo,0.15384331058499276,0.11046549158419725,96,24.0,18.85034837701278
BCH,2021-09-22 04:00:00+00:00,2021-09-22 04:00:00+00:00,2021-09-23 04:00:00+00:00,1,515.18,489.9533533837722,565.6332932324555,548.62,tempo,1.325582448936706,1.2981721470238394,96,24.0,25.226646616227754
BCH,2021-10-04 16:00:00+00:00,2021-10-04 16:00:00+00:00,2021-10-05 15:30:00+00:00,1,541.09,526.4465079065232,570.3769841869538,570.3769841869538,alvo,2.0,1.950663848820368,94,23.5,14.64349209347688
BCH,2021-10-12 16:00:00+00:00,2021-10-12 16:00:00+00:00,2021-10-13 16:00:00+00:00,1,584.17,562.9804552701634,626.5490894596732,586.06,tempo,0.08919493193918003,0.05329753491162881,96,24.0,21.189544729836598
BCH,2021-10-16 20:00:00+00:00,2021-10-16 20:00:00+00:00,2021-10-17 20:00:00+00:00,-1,633.04,658.0346711981786,583.0506576036428,607.28,tempo,1.0306196787208455,0.9983644834591151,96,24.0,24.994671198178594
BCH,2021-10-21 12:00:00+00:00,2021-10-21 12:00:00+00:00,2021-10-22 12:00:00+00:00,-1,642.48,660.6877686995224,606.0644626009553,634.7,tempo,0.4272901379840165,0.3816960284750476,96,24.0,18.207768699522376
BCH,2021-10-22 20:00:00+00:00,2021-10-22 20:00:00+00:00,2021-10-23 20:00:00+00:00,1,622.55,609.6078501546823,648.4342996906353,624.26,tempo,0.13212642570497649,0.06950726971574149,96,24.0,12.942149845317658
BCH,2021-10-24 20:00:00+00:00,2021-10-24 20:00:00+00:00,2021-10-25 20:00:00+00:00,1,615.8,602.9329360038681,641.5341279922636,617.33,tempo,0.11890824514901327,0.05661474134418555,96,24.0,12.867063996131833
BCH,2021-10-27 00:00:00+00:00,2021-10-27 00:00:00+00:00,2021-10-27 07:45:00+00:00,1,612.19,596.6462249451546,643.277550109691,596.6462249451546,stop,-1.0,-1.0505503678123167,31,7.75,15.543775054845469
BCH,2021-11-18 20:00:00+00:00,2021-11-18 20:00:00+00:00,2021-11-19 20:00:00+00:00,1,562.32,537.8829050816049,611.1941898367903,573.68,tempo,0.46486704078104674,0.43465068313027844,96,24.0,24.437094918395132
BCH,2021-11-25 04:00:00+00:00,2021-11-25 04:00:00+00:00,2021-11-26 04:00:00+00:00,-1,619.99,641.5981614778271,576.7736770443457,603.34,tempo,0.7705421868993854,0.7337429200660666,96,24.0,21.60816147782714
BCH,2021-11-28 20:00:00+00:00,2021-11-28 20:00:00+00:00,2021-11-29 20:00:00+00:00,1,549.48,526.7807689462596,594.8784621074808,567.8,tempo,0.8070757972649985,0.7750821143829375,96,24.0,22.69923105374039
BCH,2021-11-29 20:00:00+00:00,2021-11-29 20:00:00+00:00,2021-11-30 13:00:00+00:00,-1,567.77,584.8227967817335,533.664406436533,584.8227967817335,stop,-1.0,-1.043933281296745,68,17.0,17.05279678173349
BCH,2021-11-30 16:00:00+00:00,2021-11-30 16:00:00+00:00,2021-12-01 16:00:00+00:00,-1,573.97,591.1673373221216,539.5753253557568,585.51,tempo,-0.6710341132377288,-0.7148584556858202,96,24.0,17.197337322121598
BCH,2021-12-06 12:00:00+00:00,2021-12-06 12:00:00+00:00,2021-12-07 12:00:00+00:00,1,443.62,413.25730568073067,504.3453886385387,473.83,tempo,0.9949709891466235,0.9753303573328145,96,24.0,30.362694319269337
BCH,2021-12-29 16:00:00+00:00,2021-12-29 16:00:00+00:00,2021-12-29 23:30:00+00:00,1,439.93,426.6714404344799,466.4471191310402,426.6714404344799,stop,-1.0,-1.0424850779225892,30,7.5,13.258559565520102
BCH,2022-01-06 12:00:00+00:00,2022-01-06 12:00:00+00:00,2022-01-07 03:45:00+00:00,1,391.54,384.2838241559082,406.0523516881837,384.2838241559082,stop,-1.0,-1.0694974179976553,63,15.75,7.2561758440918425
BCH,2022-01-13 16:00:00+00:00,2022-01-13 16:00:00+00:00,2022-01-14 16:00:00+00:00,-1,382.3,393.2871133980205,360.32577320395905,389.27,tempo,-0.634379545154757,-0.6800257928844252,96,24.0,10.987113398020483
BCH,2022-01-19 12:00:00+00:00,2022-01-19 12:00:00+00:00,2022-01-20 12:00:00+00:00,1,371.23,363.44872133426315,386.79255733147374,372.61,tempo,0.1773487442464334,0.11521294102311902,96,24.0,7.781278665736863
BCH,2022-01-24 16:00:00+00:00,2022-01-24 16:00:00+00:00,2022-01-25 16:00:00+00:00,1,277.11,255.3600196779276,320.60996064414485,288.06,tempo,0.5034487313483984,0.4865585781362967,96,24.0,21.749980322072417
BCH,2022-02-04 00:00:00+00:00,2022-02-04 00:00:00+00:00,2022-02-05 00:00:00+00:00,1,280.94,268.8932168352237,305.03356632955257,305.03356632955257,alvo,2.0,1.9683830269952998,96,24.0,12.046783164776286
BCH,2022-02-05 20:00:00+00:00,2022-02-05 20:00:00+00:00,2022-02-06 20:00:00+00:00,-1,318.63,331.27709728238574,293.3358054352285,318.48,tempo,0.011860429049509243,-0.02088396207467133,96,24.0,12.647097282385744
BCH,2022-02-10 16:00:00+00:00,2022-02-10 16:00:00+00:00,2022-02-11 00:30:00+00:00,-1,354.67,365.1721064972066,333.6657870055869,333.6657870055869,alvo,2.0,1.957397283899888,34,8.5,10.502106497206569
BCH,2022-03-16 04:00:00+00:00,2022-03-16 04:00:00+00:00,2022-03-17 04:00:00+00:00,-1,290.58,304.40000225775617,262.9399954844876,298.99,tempo,-0.6085382508009425,-0.6362676601637323,96,24.0,13.820002257756187
BCH,2022-03-20 04:00:00+00:00,2022-03-20 04:00:00+00:00,2022-03-20 22:30:00+00:00,-1,325.0,330.41846372561776,314.1630725487645,330.41846372561776,stop,-1.0,-1.0786241309335483,74,18.5,5.418463725617755
BCH,2022-03-29 16:00:00+00:00,2022-03-29 16:00:00+00:00,2022-03-30 16:00:00+00:00,-1,372.64,390.18719742375924,337.54560515248147,381.7,tempo,-0.5163217681549864,-0.544264748914757,96,24.0,17.547197423759258
BCH,2022-04-01 00:00:00+00:00,2022-04-01 00:00:00+00:00,2022-04-01 03:00:00+00:00,-1,384.16,394.52255168256625,363.4348966348676,363.4348966348676,alvo,2.0,1.953106464730092,12,3.0,10.36255168256622
BCH,2022-04-14 00:00:00+00:00,2022-04-14 00:00:00+00:00,2022-04-14 04:15:00+00:00,-1,340.9,352.29561439150314,318.10877121699366,352.29561439150314,stop,-1.0,-1.0395395222999506,17,4.25,11.395614391503159
BCH,2022-04-21 12:00:00+00:00,2022-04-21 12:00:00+00:00,2022-04-21 20:15:00+00:00,1,339.73,325.5157444581782,368.1585110836437,325.5157444581782,stop,-1.0,-1.030420849873253,33,8.25,14.214255541821842
BCH,2022-05-06 16:00:00+00:00,2022-05-06 16:00:00+00:00,2022-05-07 16:00:00+00:00,1,273.51,263.2102913137071,294.10941737258577,276.53,tempo,0.29321217638117025,0.25849993248287395,96,24.0,10.299708686292888
BCH,2022-05-08 04:00:00+00:00,2022-05-08 04:00:00+00:00,2022-05-09 02:30:00+00:00,1,264.91,259.5225425344824,275.6849149310353,259.5225425344824,stop,-1.0,-1.0632731032828047,90,22.5,5.3874574655176275
BCH,2022-05-10 04:00:00+00:00,2022-05-10 04:00:00+00:00,2022-05-11 04:00:00+00:00,1,221.68,206.91095463539318,251.21809072921366,229.8,tempo,0.5497985685289533,0.5299284961745636,96,24.0,14.769045364606825
BCH,2022-05-12 04:00:00+00:00,2022-05-12 04:00:00+00:00,2022-05-12 04:30:00+00:00,1,183.35,177.47749655063893,195.09500689872212,177.47749655063893,stop,-1.0,-1.0399383116213297,2,0.5,5.872503449361062
BCH,2022-05-15 00:00:00+00:00,2022-05-15 00:00:00+00:00,2022-05-16 00:00:00+00:00,-1,208.66,241.05878601897828,143.86242796204343,214.76,tempo,-0.18827865946664754,-0.1967735147935966,96,24.0,32.398786018978285
BCH,2022-05-24 16:00:00+00:00,2022-05-24 16:00:00+00:00,2022-05-25 16:00:00+00:00,1,192.72,181.21945812151236,215.72108375697528,191.03,tempo,-0.14694959749342165,-0.16863879289269113,96,24.0,11.500541878487638
BCH,2022-05-27 20:00:00+00:00,2022-05-27 20:00:00+00:00,2022-05-28 20:00:00+00:00,1,176.0,169.2455459664312,189.5089080671376,178.77,tempo,0.41009976324266195,0.37595925405362257,96,24.0,6.7544540335688055
BCH,2022-06-05 20:00:00+00:00,2022-06-05 20:00:00+00:00,2022-06-06 20:00:00+00:00,1,182.32,176.76057759812082,193.43884480375834,183.26,tempo,0.1690823132421567,0.126339203828546,96,24.0,5.559422401879175
BCH,2022-06-10 16:00:00+00:00,2022-06-10 16:00:00+00:00,2022-06-11 09:15:00+00:00,1,170.75,163.92307970434626,184.40384059130747,163.92307970434626,stop,-1.0,-1.031864661133706,69,17.25,6.826920295653736
BCH,2022-06-13 16:00:00+00:00,2022-06-13 16:00:00+00:00,2022-06-14 01:30:00+00:00,1,133.16,121.32791054852339,156.8241789029532,121.32791054852339,stop,-1.0,-1.013980382969121,38,9.5,11.832089451476605
BCH,2022-06-14 04:00:00+00:00,2022-06-14 04:00:00+00:00,2022-06-15 04:00:00+00:00,1,130.55,114.82711566810647,161.9957686637871,121.83,tempo,-0.5546056191682132,-0.5650392645819389,96,24.0,15.722884331893539
BCH,2022-06-25 08:00:00+00:00,2022-06-25 08:00:00+00:00,2022-06-26 08:00:00+00:00,1,115.84,109.50280753726047,128.51438492547908,117.34,tempo,0.23669787667322278,0.21278081862406922,96,24.0,6.337192462739537
BCH,2022-06-27 16:00:00+00:00,2022-06-27 16:00:00+00:00,2022-06-28 02:00:00+00:00,1,111.91,108.92015728835347,117.88968542329306,108.92015728835347,stop,-1.0,-1.0480090814404017,40,10.0,2.9898427116465314
BCH,2022-07-03 04:00:00+00:00,2022-07-03 04:00:00+00:00,2022-07-04 04:00:00+00:00,-1,104.75,109.09491748436808,96.06016503126384,103.14,tempo,0.3705478886060261,0.3394475281305606,96,24.0,4.344917484368082
BCH,2022-07-19 04:00:00+00:00,2022-07-19 04:00:00+00:00,2022-07-19 15:45:00+00:00,-1,117.18,125.3528610573549,100.83427788529022,125.3528610573549,stop,-1.0,-1.0192890052309664,47,11.75,8.172861057354893
BCH,2022-07-20 08:00:00+00:00,2022-07-20 08:00:00+00:00,2022-07-20 15:00:00+00:00,-1,126.48,131.14238238540258,117.15523522919484,131.14238238540258,stop,-1.0,-1.035916090682479,28,7.0,4.66238238540258
BCH,2022-07-25 00:00:00+00:00,2022-07-25 00:00:00+00:00,2022-07-25 19:15:00+00:00,-1,131.76,136.17264718000058,122.93470563999881,122.93470563999881,alvo,2.0,1.962482484569279,77,19.25,4.41264718000059
BCH,2022-07-29 12:00:00+00:00,2022-07-29 12:00:00+00:00,2022-07-30 12:00:00+00:00,-1,151.86,167.54332647860235,120.49334704279534,146.61,tempo,0.33475041198452865,0.32238023654600206,96,24.0,15.68332647860234
BCH,2022-08-11 08:00:00+00:00,2022-08-11 08:00:00+00:00,2022-08-11 12:30:00+00:00,-1,143.04,145.46279259422985,138.19441481154027,145.46279259422985,stop,-1.0,-1.077401101370734,18,4.5,2.422792594229861
BCH,2022-08-11 16:00:00+00:00,2022-08-11 16:00:00+00:00,2022-08-12 16:00:00+00:00,-1,143.83,149.7020509561392,132.08589808772163,140.37,tempo,0.5892319439739535,0.5577727483062344,96,24.0,5.872050956139191
BCH,2022-08-22 04:00:00+00:00,2022-08-22 04:00:00+00:00,2022-08-22 16:00:00+00:00,-1,118.69,122.75931526211198,110.55136947577603,122.75931526211198,stop,-1.0,-1.0385671900089941,48,12.0,4.069315262111985
BCH,2022-08-23 04:00:00+00:00,2022-08-23 04:00:00+00:00,2022-08-23 08:15:00+00:00,-1,122.47,125.75425467523382,115.90149064953235,125.75425467523382,stop,-1.0,-1.0491270566669484,17,4.25,3.284254675233825
BCH,2022-08-24 08:00:00+00:00,2022-08-24 08:00:00+00:00,2022-08-25 08:00:00+00:00,-1,134.57,140.70206734537163,122.30586530925672,131.86,tempo,0.4419390472032949,0.41369742977704266,96,24.0,6.132067345371638
BCH,2022-08-29 04:00:00+00:00,2022-08-29 04:00:00+00:00,2022-08-30 04:00:00+00:00,1,116.12,109.84334145190712,128.67331709618577,119.06,tempo,0.4684020928449733,0.44404725518275134,96,24.0,6.2766585480928825
BCH,2022-09-02 20:00:00+00:00,2022-09-02 20:00:00+00:00,2022-09-03 20:00:00+00:00,-1,115.55,121.07138516850293,104.50722966299413,117.33,tempo,-0.3223828705438115,-0.34979845474603494,96,24.0,5.521385168502931
BCH,2022-09-07 04:00:00+00:00,2022-09-07 04:00:00+00:00,2022-09-07 21:00:00+00:00,1,112.0,109.10901732187523,117.78196535624954,117.78196535624954,alvo,2.0,1.9483365021133772,68,17.0,2.8909826781247716
BCH,2022-09-21 20:00:00+00:00,2022-09-21 20:00:00+00:00,2022-09-22 20:00:00+00:00,-1,114.44,120.17137958654297,102.97724082691406,115.46,tempo,-0.17796762273343603,-0.20404075185419202,96,24.0,5.731379586542971
BCH,2022-10-13 16:00:00+00:00,2022-10-13 16:00:00+00:00,2022-10-14 16:00:00+00:00,1,106.89,100.44547521765574,119.77904956468852,108.14,tempo,0.19396309925358066,0.17227499893268197,96,24.0,6.44452478234426
BCH,2022-10-21 16:00:00+00:00,2022-10-21 16:00:00+00:00,2022-10-22 16:00:00+00:00,1,106.73,102.22877456326192,115.73245087347617,108.41,tempo,0.3732316951486535,0.34216437760027074,96,24.0,4.501225436738082
BCH,2022-10-29 20:00:00+00:00,2022-10-29 20:00:00+00:00,2022-10-30 20:00:00+00:00,-1,118.36,121.29989546428317,112.48020907143366,116.56,tempo,0.6122666679370824,0.5603267259033842,96,24.0,2.9398954642831683
BCH,2022-11-02 12:00:00+00:00,2022-11-02 12:00:00+00:00,2022-11-03 12:00:00+00:00,-1,115.01,122.8033989383605,99.42320212327901,115.06,tempo,-0.00641568594081438,-0.02560442517805661,96,24.0,7.793398938360497
BCH,2022-11-04 12:00:00+00:00,2022-11-04 12:00:00+00:00,2022-11-04 14:30:00+00:00,-1,120.71,124.08976954593285,113.95046090813427,124.08976954593285,stop,-1.0,-1.0470800887582226,10,2.5,3.3797695459328594
BCH,2022-11-10 04:00:00+00:00,2022-11-10 04:00:00+00:00,2022-11-11 04:00:00+00:00,1,93.78,85.37805762006415,110.5838847598717,100.92,tempo,0.8498034950883011,0.834740906668007,96,24.0,8.401942379935846
BCH,2022-11-19 08:00:00+00:00,2022-11-19 08:00:00+00:00,2022-11-20 04:45:00+00:00,-1,104.41,106.56401779444086,100.10196441111827,106.56401779444086,stop,-1.0,-1.0636638712643427,83,20.75,2.154017794440861
BCH,2022-11-23 08:00:00+00:00,2022-11-23 08:00:00+00:00,2022-11-24 08:00:00+00:00,-1,116.17,120.76572727015535,106.9785454596893,114.42,tempo,0.3807884796307428,0.3481748167240374,96,24.0,4.595727270155351
BCH,2022-11-30 04:00:00+00:00,2022-11-30 04:00:00+00:00,2022-12-01 04:00:00+00:00,-1,111.57,115.18846053505116,104.33307892989765,112.72,tempo,-0.3178147139813266,-0.35810491435460173,96,24.0,3.6184605350511703
BCH,2022-12-13 16:00:00+00:00,2022-12-13 16:00:00+00:00,2022-12-14 16:00:00+00:00,-1,109.28,112.03048316576277,103.77903366847445,109.63,tempo,-0.12725036981018248,-0.17898364408402784,96,24.0,2.7504831657627733
BCH,2022-12-17 04:00:00+00:00,2022-12-17 04:00:00+00:00,2022-12-18 04:00:00+00:00,1,101.7,97.71570957705376,109.66858084589249,102.7,tempo,0.2509857198764478,0.21763975713366293,96,24.0,3.984290422946245
BCH,2022-12-27 04:00:00+00:00,2022-12-27 04:00:00+00:00,2022-12-28 04:00:00+00:00,-1,102.48,103.98263013299032,99.47473973401937,101.3,tempo,0.7852897223961162,0.6971396200576232,96,24.0,1.5026301329903191
BCH,2022-12-29 04:00:00+00:00,2022-12-29 04:00:00+00:00,2022-12-29 20:45:00+00:00,1,99.47,97.67683819963122,103.05632360073756,97.67683819963122,stop,-1.0,-1.0714634032486114,67,16.75,1.7931618003687788
BCH,2023-01-04 08:00:00+00:00,2023-01-04 08:00:00+00:00,2023-01-05 01:15:00+00:00,-1,101.59,102.71358983087525,99.34282033824951,102.71358983087525,stop,-1.0,-1.1181902236393715,69,17.25,1.1235898308752468
BCH,2023-01-06 16:00:00+00:00,2023-01-06 16:00:00+00:00,2023-01-07 16:00:00+00:00,1,99.62,97.67960210991431,103.50079578017139,101.87,tempo,1.1595559918386822,1.0920602989866268,96,24.0,1.9403978900856913
BCH,2023-01-09 20:00:00+00:00,2023-01-09 20:00:00+00:00,2023-01-10 05:00:00+00:00,-1,106.31,108.34355130850503,102.24289738298995,108.34355130850503,stop,-1.0,-1.0686114030007439,36,9.0,2.033551308505025
BCH,2023-01-14 04:00:00+00:00,2023-01-14 04:00:00+00:00,2023-01-15 04:00:00+00:00,-1,127.88,133.12902594255902,117.38194811488194,124.54,tempo,0.6363085335355871,0.6050507341275677,96,24.0,5.2490259425590295
BCH,2023-01-25 00:00:00+00:00,2023-01-25 00:00:00+00:00,2023-01-26 00:00:00+00:00,1,128.09,124.41632430333375,135.4373513933325,131.81,tempo,1.012609796606648,0.9666245181147813,96,24.0,3.673675696666251
BCH,2023-01-29 04:00:00+00:00,2023-01-29 04:00:00+00:00,2023-01-30 04:00:00+00:00,-1,135.95,138.94748801774162,129.95502396451673,135.55,tempo,0.13344507054988847,0.07457077348665621,96,24.0,2.997488017741631
BCH,2023-02-07 16:00:00+00:00,2023-02-07 16:00:00+00:00,2023-02-08 16:00:00+00:00,-1,133.64,138.54776606482216,123.82446787035565,132.31,tempo,0.2709990619832398,0.23577580608294788,96,24.0,4.9077660648221695
BCH,2023-02-10 00:00:00+00:00,2023-02-10 00:00:00+00:00,2023-02-11 00:00:00+00:00,1,126.57,120.23947234406268,139.23105531187463,124.12,tempo,-0.3870135529227436,-0.4127536663629199,96,24.0,6.330527655937317
BCH,2023-02-13 04:00:00+00:00,2023-02-13 04:00:00+00:00,2023-02-13 09:30:00+00:00,1,123.01,120.32799552302609,128.37400895394785,120.32799552302609,stop,-1.0,-1.0589744344008063,22,5.5,2.6820044769739155
BCH,2023-02-20 04:00:00+00:00,2023-02-20 04:00:00+00:00,2023-02-21 01:45:00+00:00,1,138.2,132.19041864634082,150.21916270731833,150.21916270731833,alvo,2.0,1.9688044067086958,87,21.75,6.009581353659172
BCH,2023-03-07 16:00:00+00:00,2023-03-07 16:00:00+00:00,2023-03-07 22:15:00+00:00,1,122.59,119.94808528980131,127.87382942039739,119.94808528980131,stop,-1.0,-1.059672537811228,25,6.25,2.641914710198691
BCH,2023-03-08 00:00:00+00:00,2023-03-08 00:00:00+00:00,2023-03-08 05:45:00+00:00,1,122.15,119.31455453583071,127.8208909283386,119.31455453583071,stop,-1.0,-1.0553535458296224,23,5.75,2.8354454641692968
BCH,2023-03-08 16:00:00+00:00,2023-03-08 16:00:00+00:00,2023-03-08 22:45:00+00:00,1,119.79,116.9293628966715,125.511274206657,116.9293628966715,stop,-1.0,-1.0537878732341839,27,6.75,2.8606371033285
BCH,2023-03-10 12:00:00+00:00,2023-03-10 12:00:00+00:00,2023-03-11 01:45:00+00:00,1,107.43,104.11563527739065,114.05872944521872,114.05872944521872,alvo,2.0,1.956562513124371,55,13.75,3.314364722609355
BCH,2023-03-20 04:00:00+00:00,2023-03-20 04:00:00+00:00,2023-03-21 04:00:00+00:00,-1,133.08,140.46110664892763,118.31778670214479,131.28,tempo,0.24386587074467078,0.22058562183714883,96,24.0,7.381106648927613
BCH,2023-04-03 04:00:00+00:00,2023-04-03 04:00:00+00:00,2023-04-04 04:00:00+00:00,1,124.52,118.61186822530416,136.33626354939167,127.41,tempo,0.4891563205102659,0.46143952165663327,96,24.0,5.908131774695832
BCH,2023-04-11 08:00:00+00:00,2023-04-11 08:00:00+00:00,2023-04-11 15:00:00+00:00,-1,129.4,130.2122244636179,127.77555107276422,127.77555107276422,alvo,2.0,1.7941897644246063,28,7.0,0.8122244636178948
BCH,2023-04-11 20:00:00+00:00,2023-04-11 20:00:00+00:00,2023-04-12 20:00:00+00:00,-1,128.94,131.05937965022693,124.70124069954613,128.19,tempo,0.3538771356607552,0.2750170314872985,96,24.0,2.119379650226932
BCH,2023-04-30 20:00:00+00:00,2023-04-30 20:00:00+00:00,2023-05-01 20:00:00+00:00,-1,119.02,121.26141014547115,114.5371797090577,115.51,tempo,1.5659784565051929,1.4979656921710884,96,24.0,2.24141014547115
BCH,2023-05-23 04:00:00+00:00,2023-05-23 04:00:00+00:00,2023-05-23 14:00:00+00:00,-1,116.85,117.68972052262943,115.17055895474113,115.17055895474113,alvo,2.0,1.8204005270130392,40,10.0,0.8397205226294346
BCH,2023-05-25 04:00:00+00:00,2023-05-25 04:00:00+00:00,2023-05-26 04:00:00+00:00,1,111.39,108.57179110554375,117.0264177889125,112.47,tempo,0.383222124564466,0.3315903948207151,96,24.0,2.818208894456248
BCH,2023-05-31 04:00:00+00:00,2023-05-31 04:00:00+00:00,2023-05-31 05:00:00+00:00,1,114.1,112.81408074635071,116.67183850729856,112.81408074635071,stop,-1.0,-1.1146993888353078,4,1.0,1.2859192536492827
BCH,2023-06-05 00:00:00+00:00,2023-06-05 00:00:00+00:00,2023-06-05 15:15:00+00:00,-1,115.6,117.18605216439772,112.42789567120454,112.42789567120454,alvo,2.0,1.906549018050383,61,15.25,1.586052164397728
BCH,2023-06-15 00:00:00+00:00,2023-06-15 00:00:00+00:00,2023-06-16 00:00:00+00:00,1,101.73,99.94377916475918,105.30244167048166,104.77,tempo,1.7019172209969917,1.6267725371192543,96,24.0,1.786220835240826
BCH,2023-06-21 20:00:00+00:00,2023-06-21 20:00:00+00:00,2023-06-22 00:30:00+00:00,-1,135.09,142.25041436598062,120.76917126803878,142.25041436598062,stop,-1.0,-1.0251760945839061,18,4.5,7.160414365980614
BCH,2023-06-24 04:00:00+00:00,2023-06-24 04:00:00+00:00,2023-06-24 23:15:00+00:00,-1,190.63,202.93253209674478,166.02493580651043,202.93253209674478,stop,-1.0,-1.0207937393579791,77,19.25,12.302532096744784
BCH,2023-06-26 20:00:00+00:00,2023-06-26 20:00:00+00:00,2023-06-26 21:30:00+00:00,-1,224.62,233.19217051753515,207.47565896492972,233.19217051753515,stop,-1.0,-1.0347144180377275,6,1.5,8.572170517535142
BCH,2023-06-27 00:00:00+00:00,2023-06-27 00:00:00+00:00,2023-06-28 00:00:00+00:00,-1,223.57,240.365723322348,189.97855335530397,229.85,tempo,-0.373904706541812,-0.3914522092211309,96,24.0,16.79572332234801
BCH,2023-07-12 16:00:00+00:00,2023-07-12 16:00:00+00:00,2023-07-13 16:00:00+00:00,-1,282.91,298.2781213361199,252.17375732776026,285.99,tempo,-0.20041486741525277,-0.22447668941108057,96,24.0,15.368121336119884
BCH,2023-07-18 16:00:00+00:00,2023-07-18 16:00:00+00:00,2023-07-19 16:00:00+00:00,1,243.11,229.38471879780744,270.56056240438517,244.78,tempo,0.12167328125366274,0.09856785300572712,96,24.0,13.725281202192576
BCH,2023-08-02 12:00:00+00:00,2023-08-02 12:00:00+00:00,2023-08-02 14:15:00+00:00,1,238.2,234.45971124312484,245.68057751375028,234.45971124312484,stop,-1.0,-1.0821403993858238,9,2.25,3.7402887568751453
BCH,2023-08-07 04:00:00+00:00,2023-08-07 04:00:00+00:00,2023-08-08 04:00:00+00:00,1,232.31,215.89568072825512,265.1386385434898,236.8,tempo,0.2735416513878196,0.25496509667653877,96,24.0,16.414319271744887
BCH,2023-08-08 16:00:00+00:00,2023-08-08 16:00:00+00:00,2023-08-09 16:00:00+00:00,-1,237.26,250.52562061998432,210.72875876003133,236.89,tempo,0.02789164642946359,0.004658847239073057,96,24.0,13.265620619984333
BCH,2023-08-27 20:00:00+00:00,2023-08-27 20:00:00+00:00,2023-08-27 21:30:00+00:00,-1,195.75,197.58482193502633,192.08035612994735,197.58482193502633,stop,-1.0,-1.1393419325206064,6,1.5,1.8348219350263264
BCH,2023-09-06 20:00:00+00:00,2023-09-06 20:00:00+00:00,2023-09-07 20:00:00+00:00,-1,192.44,196.86867689898008,183.58264620203983,190.82,tempo,0.3657977398109776,0.30954640206778583,96,24.0,4.428676898980086
BCH,2023-09-12 08:00:00+00:00,2023-09-12 08:00:00+00:00,2023-09-12 10:00:00+00:00,-1,190.17,194.5634654657417,181.38306906851656,194.5634654657417,stop,-1.0,-1.0569201589275525,8,2.0,4.393465465741713
BCH,2023-09-22 04:00:00+00:00,2023-09-22 04:00:00+00:00,2023-09-23 04:00:00+00:00,1,209.15,202.00549483479733,223.43901033040535,207.24,tempo,-0.26733831886673626,-0.3052210684402432,96,24.0,7.144505165202673
BCH,2023-10-01 12:00:00+00:00,2023-10-01 12:00:00+00:00,2023-10-01 22:30:00+00:00,-1,236.49,243.03123607525234,223.40752784949535,243.03123607525234,stop,-1.0,-1.0476498325183732,42,10.5,6.541236075252328
BCH,2023-10-02 12:00:00+00:00,2023-10-02 12:00:00+00:00,2023-10-02 14:45:00+00:00,-1,243.09,249.18646941471013,230.89706117057975,249.18646941471013,stop,-1.0,-1.0524860674848109,11,2.75,6.096469414710128
BCH,2023-10-12 16:00:00+00:00,2023-10-12 16:00:00+00:00,2023-10-13 16:00:00+00:00,-1,211.31,218.49398240456787,196.94203519086426,212.88,tempo,-0.2185417379365688,-0.2569220518728451,96,24.0,7.183982404567871
BCH,2023-10-16 16:00:00+00:00,2023-10-16 16:00:00+00:00,2023-10-17 16:00:00+00:00,-1,227.51,252.03772139355627,178.45455721288744,227.88,tempo,-0.015084972389535049,-0.027153092996847705,96,24.0,24.527721393556277
BCH,2023-10-19 20:00:00+00:00,2023-10-19 20:00:00+00:00,2023-10-20 03:30:00+00:00,-1,228.91,236.07273613412823,214.58452773174352,236.07273613412823,stop,-1.0,-1.0421959950537767,30,7.5,7.162736134128238
BCH,2023-10-24 04:00:00+00:00,2023-10-24 04:00:00+00:00,2023-10-25 04:00:00+00:00,-1,258.77,272.4711024759941,231.36779504801177,252.5,tempo,0.4576274070634635,0.433372023193277,96,24.0,13.701102475994105
BCH,2023-11-02 20:00:00+00:00,2023-11-02 20:00:00+00:00,2023-11-03 20:00:00+00:00,1,238.11,228.82796297118495,256.67407405763015,237.3,tempo,-0.08726532737215396,-0.12055721136708872,96,24.0,9.282037028815068
BCH,2023-11-07 12:00:00+00:00,2023-11-07 12:00:00+00:00,2023-11-08 12:00:00+00:00,-1,244.98,253.36563970651227,228.20872058697543,243.88,tempo,0.13117663511654756,0.09328340202745733,96,24.0,8.38563970651228
BCH,2023-11-09 16:00:00+00:00,2023-11-09 16:00:00+00:00,2023-11-09 16:15:00+00:00,-1,249.91,259.77581167031383,230.17837665937233,230.17837665937233,alvo,2.0,1.9683698153525908,1,0.25,9.865811670313832
BCH,2023-12-04 08:00:00+00:00,2023-12-04 08:00:00+00:00,2023-12-05 08:00:00+00:00,-1,249.81,258.63137364427826,232.1672527114435,240.72,tempo,1.0304517602988041,0.9943072194531944,96,24.0,8.821373644278253
BCH,2023-12-06 12:00:00+00:00,2023-12-06 12:00:00+00:00,2023-12-07 12:00:00+00:00,-1,250.11,267.94769954874926,214.43460090250153,243.19,tempo,0.3879424014900642,0.3699667091019455,96,24.0,17.837699548749242
BCH,2023-12-16 04:00:00+00:00,2023-12-16 04:00:00+00:00,2023-12-17 04:00:00+00:00,1,230.46,223.60239451589138,244.17521096821727,228.58,tempo,-0.27414817086759874,-0.3176584020541896,96,24.0,6.857605484108632
BCH,2023-12-18 12:00:00+00:00,2023-12-18 12:00:00+00:00,2023-12-19 12:00:00+00:00,1,222.61,215.7957991639402,236.23840167211966,228.24,tempo,0.8262157420143533,0.7832095983666337,96,24.0,6.814200836059825
BCH,2023-12-20 20:00:00+00:00,2023-12-20 20:00:00+00:00,2023-12-21 20:00:00+00:00,-1,230.34,237.51118226066853,215.99763547866294,231.6,tempo,-0.17570324588048164,-0.21757374771486232,96,24.0,7.17118226066853
BCH,2023-12-22 20:00:00+00:00,2023-12-22 20:00:00+00:00,2023-12-23 20:00:00+00:00,-1,237.18,245.65897854916523,220.22204290166957,232.19,tempo,0.5885142851896104,0.5525322977095221,96,24.0,8.47897854916522
BCH,2023-12-27 16:00:00+00:00,2023-12-27 16:00:00+00:00,2023-12-27 23:15:00+00:00,-1,251.22,261.2892691286744,231.08146174265121,261.2892691286744,stop,-1.0,-1.0330839329723522,29,7.25,10.069269128674392
BCH,2024-01-06 00:00:00+00:00,2024-01-06 00:00:00+00:00,2024-01-07 00:00:00+00:00,-1,239.04,244.93221049948977,227.25557900102044,235.97,tempo,0.5210268710301224,0.46862607848770793,96,24.0,5.892210499489778
BCH,2024-01-11 16:00:00+00:00,2024-01-11 16:00:00+00:00,2024-01-12 04:00:00+00:00,-1,275.22,293.0999819748394,239.46003605032126,293.0999819748394,stop,-1.0,-1.0206604228574432,48,12.0,17.87998197483938
BCH,2024-01-19 20:00:00+00:00,2024-01-19 20:00:00+00:00,2024-01-20 20:00:00+00:00,1,235.62,224.7792984453504,257.3014031092992,238.03,tempo,0.22231033553048446,0.19391065139122754,96,24.0,10.840701554649598
BCH,2024-01-22 20:00:00+00:00,2024-01-22 20:00:00+00:00,2024-01-23 09:00:00+00:00,1,234.63,228.5836637483776,246.72267250324478,228.5836637483776,stop,-1.0,-1.0497969131894798,52,13.0,6.046336251622392
BCH,2024-01-30 16:00:00+00:00,2024-01-30 16:00:00+00:00,2024-01-31 00:30:00+00:00,-1,241.46,244.47092760153646,235.4381447969271,235.4381447969271,alvo,2.0,1.8970470781297364,34,8.5,3.0109276015364514
BCH,2024-01-31 12:00:00+00:00,2024-01-31 12:00:00+00:00,2024-02-01 01:30:00+00:00,1,235.03,231.77158038091795,241.5468392381641,231.77158038091795,stop,-1.0,-1.0931190769508918,54,13.5,3.258419619082048
BCH,2024-02-04 04:00:00+00:00,2024-02-04 04:00:00+00:00,2024-02-04 19:15:00+00:00,-1,241.52,244.83109661633955,234.89780676732093,234.89780676732093,alvo,2.0,1.9064746184479797,61,15.25,3.3110966163395403
BCH,2024-02-20 16:00:00+00:00,2024-02-20 16:00:00+00:00,2024-02-21 16:00:00+00:00,-1,261.88,276.5604708813367,232.5190582373266,259.64,tempo,0.15258366152598846,0.12949257659144758,96,24.0,14.680470881336703
BCH,2024-02-25 16:00:00+00:00,2024-02-25 16:00:00+00:00,2024-02-26 16:00:00+00:00,-1,267.58,272.10042297631117,258.5391540473776,269.31,tempo,-0.38270754950718283,-0.4599079579266574,96,24.0,4.520422976311181
BCH,2024-03-03 04:00:00+00:00,2024-03-03 04:00:00+00:00,2024-03-04 04:00:00+00:00,-1,504.89,539.2620588227035,436.145882354593,454.72,tempo,1.4596157960390084,1.4414688906349014,96,24.0,34.37205882270348
BCH,2024-03-04 16:00:00+00:00,2024-03-04 16:00:00+00:00,2024-03-05 16:00:00+00:00,1,450.67,425.07537598565386,501.8592480286923,433.68,tempo,-0.6638112749957519,-0.6862701905741875,96,24.0,25.594624014346152
BCH,2024-03-14 12:00:00+00:00,2024-03-14 12:00:00+00:00,2024-03-15 12:00:00+00:00,-1,445.58,481.3190117580082,374.1019764839836,403.38,tempo,1.1807825097610334,1.1653421275888445,96,24.0,35.73901175800819
BCH,2024-03-15 12:00:00+00:00,2024-03-15 12:00:00+00:00,2024-03-16 12:00:00+00:00,1,403.33,375.85869760273783,458.2726047945243,406.05,tempo,0.09901241523485645,0.07986163044889624,96,24.0,27.47130239726215
BCH,2024-03-19 08:00:00+00:00,2024-03-19 08:00:00+00:00,2024-03-19 23:15:00+00:00,1,375.37,355.1452659711152,415.81946805776965,355.1452659711152,stop,-1.0,-1.023477931635742,61,15.25,20.224734028884825
BCH,2024-03-20 08:00:00+00:00,2024-03-20 08:00:00+00:00,2024-03-21 04:30:00+00:00,1,367.11,342.8772494833961,415.57550103320784,415.57550103320784,alvo,2.0,1.9790058674799214,82,20.5,24.232750516603915
BCH,2024-04-01 08:00:00+00:00,2024-04-01 08:00:00+00:00,2024-04-01 14:00:00+00:00,-1,688.38,710.6231601759042,643.8936796481916,643.8936796481916,alvo,2.0,1.9610676772129965,24,6.0,22.243160175904222
BCH,2024-04-04 00:00:00+00:00,2024-04-04 00:00:00+00:00,2024-04-04 08:00:00+00:00,1,593.07,555.279581479199,668.6508370416021,668.6508370416021,alvo,2.0,1.9782982412955914,32,8.0,37.79041852080104
BCH,2024-04-04 12:00:00+00:00,2024-04-04 12:00:00+00:00,2024-04-05 02:30:00+00:00,-1,645.38,693.7609646766391,548.6180706467218,693.7609646766391,stop,-1.0,-1.0179914070101233,58,14.5,48.38096467663911
BCH,2024-04-05 08:00:00+00:00,2024-04-05 08:00:00+00:00,2024-04-06 08:00:00+00:00,-1,690.14,729.9464144943287,610.5271710113426,693.34,tempo,-0.08038905389120028,-0.10297993557254638,96,24.0,39.80641449432869
BCH,2024-04-25 16:00:00+00:00,2024-04-25 16:00:00+00:00,2024-04-26 16:00:00+00:00,1,478.05,463.0989155134708,507.95216897305846,481.8,tempo,0.2508179258420158,0.20908834424797626,96,24.0,14.951084486529226
BCH,2024-04-30 20:00:00+00:00,2024-04-30 20:00:00+00:00,2024-05-01 07:15:00+00:00,1,429.43,416.0638896664151,456.16222066716983,416.0638896664151,stop,-1.0,-1.0411167508397912,45,11.25,13.366110333584913
BCH,2024-05-06 12:00:00+00:00,2024-05-06 12:00:00+00:00,2024-05-07 12:00:00+00:00,-1,474.88,486.3967567609212,451.84648647815754,477.57,tempo,-0.23357270244065,-0.28732850477735566,96,24.0,11.516756760921226
BCH,2024-05-15 16:00:00+00:00,2024-05-15 16:00:00+00:00,2024-05-15 20:00:00+00:00,-1,444.81,460.73844897979905,412.9531020404019,460.73844897979905,stop,-1.0,-1.036953157999461,16,4.0,15.928448979799043
BCH,2024-05-17 12:00:00+00:00,2024-05-17 12:00:00+00:00,2024-05-18 02:00:00+00:00,-1,465.59,481.20065617524375,434.3686876495124,481.20065617524375,stop,-1.0,-1.0394226815071275,56,14.0,15.610656175243776
BCH,2024-05-24 00:00:00+00:00,2024-05-24 00:00:00+00:00,2024-05-25 00:00:00+00:00,1,490.79,466.85613227189145,538.6577354562171,494.49,tempo,0.15459264846085077,0.1278342487205589,96,24.0,23.933867728108567
BCH,2024-05-30 12:00:00+00:00,2024-05-30 12:00:00+00:00,2024-05-31 12:00:00+00:00,1,466.42,456.9860638514799,485.2878722970402,465.53,tempo,-0.09434026115808056,-0.15855179391209717,96,24.0,9.433936148520104
BCH,2024-06-04 12:00:00+00:00,2024-06-04 12:00:00+00:00,2024-06-04 15:30:00+00:00,-1,467.57,475.4315454992613,451.8469090014774,475.4315454992613,stop,-1.0,-1.077968257594148,14,3.5,7.861545499261297
BCH,2024-06-07 20:00:00+00:00,2024-06-07 20:00:00+00:00,2024-06-08 20:00:00+00:00,1,483.76,453.4951046690539,544.2897906618922,470.92,tempo,-0.42425390405599617,-0.44475759300698653,96,24.0,30.264895330946104
BCH,2024-06-13 20:00:00+00:00,2024-06-13 20:00:00+00:00,2024-06-13 21:15:00+00:00,1,438.36,430.3720471155767,454.3359057688466,430.3720471155767,stop,-1.0,-1.0706909315559756,5,1.25,7.987952884423294
BCH,2024-06-26 04:00:00+00:00,2024-06-26 04:00:00+00:00,2024-06-27 04:00:00+00:00,-1,390.1,399.58968068588587,371.12063862822833,376.44,tempo,1.4394583392375642,1.386953832869815,96,24.0,9.489680685885844
BCH,2024-07-04 16:00:00+00:00,2024-07-04 16:00:00+00:00,2024-07-04 23:45:00+00:00,1,345.41,334.3775928184312,367.4748143631377,334.3775928184312,stop,-1.0,-1.0400512715004004,31,7.75,11.032407181568828
BCH,2024-07-18 20:00:00+00:00,2024-07-18 20:00:00+00:00,2024-07-19 20:00:00+00:00,1,384.28,366.3263263158538,420.1873473682923,399.2,tempo,0.831027691740604,0.8026623549878423,96,24.0,17.953673684146167
BCH,2024-07-25 00:00:00+00:00,2024-07-25 00:00:00+00:00,2024-07-25 01:15:00+00:00,1,362.13,355.91484568812,374.56030862375997,355.91484568812,stop,-1.0,-1.075095343780145,5,1.25,6.215154311879985
BCH,2024-08-01 08:00:00+00:00,2024-08-01 08:00:00+00:00,2024-08-01 15:45:00+00:00,1,418.4,404.1140723990674,446.9718552018651,404.1140723990674,stop,-1.0,-1.037423831479063,31,7.75,14.285927600932553
BCH,2024-08-02 16:00:00+00:00,2024-08-02 16:00:00+00:00,2024-08-02 23:45:00+00:00,1,400.96,381.14436943214,440.5912611357199,381.14436943214,stop,-1.0,-1.025654890889793,31,7.75,19.815630567859955
BCH,2024-08-03 04:00:00+00:00,2024-08-03 04:00:00+00:00,2024-08-03 16:15:00+00:00,1,380.8,364.9458807420605,412.508238515879,364.9458807420605,stop,-1.0,-1.0305746925827868,49,12.25,15.854119257939487
BCH,2024-08-04 20:00:00+00:00,2024-08-04 20:00:00+00:00,2024-08-05 00:45:00+00:00,1,345.27,328.02061411425694,379.76877177148606,328.02061411425694,stop,-1.0,-1.025371274204955,19,4.75,17.249385885743038
BCH,2024-08-13 04:00:00+00:00,2024-08-13 04:00:00+00:00,2024-08-14 04:00:00+00:00,-1,348.1,368.45859421081946,307.38281157836116,347.52,tempo,0.02848919694522935,0.006279755796306286,96,24.0,20.358594210819433
BCH,2024-08-22 00:00:00+00:00,2024-08-22 00:00:00+00:00,2024-08-23 00:00:00+00:00,-1,349.24,357.01156992341805,333.6968601531639,346.47,tempo,0.3564273405883091,0.29823941917009567,96,24.0,7.771569923418042
BCH,2024-08-23 16:00:00+00:00,2024-08-23 16:00:00+00:00,2024-08-23 18:00:00+00:00,-1,354.16,359.8944640976436,342.69107180471286,359.8944640976436,stop,-1.0,-1.0809378860448688,8,2.0,5.734464097643581
BCH,2024-08-28 20:00:00+00:00,2024-08-28 20:00:00+00:00,2024-08-29 20:00:00+00:00,1,321.13,311.4331619389761,340.52367612204773,319.79,tempo,-0.1381893759148214,-0.18115162787554068,96,24.0,9.696838061023868
BCH,2024-09-07 00:00:00+00:00,2024-09-07 00:00:00+00:00,2024-09-08 00:00:00+00:00,1,294.77,283.29812664494887,317.7137467101022,299.14,tempo,0.38093168088156015,0.34728055102228356,96,24.0,11.471873355051116
BCH,2024-09-14 20:00:00+00:00,2024-09-14 20:00:00+00:00,2024-09-15 14:30:00+00:00,1,327.36,323.82032363522,334.43935272956,323.82032363522,stop,-1.0,-1.1195779406768447,74,18.5,3.539676364780007
BCH,2024-09-25 00:00:00+00:00,2024-09-25 00:00:00+00:00,2024-09-25 01:45:00+00:00,-1,347.7,353.05794385594123,336.9841122881175,353.05794385594123,stop,-1.0,-1.0850125861250453,7,1.75,5.357943855941244
BCH,2024-09-26 16:00:00+00:00,2024-09-26 16:00:00+00:00,2024-09-26 16:45:00+00:00,-1,353.24,357.12404706754455,345.4719058649109,357.12404706754455,stop,-1.0,-1.1188802871242776,3,0.75,3.884047067544543
BCH,2024-09-26 20:00:00+00:00,2024-09-26 20:00:00+00:00,2024-09-27 01:15:00+00:00,-1,351.87,359.79457292003696,336.0208541599261,359.79457292003696,stop,-1.0,-1.0583731107109136,21,5.25,7.924572920036951
BCH,2024-09-28 12:00:00+00:00,2024-09-28 12:00:00+00:00,2024-09-29 12:00:00+00:00,1,352.3,343.9642009664284,368.97159806714325,348.57,tempo,-0.4474676014834099,-0.5021192909213695,96,24.0,8.335799033571618
BCH,2024-10-02 20:00:00+00:00,2024-10-02 20:00:00+00:00,2024-10-03 20:00:00+00:00,1,315.15,306.22214599422495,333.00570801155004,319.68,tempo,0.5074007703385129,0.461181432552178,96,24.0,8.927854005775032
BCH,2024-10-07 16:00:00+00:00,2024-10-07 16:00:00+00:00,2024-10-08 16:00:00+00:00,-1,330.11,334.4638237368141,321.4023525263718,329.89,tempo,0.05053029550548873,-0.04800378073020207,96,24.0,4.353823736814093
BCH,2024-10-10 20:00:00+00:00,2024-10-10 20:00:00+00:00,2024-10-11 20:00:00+00:00,1,321.72,315.5984612652407,333.9630774695187,327.79,tempo,0.9915807549388381,0.9226141897837785,96,24.0,6.121538734759326
BCH,2024-10-13 20:00:00+00:00,2024-10-13 20:00:00+00:00,2024-10-14 09:45:00+00:00,1,320.55,315.94169320362,329.76661359276005,329.76661359276005,alvo,2.0,1.9082730778325472,55,13.75,4.60830679638002
BCH,2024-10-15 04:00:00+00:00,2024-10-15 04:00:00+00:00,2024-10-16 04:00:00+00:00,-1,369.87,389.4646933249156,330.68061335016887,361.51,tempo,0.4266461261411978,0.4023846083865152,96,24.0,19.594693324915568
BCH,2024-10-23 20:00:00+00:00,2024-10-23 20:00:00+00:00,2024-10-24 20:00:00+00:00,1,349.72,336.40473136570404,376.350537268592,365.47,tempo,1.1828525907042462,1.147939776493151,96,24.0,13.31526863429599
BCH,2024-10-28 20:00:00+00:00,2024-10-28 20:00:00+00:00,2024-10-28 23:00:00+00:00,-1,362.49,366.43922165250393,354.59155669499216,366.43922165250393,stop,-1.0,-1.1199740191269645,12,3.0,3.9492216525039225
BCH,2024-10-29 20:00:00+00:00,2024-10-29 20:00:00+00:00,2024-10-30 20:00:00+00:00,-1,383.07,391.78338064722243,365.6432387055551,370.19,tempo,1.4781863115443892,1.4219946885884844,96,24.0,8.713380647222436
BCH,2024-11-01 04:00:00+00:00,2024-11-01 04:00:00+00:00,2024-11-01 07:15:00+00:00,1,350.91,344.0030435031037,364.7239129937927,344.0030435031037,stop,-1.0,-1.065396890581255,13,3.25,6.906956496896328
BCH,2024-11-12 16:00:00+00:00,2024-11-12 16:00:00+00:00,2024-11-13 04:45:00+00:00,1,429.8,411.793694288702,465.81261142259604,411.793694288702,stop,-1.0,-1.030380240681153,51,12.75,18.006305711298012
BCH,2024-11-21 04:00:00+00:00,2024-11-21 04:00:00+00:00,2024-11-21 05:15:00+00:00,1,453.42,423.9097226668236,512.4405546663529,512.4405546663529,alvo,2.0000000000000018,1.9787257383776846,5,1.25,29.51027733317642
BCH,2024-11-30 12:00:00+00:00,2024-11-30 12:00:00+00:00,2024-12-01 12:00:00+00:00,-1,518.84,546.1571287057014,464.2057425885972,520.8,tempo,-0.07174985413422486,-0.09648766634283225,96,24.0,27.317128705701407
BCH,2024-12-02 04:00:00+00:00,2024-12-02 04:00:00+00:00,2024-12-03 04:00:00+00:00,-1,532.77,568.3259532791603,461.6580934416793,538.51,tempo,-0.16143569418413745,-0.18101981261665115,96,24.0,35.55595327916035
BCH,2024-12-03 16:00:00+00:00,2024-12-03 16:00:00+00:00,2024-12-03 23:45:00+00:00,-1,531.11,586.2840181469796,420.7619637060408,586.2840181469796,stop,-1.0,-1.0131639154839278,31,7.75,55.17401814697962
BCH,2024-12-05 04:00:00+00:00,2024-12-05 04:00:00+00:00,2024-12-05 07:45:00+00:00,-1,585.79,623.596622909634,510.1767541807319,623.596622909634,stop,-1.0,-1.0207926877460125,15,3.75,37.80662290963403
BCH,2024-12-10 20:00:00+00:00,2024-12-10 20:00:00+00:00,2024-12-11 20:00:00+00:00,1,507.2,477.5680253910703,566.4639492178594,543.59,tempo,1.2280653071643026,1.2050154257772494,96,24.0,29.63197460892968
BCH,2024-12-19 04:00:00+00:00,2024-12-19 04:00:00+00:00,2024-12-19 18:00:00+00:00,1,482.21,451.46500599115456,543.6999880176909,451.46500599115456,stop,-1.0,-1.0197394331486827,56,14.0,30.744994008845424
BCH,2025-01-04 16:00:00+00:00,2025-01-04 16:00:00+00:00,2025-01-05 16:00:00+00:00,-1,475.33,485.37421164632406,455.24157670735184,467.38,tempo,0.7915006453402929,0.7304942148132882,96,24.0,10.044211646324072
BCH,2025-01-05 16:00:00+00:00,2025-01-05 16:00:00+00:00,2025-01-06 16:00:00+00:00,1,467.37,460.2414182206683,481.62716355866337,480.24,tempo,1.8054082001717024,1.7190030049916667,96,24.0,7.128581779331682
BCH,2025-01-08 04:00:00+00:00,2025-01-08 04:00:00+00:00,2025-01-08 06:45:00+00:00,1,438.01,430.1054278192145,453.8191443615709,430.1054278192145,stop,-1.0,-1.071385903648794,11,2.75,7.904572180785465
BCH,2025-01-08 08:00:00+00:00,2025-01-08 08:00:00+00:00,2025-01-08 17:30:00+00:00,1,433.17,423.10043807123554,453.30912385752896,423.10043807123554,stop,-1.0,-1.0552730882121497,38,9.5,10.069561928764472
BCH,2025-01-09 16:00:00+00:00,2025-01-09 16:00:00+00:00,2025-01-10 16:00:00+00:00,1,429.44,409.29566595863963,469.72866808272073,440.41,tempo,0.5445700005508454,0.5165024308392274,96,24.0,20.144334041360366
BCH,2025-01-29 20:00:00+00:00,2025-01-29 20:00:00+00:00,2025-01-30 20:00:00+00:00,1,414.99,401.28859478917855,442.39281042164293,437.48,tempo,1.6414374769558129,1.6009959681124453,96,24.0,13.701405210821463
BCH,2025-02-14 20:00:00+00:00,2025-02-14 20:00:00+00:00,2025-02-15 20:00:00+00:00,-1,344.57,352.67444616455,328.3611076709,332.94,tempo,1.4350147763176333,1.3806765166687147,96,24.0,8.104446164549984
BCH,2025-03-04 20:00:00+00:00,2025-03-04 20:00:00+00:00,2025-03-05 09:30:00+00:00,1,314.99,286.53625520903086,371.8974895819383,371.8974895819383,alvo,2.0,1.9843086781192343,54,13.5,28.453744790969154
BCH,2025-03-06 08:00:00+00:00,2025-03-06 08:00:00+00:00,2025-03-07 08:00:00+00:00,-1,404.08,424.81404378800664,362.61191242398667,404.17,tempo,-0.004340687273559785,-0.02967884635972363,96,24.0,20.73404378800666
BCH,2025-03-25 16:00:00+00:00,2025-03-25 16:00:00+00:00,2025-03-26 02:30:00+00:00,-1,334.59,341.54111017121056,320.6877796575788,341.54111017121056,stop,-1.0,-1.06322518429236,42,10.5,6.951110171210587
BCH,2025-03-26 04:00:00+00:00,2025-03-26 04:00:00+00:00,2025-03-27 04:00:00+00:00,-1,332.13,344.10216960273493,308.1856607945301,338.17,tempo,-0.5045033774513381,-0.5408956951729705,96,24.0,11.972169602734937
BCH,2025-03-31 00:00:00+00:00,2025-03-31 00:00:00+00:00,2025-03-31 09:30:00+00:00,1,298.91,291.55524442153967,313.61951115692074,291.55524442153967,stop,-1.0,-1.052184250690537,38,9.5,7.354755578460356
BCH,2025-03-31 12:00:00+00:00,2025-03-31 12:00:00+00:00,2025-04-01 12:00:00+00:00,1,298.34,287.23647367400173,320.54705265199647,311.62,tempo,1.1960164374902864,1.1603094027736054,96,24.0,11.103526325998246
APT,2022-11-04 16:00:00+00:00,2022-11-04 16:00:00+00:00,2022-11-04 21:15:00+00:00,-1,7.313,7.6398603642749014,6.659279271450196,7.6398603642749014,stop,-1.0,-1.029735508795445,21,5.25,0.3268603642749017
APT,2022-11-09 12:00:00+00:00,2022-11-09 12:00:00+00:00,2022-11-09 18:30:00+00:00,1,4.593,3.9753793525735093,5.828241294852981,3.9753793525735093,stop,-1.0,-1.0090175848271583,26,6.5,0.6176206474264907
APT,2022-11-17 00:00:00+00:00,2022-11-17 00:00:00+00:00,2022-11-18 00:00:00+00:00,-1,4.4971,5.0417725910946425,3.407754817810714,4.6575,tempo,-0.29448884086059846,-0.3054137342686569,96,24.0,0.5446725910946428
APT,2022-11-28 04:00:00+00:00,2022-11-28 04:00:00+00:00,2022-11-29 04:00:00+00:00,1,4.4671,4.24102279681979,4.919254406360421,4.5579,tempo,0.4016327109621103,0.375684716571345,96,24.0,0.22607720318021052
APT,2022-12-03 00:00:00+00:00,2022-12-03 00:00:00+00:00,2022-12-03 02:00:00+00:00,-1,4.8976,5.10256003224084,4.48767993551832,5.10256003224084,stop,-1.0,-1.0317140076037778,8,2.0,0.20496003224084003
APT,2022-12-03 04:00:00+00:00,2022-12-03 04:00:00+00:00,2022-12-03 16:00:00+00:00,-1,5.0149,5.197107433903338,4.650485132193324,5.197107433903338,stop,-1.0,-1.0364299342229832,48,12.0,0.18220743390333816
APT,2022-12-16 20:00:00+00:00,2022-12-16 20:00:00+00:00,2022-12-16 22:45:00+00:00,1,4.4045,4.267514041266247,4.678471917467506,4.267514041266247,stop,-1.0,-1.041148809549005,11,2.75,0.13698595873375297
APT,2022-12-30 00:00:00+00:00,2022-12-30 00:00:00+00:00,2022-12-31 00:00:00+00:00,1,3.2057,3.033958078699839,3.549183842600323,3.4143,tempo,1.2146131731892045,1.1895581373108097,96,24.0,0.17174192130016142
APT,2023-01-01 00:00:00+00:00,2023-01-01 00:00:00+00:00,2023-01-02 00:00:00+00:00,-1,3.4471,3.5627328854109086,3.2158342291781823,3.5185,tempo,-0.6174714031071327,-0.6566267003559279,96,24.0,0.11563288541090877
APT,2023-01-04 12:00:00+00:00,2023-01-04 12:00:00+00:00,2023-01-04 20:30:00+00:00,-1,3.9572,4.056188596311846,3.759222807376308,3.759222807376308,alvo,2.0,1.94933078140644,34,8.5,0.09898859631184598
APT,2023-01-10 12:00:00+00:00,2023-01-10 12:00:00+00:00,2023-01-11 12:00:00+00:00,-1,5.496,6.085613591188971,4.316772817622059,5.2218,tempo,0.46505033821738956,0.4532348541374657,96,24.0,0.5896135911889706
APT,2023-01-19 00:00:00+00:00,2023-01-19 00:00:00+00:00,2023-01-20 00:00:00+00:00,-1,7.6217,8.654153610714307,5.556792778571386,7.8696,tempo,-0.24010764011807745,-0.24986047055569244,96,24.0,1.032453610714307
APT,2023-01-21 04:00:00+00:00,2023-01-21 04:00:00+00:00,2023-01-21 06:45:00+00:00,-1,11.2599,12.094261544335566,9.591176911328867,12.094261544335566,stop,-1.0,-1.0181937975292314,11,2.75,0.8343615443355663
APT,2023-01-21 16:00:00+00:00,2023-01-21 16:00:00+00:00,2023-01-22 05:00:00+00:00,-1,12.645,13.772546454913758,10.389907090172482,13.772546454913758,stop,-1.0,-1.0152290002073638,52,13.0,1.1275464549137588
APT,2023-01-26 04:00:00+00:00,2023-01-26 04:00:00+00:00,2023-01-26 14:00:00+00:00,-1,18.7633,19.86764281177583,16.55461437644834,19.86764281177583,stop,-1.0,-1.0227376069820893,40,10.0,1.1043428117758296
APT,2023-01-26 16:00:00+00:00,2023-01-26 16:00:00+00:00,2023-01-27 16:00:00+00:00,-1,18.0295,20.897435055002912,12.293629889994172,17.5855,tempo,0.15481522122527563,0.14674329855059132,96,24.0,2.8679350550029135
APT,2023-01-28 16:00:00+00:00,2023-01-28 16:00:00+00:00,2023-01-29 16:00:00+00:00,1,17.7293,16.303300310606343,20.58129937878731,18.0442,tempo,0.22082753758095064,0.20452124020027784,96,24.0,1.425999689393656
APT,2023-02-06 08:00:00+00:00,2023-02-06 08:00:00+00:00,2023-02-07 08:00:00+00:00,1,15.0691,14.154890644470669,16.897518711058666,15.2525,tempo,0.2006105044656969,0.17905194145078618,96,24.0,0.9142093555293318
APT,2023-02-16 04:00:00+00:00,2023-02-16 04:00:00+00:00,2023-02-16 20:30:00+00:00,-1,16.416,16.87070537418747,15.506589251625062,15.506589251625062,alvo,2.0,1.9543667522060089,66,16.5,0.45470537418746915
APT,2023-02-27 16:00:00+00:00,2023-02-27 16:00:00+00:00,2023-02-28 16:00:00+00:00,-1,12.721,13.154440400772819,11.854119198454363,12.175,tempo,1.2596887577311404,1.222353982359147,96,24.0,0.43344040077281853
APT,2023-03-05 00:00:00+00:00,2023-03-05 00:00:00+00:00,2023-03-06 00:00:00+00:00,1,11.257,10.51210622029239,12.74678755941522,11.153,tempo,-0.1396172217209572,-0.1591723588382489,96,24.0,0.7448937797076098
APT,2023-03-07 16:00:00+00:00,2023-03-07 16:00:00+00:00,2023-03-08 14:00:00+00:00,1,11.11,10.57794904129083,12.174101917418337,10.57794904129083,stop,-1.0,-1.0264958960153756,88,22.0,0.5320509587091689
APT,2023-03-08 16:00:00+00:00,2023-03-08 16:00:00+00:00,2023-03-08 23:00:00+00:00,1,10.813,10.326648800979832,11.785702398040337,10.326648800979832,stop,-1.0,-1.0282527764881013,28,7.0,0.4863511990201683
APT,2023-03-10 04:00:00+00:00,2023-03-10 04:00:00+00:00,2023-03-10 07:15:00+00:00,-1,11.341,11.828696448079036,10.365607103841926,10.365607103841926,alvo,2.0,1.9710695153243956,13,3.25,0.48769644807903667
APT,2023-03-10 12:00:00+00:00,2023-03-10 12:00:00+00:00,2023-03-10 16:45:00+00:00,1,9.972,9.522428163696079,10.871143672607841,10.871143672607841,alvo,2.0,1.9698645638068033,19,4.75,0.44957183630392095
APT,2023-03-23 04:00:00+00:00,2023-03-23 04:00:00+00:00,2023-03-24 04:00:00+00:00,-1,12.42,13.380929173524342,10.498141652951317,12.888,tempo,-0.4870286103225951,-0.5041476659754343,96,24.0,0.9609291735243417
APT,2023-04-02 20:00:00+00:00,2023-04-02 20:00:00+00:00,2023-04-03 20:00:00+00:00,-1,12.076,12.659093386912183,10.909813226175636,11.566,tempo,0.8746454880936753,0.8482907045462597,96,24.0,0.5830933869121822
APT,2023-04-04 00:00:00+00:00,2023-04-04 00:00:00+00:00,2023-04-05 00:00:00+00:00,1,11.333,10.876167755222774,12.246664489554453,11.464,tempo,0.2867573414479142,0.25432081760484354,96,24.0,0.4568322447772264
APT,2023-04-11 20:00:00+00:00,2023-04-11 20:00:00+00:00,2023-04-12 20:00:00+00:00,-1,11.808,12.205872145022845,11.01225570995431,11.273,tempo,1.3446530668018535,1.3069458530959566,96,24.0,0.39787214502284485
APT,2023-04-14 08:00:00+00:00,2023-04-14 08:00:00+00:00,2023-04-15 08:00:00+00:00,-1,12.782,13.769280241382466,10.807439517235068,12.703,tempo,0.0800178071925948,0.06323913655212492,96,24.0,0.9872802413824662
APT,2023-04-19 04:00:00+00:00,2023-04-19 04:00:00+00:00,2023-04-19 08:30:00+00:00,-1,12.608,13.257716150628644,11.308567698742714,11.308567698742714,alvo,2.0,1.9760729835803816,18,4.5,0.6497161506286435
APT,2023-04-27 00:00:00+00:00,2023-04-27 00:00:00+00:00,2023-04-28 00:00:00+00:00,1,10.014,9.30367997841416,11.43464004317168,10.173,tempo,0.22384276828495114,0.20537003824602418,96,24.0,0.7103200215858401
APT,2023-04-30 04:00:00+00:00,2023-04-30 04:00:00+00:00,2023-05-01 04:00:00+00:00,-1,10.55,11.070808320411736,9.50838335917653,10.058,tempo,0.9446853683348237,0.9189653491358022,96,24.0,0.5208083204117351
APT,2023-05-11 00:00:00+00:00,2023-05-11 00:00:00+00:00,2023-05-11 15:00:00+00:00,-1,8.595,8.845436260149125,8.094127479701752,8.094127479701752,alvo,2.0,1.9566838569808276,60,15.0,0.2504362601491241
APT,2023-05-22 00:00:00+00:00,2023-05-22 00:00:00+00:00,2023-05-22 01:00:00+00:00,1,8.156,8.006539997051455,8.454920005897092,8.006539997051455,stop,-1.0,-1.0702907185255457,4,1.0,0.14946000294854578
APT,2023-05-24 16:00:00+00:00,2023-05-24 16:00:00+00:00,2023-05-25 01:30:00+00:00,1,8.041,7.814200577698368,8.494598844603265,7.814200577698368,stop,-1.0,-1.0454405054074503,38,9.5,0.22679942230163253
APT,2023-06-05 20:00:00+00:00,2023-06-05 20:00:00+00:00,2023-06-06 12:15:00+00:00,1,8.072,7.80813292222727,8.599734155545457,7.80813292222727,stop,-1.0,-1.0391185080252348,65,16.25,0.263867077772729
APT,2023-06-21 04:00:00+00:00,2023-06-21 04:00:00+00:00,2023-06-21 16:15:00+00:00,-1,7.239,7.4236632505405575,6.869673498918885,7.4236632505405575,stop,-1.0,-1.0516114120430158,49,12.25,0.18466325054055766
APT,2023-07-17 16:00:00+00:00,2023-07-17 16:00:00+00:00,2023-07-17 23:30:00+00:00,-1,7.639,7.936489670943278,7.044020658113445,7.936489670943278,stop,-1.0,-1.0340316631969502,30,7.5,0.2974896709432775
APT,2023-07-18 00:00:00+00:00,2023-07-18 00:00:00+00:00,2023-07-18 01:00:00+00:00,-1,7.817,8.009504662713539,7.431990674572923,8.009504662713539,stop,-1.0,-1.0534388512244608,4,1.0,0.19250466271353872
APT,2023-07-18 04:00:00+00:00,2023-07-18 04:00:00+00:00,2023-07-19 04:00:00+00:00,-1,7.787,8.27224623000212,6.816507539995761,7.615,tempo,0.35445921959918864,0.33382783829004115,96,24.0,0.48524623000211964
APT,2023-07-31 00:00:00+00:00,2023-07-31 00:00:00+00:00,2023-08-01 00:00:00+00:00,1,7.013,6.797807021945501,7.4433859561089974,7.031,tempo,0.08364585202887613,0.04122532287160905,96,24.0,0.21519297805449877
APT,2023-08-17 00:00:00+00:00,2023-08-17 00:00:00+00:00,2023-08-17 21:45:00+00:00,1,6.18,5.859016499128411,6.821967001743177,5.859016499128411,stop,-1.0,-1.0243793238692478,87,21.75,0.32098350087158867
APT,2023-09-07 08:00:00+00:00,2023-09-07 08:00:00+00:00,2023-09-08 08:00:00+00:00,-1,5.568,5.694268860429143,5.3154622791417125,5.616,tempo,-0.3801412306792418,-0.43771362006561293,96,24.0,0.12626886042914354
APT,2023-09-10 08:00:00+00:00,2023-09-10 08:00:00+00:00,2023-09-11 08:00:00+00:00,1,5.269,5.057373290958522,5.692253418082956,5.119,tempo,-0.7087952209784686,-0.7407014015857406,96,24.0,0.21162670904147785
APT,2023-09-13 16:00:00+00:00,2023-09-13 16:00:00+00:00,2023-09-14 16:00:00+00:00,-1,5.255,5.3749363869454,5.0151272261091995,5.202,tempo,0.44190092222911165,0.3852287965038779,96,24.0,0.11993638694540021
APT,2023-09-19 16:00:00+00:00,2023-09-19 16:00:00+00:00,2023-09-20 16:00:00+00:00,1,5.204,5.085577627861394,5.440844744277212,5.142,tempo,-0.5235497219007932,-0.580337133591288,96,24.0,0.11842237213860596
APT,2023-09-25 04:00:00+00:00,2023-09-25 04:00:00+00:00,2023-09-25 09:15:00+00:00,-1,5.393,5.65355914666763,4.87188170666474,5.65355914666763,stop,-1.0,-1.0275571344823797,21,5.25,0.2605591466676298
APT,2023-10-02 20:00:00+00:00,2023-10-02 20:00:00+00:00,2023-10-03 20:00:00+00:00,1,5.473,5.2895023684103455,5.839995263179309,5.369,tempo,-0.5667648083467887,-0.6051702086723879,96,24.0,0.18349763158965438
APT,2023-10-09 20:00:00+00:00,2023-10-09 20:00:00+00:00,2023-10-10 20:00:00+00:00,1,4.991,4.7710613506648825,5.430877298670234,4.883,tempo,-0.4910460272739135,-0.5202273467891608,96,24.0,0.2199386493351172
APT,2023-10-12 20:00:00+00:00,2023-10-12 20:00:00+00:00,2023-10-13 20:00:00+00:00,-1,4.812,4.963055032249612,4.5098899355007775,4.849,tempo,-0.24494384231343683,-0.28651577743191187,96,24.0,0.15105503224961137
APT,2023-10-16 16:00:00+00:00,2023-10-16 16:00:00+00:00,2023-10-17 16:00:00+00:00,-1,4.966,5.259699965119829,4.378600069760343,5.031,tempo,-0.22131429254164095,-0.24343908236702896,96,24.0,0.29369996511982865
APT,2023-10-17 16:00:00+00:00,2023-10-17 16:00:00+00:00,2023-10-18 16:00:00+00:00,1,5.031,4.811982987030959,5.469034025938082,4.909,tempo,-0.5570343524740022,-0.5865343438783837,96,24.0,0.21901701296904097
APT,2023-10-19 04:00:00+00:00,2023-10-19 04:00:00+00:00,2023-10-20 04:00:00+00:00,1,4.908,4.75632274005587,5.211354519888261,4.998,tempo,0.593365149351662,0.5509138286832128,96,24.0,0.1516772599441305
APT,2023-10-23 04:00:00+00:00,2023-10-23 04:00:00+00:00,2023-10-24 03:00:00+00:00,-1,6.116,6.470481599377138,5.407036801245724,6.470481599377138,stop,-1.0,-1.0230793729603185,92,23.0,0.35448159937713797
APT,2023-10-24 04:00:00+00:00,2023-10-24 04:00:00+00:00,2023-10-25 04:00:00+00:00,-1,6.205,6.726724454888637,5.161551090222726,6.364,tempo,-0.30475857228877395,-0.3204178919228208,96,24.0,0.5217244548886368
APT,2023-10-25 20:00:00+00:00,2023-10-25 20:00:00+00:00,2023-10-25 22:45:00+00:00,-1,6.68,6.872963620990405,6.294072758019189,6.872963620990405,stop,-1.0,-1.0456533014276395,11,2.75,0.19296362099040554
APT,2023-11-05 00:00:00+00:00,2023-11-05 00:00:00+00:00,2023-11-06 00:00:00+00:00,-1,6.952,7.173041661627603,6.509916676744794,6.871,tempo,0.36644675670445875,0.3257985371161656,96,24.0,0.22104166162760297
APT,2023-11-11 04:00:00+00:00,2023-11-11 04:00:00+00:00,2023-11-12 04:00:00+00:00,-1,7.381,8.293407515952053,5.556184968095895,7.593,tempo,-0.2323523165838766,-0.24301980871851117,96,24.0,0.9124075159520526
APT,2023-11-21 16:00:00+00:00,2023-11-21 16:00:00+00:00,2023-11-21 18:15:00+00:00,1,7.158,6.851840722234163,7.7703185555316745,6.851840722234163,stop,-1.0,-1.0297439833798443,9,2.25,0.30615927776583707
APT,2023-11-21 20:00:00+00:00,2023-11-21 20:00:00+00:00,2023-11-21 23:00:00+00:00,1,7.077,6.746942533520667,7.737114932958665,6.746942533520667,stop,-1.0,-1.0272242368658886,12,3.0,0.33005746647933254
APT,2023-12-04 20:00:00+00:00,2023-12-04 20:00:00+00:00,2023-12-04 23:15:00+00:00,-1,7.487,7.736140348145825,6.988719303708351,7.736140348145825,stop,-1.0,-1.0397167351652856,13,3.25,0.24914034814582475
APT,2023-12-06 04:00:00+00:00,2023-12-06 04:00:00+00:00,2023-12-07 04:00:00+00:00,-1,7.624,7.9524609022478705,6.967078195504258,7.432,tempo,0.5845444577604788,0.5547497396280456,96,24.0,0.32846090224787083
APT,2023-12-07 20:00:00+00:00,2023-12-07 20:00:00+00:00,2023-12-08 07:15:00+00:00,-1,7.851,8.30666012992425,6.9396797401515,8.30666012992425,stop,-1.0,-1.023048931417802,45,11.25,0.45566012992425
APT,2023-12-08 08:00:00+00:00,2023-12-08 08:00:00+00:00,2023-12-08 11:00:00+00:00,-1,8.135,8.399949975470804,7.605100049058391,8.399949975470804,stop,-1.0,-1.0405650820120207,12,3.0,0.26494997547080423
APT,2023-12-14 16:00:00+00:00,2023-12-14 16:00:00+00:00,2023-12-15 16:00:00+00:00,1,8.248,7.79794548879309,9.148109022413818,8.306,tempo,0.12887327769354306,0.10496484053302071,96,24.0,0.4500545112069094
APT,2024-01-03 04:00:00+00:00,2024-01-03 04:00:00+00:00,2024-01-03 12:15:00+00:00,-1,10.146,10.495544977519444,9.446910044961115,9.446910044961115,alvo,2.0,1.9635658002595207,33,8.25,0.349544977519443
APT,2024-01-05 00:00:00+00:00,2024-01-05 00:00:00+00:00,2024-01-06 00:00:00+00:00,-1,10.321,11.292079353420554,8.37884129315889,9.644,tempo,0.6971623870029957,0.6837986490609947,96,24.0,0.9710793534205546
APT,2024-01-13 20:00:00+00:00,2024-01-13 20:00:00+00:00,2024-01-14 20:00:00+00:00,-1,10.102,10.553576049958263,9.198847900083475,9.719,tempo,0.8481406399551085,0.8196102296262374,96,24.0,0.4515760499582626
APT,2024-01-23 16:00:00+00:00,2024-01-23 16:00:00+00:00,2024-01-23 21:00:00+00:00,1,7.795,7.409593287682503,8.565813424634994,8.565813424634994,alvo,2.0,1.9724069965931157,20,5.0,0.3854067123174971
APT,2024-01-29 08:00:00+00:00,2024-01-29 08:00:00+00:00,2024-01-29 17:15:00+00:00,-1,9.178,9.421653403499233,8.690693193001536,9.421653403499233,stop,-1.0,-1.049618739318421,37,9.25,0.24365340349923237
APT,2024-02-11 08:00:00+00:00,2024-02-11 08:00:00+00:00,2024-02-12 08:00:00+00:00,-1,9.163,9.318244129199057,8.852511741601887,9.007,tempo,1.0048689171361507,0.9287919662013016,96,24.0,0.1552441291990565
APT,2024-02-12 20:00:00+00:00,2024-02-12 20:00:00+00:00,2024-02-13 20:00:00+00:00,-1,9.131,9.363887067621611,8.665225864756778,9.082,tempo,0.21040240877442534,0.15956897211818816,96,24.0,0.23288706762161127
APT,2024-02-27 04:00:00+00:00,2024-02-27 04:00:00+00:00,2024-02-28 04:00:00+00:00,-1,10.135,10.50143380732074,9.402132385358518,9.994,tempo,0.3847898233816135,0.34908392032734736,96,24.0,0.3664338073207407
APT,2024-02-28 16:00:00+00:00,2024-02-28 16:00:00+00:00,2024-02-28 18:00:00+00:00,-1,11.333,12.737932360744187,8.523135278511626,12.737932360744187,stop,-1.0,-1.0111365546638815,8,2.0,1.404932360744187
APT,2024-02-28 20:00:00+00:00,2024-02-28 20:00:00+00:00,2024-02-29 20:00:00+00:00,-1,12.061,13.314775084735912,9.553449830528177,12.306,tempo,-0.1954098490094056,-0.2080425374340094,96,24.0,1.2537750847359117
APT,2024-03-17 12:00:00+00:00,2024-03-17 12:00:00+00:00,2024-03-18 12:00:00+00:00,-1,14.231,16.048617205000916,10.595765589998168,14.875,tempo,-0.3543100264610862,-0.36471865372756856,96,24.0,1.817617205000916
APT,2024-04-01 08:00:00+00:00,2024-04-01 08:00:00+00:00,2024-04-02 02:45:00+00:00,1,17.635,16.04270515013416,20.819589699731683,16.04270515013416,stop,-1.0,-1.0137477731272142,75,18.75,1.5922948498658407
APT,2024-04-02 12:00:00+00:00,2024-04-02 12:00:00+00:00,2024-04-03 00:15:00+00:00,1,15.175,14.586150677707339,16.352698644585324,14.586150677707339,stop,-1.0,-1.0328517792381788,49,12.25,0.5888493222926616
APT,2024-04-18 16:00:00+00:00,2024-04-18 16:00:00+00:00,2024-04-19 02:15:00+00:00,-1,9.495,9.849578645259275,8.785842709481448,8.785842709481448,alvo,2.0,1.9664882588953596,41,10.25,0.3545786452592754
APT,2024-04-19 04:00:00+00:00,2024-04-19 04:00:00+00:00,2024-04-20 04:00:00+00:00,1,9.053,8.484738426952388,10.189523146095226,9.535,tempo,0.8482009392523436,0.8269392517248858,96,24.0,0.5682615730476126
APT,2024-04-26 16:00:00+00:00,2024-04-26 16:00:00+00:00,2024-04-27 01:15:00+00:00,1,8.879,8.648974078791715,9.339051842416568,8.648974078791715,stop,-1.0,-1.0495299968428267,37,9.25,0.23002592120828425
APT,2024-05-17 12:00:00+00:00,2024-05-17 12:00:00+00:00,2024-05-17 16:15:00+00:00,-1,8.503,8.667354899335763,8.174290201328475,8.667354899335763,stop,-1.0,-1.0679062852989119,17,4.25,0.16435489933576264
APT,2024-05-21 16:00:00+00:00,2024-05-21 16:00:00+00:00,2024-05-22 16:00:00+00:00,-1,9.245,9.492598340531,8.749803318937998,9.234,tempo,0.04442679210372967,-0.004084639654013109,96,24.0,0.24759834053100072
APT,2024-05-23 20:00:00+00:00,2024-05-23 20:00:00+00:00,2024-05-23 20:15:00+00:00,1,8.668,8.45143328153679,9.101133436926418,8.45143328153679,stop,-1.0,-1.0513820023314862,1,0.25,0.21656671846320918
APT,2024-05-30 12:00:00+00:00,2024-05-30 12:00:00+00:00,2024-05-31 12:00:00+00:00,1,9.135,8.79569774725956,9.81360450548088,9.183,tempo,0.1414667884233564,0.10637506738751523,96,24.0,0.3393022527404401
APT,2024-06-02 20:00:00+00:00,2024-06-02 20:00:00+00:00,2024-06-03 20:00:00+00:00,1,8.955,8.761305518517247,9.342388962965506,8.997,tempo,0.21683632738777633,0.15659300031581216,96,24.0,0.19369448148275303
APT,2024-06-07 00:00:00+00:00,2024-06-07 00:00:00+00:00,2024-06-07 18:15:00+00:00,1,9.103,8.87837348182114,9.55225303635772,8.87837348182114,stop,-1.0,-1.0520325599040679,73,18.25,0.22462651817886048
APT,2024-06-20 12:00:00+00:00,2024-06-20 12:00:00+00:00,2024-06-21 12:00:00+00:00,-1,7.049,7.225163300748693,6.6966733985026154,6.929,tempo,0.681186146546989,0.6296107051163058,96,24.0,0.17616330074869246
APT,2024-07-03 12:00:00+00:00,2024-07-03 12:00:00+00:00,2024-07-03 19:15:00+00:00,1,6.752,6.627758809947569,7.000482380104862,6.627758809947569,stop,-1.0,-1.069999677424176,29,7.25,0.12424119005243117
APT,2024-07-04 16:00:00+00:00,2024-07-04 16:00:00+00:00,2024-07-04 23:45:00+00:00,1,6.211,5.976576069527467,6.679847860945067,5.976576069527467,stop,-1.0,-1.0337931559684392,31,7.75,0.2344239304725333
APT,2024-07-17 12:00:00+00:00,2024-07-17 12:00:00+00:00,2024-07-18 12:00:00+00:00,-1,7.121,7.42229502936528,6.518409941269441,7.035,tempo,0.2854345130789957,0.2548950115831229,96,24.0,0.30129502936527963
APT,2024-07-18 20:00:00+00:00,2024-07-18 20:00:00+00:00,2024-07-19 06:15:00+00:00,1,6.924,6.775636567721225,7.220726864557551,7.220726864557551,alvo,2.0,1.938030063602959,41,10.25,0.14836343227877524
APT,2024-07-23 20:00:00+00:00,2024-07-23 20:00:00+00:00,2024-07-24 20:00:00+00:00,1,7.083,6.856346971121097,7.536306057757807,6.946,tempo,-0.6044481323618094,-0.6446807736157325,96,24.0,0.22665302887890348
APT,2024-07-31 00:00:00+00:00,2024-07-31 00:00:00+00:00,2024-07-31 20:00:00+00:00,1,6.587,6.462276500225499,6.8364469995490005,6.462276500225499,stop,-1.0,-1.0680066686749654,80,20.0,0.12472349977450037
APT,2024-07-31 20:00:00+00:00,2024-07-31 20:00:00+00:00,2024-07-31 20:30:00+00:00,1,6.5,6.41164933855265,6.676701322894701,6.41164933855265,stop,-1.0,-1.0949916155982657,2,0.5,0.08835066144735038
APT,2024-08-01 20:00:00+00:00,2024-08-01 20:00:00+00:00,2024-08-02 15:15:00+00:00,1,6.205,5.988594604914322,6.637810790171356,5.988594604914322,stop,-1.0,-1.0366249486989747,77,19.25,0.2164053950856779
APT,2024-08-04 20:00:00+00:00,2024-08-04 20:00:00+00:00,2024-08-05 01:15:00+00:00,1,5.432,5.05864835011148,6.178703299777041,5.05864835011148,stop,-1.0,-1.0182640720339886,21,5.25,0.3733516498885203
APT,2024-08-05 08:00:00+00:00,2024-08-05 08:00:00+00:00,2024-08-06 08:00:00+00:00,1,4.807,4.204344154222023,6.012311691555956,5.26,tempo,0.7516727883311488,0.7408149329799694,96,24.0,0.6026558457779778
APT,2024-08-12 16:00:00+00:00,2024-08-12 16:00:00+00:00,2024-08-13 16:00:00+00:00,-1,6.544,6.923249119471877,5.785501761056245,6.538,tempo,0.015820735479503883,-0.0066006745209761485,96,24.0,0.37924911947187745
APT,2024-08-23 12:00:00+00:00,2024-08-23 12:00:00+00:00,2024-08-23 16:45:00+00:00,-1,6.78,6.970318489017481,6.399363021965038,6.970318489017481,stop,-1.0,-1.0469618430873546,19,4.75,0.19031848901748116
APT,2024-08-25 20:00:00+00:00,2024-08-25 20:00:00+00:00,2024-08-26 02:30:00+00:00,-1,7.371,7.477668092586013,7.157663814827975,7.157663814827975,alvo,2.0,1.9114671383851431,26,6.5,0.10666809258601262
APT,2024-08-28 04:00:00+00:00,2024-08-28 04:00:00+00:00,2024-08-28 08:00:00+00:00,1,6.839,6.556817810984978,7.403364378030044,6.556817810984978,stop,-1.0,-1.0308569495740807,16,4.0,0.282182189015022
APT,2024-08-28 12:00:00+00:00,2024-08-28 12:00:00+00:00,2024-08-29 12:00:00+00:00,1,6.912,6.408024743378649,7.919950513242703,6.965,tempo,0.10516389307544935,0.08726608979742656,96,24.0,0.5039752566213513
APT,2024-09-04 04:00:00+00:00,2024-09-04 04:00:00+00:00,2024-09-05 04:00:00+00:00,1,6.112,5.766070346673754,6.803859306652493,5.883,tempo,-0.6619843017159044,-0.6845228436565309,96,24.0,0.34592965332624637
APT,2024-09-07 00:00:00+00:00,2024-09-07 00:00:00+00:00,2024-09-08 00:00:00+00:00,1,5.702,5.427076807663856,6.251846384672287,5.85,tempo,0.5383321746789653,0.5110198190490368,96,24.0,0.2749231923361437
APT,2024-09-11 16:00:00+00:00,2024-09-11 16:00:00+00:00,2024-09-12 16:00:00+00:00,1,6.074,5.914643229913763,6.392713540172474,6.063,tempo,-0.0690275034694,-0.1185330876735149,96,24.0,0.15935677008623728
APT,2024-09-16 08:00:00+00:00,2024-09-16 08:00:00+00:00,2024-09-16 12:45:00+00:00,1,5.83,5.697773873418919,6.094452253162162,5.697773873418919,stop,-1.0,-1.056668475523463,19,4.75,0.1322261265810809
APT,2024-09-18 20:00:00+00:00,2024-09-18 20:00:00+00:00,2024-09-18 21:45:00+00:00,-1,5.937,6.0732881930086915,5.664423613982618,6.074,stop,-1.00522280746112,-1.062506933309807,7,1.75,0.13628819300869122
APT,2024-10-01 16:00:00+00:00,2024-10-01 16:00:00+00:00,2024-10-01 17:30:00+00:00,1,7.9808,7.466376316443484,9.009647367113033,7.466376316443484,stop,-1.0,-1.0195182782726315,6,1.5,0.5144236835565161
APT,2024-10-01 20:00:00+00:00,2024-10-01 20:00:00+00:00,2024-10-02 20:00:00+00:00,1,7.5792,7.111685448093043,8.514229103813914,7.6132,tempo,0.07272500901055666,0.051602543496445136,96,24.0,0.467514551906957
APT,2024-10-03 12:00:00+00:00,2024-10-03 12:00:00+00:00,2024-10-03 13:30:00+00:00,-1,8.3611,8.649926282045994,7.783447435908013,8.649926282045994,stop,-1.0,-1.038283105695932,6,1.5,0.2888262820459939
APT,2024-10-03 16:00:00+00:00,2024-10-03 16:00:00+00:00,2024-10-04 08:45:00+00:00,-1,8.3652,8.865583996030708,7.364432007938584,8.865583996030708,stop,-1.0,-1.0223828293595798,67,16.75,0.5003839960307079
APT,2024-10-13 08:00:00+00:00,2024-10-13 08:00:00+00:00,2024-10-14 08:00:00+00:00,-1,10.1116,10.527180723239463,9.280438553521073,10.0172,tempo,0.22715201817867745,0.19566903721167772,96,24.0,0.41558072323946327
APT,2024-10-15 04:00:00+00:00,2024-10-15 04:00:00+00:00,2024-10-15 09:45:00+00:00,-1,10.2756,10.673537449841454,9.479725100317093,10.673537449841454,stop,-1.0,-1.034218793299857,23,5.75,0.3979374498414536
APT,2024-10-15 12:00:00+00:00,2024-10-15 12:00:00+00:00,2024-10-16 12:00:00+00:00,-1,10.096,10.80505487411669,8.67789025176662,10.0,tempo,0.135391495784572,0.11696922625815125,96,24.0,0.7090548741166902
APT,2024-10-23 20:00:00+00:00,2024-10-23 20:00:00+00:00,2024-10-24 13:30:00+00:00,1,9.8252,9.547930047516289,10.379739904967424,10.379739904967424,alvo,2.0,1.9526338471926548,70,17.5,0.2772699524837119
APT,2024-10-28 08:00:00+00:00,2024-10-28 08:00:00+00:00,2024-10-29 08:00:00+00:00,1,9.1013,8.635672234794747,10.032555530410507,9.6315,tempo,1.1386778014972607,1.1125274708900803,96,24.0,0.4656277652052534
APT,2024-10-31 16:00:00+00:00,2024-10-31 16:00:00+00:00,2024-10-31 18:15:00+00:00,1,9.4677,9.141476455605144,10.120147088789714,9.141476455605144,stop,-1.0,-1.0370787605737695,9,2.25,0.3262235443948569
APT,2024-11-05 20:00:00+00:00,2024-11-05 20:00:00+00:00,2024-11-06 01:00:00+00:00,-1,8.3441,8.70512769886056,7.622044602278878,8.70512769886056,stop,-1.0,-1.0306957001893076,20,5.0,0.3610276988605605
APT,2024-11-08 04:00:00+00:00,2024-11-08 04:00:00+00:00,2024-11-09 04:00:00+00:00,-1,9.5532,10.216431614436356,8.226736771127289,9.5748,tempo,-0.03256780818320317,-0.051314200437990815,96,24.0,0.6632316144363557
APT,2024-11-10 12:00:00+00:00,2024-11-10 12:00:00+00:00,2024-11-10 21:00:00+00:00,-1,11.3078,11.63777725421949,10.647845491561021,10.647845491561021,alvo,2.0,1.9567510506041668,36,9.0,0.3299772542194894
APT,2024-11-14 16:00:00+00:00,2024-11-14 16:00:00+00:00,2024-11-15 16:00:00+00:00,1,11.5283,10.9149957452922,12.754908509415598,11.5039,tempo,-0.039784494910482956,-0.06419477722155661,96,24.0,0.6133042547077991
APT,2024-12-03 08:00:00+00:00,2024-12-03 08:00:00+00:00,2024-12-03 13:15:00+00:00,-1,14.193,14.59595451338731,13.387090973225378,14.59595451338731,stop,-1.0,-1.0464390391768994,21,5.25,0.4029545133873107
APT,2024-12-17 08:00:00+00:00,2024-12-17 08:00:00+00:00,2024-12-17 15:30:00+00:00,-1,14.1017,14.516779655630131,13.271540688739735,13.271540688739735,alvo,2.0,1.957134477186867,30,7.5,0.41507965563013194
APT,2024-12-19 04:00:00+00:00,2024-12-19 04:00:00+00:00,2024-12-20 04:00:00+00:00,1,12.0551,11.09374719681437,13.977805606371259,11.7295,tempo,-0.3386893957359469,-0.3547708904263148,96,24.0,0.9613528031856298
APT,2025-01-04 16:00:00+00:00,2025-01-04 16:00:00+00:00,2025-01-04 23:30:00+00:00,-1,9.7196,10.05051386161595,9.057772276768098,10.05051386161595,stop,-1.0,-1.0388335923653884,30,7.5,0.3309138616159508
APT,2025-01-07 16:00:00+00:00,2025-01-07 16:00:00+00:00,2025-01-08 16:00:00+00:00,-1,9.9765,10.747907140032597,8.433685719934806,9.0954,tempo,1.142198398582061,1.1261281104596614,96,24.0,0.771407140032597
APT,2025-01-09 16:00:00+00:00,2025-01-09 16:00:00+00:00,2025-01-10 16:00:00+00:00,1,8.8554,8.416457822709575,9.73328435458085,9.0191,tempo,0.372942060411043,0.34647291344567244,96,24.0,0.43894217729042495
APT,2025-01-13 16:00:00+00:00,2025-01-13 16:00:00+00:00,2025-01-14 16:00:00+00:00,1,8.2545,7.720885580480548,9.321728839038904,8.7176,tempo,0.867855108595163,0.8471812575962812,96,24.0,0.5336144195194521
APT,2025-01-18 04:00:00+00:00,2025-01-18 04:00:00+00:00,2025-01-19 04:00:00+00:00,-1,9.4902,9.940306555798863,8.589986888402274,9.3471,tempo,0.3179247183947859,0.2907217264759756,96,24.0,0.45010655579886283
APT,2025-02-12 16:00:00+00:00,2025-02-12 16:00:00+00:00,2025-02-13 16:00:00+00:00,1,5.909,5.674872240683057,6.377255518633885,6.0597,tempo,0.6436656654454862,0.6104374185144226,96,24.0,0.23412775931694263
APT,2025-03-04 16:00:00+00:00,2025-03-04 16:00:00+00:00,2025-03-04 16:30:00+00:00,1,5.3539,5.165776934620648,5.730146130758706,5.165776934620648,stop,-1.0,-1.0363474303042794,2,0.5,0.18812306537935264
APT,2025-03-21 04:00:00+00:00,2025-03-21 04:00:00+00:00,2025-03-21 20:45:00+00:00,-1,5.5589,5.715652683666459,5.245394632667083,5.715652683666459,stop,-1.0,-1.046751730643265,67,16.75,0.15675268366645856
APT,2025-03-24 08:00:00+00:00,2025-03-24 08:00:00+00:00,2025-03-24 22:00:00+00:00,-1,5.7838,5.962863009214809,5.425673981570383,5.962863009214809,stop,-1.0,-1.0426404704660697,56,14.0,0.17906300921480867
APT,2025-03-27 08:00:00+00:00,2025-03-27 08:00:00+00:00,2025-03-28 04:45:00+00:00,-1,5.9935,6.109187713124259,5.762124573751483,5.762124573751483,alvo,2.0,1.9339501510870805,83,20.75,0.11568771312425863
ARB,2023-04-14 16:00:00+00:00,2023-04-14 16:00:00+00:00,2023-04-14 17:45:00+00:00,-1,1.4695,1.6177305080712827,1.1730389838574347,1.6177305080712827,stop,-1.0,-1.0135376978488215,7,1.75,0.14823050807128269
ARB,2023-04-15 00:00:00+00:00,2023-04-15 00:00:00+00:00,2023-04-16 00:00:00+00:00,-1,1.6984,1.7765200447309617,1.5421599105380763,1.6548,tempo,0.5581153998330931,0.5302150061824459,96,24.0,0.07812004473096179
ARB,2023-05-06 04:00:00+00:00,2023-05-06 04:00:00+00:00,2023-05-07 04:00:00+00:00,-1,1.3154,1.3746591521454132,1.1968816957091732,1.2281,tempo,1.4731901628592061,1.4452910968053567,96,24.0,0.05925915214541333
ARB,2023-06-01 04:00:00+00:00,2023-06-01 04:00:00+00:00,2023-06-02 04:00:00+00:00,1,1.1473,1.1203721421381407,1.2011557157237185,1.1729,tempo,0.9506883217866369,0.8946820101172589,96,24.0,0.02692785786185925
ARB,2023-06-05 20:00:00+00:00,2023-06-05 20:00:00+00:00,2023-06-06 20:00:00+00:00,1,1.124,1.0314774286050834,1.3090451427898335,1.1941,tempo,0.7576529590902745,0.7413675816166132,96,24.0,0.09252257139491671
ARB,2023-06-10 20:00:00+00:00,2023-06-10 20:00:00+00:00,2023-06-11 20:00:00+00:00,1,0.9851,0.9084601823897951,1.1383796352204096,0.9999,tempo,0.1931111067522864,0.17627586313829066,96,24.0,0.07663981761020489
ARB,2023-06-15 08:00:00+00:00,2023-06-15 08:00:00+00:00,2023-06-16 08:00:00+00:00,1,0.9193,0.8989198292559177,0.9600603414881645,0.9542,tempo,1.712448852281272,1.6526959181527097,96,24.0,0.02038017074408227
ARB,2023-06-20 16:00:00+00:00,2023-06-20 16:00:00+00:00,2023-06-20 19:00:00+00:00,1,1.0054,0.9765387865359583,1.0631224269280837,1.0631224269280837,alvo,2.0,1.9534136158488826,12,3.0,0.0288612134640418
ARB,2023-06-27 20:00:00+00:00,2023-06-27 20:00:00+00:00,2023-06-28 12:30:00+00:00,-1,1.2152,1.2551251253549112,1.1353497492901778,1.1353497492901778,alvo,2.0,1.9617319338773052,66,16.5,0.039925125354911106
ARB,2023-07-07 04:00:00+00:00,2023-07-07 04:00:00+00:00,2023-07-08 04:00:00+00:00,1,1.0866,1.0481524464212488,1.1634951071575024,1.1274,tempo,1.0611858545545767,1.0237556446700302,96,24.0,0.03844755357875118
ARB,2023-07-14 04:00:00+00:00,2023-07-14 04:00:00+00:00,2023-07-14 15:15:00+00:00,-1,1.2326,1.2614596625585124,1.174880674882975,1.2614596625585124,stop,-1.0,-1.056173171719392,45,11.25,0.028859662558512467
ARB,2023-07-20 16:00:00+00:00,2023-07-20 16:00:00+00:00,2023-07-21 16:00:00+00:00,-1,1.2632,1.3209951524840469,1.1476096950319066,1.2493,tempo,0.2405045994789416,0.2122474718513124,96,24.0,0.05779515248404676
ARB,2023-07-24 16:00:00+00:00,2023-07-24 16:00:00+00:00,2023-07-25 14:00:00+00:00,1,1.1785,1.156479840218449,1.2225403195631022,1.156479840218449,stop,-1.0,-1.0689248811633776,88,22.0,0.02202015978155103
ARB,2023-07-31 00:00:00+00:00,2023-07-31 00:00:00+00:00,2023-08-01 00:00:00+00:00,1,1.1577,1.1277575335491339,1.217584932901732,1.1689,tempo,0.37405068210992837,0.32354415478421245,96,24.0,0.029942466450866068
ARB,2023-08-01 16:00:00+00:00,2023-08-01 16:00:00+00:00,2023-08-02 16:00:00+00:00,1,1.1408,1.1149954035082768,1.1924091929834466,1.1404,tempo,-0.015501114312260384,-0.07296297001210035,96,24.0,0.025804596491723286
ARB,2023-08-03 08:00:00+00:00,2023-08-03 08:00:00+00:00,2023-08-04 08:00:00+00:00,1,1.126,1.1137492437320893,1.1505015125358211,1.1446,tempo,1.5182736145621183,1.397800235798889,96,24.0,0.012250756267910612
ARB,2023-08-07 20:00:00+00:00,2023-08-07 20:00:00+00:00,2023-08-08 20:00:00+00:00,1,1.132,1.103863796018335,1.1882724079633296,1.1638,tempo,1.1302164293634904,1.0771790686387654,96,24.0,0.02813620398166483
ARB,2023-08-09 20:00:00+00:00,2023-08-09 20:00:00+00:00,2023-08-10 20:00:00+00:00,-1,1.1761,1.1999033119120013,1.1284933761759972,1.1617,tempo,0.6049578333147688,0.5411192378446212,96,24.0,0.023803311912001357
ARB,2023-08-14 04:00:00+00:00,2023-08-14 04:00:00+00:00,2023-08-15 04:00:00+00:00,1,1.1417,1.128020849377975,1.1690583012440496,1.1409,tempo,-0.058483163326809855,-0.16694676907226494,96,24.0,0.01367915062202485
ARB,2023-08-15 16:00:00+00:00,2023-08-15 16:00:00+00:00,2023-08-15 19:15:00+00:00,-1,1.151,1.1696802215984428,1.1136395568031145,1.1136395568031145,alvo,2.0,1.9211992371629714,13,3.25,0.018680221598442737
ARB,2023-08-22 20:00:00+00:00,2023-08-22 20:00:00+00:00,2023-08-22 21:30:00+00:00,1,0.9596,0.9417032997516926,0.9953934004966147,0.9417032997516926,stop,-1.0,-1.0690544696894884,6,1.5,0.017896700248307362
ARB,2023-08-31 20:00:00+00:00,2023-08-31 20:00:00+00:00,2023-09-01 17:15:00+00:00,1,0.9202,0.893926428443121,0.9727471431137581,0.893926428443121,stop,-1.0,-1.0448809243895618,85,21.25,0.02627357155687904
ARB,2023-09-06 20:00:00+00:00,2023-09-06 20:00:00+00:00,2023-09-07 20:00:00+00:00,1,0.8952,0.87123027976234,0.94313944047532,0.906,tempo,0.45056846274874895,0.40172433822865833,96,24.0,0.023969720237659975
ARB,2023-09-08 00:00:00+00:00,2023-09-08 00:00:00+00:00,2023-09-08 10:15:00+00:00,-1,0.9125,0.923795731630702,0.8899085367385958,0.8899085367385958,alvo,2.0,1.8962824554280535,41,10.25,0.011295731630702077
ARB,2023-09-10 16:00:00+00:00,2023-09-10 16:00:00+00:00,2023-09-10 16:30:00+00:00,1,0.8513,0.8377509432187279,0.878398113562544,0.8377509432187279,stop,-1.0,-1.081030224525275,2,0.5,0.01354905678127205
ARB,2023-09-11 04:00:00+00:00,2023-09-11 04:00:00+00:00,2023-09-11 08:15:00+00:00,1,0.8355,0.8164886568947559,0.8735226862104882,0.8164886568947559,stop,-1.0,-1.056481681543341,17,4.25,0.019011343105244105
ARB,2023-09-11 16:00:00+00:00,2023-09-11 16:00:00+00:00,2023-09-11 19:00:00+00:00,1,0.7744,0.7505328137231246,0.8221343725537507,0.7505328137231246,stop,-1.0,-1.0415300872679911,12,3.0,0.02386718627687534
ARB,2023-09-30 04:00:00+00:00,2023-09-30 04:00:00+00:00,2023-09-30 15:15:00+00:00,-1,0.8985,0.9211125382905697,0.8532749234188605,0.9211125382905697,stop,-1.0,-1.052304970573875,45,11.25,0.02261253829056975
ARB,2023-10-02 16:00:00+00:00,2023-10-02 16:00:00+00:00,2023-10-03 16:00:00+00:00,-1,0.951,0.9954105973154003,0.8621788053691993,0.9049,tempo,1.0380405305652975,1.010877306629517,96,24.0,0.04441059731540031
ARB,2023-10-09 20:00:00+00:00,2023-10-09 20:00:00+00:00,2023-10-10 20:00:00+00:00,1,0.818,0.7782073886582814,0.897585222683437,0.8222,tempo,0.10554723247320083,0.07875507272161723,96,24.0,0.03979261134171852
ARB,2023-10-16 16:00:00+00:00,2023-10-16 16:00:00+00:00,2023-10-17 16:00:00+00:00,-1,0.8058,0.8513157290665766,0.7147685418668467,0.7915,tempo,0.314177105217476,0.2913664193009362,96,24.0,0.04551572906657664
ARB,2023-10-20 12:00:00+00:00,2023-10-20 12:00:00+00:00,2023-10-21 06:30:00+00:00,-1,0.7956,0.814495958372857,0.7578080832542858,0.814495958372857,stop,-1.0,-1.0553855143143034,74,18.5,0.01889595837285707
ARB,2023-10-26 12:00:00+00:00,2023-10-26 12:00:00+00:00,2023-10-27 12:00:00+00:00,-1,0.9597,1.0092975208953352,0.8605049582093296,0.9132,tempo,0.9375468604192564,0.9130015811790091,96,24.0,0.0495975208953352
ARB,2023-10-27 20:00:00+00:00,2023-10-27 20:00:00+00:00,2023-10-28 20:00:00+00:00,1,0.9055,0.8708393353596632,0.9748213292806736,0.9198,tempo,0.4125714307093284,0.37834112923324936,96,24.0,0.03466066464033679
ARB,2023-11-09 20:00:00+00:00,2023-11-09 20:00:00+00:00,2023-11-10 20:00:00+00:00,1,1.1066,0.9052838635449273,1.5092322729101455,1.1682,tempo,0.3059864007163033,0.298641634290538,96,24.0,0.20131613645507274
ARB,2023-11-21 20:00:00+00:00,2023-11-21 20:00:00+00:00,2023-11-21 23:00:00+00:00,1,0.9985,0.9575773427122273,1.0803453145755455,0.9575773427122273,stop,-1.0,-1.0310695921777993,12,3.0,0.04092265728777278
ARB,2023-11-24 20:00:00+00:00,2023-11-24 20:00:00+00:00,2023-11-25 20:00:00+00:00,-1,1.0534,1.0860119560895636,0.9881760878208725,1.0615,tempo,-0.2483751657752397,-0.29052795772137874,96,24.0,0.03261195608956369
ARB,2023-12-03 04:00:00+00:00,2023-12-03 04:00:00+00:00,2023-12-04 04:00:00+00:00,-1,1.1025,1.1317306501656148,1.0440386996687705,1.111,tempo,-0.2907906581564462,-0.34001210864927484,96,24.0,0.02923065016561477
ARB,2023-12-07 12:00:00+00:00,2023-12-07 12:00:00+00:00,2023-12-07 15:30:00+00:00,1,1.0499,1.0279615180363157,1.0937769639273687,1.0937769639273687,alvo,2.0,1.936486488497275,14,3.5,0.02193848196368431
ARB,2023-12-09 12:00:00+00:00,2023-12-09 12:00:00+00:00,2023-12-10 12:00:00+00:00,-1,1.1913,1.2544950708632066,1.064909858273587,1.1302,tempo,0.9668475589220933,0.9429695099004163,96,24.0,0.06319507086320653
ARB,2023-12-12 04:00:00+00:00,2023-12-12 04:00:00+00:00,2023-12-12 13:15:00+00:00,-1,1.1475,1.1840293500838468,1.0744412998323063,1.1840293500838468,stop,-1.0,-1.0414870254761157,37,9.25,0.036529350083846834
ARB,2023-12-12 16:00:00+00:00,2023-12-12 16:00:00+00:00,2023-12-12 21:30:00+00:00,-1,1.1479,1.1959442660425954,1.051811467914809,1.1959442660425954,stop,-1.0,-1.0317103142251558,22,5.5,0.048044266042595485
ARB,2023-12-14 16:00:00+00:00,2023-12-14 16:00:00+00:00,2023-12-15 16:00:00+00:00,1,1.1689,1.091055509030472,1.324588981939056,1.1277,tempo,-0.5292603174208921,-0.5484368831792108,96,24.0,0.07784449096952795
ARB,2023-12-22 04:00:00+00:00,2023-12-22 04:00:00+00:00,2023-12-22 06:45:00+00:00,-1,1.1514,1.1888045119124198,1.0765909761751604,1.1888045119124198,stop,-1.0,-1.0406670974962782,11,2.75,0.03740451191241978
ARB,2023-12-22 16:00:00+00:00,2023-12-22 16:00:00+00:00,2023-12-22 21:45:00+00:00,-1,1.3493,1.4059842442251387,1.2359315115497225,1.4059842442251387,stop,-1.0,-1.0315949305354253,23,5.75,0.056684244225138736
ARB,2023-12-31 16:00:00+00:00,2023-12-31 16:00:00+00:00,2024-01-01 16:00:00+00:00,-1,1.5854,1.68502703833452,1.3861459233309597,1.5817,tempo,0.037138512414433465,0.01647529654036785,96,24.0,0.09962703833452013
ARB,2024-01-03 08:00:00+00:00,2024-01-03 08:00:00+00:00,2024-01-03 10:45:00+00:00,-1,1.9069,2.0095893049482476,1.701521390103505,2.0095893049482476,stop,-1.0,-1.0247904886443562,11,2.75,0.10268930494824757
ARB,2024-01-03 12:00:00+00:00,2024-01-03 12:00:00+00:00,2024-01-03 12:15:00+00:00,-1,1.8697,2.046363197329938,1.5163736053401236,1.5163736053401236,alvo,2.0,1.9875415600038044,1,0.25,0.17666319732993818
ARB,2024-01-03 16:00:00+00:00,2024-01-03 16:00:00+00:00,2024-01-04 16:00:00+00:00,1,1.8824,1.3732880810354966,2.900623837929007,2.0509,tempo,0.33096848398818984,0.32594670998376263,96,24.0,0.5091119189645035
ARB,2024-01-04 20:00:00+00:00,2024-01-04 20:00:00+00:00,2024-01-05 02:00:00+00:00,-1,2.0729,2.1588763483091893,1.900947303381622,1.900947303381622,alvo,2.0,1.9699568451324656,24,6.0,0.0859763483091891
ARB,2024-01-12 16:00:00+00:00,2024-01-12 16:00:00+00:00,2024-01-13 16:00:00+00:00,-1,2.2954,2.4422677420332812,2.001664515933437,2.1442,tempo,1.0294976821100492,1.0098491196684338,96,24.0,0.14686774203328135
ARB,2024-01-19 20:00:00+00:00,2024-01-19 20:00:00+00:00,2024-01-20 20:00:00+00:00,1,1.8357,1.704281487571395,2.0985370248572104,1.7907,tempo,-0.34241751156974176,-0.3603537973824469,96,24.0,0.13141851242860514
ARB,2024-01-22 16:00:00+00:00,2024-01-22 16:00:00+00:00,2024-01-22 19:45:00+00:00,1,1.7124,1.6538491438275122,1.8295017123449753,1.6538491438275122,stop,-1.0,-1.0373702809236807,15,3.75,0.058550856172487675
ARB,2024-01-23 16:00:00+00:00,2024-01-23 16:00:00+00:00,2024-01-24 16:00:00+00:00,1,1.6273,1.5241165620661656,1.8336668758676686,1.7176,tempo,0.8751404470347683,0.8540693813333698,96,24.0,0.10318343793383433
ARB,2024-01-29 16:00:00+00:00,2024-01-29 16:00:00+00:00,2024-01-30 16:00:00+00:00,1,1.8131,1.7586015431659054,1.922096913668189,1.8914,tempo,1.4367379288988453,1.392554567756524,96,24.0,0.05449845683409449
ARB,2024-01-31 16:00:00+00:00,2024-01-31 16:00:00+00:00,2024-01-31 21:30:00+00:00,1,1.8155,1.7527469018448252,1.9410061963103493,1.7527469018448252,stop,-1.0,-1.0369600952683462,22,5.5,0.06275309815517471
ARB,2024-02-06 04:00:00+00:00,2024-02-06 04:00:00+00:00,2024-02-06 08:00:00+00:00,-1,1.7758,1.8126218340150393,1.7021563319699216,1.8126218340150393,stop,-1.0,-1.063344867372905,16,4.0,0.036821834015039245
ARB,2024-02-09 16:00:00+00:00,2024-02-09 16:00:00+00:00,2024-02-09 20:45:00+00:00,-1,1.9302,1.9763754645980736,1.8378490708038526,1.9763754645980736,stop,-1.0,-1.0549918462995753,19,4.75,0.046175464598073646
ARB,2024-02-13 04:00:00+00:00,2024-02-13 04:00:00+00:00,2024-02-14 04:00:00+00:00,-1,2.0534,2.1249388635983584,1.910322272803283,2.0327,tempo,0.2893532124890323,0.25222702867219926,96,24.0,0.07153886359835848
ARB,2024-02-14 16:00:00+00:00,2024-02-14 16:00:00+00:00,2024-02-15 00:30:00+00:00,-1,2.0915,2.1410856985250977,1.9923286029498044,2.1410856985250977,stop,-1.0,-1.0554833507618897,34,8.5,0.049585698525097754
ARB,2024-02-20 20:00:00+00:00,2024-02-20 20:00:00+00:00,2024-02-21 07:15:00+00:00,1,1.9687,1.8801118260046963,2.1458763479906073,1.8801118260046963,stop,-1.0,-1.0282399735097336,45,11.25,0.08858817399530361
ARB,2024-02-21 16:00:00+00:00,2024-02-21 16:00:00+00:00,2024-02-21 18:30:00+00:00,1,1.845,1.8062009011947024,1.922598197610595,1.8062009011947024,stop,-1.0,-1.0611684461457778,10,2.5,0.03879909880529753
ARB,2024-03-12 20:00:00+00:00,2024-03-12 20:00:00+00:00,2024-03-13 20:00:00+00:00,1,2.0249,1.881479003640855,2.3117419927182903,2.1158,tempo,0.633798413813654,0.6150322981937328,96,24.0,0.14342099635914507
ARB,2024-03-15 12:00:00+00:00,2024-03-15 12:00:00+00:00,2024-03-16 12:00:00+00:00,1,1.877,1.7605222040064352,2.10995559198713,1.8914,tempo,0.12362871289902795,0.10259929712835755,96,24.0,0.11647779599356478
ARB,2024-03-19 12:00:00+00:00,2024-03-19 12:00:00+00:00,2024-03-20 12:00:00+00:00,1,1.5575,1.4200818583712163,1.8323362832575678,1.7098,tempo,1.1082961695946763,1.0928415507588531,96,24.0,0.13741814162878385
ARB,2024-04-01 20:00:00+00:00,2024-04-01 20:00:00+00:00,2024-04-02 02:45:00+00:00,1,1.5701,1.5212182476611074,1.6678635046777854,1.5212182476611074,stop,-1.0,-1.0411064817613132,27,6.75,0.04888175233889269
ARB,2024-04-02 12:00:00+00:00,2024-04-02 12:00:00+00:00,2024-04-03 00:45:00+00:00,1,1.457,1.4186730676718864,1.5336538646562274,1.4186730676718864,stop,-1.0,-1.0487695565610304,51,12.75,0.03832693232811368
ARB,2024-04-05 16:00:00+00:00,2024-04-05 16:00:00+00:00,2024-04-06 16:00:00+00:00,1,1.4388,1.3716573657419984,1.5730852685160035,1.4771,tempo,0.5704274254839146,0.5421989381606885,96,24.0,0.06714263425800171
ARB,2024-04-14 00:00:00+00:00,2024-04-14 00:00:00+00:00,2024-04-15 00:00:00+00:00,1,1.0309,0.817784874884594,1.4571302502308119,1.179,tempo,0.6949295594097373,0.6881893761438985,96,24.0,0.21311512511540598
ARB,2024-04-19 04:00:00+00:00,2024-04-19 04:00:00+00:00,2024-04-20 04:00:00+00:00,1,1.0942,1.029894927388428,1.2228101452231444,1.1255,tempo,0.48674231641202176,0.4643054394845186,96,24.0,0.06430507261157214
ARB,2024-04-25 00:00:00+00:00,2024-04-25 00:00:00+00:00,2024-04-25 04:15:00+00:00,1,1.115,1.0897397587412088,1.1655204825175824,1.0897397587412088,stop,-1.0,-1.056732666505433,17,4.25,0.025260241258791227
ARB,2024-04-25 16:00:00+00:00,2024-04-25 16:00:00+00:00,2024-04-26 13:15:00+00:00,1,1.102,1.056119034037163,1.1937619319256745,1.056119034037163,stop,-1.0,-1.0305742772124802,85,21.25,0.045880965962837195
ARB,2024-04-27 04:00:00+00:00,2024-04-27 04:00:00+00:00,2024-04-28 04:00:00+00:00,1,1.0525,0.964877822451615,1.22774435509677,1.1549,tempo,1.1686539054961829,1.1522789415299233,96,24.0,0.08762217754838497
ARB,2024-04-30 00:00:00+00:00,2024-04-30 00:00:00+00:00,2024-04-30 08:45:00+00:00,1,1.0571,1.0254341062769086,1.1204317874461827,1.0254341062769086,stop,-1.0,-1.042747796127822,35,8.75,0.031665893723091365
ARB,2024-04-30 20:00:00+00:00,2024-04-30 20:00:00+00:00,2024-04-30 22:45:00+00:00,1,0.9795,0.9561051152579285,1.026289769484143,1.026289769484143,alvo,2.0,1.944271435207368,11,2.75,0.02339488474207152
ARB,2024-05-08 04:00:00+00:00,2024-05-08 04:00:00+00:00,2024-05-09 04:00:00+00:00,1,1.0285,1.0039535868757208,1.0775928262485583,1.0307,tempo,0.08962612944145107,0.03509759228927175,96,24.0,0.024546413124279187
ARB,2024-05-17 20:00:00+00:00,2024-05-17 20:00:00+00:00,2024-05-18 20:00:00+00:00,-1,1.0365,1.0804467867564294,0.9486064264871412,1.0153,tempo,0.48240159439867,0.45205421070047763,96,24.0,0.04394678675642938
ARB,2024-05-20 04:00:00+00:00,2024-05-20 04:00:00+00:00,2024-05-20 19:30:00+00:00,1,0.9685,0.9420227217255436,1.021454556548913,1.021454556548913,alvo,2.000000000000004,1.951147906958226,62,15.5,0.02647727827445645
ARB,2024-05-21 16:00:00+00:00,2024-05-21 16:00:00+00:00,2024-05-22 16:00:00+00:00,-1,1.1937,1.2485679507941854,1.0839640984116292,1.1476,tempo,0.8401990475810783,0.8124625460720539,96,24.0,0.05486795079418538
ARB,2024-05-26 12:00:00+00:00,2024-05-26 12:00:00+00:00,2024-05-26 15:45:00+00:00,-1,1.2104,1.2297362403381062,1.1717275193237873,1.2297362403381062,stop,-1.0,-1.0820267295237342,15,3.75,0.019336240338106325
ARB,2024-06-02 20:00:00+00:00,2024-06-02 20:00:00+00:00,2024-06-03 20:00:00+00:00,1,1.1093,1.0861818776870766,1.1555362446258466,1.1153,tempo,0.25953664916142133,0.1969887492746008,96,24.0,0.023118122312923317
ARB,2024-06-07 00:00:00+00:00,2024-06-07 00:00:00+00:00,2024-06-07 18:00:00+00:00,1,1.089,1.0705115987454772,1.1259768025090455,1.0705115987454772,stop,-1.0,-1.075922332053518,72,18.0,0.01848840125452278
ARB,2024-06-11 04:00:00+00:00,2024-06-11 04:00:00+00:00,2024-06-12 04:00:00+00:00,1,0.9489,0.9067993545687186,1.0331012908625627,0.9402,tempo,-0.20664766325733608,-0.23581384319166182,96,24.0,0.042100645431281336
ARB,2024-06-12 20:00:00+00:00,2024-06-12 20:00:00+00:00,2024-06-13 20:00:00+00:00,-1,0.9575,1.0063827823745282,0.8597344352509437,0.9479,tempo,0.1963881664191526,0.1710518426700085,96,24.0,0.048882782374528144
ARB,2024-06-24 12:00:00+00:00,2024-06-24 12:00:00+00:00,2024-06-25 12:00:00+00:00,1,0.7735,0.729554772744497,0.8613904545110059,0.8311,tempo,1.3107225425210902,1.286988679593589,96,24.0,0.04394522725550298
ARB,2024-07-03 12:00:00+00:00,2024-07-03 12:00:00+00:00,2024-07-03 21:00:00+00:00,1,0.7697,0.7504532342707619,0.8081935314584763,0.7504532342707619,stop,-1.0,-1.051338475054796,36,9.0,0.019246765729238113
ARB,2024-07-04 12:00:00+00:00,2024-07-04 12:00:00+00:00,2024-07-04 13:15:00+00:00,1,0.721,0.7059513800589615,0.7510972398820769,0.7059513800589615,stop,-1.0,-1.0616347811741147,5,1.25,0.015048619941038455
ARB,2024-07-04 16:00:00+00:00,2024-07-04 16:00:00+00:00,2024-07-04 23:30:00+00:00,1,0.7179,0.6929101992884216,0.7678796014231568,0.6929101992884216,stop,-1.0,-1.0366960361197515,30,7.5,0.024989800711578414
ARB,2024-07-20 12:00:00+00:00,2024-07-20 12:00:00+00:00,2024-07-21 12:00:00+00:00,-1,0.7712,0.7988458904719071,0.7159082190561857,0.7773,tempo,-0.2206476223364416,-0.2570553843154887,96,24.0,0.02764589047190713
ARB,2024-07-31 00:00:00+00:00,2024-07-31 00:00:00+00:00,2024-07-31 20:00:00+00:00,1,0.6776,0.6606106009554703,0.7115787980890593,0.6606106009554703,stop,-1.0,-1.0511988027558357,80,20.0,0.016989399044529674
ARB,2024-08-04 20:00:00+00:00,2024-08-04 20:00:00+00:00,2024-08-05 00:45:00+00:00,1,0.5855,0.5454382118698313,0.6656235762603374,0.5454382118698313,stop,-1.0,-1.018349401562578,19,4.75,0.040061788130168696
ARB,2024-08-05 12:00:00+00:00,2024-08-05 12:00:00+00:00,2024-08-06 00:30:00+00:00,1,0.4463,0.4180197382763077,0.5028605234473846,0.5028605234473846,alvo,2.0000000000000018,1.9781842775619052,50,12.5,0.0282802617236923
ARB,2024-08-14 16:00:00+00:00,2024-08-14 16:00:00+00:00,2024-08-15 16:00:00+00:00,1,0.5711,0.5496094389608045,0.6140811220783912,0.5653,tempo,-0.26988592756706997,-0.3042572964044305,96,24.0,0.021490561039195555
ARB,2024-08-22 00:00:00+00:00,2024-08-22 00:00:00+00:00,2024-08-22 07:00:00+00:00,-1,0.5527,0.5620586809030685,0.5339826381938628,0.5620586809030685,stop,-1.0,-1.0774247086840423,28,7.0,0.009358680903068572
ARB,2024-09-09 00:00:00+00:00,2024-09-09 00:00:00+00:00,2024-09-09 08:45:00+00:00,-1,0.5084,0.5183356988748105,0.488528602250379,0.5183356988748105,stop,-1.0,-1.0671697293444147,35,8.75,0.009935698874810495
ARB,2024-09-10 20:00:00+00:00,2024-09-10 20:00:00+00:00,2024-09-11 06:15:00+00:00,-1,0.5319,0.5433997512321768,0.5089004975356466,0.5089004975356466,alvo,2.0,1.9411708732006965,41,10.25,0.011499751232176725
ARB,2024-09-11 16:00:00+00:00,2024-09-11 16:00:00+00:00,2024-09-12 16:00:00+00:00,1,0.5123,0.4975179668939173,0.5418640662121653,0.5115,tempo,-0.05411975431653108,-0.0991385954478072,96,24.0,0.01478203310608267
ARB,2024-09-19 20:00:00+00:00,2024-09-19 20:00:00+00:00,2024-09-20 05:15:00+00:00,-1,0.5626,0.585166686879039,0.5174666262419219,0.585166686879039,stop,-1.0,-1.033059719863634,37,9.25,0.022566686879039066
ARB,2024-09-26 20:00:00+00:00,2024-09-26 20:00:00+00:00,2024-09-27 11:30:00+00:00,-1,0.6298,0.6488325567133836,0.5917348865732329,0.6488325567133836,stop,-1.0,-1.0436678673485453,62,15.5,0.019032556713383553
ARB,2024-10-03 16:00:00+00:00,2024-10-03 16:00:00+00:00,2024-10-04 16:00:00+00:00,1,0.5262,0.5094558480951478,0.5596883038097045,0.5596883038097045,alvo,2.0,1.9578463333653962,96,24.0,0.016744151904852234
ARB,2024-10-09 16:00:00+00:00,2024-10-09 16:00:00+00:00,2024-10-09 18:45:00+00:00,1,0.5409,0.5262790958190434,0.5701418083619133,0.5262790958190434,stop,-1.0,-1.047443468864659,11,2.75,0.014620904180956629
ARB,2024-10-10 20:00:00+00:00,2024-10-10 20:00:00+00:00,2024-10-11 20:00:00+00:00,1,0.5164,0.5027503103621153,0.5436993792757694,0.5395,tempo,1.6923461714386505,1.6420640757860814,96,24.0,0.01364968963788471
ARB,2024-10-15 12:00:00+00:00,2024-10-15 12:00:00+00:00,2024-10-15 14:00:00+00:00,-1,0.5541,0.5794616036904826,0.5033767926190349,0.5794616036904826,stop,-1.0,-1.0290523837290035,8,2.0,0.02536160369048257
ARB,2024-10-15 16:00:00+00:00,2024-10-15 16:00:00+00:00,2024-10-16 16:00:00+00:00,-1,0.5583,0.5890012107716543,0.49689757845669136,0.565,tempo,-0.21823243551638272,-0.24201472232684704,96,24.0,0.03070121077165433
ARB,2024-10-23 20:00:00+00:00,2024-10-23 20:00:00+00:00,2024-10-24 20:00:00+00:00,1,0.5558,0.5390497021427543,0.5893005957144913,0.5652,tempo,0.5611840505829518,0.5176833315981365,96,24.0,0.01675029785724569
ARB,2024-10-30 12:00:00+00:00,2024-10-30 12:00:00+00:00,2024-10-30 14:15:00+00:00,-1,0.5432,0.5605326151970853,0.5085347696058294,0.5605326151970853,stop,-1.0,-1.0413916879663232,9,2.25,0.017332615197085288
ARB,2024-11-03 16:00:00+00:00,2024-11-03 16:00:00+00:00,2024-11-04 16:00:00+00:00,1,0.474,0.45668849483339363,0.5086230103332127,0.479,tempo,0.2888252611127619,0.2530426995135019,96,24.0,0.017311505166606345
ARB,2024-11-05 00:00:00+00:00,2024-11-05 00:00:00+00:00,2024-11-06 00:00:00+00:00,1,0.4731,0.4559425417041167,0.5074149165917667,0.4903,tempo,1.0024794875431444,0.9659816573167262,96,24.0,0.017157458295883332
ARB,2024-11-08 20:00:00+00:00,2024-11-08 20:00:00+00:00,2024-11-09 05:45:00+00:00,-1,0.5919,0.6024988234693175,0.570702353061365,0.6024988234693175,stop,-1.0,-1.0732495675111993,39,9.75,0.010598823469317509
ARB,2024-11-10 20:00:00+00:00,2024-11-10 20:00:00+00:00,2024-11-11 20:00:00+00:00,-1,0.6328,0.6623806366031094,0.5736387267937813,0.6514,tempo,-0.6287897129991042,-0.6570085106943593,96,24.0,0.02958063660310939
ARB,2024-11-25 12:00:00+00:00,2024-11-25 12:00:00+00:00,2024-11-26 12:00:00+00:00,-1,0.9106,0.9574371784640998,0.8169256430718003,0.8573,tempo,1.1379848604854335,1.1134501844506506,96,24.0,0.04683717846409985
ARB,2024-12-19 04:00:00+00:00,2024-12-19 04:00:00+00:00,2024-12-19 18:00:00+00:00,1,0.8568,0.7878072583492293,0.9947854833015415,0.7878072583492293,stop,-1.0,-1.0154943069712763,56,14.0,0.06899274165077074
ARB,2025-01-05 08:00:00+00:00,2025-01-05 08:00:00+00:00,2025-01-05 22:45:00+00:00,-1,0.9038,0.9214775218789031,0.868444956242194,0.9214775218789031,stop,-1.0,-1.0671151984621337,59,14.75,0.017677521878903035
ARB,2025-01-08 20:00:00+00:00,2025-01-08 20:00:00+00:00,2025-01-09 14:00:00+00:00,1,0.7813,0.7422475123951728,0.8594049752096543,0.7422475123951728,stop,-1.0,-1.025358330385449,72,18.0,0.03905248760482716
ARB,2025-01-09 16:00:00+00:00,2025-01-09 16:00:00+00:00,2025-01-10 16:00:00+00:00,1,0.7761,0.7289517983241943,0.8703964033516114,0.7489,tempo,-0.5769042939756025,-0.597928425644842,96,24.0,0.04714820167580569
ARB,2025-01-16 04:00:00+00:00,2025-01-16 04:00:00+00:00,2025-01-17 04:00:00+00:00,-1,0.7736,0.8036310080160202,0.7135379839679595,0.7774,tempo,-0.12653587911444378,-0.16010618083266104,96,24.0,0.03003100801602021
ARB,2025-01-18 04:00:00+00:00,2025-01-18 04:00:00+00:00,2025-01-19 04:00:00+00:00,-1,0.7982,0.8414787907091914,0.7116424185816173,0.776,tempo,0.5129533343288459,0.4893105757574358,96,24.0,0.043278790709191384
ARB,2025-02-17 16:00:00+00:00,2025-02-17 16:00:00+00:00,2025-02-18 16:00:00+00:00,-1,0.4947,0.5183277239633471,0.44744455207330563,0.44744455207330563,alvo,2.0,1.97408155098656,96,24.0,0.02362772396334717
ARB,2025-02-20 16:00:00+00:00,2025-02-20 16:00:00+00:00,2025-02-20 19:30:00+00:00,-1,0.4773,0.49348507750349485,0.4449298449930103,0.49348507750349485,stop,-1.0,-1.038987165816229,14,3.5,0.01618507750349485
ARB,2025-02-21 16:00:00+00:00,2025-02-21 16:00:00+00:00,2025-02-22 16:00:00+00:00,-1,0.485,0.5140964882621016,0.4268070234757967,0.4813,tempo,0.12716311214845996,0.105576486493085,96,24.0,0.02909648826210165
ARB,2025-02-25 04:00:00+00:00,2025-02-25 04:00:00+00:00,2025-02-25 07:15:00+00:00,1,0.4048,0.39151286193409346,0.43137427613181306,0.39151286193409346,stop,-1.0,-1.0389552180228547,13,3.25,0.013287138065906534
ARB,2025-03-10 04:00:00+00:00,2025-03-10 04:00:00+00:00,2025-03-10 15:00:00+00:00,1,0.354,0.34010995970176855,0.38178008059646285,0.34010995970176855,stop,-1.0,-1.0324816533371466,44,11.0,0.013890040298231432
ARB,2025-03-20 04:00:00+00:00,2025-03-20 04:00:00+00:00,2025-03-21 04:00:00+00:00,-1,0.3778,0.3896997010276094,0.3540005979447812,0.3736,tempo,0.3529500438923044,0.3119061555738666,96,24.0,0.0118997010276094
ARB,2025-03-26 20:00:00+00:00,2025-03-26 20:00:00+00:00,2025-03-27 13:45:00+00:00,1,0.3818,0.37515446225297944,0.39509107549404104,0.37515446225297944,stop,-1.0,-1.0740377105953585,71,17.75,0.006645537747020536
ARB,2025-03-31 00:00:00+00:00,2025-03-31 00:00:00+00:00,2025-03-31 08:00:00+00:00,1,0.3319,0.32308100741719237,0.3495379851656152,0.32308100741719237,stop,-1.0,-1.0482750893396984,32,8.0,0.008818992582807605
ARB,2025-03-31 12:00:00+00:00,2025-03-31 12:00:00+00:00,2025-04-01 12:00:00+00:00,1,0.3249,0.3152312534167747,0.34423749316645064,0.3333,tempo,0.8687785875548188,0.8245298324222499,96,24.0,0.009668746583225307
OP,2022-06-13 12:00:00+00:00,2022-06-13 12:00:00+00:00,2022-06-14 12:00:00+00:00,1,0.5439,0.4762261895934617,0.6792476208130768,0.5493,tempo,0.07979453155600996,0.06929445780914516,96,24.0,0.06767381040653836
OP,2022-07-07 16:00:00+00:00,2022-07-07 16:00:00+00:00,2022-07-08 01:00:00+00:00,-1,0.5655,0.5947335452044439,0.5070329095911122,0.5947335452044439,stop,-1.0,-1.0257974802272098,36,9.0,0.029233545204443878
OP,2022-07-18 12:00:00+00:00,2022-07-18 12:00:00+00:00,2022-07-18 13:15:00+00:00,-1,0.7007,0.762003139219491,0.5780937215610179,0.762003139219491,stop,-1.0,-1.0155091085480723,5,1.25,0.06130313921949104
OP,2022-07-19 04:00:00+00:00,2022-07-19 04:00:00+00:00,2022-07-20 04:00:00+00:00,-1,0.7425,0.8594713563766733,0.5085572872466536,0.7315,tempo,0.09404011666392596,0.08584922250249802,96,24.0,0.11697135637667322
OP,2022-07-22 16:00:00+00:00,2022-07-22 16:00:00+00:00,2022-07-23 02:45:00+00:00,-1,0.8137,0.8922965588863255,0.6565068822273489,0.8922965588863255,stop,-1.0,-1.014108731717885,43,10.75,0.07859655888632555
OP,2022-07-29 08:00:00+00:00,2022-07-29 08:00:00+00:00,2022-07-29 22:45:00+00:00,-1,1.6454,1.7832116018374058,1.3697767963251883,1.7832116018374058,stop,-1.0,-1.0161713347169687,59,14.75,0.13781160183740582
OP,2022-08-04 00:00:00+00:00,2022-08-04 00:00:00+00:00,2022-08-04 02:45:00+00:00,-1,1.9897,2.2432690601348813,1.4825618797302376,2.2432690601348813,stop,-1.0,-1.0108508107717247,11,2.75,0.25356906013488123
OP,2022-08-19 08:00:00+00:00,2022-08-19 08:00:00+00:00,2022-08-20 08:00:00+00:00,1,1.1612,1.068594768751188,1.3464104624976239,1.2051,tempo,0.4740552926437756,0.4574461337522283,96,24.0,0.09260523124881193
OP,2022-08-31 08:00:00+00:00,2022-08-31 08:00:00+00:00,2022-09-01 08:00:00+00:00,-1,1.1498,1.228939046282805,0.99152190743439,1.1064,tempo,0.5484018577240507,0.5298708029681047,96,24.0,0.07913904628280499
OP,2022-09-02 20:00:00+00:00,2022-09-02 20:00:00+00:00,2022-09-03 20:00:00+00:00,-1,1.2204,1.3195837574369982,1.0220324851260034,1.1888,tempo,0.31860055332217313,0.30281187944586113,96,24.0,0.09918375743699825
OP,2022-09-06 04:00:00+00:00,2022-09-06 04:00:00+00:00,2022-09-07 04:00:00+00:00,-1,1.2043,1.282217120351476,1.0484657592970477,1.1081,tempo,1.2346452174573639,1.215354720154334,96,24.0,0.07791712035147613
OP,2022-09-07 16:00:00+00:00,2022-09-07 16:00:00+00:00,2022-09-08 16:00:00+00:00,1,1.1302,1.0516401003986982,1.287319799202604,1.1556,tempo,0.32332016879994746,0.30440759371341597,96,24.0,0.07855989960130194
OP,2022-09-10 16:00:00+00:00,2022-09-10 16:00:00+00:00,2022-09-11 16:00:00+00:00,-1,1.3581,1.5007880719260196,1.072723856147961,1.4233,tempo,-0.45694078783126757,-0.4696111531645195,96,24.0,0.1426880719260195
OP,2022-09-15 08:00:00+00:00,2022-09-15 08:00:00+00:00,2022-09-16 02:15:00+00:00,1,1.2615,1.0993835083895915,1.5857329832208171,1.0993835083895915,stop,-1.0,-1.0094658739848692,73,18.25,0.16211649161040853
OP,2022-09-20 16:00:00+00:00,2022-09-20 16:00:00+00:00,2022-09-21 16:00:00+00:00,1,0.9267,0.8642889889754733,1.051522022049053,0.8935,tempo,-0.531957413523599,-0.5509144850495682,96,24.0,0.06241101102452662
OP,2022-10-13 12:00:00+00:00,2022-10-13 12:00:00+00:00,2022-10-13 12:45:00+00:00,1,0.6725,0.6387506242586051,0.7399987514827898,0.6387506242586051,stop,-1.0,-1.0252541828417496,3,0.75,0.033749375741394916
OP,2022-10-13 16:00:00+00:00,2022-10-13 16:00:00+00:00,2022-10-14 16:00:00+00:00,1,0.7174,0.6294461547128805,0.8933076905742392,0.7239,tempo,0.07390239708998651,0.06325084459740668,96,24.0,0.08795384528711958
OP,2022-10-24 20:00:00+00:00,2022-10-24 20:00:00+00:00,2022-10-25 16:00:00+00:00,-1,0.8694,0.8990109702722643,0.8101780594554713,0.8990109702722643,stop,-1.0,-1.038818962030219,80,20.0,0.029610970272264336
OP,2022-11-08 08:00:00+00:00,2022-11-08 08:00:00+00:00,2022-11-08 18:15:00+00:00,1,1.1818,1.0628754257324293,1.4196491485351412,1.0628754257324293,stop,-1.0,-1.0122686083655288,41,10.25,0.11892457426757064
OP,2022-11-23 16:00:00+00:00,2022-11-23 16:00:00+00:00,2022-11-24 14:45:00+00:00,-1,0.9278,0.9591952985659506,0.8650094028680986,0.9591952985659506,stop,-1.0,-1.039067854108516,91,22.75,0.03139529856595069
OP,2022-11-30 16:00:00+00:00,2022-11-30 16:00:00+00:00,2022-11-30 19:30:00+00:00,-1,0.9655,0.9862344787646878,0.9240310424706244,0.9862344787646878,stop,-1.0,-1.0611844370719172,14,3.5,0.020734478764687814
OP,2022-12-02 16:00:00+00:00,2022-12-02 16:00:00+00:00,2022-12-02 17:15:00+00:00,-1,1.0874,1.1233387489235964,1.015522502152807,1.1233387489235964,stop,-1.0,-1.039984146077407,5,1.25,0.0359387489235965
OP,2022-12-05 16:00:00+00:00,2022-12-05 16:00:00+00:00,2022-12-06 16:00:00+00:00,-1,1.045,1.1038392463361069,0.9273215073277861,1.0517,tempo,-0.11386957544846507,-0.137031921754109,96,24.0,0.05883924633610693
OP,2022-12-09 16:00:00+00:00,2022-12-09 16:00:00+00:00,2022-12-10 16:00:00+00:00,-1,1.1018,1.1288826991126337,1.0476346017747322,1.074,tempo,1.0264855760639964,0.9742651531985274,96,24.0,0.027082699112633835
OP,2022-12-14 04:00:00+00:00,2022-12-14 04:00:00+00:00,2022-12-14 05:45:00+00:00,-1,1.1329,1.1701982395148565,1.0583035209702871,1.1701982395148565,stop,-1.0,-1.040136314076925,7,1.75,0.037298239514856446
OP,2022-12-16 16:00:00+00:00,2022-12-16 16:00:00+00:00,2022-12-16 17:00:00+00:00,1,1.0285,0.9949002049151733,1.0956995901696533,0.9949002049151733,stop,-1.0,-1.0391433974485398,4,1.0,0.03359979508482669
OP,2022-12-29 04:00:00+00:00,2022-12-29 04:00:00+00:00,2022-12-30 04:00:00+00:00,1,0.9002,0.8745044641466931,0.9515910717066137,0.9078,tempo,0.2957712204714336,0.25003564964274594,96,24.0,0.02569553585330686
OP,2023-01-03 16:00:00+00:00,2023-01-03 16:00:00+00:00,2023-01-04 03:15:00+00:00,-1,0.9724,0.993430906256035,0.9303381874879301,0.993430906256035,stop,-1.0,-1.0607577283408673,45,11.25,0.021030906256034987
OP,2023-01-04 20:00:00+00:00,2023-01-04 20:00:00+00:00,2023-01-05 20:00:00+00:00,-1,1.0222,1.0647231797730483,0.9371536404539034,1.0356,tempo,-0.3151222479484743,-0.3465773274401488,96,24.0,0.042523179773048314
OP,2023-01-07 00:00:00+00:00,2023-01-07 00:00:00+00:00,2023-01-07 00:30:00+00:00,-1,1.0843,1.1114365354779105,1.030026929044179,1.1114365354779105,stop,-1.0,-1.0525943611785824,2,0.5,0.027136535477910506
OP,2023-01-07 04:00:00+00:00,2023-01-07 04:00:00+00:00,2023-01-08 04:00:00+00:00,-1,1.102,1.1434049234637809,1.0191901530724385,1.0922,tempo,0.23668682804286897,0.20224092449597306,96,24.0,0.041404923463780774
OP,2023-01-14 04:00:00+00:00,2023-01-14 04:00:00+00:00,2023-01-14 12:30:00+00:00,-1,1.5917,1.7258474478485417,1.3234051043029162,1.7258474478485417,stop,-1.0,-1.0160748927816818,34,8.5,0.13414744784854182
OP,2023-01-21 16:00:00+00:00,2023-01-21 16:00:00+00:00,2023-01-22 16:00:00+00:00,-1,2.2976,2.53520087981858,1.8223982403628405,2.2786,tempo,0.07996603385689305,0.0674470145575066,96,24.0,0.2376008798185798
OP,2023-02-03 20:00:00+00:00,2023-02-03 20:00:00+00:00,2023-02-04 20:00:00+00:00,-1,3.0925,3.2823985790820887,2.712702841835822,3.0699,tempo,0.11901089575941622,0.09791774161702273,96,24.0,0.18989857908208885
OP,2023-02-08 04:00:00+00:00,2023-02-08 04:00:00+00:00,2023-02-08 16:30:00+00:00,-1,3.0894,3.2435021606756376,2.7811956786487246,2.7811956786487246,alvo,2.0,1.9752379384273946,50,12.5,0.15410216067563764
OP,2023-02-10 00:00:00+00:00,2023-02-10 00:00:00+00:00,2023-02-11 00:00:00+00:00,1,2.4,2.2603212795598044,2.679357440880391,2.4137,tempo,0.09808222724853645,0.07568149942013638,96,24.0,0.13967872044019547
OP,2023-02-20 04:00:00+00:00,2023-02-20 04:00:00+00:00,2023-02-21 04:00:00+00:00,1,2.6207,2.4488417025287075,2.9644165949425845,2.5999,tempo,-0.12102994330823286,-0.14077522212182544,96,24.0,0.17185829747129233
OP,2023-02-22 00:00:00+00:00,2023-02-22 00:00:00+00:00,2023-02-22 02:15:00+00:00,1,2.5177,2.3945170187540255,2.7640659624919492,2.3945170187540255,stop,-1.0,-1.0259203100127474,9,2.25,0.1231829812459746
OP,2023-02-23 04:00:00+00:00,2023-02-23 04:00:00+00:00,2023-02-23 13:30:00+00:00,-1,2.7613,2.8736674523372487,2.536565095325502,2.8736674523372487,stop,-1.0,-1.0325959943723406,38,9.5,0.11236745233724887
OP,2023-02-27 16:00:00+00:00,2023-02-27 16:00:00+00:00,2023-02-28 16:00:00+00:00,-1,2.992,3.128387184082227,2.7192256318355463,2.8005,tempo,1.40409087033094,1.37648472078444,96,24.0,0.13638718408222683
OP,2023-03-08 00:00:00+00:00,2023-03-08 00:00:00+00:00,2023-03-08 05:45:00+00:00,1,2.4009,2.2850545230110724,2.6325909539778554,2.2850545230110724,stop,-1.0,-1.0262925279357114,23,5.75,0.11584547698892766
OP,2023-03-08 16:00:00+00:00,2023-03-08 16:00:00+00:00,2023-03-09 16:00:00+00:00,1,2.2828,2.146597059722997,2.5552058805540057,2.3189,tempo,0.26504567321808054,0.243085023955173,96,24.0,0.13620294027700286
OP,2023-03-10 00:00:00+00:00,2023-03-10 00:00:00+00:00,2023-03-10 08:45:00+00:00,1,2.1999,2.0697729522603283,2.4601540954793433,2.0697729522603283,stop,-1.0,-1.021327521581227,35,8.75,0.13012704773967165
OP,2023-03-13 04:00:00+00:00,2023-03-13 04:00:00+00:00,2023-03-13 15:15:00+00:00,-1,2.339,2.5313652357339773,1.9542695285320453,2.5313652357339773,stop,-1.0,-1.0164569101643968,45,11.25,0.19236523573397735
OP,2023-03-30 04:00:00+00:00,2023-03-30 04:00:00+00:00,2023-03-31 00:15:00+00:00,-1,2.2124,2.3288633985433993,1.9794732029132018,2.3288633985433993,stop,-1.0,-1.0253454840402347,81,20.25,0.11646339854339915
OP,2023-04-10 04:00:00+00:00,2023-04-10 04:00:00+00:00,2023-04-10 23:30:00+00:00,-1,2.2628,2.3300521264500738,2.1282957470998523,2.3300521264500738,stop,-1.0,-1.044390475658919,78,19.5,0.06725212645007383
OP,2023-04-11 04:00:00+00:00,2023-04-11 04:00:00+00:00,2023-04-11 14:15:00+00:00,-1,2.3434,2.392255652557062,2.2456886948858754,2.392255652557062,stop,-1.0,-1.0630055277752528,41,10.25,0.04885565255706226
OP,2023-04-11 16:00:00+00:00,2023-04-11 16:00:00+00:00,2023-04-12 01:45:00+00:00,-1,2.3557,2.411595207575255,2.2439095848494905,2.2439095848494905,alvo,2.0,1.9465115819432837,39,9.75,0.05589520757525479
OP,2023-04-14 08:00:00+00:00,2023-04-14 08:00:00+00:00,2023-04-14 20:45:00+00:00,-1,2.6015,2.6718026907864636,2.4608946184270732,2.6718026907864636,stop,-1.0,-1.0487555555934878,51,12.75,0.07030269078646345
OP,2023-04-15 04:00:00+00:00,2023-04-15 04:00:00+00:00,2023-04-15 13:00:00+00:00,-1,2.6445,2.744869727374939,2.4437605452501217,2.744869727374939,stop,-1.0,-1.0349018614916392,36,9.0,0.1003697273749391
OP,2023-04-27 00:00:00+00:00,2023-04-27 00:00:00+00:00,2023-04-28 00:00:00+00:00,1,2.1661,2.0204934313277305,2.4573131373445394,2.1792,tempo,0.08996846858938808,0.07057068299664299,96,24.0,0.14560656867226962
OP,2023-05-12 08:00:00+00:00,2023-05-12 08:00:00+00:00,2023-05-13 08:00:00+00:00,1,1.5427,1.4627597369319318,1.7025805261361362,1.6478,tempo,1.3147317254949318,1.288789541664061,96,24.0,0.07994026306806812
OP,2023-05-26 16:00:00+00:00,2023-05-26 16:00:00+00:00,2023-05-27 16:00:00+00:00,-1,1.6297,1.6591893014878987,1.5707213970242024,1.5999,tempo,1.0105359739439261,0.939349479382112,96,24.0,0.029489301487898745
OP,2023-05-30 04:00:00+00:00,2023-05-30 04:00:00+00:00,2023-05-30 14:00:00+00:00,1,1.5264,1.4912011749120626,1.5967976501758747,1.4912011749120626,stop,-1.0,-1.0557246089547752,40,10.0,0.03519882508793737
OP,2023-06-04 04:00:00+00:00,2023-06-04 04:00:00+00:00,2023-06-05 04:00:00+00:00,-1,1.4989,1.5338272780678905,1.4290454438642186,1.4506,tempo,1.3828732919329085,1.3279828136003728,96,24.0,0.034927278067890644
OP,2023-06-06 16:00:00+00:00,2023-06-06 16:00:00+00:00,2023-06-07 16:00:00+00:00,-1,1.4883,1.5665310276344204,1.331837944731159,1.369,tempo,1.5249703807739547,1.5012298643042101,96,24.0,0.07823102763442047
OP,2023-06-13 16:00:00+00:00,2023-06-13 16:00:00+00:00,2023-06-14 16:00:00+00:00,-1,1.1146,1.2090854795655914,0.9256290408688173,1.1417,tempo,-0.2868165576826776,-0.3023384665171657,96,24.0,0.09448547956559139
OP,2023-06-21 04:00:00+00:00,2023-06-21 04:00:00+00:00,2023-06-21 14:45:00+00:00,-1,1.3385,1.4140984496462075,1.1873031007075852,1.4140984496462075,stop,-1.0,-1.0236670064087723,43,10.75,0.07559844964620743
OP,2023-06-21 16:00:00+00:00,2023-06-21 16:00:00+00:00,2023-06-21 16:15:00+00:00,-1,1.3947,1.4300851559083296,1.323929688183341,1.4300851559083296,stop,-1.0,-1.0518892825030113,1,0.25,0.03538515590832958
OP,2023-06-26 08:00:00+00:00,2023-06-26 08:00:00+00:00,2023-06-27 08:00:00+00:00,-1,1.3449,1.3963692402647405,1.241961519470519,1.3427,tempo,0.04274397657093667,0.008802539102376314,96,24.0,0.051469240264740534
OP,2023-07-10 12:00:00+00:00,2023-07-10 12:00:00+00:00,2023-07-11 12:00:00+00:00,1,1.1853,1.1475550284190568,1.2607899431618865,1.2063,tempo,0.5563655003678006,0.5151801467991451,96,24.0,0.037744971580943254
OP,2023-07-12 16:00:00+00:00,2023-07-12 16:00:00+00:00,2023-07-13 14:00:00+00:00,-1,1.2417,1.2762435369663883,1.1726129260672236,1.2762435369663883,stop,-1.0,-1.0473797254930979,88,22.0,0.03454353696638823
OP,2023-07-18 12:00:00+00:00,2023-07-18 12:00:00+00:00,2023-07-19 12:00:00+00:00,-1,1.4922,1.576694470787718,1.323211058424564,1.5081,tempo,-0.18817799379969877,-0.21125873484486876,96,24.0,0.08449447078771799
OP,2023-07-30 16:00:00+00:00,2023-07-30 16:00:00+00:00,2023-07-31 01:00:00+00:00,-1,1.5842,1.6502682366818144,1.4520635266363713,1.6502682366818144,stop,-1.0,-1.0318217113008237,36,9.0,0.06606823668181439
OP,2023-08-03 04:00:00+00:00,2023-08-03 04:00:00+00:00,2023-08-03 13:15:00+00:00,-1,1.6631,1.7008290593914155,1.587641881217169,1.7008290593914155,stop,-1.0,-1.057954105505793,37,9.25,0.037729059391415465
OP,2023-08-08 20:00:00+00:00,2023-08-08 20:00:00+00:00,2023-08-09 13:30:00+00:00,1,1.6906,1.6470587520477953,1.7776824959044097,1.6470587520477953,stop,-1.0,-1.049825815539612,70,17.5,0.04354124795220482
OP,2023-09-04 04:00:00+00:00,2023-09-04 04:00:00+00:00,2023-09-05 04:00:00+00:00,-1,1.3467,1.376601408270669,1.286897183458662,1.3157,tempo,1.0367404678530994,0.9788649328838134,96,24.0,0.029901408270669005
OP,2023-09-10 08:00:00+00:00,2023-09-10 08:00:00+00:00,2023-09-11 08:00:00+00:00,1,1.2658,1.1979756894786018,1.4014486210427965,1.2621,tempo,-0.05455271084300523,-0.078779053689227,96,24.0,0.06782431052139826
OP,2023-09-15 08:00:00+00:00,2023-09-15 08:00:00+00:00,2023-09-15 11:00:00+00:00,-1,1.3782,1.4267675009994587,1.2810649980010829,1.4267675009994587,stop,-1.0,-1.0375401006461085,12,3.0,0.04856750099945861
OP,2023-09-15 12:00:00+00:00,2023-09-15 12:00:00+00:00,2023-09-16 03:45:00+00:00,-1,1.3949,1.436879384788774,1.3109412304224521,1.436879384788774,stop,-1.0,-1.043846678777554,63,15.75,0.041979384788773944
OP,2023-09-22 04:00:00+00:00,2023-09-22 04:00:00+00:00,2023-09-23 04:00:00+00:00,1,1.3041,1.2654291097107278,1.3814417805785446,1.2921,tempo,-0.3103109318206966,-0.35394918238531153,96,24.0,0.038670890289272286
OP,2023-09-25 04:00:00+00:00,2023-09-25 04:00:00+00:00,2023-09-25 20:45:00+00:00,1,1.2643,1.234924318286975,1.3230513634260501,1.234924318286975,stop,-1.0,-1.0553007015379745,67,16.75,0.02937568171302507
OP,2023-10-01 16:00:00+00:00,2023-10-01 16:00:00+00:00,2023-10-01 22:30:00+00:00,-1,1.3829,1.4093218616280445,1.330056276743911,1.4093218616280445,stop,-1.0,-1.0686910042754831,26,6.5,0.026421861628044496
OP,2023-10-12 12:00:00+00:00,2023-10-12 12:00:00+00:00,2023-10-12 16:30:00+00:00,1,1.2154,1.1822856207505448,1.2816287584989106,1.1822856207505448,stop,-1.0,-1.04706401535561,18,4.5,0.03311437924945526
OP,2023-10-14 00:00:00+00:00,2023-10-14 00:00:00+00:00,2023-10-15 00:00:00+00:00,-1,1.2073,1.259778100318965,1.1023437993620702,1.1975,tempo,0.18674456469336853,0.15695842551341982,96,24.0,0.05247810031896494
OP,2023-10-16 16:00:00+00:00,2023-10-16 16:00:00+00:00,2023-10-17 16:00:00+00:00,-1,1.2125,1.2772983594256848,1.08290328114863,1.202,tempo,0.16204113951437393,0.13782100471605513,96,24.0,0.0647983594256849
OP,2023-10-27 20:00:00+00:00,2023-10-27 20:00:00+00:00,2023-10-28 20:00:00+00:00,1,1.3653,1.323366133146162,1.449167733707676,1.3724,tempo,0.16931422100297605,0.1268782346866526,96,24.0,0.04193386685383804
OP,2023-11-02 20:00:00+00:00,2023-11-02 20:00:00+00:00,2023-11-03 01:30:00+00:00,1,1.382,1.3287359741673692,1.4885280516652613,1.3287359741673692,stop,-1.0,-1.0330800827700366,22,5.5,0.05326402583263068
OP,2023-11-04 16:00:00+00:00,2023-11-04 16:00:00+00:00,2023-11-04 19:15:00+00:00,-1,1.4376,1.473411213583934,1.3659775728321322,1.473411213583934,stop,-1.0,-1.05283700549256,13,3.25,0.03581121358393391
OP,2023-11-09 20:00:00+00:00,2023-11-09 20:00:00+00:00,2023-11-10 20:00:00+00:00,1,1.5866,1.3309922555352451,2.09781548892951,1.7086,tempo,0.4772938326085115,0.46891427429549903,96,24.0,0.25560774446475487
OP,2023-11-13 04:00:00+00:00,2023-11-13 04:00:00+00:00,2023-11-14 04:00:00+00:00,-1,1.8431,1.9495004353293244,1.6302991293413511,1.7926,tempo,0.4746221182619727,0.4524116358265809,96,24.0,0.10640043532932442
OP,2023-12-08 04:00:00+00:00,2023-12-08 04:00:00+00:00,2023-12-09 04:00:00+00:00,-1,2.1804,2.2612573799797175,2.0186852400405653,2.1145,tempo,0.815015277721473,0.780489239396953,96,24.0,0.08085737997971743
OP,2023-12-09 12:00:00+00:00,2023-12-09 12:00:00+00:00,2023-12-10 12:00:00+00:00,-1,2.113,2.3328296440386187,1.6733407119227626,2.1626,tempo,-0.2256292604071467,-0.23827150441456443,96,24.0,0.2198296440386187
OP,2023-12-11 04:00:00+00:00,2023-12-11 04:00:00+00:00,2023-12-12 04:00:00+00:00,1,2.0849,1.8621788213606465,2.5303423572787076,2.4186,tempo,1.4982858928757339,1.4851426659141882,96,24.0,0.2227211786393537
OP,2023-12-14 16:00:00+00:00,2023-12-14 16:00:00+00:00,2023-12-15 16:00:00+00:00,1,2.226,2.096126660511867,2.485746678976266,2.1313,tempo,-0.7291719792009587,-0.7509797267430074,96,24.0,0.12987333948813307
OP,2024-01-05 20:00:00+00:00,2024-01-05 20:00:00+00:00,2024-01-06 05:30:00+00:00,1,3.3742,3.2064983763796553,3.7096032472406897,3.2064983763796553,stop,-1.0,-1.0255063359096057,38,9.5,0.1677016236203448
OP,2024-01-11 04:00:00+00:00,2024-01-11 04:00:00+00:00,2024-01-12 04:00:00+00:00,-1,3.925,4.1812413681740574,3.4125172636518846,3.7495,tempo,0.6849011197941611,0.6654334396317156,96,24.0,0.2562413681740576
OP,2024-01-12 16:00:00+00:00,2024-01-12 16:00:00+00:00,2024-01-13 16:00:00+00:00,-1,4.0968,4.352254290660636,3.5858914186787274,3.8209,tempo,1.0800366644321715,1.0598901834836993,96,24.0,0.2554542906606363
OP,2024-01-19 20:00:00+00:00,2024-01-19 20:00:00+00:00,2024-01-20 20:00:00+00:00,1,3.1971,2.9660600522702962,3.659179895459407,3.1426,tempo,-0.23588994256421922,-0.25372584081684946,96,24.0,0.2310399477297036
OP,2024-01-22 16:00:00+00:00,2024-01-22 16:00:00+00:00,2024-01-22 19:45:00+00:00,1,3.0151,2.912748172700022,3.2198036545999558,2.912748172700022,stop,-1.0,-1.0376456523923325,15,3.75,0.10235182729997794
OP,2024-01-23 16:00:00+00:00,2024-01-23 16:00:00+00:00,2024-01-24 16:00:00+00:00,1,2.7099,2.5780300955469717,2.973639808906057,2.8377,tempo,0.9691369727618292,0.941792295331776,96,24.0,0.13186990445302849
OP,2024-02-05 04:00:00+00:00,2024-02-05 04:00:00+00:00,2024-02-06 02:45:00+00:00,1,3.0024,2.8988363852801644,3.2095272294396717,3.2095272294396717,alvo,2.0,1.9610118601010706,91,22.75,0.10356361471983577
OP,2024-02-06 12:00:00+00:00,2024-02-06 12:00:00+00:00,2024-02-06 20:15:00+00:00,-1,3.1952,3.311783240406066,2.9620335191878677,3.311783240406066,stop,-1.0,-1.03627913490423,33,8.25,0.11658324040606605
OP,2024-02-15 16:00:00+00:00,2024-02-15 16:00:00+00:00,2024-02-16 15:15:00+00:00,-1,3.884,4.007587945713816,3.6368241085723683,3.6368241085723683,alvo,2.0,1.9604448828537688,93,23.25,0.12358794571381582
OP,2024-02-21 16:00:00+00:00,2024-02-21 16:00:00+00:00,2024-02-22 16:00:00+00:00,1,3.6513,3.5514707932781113,3.8509584134437773,3.7014,tempo,0.5018571382578667,0.45398282214400243,96,24.0,0.09982920672188866
OP,2024-02-23 20:00:00+00:00,2024-02-23 20:00:00+00:00,2024-02-24 01:15:00+00:00,1,3.5694,3.4804510526366195,3.747297894726761,3.4804510526366195,stop,-1.0,-1.0515172278036462,21,5.25,0.08894894736338044
OP,2024-02-27 04:00:00+00:00,2024-02-27 04:00:00+00:00,2024-02-28 04:00:00+00:00,-1,3.8182,3.982522012760853,3.489555974478294,3.742,tempo,0.4637236285006934,0.4338181403835791,96,24.0,0.16432201276085312
OP,2024-02-28 20:00:00+00:00,2024-02-28 20:00:00+00:00,2024-02-29 20:00:00+00:00,1,3.6665,3.4243175419100447,4.150864916179911,3.8145,tempo,0.6111094963988972,0.5910310396917073,96,24.0,0.24218245808995542
OP,2024-03-12 16:00:00+00:00,2024-03-12 16:00:00+00:00,2024-03-12 16:30:00+00:00,1,4.3285,4.241900849987841,4.501698300024318,4.241900849987841,stop,-1.0,-1.0643281204458699,2,0.5,0.08659915001215879
OP,2024-03-12 20:00:00+00:00,2024-03-12 20:00:00+00:00,2024-03-13 20:00:00+00:00,1,4.3816,4.066199491787347,5.012401016425305,4.3722,tempo,-0.029803376200210934,-0.04784383539999018,96,24.0,0.31540050821265275
OP,2024-03-15 12:00:00+00:00,2024-03-15 12:00:00+00:00,2024-03-16 12:00:00+00:00,1,3.7869,3.5295554085402814,4.301589182919438,3.757,tempo,-0.11618662677307588,-0.1352409809842369,96,24.0,0.2573445914597188
OP,2024-03-19 12:00:00+00:00,2024-03-19 12:00:00+00:00,2024-03-20 12:00:00+00:00,1,3.1732,2.928069588044119,3.663460823911762,3.5213,tempo,1.420060437309801,1.4023089679377216,96,24.0,0.24513041195588103
OP,2024-03-26 12:00:00+00:00,2024-03-26 12:00:00+00:00,2024-03-27 12:00:00+00:00,-1,3.9524,4.0597385184218755,3.7377229631562487,3.9163,tempo,0.33631915672727064,0.28866939338790976,96,24.0,0.10733851842187558
OP,2024-03-27 16:00:00+00:00,2024-03-27 16:00:00+00:00,2024-03-28 16:00:00+00:00,-1,3.7318,4.093805066165472,3.0077898676690555,3.6959,tempo,0.09916988284244058,0.0858330391039247,96,24.0,0.3620050661654721
OP,2024-03-30 08:00:00+00:00,2024-03-30 08:00:00+00:00,2024-03-31 08:00:00+00:00,-1,3.6987,3.8387539750701545,3.4185920498596913,3.7238,tempo,-0.17921661978838724,-0.2136649458539866,96,24.0,0.14005397507015438
OP,2024-04-03 04:00:00+00:00,2024-04-03 04:00:00+00:00,2024-04-04 04:00:00+00:00,1,3.1697,3.0102401975608126,3.4886196048783753,3.0205,tempo,-0.9356590044497246,-0.9608918840748858,96,24.0,0.15945980243918756
OP,2024-04-05 16:00:00+00:00,2024-04-05 16:00:00+00:00,2024-04-06 16:00:00+00:00,1,2.969,2.843608526762131,3.2197829464757377,2.9785,tempo,0.07576272735849005,0.044932281713542604,96,24.0,0.12539147323786892
OP,2024-04-09 04:00:00+00:00,2024-04-09 04:00:00+00:00,2024-04-09 23:45:00+00:00,-1,3.304,3.4405419225107834,3.0309161549784327,3.0309161549784327,alvo,2.0,1.9698429945542126,79,19.75,0.13654192251078356
OP,2024-04-10 04:00:00+00:00,2024-04-10 04:00:00+00:00,2024-04-10 12:45:00+00:00,1,3.0385,2.942863448752197,3.2297731024956056,2.942863448752197,stop,-1.0,-1.0406527231582732,35,8.75,0.09563655124780279
OP,2024-04-10 16:00:00+00:00,2024-04-10 16:00:00+00:00,2024-04-11 16:00:00+00:00,1,3.003,2.868016069765596,3.2729678604688086,2.9676,tempo,-0.26225343963927245,-0.29100419532745475,96,24.0,0.13498393023440425
OP,2024-04-14 00:00:00+00:00,2024-04-14 00:00:00+00:00,2024-04-15 00:00:00+00:00,1,2.1153,1.7132326640130295,2.919434671973941,2.3301,tempo,0.5342388718862773,0.5270522398438932,96,24.0,0.4020673359869704
OP,2024-04-19 04:00:00+00:00,2024-04-19 04:00:00+00:00,2024-04-20 04:00:00+00:00,1,2.1315,2.0185427078172293,2.357414584365541,2.2438,tempo,0.9941810557771937,0.9690038853170666,96,24.0,0.11295729218277062
OP,2024-04-24 16:00:00+00:00,2024-04-24 16:00:00+00:00,2024-04-25 16:00:00+00:00,-1,2.4402,2.6385317277373592,2.0435365445252813,2.4435,tempo,-0.016638790160542958,-0.032644323093749206,96,24.0,0.1983317277373593
OP,2024-04-28 20:00:00+00:00,2024-04-28 20:00:00+00:00,2024-04-29 04:00:00+00:00,-1,2.7272,2.8122076941207164,2.557184611758567,2.557184611758567,alvo,2.0,1.9595936575721562,32,8.0,0.08500769412071651
OP,2024-04-30 00:00:00+00:00,2024-04-30 00:00:00+00:00,2024-04-30 09:00:00+00:00,1,2.4938,2.3746531607833563,2.7320936784332868,2.3746531607833563,stop,-1.0,-1.0265596181595318,36,9.0,0.11914683921664349
OP,2024-05-23 16:00:00+00:00,2024-05-23 16:00:00+00:00,2024-05-23 20:15:00+00:00,1,2.6381,2.5124187516474565,2.8894624967050873,2.5124187516474565,stop,-1.0,-1.0266375233573426,17,4.25,0.12568124835254357
OP,2024-05-26 16:00:00+00:00,2024-05-26 16:00:00+00:00,2024-05-27 02:45:00+00:00,-1,2.5808,2.649042884897591,2.444314230204818,2.649042884897591,stop,-1.0,-1.0498132205325839,43,10.75,0.0682428848975909
OP,2024-06-07 00:00:00+00:00,2024-06-07 00:00:00+00:00,2024-06-07 18:15:00+00:00,1,2.4856,2.4339533415575545,2.5888933168848904,2.4339533415575545,stop,-1.0,-1.061915131945582,73,18.25,0.051646658442445315
OP,2024-06-16 16:00:00+00:00,2024-06-16 16:00:00+00:00,2024-06-16 22:15:00+00:00,-1,2.0836,2.123543089489967,2.003713821020066,2.123543089489967,stop,-1.0,-1.0684634824969002,25,6.25,0.039943089489967054
OP,2024-06-17 12:00:00+00:00,2024-06-17 12:00:00+00:00,2024-06-17 16:30:00+00:00,1,2.0,1.9291322788685743,2.1417354422628514,1.9291322788685743,stop,-1.0,-1.0360380712190285,18,4.5,0.0708677211314257
OP,2024-06-17 20:00:00+00:00,2024-06-17 20:00:00+00:00,2024-06-18 01:30:00+00:00,1,1.996,1.8752797327332498,2.2374405345335004,1.8752797327332498,stop,-1.0,-1.0208443195434316,22,5.5,0.12072026726675023
OP,2024-06-24 12:00:00+00:00,2024-06-24 12:00:00+00:00,2024-06-25 12:00:00+00:00,1,1.7062,1.5810550959064567,1.9564898081870865,1.746,tempo,0.3180313276699654,0.30010067347151154,96,24.0,0.12514490409354329
OP,2024-06-27 16:00:00+00:00,2024-06-27 16:00:00+00:00,2024-06-28 16:00:00+00:00,-1,1.7807,1.8517763977092756,1.6385472045814486,1.8122,tempo,-0.44318509400046946,-0.4760424851354626,96,24.0,0.07107639770927565
OP,2024-07-03 16:00:00+00:00,2024-07-03 16:00:00+00:00,2024-07-03 19:00:00+00:00,1,1.6668,1.6434165706082575,1.7135668587834851,1.6434165706082575,stop,-1.0,-1.092015620756431,12,3.0,0.02338342939174254
OP,2024-07-09 04:00:00+00:00,2024-07-09 04:00:00+00:00,2024-07-09 18:30:00+00:00,-1,1.516,1.5627803574713581,1.4224392850572838,1.5627803574713581,stop,-1.0,-1.0427787930774504,58,14.5,0.046780357471358114
OP,2024-07-18 20:00:00+00:00,2024-07-18 20:00:00+00:00,2024-07-19 06:30:00+00:00,1,1.7715,1.7347702101892837,1.8449595796214329,1.8449595796214329,alvo,2.0,1.9360002129370182,42,10.5,0.036729789810716396
OP,2024-07-30 04:00:00+00:00,2024-07-30 04:00:00+00:00,2024-07-30 18:45:00+00:00,1,1.6725,1.6317591791821096,1.7539816416357812,1.6317591791821096,stop,-1.0,-1.0527178496493428,59,14.75,0.040740820817890544
OP,2024-07-31 00:00:00+00:00,2024-07-31 00:00:00+00:00,2024-07-31 20:15:00+00:00,1,1.6288,1.5774288962017404,1.7315422075965192,1.5774288962017404,stop,-1.0,-1.040568503077439,81,20.25,0.0513711037982596
OP,2024-08-02 16:00:00+00:00,2024-08-02 16:00:00+00:00,2024-08-03 16:00:00+00:00,1,1.4907,1.4142603412190131,1.6435793175619735,1.4567,tempo,-0.44479528744909563,-0.469858324497562,96,24.0,0.0764396587809868
OP,2024-08-04 20:00:00+00:00,2024-08-04 20:00:00+00:00,2024-08-05 01:00:00+00:00,1,1.3646,1.2710044855327223,1.5517910289345556,1.2710044855327223,stop,-1.0,-1.0183036860831103,20,5.0,0.09359551446727776
OP,2024-08-05 08:00:00+00:00,2024-08-05 08:00:00+00:00,2024-08-06 08:00:00+00:00,1,1.168,1.0322907794138896,1.4394184411722206,1.3123,tempo,1.0633028424803215,1.0514230675244478,96,24.0,0.13570922058611035
OP,2024-08-14 16:00:00+00:00,2024-08-14 16:00:00+00:00,2024-08-15 15:15:00+00:00,1,1.3461,1.2958772454938512,1.4465455090122978,1.2958772454938512,stop,-1.0,-1.0341933696480299,93,23.25,0.05022275450614888
OP,2024-08-19 16:00:00+00:00,2024-08-19 16:00:00+00:00,2024-08-20 00:45:00+00:00,-1,1.317,1.3908577491200054,1.169284501759989,1.3908577491200054,stop,-1.0,-1.0238310476273538,35,8.75,0.07385774912000542
OP,2024-08-24 20:00:00+00:00,2024-08-24 20:00:00+00:00,2024-08-25 01:45:00+00:00,-1,1.6244,1.6551579800167953,1.5628840399664097,1.5628840399664097,alvo,2.0,1.9326439959696018,23,5.75,0.030757980016795194
OP,2024-09-18 12:00:00+00:00,2024-09-18 12:00:00+00:00,2024-09-18 23:45:00+00:00,1,1.4348,1.401941415266719,1.5005171694665624,1.5005171694665624,alvo,2.0,1.9419343171460222,47,11.75,0.03285858473328118
OP,2024-09-19 12:00:00+00:00,2024-09-19 12:00:00+00:00,2024-09-19 16:15:00+00:00,-1,1.5728,1.5977362086555071,1.5229275826889856,1.5977362086555071,stop,-1.0,-1.0826448223984901,17,4.25,0.024936208655507164
OP,2024-09-26 20:00:00+00:00,2024-09-26 20:00:00+00:00,2024-09-27 04:15:00+00:00,-1,1.7396,1.7929483660552588,1.6329032678894826,1.7929483660552588,stop,-1.0,-1.0430408015787689,33,8.25,0.05334836605525872
OP,2024-09-30 08:00:00+00:00,2024-09-30 08:00:00+00:00,2024-09-30 15:45:00+00:00,1,1.871,1.7973793459739866,2.0182413080520267,1.7973793459739866,stop,-1.0,-1.0323882829679911,31,7.75,0.07362065402601337
OP,2024-10-01 16:00:00+00:00,2024-10-01 16:00:00+00:00,2024-10-01 17:15:00+00:00,1,1.7365,1.665103365876064,1.879293268247872,1.665103365876064,stop,-1.0,-1.0309684373073014,5,1.25,0.07139663412393604
OP,2024-10-10 20:00:00+00:00,2024-10-10 20:00:00+00:00,2024-10-11 12:30:00+00:00,1,1.5177,1.471053427997395,1.61099314400521,1.61099314400521,alvo,2.0,1.9564030012003923,66,16.5,0.046646572002605025
OP,2024-10-15 16:00:00+00:00,2024-10-15 16:00:00+00:00,2024-10-16 16:00:00+00:00,-1,1.724,1.8375053878189995,1.4969892243620009,1.717,tempo,0.061671081298470064,0.0419658493004379,96,24.0,0.11350538781899955
OP,2024-10-23 20:00:00+00:00,2024-10-23 20:00:00+00:00,2024-10-24 20:00:00+00:00,1,1.7326,1.6415882594519793,1.9146234810960412,1.7083,tempo,-0.2669985196819585,-0.2915732062722002,96,24.0,0.09101174054802064
OP,2024-10-28 08:00:00+00:00,2024-10-28 08:00:00+00:00,2024-10-29 08:00:00+00:00,1,1.595,1.5275580679561285,1.729883864087743,1.6713,tempo,1.1313436268457775,1.0998632861191964,96,24.0,0.0674419320438715
OP,2024-10-29 20:00:00+00:00,2024-10-29 20:00:00+00:00,2024-10-30 09:45:00+00:00,-1,1.696,1.7414666949212558,1.6050666101574882,1.7414666949212558,stop,-1.0,-1.0491426384866662,55,13.75,0.04546669492125588
OP,2024-11-01 04:00:00+00:00,2024-11-01 04:00:00+00:00,2024-11-01 16:00:00+00:00,1,1.6078,1.5702727327830488,1.682854534433902,1.5702727327830488,stop,-1.0,-1.0550465682557317,48,12.0,0.0375272672169511
OP,2024-11-03 04:00:00+00:00,2024-11-03 04:00:00+00:00,2024-11-03 13:45:00+00:00,1,1.4458,1.391625132139344,1.5541497357213119,1.391625132139344,stop,-1.0,-1.0340439471054068,39,9.75,0.05417486786065595
OP,2024-11-06 16:00:00+00:00,2024-11-06 16:00:00+00:00,2024-11-06 18:30:00+00:00,-1,1.5304,1.5660834377602117,1.4590331244795764,1.5660834377602117,stop,-1.0,-1.0564047177312155,10,2.5,0.03568343776021177
OP,2024-11-08 20:00:00+00:00,2024-11-08 20:00:00+00:00,2024-11-09 20:00:00+00:00,1,1.578,1.5018916184675124,1.7302167630649754,1.581,tempo,0.03941747202598586,0.012438183297798867,96,24.0,0.07610838153248767
OP,2024-11-25 12:00:00+00:00,2024-11-25 12:00:00+00:00,2024-11-25 16:00:00+00:00,-1,2.2731,2.413244977296284,1.9928100454074316,2.413244977296284,stop,-1.0,-1.021735521985941,16,4.0,0.14014497729628417
OP,2024-11-28 04:00:00+00:00,2024-11-28 04:00:00+00:00,2024-11-29 04:00:00+00:00,-1,2.39,2.657584787341136,1.8548304253177288,2.3402,tempo,0.1861092347395362,0.17461893280364832,96,24.0,0.26758478734113567
OP,2024-12-19 04:00:00+00:00,2024-12-19 04:00:00+00:00,2024-12-19 18:00:00+00:00,1,2.169,2.0024565288120857,2.5020869423758287,2.0024565288120857,stop,-1.0,-1.016280714725037,56,14.0,0.16654347118791435
OP,2024-12-30 12:00:00+00:00,2024-12-30 12:00:00+00:00,2024-12-31 12:00:00+00:00,-1,1.8779,1.9400291303219452,1.7536417393561092,1.8086,tempo,1.1154188001811072,1.07685033821193,96,24.0,0.062129130321945336
OP,2025-01-13 04:00:00+00:00,2025-01-13 04:00:00+00:00,2025-01-14 04:00:00+00:00,-1,1.7346,1.8395408715682022,1.5247182568635953,1.731,tempo,0.03430503240732228,0.012839230128979442,96,24.0,0.10494087156820231
OP,2025-01-16 04:00:00+00:00,2025-01-16 04:00:00+00:00,2025-01-17 04:00:00+00:00,-1,1.8625,1.9203572487612741,1.746785502477452,1.8764,tempo,-0.24024647382306555,-0.28225132286156107,96,24.0,0.05785724876127407
OP,2025-01-18 04:00:00+00:00,2025-01-18 04:00:00+00:00,2025-01-19 04:00:00+00:00,-1,1.9161,2.0138447000877497,1.7206105998245003,1.8694,tempo,0.47777526513535024,0.4526017774905876,96,24.0,0.09774470008774983
OP,2025-02-03 00:00:00+00:00,2025-02-03 00:00:00+00:00,2025-02-03 00:45:00+00:00,1,1.1168,1.0243969581761063,1.3016060836477874,1.0243969581761063,stop,-1.0,-1.0150620368695977,3,0.75,0.0924030418238937
OP,2025-02-18 00:00:00+00:00,2025-02-18 00:00:00+00:00,2025-02-18 03:30:00+00:00,-1,1.2051,1.2223083130999943,1.1706833738000115,1.1706833738000115,alvo,2.0,1.9102608614803434,14,3.5,0.017208313099994266
OP,2025-02-24 04:00:00+00:00,2025-02-24 04:00:00+00:00,2025-02-25 04:00:00+00:00,-1,1.1231,1.2071255127104308,0.9550489745791384,1.0108,tempo,1.336498836811731,1.319991529027963,96,24.0,0.0840255127104308
OP,2025-03-24 16:00:00+00:00,2025-03-24 16:00:00+00:00,2025-03-25 16:00:00+00:00,-1,0.9039,0.9217787199226558,0.8681425601546885,0.8962,tempo,0.4306796030873922,0.36523504077746405,96,24.0,0.017878719922655772
OP,2025-03-31 00:00:00+00:00,2025-03-31 00:00:00+00:00,2025-03-31 08:00:00+00:00,1,0.7439,0.7279822432663543,0.7757355134672914,0.7279822432663543,stop,-1.0,-1.0601041638047455,32,8.0,0.015917756733645705
OP,2025-03-31 12:00:00+00:00,2025-03-31 12:00:00+00:00,2025-04-01 12:00:00+00:00,1,0.7367,0.7115857679682279,0.7869284640635442,0.7495,tempo,0.5096711690728473,0.4712057284900784,96,24.0,0.0251142320317721
SUI,2023-05-14 20:00:00+00:00,2023-05-14 20:00:00+00:00,2023-05-15 03:30:00+00:00,-1,1.1446,1.2146522282517611,1.004495543496478,1.2146522282517611,stop,-1.0,-1.021891008846319,30,7.5,0.07005222825176105
SUI,2023-05-24 16:00:00+00:00,2023-05-24 16:00:00+00:00,2023-05-25 16:00:00+00:00,1,0.9738,0.9162981790648311,1.0888036418703377,0.9725,tempo,-0.02260797969277649,-0.044608935130802475,96,24.0,0.05750182093516887
SUI,2023-05-27 08:00:00+00:00,2023-05-27 08:00:00+00:00,2023-05-28 08:00:00+00:00,-1,1.0031,1.0224380447090204,0.9644239105819594,1.0073,tempo,-0.21718845225550998,-0.2847630193672746,96,24.0,0.01933804470902034
SUI,2023-05-28 12:00:00+00:00,2023-05-28 12:00:00+00:00,2023-05-28 16:45:00+00:00,-1,1.0116,1.0345353200387888,0.9657293599224226,1.0345353200387888,stop,-1.0,-1.0579886374280327,19,4.75,0.02293532003878873
SUI,2023-05-29 16:00:00+00:00,2023-05-29 16:00:00+00:00,2023-05-30 16:00:00+00:00,-1,1.0515,1.1093961327521566,0.935707734495687,1.0007,tempo,0.8774333895057602,0.8543933359375828,96,24.0,0.05789613275215655
SUI,2023-06-05 00:00:00+00:00,2023-06-05 00:00:00+00:00,2023-06-05 05:15:00+00:00,-1,0.9602,0.9851339373726663,0.9103321252546676,0.9103321252546676,alvo,2.0,1.9512373090842683,21,5.25,0.02493393737266625
SUI,2023-06-08 12:00:00+00:00,2023-06-08 12:00:00+00:00,2023-06-09 02:30:00+00:00,1,0.7411,0.7120431548823178,0.7992136902353643,0.7120431548823178,stop,-1.0,-1.0325067310937592,58,14.5,0.02905684511768214
SUI,2023-06-12 20:00:00+00:00,2023-06-12 20:00:00+00:00,2023-06-13 01:30:00+00:00,-1,0.652,0.6977803492540168,0.5604393014919665,0.6977803492540168,stop,-1.0,-1.019164493965457,22,5.5,0.04578034925401675
SUI,2023-06-13 16:00:00+00:00,2023-06-13 16:00:00+00:00,2023-06-14 16:00:00+00:00,-1,0.6697,0.7385863534311186,0.5319272931377628,0.6755,tempo,-0.08419664724740598,-0.09688972731985193,96,24.0,0.0688863534311186
SUI,2023-06-18 08:00:00+00:00,2023-06-18 08:00:00+00:00,2023-06-19 08:00:00+00:00,-1,0.7662,0.8047993661486033,0.6890012677027935,0.7554,tempo,0.2797973406718969,0.2541741219850328,96,24.0,0.038599366148603265
SUI,2023-07-14 04:00:00+00:00,2023-07-14 04:00:00+00:00,2023-07-14 16:30:00+00:00,-1,0.7062,0.7428073218674693,0.6329853562650615,0.7428073218674693,stop,-1.0,-1.0257285895598613,50,12.5,0.03660732186746929
SUI,2023-07-17 16:00:00+00:00,2023-07-17 16:00:00+00:00,2023-07-18 00:30:00+00:00,-1,0.6986,0.738198327857981,0.619403344284038,0.738198327857981,stop,-1.0,-1.0235848068246007,34,8.5,0.03959832785798101
SUI,2023-07-26 20:00:00+00:00,2023-07-26 20:00:00+00:00,2023-07-27 20:00:00+00:00,1,0.6364,0.6103473410247189,0.6885053179505621,0.6301,tempo,-0.24181792752814402,-0.2734164296534388,96,24.0,0.026052658975281084
SUI,2023-07-31 00:00:00+00:00,2023-07-31 00:00:00+00:00,2023-08-01 00:00:00+00:00,1,0.6195,0.5870244668338722,0.6844510663322557,0.6317,tempo,0.37566742746273546,0.35062457456053103,96,24.0,0.032475533166127835
SUI,2023-08-02 04:00:00+00:00,2023-08-02 04:00:00+00:00,2023-08-02 15:00:00+00:00,-1,0.6419,0.6531190129337013,0.6194619741325974,0.6194619741325974,alvo,2.0,1.9269200162232367,44,11.0,0.011219012933701311
SUI,2023-08-09 16:00:00+00:00,2023-08-09 16:00:00+00:00,2023-08-10 16:00:00+00:00,-1,0.6031,0.630005717778025,0.5492885644439498,0.5997,tempo,0.12636719183819237,0.09730942774321097,96,24.0,0.026905717778025084
SUI,2023-08-14 04:00:00+00:00,2023-08-14 04:00:00+00:00,2023-08-15 04:00:00+00:00,1,0.598,0.5847841191940327,0.6244317616119345,0.5932,tempo,-0.36319940157395525,-0.42178649170951366,96,24.0,0.01321588080596725
SUI,2023-08-20 04:00:00+00:00,2023-08-20 04:00:00+00:00,2023-08-21 04:00:00+00:00,-1,0.5512,0.5762718812286682,0.5010562375426636,0.5299,tempo,0.8495573110662592,0.8215292985852298,96,24.0,0.025071881228668214
SUI,2023-08-23 08:00:00+00:00,2023-08-23 08:00:00+00:00,2023-08-23 14:00:00+00:00,-1,0.5715,0.590180516530219,0.5341389669395621,0.590180516530219,stop,-1.0,-1.040421384201189,24,6.0,0.01868051653021896
SUI,2023-09-25 04:00:00+00:00,2023-09-25 04:00:00+00:00,2023-09-26 04:00:00+00:00,1,0.4364,0.4293324423501447,0.4505351152997106,0.4418,tempo,0.764054609460538,0.6832869626608422,96,24.0,0.007067557649855283
SUI,2023-09-27 20:00:00+00:00,2023-09-27 20:00:00+00:00,2023-09-28 16:30:00+00:00,1,0.432,0.4250830789131603,0.44583384217367944,0.44583384217367944,alvo,2.0,1.9175078058215076,82,20.5,0.006916921086839722
SUI,2023-10-01 16:00:00+00:00,2023-10-01 16:00:00+00:00,2023-10-01 20:15:00+00:00,-1,0.4808,0.4913365303529798,0.4597269392940404,0.4913365303529798,stop,-1.0,-1.0599712356497635,17,4.25,0.0105365303529798
SUI,2023-10-07 08:00:00+00:00,2023-10-07 08:00:00+00:00,2023-10-08 08:00:00+00:00,-1,0.4491,0.46150538028312255,0.4242892394337549,0.44,tempo,0.7335526837803189,0.6869668486982416,96,24.0,0.012405380283122547
SUI,2023-10-13 16:00:00+00:00,2023-10-13 16:00:00+00:00,2023-10-14 16:00:00+00:00,-1,0.4128,0.42574057402101106,0.38691885195797787,0.4173,tempo,-0.34774346120145394,-0.3894390613443789,96,24.0,0.012940574021011064
SUI,2023-10-16 08:00:00+00:00,2023-10-16 08:00:00+00:00,2023-10-16 13:30:00+00:00,-1,0.4174,0.4243901306198487,0.40341973876030257,0.4243901306198487,stop,-1.0,-1.0782765894744817,22,5.5,0.006990130619848711
SUI,2023-11-02 08:00:00+00:00,2023-11-02 08:00:00+00:00,2023-11-03 08:00:00+00:00,-1,0.4638,0.4865746296675764,0.41825074066484713,0.4413,tempo,0.9879414211521759,0.9621093874995028,96,24.0,0.02277462966757643
SUI,2023-11-05 04:00:00+00:00,2023-11-05 04:00:00+00:00,2023-11-06 04:00:00+00:00,-1,0.5136,0.5301740085135987,0.48045198297280234,0.5037,tempo,0.5973207985187808,0.5574242943352904,96,24.0,0.016574008513598804
SUI,2023-11-06 16:00:00+00:00,2023-11-06 16:00:00+00:00,2023-11-07 16:00:00+00:00,-1,0.5216,0.5456969972458457,0.47340600550830836,0.5054,tempo,0.6722829336253833,0.6445803118759003,96,24.0,0.024096997245845797
SUI,2023-11-09 08:00:00+00:00,2023-11-09 08:00:00+00:00,2023-11-09 16:15:00+00:00,-1,0.5877,0.6151919819903805,0.532716036019239,0.532716036019239,alvo,2.0,1.973509715535703,33,8.25,0.0274919819903805
SUI,2023-11-09 20:00:00+00:00,2023-11-09 20:00:00+00:00,2023-11-10 20:00:00+00:00,1,0.5354,0.45995778091404205,0.6862844381719159,0.5607,tempo,0.33535598908051045,0.3259121390899869,96,24.0,0.07544221908595794
SUI,2023-11-13 04:00:00+00:00,2023-11-13 04:00:00+00:00,2023-11-13 15:45:00+00:00,-1,0.6118,0.6581139773107171,0.5191720453785659,0.6581139773107171,stop,-1.0,-1.0178227855429933,47,11.75,0.04631397731071707
SUI,2023-11-21 16:00:00+00:00,2023-11-21 16:00:00+00:00,2023-11-21 22:30:00+00:00,1,0.5386,0.5150343245371471,0.5857313509257056,0.5150343245371471,stop,-1.0,-1.0290618578715773,26,6.5,0.02356567546285282
SUI,2023-11-23 16:00:00+00:00,2023-11-23 16:00:00+00:00,2023-11-24 06:00:00+00:00,-1,0.5683,0.5966051252416389,0.5116897495167223,0.5966051252416389,stop,-1.0,-1.0267509267294528,56,14.0,0.028305125241638862
SUI,2023-11-30 08:00:00+00:00,2023-11-30 08:00:00+00:00,2023-12-01 08:00:00+00:00,-1,0.607,0.647512647588875,0.5259747048222501,0.6141,tempo,-0.1752539126065338,-0.1948456955987162,96,24.0,0.04051264758887496
SUI,2023-12-05 08:00:00+00:00,2023-12-05 08:00:00+00:00,2023-12-06 08:00:00+00:00,-1,0.6334,0.6669905037075562,0.5662189925848875,0.6285,tempo,0.14587456153263204,0.12145590419003652,96,24.0,0.03359050370755623
SUI,2023-12-07 20:00:00+00:00,2023-12-07 20:00:00+00:00,2023-12-08 11:45:00+00:00,-1,0.6567,0.698015360229887,0.5740692795402259,0.698015360229887,stop,-1.0,-1.0213132592636198,63,15.75,0.04131536022988702
SUI,2023-12-23 04:00:00+00:00,2023-12-23 04:00:00+00:00,2023-12-23 23:30:00+00:00,-1,0.7097,0.7524955565421015,0.6241088869157969,0.7524955565421015,stop,-1.0,-1.022208546600331,78,19.5,0.04279555654210154
SUI,2023-12-27 00:00:00+00:00,2023-12-27 00:00:00+00:00,2023-12-28 00:00:00+00:00,-1,0.885,0.9253769432879432,0.8042461134241137,0.8312,tempo,1.332443608133779,1.3048157118850525,96,24.0,0.04037694328794317
SUI,2024-01-03 00:00:00+00:00,2024-01-03 00:00:00+00:00,2024-01-03 12:15:00+00:00,-1,0.9066,0.9445607262932765,0.8306785474134469,0.8306785474134469,alvo,2.0,1.97025264882725,49,12.25,0.037960726293276514
SUI,2024-01-03 16:00:00+00:00,2024-01-03 16:00:00+00:00,2024-01-04 16:00:00+00:00,1,0.8293,0.6538017280810764,1.1802965438378474,0.8525,tempo,0.13219503386744394,0.12596608364447526,96,24.0,0.17549827191892364
SUI,2024-01-11 16:00:00+00:00,2024-01-11 16:00:00+00:00,2024-01-11 19:00:00+00:00,-1,1.0031,1.0853971901173889,0.8385056197652225,1.0853971901173889,stop,-1.0,-1.0164953769580702,12,3.0,0.08229719011738879
SUI,2024-01-12 00:00:00+00:00,2024-01-12 00:00:00+00:00,2024-01-12 11:45:00+00:00,-1,1.0935,1.170848896815699,0.9388022063686019,1.170848896815699,stop,-1.0,-1.0190284133778553,47,11.75,0.07734889681569901
SUI,2024-01-12 16:00:00+00:00,2024-01-12 16:00:00+00:00,2024-01-13 05:30:00+00:00,-1,1.1662,1.2505891778122429,0.997421644375514,1.2505891778122429,stop,-1.0,-1.018615099782973,54,13.5,0.08438917781224298
SUI,2024-01-23 12:00:00+00:00,2024-01-23 12:00:00+00:00,2024-01-24 10:15:00+00:00,1,1.0801,0.9910955549286339,1.2581088901427324,1.2581088901427324,alvo,2.0,1.9829240463510094,89,22.25,0.08900444507136618
SUI,2024-02-07 12:00:00+00:00,2024-02-07 12:00:00+00:00,2024-02-08 12:00:00+00:00,1,1.5403,1.4721343924218369,1.6766312151563263,1.5292,tempo,-0.1628387158035982,-0.19210824146156585,96,24.0,0.06816560757816315
SUI,2024-02-10 00:00:00+00:00,2024-02-10 00:00:00+00:00,2024-02-11 00:00:00+00:00,-1,1.7619,1.826967758465671,1.6317644830686582,1.7313,tempo,0.47027899410649293,0.4353833706281164,96,24.0,0.06506775846567092
SUI,2024-02-14 16:00:00+00:00,2024-02-14 16:00:00+00:00,2024-02-15 16:00:00+00:00,-1,1.9126,1.9908557814509664,1.7560884370980674,1.8512,tempo,0.7846065665892334,0.753344084065397,96,24.0,0.07825578145096634
SUI,2024-02-16 16:00:00+00:00,2024-02-16 16:00:00+00:00,2024-02-17 14:45:00+00:00,1,1.7894,1.726354294782767,1.9154914104344662,1.726354294782767,stop,-1.0,-1.03624735870167,91,22.75,0.06304570521723307
SUI,2024-02-23 20:00:00+00:00,2024-02-23 20:00:00+00:00,2024-02-24 20:00:00+00:00,1,1.6273,1.551785851141245,1.7783282977175099,1.657,tempo,0.39330377748880235,0.36503364490751594,96,24.0,0.07551414885875496
SUI,2024-02-28 12:00:00+00:00,2024-02-28 12:00:00+00:00,2024-02-28 17:45:00+00:00,-1,1.6479,1.7410190067421982,1.4616619865156033,1.4616619865156033,alvo,2.0,1.9782942778069905,23,5.75,0.09311900674219831
SUI,2024-03-12 20:00:00+00:00,2024-03-12 20:00:00+00:00,2024-03-13 20:00:00+00:00,1,1.6152,1.3879676275483384,2.0696647449033234,1.6076,tempo,-0.03344593870143557,-0.04266478361071725,96,24.0,0.2272323724516616
SUI,2024-03-16 12:00:00+00:00,2024-03-16 12:00:00+00:00,2024-03-17 12:00:00+00:00,-1,1.627,1.7419832620218303,1.3970334759563394,1.5219,tempo,0.9140460807247414,0.8962453594370516,96,24.0,0.11498326202183029
SUI,2024-03-19 08:00:00+00:00,2024-03-19 08:00:00+00:00,2024-03-20 08:00:00+00:00,1,1.5516,1.4062212067505677,1.8423575864988648,1.5731,tempo,0.1478895203312867,0.133918741274707,96,24.0,0.14537879324943237
SUI,2024-03-21 16:00:00+00:00,2024-03-21 16:00:00+00:00,2024-03-22 16:00:00+00:00,-1,1.8463,1.9721435800736344,1.5946128398527313,1.7985,tempo,0.3798366191746216,0.3610107084796639,96,24.0,0.1258435800736344
SUI,2024-04-01 08:00:00+00:00,2024-04-01 08:00:00+00:00,2024-04-02 08:00:00+00:00,1,1.8895,1.782601513512644,2.1032969729747117,1.8183,tempo,-0.6660524609805544,-0.6885978690512764,96,24.0,0.10689848648735589
SUI,2024-04-19 04:00:00+00:00,2024-04-19 04:00:00+00:00,2024-04-19 18:30:00+00:00,1,1.2032,1.1163300180051479,1.3769399639897044,1.3769399639897044,alvo,2.0,1.9806942405410801,58,14.5,0.08686998199485219
SUI,2024-04-26 16:00:00+00:00,2024-04-26 16:00:00+00:00,2024-04-27 01:15:00+00:00,1,1.18,1.1512998483073174,1.237400303385365,1.1512998483073174,stop,-1.0,-1.052799194848371,37,9.25,0.028700151692682585
SUI,2024-04-30 00:00:00+00:00,2024-04-30 00:00:00+00:00,2024-04-30 08:45:00+00:00,1,1.1915,1.15695232615632,1.2605953476873601,1.15695232615632,stop,-1.0,-1.044185145978529,35,8.75,0.03454767384368007
SUI,2024-05-01 08:00:00+00:00,2024-05-01 08:00:00+00:00,2024-05-02 08:00:00+00:00,1,1.0976,1.0531347607114587,1.1865304785770823,1.1014,tempo,0.08546001462718535,0.05331467991472047,96,24.0,0.04446523928854118
SUI,2024-05-20 20:00:00+00:00,2024-05-20 20:00:00+00:00,2024-05-21 00:15:00+00:00,-1,1.1327,1.1527099065341173,1.0926801869317655,1.1527099065341173,stop,-1.0,-1.0742390493785836,17,4.25,0.020009906534117272
SUI,2024-06-02 20:00:00+00:00,2024-06-02 20:00:00+00:00,2024-06-03 02:45:00+00:00,-1,1.028,1.0438230974511118,0.9963538050977765,1.0438230974511118,stop,-1.0,-1.0851088111859288,27,6.75,0.015823097451111767
SUI,2024-06-22 04:00:00+00:00,2024-06-22 04:00:00+00:00,2024-06-22 08:15:00+00:00,-1,0.9221,0.9320826007344097,0.9021347985311806,0.9021347985311806,alvo,2.0,1.8812180662542162,17,4.25,0.009982600734409708
SUI,2024-06-23 16:00:00+00:00,2024-06-23 16:00:00+00:00,2024-06-24 05:45:00+00:00,-1,0.9113,0.9493294418348689,0.8352411163302622,0.8352411163302622,alvo,2.0,1.9701480834101077,55,13.75,0.03802944183486889
SUI,2024-07-02 16:00:00+00:00,2024-07-02 16:00:00+00:00,2024-07-03 16:00:00+00:00,-1,0.814,0.8412465952828072,0.7595068094343854,0.7919,tempo,0.8111105175017999,0.7727998592648544,96,24.0,0.027246595282807262
SUI,2024-07-03 16:00:00+00:00,2024-07-03 16:00:00+00:00,2024-07-03 18:15:00+00:00,1,0.7919,0.7772776606286731,0.821144678742654,0.7772776606286731,stop,-1.0,-1.069753919226406,9,2.25,0.014622339371326953
SUI,2024-07-11 16:00:00+00:00,2024-07-11 16:00:00+00:00,2024-07-12 16:00:00+00:00,-1,0.7495,0.7843797534436715,0.6797404931126572,0.7426,tempo,0.19782249926574375,0.17001654009902345,96,24.0,0.034879753443671446
SUI,2024-07-22 04:00:00+00:00,2024-07-22 04:00:00+00:00,2024-07-23 04:00:00+00:00,-1,0.8677,0.9096728089847823,0.7837543820304355,0.8384,tempo,0.6980709823500981,0.671649948666075,96,24.0,0.041972808984782284
SUI,2024-07-25 16:00:00+00:00,2024-07-25 16:00:00+00:00,2024-07-25 19:15:00+00:00,1,0.7372,0.7138240266352393,0.7839519467295214,0.7138240266352393,stop,-1.0,-1.0403476510943808,13,3.25,0.023375973364760716
SUI,2024-07-26 00:00:00+00:00,2024-07-26 00:00:00+00:00,2024-07-27 00:00:00+00:00,1,0.7491,0.7032483672098303,0.8408032655803394,0.7868,tempo,0.8222171753953923,0.8004440140214306,96,24.0,0.04585163279016968
SUI,2024-08-01 00:00:00+00:00,2024-08-01 00:00:00+00:00,2024-08-01 05:15:00+00:00,1,0.7066,0.6878528302598019,0.7440943394803962,0.6878528302598019,stop,-1.0,-1.0483483294934575,21,5.25,0.018747169740198077
SUI,2024-08-01 20:00:00+00:00,2024-08-01 20:00:00+00:00,2024-08-02 15:15:00+00:00,1,0.6913,0.6502561933448262,0.7733876133103477,0.6502561933448262,stop,-1.0,-1.02124587353703,77,19.25,0.04104380665517382
SUI,2024-08-03 04:00:00+00:00,2024-08-03 04:00:00+00:00,2024-08-03 17:15:00+00:00,1,0.6461,0.614041244796815,0.71021751040637,0.614041244796815,stop,-1.0,-1.0255497072149748,53,13.25,0.03205875520318502
SUI,2024-08-04 20:00:00+00:00,2024-08-04 20:00:00+00:00,2024-08-05 01:00:00+00:00,1,0.602,0.5564730257900212,0.6930539484199575,0.5564730257900212,stop,-1.0,-1.0165398091973015,20,5.0,0.045526974209978754
SUI,2024-08-05 08:00:00+00:00,2024-08-05 08:00:00+00:00,2024-08-06 08:00:00+00:00,1,0.5168,0.46158345864623307,0.627233082707534,0.5911,tempo,1.3456112639139621,1.3325692482001172,96,24.0,0.05521654135376697
SUI,2024-08-10 20:00:00+00:00,2024-08-10 20:00:00+00:00,2024-08-11 20:00:00+00:00,-1,0.929,0.970928780081477,0.8451424398370462,0.8865,tempo,1.0136235759164267,0.9854788267082014,96,24.0,0.041928780081476935
SUI,2024-08-24 08:00:00+00:00,2024-08-24 08:00:00+00:00,2024-08-24 17:15:00+00:00,-1,1.0173,1.0559540167086454,0.9399919665827094,1.0559540167086454,stop,-1.0,-1.0348635206793195,37,9.25,0.03865401670864532
SUI,2024-09-12 16:00:00+00:00,2024-09-12 16:00:00+00:00,2024-09-13 16:00:00+00:00,-1,1.0225,1.083061761601313,0.901376476797374,1.0258,tempo,-0.05448982844528974,-0.07647391485223361,96,24.0,0.06056176160131299
SUI,2024-09-22 16:00:00+00:00,2024-09-22 16:00:00+00:00,2024-09-22 17:15:00+00:00,-1,1.5061,1.595224156735238,1.3278516865295238,1.595224156735238,stop,-1.0,-1.0226185669039927,5,1.25,0.0891241567352381
SUI,2024-09-23 04:00:00+00:00,2024-09-23 04:00:00+00:00,2024-09-24 04:00:00+00:00,-1,1.6087,1.6676312375202809,1.4908375249594383,1.5415,tempo,1.1403120454898548,1.1055659568930334,96,24.0,0.058931237520280844
SUI,2024-10-01 08:00:00+00:00,2024-10-01 08:00:00+00:00,2024-10-01 17:30:00+00:00,-1,1.8549,1.9507621346472999,1.6631757307054003,1.6631757307054003,alvo,2.0,1.9761454380984524,38,9.5,0.09586213464729987
SUI,2024-10-01 20:00:00+00:00,2024-10-01 20:00:00+00:00,2024-10-02 07:00:00+00:00,1,1.7307,1.6307936291953196,1.9305127416093606,1.9305127416093606,alvo,2.0,1.9761798145315614,44,11.0,0.09990637080468034
SUI,2024-10-09 16:00:00+00:00,2024-10-09 16:00:00+00:00,2024-10-09 21:00:00+00:00,1,1.9837,1.852663131637346,2.245773736725308,1.852663131637346,stop,-1.0,-1.0190300338120335,20,5.0,0.13103686836265394
SUI,2024-10-28 20:00:00+00:00,2024-10-28 20:00:00+00:00,2024-10-29 00:45:00+00:00,1,1.6699,1.5827557937968817,1.8441884124062364,1.8441884124062364,alvo,2.0,1.973788762700528,19,4.75,0.08714420620311825
SUI,2024-10-29 20:00:00+00:00,2024-10-29 20:00:00+00:00,2024-10-30 00:30:00+00:00,-1,1.9978,2.1191591883848964,1.7550816232302073,2.1191591883848964,stop,-1.0,-1.0220504397570875,18,4.5,0.12135918838489634
SUI,2024-11-01 16:00:00+00:00,2024-11-01 16:00:00+00:00,2024-11-02 16:00:00+00:00,-1,1.9499,2.1329647191080325,1.5837705617839348,1.9125,tempo,0.20429933294754024,0.19058527590677077,96,24.0,0.18306471910803257
SUI,2024-11-03 16:00:00+00:00,2024-11-03 16:00:00+00:00,2024-11-04 16:00:00+00:00,1,1.8434,1.7545755124259086,2.0210489751481826,1.891,tempo,0.5358882589702013,0.5085606597203294,96,24.0,0.08882448757409134
SUI,2024-11-06 08:00:00+00:00,2024-11-06 08:00:00+00:00,2024-11-07 01:45:00+00:00,-1,2.2346,2.385696165197203,1.932407669605594,2.385696165197203,stop,-1.0,-1.019876033938112,71,17.75,0.15109616519720293
SUI,2024-11-07 04:00:00+00:00,2024-11-07 04:00:00+00:00,2024-11-08 04:00:00+00:00,-1,2.3034,2.4178897689775787,2.0744204620448423,2.3144,tempo,-0.09607845398093445,-0.12229538171871175,96,24.0,0.11448976897757879
SUI,2024-11-13 00:00:00+00:00,2024-11-13 00:00:00+00:00,2024-11-13 05:00:00+00:00,-1,3.2166,3.384908695748514,2.879982608502972,2.879982608502972,alvo,2.0,1.9764552943749971,20,5.0,0.16830869574851404
SUI,2024-11-13 20:00:00+00:00,2024-11-13 20:00:00+00:00,2024-11-14 05:45:00+00:00,-1,3.2268,3.5050884870138175,2.6702230259723647,3.5050884870138175,stop,-1.0,-1.0157237101811607,39,9.75,0.2782884870138176
SUI,2024-11-21 12:00:00+00:00,2024-11-21 12:00:00+00:00,2024-11-22 12:00:00+00:00,1,3.4812,3.276660722305623,3.8902785553887536,3.5887,tempo,0.5255714267292305,0.5031041771534962,96,24.0,0.20453927769437685
SUI,2024-11-24 00:00:00+00:00,2024-11-24 00:00:00+00:00,2024-11-24 12:30:00+00:00,1,3.4398,3.3031832573601454,3.713033485279709,3.3031832573601454,stop,-1.0,-1.0320820057087605,50,12.5,0.13661674263985457
SUI,2024-12-13 16:00:00+00:00,2024-12-13 16:00:00+00:00,2024-12-14 16:00:00+00:00,-1,4.7551,4.977902549742172,4.309494900515655,4.5646,tempo,0.8550171450930263,0.8278280262655707,96,24.0,0.2228025497421724
SUI,2024-12-16 00:00:00+00:00,2024-12-16 00:00:00+00:00,2024-12-16 00:45:00+00:00,-1,4.7827,4.891260751230725,4.565578497538551,4.891260751230725,stop,-1.0,-1.057922171844002,3,0.75,0.1085607512307245
SUI,2024-12-19 04:00:00+00:00,2024-12-19 04:00:00+00:00,2024-12-19 19:45:00+00:00,1,4.401,4.013405907749115,5.17618818450177,4.013405907749115,stop,-1.0,-1.0141110608994954,63,15.75,0.38759409225088515
SUI,2025-01-04 16:00:00+00:00,2025-01-04 16:00:00+00:00,2025-01-04 23:00:00+00:00,-1,5.1763,5.35504778815813,4.8188044236837415,5.35504778815813,stop,-1.0,-1.0382962840146979,28,7.0,0.17874778815812942
SUI,2025-01-08 20:00:00+00:00,2025-01-08 20:00:00+00:00,2025-01-09 20:00:00+00:00,1,4.6424,4.336028926205241,5.255142147589519,4.6735,tempo,0.10151088878852069,0.08174618017880211,96,24.0,0.30637107379475914
SUI,2025-01-19 00:00:00+00:00,2025-01-19 00:00:00+00:00,2025-01-19 22:15:00+00:00,-1,5.0047,5.184857490861253,4.644385018277493,4.644385018277493,alvo,2.0,1.9651865418867838,89,22.25,0.18015749086125332
SUI,2025-02-03 00:00:00+00:00,2025-02-03 00:00:00+00:00,2025-02-03 02:00:00+00:00,1,3.3052,3.0133114039951696,3.888977192009661,3.0133114039951696,stop,-1.0,-1.0140705476980296,8,2.0,0.2918885960048305
SUI,2025-02-04 20:00:00+00:00,2025-02-04 20:00:00+00:00,2025-02-05 20:00:00+00:00,-1,3.6229,3.9633338377515224,2.9420323244969553,3.4002,tempo,0.6541652894168105,0.640755885022257,96,24.0,0.34043383775152236
SUI,2025-02-12 16:00:00+00:00,2025-02-12 16:00:00+00:00,2025-02-12 22:30:00+00:00,1,3.2128,3.046002277056104,3.5463954458877924,3.5463954458877924,alvo,2.0,1.9736598500130313,26,6.5,0.16679772294389617
SUI,2025-02-20 16:00:00+00:00,2025-02-20 16:00:00+00:00,2025-02-20 17:30:00+00:00,-1,3.2833,3.390117261196224,3.0696654776075527,3.390117261196224,stop,-1.0,-1.0406088039629582,6,1.5,0.1068172611962237
SUI,2025-02-24 08:00:00+00:00,2025-02-24 08:00:00+00:00,2025-02-24 10:45:00+00:00,1,3.322,3.197154766701432,3.5716904665971363,3.197154766701432,stop,-1.0,-1.0339416290586125,11,2.75,0.12484523329856811
SUI,2025-02-25 12:00:00+00:00,2025-02-25 12:00:00+00:00,2025-02-26 12:00:00+00:00,1,2.7847,2.5851047999133674,3.183890400173265,2.962,tempo,0.8882979145943626,0.8695832611438853,96,24.0,0.19959520008663256
SUI,2025-03-04 20:00:00+00:00,2025-03-04 20:00:00+00:00,2025-03-05 20:00:00+00:00,1,2.5531,2.2104506764290703,3.2383986471418598,2.623,tempo,0.20399865165801354,0.19417967707216835,96,24.0,0.3426493235709298
SUI,2025-03-11 04:00:00+00:00,2025-03-11 04:00:00+00:00,2025-03-12 04:00:00+00:00,1,2.1231,1.9294798880219968,2.5103402239560064,2.2018,tempo,0.4064660390700576,0.391946963694668,96,24.0,0.19362011197800322
SUI,2025-03-19 20:00:00+00:00,2025-03-19 20:00:00+00:00,2025-03-20 00:15:00+00:00,-1,2.4251,2.4966386385663966,2.282022722867207,2.4966386385663966,stop,-1.0,-1.044718912453149,17,4.25,0.07153863856639653
SUI,2025-03-20 04:00:00+00:00,2025-03-20 04:00:00+00:00,2025-03-21 04:00:00+00:00,-1,2.4148,2.520328628309414,2.2037427433811723,2.3124,tempo,0.9703528003771604,0.9412357726167807,96,24.0,0.1055286283094139
SUI,2025-03-26 16:00:00+00:00,2025-03-26 16:00:00+00:00,2025-03-27 01:15:00+00:00,-1,2.561,2.6729701375126953,2.3370597249746092,2.6729701375126953,stop,-1.0,-1.0303838207664746,37,9.25,0.11197013751269536
SUI,2025-03-27 12:00:00+00:00,2025-03-27 12:00:00+00:00,2025-03-28 12:00:00+00:00,-1,2.723,2.851236132451181,2.466527735097638,2.552,tempo,1.333477520971704,1.3067397370533897,96,24.0,0.12823613245118093
