activo,sinal_em,entrada_em,saida_em,lado,entrada,stop,alvo,saida,motivo,R_bruto,R_liquido,duracao,duracao_h,R_preco
BTC,2023-01-04 08:00:00+00:00,2023-01-04 08:00:00+00:00,2023-01-04 17:45:00+00:00,-1,16862.5,16927.835915069973,16731.828169860055,16927.835915069973,stop,-1.0,-1.3361660783548082,39,9.75,65.33591506997254
BTC,2023-01-04 20:00:00+00:00,2023-01-04 20:00:00+00:00,2023-01-05 20:00:00+00:00,-1,16835.9,17018.618616734413,16470.46276653118,16856.4,tempo,-0.1121943694976496,-0.23205076613309736,96,24.0,182.71861673441163
BTC,2023-01-06 16:00:00+00:00,2023-01-06 16:00:00+00:00,2023-01-07 16:00:00+00:00,1,16834.1,16639.00871243805,17224.282575123892,16934.5,tempo,0.514630874882722,0.40212154515147813,96,24.0,195.09128756194696
BTC,2023-01-13 00:00:00+00:00,2023-01-13 00:00:00+00:00,2023-01-13 15:30:00+00:00,-1,18838.1,19226.289737902593,18061.72052419481,19226.289737902593,stop,-1.0,-1.0637364951049917,62,15.5,388.18973790259406
BTC,2023-01-18 16:00:00+00:00,2023-01-18 16:00:00+00:00,2023-01-19 16:00:00+00:00,-1,21035.5,21770.83445575394,19564.831088492123,20870.7,tempo,0.22411570505156025,0.18707265642673848,96,24.0,735.3344557539385
BTC,2023-01-29 04:00:00+00:00,2023-01-29 04:00:00+00:00,2023-01-29 11:15:00+00:00,-1,23190.0,23581.70833436533,22406.583331269343,23581.70833436533,stop,-1.0,-1.0776128760869899,29,7.25,391.7083343653285
BTC,2023-02-02 04:00:00+00:00,2023-02-02 04:00:00+00:00,2023-02-03 04:00:00+00:00,-1,23852.1,24383.811330759618,22788.67733848076,23534.9,tempo,0.596564304068592,0.5386352207142915,96,24.0,531.7113307596192
BTC,2023-02-19 20:00:00+00:00,2023-02-19 20:00:00+00:00,2023-02-20 20:00:00+00:00,-1,24512.5,25291.858354760592,22953.783290478816,24878.5,tempo,-0.4696170866256127,-0.5108101396081036,96,24.0,779.3583547605922
BTC,2023-02-21 12:00:00+00:00,2023-02-21 12:00:00+00:00,2023-02-22 12:00:00+00:00,-1,24572.6,25451.293451643895,22815.213096712207,24156.4,tempo,0.4736577918287122,0.43761126167562725,96,24.0,878.693451643896
BTC,2023-02-27 16:00:00+00:00,2023-02-27 16:00:00+00:00,2023-02-28 16:00:00+00:00,-1,23546.5,23968.008309385583,22703.483381228834,23511.2,tempo,0.08374686622774954,0.011180076157617166,96,24.0,421.50830938558283
BTC,2023-03-07 16:00:00+00:00,2023-03-07 16:00:00+00:00,2023-03-08 05:45:00+00:00,1,22307.6,21850.907226642077,23220.98554671584,21850.907226642077,stop,-1.0,-1.0628497567112192,55,13.75,456.6927733579214
BTC,2023-03-09 12:00:00+00:00,2023-03-09 12:00:00+00:00,2023-03-09 17:00:00+00:00,1,21664.4,21450.337913188396,22092.524173623213,21450.337913188396,stop,-1.0,-1.130917997021288,20,5.0,214.0620868116057
BTC,2023-03-10 04:00:00+00:00,2023-03-10 04:00:00+00:00,2023-03-10 11:00:00+00:00,1,20042.1,19636.768267618125,20852.763464763746,19636.768267618125,stop,-1.0,-1.0636300154009486,28,7.0,405.33173238187373
BTC,2023-03-14 08:00:00+00:00,2023-03-14 08:00:00+00:00,2023-03-14 12:45:00+00:00,-1,24252.3,25010.55846568505,22735.783068629895,25010.55846568505,stop,-1.0,-1.0422294764276268,19,4.75,758.2584656850522
BTC,2023-03-22 20:00:00+00:00,2023-03-22 20:00:00+00:00,2023-03-23 20:00:00+00:00,-1,26653.3,29068.88529782909,21822.12940434182,28362.5,tempo,-0.7075717845840822,-0.7223757619191563,96,24.0,2415.5852978290895
BTC,2023-04-04 00:00:00+00:00,2023-04-04 00:00:00+00:00,2023-04-05 00:00:00+00:00,1,27786.1,27029.512143122043,29299.27571375591,28155.2,tempo,0.48784816812033693,0.4397878606894902,96,24.0,756.5878568779553
BTC,2023-04-14 08:00:00+00:00,2023-04-14 08:00:00+00:00,2023-04-15 08:00:00+00:00,-1,30739.9,31162.809168454485,29894.081663091034,30416.6,tempo,0.7644667557846966,0.6704708626588224,96,24.0,422.90916845448373
BTC,2023-04-20 04:00:00+00:00,2023-04-20 04:00:00+00:00,2023-04-20 12:30:00+00:00,1,28850.0,28393.13607751181,29763.727844976383,28393.13607751181,stop,-1.0,-1.0814422777087294,34,8.5,456.86392248819175
BTC,2023-04-21 08:00:00+00:00,2023-04-21 08:00:00+00:00,2023-04-21 19:15:00+00:00,1,28142.4,27685.28306708699,29056.63386582602,27685.28306708699,stop,-1.0,-1.0793844886960515,45,11.25,457.1169329130098
BTC,2023-04-24 20:00:00+00:00,2023-04-24 20:00:00+00:00,2023-04-25 20:00:00+00:00,1,27373.8,26800.12400126529,28521.15199746942,27596.1,tempo,0.3875009595839815,0.32521765841955,96,24.0,573.6759987347104
BTC,2023-05-05 04:00:00+00:00,2023-05-05 04:00:00+00:00,2023-05-05 16:30:00+00:00,-1,29187.0,29654.685524311273,28251.628951377454,29654.685524311273,stop,-1.0,-1.0817795155133914,50,12.5,467.6855243112732
BTC,2023-05-10 20:00:00+00:00,2023-05-10 20:00:00+00:00,2023-05-11 20:00:00+00:00,1,27683.6,26531.216483649983,29988.36703270003,26831.4,tempo,-0.739510751333202,-0.7702598461417026,96,24.0,1152.3835163500153
BTC,2023-05-18 20:00:00+00:00,2023-05-18 20:00:00+00:00,2023-05-19 20:00:00+00:00,1,26719.3,26229.194678034728,27699.510643930542,26826.4,tempo,0.218524458315495,0.1475097122188055,96,24.0,490.1053219652713
BTC,2023-05-29 04:00:00+00:00,2023-05-29 04:00:00+00:00,2023-05-30 04:00:00+00:00,-1,27948.0,28531.36621989041,26781.26756021918,27815.0,tempo,0.22798714677888832,0.1658547353293376,96,24.0,583.3662198904094
BTC,2023-06-02 04:00:00+00:00,2023-06-02 04:00:00+00:00,2023-06-03 04:00:00+00:00,1,26985.2,26396.378406372434,28162.843187255134,27130.9,tempo,0.24744337092392188,0.18770462258201118,96,24.0,588.8215936275665
BTC,2023-06-05 00:00:00+00:00,2023-06-05 00:00:00+00:00,2023-06-05 16:00:00+00:00,-1,27102.4,27510.42790764193,26286.344184716145,26286.344184716145,alvo,2.0,1.9149502201439628,64,16.0,408.0279076419283
BTC,2023-06-10 20:00:00+00:00,2023-06-10 20:00:00+00:00,2023-06-11 20:00:00+00:00,1,25738.2,25188.602055625346,26837.39588874931,26021.0,tempo,0.5145579653173116,0.4533432531002193,96,24.0,549.5979443746546
BTC,2023-06-15 12:00:00+00:00,2023-06-15 12:00:00+00:00,2023-06-15 21:15:00+00:00,1,25007.0,24696.277115343393,25628.445769313214,25628.445769313214,alvo,2.0,1.8940759069405937,37,9.25,310.72288465660677
BTC,2023-06-20 04:00:00+00:00,2023-06-20 04:00:00+00:00,2023-06-20 16:30:00+00:00,-1,26880.7,27259.778168140452,26122.543663719098,27259.778168140452,stop,-1.0,-1.0928339159754845,50,12.5,379.07816814045145
BTC,2023-06-27 16:00:00+00:00,2023-06-27 16:00:00+00:00,2023-06-28 16:00:00+00:00,-1,30487.4,31103.983798528967,29254.23240294207,30399.8,tempo,0.14207314595193174,0.07788612045041625,96,24.0,616.5837985289654
BTC,2023-07-06 12:00:00+00:00,2023-07-06 12:00:00+00:00,2023-07-07 12:00:00+00:00,-1,30833.0,31680.975790521985,29137.04841895603,30104.0,tempo,0.8596943546598808,0.812984235759413,96,24.0,847.9757905219849
BTC,2023-07-17 12:00:00+00:00,2023-07-17 12:00:00+00:00,2023-07-17 18:45:00+00:00,1,30145.0,29859.07221436924,30716.85557126152,29859.07221436924,stop,-1.0,-1.1364073339472753,27,6.75,285.9277856307599
BTC,2023-07-24 16:00:00+00:00,2023-07-24 16:00:00+00:00,2023-07-25 16:00:00+00:00,1,29085.9,28743.61051405934,29770.478971881326,29167.0,tempo,0.23693395015369428,0.1263130092388922,96,24.0,342.2894859406624
BTC,2023-07-27 00:00:00+00:00,2023-07-27 00:00:00+00:00,2023-07-28 00:00:00+00:00,-1,29336.0,29742.430619759274,28523.13876048145,29209.7,tempo,0.3107541456271327,0.21712265442073808,96,24.0,406.4306197592741
BTC,2023-07-31 00:00:00+00:00,2023-07-31 00:00:00+00:00,2023-08-01 00:00:00+00:00,1,29271.2,28962.57867049564,29888.44265900872,29220.8,tempo,-0.16330692399304647,-0.2864993166285752,96,24.0,308.6213295043599
BTC,2023-08-01 16:00:00+00:00,2023-08-01 16:00:00+00:00,2023-08-02 01:15:00+00:00,1,28943.0,28484.23833220724,29860.523335585523,29860.523335585523,alvo,2.0,1.9166837753641681,37,9.25,458.7616677927617
BTC,2023-08-02 04:00:00+00:00,2023-08-02 04:00:00+00:00,2023-08-03 04:00:00+00:00,-1,29622.5,30143.66056311146,28580.178873777077,29170.1,tempo,0.8680626126026457,0.7947355178358323,96,24.0,521.1605631114617
BTC,2023-08-07 20:00:00+00:00,2023-08-07 20:00:00+00:00,2023-08-08 20:00:00+00:00,1,29144.9,28627.205696011104,30180.288607977796,29866.4,tempo,1.3936796183399256,1.3195869642302474,96,24.0,517.6943039888974
BTC,2023-08-09 00:00:00+00:00,2023-08-09 00:00:00+00:00,2023-08-10 00:00:00+00:00,-1,29758.9,30331.744209923527,28613.21158015295,29572.8,tempo,0.3248701772247057,0.25754715233954795,96,24.0,572.8442099235253
BTC,2023-08-14 04:00:00+00:00,2023-08-14 04:00:00+00:00,2023-08-15 04:00:00+00:00,1,29390.0,29036.45905948029,30097.08188103942,29386.9,tempo,-0.008768432859406624,-0.11683225410692094,96,24.0,353.5409405197097
BTC,2023-08-23 00:00:00+00:00,2023-08-23 00:00:00+00:00,2023-08-24 00:00:00+00:00,1,26044.5,25192.661355762735,27748.17728847453,26419.2,tempo,0.4398720374273541,0.39983933260620297,96,24.0,851.8386442372648
BTC,2023-09-06 20:00:00+00:00,2023-09-06 20:00:00+00:00,2023-09-07 20:00:00+00:00,1,25679.5,25252.707954678168,26533.084090643664,25867.1,tempo,0.43955833304843944,0.3610533787802909,96,24.0,426.7920453218321
BTC,2023-09-10 20:00:00+00:00,2023-09-10 20:00:00+00:00,2023-09-11 14:15:00+00:00,1,25786.7,25465.83886161784,26428.42227676432,25465.83886161784,stop,-1.0,-1.1038273142956099,73,18.25,320.86113838215897
BTC,2023-09-16 00:00:00+00:00,2023-09-16 00:00:00+00:00,2023-09-17 00:00:00+00:00,-1,26591.1,26964.947170624328,25843.40565875134,26546.9,tempo,0.11823013111529664,0.025840238362281262,96,24.0,373.847170624329
BTC,2023-09-18 04:00:00+00:00,2023-09-18 04:00:00+00:00,2023-09-18 12:45:00+00:00,1,26646.2,26312.90798365823,27312.78403268354,27312.78403268354,alvo,2.0,1.8947669373955875,35,8.75,333.29201634176934
BTC,2023-10-02 12:00:00+00:00,2023-10-02 12:00:00+00:00,2023-10-02 14:15:00+00:00,-1,28183.1,28562.569777819794,27424.16044436041,28562.569777819794,stop,-1.0,-1.0972005875342696,9,2.25,379.4697778197951
BTC,2023-10-02 16:00:00+00:00,2023-10-02 16:00:00+00:00,2023-10-03 16:00:00+00:00,-1,28015.0,28720.348536399186,26604.30292720163,27332.0,tempo,0.9683156124300258,0.9173116787100302,96,24.0,705.3485363991858
BTC,2023-10-05 16:00:00+00:00,2023-10-05 16:00:00+00:00,2023-10-06 16:00:00+00:00,-1,27540.0,28193.060870843623,26233.878258312754,27926.5,tempo,-0.5918284454873555,-0.6470349761640848,96,24.0,653.060870843623
BTC,2023-10-06 16:00:00+00:00,2023-10-06 16:00:00+00:00,2023-10-07 16:00:00+00:00,1,27926.6,27054.87445613518,29670.051087729633,27926.4,tempo,-0.0002294300097142784,-0.041876081591177984,96,24.0,871.7255438648172
BTC,2023-10-09 20:00:00+00:00,2023-10-09 20:00:00+00:00,2023-10-10 20:00:00+00:00,1,27607.7,27178.98808648619,28465.12382702762,27386.4,tempo,-0.5161974580696392,-0.5995778444624904,96,24.0,428.7119135138091
BTC,2023-10-14 00:00:00+00:00,2023-10-14 00:00:00+00:00,2023-10-15 00:00:00+00:00,-1,26849.7,27191.13230219465,26166.835395610706,26836.3,tempo,0.03924643308166617,-0.0629580149910477,96,24.0,341.4323021946475
BTC,2023-10-16 16:00:00+00:00,2023-10-16 16:00:00+00:00,2023-10-17 16:00:00+00:00,-1,28054.1,30897.11883683347,22368.062326333056,28445.8,tempo,-0.1377760832693858,-0.15069366739658208,96,24.0,2843.018836833471
BTC,2023-10-23 08:00:00+00:00,2023-10-23 08:00:00+00:00,2023-10-23 17:00:00+00:00,-1,30508.0,31113.967372413248,29296.065255173504,31113.967372413248,stop,-1.0,-1.0660997284928948,36,9.0,605.9673724132481
BTC,2023-11-02 04:00:00+00:00,2023-11-02 04:00:00+00:00,2023-11-02 16:30:00+00:00,-1,35577.9,36160.70604947949,34412.28790104102,34412.28790104102,alvo,2.0,1.9219403742011474,50,12.5,582.8060494794918
BTC,2023-11-09 00:00:00+00:00,2023-11-09 00:00:00+00:00,2023-11-09 02:30:00+00:00,-1,35626.7,36284.61304441889,34310.87391116221,36284.61304441889,stop,-1.0,-1.0710464002429956,10,2.5,657.9130444188922
BTC,2023-11-13 04:00:00+00:00,2023-11-13 04:00:00+00:00,2023-11-14 04:00:00+00:00,-1,36941.2,37548.668151740014,35726.26369651996,36473.0,tempo,0.7707399946135391,0.6921857035559517,96,24.0,607.4681517400168
BTC,2023-11-21 16:00:00+00:00,2023-11-21 16:00:00+00:00,2023-11-21 23:45:00+00:00,1,36975.8,36070.61196674881,38786.17606650239,36070.61196674881,stop,-1.0,-1.052453375469239,31,7.75,905.1880332511937
BTC,2023-11-23 00:00:00+00:00,2023-11-23 00:00:00+00:00,2023-11-24 00:00:00+00:00,-1,37413.5,38037.723828982096,36165.05234203581,37294.3,tempo,0.19095714464212796,0.11316442391375475,96,24.0,624.2238289820962
BTC,2023-12-04 12:00:00+00:00,2023-12-04 12:00:00+00:00,2023-12-04 22:15:00+00:00,-1,41605.9,42361.74297571282,40094.214048574366,42361.74297571282,stop,-1.0,-1.0722094002166802,41,10.25,755.8429757128179
BTC,2023-12-14 00:00:00+00:00,2023-12-14 00:00:00+00:00,2023-12-14 13:45:00+00:00,-1,42875.0,43702.6030452458,41219.7939095084,41219.7939095084,alvo,2.0,1.9339518911207656,55,13.75,827.6030452457999
BTC,2023-12-18 12:00:00+00:00,2023-12-18 12:00:00+00:00,2023-12-18 21:15:00+00:00,1,41137.2,40398.038617152146,42615.5227656957,42615.5227656957,alvo,2.0,1.9263499540682743,37,9.25,739.1613828478512
BTC,2023-12-22 08:00:00+00:00,2023-12-22 08:00:00+00:00,2023-12-23 08:00:00+00:00,-1,43614.0,44648.69597522595,41544.6080495481,43582.0,tempo,0.030926958996831948,-0.023849904310888147,96,24.0,1034.69597522595
BTC,2023-12-30 00:00:00+00:00,2023-12-30 00:00:00+00:00,2023-12-31 00:00:00+00:00,1,42095.1,41107.473894355775,44070.352211288446,42174.2,tempo,0.08009103804359445,0.024629720560223042,96,24.0,987.6261056442236
BTC,2024-01-03 16:00:00+00:00,2024-01-03 16:00:00+00:00,2024-01-04 16:00:00+00:00,1,43014.0,40008.890816757805,49024.21836648439,44050.4,tempo,0.3448793161258239,0.32604743463693125,96,24.0,3005.1091832421953
BTC,2024-01-10 00:00:00+00:00,2024-01-10 00:00:00+00:00,2024-01-11 00:00:00+00:00,-1,46113.9,48440.38374015684,41460.93251968633,46662.9,tempo,-0.23597843841495747,-0.26189949643014676,96,24.0,2326.4837401568366
BTC,2024-01-11 16:00:00+00:00,2024-01-11 16:00:00+00:00,2024-01-12 16:00:00+00:00,-1,46813.4,49414.204721452326,41611.79055709535,44495.1,tempo,0.8913779573213911,0.8685578953188668,96,24.0,2600.804721452325
BTC,2024-01-22 12:00:00+00:00,2024-01-22 12:00:00+00:00,2024-01-22 19:00:00+00:00,1,40809.5,40217.012605583106,41994.47478883379,40217.012605583106,stop,-1.0,-1.0888917362460722,28,7.0,592.487394416894
BTC,2024-01-27 00:00:00+00:00,2024-01-27 00:00:00+00:00,2024-01-28 00:00:00+00:00,-1,41806.4,42390.686397384954,40637.827205230096,42102.2,tempo,-0.5062585768278807,-0.5996042207519962,96,24.0,584.2863973849526
BTC,2024-01-30 16:00:00+00:00,2024-01-30 16:00:00+00:00,2024-01-31 16:00:00+00:00,-1,43355.4,44031.46565142533,42003.268697149346,43341.8,tempo,0.020116389541941816,-0.06323820757624096,96,24.0,676.0656514253278
BTC,2024-02-05 16:00:00+00:00,2024-02-05 16:00:00+00:00,2024-02-06 16:00:00+00:00,-1,42629.7,43707.17038717336,40474.759225653266,43232.0,tempo,-0.5589944811198719,-0.610791825774895,96,24.0,1077.4703871733655
BTC,2024-02-08 20:00:00+00:00,2024-02-08 20:00:00+00:00,2024-02-09 02:30:00+00:00,-1,45260.2,45634.41171641187,44511.776567176246,45634.41171641187,stop,-1.0,-1.1578825435562787,26,6.5,374.2117164118754
BTC,2024-02-09 20:00:00+00:00,2024-02-09 20:00:00+00:00,2024-02-10 20:00:00+00:00,-1,47486.3,48451.67844969803,45555.54310060394,47511.2,tempo,-0.02579299341909165,-0.08975586209439188,96,24.0,965.3784496980297
BTC,2024-02-12 20:00:00+00:00,2024-02-12 20:00:00+00:00,2024-02-13 20:00:00+00:00,-1,49545.9,50627.075979209236,47383.54804158153,49044.9,tempo,0.46338432376792943,0.40411180825489457,96,24.0,1081.1759792092344
BTC,2024-02-15 16:00:00+00:00,2024-02-15 16:00:00+00:00,2024-02-16 16:00:00+00:00,-1,51968.6,53087.65984335036,49730.480313299275,51909.3,tempo,0.05299091049720532,-0.007346019114931816,96,24.0,1119.059843350362
BTC,2024-02-20 16:00:00+00:00,2024-02-20 16:00:00+00:00,2024-02-21 16:00:00+00:00,-1,51712.7,53296.00534713498,48546.08930573003,51183.7,tempo,0.33411116873775076,0.2918687420820048,96,24.0,1583.305347134985
BTC,2024-02-21 16:00:00+00:00,2024-02-21 16:00:00+00:00,2024-02-22 16:00:00+00:00,1,51183.6,50310.735472395085,52929.329055209826,51630.0,tempo,0.5114195684236309,0.4348568970279056,96,24.0,872.8645276049137
BTC,2024-02-27 00:00:00+00:00,2024-02-27 00:00:00+00:00,2024-02-27 01:45:00+00:00,-1,54511.7,55195.039099750895,53145.0218004982,55195.039099750895,stop,-1.0,-1.1043543102404545,7,1.75,683.3390997508977
BTC,2024-03-05 16:00:00+00:00,2024-03-05 16:00:00+00:00,2024-03-05 20:00:00+00:00,-1,66839.8,69902.3647426059,60714.6705147882,60714.6705147882,alvo,2.0,1.9729277867399255,16,4.0,3062.5647426059004
BTC,2024-03-12 16:00:00+00:00,2024-03-12 16:00:00+00:00,2024-03-13 08:30:00+00:00,-1,71779.2,73747.32807270609,67842.94385458781,73747.32807270609,stop,-1.0,-1.0480620364899316,66,16.5,1968.1280727060948
BTC,2024-03-15 12:00:00+00:00,2024-03-15 12:00:00+00:00,2024-03-16 12:00:00+00:00,1,67818.3,64923.91174755376,73607.0765048925,68300.1,tempo,0.166460045431984,0.13589159632180603,96,24.0,2894.388252446246
BTC,2024-03-17 08:00:00+00:00,2024-03-17 08:00:00+00:00,2024-03-17 22:45:00+00:00,1,65681.1,64125.20062967125,68792.89874065752,68792.89874065752,alvo,2.0,1.9438214958831441,59,14.75,1555.899370328756
BTC,2024-03-19 16:00:00+00:00,2024-03-19 16:00:00+00:00,2024-03-19 23:15:00+00:00,1,64084.1,61900.876455532176,68450.54708893565,61900.876455532176,stop,-1.0,-1.0375088638557428,29,7.25,2183.2235444678226
BTC,2024-03-27 16:00:00+00:00,2024-03-27 16:00:00+00:00,2024-03-28 16:00:00+00:00,-1,68922.1,72280.52287124704,62205.254257505934,71335.1,tempo,-0.7184920102405135,-0.7456378413329954,96,24.0,3358.422871247036
BTC,2024-04-01 20:00:00+00:00,2024-04-01 20:00:00+00:00,2024-04-02 02:45:00+00:00,1,69682.2,67825.13376638787,73396.33246722426,67825.13376638787,stop,-1.0,-1.0481295525869865,27,6.75,1857.0662336121313
BTC,2024-04-03 04:00:00+00:00,2024-04-03 04:00:00+00:00,2024-04-04 04:00:00+00:00,1,66252.2,64145.367476400505,70465.86504719898,65637.2,tempo,-0.2919073980067867,-0.33259791756148527,96,24.0,2106.8325235994926
BTC,2024-04-09 16:00:00+00:00,2024-04-09 16:00:00+00:00,2024-04-10 12:45:00+00:00,1,69322.8,68196.3173553957,71575.7652892086,68196.3173553957,stop,-1.0,-1.0793509129582786,83,20.75,1126.4826446043007
BTC,2024-04-19 04:00:00+00:00,2024-04-19 04:00:00+00:00,2024-04-20 04:00:00+00:00,1,61757.1,59095.15815589146,67080.98368821706,63931.8,tempo,0.8169599966329447,0.7862689485994142,96,24.0,2661.9418441085363
BTC,2024-04-25 16:00:00+00:00,2024-04-25 16:00:00+00:00,2024-04-26 16:00:00+00:00,1,64091.6,62426.7469992189,67421.30600156219,63481.3,tempo,-0.3665789109991461,-0.41638654264055547,96,24.0,1664.8530007810987
BTC,2024-04-30 04:00:00+00:00,2024-04-30 04:00:00+00:00,2024-04-30 12:15:00+00:00,-1,63627.1,64978.10140784107,60925.09718431785,60925.09718431785,alvo,2.0,1.9400748750519954,33,8.25,1351.001407841075
BTC,2024-05-21 04:00:00+00:00,2024-05-21 04:00:00+00:00,2024-05-22 04:00:00+00:00,-1,71323.7,72470.6750196652,69029.7499606696,70002.0,tempo,1.1523354714262186,1.0722450567048813,96,24.0,1146.9750196652021
BTC,2024-05-24 00:00:00+00:00,2024-05-24 00:00:00+00:00,2024-05-25 00:00:00+00:00,1,67999.9,65816.15030119142,72367.39939761715,68584.1,tempo,0.2675215022668317,0.22686684296753704,96,24.0,2183.749698808577
BTC,2024-05-27 20:00:00+00:00,2024-05-27 20:00:00+00:00,2024-05-28 20:00:00+00:00,-1,69297.9,70973.92338151472,65945.85323697055,68466.5,tempo,0.49605513214774394,0.4426269634314632,96,24.0,1676.0233815147221
BTC,2024-05-28 20:00:00+00:00,2024-05-28 20:00:00+00:00,2024-05-29 20:00:00+00:00,1,68466.4,66979.45030331708,71440.29939336583,67315.9,tempo,-0.7737316215649606,-0.8330870222196611,96,24.0,1486.9496966829174
BTC,2024-05-30 20:00:00+00:00,2024-05-30 20:00:00+00:00,2024-05-31 20:00:00+00:00,-1,68705.0,69819.49363234894,66476.01273530212,67719.9,tempo,0.8838991730475672,0.804332827914573,96,24.0,1114.4936323489383
BTC,2024-05-31 20:00:00+00:00,2024-05-31 20:00:00+00:00,2024-06-01 20:00:00+00:00,1,67720.0,66478.30904126582,70203.38191746836,67779.7,tempo,0.048079596279622765,-0.02285174487291839,96,24.0,1241.6909587341797
BTC,2024-06-04 20:00:00+00:00,2024-06-04 20:00:00+00:00,2024-06-05 07:45:00+00:00,-1,70459.1,71396.198915262,68584.90216947603,71396.198915262,stop,-1.0,-1.098395103006967,47,11.75,937.0989152619877
BTC,2024-06-18 04:00:00+00:00,2024-06-18 04:00:00+00:00,2024-06-18 15:15:00+00:00,1,65474.9,64279.16834218985,67866.36331562031,64279.16834218985,stop,-1.0,-1.0705343409380688,45,11.25,1195.7316578101527
BTC,2024-06-25 00:00:00+00:00,2024-06-25 00:00:00+00:00,2024-06-26 00:00:00+00:00,1,60273.5,57889.694807416825,65041.11038516635,61777.8,tempo,0.6310498880866563,0.597769758801414,96,24.0,2383.805192583175
BTC,2024-07-01 20:00:00+00:00,2024-07-01 20:00:00+00:00,2024-07-02 20:00:00+00:00,-1,63207.2,64039.38639049032,61542.82721901935,61944.0,tempo,1.5179291736022298,1.4201766977992192,96,24.0,832.1863904903221
BTC,2024-07-04 12:00:00+00:00,2024-07-04 12:00:00+00:00,2024-07-04 23:45:00+00:00,1,57748.4,56601.104094931296,60042.99181013741,56601.104094931296,stop,-1.0,-1.0647846622073094,47,11.75,1147.295905068706
BTC,2024-07-21 20:00:00+00:00,2024-07-21 20:00:00+00:00,2024-07-22 20:00:00+00:00,1,67391.5,65476.20934144447,71222.08131711106,68193.5,tempo,0.4187353999861566,0.3727213657160444,96,24.0,1915.290658555532
BTC,2024-07-30 04:00:00+00:00,2024-07-30 04:00:00+00:00,2024-07-30 15:15:00+00:00,1,66585.7,65532.51674369732,68692.06651260535,65532.51674369732,stop,-1.0,-1.0815402641178364,45,11.25,1053.1832563026765
BTC,2024-07-30 16:00:00+00:00,2024-07-30 16:00:00+00:00,2024-07-31 16:00:00+00:00,1,66198.0,65235.616857277666,68122.76628544467,66354.5,tempo,0.16261714597088828,0.0730903024766454,96,24.0,962.383142722334
BTC,2024-08-01 08:00:00+00:00,2024-08-01 08:00:00+00:00,2024-08-01 15:30:00+00:00,1,64297.5,63302.81335071287,66286.87329857425,63302.81335071287,stop,-1.0,-1.083383248118797,30,7.5,994.6866492871268
BTC,2024-08-01 20:00:00+00:00,2024-08-01 20:00:00+00:00,2024-08-02 20:00:00+00:00,1,63403.0,61989.014651267156,66230.97069746569,62619.7,tempo,-0.5539661360013133,-0.6118979632818495,96,24.0,1413.9853487328437
BTC,2024-08-03 04:00:00+00:00,2024-08-03 04:00:00+00:00,2024-08-03 18:45:00+00:00,1,61862.2,60097.42303344763,65391.75393310473,60097.42303344763,stop,-1.0,-1.0449199850599866,59,14.75,1764.7769665523665
BTC,2024-08-04 20:00:00+00:00,2024-08-04 20:00:00+00:00,2024-08-05 00:45:00+00:00,1,59233.9,56702.370495918825,64296.959008162354,56702.370495918825,stop,-1.0,-1.0297680021903197,19,4.75,2531.529504081176
BTC,2024-08-05 08:00:00+00:00,2024-08-05 08:00:00+00:00,2024-08-06 08:00:00+00:00,1,52645.6,48212.96270544105,61510.87458911789,55979.1,tempo,0.7520353637081619,0.736106685066517,96,24.0,4432.637294558946
BTC,2024-08-23 16:00:00+00:00,2024-08-23 16:00:00+00:00,2024-08-23 18:00:00+00:00,-1,61498.6,62547.3846803308,59401.0306393384,62547.3846803308,stop,-1.0,-1.0768793552712683,8,2.0,1048.7846803307984
BTC,2024-08-26 12:00:00+00:00,2024-08-26 12:00:00+00:00,2024-08-26 21:30:00+00:00,1,63816.6,62906.86656027867,65636.06687944266,62906.86656027867,stop,-1.0,-1.0905432840738636,38,9.5,909.7334397213272
BTC,2024-09-01 16:00:00+00:00,2024-09-01 16:00:00+00:00,2024-09-02 16:00:00+00:00,1,58184.1,56923.07855884932,60706.14288230135,58508.0,tempo,0.2568552678251407,0.19670572355507068,96,24.0,1261.021441150675
BTC,2024-09-07 00:00:00+00:00,2024-09-07 00:00:00+00:00,2024-09-08 00:00:00+00:00,1,53927.7,52168.91135352069,57445.277292958606,54134.9,tempo,0.11780835657244644,0.07787138623743438,96,24.0,1758.7886464793046
BTC,2024-09-26 04:00:00+00:00,2024-09-26 04:00:00+00:00,2024-09-26 16:00:00+00:00,1,63483.0,62455.11260704668,65538.77478590664,65538.77478590664,alvo,2.0,1.9184111467989882,48,12.0,1027.887392953322
BTC,2024-09-26 20:00:00+00:00,2024-09-26 20:00:00+00:00,2024-09-27 14:15:00+00:00,-1,64677.8,66037.02718912135,61959.34562175731,66037.02718912135,stop,-1.0,-1.062509518903792,73,18.25,1359.2271891213459
BTC,2024-10-09 16:00:00+00:00,2024-10-09 16:00:00+00:00,2024-10-09 18:15:00+00:00,1,62285.4,61424.243915043226,64007.71216991355,61424.243915043226,stop,-1.0,-1.0933759511770902,9,2.25,861.1560849567759
BTC,2024-10-15 16:00:00+00:00,2024-10-15 16:00:00+00:00,2024-10-16 12:00:00+00:00,-1,65994.7,68320.03951174665,61344.02097650668,68320.03951174665,stop,-1.0,-1.0375448747340372,80,20.0,2325.339511746657
BTC,2024-10-22 04:00:00+00:00,2024-10-22 04:00:00+00:00,2024-10-23 04:00:00+00:00,1,67390.3,66327.34385730297,69516.21228539407,67057.8,tempo,-0.3128068851047323,-0.39502219154085927,96,24.0,1062.9561426970322
BTC,2024-10-23 20:00:00+00:00,2024-10-23 20:00:00+00:00,2024-10-24 20:00:00+00:00,1,66465.3,64994.85577340764,69406.18845318473,68279.7,tempo,1.2339128320458093,1.174349709272381,96,24.0,1470.4442265923644
BTC,2024-10-25 00:00:00+00:00,2024-10-25 00:00:00+00:00,2024-10-25 18:15:00+00:00,-1,68173.8,69050.09094919951,66421.21810160099,66421.21810160099,alvo,2.0,1.900162426821868,73,18.25,876.2909491995088
BTC,2024-10-26 00:00:00+00:00,2024-10-26 00:00:00+00:00,2024-10-27 00:00:00+00:00,1,66662.7,65245.98893235075,69496.12213529849,67071.8,tempo,0.2887674200772832,0.2274088078768159,96,24.0,1416.7110676492448
BTC,2024-10-28 16:00:00+00:00,2024-10-28 16:00:00+00:00,2024-10-28 19:15:00+00:00,-1,68459.1,69441.99124624957,66493.31750750088,69441.99124624957,stop,-1.0,-1.0911959585071969,13,3.25,982.8912462495646
BTC,2024-11-01 20:00:00+00:00,2024-11-01 20:00:00+00:00,2024-11-02 20:00:00+00:00,1,69278.6,68480.68182335261,70874.43635329479,69502.6,tempo,0.2807305392404763,0.16767661636955555,96,24.0,797.9181766473921
BTC,2024-11-03 16:00:00+00:00,2024-11-03 16:00:00+00:00,2024-11-04 16:00:00+00:00,1,68075.6,67245.3987038906,69736.0025922188,68614.7,tempo,0.6493605858318858,0.5423399205831388,96,24.0,830.2012961094006
BTC,2024-11-04 20:00:00+00:00,2024-11-04 20:00:00+00:00,2024-11-04 21:45:00+00:00,1,67845.6,66947.80910085305,69641.18179829392,66947.80910085305,stop,-1.0,-1.097590336456744,7,1.75,897.7908991469594
BTC,2024-11-05 20:00:00+00:00,2024-11-05 20:00:00+00:00,2024-11-06 00:45:00+00:00,-1,68955.9,70852.67844060001,65162.34311879997,70852.67844060001,stop,-1.0,-1.0479104855059629,19,4.75,1896.7784406000137
BTC,2024-11-10 20:00:00+00:00,2024-11-10 20:00:00+00:00,2024-11-10 22:30:00+00:00,-1,79793.4,81536.11910686863,76307.96178626272,81536.11910686863,stop,-1.0,-1.0601727421281835,10,2.5,1742.719106868637
BTC,2024-11-13 20:00:00+00:00,2024-11-13 20:00:00+00:00,2024-11-14 20:00:00+00:00,-1,90218.8,94150.39634920385,82355.60730159232,89502.7,tempo,0.1821397560675367,0.1524268952791559,96,24.0,3931.5963492038427
BTC,2024-11-25 16:00:00+00:00,2024-11-25 16:00:00+00:00,2024-11-25 21:45:00+00:00,1,96040.4,94264.89054496787,99591.41891006424,94264.89054496787,stop,-1.0,-1.069669265068482,23,5.75,1775.5094550321228
BTC,2024-12-02 16:00:00+00:00,2024-12-02 16:00:00+00:00,2024-12-02 18:00:00+00:00,1,97106.6,94454.38385145953,102411.03229708096,94454.38385145953,stop,-1.0,-1.046947395132923,8,2.0,2652.2161485404795
BTC,2024-12-03 16:00:00+00:00,2024-12-03 16:00:00+00:00,2024-12-04 16:00:00+00:00,1,95744.7,93219.11990623885,100795.8601875223,95813.0,tempo,0.02704329202179015,-0.022257264831496273,96,24.0,2525.5800937611493
BTC,2024-12-10 00:00:00+00:00,2024-12-10 00:00:00+00:00,2024-12-11 00:00:00+00:00,1,97349.1,93434.44443281362,105178.41113437279,96602.4,tempo,-0.19074475063886476,-0.22294898236150648,96,24.0,3914.65556718639
BTC,2024-12-12 20:00:00+00:00,2024-12-12 20:00:00+00:00,2024-12-13 20:00:00+00:00,-1,99455.1,102954.64921183625,92456.00157632752,101416.0,tempo,-0.5603293113775337,-0.5976387495641425,96,24.0,3499.5492118362454
BTC,2024-12-16 04:00:00+00:00,2024-12-16 04:00:00+00:00,2024-12-16 16:45:00+00:00,-1,104560.0,107050.20420861842,99579.59158276315,107050.20420861842,stop,-1.0,-1.0552350816288731,51,12.75,2490.204208618423
BTC,2024-12-17 16:00:00+00:00,2024-12-17 16:00:00+00:00,2024-12-18 16:00:00+00:00,-1,106429.9,108787.83540979537,101714.02918040924,104395.1,tempo,0.8629583285220565,0.804841278567795,96,24.0,2357.9354097953765
BTC,2024-12-19 04:00:00+00:00,2024-12-19 04:00:00+00:00,2024-12-19 18:00:00+00:00,1,101163.4,98188.33633731845,107113.52732536307,98188.33633731845,stop,-1.0,-1.0435549095115708,56,14.0,2975.0636626815394
BTC,2025-01-02 16:00:00+00:00,2025-01-02 16:00:00+00:00,2025-01-02 19:30:00+00:00,-1,96428.5,97762.55753523637,93760.38492952727,97762.55753523637,stop,-1.0,-1.0946167493259873,14,3.5,1334.0575352363667
BTC,2025-01-02 20:00:00+00:00,2025-01-02 20:00:00+00:00,2025-01-03 16:30:00+00:00,-1,97292.7,98157.4459187288,95563.20816254239,98157.4459187288,stop,-1.0,-1.1469132054811304,82,20.5,864.7459187288041
BTC,2025-01-09 16:00:00+00:00,2025-01-09 16:00:00+00:00,2025-01-09 20:30:00+00:00,1,94195.1,91280.37149785286,100024.5570042943,91280.37149785286,stop,-1.0,-1.0413620192703348,18,4.5,2914.728502147147
BTC,2025-01-10 20:00:00+00:00,2025-01-10 20:00:00+00:00,2025-01-11 20:00:00+00:00,-1,95276.0,96424.37826006718,92979.24347986563,94206.5,tempo,0.9313133461246739,0.8240632968309903,96,24.0,1148.3782600671839
BTC,2025-01-13 16:00:00+00:00,2025-01-13 16:00:00+00:00,2025-01-14 16:00:00+00:00,1,92093.7,88420.9580671758,99439.18386564839,96416.7,tempo,1.177049757121318,1.1436872823705322,96,24.0,3672.741932824196
BTC,2025-01-16 04:00:00+00:00,2025-01-16 04:00:00+00:00,2025-01-17 01:45:00+00:00,-1,99438.9,101218.20505400663,95880.28989198673,101218.20505400663,stop,-1.0,-1.0733022805681403,87,21.75,1779.3050540066324
BTC,2025-01-20 04:00:00+00:00,2025-01-20 04:00:00+00:00,2025-01-20 07:00:00+00:00,1,101873.8,98818.57935253346,107984.24129493309,107984.24129493309,alvo,2.0,1.9553525775773941,12,3.0,3055.2206474665436
BTC,2025-02-02 20:00:00+00:00,2025-02-02 20:00:00+00:00,2025-02-02 22:45:00+00:00,1,98232.0,96298.9228173361,102098.15436532779,96298.9228173361,stop,-1.0,-1.0654113043003381,11,2.75,1933.0771826638957
BTC,2025-02-03 00:00:00+00:00,2025-02-03 00:00:00+00:00,2025-02-03 00:45:00+00:00,1,97664.5,95503.90435589172,101985.69128821656,95503.90435589172,stop,-1.0,-1.0581133555340247,3,0.75,2160.5956441082817
BTC,2025-02-07 16:00:00+00:00,2025-02-07 16:00:00+00:00,2025-02-08 16:00:00+00:00,-1,98257.1,100556.44439283088,93658.41121433827,95798.0,tempo,1.0694787643239692,1.0146214687429858,96,24.0,2299.3443928308698
BTC,2025-02-10 16:00:00+00:00,2025-02-10 16:00:00+00:00,2025-02-11 16:00:00+00:00,-1,97187.7,98677.24384020912,94208.61231958175,96963.3,tempo,0.1506501480134278,0.06592746540860937,96,24.0,1489.543840209124
BTC,2025-02-12 16:00:00+00:00,2025-02-12 16:00:00+00:00,2025-02-13 16:00:00+00:00,1,95762.0,93632.91949604533,100020.16100790934,95943.5,tempo,0.08524806819792495,0.02672112439822112,96,24.0,2129.0805039546685
BTC,2025-02-20 16:00:00+00:00,2025-02-20 16:00:00+00:00,2025-02-20 18:15:00+00:00,-1,96871.1,98224.78538964396,94163.72922071209,98224.78538964396,stop,-1.0,-1.09367931904519,9,2.25,1353.685389643957
BTC,2025-02-21 12:00:00+00:00,2025-02-21 12:00:00+00:00,2025-02-21 13:15:00+00:00,-1,98579.7,99082.9469343824,97573.20613123519,99082.9469343824,stop,-1.0,-1.2553035333737754,5,1.25,503.246934382405
BTC,2025-02-25 04:00:00+00:00,2025-02-25 04:00:00+00:00,2025-02-25 07:15:00+00:00,1,92125.3,90437.32657500201,95501.246849996,90437.32657500201,stop,-1.0,-1.0703006963950823,13,3.25,1687.9734249979956
BTC,2025-02-25 12:00:00+00:00,2025-02-25 12:00:00+00:00,2025-02-25 15:30:00+00:00,1,89186.9,86242.83217972715,95075.03564054568,86242.83217972715,stop,-1.0,-1.0387318950778297,14,3.5,2944.067820272845
BTC,2025-02-25 16:00:00+00:00,2025-02-25 16:00:00+00:00,2025-02-26 14:30:00+00:00,1,87206.8,85425.40072327122,90769.59855345757,85425.40072327122,stop,-1.0,-1.0629903312165823,90,22.5,1781.3992767287855
BTC,2025-02-26 16:00:00+00:00,2025-02-26 16:00:00+00:00,2025-02-26 18:45:00+00:00,1,87536.5,84879.92402326419,92849.65195347162,84879.92402326419,stop,-1.0,-1.0421861360625662,11,2.75,2656.5759767358104
BTC,2025-02-27 00:00:00+00:00,2025-02-27 00:00:00+00:00,2025-02-28 00:00:00+00:00,1,84208.6,81570.96645407887,89483.86709184229,84668.1,tempo,0.17420918865343324,0.13259239348878687,96,24.0,2637.6335459211405
BTC,2025-03-04 16:00:00+00:00,2025-03-04 16:00:00+00:00,2025-03-04 19:15:00+00:00,1,82945.0,80508.02638234892,87818.94723530216,87818.94723530216,alvo,2.0,1.9544531114744146,13,3.25,2436.973617651078
BTC,2025-03-07 04:00:00+00:00,2025-03-07 04:00:00+00:00,2025-03-08 04:00:00+00:00,1,86958.4,83806.14418141331,93262.91163717335,85880.0,tempo,-0.3421042142713839,-0.37774375828858553,96,24.0,3152.25581858668
BTC,2025-03-12 16:00:00+00:00,2025-03-12 16:00:00+00:00,2025-03-13 16:00:00+00:00,-1,81688.0,85013.66383968481,75036.67232063037,81016.0,tempo,0.20206492068774096,0.1702644726875537,96,24.0,3325.663839684814
BTC,2025-03-16 20:00:00+00:00,2025-03-16 20:00:00+00:00,2025-03-17 20:00:00+00:00,-1,83064.3,85440.80117164199,78311.29765671604,84436.2,tempo,-0.577277224337371,-0.6230905091357014,96,24.0,2376.501171641983
BTC,2025-03-20 04:00:00+00:00,2025-03-20 04:00:00+00:00,2025-03-21 04:00:00+00:00,-1,85849.6,87858.84858830893,81831.10282338216,84409.9,tempo,0.7165365243390459,0.6614568912643034,96,24.0,2009.2485883089248
BTC,2025-03-26 20:00:00+00:00,2025-03-26 20:00:00+00:00,2025-03-27 20:00:00+00:00,1,86525.2,85531.2439299269,88513.11214014619,87025.8,tempo,0.503643988977493,0.3901498885876194,96,24.0,993.9560700730945
BTC,2025-03-29 20:00:00+00:00,2025-03-29 20:00:00+00:00,2025-03-30 20:00:00+00:00,1,82722.9,81340.63738909089,85487.42522181821,82510.6,tempo,-0.15358875970779512,-0.231288738100007,96,24.0,1382.262610909107
BTC,2025-03-31 00:00:00+00:00,2025-03-31 00:00:00+00:00,2025-03-31 01:00:00+00:00,1,82353.1,81254.90758822513,84549.48482354975,81254.90758822513,stop,-1.0,-1.096836586915105,4,1.0,1098.1924117748713
ETH,2023-01-02 12:00:00+00:00,2023-01-02 12:00:00+00:00,2023-01-03 12:00:00+00:00,-1,1216.71,1227.5847178767933,1194.9605642464135,1214.39,tempo,0.21333886784785755,0.06802797170293881,96,24.0,10.874717876793284
ETH,2023-01-04 20:00:00+00:00,2023-01-04 20:00:00+00:00,2023-01-05 20:00:00+00:00,-1,1254.14,1279.4550237937772,1203.509952412446,1253.22,tempo,0.036342055511961506,-0.02803805383641022,96,24.0,25.315023793777073
ETH,2023-01-06 16:00:00+00:00,2023-01-06 16:00:00+00:00,2023-01-07 16:00:00+00:00,1,1262.48,1229.4467994531392,1328.5464010937217,1264.5,tempo,0.06115059899008012,0.01142677650821372,96,24.0,33.033200546860826
ETH,2023-01-08 20:00:00+00:00,2023-01-08 20:00:00+00:00,2023-01-08 23:15:00+00:00,-1,1264.4,1282.1959267883096,1228.808146423381,1282.1959267883096,stop,-1.0,-1.0930149562932452,13,3.25,17.795926788309544
ETH,2023-01-09 20:00:00+00:00,2023-01-09 20:00:00+00:00,2023-01-10 20:00:00+00:00,-1,1329.99,1350.0299301338673,1289.9101397322654,1339.1,tempo,-0.45459240322420497,-0.5411649854842608,96,24.0,20.0399301338673
ETH,2023-01-13 00:00:00+00:00,2023-01-13 00:00:00+00:00,2023-01-13 21:45:00+00:00,-1,1415.85,1447.2281038359251,1353.0937923281494,1447.2281038359251,stop,-1.0,-1.0593088982439616,87,21.75,31.37810383592523
ETH,2023-01-18 16:00:00+00:00,2023-01-18 16:00:00+00:00,2023-01-19 16:00:00+00:00,-1,1550.03,1623.4417274875955,1403.206545024809,1533.41,tempo,0.22639434554660492,0.19909304003872597,96,24.0,73.4117274875955
ETH,2023-01-23 16:00:00+00:00,2023-01-23 16:00:00+00:00,2023-01-24 16:00:00+00:00,1,1620.93,1576.6589152891916,1709.472169421617,1620.92,tempo,-0.00022588107034905036,-0.04782359668461182,96,24.0,44.27108471080851
ETH,2023-02-02 20:00:00+00:00,2023-02-02 20:00:00+00:00,2023-02-03 20:00:00+00:00,-1,1675.2,1726.432329614786,1572.735340770428,1653.02,tempo,0.43292975679167117,0.39070362699694794,96,24.0,51.23232961478607
ETH,2023-02-14 16:00:00+00:00,2023-02-14 16:00:00+00:00,2023-02-15 11:45:00+00:00,-1,1544.22,1578.5096098643978,1475.6407802712044,1578.5096098643978,stop,-1.0,-1.059195023053305,79,19.75,34.28960986439779
ETH,2023-02-20 04:00:00+00:00,2023-02-20 04:00:00+00:00,2023-02-21 04:00:00+00:00,1,1684.51,1643.3346676925548,1766.8606646148903,1703.09,tempo,0.45124104551890565,0.397763881483927,96,24.0,41.17533230744516
ETH,2023-02-22 04:00:00+00:00,2023-02-22 04:00:00+00:00,2023-02-22 15:30:00+00:00,1,1649.08,1611.496188142718,1724.2476237145638,1611.496188142718,stop,-1.0,-1.0563906218544497,46,11.5,37.583811857281944
ETH,2023-02-24 20:00:00+00:00,2023-02-24 20:00:00+00:00,2023-02-25 20:00:00+00:00,1,1610.09,1564.3097334253273,1701.6505331493452,1584.0,tempo,-0.5698962009634495,-0.6152467123374616,96,24.0,45.78026657467262
ETH,2023-02-27 16:00:00+00:00,2023-02-27 16:00:00+00:00,2023-02-28 16:00:00+00:00,-1,1643.43,1670.6179679788465,1589.0540640423071,1640.41,tempo,0.11107854777340054,0.03256970144620393,96,24.0,27.187967978846473
ETH,2023-03-01 04:00:00+00:00,2023-03-01 04:00:00+00:00,2023-03-02 04:00:00+00:00,1,1637.69,1586.3182323332446,1740.433535333511,1647.21,tempo,0.18531579566729073,0.14375240205680073,96,24.0,51.37176766675543
ETH,2023-03-10 08:00:00+00:00,2023-03-10 08:00:00+00:00,2023-03-10 10:45:00+00:00,1,1411.4,1380.2021368388448,1473.7957263223107,1380.2021368388448,stop,-1.0,-1.0581623612993005,11,2.75,31.197863161155283
ETH,2023-03-18 16:00:00+00:00,2023-03-18 16:00:00+00:00,2023-03-19 16:00:00+00:00,-1,1785.73,1856.749577677846,1643.690844644308,1792.79,tempo,-0.09940920843017431,-0.13216127590305074,96,24.0,71.01957767784597
ETH,2023-04-03 20:00:00+00:00,2023-04-03 20:00:00+00:00,2023-04-04 11:15:00+00:00,-1,1818.02,1847.653152502319,1758.753694995362,1847.653152502319,stop,-1.0,-1.0804061447373863,61,15.25,29.633152502319035
ETH,2023-04-04 16:00:00+00:00,2023-04-04 16:00:00+00:00,2023-04-05 00:45:00+00:00,-1,1862.11,1904.2272825698808,1777.875434860238,1904.2272825698808,stop,-1.0,-1.0581262390233395,35,8.75,42.1172825698809
ETH,2023-04-16 20:00:00+00:00,2023-04-16 20:00:00+00:00,2023-04-17 20:00:00+00:00,-1,2115.11,2153.6768673988286,2037.9762652023433,2078.0,tempo,0.9622248967290363,0.8915548712946451,96,24.0,38.566867398828435
ETH,2023-04-21 08:00:00+00:00,2023-04-21 08:00:00+00:00,2023-04-21 17:30:00+00:00,1,1927.2,1885.6253288953794,2010.3493422092413,1885.6253288953794,stop,-1.0,-1.0596116913960758,38,9.5,41.57467110462062
ETH,2023-04-24 08:00:00+00:00,2023-04-24 08:00:00+00:00,2023-04-24 17:00:00+00:00,1,1844.76,1818.1934203172048,1897.8931593655905,1818.1934203172048,stop,-1.0,-1.0896208601797577,36,9.0,26.566579682795236
ETH,2023-04-24 20:00:00+00:00,2023-04-24 20:00:00+00:00,2023-04-25 20:00:00+00:00,1,1830.64,1796.973682045437,1897.9726359091262,1836.82,tempo,0.18356625777551694,0.11275812832051371,96,24.0,33.666317954563056
ETH,2023-05-03 20:00:00+00:00,2023-05-03 20:00:00+00:00,2023-05-03 22:15:00+00:00,-1,1867.19,1905.3695231926363,1790.8309536147276,1905.3695231926363,stop,-1.0,-1.064227195235067,9,2.25,38.179523192636225
ETH,2023-05-06 04:00:00+00:00,2023-05-06 04:00:00+00:00,2023-05-07 04:00:00+00:00,-1,1969.88,2032.1666874045463,1845.3066251909077,1892.32,tempo,1.2452099033017312,1.2049054641894856,96,24.0,62.28668740454623
ETH,2023-05-08 04:00:00+00:00,2023-05-08 04:00:00+00:00,2023-05-08 18:00:00+00:00,1,1864.99,1827.815069914694,1939.339860170612,1827.815069914694,stop,-1.0,-1.0645683338189604,56,14.0,37.17493008530596
ETH,2023-05-15 04:00:00+00:00,2023-05-15 04:00:00+00:00,2023-05-16 04:00:00+00:00,1,1825.18,1777.5612376470797,1920.4175247058408,1812.92,tempo,-0.25746154234619884,-0.3071219048410038,96,24.0,47.618762352920385
ETH,2023-05-17 16:00:00+00:00,2023-05-17 16:00:00+00:00,2023-05-18 16:00:00+00:00,1,1796.37,1775.9654338232608,1837.179132353478,1807.26,tempo,0.533704069259485,0.4189082201485023,96,24.0,20.40456617673908
ETH,2023-05-31 16:00:00+00:00,2023-05-31 16:00:00+00:00,2023-06-01 03:15:00+00:00,1,1857.31,1839.7925931157627,1892.3448137684745,1839.7925931157627,stop,-1.0,-1.1371844989047806,45,11.25,17.51740688423729
ETH,2023-06-01 04:00:00+00:00,2023-06-01 04:00:00+00:00,2023-06-02 04:00:00+00:00,1,1854.81,1831.7907280515437,1900.8485438969124,1878.01,tempo,1.0078511627973517,0.9024467431687491,96,24.0,23.019271948456208
ETH,2023-06-10 12:00:00+00:00,2023-06-10 12:00:00+00:00,2023-06-11 12:00:00+00:00,1,1746.87,1704.4637103626762,1831.6825792746472,1751.49,tempo,0.10894610303123176,0.05532353856148834,96,24.0,42.40628963732365
ETH,2023-06-14 20:00:00+00:00,2023-06-14 20:00:00+00:00,2023-06-14 20:15:00+00:00,1,1727.57,1713.2971132907985,1756.1157734184028,1713.2971132907985,stop,-1.0,-1.156700159484707,1,0.25,14.27288670920143
ETH,2023-06-19 20:00:00+00:00,2023-06-19 20:00:00+00:00,2023-06-20 20:00:00+00:00,1,1723.48,1682.7157856049346,1805.008428790131,1781.82,tempo,1.4311572261542724,1.3752639620791083,96,24.0,40.76421439506544
ETH,2023-06-23 20:00:00+00:00,2023-06-23 20:00:00+00:00,2023-06-24 20:00:00+00:00,-1,1900.13,1947.1561746776947,1806.077650644611,1887.41,tempo,0.2704876611202094,0.21813594387182078,96,24.0,47.0261746776946
ETH,2023-06-30 16:00:00+00:00,2023-06-30 16:00:00+00:00,2023-06-30 17:30:00+00:00,-1,1851.15,1923.2229764330425,1707.0040471339153,1923.2229764330425,stop,-1.0,-1.0340396991507725,6,1.5,72.07297643304241
ETH,2023-07-07 04:00:00+00:00,2023-07-07 04:00:00+00:00,2023-07-08 04:00:00+00:00,1,1857.0,1816.8071631240507,1937.3856737518986,1863.37,tempo,0.15848595160526202,0.09831999448549888,96,24.0,40.1928368759493
ETH,2023-07-14 04:00:00+00:00,2023-07-14 04:00:00+00:00,2023-07-14 18:30:00+00:00,-1,2009.21,2040.0491012600753,1947.5317974798495,1947.5317974798495,alvo,2.0,1.9166032062130327,58,14.5,30.839101260075267
ETH,2023-07-24 12:00:00+00:00,2023-07-24 12:00:00+00:00,2023-07-25 12:00:00+00:00,1,1852.19,1823.9479185914308,1908.6741628171385,1852.84,tempo,0.023015300841199345,-0.06225707923448735,96,24.0,28.24208140856922
ETH,2023-07-31 00:00:00+00:00,2023-07-31 00:00:00+00:00,2023-08-01 00:00:00+00:00,1,1860.77,1842.1060641602369,1898.0978716795262,1855.39,tempo,-0.28825645599026933,-0.4176773895349412,96,24.0,18.6639358397631
ETH,2023-08-08 16:00:00+00:00,2023-08-08 16:00:00+00:00,2023-08-08 16:45:00+00:00,-1,1842.49,1851.975285585589,1823.519428828822,1851.975285585589,stop,-1.0,-1.2531713372214193,3,0.75,9.485285585589054
ETH,2023-08-09 00:00:00+00:00,2023-08-09 00:00:00+00:00,2023-08-10 00:00:00+00:00,-1,1855.36,1882.2948996344492,1801.4902007311014,1854.7,tempo,0.024503525498781736,-0.06502860689185408,96,24.0,26.934899634449266
ETH,2023-08-23 00:00:00+00:00,2023-08-23 00:00:00+00:00,2023-08-24 00:00:00+00:00,1,1634.49,1567.288763485908,1768.892473028184,1678.8,tempo,0.6593628673887304,0.627315265116585,96,24.0,67.20123651409199
ETH,2023-08-28 12:00:00+00:00,2023-08-28 12:00:00+00:00,2023-08-29 12:00:00+00:00,1,1639.53,1614.8385613537912,1688.9128772924175,1641.2,tempo,0.06763477916085263,-0.01873015609282601,96,24.0,24.69143864620878
ETH,2023-08-29 20:00:00+00:00,2023-08-29 20:00:00+00:00,2023-08-30 15:00:00+00:00,-1,1734.41,1754.047535729928,1695.134928540144,1695.134928540144,alvo,2.0,1.8864824877108313,76,19.0,19.637535729928004
ETH,2023-09-01 16:00:00+00:00,2023-09-01 16:00:00+00:00,2023-09-01 17:15:00+00:00,1,1633.76,1615.868681811266,1669.542636377468,1615.868681811266,stop,-1.0,-1.1180605375688526,5,1.25,17.891318188733976
ETH,2023-09-10 20:00:00+00:00,2023-09-10 20:00:00+00:00,2023-09-11 09:30:00+00:00,1,1616.47,1586.1228082042894,1677.1643835914213,1586.1228082042894,stop,-1.0,-1.0685956492892703,54,13.5,30.347191795710614
ETH,2023-09-12 00:00:00+00:00,2023-09-12 00:00:00+00:00,2023-09-12 10:30:00+00:00,1,1551.02,1522.737829190588,1607.584341618824,1607.584341618824,alvo,2.0,1.9274068162628808,42,10.5,28.282170809412037
ETH,2023-09-14 04:00:00+00:00,2023-09-14 04:00:00+00:00,2023-09-15 04:00:00+00:00,-1,1619.36,1644.5912376122897,1568.8975247754204,1633.72,tempo,-0.5691357760828024,-0.6529407020437096,96,24.0,25.23123761228976
ETH,2023-09-18 16:00:00+00:00,2023-09-18 16:00:00+00:00,2023-09-19 16:00:00+00:00,-1,1654.69,1673.3150867721176,1617.439826455765,1656.32,tempo,-0.08751637079296992,-0.20306785929512577,96,24.0,18.625086772117584
ETH,2023-09-25 04:00:00+00:00,2023-09-25 04:00:00+00:00,2023-09-26 04:00:00+00:00,1,1577.0,1558.2012709644434,1614.5974580711131,1591.03,tempo,0.7463270508055704,0.6367866932577212,96,24.0,18.798729035556562
ETH,2023-09-28 12:00:00+00:00,2023-09-28 12:00:00+00:00,2023-09-28 14:45:00+00:00,-1,1622.95,1642.4531358533181,1583.9437282933638,1642.4531358533181,stop,-1.0,-1.1088292700347238,11,2.75,19.5031358533181
ETH,2023-10-02 20:00:00+00:00,2023-10-02 20:00:00+00:00,2023-10-03 20:00:00+00:00,1,1673.58,1610.927242692429,1798.8855146151418,1649.72,tempo,-0.38082920888649646,-0.4153072604971471,96,24.0,62.65275730757094
ETH,2023-10-09 20:00:00+00:00,2023-10-09 20:00:00+00:00,2023-10-10 20:00:00+00:00,1,1580.79,1538.7724534102772,1664.8250931794455,1565.25,tempo,-0.36984548745168644,-0.4185138692581619,96,24.0,42.01754658972277
ETH,2023-10-12 12:00:00+00:00,2023-10-12 12:00:00+00:00,2023-10-12 16:30:00+00:00,1,1551.49,1528.7785903483948,1596.9128193032104,1528.7785903483948,stop,-1.0,-1.0881572132439143,18,4.5,22.71140965160521
ETH,2023-10-16 16:00:00+00:00,2023-10-16 16:00:00+00:00,2023-10-17 16:00:00+00:00,-1,1577.05,1648.2155567957764,1434.7188864084471,1574.67,tempo,0.03344314450921477,0.004656494165440835,96,24.0,71.16555679577641
ETH,2023-10-22 08:00:00+00:00,2023-10-22 08:00:00+00:00,2023-10-22 22:45:00+00:00,-1,1629.43,1655.7195063261217,1576.8509873477567,1655.7195063261217,stop,-1.0,-1.0812243163725848,59,14.75,26.289506326121682
ETH,2023-10-26 12:00:00+00:00,2023-10-26 12:00:00+00:00,2023-10-27 12:00:00+00:00,-1,1812.9,1883.4121186051636,1671.875762789673,1781.44,tempo,0.4461644412666427,0.4130308318075034,96,24.0,70.51211860516355
ETH,2023-10-27 20:00:00+00:00,2023-10-27 20:00:00+00:00,2023-10-28 20:00:00+00:00,1,1774.61,1727.1352341808308,1869.559531638338,1777.7,tempo,0.06508720889261309,0.0164508131114319,96,24.0,47.47476581916908
ETH,2023-11-02 00:00:00+00:00,2023-11-02 00:00:00+00:00,2023-11-02 03:00:00+00:00,-1,1848.2,1870.2415034034755,1804.1169931930492,1870.2415034034755,stop,-1.0,-1.109656176031584,12,3.0,22.041503403475417
ETH,2023-11-05 12:00:00+00:00,2023-11-05 12:00:00+00:00,2023-11-05 17:15:00+00:00,-1,1888.87,1905.0461613481639,1856.517677303672,1905.0461613481639,stop,-1.0,-1.1524493637148474,21,5.25,16.176161348163987
ETH,2023-11-09 08:00:00+00:00,2023-11-09 08:00:00+00:00,2023-11-09 14:15:00+00:00,-1,1912.49,1937.7088650727237,1862.0522698545526,1937.7088650727237,stop,-1.0,-1.0992363952572977,25,6.25,25.218865072723702
ETH,2023-11-20 12:00:00+00:00,2023-11-20 12:00:00+00:00,2023-11-20 16:15:00+00:00,-1,2025.14,2051.595738277735,1972.22852344453,2051.595738277735,stop,-1.0,-1.100162702021839,17,4.25,26.45573827773501
ETH,2023-12-04 12:00:00+00:00,2023-12-04 12:00:00+00:00,2023-12-05 12:00:00+00:00,-1,2238.46,2287.5631500268782,2140.2536999462436,2204.67,tempo,0.6881432246506366,0.6293275580708115,96,24.0,49.10315002687821
ETH,2023-12-05 20:00:00+00:00,2023-12-05 20:00:00+00:00,2023-12-06 20:00:00+00:00,-1,2273.76,2323.210450363682,2174.8590992726367,2263.72,tempo,0.20303151793687546,0.1433887446494936,96,24.0,49.45045036368174
ETH,2023-12-08 08:00:00+00:00,2023-12-08 08:00:00+00:00,2023-12-09 08:00:00+00:00,-1,2355.0,2407.5703363262046,2249.859327347591,2385.4,tempo,-0.5782728839961155,-0.6368850256586769,96,24.0,52.5703363262046
ETH,2023-12-13 08:00:00+00:00,2023-12-13 08:00:00+00:00,2023-12-13 19:45:00+00:00,1,2174.45,2134.6212173742624,2254.1075652514746,2254.1075652514746,alvo,2.0,1.9277265779257504,47,11.75,39.828782625737404
ETH,2023-12-22 08:00:00+00:00,2023-12-22 08:00:00+00:00,2023-12-22 09:15:00+00:00,-1,2275.27,2314.201488405862,2197.4070231882756,2314.201488405862,stop,-1.0,-1.076625800595248,5,1.25,38.93148840586218
ETH,2023-12-22 16:00:00+00:00,2023-12-22 16:00:00+00:00,2023-12-23 16:00:00+00:00,-1,2321.73,2359.3058466503644,2246.5783066992713,2287.09,tempo,0.9218687824207404,0.8421438189921133,96,24.0,37.57584665036438
ETH,2023-12-30 00:00:00+00:00,2023-12-30 00:00:00+00:00,2023-12-31 00:00:00+00:00,1,2300.61,2241.8116158677917,2418.206768264417,2293.26,tempo,-0.12500343518749432,-0.17578740729948183,96,24.0,58.79838413220841
ETH,2024-01-11 16:00:00+00:00,2024-01-11 16:00:00+00:00,2024-01-12 15:00:00+00:00,-1,2614.65,2714.053773797207,2415.842452405586,2714.053773797207,stop,-1.0,-1.0348443255286703,92,23.0,99.40377379720712
ETH,2024-01-12 16:00:00+00:00,2024-01-12 16:00:00+00:00,2024-01-12 22:30:00+00:00,-1,2648.4,2739.0388475927734,2467.1223048144534,2467.1223048144534,alvo,2.0,1.9633149627732633,26,6.5,90.63884759277335
ETH,2024-01-22 16:00:00+00:00,2024-01-22 16:00:00+00:00,2024-01-22 19:30:00+00:00,1,2379.99,2342.4904326384826,2454.989134723034,2342.4904326384826,stop,-1.0,-1.0818572718885582,14,3.5,37.499567361517165
ETH,2024-01-23 16:00:00+00:00,2024-01-23 16:00:00+00:00,2024-01-24 16:00:00+00:00,1,2219.06,2153.5470584501836,2350.0858830996326,2233.95,tempo,0.22728333742543755,0.18310189126339882,96,24.0,65.51294154981633
ETH,2024-01-29 16:00:00+00:00,2024-01-29 16:00:00+00:00,2024-01-30 16:00:00+00:00,1,2274.99,2224.3691914353517,2376.231617129296,2340.43,tempo,1.2927490068916285,1.2334843865691645,96,24.0,50.62080856464809
ETH,2024-01-31 00:00:00+00:00,2024-01-31 00:00:00+00:00,2024-02-01 00:00:00+00:00,-1,2341.96,2402.163101036687,2221.5537979266264,2282.0,tempo,0.9959619848064201,0.9460380780932351,96,24.0,60.2031010366868
ETH,2024-02-09 04:00:00+00:00,2024-02-09 04:00:00+00:00,2024-02-09 09:00:00+00:00,-1,2447.52,2473.7256634022324,2395.108673195535,2473.7256634022324,stop,-1.0,-1.1220655868204028,20,5.0,26.205663402232403
ETH,2024-02-11 08:00:00+00:00,2024-02-11 08:00:00+00:00,2024-02-12 06:45:00+00:00,-1,2526.93,2545.3709976884206,2490.0480046231582,2490.0480046231582,alvo,2.0,1.8231638136882,91,22.75,18.440997688420794
ETH,2024-02-13 04:00:00+00:00,2024-02-13 04:00:00+00:00,2024-02-14 04:00:00+00:00,-1,2642.4,2700.850649276672,2525.4987014466565,2638.08,tempo,0.07390850321528106,0.015186965602355572,96,24.0,58.45064927667181
ETH,2024-02-14 16:00:00+00:00,2024-02-14 16:00:00+00:00,2024-02-14 22:00:00+00:00,-1,2751.36,2788.0194860197857,2678.041027960429,2788.0194860197857,stop,-1.0,-1.098217325359378,24,6.0,36.65948601978562
ETH,2024-02-15 16:00:00+00:00,2024-02-15 16:00:00+00:00,2024-02-16 16:00:00+00:00,-1,2828.34,2885.3776007052647,2714.264798589471,2777.45,tempo,0.8922184553829446,0.8283349214519026,96,24.0,57.037600705264595
ETH,2024-02-20 16:00:00+00:00,2024-02-20 16:00:00+00:00,2024-02-20 23:15:00+00:00,-1,2926.94,3026.5649709558547,2727.6900580882907,3026.5649709558547,stop,-1.0,-1.0388434565550444,29,7.25,99.62497095585468
ETH,2024-02-21 16:00:00+00:00,2024-02-21 16:00:00+00:00,2024-02-22 16:00:00+00:00,1,2915.61,2850.096381383788,3046.6372372324245,2988.33,tempo,1.1099982192405462,1.0514216807885801,96,24.0,65.51361861621217
ETH,2024-02-28 12:00:00+00:00,2024-02-28 12:00:00+00:00,2024-02-28 16:45:00+00:00,-1,3299.52,3393.2537876777205,3112.052424644559,3393.2537876777205,stop,-1.0,-1.0464112575600584,19,4.75,93.73378767772056
ETH,2024-03-06 16:00:00+00:00,2024-03-06 16:00:00+00:00,2024-03-07 16:00:00+00:00,-1,3793.57,3949.2692736547788,3482.171452690443,3840.37,tempo,-0.30057943689426697,-0.332448956150998,96,24.0,155.6992736547786
ETH,2024-03-08 16:00:00+00:00,2024-03-08 16:00:00+00:00,2024-03-09 16:00:00+00:00,-1,3904.02,4025.8400443459336,3660.3799113081327,3920.24,tempo,-0.1331472179893458,-0.1748954296839491,96,24.0,121.82004434593364
ETH,2024-03-15 12:00:00+00:00,2024-03-15 12:00:00+00:00,2024-03-16 12:00:00+00:00,1,3692.97,3528.7707000759438,4021.368599848112,3695.24,tempo,0.01382466308352034,-0.015422334328899395,96,24.0,164.19929992405605
ETH,2024-03-17 08:00:00+00:00,2024-03-17 08:00:00+00:00,2024-03-17 16:00:00+00:00,1,3474.32,3388.509582513304,3645.9408349733926,3645.9408349733926,alvo,2.0,1.9460651785845204,32,8.0,85.81041748669622
ETH,2024-03-19 04:00:00+00:00,2024-03-19 04:00:00+00:00,2024-03-19 07:15:00+00:00,1,3421.68,3336.8814345404394,3591.2771309191207,3336.8814345404394,stop,-1.0,-1.0518058873831573,13,3.25,84.79856545956045
ETH,2024-04-01 20:00:00+00:00,2024-04-01 20:00:00+00:00,2024-04-02 02:45:00+00:00,1,3488.79,3395.8643849444397,3674.6412301111204,3395.8643849444397,stop,-1.0,-1.0481570700128082,27,6.75,92.92561505556023
ETH,2024-04-03 04:00:00+00:00,2024-04-03 04:00:00+00:00,2024-04-04 04:00:00+00:00,1,3317.32,3181.89835891509,3588.163282169821,3276.35,tempo,-0.30253657887893837,-0.3341850322994129,96,24.0,135.42164108491033
ETH,2024-04-04 20:00:00+00:00,2024-04-04 20:00:00+00:00,2024-04-05 20:00:00+00:00,-1,3367.83,3462.9463210992,3177.5973578016,3322.46,tempo,0.4769948992526954,0.4312752115088369,96,24.0,95.11632109919992
ETH,2024-04-10 16:00:00+00:00,2024-04-10 16:00:00+00:00,2024-04-11 16:00:00+00:00,1,3481.08,3392.766987527233,3657.7060249455335,3509.94,tempo,0.32679215884408574,0.27533696698998283,96,24.0,88.31301247276679
ETH,2024-04-19 04:00:00+00:00,2024-04-19 04:00:00+00:00,2024-04-20 04:00:00+00:00,1,2978.3,2839.444677800863,3256.010644398275,3054.48,tempo,0.5486285926494583,0.5203883571446477,96,24.0,138.8553221991374
ETH,2024-04-24 16:00:00+00:00,2024-04-24 16:00:00+00:00,2024-04-25 16:00:00+00:00,-1,3174.59,3307.6911214799707,2908.387757040059,3158.83,tempo,0.1184062149496752,0.08747692634394773,96,24.0,133.10112147997052
ETH,2024-04-29 16:00:00+00:00,2024-04-29 16:00:00+00:00,2024-04-30 08:45:00+00:00,1,3181.06,3095.719881712255,3351.74023657549,3095.719881712255,stop,-1.0,-1.047807608015688,67,16.75,85.3401182877451
ETH,2024-05-15 16:00:00+00:00,2024-05-15 16:00:00+00:00,2024-05-15 18:30:00+00:00,-1,2975.54,3004.767284081875,2917.08543183625,3004.767284081875,stop,-1.0,-1.132999006126054,10,2.5,29.22728408187504
ETH,2024-05-17 12:00:00+00:00,2024-05-17 12:00:00+00:00,2024-05-17 13:00:00+00:00,-1,3029.21,3071.1803791135744,2945.2692417728513,3071.1803791135744,stop,-1.0,-1.0944774345662593,4,1.0,41.97037911357438
ETH,2024-05-21 16:00:00+00:00,2024-05-21 16:00:00+00:00,2024-05-22 16:00:00+00:00,-1,3779.09,3870.9586470320614,3595.3527059358776,3763.31,tempo,0.17176697937538069,0.11840209202388793,96,24.0,91.86864703206129
ETH,2024-05-24 00:00:00+00:00,2024-05-24 00:00:00+00:00,2024-05-25 00:00:00+00:00,1,3784.79,3482.0256597335074,4390.318680532985,3729.61,tempo,-0.18225396013094047,-0.198386507298486,96,24.0,302.7643402664926
ETH,2024-05-31 16:00:00+00:00,2024-05-31 16:00:00+00:00,2024-06-01 16:00:00+00:00,-1,3747.25,3875.316079483299,3491.1178410334023,3801.38,tempo,-0.4226724220683216,-0.4609855297998648,96,24.0,128.06607948329884
ETH,2024-06-04 04:00:00+00:00,2024-06-04 04:00:00+00:00,2024-06-05 04:00:00+00:00,1,3775.27,3707.8663314431888,3910.0773371136224,3813.01,tempo,0.5599101771173042,0.48673341826117844,96,24.0,67.40366855681123
ETH,2024-06-13 20:00:00+00:00,2024-06-13 20:00:00+00:00,2024-06-14 16:15:00+00:00,1,3481.64,3408.9840298827394,3626.951940234521,3408.9840298827394,stop,-1.0,-1.0616453900786846,81,20.25,72.6559701172605
ETH,2024-06-21 12:00:00+00:00,2024-06-21 12:00:00+00:00,2024-06-22 12:00:00+00:00,1,3502.11,3428.587895550591,3649.1542088988185,3491.64,tempo,-0.14240615225050715,-0.2042370469731694,96,24.0,73.5221044494092
ETH,2024-07-04 16:00:00+00:00,2024-07-04 16:00:00+00:00,2024-07-04 23:45:00+00:00,1,3137.86,3069.5751514778412,3274.429697044318,3069.5751514778412,stop,-1.0,-1.0590882594863085,31,7.75,68.28484852215888
ETH,2024-07-05 08:00:00+00:00,2024-07-05 08:00:00+00:00,2024-07-06 08:00:00+00:00,1,2880.98,2771.2766304339143,3100.3867391321714,3002.82,tempo,1.1106313368670346,1.075769417719728,96,24.0,109.70336956608571
ETH,2024-07-11 16:00:00+00:00,2024-07-11 16:00:00+00:00,2024-07-12 16:00:00+00:00,-1,3116.66,3233.3730675278052,2883.233864944389,3130.18,tempo,-0.11583964235006519,-0.15062962847593453,96,24.0,116.71306752780538
ETH,2024-07-17 04:00:00+00:00,2024-07-17 04:00:00+00:00,2024-07-18 04:00:00+00:00,-1,3478.88,3534.1417261318697,3368.356547736261,3429.99,tempo,0.8846991113403765,0.8034355350039479,96,24.0,55.261726131869636
ETH,2024-07-18 20:00:00+00:00,2024-07-18 20:00:00+00:00,2024-07-19 17:30:00+00:00,1,3404.34,3349.6152221079706,3513.7895557840593,3513.7895557840593,alvo,2.0,1.9178291007387611,86,21.5,54.72477789202958
ETH,2024-07-21 20:00:00+00:00,2024-07-21 20:00:00+00:00,2024-07-22 20:00:00+00:00,1,3489.01,3394.199679873443,3678.6306402531145,3497.36,tempo,0.08807058122843534,0.040173469458975236,96,24.0,94.81032012655714
ETH,2024-07-25 08:00:00+00:00,2024-07-25 08:00:00+00:00,2024-07-25 14:15:00+00:00,1,3170.22,3106.2441875107643,3298.171624978471,3106.2441875107643,stop,-1.0,-1.0637694397795798,25,6.25,63.97581248923552
ETH,2024-07-25 16:00:00+00:00,2024-07-25 16:00:00+00:00,2024-07-26 03:15:00+00:00,1,3140.81,3084.4581081844462,3253.5137836311073,3253.5137836311073,alvo,2.0,1.9262436392913957,45,11.25,56.3518918155537
ETH,2024-07-31 00:00:00+00:00,2024-07-31 00:00:00+00:00,2024-07-31 21:00:00+00:00,1,3278.17,3216.851609020537,3400.806781958926,3216.851609020537,stop,-1.0,-1.0688498830192286,84,21.0,61.31839097946295
ETH,2024-08-03 00:00:00+00:00,2024-08-03 00:00:00+00:00,2024-08-03 01:00:00+00:00,1,2988.1,2945.9398062517766,3072.4203874964464,2945.9398062517766,stop,-1.0,-1.0914873849275468,4,1.0,42.160193748223264
ETH,2024-08-03 04:00:00+00:00,2024-08-03 04:00:00+00:00,2024-08-03 18:45:00+00:00,1,2980.77,2893.140141642987,3156.0297167140257,2893.140141642987,stop,-1.0,-1.0435700988641663,59,14.75,87.62985835701284
ETH,2024-08-21 16:00:00+00:00,2024-08-21 16:00:00+00:00,2024-08-22 16:00:00+00:00,1,2600.45,2522.186308977738,2756.9773820445234,2598.3,tempo,-0.027471231830710322,-0.07064818216185179,96,24.0,78.26369102226181
ETH,2024-08-23 16:00:00+00:00,2024-08-23 16:00:00+00:00,2024-08-23 18:00:00+00:00,-1,2669.46,2709.444768620052,2589.490462759896,2709.444768620052,stop,-1.0,-1.0874404984764545,8,2.0,39.98476862005191
ETH,2024-08-24 20:00:00+00:00,2024-08-24 20:00:00+00:00,2024-08-25 20:00:00+00:00,-1,2791.25,2830.4953437613185,2712.759312477363,2764.77,tempo,0.6747297249081449,0.5827082860856487,96,24.0,39.24534376131851
ETH,2024-08-26 04:00:00+00:00,2024-08-26 04:00:00+00:00,2024-08-26 09:45:00+00:00,1,2743.0,2705.9699524199596,2817.060095160081,2705.9699524199596,stop,-1.0,-1.0956474728102172,23,5.75,37.030047580040446
ETH,2024-09-07 00:00:00+00:00,2024-09-07 00:00:00+00:00,2024-09-08 00:00:00+00:00,1,2223.7,2132.202163710392,2406.695672579215,2272.21,tempo,0.5301764715665739,0.4982375578336825,96,24.0,91.49783628960768
ETH,2024-09-09 00:00:00+00:00,2024-09-09 00:00:00+00:00,2024-09-09 16:15:00+00:00,-1,2295.9,2343.9636786519523,2199.7726426960958,2343.9636786519523,stop,-1.0,-1.0627482430748416,65,16.25,48.06367865195216
ETH,2024-09-23 00:00:00+00:00,2024-09-23 00:00:00+00:00,2024-09-24 00:00:00+00:00,1,2579.95,2511.5550700359054,2716.7398599281887,2645.84,tempo,0.9633755021693985,0.9137115358230157,96,24.0,68.39492996409444
ETH,2024-09-30 12:00:00+00:00,2024-09-30 12:00:00+00:00,2024-09-30 18:30:00+00:00,1,2627.97,2581.1076800964333,2721.6946398071327,2581.1076800964333,stop,-1.0,-1.0722520886509717,26,6.5,46.86231990356646
ETH,2024-10-03 16:00:00+00:00,2024-10-03 16:00:00+00:00,2024-10-04 16:00:00+00:00,1,2339.55,2293.5775111401067,2431.494977719787,2415.99,tempo,1.6627335586063097,1.5954954978299942,96,24.0,45.972488859893474
ETH,2024-10-15 16:00:00+00:00,2024-10-15 16:00:00+00:00,2024-10-16 16:00:00+00:00,-1,2572.58,2705.4214687499784,2306.897062500043,2606.7,tempo,-0.25684750643804827,-0.282189984443438,96,24.0,132.8414687499785
ETH,2024-10-29 20:00:00+00:00,2024-10-29 20:00:00+00:00,2024-10-30 10:00:00+00:00,-1,2624.43,2694.0191193037667,2485.251761392466,2694.0191193037667,stop,-1.0,-1.049677190373069,56,14.0,69.58911930376689
ETH,2024-10-30 16:00:00+00:00,2024-10-30 16:00:00+00:00,2024-10-31 14:15:00+00:00,-1,2683.59,2737.551404080126,2575.6671918397487,2575.6671918397487,alvo,2.0,1.9366488468383851,89,22.25,53.9614040801257
ETH,2024-11-03 16:00:00+00:00,2024-11-03 16:00:00+00:00,2024-11-04 16:00:00+00:00,1,2442.19,2403.531078948558,2519.5078421028843,2441.96,tempo,-0.005949467645358362,-0.08807016355861308,96,24.0,38.65892105144212
ETH,2024-11-06 08:00:00+00:00,2024-11-06 08:00:00+00:00,2024-11-06 15:30:00+00:00,-1,2595.4,2664.037592335696,2458.1248153286083,2664.037592335696,stop,-1.0,-1.0498070272963274,30,7.5,68.6375923356959
ETH,2024-11-08 16:00:00+00:00,2024-11-08 16:00:00+00:00,2024-11-08 20:00:00+00:00,-1,2937.6,2974.3499426381254,2864.100114723749,2974.3499426381254,stop,-1.0,-1.1045652642387578,16,4.0,36.7499426381255
ETH,2024-11-08 20:00:00+00:00,2024-11-08 20:00:00+00:00,2024-11-09 05:45:00+00:00,-1,2950.0,3000.279592271124,2849.4408154577523,3000.279592271124,stop,-1.0,-1.0769234904316733,39,9.75,50.279592271123875
ETH,2024-11-10 20:00:00+00:00,2024-11-10 20:00:00+00:00,2024-11-11 16:30:00+00:00,-1,3164.99,3270.7861788519103,2953.3976422961787,3270.7861788519103,stop,-1.0,-1.0395406957193538,82,20.5,105.79617885191055
ETH,2024-11-12 12:00:00+00:00,2024-11-12 12:00:00+00:00,2024-11-13 12:00:00+00:00,-1,3285.43,3481.128731493606,2894.032537012787,3169.66,tempo,0.5915725621542022,0.5701324206265752,96,24.0,195.69873149360637
ETH,2024-12-02 04:00:00+00:00,2024-12-02 04:00:00+00:00,2024-12-03 04:00:00+00:00,-1,3687.83,3783.23526853838,3497.01946292324,3641.93,tempo,0.48110550605007,0.4311675511237822,96,24.0,95.40526853837991
ETH,2024-12-03 16:00:00+00:00,2024-12-03 16:00:00+00:00,2024-12-04 15:00:00+00:00,1,3574.19,3481.5923368724293,3759.3853262551415,3759.3853262551415,alvo,2.0,1.9485211202846595,92,23.0,92.59766312757074
ETH,2024-12-05 00:00:00+00:00,2024-12-05 00:00:00+00:00,2024-12-05 08:45:00+00:00,-1,3840.74,3915.0611933023292,3692.097613395341,3915.0611933023292,stop,-1.0,-1.0678308642750023,35,8.75,74.32119330232945
ETH,2024-12-07 00:00:00+00:00,2024-12-07 00:00:00+00:00,2024-12-08 00:00:00+00:00,-1,4001.75,4116.7554898435865,3771.739020312827,3999.79,tempo,0.017042664682057698,-0.028181272080210217,96,24.0,115.00548984358647
ETH,2024-12-19 04:00:00+00:00,2024-12-19 04:00:00+00:00,2024-12-19 17:45:00+00:00,1,3667.16,3512.661191586859,3976.157616826282,3512.661191586859,stop,-1.0,-1.0302066004421981,55,13.75,154.49880841314098
ETH,2024-12-20 16:00:00+00:00,2024-12-20 16:00:00+00:00,2024-12-21 16:00:00+00:00,1,3373.33,3057.8739403025033,4004.242119394993,3389.12,tempo,0.05005451477185642,0.03612042675904377,96,24.0,315.4560596974966
ETH,2025-01-02 16:00:00+00:00,2025-01-02 16:00:00+00:00,2025-01-03 14:45:00+00:00,-1,3462.75,3524.7354679586406,3338.779064082719,3524.7354679586406,stop,-1.0,-1.07327307034616,91,22.75,61.985467958640584
ETH,2025-01-08 08:00:00+00:00,2025-01-08 08:00:00+00:00,2025-01-08 17:15:00+00:00,1,3353.19,3284.986368876969,3489.5972622460617,3284.986368876969,stop,-1.0,-1.063263708525821,37,9.25,68.20363112303085
ETH,2025-01-13 04:00:00+00:00,2025-01-13 04:00:00+00:00,2025-01-13 14:45:00+00:00,-1,3241.14,3352.214762445732,3018.9904751085355,3018.9904751085355,alvo,2.0,1.9633662524301272,43,10.75,111.07476244573218
ETH,2025-01-18 00:00:00+00:00,2025-01-18 00:00:00+00:00,2025-01-18 05:15:00+00:00,-1,3472.38,3542.968177208285,3331.2036455834304,3331.2036455834304,alvo,2.0,1.937350282376888,21,5.25,70.58817720828483
ETH,2025-01-18 12:00:00+00:00,2025-01-18 12:00:00+00:00,2025-01-19 09:15:00+00:00,1,3310.54,3202.9013747813606,3525.8172504372787,3202.9013747813606,stop,-1.0,-1.0393328778122926,85,21.25,107.63862521863939
ETH,2025-02-10 00:00:00+00:00,2025-02-10 00:00:00+00:00,2025-02-11 00:00:00+00:00,1,2626.07,2499.6727896824677,2878.864420635065,2659.99,tempo,0.26836035316591644,0.24117669150623025,96,24.0,126.39721031753243
ETH,2025-02-12 16:00:00+00:00,2025-02-12 16:00:00+00:00,2025-02-12 22:30:00+00:00,1,2606.0,2524.4282607129508,2769.1434785740985,2769.1434785740985,alvo,2.0,1.957168459424674,26,6.5,81.57173928704924
ETH,2025-02-17 16:00:00+00:00,2025-02-17 16:00:00+00:00,2025-02-18 16:00:00+00:00,-1,2754.73,2864.68320006292,2534.8235998741598,2672.38,tempo,0.7489550095211014,0.7168720733447888,96,24.0,109.95320006292013
ETH,2025-02-20 16:00:00+00:00,2025-02-20 16:00:00+00:00,2025-02-21 09:30:00+00:00,-1,2711.24,2781.4558743385314,2570.8082513229365,2781.4558743385314,stop,-1.0,-1.0508467971374507,70,17.5,70.21587433853165
ETH,2025-02-27 00:00:00+00:00,2025-02-27 00:00:00+00:00,2025-02-27 21:15:00+00:00,1,2335.34,2229.4271557299558,2547.165688540089,2229.4271557299558,stop,-1.0,-1.0280145309256288,85,21.25,105.91284427004439
ETH,2025-03-04 20:00:00+00:00,2025-03-04 20:00:00+00:00,2025-03-05 20:00:00+00:00,1,2171.67,1953.6434383687267,2607.723123262547,2217.28,tempo,0.2091946947140128,0.19610997018019805,96,24.0,218.02656163127335
ETH,2025-03-19 20:00:00+00:00,2025-03-19 20:00:00+00:00,2025-03-20 20:00:00+00:00,-1,2029.91,2078.9299726148333,1931.8700547703336,1974.1,tempo,1.1385155279159067,1.0854227503974538,96,24.0,49.01997261483325
ETH,2025-03-24 04:00:00+00:00,2025-03-24 04:00:00+00:00,2025-03-24 04:45:00+00:00,-1,2013.48,2028.4053975987943,1983.6292048024116,2028.4053975987943,stop,-1.0,-1.176023820541401,3,0.75,14.925397598794234
SOL,2023-01-04 04:00:00+00:00,2023-01-04 04:00:00+00:00,2023-01-04 08:00:00+00:00,-1,13.436,14.18523815789567,11.93752368420866,14.18523815789567,stop,-1.0,-1.0239627475101611,16,4.0,0.7492381578956699
SOL,2023-01-06 16:00:00+00:00,2023-01-06 16:00:00+00:00,2023-01-07 16:00:00+00:00,1,13.173,12.539159652451984,14.440680695096033,13.257,tempo,0.1325254858340116,0.10542165745442336,96,24.0,0.6338403475480163
SOL,2023-01-30 00:00:00+00:00,2023-01-30 00:00:00+00:00,2023-01-30 09:15:00+00:00,-1,26.09,27.100982009236464,24.06803598152707,24.06803598152707,alvo,2.0,1.9677514306979453,37,9.25,1.0109820092364643
SOL,2023-02-02 20:00:00+00:00,2023-02-02 20:00:00+00:00,2023-02-03 20:00:00+00:00,-1,25.065,26.399571969505928,22.395856060988148,24.374,tempo,0.5177690044365448,0.49368986091017747,96,24.0,1.3345719695059266
SOL,2023-02-06 16:00:00+00:00,2023-02-06 16:00:00+00:00,2023-02-06 23:15:00+00:00,1,23.476,22.652313848983194,25.12337230203361,22.652313848983194,stop,-1.0,-1.0364014909863737,29,7.25,0.8236861510168048
SOL,2023-02-20 00:00:00+00:00,2023-02-20 00:00:00+00:00,2023-02-20 03:00:00+00:00,-1,24.851,25.922254037168774,22.70849192566245,25.922254037168774,stop,-1.0,-1.0308074592758432,12,3.0,1.0712540371687744
SOL,2023-02-22 04:00:00+00:00,2023-02-22 04:00:00+00:00,2023-02-22 07:00:00+00:00,1,24.45,23.576130476808295,26.197739046383408,23.576130476808295,stop,-1.0,-1.0357227068589245,12,3.0,0.8738695231917042
SOL,2023-03-08 00:00:00+00:00,2023-03-08 00:00:00+00:00,2023-03-08 05:45:00+00:00,1,20.233,19.548143374587756,21.60271325082449,19.548143374587756,stop,-1.0,-1.0377564328561721,23,5.75,0.6848566254122446
SOL,2023-03-08 16:00:00+00:00,2023-03-08 16:00:00+00:00,2023-03-08 18:45:00+00:00,1,19.212,18.461015424305135,20.71396915138973,18.461015424305135,stop,-1.0,-1.0326071411029192,11,2.75,0.750984575694865
SOL,2023-03-10 08:00:00+00:00,2023-03-10 08:00:00+00:00,2023-03-10 10:15:00+00:00,1,16.977,16.410135408101674,18.110729183796654,16.410135408101674,stop,-1.0,-1.0382836365605255,9,2.25,0.5668645918983266
SOL,2023-03-10 12:00:00+00:00,2023-03-10 12:00:00+00:00,2023-03-11 01:45:00+00:00,1,16.685,15.796385461547063,18.46222907690587,18.46222907690587,alvo,2.0,1.9742906536958502,55,13.75,0.888614538452936
SOL,2023-03-20 16:00:00+00:00,2023-03-20 16:00:00+00:00,2023-03-21 16:00:00+00:00,-1,23.157,24.185507951981023,21.099984096037954,22.909,tempo,0.24112599180426844,0.2120130423688007,96,24.0,1.0285079519810232
SOL,2023-04-04 16:00:00+00:00,2023-04-04 16:00:00+00:00,2023-04-05 16:00:00+00:00,-1,20.85,21.39225983749754,19.765480325004923,20.793,tempo,0.10511565869058265,0.05519872195981688,96,24.0,0.5422598374975394
SOL,2023-04-12 08:00:00+00:00,2023-04-12 08:00:00+00:00,2023-04-12 12:45:00+00:00,-1,23.683,24.322908513298355,22.40318297340329,24.322908513298355,stop,-1.0,-1.048762971401656,19,4.75,0.6399085132983551
SOL,2023-04-12 16:00:00+00:00,2023-04-12 16:00:00+00:00,2023-04-13 13:00:00+00:00,-1,23.591,24.73314702129313,21.30670595741374,24.73314702129313,stop,-1.0,-1.0275014468174837,84,21.0,1.1421470212931304
SOL,2023-04-27 00:00:00+00:00,2023-04-27 00:00:00+00:00,2023-04-28 00:00:00+00:00,1,21.256,20.081835620416182,23.604328759167636,22.326,tempo,0.9112863740418197,0.8871600247055871,96,24.0,1.174164379583818
SOL,2023-04-29 16:00:00+00:00,2023-04-29 16:00:00+00:00,2023-04-30 16:00:00+00:00,-1,23.344,24.030606176600166,21.97078764679967,23.665,tempo,-0.4675169128094337,-0.5120196438383067,96,24.0,0.686606176600165
SOL,2023-05-01 20:00:00+00:00,2023-05-01 20:00:00+00:00,2023-05-02 20:00:00+00:00,1,21.735,21.38183215941415,22.4413356811717,22.28,tempo,1.5431756161487726,1.4621666829669153,96,24.0,0.3531678405858507
SOL,2023-05-10 20:00:00+00:00,2023-05-10 20:00:00+00:00,2023-05-11 20:00:00+00:00,1,20.961,19.48131621609659,23.920367567806814,19.995,tempo,-0.6528421886544491,-0.6708334650944549,96,24.0,1.4796837839034076
SOL,2023-05-15 04:00:00+00:00,2023-05-15 04:00:00+00:00,2023-05-16 04:00:00+00:00,1,21.218,20.500263488382494,22.653473023235012,20.862,tempo,-0.4960037482246968,-0.534112440700657,96,24.0,0.7177365116175061
SOL,2023-05-29 00:00:00+00:00,2023-05-29 00:00:00+00:00,2023-05-30 00:00:00+00:00,-1,20.798,21.273559587126904,19.846880825746187,20.575,tempo,0.4689212583164476,0.4123721933244646,96,24.0,0.4755595871269058
SOL,2023-06-05 20:00:00+00:00,2023-06-05 20:00:00+00:00,2023-06-06 20:00:00+00:00,1,20.017,18.944285938585146,22.162428122829706,20.569,tempo,0.5145826085955663,0.4899899413145902,96,24.0,1.0727140614148531
SOL,2023-06-21 20:00:00+00:00,2023-06-21 20:00:00+00:00,2023-06-22 00:45:00+00:00,-1,17.124,17.425761196024034,16.52047760795193,17.425761196024034,stop,-1.0,-1.0744209165171352,19,4.75,0.30176119602403517
SOL,2023-06-23 16:00:00+00:00,2023-06-23 16:00:00+00:00,2023-06-24 16:00:00+00:00,1,16.961,16.013974854599116,18.855050290801763,16.614,tempo,-0.3664105453642524,-0.38945507602532775,96,24.0,0.9470251454008825
SOL,2023-07-06 12:00:00+00:00,2023-07-06 12:00:00+00:00,2023-07-06 19:00:00+00:00,-1,19.888,20.513936609035675,18.636126781928656,20.513936609035675,stop,-1.0,-1.041955141170496,28,7.0,0.6259366090356728
SOL,2023-07-07 00:00:00+00:00,2023-07-07 00:00:00+00:00,2023-07-07 14:30:00+00:00,-1,19.592,21.21392066372595,16.348158672548095,21.21392066372595,stop,-1.0,-1.0163533574882078,58,14.5,1.6219206637259518
SOL,2023-07-08 00:00:00+00:00,2023-07-08 00:00:00+00:00,2023-07-08 08:00:00+00:00,-1,21.485,22.2202968186463,20.014406362707398,22.2202968186463,stop,-1.0,-1.038635340466209,32,8.0,0.7352968186463009
SOL,2023-07-25 16:00:00+00:00,2023-07-25 16:00:00+00:00,2023-07-26 12:45:00+00:00,1,23.192,22.558284884810217,24.459430230379567,24.459430230379567,alvo,2.0,1.9511240478452674,83,20.75,0.6337151151897835
SOL,2023-07-31 00:00:00+00:00,2023-07-31 00:00:00+00:00,2023-08-01 00:00:00+00:00,1,24.236,23.26341473796853,26.18117052406294,23.716,tempo,-0.5346574951319533,-0.5667048653901625,96,24.0,0.972585262031469
SOL,2023-08-14 04:00:00+00:00,2023-08-14 04:00:00+00:00,2023-08-14 16:30:00+00:00,1,24.385,23.963612790518688,25.22777441896263,25.22777441896263,alvo,2.0,1.9234710910850374,50,12.5,0.42138720948131336
SOL,2023-08-23 00:00:00+00:00,2023-08-23 00:00:00+00:00,2023-08-24 00:00:00+00:00,1,20.571,19.036467937897797,23.64006412420441,21.717,tempo,0.7468074654823798,0.7288950342736473,96,24.0,1.5345320621022047
SOL,2023-08-28 12:00:00+00:00,2023-08-28 12:00:00+00:00,2023-08-29 12:00:00+00:00,1,20.354,19.930127893402666,21.201744213194665,20.138,tempo,-0.5095876719370724,-0.5716814016030424,96,24.0,0.423872106597333
SOL,2023-09-10 16:00:00+00:00,2023-09-10 16:00:00+00:00,2023-09-11 09:30:00+00:00,1,18.185,17.617029678806876,19.320940642386244,17.617029678806876,stop,-1.0,-1.0409727734405891,70,17.5,0.5679703211931226
SOL,2023-09-16 00:00:00+00:00,2023-09-16 00:00:00+00:00,2023-09-17 00:00:00+00:00,-1,19.137,19.599726887187018,18.211546225625966,19.112,tempo,0.05402754992687091,0.00029855624090047855,96,24.0,0.46272688718701716
SOL,2023-09-18 04:00:00+00:00,2023-09-18 04:00:00+00:00,2023-09-19 04:00:00+00:00,1,19.195,18.468133763812617,20.648732472374768,19.956,tempo,1.046960172468124,1.0119493978124148,96,24.0,0.7268662361873837
SOL,2023-09-20 20:00:00+00:00,2023-09-20 20:00:00+00:00,2023-09-21 20:00:00+00:00,-1,20.103,20.662982465137585,18.983035069724835,19.614,tempo,0.8732416288782494,0.8271400960496149,96,24.0,0.5599824651375833
SOL,2023-09-22 04:00:00+00:00,2023-09-22 04:00:00+00:00,2023-09-23 04:00:00+00:00,1,19.656,19.117851859985496,20.732296280029004,19.371,tempo,-0.5295939515693943,-0.5767325517312686,96,24.0,0.5381481400145027
SOL,2023-09-25 04:00:00+00:00,2023-09-25 04:00:00+00:00,2023-09-26 04:00:00+00:00,1,19.47,18.982146316731114,20.445707366537768,19.436,tempo,-0.06969302716376038,-0.12153008582969203,96,24.0,0.48785368326888445
SOL,2023-09-27 16:00:00+00:00,2023-09-27 16:00:00+00:00,2023-09-28 15:00:00+00:00,1,18.933,18.666737472899843,19.465525054200313,19.465525054200313,alvo,2.0,1.9062615323415688,92,23.0,0.26626252710015663
SOL,2023-10-02 00:00:00+00:00,2023-10-02 00:00:00+00:00,2023-10-02 06:45:00+00:00,-1,23.873,24.73140829148927,22.156183417021463,24.73140829148927,stop,-1.0,-1.0368040077230114,27,6.75,0.858408291489269
SOL,2023-10-04 04:00:00+00:00,2023-10-04 04:00:00+00:00,2023-10-05 04:00:00+00:00,1,23.094,22.542551883472782,24.19689623305444,23.218,tempo,0.22486249618712464,0.17027386110469045,96,24.0,0.5514481165272187
SOL,2023-10-14 00:00:00+00:00,2023-10-14 00:00:00+00:00,2023-10-14 08:15:00+00:00,-1,21.828,22.300518738350483,20.88296252329903,22.300518738350483,stop,-1.0,-1.060703491421439,33,8.25,0.47251873835048386
SOL,2023-10-16 16:00:00+00:00,2023-10-16 16:00:00+00:00,2023-10-17 16:00:00+00:00,-1,23.151,25.235525308553832,18.981949382892335,23.884,tempo,-0.3516388105206212,-0.36630533909407864,96,24.0,2.0845253085538324
SOL,2023-10-23 08:00:00+00:00,2023-10-23 08:00:00+00:00,2023-10-23 22:45:00+00:00,-1,30.103,31.662375346913212,26.98424930617358,31.662375346913212,stop,-1.0,-1.0257458821924854,59,14.75,1.5593753469132103
SOL,2023-10-31 08:00:00+00:00,2023-10-31 08:00:00+00:00,2023-10-31 10:00:00+00:00,-1,35.711,36.90749395904032,33.31801208191935,36.90749395904032,stop,-1.0,-1.0394502794742362,8,2.0,1.1964939590403247
SOL,2023-11-01 12:00:00+00:00,2023-11-01 12:00:00+00:00,2023-11-01 14:30:00+00:00,-1,39.248,40.156020302154786,37.43195939569042,40.156020302154786,stop,-1.0,-1.0568408141028571,10,2.5,0.9080203021547888
SOL,2023-11-09 16:00:00+00:00,2023-11-09 16:00:00+00:00,2023-11-10 10:15:00+00:00,-1,46.451,49.54272421549305,40.2675515690139,49.54272421549305,stop,-1.0,-1.0201815933088068,73,18.25,3.091724215493052
SOL,2023-11-11 04:00:00+00:00,2023-11-11 04:00:00+00:00,2023-11-11 13:30:00+00:00,-1,55.851,58.70526887423483,50.14246225153033,58.70526887423483,stop,-1.0,-1.0260877927235268,38,9.5,2.854268874234833
SOL,2023-11-21 16:00:00+00:00,2023-11-21 16:00:00+00:00,2023-11-21 23:00:00+00:00,1,55.129,52.12590583469115,61.13518833061769,52.12590583469115,stop,-1.0,-1.0232146196405998,28,7.0,3.0030941653088448
SOL,2023-11-23 16:00:00+00:00,2023-11-23 16:00:00+00:00,2023-11-24 16:00:00+00:00,-1,56.64,60.194989693902215,49.53002061219557,58.158,tempo,-0.4270054573164553,-0.447995307196468,96,24.0,3.5549896939022148
SOL,2023-12-04 12:00:00+00:00,2023-12-04 12:00:00+00:00,2023-12-05 12:00:00+00:00,1,62.118,58.45668561430538,69.44062877138924,60.19,tempo,-0.5265868474810651,-0.5483004157861036,96,24.0,3.6613143856946238
SOL,2023-12-06 12:00:00+00:00,2023-12-06 12:00:00+00:00,2023-12-07 12:00:00+00:00,-1,63.051,67.5232322135731,54.106535572853815,64.289,tempo,-0.27681925733701973,-0.2953270172312382,96,24.0,4.472232213573093
SOL,2023-12-08 08:00:00+00:00,2023-12-08 08:00:00+00:00,2023-12-08 11:45:00+00:00,-1,71.436,73.80630674348589,66.69538651302824,73.80630674348589,stop,-1.0,-1.03982923292216,15,3.75,2.3703067434858838
SOL,2023-12-08 16:00:00+00:00,2023-12-08 16:00:00+00:00,2023-12-08 23:45:00+00:00,-1,72.072,75.28794212447555,65.64011575104891,75.28794212447555,stop,-1.0,-1.0297841063904498,31,7.75,3.2159421244755464
SOL,2023-12-11 04:00:00+00:00,2023-12-11 04:00:00+00:00,2023-12-12 04:00:00+00:00,1,70.888,62.59862360143332,87.46675279713338,71.232,tempo,0.041498899731405005,0.03035475624481257,96,24.0,8.289376398566688
SOL,2023-12-20 20:00:00+00:00,2023-12-20 20:00:00+00:00,2023-12-21 05:30:00+00:00,-1,81.16,85.04272668001312,73.39454663997375,85.04272668001312,stop,-1.0,-1.0278236871263995,38,9.5,3.8827266800131213
SOL,2023-12-25 20:00:00+00:00,2023-12-25 20:00:00+00:00,2023-12-26 17:45:00+00:00,-1,121.427,128.5050281670512,107.27094366589763,107.27094366589763,alvo,2.0,1.9789978706110793,87,21.75,7.078028167051187
SOL,2024-01-10 00:00:00+00:00,2024-01-10 00:00:00+00:00,2024-01-11 00:00:00+00:00,-1,99.347,109.59165009321048,78.85769981357903,102.063,tempo,-0.26511398391244273,-0.2778929952802164,96,24.0,10.244650093210481
SOL,2024-01-18 04:00:00+00:00,2024-01-18 04:00:00+00:00,2024-01-19 04:00:00+00:00,-1,99.957,104.53336453486097,90.80427093027805,93.089,tempo,1.5007545722553859,1.4733354497086257,96,24.0,4.576364534860971
SOL,2024-01-19 20:00:00+00:00,2024-01-19 20:00:00+00:00,2024-01-20 20:00:00+00:00,1,94.115,86.08253510008768,110.17992979982462,92.029,tempo,-0.2596961239161805,-0.2747591962741215,96,24.0,8.032464899912313
SOL,2024-01-22 12:00:00+00:00,2024-01-22 12:00:00+00:00,2024-01-22 18:45:00+00:00,1,88.359,85.51303358839479,94.0509328232104,85.51303358839479,stop,-1.0,-1.0397112282743746,27,6.75,2.845966411605204
SOL,2024-01-23 16:00:00+00:00,2024-01-23 16:00:00+00:00,2024-01-24 16:00:00+00:00,1,82.677,78.0578880251637,91.91522394967261,86.994,tempo,0.9345952259910273,0.9107191756590999,96,24.0,4.619111974836301
SOL,2024-02-06 12:00:00+00:00,2024-02-06 12:00:00+00:00,2024-02-06 19:45:00+00:00,1,94.238,92.57132666897604,97.57134666204792,97.57134666204792,alvo,2.0,1.9251946539195335,31,7.75,1.6666733310239579
SOL,2024-02-09 04:00:00+00:00,2024-02-09 04:00:00+00:00,2024-02-09 09:15:00+00:00,-1,104.306,106.33858914317005,100.24082171365988,106.33858914317005,stop,-1.0,-1.0673618588405522,21,5.25,2.032589143170057
SOL,2024-02-10 00:00:00+00:00,2024-02-10 00:00:00+00:00,2024-02-10 02:15:00+00:00,-1,106.92,109.95825589582788,100.84348820834425,109.95825589582788,stop,-1.0,-1.0463986152469478,9,2.25,3.0382558958278736
SOL,2024-02-21 16:00:00+00:00,2024-02-21 16:00:00+00:00,2024-02-22 16:00:00+00:00,1,103.904,100.19978201182118,111.31243597635762,105.469,tempo,0.4224913342018065,0.3857514742814917,96,24.0,3.7042179881788115
SOL,2024-02-23 20:00:00+00:00,2024-02-23 20:00:00+00:00,2024-02-24 20:00:00+00:00,1,101.485,98.01313435664918,108.42873128670165,104.145,tempo,0.7661586804473036,0.7276607909175117,96,24.0,3.4718656433508244
SOL,2024-02-26 16:00:00+00:00,2024-02-26 16:00:00+00:00,2024-02-27 16:00:00+00:00,1,105.084,99.73498657489844,115.78202685020312,106.885,tempo,0.33669760325303477,0.3109396103204625,96,24.0,5.34901342510156
SOL,2024-03-01 04:00:00+00:00,2024-03-01 04:00:00+00:00,2024-03-02 04:00:00+00:00,-1,134.113,139.4983392940632,123.34232141187363,130.259,tempo,0.7156466453745401,0.6837374581132215,96,24.0,5.385339294063186
SOL,2024-03-15 20:00:00+00:00,2024-03-15 20:00:00+00:00,2024-03-16 05:45:00+00:00,-1,183.435,192.4508766896227,165.4032466207546,192.4508766896227,stop,-1.0,-1.0270995077083822,39,9.75,9.0158766896227
SOL,2024-04-05 16:00:00+00:00,2024-04-05 16:00:00+00:00,2024-04-06 16:00:00+00:00,1,175.938,166.51785425373535,194.77829149252926,177.223,tempo,0.13640977906414717,0.11204129728232069,96,24.0,9.420145746264637
SOL,2024-04-25 16:00:00+00:00,2024-04-25 16:00:00+00:00,2024-04-26 16:00:00+00:00,1,147.7,140.76188517434684,161.57622965130628,142.655,tempo,-0.7271427652575724,-0.7543447869511573,96,24.0,6.938114825653145
SOL,2024-05-07 04:00:00+00:00,2024-05-07 04:00:00+00:00,2024-05-08 04:00:00+00:00,-1,153.787,159.30961854826515,142.74176290346972,149.47,tempo,0.7816944013553381,0.7460017225513816,96,24.0,5.522618548265143
SOL,2024-05-13 08:00:00+00:00,2024-05-13 08:00:00+00:00,2024-05-14 08:00:00+00:00,1,143.488,136.81595420987253,156.83209158025494,146.491,tempo,0.450086839098663,0.4218366807620849,96,24.0,6.67204579012747
SOL,2024-05-24 00:00:00+00:00,2024-05-24 00:00:00+00:00,2024-05-24 08:30:00+00:00,1,176.181,162.87370784000822,202.7955843199836,162.87370784000822,stop,-1.0,-1.01656126261048,34,8.5,13.307292159991789
SOL,2024-05-24 12:00:00+00:00,2024-05-24 12:00:00+00:00,2024-05-25 12:00:00+00:00,1,166.355,161.06375274428692,176.93749451142614,168.563,tempo,0.4172929166400177,0.37615012185473373,96,24.0,5.291247255713074
SOL,2024-05-28 16:00:00+00:00,2024-05-28 16:00:00+00:00,2024-05-29 16:00:00+00:00,-1,168.384,174.57206584973935,156.00786830052127,168.661,tempo,-0.04476358311728089,-0.08016709292466724,96,24.0,6.18806584973936
SOL,2024-06-11 20:00:00+00:00,2024-06-11 20:00:00+00:00,2024-06-12 12:45:00+00:00,1,149.156,144.00538519515626,159.4572296096875,159.4572296096875,alvo,2.0,1.9610534651013602,67,16.75,5.150614804843741
SOL,2024-06-21 12:00:00+00:00,2024-06-21 12:00:00+00:00,2024-06-21 18:15:00+00:00,1,132.03,128.6656041704804,138.7587916590392,128.6656041704804,stop,-1.0,-1.050366291987411,25,6.25,3.3643958295195944
SOL,2024-06-21 20:00:00+00:00,2024-06-21 20:00:00+00:00,2024-06-22 20:00:00+00:00,1,132.586,127.58018604008682,142.5976279198264,134.442,tempo,0.37076887292714694,0.3360955507881417,96,24.0,5.005813959913198
SOL,2024-06-24 12:00:00+00:00,2024-06-24 12:00:00+00:00,2024-06-25 12:00:00+00:00,1,127.044,120.51453888074569,140.1029222385086,137.753,tempo,1.6401047198858278,1.6137444970655324,96,24.0,6.529461119254307
SOL,2024-07-02 16:00:00+00:00,2024-07-02 16:00:00+00:00,2024-07-02 18:30:00+00:00,-1,148.334,152.639764429097,139.722471141806,152.639764429097,stop,-1.0,-1.0454351254232321,10,2.5,4.305764429096996
SOL,2024-07-04 16:00:00+00:00,2024-07-04 16:00:00+00:00,2024-07-04 23:45:00+00:00,1,135.296,128.25435443202196,149.37929113595607,128.25435443202196,stop,-1.0,-1.0243277979169867,31,7.75,7.041645567978037
SOL,2024-07-17 04:00:00+00:00,2024-07-17 04:00:00+00:00,2024-07-18 04:00:00+00:00,-1,160.839,164.74762101466425,153.0217579706715,158.885,tempo,0.4999205583424559,0.44675075773495143,96,24.0,3.9086210146642486
SOL,2024-07-19 08:00:00+00:00,2024-07-19 08:00:00+00:00,2024-07-19 14:00:00+00:00,-1,161.36,166.7612264436832,150.55754711263364,166.7612264436832,stop,-1.0,-1.039487105273623,24,6.0,5.401226443683186
SOL,2024-07-23 20:00:00+00:00,2024-07-23 20:00:00+00:00,2024-07-24 11:30:00+00:00,1,171.942,168.96768681527786,177.8906263694443,177.8906263694443,alvo,2.0,1.9235483309867447,62,15.5,2.974313184722149
SOL,2024-07-27 16:00:00+00:00,2024-07-27 16:00:00+00:00,2024-07-28 16:00:00+00:00,-1,182.412,189.36817727180394,168.49964545639213,184.083,tempo,-0.24021814492468413,-0.27446421725604986,96,24.0,6.956177271803938
SOL,2024-08-01 20:00:00+00:00,2024-08-01 20:00:00+00:00,2024-08-02 15:15:00+00:00,1,162.3,156.4866788127223,173.92664237455546,156.4866788127223,stop,-1.0,-1.035644227207288,77,19.25,5.813321187277722
SOL,2024-08-03 04:00:00+00:00,2024-08-03 04:00:00+00:00,2024-08-03 16:00:00+00:00,1,153.465,146.87378043774996,166.6474391245001,146.87378043774996,stop,-1.0,-1.029618222461079,48,12.0,6.591219562250046
SOL,2024-08-05 08:00:00+00:00,2024-08-05 08:00:00+00:00,2024-08-06 08:00:00+00:00,1,122.789,106.28053728059099,155.805925438818,141.892,tempo,1.1571640754617682,1.1467425932847677,96,24.0,16.50846271940901
SOL,2024-08-14 16:00:00+00:00,2024-08-14 16:00:00+00:00,2024-08-15 16:00:00+00:00,-1,146.601,153.2515353238229,133.29992935235418,145.862,tempo,0.1111188744991444,0.08253456650832167,96,24.0,6.650535323822908
SOL,2024-08-16 20:00:00+00:00,2024-08-16 20:00:00+00:00,2024-08-17 20:00:00+00:00,1,140.852,134.87012127983488,152.81575744033026,141.029,tempo,0.02958936619749898,-0.0010402501105598663,96,24.0,5.981878720165128
SOL,2024-08-18 12:00:00+00:00,2024-08-18 12:00:00+00:00,2024-08-19 12:00:00+00:00,-1,144.52,148.1671484882424,137.22570302351525,142.275,tempo,0.6155493825484212,0.5644363690253997,96,24.0,3.6471484882423795
SOL,2024-08-23 16:00:00+00:00,2024-08-23 16:00:00+00:00,2024-08-23 18:00:00+00:00,-1,144.333,147.71791550434506,137.56316899130988,147.71791550434506,stop,-1.0,-1.0560820779231104,8,2.0,3.3849155043450594
SOL,2024-08-28 20:00:00+00:00,2024-08-28 20:00:00+00:00,2024-08-29 19:00:00+00:00,1,144.205,139.33177779499192,153.9514444100162,139.33177779499192,stop,-1.0,-1.0378186952725745,92,23.0,4.873222205008091
SOL,2024-09-01 16:00:00+00:00,2024-09-01 16:00:00+00:00,2024-09-01 23:00:00+00:00,1,134.181,129.21738785472834,144.10822429054335,129.21738785472834,stop,-1.0,-1.0344928143244767,28,7.0,4.963612145271668
SOL,2024-09-04 04:00:00+00:00,2024-09-04 04:00:00+00:00,2024-09-05 04:00:00+00:00,1,127.64,121.0944352747019,140.7311294505962,131.526,tempo,0.5936844509352902,0.5679482605422866,96,24.0,6.545564725298107
SOL,2024-09-05 16:00:00+00:00,2024-09-05 16:00:00+00:00,2024-09-06 16:00:00+00:00,-1,130.518,136.41332191941706,118.72735616116589,128.016,tempo,0.4244043046672866,0.39589914374528273,96,24.0,5.895321919417057
SOL,2024-09-09 00:00:00+00:00,2024-09-09 00:00:00+00:00,2024-09-09 17:00:00+00:00,-1,130.074,132.30047720598478,125.62104558803048,132.30047720598478,stop,-1.0,-1.07659786937206,68,17.0,2.2264772059847644
SOL,2024-09-16 20:00:00+00:00,2024-09-16 20:00:00+00:00,2024-09-17 20:00:00+00:00,1,131.064,128.17687483552498,136.83825032895,132.177,tempo,0.38550458902684465,0.32623918131075286,96,24.0,2.887125164475009
SOL,2024-09-18 12:00:00+00:00,2024-09-18 12:00:00+00:00,2024-09-18 15:30:00+00:00,1,129.348,127.46827200410047,133.1074559917991,127.46827200410047,stop,-1.0,-1.0888057086806227,14,3.5,1.8797279958995432
SOL,2024-09-23 00:00:00+00:00,2024-09-23 00:00:00+00:00,2024-09-24 00:00:00+00:00,1,144.588,140.10457403362366,153.55485193275265,144.691,tempo,0.02297350302479892,-0.018965708509003615,96,24.0,4.4834259663763305
SOL,2024-09-27 16:00:00+00:00,2024-09-27 16:00:00+00:00,2024-09-28 16:00:00+00:00,-1,158.995,162.25127128369706,152.48245743260588,156.808,tempo,0.671627087997707,0.608588129595279,96,24.0,3.2562712836970604
SOL,2024-10-01 04:00:00+00:00,2024-10-01 04:00:00+00:00,2024-10-01 15:00:00+00:00,1,155.045,150.60503843589674,163.92492312820647,150.60503843589674,stop,-1.0,-1.0447464515435416,44,11.0,4.439961564103243
SOL,2024-10-03 16:00:00+00:00,2024-10-03 16:00:00+00:00,2024-10-04 16:00:00+00:00,1,135.503,131.84043656516363,142.8281268696727,142.364,tempo,1.8732781348554488,1.8239647091050304,96,24.0,3.6625634348363576
SOL,2024-10-10 20:00:00+00:00,2024-10-10 20:00:00+00:00,2024-10-11 15:15:00+00:00,1,138.03,134.65496652113586,144.78006695772828,144.78006695772828,alvo,2.0,1.945533416283506,77,19.25,3.3750334788641396
SOL,2024-10-29 20:00:00+00:00,2024-10-29 20:00:00+00:00,2024-10-30 20:00:00+00:00,-1,178.14,184.35091031305137,165.71817937389721,174.25,tempo,0.6263172069681442,0.5894379914498207,96,24.0,6.210910313051386
SOL,2024-11-05 20:00:00+00:00,2024-11-05 20:00:00+00:00,2024-11-06 00:45:00+00:00,-1,163.97,170.2744749486292,151.3610501027416,170.2744749486292,stop,-1.0,-1.03446106305234,19,4.75,6.304474948629206
SOL,2024-11-06 08:00:00+00:00,2024-11-06 08:00:00+00:00,2024-11-06 22:00:00+00:00,-1,184.07,190.1313841651203,171.9472316697594,190.1313841651203,stop,-1.0,-1.040127946535212,56,14.0,6.061384165120302
SOL,2024-11-12 00:00:00+00:00,2024-11-12 00:00:00+00:00,2024-11-12 10:15:00+00:00,-1,222.33,226.34201012153846,214.3059797569231,214.3059797569231,alvo,2.0,1.9292590551259206,41,10.25,4.012010121538452
SOL,2024-11-12 12:00:00+00:00,2024-11-12 12:00:00+00:00,2024-11-13 12:00:00+00:00,-1,211.5,228.08288035760333,178.33423928479334,207.8,tempo,0.22312167248457057,0.20668634917989287,96,24.0,16.58288035760333
SOL,2024-11-17 12:00:00+00:00,2024-11-17 12:00:00+00:00,2024-11-18 04:15:00+00:00,-1,235.05,244.67031192108158,215.80937615783688,244.67031192108158,stop,-1.0,-1.032412483639475,65,16.25,9.620311921081566
SOL,2024-11-18 12:00:00+00:00,2024-11-18 12:00:00+00:00,2024-11-19 12:00:00+00:00,-1,242.732,250.80816281237688,226.57967437524624,246.23,tempo,-0.43312648361165235,-0.4724799869254942,96,24.0,8.076162812376879
SOL,2024-11-25 16:00:00+00:00,2024-11-25 16:00:00+00:00,2024-11-25 22:45:00+00:00,1,245.07,233.28132186163177,268.64735627673645,233.28132186163177,stop,-1.0,-1.0263751673903194,27,6.75,11.788678138368226
SOL,2024-11-29 16:00:00+00:00,2024-11-29 16:00:00+00:00,2024-11-30 16:00:00+00:00,-1,243.59,248.20810116308323,234.35379767383355,240.0,tempo,0.7773757813488822,0.7093102520545567,96,24.0,4.6181011630832245
SOL,2024-12-02 08:00:00+00:00,2024-12-02 08:00:00+00:00,2024-12-02 08:45:00+00:00,1,228.79,224.6569136380962,237.05617272380758,224.6569136380962,stop,-1.0,-1.071312445000302,3,0.75,4.133086361903793
SOL,2024-12-02 16:00:00+00:00,2024-12-02 16:00:00+00:00,2024-12-03 14:00:00+00:00,1,229.36,220.03331884820804,248.01336230358396,220.03331884820804,stop,-1.0,-1.0313193570678902,88,22.0,9.326681151791973
SOL,2024-12-03 16:00:00+00:00,2024-12-03 16:00:00+00:00,2024-12-04 16:00:00+00:00,1,223.45,213.12864843806432,244.09270312387133,233.98,tempo,1.020215224412451,0.9914079990974517,96,24.0,10.321351561935671
SOL,2024-12-12 20:00:00+00:00,2024-12-12 20:00:00+00:00,2024-12-13 20:00:00+00:00,-1,227.16,236.18994814611207,209.10010370777584,223.23,tempo,0.4352184460430266,0.40279816020494597,96,24.0,9.029948146112076
SOL,2024-12-17 16:00:00+00:00,2024-12-17 16:00:00+00:00,2024-12-18 16:00:00+00:00,-1,220.45,229.13538108377904,203.0792378324419,217.63,tempo,0.32468350816139413,0.2918983030848078,96,24.0,8.685381083779049
SOL,2024-12-19 04:00:00+00:00,2024-12-19 04:00:00+00:00,2024-12-19 18:00:00+00:00,1,208.72,197.38753869875012,231.38492260249976,197.38753869875012,stop,-1.0,-1.0232932540546222,56,14.0,11.332461301249879
SOL,2024-12-23 04:00:00+00:00,2024-12-23 04:00:00+00:00,2024-12-24 04:00:00+00:00,1,186.12,174.51614200921955,209.3277159815609,189.89,tempo,0.3248919456783544,0.3038294249034374,96,24.0,11.603857990780455
SOL,2024-12-29 16:00:00+00:00,2024-12-29 16:00:00+00:00,2024-12-30 14:45:00+00:00,-1,195.05,198.59648102929054,187.95703794141895,187.95703794141895,alvo,2.0,1.929802366738805,91,22.75,3.5464810292905327
SOL,2025-01-06 20:00:00+00:00,2025-01-06 20:00:00+00:00,2025-01-07 15:00:00+00:00,-1,219.9,224.2393100067439,211.22137998651223,211.22137998651223,alvo,2.0,1.9354208626358296,76,19.0,4.339310006743887
SOL,2025-01-08 20:00:00+00:00,2025-01-08 20:00:00+00:00,2025-01-09 14:00:00+00:00,1,194.17,186.7700864564424,208.96982708711514,186.7700864564424,stop,-1.0,-1.0334613444791203,72,18.0,7.399913543557574
SOL,2025-01-09 16:00:00+00:00,2025-01-09 16:00:00+00:00,2025-01-09 20:30:00+00:00,1,192.09,183.53972430755667,209.19055138488667,183.53972430755667,stop,-1.0,-1.0285557249359454,18,4.5,8.550275692443336
SOL,2025-01-13 16:00:00+00:00,2025-01-13 16:00:00+00:00,2025-01-14 16:00:00+00:00,1,178.69,166.18559394907854,203.69881210184292,186.74,tempo,0.643773080242128,0.6247774159112742,96,24.0,12.50440605092146
SOL,2025-01-18 20:00:00+00:00,2025-01-18 20:00:00+00:00,2025-01-19 05:00:00+00:00,-1,255.28,274.6228920272522,216.59421594549562,274.6228920272522,stop,-1.0,-1.0178068966797953,36,9.0,19.34289202725219
SOL,2025-02-03 00:00:00+00:00,2025-02-03 00:00:00+00:00,2025-02-03 02:00:00+00:00,1,203.42,189.18068933963403,231.8986213207319,189.18068933963403,stop,-1.0,-1.0179215450914394,8,2.0,14.239310660365959
SOL,2025-02-03 04:00:00+00:00,2025-02-03 04:00:00+00:00,2025-02-04 04:00:00+00:00,1,197.74,169.21298790163704,254.79402419672596,215.4,tempo,0.6190623798632391,0.6096488107493742,96,24.0,28.527012098362974
SOL,2025-02-18 12:00:00+00:00,2025-02-18 12:00:00+00:00,2025-02-18 17:45:00+00:00,1,168.65,161.41889367028426,183.1122126594315,161.41889367028426,stop,-1.0,-1.0296697035146651,23,5.75,7.231106329715743
SOL,2025-02-18 20:00:00+00:00,2025-02-18 20:00:00+00:00,2025-02-19 20:00:00+00:00,1,165.2,159.10448661847127,177.39102676305743,168.62,tempo,0.5610684098182228,0.5254712440967062,96,24.0,6.095513381528718
SOL,2025-02-20 16:00:00+00:00,2025-02-20 16:00:00+00:00,2025-02-21 09:15:00+00:00,-1,171.52,177.74785150463177,159.0642969907365,177.74785150463177,stop,-1.0,-1.036453037345089,69,17.25,6.227851504631758
SOL,2025-02-21 16:00:00+00:00,2025-02-21 16:00:00+00:00,2025-02-22 16:00:00+00:00,-1,173.03,181.84725889971418,155.39548220057165,174.12,tempo,-0.12362118572194102,-0.14921275591019018,96,24.0,8.817258899714176
SOL,2025-02-25 12:00:00+00:00,2025-02-25 12:00:00+00:00,2025-02-26 12:00:00+00:00,1,141.17,129.50941512843977,164.49116974312042,138.07,tempo,-0.2658528739463826,-0.2814186454749349,96,24.0,11.660584871560218
SOL,2025-03-04 20:00:00+00:00,2025-03-04 20:00:00+00:00,2025-03-05 20:00:00+00:00,1,143.04,128.32082851268652,172.47834297462694,144.71,tempo,0.11345747289101137,0.10075040577373452,96,24.0,14.719171487313474
SOL,2025-03-07 04:00:00+00:00,2025-03-07 04:00:00+00:00,2025-03-08 04:00:00+00:00,1,140.74,133.4311393837188,155.35772123256243,139.59,tempo,-0.1573432659857088,-0.18227389602045035,96,24.0,7.308860616281208
SOL,2025-03-11 04:00:00+00:00,2025-03-11 04:00:00+00:00,2025-03-12 04:00:00+00:00,1,119.91,110.28132100280912,139.16735799438175,122.48,tempo,0.2669109647075984,0.2505480243659414,96,24.0,9.628678997190875
SOL,2025-03-20 04:00:00+00:00,2025-03-20 04:00:00+00:00,2025-03-20 16:45:00+00:00,-1,133.87,136.9431171083484,127.72376578330324,127.72376578330324,alvo,2.0,1.9446698769476667,51,12.75,3.0731171083483844
SOL,2025-03-24 16:00:00+00:00,2025-03-24 16:00:00+00:00,2025-03-25 13:45:00+00:00,-1,143.17,145.75236003702207,138.00527992595582,145.75236003702207,stop,-1.0,-1.0727239932974761,87,21.75,2.5823600370220845
SOL,2025-03-29 04:00:00+00:00,2025-03-29 04:00:00+00:00,2025-03-29 08:00:00+00:00,1,128.76,125.60621190854783,135.0675761829043,125.60621190854783,stop,-1.0,-1.0524252210187104,16,4.0,3.1537880914521566
BNB,2023-01-04 20:00:00+00:00,2023-01-04 20:00:00+00:00,2023-01-05 20:00:00+00:00,-1,257.54,261.9318578113939,248.75628437721224,257.5,tempo,0.009107762982728541,-0.0671187485248807,96,24.0,4.391857811393891
BNB,2023-01-12 04:00:00+00:00,2023-01-12 04:00:00+00:00,2023-01-12 13:45:00+00:00,-1,286.78,289.3850136207521,281.56997275849574,281.56997275849574,alvo,2.0,1.858185969029075,39,9.75,2.6050136207521177
BNB,2023-01-21 12:00:00+00:00,2023-01-21 12:00:00+00:00,2023-01-22 12:00:00+00:00,-1,303.48,312.23881352671856,285.96237294656294,302.8,tempo,0.07763608597507915,0.032643462396798516,96,24.0,8.75881352671854
BNB,2023-01-22 20:00:00+00:00,2023-01-22 20:00:00+00:00,2023-01-23 20:00:00+00:00,-1,303.92,313.5731184003152,284.61376319936966,304.81,tempo,-0.09219818540409982,-0.13318747856216168,96,24.0,9.65311840031518
BNB,2023-01-25 04:00:00+00:00,2023-01-25 04:00:00+00:00,2023-01-26 04:00:00+00:00,1,300.1,290.8387337406561,318.6225325186879,305.76,tempo,0.6111475301003737,0.5686253750330064,96,24.0,9.261266259343927
BNB,2023-01-28 08:00:00+00:00,2023-01-28 08:00:00+00:00,2023-01-29 08:00:00+00:00,-1,308.5,315.04686554184406,295.4062689163119,308.68,tempo,-0.027494073133096025,-0.08877026666967555,96,24.0,6.546865541844056
BNB,2023-02-22 04:00:00+00:00,2023-02-22 04:00:00+00:00,2023-02-22 15:45:00+00:00,1,308.75,303.37148320313406,319.5070335937319,303.37148320313406,stop,-1.0,-1.0739755919910636,47,11.75,5.378516796865938
BNB,2023-03-02 04:00:00+00:00,2023-03-02 04:00:00+00:00,2023-03-02 08:45:00+00:00,1,299.66,296.75544827969776,305.46910344060456,296.75544827969776,stop,-1.0,-1.1334698358690134,19,4.75,2.9045517203022655
BNB,2023-03-02 12:00:00+00:00,2023-03-02 12:00:00+00:00,2023-03-02 15:00:00+00:00,1,298.69,295.5860169978798,304.89796600424035,295.5860169978798,stop,-1.0,-1.1244463680325485,12,3.0,3.1039830021201738
BNB,2023-03-06 04:00:00+00:00,2023-03-06 04:00:00+00:00,2023-03-06 08:15:00+00:00,1,286.76,283.6631374340348,292.95372513193036,283.6631374340348,stop,-1.0,-1.119726023171637,17,4.25,3.096862565965182
BNB,2023-03-06 16:00:00+00:00,2023-03-06 16:00:00+00:00,2023-03-07 16:00:00+00:00,1,287.8,282.38018730561646,298.6396253887671,287.16,tempo,-0.11808526162965118,-0.18704041212540226,96,24.0,5.419812694383552
BNB,2023-03-10 08:00:00+00:00,2023-03-10 08:00:00+00:00,2023-03-10 09:45:00+00:00,1,273.09,268.9851972499896,281.29960550002073,268.9851972499896,stop,-1.0,-1.0858381997068196,7,1.75,4.1048027500103785
BNB,2023-03-17 04:00:00+00:00,2023-03-17 04:00:00+00:00,2023-03-17 10:45:00+00:00,-1,330.94,335.36306253181715,322.0938749363657,335.36306253181715,stop,-1.0,-1.0979178990869363,27,6.75,4.423062531817152
BNB,2023-04-03 20:00:00+00:00,2023-04-03 20:00:00+00:00,2023-04-03 20:15:00+00:00,1,311.17,307.2559389142291,318.99812217154187,307.2559389142291,stop,-1.0,-1.1027007119933783,1,0.25,3.914061085770925
BNB,2023-04-04 00:00:00+00:00,2023-04-04 00:00:00+00:00,2023-04-05 00:00:00+00:00,1,308.47,295.8781228219829,333.65375435603426,310.73,tempo,0.17948078495758332,0.14751732197982736,96,24.0,12.591877178017114
BNB,2023-04-05 16:00:00+00:00,2023-04-05 16:00:00+00:00,2023-04-06 16:00:00+00:00,-1,312.08,317.7230790697115,300.79384186057695,313.0,tempo,-0.16303156284624726,-0.23503161724576332,96,24.0,5.6430790697115185
BNB,2023-04-24 20:00:00+00:00,2023-04-24 20:00:00+00:00,2023-04-25 20:00:00+00:00,1,331.61,325.1729622647152,344.4840754705697,332.66,tempo,0.1631185093485474,0.09604177036452553,96,24.0,6.437037735284832
BNB,2023-04-28 12:00:00+00:00,2023-04-28 12:00:00+00:00,2023-04-29 12:00:00+00:00,1,321.89,316.116301298125,333.43739740374997,322.47,tempo,0.10045553638115678,0.02791382237311807,96,24.0,5.7736987018749915
BNB,2023-06-05 08:00:00+00:00,2023-06-05 08:00:00+00:00,2023-06-05 15:15:00+00:00,1,301.07,297.62534471114645,307.9593105777071,297.62534471114645,stop,-1.0,-1.11297268998773,29,7.25,3.4446552888535393
BNB,2023-06-07 12:00:00+00:00,2023-06-07 12:00:00+00:00,2023-06-07 14:15:00+00:00,1,274.46,266.17674427980893,291.0265114403821,266.17674427980893,stop,-1.0,-1.0424246088316793,9,2.25,8.28325572019105
BNB,2023-06-12 04:00:00+00:00,2023-06-12 04:00:00+00:00,2023-06-12 08:15:00+00:00,1,226.02,220.53575658165238,236.98848683669527,220.53575658165238,stop,-1.0,-1.0529263965211684,17,4.25,5.484243418347631
BNB,2023-06-15 12:00:00+00:00,2023-06-15 12:00:00+00:00,2023-06-16 12:00:00+00:00,1,234.07,228.80239778831267,244.60520442337463,233.65,tempo,-0.07973267211941827,-0.13744735667275643,96,24.0,5.2676022116873185
BNB,2023-06-19 20:00:00+00:00,2023-06-19 20:00:00+00:00,2023-06-20 20:00:00+00:00,1,241.48,236.37704673258315,251.68590653483366,243.84,tempo,0.4624772903700661,0.40065857805415106,96,24.0,5.1029532674168365
BNB,2023-06-22 04:00:00+00:00,2023-06-22 04:00:00+00:00,2023-06-22 11:15:00+00:00,-1,254.62,258.5824713125454,246.6950573749092,246.6950573749092,alvo,2.0,1.9177647580029118,29,7.25,3.9624713125454036
BNB,2023-06-30 16:00:00+00:00,2023-06-30 16:00:00+00:00,2023-07-01 00:45:00+00:00,-1,235.63,243.15073812437493,220.58852375125014,243.15073812437493,stop,-1.0,-1.041379911736617,35,8.75,7.52073812437493
BNB,2023-07-03 12:00:00+00:00,2023-07-03 12:00:00+00:00,2023-07-04 12:00:00+00:00,-1,248.69,258.7646734058123,228.54065318837542,245.99,tempo,0.2679987619690284,0.2360828886649374,96,24.0,10.074673405812291
BNB,2023-07-06 16:00:00+00:00,2023-07-06 16:00:00+00:00,2023-07-06 21:30:00+00:00,1,238.19,233.30243555436894,247.9651288912621,233.30243555436894,stop,-1.0,-1.0627040495362245,22,5.5,4.887564445631057
BNB,2023-07-13 20:00:00+00:00,2023-07-13 20:00:00+00:00,2023-07-14 02:30:00+00:00,-1,253.89,260.15676405185235,241.35647189629526,260.15676405185235,stop,-1.0,-1.0533178517443846,26,6.5,6.266764051852363
BNB,2023-07-14 08:00:00+00:00,2023-07-14 08:00:00+00:00,2023-07-14 18:45:00+00:00,-1,255.55,262.6245968734735,241.40080625305308,241.40080625305308,alvo,2.0,1.9543411405848925,43,10.75,7.074596873473467
BNB,2023-07-17 12:00:00+00:00,2023-07-17 12:00:00+00:00,2023-07-18 12:00:00+00:00,1,242.64,237.0305465811822,253.85890683763557,239.62,tempo,-0.5383768746289821,-0.5942591463220528,96,24.0,5.609453418817793
BNB,2023-07-24 08:00:00+00:00,2023-07-24 08:00:00+00:00,2023-07-24 10:00:00+00:00,1,242.07,238.68176163707287,248.84647672585425,238.68176163707287,stop,-1.0,-1.0922274679618869,8,2.0,3.388238362927126
BNB,2023-07-30 20:00:00+00:00,2023-07-30 20:00:00+00:00,2023-07-31 02:45:00+00:00,-1,241.7,244.44164287822056,236.21671424355884,244.44164287822056,stop,-1.0,-1.1152564655233046,27,6.75,2.741642878220574
BNB,2023-08-02 04:00:00+00:00,2023-08-02 04:00:00+00:00,2023-08-02 17:00:00+00:00,-1,245.79,249.52116564370772,238.32766871258454,238.32766871258454,alvo,2.0,1.915662687022793,52,13.0,3.731165643707726
BNB,2023-08-02 20:00:00+00:00,2023-08-02 20:00:00+00:00,2023-08-03 20:00:00+00:00,1,241.55,233.84759732942817,256.9548053411437,241.12,tempo,-0.05582673594083633,-0.09655889620540836,96,24.0,7.702402670571843
BNB,2023-08-07 20:00:00+00:00,2023-08-07 20:00:00+00:00,2023-08-08 18:15:00+00:00,1,241.72,238.87678456562685,247.4064308687463,247.4064308687463,alvo,2.0,1.8881786528656839,89,22.25,2.8432154343731497
BNB,2023-08-16 16:00:00+00:00,2023-08-16 16:00:00+00:00,2023-08-16 20:30:00+00:00,1,233.08,231.56686952549833,236.10626094900337,231.56686952549833,stop,-1.0,-1.199599750504687,18,4.5,1.5131304745016791
BNB,2023-08-17 20:00:00+00:00,2023-08-17 20:00:00+00:00,2023-08-17 21:45:00+00:00,1,226.26,222.20767454605897,234.36465090788204,222.20767454605897,stop,-1.0,-1.0719349893704715,7,1.75,4.052325453941023
BNB,2023-09-10 20:00:00+00:00,2023-09-10 20:00:00+00:00,2023-09-11 08:15:00+00:00,1,212.48,210.38858512672346,216.66282974655306,210.38858512672346,stop,-1.0,-1.131425181987805,49,12.25,2.091414873276534
BNB,2023-09-11 16:00:00+00:00,2023-09-11 16:00:00+00:00,2023-09-12 10:30:00+00:00,1,206.43,203.56230815146577,212.16538369706848,212.16538369706848,alvo,2.0,1.9051198616259393,74,18.5,2.8676918485342355
BNB,2023-10-02 04:00:00+00:00,2023-10-02 04:00:00+00:00,2023-10-02 08:15:00+00:00,-1,219.24,220.9876135731692,215.74477285366163,220.9876135731692,stop,-1.0,-1.1637363964298173,17,4.25,1.7476135731691897
BNB,2023-10-02 12:00:00+00:00,2023-10-02 12:00:00+00:00,2023-10-03 12:00:00+00:00,-1,218.99,222.3435797082003,212.2828405835994,214.0,tempo,1.487962247564378,1.4040389403855433,96,24.0,3.3535797082003
BNB,2023-10-06 16:00:00+00:00,2023-10-06 16:00:00+00:00,2023-10-07 16:00:00+00:00,1,212.68,209.8198360321654,218.40032793566922,212.69,tempo,0.003496303048514302,-0.09317315475509798,96,24.0,2.860163967834609
BNB,2023-10-10 12:00:00+00:00,2023-10-10 12:00:00+00:00,2023-10-11 12:00:00+00:00,-1,207.04,215.84651284330138,189.4269743133972,207.68,tempo,-0.07267348738233273,-0.10328356026777058,96,24.0,8.806512843301391
BNB,2023-10-16 16:00:00+00:00,2023-10-16 16:00:00+00:00,2023-10-17 16:00:00+00:00,-1,212.86,220.90267676690243,196.77464646619518,212.1,tempo,0.09449590254921164,0.06015111809427378,96,24.0,8.042676766902417
BNB,2023-10-22 08:00:00+00:00,2023-10-22 08:00:00+00:00,2023-10-22 22:45:00+00:00,-1,214.26,217.41991282860505,207.94017434278987,217.41991282860505,stop,-1.0,-1.0887973683319803,59,14.75,3.1599128286050586
BNB,2023-10-24 04:00:00+00:00,2023-10-24 04:00:00+00:00,2023-10-25 04:00:00+00:00,-1,230.61,240.00857016955587,211.8128596608883,227.36,tempo,0.3457972799445072,0.31412432388527,96,24.0,9.398570169555853
BNB,2023-10-27 16:00:00+00:00,2023-10-27 16:00:00+00:00,2023-10-28 16:00:00+00:00,-1,226.02,234.31292166180614,209.43415667638774,226.84,tempo,-0.09887950633569637,-0.13437471683017135,96,24.0,8.292921661806133
BNB,2023-11-02 00:00:00+00:00,2023-11-02 00:00:00+00:00,2023-11-02 01:30:00+00:00,-1,228.15,230.93525583626732,222.57948832746538,230.93525583626732,stop,-1.0,-1.1071375248219513,6,1.5,2.7852558362673108
BNB,2023-11-09 20:00:00+00:00,2023-11-09 20:00:00+00:00,2023-11-10 20:00:00+00:00,1,244.86,237.25323456940845,260.07353086118314,250.77,tempo,0.776939956138543,0.7345882492350548,96,24.0,7.606765430591565
BNB,2023-11-14 20:00:00+00:00,2023-11-14 20:00:00+00:00,2023-11-15 20:00:00+00:00,1,240.21,231.44385264506428,257.74229470987143,253.19,tempo,1.4806960771303577,1.444111020204589,96,24.0,8.766147354935725
BNB,2023-12-03 04:00:00+00:00,2023-12-03 04:00:00+00:00,2023-12-04 04:00:00+00:00,-1,228.63,232.68278656883936,220.52442686232126,228.94,tempo,-0.07649058116790489,-0.14987724857515872,96,24.0,4.052786568839366
BNB,2023-12-07 12:00:00+00:00,2023-12-07 12:00:00+00:00,2023-12-08 03:30:00+00:00,1,230.27,227.47534485538102,235.85931028923798,235.85931028923798,alvo,2.0,1.8915844581856942,62,15.5,2.794655144618986
BNB,2023-12-08 08:00:00+00:00,2023-12-08 08:00:00+00:00,2023-12-08 19:45:00+00:00,-1,233.05,238.2876329393443,222.57473412131145,238.2876329393443,stop,-1.0,-1.0584938778563833,47,11.75,5.23763293934428
BNB,2023-12-12 20:00:00+00:00,2023-12-12 20:00:00+00:00,2023-12-13 02:30:00+00:00,-1,255.11,258.84191214018796,247.64617571962413,247.64617571962413,alvo,2.0,1.9124332240572797,26,6.5,3.7319121401879443
BNB,2023-12-21 16:00:00+00:00,2023-12-21 16:00:00+00:00,2023-12-22 16:00:00+00:00,-1,271.36,276.15393975206007,261.7721204958799,271.43,tempo,-0.014601768820710091,-0.08819749973251154,96,24.0,4.793939752060055
BNB,2023-12-28 08:00:00+00:00,2023-12-28 08:00:00+00:00,2023-12-28 11:30:00+00:00,-1,323.49,332.55372879503875,305.3625424099225,332.55372879503875,stop,-1.0,-1.047047791627458,14,3.5,9.063728795038742
BNB,2024-01-03 16:00:00+00:00,2024-01-03 16:00:00+00:00,2024-01-04 16:00:00+00:00,1,317.05,281.933442645865,387.28311470827003,319.49,tempo,0.0694828930807104,0.05770067320569522,96,24.0,35.11655735413501
BNB,2024-01-11 00:00:00+00:00,2024-01-11 00:00:00+00:00,2024-01-11 09:00:00+00:00,-1,305.99,312.48625027980574,292.99749944038854,312.48625027980574,stop,-1.0,-1.0618833242819419,36,9.0,6.496250279805736
BNB,2024-01-11 16:00:00+00:00,2024-01-11 16:00:00+00:00,2024-01-12 16:00:00+00:00,-1,307.52,319.17846957826123,284.2030608434775,305.74,tempo,0.1526787017842391,0.11848733581427699,96,24.0,11.658469578261247
BNB,2024-01-13 00:00:00+00:00,2024-01-13 00:00:00+00:00,2024-01-14 00:00:00+00:00,1,296.82,286.567284714908,317.325430570184,302.35,tempo,0.5393693130288081,0.5013832294235901,96,24.0,10.252715285091995
BNB,2024-01-15 16:00:00+00:00,2024-01-15 16:00:00+00:00,2024-01-16 16:00:00+00:00,-1,313.94,324.02537846479964,293.7692430704007,316.93,tempo,-0.2964687949426802,-0.33712820117430803,96,24.0,10.085378464799646
BNB,2024-01-22 16:00:00+00:00,2024-01-22 16:00:00+00:00,2024-01-22 19:45:00+00:00,1,310.82,306.7242701472176,319.01145970556473,306.7242701472176,stop,-1.0,-1.0980054324928203,15,3.75,4.09572985278237
BNB,2024-01-31 16:00:00+00:00,2024-01-31 16:00:00+00:00,2024-01-31 21:30:00+00:00,1,304.69,299.11975068453427,315.83049863093146,299.11975068453427,stop,-1.0,-1.0704593844399821,22,5.5,5.57024931546573
BNB,2024-02-12 20:00:00+00:00,2024-02-12 20:00:00+00:00,2024-02-13 20:00:00+00:00,-1,324.05,331.57095429251007,309.0080914149799,322.35,tempo,0.22603514579166895,0.17016989470000526,96,24.0,7.520954292510055
BNB,2024-02-16 04:00:00+00:00,2024-02-16 04:00:00+00:00,2024-02-17 04:00:00+00:00,-1,361.7,369.26225593416626,346.57548813166744,359.87,tempo,0.24199128089966432,0.1799700396082971,96,24.0,7.562255934166274
BNB,2024-02-20 20:00:00+00:00,2024-02-20 20:00:00+00:00,2024-02-21 20:00:00+00:00,1,354.29,342.98351368665215,376.90297262669577,370.5,tempo,1.4336903217105794,1.392022779120993,96,24.0,11.306486313347875
BNB,2024-03-06 12:00:00+00:00,2024-03-06 12:00:00+00:00,2024-03-07 12:00:00+00:00,-1,426.45,439.3924270725457,400.5651458549086,438.86,tempo,-0.9588618835121677,-1.002319845210334,96,24.0,12.942427072545684
BNB,2024-03-08 16:00:00+00:00,2024-03-08 16:00:00+00:00,2024-03-09 10:00:00+00:00,-1,472.4,493.5118687104398,430.17626257912036,493.5118687104398,stop,-1.0,-1.0297388508460796,72,18.0,21.111868710439808
BNB,2024-03-15 12:00:00+00:00,2024-03-15 12:00:00+00:00,2024-03-16 12:00:00+00:00,1,583.03,534.3328258148999,680.4243483702,608.97,tempo,0.5326797793523091,0.5167692052180698,96,24.0,48.69717418510004
BNB,2024-03-29 16:00:00+00:00,2024-03-29 16:00:00+00:00,2024-03-30 16:00:00+00:00,-1,607.56,624.4206756093839,573.838648781232,604.77,tempo,0.16547379622481803,0.11873696798280958,96,24.0,16.860675609383975
BNB,2024-04-29 08:00:00+00:00,2024-04-29 08:00:00+00:00,2024-04-30 08:00:00+00:00,1,587.46,575.5717432833659,611.2365134332683,598.08,tempo,0.8933185287915606,0.8284981755330573,96,24.0,11.888256716634146
BNB,2024-05-01 12:00:00+00:00,2024-05-01 12:00:00+00:00,2024-05-02 12:00:00+00:00,1,551.24,532.1674730364809,589.3850539270381,560.76,tempo,0.4991472822772431,0.46124983945896664,96,24.0,19.072526963519067
BNB,2024-05-20 16:00:00+00:00,2024-05-20 16:00:00+00:00,2024-05-20 23:30:00+00:00,1,576.61,566.278044392891,597.273911214218,597.273911214218,alvo,2.0,1.9261490688399554,30,7.5,10.331955607108966
BNB,2024-05-24 00:00:00+00:00,2024-05-24 00:00:00+00:00,2024-05-25 00:00:00+00:00,1,599.67,574.4919011947602,650.0261976104795,600.55,tempo,0.03495101067030767,0.003966026218755431,96,24.0,25.178098805239756
BNB,2024-05-27 20:00:00+00:00,2024-05-27 20:00:00+00:00,2024-05-28 20:00:00+00:00,-1,602.5,616.9573335938697,573.5853328122605,601.85,tempo,0.04495988114126333,-0.009187551711219051,96,24.0,14.457333593869748
BNB,2024-06-06 16:00:00+00:00,2024-06-06 16:00:00+00:00,2024-06-07 16:00:00+00:00,-1,703.81,726.8753811838717,657.6792376322564,701.06,tempo,0.119226297544257,0.07963599150420238,96,24.0,23.06538118387175
BNB,2024-06-10 16:00:00+00:00,2024-06-10 16:00:00+00:00,2024-06-10 20:15:00+00:00,1,650.54,632.1533619943608,687.3132760112783,632.1533619943608,stop,-1.0,-1.0453454669113855,17,4.25,18.386638005639156
BNB,2024-06-18 04:00:00+00:00,2024-06-18 04:00:00+00:00,2024-06-19 04:00:00+00:00,1,594.17,570.7842189863283,640.9415620273434,597.91,tempo,0.159926238846312,0.12679277199536487,96,24.0,23.385781013671703
BNB,2024-06-21 12:00:00+00:00,2024-06-21 12:00:00+00:00,2024-06-22 12:00:00+00:00,1,585.96,576.0170917979809,605.8458164040383,587.21,tempo,0.12571774521122117,0.04902383589350803,96,24.0,9.942908202019112
BNB,2024-06-25 00:00:00+00:00,2024-06-25 00:00:00+00:00,2024-06-26 00:00:00+00:00,1,567.95,547.4597102846375,608.9305794307252,577.94,tempo,0.48754801121772434,0.45119769551469324,96,24.0,20.490289715362564
BNB,2024-06-27 16:00:00+00:00,2024-06-27 16:00:00+00:00,2024-06-28 16:00:00+00:00,-1,579.48,586.5167718579162,565.4064562841677,572.36,tempo,1.0118276027366455,0.9054299512115731,96,24.0,7.036771857916165
BNB,2024-07-04 16:00:00+00:00,2024-07-04 16:00:00+00:00,2024-07-05 00:45:00+00:00,1,524.99,508.04715085128606,558.8756982974279,508.04715085128606,stop,-1.0,-1.039631713778453,35,8.75,16.942849148713947
BNB,2024-07-05 08:00:00+00:00,2024-07-05 08:00:00+00:00,2024-07-06 08:00:00+00:00,1,472.6,447.23028954919414,523.3394209016118,507.71,tempo,1.3839338083137116,1.3588171834615836,96,24.0,25.369710450805883
BNB,2024-07-11 16:00:00+00:00,2024-07-11 16:00:00+00:00,2024-07-12 16:00:00+00:00,-1,524.31,549.7617446207321,473.40651075853566,532.74,tempo,-0.3312150159299204,-0.3582105131046141,96,24.0,25.451744620732143
BNB,2024-07-18 20:00:00+00:00,2024-07-18 20:00:00+00:00,2024-07-19 15:45:00+00:00,1,567.93,559.2464785322644,585.297042935471,585.297042935471,alvo,2.0,1.91367585366222,79,19.75,8.683521467735545
BNB,2024-07-21 20:00:00+00:00,2024-07-21 20:00:00+00:00,2024-07-22 20:00:00+00:00,1,597.81,578.37852847303,636.6729430539399,595.65,tempo,-0.11115987777878733,-0.1510821759394437,96,24.0,19.431471526969972
BNB,2024-07-23 20:00:00+00:00,2024-07-23 20:00:00+00:00,2024-07-24 20:00:00+00:00,1,581.03,574.443487548799,594.2030249024019,579.45,tempo,-0.23988415898490142,-0.3544078929926402,96,24.0,6.586512451200974
BNB,2024-07-27 16:00:00+00:00,2024-07-27 16:00:00+00:00,2024-07-28 16:00:00+00:00,-1,585.7,594.6821257644256,567.735748471149,580.74,tempo,0.5522078102763316,0.46779727986460423,96,24.0,8.982125764425518
BNB,2024-07-30 04:00:00+00:00,2024-07-30 04:00:00+00:00,2024-07-31 00:15:00+00:00,1,573.0,564.8361992442051,589.3276015115898,589.3276015115898,alvo,2.0,1.9074557349471999,81,20.25,8.16380075579491
BNB,2024-07-31 20:00:00+00:00,2024-07-31 20:00:00+00:00,2024-08-01 16:15:00+00:00,-1,582.34,595.3788948863698,556.2622102272604,556.2622102272604,alvo,2.0,1.9432397114097935,81,20.25,13.038894886369803
BNB,2024-08-01 20:00:00+00:00,2024-08-01 20:00:00+00:00,2024-08-02 15:15:00+00:00,1,561.1,551.3716283512881,580.5567432974238,551.3716283512881,stop,-1.0,-1.0743296601465755,77,19.25,9.728371648711914
BNB,2024-08-03 04:00:00+00:00,2024-08-03 04:00:00+00:00,2024-08-03 19:30:00+00:00,1,542.25,522.7827635446015,581.184472910797,522.7827635446015,stop,-1.0,-1.0355608407947403,62,15.5,19.467236455398506
BNB,2024-08-04 20:00:00+00:00,2024-08-04 20:00:00+00:00,2024-08-05 00:45:00+00:00,1,507.93,482.8339527964113,558.1220944071774,482.8339527964113,stop,-1.0,-1.025661275024442,19,4.75,25.096047203588682
BNB,2024-08-05 08:00:00+00:00,2024-08-05 08:00:00+00:00,2024-08-06 08:00:00+00:00,1,438.94,390.10934306025507,536.6013138794899,491.92,tempo,1.084974139614284,1.0725831738169855,96,24.0,48.83065693974493
BNB,2024-08-12 08:00:00+00:00,2024-08-12 08:00:00+00:00,2024-08-13 08:00:00+00:00,1,509.67,496.8456079851493,535.3187840297014,523.53,tempo,1.0807529888317502,1.028385594009266,96,24.0,12.82439201485073
BNB,2024-08-22 16:00:00+00:00,2024-08-22 16:00:00+00:00,2024-08-23 16:00:00+00:00,-1,579.55,592.453447194948,553.7431056101038,580.36,tempo,-0.0627739229496122,-0.12120338668974996,96,24.0,12.903447194948058
BNB,2024-09-01 16:00:00+00:00,2024-09-01 16:00:00+00:00,2024-09-01 23:00:00+00:00,1,520.4,508.0406510614332,545.1186978771335,508.0406510614332,stop,-1.0,-1.0540875111231751,28,7.0,12.359348938566768
BNB,2024-09-04 04:00:00+00:00,2024-09-04 04:00:00+00:00,2024-09-04 10:30:00+00:00,1,512.85,498.59024273736975,541.3695145252606,498.59024273736975,stop,-1.0,-1.0461043021750585,26,6.5,14.259757262630274
BNB,2024-09-07 00:00:00+00:00,2024-09-07 00:00:00+00:00,2024-09-08 00:00:00+00:00,1,487.05,467.7489782289199,525.6520435421603,493.37,tempo,0.3274438045279877,0.294426226103468,96,24.0,19.301021771080116
BNB,2024-09-09 00:00:00+00:00,2024-09-09 00:00:00+00:00,2024-09-09 01:15:00+00:00,-1,503.02,508.9172888434408,491.2254223131183,508.9172888434408,stop,-1.0,-1.1115358693138828,5,1.25,5.897288843440833
BNB,2024-09-10 00:00:00+00:00,2024-09-10 00:00:00+00:00,2024-09-11 00:00:00+00:00,-1,518.91,529.7141446734586,497.30171065308275,517.22,tempo,0.15642145223689793,0.09408569865758151,96,24.0,10.804144673458609
BNB,2024-09-12 16:00:00+00:00,2024-09-12 16:00:00+00:00,2024-09-13 13:45:00+00:00,-1,535.74,551.3457236529204,504.5285526941593,551.3457236529204,stop,-1.0,-1.0452786257202606,87,21.75,15.605723652920346
BNB,2024-09-21 12:00:00+00:00,2024-09-21 12:00:00+00:00,2024-09-21 23:30:00+00:00,-1,580.51,589.96172215657,561.60655568686,589.96172215657,stop,-1.0,-1.0804939678503906,46,11.5,9.451722156569986
BNB,2024-09-23 00:00:00+00:00,2024-09-23 00:00:00+00:00,2024-09-23 02:15:00+00:00,-1,588.65,597.5366424796109,570.8767150407781,597.5366424796109,stop,-1.0,-1.0867618247702369,9,2.25,8.886642479610941
BNB,2024-09-28 04:00:00+00:00,2024-09-28 04:00:00+00:00,2024-09-29 04:00:00+00:00,-1,612.69,621.6843566359081,594.701286728184,600.81,tempo,1.3208282127230475,1.2331315567053192,96,24.0,8.994356635908048
BNB,2024-10-01 20:00:00+00:00,2024-10-01 20:00:00+00:00,2024-10-02 19:30:00+00:00,1,548.43,534.5784031259134,576.1331937481731,534.5784031259134,stop,-1.0,-1.0508212495953297,94,23.5,13.851596874086567
BNB,2024-10-03 16:00:00+00:00,2024-10-03 16:00:00+00:00,2024-10-04 16:00:00+00:00,1,541.05,530.5493534009007,562.0512931981984,553.36,tempo,1.1723087605915645,1.1045637419123318,96,24.0,10.500646599099241
BNB,2024-10-15 16:00:00+00:00,2024-10-15 16:00:00+00:00,2024-10-16 16:00:00+00:00,-1,589.6,603.365363545921,562.069272908158,595.46,tempo,-0.4257061559217935,-0.4816646489488996,96,24.0,13.76536354592099
BNB,2024-10-16 16:00:00+00:00,2024-10-16 16:00:00+00:00,2024-10-16 19:00:00+00:00,-1,595.46,604.0112639644445,578.357472071111,604.0112639644445,stop,-1.0,-1.0911743953664206,12,3.0,8.551263964444502
BNB,2024-10-21 12:00:00+00:00,2024-10-21 12:00:00+00:00,2024-10-21 13:45:00+00:00,-1,609.35,614.0466780073051,599.9566439853899,599.9566439853899,alvo,2.0,1.8326371709178477,7,1.75,4.696678007305081
BNB,2024-10-22 12:00:00+00:00,2024-10-22 12:00:00+00:00,2024-10-23 08:00:00+00:00,1,595.79,584.9952357933411,617.3795284133178,584.9952357933411,stop,-1.0,-1.071100247172812,80,20.0,10.794764206658897
BNB,2024-10-23 20:00:00+00:00,2024-10-23 20:00:00+00:00,2024-10-24 20:00:00+00:00,1,582.14,570.9438237145648,604.5323525708703,594.64,tempo,1.1164525889308246,1.0481339968955197,96,24.0,11.196176285435172
BNB,2024-11-01 04:00:00+00:00,2024-11-01 04:00:00+00:00,2024-11-01 21:45:00+00:00,1,578.96,568.0879447124784,600.7041105750434,568.0879447124784,stop,-1.0,-1.0685777568588017,71,17.75,10.872055287521675
BNB,2024-11-06 08:00:00+00:00,2024-11-06 08:00:00+00:00,2024-11-06 23:00:00+00:00,-1,584.32,592.6700234183267,567.6199531633468,592.6700234183267,stop,-1.0,-1.0916217209095243,60,15.0,8.3500234183266
BNB,2024-11-23 16:00:00+00:00,2024-11-23 16:00:00+00:00,2024-11-24 08:30:00+00:00,-1,670.23,685.4211588682533,639.8476822634934,685.4211588682533,stop,-1.0,-1.0580056637486592,66,16.5,15.191158868253297
BNB,2024-11-24 12:00:00+00:00,2024-11-24 12:00:00+00:00,2024-11-25 12:00:00+00:00,-1,652.14,693.3822267084398,569.6555465831203,664.61,tempo,-0.3023600080605774,-0.32311270664910563,96,24.0,41.24222670843983
BNB,2024-11-26 00:00:00+00:00,2024-11-26 00:00:00+00:00,2024-11-26 11:00:00+00:00,1,636.59,622.1223398988573,665.5253202022856,622.1223398988573,stop,-1.0,-1.0565511641284435,44,11.0,14.46766010114277
BNB,2024-12-19 04:00:00+00:00,2024-12-19 04:00:00+00:00,2024-12-19 18:00:00+00:00,1,700.54,662.9366265841077,775.7467468317845,662.9366265841077,stop,-1.0,-1.023568625013444,56,14.0,37.60337341589229
BNB,2024-12-20 16:00:00+00:00,2024-12-20 16:00:00+00:00,2024-12-21 16:00:00+00:00,1,665.96,610.5427858608535,776.794428278293,667.69,tempo,0.031217736706435288,0.015575079213343355,96,24.0,55.417214139146495
BNB,2024-12-30 16:00:00+00:00,2024-12-30 16:00:00+00:00,2024-12-31 16:00:00+00:00,1,694.36,684.2174292065241,714.6451415869518,710.33,tempo,1.5745514944073709,1.4845300867591926,96,24.0,10.142570793475898
BNB,2025-01-08 00:00:00+00:00,2025-01-08 00:00:00+00:00,2025-01-08 07:00:00+00:00,1,697.16,686.4530033026213,718.5739933947574,686.4530033026213,stop,-1.0,-1.0839963322643857,28,7.0,10.706996697378713
BNB,2025-01-08 08:00:00+00:00,2025-01-08 08:00:00+00:00,2025-01-08 17:45:00+00:00,1,693.54,677.5565630118264,725.5068739763472,677.5565630118264,stop,-1.0,-1.0557585184348717,39,9.75,15.983436988173594
BNB,2025-01-08 20:00:00+00:00,2025-01-08 20:00:00+00:00,2025-01-09 20:00:00+00:00,1,689.01,670.0949498458009,726.8401003083982,679.3,tempo,-0.5133478325905703,-0.560368670111456,96,24.0,18.915050154199093
BNB,2025-01-13 16:00:00+00:00,2025-01-13 16:00:00+00:00,2025-01-14 16:00:00+00:00,1,676.67,653.4358223792086,723.1383552415826,694.91,tempo,0.7850503812830353,0.7466790210158137,96,24.0,23.234177620791343
BNB,2025-01-16 16:00:00+00:00,2025-01-16 16:00:00+00:00,2025-01-17 09:00:00+00:00,-1,709.7,720.4456463820495,688.2087072359011,720.4456463820495,stop,-1.0,-1.0865089578697855,68,17.0,10.745646382049472
BNB,2025-01-20 00:00:00+00:00,2025-01-20 00:00:00+00:00,2025-01-20 07:00:00+00:00,1,683.39,672.1837507834045,705.8024984331909,705.8024984331909,alvo,2.0,1.9194221807378378,28,7.0,11.206249216595438
BNB,2025-02-03 00:00:00+00:00,2025-02-03 00:00:00+00:00,2025-02-03 00:45:00+00:00,1,617.69,593.7908291713927,665.4883416572147,593.7908291713927,stop,-1.0,-1.032949366511863,3,0.75,23.89917082860734
BNB,2025-02-28 12:00:00+00:00,2025-02-28 12:00:00+00:00,2025-03-01 12:00:00+00:00,1,570.88,555.2533022354623,602.1333955290753,591.02,tempo,1.28881996077921,1.2404901721456902,96,24.0,15.626697764537653
BNB,2025-03-10 04:00:00+00:00,2025-03-10 04:00:00+00:00,2025-03-10 14:30:00+00:00,1,560.47,546.6978197673086,588.0143604653829,546.6978197673086,stop,-1.0,-1.0522545501648661,42,10.5,13.772180232691426
BNB,2025-03-17 12:00:00+00:00,2025-03-17 12:00:00+00:00,2025-03-18 12:00:00+00:00,-1,630.93,647.0005458337016,598.7889083325966,630.93,tempo,-0.0,-0.05103802997655087,96,24.0,16.070545833701658
XRP,2023-01-18 20:00:00+00:00,2023-01-18 20:00:00+00:00,2023-01-19 20:00:00+00:00,1,0.3897,0.36006308781172375,0.4489738243765525,0.3935,tempo,0.12821848564585714,0.11104125757412227,96,24.0,0.029636912188276243
XRP,2023-01-21 04:00:00+00:00,2023-01-21 04:00:00+00:00,2023-01-21 10:15:00+00:00,-1,0.4102,0.4164832825586585,0.397633434882683,0.4164832825586585,stop,-1.0,-1.0855196513361722,25,6.25,0.0062832825586585095
XRP,2023-01-25 04:00:00+00:00,2023-01-25 04:00:00+00:00,2023-01-26 04:00:00+00:00,1,0.4042,0.39357380484585236,0.4254523903082953,0.4116,tempo,0.696392254485523,0.6464901030279504,96,24.0,0.010626195154147644
XRP,2023-02-02 20:00:00+00:00,2023-02-02 20:00:00+00:00,2023-02-03 20:00:00+00:00,-1,0.4132,0.42148606474761685,0.39662787050476633,0.4089,tempo,0.518943567419836,0.4544539675583712,96,24.0,0.00828606474761684
XRP,2023-02-04 20:00:00+00:00,2023-02-04 20:00:00+00:00,2023-02-05 13:00:00+00:00,-1,0.4165,0.42201950826539825,0.40546098346920345,0.40546098346920345,alvo,2.0,1.9032024931270881,68,17.0,0.005519508265398265
XRP,2023-02-09 16:00:00+00:00,2023-02-09 16:00:00+00:00,2023-02-09 19:45:00+00:00,-1,0.4018,0.4120925099703855,0.381214980059229,0.381214980059229,alvo,2.0,1.9505504742280628,15,3.75,0.0102925099703855
XRP,2023-02-10 00:00:00+00:00,2023-02-10 00:00:00+00:00,2023-02-11 00:00:00+00:00,1,0.3816,0.36824776574099205,0.4083044685180159,0.3815,tempo,-0.007489383279245946,-0.04463784775180182,96,24.0,0.013352234259007945
XRP,2023-02-13 04:00:00+00:00,2023-02-13 04:00:00+00:00,2023-02-13 09:30:00+00:00,1,0.3716,0.3640557232815095,0.386688553436981,0.3640557232815095,stop,-1.0,-1.0633826459415259,22,5.5,0.007544276718490506
XRP,2023-02-20 04:00:00+00:00,2023-02-20 04:00:00+00:00,2023-02-21 04:00:00+00:00,1,0.3878,0.37429470795103476,0.4148105840979304,0.3945,tempo,0.496101822582459,0.4584502858251357,96,24.0,0.013505292048965223
XRP,2023-03-13 16:00:00+00:00,2023-03-13 16:00:00+00:00,2023-03-14 13:15:00+00:00,-1,0.3732,0.38256181171461456,0.3544763765707708,0.38256181171461456,stop,-1.0,-1.0524733024535864,85,21.25,0.009361811714614587
XRP,2023-03-17 16:00:00+00:00,2023-03-17 16:00:00+00:00,2023-03-18 01:30:00+00:00,-1,0.3698,0.3845784520735092,0.3402430958529816,0.3845784520735092,stop,-1.0,-1.0331797938924023,38,9.5,0.014778452073509196
XRP,2023-03-19 16:00:00+00:00,2023-03-19 16:00:00+00:00,2023-03-20 16:00:00+00:00,-1,0.392,0.40327906395207586,0.36944187209584833,0.379,tempo,1.1525779138442993,1.1081460352656016,96,24.0,0.01127906395207584
XRP,2023-03-25 20:00:00+00:00,2023-03-25 20:00:00+00:00,2023-03-26 20:00:00+00:00,-1,0.4495,0.46898753777432745,0.41052492445134514,0.4476,tempo,0.09749820741864279,0.06757575098763147,96,24.0,0.019487537774327435
XRP,2023-03-27 16:00:00+00:00,2023-03-27 16:00:00+00:00,2023-03-28 05:30:00+00:00,-1,0.4576,0.49308044352378394,0.38663911295243214,0.49308044352378394,stop,-1.0,-1.0174164194953264,54,13.5,0.03548044352378393
XRP,2023-04-18 16:00:00+00:00,2023-04-18 16:00:00+00:00,2023-04-18 23:00:00+00:00,-1,0.5204,0.5285979706486781,0.5040040587026438,0.5285979706486781,stop,-1.0,-1.0831728619364582,28,7.0,0.00819797064867811
XRP,2023-04-24 20:00:00+00:00,2023-04-24 20:00:00+00:00,2023-04-25 20:00:00+00:00,1,0.46,0.44267070062991953,0.494658598740161,0.4632,tempo,0.18465835990604842,0.1500303009646665,96,24.0,0.017329299370080486
XRP,2023-04-27 00:00:00+00:00,2023-04-27 00:00:00+00:00,2023-04-28 00:00:00+00:00,1,0.4612,0.42707429860643475,0.5294514027871304,0.4662,tempo,0.1465171350571217,0.128852736220365,96,24.0,0.034125701393565244
XRP,2023-04-29 04:00:00+00:00,2023-04-29 04:00:00+00:00,2023-04-30 04:00:00+00:00,-1,0.4805,0.4890006146585623,0.4634987706828753,0.4742,tempo,0.7411228779385066,0.6681216862688031,96,24.0,0.008500614658562333
XRP,2023-05-01 20:00:00+00:00,2023-05-01 20:00:00+00:00,2023-05-02 20:00:00+00:00,1,0.4594,0.4519112566286251,0.47437748674274977,0.463,tempo,0.4807215071303887,0.4006600107928631,96,24.0,0.007488743371374895
XRP,2023-05-12 08:00:00+00:00,2023-05-12 08:00:00+00:00,2023-05-13 08:00:00+00:00,-1,0.4238,0.4471415178923256,0.37711696421534885,0.4266,tempo,-0.11995792274163013,-0.14363933037543877,96,24.0,0.02334151789232558
XRP,2023-05-16 04:00:00+00:00,2023-05-16 04:00:00+00:00,2023-05-16 12:45:00+00:00,1,0.424,0.4181287973284339,0.4357424053431322,0.4181287973284339,stop,-1.0,-1.093231957553506,35,8.75,0.0058712026715661
XRP,2023-05-16 16:00:00+00:00,2023-05-16 16:00:00+00:00,2023-05-16 22:00:00+00:00,1,0.422,0.41539647392132106,0.43520705215735783,0.43520705215735783,alvo,2.0,1.9156231720351211,24,6.0,0.006603526078678923
XRP,2023-06-03 08:00:00+00:00,2023-06-03 08:00:00+00:00,2023-06-04 08:00:00+00:00,-1,0.5242,0.5363737134094854,0.49985257318102927,0.525,tempo,-0.0657153633481045,-0.12173606771827827,96,24.0,0.012173713409485365
XRP,2023-06-05 00:00:00+00:00,2023-06-05 00:00:00+00:00,2023-06-05 16:00:00+00:00,-1,0.5353,0.5493136088742318,0.5072727822515365,0.5072727822515365,alvo,2.0,1.9516418422588058,64,16.0,0.014013608874231753
XRP,2023-06-05 20:00:00+00:00,2023-06-05 20:00:00+00:00,2023-06-06 20:00:00+00:00,1,0.5041,0.47695031236429813,0.5583993752714037,0.528,tempo,0.8803047873218075,0.8555949266043748,96,24.0,0.027149687635701858
XRP,2023-06-09 16:00:00+00:00,2023-06-09 16:00:00+00:00,2023-06-10 04:30:00+00:00,-1,0.5309,0.5444880389484398,0.5037239221031206,0.5037239221031206,alvo,2.0,1.9505075344632972,50,12.5,0.01358803894843974
XRP,2023-06-14 20:00:00+00:00,2023-06-14 20:00:00+00:00,2023-06-14 20:15:00+00:00,1,0.5009,0.48844908865244474,0.5258018226951106,0.48844908865244474,stop,-1.0,-1.051648982927692,1,0.25,0.012450911347555271
XRP,2023-06-16 16:00:00+00:00,2023-06-16 16:00:00+00:00,2023-06-17 16:00:00+00:00,1,0.4655,0.45046614389755435,0.4955677122048914,0.4782,tempo,0.844759981302068,0.8039584067878479,96,24.0,0.015033856102445675
XRP,2023-06-19 00:00:00+00:00,2023-06-19 00:00:00+00:00,2023-06-20 00:00:00+00:00,-1,0.4866,0.4996911161864774,0.46041776762704517,0.4934,tempo,-0.5194362270670361,-0.568095179514345,96,24.0,0.013091116186477403
XRP,2023-06-21 04:00:00+00:00,2023-06-21 04:00:00+00:00,2023-06-22 01:15:00+00:00,-1,0.4973,0.5034679557651746,0.48496408846965094,0.5034679557651746,stop,-1.0,-1.1054643055192137,85,21.25,0.006167955765174538
XRP,2023-07-08 20:00:00+00:00,2023-07-08 20:00:00+00:00,2023-07-09 20:00:00+00:00,-1,0.4701,0.4758991184826036,0.4585017630347929,0.4696,tempo,0.08622000076389567,-0.019107214369286807,96,24.0,0.00579911848260356
XRP,2023-07-16 20:00:00+00:00,2023-07-16 20:00:00+00:00,2023-07-17 20:00:00+00:00,-1,0.7417,0.799198101736985,0.62670379652603,0.7338,tempo,0.13739584023377302,0.12071572435121536,96,24.0,0.057498101736985
XRP,2023-07-31 00:00:00+00:00,2023-07-31 00:00:00+00:00,2023-08-01 00:00:00+00:00,1,0.7044,0.676696875193867,0.7598062496122661,0.6973,tempo,-0.25628877787924387,-0.28917694505807046,96,24.0,0.027703124806133017
XRP,2023-08-09 00:00:00+00:00,2023-08-09 00:00:00+00:00,2023-08-09 13:15:00+00:00,-1,0.6416,0.6516975071644592,0.6214049856710815,0.6516975071644592,stop,-1.0,-1.0832525658031478,53,13.25,0.01009750716445923
XRP,2023-08-17 00:00:00+00:00,2023-08-17 00:00:00+00:00,2023-08-17 21:00:00+00:00,1,0.5887,0.5661581078698675,0.6337837842602649,0.5661581078698675,stop,-1.0,-1.0333005661539825,84,21.0,0.022541892130132468
XRP,2023-09-15 08:00:00+00:00,2023-09-15 08:00:00+00:00,2023-09-16 08:00:00+00:00,-1,0.4936,0.5105715727065007,0.4596568545869986,0.4989,tempo,-0.3122869100970206,-0.35029900309255635,96,24.0,0.01697157270650068
XRP,2023-09-18 04:00:00+00:00,2023-09-18 04:00:00+00:00,2023-09-19 04:00:00+00:00,1,0.4973,0.4847116808735294,0.5224766382529413,0.5085,tempo,0.8897137010491459,0.8377790469121009,96,24.0,0.012588319126470626
XRP,2023-09-25 04:00:00+00:00,2023-09-25 04:00:00+00:00,2023-09-25 07:15:00+00:00,1,0.5017,0.49367627029701977,0.5177474594059606,0.49367627029701977,stop,-1.0,-1.0806351409685135,13,3.25,0.008023729702980265
XRP,2023-09-25 08:00:00+00:00,2023-09-25 08:00:00+00:00,2023-09-26 08:00:00+00:00,1,0.496,0.48906274614621986,0.5098745077075603,0.5014,tempo,0.7784059966405124,0.6849525907734727,96,24.0,0.006937253853780134
XRP,2023-10-02 20:00:00+00:00,2023-10-02 20:00:00+00:00,2023-10-03 20:00:00+00:00,1,0.5161,0.4928795749145819,0.5625408501708362,0.5141,tempo,-0.08613106748230702,-0.11496904084139561,96,24.0,0.023220425085418106
XRP,2023-10-11 20:00:00+00:00,2023-10-11 20:00:00+00:00,2023-10-12 08:30:00+00:00,1,0.4849,0.47621463663725266,0.5022707267254947,0.47621463663725266,stop,-1.0,-1.0719284257574921,50,12.5,0.008685363362747334
XRP,2023-10-16 16:00:00+00:00,2023-10-16 16:00:00+00:00,2023-10-17 16:00:00+00:00,-1,0.492,0.5130450848947146,0.44990983021057085,0.4899,tempo,0.09978576995559668,0.06945873619959167,96,24.0,0.021045084894714572
XRP,2023-10-17 16:00:00+00:00,2023-10-17 16:00:00+00:00,2023-10-18 16:00:00+00:00,1,0.4899,0.48078670936367135,0.5081265812726573,0.4871,tempo,-0.30724357553552384,-0.37692751576546407,96,24.0,0.009113290636328653
XRP,2023-10-19 08:00:00+00:00,2023-10-19 08:00:00+00:00,2023-10-19 20:45:00+00:00,1,0.4796,0.47363031127405736,0.49153937745188536,0.49153937745188536,alvo,2.0,1.8942590435912474,51,12.75,0.005969688725942668
XRP,2023-10-21 16:00:00+00:00,2023-10-21 16:00:00+00:00,2023-10-22 16:00:00+00:00,-1,0.5233,0.5373028136044645,0.4952943727910709,0.5182,tempo,0.3642125178595503,0.3158668768246543,96,24.0,0.014002813604464537
XRP,2023-10-23 12:00:00+00:00,2023-10-23 12:00:00+00:00,2023-10-23 20:45:00+00:00,-1,0.5312,0.5382491550685445,0.5171016898629109,0.5382491550685445,stop,-1.0,-1.0986135138233075,35,8.75,0.0070491550685445326
XRP,2023-10-24 04:00:00+00:00,2023-10-24 04:00:00+00:00,2023-10-24 12:30:00+00:00,-1,0.5446,0.5610721754039714,0.5116556491920572,0.5610721754039714,stop,-1.0,-1.0436303582488144,34,8.5,0.01647217540397139
XRP,2023-10-27 20:00:00+00:00,2023-10-27 20:00:00+00:00,2023-10-28 20:00:00+00:00,1,0.5452,0.5209853906861761,0.5936292186276478,0.5447,tempo,-0.020648691602660314,-0.049905203273718356,96,24.0,0.02421460931382391
XRP,2023-11-09 20:00:00+00:00,2023-11-09 20:00:00+00:00,2023-11-10 20:00:00+00:00,1,0.6583,0.5925597638536498,0.7897804722927003,0.6595,tempo,0.01825366123310772,0.005224045731071592,96,24.0,0.06574023614635016
XRP,2023-11-13 16:00:00+00:00,2023-11-13 16:00:00+00:00,2023-11-13 21:00:00+00:00,1,0.6508,0.6362217322778091,0.679956535444382,0.679956535444382,alvo,2.0,1.9406656699875142,20,5.0,0.014578267722190952
XRP,2023-11-21 20:00:00+00:00,2023-11-21 20:00:00+00:00,2023-11-21 23:00:00+00:00,1,0.5952,0.5759941797132883,0.6336116405734233,0.5759941797132883,stop,-1.0,-1.0396377871629028,12,3.0,0.019205820286711695
XRP,2024-01-11 16:00:00+00:00,2024-01-11 16:00:00+00:00,2024-01-12 16:00:00+00:00,-1,0.6013,0.6301769605344456,0.5435460789311086,0.5873,tempo,0.4848155671820138,0.45806102010707417,96,24.0,0.02887696053444566
XRP,2024-01-15 00:00:00+00:00,2024-01-15 00:00:00+00:00,2024-01-16 00:00:00+00:00,-1,0.5765,0.596554724448953,0.5363905511020941,0.5757,tempo,0.03989084976142818,0.002546532121646239,96,24.0,0.020054724448952954
XRP,2024-01-17 20:00:00+00:00,2024-01-17 20:00:00+00:00,2024-01-18 12:30:00+00:00,1,0.5711,0.5590044428356613,0.5952911143286775,0.5590044428356613,stop,-1.0,-1.060730388676009,66,16.5,0.012095557164338744
XRP,2024-01-18 16:00:00+00:00,2024-01-18 16:00:00+00:00,2024-01-18 17:00:00+00:00,1,0.5624,0.5559502050962418,0.5752995898075164,0.5559502050962418,stop,-1.0,-1.1127055424489527,4,1.0,0.006449794903758188
XRP,2024-01-19 20:00:00+00:00,2024-01-19 20:00:00+00:00,2024-01-20 20:00:00+00:00,1,0.5458,0.5184875328467138,0.6004249343065723,0.5468,tempo,0.03661331634332724,0.010610905209459693,96,24.0,0.02731246715328617
XRP,2024-01-23 16:00:00+00:00,2024-01-23 16:00:00+00:00,2024-01-24 16:00:00+00:00,1,0.5102,0.49263751254214483,0.5453249749157103,0.516,tempo,0.3302493461657031,0.29226896317037415,96,24.0,0.017562487457855158
XRP,2024-01-31 16:00:00+00:00,2024-01-31 16:00:00+00:00,2024-02-01 16:00:00+00:00,1,0.5084,0.48093485681906356,0.5633302863618728,0.4994,tempo,-0.3276880786933915,-0.35153903755002275,96,24.0,0.027465143180936402
XRP,2024-02-08 04:00:00+00:00,2024-02-08 04:00:00+00:00,2024-02-09 03:15:00+00:00,-1,0.5137,0.5203257027985864,0.5004485944028274,0.5203257027985864,stop,-1.0,-1.1014408172613004,93,23.25,0.006625702798586319
XRP,2024-02-12 20:00:00+00:00,2024-02-12 20:00:00+00:00,2024-02-13 20:00:00+00:00,-1,0.5313,0.5403704488227015,0.513159102354597,0.5253,tempo,0.6614887661328552,0.585771454517458,96,24.0,0.009070448822701471
XRP,2024-02-23 20:00:00+00:00,2024-02-23 20:00:00+00:00,2024-02-24 20:00:00+00:00,1,0.539,0.5229829835201927,0.5710340329596147,0.5466,tempo,0.4744953599555358,0.43043971445566387,96,24.0,0.016017016479807356
XRP,2024-02-27 16:00:00+00:00,2024-02-27 16:00:00+00:00,2024-02-27 18:00:00+00:00,-1,0.5612,0.5739748483882049,0.5356503032235903,0.5739748483882049,stop,-1.0,-1.0577590926349945,8,2.0,0.012774848388204862
XRP,2024-02-28 20:00:00+00:00,2024-02-28 20:00:00+00:00,2024-02-29 20:00:00+00:00,1,0.5655,0.5074277129386633,0.6816445741226734,0.6106,tempo,0.7766182852823553,0.7634542609484667,96,24.0,0.058072287061336714
XRP,2024-03-05 04:00:00+00:00,2024-03-05 04:00:00+00:00,2024-03-05 16:15:00+00:00,-1,0.6537,0.6755851286187403,0.6099297427625192,0.6099297427625192,alvo,2.0,1.9624695222447859,49,12.25,0.021885128618740368
XRP,2024-03-15 12:00:00+00:00,2024-03-15 12:00:00+00:00,2024-03-16 12:00:00+00:00,1,0.6226,0.586250442791351,0.6952991144172982,0.6311,tempo,0.23384053762221477,0.21142197017385805,96,24.0,0.036349557208649075
XRP,2024-03-27 12:00:00+00:00,2024-03-27 12:00:00+00:00,2024-03-27 14:15:00+00:00,1,0.6228,0.6091328814182836,0.6501342371634329,0.6091328814182836,stop,-1.0,-1.0585899923333597,9,2.25,0.013667118581716431
XRP,2024-03-29 16:00:00+00:00,2024-03-29 16:00:00+00:00,2024-03-30 16:00:00+00:00,-1,0.6254,0.6501757403208291,0.5758485193583416,0.6294,tempo,-0.16144825333986762,-0.1943683594371333,96,24.0,0.024775740320829187
XRP,2024-04-02 04:00:00+00:00,2024-04-02 04:00:00+00:00,2024-04-03 00:45:00+00:00,1,0.5958,0.5782299982585071,0.6309400034829858,0.5782299982585071,stop,-1.0,-1.0434330918172798,83,20.75,0.017570001741492924
XRP,2024-04-09 16:00:00+00:00,2024-04-09 16:00:00+00:00,2024-04-10 16:00:00+00:00,-1,0.6226,0.6483268704141236,0.5711462591717529,0.6079,tempo,0.5713870270023211,0.5402979366028565,96,24.0,0.02572687041412358
XRP,2024-04-14 00:00:00+00:00,2024-04-14 00:00:00+00:00,2024-04-15 00:00:00+00:00,1,0.4786,0.4005026868637044,0.6347946262725913,0.5029,tempo,0.3111502691211868,0.30298129410297325,96,24.0,0.07809731313629564
XRP,2024-04-30 16:00:00+00:00,2024-04-30 16:00:00+00:00,2024-05-01 07:30:00+00:00,1,0.4958,0.48444413852907653,0.518511722941847,0.48444413852907653,stop,-1.0,-1.056108353529614,62,15.5,0.01135586147092349
XRP,2024-05-01 20:00:00+00:00,2024-05-01 20:00:00+00:00,2024-05-02 20:00:00+00:00,-1,0.5105,0.5248452073639036,0.48180958527219264,0.5229,tempo,-0.864400192025231,-0.9112248898466233,96,24.0,0.014345207363903656
XRP,2024-05-06 12:00:00+00:00,2024-05-06 12:00:00+00:00,2024-05-06 16:00:00+00:00,-1,0.5348,0.5495483462225542,0.5053033075548917,0.5495483462225542,stop,-1.0,-1.0477902006373292,16,4.0,0.014748346222554165
XRP,2024-05-06 20:00:00+00:00,2024-05-06 20:00:00+00:00,2024-05-07 20:00:00+00:00,-1,0.5463,0.5741819088108766,0.4905361823782468,0.5358,tempo,0.3765882770516757,0.3513617043384897,96,24.0,0.0278819088108766
XRP,2024-05-09 16:00:00+00:00,2024-05-09 16:00:00+00:00,2024-05-10 14:30:00+00:00,1,0.5167,0.5059097074616608,0.5382805850766786,0.5059097074616608,stop,-1.0,-1.0616013242911004,90,22.5,0.010790292538339297
XRP,2024-05-21 16:00:00+00:00,2024-05-21 16:00:00+00:00,2024-05-22 16:00:00+00:00,-1,0.5428,0.5603727513497421,0.5076544973005157,0.5361,tempo,0.38127211081822143,0.3413645866040186,96,24.0,0.01757275134974212
XRP,2024-06-02 20:00:00+00:00,2024-06-02 20:00:00+00:00,2024-06-03 20:00:00+00:00,1,0.5127,0.5068676032537699,0.5243647934924603,0.5222,tempo,1.628832950388776,1.5134970037327466,96,24.0,0.005832396746230151
XRP,2024-06-04 12:00:00+00:00,2024-06-04 12:00:00+00:00,2024-06-04 13:45:00+00:00,-1,0.5228,0.5276154174355648,0.5131691651288705,0.5276154174355648,stop,-1.0,-1.1417883351691265,7,1.75,0.004815417435564795
XRP,2024-06-28 16:00:00+00:00,2024-06-28 16:00:00+00:00,2024-06-29 16:00:00+00:00,-1,0.476,0.4824289759103044,0.4631420481793911,0.475,tempo,0.15554576871211911,0.05939515178272278,96,24.0,0.006428975910304446
XRP,2024-07-11 16:00:00+00:00,2024-07-11 16:00:00+00:00,2024-07-12 06:30:00+00:00,-1,0.4403,0.45807017953389184,0.4047596409322164,0.45807017953389184,stop,-1.0,-1.0328607043943097,58,14.5,0.017770179533891817
XRP,2024-07-13 12:00:00+00:00,2024-07-13 12:00:00+00:00,2024-07-13 14:30:00+00:00,-1,0.5096,0.5219207460246075,0.4849585079507852,0.5219207460246075,stop,-1.0,-1.0544194713190964,10,2.5,0.01232074602460742
XRP,2024-07-17 12:00:00+00:00,2024-07-17 12:00:00+00:00,2024-07-17 13:15:00+00:00,-1,0.6135,0.6283723536522102,0.5837552926955797,0.6283723536522102,stop,-1.0,-1.0542763471573295,5,1.25,0.01487235365221018
XRP,2024-07-17 16:00:00+00:00,2024-07-17 16:00:00+00:00,2024-07-18 16:00:00+00:00,-1,0.6023,0.6404772488718444,0.525945502256311,0.5626,tempo,1.0398863504614262,1.0200529412353774,96,24.0,0.03817724887184448
XRP,2024-08-02 08:00:00+00:00,2024-08-02 08:00:00+00:00,2024-08-02 15:15:00+00:00,1,0.5722,0.5519361625585677,0.6127276748828647,0.5519361625585677,stop,-1.0,-1.0360587429589754,29,7.25,0.020263837441432342
XRP,2024-08-03 04:00:00+00:00,2024-08-03 04:00:00+00:00,2024-08-04 04:00:00+00:00,1,0.5634,0.5377313027478661,0.6147373945042679,0.5566,tempo,-0.2649141065947442,-0.29327549918312257,96,24.0,0.025668697252133943
XRP,2024-08-04 20:00:00+00:00,2024-08-04 20:00:00+00:00,2024-08-05 00:45:00+00:00,1,0.5355,0.5084082115644185,0.5896835768711629,0.5084082115644185,stop,-1.0,-1.0250459780139765,19,4.75,0.027091788435581465
XRP,2024-08-05 16:00:00+00:00,2024-08-05 16:00:00+00:00,2024-08-06 16:00:00+00:00,1,0.4883,0.423028293607363,0.618843412785274,0.5108,tempo,0.3447129122786061,0.3347635017929434,96,24.0,0.06527170639263702
XRP,2024-09-11 16:00:00+00:00,2024-09-11 16:00:00+00:00,2024-09-12 13:00:00+00:00,1,0.5318,0.5205945039799689,0.5542109920400624,0.5542109920400624,alvo,2.0,1.9370034897550144,84,21.0,0.01120549602003118
XRP,2024-09-26 20:00:00+00:00,2024-09-26 20:00:00+00:00,2024-09-27 20:00:00+00:00,-1,0.5923,0.5980790600528679,0.5807418798942643,0.5867,tempo,0.9690157134153726,0.8364076434196825,96,24.0,0.005779060052867879
XRP,2024-09-28 16:00:00+00:00,2024-09-28 16:00:00+00:00,2024-09-29 06:45:00+00:00,-1,0.6176,0.6279313021597025,0.5969373956805951,0.6279313021597025,stop,-1.0,-1.0783633402536281,59,14.75,0.01033130215970246
XRP,2024-10-01 20:00:00+00:00,2024-10-01 20:00:00+00:00,2024-10-02 18:30:00+00:00,1,0.6102,0.5704314975946526,0.6897370048106947,0.5704314975946526,stop,-1.0,-1.0192969417257547,90,22.5,0.03976850240534735
XRP,2024-10-15 04:00:00+00:00,2024-10-15 04:00:00+00:00,2024-10-16 04:00:00+00:00,-1,0.5476,0.5573890554237686,0.5280218891524627,0.5427,tempo,0.50055902105758,0.4281623526028044,96,24.0,0.009789055423768622
XRP,2024-10-21 12:00:00+00:00,2024-10-21 12:00:00+00:00,2024-10-22 09:15:00+00:00,-1,0.554,0.5630089588419518,0.5359820823160966,0.5359820823160966,alvo,2.0,1.9213573548359144,85,21.25,0.009008958841951742
XRP,2024-11-01 04:00:00+00:00,2024-11-01 04:00:00+00:00,2024-11-02 04:00:00+00:00,1,0.5193,0.5000571597018343,0.5577856805963314,0.5145,tempo,-0.2494434254831695,-0.28436394602940374,96,24.0,0.019242840298165698
XRP,2024-11-05 12:00:00+00:00,2024-11-05 12:00:00+00:00,2024-11-06 01:00:00+00:00,-1,0.509,0.5206839334297517,0.4856321331404966,0.5206839334297517,stop,-1.0,-1.0572833250679998,52,13.0,0.011683933429751714
XRP,2024-11-06 08:00:00+00:00,2024-11-06 08:00:00+00:00,2024-11-06 23:00:00+00:00,-1,0.5365,0.5460389960164359,0.5174220079671281,0.5460389960164359,stop,-1.0,-1.0737656611029376,60,15.0,0.00953899601643593
XRP,2024-11-12 16:00:00+00:00,2024-11-12 16:00:00+00:00,2024-11-12 20:15:00+00:00,-1,0.6793,0.7161203709444232,0.6056592581111537,0.7161203709444232,stop,-1.0,-1.0246337344749443,17,4.25,0.03682037094442314
XRP,2024-11-13 00:00:00+00:00,2024-11-13 00:00:00+00:00,2024-11-14 00:00:00+00:00,-1,0.7048,0.7529532920056643,0.6084934159886713,0.6901,tempo,0.3052750785609997,0.2864459401524908,96,24.0,0.04815329200566432
XRP,2024-11-14 16:00:00+00:00,2024-11-14 16:00:00+00:00,2024-11-14 17:30:00+00:00,-1,0.7141,0.7665985681911347,0.6091028636177305,0.7665985681911347,stop,-1.0,-1.0183329584498413,6,1.5,0.05249856819113474
XRP,2024-11-15 00:00:00+00:00,2024-11-15 00:00:00+00:00,2024-11-15 13:00:00+00:00,-1,0.7741,0.8630569599706206,0.5961860800587588,0.8630569599706206,stop,-1.0,-1.011962549353444,52,13.0,0.08895695997062059
XRP,2024-11-16 00:00:00+00:00,2024-11-16 00:00:00+00:00,2024-11-16 05:00:00+00:00,-1,0.8925,0.9439905002683723,0.7895189994632553,0.9439905002683723,stop,-1.0,-1.0231832827211367,20,5.0,0.05149050026837232
XRP,2024-12-02 20:00:00+00:00,2024-12-02 20:00:00+00:00,2024-12-03 14:00:00+00:00,-1,2.7473,2.9399515197895942,2.3619969604208118,2.3619969604208118,alvo,2.0,1.9827613972217784,72,18.0,0.19265151978959416
XRP,2024-12-05 00:00:00+00:00,2024-12-05 00:00:00+00:00,2024-12-05 01:30:00+00:00,1,2.3599,2.234849015130768,2.6100019697384647,2.234849015130768,stop,-1.0,-1.0238829535245813,6,1.5,0.12505098486923227
XRP,2024-12-10 20:00:00+00:00,2024-12-10 20:00:00+00:00,2024-12-11 20:00:00+00:00,1,2.1224,1.8524162534308544,2.662367493138291,2.4324,tempo,1.1482172684073262,1.1372513490228355,96,24.0,0.2699837465691455
XRP,2024-12-19 04:00:00+00:00,2024-12-19 04:00:00+00:00,2024-12-20 04:00:00+00:00,1,2.3501,2.138139193875706,2.7740216122485877,2.3301,tempo,-0.09435706707150382,-0.1087093902940155,96,24.0,0.2119608061242939
XRP,2025-01-07 12:00:00+00:00,2025-01-07 12:00:00+00:00,2025-01-07 15:30:00+00:00,-1,2.4218,2.481767047668385,2.301865904663231,2.301865904663231,alvo,2.0,1.948798832735435,14,3.5,0.059967047668384676
XRP,2025-01-08 20:00:00+00:00,2025-01-08 20:00:00+00:00,2025-01-09 20:00:00+00:00,1,2.3149,2.175520991021446,2.5936580179571087,2.2784,tempo,-0.2618758754814817,-0.2832969274883832,96,24.0,0.13937900897855426
XRP,2025-01-20 16:00:00+00:00,2025-01-20 16:00:00+00:00,2025-01-21 16:00:00+00:00,-1,3.2724,3.416746393272053,2.9837072134558946,3.1201,tempo,1.0551008345110306,1.0263150442615385,96,24.0,0.1443463932720528
XRP,2025-02-03 00:00:00+00:00,2025-02-03 00:00:00+00:00,2025-02-03 00:30:00+00:00,1,2.5784,2.404734661221577,2.9257306775568455,2.404734661221577,stop,-1.0,-1.0186510304968033,2,0.5,0.17366533877842283
XRP,2025-02-24 04:00:00+00:00,2025-02-24 04:00:00+00:00,2025-02-25 00:15:00+00:00,-1,2.4886,2.626839793829114,2.212120412341772,2.212120412341772,alvo,2.0,1.9778973319954514,81,20.25,0.138239793829114
XRP,2025-02-25 04:00:00+00:00,2025-02-25 04:00:00+00:00,2025-02-25 07:30:00+00:00,1,2.2818,2.182931655609007,2.479536688781986,2.182931655609007,stop,-1.0,-1.0293529298383826,14,3.5,0.09886834439099301
XRP,2025-02-25 12:00:00+00:00,2025-02-25 12:00:00+00:00,2025-02-26 12:00:00+00:00,1,2.1871,2.0268144276060474,2.5076711447879054,2.2791,tempo,0.5739755526709595,0.5558639412723684,96,24.0,0.1602855723939527
XRP,2025-02-28 12:00:00+00:00,2025-02-28 12:00:00+00:00,2025-03-01 12:00:00+00:00,1,2.0308,1.9273045706548388,2.237790858690323,2.1596,tempo,1.2444994026784215,1.2181817187262525,96,24.0,0.10349542934516132
XRP,2025-03-11 04:00:00+00:00,2025-03-11 04:00:00+00:00,2025-03-12 04:00:00+00:00,1,2.0446,1.863018984237769,2.407762031524462,2.1669,tempo,0.6735285596162995,0.6584527820714456,96,24.0,0.18158101576223107
XRP,2025-03-13 16:00:00+00:00,2025-03-13 16:00:00+00:00,2025-03-14 15:15:00+00:00,-1,2.2869,2.3670766382567656,2.1265467234864692,2.3670766382567656,stop,-1.0,-1.0377302526102312,93,23.25,0.08017663825676546
XRP,2025-03-28 12:00:00+00:00,2025-03-28 12:00:00+00:00,2025-03-28 14:15:00+00:00,1,2.2254,2.177715052762825,2.3207698944743504,2.177715052762825,stop,-1.0,-1.060019460020805,9,2.25,0.0476849472371752
XRP,2025-03-31 12:00:00+00:00,2025-03-31 12:00:00+00:00,2025-04-01 12:00:00+00:00,1,2.0813,2.005057277332366,2.233785445335269,2.133,tempo,0.6780975047989327,0.6421688954293351,96,24.0,0.07624272266763432
ADA,2023-01-04 12:00:00+00:00,2023-01-04 12:00:00+00:00,2023-01-04 15:45:00+00:00,-1,0.2641,0.26862395486404295,0.2550520902719141,0.26862395486404295,stop,-1.0,-1.0765415617679648,15,3.75,0.004523954864042945
ADA,2023-01-04 20:00:00+00:00,2023-01-04 20:00:00+00:00,2023-01-05 20:00:00+00:00,-1,0.2662,0.2721427023857922,0.2543145952284156,0.2688,tempo,-0.4375113931695564,-0.49602854200598473,96,24.0,0.005942702385792198
ADA,2023-01-07 04:00:00+00:00,2023-01-07 04:00:00+00:00,2023-01-08 04:00:00+00:00,-1,0.2766,0.2821501975516172,0.26549960489676566,0.2758,tempo,0.14413901353239666,0.07944582078372059,96,24.0,0.005550197551617175
ADA,2023-01-12 16:00:00+00:00,2023-01-12 16:00:00+00:00,2023-01-13 16:00:00+00:00,-1,0.3221,0.3378675489969743,0.2905649020060514,0.3318,tempo,-0.6151875603406312,-0.6421438742281962,96,24.0,0.0157675489969743
ADA,2023-01-14 08:00:00+00:00,2023-01-14 08:00:00+00:00,2023-01-14 09:30:00+00:00,-1,0.3638,0.37417148942923717,0.3430570211415257,0.3430570211415257,alvo,2.0,1.9556999920911278,6,1.5,0.010371489429237157
ADA,2023-01-16 16:00:00+00:00,2023-01-16 16:00:00+00:00,2023-01-17 16:00:00+00:00,1,0.3471,0.33461857619453916,0.37206284761092173,0.3529,tempo,0.46469057460114155,0.4282364002143277,96,24.0,0.012481423805460856
ADA,2023-01-21 04:00:00+00:00,2023-01-21 04:00:00+00:00,2023-01-21 10:15:00+00:00,-1,0.3597,0.37101196241586654,0.337076075168267,0.37101196241586654,stop,-1.0,-1.0419876550247475,25,6.25,0.011311962415866517
ADA,2023-01-21 12:00:00+00:00,2023-01-21 12:00:00+00:00,2023-01-21 15:45:00+00:00,-1,0.3639,0.3770032066565343,0.3376935866869314,0.3770032066565343,stop,-1.0,-1.0367533762498198,15,3.75,0.013103206656534305
ADA,2023-01-31 20:00:00+00:00,2023-01-31 20:00:00+00:00,2023-02-01 16:00:00+00:00,-1,0.3934,0.4024089435218995,0.3753821129562011,0.3753821129562011,alvo,2.0,1.9445319673492445,80,20.0,0.00900894352189946
ADA,2023-02-02 00:00:00+00:00,2023-02-02 00:00:00+00:00,2023-02-02 00:45:00+00:00,-1,0.3971,0.40474552532054986,0.3818089493589003,0.40474552532054986,stop,-1.0,-1.0681705402318744,3,0.75,0.007645525320549851
ADA,2023-02-02 20:00:00+00:00,2023-02-02 20:00:00+00:00,2023-02-03 20:00:00+00:00,-1,0.4053,0.41672162632743226,0.38245674734513546,0.4035,tempo,0.15759577037437822,0.11156729904036736,96,24.0,0.011421626327432266
ADA,2023-02-18 20:00:00+00:00,2023-02-18 20:00:00+00:00,2023-02-19 20:00:00+00:00,-1,0.4053,0.42091357431199106,0.37407285137601787,0.4013,tempo,0.25618733546027606,0.22260822093315905,96,24.0,0.015613574311991063
ADA,2023-02-20 04:00:00+00:00,2023-02-20 04:00:00+00:00,2023-02-21 04:00:00+00:00,1,0.4016,0.3868856530965435,0.43102869380691305,0.4018,tempo,0.013592176486813446,-0.021897675929084703,96,24.0,0.014714346903456521
ADA,2023-02-25 00:00:00+00:00,2023-02-25 00:00:00+00:00,2023-02-25 19:30:00+00:00,1,0.3656,0.35531514434273315,0.38616971131453365,0.35531514434273315,stop,-1.0,-1.0455616354218533,78,19.5,0.010284855657266834
ADA,2023-02-25 20:00:00+00:00,2023-02-25 20:00:00+00:00,2023-02-25 20:45:00+00:00,1,0.3581,0.35331337011930086,0.3676732597613982,0.35331337011930086,stop,-1.0,-1.0966063184542705,3,0.75,0.0047866298806991114
ADA,2023-03-06 16:00:00+00:00,2023-03-06 16:00:00+00:00,2023-03-07 00:30:00+00:00,1,0.3357,0.327460354588538,0.352179290822924,0.327460354588538,stop,-1.0,-1.0523146578471592,34,8.5,0.008239645411461993
ADA,2023-03-07 04:00:00+00:00,2023-03-07 04:00:00+00:00,2023-03-07 11:00:00+00:00,1,0.3327,0.3259962553268657,0.34610748934626856,0.3259962553268657,stop,-1.0,-1.0638676720010405,28,7.0,0.006703744673134282
ADA,2023-03-10 12:00:00+00:00,2023-03-10 12:00:00+00:00,2023-03-11 01:45:00+00:00,1,0.3037,0.2948290052553857,0.3214419894892287,0.3214419894892287,alvo,2.0,1.9541942809272101,55,13.75,0.008870994744614336
ADA,2023-04-03 12:00:00+00:00,2023-04-03 12:00:00+00:00,2023-04-04 12:00:00+00:00,-1,0.3962,0.4073204760600884,0.37395904787982315,0.3977,tempo,-0.13488631169159443,-0.18129035026077567,96,24.0,0.011120476060088424
ADA,2023-04-11 12:00:00+00:00,2023-04-11 12:00:00+00:00,2023-04-12 02:30:00+00:00,-1,0.4077,0.4151096636331521,0.3928806727336958,0.3928806727336958,alvo,2.0,1.9297704372235407,58,14.5,0.007409663633152097
ADA,2023-04-13 12:00:00+00:00,2023-04-13 12:00:00+00:00,2023-04-13 16:15:00+00:00,-1,0.4114,0.4190753172115165,0.396049365576967,0.4190753172115165,stop,-1.0,-1.0703305076925713,17,4.25,0.007675317211516486
ADA,2023-04-15 16:00:00+00:00,2023-04-15 16:00:00+00:00,2023-04-16 16:00:00+00:00,-1,0.4562,0.4651429047591012,0.4383141904817976,0.4476,tempo,0.9616562215143543,0.8959650377407452,96,24.0,0.0089429047591012
ADA,2023-04-30 20:00:00+00:00,2023-04-30 20:00:00+00:00,2023-05-01 20:00:00+00:00,-1,0.4004,0.4164880537588046,0.36822389248239074,0.3821,tempo,1.1374899832109782,1.1058749098388096,96,24.0,0.01608805375880462
ADA,2023-05-08 20:00:00+00:00,2023-05-08 20:00:00+00:00,2023-05-09 20:00:00+00:00,1,0.3608,0.3495571979110108,0.3832856041779784,0.3642,tempo,0.3024157121230349,0.26050000496480563,96,24.0,0.011242802088989201
ADA,2023-05-11 16:00:00+00:00,2023-05-11 16:00:00+00:00,2023-05-11 17:30:00+00:00,1,0.3545,0.3484925220078594,0.36651495598428113,0.3484925220078594,stop,-1.0,-1.0760627238090457,6,1.5,0.006007477992140575
ADA,2023-05-15 04:00:00+00:00,2023-05-15 04:00:00+00:00,2023-05-16 04:00:00+00:00,-1,0.3714,0.3772611245968491,0.3596777508063019,0.3648,tempo,1.1260637597685856,1.0444190187137279,96,24.0,0.0058611245968490655
ADA,2023-05-17 04:00:00+00:00,2023-05-17 04:00:00+00:00,2023-05-17 19:30:00+00:00,-1,0.3727,0.3786039066031827,0.3608921867936345,0.3786039066031827,stop,-1.0,-1.0827160001191085,62,15.5,0.00590390660318274
ADA,2023-05-31 20:00:00+00:00,2023-05-31 20:00:00+00:00,2023-06-01 02:45:00+00:00,1,0.3756,0.3688999071904002,0.3890001856191995,0.3688999071904002,stop,-1.0,-1.0722266024405516,27,6.75,0.006700092809599767
ADA,2023-06-07 12:00:00+00:00,2023-06-07 12:00:00+00:00,2023-06-07 14:15:00+00:00,1,0.3374,0.33196809372418856,0.3482638125516228,0.33196809372418856,stop,-1.0,-1.0800988159273293,9,2.25,0.005431906275811416
ADA,2023-06-22 12:00:00+00:00,2023-06-22 12:00:00+00:00,2023-06-23 12:00:00+00:00,-1,0.2927,0.30729630079052944,0.26350739841894116,0.2926,tempo,0.006851050922770266,-0.019213429760365948,96,24.0,0.014596300790529426
ADA,2023-06-28 16:00:00+00:00,2023-06-28 16:00:00+00:00,2023-06-28 17:45:00+00:00,1,0.2748,0.26938552646208114,0.2856289470758377,0.26938552646208114,stop,-1.0,-1.0653287138118162,7,1.75,0.005414473537918851
ADA,2023-07-04 08:00:00+00:00,2023-07-04 08:00:00+00:00,2023-07-05 08:00:00+00:00,-1,0.2949,0.30327382245342605,0.2781523550931479,0.2951,tempo,-0.023883955160543244,-0.06968143918088995,96,24.0,0.00837382245342605
ADA,2023-07-06 16:00:00+00:00,2023-07-06 16:00:00+00:00,2023-07-07 16:00:00+00:00,1,0.2821,0.27361603276154833,0.2990679344769034,0.2839,tempo,0.2121648928395045,0.16880074613080723,96,24.0,0.008483967238451684
ADA,2023-07-22 12:00:00+00:00,2023-07-22 12:00:00+00:00,2023-07-23 12:00:00+00:00,1,0.3113,0.30483948859782584,0.3242210228043484,0.3144,tempo,0.47983817487834396,0.4168857281319254,96,24.0,0.006460511402174185
ADA,2023-07-31 00:00:00+00:00,2023-07-31 00:00:00+00:00,2023-08-01 00:00:00+00:00,1,0.3156,0.30353531552093915,0.33972936895812167,0.3069,tempo,-0.721112932136724,-0.754650899971876,96,24.0,0.012064684479060839
ADA,2023-08-09 00:00:00+00:00,2023-08-09 00:00:00+00:00,2023-08-10 00:00:00+00:00,-1,0.2973,0.30380376040087054,0.28429247919825895,0.3013,tempo,-0.6150288069444568,-0.6748541965679614,96,24.0,0.0065037604008705285
ADA,2023-08-23 00:00:00+00:00,2023-08-23 00:00:00+00:00,2023-08-24 00:00:00+00:00,1,0.2583,0.24780998462810253,0.27928003074379487,0.2679,tempo,0.9151559516031091,0.8825506609648998,96,24.0,0.010490015371897449
ADA,2023-08-28 12:00:00+00:00,2023-08-28 12:00:00+00:00,2023-08-28 22:45:00+00:00,1,0.2603,0.2565981119634334,0.2677037760731331,0.2677037760731331,alvo,2.0,1.9072898880091873,43,10.75,0.0037018880365665696
ADA,2023-09-11 12:00:00+00:00,2023-09-11 12:00:00+00:00,2023-09-11 19:45:00+00:00,1,0.243,0.23654753992562896,0.25590492014874205,0.23654753992562896,stop,-1.0,-1.0483080712408814,31,7.75,0.00645246007437103
ADA,2023-09-22 04:00:00+00:00,2023-09-22 04:00:00+00:00,2023-09-23 04:00:00+00:00,1,0.2461,0.2421262486991676,0.25404750260166487,0.2444,tempo,-0.4278073465855538,-0.5080400979238706,96,24.0,0.003973751300832412
ADA,2023-09-25 04:00:00+00:00,2023-09-25 04:00:00+00:00,2023-09-26 04:00:00+00:00,1,0.2439,0.23938886856904165,0.2529222628619167,0.2463,tempo,0.5320173080149262,0.46138536015959414,96,24.0,0.004511131430958354
ADA,2023-09-27 20:00:00+00:00,2023-09-27 20:00:00+00:00,2023-09-28 16:15:00+00:00,1,0.2444,0.2414988885874277,0.2502022228251446,0.2502022228251446,alvo,2.0,1.8891833510967126,81,20.25,0.0029011114125722937
ADA,2023-10-02 12:00:00+00:00,2023-10-02 12:00:00+00:00,2023-10-02 18:45:00+00:00,-1,0.2668,0.27050313480148674,0.25939373039702646,0.25939373039702646,alvo,2.0,1.9076388133046769,27,6.75,0.0037031348014867627
ADA,2023-10-14 00:00:00+00:00,2023-10-14 00:00:00+00:00,2023-10-15 00:00:00+00:00,-1,0.2457,0.25025952792693645,0.2365809441461271,0.2467,tempo,-0.21932095077042355,-0.2895168142740052,96,24.0,0.004559527926936452
ADA,2023-10-16 16:00:00+00:00,2023-10-16 16:00:00+00:00,2023-10-17 16:00:00+00:00,-1,0.2499,0.26126941189587144,0.22716117620825715,0.2472,tempo,0.23747930189603372,0.20905962610635348,96,24.0,0.011369411895871429
ADA,2023-10-24 04:00:00+00:00,2023-10-24 04:00:00+00:00,2023-10-24 12:45:00+00:00,-1,0.2822,0.2919618015143625,0.262676396971275,0.2919618015143625,stop,-1.0,-1.0382311779680462,35,8.75,0.009761801514362511
ADA,2023-11-07 00:00:00+00:00,2023-11-07 00:00:00+00:00,2023-11-08 00:00:00+00:00,-1,0.3628,0.3786748693979023,0.33105026120419545,0.3514,tempo,0.7181161440929037,0.688873068867268,96,24.0,0.01587486939790228
ADA,2023-11-11 04:00:00+00:00,2023-11-11 04:00:00+00:00,2023-11-11 16:15:00+00:00,-1,0.3744,0.3922312543757095,0.33873749124858105,0.3922312543757095,stop,-1.0,-1.027945892355337,49,12.25,0.017831254375709482
ADA,2023-11-21 16:00:00+00:00,2023-11-21 16:00:00+00:00,2023-11-21 18:15:00+00:00,1,0.3757,0.3613252020562867,0.4044495958874265,0.3613252020562867,stop,-1.0,-1.0333268254073862,9,2.25,0.014374797943713269
ADA,2023-12-03 04:00:00+00:00,2023-12-03 04:00:00+00:00,2023-12-04 02:00:00+00:00,-1,0.3971,0.40495198858867343,0.38139602282265317,0.40495198858867343,stop,-1.0,-1.0663951286601037,88,22.0,0.00785198858867342
ADA,2023-12-04 12:00:00+00:00,2023-12-04 12:00:00+00:00,2023-12-05 12:00:00+00:00,-1,0.4041,0.4182603490962248,0.3757793018075505,0.3996,tempo,0.31778877550411033,0.2808966765558382,96,24.0,0.014160349096224767
ADA,2023-12-06 04:00:00+00:00,2023-12-06 04:00:00+00:00,2023-12-06 10:00:00+00:00,-1,0.4258,0.4326548040896636,0.4120903918206728,0.4326548040896636,stop,-1.0,-1.0814021254815562,24,6.0,0.006854804089663602
ADA,2023-12-06 20:00:00+00:00,2023-12-06 20:00:00+00:00,2023-12-06 22:45:00+00:00,-1,0.448,0.45498988598225243,0.43402022803549517,0.45498988598225243,stop,-1.0,-1.0839703862664907,11,2.75,0.0069898859822524195
ADA,2023-12-08 20:00:00+00:00,2023-12-08 20:00:00+00:00,2023-12-09 03:30:00+00:00,-1,0.533,0.5785994445410995,0.44180111091780117,0.5785994445410995,stop,-1.0,-1.0158453605350495,30,7.5,0.04559944454109943
ADA,2023-12-09 12:00:00+00:00,2023-12-09 12:00:00+00:00,2023-12-10 12:00:00+00:00,-1,0.624,0.6577412097839386,0.5565175804321228,0.5911,tempo,0.9750687723017281,0.9516607497365156,96,24.0,0.033741209783938575
ADA,2023-12-14 04:00:00+00:00,2023-12-14 04:00:00+00:00,2023-12-15 04:00:00+00:00,-1,0.6568,0.6909084533527557,0.5885830932944887,0.6383,tempo,0.5423875368569128,0.517706998243983,96,24.0,0.0341084533527557
ADA,2024-01-05 20:00:00+00:00,2024-01-05 20:00:00+00:00,2024-01-06 06:15:00+00:00,1,0.528,0.5158870781194433,0.5522258437611134,0.5158870781194433,stop,-1.0,-1.056016756936804,41,10.25,0.012112921880556682
ADA,2024-01-09 00:00:00+00:00,2024-01-09 00:00:00+00:00,2024-01-09 08:45:00+00:00,-1,0.541,0.5490890317018606,0.5248219365962788,0.5248219365962788,alvo,2.0,1.9143551064797741,35,8.75,0.008089031701860594
ADA,2024-01-11 16:00:00+00:00,2024-01-11 16:00:00+00:00,2024-01-12 16:00:00+00:00,-1,0.5838,0.6250004846278975,0.501399030744205,0.5667,tempo,0.41504366160832307,0.39689278288070645,96,24.0,0.04120048462789749
ADA,2024-01-19 20:00:00+00:00,2024-01-19 20:00:00+00:00,2024-01-20 20:00:00+00:00,1,0.4978,0.4674598824857091,0.5584802350285819,0.5108,tempo,0.428475598154051,0.40686757373914223,96,24.0,0.030340117514290943
ADA,2024-01-22 12:00:00+00:00,2024-01-22 12:00:00+00:00,2024-01-22 19:30:00+00:00,1,0.4934,0.48239746946359807,0.5154050610728038,0.48239746946359807,stop,-1.0,-1.0576474978236015,30,7.5,0.011002530536401933
ADA,2024-01-23 16:00:00+00:00,2024-01-23 16:00:00+00:00,2024-01-24 16:00:00+00:00,1,0.4673,0.44352717005164677,0.5148456598967064,0.4727,tempo,0.22715007055245776,0.20144846071772604,96,24.0,0.023772829948353225
ADA,2024-02-02 12:00:00+00:00,2024-02-02 12:00:00+00:00,2024-02-03 12:00:00+00:00,-1,0.5182,0.5271964621510852,0.5002070756978296,0.5219,tempo,-0.41127278010653673,-0.48642065364240783,96,24.0,0.008996462151085183
ADA,2024-02-08 16:00:00+00:00,2024-02-08 16:00:00+00:00,2024-02-09 02:45:00+00:00,-1,0.5316,0.5393996060636889,0.5160007878726222,0.5393996060636889,stop,-1.0,-1.089254474938462,43,10.75,0.007799606063688902
ADA,2024-02-09 04:00:00+00:00,2024-02-09 04:00:00+00:00,2024-02-09 12:00:00+00:00,-1,0.5339,0.5443791435105768,0.5129417129788465,0.5443791435105768,stop,-1.0,-1.0668834664373537,32,8.0,0.010479143510576772
ADA,2024-02-09 16:00:00+00:00,2024-02-09 16:00:00+00:00,2024-02-10 16:00:00+00:00,-1,0.5421,0.5511409163153183,0.5240181673693636,0.538,tempo,0.45349385582225454,0.37583966950814435,96,24.0,0.009040916315318226
ADA,2024-02-14 16:00:00+00:00,2024-02-14 16:00:00+00:00,2024-02-15 10:15:00+00:00,-1,0.575,0.5871329692627355,0.5507340614745289,0.5871329692627355,stop,-1.0,-1.0622589914853593,73,18.25,0.012132969262735549
ADA,2024-02-20 04:00:00+00:00,2024-02-20 04:00:00+00:00,2024-02-21 04:00:00+00:00,-1,0.626,0.6466186460961145,0.584762707807771,0.6127,tempo,0.6450472032936388,0.6059973551005644,96,24.0,0.020618646096114523
ADA,2024-02-23 20:00:00+00:00,2024-02-23 20:00:00+00:00,2024-02-24 20:00:00+00:00,1,0.5917,0.5642591256793824,0.6465817486412352,0.5942,tempo,0.09110496884283245,0.06301420937964596,96,24.0,0.027440874320617592
ADA,2024-02-28 12:00:00+00:00,2024-02-28 12:00:00+00:00,2024-02-28 15:30:00+00:00,-1,0.6257,0.6508263665942928,0.5754472668114144,0.6508263665942928,stop,-1.0,-1.033022766549731,14,3.5,0.025126366594292793
ADA,2024-02-28 20:00:00+00:00,2024-02-28 20:00:00+00:00,2024-02-29 06:15:00+00:00,1,0.6186,0.5877442783611325,0.6803114432777351,0.6803114432777351,alvo,2.0,1.9726374107203828,41,10.25,0.030855721638867517
ADA,2024-03-15 12:00:00+00:00,2024-03-15 12:00:00+00:00,2024-03-16 12:00:00+00:00,1,0.7017,0.6578586559245359,0.7893826881509283,0.719,tempo,0.3946046902718466,0.3735411252860091,96,24.0,0.04384134407546414
ADA,2024-03-19 04:00:00+00:00,2024-03-19 04:00:00+00:00,2024-03-19 07:00:00+00:00,1,0.6356,0.6132639248536312,0.6802721502927377,0.6132639248536312,stop,-1.0,-1.036343070384361,12,3.0,0.022336075146368817
ADA,2024-03-19 12:00:00+00:00,2024-03-19 12:00:00+00:00,2024-03-19 23:15:00+00:00,1,0.6176,0.5829984033125208,0.6868031933749584,0.5829984033125208,stop,-1.0,-1.0225535535022152,45,11.25,0.0346015966874792
ADA,2024-03-21 20:00:00+00:00,2024-03-21 20:00:00+00:00,2024-03-22 20:00:00+00:00,-1,0.6329,0.6546858802450377,0.5893282395099246,0.6133,tempo,0.8996652776728853,0.8624838559956728,96,24.0,0.021785880245037692
ADA,2024-03-29 16:00:00+00:00,2024-03-29 16:00:00+00:00,2024-03-30 16:00:00+00:00,-1,0.6502,0.6730477387041033,0.6045045225917934,0.6512,tempo,-0.04376800754555235,-0.0807918028084105,96,24.0,0.022847738704103282
ADA,2024-04-04 08:00:00+00:00,2024-04-04 08:00:00+00:00,2024-04-05 08:00:00+00:00,1,0.5762,0.5557189285383042,0.6171621429233918,0.5722,tempo,-0.1953022822795618,-0.2317486176871622,96,24.0,0.020481071461695866
ADA,2024-04-09 16:00:00+00:00,2024-04-09 16:00:00+00:00,2024-04-10 12:45:00+00:00,-1,0.6062,0.6288668260045585,0.560866347990883,0.560866347990883,alvo,2.0,1.9665328914581373,83,20.75,0.022666826004558494
ADA,2024-04-14 00:00:00+00:00,2024-04-14 00:00:00+00:00,2024-04-15 00:00:00+00:00,1,0.4448,0.3859443294152554,0.5625113411694891,0.4671,tempo,0.37889297290209145,0.36882198069163763,96,24.0,0.05885567058474456
ADA,2024-04-26 04:00:00+00:00,2024-04-26 04:00:00+00:00,2024-04-27 00:45:00+00:00,1,0.4728,0.4581173538836857,0.5021652922326286,0.4581173538836857,stop,-1.0,-1.0412116641122375,83,20.75,0.014682646116314313
ADA,2024-04-30 16:00:00+00:00,2024-04-30 16:00:00+00:00,2024-05-01 08:30:00+00:00,1,0.4357,0.42193902004959566,0.4632219599008086,0.42193902004959566,stop,-1.0,-1.0405105860949866,66,16.5,0.013760979950404317
ADA,2024-05-02 16:00:00+00:00,2024-05-02 16:00:00+00:00,2024-05-03 14:15:00+00:00,-1,0.4573,0.4650213206802881,0.4418573586394237,0.4650213206802881,stop,-1.0,-1.0776433052408614,89,22.25,0.007721320680288135
ADA,2024-05-04 12:00:00+00:00,2024-05-04 12:00:00+00:00,2024-05-05 12:00:00+00:00,-1,0.4685,0.4780220263905343,0.44945594721893145,0.4581,tempo,1.0922044923482372,1.02895219968512,96,24.0,0.009522026390534288
ADA,2024-05-06 12:00:00+00:00,2024-05-06 12:00:00+00:00,2024-05-07 12:00:00+00:00,-1,0.4651,0.47856180545437793,0.4381763890912442,0.4485,tempo,1.2331183997761246,1.1890054461301576,96,24.0,0.013461805454377918
ADA,2024-05-08 04:00:00+00:00,2024-05-08 04:00:00+00:00,2024-05-08 15:15:00+00:00,1,0.444,0.4336407750240789,0.46471844995184225,0.46471844995184225,alvo,2.0,1.942981546028623,45,11.25,0.010359224975921122
ADA,2024-05-08 20:00:00+00:00,2024-05-08 20:00:00+00:00,2024-05-09 11:00:00+00:00,-1,0.464,0.4721395204179103,0.4477209591641795,0.4477209591641795,alvo,2.0,1.927192439722528,60,15.0,0.008139520417910273
ADA,2024-05-20 08:00:00+00:00,2024-05-20 08:00:00+00:00,2024-05-20 19:45:00+00:00,1,0.467,0.4577700379227376,0.4854599241545248,0.4854599241545248,alvo,2.0,1.9329250818672847,47,11.75,0.0092299620772624
ADA,2024-05-21 04:00:00+00:00,2024-05-21 04:00:00+00:00,2024-05-22 04:00:00+00:00,-1,0.4986,0.5133911142488506,0.4690177715022987,0.4921,tempo,0.4394530317758237,0.39591641991779286,96,24.0,0.014791114248850656
ADA,2024-05-23 20:00:00+00:00,2024-05-23 20:00:00+00:00,2024-05-23 20:15:00+00:00,1,0.4602,0.45014875298793,0.48030249402414,0.45014875298793,stop,-1.0,-1.058870972798856,1,0.25,0.010051247012069997
ADA,2024-05-24 00:00:00+00:00,2024-05-24 00:00:00+00:00,2024-05-25 00:00:00+00:00,1,0.4658,0.43773424573324315,0.5219315085335137,0.4601,tempo,-0.20309448824439705,-0.22453823760098776,96,24.0,0.028065754266756837
ADA,2024-05-27 20:00:00+00:00,2024-05-27 20:00:00+00:00,2024-05-28 20:00:00+00:00,-1,0.465,0.47721432458715324,0.4405713508256936,0.4583,tempo,0.5485362659386805,0.499401743950357,96,24.0,0.012214324587153214
ADA,2024-06-02 20:00:00+00:00,2024-06-02 20:00:00+00:00,2024-06-03 08:45:00+00:00,1,0.4451,0.43919213812411645,0.4569157237517671,0.4569157237517671,alvo,2.0,1.9007576289432184,51,12.75,0.005907861875883547
ADA,2024-06-07 16:00:00+00:00,2024-06-07 16:00:00+00:00,2024-06-07 18:15:00+00:00,-1,0.4793,0.49342908343512837,0.4510418331297433,0.4510418331297433,alvo,2.0,1.957200182565923,9,2.25,0.014129083435128365
ADA,2024-06-11 04:00:00+00:00,2024-06-11 04:00:00+00:00,2024-06-11 07:00:00+00:00,1,0.4347,0.4264448484819446,0.45121030303611076,0.4264448484819446,stop,-1.0,-1.0678054364343295,12,3.0,0.008255151518055392
ADA,2024-06-17 08:00:00+00:00,2024-06-17 08:00:00+00:00,2024-06-17 10:00:00+00:00,1,0.4102,0.40443151296169805,0.42173697407660393,0.40443151296169805,stop,-1.0,-1.091793650555029,8,2.0,0.0057684870383019615
ADA,2024-06-24 12:00:00+00:00,2024-06-24 12:00:00+00:00,2024-06-25 12:00:00+00:00,1,0.3724,0.356329484394286,0.404541031211428,0.3929,tempo,1.2756280198446837,1.244674128121189,96,24.0,0.016070515605713986
ADA,2024-06-28 20:00:00+00:00,2024-06-28 20:00:00+00:00,2024-06-29 03:30:00+00:00,-1,0.3936,0.39897749186545867,0.3828450162690827,0.39897749186545867,stop,-1.0,-1.0958021662518327,30,7.5,0.005377491865458661
ADA,2024-07-05 08:00:00+00:00,2024-07-05 08:00:00+00:00,2024-07-06 08:00:00+00:00,1,0.3309,0.3111804542856878,0.3703390914286245,0.353,tempo,1.1207154728701494,1.0981726107555643,96,24.0,0.019719545714312225
ADA,2024-07-08 16:00:00+00:00,2024-07-08 16:00:00+00:00,2024-07-09 16:00:00+00:00,-1,0.3608,0.3842518833488454,0.3138962333023092,0.374,tempo,-0.5628545820244266,-0.5832205369840104,96,24.0,0.023451883348845404
ADA,2024-07-11 16:00:00+00:00,2024-07-11 16:00:00+00:00,2024-07-12 13:30:00+00:00,-1,0.3932,0.40736814120301806,0.36486371759396385,0.40736814120301806,stop,-1.0,-1.0367281271640005,86,21.5,0.01416814120301807
ADA,2024-07-19 04:00:00+00:00,2024-07-19 04:00:00+00:00,2024-07-20 04:00:00+00:00,1,0.426,0.41155258417768953,0.4548948316446209,0.4385,tempo,0.865206633057301,0.826312134074843,96,24.0,0.014447415822310461
ADA,2024-07-26 00:00:00+00:00,2024-07-26 00:00:00+00:00,2024-07-27 00:00:00+00:00,1,0.3946,0.37866735838407295,0.4264652832318541,0.417,tempo,1.4059187760558065,1.3728081335950708,96,24.0,0.015932641615927057
ADA,2024-07-30 04:00:00+00:00,2024-07-30 04:00:00+00:00,2024-07-30 19:30:00+00:00,1,0.4043,0.39586046813380793,0.4211790637323841,0.39586046813380793,stop,-1.0,-1.0616271509525856,62,15.5,0.008439531866192063
ADA,2024-08-01 08:00:00+00:00,2024-08-01 08:00:00+00:00,2024-08-01 16:15:00+00:00,1,0.3851,0.3758938656416095,0.40351226871678103,0.3758938656416095,stop,-1.0,-1.053730044925558,33,8.25,0.009206134358390516
ADA,2024-08-01 20:00:00+00:00,2024-08-01 20:00:00+00:00,2024-08-02 15:15:00+00:00,1,0.3779,0.36502138702633713,0.4036572259473258,0.36502138702633713,stop,-1.0,-1.037496188646608,77,19.25,0.012878612973662884
ADA,2024-08-03 04:00:00+00:00,2024-08-03 04:00:00+00:00,2024-08-03 17:45:00+00:00,1,0.3663,0.35082858976665166,0.39724282046669673,0.35082858976665166,stop,-1.0,-1.030128706841706,55,13.75,0.01547141023334836
ADA,2024-08-04 20:00:00+00:00,2024-08-04 20:00:00+00:00,2024-08-05 01:00:00+00:00,1,0.3504,0.33045319258445083,0.3902936148310983,0.33045319258445083,stop,-1.0,-1.0221867372537476,20,5.0,0.01994680741554916
ADA,2024-08-05 08:00:00+00:00,2024-08-05 08:00:00+00:00,2024-08-06 08:00:00+00:00,1,0.3076,0.26936923154557935,0.38406153690884126,0.3334,tempo,0.6748491082715008,0.6639508183117597,96,24.0,0.03823076845442064
ADA,2024-08-14 16:00:00+00:00,2024-08-14 16:00:00+00:00,2024-08-15 16:00:00+00:00,-1,0.3376,0.3474061853496712,0.3179876293006576,0.3382,tempo,-0.06118587183548464,-0.10598106837077433,96,24.0,0.009806185349671204
ADA,2024-08-28 20:00:00+00:00,2024-08-28 20:00:00+00:00,2024-08-29 20:00:00+00:00,1,0.3516,0.33756890319827354,0.379662193603453,0.3541,tempo,0.17817566476288474,0.14548363744086115,96,24.0,0.014031096801726484
ADA,2024-09-05 16:00:00+00:00,2024-09-05 16:00:00+00:00,2024-09-06 16:00:00+00:00,-1,0.3259,0.3417837538178119,0.2941324923643763,0.3172,tempo,0.547729466207412,0.5214123245043442,96,24.0,0.015883753817811874
ADA,2024-09-13 20:00:00+00:00,2024-09-13 20:00:00+00:00,2024-09-14 20:00:00+00:00,-1,0.3587,0.3665650365311877,0.3429699269376246,0.3526,tempo,0.7755844458968884,0.7167995949725937,96,24.0,0.007865036531187697
ADA,2024-09-15 16:00:00+00:00,2024-09-15 16:00:00+00:00,2024-09-15 16:30:00+00:00,1,0.3486,0.3441922821899931,0.3574154356200139,0.3441922821899931,stop,-1.0,-1.1021651119318792,2,0.5,0.004407717810006928
ADA,2024-09-23 00:00:00+00:00,2024-09-23 00:00:00+00:00,2024-09-24 00:00:00+00:00,1,0.3515,0.34074732450478745,0.37300535099042503,0.3636,tempo,1.125301326668637,1.082073480705374,96,24.0,0.010752675495212527
ADA,2024-10-14 04:00:00+00:00,2024-10-14 04:00:00+00:00,2024-10-15 04:00:00+00:00,1,0.3559,0.3402124849630109,0.38727503007397823,0.3599,tempo,0.2549798352746451,0.22532121828508656,96,24.0,0.01568751503698912
ADA,2024-10-15 12:00:00+00:00,2024-10-15 12:00:00+00:00,2024-10-15 14:00:00+00:00,-1,0.3551,0.3691135692203877,0.3270728615592247,0.3691135692203877,stop,-1.0,-1.033591643398628,8,2.0,0.014013569220387656
ADA,2024-11-01 16:00:00+00:00,2024-11-01 16:00:00+00:00,2024-11-02 16:00:00+00:00,-1,0.3526,0.3642696826279498,0.3292606347441005,0.3543,tempo,-0.14567662670862636,-0.1850508766046346,96,24.0,0.011669682627949762
ADA,2024-11-05 20:00:00+00:00,2024-11-05 20:00:00+00:00,2024-11-06 01:00:00+00:00,-1,0.3298,0.33978487939749963,0.3098302412050007,0.33978487939749963,stop,-1.0,-1.043588926243552,20,5.0,0.009984879397499646
ADA,2024-11-06 08:00:00+00:00,2024-11-06 08:00:00+00:00,2024-11-07 01:30:00+00:00,-1,0.3598,0.3686845902553834,0.3420308194892332,0.3686845902553834,stop,-1.0,-1.0532962095105156,70,17.5,0.008884590255383407
ADA,2024-11-08 20:00:00+00:00,2024-11-08 20:00:00+00:00,2024-11-09 20:00:00+00:00,-1,0.4438,0.4639568643583641,0.40348627128327175,0.4397,tempo,0.20340465298109192,0.17491435856872198,96,24.0,0.020156864358364113
ADA,2024-11-10 12:00:00+00:00,2024-11-10 12:00:00+00:00,2024-11-10 12:30:00+00:00,-1,0.5882,0.607860226749384,0.5488795465012318,0.607860226749384,stop,-1.0,-1.0395437528415818,2,0.5,0.019660226749384058
ADA,2024-11-15 08:00:00+00:00,2024-11-15 08:00:00+00:00,2024-11-15 13:00:00+00:00,-1,0.5903,0.6377776499980942,0.4953447000038118,0.6377776499980942,stop,-1.0,-1.0168131841515071,20,5.0,0.04747764999809412
ADA,2024-11-16 12:00:00+00:00,2024-11-16 12:00:00+00:00,2024-11-16 15:15:00+00:00,-1,0.7529,0.7986130503739525,0.6614738992520951,0.7986130503739525,stop,-1.0,-1.0220611723456046,13,3.25,0.04571305037395246
ADA,2024-12-02 04:00:00+00:00,2024-12-02 04:00:00+00:00,2024-12-02 15:45:00+00:00,-1,1.1406,1.207754642857067,1.0062907142858664,1.207754642857067,stop,-1.0,-1.0227300816878138,47,11.75,0.06715464285706685
ADA,2024-12-02 20:00:00+00:00,2024-12-02 20:00:00+00:00,2024-12-03 01:30:00+00:00,-1,1.2197,1.266483941583317,1.1261321168333662,1.266483941583317,stop,-1.0,-1.034542184932221,22,5.5,0.04678394158331689
ADA,2024-12-05 04:00:00+00:00,2024-12-05 04:00:00+00:00,2024-12-06 04:00:00+00:00,1,1.1834,1.0988571268203482,1.3524857463593036,1.1894,tempo,0.07096990880887302,0.052726857183189535,96,24.0,0.08454287317965181
ADA,2024-12-19 04:00:00+00:00,2024-12-19 04:00:00+00:00,2024-12-19 18:00:00+00:00,1,0.9767,0.9031764147698549,1.1237471704602902,0.9031764147698549,stop,-1.0,-1.0166194244442177,56,14.0,0.07352358523014513
ADA,2024-12-29 16:00:00+00:00,2024-12-29 16:00:00+00:00,2024-12-30 16:00:00+00:00,-1,0.8834,0.9173652632478646,0.8154694735042707,0.8399,tempo,1.2807202371009088,1.2477411021586697,96,24.0,0.03396526324786464
ADA,2025-01-03 16:00:00+00:00,2025-01-03 16:00:00+00:00,2025-01-03 16:30:00+00:00,-1,1.0859,1.1125382549412828,1.0326234901174347,1.1125382549412828,stop,-1.0,-1.0536440870042603,2,0.5,0.02663825494128269
ADA,2025-01-04 00:00:00+00:00,2025-01-04 00:00:00+00:00,2025-01-05 00:00:00+00:00,-1,1.0894,1.1300033953586146,1.0081932092827706,1.0707,tempo,0.46055261720944785,0.42597262734409036,96,24.0,0.04060339535861468
ADA,2025-01-09 16:00:00+00:00,2025-01-09 16:00:00+00:00,2025-01-10 16:00:00+00:00,1,0.9285,0.8683296485959324,1.048840702808135,0.9287,tempo,0.0033238961603680745,-0.016738808673999794,96,24.0,0.06017035140406757
ADA,2025-01-15 12:00:00+00:00,2025-01-15 12:00:00+00:00,2025-01-15 13:45:00+00:00,-1,1.0022,1.0679246877167072,0.8707506245665855,1.0679246877167072,stop,-1.0,-1.020472992626693,7,1.75,0.06572468771670725
ADA,2025-01-15 20:00:00+00:00,2025-01-15 20:00:00+00:00,2025-01-16 12:30:00+00:00,-1,1.0625,1.0929363180430032,1.0016273639139937,1.0929363180430032,stop,-1.0,-1.0460316390684459,66,16.5,0.030436318043003174
ADA,2025-01-17 20:00:00+00:00,2025-01-17 20:00:00+00:00,2025-01-17 21:00:00+00:00,-1,1.1378,1.1607441388067754,1.091911722386449,1.1607441388067754,stop,-1.0,-1.065117008871268,4,1.0,0.022944138806775483
ADA,2025-02-03 00:00:00+00:00,2025-02-03 00:00:00+00:00,2025-02-03 00:45:00+00:00,1,0.8042,0.7374216103741547,0.9377567792516908,0.7374216103741547,stop,-1.0,-1.0150056635441143,3,0.75,0.06677838962584537
ADA,2025-02-14 00:00:00+00:00,2025-02-14 00:00:00+00:00,2025-02-15 00:00:00+00:00,-1,0.8102,0.8381478235640248,0.7543043528719504,0.7992,tempo,0.3935905769120249,0.356159755238076,96,24.0,0.02794782356402481
ADA,2025-02-17 08:00:00+00:00,2025-02-17 08:00:00+00:00,2025-02-17 14:15:00+00:00,-1,0.7936,0.8233614487365083,0.7340771025269833,0.8233614487365083,stop,-1.0,-1.035314979152525,25,6.25,0.029761448736508322
ADA,2025-02-25 12:00:00+00:00,2025-02-25 12:00:00+00:00,2025-02-26 12:00:00+00:00,1,0.6598,0.6205901716658363,0.7382196566683276,0.6799,tempo,0.512626574865329,0.49041772986405513,96,24.0,0.039209828334163754
ADA,2025-03-03 04:00:00+00:00,2025-03-03 04:00:00+00:00,2025-03-04 01:30:00+00:00,-1,1.07,1.2009534046445256,0.808093190710949,0.808093190710949,alvo,2.0,1.9906779012177966,86,21.5,0.13095340464452554
ADA,2025-03-20 16:00:00+00:00,2025-03-20 16:00:00+00:00,2025-03-21 16:00:00+00:00,-1,0.7252,0.7604777099301437,0.6546445801397124,0.7032,tempo,0.6236232466212763,0.5973046448231858,96,24.0,0.035277709930143786
ADA,2025-03-25 00:00:00+00:00,2025-03-25 00:00:00+00:00,2025-03-25 06:45:00+00:00,-1,0.7317,0.74871612256246,0.69766775487508,0.74871612256246,stop,-1.0,-1.056550514145244,27,6.75,0.01701612256245999
ADA,2025-03-25 08:00:00+00:00,2025-03-25 08:00:00+00:00,2025-03-25 10:00:00+00:00,-1,0.7346,0.753254280958667,0.6972914380826661,0.753254280958667,stop,-1.0,-1.051843610845467,8,2.0,0.018654280958666947
ADA,2025-03-25 16:00:00+00:00,2025-03-25 16:00:00+00:00,2025-03-26 08:15:00+00:00,-1,0.7561,0.7735547325166978,0.7211905349666043,0.7735547325166978,stop,-1.0,-1.056963094403463,65,16.25,0.017454732516697824
ADA,2025-03-28 12:00:00+00:00,2025-03-28 12:00:00+00:00,2025-03-28 17:00:00+00:00,1,0.7034,0.6891494940830306,0.7319010118339389,0.6891494940830306,stop,-1.0,-1.0635175464245177,20,5.0,0.014250505916969414
ADA,2025-03-31 00:00:00+00:00,2025-03-31 00:00:00+00:00,2025-03-31 01:00:00+00:00,1,0.6607,0.6462087253135648,0.6896825493728703,0.6462087253135648,stop,-1.0,-1.058620838389669,4,1.0,0.014491274686435185
ADA,2025-03-31 12:00:00+00:00,2025-03-31 12:00:00+00:00,2025-04-01 09:00:00+00:00,1,0.6436,0.6240158148480108,0.6827683703039782,0.6827683703039782,alvo,2.0,1.9559777731875652,84,21.0,0.01958418515198912
DOGE,2023-01-05 04:00:00+00:00,2023-01-05 04:00:00+00:00,2023-01-05 06:00:00+00:00,-1,0.07292,0.075003746300166,0.068752507399668,0.075003746300166,stop,-1.0,-1.0461430621796175,8,2.0,0.0020837463001660006
DOGE,2023-01-05 08:00:00+00:00,2023-01-05 08:00:00+00:00,2023-01-06 08:00:00+00:00,-1,0.07381,0.07574023357660978,0.06994953284678045,0.07097,tempo,1.4713245248733644,1.4225703216824286,96,24.0,0.0019302335766097772
DOGE,2023-01-09 20:00:00+00:00,2023-01-09 20:00:00+00:00,2023-01-10 20:00:00+00:00,-1,0.07684,0.08028994073292779,0.06994011853414443,0.07716,tempo,-0.09275521661742675,-0.12177020781556548,96,24.0,0.0034499407329277865
DOGE,2023-01-12 16:00:00+00:00,2023-01-12 16:00:00+00:00,2023-01-13 16:00:00+00:00,1,0.07726,0.0730202556389489,0.08573948872210219,0.08039,tempo,0.7382520580141851,0.7140825583289269,96,24.0,0.004239744361051095
DOGE,2023-01-18 16:00:00+00:00,2023-01-18 16:00:00+00:00,2023-01-19 16:00:00+00:00,-1,0.08481,0.09058173505159545,0.0732665298968091,0.08097,tempo,0.6653112046330896,0.6466414287274521,96,24.0,0.00577173505159545
DOGE,2023-01-25 04:00:00+00:00,2023-01-25 04:00:00+00:00,2023-01-26 04:00:00+00:00,1,0.08413,0.08079314052290144,0.0908037189541971,0.08641,tempo,0.6832771999084891,0.6500570416246927,96,24.0,0.0033368594770985527
DOGE,2023-01-31 04:00:00+00:00,2023-01-31 04:00:00+00:00,2023-01-31 16:45:00+00:00,-1,0.09167,0.09585774750086884,0.08329450499826233,0.09585774750086884,stop,-1.0,-1.0291070643228313,51,12.75,0.004187747500868838
DOGE,2023-02-10 00:00:00+00:00,2023-02-10 00:00:00+00:00,2023-02-11 00:00:00+00:00,1,0.08143,0.07779815347553448,0.08869369304893104,0.0808,tempo,-0.17346547982027385,-0.20250015936679416,96,24.0,0.0036318465244655207
DOGE,2023-02-13 12:00:00+00:00,2023-02-13 12:00:00+00:00,2023-02-14 12:00:00+00:00,1,0.08095,0.07875712446549978,0.08533575106900043,0.08159,tempo,0.29185422972301295,0.24367502468478489,96,24.0,0.0021928755345002188
DOGE,2023-02-28 20:00:00+00:00,2023-02-28 20:00:00+00:00,2023-03-01 20:00:00+00:00,-1,0.08126,0.08351968734965173,0.07674062530069653,0.08114,tempo,0.05310469168156809,0.006390264565680127,96,24.0,0.0022596873496517345
DOGE,2023-03-10 12:00:00+00:00,2023-03-10 12:00:00+00:00,2023-03-11 12:00:00+00:00,1,0.06402,0.06188939068726391,0.06828121862547216,0.06466,tempo,0.3003835551521769,0.26112624058961703,96,24.0,0.0021306093127360856
DOGE,2023-03-22 20:00:00+00:00,2023-03-22 20:00:00+00:00,2023-03-23 15:30:00+00:00,-1,0.07202,0.07894228812073247,0.05817542375853507,0.07894228812073247,stop,-1.0,-1.0141752966023745,78,19.5,0.006922288120732464
DOGE,2023-03-23 16:00:00+00:00,2023-03-23 16:00:00+00:00,2023-03-24 12:00:00+00:00,-1,0.07794,0.0802713871601257,0.07327722567974858,0.07327722567974858,alvo,2.0,1.9578400368789297,80,20.0,0.0023313871601257086
DOGE,2023-03-30 04:00:00+00:00,2023-03-30 04:00:00+00:00,2023-03-31 04:00:00+00:00,-1,0.07498,0.07731447341947993,0.07031105316104015,0.07464,tempo,0.14564312326835235,0.10398362130595006,96,24.0,0.0023344734194799266
DOGE,2023-04-02 00:00:00+00:00,2023-04-02 00:00:00+00:00,2023-04-02 00:45:00+00:00,-1,0.08182,0.08396266898205713,0.07753466203588574,0.08396266898205713,stop,-1.0,-1.0502918256346252,3,0.75,0.0021426689820571304
DOGE,2023-04-14 08:00:00+00:00,2023-04-14 08:00:00+00:00,2023-04-15 08:00:00+00:00,-1,0.08958,0.09207943351124122,0.08458113297751758,0.08925,tempo,0.13202991738561343,0.08552357925850887,96,24.0,0.0024994335112412114
DOGE,2023-04-16 20:00:00+00:00,2023-04-16 20:00:00+00:00,2023-04-17 07:30:00+00:00,-1,0.09037,0.09237553036594219,0.08635893926811564,0.09237553036594219,stop,-1.0,-1.0592285196749232,46,11.5,0.0020055303659421847
DOGE,2023-04-17 12:00:00+00:00,2023-04-17 12:00:00+00:00,2023-04-18 12:00:00+00:00,-1,0.09329,0.09574150302456108,0.08838699395087783,0.09359,tempo,-0.12237390572003091,-0.17192391597210815,96,24.0,0.002451503024561083
DOGE,2023-04-27 00:00:00+00:00,2023-04-27 00:00:00+00:00,2023-04-28 00:00:00+00:00,1,0.07853,0.07390756417021277,0.08777487165957447,0.0801,tempo,0.33964776533680247,0.31734145243234707,96,24.0,0.004622435829787233
DOGE,2023-05-17 12:00:00+00:00,2023-05-17 12:00:00+00:00,2023-05-17 19:00:00+00:00,-1,0.07261,0.07484268034263895,0.06814463931472207,0.07484268034263895,stop,-1.0,-1.0429278837603015,28,7.0,0.0022326803426389596
DOGE,2023-05-25 04:00:00+00:00,2023-05-25 04:00:00+00:00,2023-05-26 04:00:00+00:00,1,0.07018,0.06798691030334227,0.07456617939331549,0.07068,tempo,0.22798885096309482,0.18623998855243484,96,24.0,0.0021930896966577407
DOGE,2023-05-29 04:00:00+00:00,2023-05-29 04:00:00+00:00,2023-05-30 04:00:00+00:00,-1,0.07317,0.0742344263461015,0.071041147307797,0.07317,tempo,-0.0,-0.08936362797518488,96,24.0,0.0010644263461015019
DOGE,2023-05-31 04:00:00+00:00,2023-05-31 04:00:00+00:00,2023-05-31 05:00:00+00:00,1,0.0724,0.07120225335339431,0.0747954932932114,0.07120225335339431,stop,-1.0,-1.0779308920999506,4,1.0,0.001197746646605699
DOGE,2023-06-05 00:00:00+00:00,2023-06-05 00:00:00+00:00,2023-06-05 15:30:00+00:00,-1,0.07246,0.07350217255015579,0.07037565489968842,0.07037565489968842,alvo,2.0,1.910913815883062,62,15.5,0.00104217255015579
DOGE,2023-06-10 04:00:00+00:00,2023-06-10 04:00:00+00:00,2023-06-10 04:30:00+00:00,-1,0.06772,0.07262907259976381,0.057901854800472385,0.057901854800472385,alvo,2.0,1.9833666738552134,2,0.5,0.0049090725997638085
DOGE,2023-06-13 16:00:00+00:00,2023-06-13 16:00:00+00:00,2023-06-14 16:00:00+00:00,-1,0.06065,0.06317777448248033,0.055594451035039356,0.06177,tempo,-0.443077500687886,-0.4745569702970264,96,24.0,0.002527774482480323
DOGE,2023-06-23 20:00:00+00:00,2023-06-23 20:00:00+00:00,2023-06-24 20:00:00+00:00,-1,0.06832,0.07061144391908478,0.06373711216183046,0.06668,tempo,0.7157059294975185,0.6774112982088556,96,24.0,0.0022914439190847707
DOGE,2023-06-27 00:00:00+00:00,2023-06-27 00:00:00+00:00,2023-06-28 00:00:00+00:00,1,0.06467,0.06267087145600339,0.06866825708799323,0.06553,tempo,0.4301874447156391,0.3878539988478663,96,24.0,0.0019991285439966144
DOGE,2023-07-04 20:00:00+00:00,2023-07-04 20:00:00+00:00,2023-07-05 20:00:00+00:00,-1,0.06872,0.07237813914143104,0.06140372171713793,0.06681,tempo,0.5221233873714356,0.4980416079218059,96,24.0,0.0036581391414310382
DOGE,2023-07-15 12:00:00+00:00,2023-07-15 12:00:00+00:00,2023-07-16 02:30:00+00:00,-1,0.07395,0.07597660133608483,0.06989679732783034,0.06989679732783034,alvo,2.0,1.9538634379647049,58,14.5,0.0020266013360848295
DOGE,2023-07-17 12:00:00+00:00,2023-07-17 12:00:00+00:00,2023-07-18 12:00:00+00:00,1,0.06932,0.0666622981882153,0.07463540362356942,0.06794,tempo,-0.5192456105801068,-0.5528155918339809,96,24.0,0.0026577018117847073
DOGE,2023-07-20 12:00:00+00:00,2023-07-20 12:00:00+00:00,2023-07-21 12:00:00+00:00,-1,0.07229,0.07436403595770569,0.0681419280845886,0.07205,tempo,0.11571641229666965,0.07048045597131014,96,24.0,0.0020740359577056944
DOGE,2023-07-25 08:00:00+00:00,2023-07-25 08:00:00+00:00,2023-07-25 16:45:00+00:00,-1,0.07676,0.07925323031578539,0.0717735393684292,0.07925323031578539,stop,-1.0,-1.0406735787958343,35,8.75,0.002493230315785397
DOGE,2023-08-05 16:00:00+00:00,2023-08-05 16:00:00+00:00,2023-08-06 16:00:00+00:00,-1,0.07521,0.07749503418129756,0.07063993163740487,0.07441,tempo,0.3501041719847324,0.3075433206871932,96,24.0,0.0022850341812975655
DOGE,2023-08-14 04:00:00+00:00,2023-08-14 04:00:00+00:00,2023-08-14 18:15:00+00:00,1,0.07477,0.0735639226419217,0.07718215471615661,0.0735639226419217,stop,-1.0,-1.0799426745485667,57,14.25,0.001206077358078303
DOGE,2023-08-14 20:00:00+00:00,2023-08-14 20:00:00+00:00,2023-08-14 20:15:00+00:00,1,0.07411,0.07334493256229037,0.07564013487541925,0.07564013487541925,alvo,2.0,1.8727725389013798,1,0.25,0.0007650674377096267
DOGE,2023-08-15 16:00:00+00:00,2023-08-15 16:00:00+00:00,2023-08-15 18:15:00+00:00,1,0.07365,0.07300978267662864,0.0749304346467427,0.07300978267662864,stop,-1.0,-1.1489007798755133,9,2.25,0.000640217323371356
DOGE,2023-08-17 04:00:00+00:00,2023-08-17 04:00:00+00:00,2023-08-17 15:45:00+00:00,1,0.06816,0.06531205658959269,0.07385588682081462,0.06531205658959269,stop,-1.0,-1.030462977763602,47,11.75,0.002847943410407311
DOGE,2023-08-17 20:00:00+00:00,2023-08-17 20:00:00+00:00,2023-08-17 21:45:00+00:00,1,0.06609,0.0637202877433568,0.0708294245132864,0.0637202877433568,stop,-1.0,-1.0356063006369833,7,1.75,0.0023697122566432027
DOGE,2023-08-23 08:00:00+00:00,2023-08-23 08:00:00+00:00,2023-08-24 08:00:00+00:00,-1,0.06386,0.0665080193794058,0.0585639612411884,0.06371,tempo,0.05664611111481234,0.025331952070173143,96,24.0,0.0026480193794058
DOGE,2023-08-25 04:00:00+00:00,2023-08-25 04:00:00+00:00,2023-08-26 04:00:00+00:00,1,0.06242,0.061348725816885365,0.06456254836622928,0.06318,tempo,0.7094355599892844,0.6332272453609615,96,24.0,0.0010712741831146386
DOGE,2023-08-27 08:00:00+00:00,2023-08-27 08:00:00+00:00,2023-08-28 05:45:00+00:00,-1,0.06326,0.06388802947197997,0.062003941056040054,0.062003941056040054,alvo,2.0,1.8703539159878428,87,21.75,0.0006280294719799712
DOGE,2023-09-14 20:00:00+00:00,2023-09-14 20:00:00+00:00,2023-09-15 20:00:00+00:00,-1,0.06221,0.06270195828220397,0.06122608343559206,0.06191,tempo,0.6098078045479873,0.4458142243635798,96,24.0,0.0004919582822039692
DOGE,2023-09-17 04:00:00+00:00,2023-09-17 04:00:00+00:00,2023-09-17 20:45:00+00:00,1,0.06193,0.06101012072259341,0.06376975855481318,0.06101012072259341,stop,-1.0,-1.086871267167773,67,16.75,0.0009198792774065892
DOGE,2023-09-19 12:00:00+00:00,2023-09-19 12:00:00+00:00,2023-09-19 15:45:00+00:00,-1,0.06254,0.06315811259570833,0.06130377480858333,0.06315811259570833,stop,-1.0,-1.1321826698800417,15,3.75,0.0006181125957083339
DOGE,2023-09-20 20:00:00+00:00,2023-09-20 20:00:00+00:00,2023-09-21 13:45:00+00:00,1,0.06212,0.061033571354021335,0.06429285729195733,0.061033571354021335,stop,-1.0,-1.0736816188310316,71,17.75,0.0010864286459786668
DOGE,2023-09-22 04:00:00+00:00,2023-09-22 04:00:00+00:00,2023-09-23 04:00:00+00:00,1,0.06159,0.06034512061456549,0.06407975877086902,0.06144,tempo,-0.12049360103078735,-0.18473235454833214,96,24.0,0.001244879385434508
DOGE,2023-09-23 16:00:00+00:00,2023-09-23 16:00:00+00:00,2023-09-24 16:00:00+00:00,-1,0.06124,0.06209777832589472,0.05952444334821057,0.06147,tempo,-0.26813454368888306,-0.3611206889342804,96,24.0,0.0008577783258947175
DOGE,2023-09-27 00:00:00+00:00,2023-09-27 00:00:00+00:00,2023-09-28 00:00:00+00:00,1,0.06059,0.05876566334845935,0.0642386733030813,0.06048,tempo,-0.06029588886848493,-0.10343238998166583,96,24.0,0.0018243366515406506
DOGE,2023-09-28 20:00:00+00:00,2023-09-28 20:00:00+00:00,2023-09-29 06:00:00+00:00,-1,0.06141,0.06182038589259652,0.06058922821480695,0.06182038589259652,stop,-1.0,-1.1951815407771311,40,10.0,0.0004103858925965237
DOGE,2023-09-30 20:00:00+00:00,2023-09-30 20:00:00+00:00,2023-10-01 20:00:00+00:00,-1,0.06229,0.06285264842608518,0.06116470314782964,0.06193,tempo,0.6398311686479301,0.49632592406420806,96,24.0,0.00056264842608518
DOGE,2023-10-02 20:00:00+00:00,2023-10-02 20:00:00+00:00,2023-10-03 20:00:00+00:00,1,0.06215,0.06003659373016885,0.0663768125396623,0.06126,tempo,-0.42112111272912134,-0.4590771371552289,96,24.0,0.0021134062698311487
DOGE,2023-10-12 12:00:00+00:00,2023-10-12 12:00:00+00:00,2023-10-13 12:00:00+00:00,1,0.05805,0.0566090341665448,0.06093193166691039,0.05841,tempo,0.24983243297086313,0.19729891812791478,96,24.0,0.0014409658334551961
DOGE,2023-10-16 16:00:00+00:00,2023-10-16 16:00:00+00:00,2023-10-17 16:00:00+00:00,-1,0.05967,0.062059951538115374,0.054890096923769255,0.05913,tempo,0.22594600408752336,0.19363572550300745,96,24.0,0.002389951538115373
DOGE,2023-10-21 20:00:00+00:00,2023-10-21 20:00:00+00:00,2023-10-22 01:00:00+00:00,-1,0.06099,0.06161185487160965,0.0597462902567807,0.06161185487160965,stop,-1.0,-1.1281508102690716,20,5.0,0.0006218548716096506
DOGE,2023-10-22 04:00:00+00:00,2023-10-22 04:00:00+00:00,2023-10-22 07:45:00+00:00,-1,0.06122,0.06186147592598119,0.05993704814803762,0.05993704814803762,alvo,2.0,1.8772329901924742,15,3.75,0.00064147592598119
DOGE,2023-10-23 08:00:00+00:00,2023-10-23 08:00:00+00:00,2023-10-23 08:45:00+00:00,-1,0.06252,0.0633701004182755,0.060819799163449026,0.0633701004182755,stop,-1.0,-1.0962575285374827,3,0.75,0.0008501004182754901
DOGE,2023-10-23 16:00:00+00:00,2023-10-23 16:00:00+00:00,2023-10-23 22:45:00+00:00,-1,0.06414,0.06590583768535364,0.06060832462929272,0.06590583768535364,stop,-1.0,-1.0478695155260271,27,6.75,0.0017658376853536412
DOGE,2023-10-31 16:00:00+00:00,2023-10-31 16:00:00+00:00,2023-11-01 16:00:00+00:00,-1,0.06725,0.07142582887809494,0.05889834224381013,0.06616,tempo,0.26102602185587614,0.24025972550333952,96,24.0,0.0041758288780949365
DOGE,2023-11-02 12:00:00+00:00,2023-11-02 12:00:00+00:00,2023-11-03 12:00:00+00:00,-1,0.06951,0.07142761844521198,0.06567476310957605,0.06716,tempo,1.2254784083182069,1.179152456342823,96,24.0,0.0019176184452119743
DOGE,2023-11-05 16:00:00+00:00,2023-11-05 16:00:00+00:00,2023-11-06 00:45:00+00:00,-1,0.06994,0.0721839369401608,0.0654521261196784,0.0721839369401608,stop,-1.0,-1.0411689639569304,35,8.75,0.0022439369401607984
DOGE,2023-11-08 20:00:00+00:00,2023-11-08 20:00:00+00:00,2023-11-09 15:30:00+00:00,-1,0.07551,0.0778546065679883,0.07082078686402338,0.0778546065679883,stop,-1.0,-1.0425175786975316,78,19.5,0.0023446065679883082
DOGE,2023-11-09 16:00:00+00:00,2023-11-09 16:00:00+00:00,2023-11-09 16:15:00+00:00,-1,0.07575,0.07855832846294149,0.07013334307411702,0.07013334307411702,alvo,2.0,1.9662346572883231,1,0.25,0.0028083284629414895
DOGE,2023-11-11 12:00:00+00:00,2023-11-11 12:00:00+00:00,2023-11-12 12:00:00+00:00,-1,0.0799,0.08258188143036317,0.07453623713927365,0.0792,tempo,0.26101079342094563,0.22245017741862078,96,24.0,0.0026818814303631727
DOGE,2023-12-03 04:00:00+00:00,2023-12-03 04:00:00+00:00,2023-12-04 04:00:00+00:00,-1,0.08593,0.08786510892253013,0.08205978215493975,0.08642,tempo,-0.2532157204666922,-0.3111078105168614,96,24.0,0.0019351089225301266
DOGE,2023-12-06 04:00:00+00:00,2023-12-06 04:00:00+00:00,2023-12-06 05:15:00+00:00,-1,0.09504,0.09767861922399972,0.08976276155200057,0.09767861922399972,stop,-1.0,-1.0474744902016273,5,1.25,0.0026386192239997164
DOGE,2023-12-25 20:00:00+00:00,2023-12-25 20:00:00+00:00,2023-12-26 17:45:00+00:00,-1,0.09421,0.09602848106770047,0.09057303786459907,0.09057303786459907,alvo,2.0,1.933950934796439,87,21.75,0.001818481067700467
DOGE,2023-12-30 00:00:00+00:00,2023-12-30 00:00:00+00:00,2023-12-31 00:00:00+00:00,1,0.09102,0.08702439415095675,0.09901121169808651,0.09007,tempo,-0.23776118963973486,-0.26722067699837543,96,24.0,0.003995605849043252
DOGE,2024-01-06 08:00:00+00:00,2024-01-06 08:00:00+00:00,2024-01-07 08:00:00+00:00,1,0.08016,0.07774830503097332,0.08498338993805334,0.08073,tempo,0.23634829749221803,0.1929852265636393,96,24.0,0.0024116949690266704
DOGE,2024-01-11 00:00:00+00:00,2024-01-11 00:00:00+00:00,2024-01-11 12:00:00+00:00,-1,0.0831,0.08580419681989818,0.07769160636020363,0.08580419681989818,stop,-1.0,-1.0405990152510671,48,12.0,0.002704196819898183
DOGE,2024-01-11 16:00:00+00:00,2024-01-11 16:00:00+00:00,2024-01-12 16:00:00+00:00,-1,0.08495,0.08877919728039642,0.07729160543920716,0.08272,tempo,0.5823674876759375,0.5539057783359796,96,24.0,0.003829197280396421
DOGE,2024-01-13 00:00:00+00:00,2024-01-13 00:00:00+00:00,2024-01-14 00:00:00+00:00,1,0.08008,0.07607368089390425,0.0880926382121915,0.08093,tempo,0.2121648269871213,0.18604197026291242,96,24.0,0.0040063191060957515
DOGE,2024-01-19 04:00:00+00:00,2024-01-19 04:00:00+00:00,2024-01-19 16:45:00+00:00,1,0.07745,0.07593242112249754,0.08048515775500494,0.07593242112249754,stop,-1.0,-1.0656958100877767,51,12.75,0.0015175788775024651
DOGE,2024-01-19 20:00:00+00:00,2024-01-19 20:00:00+00:00,2024-01-20 20:00:00+00:00,1,0.07843,0.07434577478402449,0.08659845043195102,0.08233,tempo,0.9548934727558824,0.9293086936425098,96,24.0,0.004084225215975512
DOGE,2024-01-29 12:00:00+00:00,2024-01-29 12:00:00+00:00,2024-01-29 13:15:00+00:00,-1,0.08061,0.08277028993604622,0.07628942012790756,0.08277028993604622,stop,-1.0,-1.0491587664629836,5,1.25,0.0021602899360462224
DOGE,2024-01-29 16:00:00+00:00,2024-01-29 16:00:00+00:00,2024-01-30 16:00:00+00:00,-1,0.08217,0.0836033348308886,0.07930333033822283,0.08119,tempo,0.6837202158775858,0.6096384328135603,96,24.0,0.0014333348308885885
DOGE,2024-02-05 04:00:00+00:00,2024-02-05 04:00:00+00:00,2024-02-06 04:00:00+00:00,1,0.07819,0.07700322408939336,0.08056355182121326,0.07847,tempo,0.2359333362748133,0.15013028020507135,96,24.0,0.0011867759106066328
DOGE,2024-02-08 20:00:00+00:00,2024-02-08 20:00:00+00:00,2024-02-09 08:00:00+00:00,-1,0.08023,0.08108291253764464,0.0785241749247107,0.08108291253764464,stop,-1.0,-1.1229356921391094,48,12.0,0.0008529125376446484
DOGE,2024-02-12 08:00:00+00:00,2024-02-12 08:00:00+00:00,2024-02-12 18:15:00+00:00,1,0.08035,0.07919434935065257,0.08266130129869487,0.08266130129869487,alvo,2.0,1.9083136881340539,41,10.25,0.0011556506493474311
DOGE,2024-02-15 00:00:00+00:00,2024-02-15 00:00:00+00:00,2024-02-15 01:15:00+00:00,-1,0.08557,0.08755437755884776,0.08160124488230446,0.08755437755884776,stop,-1.0,-1.056708384405734,5,1.25,0.001984377558847769
DOGE,2024-02-20 04:00:00+00:00,2024-02-20 04:00:00+00:00,2024-02-21 04:00:00+00:00,-1,0.08797,0.09231927084802753,0.07927145830394496,0.08561,tempo,0.5426196901649168,0.5166781004266808,96,24.0,0.0043492708480275255
DOGE,2024-02-27 04:00:00+00:00,2024-02-27 04:00:00+00:00,2024-02-27 07:15:00+00:00,-1,0.08938,0.09136733652386425,0.0854053269522715,0.09136733652386425,stop,-1.0,-1.0591171989895642,13,3.25,0.00198733652386425
DOGE,2024-02-27 16:00:00+00:00,2024-02-27 16:00:00+00:00,2024-02-27 20:00:00+00:00,-1,0.09599,0.09916817352533766,0.0896336529493247,0.09916817352533766,stop,-1.0,-1.039913746615831,16,4.0,0.0031781735253376547
DOGE,2024-02-28 00:00:00+00:00,2024-02-28 00:00:00+00:00,2024-02-28 16:30:00+00:00,-1,0.09769,0.10173807291967531,0.08959385416064938,0.10173807291967531,stop,-1.0,-1.0320222115485476,66,16.5,0.004048072919675308
DOGE,2024-03-02 12:00:00+00:00,2024-03-02 12:00:00+00:00,2024-03-03 12:00:00+00:00,-1,0.14159,0.15397734063089094,0.1168153187382181,0.14159,tempo,-0.0,-0.014859282995817734,96,24.0,0.012387340630890947
DOGE,2024-03-12 20:00:00+00:00,2024-03-12 20:00:00+00:00,2024-03-13 20:00:00+00:00,1,0.16767,0.14900512665141935,0.20499974669716134,0.16912,tempo,0.07768603477345544,0.06595739906767677,96,24.0,0.018664873348580663
DOGE,2024-03-15 12:00:00+00:00,2024-03-15 12:00:00+00:00,2024-03-16 12:00:00+00:00,1,0.16066,0.14750194554766632,0.18697610890466734,0.15817,tempo,-0.18923770296135028,-0.20498771378177555,96,24.0,0.013158054452333673
DOGE,2024-03-17 08:00:00+00:00,2024-03-17 08:00:00+00:00,2024-03-17 16:00:00+00:00,1,0.14097,0.13469944829508132,0.1535111034098374,0.1535111034098374,alvo,2.0,1.9694743419360934,32,8.0,0.006270551704918692
DOGE,2024-03-19 08:00:00+00:00,2024-03-19 08:00:00+00:00,2024-03-20 05:30:00+00:00,1,0.13285,0.12421595333928696,0.15011809332142606,0.12421595333928696,stop,-1.0,-1.019352787428269,86,21.5,0.008634046660713032
DOGE,2024-03-27 08:00:00+00:00,2024-03-27 08:00:00+00:00,2024-03-27 22:45:00+00:00,-1,0.18307,0.19197294129358636,0.16526411741282732,0.19197294129358636,stop,-1.0,-1.0273817274316352,59,14.75,0.008902941293586347
DOGE,2024-03-28 16:00:00+00:00,2024-03-28 16:00:00+00:00,2024-03-28 20:00:00+00:00,-1,0.21764,0.2289859143298154,0.19494817134036918,0.2289859143298154,stop,-1.0,-1.025586906076974,16,4.0,0.01134591432981541
DOGE,2024-04-05 16:00:00+00:00,2024-04-05 16:00:00+00:00,2024-04-06 16:00:00+00:00,1,0.17646,0.16565417828113524,0.19807164343772954,0.18343,tempo,0.6450226721612297,0.623374295380072,96,24.0,0.010805821718864767
DOGE,2024-05-21 16:00:00+00:00,2024-05-21 16:00:00+00:00,2024-05-22 16:00:00+00:00,-1,0.16632,0.17510244982951514,0.1487551003409697,0.16981,tempo,-0.3973834257807158,-0.42226082380076935,96,24.0,0.008782449829515149
DOGE,2024-05-24 00:00:00+00:00,2024-05-24 00:00:00+00:00,2024-05-25 00:00:00+00:00,1,0.15973,0.14838137861400397,0.1824272427719921,0.16388,tempo,0.36568318378486026,0.3471482011781127,96,24.0,0.011348621385996044
DOGE,2024-06-06 16:00:00+00:00,2024-06-06 16:00:00+00:00,2024-06-07 16:00:00+00:00,-1,0.16312,0.16655700847651003,0.1562459830469799,0.16011,tempo,0.8757615876049143,0.8146329923640506,96,24.0,0.003437008476510045
DOGE,2024-06-11 08:00:00+00:00,2024-06-11 08:00:00+00:00,2024-06-11 15:45:00+00:00,1,0.14105,0.1373330024775468,0.14848399504490645,0.1373330024775468,stop,-1.0,-1.0486814829758022,31,7.75,0.0037169975224532192
DOGE,2024-06-12 20:00:00+00:00,2024-06-12 20:00:00+00:00,2024-06-13 20:00:00+00:00,-1,0.14412,0.1519907944475387,0.12837841110492257,0.14194,tempo,0.2769733112115128,0.25334939354483493,96,24.0,0.007870794447538715
DOGE,2024-06-20 12:00:00+00:00,2024-06-20 12:00:00+00:00,2024-06-21 12:00:00+00:00,-1,0.12641,0.12944090923523488,0.12034818152953022,0.12443,tempo,0.6532693150234016,0.5994748964692067,96,24.0,0.0030309092352348854
DOGE,2024-06-25 20:00:00+00:00,2024-06-25 20:00:00+00:00,2024-06-26 12:00:00+00:00,-1,0.12763,0.1294050744570735,0.12407985108585298,0.12407985108585298,alvo,2.0,1.9078284279547664,64,16.0,0.0017750744570735055
DOGE,2024-07-04 16:00:00+00:00,2024-07-04 16:00:00+00:00,2024-07-04 23:45:00+00:00,1,0.10973,0.10436079772271636,0.12046840455456725,0.10436079772271636,stop,-1.0,-1.0259180063132523,31,7.75,0.00536920227728363
DOGE,2024-07-20 20:00:00+00:00,2024-07-20 20:00:00+00:00,2024-07-21 18:15:00+00:00,-1,0.13364,0.1367854887757589,0.1273490224484822,0.1273490224484822,alvo,2.0,1.9460678842986543,89,22.25,0.0031454887757589034
DOGE,2024-07-27 16:00:00+00:00,2024-07-27 16:00:00+00:00,2024-07-28 16:00:00+00:00,-1,0.13451,0.13956196300928617,0.12440607398142764,0.1294,tempo,1.0114880078510369,0.977532592958908,96,24.0,0.005051963009286176
DOGE,2024-08-03 04:00:00+00:00,2024-08-03 04:00:00+00:00,2024-08-03 17:30:00+00:00,1,0.11261,0.10723018896225621,0.12336962207548759,0.10723018896225621,stop,-1.0,-1.0265615505494399,54,13.5,0.0053798110377437924
DOGE,2024-08-04 20:00:00+00:00,2024-08-04 20:00:00+00:00,2024-08-05 01:00:00+00:00,1,0.10473,0.09795549640821453,0.11827900718357094,0.09795549640821453,stop,-1.0,-1.019447265896366,20,5.0,0.006774503591785469
DOGE,2024-08-05 08:00:00+00:00,2024-08-05 08:00:00+00:00,2024-08-06 08:00:00+00:00,1,0.08874,0.07923907999096538,0.10774184001806923,0.09922,tempo,1.1030510718998119,1.0901918961690593,96,24.0,0.009500920009034616
DOGE,2024-08-24 00:00:00+00:00,2024-08-24 00:00:00+00:00,2024-08-25 00:00:00+00:00,-1,0.11288,0.11620504855103436,0.10622990289793126,0.1125,tempo,0.11428404553123885,0.0702254407465276,96,24.0,0.003325048551034368
DOGE,2024-08-26 04:00:00+00:00,2024-08-26 04:00:00+00:00,2024-08-26 12:45:00+00:00,1,0.10929,0.10715583004836207,0.11355833990327585,0.10715583004836207,stop,-1.0,-1.0659224863621846,35,8.75,0.0021341699516379264
DOGE,2024-08-31 00:00:00+00:00,2024-08-31 00:00:00+00:00,2024-09-01 00:00:00+00:00,-1,0.10175,0.10388080606885755,0.09748838786228488,0.10124,tempo,0.23934604253940184,0.1774241708456807,96,24.0,0.0021308060688575575
DOGE,2024-09-23 00:00:00+00:00,2024-09-23 00:00:00+00:00,2024-09-24 00:00:00+00:00,1,0.10627,0.10314272902969951,0.11252454194060099,0.108,tempo,0.5531979852176873,0.5086621898476374,96,24.0,0.003127270970300494
DOGE,2024-09-27 12:00:00+00:00,2024-09-27 12:00:00+00:00,2024-09-27 14:45:00+00:00,-1,0.12261,0.12775854779094686,0.11231290441810626,0.12775854779094686,stop,-1.0,-1.031608826929853,11,2.75,0.005148547790946867
DOGE,2024-10-04 16:00:00+00:00,2024-10-04 16:00:00+00:00,2024-10-05 16:00:00+00:00,-1,0.10819,0.1110243193530614,0.10252136129387719,0.10969,tempo,-0.5292275898196945,-0.5791944363033243,96,24.0,0.0028343193530614014
DOGE,2024-10-10 20:00:00+00:00,2024-10-10 20:00:00+00:00,2024-10-11 10:00:00+00:00,1,0.10449,0.1024579908197072,0.10855401836058559,0.10855401836058559,alvo,2.0,1.9318513846898926,56,14.0,0.002032009180292796
DOGE,2024-10-15 04:00:00+00:00,2024-10-15 04:00:00+00:00,2024-10-16 04:00:00+00:00,-1,0.11629,0.12000744285733542,0.10885511428532918,0.11657,tempo,-0.07532059287676231,-0.11603648436688492,96,24.0,0.0037174428573354124
DOGE,2024-10-17 00:00:00+00:00,2024-10-17 00:00:00+00:00,2024-10-18 00:00:00+00:00,-1,0.12572,0.1312301263639643,0.11469974727207138,0.1296,tempo,-0.7041580798173376,-0.7342768083251535,96,24.0,0.005510126363964307
DOGE,2024-10-18 20:00:00+00:00,2024-10-18 20:00:00+00:00,2024-10-19 01:45:00+00:00,-1,0.13653,0.14209157103576647,0.1254068579284671,0.14209157103576647,stop,-1.0,-1.0325634645334147,23,5.75,0.0055615710357664605
DOGE,2024-10-23 20:00:00+00:00,2024-10-23 20:00:00+00:00,2024-10-24 20:00:00+00:00,1,0.13905,0.13189456055265167,0.15336087889469668,0.14238,tempo,0.46538022220760045,0.4398151257035989,96,24.0,0.0071554394473483385
DOGE,2024-10-28 04:00:00+00:00,2024-10-28 04:00:00+00:00,2024-10-28 12:45:00+00:00,-1,0.14317,0.14735417019993388,0.1348016596001322,0.14735417019993388,stop,-1.0,-1.045132177135849,35,8.75,0.00418417019993389
DOGE,2024-10-29 00:00:00+00:00,2024-10-29 00:00:00+00:00,2024-10-29 00:30:00+00:00,-1,0.16141,0.16418365137648414,0.15586269724703172,0.16418365137648414,stop,-1.0,-1.0763022617727045,2,0.5,0.0027736513764841375
DOGE,2024-10-29 20:00:00+00:00,2024-10-29 20:00:00+00:00,2024-10-30 20:00:00+00:00,-1,0.16982,0.18161196330204793,0.14623607339590414,0.16748,tempo,0.1984402376484344,0.1798474898265409,96,24.0,0.01179196330204793
DOGE,2024-11-10 08:00:00+00:00,2024-11-10 08:00:00+00:00,2024-11-10 09:30:00+00:00,-1,0.22684,0.23540787139760022,0.2097042572047996,0.23540787139760022,stop,-1.0,-1.0350683504064495,6,1.5,0.008567871397600207
DOGE,2024-11-25 16:00:00+00:00,2024-11-25 16:00:00+00:00,2024-11-25 22:45:00+00:00,1,0.41445,0.3899100734610865,0.4635298530778269,0.3899100734610865,stop,-1.0,-1.0213054446972625,27,6.75,0.02453992653891346
DOGE,2024-12-02 04:00:00+00:00,2024-12-02 04:00:00+00:00,2024-12-03 04:00:00+00:00,-1,0.4423,0.4693059939033373,0.3882880121933254,0.42284,tempo,0.7205807743885789,0.699757952536038,96,24.0,0.0270059939033373
DOGE,2024-12-03 16:00:00+00:00,2024-12-03 16:00:00+00:00,2024-12-04 16:00:00+00:00,1,0.40638,0.38298337132544324,0.45317325734911357,0.41337,tempo,0.2987609923305506,0.275986877845439,96,24.0,0.023396628674556774
DOGE,2024-12-10 20:00:00+00:00,2024-12-10 20:00:00+00:00,2024-12-11 20:00:00+00:00,1,0.38482,0.3581230439641686,0.43821391207166277,0.41504,tempo,1.1319642568778319,1.1124897894777956,96,24.0,0.026696956035831387
DOGE,2024-12-19 04:00:00+00:00,2024-12-19 04:00:00+00:00,2024-12-19 18:00:00+00:00,1,0.36383,0.33583090120954967,0.4198281975809006,0.33583090120954967,stop,-1.0,-1.0162426508506524,56,14.0,0.027999098790450316
DOGE,2025-01-04 00:00:00+00:00,2025-01-04 00:00:00+00:00,2025-01-04 03:30:00+00:00,-1,0.37981,0.39260235365313395,0.35422529269373204,0.39260235365313395,stop,-1.0,-1.0392475101524055,14,3.5,0.01279235365313397
DOGE,2025-01-08 04:00:00+00:00,2025-01-08 04:00:00+00:00,2025-01-08 07:00:00+00:00,1,0.35432,0.34133995993228916,0.38028008013542175,0.34133995993228916,stop,-1.0,-1.0348364852186265,12,3.0,0.012980040067710863
DOGE,2025-01-09 16:00:00+00:00,2025-01-09 16:00:00+00:00,2025-01-10 16:00:00+00:00,1,0.33292,0.3140262183858029,0.37070756322839415,0.32826,tempo,-0.2466419955070509,-0.2693884741514884,96,24.0,0.01889378161419708
DOGE,2025-01-18 04:00:00+00:00,2025-01-18 04:00:00+00:00,2025-01-19 04:00:00+00:00,-1,0.41124,0.43856882585953394,0.3565823482809321,0.3999,tempo,0.41494647659895495,0.39565399024370723,96,24.0,0.027328825859533945
DOGE,2025-02-20 16:00:00+00:00,2025-02-20 16:00:00+00:00,2025-02-21 13:15:00+00:00,-1,0.25084,0.25868321309375625,0.23515357381248753,0.25868321309375625,stop,-1.0,-1.0422263279796125,85,21.25,0.00784321309375624
DOGE,2025-02-24 08:00:00+00:00,2025-02-24 08:00:00+00:00,2025-02-24 15:00:00+00:00,1,0.23314,0.2249906461721568,0.24943870765568635,0.2249906461721568,stop,-1.0,-1.0365409241398362,28,7.0,0.008149353827843181
DOGE,2025-02-25 04:00:00+00:00,2025-02-25 04:00:00+00:00,2025-02-25 07:30:00+00:00,1,0.21022,0.2009321008242628,0.22879579835147437,0.2009321008242628,stop,-1.0,-1.028773876683966,14,3.5,0.009287899175737191
DOGE,2025-02-25 12:00:00+00:00,2025-02-25 12:00:00+00:00,2025-02-26 12:00:00+00:00,1,0.20646,0.1924886006289476,0.23440279874210482,0.2099,tempo,0.24621728351187186,0.22684671132990908,96,24.0,0.013971399371052406
DOGE,2025-02-28 12:00:00+00:00,2025-02-28 12:00:00+00:00,2025-02-28 15:45:00+00:00,1,0.18576,0.17920816005652707,0.1988636798869459,0.1988636798869459,alvo,2.0,1.96184195675055,15,3.75,0.006551839943472942
DOGE,2025-03-04 20:00:00+00:00,2025-03-04 20:00:00+00:00,2025-03-05 20:00:00+00:00,1,0.20035,0.18003327639654204,0.24098344720691592,0.20389,tempo,0.17424069299232237,0.16130770216523457,96,24.0,0.02031672360345796
DOGE,2025-03-06 08:00:00+00:00,2025-03-06 08:00:00+00:00,2025-03-07 08:00:00+00:00,-1,0.2087,0.22186033997087262,0.18237932005825475,0.20067,tempo,0.610166607988286,0.5899474874648855,96,24.0,0.013160339970872625
DOGE,2025-03-11 04:00:00+00:00,2025-03-11 04:00:00+00:00,2025-03-12 04:00:00+00:00,1,0.15434,0.14015345171058324,0.18271309657883353,0.1611,tempo,0.4765077355034264,0.46205488934119554,96,24.0,0.014186548289416762
DOGE,2025-03-20 04:00:00+00:00,2025-03-20 04:00:00+00:00,2025-03-21 04:00:00+00:00,-1,0.17561,0.18025570329198598,0.166318593416028,0.16931,tempo,1.3560917699732848,1.3078325536805118,96,24.0,0.004645703291985992
DOGE,2025-03-25 00:00:00+00:00,2025-03-25 00:00:00+00:00,2025-03-25 14:45:00+00:00,-1,0.1829,0.1902018898539237,0.16829622029215263,0.1902018898539237,stop,-1.0,-1.0332128028848222,59,14.75,0.007301889853923688
DOGE,2025-03-26 00:00:00+00:00,2025-03-26 00:00:00+00:00,2025-03-26 01:45:00+00:00,-1,0.19056,0.19542688968585326,0.1808262206282935,0.19542688968585326,stop,-1.0,-1.0515506811311297,7,1.75,0.0048668896858532484
DOGE,2025-03-26 04:00:00+00:00,2025-03-26 04:00:00+00:00,2025-03-26 07:30:00+00:00,-1,0.19022,0.1974702841607053,0.1757194316785894,0.1974702841607053,stop,-1.0,-1.0347570769805448,14,3.5,0.007250284160705306
DOGE,2025-03-28 16:00:00+00:00,2025-03-28 16:00:00+00:00,2025-03-29 03:15:00+00:00,1,0.17943,0.17627068152405304,0.18574863695189395,0.17627068152405304,stop,-1.0,-1.0731820627616002,45,11.25,0.0031593184759469706
DOGE,2025-03-29 04:00:00+00:00,2025-03-29 04:00:00+00:00,2025-03-29 08:00:00+00:00,1,0.17861,0.17364614216564206,0.18853771566871586,0.17364614216564206,stop,-1.0,-1.0461267224099065,16,4.0,0.004963857834357932
DOGE,2025-03-31 00:00:00+00:00,2025-03-31 00:00:00+00:00,2025-03-31 00:45:00+00:00,1,0.16646,0.16321799346500693,0.17294401306998614,0.16321799346500693,stop,-1.0,-1.0660981689701352,3,0.75,0.0032420065349930693
LTC,2023-01-01 20:00:00+00:00,2023-01-01 20:00:00+00:00,2023-01-02 07:30:00+00:00,-1,70.87,71.80424590467385,69.00150819065232,71.80424590467385,stop,-1.0,-1.0992653640482524,46,11.5,0.934245904673844
LTC,2023-01-09 12:00:00+00:00,2023-01-09 12:00:00+00:00,2023-01-10 12:00:00+00:00,-1,81.75,84.06245716102656,77.12508567794688,80.27,tempo,0.64001185619499,0.5944702557818394,96,24.0,2.3124571610265576
LTC,2023-01-11 08:00:00+00:00,2023-01-11 08:00:00+00:00,2023-01-11 23:30:00+00:00,-1,83.04,84.46851039731398,80.18297920537206,84.46851039731398,stop,-1.0,-1.0762196284766161,62,15.5,1.4285103973139712
LTC,2023-01-14 00:00:00+00:00,2023-01-14 00:00:00+00:00,2023-01-14 00:45:00+00:00,-1,86.23,88.70834162637347,81.27331674725308,88.70834162637347,stop,-1.0,-1.045881455908697,3,0.75,2.4783416263734637
LTC,2023-01-18 20:00:00+00:00,2023-01-18 20:00:00+00:00,2023-01-19 20:00:00+00:00,1,84.31,81.41074090268087,90.10851819463826,84.19,tempo,-0.04138988478503539,-0.0791667775440423,96,24.0,2.8992590973191312
LTC,2023-01-21 12:00:00+00:00,2023-01-21 12:00:00+00:00,2023-01-22 12:00:00+00:00,-1,89.15,92.89410427228,81.66179145544001,88.87,tempo,0.07478424200763331,0.04387885273824318,96,24.0,3.7441042722799978
LTC,2023-01-25 04:00:00+00:00,2023-01-25 04:00:00+00:00,2023-01-26 04:00:00+00:00,1,87.55,84.97351472890502,92.70297054218996,89.35,tempo,0.698626155636828,0.6539975286891053,96,24.0,2.576485271094981
LTC,2023-02-01 08:00:00+00:00,2023-02-01 08:00:00+00:00,2023-02-01 20:00:00+00:00,-1,96.11,98.96408051729478,90.40183896541045,98.96408051729478,stop,-1.0,-1.0444269709869385,48,12.0,2.8540805172947756
LTC,2023-02-10 00:00:00+00:00,2023-02-10 00:00:00+00:00,2023-02-11 00:00:00+00:00,1,92.01,89.17727056572588,97.67545886854826,93.31,tempo,0.45892134429461146,0.41639769253227266,96,24.0,2.8327294342741283
LTC,2023-02-13 12:00:00+00:00,2023-02-13 12:00:00+00:00,2023-02-13 17:45:00+00:00,1,90.84,88.96479616035617,94.59040767928767,88.96479616035617,stop,-1.0,-1.06232555364564,23,5.75,1.8752038396438309
LTC,2023-02-16 04:00:00+00:00,2023-02-16 04:00:00+00:00,2023-02-16 16:15:00+00:00,-1,102.01,104.41565368569472,97.19869262861057,104.41565368569472,stop,-1.0,-1.055775557260626,49,12.25,2.405653685694716
LTC,2023-02-16 20:00:00+00:00,2023-02-16 20:00:00+00:00,2023-02-17 20:00:00+00:00,-1,102.7,106.50474286583498,95.09051426833004,100.98,tempo,0.45206734348459865,0.417270773869126,96,24.0,3.8047428658349816
LTC,2023-02-27 16:00:00+00:00,2023-02-27 16:00:00+00:00,2023-02-28 16:00:00+00:00,-1,94.6,96.41246325513097,90.97507348973804,95.65,tempo,-0.5793220894423774,-0.6475510588572986,96,24.0,1.8124632551309787
LTC,2023-03-06 16:00:00+00:00,2023-03-06 16:00:00+00:00,2023-03-07 11:00:00+00:00,1,88.65,86.0876531774581,93.77469364508383,86.0876531774581,stop,-1.0,-1.0443263470682997,76,19.0,2.5623468225419117
LTC,2023-03-07 16:00:00+00:00,2023-03-07 16:00:00+00:00,2023-03-08 14:15:00+00:00,1,86.03,83.27150473802041,91.54699052395918,83.27150473802041,stop,-1.0,-1.039893480912032,89,22.25,2.75849526197959
LTC,2023-03-08 16:00:00+00:00,2023-03-08 16:00:00+00:00,2023-03-08 22:45:00+00:00,1,84.56,82.1878125378274,89.30437492434521,82.1878125378274,stop,-1.0,-1.045690351153918,27,6.75,2.3721874621726045
LTC,2023-03-10 04:00:00+00:00,2023-03-10 04:00:00+00:00,2023-03-10 07:15:00+00:00,1,75.2,73.00083387602112,79.59833224795777,73.00083387602112,stop,-1.0,-1.043803212940151,13,3.25,2.199166123978884
LTC,2023-04-11 04:00:00+00:00,2023-04-11 04:00:00+00:00,2023-04-11 04:30:00+00:00,-1,94.26,95.40523185457391,91.96953629085219,95.40523185457391,stop,-1.0,-1.1076484208966937,2,0.5,1.1452318545739075
LTC,2023-04-14 08:00:00+00:00,2023-04-14 08:00:00+00:00,2023-04-15 08:00:00+00:00,-1,96.97,99.86129559280653,91.18740881438694,96.29,tempo,0.2351886820883398,0.19174137759531704,96,24.0,2.8912955928065287
LTC,2023-05-10 16:00:00+00:00,2023-05-10 16:00:00+00:00,2023-05-10 17:30:00+00:00,-1,81.08,82.40402441081739,78.43195117836522,78.43195117836522,alvo,2.0,1.9216911958579912,6,1.5,1.3240244108173869
LTC,2023-05-24 16:00:00+00:00,2023-05-24 16:00:00+00:00,2023-05-25 01:30:00+00:00,1,85.92,83.56194219390557,90.63611561218887,83.56194219390557,stop,-1.0,-1.0467177955270308,38,9.5,2.358057806094436
LTC,2023-05-31 16:00:00+00:00,2023-05-31 16:00:00+00:00,2023-06-01 05:30:00+00:00,1,88.69,87.15378639714875,91.7624272057025,91.7624272057025,alvo,2.0,1.9236472861156768,54,13.5,1.536213602851248
LTC,2023-06-05 20:00:00+00:00,2023-06-05 20:00:00+00:00,2023-06-06 20:00:00+00:00,1,87.36,82.45291669168957,97.17416661662087,90.78,tempo,0.6969516890426602,0.6733549834795203,96,24.0,4.907083308310433
LTC,2023-06-09 04:00:00+00:00,2023-06-09 04:00:00+00:00,2023-06-10 03:45:00+00:00,1,87.53,85.99597094007714,90.59805811984572,85.99597094007714,stop,-1.0,-1.0735265609092974,95,23.75,1.534029059922858
LTC,2023-06-19 20:00:00+00:00,2023-06-19 20:00:00+00:00,2023-06-20 14:30:00+00:00,1,77.05,75.71950825986492,79.71098348027014,75.71950825986492,stop,-1.0,-1.0746341952929608,74,18.5,1.3304917401350735
LTC,2023-06-20 16:00:00+00:00,2023-06-20 16:00:00+00:00,2023-06-20 18:30:00+00:00,1,76.61,75.38673969048781,79.05652061902437,79.05652061902437,alvo,2.0,1.9172839684116654,10,2.5,1.2232603095121846
LTC,2023-06-21 16:00:00+00:00,2023-06-21 16:00:00+00:00,2023-06-21 16:15:00+00:00,-1,84.5,85.84718245776743,81.80563508446514,85.84718245776743,stop,-1.0,-1.082190551071341,1,0.25,1.3471824577674312
LTC,2023-06-21 20:00:00+00:00,2023-06-21 20:00:00+00:00,2023-06-22 01:30:00+00:00,-1,85.2,87.96275765765034,79.67448468469932,87.96275765765034,stop,-1.0,-1.0407403784279794,22,5.5,2.76275765765034
LTC,2023-06-30 08:00:00+00:00,2023-06-30 08:00:00+00:00,2023-06-30 08:45:00+00:00,-1,95.14,98.0568282292235,89.306343541553,98.0568282292235,stop,-1.0,-1.0430529083237876,3,0.75,2.9168282292234977
LTC,2023-07-01 12:00:00+00:00,2023-07-01 12:00:00+00:00,2023-07-02 09:45:00+00:00,-1,106.32,114.94001975879026,89.07996048241947,114.94001975879026,stop,-1.0,-1.016684301993224,87,21.75,8.620019758790264
LTC,2023-07-22 04:00:00+00:00,2023-07-22 04:00:00+00:00,2023-07-23 04:00:00+00:00,-1,94.67,96.86187932564825,90.28624134870351,92.47,tempo,1.0037048911665594,0.9482086790454725,96,24.0,2.1918793256482445
LTC,2023-07-30 20:00:00+00:00,2023-07-30 20:00:00+00:00,2023-07-31 20:00:00+00:00,-1,92.95,96.67623245427059,85.49753509145883,91.7,tempo,0.33545947960583916,0.3032493312930457,96,24.0,3.726232454270587
LTC,2023-08-08 20:00:00+00:00,2023-08-08 20:00:00+00:00,2023-08-09 20:00:00+00:00,-1,84.26,85.81531314640851,81.14937370718299,83.56,tempo,0.4500701364329273,0.379934421157909,96,24.0,1.5553131464085084
LTC,2023-08-23 00:00:00+00:00,2023-08-23 00:00:00+00:00,2023-08-24 00:00:00+00:00,1,64.8,61.419159977486046,71.5616800450279,65.59,tempo,0.2336697373253917,0.20860096760082533,96,24.0,3.3808400225139508
LTC,2023-09-01 16:00:00+00:00,2023-09-01 16:00:00+00:00,2023-09-01 17:15:00+00:00,1,63.18,62.25859449011301,65.02281101977397,62.25859449011301,stop,-1.0,-1.0884899054147983,5,1.25,0.9214055098869878
LTC,2023-09-06 20:00:00+00:00,2023-09-06 20:00:00+00:00,2023-09-07 20:00:00+00:00,1,62.53,61.08461966772332,65.42076066455337,62.87,tempo,0.23523220318381308,0.17883874176759892,96,24.0,1.4453803322766845
LTC,2023-09-08 00:00:00+00:00,2023-09-08 00:00:00+00:00,2023-09-08 10:15:00+00:00,-1,63.68,64.67362495879362,61.69275008241275,61.69275008241275,alvo,2.0,1.9179848625657419,41,10.25,0.9936249587936246
LTC,2023-09-13 08:00:00+00:00,2023-09-13 08:00:00+00:00,2023-09-14 01:00:00+00:00,-1,60.08,63.03199348043971,54.176013039120576,63.03199348043971,stop,-1.0,-1.027108053013168,68,17.0,2.951993480439711
LTC,2023-09-25 04:00:00+00:00,2023-09-25 04:00:00+00:00,2023-09-26 04:00:00+00:00,1,64.2,62.29843319258283,68.00313361483435,64.52,tempo,0.16828228109147358,0.12428277517159324,96,24.0,1.9015668074171757
LTC,2023-10-09 20:00:00+00:00,2023-10-09 20:00:00+00:00,2023-10-10 20:00:00+00:00,1,63.02,61.223946304975115,66.61210739004977,63.41,tempo,0.21714272857225977,0.17138713661660768,96,24.0,1.796053695024888
LTC,2023-10-19 04:00:00+00:00,2023-10-19 04:00:00+00:00,2023-10-20 03:30:00+00:00,1,60.4,59.35013507510211,62.49972984979578,62.49972984979578,alvo,2.0,1.9239094263386913,94,23.5,1.0498649248978893
LTC,2023-10-21 20:00:00+00:00,2023-10-21 20:00:00+00:00,2023-10-22 16:45:00+00:00,-1,64.75,65.61405595943711,63.02188808112578,65.61405595943711,stop,-1.0,-1.0980684589327245,83,20.75,0.8640559594371098
LTC,2023-10-24 04:00:00+00:00,2023-10-24 04:00:00+00:00,2023-10-25 04:00:00+00:00,-1,69.96,73.4876310390992,62.90473792180158,69.52,tempo,0.12472959760336884,0.09902906401719455,96,24.0,3.527631039099205
LTC,2023-10-27 20:00:00+00:00,2023-10-27 20:00:00+00:00,2023-10-28 20:00:00+00:00,1,66.52,64.0943414889187,71.37131702216259,67.71,tempo,0.4905884297248119,0.4546190219943287,96,24.0,2.425658511081295
LTC,2023-11-09 16:00:00+00:00,2023-11-09 16:00:00+00:00,2023-11-09 16:15:00+00:00,-1,74.8,76.77155177430922,70.85689645138156,70.85689645138156,alvo,2.0,1.9519784446307171,1,0.25,1.9715517743092192
LTC,2023-11-09 20:00:00+00:00,2023-11-09 20:00:00+00:00,2023-11-10 20:00:00+00:00,1,71.22,66.60761270756858,80.44477458486284,72.67,tempo,0.3143708253596447,0.2940931482978175,96,24.0,4.612387292431421
LTC,2023-11-12 12:00:00+00:00,2023-11-12 12:00:00+00:00,2023-11-13 12:00:00+00:00,-1,75.68,77.41890365253822,72.20219269492358,73.4,tempo,1.311170976420672,1.2554450597728142,96,24.0,1.7389036525382124
LTC,2023-11-17 20:00:00+00:00,2023-11-17 20:00:00+00:00,2023-11-18 07:15:00+00:00,1,69.77,67.55778127360014,74.1944374527997,67.55778127360014,stop,-1.0,-1.0403500145634812,45,11.25,2.212218726399854
LTC,2023-11-18 08:00:00+00:00,2023-11-18 08:00:00+00:00,2023-11-19 08:00:00+00:00,1,68.93,66.99239806735669,72.80520386528664,69.96,tempo,0.5315849363314986,0.4849920327639221,96,24.0,1.937601932643318
LTC,2023-12-01 16:00:00+00:00,2023-12-01 16:00:00+00:00,2023-12-01 17:00:00+00:00,-1,71.4,72.19065159406924,69.81869681186154,72.19065159406924,stop,-1.0,-1.1180468416635765,4,1.0,0.7906515940692316
LTC,2023-12-04 12:00:00+00:00,2023-12-04 12:00:00+00:00,2023-12-05 12:00:00+00:00,-1,73.61,75.54567368669619,69.73865262660762,71.96,tempo,0.8524164022791603,0.8035339379204602,96,24.0,1.935673686696191
LTC,2023-12-08 08:00:00+00:00,2023-12-08 08:00:00+00:00,2023-12-08 09:30:00+00:00,-1,74.21,75.36445096493142,71.90109807013714,75.36445096493142,stop,-1.0,-1.0842161305075269,6,1.5,1.1544509649314278
LTC,2023-12-14 00:00:00+00:00,2023-12-14 00:00:00+00:00,2023-12-15 00:00:00+00:00,-1,73.2,74.51171638382209,70.57656723235583,72.99,tempo,0.16009558361092405,0.0876534755668666,96,24.0,1.3117163838220876
LTC,2023-12-27 16:00:00+00:00,2023-12-27 16:00:00+00:00,2023-12-28 16:00:00+00:00,-1,75.65,77.99744749413696,70.95510501172609,75.19,tempo,0.19595752456611498,0.15419045618870417,96,24.0,2.347447494136958
LTC,2023-12-29 04:00:00+00:00,2023-12-29 04:00:00+00:00,2023-12-29 16:30:00+00:00,-1,77.27,78.46178243234336,74.88643513531328,74.88643513531328,alvo,2.0,1.9170136426298157,50,12.5,1.1917824323433592
LTC,2024-01-12 16:00:00+00:00,2024-01-12 16:00:00+00:00,2024-01-13 16:00:00+00:00,-1,74.48,77.93327476367004,67.57345047265993,72.01,tempo,0.7152630963471196,0.6876897039829382,96,24.0,3.453274763670038
LTC,2024-01-16 16:00:00+00:00,2024-01-16 16:00:00+00:00,2024-01-17 16:00:00+00:00,1,70.26,68.04550617190792,74.68898765618418,68.69,tempo,-0.7089656245972251,-0.7497503397561802,96,24.0,2.2144938280920883
LTC,2024-01-22 16:00:00+00:00,2024-01-22 16:00:00+00:00,2024-01-22 19:30:00+00:00,1,68.74,67.42937550875358,71.36124898249282,67.42937550875358,stop,-1.0,-1.0675327637106156,14,3.5,1.310624491246415
LTC,2024-01-31 12:00:00+00:00,2024-01-31 12:00:00+00:00,2024-02-01 12:00:00+00:00,-1,68.09,70.38044614711197,63.509107705776074,66.09,tempo,0.8731923265350772,0.8351137189633723,96,24.0,2.2904461471119646
LTC,2024-02-07 20:00:00+00:00,2024-02-07 20:00:00+00:00,2024-02-08 00:45:00+00:00,-1,68.07,68.97917577618271,66.25164844763455,68.97917577618271,stop,-1.0,-1.097981013779909,19,4.75,0.909175776182721
LTC,2024-02-12 20:00:00+00:00,2024-02-12 20:00:00+00:00,2024-02-13 13:45:00+00:00,-1,72.32,73.62764909761496,69.70470180477005,69.70470180477005,alvo,2.0,1.929403036073304,71,17.75,1.30764909761497
LTC,2024-02-29 20:00:00+00:00,2024-02-29 20:00:00+00:00,2024-03-01 07:00:00+00:00,-1,82.89,85.96369938095938,76.74260123808124,85.96369938095938,stop,-1.0,-1.0357077550516232,44,11.0,3.0736993809593827
LTC,2024-03-01 08:00:00+00:00,2024-03-01 08:00:00+00:00,2024-03-02 01:15:00+00:00,-1,84.31,87.19543496995658,78.53913006008685,87.19543496995658,stop,-1.0,-1.0386349142819702,69,17.25,2.8854349699565773
LTC,2024-03-15 12:00:00+00:00,2024-03-15 12:00:00+00:00,2024-03-16 12:00:00+00:00,1,87.85,82.1331219463485,99.28375610730299,89.57,tempo,0.3008635104436758,0.2806911368303642,96,24.0,5.716878053651499
LTC,2024-03-17 08:00:00+00:00,2024-03-17 08:00:00+00:00,2024-03-18 08:00:00+00:00,1,83.22,79.86905613333582,89.92188773332836,85.77,tempo,0.7609796228960669,0.7281997541872104,96,24.0,3.3509438666641813
LTC,2024-03-19 12:00:00+00:00,2024-03-19 12:00:00+00:00,2024-03-20 12:00:00+00:00,1,79.69,76.88127773355536,85.30744453288926,81.31,tempo,0.5767747204320954,0.5395157855597382,96,24.0,2.808722266444633
LTC,2024-04-14 00:00:00+00:00,2024-04-14 00:00:00+00:00,2024-04-15 00:00:00+00:00,1,77.32,69.20383962726888,93.55232074546223,79.68,tempo,0.2907778914681383,0.27820421188156064,96,24.0,8.116160372731116
LTC,2024-04-25 04:00:00+00:00,2024-04-25 04:00:00+00:00,2024-04-26 04:00:00+00:00,1,83.66,81.2092926915459,88.5614146169082,84.92,tempo,0.5141372842254306,0.46942488645275615,96,24.0,2.450707308454099
LTC,2024-04-26 16:00:00+00:00,2024-04-26 16:00:00+00:00,2024-04-27 16:00:00+00:00,-1,86.96,89.14994388151896,82.58011223696205,84.67,tempo,1.0456888961061508,0.9947471797720222,96,24.0,2.189943881518971
LTC,2024-04-30 20:00:00+00:00,2024-04-30 20:00:00+00:00,2024-05-01 07:15:00+00:00,1,78.04,76.5317899180279,81.05642016394422,76.5317899180279,stop,-1.0,-1.0666164910629314,45,11.25,1.5082100819721092
LTC,2024-05-06 16:00:00+00:00,2024-05-06 16:00:00+00:00,2024-05-07 16:00:00+00:00,1,81.7,79.46516891973901,86.16966216052198,81.9,tempo,0.08949222237263962,0.04190920773710781,96,24.0,2.2348310802609888
LTC,2024-05-10 16:00:00+00:00,2024-05-10 16:00:00+00:00,2024-05-10 22:30:00+00:00,1,80.79,79.54580004488602,83.27839991022798,79.54580004488602,stop,-1.0,-1.0837632806534125,26,6.5,1.2441999551139844
LTC,2024-05-14 16:00:00+00:00,2024-05-14 16:00:00+00:00,2024-05-15 16:00:00+00:00,1,79.62,77.95595265546953,82.94809468906095,80.56,tempo,0.5648877738302738,0.5023192415452878,96,24.0,1.6640473445304735
LTC,2024-05-16 20:00:00+00:00,2024-05-16 20:00:00+00:00,2024-05-17 07:30:00+00:00,-1,82.21,83.53733865135732,79.55532269728535,83.53733865135732,stop,-1.0,-1.0811667542516092,46,11.5,1.3273386513573229
LTC,2024-05-30 20:00:00+00:00,2024-05-30 20:00:00+00:00,2024-05-31 20:00:00+00:00,-1,84.61,85.97971453525176,81.87057092949648,83.78,tempo,0.6059656801754248,0.5260559638199056,96,24.0,1.3697145352517595
LTC,2024-06-06 20:00:00+00:00,2024-06-06 20:00:00+00:00,2024-06-07 18:00:00+00:00,-1,85.0,86.1410850549497,82.7178298901006,82.7178298901006,alvo,2.0,1.904462345768457,88,22.0,1.1410850549496985
LTC,2024-06-17 08:00:00+00:00,2024-06-17 08:00:00+00:00,2024-06-17 10:15:00+00:00,1,78.17,77.17244944665617,80.16510110668766,77.17244944665617,stop,-1.0,-1.1012205264203028,9,2.25,0.997550553343828
LTC,2024-06-25 00:00:00+00:00,2024-06-25 00:00:00+00:00,2024-06-26 00:00:00+00:00,1,69.64,66.84487949372348,75.23024101255304,71.32,tempo,0.601047431131326,0.5682674490896731,96,24.0,2.7951205062765183
LTC,2024-07-03 16:00:00+00:00,2024-07-03 16:00:00+00:00,2024-07-03 20:15:00+00:00,1,74.4,73.02427328278723,77.15145343442555,73.02427328278723,stop,-1.0,-1.0696546606494313,17,4.25,1.3757267172127712
LTC,2024-07-04 16:00:00+00:00,2024-07-04 16:00:00+00:00,2024-07-04 21:15:00+00:00,1,68.96,66.7560469461393,73.36790610772137,66.7560469461393,stop,-1.0,-1.040026002532342,21,5.25,2.203953053860687
LTC,2024-07-08 04:00:00+00:00,2024-07-08 04:00:00+00:00,2024-07-09 04:00:00+00:00,1,61.63,58.72642593344246,67.4371481331151,65.17,tempo,1.2191870842120431,1.1908013781440328,96,24.0,2.903574066557546
LTC,2024-07-23 20:00:00+00:00,2024-07-23 20:00:00+00:00,2024-07-24 20:00:00+00:00,1,72.23,69.94354593471652,76.80290813056696,72.47,tempo,0.10496602737140018,0.06383027860299495,96,24.0,2.286454065283479
LTC,2024-08-04 20:00:00+00:00,2024-08-04 20:00:00+00:00,2024-08-05 01:00:00+00:00,1,63.34,59.697555099851954,70.6248898002961,59.697555099851954,stop,-1.0,-1.0219562445026014,20,5.0,3.6424449001480497
LTC,2024-08-26 20:00:00+00:00,2024-08-26 20:00:00+00:00,2024-08-27 10:15:00+00:00,1,63.81,62.58199703868138,66.26600592263725,62.58199703868138,stop,-1.0,-1.0669011400322077,57,14.25,1.228002961318623
LTC,2024-09-04 04:00:00+00:00,2024-09-04 04:00:00+00:00,2024-09-05 04:00:00+00:00,1,64.79,61.63783002946796,71.09433994106409,65.17,tempo,0.12055187491550676,0.09375319312178929,96,24.0,3.152169970532043
LTC,2024-09-05 04:00:00+00:00,2024-09-05 04:00:00+00:00,2024-09-05 07:15:00+00:00,-1,65.17,67.34821762435661,60.81356475128679,67.34821762435661,stop,-1.0,-1.039544644434357,13,3.25,2.1782176243566056
LTC,2024-10-01 20:00:00+00:00,2024-10-01 20:00:00+00:00,2024-10-02 20:00:00+00:00,1,63.61,61.48657306400576,67.85685387198848,62.96,tempo,-0.3061089548134856,-0.34485316522422854,96,24.0,2.123426935994239
LTC,2024-10-07 20:00:00+00:00,2024-10-07 20:00:00+00:00,2024-10-08 20:00:00+00:00,1,65.6,64.35229497585884,68.0954100482823,65.66,tempo,0.04808828917019283,-0.02029245655833261,96,24.0,1.2477050241411547
LTC,2024-10-10 16:00:00+00:00,2024-10-10 16:00:00+00:00,2024-10-10 18:00:00+00:00,1,64.36,63.63072794317816,65.81854411364368,63.63072794317816,stop,-1.0,-1.1140781034798235,8,2.0,0.7292720568218414
LTC,2024-10-14 04:00:00+00:00,2024-10-14 04:00:00+00:00,2024-10-15 04:00:00+00:00,1,65.46,63.845758179097736,68.68848364180451,66.83,tempo,0.8486956429082367,0.7954269821124597,96,24.0,1.614241820902258
LTC,2024-10-15 04:00:00+00:00,2024-10-15 04:00:00+00:00,2024-10-15 14:15:00+00:00,-1,66.83,68.07843014853981,64.33313970292038,68.07843014853981,stop,-1.0,-1.0702405975209068,41,10.25,1.2484301485398106
LTC,2024-10-15 16:00:00+00:00,2024-10-15 16:00:00+00:00,2024-10-15 16:30:00+00:00,-1,66.25,68.610780621975,61.52843875605001,68.610780621975,stop,-1.0,-1.0371315769827647,2,0.5,2.360780621974996
LTC,2024-10-18 00:00:00+00:00,2024-10-18 00:00:00+00:00,2024-10-18 02:00:00+00:00,-1,72.79,74.39353715354216,69.58292569291571,74.39353715354216,stop,-1.0,-1.0596614172228394,8,2.0,1.603537153542149
LTC,2024-10-19 12:00:00+00:00,2024-10-19 12:00:00+00:00,2024-10-20 12:00:00+00:00,-1,74.82,76.51147234868894,71.4370553026221,75.05,tempo,-0.13597621041708188,-0.19356834313832105,96,24.0,1.6914723486889471
LTC,2024-10-23 20:00:00+00:00,2024-10-23 20:00:00+00:00,2024-10-24 20:00:00+00:00,1,69.7,67.498360030763,74.10327993847402,71.04,tempo,0.6086372062296767,0.567085907525873,96,24.0,2.201639969237007
LTC,2024-11-01 04:00:00+00:00,2024-11-01 04:00:00+00:00,2024-11-01 07:00:00+00:00,1,69.18,67.76492205043688,72.01015589912626,67.76492205043688,stop,-1.0,-1.0629040961031617,12,3.0,1.415077949563127
LTC,2024-11-07 04:00:00+00:00,2024-11-07 04:00:00+00:00,2024-11-08 04:00:00+00:00,-1,71.26,72.74994019882988,68.28011960234026,71.1,tempo,0.10738686030866697,0.04528101198490748,96,24.0,1.4899401988298706
LTC,2024-11-15 16:00:00+00:00,2024-11-15 16:00:00+00:00,2024-11-16 09:30:00+00:00,-1,82.58,88.4729819864041,70.79403602719181,88.4729819864041,stop,-1.0,-1.0188672625417285,70,17.5,5.892981986404095
LTC,2024-11-16 16:00:00+00:00,2024-11-16 16:00:00+00:00,2024-11-16 18:30:00+00:00,-1,88.95,95.96302093314921,74.92395813370159,95.96302093314921,stop,-1.0,-1.0171386146929087,10,2.5,7.013020933149207
LTC,2024-11-23 16:00:00+00:00,2024-11-23 16:00:00+00:00,2024-11-23 16:15:00+00:00,-1,103.04,106.51805795682914,96.08388408634174,106.51805795682914,stop,-1.0,-1.0391634467747977,1,0.25,3.478057956829133
LTC,2024-11-23 20:00:00+00:00,2024-11-23 20:00:00+00:00,2024-11-24 20:00:00+00:00,-1,98.78,107.84869659269567,80.64260681460865,95.46,tempo,0.36609450609187666,0.352172328995149,96,24.0,9.068696592695673
LTC,2024-11-26 00:00:00+00:00,2024-11-26 00:00:00+00:00,2024-11-26 11:00:00+00:00,1,92.35,89.98619515211152,97.07760969577694,89.98619515211152,stop,-1.0,-1.050138879677289,44,11.0,2.363804847888474
LTC,2024-12-02 04:00:00+00:00,2024-12-02 04:00:00+00:00,2024-12-02 20:00:00+00:00,-1,119.95,131.76585170901782,96.31829658196436,131.76585170901782,stop,-1.0,-1.0138471019813147,64,16.0,11.81585170901782
LTC,2024-12-03 00:00:00+00:00,2024-12-03 00:00:00+00:00,2024-12-04 00:00:00+00:00,-1,132.99,142.43931210579257,114.0913757884149,131.03,tempo,0.2074225063217566,0.18926107847614668,96,24.0,9.449312105792558
LTC,2024-12-12 20:00:00+00:00,2024-12-12 20:00:00+00:00,2024-12-13 20:00:00+00:00,-1,118.82,126.19996860605828,104.06006278788342,120.8,tempo,-0.268293824227735,-0.2893986565534635,96,24.0,7.379968606058284
LTC,2024-12-19 04:00:00+00:00,2024-12-19 04:00:00+00:00,2024-12-19 18:00:00+00:00,1,109.05,101.65731663451925,123.8353667309615,101.65731663451925,stop,-1.0,-1.0185263927915478,56,14.0,7.39268336548075
LTC,2025-01-20 00:00:00+00:00,2025-01-20 00:00:00+00:00,2025-01-20 07:15:00+00:00,1,115.56,109.60948640335123,127.46102719329755,127.46102719329755,alvo,2.0,1.9734537758615314,29,7.25,5.950513596648776
LTC,2025-02-03 00:00:00+00:00,2025-02-03 00:00:00+00:00,2025-02-03 00:45:00+00:00,1,109.04,102.16341289972358,122.79317420055285,102.16341289972358,stop,-1.0,-1.0199637140318198,3,0.75,6.876587100276424
LTC,2025-02-10 16:00:00+00:00,2025-02-10 16:00:00+00:00,2025-02-10 17:15:00+00:00,-1,117.98,121.4030792565499,111.13384148690021,121.4030792565499,stop,-1.0,-1.0454558570968013,5,1.25,3.4230792565498973
LTC,2025-02-12 16:00:00+00:00,2025-02-12 16:00:00+00:00,2025-02-13 01:30:00+00:00,1,115.78,109.98629047805157,127.36741904389686,127.36741904389686,alvo,2.0,1.9727211345719344,38,9.5,5.793709521948429
LTC,2025-02-15 20:00:00+00:00,2025-02-15 20:00:00+00:00,2025-02-16 01:30:00+00:00,-1,130.18,136.2314878800177,118.0770242399646,136.2314878800177,stop,-1.0,-1.0286156843664545,22,5.5,6.051487880017703
LTC,2025-02-26 16:00:00+00:00,2025-02-26 16:00:00+00:00,2025-02-27 07:45:00+00:00,-1,126.35,129.9344072956233,119.18118540875341,129.9344072956233,stop,-1.0,-1.0464748704606093,63,15.75,3.5844072956232935
LTC,2025-02-28 12:00:00+00:00,2025-02-28 12:00:00+00:00,2025-03-01 12:00:00+00:00,1,119.32,112.45151080638279,133.0569783872344,125.24,tempo,0.8619071579091041,0.8387632036101408,96,24.0,6.868489193617208
LTC,2025-03-25 00:00:00+00:00,2025-03-25 00:00:00+00:00,2025-03-26 00:00:00+00:00,-1,93.73,96.01584955266752,89.15830089466498,94.35,tempo,-0.27123394856694305,-0.32471603353501793,96,24.0,2.285849552667514
LTC,2025-03-26 20:00:00+00:00,2025-03-26 20:00:00+00:00,2025-03-27 20:00:00+00:00,1,92.05,90.27560024424896,95.59879951150207,92.56,tempo,0.2874211396541486,0.21979460870413156,96,24.0,1.774399755751034
LTC,2025-03-28 12:00:00+00:00,2025-03-28 12:00:00+00:00,2025-03-28 17:00:00+00:00,1,88.14,86.63334951006946,91.15330097986107,86.63334951006946,stop,-1.0,-1.07540081654026,20,5.0,1.5066504899305357
LINK,2023-01-04 20:00:00+00:00,2023-01-04 20:00:00+00:00,2023-01-05 20:00:00+00:00,-1,5.767,5.887325514593565,5.5263489708128715,5.752,tempo,0.12466183959958595,0.06243605128452432,96,24.0,0.12032551459356444
LINK,2023-01-06 08:00:00+00:00,2023-01-06 08:00:00+00:00,2023-01-06 13:15:00+00:00,1,5.616,5.54800942822177,5.75198114355646,5.54800942822177,stop,-1.0,-1.1067295940974518,21,5.25,0.06799057177823009
LINK,2023-01-06 16:00:00+00:00,2023-01-06 16:00:00+00:00,2023-01-07 16:00:00+00:00,1,5.65,5.476886267671741,5.996227464656519,5.814,tempo,0.947354076388475,0.9043095420249605,96,24.0,0.17311373232825922
LINK,2023-01-12 16:00:00+00:00,2023-01-12 16:00:00+00:00,2023-01-13 16:00:00+00:00,1,6.196,5.956549273668219,6.674901452663562,6.347,tempo,0.6306099059009587,0.5965613560180766,96,24.0,0.2394507263317811
LINK,2023-01-18 00:00:00+00:00,2023-01-18 00:00:00+00:00,2023-01-18 16:00:00+00:00,-1,6.811,7.052095010981461,6.328809978037079,6.328809978037079,alvo,2.0,1.9645746444484458,64,16.0,0.2410950109814607
LINK,2023-01-18 20:00:00+00:00,2023-01-18 20:00:00+00:00,2023-01-19 20:00:00+00:00,1,6.484,6.152922456510485,7.1461550869790305,6.493,tempo,0.027183963929239913,0.0017063978246480878,96,24.0,0.33107754348951524
LINK,2023-01-25 04:00:00+00:00,2023-01-25 04:00:00+00:00,2023-01-26 04:00:00+00:00,1,6.69,6.451399888203635,7.16720022359273,6.934,tempo,1.022631540961906,0.9855167218055852,96,24.0,0.23860011179636498
LINK,2023-02-01 20:00:00+00:00,2023-02-01 20:00:00+00:00,2023-02-02 20:00:00+00:00,1,7.003,6.609955664160471,7.789088671679059,7.305,tempo,0.7683611553768812,0.7446991937304042,96,24.0,0.39304433583952925
LINK,2023-02-02 20:00:00+00:00,2023-02-02 20:00:00+00:00,2023-02-03 20:00:00+00:00,-1,7.306,7.54291317912989,6.83217364174022,7.219,tempo,0.36722313346823626,0.32737203681470756,96,24.0,0.23691317912988996
LINK,2023-02-08 16:00:00+00:00,2023-02-08 16:00:00+00:00,2023-02-09 07:45:00+00:00,-1,7.094,7.345955559555537,6.590088880888927,7.345955559555537,stop,-1.0,-1.0372524866300568,63,15.75,0.2519555595555367
LINK,2023-02-10 00:00:00+00:00,2023-02-10 00:00:00+00:00,2023-02-11 00:00:00+00:00,1,6.981,6.716069687152038,7.5108606256959245,6.886,tempo,-0.3585848632372928,-0.3926072063323718,96,24.0,0.2649303128479623
LINK,2023-02-18 04:00:00+00:00,2023-02-18 04:00:00+00:00,2023-02-18 12:15:00+00:00,-1,7.617,7.801387826185545,7.24822434762891,7.801387826185545,stop,-1.0,-1.0543525692251274,33,8.25,0.18438782618554495
LINK,2023-02-20 12:00:00+00:00,2023-02-20 12:00:00+00:00,2023-02-21 12:00:00+00:00,-1,8.14,8.476287207197686,7.46742558560463,7.763,tempo,1.1210655413911792,1.090327083969207,96,24.0,0.33628720719768523
LINK,2023-02-22 04:00:00+00:00,2023-02-22 04:00:00+00:00,2023-02-22 17:00:00+00:00,1,7.547,7.3030619489452775,8.034876102109443,7.3030619489452775,stop,-1.0,-1.0395696375578942,52,13.0,0.24393805105472222
LINK,2023-02-23 12:00:00+00:00,2023-02-23 12:00:00+00:00,2023-02-23 13:15:00+00:00,-1,7.857,8.126478140644094,7.318043718711812,8.126478140644094,stop,-1.0,-1.0385532598918292,5,1.25,0.26947814064409403
LINK,2023-03-08 16:00:00+00:00,2023-03-08 16:00:00+00:00,2023-03-08 23:00:00+00:00,1,6.712,6.540783415923198,7.0544331681536026,6.540783415923198,stop,-1.0,-1.0503123530164928,28,7.0,0.1712165840768014
LINK,2023-03-10 12:00:00+00:00,2023-03-10 12:00:00+00:00,2023-03-11 12:00:00+00:00,1,6.057,5.839978282279135,6.491043435441732,6.007,tempo,-0.23039168856045514,-0.26652447786076794,96,24.0,0.21702171772086576
LINK,2023-03-17 16:00:00+00:00,2023-03-17 16:00:00+00:00,2023-03-17 23:15:00+00:00,-1,6.998,7.252907767571552,6.488184464856897,7.252907767571552,stop,-1.0,-1.036338986987995,29,7.25,0.2549077675715514
LINK,2023-03-20 20:00:00+00:00,2023-03-20 20:00:00+00:00,2023-03-21 20:00:00+00:00,-1,7.104,7.5034490741179445,6.305101851764111,7.277,tempo,-0.4330965101922323,-0.45649786622401506,96,24.0,0.3994490741179444
LINK,2023-03-30 00:00:00+00:00,2023-03-30 00:00:00+00:00,2023-03-30 02:45:00+00:00,-1,7.381,7.535851338965669,7.071297322068663,7.535851338965669,stop,-1.0,-1.0626145917438745,11,2.75,0.15485133896566872
LINK,2023-03-30 04:00:00+00:00,2023-03-30 04:00:00+00:00,2023-03-31 04:00:00+00:00,-1,7.393,7.607719481262976,6.963561037474048,7.379,tempo,0.06520134976878907,0.02048346975379276,96,24.0,0.2147194812629758
LINK,2023-03-31 16:00:00+00:00,2023-03-31 16:00:00+00:00,2023-04-01 16:00:00+00:00,-1,7.579,7.721001329445424,7.294997341109151,7.486,tempo,0.6549234458804336,0.5859645844511575,96,24.0,0.14200132944542432
LINK,2023-04-04 00:00:00+00:00,2023-04-04 00:00:00+00:00,2023-04-05 00:00:00+00:00,1,7.239,6.966703659537557,7.783592680924886,7.367,tempo,0.4700760935039256,0.4352100355030122,96,24.0,0.272296340462443
LINK,2023-04-13 16:00:00+00:00,2023-04-13 16:00:00+00:00,2023-04-13 18:15:00+00:00,-1,7.407,7.503585551953311,7.2138288960933785,7.503585551953311,stop,-1.0,-1.1003450351813973,9,2.25,0.09658555195331076
LINK,2023-04-13 20:00:00+00:00,2023-04-13 20:00:00+00:00,2023-04-14 00:45:00+00:00,-1,7.458,7.579610096036508,7.214779807926984,7.579610096036508,stop,-1.0,-1.0803752885738154,19,4.75,0.12161009603650808
LINK,2023-04-15 20:00:00+00:00,2023-04-15 20:00:00+00:00,2023-04-16 01:00:00+00:00,-1,7.983,8.144574898313785,7.65985020337243,8.144574898313785,stop,-1.0,-1.064879655152533,20,5.0,0.16157489831378502
LINK,2023-04-16 04:00:00+00:00,2023-04-16 04:00:00+00:00,2023-04-17 03:00:00+00:00,-1,8.007,8.219844622498343,7.581310755003313,8.219844622498343,stop,-1.0,-1.049554688677681,92,23.0,0.21284462249834313
LINK,2023-04-27 00:00:00+00:00,2023-04-27 00:00:00+00:00,2023-04-28 00:00:00+00:00,1,6.999,6.635770871438303,7.725458257123393,7.166,tempo,0.45976488906955776,0.4344165640702424,96,24.0,0.36322912856169687
LINK,2023-05-01 04:00:00+00:00,2023-05-01 04:00:00+00:00,2023-05-01 19:30:00+00:00,1,7.004,6.794947662488443,7.422104675023112,6.794947662488443,stop,-1.0,-1.0429046433413913,62,15.5,0.20905233751155627
LINK,2023-05-11 20:00:00+00:00,2023-05-11 20:00:00+00:00,2023-05-12 20:00:00+00:00,1,6.307,6.168260282666922,6.584479434666157,6.477,tempo,1.2253160325523338,1.1654225848811757,96,24.0,0.13873971733307844
LINK,2023-05-22 12:00:00+00:00,2023-05-22 12:00:00+00:00,2023-05-23 03:45:00+00:00,-1,6.527,6.626530735849037,6.327938528301927,6.626530735849037,stop,-1.0,-1.0859010526283037,63,15.75,0.09953073584903649
LINK,2023-05-29 04:00:00+00:00,2023-05-29 04:00:00+00:00,2023-05-30 04:00:00+00:00,-1,6.593,6.694610667967535,6.389778664064931,6.614,tempo,-0.20667121297450355,-0.29115594446689796,96,24.0,0.1016106679675346
LINK,2023-05-31 16:00:00+00:00,2023-05-31 16:00:00+00:00,2023-06-01 16:00:00+00:00,1,6.441,6.356858843968952,6.609282312062095,6.409,tempo,-0.3803132914906978,-0.4795810029649494,96,24.0,0.08414115603104744
LINK,2023-06-02 04:00:00+00:00,2023-06-02 04:00:00+00:00,2023-06-03 04:00:00+00:00,1,6.445,6.278133499583924,6.778733000832153,6.414,tempo,-0.18577725261033862,-0.23586729452503521,96,24.0,0.1668665004160763
LINK,2023-06-13 16:00:00+00:00,2023-06-13 16:00:00+00:00,2023-06-14 16:00:00+00:00,-1,5.184,5.448677859597342,4.654644280805317,5.389,tempo,-0.7745264387125907,-0.8004917763893241,96,24.0,0.2646778595973416
LINK,2023-06-16 16:00:00+00:00,2023-06-16 16:00:00+00:00,2023-06-17 16:00:00+00:00,1,5.267,5.091474225758822,5.618051548482357,5.31,tempo,0.2449782670715689,0.20580994532667543,96,24.0,0.1755257742411782
LINK,2023-06-19 20:00:00+00:00,2023-06-19 20:00:00+00:00,2023-06-20 20:00:00+00:00,1,5.092,4.942162194958206,5.391675610083587,5.215,tempo,0.8208876255607997,0.776175611806118,96,24.0,0.1498378050417939
LINK,2023-07-07 04:00:00+00:00,2023-07-07 04:00:00+00:00,2023-07-08 04:00:00+00:00,1,6.148,5.973616154091521,6.496767691816958,6.141,tempo,-0.040141332836950094,-0.08594746790861392,96,24.0,0.174383845908479
LINK,2023-07-12 16:00:00+00:00,2023-07-12 16:00:00+00:00,2023-07-12 18:45:00+00:00,-1,6.242,6.327357213985254,6.071285572029493,6.327357213985254,stop,-1.0,-1.095716364295839,11,2.75,0.08535721398525364
LINK,2023-07-12 20:00:00+00:00,2023-07-12 20:00:00+00:00,2023-07-13 09:45:00+00:00,-1,6.209,6.369626728150584,5.887746543698832,6.369626728150584,stop,-1.0,-1.0509012881444797,55,13.75,0.16062672815058399
LINK,2023-07-17 12:00:00+00:00,2023-07-17 12:00:00+00:00,2023-07-17 22:45:00+00:00,1,6.637,6.39593720421563,7.119125591568738,7.119125591568738,alvo,2.0,1.9629080812515016,43,10.75,0.2410627957843694
LINK,2023-07-18 04:00:00+00:00,2023-07-18 04:00:00+00:00,2023-07-19 04:00:00+00:00,-1,7.093,7.356402564978892,6.5661948700422155,6.968,tempo,0.47455878043563043,0.43986037117476234,96,24.0,0.26340256497889225
LINK,2023-07-21 00:00:00+00:00,2023-07-21 00:00:00+00:00,2023-07-22 00:00:00+00:00,-1,8.354,8.577058130534818,7.907883738930362,8.127,tempo,1.0176719380536758,0.9696456680660512,96,24.0,0.2230581305348185
LINK,2023-07-31 00:00:00+00:00,2023-07-31 00:00:00+00:00,2023-08-01 00:00:00+00:00,1,7.551,7.306388337532081,8.04022332493584,7.546,tempo,-0.020440562602593144,-0.060557415172069334,96,24.0,0.24461166246791954
LINK,2023-08-07 20:00:00+00:00,2023-08-07 20:00:00+00:00,2023-08-08 20:00:00+00:00,1,7.12,6.895105965766407,7.569788068467186,7.343,tempo,0.991578103705385,0.9497764168263305,96,24.0,0.22489403423359278
LINK,2023-08-17 00:00:00+00:00,2023-08-17 00:00:00+00:00,2023-08-17 16:00:00+00:00,1,6.762,6.549200199768353,7.187599600463293,6.549200199768353,stop,-1.0,-1.0406592493058304,64,16.0,0.21279980023164669
LINK,2023-08-23 00:00:00+00:00,2023-08-23 00:00:00+00:00,2023-08-24 00:00:00+00:00,1,6.112,5.7971636247394205,6.741672750521159,6.348,tempo,0.7495957219195857,0.7238712483948961,96,24.0,0.3148363752605796
LINK,2023-09-06 20:00:00+00:00,2023-09-06 20:00:00+00:00,2023-09-07 20:00:00+00:00,-1,6.246,6.403111538373693,5.931776923252615,6.322,tempo,-0.48373277218654814,-0.5357289532726845,96,24.0,0.15711153837369274
LINK,2023-09-08 00:00:00+00:00,2023-09-08 00:00:00+00:00,2023-09-08 10:15:00+00:00,-1,6.382,6.495462938498723,6.155074123002553,6.155074123002553,alvo,2.0,1.928178325999874,41,10.25,0.11346293849872335
LINK,2023-09-14 04:00:00+00:00,2023-09-14 04:00:00+00:00,2023-09-14 18:45:00+00:00,-1,6.04,6.1491805656163425,5.821638868767315,6.1491805656163425,stop,-1.0,-1.0725675611124026,59,14.75,0.10918056561634248
LINK,2023-09-16 04:00:00+00:00,2023-09-16 04:00:00+00:00,2023-09-17 04:00:00+00:00,-1,6.305,6.445315832871275,6.024368334257449,6.232,tempo,0.5202549028588185,0.4621784204459187,96,24.0,0.14031583287127525
LINK,2023-09-18 08:00:00+00:00,2023-09-18 08:00:00+00:00,2023-09-18 10:45:00+00:00,-1,6.547,6.701844785621842,6.237310428756316,6.701844785621842,stop,-1.0,-1.055615363966376,11,2.75,0.154844785621842
LINK,2023-09-18 16:00:00+00:00,2023-09-18 16:00:00+00:00,2023-09-19 05:00:00+00:00,-1,6.722,6.88918618676245,6.3876276264751,6.88918618676245,stop,-1.0,-1.0529186722463286,52,13.0,0.16718618676245
LINK,2023-09-20 20:00:00+00:00,2023-09-20 20:00:00+00:00,2023-09-21 20:00:00+00:00,-1,6.872,7.087411704259624,6.441176591480751,6.716,tempo,0.724194632488405,0.6831931463790197,96,24.0,0.21541170425962441
LINK,2023-09-24 04:00:00+00:00,2023-09-24 04:00:00+00:00,2023-09-25 04:00:00+00:00,-1,7.16,7.289393491097786,6.901213017804428,7.159,tempo,0.007728364012101731,-0.06420222477590928,96,24.0,0.12939349109778586
LINK,2023-10-04 20:00:00+00:00,2023-10-04 20:00:00+00:00,2023-10-05 20:00:00+00:00,-1,7.609,7.835110667652434,7.156778664695132,7.504,tempo,0.46437437512413676,0.42092905650210644,96,24.0,0.22611066765243404
LINK,2023-10-06 16:00:00+00:00,2023-10-06 16:00:00+00:00,2023-10-07 16:00:00+00:00,1,7.654,7.388054790517583,8.185890418964833,7.558,tempo,-0.36097660938069004,-0.3981564481122982,96,24.0,0.2659452094824166
LINK,2023-10-09 00:00:00+00:00,2023-10-09 00:00:00+00:00,2023-10-10 00:00:00+00:00,-1,7.668,7.984457790266081,7.035084419467839,7.274,tempo,1.245031761325013,1.2143410964125336,96,24.0,0.3164577902660808
LINK,2023-10-16 16:00:00+00:00,2023-10-16 16:00:00+00:00,2023-10-17 16:00:00+00:00,-1,7.433,7.8728733189605205,6.553253362078959,7.394,tempo,0.08866189041008878,0.06675205959158217,96,24.0,0.4398733189605206
LINK,2023-10-17 16:00:00+00:00,2023-10-17 16:00:00+00:00,2023-10-18 16:00:00+00:00,1,7.393,7.207834679335464,7.763330641329071,7.385,tempo,-0.04320463449251187,-0.09508097918560197,96,24.0,0.1851653206645354
LINK,2023-10-21 20:00:00+00:00,2023-10-21 20:00:00+00:00,2023-10-22 03:30:00+00:00,-1,8.896,9.267679010493517,8.15264197901297,9.267679010493517,stop,-1.0,-1.0317650204167952,30,7.5,0.3716790104935157
LINK,2023-10-22 08:00:00+00:00,2023-10-22 08:00:00+00:00,2023-10-22 22:45:00+00:00,-1,9.304,9.865393870340029,8.181212259319944,9.865393870340029,stop,-1.0,-1.0221949448934562,59,14.75,0.5613938703400283
LINK,2023-10-31 08:00:00+00:00,2023-10-31 08:00:00+00:00,2023-11-01 08:00:00+00:00,-1,11.435,12.1545198997261,9.9959602005478,11.11,tempo,0.45169007851446363,0.43132337287424655,96,24.0,0.7195198997260999
LINK,2023-11-13 16:00:00+00:00,2023-11-13 16:00:00+00:00,2023-11-14 00:15:00+00:00,1,15.153,14.205464060483383,17.048071879033238,14.205464060483383,stop,-1.0,-1.0201396072100963,33,8.25,0.9475359395166176
LINK,2023-11-20 12:00:00+00:00,2023-11-20 12:00:00+00:00,2023-11-21 03:00:00+00:00,-1,15.104,15.52382852898945,14.264342942021099,14.264342942021099,alvo,2.0,1.9545304294630406,60,15.0,0.41982852898945033
LINK,2023-11-21 20:00:00+00:00,2023-11-21 20:00:00+00:00,2023-11-21 23:00:00+00:00,1,13.988,13.350505366453419,15.262989267093161,13.350505366453419,stop,-1.0,-1.0278747891403173,12,3.0,0.6374946335465808
LINK,2023-11-22 04:00:00+00:00,2023-11-22 04:00:00+00:00,2023-11-23 04:00:00+00:00,1,13.961,13.060527812663503,15.761944374672995,14.409,tempo,0.4975167543210165,0.47703805407981853,96,24.0,0.9004721873364971
LINK,2023-11-23 20:00:00+00:00,2023-11-23 20:00:00+00:00,2023-11-24 20:00:00+00:00,-1,14.525,15.022984781108686,13.529030437782628,14.394,tempo,0.263060247962496,0.22531341168739816,96,24.0,0.49798478110868594
LINK,2023-12-04 08:00:00+00:00,2023-12-04 08:00:00+00:00,2023-12-04 11:15:00+00:00,-1,16.089,16.522953534416498,15.221092931167,15.221092931167,alvo,2.0,1.9531019826059868,13,3.25,0.4339535344164993
LINK,2023-12-07 16:00:00+00:00,2023-12-07 16:00:00+00:00,2023-12-08 13:45:00+00:00,1,15.249,14.535030527500606,16.67693894499879,16.67693894499879,alvo,1.9999999999999976,1.9709345271561753,87,21.75,0.7139694724993948
LINK,2023-12-22 04:00:00+00:00,2023-12-22 04:00:00+00:00,2023-12-22 06:30:00+00:00,-1,15.31,15.653315620820322,14.623368758359357,15.653315620820322,stop,-1.0,-1.0586228937251487,10,2.5,0.34331562082032185
LINK,2023-12-27 20:00:00+00:00,2023-12-27 20:00:00+00:00,2023-12-28 00:15:00+00:00,-1,16.33,16.831911656687776,15.326176686624443,16.831911656687776,stop,-1.0,-1.0429462880362148,17,4.25,0.5019116566877777
LINK,2024-01-05 20:00:00+00:00,2024-01-05 20:00:00+00:00,2024-01-06 05:30:00+00:00,1,13.812,13.557216320264658,14.321567359470682,13.557216320264658,stop,-1.0,-1.0698239016983015,38,9.5,0.25478367973534155
LINK,2024-01-10 12:00:00+00:00,2024-01-10 12:00:00+00:00,2024-01-10 21:15:00+00:00,-1,14.218,14.597115522654951,13.459768954690098,14.597115522654951,stop,-1.0,-1.0494040047702624,37,9.25,0.37911552265495096
LINK,2024-01-11 16:00:00+00:00,2024-01-11 16:00:00+00:00,2024-01-12 16:00:00+00:00,-1,15.036,15.8536975485504,13.400604902899198,14.786,tempo,0.30573651644571453,0.28203056302275986,96,24.0,0.8176975485504006
LINK,2024-01-15 16:00:00+00:00,2024-01-15 16:00:00+00:00,2024-01-16 16:00:00+00:00,-1,15.318,16.167343576051664,13.619312847896671,15.066,tempo,0.29669971858911204,0.2734469377865424,96,24.0,0.8493435760516643
LINK,2024-01-20 04:00:00+00:00,2024-01-20 04:00:00+00:00,2024-01-21 04:00:00+00:00,-1,16.008,16.619867370424238,14.784265259151521,15.681,tempo,0.5344295443852057,0.5007656312634479,96,24.0,0.611867370424239
LINK,2024-01-23 16:00:00+00:00,2024-01-23 16:00:00+00:00,2024-01-24 16:00:00+00:00,1,14.117,13.423082863066922,15.504834273866159,14.146,tempo,0.041791733416718685,0.01531746289906798,96,24.0,0.693917136933079
LINK,2024-02-05 16:00:00+00:00,2024-02-05 16:00:00+00:00,2024-02-06 16:00:00+00:00,-1,19.281,19.96786770679065,17.907264586418698,18.639,tempo,0.9346778042597276,0.8987931648214195,96,24.0,0.6868677067906503
LINK,2024-02-13 16:00:00+00:00,2024-02-13 16:00:00+00:00,2024-02-14 16:00:00+00:00,1,19.886,19.224421694188507,21.209156611622983,20.115,tempo,0.3461419426671008,0.3068410016120467,96,24.0,0.6615783058114921
LINK,2024-02-23 20:00:00+00:00,2024-02-23 20:00:00+00:00,2024-02-24 20:00:00+00:00,1,18.158,17.48750653122501,19.498986937549986,18.492,tempo,0.4981405719137362,0.4626107701939308,96,24.0,0.6704934687749926
LINK,2024-02-28 20:00:00+00:00,2024-02-28 20:00:00+00:00,2024-02-29 20:00:00+00:00,1,18.898,17.657903804353385,21.37819239129323,19.782,tempo,0.7128479251071828,0.6925736914725167,96,24.0,1.2400961956466148
LINK,2024-03-02 20:00:00+00:00,2024-03-02 20:00:00+00:00,2024-03-03 07:30:00+00:00,-1,21.395,21.877028521367016,20.430942957265966,20.430942957265966,alvo,2.0,1.9435990574891258,46,11.5,0.4820285213670168
LINK,2024-03-11 04:00:00+00:00,2024-03-11 04:00:00+00:00,2024-03-12 04:00:00+00:00,-1,21.252,23.154681563802033,17.44663687239593,20.848,tempo,0.2123319044479029,0.19794957136568295,96,24.0,1.9026815638020338
LINK,2024-03-12 20:00:00+00:00,2024-03-12 20:00:00+00:00,2024-03-13 20:00:00+00:00,1,20.727,19.31914390266168,23.542712194676643,20.441,tempo,-0.20314576222719788,-0.22215281845303705,96,24.0,1.4078560973383212
LINK,2024-03-19 12:00:00+00:00,2024-03-19 12:00:00+00:00,2024-03-20 05:30:00+00:00,1,17.333,16.284726858612615,19.429546282774766,16.284726858612615,stop,-1.0,-1.0208452564464046,70,17.5,1.0482731413873836
LINK,2024-04-05 08:00:00+00:00,2024-04-05 08:00:00+00:00,2024-04-05 12:00:00+00:00,1,17.281,16.993383689305325,17.856232621389346,16.993383689305325,stop,-1.0,-1.0774585743911396,16,4.0,0.2876163106946734
LINK,2024-04-09 12:00:00+00:00,2024-04-09 12:00:00+00:00,2024-04-09 14:45:00+00:00,1,17.847,17.36992162831586,18.80115674336828,17.36992162831586,stop,-1.0,-1.0479816324047504,11,2.75,0.47707837168414
LINK,2024-04-09 16:00:00+00:00,2024-04-09 16:00:00+00:00,2024-04-10 03:00:00+00:00,1,17.531,17.146329865845725,18.300340268308545,17.146329865845725,stop,-1.0,-1.0585963463536263,44,11.0,0.3846701341542733
LINK,2024-04-10 04:00:00+00:00,2024-04-10 04:00:00+00:00,2024-04-10 12:45:00+00:00,1,17.407,16.985051494827744,18.250897010344513,16.985051494827744,stop,-1.0,-1.0529800039521693,35,8.75,0.42194850517225646
LINK,2024-04-10 16:00:00+00:00,2024-04-10 16:00:00+00:00,2024-04-11 16:00:00+00:00,1,17.169,16.6780802309544,18.1508395380912,17.254,tempo,0.1731443819531851,0.12756677149455709,96,24.0,0.4909197690456004
LINK,2024-04-14 00:00:00+00:00,2024-04-14 00:00:00+00:00,2024-04-15 00:00:00+00:00,1,13.279,11.440641301757688,16.955717396484623,14.084,tempo,0.4378906035963901,0.4282156962907563,96,24.0,1.8383586982423115
LINK,2024-04-19 08:00:00+00:00,2024-04-19 08:00:00+00:00,2024-04-20 02:15:00+00:00,-1,13.632,14.1406868842632,12.614626231473599,14.1406868842632,stop,-1.0,-1.0354879338021827,73,18.25,0.5086868842632004
LINK,2024-04-27 20:00:00+00:00,2024-04-27 20:00:00+00:00,2024-04-28 20:00:00+00:00,1,14.164,13.763072015048897,14.965855969902206,14.105,tempo,-0.14715859759002572,-0.19298939685997685,96,24.0,0.40092798495110316
LINK,2024-04-29 16:00:00+00:00,2024-04-29 16:00:00+00:00,2024-04-30 09:00:00+00:00,1,13.972,13.617205813945905,14.68158837210819,13.617205813945905,stop,-1.0,-1.0505447509681871,68,17.0,0.35479418605409485
LINK,2024-05-13 04:00:00+00:00,2024-05-13 04:00:00+00:00,2024-05-14 04:00:00+00:00,1,13.314,13.050932779268988,13.840134441462023,13.428,tempo,0.4333493153697271,0.3672738083122608,96,24.0,0.26306722073101163
LINK,2024-05-15 16:00:00+00:00,2024-05-15 16:00:00+00:00,2024-05-15 19:45:00+00:00,-1,13.608,13.76922327883471,13.285553442330581,13.76922327883471,stop,-1.0,-1.1103760899782138,15,3.75,0.16122327883470966
LINK,2024-05-19 12:00:00+00:00,2024-05-19 12:00:00+00:00,2024-05-19 15:45:00+00:00,-1,16.634,16.95087796443881,16.00024407112238,16.95087796443881,stop,-1.0,-1.068891412867873,15,3.75,0.31687796443880956
LINK,2024-05-24 00:00:00+00:00,2024-05-24 00:00:00+00:00,2024-05-25 00:00:00+00:00,1,16.606,15.239725492771136,19.338549014457733,17.259,tempo,0.477942021566691,0.4618308741482662,96,24.0,1.3662745072288658
LINK,2024-06-03 16:00:00+00:00,2024-06-03 16:00:00+00:00,2024-06-03 16:30:00+00:00,1,17.953,17.71804693234924,18.42290613530152,17.71804693234924,stop,-1.0,-1.0986843063504557,2,0.5,0.23495306765076052
LINK,2024-06-11 20:00:00+00:00,2024-06-11 20:00:00+00:00,2024-06-12 13:15:00+00:00,1,15.032,14.55967828719288,15.976643425614242,15.976643425614242,alvo,2.0,1.9573265050491548,69,17.25,0.4723217128071209
LINK,2024-06-12 20:00:00+00:00,2024-06-12 20:00:00+00:00,2024-06-13 20:00:00+00:00,-1,15.696,16.352629829939858,14.382740340120284,15.344,tempo,0.5360706808465292,0.5053440840943714,96,24.0,0.6566298299398579
LINK,2024-06-28 16:00:00+00:00,2024-06-28 16:00:00+00:00,2024-06-28 23:15:00+00:00,-1,14.365,14.667739750025788,13.759520499948424,13.759520499948424,alvo,2.0,1.9396150048898129,29,7.25,0.302739750025788
LINK,2024-07-05 08:00:00+00:00,2024-07-05 08:00:00+00:00,2024-07-06 08:00:00+00:00,1,11.497,10.84511151514919,12.80077696970162,12.483,tempo,1.5125286347490172,1.4886181034814383,96,24.0,0.6518884848508097
LINK,2024-07-08 16:00:00+00:00,2024-07-08 16:00:00+00:00,2024-07-09 16:00:00+00:00,-1,12.815,13.675409347273554,11.09418130545289,12.867,tempo,-0.06043634947107187,-0.0798379285600222,96,24.0,0.8604093472735546
LINK,2024-07-18 20:00:00+00:00,2024-07-18 20:00:00+00:00,2024-07-19 16:30:00+00:00,1,13.55,13.323266322297151,14.0034673554057,14.0034673554057,alvo,2.0,1.921009732817523,82,20.5,0.2267336777028497
LINK,2024-07-23 16:00:00+00:00,2024-07-23 16:00:00+00:00,2024-07-23 17:00:00+00:00,1,13.799,13.540949506125616,14.315100987748767,13.540949506125616,stop,-1.0,-1.068866239750862,4,1.0,0.25805049387438395
LINK,2024-07-25 16:00:00+00:00,2024-07-25 16:00:00+00:00,2024-07-25 19:00:00+00:00,1,12.828,12.62992070714482,13.22415858571036,12.62992070714482,stop,-1.0,-1.083540526731093,12,3.0,0.19807929285518
LINK,2024-08-03 04:00:00+00:00,2024-08-03 04:00:00+00:00,2024-08-03 17:30:00+00:00,1,11.958,11.503459118073428,12.867081763853145,11.503459118073428,stop,-1.0,-1.0335502240460985,54,13.5,0.4545408819265724
LINK,2024-08-04 20:00:00+00:00,2024-08-04 20:00:00+00:00,2024-08-05 01:00:00+00:00,1,11.072,10.381851143101681,12.452297713796636,10.381851143101681,stop,-1.0,-1.0202057905387079,20,5.0,0.6901488568983183
LINK,2024-08-05 08:00:00+00:00,2024-08-05 08:00:00+00:00,2024-08-06 08:00:00+00:00,1,9.048,7.664490442364824,11.815019115270353,10.104,tempo,0.763276259402944,0.7542782731358461,96,24.0,1.3835095576351764
LINK,2024-09-03 20:00:00+00:00,2024-09-03 20:00:00+00:00,2024-09-04 01:15:00+00:00,1,10.484,10.147592282999359,11.156815434001283,10.147592282999359,stop,-1.0,-1.039863933870233,21,5.25,0.3364077170006414
LINK,2024-09-09 00:00:00+00:00,2024-09-09 00:00:00+00:00,2024-09-09 07:30:00+00:00,-1,10.346,10.494347742131074,10.049304515737852,10.494347742131074,stop,-1.0,-1.091314002072349,30,7.5,0.14834774213107416
LINK,2024-09-16 20:00:00+00:00,2024-09-16 20:00:00+00:00,2024-09-17 15:30:00+00:00,1,10.527,10.357229894892479,10.86654021021504,10.86654021021504,alvo,2.0,1.9180904015590212,78,19.5,0.16977010510752066
LINK,2024-09-18 12:00:00+00:00,2024-09-18 12:00:00+00:00,2024-09-18 16:00:00+00:00,1,10.441,10.284979233838103,10.753041532323797,10.284979233838103,stop,-1.0,-1.0863467526368598,16,4.0,0.1560207661618982
LINK,2024-09-20 12:00:00+00:00,2024-09-20 12:00:00+00:00,2024-09-21 04:45:00+00:00,-1,11.6,11.794189430115901,11.211621139768196,11.211621139768196,alvo,2.0,1.923643868093132,67,16.75,0.19418943011590173
LINK,2024-09-23 00:00:00+00:00,2024-09-23 00:00:00+00:00,2024-09-24 00:00:00+00:00,1,11.121,10.778680822736206,11.80563835452759,11.389,tempo,0.7828950809655499,0.7401528071702235,96,24.0,0.34231917726379457
LINK,2024-09-25 20:00:00+00:00,2024-09-25 20:00:00+00:00,2024-09-26 15:45:00+00:00,-1,12.135,12.624410152182843,11.156179695634313,12.624410152182843,stop,-1.0,-1.0328836999541977,79,19.75,0.48941015218284356
LINK,2024-09-26 20:00:00+00:00,2024-09-26 20:00:00+00:00,2024-09-27 04:30:00+00:00,-1,12.615,12.820815464827339,12.203369070345323,12.820815464827339,stop,-1.0,-1.0803306013277854,34,8.5,0.2058154648273387
LINK,2024-10-02 16:00:00+00:00,2024-10-02 16:00:00+00:00,2024-10-02 18:15:00+00:00,1,10.923,10.695437783720642,11.378124432558716,10.695437783720642,stop,-1.0,-1.0617500777992426,9,2.25,0.2275622162793578
LINK,2024-10-09 16:00:00+00:00,2024-10-09 16:00:00+00:00,2024-10-09 20:30:00+00:00,1,10.708,10.498118713198144,11.127762573603713,10.498118713198144,stop,-1.0,-1.0656751126964068,18,4.5,0.20988128680185625
LINK,2024-10-10 20:00:00+00:00,2024-10-10 20:00:00+00:00,2024-10-11 20:00:00+00:00,1,10.459,10.183069542758094,11.01086091448381,10.953,tempo,1.790306169669827,1.7398666490053925,96,24.0,0.27593045724190546
LINK,2024-10-25 04:00:00+00:00,2024-10-25 04:00:00+00:00,2024-10-25 18:15:00+00:00,-1,11.893,12.154833061343101,11.3693338773138,11.3693338773138,alvo,2.0,1.942251307215782,57,14.25,0.2618330613431006
LINK,2024-11-01 04:00:00+00:00,2024-11-01 04:00:00+00:00,2024-11-01 21:45:00+00:00,1,11.392,11.138705424374939,11.898589151250121,11.138705424374939,stop,-1.0,-1.0578178924270447,71,17.75,0.25329457562506086
LINK,2024-11-05 20:00:00+00:00,2024-11-05 20:00:00+00:00,2024-11-06 00:45:00+00:00,-1,10.65,11.001134377868704,9.947731244262593,11.001134377868704,stop,-1.0,-1.0400793491968392,19,4.75,0.3511343778687035
LINK,2024-11-10 16:00:00+00:00,2024-11-10 16:00:00+00:00,2024-11-10 18:00:00+00:00,-1,14.597,14.868603930423072,14.053792139153854,14.868603930423072,stop,-1.0,-1.0705168092558206,8,2.0,0.2716039304230726
LINK,2024-11-10 20:00:00+00:00,2024-11-10 20:00:00+00:00,2024-11-11 20:00:00+00:00,-1,14.42,14.990683292295225,13.27863341540955,14.576,tempo,-0.2733565220957947,-0.3063825459070015,96,24.0,0.5706832922952252
LINK,2024-11-12 12:00:00+00:00,2024-11-12 12:00:00+00:00,2024-11-13 12:00:00+00:00,-1,14.208,15.543110568899676,11.537778862200648,13.496,tempo,0.5332891646470828,0.519801442791326,96,24.0,1.335110568899676
LINK,2024-11-18 12:00:00+00:00,2024-11-18 12:00:00+00:00,2024-11-18 16:00:00+00:00,-1,14.346,15.08290811418543,12.872183771629139,15.08290811418543,stop,-1.0,-1.0259581756612428,16,4.0,0.7369081141854306
LINK,2024-11-21 16:00:00+00:00,2024-11-21 16:00:00+00:00,2024-11-22 12:45:00+00:00,-1,14.824,15.547875380039224,13.37624923992155,15.547875380039224,stop,-1.0,-1.0272722619685666,83,20.75,0.7238753800392246
LINK,2024-11-25 08:00:00+00:00,2024-11-25 08:00:00+00:00,2024-11-25 09:15:00+00:00,-1,18.316,18.64439508726416,17.659209825471674,18.64439508726416,stop,-1.0,-1.0731565657905122,5,1.25,0.32839508726416256
LINK,2024-12-02 04:00:00+00:00,2024-12-02 04:00:00+00:00,2024-12-02 07:45:00+00:00,-1,18.885,19.907114820029793,16.840770359940418,19.907114820029793,stop,-1.0,-1.024669317124552,15,3.75,1.0221148200297918
LINK,2024-12-19 04:00:00+00:00,2024-12-19 04:00:00+00:00,2024-12-19 18:00:00+00:00,1,24.862,22.965040910882355,28.655918178235286,22.965040910882355,stop,-1.0,-1.0163881112515367,56,14.0,1.8969590891176438
LINK,2025-01-02 16:00:00+00:00,2025-01-02 16:00:00+00:00,2025-01-03 15:15:00+00:00,-1,22.205,23.069317471438243,20.47636505712351,23.069317471438243,stop,-1.0,-1.0340480290274192,93,23.25,0.8643174714382447
LINK,2025-01-04 16:00:00+00:00,2025-01-04 16:00:00+00:00,2025-01-05 16:00:00+00:00,-1,23.159,24.07398220507563,21.329035589848736,23.287,tempo,-0.1398934310306284,-0.172888498948375,96,24.0,0.9149822050756313
LINK,2025-01-06 20:00:00+00:00,2025-01-06 20:00:00+00:00,2025-01-07 15:45:00+00:00,-1,23.894,24.980052752047925,21.721894495904145,21.721894495904145,alvo,2.0,1.9726989951764062,79,19.75,1.0860527520479266
LINK,2025-01-09 16:00:00+00:00,2025-01-09 16:00:00+00:00,2025-01-10 16:00:00+00:00,1,20.185,19.103148813647593,22.34870237270481,19.975,tempo,-0.194111725022032,-0.2182407367838186,96,24.0,1.0818511863524058
LINK,2025-01-16 04:00:00+00:00,2025-01-16 04:00:00+00:00,2025-01-16 12:00:00+00:00,-1,21.599,22.326801958575658,20.143396082848685,22.326801958575658,stop,-1.0,-1.0392301380020348,32,8.0,0.7278019585756574
LINK,2025-01-27 00:00:00+00:00,2025-01-27 00:00:00+00:00,2025-01-28 00:00:00+00:00,-1,24.867,26.576998883633227,21.44700223273355,24.196,tempo,0.3923979169941498,0.37374822645619954,96,24.0,1.7099988836332258
LINK,2025-01-31 08:00:00+00:00,2025-01-31 08:00:00+00:00,2025-01-31 11:30:00+00:00,-1,24.89,25.56804060847648,23.533918783047042,25.56804060847648,stop,-1.0,-1.0483713305449425,14,3.5,0.6780406084764792
LINK,2025-02-03 00:00:00+00:00,2025-02-03 00:00:00+00:00,2025-02-03 01:45:00+00:00,1,20.45,18.939123282281717,23.471753435436565,18.939123282281717,stop,-1.0,-1.0169457440393606,7,1.75,1.5108767177182827
LINK,2025-02-17 08:00:00+00:00,2025-02-17 08:00:00+00:00,2025-02-18 06:15:00+00:00,1,18.797,18.215745351747753,19.959509296504496,18.215745351747753,stop,-1.0,-1.0413902659548202,89,22.25,0.5812546482522478
LINK,2025-02-25 04:00:00+00:00,2025-02-25 04:00:00+00:00,2025-02-25 07:15:00+00:00,1,15.116,14.65520197332858,16.03759605334284,14.65520197332858,stop,-1.0,-1.0419951479012353,13,3.25,0.46079802667141934
LINK,2025-02-28 12:00:00+00:00,2025-02-28 12:00:00+00:00,2025-02-28 15:45:00+00:00,1,13.76,13.288390886475305,14.703218227049389,14.703218227049389,alvo,2.0,1.9607702834465828,15,3.75,0.4716091135246945
LINK,2025-03-11 04:00:00+00:00,2025-03-11 04:00:00+00:00,2025-03-12 04:00:00+00:00,1,12.431,11.646224691809895,14.000550616380208,12.832,tempo,0.5109742824666741,0.4900498855996639,96,24.0,0.7847753081901043
LINK,2025-03-14 16:00:00+00:00,2025-03-14 16:00:00+00:00,2025-03-15 16:00:00+00:00,-1,14.365,14.812823792262883,13.469352415474235,14.033,tempo,0.741363022099347,0.7001443545811988,96,24.0,0.4478237922628825
LINK,2025-03-20 04:00:00+00:00,2025-03-20 04:00:00+00:00,2025-03-21 04:00:00+00:00,-1,14.712,15.27501562551678,13.58596874896644,14.126,tempo,1.040823688440483,1.007530296302752,96,24.0,0.5630156255167797
LINK,2025-03-31 00:00:00+00:00,2025-03-31 00:00:00+00:00,2025-03-31 09:15:00+00:00,1,13.409,13.09324569075577,14.040508618488461,13.09324569075577,stop,-1.0,-1.0545565308046734,37,9.25,0.3157543092442303
LINK,2025-03-31 12:00:00+00:00,2025-03-31 12:00:00+00:00,2025-04-01 08:30:00+00:00,1,13.221,12.84688079438938,13.96923841122124,13.96923841122124,alvo,2.0,1.9527592951598203,82,20.5,0.3741192056106204
DOT,2023-01-03 08:00:00+00:00,2023-01-03 08:00:00+00:00,2023-01-04 01:15:00+00:00,-1,4.508,4.556805860077309,4.410388279845383,4.556805860077309,stop,-1.0,-1.1207257448125512,69,17.25,0.048805860077308694
DOT,2023-01-12 16:00:00+00:00,2023-01-12 16:00:00+00:00,2023-01-12 18:00:00+00:00,-1,5.068,5.212652617717649,4.778694764564701,5.212652617717649,stop,-1.0,-1.0461963586069354,8,2.0,0.14465261771764926
DOT,2023-01-16 16:00:00+00:00,2023-01-16 16:00:00+00:00,2023-01-17 15:30:00+00:00,1,5.76,5.548916606069569,6.1821667878608615,6.1821667878608615,alvo,2.0,1.9632258688494089,94,23.5,0.21108339393043085
DOT,2023-02-13 00:00:00+00:00,2023-02-13 00:00:00+00:00,2023-02-13 09:30:00+00:00,1,6.175,6.031277563694396,6.462444872611207,6.031277563694396,stop,-1.0,-1.055204188158422,38,9.5,0.14372243630560355
DOT,2023-02-17 08:00:00+00:00,2023-02-17 08:00:00+00:00,2023-02-17 15:15:00+00:00,-1,6.644,6.873079160167762,6.185841679664476,6.873079160167762,stop,-1.0,-1.0383539971408777,29,7.25,0.2290791601677622
DOT,2023-02-19 08:00:00+00:00,2023-02-19 08:00:00+00:00,2023-02-19 11:30:00+00:00,-1,7.399,7.611740617381388,6.973518765237224,7.611740617381388,stop,-1.0,-1.0458632748245071,14,3.5,0.21274061738138794
DOT,2023-02-22 04:00:00+00:00,2023-02-22 04:00:00+00:00,2023-02-22 08:45:00+00:00,1,7.197,6.981617807783297,7.627764384433406,6.981617807783297,stop,-1.0,-1.0427895244272867,19,4.75,0.21538219221670296
DOT,2023-02-27 16:00:00+00:00,2023-02-27 16:00:00+00:00,2023-02-28 08:00:00+00:00,-1,6.689,6.810068654385451,6.446862691229098,6.446862691229098,alvo,2.0,1.9294754633836504,64,16.0,0.12106865438545089
DOT,2023-03-08 16:00:00+00:00,2023-03-08 16:00:00+00:00,2023-03-08 23:00:00+00:00,1,5.677,5.5062284957401095,6.01854300851978,5.5062284957401095,stop,-1.0,-1.042566226454084,28,7.0,0.17077150425989007
DOT,2023-03-09 00:00:00+00:00,2023-03-09 00:00:00+00:00,2023-03-09 20:15:00+00:00,1,5.594,5.450115099341017,5.881769801317968,5.450115099341017,stop,-1.0,-1.0498917869887234,81,20.25,0.14388490065898374
DOT,2023-03-10 12:00:00+00:00,2023-03-10 12:00:00+00:00,2023-03-11 02:00:00+00:00,1,5.284,5.095212895992965,5.661574208014069,5.661574208014069,alvo,2.0,1.9623140400790087,56,14.0,0.18878710400703458
DOT,2023-04-11 16:00:00+00:00,2023-04-11 16:00:00+00:00,2023-04-12 02:15:00+00:00,-1,6.437,6.503658414791179,6.303683170417643,6.303683170417643,alvo,2.0,1.8757629612598077,41,10.25,0.06665841479117862
DOT,2023-04-15 20:00:00+00:00,2023-04-15 20:00:00+00:00,2023-04-16 20:00:00+00:00,-1,6.787,6.909085717180309,6.542828565639382,6.806,tempo,-0.1556283604570952,-0.2279992340044969,96,24.0,0.12208571718030914
DOT,2023-04-16 20:00:00+00:00,2023-04-16 20:00:00+00:00,2023-04-17 20:00:00+00:00,-1,6.806,6.9125954445863,6.5928091108274005,6.705,tempo,0.9475076574987245,0.8651199904264233,96,24.0,0.10659544458629977
DOT,2023-04-18 04:00:00+00:00,2023-04-18 04:00:00+00:00,2023-04-19 04:00:00+00:00,1,6.718,6.525171006050784,7.103657987898432,6.847,tempo,0.6689865323571329,0.6232607842763119,96,24.0,0.19282899394921582
DOT,2023-04-26 04:00:00+00:00,2023-04-26 04:00:00+00:00,2023-04-26 09:00:00+00:00,-1,5.991,6.0692732320822325,5.834453535835534,6.0692732320822325,stop,-1.0,-1.100151448871023,20,5.0,0.0782732320822328
DOT,2023-04-27 00:00:00+00:00,2023-04-27 00:00:00+00:00,2023-04-28 00:00:00+00:00,1,5.845,5.5378930801346264,6.459213839730746,5.966,tempo,0.39399958832918286,0.36900129130817977,96,24.0,0.3071069198653733
DOT,2023-05-03 16:00:00+00:00,2023-05-03 16:00:00+00:00,2023-05-03 21:30:00+00:00,1,5.6,5.52786790443974,5.74426419112052,5.74426419112052,alvo,2.0,1.8977740537418852,22,5.5,0.07213209556026001
DOT,2023-05-12 20:00:00+00:00,2023-05-12 20:00:00+00:00,2023-05-13 20:00:00+00:00,1,5.248,5.071976511499518,5.600046977000965,5.344,tempo,0.5453817602287601,0.5062687983243542,96,24.0,0.17602348850048255
DOT,2023-05-15 04:00:00+00:00,2023-05-15 04:00:00+00:00,2023-05-16 01:30:00+00:00,1,5.384,5.239890814890208,5.672218370219586,5.239890814890208,stop,-1.0,-1.0479187292913876,86,21.5,0.14410918510979265
DOT,2023-05-25 04:00:00+00:00,2023-05-25 04:00:00+00:00,2023-05-26 04:00:00+00:00,1,5.236,5.113541293008748,5.480917413982504,5.215,tempo,-0.17148637704871442,-0.22695936191768962,96,24.0,0.12245870699125216
DOT,2023-06-04 04:00:00+00:00,2023-06-04 04:00:00+00:00,2023-06-05 04:00:00+00:00,-1,5.336,5.399117511075395,5.209764977849211,5.262,tempo,1.1724163190086336,1.0632754501335702,96,24.0,0.06311751107539454
DOT,2023-06-05 20:00:00+00:00,2023-06-05 20:00:00+00:00,2023-06-06 20:00:00+00:00,1,5.047,4.824052859656279,5.492894280687442,5.248,tempo,0.9015589959580359,0.871544033713249,96,24.0,0.2229471403437211
DOT,2023-06-09 04:00:00+00:00,2023-06-09 04:00:00+00:00,2023-06-09 20:00:00+00:00,1,5.005,4.93095100951158,5.153097980976839,4.93095100951158,stop,-1.0,-1.0872175044329948,64,16.0,0.07404899048841962
DOT,2023-06-13 16:00:00+00:00,2023-06-13 16:00:00+00:00,2023-06-14 16:00:00+00:00,-1,4.554,4.74171899613304,4.178562007733921,4.669,tempo,-0.6126178083676571,-0.6445535747178632,96,24.0,0.18771899613303944
DOT,2023-06-29 16:00:00+00:00,2023-06-29 16:00:00+00:00,2023-06-30 16:00:00+00:00,-1,5.022,5.261884347862866,4.542231304274269,4.969,tempo,0.2209398006671881,0.19386779677090846,96,24.0,0.2398843478628656
DOT,2023-07-07 04:00:00+00:00,2023-07-07 04:00:00+00:00,2023-07-08 04:00:00+00:00,1,5.088,4.9412375316759745,5.381524936648051,5.133,tempo,0.306617901115208,0.261349856254229,96,24.0,0.14676246832402562
DOT,2023-07-14 00:00:00+00:00,2023-07-14 00:00:00+00:00,2023-07-14 00:15:00+00:00,-1,5.544,5.582405170668798,5.467189658662403,5.582405170668798,stop,-1.0,-1.1883122307489287,1,0.25,0.03840517066879823
DOT,2023-07-17 12:00:00+00:00,2023-07-17 12:00:00+00:00,2023-07-18 12:00:00+00:00,1,5.266,5.132980197162837,5.532039605674326,5.186,tempo,-0.6014142127238947,-0.6524878112039396,96,24.0,0.13301980283716297
DOT,2023-07-31 00:00:00+00:00,2023-07-31 00:00:00+00:00,2023-07-31 20:00:00+00:00,1,5.181,5.060929593763266,5.421140812473468,5.060929593763266,stop,-1.0,-1.0554445882594958,80,20.0,0.12007040623673415
DOT,2023-08-03 12:00:00+00:00,2023-08-03 12:00:00+00:00,2023-08-03 22:15:00+00:00,1,5.026,4.958621457106644,5.160757085786711,4.958621457106644,stop,-1.0,-1.096321524159278,41,10.25,0.06737854289335576
DOT,2023-08-07 20:00:00+00:00,2023-08-07 20:00:00+00:00,2023-08-08 20:00:00+00:00,1,4.949,4.790527258350311,5.265945483299378,5.047,tempo,0.6184028810243798,0.5774027700124633,96,24.0,0.15847274164968894
DOT,2023-08-14 04:00:00+00:00,2023-08-14 04:00:00+00:00,2023-08-15 04:00:00+00:00,1,5.003,4.934774341715493,5.139451316569014,4.972,tempo,-0.4543745092312194,-0.5494084035611533,96,24.0,0.06822565828450688
DOT,2023-08-29 04:00:00+00:00,2023-08-29 04:00:00+00:00,2023-08-29 14:30:00+00:00,-1,4.599,4.696810081155913,4.403379837688174,4.696810081155913,stop,-1.0,-1.0617756010560888,42,10.5,0.09781008115591305
DOT,2023-09-11 20:00:00+00:00,2023-09-11 20:00:00+00:00,2023-09-12 03:30:00+00:00,1,3.934,3.881040001732048,4.039919996535905,4.039919996535905,alvo,2.0,1.902132776297979,30,7.5,0.05295999826795228
DOT,2023-09-18 04:00:00+00:00,2023-09-18 04:00:00+00:00,2023-09-19 04:00:00+00:00,1,4.12,3.983440230029588,4.393119539940824,4.107,tempo,-0.09519641108663682,-0.13435545478712518,96,24.0,0.13655976997041197
DOT,2023-09-22 04:00:00+00:00,2023-09-22 04:00:00+00:00,2023-09-23 04:00:00+00:00,1,4.02,3.958016659394422,4.143966681211155,4.004,tempo,-0.25813387667847376,-0.3422790671287391,96,24.0,0.06198334060557764
DOT,2023-09-25 12:00:00+00:00,2023-09-25 12:00:00+00:00,2023-09-25 16:15:00+00:00,-1,4.028,4.08192134694999,3.920157306100019,4.08192134694999,stop,-1.0,-1.0977618174191108,17,4.25,0.0539213469499904
DOT,2023-10-02 08:00:00+00:00,2023-10-02 08:00:00+00:00,2023-10-02 13:45:00+00:00,-1,4.275,4.303083632215903,4.218832735568196,4.218832735568196,alvo,2.0,1.803408931021641,23,5.75,0.028083632215902377
DOT,2023-10-02 20:00:00+00:00,2023-10-02 20:00:00+00:00,2023-10-03 20:00:00+00:00,1,4.154,3.990466247583931,4.481067504832137,4.063,tempo,-0.5564600497178991,-0.5891202799216988,96,24.0,0.1635337524160687
DOT,2023-10-09 20:00:00+00:00,2023-10-09 20:00:00+00:00,2023-10-10 20:00:00+00:00,1,3.852,3.719757798209106,4.116484403581788,3.814,tempo,-0.2873515374470757,-0.32503164207720836,96,24.0,0.13224220179089397
DOT,2023-10-14 00:00:00+00:00,2023-10-14 00:00:00+00:00,2023-10-15 00:00:00+00:00,-1,3.717,3.7986950428246953,3.5536099143506097,3.731,tempo,-0.17136902700499962,-0.23062843654332937,96,24.0,0.0816950428246952
DOT,2023-10-16 16:00:00+00:00,2023-10-16 16:00:00+00:00,2023-10-17 16:00:00+00:00,-1,3.759,3.9159619426677073,3.445076114664585,3.694,tempo,0.4141131212781094,0.3832492703492519,96,24.0,0.15696194266770735
DOT,2023-10-23 08:00:00+00:00,2023-10-23 08:00:00+00:00,2023-10-23 16:00:00+00:00,-1,3.964,4.077404501150957,3.7371909976980864,4.077404501150957,stop,-1.0,-1.0460908771054016,32,8.0,0.1134045011509568
DOT,2023-10-24 04:00:00+00:00,2023-10-24 04:00:00+00:00,2023-10-25 04:00:00+00:00,-1,4.294,4.457010211893112,3.967979576213774,4.205,tempo,0.5459780646034473,0.5120884699833117,96,24.0,0.1630102118931127
DOT,2023-10-27 20:00:00+00:00,2023-10-27 20:00:00+00:00,2023-10-28 20:00:00+00:00,1,4.119,3.989238555837554,4.378522888324891,4.151,tempo,0.24660637993470447,0.20518036133036063,96,24.0,0.12976144416244573
DOT,2023-11-02 00:00:00+00:00,2023-11-02 00:00:00+00:00,2023-11-03 00:00:00+00:00,-1,4.732,4.850223555702323,4.495552888595355,4.633,tempo,0.8373965696757935,0.7859072538297434,96,24.0,0.11822355570232279
DOT,2023-11-05 16:00:00+00:00,2023-11-05 16:00:00+00:00,2023-11-06 16:00:00+00:00,-1,4.777,4.9438993606748145,4.443201278650371,4.873,tempo,-0.5751969307242936,-0.6127794593489616,96,24.0,0.16689936067481437
DOT,2023-11-09 16:00:00+00:00,2023-11-09 16:00:00+00:00,2023-11-09 16:15:00+00:00,-1,5.153,5.302893930654717,4.853212138690565,4.853212138690565,alvo,2.0,1.9566090644114804,1,0.25,0.14989393065471734
DOT,2023-11-09 20:00:00+00:00,2023-11-09 20:00:00+00:00,2023-11-10 20:00:00+00:00,1,4.871,4.311740354190198,5.9895192916196045,5.153,tempo,0.5042380620752033,0.492587659531738,96,24.0,0.559259645809802
DOT,2023-11-13 04:00:00+00:00,2023-11-13 04:00:00+00:00,2023-11-14 04:00:00+00:00,-1,5.658,5.948632125962563,5.076735748074875,5.373,tempo,0.9806211170086271,0.9559502380538222,96,24.0,0.2906321259625626
DOT,2023-11-24 20:00:00+00:00,2023-11-24 20:00:00+00:00,2023-11-25 02:00:00+00:00,-1,5.23,5.318410272682942,5.053179454634117,5.318410272682942,stop,-1.0,-1.0775528280727364,24,6.0,0.08841027268294166
DOT,2023-12-06 04:00:00+00:00,2023-12-06 04:00:00+00:00,2023-12-06 13:00:00+00:00,-1,5.88,6.041051707968872,5.557896584062255,6.041051707968872,stop,-1.0,-1.0481130172905548,36,9.0,0.16105170796887247
DOT,2023-12-06 20:00:00+00:00,2023-12-06 20:00:00+00:00,2023-12-07 17:30:00+00:00,-1,6.081,6.248810766389352,5.745378467221298,6.248810766389352,stop,-1.0,-1.0477584196210525,86,21.5,0.16781076638935133
DOT,2023-12-09 12:00:00+00:00,2023-12-09 12:00:00+00:00,2023-12-09 16:30:00+00:00,-1,7.597,7.776667788764063,7.237664422471876,7.237664422471876,alvo,2.0,1.946331326605966,18,4.5,0.1796677887640623
DOT,2023-12-11 04:00:00+00:00,2023-12-11 04:00:00+00:00,2023-12-12 04:00:00+00:00,1,6.847,6.067933410588033,8.405133178823935,6.91,tempo,0.08086600151541803,0.0693880994701649,96,24.0,0.7790665894119675
DOT,2023-12-21 16:00:00+00:00,2023-12-21 16:00:00+00:00,2023-12-21 17:15:00+00:00,-1,7.55,7.916675928689892,6.816648142620216,7.916675928689892,stop,-1.0,-1.0274175056692931,5,1.25,0.36667592868989196
DOT,2023-12-22 04:00:00+00:00,2023-12-22 04:00:00+00:00,2023-12-23 04:00:00+00:00,-1,8.244,8.680257240517399,7.371485518965201,7.623,tempo,1.423472076391205,1.39983109340656,96,24.0,0.4362572405173992
DOT,2023-12-24 16:00:00+00:00,2023-12-24 16:00:00+00:00,2023-12-25 06:30:00+00:00,-1,8.943,9.358857608419687,8.111284783160626,9.358857608419687,stop,-1.0,-1.0286064441400506,58,14.5,0.415857608419687
DOT,2023-12-25 08:00:00+00:00,2023-12-25 08:00:00+00:00,2023-12-26 00:45:00+00:00,-1,9.207,9.511216227601281,8.59856754479744,9.511216227601281,stop,-1.0,-1.0399940550307765,67,16.75,0.3042162276012803
DOT,2024-01-10 16:00:00+00:00,2024-01-10 16:00:00+00:00,2024-01-10 22:00:00+00:00,1,7.077,6.720953249349023,7.789093501301954,7.789093501301954,alvo,2.0,1.9728604157791665,24,6.0,0.356046750650977
DOT,2024-01-19 20:00:00+00:00,2024-01-19 20:00:00+00:00,2024-01-20 20:00:00+00:00,1,6.85,6.514516650411191,7.520966699177617,6.842,tempo,-0.023846190905764345,-0.05037448213365451,96,24.0,0.33548334958880854
DOT,2024-01-30 00:00:00+00:00,2024-01-30 00:00:00+00:00,2024-01-31 00:00:00+00:00,-1,7.032,7.349066020527061,6.397867958945879,6.836,tempo,0.6181677862364054,0.5897377451206288,96,24.0,0.31706602052706057
DOT,2024-01-31 16:00:00+00:00,2024-01-31 16:00:00+00:00,2024-02-01 01:30:00+00:00,1,6.79,6.567608763302431,7.234782473395138,6.567608763302431,stop,-1.0,-1.0390413121716386,38,9.5,0.2223912366975691
DOT,2024-02-05 04:00:00+00:00,2024-02-05 04:00:00+00:00,2024-02-06 04:00:00+00:00,1,6.837,6.554402095043129,7.40219580991374,6.75,tempo,-0.30785790861852835,-0.3391092018697924,96,24.0,0.2825979049568703
DOT,2024-02-12 04:00:00+00:00,2024-02-12 04:00:00+00:00,2024-02-12 17:30:00+00:00,1,7.07,6.954921499852523,7.300157000294956,7.300157000294956,alvo,2.0,1.9188327790315187,54,13.5,0.11507850014747767
DOT,2024-02-12 20:00:00+00:00,2024-02-12 20:00:00+00:00,2024-02-13 01:00:00+00:00,-1,7.223,7.416320665267378,6.836358669465244,7.416320665267378,stop,-1.0,-1.0492216309066753,20,5.0,0.193320665267378
DOT,2024-02-15 16:00:00+00:00,2024-02-15 16:00:00+00:00,2024-02-16 16:00:00+00:00,-1,7.801,8.003695424555042,7.395609150889916,7.648,tempo,0.7548271024660116,0.7052855303163496,96,24.0,0.20269542455504208
DOT,2024-02-26 16:00:00+00:00,2024-02-26 16:00:00+00:00,2024-02-27 16:00:00+00:00,1,7.867,7.54907334877379,8.502853302452419,8.048,tempo,0.5693137058560583,0.5367755403386304,96,24.0,0.3179266512262098
DOT,2024-02-27 16:00:00+00:00,2024-02-27 16:00:00+00:00,2024-02-27 21:00:00+00:00,-1,8.048,8.311837867604826,7.520324264790348,8.311837867604826,stop,-1.0,-1.0403046564561782,20,5.0,0.26383786760482586
DOT,2024-02-28 12:00:00+00:00,2024-02-28 12:00:00+00:00,2024-02-28 17:00:00+00:00,-1,8.419,8.675259480650773,7.906481038698455,8.675259480650773,stop,-1.0,-1.0433594442406808,20,5.0,0.25625948065077253
DOT,2024-02-28 20:00:00+00:00,2024-02-28 20:00:00+00:00,2024-02-29 20:00:00+00:00,1,8.133,7.568875834834189,9.26124833033162,8.574,tempo,0.781742792157077,0.7624925088496635,96,24.0,0.5641241651658104
DOT,2024-03-04 12:00:00+00:00,2024-03-04 12:00:00+00:00,2024-03-04 13:15:00+00:00,-1,9.984,10.29794351862189,9.35611296275622,10.29794351862189,stop,-1.0,-1.0419924684063377,5,1.25,0.3139435186218904
DOT,2024-03-04 16:00:00+00:00,2024-03-04 16:00:00+00:00,2024-03-05 07:45:00+00:00,-1,10.17,10.442592912728024,9.624814174543951,10.442592912728024,stop,-1.0,-1.0491508941270278,63,15.75,0.2725929127280242
DOT,2024-03-08 20:00:00+00:00,2024-03-08 20:00:00+00:00,2024-03-09 20:00:00+00:00,1,10.501,9.86483655288877,11.773326894222459,10.45,tempo,-0.08016807666581179,-0.10157476084711613,96,24.0,0.6361634471112296
DOT,2024-03-15 12:00:00+00:00,2024-03-15 12:00:00+00:00,2024-03-16 12:00:00+00:00,1,10.394,9.79917234869679,11.583655302606422,10.354,tempo,-0.06724636945233585,-0.08991881914503762,96,24.0,0.5948276513032109
DOT,2024-04-05 16:00:00+00:00,2024-04-05 16:00:00+00:00,2024-04-06 16:00:00+00:00,1,8.406,8.026298426988777,9.165403146022447,8.434,tempo,0.0737421227358757,0.04491422004062809,96,24.0,0.3797015730112232
DOT,2024-04-14 00:00:00+00:00,2024-04-14 00:00:00+00:00,2024-04-15 00:00:00+00:00,1,6.389,5.471241551866274,8.224516896267453,6.849,tempo,0.5012212101511195,0.49184543157071225,96,24.0,0.9177584481337266
DOT,2024-04-17 20:00:00+00:00,2024-04-17 20:00:00+00:00,2024-04-18 20:00:00+00:00,1,6.622,6.254884058600493,7.356231882799014,6.752,tempo,0.35411156351429013,0.33043212326208954,96,24.0,0.3671159413995069
DOT,2024-04-29 16:00:00+00:00,2024-04-29 16:00:00+00:00,2024-04-30 08:45:00+00:00,1,6.624,6.423039779497619,7.025920441004762,6.423039779497619,stop,-1.0,-1.042200271454086,67,16.75,0.20096022050238105
DOT,2024-05-02 04:00:00+00:00,2024-05-02 04:00:00+00:00,2024-05-02 10:15:00+00:00,-1,6.865,7.015982567148333,6.563034865703335,7.015982567148333,stop,-1.0,-1.0597594731568059,25,6.25,0.1509825671483327
DOT,2024-05-13 20:00:00+00:00,2024-05-13 20:00:00+00:00,2024-05-14 20:00:00+00:00,-1,6.702,6.856369367410456,6.393261265179088,6.549,tempo,0.9911292801581858,0.9353335601621433,96,24.0,0.15436936741045582
DOT,2024-05-20 04:00:00+00:00,2024-05-20 04:00:00+00:00,2024-05-20 19:30:00+00:00,1,6.943,6.818147976438541,7.192704047122916,7.192704047122916,alvo,2.0,1.926407218973852,62,15.5,0.1248520235614583
DOT,2024-05-21 04:00:00+00:00,2024-05-21 04:00:00+00:00,2024-05-22 04:00:00+00:00,-1,7.491,7.7081264142794454,7.056747171441108,7.613,tempo,-0.5618846532554278,-0.6071007087619888,96,24.0,0.2171264142794458
DOT,2024-05-28 16:00:00+00:00,2024-05-28 16:00:00+00:00,2024-05-29 16:00:00+00:00,1,7.393,7.23609735133389,7.706805297332219,7.23609735133389,stop,-1.0,-1.0606039054101761,96,24.0,0.1569026486661098
DOT,2024-06-11 04:00:00+00:00,2024-06-11 04:00:00+00:00,2024-06-11 13:15:00+00:00,1,6.438,6.2737234217541085,6.766553156491782,6.2737234217541085,stop,-1.0,-1.0502970071106095,37,9.25,0.16427657824589126
DOT,2024-06-12 20:00:00+00:00,2024-06-12 20:00:00+00:00,2024-06-13 20:00:00+00:00,-1,6.701,6.972890187443532,6.157219625112934,6.456,tempo,0.9010990882150974,0.8696450292054242,96,24.0,0.27189018744353266
DOT,2024-06-17 12:00:00+00:00,2024-06-17 12:00:00+00:00,2024-06-17 16:30:00+00:00,1,6.2,6.074046941951021,6.451906116097958,6.074046941951021,stop,-1.0,-1.0633420945537164,18,4.5,0.12595305804897894
DOT,2024-06-27 08:00:00+00:00,2024-06-27 08:00:00+00:00,2024-06-27 13:15:00+00:00,1,5.799,5.67638990445275,6.0442201910945,6.0442201910945,alvo,2.0,1.9372148509480214,21,5.25,0.12261009554725
DOT,2024-07-04 00:00:00+00:00,2024-07-04 00:00:00+00:00,2024-07-04 01:45:00+00:00,1,6.076,5.949458360563945,6.329083278872109,5.949458360563945,stop,-1.0,-1.0617705600243665,7,1.75,0.1265416394360548
DOT,2024-07-04 16:00:00+00:00,2024-07-04 16:00:00+00:00,2024-07-04 23:45:00+00:00,1,5.836,5.55450718538978,6.398985629220441,5.55450718538978,stop,-1.0,-1.0263020201093067,31,7.75,0.28149281461022024
DOT,2024-07-17 16:00:00+00:00,2024-07-17 16:00:00+00:00,2024-07-18 16:00:00+00:00,-1,6.378,6.568580420902935,5.996839158194131,6.08,tempo,1.5636443585764563,1.5211546843400652,96,24.0,0.19058042090293448
DOT,2024-07-18 20:00:00+00:00,2024-07-18 20:00:00+00:00,2024-07-19 01:30:00+00:00,1,6.085,5.974800281528881,6.3053994369422375,5.974800281528881,stop,-1.0,-1.0711333049825185,22,5.5,0.11019971847111876
DOT,2024-07-19 04:00:00+00:00,2024-07-19 04:00:00+00:00,2024-07-20 04:00:00+00:00,1,6.13,5.935570097661408,6.5188598046771835,6.326,tempo,1.0080753919151473,0.9664336490421789,96,24.0,0.1944299023385918
DOT,2024-07-30 04:00:00+00:00,2024-07-30 04:00:00+00:00,2024-07-30 17:30:00+00:00,1,5.687,5.5754296250103135,5.910140749979374,5.5754296250103135,stop,-1.0,-1.0656140060202666,54,13.5,0.1115703749896868
DOT,2024-07-31 00:00:00+00:00,2024-07-31 00:00:00+00:00,2024-07-31 05:00:00+00:00,1,5.517,5.452907014233791,5.6451859715324195,5.452907014233791,stop,-1.0,-1.1112514805483005,20,5.0,0.06409298576620959
DOT,2024-08-01 08:00:00+00:00,2024-08-01 08:00:00+00:00,2024-08-01 15:00:00+00:00,1,5.357,5.22549928238413,5.62000143523174,5.22549928238413,stop,-1.0,-1.05230864635768,28,7.0,0.1315007176158698
DOT,2024-08-03 04:00:00+00:00,2024-08-03 04:00:00+00:00,2024-08-03 17:30:00+00:00,1,5.134,4.956333569634307,5.489332860731388,4.956333569634307,stop,-1.0,-1.036915903622099,54,13.5,0.17766643036569363
DOT,2024-08-04 20:00:00+00:00,2024-08-04 20:00:00+00:00,2024-08-05 01:00:00+00:00,1,4.764,4.48744864704649,5.317102705907021,4.48744864704649,stop,-1.0,-1.021744394147264,20,5.0,0.2765513529535104
DOT,2024-08-05 08:00:00+00:00,2024-08-05 08:00:00+00:00,2024-08-06 08:00:00+00:00,1,4.014,3.5033523342909225,5.035295331418156,4.43,tempo,0.8146517215981945,0.8039034104463584,96,24.0,0.5106476657090777
DOT,2024-08-14 16:00:00+00:00,2024-08-14 16:00:00+00:00,2024-08-15 16:00:00+00:00,1,4.439,4.34376132431321,4.6294773513735805,4.451,tempo,0.1259992320710523,0.06532535186083546,96,24.0,0.09523867568679023
DOT,2024-08-23 12:00:00+00:00,2024-08-23 12:00:00+00:00,2024-08-23 14:15:00+00:00,-1,4.716,4.799660964387331,4.548678071225338,4.799660964387331,stop,-1.0,-1.0739314885041942,9,2.25,0.08366096438733095
DOT,2024-08-24 00:00:00+00:00,2024-08-24 00:00:00+00:00,2024-08-24 11:00:00+00:00,-1,4.89,4.97478474498694,4.720430510026119,4.97478474498694,stop,-1.0,-1.0756281107554098,44,11.0,0.08478474498694055
DOT,2024-09-03 16:00:00+00:00,2024-09-03 16:00:00+00:00,2024-09-04 16:00:00+00:00,-1,4.104,4.30416509714548,3.7036698057090396,4.156,tempo,-0.2597855507356806,-0.28660840884913985,96,24.0,0.20016509714548025
DOT,2024-09-07 00:00:00+00:00,2024-09-07 00:00:00+00:00,2024-09-08 00:00:00+00:00,1,3.957,3.78550341235861,4.299993175282779,4.079,tempo,0.711384416902275,0.6809266680231985,96,24.0,0.17149658764138964
DOT,2024-09-09 00:00:00+00:00,2024-09-09 00:00:00+00:00,2024-09-09 16:15:00+00:00,-1,4.161,4.222217304417155,4.0385653911656885,4.222217304417155,stop,-1.0,-1.0890122703008807,65,16.25,0.06121730441715556
DOT,2024-09-11 16:00:00+00:00,2024-09-11 16:00:00+00:00,2024-09-12 16:00:00+00:00,1,4.121,4.034322227025336,4.29435554594933,4.215,tempo,1.084476409280555,1.0219644201736848,96,24.0,0.08667777297466461
DOT,2024-09-12 16:00:00+00:00,2024-09-12 16:00:00+00:00,2024-09-12 20:00:00+00:00,-1,4.214,4.2925257219056,4.056948556188802,4.2925257219056,stop,-1.0,-1.070413128145268,16,4.0,0.07852572190559926
DOT,2024-09-18 20:00:00+00:00,2024-09-18 20:00:00+00:00,2024-09-19 15:45:00+00:00,1,4.054,3.9463502304697755,4.26929953906045,4.26929953906045,alvo,2.0,1.9497430907283988,79,19.75,0.10764976953022476
DOT,2024-09-23 04:00:00+00:00,2024-09-23 04:00:00+00:00,2024-09-24 04:00:00+00:00,1,4.397,4.20252757058936,4.785944858821281,4.489,tempo,0.4730747709524209,0.44337441693563723,96,24.0,0.19447242941064058
DOT,2024-09-28 12:00:00+00:00,2024-09-28 12:00:00+00:00,2024-09-29 07:45:00+00:00,1,4.822,4.730991872942174,5.004016254115652,4.730991872942174,stop,-1.0,-1.0682295627671468,79,19.75,0.09100812705782602
DOT,2024-10-08 16:00:00+00:00,2024-10-08 16:00:00+00:00,2024-10-09 16:00:00+00:00,1,4.11,4.016310511766439,4.297378976467123,4.098,tempo,-0.12808267209321578,-0.18502822810585734,96,24.0,0.09368948823356149
DOT,2024-10-14 20:00:00+00:00,2024-10-14 20:00:00+00:00,2024-10-14 23:00:00+00:00,-1,4.352,4.3907476402102015,4.274504719579598,4.3907476402102015,stop,-1.0,-1.1466614724227906,12,3.0,0.03874764021020116
DOT,2024-10-17 16:00:00+00:00,2024-10-17 16:00:00+00:00,2024-10-17 18:15:00+00:00,1,4.237,4.159506082508685,4.391987834982631,4.159506082508685,stop,-1.0,-1.0704278365362325,9,2.25,0.0774939174913154
DOT,2024-10-22 04:00:00+00:00,2024-10-22 04:00:00+00:00,2024-10-22 13:15:00+00:00,1,4.405,4.30193575319956,4.611128493600881,4.30193575319956,stop,-1.0,-1.0549124300159882,37,9.25,0.10306424680044035
DOT,2024-10-23 20:00:00+00:00,2024-10-23 20:00:00+00:00,2024-10-24 20:00:00+00:00,1,4.197,4.080916544115039,4.429166911769923,4.223,tempo,0.2239767915400947,0.1768296769209044,96,24.0,0.1160834558849615
DOT,2024-10-28 04:00:00+00:00,2024-10-28 04:00:00+00:00,2024-10-28 07:15:00+00:00,-1,4.094,4.153178267662734,3.9756434646745324,4.153178267662734,stop,-1.0,-1.0905850422072514,13,3.25,0.05917826766273393
DOT,2024-10-29 20:00:00+00:00,2024-10-29 20:00:00+00:00,2024-10-30 20:00:00+00:00,-1,4.175,4.271779967995162,3.981440064009676,4.152,tempo,0.237652486113133,0.18172613986480016,96,24.0,0.09677996799516198
DOT,2024-11-01 04:00:00+00:00,2024-11-01 04:00:00+00:00,2024-11-01 16:00:00+00:00,1,3.949,3.85740040290698,4.13219919418604,3.85740040290698,stop,-1.0,-1.055395006341968,48,12.0,0.0915995970930199
DOT,2024-11-10 20:00:00+00:00,2024-11-10 20:00:00+00:00,2024-11-11 20:00:00+00:00,-1,5.32,5.542219654855813,4.875560690288374,5.248,tempo,0.3240037432634713,0.29309198613534027,96,24.0,0.22221965485581308
DOT,2024-11-17 04:00:00+00:00,2024-11-17 04:00:00+00:00,2024-11-18 04:00:00+00:00,-1,5.732,6.2264974123346315,4.743005175330738,5.765,tempo,-0.06673442403712326,-0.08184683881138484,96,24.0,0.4944974123346313
DOT,2024-11-23 20:00:00+00:00,2024-11-23 20:00:00+00:00,2024-11-24 00:30:00+00:00,-1,8.65,9.617612087407975,6.71477582518405,9.617612087407975,stop,-1.0,-1.0122713926493239,18,4.5,0.967612087407975
DOT,2024-12-02 04:00:00+00:00,2024-12-02 04:00:00+00:00,2024-12-02 21:15:00+00:00,-1,9.118,9.62440160835377,8.105196783292461,9.62440160835377,stop,-1.0,-1.024057113651423,69,17.25,0.5064016083537695
DOT,2024-12-03 04:00:00+00:00,2024-12-03 04:00:00+00:00,2024-12-03 14:00:00+00:00,-1,10.149,10.549572785383724,9.34785442923255,9.34785442923255,alvo,2.0,1.968362914702602,40,10.0,0.40057278538372465
DOT,2024-12-04 16:00:00+00:00,2024-12-04 16:00:00+00:00,2024-12-05 16:00:00+00:00,-1,10.995,11.826382076851408,9.332235846297182,10.908,tempo,0.1046450271450212,0.08752059014258082,96,24.0,0.8313820768514084
DOT,2024-12-19 04:00:00+00:00,2024-12-19 04:00:00+00:00,2024-12-19 18:00:00+00:00,1,7.648,7.0528159107958475,8.838368178408304,7.0528159107958475,stop,-1.0,-1.016054747624041,56,14.0,0.5951840892041522
DOT,2025-01-15 12:00:00+00:00,2025-01-15 12:00:00+00:00,2025-01-15 13:45:00+00:00,-1,6.59,6.8774579326839484,6.015084134632103,6.8774579326839484,stop,-1.0,-1.0304526216219232,7,1.75,0.2874579326839486
DOT,2025-01-27 00:00:00+00:00,2025-01-27 00:00:00+00:00,2025-01-27 07:30:00+00:00,-1,6.172,6.500372146448676,5.515255707102647,5.515255707102647,alvo,2.0,1.9768655280547551,30,7.5,0.3283721464486762
DOT,2025-01-29 20:00:00+00:00,2025-01-29 20:00:00+00:00,2025-01-30 20:00:00+00:00,1,5.75,5.494065678176457,6.261868643647086,6.177,tempo,1.6683967861661018,1.6381056163661205,96,24.0,0.2559343218235428
DOT,2025-01-31 20:00:00+00:00,2025-01-31 20:00:00+00:00,2025-02-01 20:00:00+00:00,-1,6.262,6.542749839571428,5.7005003208571425,6.089,tempo,0.6162069416106805,0.5876115557246007,96,24.0,0.2807498395714285
DOT,2025-02-03 00:00:00+00:00,2025-02-03 00:00:00+00:00,2025-02-03 00:45:00+00:00,1,5.15,4.759764594012015,5.930470811975971,4.759764594012015,stop,-1.0,-1.0165063110298764,3,0.75,0.3902354059879851
DOT,2025-02-14 20:00:00+00:00,2025-02-14 20:00:00+00:00,2025-02-15 09:45:00+00:00,-1,5.285,5.411963032862783,5.031073934274435,5.031073934274435,alvo,2.0,1.9471858232582913,55,13.75,0.12696303286278265
DOT,2025-02-25 04:00:00+00:00,2025-02-25 04:00:00+00:00,2025-02-25 07:15:00+00:00,1,4.391,4.251573470386187,4.669853059227625,4.251573470386187,stop,-1.0,-1.0402912757802336,13,3.25,0.13942652961381263
DOT,2025-02-26 16:00:00+00:00,2025-02-26 16:00:00+00:00,2025-02-26 20:30:00+00:00,-1,4.845,4.946972097403324,4.641055805193351,4.641055805193351,alvo,2.0,1.9395331033646597,18,4.5,0.10197209740332447
DOT,2025-02-28 12:00:00+00:00,2025-02-28 12:00:00+00:00,2025-03-01 12:00:00+00:00,1,4.57,4.398744463463153,4.912511073073695,4.582,tempo,0.0700707273041514,0.03533433208857215,96,24.0,0.17125553653684733
DOT,2025-03-04 20:00:00+00:00,2025-03-04 20:00:00+00:00,2025-03-05 20:00:00+00:00,1,4.371,3.9541896298636647,5.204620740272672,4.482,tempo,0.26630815342644293,0.25250223492657986,96,24.0,0.4168103701363357
DOT,2025-03-29 20:00:00+00:00,2025-03-29 20:00:00+00:00,2025-03-30 20:00:00+00:00,1,4.067,3.9768118723600048,4.247376255279991,4.077,tempo,0.11087933923982611,0.052184252219830515,96,24.0,0.0901881276399954
AVAX,2023-01-03 08:00:00+00:00,2023-01-03 08:00:00+00:00,2023-01-03 12:30:00+00:00,-1,11.271,11.39798174476509,11.017036510469822,11.39798174476509,stop,-1.0,-1.1160390271952563,18,4.5,0.1269817447650894
AVAX,2023-01-04 12:00:00+00:00,2023-01-04 12:00:00+00:00,2023-01-04 15:45:00+00:00,-1,11.764,12.041871481088046,11.208257037823905,12.041871481088046,stop,-1.0,-1.055686954278709,15,3.75,0.27787148108804693
AVAX,2023-01-04 20:00:00+00:00,2023-01-04 20:00:00+00:00,2023-01-05 20:00:00+00:00,-1,12.135,12.36398769691296,11.677024606174081,11.831,tempo,1.327582241746175,1.259552822655064,96,24.0,0.2289876969129594
AVAX,2023-01-06 16:00:00+00:00,2023-01-06 16:00:00+00:00,2023-01-07 16:00:00+00:00,1,11.594,11.249726425422464,12.28254714915507,11.718,tempo,0.3601786752066678,0.3161648410964132,96,24.0,0.34427357457753516
AVAX,2023-01-14 00:00:00+00:00,2023-01-14 00:00:00+00:00,2023-01-14 00:45:00+00:00,-1,15.956,16.77531785684774,14.317364286304521,16.77531785684774,stop,-1.0,-1.0259671584466696,3,0.75,0.8193178568477393
AVAX,2023-01-26 16:00:00+00:00,2023-01-26 16:00:00+00:00,2023-01-27 16:00:00+00:00,-1,18.059,18.98532984677802,16.206340306443966,18.056,tempo,0.0032385872164594344,-0.022103087870066637,96,24.0,0.9263298467780174
AVAX,2023-01-30 12:00:00+00:00,2023-01-30 12:00:00+00:00,2023-01-31 12:00:00+00:00,-1,19.977,21.512375230660563,16.906249538678875,19.514,tempo,0.3015549494053027,0.28483646294844067,96,24.0,1.5353752306605628
AVAX,2023-02-13 20:00:00+00:00,2023-02-13 20:00:00+00:00,2023-02-14 20:00:00+00:00,1,17.379,16.67873180858521,18.779536382829587,18.083,tempo,1.005329113375355,0.972412724650872,96,24.0,0.7002681914147928
AVAX,2023-02-27 16:00:00+00:00,2023-02-27 16:00:00+00:00,2023-02-28 08:00:00+00:00,-1,18.315,18.73341909142427,17.478161817151463,17.478161817151463,alvo,2.0,1.9443965257370208,64,16.0,0.41841909142426914
AVAX,2023-03-08 16:00:00+00:00,2023-03-08 16:00:00+00:00,2023-03-08 18:30:00+00:00,1,15.891,15.4347703703719,16.8034592592562,15.4347703703719,stop,-1.0,-1.0446304874090266,10,2.5,0.45622962962809943
AVAX,2023-03-10 04:00:00+00:00,2023-03-10 04:00:00+00:00,2023-03-10 10:15:00+00:00,1,14.458,14.008916083087088,15.356167833825824,14.008916083087088,stop,-1.0,-1.0412027568949767,25,6.25,0.4490839169129117
AVAX,2023-03-10 12:00:00+00:00,2023-03-10 12:00:00+00:00,2023-03-11 12:00:00+00:00,1,14.374,13.740984660818034,15.640030678363933,14.171,tempo,-0.32068733162506646,-0.34999823272262487,96,24.0,0.6330153391819664
AVAX,2023-03-22 16:00:00+00:00,2023-03-22 16:00:00+00:00,2023-03-22 19:15:00+00:00,-1,17.629,18.048048626500517,16.79090274699897,16.79090274699897,alvo,2.0,1.9466101655734176,13,3.25,0.41904862650051555
AVAX,2023-03-31 16:00:00+00:00,2023-03-31 16:00:00+00:00,2023-04-01 02:15:00+00:00,-1,17.542,17.882153117457932,16.86169376508414,17.882153117457932,stop,-1.0,-1.0676921608081262,41,10.25,0.3401531174579304
AVAX,2023-04-05 16:00:00+00:00,2023-04-05 16:00:00+00:00,2023-04-06 16:00:00+00:00,-1,17.822,18.481049396560536,16.503901206878925,18.238,tempo,-0.6312121703942548,-0.666777031119906,96,24.0,0.6590493965605368
AVAX,2023-04-07 16:00:00+00:00,2023-04-07 16:00:00+00:00,2023-04-08 16:00:00+00:00,1,17.657,17.32131892839213,18.328362143215738,17.652,tempo,-0.014895090676545,-0.08326608904731515,96,24.0,0.3356810716078691
AVAX,2023-04-12 16:00:00+00:00,2023-04-12 16:00:00+00:00,2023-04-13 09:15:00+00:00,-1,18.132,18.829796917410317,16.73640616517937,18.829796917410317,stop,-1.0,-1.0344300288477621,69,17.25,0.6977969174103151
AVAX,2023-04-13 12:00:00+00:00,2023-04-13 12:00:00+00:00,2023-04-13 18:00:00+00:00,-1,18.684,19.000479388566053,18.051041222867898,19.000479388566053,stop,-1.0,-1.0773981260313756,24,6.0,0.3164793885660515
AVAX,2023-04-13 20:00:00+00:00,2023-04-13 20:00:00+00:00,2023-04-14 00:45:00+00:00,-1,18.918,19.17997717906788,18.39404564186424,19.17997717906788,stop,-1.0,-1.0945261158033068,19,4.75,0.26197717906788043
AVAX,2023-04-17 16:00:00+00:00,2023-04-17 16:00:00+00:00,2023-04-18 06:45:00+00:00,-1,20.742,21.488355191579632,19.249289616840738,21.488355191579632,stop,-1.0,-1.0367783746722932,59,14.75,0.7463551915796316
AVAX,2023-04-27 00:00:00+00:00,2023-04-27 00:00:00+00:00,2023-04-28 00:00:00+00:00,1,17.168,16.033456481227194,19.43708703754561,17.712,tempo,0.4794879975943327,0.45950463016518067,96,24.0,1.134543518772805
AVAX,2023-05-05 20:00:00+00:00,2023-05-05 20:00:00+00:00,2023-05-06 00:45:00+00:00,-1,17.364,17.46660382270665,17.158792354586705,17.46660382270665,stop,-1.0,-1.220653498939201,19,4.75,0.10260382270664792
AVAX,2023-05-10 20:00:00+00:00,2023-05-10 20:00:00+00:00,2023-05-11 20:00:00+00:00,1,15.488,14.539133557470958,17.385732885058083,14.913,tempo,-0.605986231810912,-0.6268117654311456,96,24.0,0.9488664425290416
AVAX,2023-05-12 20:00:00+00:00,2023-05-12 20:00:00+00:00,2023-05-13 20:00:00+00:00,1,14.938,14.41622244789153,15.981555104216943,14.942,tempo,0.007666102123090203,-0.02955665673557838,96,24.0,0.5217775521084711
AVAX,2023-05-22 00:00:00+00:00,2023-05-22 00:00:00+00:00,2023-05-22 01:00:00+00:00,1,14.305,14.065156705284416,14.784686589431168,14.065156705284416,stop,-1.0,-1.076886042948595,4,1.0,0.23984329471558397
AVAX,2023-05-25 04:00:00+00:00,2023-05-25 04:00:00+00:00,2023-05-26 04:00:00+00:00,1,14.106,13.583885406987056,15.150229186025888,14.091,tempo,-0.028729325325769436,-0.063832826061566,96,24.0,0.5221145930129438
AVAX,2023-06-01 04:00:00+00:00,2023-06-01 04:00:00+00:00,2023-06-02 04:00:00+00:00,1,14.017,13.752355346835783,14.546289306328433,14.255,tempo,0.899319132861219,0.8298796041185132,96,24.0,0.2646446531642166
AVAX,2023-06-05 00:00:00+00:00,2023-06-05 00:00:00+00:00,2023-06-05 15:45:00+00:00,-1,14.782,14.9729146296771,14.400170740645802,14.400170740645802,alvo,2.0,1.9006445393236666,63,15.75,0.19091462967709916
AVAX,2023-06-08 08:00:00+00:00,2023-06-08 08:00:00+00:00,2023-06-09 02:30:00+00:00,1,13.903,13.718077872197929,14.272844255604143,13.718077872197929,stop,-1.0,-1.0970878976481664,74,18.5,0.1849221278020714
AVAX,2023-06-13 16:00:00+00:00,2023-06-13 16:00:00+00:00,2023-06-14 16:00:00+00:00,-1,11.621,12.141896777733734,10.579206444532533,11.89,tempo,-0.5164170935561143,-0.5457552477802354,96,24.0,0.5208967777337339
AVAX,2023-06-19 20:00:00+00:00,2023-06-19 20:00:00+00:00,2023-06-20 20:00:00+00:00,1,11.392,11.07818615941682,12.019627681166359,11.887,tempo,1.5773682864978547,1.5291506872616945,96,24.0,0.3138138405831796
AVAX,2023-07-07 04:00:00+00:00,2023-07-07 04:00:00+00:00,2023-07-08 04:00:00+00:00,1,12.587,12.103377191915444,13.554245616169112,13.333,tempo,1.5425244374942104,1.5076873708415262,96,24.0,0.48362280808455615
AVAX,2023-07-31 00:00:00+00:00,2023-07-31 00:00:00+00:00,2023-07-31 20:00:00+00:00,1,13.121,12.832404302397311,13.698191395205379,12.832404302397311,stop,-1.0,-1.058454484722717,80,20.0,0.2885956976026893
AVAX,2023-08-14 04:00:00+00:00,2023-08-14 04:00:00+00:00,2023-08-15 04:00:00+00:00,1,12.308,12.124933915053576,12.674132169892847,12.324,tempo,0.08740013205986578,-5.899508914032625e-05,96,24.0,0.1830660849464234
AVAX,2023-08-17 00:00:00+00:00,2023-08-17 00:00:00+00:00,2023-08-17 21:45:00+00:00,1,11.376,10.967683718257316,12.192632563485367,10.967683718257316,stop,-1.0,-1.0355689818561282,87,21.75,0.40831628174268353
AVAX,2023-08-23 00:00:00+00:00,2023-08-23 00:00:00+00:00,2023-08-24 00:00:00+00:00,1,10.135,9.623626998898656,11.157746002202687,10.325,tempo,0.3715487512848676,0.34554229421467036,96,24.0,0.5113730011013438
AVAX,2023-09-06 20:00:00+00:00,2023-09-06 20:00:00+00:00,2023-09-07 20:00:00+00:00,-1,9.898,10.093108073263279,9.507783853473441,9.968,tempo,-0.3587755177385311,-0.4249588374957577,96,24.0,0.19510807326327928
AVAX,2023-09-11 12:00:00+00:00,2023-09-11 12:00:00+00:00,2023-09-12 12:00:00+00:00,1,9.19,8.935285214044143,9.699429571911713,9.462,tempo,1.0678610547843859,1.020263503843228,96,24.0,0.2547147859558567
AVAX,2023-09-16 04:00:00+00:00,2023-09-16 04:00:00+00:00,2023-09-17 01:15:00+00:00,-1,9.502,9.649639043207307,9.206721913585389,9.206721913585389,alvo,2.0,1.9176324298799796,85,21.25,0.14763904320730603
AVAX,2023-09-18 04:00:00+00:00,2023-09-18 04:00:00+00:00,2023-09-19 04:00:00+00:00,1,9.119,8.75745957378095,9.842080852438098,9.138,tempo,0.052552905905157224,0.019729328956641867,96,24.0,0.36154042621904914
AVAX,2023-09-22 04:00:00+00:00,2023-09-22 04:00:00+00:00,2023-09-23 04:00:00+00:00,1,8.864,8.663285954216102,9.265428091567799,8.858,tempo,-0.029893274168067915,-0.0872848730221032,96,24.0,0.20071404578389895
AVAX,2023-09-25 04:00:00+00:00,2023-09-25 04:00:00+00:00,2023-09-26 04:00:00+00:00,1,8.776,8.571194548674107,9.185610902651785,9.011,tempo,1.1474303954246823,1.090979017176928,96,24.0,0.20480545132589256
AVAX,2023-09-27 20:00:00+00:00,2023-09-27 20:00:00+00:00,2023-09-28 16:00:00+00:00,1,8.94,8.773385971964007,9.273228056071984,9.273228056071984,alvo,2.0,1.9289459694600901,80,20.0,0.16661402803599223
AVAX,2023-10-04 12:00:00+00:00,2023-10-04 12:00:00+00:00,2023-10-04 16:30:00+00:00,-1,9.711,9.892372304129163,9.348255391741676,9.892372304129163,stop,-1.0,-1.070254342628904,18,4.5,0.1813723041291624
AVAX,2023-10-05 00:00:00+00:00,2023-10-05 00:00:00+00:00,2023-10-06 00:00:00+00:00,-1,10.093,10.395772776057358,9.487454447885284,10.126,tempo,-0.10899262618561148,-0.15239926984471736,96,24.0,0.302772776057358
AVAX,2023-10-06 12:00:00+00:00,2023-10-06 12:00:00+00:00,2023-10-07 01:30:00+00:00,-1,10.626,10.866609759628613,10.144780480742773,10.866609759628613,stop,-1.0,-1.058061636258321,54,13.5,0.24060975962861342
AVAX,2023-10-07 08:00:00+00:00,2023-10-07 08:00:00+00:00,2023-10-08 08:00:00+00:00,-1,10.776,11.998602513331177,8.330794973337646,10.218,tempo,0.45640344585881737,0.4452419278256023,96,24.0,1.2226025133311769
AVAX,2023-10-16 16:00:00+00:00,2023-10-16 16:00:00+00:00,2023-10-17 16:00:00+00:00,-1,9.311,9.875466891020364,8.182066217959271,9.132,tempo,0.3171133734282077,0.2958757239031313,96,24.0,0.5644668910203645
AVAX,2023-10-20 12:00:00+00:00,2023-10-20 12:00:00+00:00,2023-10-21 07:30:00+00:00,-1,9.241,9.425388406803874,8.872223186392251,9.425388406803874,stop,-1.0,-1.0658021438263632,78,19.5,0.18438840680387436
AVAX,2023-10-21 20:00:00+00:00,2023-10-21 20:00:00+00:00,2023-10-22 05:45:00+00:00,-1,9.657,9.857857789586637,9.255284420826726,9.857857789586637,stop,-1.0,-1.0631524303306144,39,9.75,0.20085778958663703
AVAX,2023-10-23 08:00:00+00:00,2023-10-23 08:00:00+00:00,2023-10-23 22:45:00+00:00,-1,10.153,10.4673871308401,9.524225738319801,10.4673871308401,stop,-1.0,-1.042632952561481,59,14.75,0.3143871308400996
AVAX,2023-10-27 20:00:00+00:00,2023-10-27 20:00:00+00:00,2023-10-28 20:00:00+00:00,1,10.579,10.164656709493503,11.407686581012996,10.917,tempo,0.8157486985895787,0.7820269023878832,96,24.0,0.41434329050649765
AVAX,2023-11-02 00:00:00+00:00,2023-11-02 00:00:00+00:00,2023-11-02 03:30:00+00:00,-1,12.238,12.469848319864058,11.774303360271883,12.469848319864058,stop,-1.0,-1.0692698632335498,14,3.5,0.23184831986405818
AVAX,2023-11-05 16:00:00+00:00,2023-11-05 16:00:00+00:00,2023-11-06 09:00:00+00:00,-1,12.276,12.772456634541353,11.283086730917294,12.772456634541353,stop,-1.0,-1.0327954058414255,68,17.0,0.496456634541353
AVAX,2023-11-09 20:00:00+00:00,2023-11-09 20:00:00+00:00,2023-11-10 20:00:00+00:00,1,12.728,11.457110110449916,15.269779779100167,14.53,tempo,1.4179041117700115,1.4039629354763892,96,24.0,1.2708898895500838
AVAX,2023-11-12 00:00:00+00:00,2023-11-12 00:00:00+00:00,2023-11-12 01:00:00+00:00,-1,16.808,17.255217813807995,15.913564372384009,15.913564372384009,alvo,2.0,1.9524414811186814,4,1.0,0.4472178138079954
AVAX,2023-11-12 12:00:00+00:00,2023-11-12 12:00:00+00:00,2023-11-12 23:00:00+00:00,-1,18.542,19.368633789513165,16.888732420973675,19.368633789513165,stop,-1.0,-1.0298099500356694,44,11.0,0.8266337895131635
AVAX,2023-11-13 00:00:00+00:00,2023-11-13 00:00:00+00:00,2023-11-13 21:15:00+00:00,-1,18.984,20.080275960774895,16.791448078450216,16.791448078450216,alvo,2.0,1.978788149988662,85,21.25,1.0962759607748929
AVAX,2023-11-16 12:00:00+00:00,2023-11-16 12:00:00+00:00,2023-11-17 02:15:00+00:00,-1,23.182,24.48947210536816,20.567055789263673,24.48947210536816,stop,-1.0,-1.0236995166025082,57,14.25,1.3074721053681628
AVAX,2023-11-17 04:00:00+00:00,2023-11-17 04:00:00+00:00,2023-11-17 15:45:00+00:00,-1,23.545,25.15291268295828,20.329174634083444,20.329174634083444,alvo,2.0,1.9822638294887471,47,11.75,1.607912682958279
AVAX,2023-11-24 20:00:00+00:00,2023-11-24 20:00:00+00:00,2023-11-25 20:00:00+00:00,-1,21.016,22.061596063622005,18.924807872755984,21.154,tempo,-0.13198213421152474,-0.15819732471735776,96,24.0,1.045596063622007
AVAX,2023-12-05 04:00:00+00:00,2023-12-05 04:00:00+00:00,2023-12-05 18:15:00+00:00,-1,22.75,23.51654881348766,21.21690237302468,23.51654881348766,stop,-1.0,-1.0392320178436374,57,14.25,0.7665488134876597
AVAX,2023-12-07 12:00:00+00:00,2023-12-07 12:00:00+00:00,2023-12-08 12:00:00+00:00,-1,26.532,28.32395709812387,22.94808580375226,27.553,tempo,-0.5697681049780488,-0.5893864597013881,96,24.0,1.79195709812387
AVAX,2023-12-29 04:00:00+00:00,2023-12-29 04:00:00+00:00,2023-12-30 04:00:00+00:00,1,41.092,38.07781502856687,47.12036994286626,39.783,tempo,-0.4342799172598944,-0.45172036981944835,96,24.0,3.0141849714331315
AVAX,2024-01-05 20:00:00+00:00,2024-01-05 20:00:00+00:00,2024-01-06 05:30:00+00:00,1,35.787,34.50228063170436,38.35643873659128,34.50228063170436,stop,-1.0,-1.0355626555791864,38,9.5,1.2847193682956402
AVAX,2024-01-11 16:00:00+00:00,2024-01-11 16:00:00+00:00,2024-01-12 16:00:00+00:00,-1,39.495,42.28157791533968,33.92184416932063,37.4,tempo,0.7518182027020831,0.7338815967579758,96,24.0,2.7865779153396844
AVAX,2024-01-13 00:00:00+00:00,2024-01-13 00:00:00+00:00,2024-01-14 00:00:00+00:00,1,35.931,33.65098908172228,40.49102183655543,36.476,tempo,0.23903394305308223,0.21839169541176315,96,24.0,2.2800109182777177
AVAX,2024-01-19 20:00:00+00:00,2024-01-19 20:00:00+00:00,2024-01-20 20:00:00+00:00,1,32.728,30.90140551431032,36.381188971379366,32.345,tempo,-0.20967981837270805,-0.23283627172421886,96,24.0,1.8265944856896823
AVAX,2024-01-22 08:00:00+00:00,2024-01-22 08:00:00+00:00,2024-01-22 08:45:00+00:00,1,31.984,31.415784057497007,33.12043188500599,31.415784057497007,stop,-1.0,-1.0725249971970925,3,0.75,0.5682159425029951
AVAX,2024-01-23 16:00:00+00:00,2024-01-23 16:00:00+00:00,2024-01-24 16:00:00+00:00,1,29.073,26.88200721417723,33.454985571645544,30.977,tempo,0.8690124460108621,0.8511974626605896,96,24.0,2.190992785822772
AVAX,2024-01-24 16:00:00+00:00,2024-01-24 16:00:00+00:00,2024-01-25 16:00:00+00:00,-1,30.977,32.18360196264454,28.563796074710925,29.79,tempo,0.9837544084533277,0.9510190481416056,96,24.0,1.2066019626445375
AVAX,2024-01-28 08:00:00+00:00,2024-01-28 08:00:00+00:00,2024-01-28 08:45:00+00:00,-1,35.673,36.67236438941842,33.67427122116317,36.67236438941842,stop,-1.0,-1.0470543951245732,3,0.75,0.9993643894184174
AVAX,2024-02-10 00:00:00+00:00,2024-02-10 00:00:00+00:00,2024-02-10 01:30:00+00:00,-1,38.009,38.852395916956254,36.32220816608749,38.852395916956254,stop,-1.0,-1.059236600914933,6,1.5,0.8433959169562542
AVAX,2024-02-23 20:00:00+00:00,2024-02-23 20:00:00+00:00,2024-02-24 20:00:00+00:00,1,36.433,34.90522007052318,39.48855985895364,36.78,tempo,0.22712695284511902,0.19597819307819608,96,24.0,1.5277799294768215
AVAX,2024-02-27 04:00:00+00:00,2024-02-27 04:00:00+00:00,2024-02-28 04:00:00+00:00,-1,39.248,40.26097880788256,37.222042384234875,39.192,tempo,0.0552824990653602,0.004949758041314006,96,24.0,1.0129788078825612
AVAX,2024-02-28 12:00:00+00:00,2024-02-28 12:00:00+00:00,2024-02-28 16:45:00+00:00,-1,39.617,40.96435279854343,36.92229440291313,40.96435279854343,stop,-1.0,-1.038874658052202,19,4.75,1.347352798543433
AVAX,2024-03-11 16:00:00+00:00,2024-03-11 16:00:00+00:00,2024-03-11 21:15:00+00:00,-1,46.738,49.27545084220156,41.66309831559688,49.27545084220156,stop,-1.0,-1.024595055009335,21,5.25,2.537450842201558
AVAX,2024-03-12 04:00:00+00:00,2024-03-12 04:00:00+00:00,2024-03-12 15:15:00+00:00,-1,48.057,51.72289399640545,40.7252120071891,51.72289399640545,stop,-1.0,-1.0176919821362151,45,11.25,3.665893996405451
AVAX,2024-03-14 20:00:00+00:00,2024-03-14 20:00:00+00:00,2024-03-15 01:30:00+00:00,1,51.68,49.725760071148656,55.58847985770269,55.58847985770269,alvo,2.0,1.9643214167932341,22,5.5,1.9542399288513437
AVAX,2024-03-15 12:00:00+00:00,2024-03-15 12:00:00+00:00,2024-03-16 07:15:00+00:00,1,51.564,47.24199467665452,60.20801064669096,60.20801064669096,alvo,2.0,1.9831902551049816,77,19.25,4.322005323345479
AVAX,2024-03-16 12:00:00+00:00,2024-03-16 12:00:00+00:00,2024-03-16 19:00:00+00:00,-1,59.224,62.46527761934483,52.741444761310326,52.741444761310326,alvo,2.0,1.9775466505366601,28,7.0,3.241277619344835
AVAX,2024-04-01 20:00:00+00:00,2024-04-01 20:00:00+00:00,2024-04-02 02:30:00+00:00,1,51.508,49.83140241977134,54.861195160457335,49.83140241977134,stop,-1.0,-1.0392882659199993,26,6.5,1.6765975802286661
AVAX,2024-04-03 04:00:00+00:00,2024-04-03 04:00:00+00:00,2024-04-04 04:00:00+00:00,1,47.699,44.733794329591134,53.629411340817725,46.101,tempo,-0.5389170862403131,-0.5594788977222104,96,24.0,2.9652056704088636
AVAX,2024-04-05 08:00:00+00:00,2024-04-05 08:00:00+00:00,2024-04-05 10:45:00+00:00,1,45.417,44.371817699455,47.50736460109,44.371817699455,stop,-1.0,-1.0558397625698532,11,2.75,1.045182300545001
AVAX,2024-04-05 16:00:00+00:00,2024-04-05 16:00:00+00:00,2024-04-06 16:00:00+00:00,1,45.558,43.64989424662225,49.37421150675549,48.13,tempo,1.3479336747698727,1.316018672211865,96,24.0,1.9081057533777468
AVAX,2024-04-10 16:00:00+00:00,2024-04-10 16:00:00+00:00,2024-04-11 16:00:00+00:00,1,46.648,44.72462236833534,50.49475526332933,46.115,tempo,-0.2771166676918745,-0.3084656596980956,96,24.0,1.923377631664664
AVAX,2024-04-14 00:00:00+00:00,2024-04-14 00:00:00+00:00,2024-04-15 00:00:00+00:00,1,33.89,27.686665708449183,46.296668583101635,37.248,tempo,0.5413217863454052,0.5338677788992838,96,24.0,6.203334291550817
AVAX,2024-04-26 04:00:00+00:00,2024-04-26 04:00:00+00:00,2024-04-26 22:30:00+00:00,1,35.451,34.41916799228899,37.51466401542202,34.41916799228899,stop,-1.0,-1.0440145380794463,74,18.5,1.0318320077110101
AVAX,2024-05-14 08:00:00+00:00,2024-05-14 08:00:00+00:00,2024-05-15 01:00:00+00:00,1,32.647,31.37419940492719,35.192601190145616,31.37419940492719,stop,-1.0,-1.0326946575718896,68,17.0,1.272800595072809
AVAX,2024-05-17 12:00:00+00:00,2024-05-17 12:00:00+00:00,2024-05-18 12:00:00+00:00,-1,36.541,37.84194918756255,33.939101624874894,37.459,tempo,-0.7056386281465491,-0.7426116325189334,96,24.0,1.3009491875625514
AVAX,2024-05-24 00:00:00+00:00,2024-05-24 00:00:00+00:00,2024-05-25 00:00:00+00:00,1,38.523,35.61128057214737,44.346438855705266,38.014,tempo,-0.17481079912132316,-0.19189659712923407,96,24.0,2.9117194278526313
AVAX,2024-05-30 12:00:00+00:00,2024-05-30 12:00:00+00:00,2024-05-31 12:00:00+00:00,1,36.587,35.08746734230735,39.58606531538531,36.336,tempo,-0.16738548421227514,-0.19899529928154797,96,24.0,1.4995326576926544
AVAX,2024-06-11 20:00:00+00:00,2024-06-11 20:00:00+00:00,2024-06-12 20:00:00+00:00,1,31.584,30.361967864502716,34.02806427099456,32.684,tempo,0.9001399947247487,0.86595578729963,96,24.0,1.2220321354972832
AVAX,2024-06-12 20:00:00+00:00,2024-06-12 20:00:00+00:00,2024-06-13 20:00:00+00:00,-1,32.683,34.25958072010625,29.5298385597875,31.478,tempo,0.7643122769627616,0.7378596827706994,96,24.0,1.57658072010625
AVAX,2024-07-04 16:00:00+00:00,2024-07-04 16:00:00+00:00,2024-07-04 23:45:00+00:00,1,25.6,24.62686465169215,27.546270696615707,24.62686465169215,stop,-1.0,-1.033548737162173,31,7.75,0.9731353483078529
AVAX,2024-07-16 20:00:00+00:00,2024-07-16 20:00:00+00:00,2024-07-17 20:00:00+00:00,-1,28.207,29.492253865271223,25.636492269457555,27.871,tempo,0.26142695157668105,0.2330662510295499,96,24.0,1.2852538652712227
AVAX,2024-07-25 20:00:00+00:00,2024-07-25 20:00:00+00:00,2024-07-26 07:30:00+00:00,1,26.737,25.990093933169195,28.230812133661605,28.230812133661605,alvo,2.0,1.9521638938635455,46,11.5,0.7469060668308032
AVAX,2024-08-01 20:00:00+00:00,2024-08-01 20:00:00+00:00,2024-08-02 15:15:00+00:00,1,24.792,23.790193576801983,26.79561284639604,23.790193576801983,stop,-1.0,-1.0315214846837526,77,19.25,1.001806423198019
AVAX,2024-08-02 16:00:00+00:00,2024-08-02 16:00:00+00:00,2024-08-03 01:15:00+00:00,1,24.099,23.202434023209374,25.892131953581252,23.202434023209374,stop,-1.0,-1.034292994504593,37,9.25,0.896565976790626
AVAX,2024-08-03 04:00:00+00:00,2024-08-03 04:00:00+00:00,2024-08-03 17:15:00+00:00,1,23.708,22.776691794398758,25.57061641120248,22.776691794398758,stop,-1.0,-1.0324436631016827,53,13.25,0.9313082056012405
AVAX,2024-08-04 20:00:00+00:00,2024-08-04 20:00:00+00:00,2024-08-05 01:00:00+00:00,1,21.8,20.363105460625448,24.673789078749106,20.363105460625448,stop,-1.0,-1.019073089776885,20,5.0,1.4368945393745527
AVAX,2024-08-05 08:00:00+00:00,2024-08-05 08:00:00+00:00,2024-08-06 08:00:00+00:00,1,19.022,16.89048604987695,23.285027900246092,21.007,tempo,0.9312629644696503,0.9190562181809394,96,24.0,2.131513950123047
AVAX,2024-08-14 16:00:00+00:00,2024-08-14 16:00:00+00:00,2024-08-15 16:00:00+00:00,-1,21.284,22.00278769864557,19.846424602708858,20.901,tempo,0.5328416175202991,0.4946937053458578,96,24.0,0.7187876986455706
AVAX,2024-08-19 00:00:00+00:00,2024-08-19 00:00:00+00:00,2024-08-20 00:00:00+00:00,-1,20.804,21.61351428833846,19.184971423323073,21.196,tempo,-0.48424098950073824,-0.5179649155552537,96,24.0,0.8095142883384625
AVAX,2024-08-20 16:00:00+00:00,2024-08-20 16:00:00+00:00,2024-08-20 18:00:00+00:00,-1,21.768,22.34062692109794,20.622746157804123,22.34062692109794,stop,-1.0,-1.050068563740841,8,2.0,0.5726269210979389
AVAX,2024-08-23 16:00:00+00:00,2024-08-23 16:00:00+00:00,2024-08-24 10:00:00+00:00,-1,26.105,27.050648933697477,24.213702132605047,27.050648933697477,stop,-1.0,-1.036536996527674,72,18.0,0.9456489336974769
AVAX,2024-08-28 12:00:00+00:00,2024-08-28 12:00:00+00:00,2024-08-28 16:45:00+00:00,1,24.665,23.241512902697266,27.511974194605465,23.241512902697266,stop,-1.0,-1.0218753183262124,19,4.75,1.4234870973027327
AVAX,2024-09-01 16:00:00+00:00,2024-09-01 16:00:00+00:00,2024-09-01 22:30:00+00:00,1,22.418,21.6982255325366,23.857548934926797,21.6982255325366,stop,-1.0,-1.039839627400519,26,6.5,0.7197744674633988
AVAX,2024-09-04 04:00:00+00:00,2024-09-04 04:00:00+00:00,2024-09-05 04:00:00+00:00,1,21.43,20.306731337898555,23.67653732420289,21.692,tempo,0.23324784963718553,0.2082945139431567,96,24.0,1.1232686621014452
AVAX,2024-09-09 12:00:00+00:00,2024-09-09 12:00:00+00:00,2024-09-10 12:00:00+00:00,-1,23.708,24.500424030944128,22.12315193811174,24.059,tempo,-0.44294466888113615,-0.48212640591529365,96,24.0,0.7924240309441295
AVAX,2024-09-11 16:00:00+00:00,2024-09-11 16:00:00+00:00,2024-09-12 16:00:00+00:00,1,23.317,22.701544011706726,24.547911976586548,23.452,tempo,0.2193495596238672,0.16995553214141135,96,24.0,0.6154559882932737
AVAX,2024-09-13 12:00:00+00:00,2024-09-13 12:00:00+00:00,2024-09-13 15:30:00+00:00,-1,23.844,24.344446050137016,22.843107899725972,24.344446050137016,stop,-1.0,-1.0625891440725996,14,3.5,0.5004460501370147
AVAX,2024-09-20 12:00:00+00:00,2024-09-20 12:00:00+00:00,2024-09-21 12:00:00+00:00,-1,28.118,29.00815213501064,26.337695729978716,27.575,tempo,0.6100080858577146,0.569340374602304,96,24.0,0.8901521350106414
AVAX,2024-09-26 20:00:00+00:00,2024-09-26 20:00:00+00:00,2024-09-27 06:15:00+00:00,-1,28.909,29.596052373146655,27.534895253706686,29.596052373146655,stop,-1.0,-1.055349905667858,41,10.25,0.6870523731466562
AVAX,2024-09-29 16:00:00+00:00,2024-09-29 16:00:00+00:00,2024-09-30 10:15:00+00:00,1,28.818,28.093342058306195,30.267315883387614,28.093342058306195,stop,-1.0,-1.0510480465465313,73,18.25,0.7246579416938062
AVAX,2024-10-03 16:00:00+00:00,2024-10-03 16:00:00+00:00,2024-10-04 12:45:00+00:00,1,24.355,23.638288579123746,25.78842284175251,25.78842284175251,alvo,2.0,1.9545239214867114,83,20.75,0.7167114208762548
AVAX,2024-10-09 16:00:00+00:00,2024-10-09 16:00:00+00:00,2024-10-10 14:30:00+00:00,1,26.188,25.50492761276463,27.55414477447074,25.50492761276463,stop,-1.0,-1.0491901057284565,90,22.5,0.6830723872353701
AVAX,2024-10-23 20:00:00+00:00,2024-10-23 20:00:00+00:00,2024-10-24 20:00:00+00:00,1,26.58,25.709996922767925,28.320006154464146,27.034,tempo,0.5218372346962353,0.4817809395956791,96,24.0,0.8700030772320737
AVAX,2024-10-25 20:00:00+00:00,2024-10-25 20:00:00+00:00,2024-10-25 23:15:00+00:00,1,25.884,25.244863516399132,27.162272967201737,25.244863516399132,stop,-1.0,-1.0519979098962116,13,3.25,0.6391364836008684
AVAX,2024-10-29 20:00:00+00:00,2024-10-29 20:00:00+00:00,2024-10-30 20:00:00+00:00,-1,26.581,27.294182139932847,25.154635720134305,26.149,tempo,0.6057358643903722,0.557677313732854,96,24.0,0.7131821399328473
AVAX,2024-11-01 04:00:00+00:00,2024-11-01 04:00:00+00:00,2024-11-01 07:15:00+00:00,1,24.866,24.42487454765697,25.74825090468606,24.42487454765697,stop,-1.0,-1.0726302875651406,13,3.25,0.44112545234303013
AVAX,2024-11-01 08:00:00+00:00,2024-11-01 08:00:00+00:00,2024-11-01 13:45:00+00:00,1,24.651,24.247054116920832,25.458891766158334,25.458891766158334,alvo,2.0,1.9193668483517645,23,5.75,0.40394588307916734
AVAX,2024-11-05 20:00:00+00:00,2024-11-05 20:00:00+00:00,2024-11-06 01:00:00+00:00,-1,23.69,24.62858058882745,21.812838822345103,24.62858058882745,stop,-1.0,-1.0334623129399831,20,5.0,0.938580588827449
AVAX,2024-11-06 08:00:00+00:00,2024-11-06 08:00:00+00:00,2024-11-06 21:30:00+00:00,-1,25.882,26.774021850834444,24.097956298331116,26.774021850834444,stop,-1.0,-1.038369479594054,54,13.5,0.8920218508344426
AVAX,2024-11-09 04:00:00+00:00,2024-11-09 04:00:00+00:00,2024-11-09 23:15:00+00:00,-1,28.679,29.887532637358376,26.261934725283243,29.887532637358376,stop,-1.0,-1.031499559910515,77,19.25,1.2085326373583776
AVAX,2024-11-10 04:00:00+00:00,2024-11-10 04:00:00+00:00,2024-11-10 04:45:00+00:00,-1,30.485,30.90286461596681,29.64927076806638,30.90286461596681,stop,-1.0,-1.095490526059636,3,0.75,0.4178646159668098
AVAX,2024-11-10 20:00:00+00:00,2024-11-10 20:00:00+00:00,2024-11-11 16:45:00+00:00,-1,32.06,33.63770879219802,28.90458241560397,33.63770879219802,stop,-1.0,-1.0270667888308054,83,20.75,1.5777087921980169
AVAX,2024-11-16 16:00:00+00:00,2024-11-16 16:00:00+00:00,2024-11-17 04:45:00+00:00,-1,34.599,36.106606393664805,31.58378721267038,36.106606393664805,stop,-1.0,-1.0304845113081287,51,12.75,1.5076063936648083
AVAX,2024-12-03 16:00:00+00:00,2024-12-03 16:00:00+00:00,2024-12-04 07:30:00+00:00,-1,50.185,54.80039204260714,40.95421591478572,54.80039204260714,stop,-1.0,-1.0147854189195047,62,15.5,4.615392042607141
AVAX,2024-12-12 20:00:00+00:00,2024-12-12 20:00:00+00:00,2024-12-13 20:00:00+00:00,-1,52.14,56.006225874588516,44.40754825082297,51.385,tempo,0.1952808823101567,0.17787598870518545,96,24.0,3.8662258745885154
AVAX,2024-12-16 00:00:00+00:00,2024-12-16 00:00:00+00:00,2024-12-17 00:00:00+00:00,1,50.763,47.62557113366707,57.03785773266585,48.979,tempo,-0.5686184694555849,-0.589282619229848,96,24.0,3.1374288663329253
AVAX,2024-12-19 04:00:00+00:00,2024-12-19 04:00:00+00:00,2024-12-19 18:00:00+00:00,1,42.937,39.56513799911069,49.680724001778614,39.56513799911069,stop,-1.0,-1.015904087915009,56,14.0,3.3718620008893083
AVAX,2024-12-20 16:00:00+00:00,2024-12-20 16:00:00+00:00,2024-12-21 16:00:00+00:00,1,37.992,32.88510310649286,48.205793787014265,38.597,tempo,0.11846724392834246,0.10871908354090767,96,24.0,5.106896893507134
AVAX,2024-12-23 00:00:00+00:00,2024-12-23 00:00:00+00:00,2024-12-23 23:00:00+00:00,1,36.556,35.140796185034716,39.38640762993056,39.38640762993056,alvo,2.0,1.965119819182606,92,23.0,1.415203814965281
AVAX,2025-01-02 16:00:00+00:00,2025-01-02 16:00:00+00:00,2025-01-03 10:30:00+00:00,-1,39.413,40.87574137118063,36.48751725763873,40.87574137118063,stop,-1.0,-1.0356779967528673,74,18.5,1.462741371180634
AVAX,2025-01-09 16:00:00+00:00,2025-01-09 16:00:00+00:00,2025-01-10 16:00:00+00:00,1,37.238,35.20247081638928,41.30905836722144,36.582,tempo,-0.32227491763903593,-0.3458476575370144,96,24.0,2.03552918361072
AVAX,2025-01-16 04:00:00+00:00,2025-01-16 04:00:00+00:00,2025-01-16 13:00:00+00:00,-1,38.988,40.368059950762,36.22788009847599,40.368059950762,stop,-1.0,-1.0373762306047027,36,9.0,1.3800599507620035
AVAX,2025-02-03 00:00:00+00:00,2025-02-03 00:00:00+00:00,2025-02-03 02:00:00+00:00,1,27.614,25.362781346315256,32.116437307369495,25.362781346315256,stop,-1.0,-1.015296118757164,8,2.0,2.251218653684745
AVAX,2025-02-10 00:00:00+00:00,2025-02-10 00:00:00+00:00,2025-02-11 00:00:00+00:00,1,24.859,23.39829637662207,27.780407246755864,25.658,tempo,0.5469966577835156,0.5245170462630996,96,24.0,1.4607036233779311
AVAX,2025-02-12 16:00:00+00:00,2025-02-12 16:00:00+00:00,2025-02-12 22:30:00+00:00,1,25.007,24.023987510988768,26.97302497802247,26.97302497802247,alvo,2.0,1.9656291078563006,26,6.5,0.9830124890112337
AVAX,2025-02-17 08:00:00+00:00,2025-02-17 08:00:00+00:00,2025-02-18 05:30:00+00:00,1,24.911,24.37318077381113,25.986638452377747,24.37318077381113,stop,-1.0,-1.0595640987585802,86,21.5,0.5378192261888728
AVAX,2025-02-20 16:00:00+00:00,2025-02-20 16:00:00+00:00,2025-02-20 19:30:00+00:00,-1,24.244,25.145457205886988,22.441085588226024,25.145457205886988,stop,-1.0,-1.0356125027058147,14,3.5,0.9014572058869881
AVAX,2025-03-04 16:00:00+00:00,2025-03-04 16:00:00+00:00,2025-03-04 16:30:00+00:00,1,19.918,19.056019332540416,21.641961334919166,19.056019332540416,stop,-1.0,-1.0293894208101124,2,0.5,0.8619806674595836
AVAX,2025-03-04 20:00:00+00:00,2025-03-04 20:00:00+00:00,2025-03-05 20:00:00+00:00,1,20.306,18.549512837273188,23.818974325453627,21.226,tempo,0.5237726864862297,0.5084034879103112,96,24.0,1.7564871627268133
AVAX,2025-03-07 04:00:00+00:00,2025-03-07 04:00:00+00:00,2025-03-08 04:00:00+00:00,1,20.249,19.408414940693635,21.930170118612725,19.859,tempo,-0.46396256474248837,-0.4949769156536415,96,24.0,0.8405850593063633
AVAX,2025-03-10 04:00:00+00:00,2025-03-10 04:00:00+00:00,2025-03-10 15:00:00+00:00,1,18.161,17.430208471382016,19.62258305723597,17.430208471382016,stop,-1.0,-1.031656477395336,44,11.0,0.7307915286179849
AVAX,2025-03-11 04:00:00+00:00,2025-03-11 04:00:00+00:00,2025-03-12 04:00:00+00:00,1,16.567,14.976816476706826,19.747367046586348,17.078,tempo,0.3213465568689513,0.3075938989652207,96,24.0,1.5901835232931738
AVAX,2025-03-19 20:00:00+00:00,2025-03-19 20:00:00+00:00,2025-03-20 20:00:00+00:00,-1,19.583,20.262935933946896,18.223128132106204,18.699,tempo,1.300122490759603,1.2635259545895594,96,24.0,0.6799359339468971
NEAR,2023-01-04 20:00:00+00:00,2023-01-04 20:00:00+00:00,2023-01-05 04:15:00+00:00,-1,1.563,1.6259328933452157,1.4371342133095684,1.6259328933452157,stop,-1.0,-1.032936772337863,33,8.25,0.06293289334521579
NEAR,2023-01-05 08:00:00+00:00,2023-01-05 08:00:00+00:00,2023-01-06 08:00:00+00:00,-1,1.568,1.6663952982098724,1.3712094035802553,1.506,tempo,0.6301114090610009,0.6098045444409238,96,24.0,0.09839529820987236
NEAR,2023-01-09 20:00:00+00:00,2023-01-09 20:00:00+00:00,2023-01-10 20:00:00+00:00,-1,1.666,1.741493535543815,1.5150129289123697,1.656,tempo,0.1324616727507243,0.10385922375366043,96,24.0,0.0754935355438151
NEAR,2023-01-12 04:00:00+00:00,2023-01-12 04:00:00+00:00,2023-01-12 21:15:00+00:00,-1,1.81,1.8853459796927305,1.659308040614539,1.8853459796927305,stop,-1.0,-1.0318792707533408,69,17.25,0.07534597969273049
NEAR,2023-01-26 16:00:00+00:00,2023-01-26 16:00:00+00:00,2023-01-27 16:00:00+00:00,-1,2.604,2.75203044154824,2.30793911690352,2.471,tempo,0.8984638470909245,0.8761795793045246,96,24.0,0.14803044154824008
NEAR,2023-01-27 16:00:00+00:00,2023-01-27 16:00:00+00:00,2023-01-28 16:00:00+00:00,1,2.47,2.3307146576215,2.748570684757001,2.473,tempo,0.0215385190485251,-0.0015288758771303465,96,24.0,0.13928534237850032
NEAR,2023-02-01 20:00:00+00:00,2023-02-01 20:00:00+00:00,2023-02-02 20:00:00+00:00,1,2.321,2.138814701709378,2.685370596581244,2.53,tempo,1.1471836748682256,1.129876295899753,96,24.0,0.18218529829062202
NEAR,2023-02-08 16:00:00+00:00,2023-02-08 16:00:00+00:00,2023-02-09 16:00:00+00:00,-1,2.666,2.875758964714882,2.2464820705702357,2.509,tempo,0.7484781411531305,0.7324418777945073,96,24.0,0.2097589647148821
NEAR,2023-02-22 04:00:00+00:00,2023-02-22 04:00:00+00:00,2023-02-22 08:45:00+00:00,1,2.518,2.4298888308174655,2.6942223383650683,2.4298888308174655,stop,-1.0,-1.0365007951871426,19,4.75,0.08811116918253425
NEAR,2023-02-27 16:00:00+00:00,2023-02-27 16:00:00+00:00,2023-02-28 08:00:00+00:00,-1,2.383,2.437871000893255,2.2732579982134897,2.2732579982134897,alvo,2.0,1.9448421269966154,64,16.0,0.05487100089325514
NEAR,2023-03-01 04:00:00+00:00,2023-03-01 04:00:00+00:00,2023-03-02 04:00:00+00:00,1,2.305,2.1853874490003347,2.544225101999331,2.263,tempo,-0.3511337200735541,-0.3759572020174205,96,24.0,0.1196125509996655
NEAR,2023-03-05 00:00:00+00:00,2023-03-05 00:00:00+00:00,2023-03-06 00:00:00+00:00,1,2.05,1.9646995007106096,2.2206009985787802,2.028,tempo,-0.25791173771870507,-0.2889865851355677,96,24.0,0.08530049928939021
NEAR,2023-03-08 16:00:00+00:00,2023-03-08 16:00:00+00:00,2023-03-08 22:45:00+00:00,1,1.92,1.8560783591262242,2.0478432817475514,1.8560783591262242,stop,-1.0,-1.0383978086275787,27,6.75,0.06392164087377572
NEAR,2023-03-10 12:00:00+00:00,2023-03-10 12:00:00+00:00,2023-03-11 12:00:00+00:00,1,1.723,1.6493954720199346,1.870209055960131,1.735,tempo,0.16303344820375737,0.13249592474312527,96,24.0,0.07360452798006545
NEAR,2023-03-12 20:00:00+00:00,2023-03-12 20:00:00+00:00,2023-03-12 22:30:00+00:00,-1,1.838,1.8909677214513838,1.7320645570972326,1.8909677214513838,stop,-1.0,-1.0457604924759338,10,2.5,0.05296772145138373
NEAR,2023-03-30 04:00:00+00:00,2023-03-30 04:00:00+00:00,2023-03-31 04:00:00+00:00,-1,1.975,2.0524972984985443,1.8200054030029116,1.923,tempo,0.6709911314002364,0.6382970885227599,96,24.0,0.07749729849854425
NEAR,2023-04-12 12:00:00+00:00,2023-04-12 12:00:00+00:00,2023-04-12 13:30:00+00:00,-1,2.083,2.140298917397982,1.9684021652040364,2.140298917397982,stop,-1.0,-1.0479091825983675,6,1.5,0.057298917397981874
NEAR,2023-04-14 08:00:00+00:00,2023-04-14 08:00:00+00:00,2023-04-15 08:00:00+00:00,-1,2.231,2.291919239289255,2.1091615214214894,2.28,tempo,-0.8043435960738007,-0.8524753527111026,96,24.0,0.060919239289255245
NEAR,2023-04-27 00:00:00+00:00,2023-04-27 00:00:00+00:00,2023-04-28 00:00:00+00:00,1,1.889,1.752712185540717,2.161575628918566,1.922,tempo,0.24213463346614106,0.22395876051793945,96,24.0,0.13628781445928295
NEAR,2023-05-03 20:00:00+00:00,2023-05-03 20:00:00+00:00,2023-05-03 23:00:00+00:00,1,1.819,1.7688040208593188,1.9193919582813623,1.9193919582813623,alvo,2.0,1.9515906490025308,12,3.0,0.05019597914068119
NEAR,2023-05-06 12:00:00+00:00,2023-05-06 12:00:00+00:00,2023-05-06 13:30:00+00:00,1,1.808,1.77874550455887,1.86650899088226,1.77874550455887,stop,-1.0,-1.0796932075842771,6,1.5,0.029254495441130013
NEAR,2023-05-10 20:00:00+00:00,2023-05-10 20:00:00+00:00,2023-05-11 20:00:00+00:00,1,1.666,1.5262317345645924,1.945536530870815,1.578,tempo,-0.6296135945156173,-0.644699994804204,96,24.0,0.13976826543540755
NEAR,2023-05-23 08:00:00+00:00,2023-05-23 08:00:00+00:00,2023-05-24 03:45:00+00:00,-1,1.652,1.6863785099073998,1.5832429801852002,1.5832429801852002,alvo,2.0,1.9388307421472117,79,19.75,0.03437850990739988
NEAR,2023-05-25 04:00:00+00:00,2023-05-25 04:00:00+00:00,2023-05-26 04:00:00+00:00,1,1.575,1.5175180110558886,1.6899639778882227,1.551,tempo,-0.41752208719386436,-0.4528705509009149,96,24.0,0.057481988944111384
NEAR,2023-06-01 04:00:00+00:00,2023-06-01 04:00:00+00:00,2023-06-02 04:00:00+00:00,1,1.551,1.5220631375780036,1.6088737248439926,1.567,tempo,0.5529279493632187,0.4828892571773165,96,24.0,0.028936862421996334
NEAR,2023-06-05 04:00:00+00:00,2023-06-05 04:00:00+00:00,2023-06-05 11:30:00+00:00,1,1.609,1.588009476552968,1.650981046894064,1.650981046894064,alvo,2.0,1.8990502697167964,30,7.5,0.020990523447032006
NEAR,2023-06-05 16:00:00+00:00,2023-06-05 16:00:00+00:00,2023-06-06 16:00:00+00:00,-1,1.504,1.6707011099322586,1.1705977801354828,1.498,tempo,0.03599256179180925,0.024287180821083026,96,24.0,0.16670110993225862
NEAR,2023-06-13 16:00:00+00:00,2023-06-13 16:00:00+00:00,2023-06-14 16:00:00+00:00,-1,1.188,1.2542555291110271,1.0554889417779456,1.202,tempo,-0.2113031197221235,-0.23475021947128913,96,24.0,0.06625552911102717
NEAR,2023-06-19 20:00:00+00:00,2023-06-19 20:00:00+00:00,2023-06-20 20:00:00+00:00,1,1.231,1.1837332839955892,1.325533432008822,1.289,tempo,1.2270791140765376,1.1924247073721002,96,24.0,0.0472667160044109
NEAR,2023-06-26 08:00:00+00:00,2023-06-26 08:00:00+00:00,2023-06-27 08:00:00+00:00,1,1.575,1.3335407275689424,2.0579185448621153,1.48,tempo,-0.39344109275043376,-0.40166504696021454,96,24.0,0.24145927243105758
NEAR,2023-07-02 04:00:00+00:00,2023-07-02 04:00:00+00:00,2023-07-03 04:00:00+00:00,-1,1.437,1.500845987615591,1.309308024768818,1.475,tempo,-0.5951822725148125,-0.6248286147626029,96,24.0,0.06384598761559102
NEAR,2023-07-12 16:00:00+00:00,2023-07-12 16:00:00+00:00,2023-07-13 15:45:00+00:00,-1,1.348,1.3773870168240838,1.2892259663518326,1.3773870168240838,stop,-1.0,-1.0602817758447616,95,23.75,0.029387016824083734
NEAR,2023-07-31 00:00:00+00:00,2023-07-31 00:00:00+00:00,2023-07-31 20:15:00+00:00,1,1.394,1.3527216572795155,1.4765566854409686,1.3527216572795155,stop,-1.0,-1.043251956342368,81,20.25,0.04127834272048436
NEAR,2023-08-09 00:00:00+00:00,2023-08-09 00:00:00+00:00,2023-08-10 00:00:00+00:00,-1,1.36,1.3813391966802435,1.3173216066395133,1.349,tempo,0.5154833223025826,0.4329661579319924,96,24.0,0.021339196680243422
NEAR,2023-08-17 20:00:00+00:00,2023-08-17 20:00:00+00:00,2023-08-17 21:45:00+00:00,1,1.212,1.166173114070926,1.303653771858148,1.166173114070926,stop,-1.0,-1.0337315637492486,7,1.75,0.045826885929074024
NEAR,2023-08-27 12:00:00+00:00,2023-08-27 12:00:00+00:00,2023-08-28 12:00:00+00:00,-1,1.193,1.2336073526932165,1.1117852946135671,1.172,tempo,0.517147723434535,0.4792912787750238,96,24.0,0.04060735269321647
NEAR,2023-09-05 20:00:00+00:00,2023-09-05 20:00:00+00:00,2023-09-06 20:00:00+00:00,-1,1.122,1.158978093596098,1.0480438128078042,1.124,tempo,-0.05408607652534713,-0.09356620808502425,96,24.0,0.03697809359609794
NEAR,2023-09-06 20:00:00+00:00,2023-09-06 20:00:00+00:00,2023-09-07 20:00:00+00:00,1,1.124,1.09730405138722,1.1773918972255601,1.137,tempo,0.4869652765879417,0.4319138520696745,96,24.0,0.02669594861278002
NEAR,2023-09-25 04:00:00+00:00,2023-09-25 04:00:00+00:00,2023-09-26 04:00:00+00:00,1,1.106,1.0767329098167504,1.1645341803664995,1.103,tempo,-0.10250421142710973,-0.15156443541964637,96,24.0,0.02926709018324969
NEAR,2023-09-27 20:00:00+00:00,2023-09-27 20:00:00+00:00,2023-09-28 20:00:00+00:00,1,1.071,1.0518054341116947,1.1093891317766105,1.102,tempo,1.6150404328178956,1.5414545018716495,96,24.0,0.01919456588830526
NEAR,2023-09-30 12:00:00+00:00,2023-09-30 12:00:00+00:00,2023-09-30 16:00:00+00:00,-1,1.127,1.146923769416279,1.087152461167442,1.146923769416279,stop,-1.0,-1.0741852818730635,16,4.0,0.019923769416279047
NEAR,2023-09-30 16:00:00+00:00,2023-09-30 16:00:00+00:00,2023-10-01 10:15:00+00:00,-1,1.139,1.1520937702597445,1.112812459480511,1.1520937702597445,stop,-1.0,-1.1137343119000087,73,18.25,0.013093770259744453
NEAR,2023-10-02 00:00:00+00:00,2023-10-02 00:00:00+00:00,2023-10-02 14:30:00+00:00,-1,1.161,1.1759688839595326,1.131062232080935,1.131062232080935,alvo,2.0,1.9004708397178909,58,14.5,0.014968883959532553
NEAR,2023-10-12 12:00:00+00:00,2023-10-12 12:00:00+00:00,2023-10-13 12:00:00+00:00,1,1.011,0.9887586936819938,1.0554826126360122,1.002,tempo,-0.40465249078979093,-0.4634822187424474,96,24.0,0.022241306318006138
NEAR,2023-10-16 16:00:00+00:00,2023-10-16 16:00:00+00:00,2023-10-17 16:00:00+00:00,-1,1.023,1.0760014461355487,0.9169971077289023,1.014,tempo,0.16980668748137182,0.14482529364140373,96,24.0,0.0530014461355488
NEAR,2023-10-20 12:00:00+00:00,2023-10-20 12:00:00+00:00,2023-10-21 11:45:00+00:00,-1,1.009,1.0241671751008337,0.9786656497983324,1.0241671751008337,stop,-1.0,-1.0871328151108965,95,23.75,0.015167175100833763
NEAR,2023-10-24 04:00:00+00:00,2023-10-24 04:00:00+00:00,2023-10-24 09:45:00+00:00,-1,1.105,1.141672442643698,1.031655114712604,1.141672442643698,stop,-1.0,-1.0398211022349055,23,5.75,0.036672442643697956
NEAR,2023-11-12 16:00:00+00:00,2023-11-12 16:00:00+00:00,2023-11-13 16:00:00+00:00,-1,1.68,1.8231694331293387,1.3936611337413225,1.718,tempo,-0.26541978388411286,-0.2808469595858192,96,24.0,0.14316943312933872
NEAR,2023-11-24 20:00:00+00:00,2023-11-24 20:00:00+00:00,2023-11-25 20:00:00+00:00,-1,1.839,1.929227542195756,1.6585449156084877,1.869,tempo,-0.3324927097638606,-0.3592051740662891,96,24.0,0.09022754219575613
NEAR,2023-11-29 12:00:00+00:00,2023-11-29 12:00:00+00:00,2023-11-30 12:00:00+00:00,-1,1.848,1.9019951917534796,1.740009616493041,1.866,tempo,-0.3333630165104481,-0.37807255307477433,96,24.0,0.053995191753479554
NEAR,2023-12-04 08:00:00+00:00,2023-12-04 08:00:00+00:00,2023-12-04 11:15:00+00:00,-1,2.129,2.1795705681736264,2.0278588636527473,2.0278588636527473,alvo,2.0,1.94657053778598,13,3.25,0.05057056817362637
NEAR,2023-12-04 12:00:00+00:00,2023-12-04 12:00:00+00:00,2023-12-04 14:00:00+00:00,-1,2.091,2.18803777065824,1.8969244586835208,2.18803777065824,stop,-1.0,-1.0286628034842604,8,2.0,0.09703777065823971
NEAR,2023-12-04 16:00:00+00:00,2023-12-04 16:00:00+00:00,2023-12-05 00:45:00+00:00,-1,2.114,2.2187084097191274,1.9045831805617448,2.2187084097191274,stop,-1.0,-1.0268962204074328,35,8.75,0.10470840971912754
NEAR,2023-12-06 12:00:00+00:00,2023-12-06 12:00:00+00:00,2023-12-07 12:00:00+00:00,-1,2.287,2.4234718794130705,2.0140562411738587,2.246,tempo,0.3004281920666006,0.2788380299564875,96,24.0,0.1364718794130706
NEAR,2023-12-11 04:00:00+00:00,2023-12-11 04:00:00+00:00,2023-12-12 04:00:00+00:00,1,2.385,2.1039449034712954,2.9471101930574086,2.299,tempo,-0.30598982570386013,-0.31682257713802264,96,24.0,0.2810550965287044
NEAR,2023-12-17 12:00:00+00:00,2023-12-17 12:00:00+00:00,2023-12-18 08:15:00+00:00,-1,2.393,2.5120958898307117,2.154808220338576,2.154808220338576,alvo,2.0,1.975179031388724,81,20.25,0.11909588983071195
NEAR,2023-12-20 20:00:00+00:00,2023-12-20 20:00:00+00:00,2023-12-21 08:30:00+00:00,-1,2.891,3.098655095899004,2.4756898082019925,3.098655095899004,stop,-1.0,-1.0187487612354473,50,12.5,0.20765509589900377
NEAR,2023-12-22 04:00:00+00:00,2023-12-22 04:00:00+00:00,2023-12-23 04:00:00+00:00,-1,3.569,3.878547404623229,2.949905190753542,3.223,tempo,1.117760946570171,1.1034988337756104,96,24.0,0.30954740462322894
NEAR,2024-01-02 12:00:00+00:00,2024-01-02 12:00:00+00:00,2024-01-03 12:00:00+00:00,-1,4.161,4.383530703453895,3.7159385930922095,3.822,tempo,1.5233852890337676,1.500067383147243,96,24.0,0.22253070345389503
NEAR,2024-01-03 16:00:00+00:00,2024-01-03 16:00:00+00:00,2024-01-04 16:00:00+00:00,1,3.613,2.7555021673251834,5.327995665349633,3.927,tempo,0.3661816835391073,0.36046621719826283,96,24.0,0.8574978326748166
NEAR,2024-01-11 16:00:00+00:00,2024-01-11 16:00:00+00:00,2024-01-12 16:00:00+00:00,-1,3.623,3.895510196298451,3.0779796074030985,3.533,tempo,0.3302628717108004,0.3131941525832936,96,24.0,0.27251019629845086
NEAR,2024-01-25 16:00:00+00:00,2024-01-25 16:00:00+00:00,2024-01-26 04:45:00+00:00,-1,2.621,2.7673750795181027,2.3282498409637946,2.7673750795181027,stop,-1.0,-1.0239278695063228,51,12.75,0.1463750795181027
NEAR,2024-01-28 12:00:00+00:00,2024-01-28 12:00:00+00:00,2024-01-29 12:00:00+00:00,-1,3.016,3.100238111370322,2.8475237772593562,2.936,tempo,0.9496889080087454,0.9037619524174425,96,24.0,0.08423811137032189
NEAR,2024-01-31 12:00:00+00:00,2024-01-31 12:00:00+00:00,2024-01-31 21:30:00+00:00,1,2.906,2.8036433082980166,3.1107133834039673,2.8036433082980166,stop,-1.0,-1.0362581878007473,38,9.5,0.10235669170198358
NEAR,2024-02-09 16:00:00+00:00,2024-02-09 16:00:00+00:00,2024-02-10 03:15:00+00:00,-1,2.975,3.07808729581865,2.7688254083627,3.07808729581865,stop,-1.0,-1.0381667470374203,45,11.25,0.10308729581864995
NEAR,2024-02-11 08:00:00+00:00,2024-02-11 08:00:00+00:00,2024-02-11 09:30:00+00:00,-1,3.137,3.1998827493805093,3.0112345012389814,3.1998827493805093,stop,-1.0,-1.0655024442740733,6,1.5,0.0628827493805093
NEAR,2024-02-12 00:00:00+00:00,2024-02-12 00:00:00+00:00,2024-02-12 01:30:00+00:00,-1,3.126,3.2406702346569385,2.8966595306861227,3.2406702346569385,stop,-1.0,-1.0360890135518408,6,1.5,0.1146702346569386
NEAR,2024-02-13 04:00:00+00:00,2024-02-13 04:00:00+00:00,2024-02-14 04:00:00+00:00,-1,3.298,3.4780391657661975,2.937921668467605,3.266,tempo,0.17773910395450218,0.15404092705036848,96,24.0,0.1800391657661975
NEAR,2024-02-16 08:00:00+00:00,2024-02-16 08:00:00+00:00,2024-02-17 08:00:00+00:00,-1,3.333,3.4946977339998346,3.0096045320003313,3.296,tempo,0.22882200686892895,0.20217444729332965,96,24.0,0.16169773399983445
NEAR,2024-02-24 04:00:00+00:00,2024-02-24 04:00:00+00:00,2024-02-24 05:15:00+00:00,-1,3.401,3.4866307698340617,3.229738460331876,3.4866307698340617,stop,-1.0,-1.0522821412100782,5,1.25,0.08563076983406193
NEAR,2024-03-07 04:00:00+00:00,2024-03-07 04:00:00+00:00,2024-03-08 04:00:00+00:00,-1,5.744,6.322888950142771,4.5862220997144565,5.397,tempo,0.5994241208342616,0.5869145540197387,96,24.0,0.5788889501427716
NEAR,2024-03-11 04:00:00+00:00,2024-03-11 04:00:00+00:00,2024-03-12 04:00:00+00:00,1,6.699,5.488492914373079,9.12001417125384,6.854,tempo,0.12804551236453598,0.1207680250167956,96,24.0,1.2105070856269204
NEAR,2024-03-15 04:00:00+00:00,2024-03-15 04:00:00+00:00,2024-03-16 04:00:00+00:00,-1,8.335,9.223995000072982,6.5570099998540385,7.375,tempo,1.0798710902999349,1.068384524009729,96,24.0,0.8889950000729812
NEAR,2024-03-19 04:00:00+00:00,2024-03-19 04:00:00+00:00,2024-03-19 07:30:00+00:00,1,6.874,6.429845810726478,7.762308378547043,6.429845810726478,stop,-1.0,-1.0194695895835553,14,3.5,0.44415418927352146
NEAR,2024-03-19 08:00:00+00:00,2024-03-19 08:00:00+00:00,2024-03-19 23:15:00+00:00,1,6.844,6.2773795475884775,7.977240904823046,6.2773795475884775,stop,-1.0,-1.0150522217643816,61,15.25,0.5666204524115228
NEAR,2024-04-01 08:00:00+00:00,2024-04-01 08:00:00+00:00,2024-04-01 15:15:00+00:00,1,6.936,6.588954314742713,7.630091370514574,6.588954314742713,stop,-1.0,-1.0253315937296996,29,7.25,0.34704568525728696
NEAR,2024-04-02 16:00:00+00:00,2024-04-02 16:00:00+00:00,2024-04-03 00:45:00+00:00,1,6.24,6.049924263282422,6.620151473435156,6.049924263282422,stop,-1.0,-1.0420277248905427,35,8.75,0.19007573671757783
NEAR,2024-04-03 04:00:00+00:00,2024-04-03 04:00:00+00:00,2024-04-04 04:00:00+00:00,1,6.383,5.934889741806685,7.279220516386631,6.424,tempo,0.0914953390384402,0.07291832624350263,96,24.0,0.4481102581933154
NEAR,2024-04-04 12:00:00+00:00,2024-04-04 12:00:00+00:00,2024-04-04 12:45:00+00:00,-1,6.866,6.992993304575941,6.612013390848118,6.992993304575941,stop,-1.0,-1.070935595211537,3,0.75,0.12699330457594105
NEAR,2024-04-04 20:00:00+00:00,2024-04-04 20:00:00+00:00,2024-04-05 15:45:00+00:00,-1,6.801,7.112121708940838,6.178756582118325,7.112121708940838,stop,-1.0,-1.0290674962592574,79,19.75,0.31112170894083757
NEAR,2024-04-09 08:00:00+00:00,2024-04-09 08:00:00+00:00,2024-04-10 08:00:00+00:00,-1,7.29,7.759671837413794,6.3506563251724115,6.999,tempo,0.6195815393198062,0.5998063489418974,96,24.0,0.46967183741379426
NEAR,2024-04-14 00:00:00+00:00,2024-04-14 00:00:00+00:00,2024-04-15 00:00:00+00:00,1,5.214,4.055888547246261,7.530222905507479,5.714,tempo,0.4317373762353423,0.42560394237359256,96,24.0,1.1581114527537393
NEAR,2024-04-17 20:00:00+00:00,2024-04-17 20:00:00+00:00,2024-04-18 11:30:00+00:00,-1,5.508,5.738954563796453,5.0460908724070945,5.738954563796453,stop,-1.0,-1.0316535007851617,62,15.5,0.23095456379645274
NEAR,2024-04-23 16:00:00+00:00,2024-04-23 16:00:00+00:00,2024-04-24 16:00:00+00:00,-1,7.044,7.347338112416275,6.437323775167449,6.974,tempo,0.2307655950068593,0.20072749683508762,96,24.0,0.3033381124162755
NEAR,2024-04-24 16:00:00+00:00,2024-04-24 16:00:00+00:00,2024-04-25 04:15:00+00:00,1,6.973,6.673057110221802,7.572885779556395,6.673057110221802,stop,-1.0,-1.02957208663357,49,12.25,0.2999428897781975
NEAR,2024-04-28 00:00:00+00:00,2024-04-28 00:00:00+00:00,2024-04-29 00:00:00+00:00,-1,7.135,7.7298232596705825,5.945353480658834,7.04,tempo,0.1597113066032613,0.14422141132730548,96,24.0,0.5948232596705827
NEAR,2024-05-01 12:00:00+00:00,2024-05-01 12:00:00+00:00,2024-05-02 12:00:00+00:00,1,6.108,5.655378850175242,7.013242299649515,6.129,tempo,0.046396417861009204,0.02882311179018245,96,24.0,0.45262114982475765
NEAR,2024-05-07 04:00:00+00:00,2024-05-07 04:00:00+00:00,2024-05-08 04:00:00+00:00,-1,7.472,8.337776771483071,5.740446457033859,7.29,tempo,0.21021585008366006,0.19913297015889225,96,24.0,0.8657767714830706
NEAR,2024-05-13 08:00:00+00:00,2024-05-13 08:00:00+00:00,2024-05-14 08:00:00+00:00,1,6.958,6.485358379511818,7.903283240976364,7.37,tempo,0.871696401968268,0.8519918317478533,96,24.0,0.47264162048818203
NEAR,2024-05-15 12:00:00+00:00,2024-05-15 12:00:00+00:00,2024-05-15 13:30:00+00:00,1,7.062,6.8276373778381805,7.53072524432364,7.53072524432364,alvo,2.0,1.9595273712108363,6,1.5,0.2343626221618198
NEAR,2024-05-24 00:00:00+00:00,2024-05-24 00:00:00+00:00,2024-05-25 00:00:00+00:00,1,7.694,7.184846014269501,8.712307971460998,7.913,tempo,0.4301252786733947,0.4102009526653299,96,24.0,0.5091539857304985
NEAR,2024-06-07 00:00:00+00:00,2024-06-07 00:00:00+00:00,2024-06-07 17:30:00+00:00,1,7.334,7.205019021782328,7.591961956435343,7.205019021782328,stop,-1.0,-1.0732694269709278,70,17.5,0.12898097821767163
NEAR,2024-06-12 16:00:00+00:00,2024-06-12 16:00:00+00:00,2024-06-13 02:15:00+00:00,-1,6.592,6.773816726243889,6.228366547512221,6.228366547512221,alvo,2.0,1.9541668226678732,41,10.25,0.18181672624388945
NEAR,2024-06-14 04:00:00+00:00,2024-06-14 04:00:00+00:00,2024-06-14 14:30:00+00:00,1,5.877,5.7475482674344756,6.135903465131048,5.7475482674344756,stop,-1.0,-1.0583689088132353,42,10.5,0.12945173256552422
NEAR,2024-06-24 08:00:00+00:00,2024-06-24 08:00:00+00:00,2024-06-25 08:00:00+00:00,1,5.262,4.9690725965404665,5.847854806919066,5.518,tempo,0.873936671600497,0.8500160690305569,96,24.0,0.29292740345953305
NEAR,2024-07-03 00:00:00+00:00,2024-07-03 00:00:00+00:00,2024-07-03 08:15:00+00:00,-1,5.522,5.631217854211169,5.303564291577663,5.303564291577663,alvo,2.0,1.9355726511901574,33,8.25,0.10921785421116859
NEAR,2024-07-04 16:00:00+00:00,2024-07-04 16:00:00+00:00,2024-07-04 23:45:00+00:00,1,4.824,4.615978528605755,5.24004294278849,4.615978528605755,stop,-1.0,-1.029496888001358,31,7.75,0.20802147139424498
NEAR,2024-07-05 08:00:00+00:00,2024-07-05 08:00:00+00:00,2024-07-06 08:00:00+00:00,1,4.201,3.7903784562436704,5.022243087512658,4.509,tempo,0.7500824169682969,0.7362947818914592,96,24.0,0.4106215437563292
NEAR,2024-07-16 08:00:00+00:00,2024-07-16 08:00:00+00:00,2024-07-17 00:30:00+00:00,-1,5.973,6.298626793804162,5.3217464123916765,6.298626793804162,stop,-1.0,-1.0244960106715604,66,16.5,0.3256267938041617
NEAR,2024-07-18 20:00:00+00:00,2024-07-18 20:00:00+00:00,2024-07-19 20:00:00+00:00,1,6.048,5.8161688001701775,6.511662399659645,6.402,tempo,1.5269730746329935,1.4920662113378875,96,24.0,0.2318311998298226
NEAR,2024-07-21 20:00:00+00:00,2024-07-21 20:00:00+00:00,2024-07-22 20:00:00+00:00,1,6.191,5.860775646547262,6.851448706905475,6.183,tempo,-0.024225954010823687,-0.04858242534888066,96,24.0,0.3302243534527376
NEAR,2024-07-25 04:00:00+00:00,2024-07-25 04:00:00+00:00,2024-07-25 13:15:00+00:00,1,5.569,5.398514665303357,5.909970669393286,5.398514665303357,stop,-1.0,-1.0418152361617035,37,9.25,0.17048533469664306
NEAR,2024-07-27 16:00:00+00:00,2024-07-27 16:00:00+00:00,2024-07-28 16:00:00+00:00,-1,5.739,5.977518322274552,5.261963355450896,5.459,tempo,1.1739140093300668,1.1433976954025284,96,24.0,0.23851832227455194
NEAR,2024-08-02 16:00:00+00:00,2024-08-02 16:00:00+00:00,2024-08-03 01:00:00+00:00,1,4.791,4.5620728106183215,5.248854378763358,4.5620728106183215,stop,-1.0,-1.0265564668981537,36,9.0,0.22892718938167889
NEAR,2024-08-03 04:00:00+00:00,2024-08-03 04:00:00+00:00,2024-08-03 17:15:00+00:00,1,4.669,4.376317227525246,5.254365544949507,4.376317227525246,stop,-1.0,-1.0200881526035106,53,13.25,0.2926827724747536
NEAR,2024-08-05 08:00:00+00:00,2024-08-05 08:00:00+00:00,2024-08-06 08:00:00+00:00,1,3.506,3.0399662557992144,4.43806748840157,3.744,tempo,0.5106926332301397,0.5005807045154463,96,24.0,0.46603374420078536
NEAR,2024-08-20 16:00:00+00:00,2024-08-20 16:00:00+00:00,2024-08-21 16:00:00+00:00,-1,3.984,4.169308730086583,3.6133825398268336,4.083,tempo,-0.5342435834174876,-0.5625398757591922,96,24.0,0.18530873008658322
NEAR,2024-08-26 20:00:00+00:00,2024-08-26 20:00:00+00:00,2024-08-27 12:45:00+00:00,1,4.778,4.657459550335694,5.019080899328611,4.657459550335694,stop,-1.0,-1.0508795904179733,67,16.75,0.12054044966430588
NEAR,2024-09-07 00:00:00+00:00,2024-09-07 00:00:00+00:00,2024-09-08 00:00:00+00:00,1,3.548,3.387429298944809,3.8691414021103823,3.664,tempo,0.7224232019771076,0.693228585716519,96,24.0,0.1605707010551911
NEAR,2024-09-11 16:00:00+00:00,2024-09-11 16:00:00+00:00,2024-09-12 04:45:00+00:00,1,3.907,3.781457092338798,4.158085815322404,4.158085815322404,alvo,2.0,1.9582429156881822,51,12.75,0.12554290766120202
NEAR,2024-09-17 20:00:00+00:00,2024-09-17 20:00:00+00:00,2024-09-18 20:00:00+00:00,-1,4.138,4.334208805651454,3.745582388697091,4.096,tempo,0.21405767116593472,0.18678009826481082,96,24.0,0.19620880565145438
NEAR,2024-10-01 20:00:00+00:00,2024-10-01 20:00:00+00:00,2024-10-02 19:15:00+00:00,1,4.855,4.522173763929779,5.520652472140442,4.522173763929779,stop,-1.0,-1.0183133487868077,93,23.25,0.332826236070221
NEAR,2024-10-10 20:00:00+00:00,2024-10-10 20:00:00+00:00,2024-10-11 16:15:00+00:00,1,4.527,4.387983279906116,4.805033440187768,4.805033440187768,alvo,2.0,1.956366243340905,81,20.25,0.13901672009388388
NEAR,2024-10-15 12:00:00+00:00,2024-10-15 12:00:00+00:00,2024-10-15 14:00:00+00:00,-1,4.948,5.205730264561565,4.432539470876872,5.205730264561565,stop,-1.0,-1.0256078760606264,8,2.0,0.2577302645615642
NEAR,2024-10-15 16:00:00+00:00,2024-10-15 16:00:00+00:00,2024-10-16 16:00:00+00:00,-1,5.008,5.348169228606384,4.327661542787232,4.917,tempo,0.26751390880595477,0.24854908348524696,96,24.0,0.340169228606384
NEAR,2024-10-17 16:00:00+00:00,2024-10-17 16:00:00+00:00,2024-10-17 18:15:00+00:00,1,4.806,4.657931087355061,5.102137825289879,4.657931087355061,stop,-1.0,-1.0415452176753122,9,2.25,0.1480689126449395
NEAR,2024-10-23 20:00:00+00:00,2024-10-23 20:00:00+00:00,2024-10-24 20:00:00+00:00,1,4.589,4.413974155281841,4.939051689436319,4.697,tempo,0.617051728411367,0.5825659642676801,96,24.0,0.17502584471815918
NEAR,2024-10-29 20:00:00+00:00,2024-10-29 20:00:00+00:00,2024-10-30 20:00:00+00:00,-1,4.373,4.546371151181576,4.026257697636848,4.311,tempo,0.3576142834459585,0.32505638692436095,96,24.0,0.1733711511815761
NEAR,2024-11-06 08:00:00+00:00,2024-11-06 08:00:00+00:00,2024-11-07 01:30:00+00:00,-1,4.142,4.293103457333729,3.839793085332544,4.293103457333729,stop,-1.0,-1.0362851872750836,70,17.5,0.1511034573337282
NEAR,2024-11-11 20:00:00+00:00,2024-11-11 20:00:00+00:00,2024-11-12 03:45:00+00:00,-1,5.381,5.665348875942612,4.8123022481147775,5.665348875942612,stop,-1.0,-1.025251117119984,31,7.75,0.2843488759426114
NEAR,2024-11-12 08:00:00+00:00,2024-11-12 08:00:00+00:00,2024-11-12 11:00:00+00:00,-1,5.557,5.848153842955281,4.97469231408944,4.97469231408944,alvo,2.0,1.9764880314315152,12,3.0,0.29115384295528024
NEAR,2024-11-15 00:00:00+00:00,2024-11-15 00:00:00+00:00,2024-11-16 00:00:00+00:00,-1,5.419,5.742433456446685,4.772133087106629,5.562,tempo,-0.44213113130296317,-0.46419950381586234,96,24.0,0.3234334564466854
NEAR,2024-11-16 12:00:00+00:00,2024-11-16 12:00:00+00:00,2024-11-17 12:00:00+00:00,-1,6.156,6.4704866981595135,5.527026603680972,5.829,tempo,1.0397896060905545,1.0150182881124292,96,24.0,0.3144866981595138
NEAR,2024-12-05 00:00:00+00:00,2024-12-05 00:00:00+00:00,2024-12-05 14:15:00+00:00,-1,7.478,7.8187422426663975,6.796515514667204,7.8187422426663975,stop,-1.0,-1.02918006989661,57,14.25,0.34074224266639774
NEAR,2024-12-05 20:00:00+00:00,2024-12-05 20:00:00+00:00,2024-12-06 01:30:00+00:00,-1,7.758,8.133205227239916,7.007589545520168,8.133205227239916,stop,-1.0,-1.0275296894813812,22,5.5,0.375205227239916
NEAR,2024-12-12 20:00:00+00:00,2024-12-12 20:00:00+00:00,2024-12-13 20:00:00+00:00,-1,6.944,7.393297578068866,6.045404843862268,6.877,tempo,0.14912165849630005,0.1291267810731615,96,24.0,0.44929757806886617
NEAR,2024-12-19 04:00:00+00:00,2024-12-19 04:00:00+00:00,2024-12-19 18:00:00+00:00,1,5.756,5.198703335101884,6.8705933297962325,5.198703335101884,stop,-1.0,-1.0127769599502592,56,14.0,0.5572966648981161
NEAR,2024-12-20 00:00:00+00:00,2024-12-20 00:00:00+00:00,2024-12-20 08:45:00+00:00,1,5.199,4.903359178507485,5.790281642985029,4.903359178507485,stop,-1.0,-1.0222111866449273,35,8.75,0.2956408214925146
NEAR,2025-01-04 16:00:00+00:00,2025-01-04 16:00:00+00:00,2025-01-05 16:00:00+00:00,-1,5.76,5.969360053732702,5.341279892534596,5.737,tempo,0.10985858854127284,0.07416386136308284,96,24.0,0.20936005373270206
NEAR,2025-01-09 16:00:00+00:00,2025-01-09 16:00:00+00:00,2025-01-10 16:00:00+00:00,1,5.089,4.784673838936496,5.697652322127009,5.008,tempo,-0.2661618038913781,-0.2877276462003818,96,24.0,0.3043261610635044
NEAR,2025-01-16 04:00:00+00:00,2025-01-16 04:00:00+00:00,2025-01-17 04:00:00+00:00,-1,5.189,5.3756831263176705,4.815633747364659,5.264,tempo,-0.40175028927025774,-0.43814591930935504,96,24.0,0.18668312631767048
NEAR,2025-01-18 04:00:00+00:00,2025-01-18 04:00:00+00:00,2025-01-19 04:00:00+00:00,-1,5.61,5.926942037177156,4.976115925645689,5.446,tempo,0.5174447714814565,0.49477059400722284,96,24.0,0.31694203717715563
NEAR,2025-01-20 04:00:00+00:00,2025-01-20 04:00:00+00:00,2025-01-20 07:15:00+00:00,1,4.994,4.67775517987021,5.62648964025958,5.62648964025958,alvo,2.0,1.9781709681020687,13,3.25,0.31624482012979005
NEAR,2025-02-03 00:00:00+00:00,2025-02-03 00:00:00+00:00,2025-02-03 02:00:00+00:00,1,3.747,3.4373983909542902,4.366203218091419,3.4373983909542902,stop,-1.0,-1.0150834453622972,8,2.0,0.30960160904570966
NEAR,2025-02-11 16:00:00+00:00,2025-02-11 16:00:00+00:00,2025-02-12 16:00:00+00:00,-1,3.303,3.4165690679208605,3.075861864158279,3.214,tempo,0.783664087672347,0.7463647589242071,96,24.0,0.11356906792086052
NEAR,2025-02-12 16:00:00+00:00,2025-02-12 16:00:00+00:00,2025-02-13 16:00:00+00:00,1,3.215,3.0606618472703273,3.523676305459345,3.323,tempo,0.6997621656724441,0.6722271723811646,96,24.0,0.15433815272967255
NEAR,2025-02-17 16:00:00+00:00,2025-02-17 16:00:00+00:00,2025-02-17 17:00:00+00:00,1,3.324,3.2839980901599426,3.4040038196801143,3.2839980901599426,stop,-1.0,-1.1073748422457275,4,1.0,0.04000190984005725
NEAR,2025-03-03 04:00:00+00:00,2025-03-03 04:00:00+00:00,2025-03-03 20:00:00+00:00,-1,3.396,3.5977751566758784,2.992449686648243,2.992449686648243,alvo,2.0,1.9794202003619716,64,16.0,0.20177515667587853
NEAR,2025-03-11 04:00:00+00:00,2025-03-11 04:00:00+00:00,2025-03-12 04:00:00+00:00,1,2.332,2.097939563101059,2.8001208737978818,2.39,tempo,0.24779924693143518,0.23468596712787224,96,24.0,0.23406043689894096
NEAR,2025-03-19 20:00:00+00:00,2025-03-19 20:00:00+00:00,2025-03-20 20:00:00+00:00,-1,2.783,2.8449635625922185,2.6590728748155628,2.72,tempo,1.0167265625864983,0.9589998946810413,96,24.0,0.06196356259221858
NEAR,2025-03-26 00:00:00+00:00,2025-03-26 00:00:00+00:00,2025-03-27 00:00:00+00:00,-1,3.024,3.091641321162196,2.888717357675608,2.982,tempo,0.6209222303521942,0.5632075090409575,96,24.0,0.06764132116219601
NEAR,2025-03-31 12:00:00+00:00,2025-03-31 12:00:00+00:00,2025-04-01 12:00:00+00:00,1,2.537,2.4420359687718642,2.7269280624562713,2.625,tempo,0.9266666427480774,0.8913343179024794,96,24.0,0.09496403122813568
TRX,2023-01-06 00:00:00+00:00,2023-01-06 00:00:00+00:00,2023-01-06 02:15:00+00:00,1,0.05365,0.0530701727418634,0.054809654516273204,0.0530701727418634,stop,-1.0,-1.1196358248233114,9,2.25,0.0005798272581366004
TRX,2023-01-14 08:00:00+00:00,2023-01-14 08:00:00+00:00,2023-01-14 14:45:00+00:00,-1,0.06488,0.06628499477751337,0.062070010444973234,0.062070010444973234,alvo,2.0,1.9412684601324457,27,6.75,0.0014049947775133798
TRX,2023-02-08 16:00:00+00:00,2023-02-08 16:00:00+00:00,2023-02-09 16:00:00+00:00,-1,0.06665,0.07199458592051533,0.05596082815896934,0.06534,tempo,0.2451078567137516,0.22905544380919346,96,24.0,0.0053445859205153295
TRX,2023-02-13 12:00:00+00:00,2023-02-13 12:00:00+00:00,2023-02-14 12:00:00+00:00,1,0.06384,0.06251455189073732,0.06649089621852534,0.06614,tempo,1.7352621984420515,1.671519982198672,96,24.0,0.0013254481092626752
TRX,2023-02-20 04:00:00+00:00,2023-02-20 04:00:00+00:00,2023-02-21 04:00:00+00:00,1,0.07213,0.06916190081205535,0.0780661983758893,0.07174,tempo,-0.1313972260711641,-0.16290409092926128,96,24.0,0.0029680991879446478
TRX,2023-03-08 16:00:00+00:00,2023-03-08 16:00:00+00:00,2023-03-08 23:00:00+00:00,1,0.06606,0.06516738073226665,0.06784523853546669,0.06516738073226665,stop,-1.0,-1.0955589920129916,28,7.0,0.0008926192677333467
TRX,2023-03-22 16:00:00+00:00,2023-03-22 16:00:00+00:00,2023-03-22 19:45:00+00:00,-1,0.06692,0.06861479712994897,0.06353040574010203,0.06353040574010203,alvo,2.0,1.9499687825565182,15,3.75,0.00169479712994898
TRX,2023-03-27 16:00:00+00:00,2023-03-27 16:00:00+00:00,2023-03-28 16:00:00+00:00,1,0.06307,0.061407255490575165,0.06639548901884967,0.06355,tempo,0.2886793474759584,0.23918106344405407,96,24.0,0.0016627445094248364
TRX,2023-04-19 12:00:00+00:00,2023-04-19 12:00:00+00:00,2023-04-20 12:00:00+00:00,1,0.06567,0.06458220236807749,0.06784559526384504,0.06593,tempo,0.23901504505069215,0.16037909522901334,96,24.0,0.0010877976319225158
TRX,2023-04-20 20:00:00+00:00,2023-04-20 20:00:00+00:00,2023-04-21 20:00:00+00:00,1,0.06506,0.06424120033614586,0.0666975993277083,0.06471,tempo,-0.42745498740501264,-0.5304722500196017,96,24.0,0.0008187996638541473
TRX,2023-04-22 00:00:00+00:00,2023-04-22 00:00:00+00:00,2023-04-23 00:00:00+00:00,1,0.06495,0.06395553714685609,0.0669389257062878,0.0661,tempo,1.156403174200415,1.070746379951436,96,24.0,0.0009944628531439043
TRX,2023-04-23 04:00:00+00:00,2023-04-23 04:00:00+00:00,2023-04-23 08:15:00+00:00,-1,0.06577,0.06650634975807518,0.06429730048384963,0.06650634975807518,stop,-1.0,-1.1167646575555337,17,4.25,0.0007363497580751832
TRX,2023-05-01 08:00:00+00:00,2023-05-01 08:00:00+00:00,2023-05-01 12:15:00+00:00,-1,0.06806,0.06915531524141967,0.06586936951716064,0.06915531524141967,stop,-1.0,-1.0814285710032854,17,4.25,0.0010953152414196754
TRX,2023-05-01 16:00:00+00:00,2023-05-01 16:00:00+00:00,2023-05-02 16:00:00+00:00,-1,0.06839,0.06957801654325355,0.06601396691349293,0.06853,tempo,-0.11784347683962292,-0.19275657506657795,96,24.0,0.0011880165432535394
TRX,2023-05-18 20:00:00+00:00,2023-05-18 20:00:00+00:00,2023-05-19 20:00:00+00:00,1,0.07029,0.06953736497627527,0.07179527004744947,0.0705,tempo,0.2790197019542279,0.15742889483618175,96,24.0,0.000752635023724732
TRX,2023-05-20 20:00:00+00:00,2023-05-20 20:00:00+00:00,2023-05-21 13:30:00+00:00,-1,0.07267,0.07314965067358008,0.07171069865283984,0.07314965067358008,stop,-1.0,-1.197607922095418,70,17.5,0.00047965067358007873
TRX,2023-06-02 08:00:00+00:00,2023-06-02 08:00:00+00:00,2023-06-02 21:45:00+00:00,-1,0.07623,0.07697484524170117,0.07474030951659767,0.07697484524170117,stop,-1.0,-1.1336964295826955,55,13.75,0.000744845241701167
TRX,2023-06-03 04:00:00+00:00,2023-06-03 04:00:00+00:00,2023-06-03 08:45:00+00:00,-1,0.08333,0.08534857024067259,0.07929285951865482,0.08534857024067259,stop,-1.0,-1.054316202848559,19,4.75,0.0020185702406725903
TRX,2023-06-03 12:00:00+00:00,2023-06-03 12:00:00+00:00,2023-06-03 18:15:00+00:00,-1,0.08461,0.08643530369850703,0.08095939260298594,0.08095939260298594,alvo,2.0,1.9410398909069397,25,6.25,0.0018253036985070303
TRX,2023-06-09 20:00:00+00:00,2023-06-09 20:00:00+00:00,2023-06-10 20:00:00+00:00,-1,0.07223,0.07876928618553136,0.059151427628937284,0.06946,tempo,0.42359363413836093,0.4095097574908188,96,24.0,0.006539286185531359
TRX,2023-06-15 12:00:00+00:00,2023-06-15 12:00:00+00:00,2023-06-16 12:00:00+00:00,1,0.07034,0.06902541201216326,0.07296917597567347,0.06959,tempo,-0.5705209593723648,-0.6397095575046764,96,24.0,0.001314587987836735
TRX,2023-06-16 16:00:00+00:00,2023-06-16 16:00:00+00:00,2023-06-17 16:00:00+00:00,1,0.06963,0.06838780381404948,0.07211439237190104,0.07108,tempo,1.1672874352697171,1.093658566469082,96,24.0,0.0012421961859505198
TRX,2023-07-06 12:00:00+00:00,2023-07-06 12:00:00+00:00,2023-07-07 12:00:00+00:00,-1,0.07786,0.078739236559817,0.07610152688036599,0.07814,tempo,-0.3184580951209298,-0.4337854195682941,96,24.0,0.0008792365598170038
TRX,2023-07-18 08:00:00+00:00,2023-07-18 08:00:00+00:00,2023-07-19 08:00:00+00:00,-1,0.08011,0.0811304772085699,0.0780690455828602,0.07959,tempo,0.509565520555559,0.4078435035146568,96,24.0,0.0010204772085699032
TRX,2023-07-20 16:00:00+00:00,2023-07-20 16:00:00+00:00,2023-07-21 15:30:00+00:00,-1,0.08034,0.08143635844730719,0.0781472831053856,0.08143635844730719,stop,-1.0,-1.0959126399299641,94,23.5,0.001096358447307197
TRX,2023-07-28 08:00:00+00:00,2023-07-28 08:00:00+00:00,2023-07-28 19:15:00+00:00,-1,0.08305,0.08448107141223028,0.08018785717553943,0.08448107141223028,stop,-1.0,-1.0760934747821143,45,11.25,0.0014310714122302837
TRX,2023-07-31 00:00:00+00:00,2023-07-31 00:00:00+00:00,2023-07-31 08:00:00+00:00,1,0.07996,0.07877973468640523,0.08232053062718955,0.07877973468640523,stop,-1.0,-1.087421723198746,32,8.0,0.001180265313594775
TRX,2023-08-14 20:00:00+00:00,2023-08-14 20:00:00+00:00,2023-08-15 19:15:00+00:00,-1,0.07737,0.07772275857723929,0.07666448284552141,0.07666448284552141,alvo,2.0,1.7161729854078893,93,23.25,0.0003527585772392927
TRX,2023-08-21 00:00:00+00:00,2023-08-21 00:00:00+00:00,2023-08-21 15:30:00+00:00,-1,0.07588,0.07663246984427421,0.07437506031145158,0.07437506031145158,alvo,2.0,1.8702063744539208,62,15.5,0.0007524698442742117
TRX,2023-09-01 08:00:00+00:00,2023-09-01 08:00:00+00:00,2023-09-01 17:15:00+00:00,-1,0.07714,0.07771151124868098,0.07599697750263805,0.07599697750263805,alvo,2.0,1.8258318876374757,37,9.25,0.0005715112486809754
TRX,2023-09-05 20:00:00+00:00,2023-09-05 20:00:00+00:00,2023-09-06 10:00:00+00:00,-1,0.07714,0.07789954532448587,0.07562090935102826,0.07789954532448587,stop,-1.0,-1.1326789872995797,56,14.0,0.0007595453244858691
TRX,2023-09-11 16:00:00+00:00,2023-09-11 16:00:00+00:00,2023-09-12 10:30:00+00:00,1,0.07741,0.07674814016583745,0.07873371966832513,0.07873371966832513,alvo,2.0,1.846654212046529,74,18.5,0.0006618598341625592
TRX,2023-09-21 16:00:00+00:00,2023-09-21 16:00:00+00:00,2023-09-22 16:00:00+00:00,1,0.08315,0.08249030062910055,0.0844693987417989,0.08386,tempo,1.076247805166119,0.9116933053611678,96,24.0,0.0006596993708994497
TRX,2023-10-19 16:00:00+00:00,2023-10-19 16:00:00+00:00,2023-10-19 23:15:00+00:00,-1,0.08935,0.08980790169646807,0.08843419660706385,0.08980790169646807,stop,-1.0,-1.2543179835343186,29,7.25,0.0004579016964680743
TRX,2023-10-23 00:00:00+00:00,2023-10-23 00:00:00+00:00,2023-10-23 22:45:00+00:00,1,0.09028,0.08943179241562779,0.09197641516874441,0.09197641516874441,alvo,2.0,1.8603329278794813,91,22.75,0.000848207584372207
TRX,2023-10-31 08:00:00+00:00,2023-10-31 08:00:00+00:00,2023-10-31 12:15:00+00:00,-1,0.09586,0.09673676937565263,0.09410646124869473,0.09673676937565263,stop,-1.0,-1.1427831577728056,17,4.25,0.0008767693756526335
TRX,2023-10-31 16:00:00+00:00,2023-10-31 16:00:00+00:00,2023-10-31 21:00:00+00:00,-1,0.09585,0.09724701686198631,0.0930559662760274,0.09724701686198631,stop,-1.0,-1.0898436263552571,20,5.0,0.0013970168619863027
TRX,2023-11-05 16:00:00+00:00,2023-11-05 16:00:00+00:00,2023-11-06 16:00:00+00:00,-1,0.0981,0.09919461568154503,0.09591076863690996,0.09821,tempo,-0.10049189122225693,-0.21706385538404727,96,24.0,0.001094615681545022
TRX,2023-11-06 16:00:00+00:00,2023-11-06 16:00:00+00:00,2023-11-07 15:45:00+00:00,-1,0.09822,0.09934428427631671,0.09597143144736658,0.09597143144736658,alvo,2.0,1.887729079646729,95,23.75,0.0011242842763167088
TRX,2023-11-18 08:00:00+00:00,2023-11-18 08:00:00+00:00,2023-11-19 08:00:00+00:00,1,0.10201,0.10090444258658976,0.10422111482682049,0.10275,tempo,0.6693456088520623,0.5489592784945522,96,24.0,0.0011055574134102436
TRX,2023-12-02 20:00:00+00:00,2023-12-02 20:00:00+00:00,2023-12-03 20:00:00+00:00,1,0.10308,0.10204288055550538,0.10515423888898925,0.10337,tempo,0.27962063727511344,0.15023100842152431,96,24.0,0.0010371194444946247
TRX,2023-12-04 00:00:00+00:00,2023-12-04 00:00:00+00:00,2023-12-04 06:30:00+00:00,-1,0.10313,0.10436922543486508,0.10065154913026983,0.10436922543486508,stop,-1.0,-1.1088377406870658,26,6.5,0.001239225434865085
TRX,2023-12-04 12:00:00+00:00,2023-12-04 12:00:00+00:00,2023-12-05 12:00:00+00:00,-1,0.10337,0.10643287551640725,0.09724424896718552,0.10284,tempo,0.17304000673905723,0.12927835228003925,96,24.0,0.003062875516407243
TRX,2023-12-06 12:00:00+00:00,2023-12-06 12:00:00+00:00,2023-12-07 12:00:00+00:00,-1,0.10483,0.10658253188935715,0.10132493622128572,0.10312,tempo,0.9757311752125987,0.8986041906362544,96,24.0,0.001752531889357145
TRX,2023-12-23 04:00:00+00:00,2023-12-23 04:00:00+00:00,2023-12-23 12:00:00+00:00,-1,0.10421,0.10570136027739685,0.10122727944520629,0.10570136027739685,stop,-1.0,-1.0914885465626496,32,8.0,0.0014913602773968526
TRX,2023-12-26 08:00:00+00:00,2023-12-26 08:00:00+00:00,2023-12-26 16:00:00+00:00,1,0.105,0.10375809501665016,0.10748380996669966,0.10375809501665016,stop,-1.0,-1.1092617902174882,32,8.0,0.0012419049833498341
TRX,2023-12-30 08:00:00+00:00,2023-12-30 08:00:00+00:00,2023-12-31 08:00:00+00:00,-1,0.10654,0.10759967315741344,0.10442065368517311,0.10649,tempo,0.04718436024371859,-0.08348753517164761,96,24.0,0.0010596731574134405
TRX,2024-01-11 16:00:00+00:00,2024-01-11 16:00:00+00:00,2024-01-12 16:00:00+00:00,-1,0.10567,0.10814604053231114,0.10071791893537772,0.1067,tempo,-0.41598672822960625,-0.4717372291598769,96,24.0,0.0024760405323111384
TRX,2024-01-12 16:00:00+00:00,2024-01-12 16:00:00+00:00,2024-01-13 06:15:00+00:00,-1,0.1067,0.10833955582306427,0.10342088835387146,0.10833955582306427,stop,-1.0,-1.085252181913365,57,14.25,0.0016395558230642704
TRX,2024-01-22 12:00:00+00:00,2024-01-22 12:00:00+00:00,2024-01-23 09:30:00+00:00,1,0.10901,0.10758077156564581,0.11186845686870836,0.10758077156564581,stop,-1.0,-1.0985034989044877,86,21.5,0.0014292284343541822
TRX,2024-01-23 16:00:00+00:00,2024-01-23 16:00:00+00:00,2024-01-24 16:00:00+00:00,1,0.10725,0.10571069126912964,0.1103286174617407,0.10859,tempo,0.870520625997065,0.7793784157396892,96,24.0,0.0015393087308703535
TRX,2024-01-25 16:00:00+00:00,2024-01-25 16:00:00+00:00,2024-01-25 23:00:00+00:00,-1,0.11096,0.1122399113022327,0.10840017739553462,0.1122399113022327,stop,-1.0,-1.1133515596693084,28,7.0,0.001279911302232692
TRX,2024-01-28 16:00:00+00:00,2024-01-28 16:00:00+00:00,2024-01-29 15:30:00+00:00,1,0.11211,0.11114563094787366,0.11403873810425268,0.11403873810425268,alvo,2.0,1.8475721722470757,94,23.5,0.0009643690521263376
TRX,2024-02-15 04:00:00+00:00,2024-02-15 04:00:00+00:00,2024-02-15 08:00:00+00:00,-1,0.13015,0.13071264735972432,0.12902470528055132,0.13071264735972432,stop,-1.0,-1.3013623326463246,16,4.0,0.0005626473597243331
TRX,2024-02-23 20:00:00+00:00,2024-02-23 20:00:00+00:00,2024-02-24 12:45:00+00:00,1,0.13869,0.13731846521018712,0.1414330695796258,0.13731846521018712,stop,-1.0,-1.1308063810842865,67,16.75,0.0013715347898128893
TRX,2024-02-26 12:00:00+00:00,2024-02-26 12:00:00+00:00,2024-02-26 13:15:00+00:00,-1,0.13819,0.13861959745069782,0.13733080509860437,0.13861959745069782,stop,-1.0,-1.4188252003141326,5,1.25,0.0004295974506978162
TRX,2024-02-27 16:00:00+00:00,2024-02-27 16:00:00+00:00,2024-02-27 21:30:00+00:00,-1,0.14167,0.14271470476267278,0.1395805904746544,0.14271470476267278,stop,-1.0,-1.1769399975001675,22,5.5,0.0010447047626727934
TRX,2024-02-28 20:00:00+00:00,2024-02-28 20:00:00+00:00,2024-02-29 20:00:00+00:00,1,0.14198,0.1373568979009104,0.15122620419817917,0.14164,tempo,-0.07354369267919955,-0.11342016437475307,96,24.0,0.004623102099089588
TRX,2024-03-08 20:00:00+00:00,2024-03-08 20:00:00+00:00,2024-03-09 20:00:00+00:00,1,0.13662,0.13555632707096593,0.1387473458580681,0.1357,tempo,-0.8649275307170529,-1.031339587627013,96,24.0,0.0010636729290340596
TRX,2024-03-12 16:00:00+00:00,2024-03-12 16:00:00+00:00,2024-03-12 17:15:00+00:00,1,0.13215,0.13086157745720803,0.1347268450855839,0.13086157745720803,stop,-1.0,-1.13268746833374,5,1.25,0.0012884225427919616
TRX,2024-03-12 20:00:00+00:00,2024-03-12 20:00:00+00:00,2024-03-13 20:00:00+00:00,1,0.13152,0.12981505840679192,0.13492988318641616,0.13203,tempo,0.29913048167261586,0.19865343267432056,96,24.0,0.0017049415932080814
TRX,2024-03-19 16:00:00+00:00,2024-03-19 16:00:00+00:00,2024-03-19 22:30:00+00:00,1,0.11849,0.1141681640294458,0.12713367194110842,0.1141681640294458,stop,-1.0,-1.0349915655405468,26,6.5,0.0043218359705542025
TRX,2024-03-29 16:00:00+00:00,2024-03-29 16:00:00+00:00,2024-03-30 16:00:00+00:00,-1,0.12001,0.121701721362331,0.11662655727533802,0.12136,tempo,-0.7980037552637214,-0.8907439094601686,96,24.0,0.0016917213623309918
TRX,2024-04-03 04:00:00+00:00,2024-04-03 04:00:00+00:00,2024-04-04 04:00:00+00:00,1,0.11723,0.11526383759356033,0.12116232481287934,0.11737,tempo,0.07120469781207629,-0.00635247625480527,96,24.0,0.001966162406439667
TRX,2024-04-07 16:00:00+00:00,2024-04-07 16:00:00+00:00,2024-04-08 05:00:00+00:00,-1,0.12056,0.12123260885539217,0.11921478228921567,0.12123260885539217,stop,-1.0,-1.2336650707109256,52,13.0,0.000672608855392165
TRX,2024-04-15 12:00:00+00:00,2024-04-15 12:00:00+00:00,2024-04-15 19:15:00+00:00,-1,0.11392,0.11579742144003814,0.1101651571199237,0.1101651571199237,alvo,2.0,1.9224173384719678,29,7.25,0.001877421440038149
TRX,2024-04-18 16:00:00+00:00,2024-04-18 16:00:00+00:00,2024-04-19 01:45:00+00:00,1,0.10903,0.10695716780561423,0.11317566438877154,0.10695716780561423,stop,-1.0,-1.0677293895057678,39,9.75,0.002072832194385768
TRX,2024-04-29 00:00:00+00:00,2024-04-29 00:00:00+00:00,2024-04-30 00:00:00+00:00,-1,0.12118,0.12428312289231702,0.11497375421536594,0.11895,tempo,0.7186309009937114,0.6683317328922974,96,24.0,0.0031031228923170256
TRX,2024-05-01 08:00:00+00:00,2024-05-01 08:00:00+00:00,2024-05-02 04:30:00+00:00,-1,0.11848,0.12124597863464757,0.11294804273070486,0.12124597863464757,stop,-1.0,-1.056335173439391,82,20.5,0.002765978634647573
TRX,2024-05-24 00:00:00+00:00,2024-05-24 00:00:00+00:00,2024-05-25 00:00:00+00:00,1,0.11536,0.11227853101724929,0.12152293796550144,0.1155,tempo,0.04543287658700631,-0.003264352182775966,96,24.0,0.003081468982750718
TRX,2024-05-31 08:00:00+00:00,2024-05-31 08:00:00+00:00,2024-06-01 08:00:00+00:00,-1,0.1118,0.11306962025838058,0.10926075948323884,0.11174,tempo,0.04725822512986799,-0.06718623103006573,96,24.0,0.00126962025838058
TRX,2024-06-10 08:00:00+00:00,2024-06-10 08:00:00+00:00,2024-06-11 00:45:00+00:00,-1,0.11616,0.11799447258942707,0.11249105482114587,0.11799447258942707,stop,-1.0,-1.0829668472891503,67,16.75,0.0018344725894270664
TRX,2024-06-17 04:00:00+00:00,2024-06-17 04:00:00+00:00,2024-06-18 01:45:00+00:00,-1,0.11692,0.11838689892513683,0.11398620214972632,0.11398620214972632,alvo,2.0,1.8976827722582716,87,21.75,0.0014668989251368364
TRX,2024-06-24 12:00:00+00:00,2024-06-24 12:00:00+00:00,2024-06-25 12:00:00+00:00,1,0.11872,0.11704972028142004,0.12206055943715995,0.12194,tempo,1.9278208100003538,1.8341664368675756,96,24.0,0.00167027971857997
TRX,2024-07-04 16:00:00+00:00,2024-07-04 16:00:00+00:00,2024-07-05 03:00:00+00:00,1,0.12691,0.12513398954277,0.13046202091446,0.12513398954277,stop,-1.0,-1.09224528635846,44,11.0,0.0017760104572299984
TRX,2024-07-16 00:00:00+00:00,2024-07-16 00:00:00+00:00,2024-07-16 02:00:00+00:00,1,0.13727,0.13615049482674157,0.13950901034651686,0.13615049482674157,stop,-1.0,-1.1587516751888702,8,2.0,0.0011195051732584282
TRX,2024-07-18 20:00:00+00:00,2024-07-18 20:00:00+00:00,2024-07-19 20:00:00+00:00,1,0.13443,0.1327469884512871,0.13779602309742578,0.13463,tempo,0.11883459751239295,0.01492027789067149,96,24.0,0.0016830115487128927
TRX,2024-07-22 08:00:00+00:00,2024-07-22 08:00:00+00:00,2024-07-22 17:45:00+00:00,-1,0.1362,0.13756981192137535,0.13346037615724926,0.13346037615724926,alvo,2.0,1.8720413789900276,39,9.75,0.0013698119213753635
TRX,2024-07-23 00:00:00+00:00,2024-07-23 00:00:00+00:00,2024-07-23 05:30:00+00:00,1,0.13227,0.13114025139275187,0.13452949721449625,0.13114025139275187,stop,-1.0,-1.1515528873475163,22,5.5,0.0011297486072481266
TRX,2024-08-05 08:00:00+00:00,2024-08-05 08:00:00+00:00,2024-08-06 08:00:00+00:00,1,0.12041,0.1160604059649988,0.12910918807000243,0.12307,tempo,0.6115513260766315,0.5751658614271804,96,24.0,0.0043495940350012086
TRX,2024-08-20 04:00:00+00:00,2024-08-20 04:00:00+00:00,2024-08-20 07:30:00+00:00,-1,0.14324,0.1449140838307995,0.139891832338401,0.1449140838307995,stop,-1.0,-1.1118821835825088,14,3.5,0.0016740838307995054
TRX,2024-08-30 16:00:00+00:00,2024-08-30 16:00:00+00:00,2024-08-31 16:00:00+00:00,-1,0.15959,0.16215664243328365,0.15445671513343273,0.15728,tempo,0.900008497500255,0.8197614411401303,96,24.0,0.002566642433283639
TRX,2024-09-04 04:00:00+00:00,2024-09-04 04:00:00+00:00,2024-09-05 04:00:00+00:00,1,0.1517,0.14812133893045185,0.1588573221390963,0.14904,tempo,-0.7432947541846563,-0.7979188150278033,96,24.0,0.0035786610695481558
TRX,2024-09-07 00:00:00+00:00,2024-09-07 00:00:00+00:00,2024-09-07 14:15:00+00:00,1,0.14786,0.14590589530997933,0.15176820938004132,0.15176820938004132,alvo,2.0,1.9003337246506649,57,14.25,0.0019541046900206638
TRX,2024-09-16 16:00:00+00:00,2024-09-16 16:00:00+00:00,2024-09-17 05:45:00+00:00,-1,0.14795,0.14992806022202299,0.14399387955595402,0.14992806022202299,stop,-1.0,-1.0978841478073385,55,13.75,0.001978060222022987
TRX,2024-09-24 20:00:00+00:00,2024-09-24 20:00:00+00:00,2024-09-25 06:30:00+00:00,1,0.15108,0.1502913062310587,0.15265738753788255,0.1502913062310587,stop,-1.0,-1.248374409389778,42,10.5,0.0007886937689412787
TRX,2024-11-01 20:00:00+00:00,2024-11-01 20:00:00+00:00,2024-11-02 20:00:00+00:00,1,0.16709,0.16568129364355547,0.16990741271288903,0.16617,tempo,-0.6530814571760668,-0.8068530356239212,96,24.0,0.0014087063564445224
TRX,2024-11-03 16:00:00+00:00,2024-11-03 16:00:00+00:00,2024-11-04 04:30:00+00:00,1,0.16376,0.16281918096004797,0.16564163807990404,0.16564163807990404,alvo,2.0,1.7724205658477574,50,12.5,0.0009408190399520233
TRX,2024-11-05 16:00:00+00:00,2024-11-05 16:00:00+00:00,2024-11-05 18:00:00+00:00,1,0.16169,0.16079251044986165,0.1634849791002767,0.16079251044986165,stop,-1.0,-1.2335555124403366,8,2.0,0.0008974895501383529
TRX,2024-11-10 20:00:00+00:00,2024-11-10 20:00:00+00:00,2024-11-11 20:00:00+00:00,-1,0.16492,0.1672488217986953,0.16026235640260944,0.1667,tempo,-0.7643349959182,-0.8568938169154797,96,24.0,0.0023288217986952853
TRX,2024-11-13 04:00:00+00:00,2024-11-13 04:00:00+00:00,2024-11-14 04:00:00+00:00,-1,0.17824,0.194379645894714,0.14596070821057205,0.17854,tempo,-0.01858776840316243,-0.032956547093403316,96,24.0,0.016139645894713978
TRX,2024-11-15 16:00:00+00:00,2024-11-15 16:00:00+00:00,2024-11-16 00:00:00+00:00,-1,0.18392,0.19145623718938598,0.16884752562122804,0.19145623718938598,stop,-1.0,-1.0323761776655256,32,8.0,0.00753623718938598
TRX,2024-12-02 04:00:00+00:00,2024-12-02 04:00:00+00:00,2024-12-02 16:15:00+00:00,-1,0.20871,0.21333609004268642,0.1994578199146272,0.21333609004268642,stop,-1.0,-1.059300609369125,49,12.25,0.004626090042686409
TRX,2024-12-12 12:00:00+00:00,2024-12-12 12:00:00+00:00,2024-12-13 12:00:00+00:00,-1,0.29566,0.3110339417530346,0.2649121164939307,0.28682,tempo,0.5749989262353649,0.5503720604593666,96,24.0,0.015373941753034637
TRX,2024-12-19 04:00:00+00:00,2024-12-19 04:00:00+00:00,2024-12-19 18:30:00+00:00,1,0.26203,0.2495708941683017,0.28694821166339657,0.2495708941683017,stop,-1.0,-1.0266905655752077,58,14.5,0.012459105831698292
TRX,2024-12-27 08:00:00+00:00,2024-12-27 08:00:00+00:00,2024-12-27 11:30:00+00:00,-1,0.25617,0.26097339813262393,0.24656320373475216,0.26097339813262393,stop,-1.0,-1.0699802930144753,14,3.5,0.004803398132623926
TRX,2024-12-27 16:00:00+00:00,2024-12-27 16:00:00+00:00,2024-12-28 16:00:00+00:00,-1,0.25902,0.26660301057094665,0.2438539788581066,0.25673,tempo,0.3019908753356874,0.25778185085081873,96,24.0,0.00758301057094668
TRX,2024-12-30 20:00:00+00:00,2024-12-30 20:00:00+00:00,2024-12-31 20:00:00+00:00,1,0.25514,0.24940981184401856,0.2666003763119628,0.25513,tempo,-0.0017451433928074517,-0.059627274131181664,96,24.0,0.005730188155981419
TRX,2025-01-04 16:00:00+00:00,2025-01-04 16:00:00+00:00,2025-01-04 17:15:00+00:00,-1,0.26906,0.274257843661071,0.2586643126778581,0.274257843661071,stop,-1.0,-1.0679429050597748,5,1.25,0.0051978436610709555
TRX,2025-01-06 04:00:00+00:00,2025-01-06 04:00:00+00:00,2025-01-07 04:00:00+00:00,1,0.26381,0.2585250332049478,0.2743799335901044,0.26958,tempo,1.0917760174769489,1.0261741861987306,96,24.0,0.005284966795052193
TRX,2025-01-09 16:00:00+00:00,2025-01-09 16:00:00+00:00,2025-01-09 20:15:00+00:00,1,0.24502,0.23829074055966243,0.2584785188806751,0.23829074055966243,stop,-1.0,-1.0466844805359476,17,4.25,0.006729259440337559
TRX,2025-01-18 04:00:00+00:00,2025-01-18 04:00:00+00:00,2025-01-19 04:00:00+00:00,-1,0.24918,0.269674804338177,0.20819039132364608,0.24609,tempo,0.15076991948852478,0.13506225550266623,96,24.0,0.020494804338176964
TRX,2025-01-20 16:00:00+00:00,2025-01-20 16:00:00+00:00,2025-01-21 16:00:00+00:00,-1,0.2441,0.2598569006896839,0.2125861986206322,0.24097,tempo,0.1986431254243572,0.1786331306792342,96,24.0,0.01575690068968391
TRX,2025-01-29 20:00:00+00:00,2025-01-29 20:00:00+00:00,2025-01-30 15:00:00+00:00,1,0.23996,0.23477224943030328,0.25033550113939346,0.25033550113939346,alvo,2.0,1.9385683502976827,76,19.0,0.005187750569696725
TRX,2025-02-21 08:00:00+00:00,2025-02-21 08:00:00+00:00,2025-02-21 17:30:00+00:00,-1,0.24787,0.2512966299412801,0.24101674011743981,0.24101674011743981,alvo,2.0,1.9072627081062559,38,9.5,0.003426629941280096
TRX,2025-02-22 20:00:00+00:00,2025-02-22 20:00:00+00:00,2025-02-23 20:00:00+00:00,1,0.23906,0.2334547243301743,0.25027055133965137,0.2444,tempo,0.9526739298026486,0.8966108530673393,96,24.0,0.005605275669825688
TRX,2025-02-24 04:00:00+00:00,2025-02-24 04:00:00+00:00,2025-02-24 08:00:00+00:00,-1,0.24259,0.2469749297770248,0.23382014044595043,0.2469749297770248,stop,-1.0,-1.0725706500529135,16,4.0,0.0043849297770247875
TRX,2025-02-25 12:00:00+00:00,2025-02-25 12:00:00+00:00,2025-02-26 12:00:00+00:00,1,0.23114,0.22498043540260865,0.24345912919478274,0.2289,tempo,-0.3636620680865465,-0.41220868128817445,96,24.0,0.006159564597391365
TRX,2025-02-28 08:00:00+00:00,2025-02-28 08:00:00+00:00,2025-02-28 15:00:00+00:00,1,0.21953,0.21557847812489694,0.22743304375020612,0.22743304375020612,alvo,2.0,1.926477446507858,28,7.0,0.003951521875103059
TRX,2025-03-04 04:00:00+00:00,2025-03-04 04:00:00+00:00,2025-03-04 18:45:00+00:00,1,0.23016,0.22498787497368758,0.24050425005262485,0.24050425005262485,alvo,2.0,1.9408498903298308,59,14.75,0.005172125026312424
TRX,2025-03-06 12:00:00+00:00,2025-03-06 12:00:00+00:00,2025-03-07 12:00:00+00:00,-1,0.24143,0.24757372525723603,0.22914254948552795,0.24248,tempo,-0.17090607994934578,-0.2221032749459052,96,24.0,0.006143725257236027
TRX,2025-03-08 12:00:00+00:00,2025-03-08 12:00:00+00:00,2025-03-09 12:00:00+00:00,-1,0.24438,0.25192284638656853,0.2292943072268629,0.24086,tempo,0.46666733214506606,0.42485208312161526,96,24.0,0.007542846386568547
TRX,2025-03-10 16:00:00+00:00,2025-03-10 16:00:00+00:00,2025-03-10 19:00:00+00:00,1,0.23495,0.2283904849849181,0.24806903003016378,0.2283904849849181,stop,-1.0,-1.0459136558949453,12,3.0,0.006559515015081896
TRX,2025-03-12 16:00:00+00:00,2025-03-12 16:00:00+00:00,2025-03-13 05:30:00+00:00,1,0.22076,0.21875919491595522,0.2247616101680896,0.2247616101680896,alvo,2.0,1.8552637391225386,54,13.5,0.0020008050840447933
TRX,2025-03-19 04:00:00+00:00,2025-03-19 04:00:00+00:00,2025-03-20 04:00:00+00:00,-1,0.23493,0.24518167566065135,0.2144266486786973,0.23214,tempo,0.27215063101427855,0.2425363991511618,96,24.0,0.010251675660651355
TRX,2025-03-27 16:00:00+00:00,2025-03-27 16:00:00+00:00,2025-03-28 16:00:00+00:00,-1,0.23214,0.2359113091404934,0.22459738171901322,0.23178,tempo,0.09545756833737075,0.015499127179044253,96,24.0,0.003771309140493395
TRX,2025-03-29 20:00:00+00:00,2025-03-29 20:00:00+00:00,2025-03-30 20:00:00+00:00,-1,0.2333,0.23666206667495668,0.22657586665008667,0.23156,tempo,0.5175388141350421,0.4276658195716924,96,24.0,0.0033620666749566708
BCH,2023-01-04 08:00:00+00:00,2023-01-04 08:00:00+00:00,2023-01-05 01:15:00+00:00,-1,101.59,102.71358983087525,99.34282033824951,102.71358983087525,stop,-1.0,-1.1181902236393715,69,17.25,1.1235898308752468
BCH,2023-01-06 16:00:00+00:00,2023-01-06 16:00:00+00:00,2023-01-07 16:00:00+00:00,1,99.62,97.67960210991431,103.50079578017139,101.87,tempo,1.1595559918386822,1.0920602989866268,96,24.0,1.9403978900856913
BCH,2023-01-09 20:00:00+00:00,2023-01-09 20:00:00+00:00,2023-01-10 05:00:00+00:00,-1,106.31,108.34355130850503,102.24289738298995,108.34355130850503,stop,-1.0,-1.0686114030007439,36,9.0,2.033551308505025
BCH,2023-01-14 04:00:00+00:00,2023-01-14 04:00:00+00:00,2023-01-15 04:00:00+00:00,-1,127.88,133.12902594255902,117.38194811488194,124.54,tempo,0.6363085335355871,0.6050507341275677,96,24.0,5.2490259425590295
BCH,2023-01-25 00:00:00+00:00,2023-01-25 00:00:00+00:00,2023-01-26 00:00:00+00:00,1,128.09,124.41632430333375,135.4373513933325,131.81,tempo,1.012609796606648,0.9666245181147813,96,24.0,3.673675696666251
BCH,2023-01-29 04:00:00+00:00,2023-01-29 04:00:00+00:00,2023-01-30 04:00:00+00:00,-1,135.95,138.94748801774162,129.95502396451673,135.55,tempo,0.13344507054988847,0.07457077348665621,96,24.0,2.997488017741631
BCH,2023-02-07 16:00:00+00:00,2023-02-07 16:00:00+00:00,2023-02-08 16:00:00+00:00,-1,133.64,138.54776606482216,123.82446787035565,132.31,tempo,0.2709990619832398,0.23577580608294788,96,24.0,4.9077660648221695
BCH,2023-02-10 00:00:00+00:00,2023-02-10 00:00:00+00:00,2023-02-11 00:00:00+00:00,1,126.57,120.23947234406268,139.23105531187463,124.12,tempo,-0.3870135529227436,-0.4127536663629199,96,24.0,6.330527655937317
BCH,2023-02-13 04:00:00+00:00,2023-02-13 04:00:00+00:00,2023-02-13 09:30:00+00:00,1,123.01,120.32799552302609,128.37400895394785,120.32799552302609,stop,-1.0,-1.0589744344008063,22,5.5,2.6820044769739155
BCH,2023-02-20 04:00:00+00:00,2023-02-20 04:00:00+00:00,2023-02-21 01:45:00+00:00,1,138.2,132.19041864634082,150.21916270731833,150.21916270731833,alvo,2.0,1.9688044067086958,87,21.75,6.009581353659172
BCH,2023-03-07 16:00:00+00:00,2023-03-07 16:00:00+00:00,2023-03-07 22:15:00+00:00,1,122.59,119.94808528980131,127.87382942039739,119.94808528980131,stop,-1.0,-1.059672537811228,25,6.25,2.641914710198691
BCH,2023-03-08 00:00:00+00:00,2023-03-08 00:00:00+00:00,2023-03-08 05:45:00+00:00,1,122.15,119.31455453583071,127.8208909283386,119.31455453583071,stop,-1.0,-1.0553535458296224,23,5.75,2.8354454641692968
BCH,2023-03-08 16:00:00+00:00,2023-03-08 16:00:00+00:00,2023-03-08 22:45:00+00:00,1,119.79,116.9293628966715,125.511274206657,116.9293628966715,stop,-1.0,-1.0537878732341839,27,6.75,2.8606371033285
BCH,2023-03-10 12:00:00+00:00,2023-03-10 12:00:00+00:00,2023-03-11 01:45:00+00:00,1,107.43,104.11563527739065,114.05872944521872,114.05872944521872,alvo,2.0,1.956562513124371,55,13.75,3.314364722609355
BCH,2023-03-20 04:00:00+00:00,2023-03-20 04:00:00+00:00,2023-03-21 04:00:00+00:00,-1,133.08,140.46110664892763,118.31778670214479,131.28,tempo,0.24386587074467078,0.22058562183714883,96,24.0,7.381106648927613
BCH,2023-04-03 04:00:00+00:00,2023-04-03 04:00:00+00:00,2023-04-04 04:00:00+00:00,1,124.52,118.61186822530416,136.33626354939167,127.41,tempo,0.4891563205102659,0.46143952165663327,96,24.0,5.908131774695832
BCH,2023-04-11 08:00:00+00:00,2023-04-11 08:00:00+00:00,2023-04-11 15:00:00+00:00,-1,129.4,130.2122244636179,127.77555107276422,127.77555107276422,alvo,2.0,1.7941897644246063,28,7.0,0.8122244636178948
BCH,2023-04-11 20:00:00+00:00,2023-04-11 20:00:00+00:00,2023-04-12 20:00:00+00:00,-1,128.94,131.05937965022693,124.70124069954613,128.19,tempo,0.3538771356607552,0.2750170314872985,96,24.0,2.119379650226932
BCH,2023-04-30 20:00:00+00:00,2023-04-30 20:00:00+00:00,2023-05-01 20:00:00+00:00,-1,119.02,121.26141014547115,114.5371797090577,115.51,tempo,1.5659784565051929,1.4979656921710884,96,24.0,2.24141014547115
BCH,2023-05-23 04:00:00+00:00,2023-05-23 04:00:00+00:00,2023-05-23 14:00:00+00:00,-1,116.85,117.68972052262943,115.17055895474113,115.17055895474113,alvo,2.0,1.8204005270130392,40,10.0,0.8397205226294346
BCH,2023-05-25 04:00:00+00:00,2023-05-25 04:00:00+00:00,2023-05-26 04:00:00+00:00,1,111.39,108.57179110554375,117.0264177889125,112.47,tempo,0.383222124564466,0.3315903948207151,96,24.0,2.818208894456248
BCH,2023-05-31 04:00:00+00:00,2023-05-31 04:00:00+00:00,2023-05-31 05:00:00+00:00,1,114.1,112.81408074635071,116.67183850729856,112.81408074635071,stop,-1.0,-1.1146993888353078,4,1.0,1.2859192536492827
BCH,2023-06-05 00:00:00+00:00,2023-06-05 00:00:00+00:00,2023-06-05 15:15:00+00:00,-1,115.6,117.18605216439772,112.42789567120454,112.42789567120454,alvo,2.0,1.906549018050383,61,15.25,1.586052164397728
BCH,2023-06-15 00:00:00+00:00,2023-06-15 00:00:00+00:00,2023-06-16 00:00:00+00:00,1,101.73,99.94377916475918,105.30244167048166,104.77,tempo,1.7019172209969917,1.6267725371192543,96,24.0,1.786220835240826
BCH,2023-06-21 20:00:00+00:00,2023-06-21 20:00:00+00:00,2023-06-22 00:30:00+00:00,-1,135.09,142.25041436598062,120.76917126803878,142.25041436598062,stop,-1.0,-1.0251760945839061,18,4.5,7.160414365980614
BCH,2023-06-24 04:00:00+00:00,2023-06-24 04:00:00+00:00,2023-06-24 23:15:00+00:00,-1,190.63,202.93253209674478,166.02493580651043,202.93253209674478,stop,-1.0,-1.0207937393579791,77,19.25,12.302532096744784
BCH,2023-06-26 20:00:00+00:00,2023-06-26 20:00:00+00:00,2023-06-26 21:30:00+00:00,-1,224.62,233.19217051753515,207.47565896492972,233.19217051753515,stop,-1.0,-1.0347144180377275,6,1.5,8.572170517535142
BCH,2023-06-27 00:00:00+00:00,2023-06-27 00:00:00+00:00,2023-06-28 00:00:00+00:00,-1,223.57,240.365723322348,189.97855335530397,229.85,tempo,-0.373904706541812,-0.3914522092211309,96,24.0,16.79572332234801
BCH,2023-07-12 16:00:00+00:00,2023-07-12 16:00:00+00:00,2023-07-13 16:00:00+00:00,-1,282.91,298.2781213361199,252.17375732776026,285.99,tempo,-0.20041486741525277,-0.22447668941108057,96,24.0,15.368121336119884
BCH,2023-07-18 16:00:00+00:00,2023-07-18 16:00:00+00:00,2023-07-19 16:00:00+00:00,1,243.11,229.38471879780744,270.56056240438517,244.78,tempo,0.12167328125366274,0.09856785300572712,96,24.0,13.725281202192576
BCH,2023-08-02 12:00:00+00:00,2023-08-02 12:00:00+00:00,2023-08-02 14:15:00+00:00,1,238.2,234.45971124312484,245.68057751375028,234.45971124312484,stop,-1.0,-1.0821403993858238,9,2.25,3.7402887568751453
BCH,2023-08-07 04:00:00+00:00,2023-08-07 04:00:00+00:00,2023-08-08 04:00:00+00:00,1,232.31,215.89568072825512,265.1386385434898,236.8,tempo,0.2735416513878196,0.25496509667653877,96,24.0,16.414319271744887
BCH,2023-08-08 16:00:00+00:00,2023-08-08 16:00:00+00:00,2023-08-09 16:00:00+00:00,-1,237.26,250.52562061998432,210.72875876003133,236.89,tempo,0.02789164642946359,0.004658847239073057,96,24.0,13.265620619984333
BCH,2023-08-27 20:00:00+00:00,2023-08-27 20:00:00+00:00,2023-08-27 21:30:00+00:00,-1,195.75,197.58482193502633,192.08035612994735,197.58482193502633,stop,-1.0,-1.1393419325206064,6,1.5,1.8348219350263264
BCH,2023-09-06 20:00:00+00:00,2023-09-06 20:00:00+00:00,2023-09-07 20:00:00+00:00,-1,192.44,196.86867689898008,183.58264620203983,190.82,tempo,0.3657977398109776,0.30954640206778583,96,24.0,4.428676898980086
BCH,2023-09-12 08:00:00+00:00,2023-09-12 08:00:00+00:00,2023-09-12 10:00:00+00:00,-1,190.17,194.5634654657417,181.38306906851656,194.5634654657417,stop,-1.0,-1.0569201589275525,8,2.0,4.393465465741713
BCH,2023-09-22 04:00:00+00:00,2023-09-22 04:00:00+00:00,2023-09-23 04:00:00+00:00,1,209.15,202.00549483479733,223.43901033040535,207.24,tempo,-0.26733831886673626,-0.3052210684402432,96,24.0,7.144505165202673
BCH,2023-10-01 12:00:00+00:00,2023-10-01 12:00:00+00:00,2023-10-01 22:30:00+00:00,-1,236.49,243.03123607525234,223.40752784949535,243.03123607525234,stop,-1.0,-1.0476498325183732,42,10.5,6.541236075252328
BCH,2023-10-02 12:00:00+00:00,2023-10-02 12:00:00+00:00,2023-10-02 14:45:00+00:00,-1,243.09,249.18646941471013,230.89706117057975,249.18646941471013,stop,-1.0,-1.0524860674848109,11,2.75,6.096469414710128
BCH,2023-10-12 16:00:00+00:00,2023-10-12 16:00:00+00:00,2023-10-13 16:00:00+00:00,-1,211.31,218.49398240456787,196.94203519086426,212.88,tempo,-0.2185417379365688,-0.2569220518728451,96,24.0,7.183982404567871
BCH,2023-10-16 16:00:00+00:00,2023-10-16 16:00:00+00:00,2023-10-17 16:00:00+00:00,-1,227.51,252.03772139355627,178.45455721288744,227.88,tempo,-0.015084972389535049,-0.027153092996847705,96,24.0,24.527721393556277
BCH,2023-10-19 20:00:00+00:00,2023-10-19 20:00:00+00:00,2023-10-20 03:30:00+00:00,-1,228.91,236.07273613412823,214.58452773174352,236.07273613412823,stop,-1.0,-1.0421959950537767,30,7.5,7.162736134128238
BCH,2023-10-24 04:00:00+00:00,2023-10-24 04:00:00+00:00,2023-10-25 04:00:00+00:00,-1,258.77,272.4711024759941,231.36779504801177,252.5,tempo,0.4576274070634635,0.433372023193277,96,24.0,13.701102475994105
BCH,2023-11-02 20:00:00+00:00,2023-11-02 20:00:00+00:00,2023-11-03 20:00:00+00:00,1,238.11,228.82796297118495,256.67407405763015,237.3,tempo,-0.08726532737215396,-0.12055721136708872,96,24.0,9.282037028815068
BCH,2023-11-07 12:00:00+00:00,2023-11-07 12:00:00+00:00,2023-11-08 12:00:00+00:00,-1,244.98,253.36563970651227,228.20872058697543,243.88,tempo,0.13117663511654756,0.09328340202745733,96,24.0,8.38563970651228
BCH,2023-11-09 16:00:00+00:00,2023-11-09 16:00:00+00:00,2023-11-09 16:15:00+00:00,-1,249.91,259.77581167031383,230.17837665937233,230.17837665937233,alvo,2.0,1.9683698153525908,1,0.25,9.865811670313832
BCH,2023-12-04 08:00:00+00:00,2023-12-04 08:00:00+00:00,2023-12-05 08:00:00+00:00,-1,249.81,258.63137364427826,232.1672527114435,240.72,tempo,1.0304517602988041,0.9943072194531944,96,24.0,8.821373644278253
BCH,2023-12-06 12:00:00+00:00,2023-12-06 12:00:00+00:00,2023-12-07 12:00:00+00:00,-1,250.11,267.94769954874926,214.43460090250153,243.19,tempo,0.3879424014900642,0.3699667091019455,96,24.0,17.837699548749242
BCH,2023-12-16 04:00:00+00:00,2023-12-16 04:00:00+00:00,2023-12-17 04:00:00+00:00,1,230.46,223.60239451589138,244.17521096821727,228.58,tempo,-0.27414817086759874,-0.3176584020541896,96,24.0,6.857605484108632
BCH,2023-12-18 12:00:00+00:00,2023-12-18 12:00:00+00:00,2023-12-19 12:00:00+00:00,1,222.61,215.7957991639402,236.23840167211966,228.24,tempo,0.8262157420143533,0.7832095983666337,96,24.0,6.814200836059825
BCH,2023-12-20 20:00:00+00:00,2023-12-20 20:00:00+00:00,2023-12-21 20:00:00+00:00,-1,230.34,237.51118226066853,215.99763547866294,231.6,tempo,-0.17570324588048164,-0.21757374771486232,96,24.0,7.17118226066853
BCH,2023-12-22 20:00:00+00:00,2023-12-22 20:00:00+00:00,2023-12-23 20:00:00+00:00,-1,237.18,245.65897854916523,220.22204290166957,232.19,tempo,0.5885142851896104,0.5525322977095221,96,24.0,8.47897854916522
BCH,2023-12-27 16:00:00+00:00,2023-12-27 16:00:00+00:00,2023-12-27 23:15:00+00:00,-1,251.22,261.2892691286744,231.08146174265121,261.2892691286744,stop,-1.0,-1.0330839329723522,29,7.25,10.069269128674392
BCH,2024-01-06 00:00:00+00:00,2024-01-06 00:00:00+00:00,2024-01-07 00:00:00+00:00,-1,239.04,244.93221049948977,227.25557900102044,235.97,tempo,0.5210268710301224,0.46862607848770793,96,24.0,5.892210499489778
BCH,2024-01-11 16:00:00+00:00,2024-01-11 16:00:00+00:00,2024-01-12 04:00:00+00:00,-1,275.22,293.0999819748394,239.46003605032126,293.0999819748394,stop,-1.0,-1.0206604228574432,48,12.0,17.87998197483938
BCH,2024-01-19 20:00:00+00:00,2024-01-19 20:00:00+00:00,2024-01-20 20:00:00+00:00,1,235.62,224.7792984453504,257.3014031092992,238.03,tempo,0.22231033553048446,0.19391065139122754,96,24.0,10.840701554649598
BCH,2024-01-22 20:00:00+00:00,2024-01-22 20:00:00+00:00,2024-01-23 09:00:00+00:00,1,234.63,228.5836637483776,246.72267250324478,228.5836637483776,stop,-1.0,-1.0497969131894798,52,13.0,6.046336251622392
BCH,2024-01-30 16:00:00+00:00,2024-01-30 16:00:00+00:00,2024-01-31 00:30:00+00:00,-1,241.46,244.47092760153646,235.4381447969271,235.4381447969271,alvo,2.0,1.8970470781297364,34,8.5,3.0109276015364514
BCH,2024-01-31 12:00:00+00:00,2024-01-31 12:00:00+00:00,2024-02-01 01:30:00+00:00,1,235.03,231.77158038091795,241.5468392381641,231.77158038091795,stop,-1.0,-1.0931190769508918,54,13.5,3.258419619082048
BCH,2024-02-04 04:00:00+00:00,2024-02-04 04:00:00+00:00,2024-02-04 19:15:00+00:00,-1,241.52,244.83109661633955,234.89780676732093,234.89780676732093,alvo,2.0,1.9064746184479797,61,15.25,3.3110966163395403
BCH,2024-02-20 16:00:00+00:00,2024-02-20 16:00:00+00:00,2024-02-21 16:00:00+00:00,-1,261.88,276.5604708813367,232.5190582373266,259.64,tempo,0.15258366152598846,0.12949257659144758,96,24.0,14.680470881336703
BCH,2024-02-25 16:00:00+00:00,2024-02-25 16:00:00+00:00,2024-02-26 16:00:00+00:00,-1,267.58,272.10042297631117,258.5391540473776,269.31,tempo,-0.38270754950718283,-0.4599079579266574,96,24.0,4.520422976311181
BCH,2024-03-03 04:00:00+00:00,2024-03-03 04:00:00+00:00,2024-03-04 04:00:00+00:00,-1,504.89,539.2620588227035,436.145882354593,454.72,tempo,1.4596157960390084,1.4414688906349014,96,24.0,34.37205882270348
BCH,2024-03-04 16:00:00+00:00,2024-03-04 16:00:00+00:00,2024-03-05 16:00:00+00:00,1,450.67,425.07537598565386,501.8592480286923,433.68,tempo,-0.6638112749957519,-0.6862701905741875,96,24.0,25.594624014346152
BCH,2024-03-14 12:00:00+00:00,2024-03-14 12:00:00+00:00,2024-03-15 12:00:00+00:00,-1,445.58,481.3190117580082,374.1019764839836,403.38,tempo,1.1807825097610334,1.1653421275888445,96,24.0,35.73901175800819
BCH,2024-03-15 12:00:00+00:00,2024-03-15 12:00:00+00:00,2024-03-16 12:00:00+00:00,1,403.33,375.85869760273783,458.2726047945243,406.05,tempo,0.09901241523485645,0.07986163044889624,96,24.0,27.47130239726215
BCH,2024-03-19 08:00:00+00:00,2024-03-19 08:00:00+00:00,2024-03-19 23:15:00+00:00,1,375.37,355.1452659711152,415.81946805776965,355.1452659711152,stop,-1.0,-1.023477931635742,61,15.25,20.224734028884825
BCH,2024-03-20 08:00:00+00:00,2024-03-20 08:00:00+00:00,2024-03-21 04:30:00+00:00,1,367.11,342.8772494833961,415.57550103320784,415.57550103320784,alvo,2.0,1.9790058674799214,82,20.5,24.232750516603915
BCH,2024-04-01 08:00:00+00:00,2024-04-01 08:00:00+00:00,2024-04-01 14:00:00+00:00,-1,688.38,710.6231601759042,643.8936796481916,643.8936796481916,alvo,2.0,1.9610676772129965,24,6.0,22.243160175904222
BCH,2024-04-04 00:00:00+00:00,2024-04-04 00:00:00+00:00,2024-04-04 08:00:00+00:00,1,593.07,555.279581479199,668.6508370416021,668.6508370416021,alvo,2.0,1.9782982412955914,32,8.0,37.79041852080104
BCH,2024-04-04 12:00:00+00:00,2024-04-04 12:00:00+00:00,2024-04-05 02:30:00+00:00,-1,645.38,693.7609646766391,548.6180706467218,693.7609646766391,stop,-1.0,-1.0179914070101233,58,14.5,48.38096467663911
BCH,2024-04-05 08:00:00+00:00,2024-04-05 08:00:00+00:00,2024-04-06 08:00:00+00:00,-1,690.14,729.9464144943287,610.5271710113426,693.34,tempo,-0.08038905389120028,-0.10297993557254638,96,24.0,39.80641449432869
BCH,2024-04-25 16:00:00+00:00,2024-04-25 16:00:00+00:00,2024-04-26 16:00:00+00:00,1,478.05,463.0989155134708,507.95216897305846,481.8,tempo,0.2508179258420158,0.20908834424797626,96,24.0,14.951084486529226
BCH,2024-04-30 20:00:00+00:00,2024-04-30 20:00:00+00:00,2024-05-01 07:15:00+00:00,1,429.43,416.0638896664151,456.16222066716983,416.0638896664151,stop,-1.0,-1.0411167508397912,45,11.25,13.366110333584913
BCH,2024-05-06 12:00:00+00:00,2024-05-06 12:00:00+00:00,2024-05-07 12:00:00+00:00,-1,474.88,486.3967567609212,451.84648647815754,477.57,tempo,-0.23357270244065,-0.28732850477735566,96,24.0,11.516756760921226
BCH,2024-05-15 16:00:00+00:00,2024-05-15 16:00:00+00:00,2024-05-15 20:00:00+00:00,-1,444.81,460.73844897979905,412.9531020404019,460.73844897979905,stop,-1.0,-1.036953157999461,16,4.0,15.928448979799043
BCH,2024-05-17 12:00:00+00:00,2024-05-17 12:00:00+00:00,2024-05-18 02:00:00+00:00,-1,465.59,481.20065617524375,434.3686876495124,481.20065617524375,stop,-1.0,-1.0394226815071275,56,14.0,15.610656175243776
BCH,2024-05-24 00:00:00+00:00,2024-05-24 00:00:00+00:00,2024-05-25 00:00:00+00:00,1,490.79,466.85613227189145,538.6577354562171,494.49,tempo,0.15459264846085077,0.1278342487205589,96,24.0,23.933867728108567
BCH,2024-05-30 12:00:00+00:00,2024-05-30 12:00:00+00:00,2024-05-31 12:00:00+00:00,1,466.42,456.9860638514799,485.2878722970402,465.53,tempo,-0.09434026115808056,-0.15855179391209717,96,24.0,9.433936148520104
BCH,2024-06-04 12:00:00+00:00,2024-06-04 12:00:00+00:00,2024-06-04 15:30:00+00:00,-1,467.57,475.4315454992613,451.8469090014774,475.4315454992613,stop,-1.0,-1.077968257594148,14,3.5,7.861545499261297
BCH,2024-06-07 20:00:00+00:00,2024-06-07 20:00:00+00:00,2024-06-08 20:00:00+00:00,1,483.76,453.4951046690539,544.2897906618922,470.92,tempo,-0.42425390405599617,-0.44475759300698653,96,24.0,30.264895330946104
BCH,2024-06-13 20:00:00+00:00,2024-06-13 20:00:00+00:00,2024-06-13 21:15:00+00:00,1,438.36,430.3720471155767,454.3359057688466,430.3720471155767,stop,-1.0,-1.0706909315559756,5,1.25,7.987952884423294
BCH,2024-06-26 04:00:00+00:00,2024-06-26 04:00:00+00:00,2024-06-27 04:00:00+00:00,-1,390.1,399.58968068588587,371.12063862822833,376.44,tempo,1.4394583392375642,1.386953832869815,96,24.0,9.489680685885844
BCH,2024-07-04 16:00:00+00:00,2024-07-04 16:00:00+00:00,2024-07-04 23:45:00+00:00,1,345.41,334.3775928184312,367.4748143631377,334.3775928184312,stop,-1.0,-1.0400512715004004,31,7.75,11.032407181568828
BCH,2024-07-18 20:00:00+00:00,2024-07-18 20:00:00+00:00,2024-07-19 20:00:00+00:00,1,384.28,366.3263263158538,420.1873473682923,399.2,tempo,0.831027691740604,0.8026623549878423,96,24.0,17.953673684146167
BCH,2024-07-25 00:00:00+00:00,2024-07-25 00:00:00+00:00,2024-07-25 01:15:00+00:00,1,362.13,355.91484568812,374.56030862375997,355.91484568812,stop,-1.0,-1.075095343780145,5,1.25,6.215154311879985
BCH,2024-08-01 08:00:00+00:00,2024-08-01 08:00:00+00:00,2024-08-01 15:45:00+00:00,1,418.4,404.1140723990674,446.9718552018651,404.1140723990674,stop,-1.0,-1.037423831479063,31,7.75,14.285927600932553
BCH,2024-08-02 16:00:00+00:00,2024-08-02 16:00:00+00:00,2024-08-02 23:45:00+00:00,1,400.96,381.14436943214,440.5912611357199,381.14436943214,stop,-1.0,-1.025654890889793,31,7.75,19.815630567859955
BCH,2024-08-03 04:00:00+00:00,2024-08-03 04:00:00+00:00,2024-08-03 16:15:00+00:00,1,380.8,364.9458807420605,412.508238515879,364.9458807420605,stop,-1.0,-1.0305746925827868,49,12.25,15.854119257939487
BCH,2024-08-04 20:00:00+00:00,2024-08-04 20:00:00+00:00,2024-08-05 00:45:00+00:00,1,345.27,328.02061411425694,379.76877177148606,328.02061411425694,stop,-1.0,-1.025371274204955,19,4.75,17.249385885743038
BCH,2024-08-13 04:00:00+00:00,2024-08-13 04:00:00+00:00,2024-08-14 04:00:00+00:00,-1,348.1,368.45859421081946,307.38281157836116,347.52,tempo,0.02848919694522935,0.006279755796306286,96,24.0,20.358594210819433
BCH,2024-08-22 00:00:00+00:00,2024-08-22 00:00:00+00:00,2024-08-23 00:00:00+00:00,-1,349.24,357.01156992341805,333.6968601531639,346.47,tempo,0.3564273405883091,0.29823941917009567,96,24.0,7.771569923418042
BCH,2024-08-23 16:00:00+00:00,2024-08-23 16:00:00+00:00,2024-08-23 18:00:00+00:00,-1,354.16,359.8944640976436,342.69107180471286,359.8944640976436,stop,-1.0,-1.0809378860448688,8,2.0,5.734464097643581
BCH,2024-08-28 20:00:00+00:00,2024-08-28 20:00:00+00:00,2024-08-29 20:00:00+00:00,1,321.13,311.4331619389761,340.52367612204773,319.79,tempo,-0.1381893759148214,-0.18115162787554068,96,24.0,9.696838061023868
BCH,2024-09-07 00:00:00+00:00,2024-09-07 00:00:00+00:00,2024-09-08 00:00:00+00:00,1,294.77,283.29812664494887,317.7137467101022,299.14,tempo,0.38093168088156015,0.34728055102228356,96,24.0,11.471873355051116
BCH,2024-09-14 20:00:00+00:00,2024-09-14 20:00:00+00:00,2024-09-15 14:30:00+00:00,1,327.36,323.82032363522,334.43935272956,323.82032363522,stop,-1.0,-1.1195779406768447,74,18.5,3.539676364780007
BCH,2024-09-25 00:00:00+00:00,2024-09-25 00:00:00+00:00,2024-09-25 01:45:00+00:00,-1,347.7,353.05794385594123,336.9841122881175,353.05794385594123,stop,-1.0,-1.0850125861250453,7,1.75,5.357943855941244
BCH,2024-09-26 16:00:00+00:00,2024-09-26 16:00:00+00:00,2024-09-26 16:45:00+00:00,-1,353.24,357.12404706754455,345.4719058649109,357.12404706754455,stop,-1.0,-1.1188802871242776,3,0.75,3.884047067544543
BCH,2024-09-26 20:00:00+00:00,2024-09-26 20:00:00+00:00,2024-09-27 01:15:00+00:00,-1,351.87,359.79457292003696,336.0208541599261,359.79457292003696,stop,-1.0,-1.0583731107109136,21,5.25,7.924572920036951
BCH,2024-09-28 12:00:00+00:00,2024-09-28 12:00:00+00:00,2024-09-29 12:00:00+00:00,1,352.3,343.9642009664284,368.97159806714325,348.57,tempo,-0.4474676014834099,-0.5021192909213695,96,24.0,8.335799033571618
BCH,2024-10-02 20:00:00+00:00,2024-10-02 20:00:00+00:00,2024-10-03 20:00:00+00:00,1,315.15,306.22214599422495,333.00570801155004,319.68,tempo,0.5074007703385129,0.461181432552178,96,24.0,8.927854005775032
BCH,2024-10-07 16:00:00+00:00,2024-10-07 16:00:00+00:00,2024-10-08 16:00:00+00:00,-1,330.11,334.4638237368141,321.4023525263718,329.89,tempo,0.05053029550548873,-0.04800378073020207,96,24.0,4.353823736814093
BCH,2024-10-10 20:00:00+00:00,2024-10-10 20:00:00+00:00,2024-10-11 20:00:00+00:00,1,321.72,315.5984612652407,333.9630774695187,327.79,tempo,0.9915807549388381,0.9226141897837785,96,24.0,6.121538734759326
BCH,2024-10-13 20:00:00+00:00,2024-10-13 20:00:00+00:00,2024-10-14 09:45:00+00:00,1,320.55,315.94169320362,329.76661359276005,329.76661359276005,alvo,2.0,1.9082730778325472,55,13.75,4.60830679638002
BCH,2024-10-15 04:00:00+00:00,2024-10-15 04:00:00+00:00,2024-10-16 04:00:00+00:00,-1,369.87,389.4646933249156,330.68061335016887,361.51,tempo,0.4266461261411978,0.4023846083865152,96,24.0,19.594693324915568
BCH,2024-10-23 20:00:00+00:00,2024-10-23 20:00:00+00:00,2024-10-24 20:00:00+00:00,1,349.72,336.40473136570404,376.350537268592,365.47,tempo,1.1828525907042462,1.147939776493151,96,24.0,13.31526863429599
BCH,2024-10-28 20:00:00+00:00,2024-10-28 20:00:00+00:00,2024-10-28 23:00:00+00:00,-1,362.49,366.43922165250393,354.59155669499216,366.43922165250393,stop,-1.0,-1.1199740191269645,12,3.0,3.9492216525039225
BCH,2024-10-29 20:00:00+00:00,2024-10-29 20:00:00+00:00,2024-10-30 20:00:00+00:00,-1,383.07,391.78338064722243,365.6432387055551,370.19,tempo,1.4781863115443892,1.4219946885884844,96,24.0,8.713380647222436
BCH,2024-11-01 04:00:00+00:00,2024-11-01 04:00:00+00:00,2024-11-01 07:15:00+00:00,1,350.91,344.0030435031037,364.7239129937927,344.0030435031037,stop,-1.0,-1.065396890581255,13,3.25,6.906956496896328
BCH,2024-11-12 16:00:00+00:00,2024-11-12 16:00:00+00:00,2024-11-13 04:45:00+00:00,1,429.8,411.793694288702,465.81261142259604,411.793694288702,stop,-1.0,-1.030380240681153,51,12.75,18.006305711298012
BCH,2024-11-21 04:00:00+00:00,2024-11-21 04:00:00+00:00,2024-11-21 05:15:00+00:00,1,453.42,423.9097226668236,512.4405546663529,512.4405546663529,alvo,2.0000000000000018,1.9787257383776846,5,1.25,29.51027733317642
BCH,2024-11-30 12:00:00+00:00,2024-11-30 12:00:00+00:00,2024-12-01 12:00:00+00:00,-1,518.84,546.1571287057014,464.2057425885972,520.8,tempo,-0.07174985413422486,-0.09648766634283225,96,24.0,27.317128705701407
BCH,2024-12-02 04:00:00+00:00,2024-12-02 04:00:00+00:00,2024-12-03 04:00:00+00:00,-1,532.77,568.3259532791603,461.6580934416793,538.51,tempo,-0.16143569418413745,-0.18101981261665115,96,24.0,35.55595327916035
BCH,2024-12-03 16:00:00+00:00,2024-12-03 16:00:00+00:00,2024-12-03 23:45:00+00:00,-1,531.11,586.2840181469796,420.7619637060408,586.2840181469796,stop,-1.0,-1.0131639154839278,31,7.75,55.17401814697962
BCH,2024-12-05 04:00:00+00:00,2024-12-05 04:00:00+00:00,2024-12-05 07:45:00+00:00,-1,585.79,623.596622909634,510.1767541807319,623.596622909634,stop,-1.0,-1.0207926877460125,15,3.75,37.80662290963403
BCH,2024-12-10 20:00:00+00:00,2024-12-10 20:00:00+00:00,2024-12-11 20:00:00+00:00,1,507.2,477.5680253910703,566.4639492178594,543.59,tempo,1.2280653071643026,1.2050154257772494,96,24.0,29.63197460892968
BCH,2024-12-19 04:00:00+00:00,2024-12-19 04:00:00+00:00,2024-12-19 18:00:00+00:00,1,482.21,451.46500599115456,543.6999880176909,451.46500599115456,stop,-1.0,-1.0197394331486827,56,14.0,30.744994008845424
BCH,2025-01-04 16:00:00+00:00,2025-01-04 16:00:00+00:00,2025-01-05 16:00:00+00:00,-1,475.33,485.37421164632406,455.24157670735184,467.38,tempo,0.7915006453402929,0.7304942148132882,96,24.0,10.044211646324072
BCH,2025-01-05 16:00:00+00:00,2025-01-05 16:00:00+00:00,2025-01-06 16:00:00+00:00,1,467.37,460.2414182206683,481.62716355866337,480.24,tempo,1.8054082001717024,1.7190030049916667,96,24.0,7.128581779331682
BCH,2025-01-08 04:00:00+00:00,2025-01-08 04:00:00+00:00,2025-01-08 06:45:00+00:00,1,438.01,430.1054278192145,453.8191443615709,430.1054278192145,stop,-1.0,-1.071385903648794,11,2.75,7.904572180785465
BCH,2025-01-08 08:00:00+00:00,2025-01-08 08:00:00+00:00,2025-01-08 17:30:00+00:00,1,433.17,423.10043807123554,453.30912385752896,423.10043807123554,stop,-1.0,-1.0552730882121497,38,9.5,10.069561928764472
BCH,2025-01-09 16:00:00+00:00,2025-01-09 16:00:00+00:00,2025-01-10 16:00:00+00:00,1,429.44,409.29566595863963,469.72866808272073,440.41,tempo,0.5445700005508454,0.5165024308392274,96,24.0,20.144334041360366
BCH,2025-01-29 20:00:00+00:00,2025-01-29 20:00:00+00:00,2025-01-30 20:00:00+00:00,1,414.99,401.28859478917855,442.39281042164293,437.48,tempo,1.6414374769558129,1.6009959681124453,96,24.0,13.701405210821463
BCH,2025-02-14 20:00:00+00:00,2025-02-14 20:00:00+00:00,2025-02-15 20:00:00+00:00,-1,344.57,352.67444616455,328.3611076709,332.94,tempo,1.4350147763176333,1.3806765166687147,96,24.0,8.104446164549984
BCH,2025-03-04 20:00:00+00:00,2025-03-04 20:00:00+00:00,2025-03-05 09:30:00+00:00,1,314.99,286.53625520903086,371.8974895819383,371.8974895819383,alvo,2.0,1.9843086781192343,54,13.5,28.453744790969154
BCH,2025-03-06 08:00:00+00:00,2025-03-06 08:00:00+00:00,2025-03-07 08:00:00+00:00,-1,404.08,424.81404378800664,362.61191242398667,404.17,tempo,-0.004340687273559785,-0.02967884635972363,96,24.0,20.73404378800666
BCH,2025-03-25 16:00:00+00:00,2025-03-25 16:00:00+00:00,2025-03-26 02:30:00+00:00,-1,334.59,341.54111017121056,320.6877796575788,341.54111017121056,stop,-1.0,-1.06322518429236,42,10.5,6.951110171210587
BCH,2025-03-26 04:00:00+00:00,2025-03-26 04:00:00+00:00,2025-03-27 04:00:00+00:00,-1,332.13,344.10216960273493,308.1856607945301,338.17,tempo,-0.5045033774513381,-0.5408956951729705,96,24.0,11.972169602734937
BCH,2025-03-31 00:00:00+00:00,2025-03-31 00:00:00+00:00,2025-03-31 09:30:00+00:00,1,298.91,291.55524442153967,313.61951115692074,291.55524442153967,stop,-1.0,-1.052184250690537,38,9.5,7.354755578460356
BCH,2025-03-31 12:00:00+00:00,2025-03-31 12:00:00+00:00,2025-04-01 12:00:00+00:00,1,298.34,287.23647367400173,320.54705265199647,311.62,tempo,1.1960164374902864,1.1603094027736054,96,24.0,11.103526325998246
APT,2023-01-04 12:00:00+00:00,2023-01-04 12:00:00+00:00,2023-01-04 20:30:00+00:00,-1,3.9572,4.056188596311846,3.759222807376308,3.759222807376308,alvo,2.0,1.94933078140644,34,8.5,0.09898859631184598
APT,2023-01-10 12:00:00+00:00,2023-01-10 12:00:00+00:00,2023-01-11 12:00:00+00:00,-1,5.496,6.085613591188971,4.316772817622059,5.2218,tempo,0.46505033821738956,0.4532348541374657,96,24.0,0.5896135911889706
APT,2023-01-19 00:00:00+00:00,2023-01-19 00:00:00+00:00,2023-01-20 00:00:00+00:00,-1,7.6217,8.654153610714307,5.556792778571386,7.8696,tempo,-0.24010764011807745,-0.24986047055569244,96,24.0,1.032453610714307
APT,2023-01-21 04:00:00+00:00,2023-01-21 04:00:00+00:00,2023-01-21 06:45:00+00:00,-1,11.2599,12.094261544335566,9.591176911328867,12.094261544335566,stop,-1.0,-1.0181937975292314,11,2.75,0.8343615443355663
APT,2023-01-21 16:00:00+00:00,2023-01-21 16:00:00+00:00,2023-01-22 05:00:00+00:00,-1,12.645,13.772546454913758,10.389907090172482,13.772546454913758,stop,-1.0,-1.0152290002073638,52,13.0,1.1275464549137588
APT,2023-01-26 04:00:00+00:00,2023-01-26 04:00:00+00:00,2023-01-26 14:00:00+00:00,-1,18.7633,19.86764281177583,16.55461437644834,19.86764281177583,stop,-1.0,-1.0227376069820893,40,10.0,1.1043428117758296
APT,2023-01-26 16:00:00+00:00,2023-01-26 16:00:00+00:00,2023-01-27 16:00:00+00:00,-1,18.0295,20.897435055002912,12.293629889994172,17.5855,tempo,0.15481522122527563,0.14674329855059132,96,24.0,2.8679350550029135
APT,2023-01-28 16:00:00+00:00,2023-01-28 16:00:00+00:00,2023-01-29 16:00:00+00:00,1,17.7293,16.303300310606343,20.58129937878731,18.0442,tempo,0.22082753758095064,0.20452124020027784,96,24.0,1.425999689393656
APT,2023-02-06 08:00:00+00:00,2023-02-06 08:00:00+00:00,2023-02-07 08:00:00+00:00,1,15.0691,14.154890644470669,16.897518711058666,15.2525,tempo,0.2006105044656969,0.17905194145078618,96,24.0,0.9142093555293318
APT,2023-02-16 04:00:00+00:00,2023-02-16 04:00:00+00:00,2023-02-16 20:30:00+00:00,-1,16.416,16.87070537418747,15.506589251625062,15.506589251625062,alvo,2.0,1.9543667522060089,66,16.5,0.45470537418746915
APT,2023-02-27 16:00:00+00:00,2023-02-27 16:00:00+00:00,2023-02-28 16:00:00+00:00,-1,12.721,13.154440400772819,11.854119198454363,12.175,tempo,1.2596887577311404,1.222353982359147,96,24.0,0.43344040077281853
APT,2023-03-05 00:00:00+00:00,2023-03-05 00:00:00+00:00,2023-03-06 00:00:00+00:00,1,11.257,10.51210622029239,12.74678755941522,11.153,tempo,-0.1396172217209572,-0.1591723588382489,96,24.0,0.7448937797076098
APT,2023-03-07 16:00:00+00:00,2023-03-07 16:00:00+00:00,2023-03-08 14:00:00+00:00,1,11.11,10.57794904129083,12.174101917418337,10.57794904129083,stop,-1.0,-1.0264958960153756,88,22.0,0.5320509587091689
APT,2023-03-08 16:00:00+00:00,2023-03-08 16:00:00+00:00,2023-03-08 23:00:00+00:00,1,10.813,10.326648800979832,11.785702398040337,10.326648800979832,stop,-1.0,-1.0282527764881013,28,7.0,0.4863511990201683
APT,2023-03-10 04:00:00+00:00,2023-03-10 04:00:00+00:00,2023-03-10 07:15:00+00:00,-1,11.341,11.828696448079036,10.365607103841926,10.365607103841926,alvo,2.0,1.9710695153243956,13,3.25,0.48769644807903667
APT,2023-03-10 12:00:00+00:00,2023-03-10 12:00:00+00:00,2023-03-10 16:45:00+00:00,1,9.972,9.522428163696079,10.871143672607841,10.871143672607841,alvo,2.0,1.9698645638068033,19,4.75,0.44957183630392095
APT,2023-03-23 04:00:00+00:00,2023-03-23 04:00:00+00:00,2023-03-24 04:00:00+00:00,-1,12.42,13.380929173524342,10.498141652951317,12.888,tempo,-0.4870286103225951,-0.5041476659754343,96,24.0,0.9609291735243417
APT,2023-04-02 20:00:00+00:00,2023-04-02 20:00:00+00:00,2023-04-03 20:00:00+00:00,-1,12.076,12.659093386912183,10.909813226175636,11.566,tempo,0.8746454880936753,0.8482907045462597,96,24.0,0.5830933869121822
APT,2023-04-04 00:00:00+00:00,2023-04-04 00:00:00+00:00,2023-04-05 00:00:00+00:00,1,11.333,10.876167755222774,12.246664489554453,11.464,tempo,0.2867573414479142,0.25432081760484354,96,24.0,0.4568322447772264
APT,2023-04-11 20:00:00+00:00,2023-04-11 20:00:00+00:00,2023-04-12 20:00:00+00:00,-1,11.808,12.205872145022845,11.01225570995431,11.273,tempo,1.3446530668018535,1.3069458530959566,96,24.0,0.39787214502284485
APT,2023-04-14 08:00:00+00:00,2023-04-14 08:00:00+00:00,2023-04-15 08:00:00+00:00,-1,12.782,13.769280241382466,10.807439517235068,12.703,tempo,0.0800178071925948,0.06323913655212492,96,24.0,0.9872802413824662
APT,2023-04-19 04:00:00+00:00,2023-04-19 04:00:00+00:00,2023-04-19 08:30:00+00:00,-1,12.608,13.257716150628644,11.308567698742714,11.308567698742714,alvo,2.0,1.9760729835803816,18,4.5,0.6497161506286435
APT,2023-04-27 00:00:00+00:00,2023-04-27 00:00:00+00:00,2023-04-28 00:00:00+00:00,1,10.014,9.30367997841416,11.43464004317168,10.173,tempo,0.22384276828495114,0.20537003824602418,96,24.0,0.7103200215858401
APT,2023-04-30 04:00:00+00:00,2023-04-30 04:00:00+00:00,2023-05-01 04:00:00+00:00,-1,10.55,11.070808320411736,9.50838335917653,10.058,tempo,0.9446853683348237,0.9189653491358022,96,24.0,0.5208083204117351
APT,2023-05-11 00:00:00+00:00,2023-05-11 00:00:00+00:00,2023-05-11 15:00:00+00:00,-1,8.595,8.845436260149125,8.094127479701752,8.094127479701752,alvo,2.0,1.9566838569808276,60,15.0,0.2504362601491241
APT,2023-05-22 00:00:00+00:00,2023-05-22 00:00:00+00:00,2023-05-22 01:00:00+00:00,1,8.156,8.006539997051455,8.454920005897092,8.006539997051455,stop,-1.0,-1.0702907185255457,4,1.0,0.14946000294854578
APT,2023-05-24 16:00:00+00:00,2023-05-24 16:00:00+00:00,2023-05-25 01:30:00+00:00,1,8.041,7.814200577698368,8.494598844603265,7.814200577698368,stop,-1.0,-1.0454405054074503,38,9.5,0.22679942230163253
APT,2023-06-05 20:00:00+00:00,2023-06-05 20:00:00+00:00,2023-06-06 12:15:00+00:00,1,8.072,7.80813292222727,8.599734155545457,7.80813292222727,stop,-1.0,-1.0391185080252348,65,16.25,0.263867077772729
APT,2023-06-21 04:00:00+00:00,2023-06-21 04:00:00+00:00,2023-06-21 16:15:00+00:00,-1,7.239,7.4236632505405575,6.869673498918885,7.4236632505405575,stop,-1.0,-1.0516114120430158,49,12.25,0.18466325054055766
APT,2023-07-17 16:00:00+00:00,2023-07-17 16:00:00+00:00,2023-07-17 23:30:00+00:00,-1,7.639,7.936489670943278,7.044020658113445,7.936489670943278,stop,-1.0,-1.0340316631969502,30,7.5,0.2974896709432775
APT,2023-07-18 00:00:00+00:00,2023-07-18 00:00:00+00:00,2023-07-18 01:00:00+00:00,-1,7.817,8.009504662713539,7.431990674572923,8.009504662713539,stop,-1.0,-1.0534388512244608,4,1.0,0.19250466271353872
APT,2023-07-18 04:00:00+00:00,2023-07-18 04:00:00+00:00,2023-07-19 04:00:00+00:00,-1,7.787,8.27224623000212,6.816507539995761,7.615,tempo,0.35445921959918864,0.33382783829004115,96,24.0,0.48524623000211964
APT,2023-07-31 00:00:00+00:00,2023-07-31 00:00:00+00:00,2023-08-01 00:00:00+00:00,1,7.013,6.797807021945501,7.4433859561089974,7.031,tempo,0.08364585202887613,0.04122532287160905,96,24.0,0.21519297805449877
APT,2023-08-17 00:00:00+00:00,2023-08-17 00:00:00+00:00,2023-08-17 21:45:00+00:00,1,6.18,5.859016499128411,6.821967001743177,5.859016499128411,stop,-1.0,-1.0243793238692478,87,21.75,0.32098350087158867
APT,2023-09-07 08:00:00+00:00,2023-09-07 08:00:00+00:00,2023-09-08 08:00:00+00:00,-1,5.568,5.694268860429143,5.3154622791417125,5.616,tempo,-0.3801412306792418,-0.43771362006561293,96,24.0,0.12626886042914354
APT,2023-09-10 08:00:00+00:00,2023-09-10 08:00:00+00:00,2023-09-11 08:00:00+00:00,1,5.269,5.057373290958522,5.692253418082956,5.119,tempo,-0.7087952209784686,-0.7407014015857406,96,24.0,0.21162670904147785
APT,2023-09-13 16:00:00+00:00,2023-09-13 16:00:00+00:00,2023-09-14 16:00:00+00:00,-1,5.255,5.3749363869454,5.0151272261091995,5.202,tempo,0.44190092222911165,0.3852287965038779,96,24.0,0.11993638694540021
APT,2023-09-19 16:00:00+00:00,2023-09-19 16:00:00+00:00,2023-09-20 16:00:00+00:00,1,5.204,5.085577627861394,5.440844744277212,5.142,tempo,-0.5235497219007932,-0.580337133591288,96,24.0,0.11842237213860596
APT,2023-09-25 04:00:00+00:00,2023-09-25 04:00:00+00:00,2023-09-25 09:15:00+00:00,-1,5.393,5.65355914666763,4.87188170666474,5.65355914666763,stop,-1.0,-1.0275571344823797,21,5.25,0.2605591466676298
APT,2023-10-02 20:00:00+00:00,2023-10-02 20:00:00+00:00,2023-10-03 20:00:00+00:00,1,5.473,5.2895023684103455,5.839995263179309,5.369,tempo,-0.5667648083467887,-0.6051702086723879,96,24.0,0.18349763158965438
APT,2023-10-09 20:00:00+00:00,2023-10-09 20:00:00+00:00,2023-10-10 20:00:00+00:00,1,4.991,4.7710613506648825,5.430877298670234,4.883,tempo,-0.4910460272739135,-0.5202273467891608,96,24.0,0.2199386493351172
APT,2023-10-12 20:00:00+00:00,2023-10-12 20:00:00+00:00,2023-10-13 20:00:00+00:00,-1,4.812,4.963055032249612,4.5098899355007775,4.849,tempo,-0.24494384231343683,-0.28651577743191187,96,24.0,0.15105503224961137
APT,2023-10-16 16:00:00+00:00,2023-10-16 16:00:00+00:00,2023-10-17 16:00:00+00:00,-1,4.966,5.259699965119829,4.378600069760343,5.031,tempo,-0.22131429254164095,-0.24343908236702896,96,24.0,0.29369996511982865
APT,2023-10-17 16:00:00+00:00,2023-10-17 16:00:00+00:00,2023-10-18 16:00:00+00:00,1,5.031,4.811982987030959,5.469034025938082,4.909,tempo,-0.5570343524740022,-0.5865343438783837,96,24.0,0.21901701296904097
APT,2023-10-19 04:00:00+00:00,2023-10-19 04:00:00+00:00,2023-10-20 04:00:00+00:00,1,4.908,4.75632274005587,5.211354519888261,4.998,tempo,0.593365149351662,0.5509138286832128,96,24.0,0.1516772599441305
APT,2023-10-23 04:00:00+00:00,2023-10-23 04:00:00+00:00,2023-10-24 03:00:00+00:00,-1,6.116,6.470481599377138,5.407036801245724,6.470481599377138,stop,-1.0,-1.0230793729603185,92,23.0,0.35448159937713797
APT,2023-10-24 04:00:00+00:00,2023-10-24 04:00:00+00:00,2023-10-25 04:00:00+00:00,-1,6.205,6.726724454888637,5.161551090222726,6.364,tempo,-0.30475857228877395,-0.3204178919228208,96,24.0,0.5217244548886368
APT,2023-10-25 20:00:00+00:00,2023-10-25 20:00:00+00:00,2023-10-25 22:45:00+00:00,-1,6.68,6.872963620990405,6.294072758019189,6.872963620990405,stop,-1.0,-1.0456533014276395,11,2.75,0.19296362099040554
APT,2023-11-05 00:00:00+00:00,2023-11-05 00:00:00+00:00,2023-11-06 00:00:00+00:00,-1,6.952,7.173041661627603,6.509916676744794,6.871,tempo,0.36644675670445875,0.3257985371161656,96,24.0,0.22104166162760297
APT,2023-11-11 04:00:00+00:00,2023-11-11 04:00:00+00:00,2023-11-12 04:00:00+00:00,-1,7.381,8.293407515952053,5.556184968095895,7.593,tempo,-0.2323523165838766,-0.24301980871851117,96,24.0,0.9124075159520526
APT,2023-11-21 16:00:00+00:00,2023-11-21 16:00:00+00:00,2023-11-21 18:15:00+00:00,1,7.158,6.851840722234163,7.7703185555316745,6.851840722234163,stop,-1.0,-1.0297439833798443,9,2.25,0.30615927776583707
APT,2023-11-21 20:00:00+00:00,2023-11-21 20:00:00+00:00,2023-11-21 23:00:00+00:00,1,7.077,6.746942533520667,7.737114932958665,6.746942533520667,stop,-1.0,-1.0272242368658886,12,3.0,0.33005746647933254
APT,2023-12-04 20:00:00+00:00,2023-12-04 20:00:00+00:00,2023-12-04 23:15:00+00:00,-1,7.487,7.736140348145825,6.988719303708351,7.736140348145825,stop,-1.0,-1.0397167351652856,13,3.25,0.24914034814582475
APT,2023-12-06 04:00:00+00:00,2023-12-06 04:00:00+00:00,2023-12-07 04:00:00+00:00,-1,7.624,7.9524609022478705,6.967078195504258,7.432,tempo,0.5845444577604788,0.5547497396280456,96,24.0,0.32846090224787083
APT,2023-12-07 20:00:00+00:00,2023-12-07 20:00:00+00:00,2023-12-08 07:15:00+00:00,-1,7.851,8.30666012992425,6.9396797401515,8.30666012992425,stop,-1.0,-1.023048931417802,45,11.25,0.45566012992425
APT,2023-12-08 08:00:00+00:00,2023-12-08 08:00:00+00:00,2023-12-08 11:00:00+00:00,-1,8.135,8.399949975470804,7.605100049058391,8.399949975470804,stop,-1.0,-1.0405650820120207,12,3.0,0.26494997547080423
APT,2023-12-14 16:00:00+00:00,2023-12-14 16:00:00+00:00,2023-12-15 16:00:00+00:00,1,8.248,7.79794548879309,9.148109022413818,8.306,tempo,0.12887327769354306,0.10496484053302071,96,24.0,0.4500545112069094
APT,2024-01-03 04:00:00+00:00,2024-01-03 04:00:00+00:00,2024-01-03 12:15:00+00:00,-1,10.146,10.495544977519444,9.446910044961115,9.446910044961115,alvo,2.0,1.9635658002595207,33,8.25,0.349544977519443
APT,2024-01-05 00:00:00+00:00,2024-01-05 00:00:00+00:00,2024-01-06 00:00:00+00:00,-1,10.321,11.292079353420554,8.37884129315889,9.644,tempo,0.6971623870029957,0.6837986490609947,96,24.0,0.9710793534205546
APT,2024-01-13 20:00:00+00:00,2024-01-13 20:00:00+00:00,2024-01-14 20:00:00+00:00,-1,10.102,10.553576049958263,9.198847900083475,9.719,tempo,0.8481406399551085,0.8196102296262374,96,24.0,0.4515760499582626
APT,2024-01-23 16:00:00+00:00,2024-01-23 16:00:00+00:00,2024-01-23 21:00:00+00:00,1,7.795,7.409593287682503,8.565813424634994,8.565813424634994,alvo,2.0,1.9724069965931157,20,5.0,0.3854067123174971
APT,2024-01-29 08:00:00+00:00,2024-01-29 08:00:00+00:00,2024-01-29 17:15:00+00:00,-1,9.178,9.421653403499233,8.690693193001536,9.421653403499233,stop,-1.0,-1.049618739318421,37,9.25,0.24365340349923237
APT,2024-02-11 08:00:00+00:00,2024-02-11 08:00:00+00:00,2024-02-12 08:00:00+00:00,-1,9.163,9.318244129199057,8.852511741601887,9.007,tempo,1.0048689171361507,0.9287919662013016,96,24.0,0.1552441291990565
APT,2024-02-12 20:00:00+00:00,2024-02-12 20:00:00+00:00,2024-02-13 20:00:00+00:00,-1,9.131,9.363887067621611,8.665225864756778,9.082,tempo,0.21040240877442534,0.15956897211818816,96,24.0,0.23288706762161127
APT,2024-02-27 04:00:00+00:00,2024-02-27 04:00:00+00:00,2024-02-28 04:00:00+00:00,-1,10.135,10.50143380732074,9.402132385358518,9.994,tempo,0.3847898233816135,0.34908392032734736,96,24.0,0.3664338073207407
APT,2024-02-28 16:00:00+00:00,2024-02-28 16:00:00+00:00,2024-02-28 18:00:00+00:00,-1,11.333,12.737932360744187,8.523135278511626,12.737932360744187,stop,-1.0,-1.0111365546638815,8,2.0,1.404932360744187
APT,2024-02-28 20:00:00+00:00,2024-02-28 20:00:00+00:00,2024-02-29 20:00:00+00:00,-1,12.061,13.314775084735912,9.553449830528177,12.306,tempo,-0.1954098490094056,-0.2080425374340094,96,24.0,1.2537750847359117
APT,2024-03-17 12:00:00+00:00,2024-03-17 12:00:00+00:00,2024-03-18 12:00:00+00:00,-1,14.231,16.048617205000916,10.595765589998168,14.875,tempo,-0.3543100264610862,-0.36471865372756856,96,24.0,1.817617205000916
APT,2024-04-01 08:00:00+00:00,2024-04-01 08:00:00+00:00,2024-04-02 02:45:00+00:00,1,17.635,16.04270515013416,20.819589699731683,16.04270515013416,stop,-1.0,-1.0137477731272142,75,18.75,1.5922948498658407
APT,2024-04-02 12:00:00+00:00,2024-04-02 12:00:00+00:00,2024-04-03 00:15:00+00:00,1,15.175,14.586150677707339,16.352698644585324,14.586150677707339,stop,-1.0,-1.0328517792381788,49,12.25,0.5888493222926616
APT,2024-04-18 16:00:00+00:00,2024-04-18 16:00:00+00:00,2024-04-19 02:15:00+00:00,-1,9.495,9.849578645259275,8.785842709481448,8.785842709481448,alvo,2.0,1.9664882588953596,41,10.25,0.3545786452592754
APT,2024-04-19 04:00:00+00:00,2024-04-19 04:00:00+00:00,2024-04-20 04:00:00+00:00,1,9.053,8.484738426952388,10.189523146095226,9.535,tempo,0.8482009392523436,0.8269392517248858,96,24.0,0.5682615730476126
APT,2024-04-26 16:00:00+00:00,2024-04-26 16:00:00+00:00,2024-04-27 01:15:00+00:00,1,8.879,8.648974078791715,9.339051842416568,8.648974078791715,stop,-1.0,-1.0495299968428267,37,9.25,0.23002592120828425
APT,2024-05-17 12:00:00+00:00,2024-05-17 12:00:00+00:00,2024-05-17 16:15:00+00:00,-1,8.503,8.667354899335763,8.174290201328475,8.667354899335763,stop,-1.0,-1.0679062852989119,17,4.25,0.16435489933576264
APT,2024-05-21 16:00:00+00:00,2024-05-21 16:00:00+00:00,2024-05-22 16:00:00+00:00,-1,9.245,9.492598340531,8.749803318937998,9.234,tempo,0.04442679210372967,-0.004084639654013109,96,24.0,0.24759834053100072
APT,2024-05-23 20:00:00+00:00,2024-05-23 20:00:00+00:00,2024-05-23 20:15:00+00:00,1,8.668,8.45143328153679,9.101133436926418,8.45143328153679,stop,-1.0,-1.0513820023314862,1,0.25,0.21656671846320918
APT,2024-05-30 12:00:00+00:00,2024-05-30 12:00:00+00:00,2024-05-31 12:00:00+00:00,1,9.135,8.79569774725956,9.81360450548088,9.183,tempo,0.1414667884233564,0.10637506738751523,96,24.0,0.3393022527404401
APT,2024-06-02 20:00:00+00:00,2024-06-02 20:00:00+00:00,2024-06-03 20:00:00+00:00,1,8.955,8.761305518517247,9.342388962965506,8.997,tempo,0.21683632738777633,0.15659300031581216,96,24.0,0.19369448148275303
APT,2024-06-07 00:00:00+00:00,2024-06-07 00:00:00+00:00,2024-06-07 18:15:00+00:00,1,9.103,8.87837348182114,9.55225303635772,8.87837348182114,stop,-1.0,-1.0520325599040679,73,18.25,0.22462651817886048
APT,2024-06-20 12:00:00+00:00,2024-06-20 12:00:00+00:00,2024-06-21 12:00:00+00:00,-1,7.049,7.225163300748693,6.6966733985026154,6.929,tempo,0.681186146546989,0.6296107051163058,96,24.0,0.17616330074869246
APT,2024-07-03 12:00:00+00:00,2024-07-03 12:00:00+00:00,2024-07-03 19:15:00+00:00,1,6.752,6.627758809947569,7.000482380104862,6.627758809947569,stop,-1.0,-1.069999677424176,29,7.25,0.12424119005243117
APT,2024-07-04 16:00:00+00:00,2024-07-04 16:00:00+00:00,2024-07-04 23:45:00+00:00,1,6.211,5.976576069527467,6.679847860945067,5.976576069527467,stop,-1.0,-1.0337931559684392,31,7.75,0.2344239304725333
APT,2024-07-17 12:00:00+00:00,2024-07-17 12:00:00+00:00,2024-07-18 12:00:00+00:00,-1,7.121,7.42229502936528,6.518409941269441,7.035,tempo,0.2854345130789957,0.2548950115831229,96,24.0,0.30129502936527963
APT,2024-07-18 20:00:00+00:00,2024-07-18 20:00:00+00:00,2024-07-19 06:15:00+00:00,1,6.924,6.775636567721225,7.220726864557551,7.220726864557551,alvo,2.0,1.938030063602959,41,10.25,0.14836343227877524
APT,2024-07-23 20:00:00+00:00,2024-07-23 20:00:00+00:00,2024-07-24 20:00:00+00:00,1,7.083,6.856346971121097,7.536306057757807,6.946,tempo,-0.6044481323618094,-0.6446807736157325,96,24.0,0.22665302887890348
APT,2024-07-31 00:00:00+00:00,2024-07-31 00:00:00+00:00,2024-07-31 20:00:00+00:00,1,6.587,6.462276500225499,6.8364469995490005,6.462276500225499,stop,-1.0,-1.0680066686749654,80,20.0,0.12472349977450037
APT,2024-07-31 20:00:00+00:00,2024-07-31 20:00:00+00:00,2024-07-31 20:30:00+00:00,1,6.5,6.41164933855265,6.676701322894701,6.41164933855265,stop,-1.0,-1.0949916155982657,2,0.5,0.08835066144735038
APT,2024-08-01 20:00:00+00:00,2024-08-01 20:00:00+00:00,2024-08-02 15:15:00+00:00,1,6.205,5.988594604914322,6.637810790171356,5.988594604914322,stop,-1.0,-1.0366249486989747,77,19.25,0.2164053950856779
APT,2024-08-04 20:00:00+00:00,2024-08-04 20:00:00+00:00,2024-08-05 01:15:00+00:00,1,5.432,5.05864835011148,6.178703299777041,5.05864835011148,stop,-1.0,-1.0182640720339886,21,5.25,0.3733516498885203
APT,2024-08-05 08:00:00+00:00,2024-08-05 08:00:00+00:00,2024-08-06 08:00:00+00:00,1,4.807,4.204344154222023,6.012311691555956,5.26,tempo,0.7516727883311488,0.7408149329799694,96,24.0,0.6026558457779778
APT,2024-08-12 16:00:00+00:00,2024-08-12 16:00:00+00:00,2024-08-13 16:00:00+00:00,-1,6.544,6.923249119471877,5.785501761056245,6.538,tempo,0.015820735479503883,-0.0066006745209761485,96,24.0,0.37924911947187745
APT,2024-08-23 12:00:00+00:00,2024-08-23 12:00:00+00:00,2024-08-23 16:45:00+00:00,-1,6.78,6.970318489017481,6.399363021965038,6.970318489017481,stop,-1.0,-1.0469618430873546,19,4.75,0.19031848901748116
APT,2024-08-25 20:00:00+00:00,2024-08-25 20:00:00+00:00,2024-08-26 02:30:00+00:00,-1,7.371,7.477668092586013,7.157663814827975,7.157663814827975,alvo,2.0,1.9114671383851431,26,6.5,0.10666809258601262
APT,2024-08-28 04:00:00+00:00,2024-08-28 04:00:00+00:00,2024-08-28 08:00:00+00:00,1,6.839,6.556817810984978,7.403364378030044,6.556817810984978,stop,-1.0,-1.0308569495740807,16,4.0,0.282182189015022
APT,2024-08-28 12:00:00+00:00,2024-08-28 12:00:00+00:00,2024-08-29 12:00:00+00:00,1,6.912,6.408024743378649,7.919950513242703,6.965,tempo,0.10516389307544935,0.08726608979742656,96,24.0,0.5039752566213513
APT,2024-09-04 04:00:00+00:00,2024-09-04 04:00:00+00:00,2024-09-05 04:00:00+00:00,1,6.112,5.766070346673754,6.803859306652493,5.883,tempo,-0.6619843017159044,-0.6845228436565309,96,24.0,0.34592965332624637
APT,2024-09-07 00:00:00+00:00,2024-09-07 00:00:00+00:00,2024-09-08 00:00:00+00:00,1,5.702,5.427076807663856,6.251846384672287,5.85,tempo,0.5383321746789653,0.5110198190490368,96,24.0,0.2749231923361437
APT,2024-09-11 16:00:00+00:00,2024-09-11 16:00:00+00:00,2024-09-12 16:00:00+00:00,1,6.074,5.914643229913763,6.392713540172474,6.063,tempo,-0.0690275034694,-0.1185330876735149,96,24.0,0.15935677008623728
APT,2024-09-16 08:00:00+00:00,2024-09-16 08:00:00+00:00,2024-09-16 12:45:00+00:00,1,5.83,5.697773873418919,6.094452253162162,5.697773873418919,stop,-1.0,-1.056668475523463,19,4.75,0.1322261265810809
APT,2024-09-18 20:00:00+00:00,2024-09-18 20:00:00+00:00,2024-09-18 21:45:00+00:00,-1,5.937,6.0732881930086915,5.664423613982618,6.074,stop,-1.00522280746112,-1.062506933309807,7,1.75,0.13628819300869122
APT,2024-10-01 16:00:00+00:00,2024-10-01 16:00:00+00:00,2024-10-01 17:30:00+00:00,1,7.9808,7.466376316443484,9.009647367113033,7.466376316443484,stop,-1.0,-1.0195182782726315,6,1.5,0.5144236835565161
APT,2024-10-01 20:00:00+00:00,2024-10-01 20:00:00+00:00,2024-10-02 20:00:00+00:00,1,7.5792,7.111685448093043,8.514229103813914,7.6132,tempo,0.07272500901055666,0.051602543496445136,96,24.0,0.467514551906957
APT,2024-10-03 12:00:00+00:00,2024-10-03 12:00:00+00:00,2024-10-03 13:30:00+00:00,-1,8.3611,8.649926282045994,7.783447435908013,8.649926282045994,stop,-1.0,-1.038283105695932,6,1.5,0.2888262820459939
APT,2024-10-03 16:00:00+00:00,2024-10-03 16:00:00+00:00,2024-10-04 08:45:00+00:00,-1,8.3652,8.865583996030708,7.364432007938584,8.865583996030708,stop,-1.0,-1.0223828293595798,67,16.75,0.5003839960307079
APT,2024-10-13 08:00:00+00:00,2024-10-13 08:00:00+00:00,2024-10-14 08:00:00+00:00,-1,10.1116,10.527180723239463,9.280438553521073,10.0172,tempo,0.22715201817867745,0.19566903721167772,96,24.0,0.41558072323946327
APT,2024-10-15 04:00:00+00:00,2024-10-15 04:00:00+00:00,2024-10-15 09:45:00+00:00,-1,10.2756,10.673537449841454,9.479725100317093,10.673537449841454,stop,-1.0,-1.034218793299857,23,5.75,0.3979374498414536
APT,2024-10-15 12:00:00+00:00,2024-10-15 12:00:00+00:00,2024-10-16 12:00:00+00:00,-1,10.096,10.80505487411669,8.67789025176662,10.0,tempo,0.135391495784572,0.11696922625815125,96,24.0,0.7090548741166902
APT,2024-10-23 20:00:00+00:00,2024-10-23 20:00:00+00:00,2024-10-24 13:30:00+00:00,1,9.8252,9.547930047516289,10.379739904967424,10.379739904967424,alvo,2.0,1.9526338471926548,70,17.5,0.2772699524837119
APT,2024-10-28 08:00:00+00:00,2024-10-28 08:00:00+00:00,2024-10-29 08:00:00+00:00,1,9.1013,8.635672234794747,10.032555530410507,9.6315,tempo,1.1386778014972607,1.1125274708900803,96,24.0,0.4656277652052534
APT,2024-10-31 16:00:00+00:00,2024-10-31 16:00:00+00:00,2024-10-31 18:15:00+00:00,1,9.4677,9.141476455605144,10.120147088789714,9.141476455605144,stop,-1.0,-1.0370787605737695,9,2.25,0.3262235443948569
APT,2024-11-05 20:00:00+00:00,2024-11-05 20:00:00+00:00,2024-11-06 01:00:00+00:00,-1,8.3441,8.70512769886056,7.622044602278878,8.70512769886056,stop,-1.0,-1.0306957001893076,20,5.0,0.3610276988605605
APT,2024-11-08 04:00:00+00:00,2024-11-08 04:00:00+00:00,2024-11-09 04:00:00+00:00,-1,9.5532,10.216431614436356,8.226736771127289,9.5748,tempo,-0.03256780818320317,-0.051314200437990815,96,24.0,0.6632316144363557
APT,2024-11-10 12:00:00+00:00,2024-11-10 12:00:00+00:00,2024-11-10 21:00:00+00:00,-1,11.3078,11.63777725421949,10.647845491561021,10.647845491561021,alvo,2.0,1.9567510506041668,36,9.0,0.3299772542194894
APT,2024-11-14 16:00:00+00:00,2024-11-14 16:00:00+00:00,2024-11-15 16:00:00+00:00,1,11.5283,10.9149957452922,12.754908509415598,11.5039,tempo,-0.039784494910482956,-0.06419477722155661,96,24.0,0.6133042547077991
APT,2024-12-03 08:00:00+00:00,2024-12-03 08:00:00+00:00,2024-12-03 13:15:00+00:00,-1,14.193,14.59595451338731,13.387090973225378,14.59595451338731,stop,-1.0,-1.0464390391768994,21,5.25,0.4029545133873107
APT,2024-12-17 08:00:00+00:00,2024-12-17 08:00:00+00:00,2024-12-17 15:30:00+00:00,-1,14.1017,14.516779655630131,13.271540688739735,13.271540688739735,alvo,2.0,1.957134477186867,30,7.5,0.41507965563013194
APT,2024-12-19 04:00:00+00:00,2024-12-19 04:00:00+00:00,2024-12-20 04:00:00+00:00,1,12.0551,11.09374719681437,13.977805606371259,11.7295,tempo,-0.3386893957359469,-0.3547708904263148,96,24.0,0.9613528031856298
APT,2025-01-04 16:00:00+00:00,2025-01-04 16:00:00+00:00,2025-01-04 23:30:00+00:00,-1,9.7196,10.05051386161595,9.057772276768098,10.05051386161595,stop,-1.0,-1.0388335923653884,30,7.5,0.3309138616159508
APT,2025-01-07 16:00:00+00:00,2025-01-07 16:00:00+00:00,2025-01-08 16:00:00+00:00,-1,9.9765,10.747907140032597,8.433685719934806,9.0954,tempo,1.142198398582061,1.1261281104596614,96,24.0,0.771407140032597
APT,2025-01-09 16:00:00+00:00,2025-01-09 16:00:00+00:00,2025-01-10 16:00:00+00:00,1,8.8554,8.416457822709575,9.73328435458085,9.0191,tempo,0.372942060411043,0.34647291344567244,96,24.0,0.43894217729042495
APT,2025-01-13 16:00:00+00:00,2025-01-13 16:00:00+00:00,2025-01-14 16:00:00+00:00,1,8.2545,7.720885580480548,9.321728839038904,8.7176,tempo,0.867855108595163,0.8471812575962812,96,24.0,0.5336144195194521
APT,2025-01-18 04:00:00+00:00,2025-01-18 04:00:00+00:00,2025-01-19 04:00:00+00:00,-1,9.4902,9.940306555798863,8.589986888402274,9.3471,tempo,0.3179247183947859,0.2907217264759756,96,24.0,0.45010655579886283
APT,2025-02-12 16:00:00+00:00,2025-02-12 16:00:00+00:00,2025-02-13 16:00:00+00:00,1,5.909,5.674872240683057,6.377255518633885,6.0597,tempo,0.6436656654454862,0.6104374185144226,96,24.0,0.23412775931694263
APT,2025-03-04 16:00:00+00:00,2025-03-04 16:00:00+00:00,2025-03-04 16:30:00+00:00,1,5.3539,5.165776934620648,5.730146130758706,5.165776934620648,stop,-1.0,-1.0363474303042794,2,0.5,0.18812306537935264
APT,2025-03-21 04:00:00+00:00,2025-03-21 04:00:00+00:00,2025-03-21 20:45:00+00:00,-1,5.5589,5.715652683666459,5.245394632667083,5.715652683666459,stop,-1.0,-1.046751730643265,67,16.75,0.15675268366645856
APT,2025-03-24 08:00:00+00:00,2025-03-24 08:00:00+00:00,2025-03-24 22:00:00+00:00,-1,5.7838,5.962863009214809,5.425673981570383,5.962863009214809,stop,-1.0,-1.0426404704660697,56,14.0,0.17906300921480867
APT,2025-03-27 08:00:00+00:00,2025-03-27 08:00:00+00:00,2025-03-28 04:45:00+00:00,-1,5.9935,6.109187713124259,5.762124573751483,5.762124573751483,alvo,2.0,1.9339501510870805,83,20.75,0.11568771312425863
ARB,2023-04-14 16:00:00+00:00,2023-04-14 16:00:00+00:00,2023-04-14 17:45:00+00:00,-1,1.4695,1.6177305080712827,1.1730389838574347,1.6177305080712827,stop,-1.0,-1.0135376978488215,7,1.75,0.14823050807128269
ARB,2023-04-15 00:00:00+00:00,2023-04-15 00:00:00+00:00,2023-04-16 00:00:00+00:00,-1,1.6984,1.7765200447309617,1.5421599105380763,1.6548,tempo,0.5581153998330931,0.5302150061824459,96,24.0,0.07812004473096179
ARB,2023-05-06 04:00:00+00:00,2023-05-06 04:00:00+00:00,2023-05-07 04:00:00+00:00,-1,1.3154,1.3746591521454132,1.1968816957091732,1.2281,tempo,1.4731901628592061,1.4452910968053567,96,24.0,0.05925915214541333
ARB,2023-06-01 04:00:00+00:00,2023-06-01 04:00:00+00:00,2023-06-02 04:00:00+00:00,1,1.1473,1.1203721421381407,1.2011557157237185,1.1729,tempo,0.9506883217866369,0.8946820101172589,96,24.0,0.02692785786185925
ARB,2023-06-05 20:00:00+00:00,2023-06-05 20:00:00+00:00,2023-06-06 20:00:00+00:00,1,1.124,1.0314774286050834,1.3090451427898335,1.1941,tempo,0.7576529590902745,0.7413675816166132,96,24.0,0.09252257139491671
ARB,2023-06-10 20:00:00+00:00,2023-06-10 20:00:00+00:00,2023-06-11 20:00:00+00:00,1,0.9851,0.9084601823897951,1.1383796352204096,0.9999,tempo,0.1931111067522864,0.17627586313829066,96,24.0,0.07663981761020489
ARB,2023-06-15 08:00:00+00:00,2023-06-15 08:00:00+00:00,2023-06-16 08:00:00+00:00,1,0.9193,0.8989198292559177,0.9600603414881645,0.9542,tempo,1.712448852281272,1.6526959181527097,96,24.0,0.02038017074408227
ARB,2023-06-20 16:00:00+00:00,2023-06-20 16:00:00+00:00,2023-06-20 19:00:00+00:00,1,1.0054,0.9765387865359583,1.0631224269280837,1.0631224269280837,alvo,2.0,1.9534136158488826,12,3.0,0.0288612134640418
ARB,2023-06-27 20:00:00+00:00,2023-06-27 20:00:00+00:00,2023-06-28 12:30:00+00:00,-1,1.2152,1.2551251253549112,1.1353497492901778,1.1353497492901778,alvo,2.0,1.9617319338773052,66,16.5,0.039925125354911106
ARB,2023-07-07 04:00:00+00:00,2023-07-07 04:00:00+00:00,2023-07-08 04:00:00+00:00,1,1.0866,1.0481524464212488,1.1634951071575024,1.1274,tempo,1.0611858545545767,1.0237556446700302,96,24.0,0.03844755357875118
ARB,2023-07-14 04:00:00+00:00,2023-07-14 04:00:00+00:00,2023-07-14 15:15:00+00:00,-1,1.2326,1.2614596625585124,1.174880674882975,1.2614596625585124,stop,-1.0,-1.056173171719392,45,11.25,0.028859662558512467
ARB,2023-07-20 16:00:00+00:00,2023-07-20 16:00:00+00:00,2023-07-21 16:00:00+00:00,-1,1.2632,1.3209951524840469,1.1476096950319066,1.2493,tempo,0.2405045994789416,0.2122474718513124,96,24.0,0.05779515248404676
ARB,2023-07-24 16:00:00+00:00,2023-07-24 16:00:00+00:00,2023-07-25 14:00:00+00:00,1,1.1785,1.156479840218449,1.2225403195631022,1.156479840218449,stop,-1.0,-1.0689248811633776,88,22.0,0.02202015978155103
ARB,2023-07-31 00:00:00+00:00,2023-07-31 00:00:00+00:00,2023-08-01 00:00:00+00:00,1,1.1577,1.1277575335491339,1.217584932901732,1.1689,tempo,0.37405068210992837,0.32354415478421245,96,24.0,0.029942466450866068
ARB,2023-08-01 16:00:00+00:00,2023-08-01 16:00:00+00:00,2023-08-02 16:00:00+00:00,1,1.1408,1.1149954035082768,1.1924091929834466,1.1404,tempo,-0.015501114312260384,-0.07296297001210035,96,24.0,0.025804596491723286
ARB,2023-08-03 08:00:00+00:00,2023-08-03 08:00:00+00:00,2023-08-04 08:00:00+00:00,1,1.126,1.1137492437320893,1.1505015125358211,1.1446,tempo,1.5182736145621183,1.397800235798889,96,24.0,0.012250756267910612
ARB,2023-08-07 20:00:00+00:00,2023-08-07 20:00:00+00:00,2023-08-08 20:00:00+00:00,1,1.132,1.103863796018335,1.1882724079633296,1.1638,tempo,1.1302164293634904,1.0771790686387654,96,24.0,0.02813620398166483
ARB,2023-08-09 20:00:00+00:00,2023-08-09 20:00:00+00:00,2023-08-10 20:00:00+00:00,-1,1.1761,1.1999033119120013,1.1284933761759972,1.1617,tempo,0.6049578333147688,0.5411192378446212,96,24.0,0.023803311912001357
ARB,2023-08-14 04:00:00+00:00,2023-08-14 04:00:00+00:00,2023-08-15 04:00:00+00:00,1,1.1417,1.128020849377975,1.1690583012440496,1.1409,tempo,-0.058483163326809855,-0.16694676907226494,96,24.0,0.01367915062202485
ARB,2023-08-15 16:00:00+00:00,2023-08-15 16:00:00+00:00,2023-08-15 19:15:00+00:00,-1,1.151,1.1696802215984428,1.1136395568031145,1.1136395568031145,alvo,2.0,1.9211992371629714,13,3.25,0.018680221598442737
ARB,2023-08-22 20:00:00+00:00,2023-08-22 20:00:00+00:00,2023-08-22 21:30:00+00:00,1,0.9596,0.9417032997516926,0.9953934004966147,0.9417032997516926,stop,-1.0,-1.0690544696894884,6,1.5,0.017896700248307362
ARB,2023-08-31 20:00:00+00:00,2023-08-31 20:00:00+00:00,2023-09-01 17:15:00+00:00,1,0.9202,0.893926428443121,0.9727471431137581,0.893926428443121,stop,-1.0,-1.0448809243895618,85,21.25,0.02627357155687904
ARB,2023-09-06 20:00:00+00:00,2023-09-06 20:00:00+00:00,2023-09-07 20:00:00+00:00,1,0.8952,0.87123027976234,0.94313944047532,0.906,tempo,0.45056846274874895,0.40172433822865833,96,24.0,0.023969720237659975
ARB,2023-09-08 00:00:00+00:00,2023-09-08 00:00:00+00:00,2023-09-08 10:15:00+00:00,-1,0.9125,0.923795731630702,0.8899085367385958,0.8899085367385958,alvo,2.0,1.8962824554280535,41,10.25,0.011295731630702077
ARB,2023-09-10 16:00:00+00:00,2023-09-10 16:00:00+00:00,2023-09-10 16:30:00+00:00,1,0.8513,0.8377509432187279,0.878398113562544,0.8377509432187279,stop,-1.0,-1.081030224525275,2,0.5,0.01354905678127205
ARB,2023-09-11 04:00:00+00:00,2023-09-11 04:00:00+00:00,2023-09-11 08:15:00+00:00,1,0.8355,0.8164886568947559,0.8735226862104882,0.8164886568947559,stop,-1.0,-1.056481681543341,17,4.25,0.019011343105244105
ARB,2023-09-11 16:00:00+00:00,2023-09-11 16:00:00+00:00,2023-09-11 19:00:00+00:00,1,0.7744,0.7505328137231246,0.8221343725537507,0.7505328137231246,stop,-1.0,-1.0415300872679911,12,3.0,0.02386718627687534
ARB,2023-09-30 04:00:00+00:00,2023-09-30 04:00:00+00:00,2023-09-30 15:15:00+00:00,-1,0.8985,0.9211125382905697,0.8532749234188605,0.9211125382905697,stop,-1.0,-1.052304970573875,45,11.25,0.02261253829056975
ARB,2023-10-02 16:00:00+00:00,2023-10-02 16:00:00+00:00,2023-10-03 16:00:00+00:00,-1,0.951,0.9954105973154003,0.8621788053691993,0.9049,tempo,1.0380405305652975,1.010877306629517,96,24.0,0.04441059731540031
ARB,2023-10-09 20:00:00+00:00,2023-10-09 20:00:00+00:00,2023-10-10 20:00:00+00:00,1,0.818,0.7782073886582814,0.897585222683437,0.8222,tempo,0.10554723247320083,0.07875507272161723,96,24.0,0.03979261134171852
ARB,2023-10-16 16:00:00+00:00,2023-10-16 16:00:00+00:00,2023-10-17 16:00:00+00:00,-1,0.8058,0.8513157290665766,0.7147685418668467,0.7915,tempo,0.314177105217476,0.2913664193009362,96,24.0,0.04551572906657664
ARB,2023-10-20 12:00:00+00:00,2023-10-20 12:00:00+00:00,2023-10-21 06:30:00+00:00,-1,0.7956,0.814495958372857,0.7578080832542858,0.814495958372857,stop,-1.0,-1.0553855143143034,74,18.5,0.01889595837285707
ARB,2023-10-26 12:00:00+00:00,2023-10-26 12:00:00+00:00,2023-10-27 12:00:00+00:00,-1,0.9597,1.0092975208953352,0.8605049582093296,0.9132,tempo,0.9375468604192564,0.9130015811790091,96,24.0,0.0495975208953352
ARB,2023-10-27 20:00:00+00:00,2023-10-27 20:00:00+00:00,2023-10-28 20:00:00+00:00,1,0.9055,0.8708393353596632,0.9748213292806736,0.9198,tempo,0.4125714307093284,0.37834112923324936,96,24.0,0.03466066464033679
ARB,2023-11-09 20:00:00+00:00,2023-11-09 20:00:00+00:00,2023-11-10 20:00:00+00:00,1,1.1066,0.9052838635449273,1.5092322729101455,1.1682,tempo,0.3059864007163033,0.298641634290538,96,24.0,0.20131613645507274
ARB,2023-11-21 20:00:00+00:00,2023-11-21 20:00:00+00:00,2023-11-21 23:00:00+00:00,1,0.9985,0.9575773427122273,1.0803453145755455,0.9575773427122273,stop,-1.0,-1.0310695921777993,12,3.0,0.04092265728777278
ARB,2023-11-24 20:00:00+00:00,2023-11-24 20:00:00+00:00,2023-11-25 20:00:00+00:00,-1,1.0534,1.0860119560895636,0.9881760878208725,1.0615,tempo,-0.2483751657752397,-0.29052795772137874,96,24.0,0.03261195608956369
ARB,2023-12-03 04:00:00+00:00,2023-12-03 04:00:00+00:00,2023-12-04 04:00:00+00:00,-1,1.1025,1.1317306501656148,1.0440386996687705,1.111,tempo,-0.2907906581564462,-0.34001210864927484,96,24.0,0.02923065016561477
ARB,2023-12-07 12:00:00+00:00,2023-12-07 12:00:00+00:00,2023-12-07 15:30:00+00:00,1,1.0499,1.0279615180363157,1.0937769639273687,1.0937769639273687,alvo,2.0,1.936486488497275,14,3.5,0.02193848196368431
ARB,2023-12-09 12:00:00+00:00,2023-12-09 12:00:00+00:00,2023-12-10 12:00:00+00:00,-1,1.1913,1.2544950708632066,1.064909858273587,1.1302,tempo,0.9668475589220933,0.9429695099004163,96,24.0,0.06319507086320653
ARB,2023-12-12 04:00:00+00:00,2023-12-12 04:00:00+00:00,2023-12-12 13:15:00+00:00,-1,1.1475,1.1840293500838468,1.0744412998323063,1.1840293500838468,stop,-1.0,-1.0414870254761157,37,9.25,0.036529350083846834
ARB,2023-12-12 16:00:00+00:00,2023-12-12 16:00:00+00:00,2023-12-12 21:30:00+00:00,-1,1.1479,1.1959442660425954,1.051811467914809,1.1959442660425954,stop,-1.0,-1.0317103142251558,22,5.5,0.048044266042595485
ARB,2023-12-14 16:00:00+00:00,2023-12-14 16:00:00+00:00,2023-12-15 16:00:00+00:00,1,1.1689,1.091055509030472,1.324588981939056,1.1277,tempo,-0.5292603174208921,-0.5484368831792108,96,24.0,0.07784449096952795
ARB,2023-12-22 04:00:00+00:00,2023-12-22 04:00:00+00:00,2023-12-22 06:45:00+00:00,-1,1.1514,1.1888045119124198,1.0765909761751604,1.1888045119124198,stop,-1.0,-1.0406670974962782,11,2.75,0.03740451191241978
ARB,2023-12-22 16:00:00+00:00,2023-12-22 16:00:00+00:00,2023-12-22 21:45:00+00:00,-1,1.3493,1.4059842442251387,1.2359315115497225,1.4059842442251387,stop,-1.0,-1.0315949305354253,23,5.75,0.056684244225138736
ARB,2023-12-31 16:00:00+00:00,2023-12-31 16:00:00+00:00,2024-01-01 16:00:00+00:00,-1,1.5854,1.68502703833452,1.3861459233309597,1.5817,tempo,0.037138512414433465,0.01647529654036785,96,24.0,0.09962703833452013
ARB,2024-01-03 08:00:00+00:00,2024-01-03 08:00:00+00:00,2024-01-03 10:45:00+00:00,-1,1.9069,2.0095893049482476,1.701521390103505,2.0095893049482476,stop,-1.0,-1.0247904886443562,11,2.75,0.10268930494824757
ARB,2024-01-03 12:00:00+00:00,2024-01-03 12:00:00+00:00,2024-01-03 12:15:00+00:00,-1,1.8697,2.046363197329938,1.5163736053401236,1.5163736053401236,alvo,2.0,1.9875415600038044,1,0.25,0.17666319732993818
ARB,2024-01-03 16:00:00+00:00,2024-01-03 16:00:00+00:00,2024-01-04 16:00:00+00:00,1,1.8824,1.3732880810354966,2.900623837929007,2.0509,tempo,0.33096848398818984,0.32594670998376263,96,24.0,0.5091119189645035
ARB,2024-01-04 20:00:00+00:00,2024-01-04 20:00:00+00:00,2024-01-05 02:00:00+00:00,-1,2.0729,2.1588763483091893,1.900947303381622,1.900947303381622,alvo,2.0,1.9699568451324656,24,6.0,0.0859763483091891
ARB,2024-01-12 16:00:00+00:00,2024-01-12 16:00:00+00:00,2024-01-13 16:00:00+00:00,-1,2.2954,2.4422677420332812,2.001664515933437,2.1442,tempo,1.0294976821100492,1.0098491196684338,96,24.0,0.14686774203328135
ARB,2024-01-19 20:00:00+00:00,2024-01-19 20:00:00+00:00,2024-01-20 20:00:00+00:00,1,1.8357,1.704281487571395,2.0985370248572104,1.7907,tempo,-0.34241751156974176,-0.3603537973824469,96,24.0,0.13141851242860514
ARB,2024-01-22 16:00:00+00:00,2024-01-22 16:00:00+00:00,2024-01-22 19:45:00+00:00,1,1.7124,1.6538491438275122,1.8295017123449753,1.6538491438275122,stop,-1.0,-1.0373702809236807,15,3.75,0.058550856172487675
ARB,2024-01-23 16:00:00+00:00,2024-01-23 16:00:00+00:00,2024-01-24 16:00:00+00:00,1,1.6273,1.5241165620661656,1.8336668758676686,1.7176,tempo,0.8751404470347683,0.8540693813333698,96,24.0,0.10318343793383433
ARB,2024-01-29 16:00:00+00:00,2024-01-29 16:00:00+00:00,2024-01-30 16:00:00+00:00,1,1.8131,1.7586015431659054,1.922096913668189,1.8914,tempo,1.4367379288988453,1.392554567756524,96,24.0,0.05449845683409449
ARB,2024-01-31 16:00:00+00:00,2024-01-31 16:00:00+00:00,2024-01-31 21:30:00+00:00,1,1.8155,1.7527469018448252,1.9410061963103493,1.7527469018448252,stop,-1.0,-1.0369600952683462,22,5.5,0.06275309815517471
ARB,2024-02-06 04:00:00+00:00,2024-02-06 04:00:00+00:00,2024-02-06 08:00:00+00:00,-1,1.7758,1.8126218340150393,1.7021563319699216,1.8126218340150393,stop,-1.0,-1.063344867372905,16,4.0,0.036821834015039245
ARB,2024-02-09 16:00:00+00:00,2024-02-09 16:00:00+00:00,2024-02-09 20:45:00+00:00,-1,1.9302,1.9763754645980736,1.8378490708038526,1.9763754645980736,stop,-1.0,-1.0549918462995753,19,4.75,0.046175464598073646
ARB,2024-02-13 04:00:00+00:00,2024-02-13 04:00:00+00:00,2024-02-14 04:00:00+00:00,-1,2.0534,2.1249388635983584,1.910322272803283,2.0327,tempo,0.2893532124890323,0.25222702867219926,96,24.0,0.07153886359835848
ARB,2024-02-14 16:00:00+00:00,2024-02-14 16:00:00+00:00,2024-02-15 00:30:00+00:00,-1,2.0915,2.1410856985250977,1.9923286029498044,2.1410856985250977,stop,-1.0,-1.0554833507618897,34,8.5,0.049585698525097754
ARB,2024-02-20 20:00:00+00:00,2024-02-20 20:00:00+00:00,2024-02-21 07:15:00+00:00,1,1.9687,1.8801118260046963,2.1458763479906073,1.8801118260046963,stop,-1.0,-1.0282399735097336,45,11.25,0.08858817399530361
ARB,2024-02-21 16:00:00+00:00,2024-02-21 16:00:00+00:00,2024-02-21 18:30:00+00:00,1,1.845,1.8062009011947024,1.922598197610595,1.8062009011947024,stop,-1.0,-1.0611684461457778,10,2.5,0.03879909880529753
ARB,2024-03-12 20:00:00+00:00,2024-03-12 20:00:00+00:00,2024-03-13 20:00:00+00:00,1,2.0249,1.881479003640855,2.3117419927182903,2.1158,tempo,0.633798413813654,0.6150322981937328,96,24.0,0.14342099635914507
ARB,2024-03-15 12:00:00+00:00,2024-03-15 12:00:00+00:00,2024-03-16 12:00:00+00:00,1,1.877,1.7605222040064352,2.10995559198713,1.8914,tempo,0.12362871289902795,0.10259929712835755,96,24.0,0.11647779599356478
ARB,2024-03-19 12:00:00+00:00,2024-03-19 12:00:00+00:00,2024-03-20 12:00:00+00:00,1,1.5575,1.4200818583712163,1.8323362832575678,1.7098,tempo,1.1082961695946763,1.0928415507588531,96,24.0,0.13741814162878385
ARB,2024-04-01 20:00:00+00:00,2024-04-01 20:00:00+00:00,2024-04-02 02:45:00+00:00,1,1.5701,1.5212182476611074,1.6678635046777854,1.5212182476611074,stop,-1.0,-1.0411064817613132,27,6.75,0.04888175233889269
ARB,2024-04-02 12:00:00+00:00,2024-04-02 12:00:00+00:00,2024-04-03 00:45:00+00:00,1,1.457,1.4186730676718864,1.5336538646562274,1.4186730676718864,stop,-1.0,-1.0487695565610304,51,12.75,0.03832693232811368
ARB,2024-04-05 16:00:00+00:00,2024-04-05 16:00:00+00:00,2024-04-06 16:00:00+00:00,1,1.4388,1.3716573657419984,1.5730852685160035,1.4771,tempo,0.5704274254839146,0.5421989381606885,96,24.0,0.06714263425800171
ARB,2024-04-14 00:00:00+00:00,2024-04-14 00:00:00+00:00,2024-04-15 00:00:00+00:00,1,1.0309,0.817784874884594,1.4571302502308119,1.179,tempo,0.6949295594097373,0.6881893761438985,96,24.0,0.21311512511540598
ARB,2024-04-19 04:00:00+00:00,2024-04-19 04:00:00+00:00,2024-04-20 04:00:00+00:00,1,1.0942,1.029894927388428,1.2228101452231444,1.1255,tempo,0.48674231641202176,0.4643054394845186,96,24.0,0.06430507261157214
ARB,2024-04-25 00:00:00+00:00,2024-04-25 00:00:00+00:00,2024-04-25 04:15:00+00:00,1,1.115,1.0897397587412088,1.1655204825175824,1.0897397587412088,stop,-1.0,-1.056732666505433,17,4.25,0.025260241258791227
ARB,2024-04-25 16:00:00+00:00,2024-04-25 16:00:00+00:00,2024-04-26 13:15:00+00:00,1,1.102,1.056119034037163,1.1937619319256745,1.056119034037163,stop,-1.0,-1.0305742772124802,85,21.25,0.045880965962837195
ARB,2024-04-27 04:00:00+00:00,2024-04-27 04:00:00+00:00,2024-04-28 04:00:00+00:00,1,1.0525,0.964877822451615,1.22774435509677,1.1549,tempo,1.1686539054961829,1.1522789415299233,96,24.0,0.08762217754838497
ARB,2024-04-30 00:00:00+00:00,2024-04-30 00:00:00+00:00,2024-04-30 08:45:00+00:00,1,1.0571,1.0254341062769086,1.1204317874461827,1.0254341062769086,stop,-1.0,-1.042747796127822,35,8.75,0.031665893723091365
ARB,2024-04-30 20:00:00+00:00,2024-04-30 20:00:00+00:00,2024-04-30 22:45:00+00:00,1,0.9795,0.9561051152579285,1.026289769484143,1.026289769484143,alvo,2.0,1.944271435207368,11,2.75,0.02339488474207152
ARB,2024-05-08 04:00:00+00:00,2024-05-08 04:00:00+00:00,2024-05-09 04:00:00+00:00,1,1.0285,1.0039535868757208,1.0775928262485583,1.0307,tempo,0.08962612944145107,0.03509759228927175,96,24.0,0.024546413124279187
ARB,2024-05-17 20:00:00+00:00,2024-05-17 20:00:00+00:00,2024-05-18 20:00:00+00:00,-1,1.0365,1.0804467867564294,0.9486064264871412,1.0153,tempo,0.48240159439867,0.45205421070047763,96,24.0,0.04394678675642938
ARB,2024-05-20 04:00:00+00:00,2024-05-20 04:00:00+00:00,2024-05-20 19:30:00+00:00,1,0.9685,0.9420227217255436,1.021454556548913,1.021454556548913,alvo,2.000000000000004,1.951147906958226,62,15.5,0.02647727827445645
ARB,2024-05-21 16:00:00+00:00,2024-05-21 16:00:00+00:00,2024-05-22 16:00:00+00:00,-1,1.1937,1.2485679507941854,1.0839640984116292,1.1476,tempo,0.8401990475810783,0.8124625460720539,96,24.0,0.05486795079418538
ARB,2024-05-26 12:00:00+00:00,2024-05-26 12:00:00+00:00,2024-05-26 15:45:00+00:00,-1,1.2104,1.2297362403381062,1.1717275193237873,1.2297362403381062,stop,-1.0,-1.0820267295237342,15,3.75,0.019336240338106325
ARB,2024-06-02 20:00:00+00:00,2024-06-02 20:00:00+00:00,2024-06-03 20:00:00+00:00,1,1.1093,1.0861818776870766,1.1555362446258466,1.1153,tempo,0.25953664916142133,0.1969887492746008,96,24.0,0.023118122312923317
ARB,2024-06-07 00:00:00+00:00,2024-06-07 00:00:00+00:00,2024-06-07 18:00:00+00:00,1,1.089,1.0705115987454772,1.1259768025090455,1.0705115987454772,stop,-1.0,-1.075922332053518,72,18.0,0.01848840125452278
ARB,2024-06-11 04:00:00+00:00,2024-06-11 04:00:00+00:00,2024-06-12 04:00:00+00:00,1,0.9489,0.9067993545687186,1.0331012908625627,0.9402,tempo,-0.20664766325733608,-0.23581384319166182,96,24.0,0.042100645431281336
ARB,2024-06-12 20:00:00+00:00,2024-06-12 20:00:00+00:00,2024-06-13 20:00:00+00:00,-1,0.9575,1.0063827823745282,0.8597344352509437,0.9479,tempo,0.1963881664191526,0.1710518426700085,96,24.0,0.048882782374528144
ARB,2024-06-24 12:00:00+00:00,2024-06-24 12:00:00+00:00,2024-06-25 12:00:00+00:00,1,0.7735,0.729554772744497,0.8613904545110059,0.8311,tempo,1.3107225425210902,1.286988679593589,96,24.0,0.04394522725550298
ARB,2024-07-03 12:00:00+00:00,2024-07-03 12:00:00+00:00,2024-07-03 21:00:00+00:00,1,0.7697,0.7504532342707619,0.8081935314584763,0.7504532342707619,stop,-1.0,-1.051338475054796,36,9.0,0.019246765729238113
ARB,2024-07-04 12:00:00+00:00,2024-07-04 12:00:00+00:00,2024-07-04 13:15:00+00:00,1,0.721,0.7059513800589615,0.7510972398820769,0.7059513800589615,stop,-1.0,-1.0616347811741147,5,1.25,0.015048619941038455
ARB,2024-07-04 16:00:00+00:00,2024-07-04 16:00:00+00:00,2024-07-04 23:30:00+00:00,1,0.7179,0.6929101992884216,0.7678796014231568,0.6929101992884216,stop,-1.0,-1.0366960361197515,30,7.5,0.024989800711578414
ARB,2024-07-20 12:00:00+00:00,2024-07-20 12:00:00+00:00,2024-07-21 12:00:00+00:00,-1,0.7712,0.7988458904719071,0.7159082190561857,0.7773,tempo,-0.2206476223364416,-0.2570553843154887,96,24.0,0.02764589047190713
ARB,2024-07-31 00:00:00+00:00,2024-07-31 00:00:00+00:00,2024-07-31 20:00:00+00:00,1,0.6776,0.6606106009554703,0.7115787980890593,0.6606106009554703,stop,-1.0,-1.0511988027558357,80,20.0,0.016989399044529674
ARB,2024-08-04 20:00:00+00:00,2024-08-04 20:00:00+00:00,2024-08-05 00:45:00+00:00,1,0.5855,0.5454382118698313,0.6656235762603374,0.5454382118698313,stop,-1.0,-1.018349401562578,19,4.75,0.040061788130168696
ARB,2024-08-05 12:00:00+00:00,2024-08-05 12:00:00+00:00,2024-08-06 00:30:00+00:00,1,0.4463,0.4180197382763077,0.5028605234473846,0.5028605234473846,alvo,2.0000000000000018,1.9781842775619052,50,12.5,0.0282802617236923
ARB,2024-08-14 16:00:00+00:00,2024-08-14 16:00:00+00:00,2024-08-15 16:00:00+00:00,1,0.5711,0.5496094389608045,0.6140811220783912,0.5653,tempo,-0.26988592756706997,-0.3042572964044305,96,24.0,0.021490561039195555
ARB,2024-08-22 00:00:00+00:00,2024-08-22 00:00:00+00:00,2024-08-22 07:00:00+00:00,-1,0.5527,0.5620586809030685,0.5339826381938628,0.5620586809030685,stop,-1.0,-1.0774247086840423,28,7.0,0.009358680903068572
ARB,2024-09-09 00:00:00+00:00,2024-09-09 00:00:00+00:00,2024-09-09 08:45:00+00:00,-1,0.5084,0.5183356988748105,0.488528602250379,0.5183356988748105,stop,-1.0,-1.0671697293444147,35,8.75,0.009935698874810495
ARB,2024-09-10 20:00:00+00:00,2024-09-10 20:00:00+00:00,2024-09-11 06:15:00+00:00,-1,0.5319,0.5433997512321768,0.5089004975356466,0.5089004975356466,alvo,2.0,1.9411708732006965,41,10.25,0.011499751232176725
ARB,2024-09-11 16:00:00+00:00,2024-09-11 16:00:00+00:00,2024-09-12 16:00:00+00:00,1,0.5123,0.4975179668939173,0.5418640662121653,0.5115,tempo,-0.05411975431653108,-0.0991385954478072,96,24.0,0.01478203310608267
ARB,2024-09-19 20:00:00+00:00,2024-09-19 20:00:00+00:00,2024-09-20 05:15:00+00:00,-1,0.5626,0.585166686879039,0.5174666262419219,0.585166686879039,stop,-1.0,-1.033059719863634,37,9.25,0.022566686879039066
ARB,2024-09-26 20:00:00+00:00,2024-09-26 20:00:00+00:00,2024-09-27 11:30:00+00:00,-1,0.6298,0.6488325567133836,0.5917348865732329,0.6488325567133836,stop,-1.0,-1.0436678673485453,62,15.5,0.019032556713383553
ARB,2024-10-03 16:00:00+00:00,2024-10-03 16:00:00+00:00,2024-10-04 16:00:00+00:00,1,0.5262,0.5094558480951478,0.5596883038097045,0.5596883038097045,alvo,2.0,1.9578463333653962,96,24.0,0.016744151904852234
ARB,2024-10-09 16:00:00+00:00,2024-10-09 16:00:00+00:00,2024-10-09 18:45:00+00:00,1,0.5409,0.5262790958190434,0.5701418083619133,0.5262790958190434,stop,-1.0,-1.047443468864659,11,2.75,0.014620904180956629
ARB,2024-10-10 20:00:00+00:00,2024-10-10 20:00:00+00:00,2024-10-11 20:00:00+00:00,1,0.5164,0.5027503103621153,0.5436993792757694,0.5395,tempo,1.6923461714386505,1.6420640757860814,96,24.0,0.01364968963788471
ARB,2024-10-15 12:00:00+00:00,2024-10-15 12:00:00+00:00,2024-10-15 14:00:00+00:00,-1,0.5541,0.5794616036904826,0.5033767926190349,0.5794616036904826,stop,-1.0,-1.0290523837290035,8,2.0,0.02536160369048257
ARB,2024-10-15 16:00:00+00:00,2024-10-15 16:00:00+00:00,2024-10-16 16:00:00+00:00,-1,0.5583,0.5890012107716543,0.49689757845669136,0.565,tempo,-0.21823243551638272,-0.24201472232684704,96,24.0,0.03070121077165433
ARB,2024-10-23 20:00:00+00:00,2024-10-23 20:00:00+00:00,2024-10-24 20:00:00+00:00,1,0.5558,0.5390497021427543,0.5893005957144913,0.5652,tempo,0.5611840505829518,0.5176833315981365,96,24.0,0.01675029785724569
ARB,2024-10-30 12:00:00+00:00,2024-10-30 12:00:00+00:00,2024-10-30 14:15:00+00:00,-1,0.5432,0.5605326151970853,0.5085347696058294,0.5605326151970853,stop,-1.0,-1.0413916879663232,9,2.25,0.017332615197085288
ARB,2024-11-03 16:00:00+00:00,2024-11-03 16:00:00+00:00,2024-11-04 16:00:00+00:00,1,0.474,0.45668849483339363,0.5086230103332127,0.479,tempo,0.2888252611127619,0.2530426995135019,96,24.0,0.017311505166606345
ARB,2024-11-05 00:00:00+00:00,2024-11-05 00:00:00+00:00,2024-11-06 00:00:00+00:00,1,0.4731,0.4559425417041167,0.5074149165917667,0.4903,tempo,1.0024794875431444,0.9659816573167262,96,24.0,0.017157458295883332
ARB,2024-11-08 20:00:00+00:00,2024-11-08 20:00:00+00:00,2024-11-09 05:45:00+00:00,-1,0.5919,0.6024988234693175,0.570702353061365,0.6024988234693175,stop,-1.0,-1.0732495675111993,39,9.75,0.010598823469317509
ARB,2024-11-10 20:00:00+00:00,2024-11-10 20:00:00+00:00,2024-11-11 20:00:00+00:00,-1,0.6328,0.6623806366031094,0.5736387267937813,0.6514,tempo,-0.6287897129991042,-0.6570085106943593,96,24.0,0.02958063660310939
ARB,2024-11-25 12:00:00+00:00,2024-11-25 12:00:00+00:00,2024-11-26 12:00:00+00:00,-1,0.9106,0.9574371784640998,0.8169256430718003,0.8573,tempo,1.1379848604854335,1.1134501844506506,96,24.0,0.04683717846409985
ARB,2024-12-19 04:00:00+00:00,2024-12-19 04:00:00+00:00,2024-12-19 18:00:00+00:00,1,0.8568,0.7878072583492293,0.9947854833015415,0.7878072583492293,stop,-1.0,-1.0154943069712763,56,14.0,0.06899274165077074
ARB,2025-01-05 08:00:00+00:00,2025-01-05 08:00:00+00:00,2025-01-05 22:45:00+00:00,-1,0.9038,0.9214775218789031,0.868444956242194,0.9214775218789031,stop,-1.0,-1.0671151984621337,59,14.75,0.017677521878903035
ARB,2025-01-08 20:00:00+00:00,2025-01-08 20:00:00+00:00,2025-01-09 14:00:00+00:00,1,0.7813,0.7422475123951728,0.8594049752096543,0.7422475123951728,stop,-1.0,-1.025358330385449,72,18.0,0.03905248760482716
ARB,2025-01-09 16:00:00+00:00,2025-01-09 16:00:00+00:00,2025-01-10 16:00:00+00:00,1,0.7761,0.7289517983241943,0.8703964033516114,0.7489,tempo,-0.5769042939756025,-0.597928425644842,96,24.0,0.04714820167580569
ARB,2025-01-16 04:00:00+00:00,2025-01-16 04:00:00+00:00,2025-01-17 04:00:00+00:00,-1,0.7736,0.8036310080160202,0.7135379839679595,0.7774,tempo,-0.12653587911444378,-0.16010618083266104,96,24.0,0.03003100801602021
ARB,2025-01-18 04:00:00+00:00,2025-01-18 04:00:00+00:00,2025-01-19 04:00:00+00:00,-1,0.7982,0.8414787907091914,0.7116424185816173,0.776,tempo,0.5129533343288459,0.4893105757574358,96,24.0,0.043278790709191384
ARB,2025-02-17 16:00:00+00:00,2025-02-17 16:00:00+00:00,2025-02-18 16:00:00+00:00,-1,0.4947,0.5183277239633471,0.44744455207330563,0.44744455207330563,alvo,2.0,1.97408155098656,96,24.0,0.02362772396334717
ARB,2025-02-20 16:00:00+00:00,2025-02-20 16:00:00+00:00,2025-02-20 19:30:00+00:00,-1,0.4773,0.49348507750349485,0.4449298449930103,0.49348507750349485,stop,-1.0,-1.038987165816229,14,3.5,0.01618507750349485
ARB,2025-02-21 16:00:00+00:00,2025-02-21 16:00:00+00:00,2025-02-22 16:00:00+00:00,-1,0.485,0.5140964882621016,0.4268070234757967,0.4813,tempo,0.12716311214845996,0.105576486493085,96,24.0,0.02909648826210165
ARB,2025-02-25 04:00:00+00:00,2025-02-25 04:00:00+00:00,2025-02-25 07:15:00+00:00,1,0.4048,0.39151286193409346,0.43137427613181306,0.39151286193409346,stop,-1.0,-1.0389552180228547,13,3.25,0.013287138065906534
ARB,2025-03-10 04:00:00+00:00,2025-03-10 04:00:00+00:00,2025-03-10 15:00:00+00:00,1,0.354,0.34010995970176855,0.38178008059646285,0.34010995970176855,stop,-1.0,-1.0324816533371466,44,11.0,0.013890040298231432
ARB,2025-03-20 04:00:00+00:00,2025-03-20 04:00:00+00:00,2025-03-21 04:00:00+00:00,-1,0.3778,0.3896997010276094,0.3540005979447812,0.3736,tempo,0.3529500438923044,0.3119061555738666,96,24.0,0.0118997010276094
ARB,2025-03-26 20:00:00+00:00,2025-03-26 20:00:00+00:00,2025-03-27 13:45:00+00:00,1,0.3818,0.37515446225297944,0.39509107549404104,0.37515446225297944,stop,-1.0,-1.0740377105953585,71,17.75,0.006645537747020536
ARB,2025-03-31 00:00:00+00:00,2025-03-31 00:00:00+00:00,2025-03-31 08:00:00+00:00,1,0.3319,0.32308100741719237,0.3495379851656152,0.32308100741719237,stop,-1.0,-1.0482750893396984,32,8.0,0.008818992582807605
ARB,2025-03-31 12:00:00+00:00,2025-03-31 12:00:00+00:00,2025-04-01 12:00:00+00:00,1,0.3249,0.3152312534167747,0.34423749316645064,0.3333,tempo,0.8687785875548188,0.8245298324222499,96,24.0,0.009668746583225307
OP,2023-01-03 16:00:00+00:00,2023-01-03 16:00:00+00:00,2023-01-04 03:15:00+00:00,-1,0.9724,0.993430906256035,0.9303381874879301,0.993430906256035,stop,-1.0,-1.0607577283408673,45,11.25,0.021030906256034987
OP,2023-01-04 20:00:00+00:00,2023-01-04 20:00:00+00:00,2023-01-05 20:00:00+00:00,-1,1.0222,1.0647231797730483,0.9371536404539034,1.0356,tempo,-0.3151222479484743,-0.3465773274401488,96,24.0,0.042523179773048314
OP,2023-01-07 00:00:00+00:00,2023-01-07 00:00:00+00:00,2023-01-07 00:30:00+00:00,-1,1.0843,1.1114365354779105,1.030026929044179,1.1114365354779105,stop,-1.0,-1.0525943611785824,2,0.5,0.027136535477910506
OP,2023-01-07 04:00:00+00:00,2023-01-07 04:00:00+00:00,2023-01-08 04:00:00+00:00,-1,1.102,1.1434049234637809,1.0191901530724385,1.0922,tempo,0.23668682804286897,0.20224092449597306,96,24.0,0.041404923463780774
OP,2023-01-14 04:00:00+00:00,2023-01-14 04:00:00+00:00,2023-01-14 12:30:00+00:00,-1,1.5917,1.7258474478485417,1.3234051043029162,1.7258474478485417,stop,-1.0,-1.0160748927816818,34,8.5,0.13414744784854182
OP,2023-01-21 16:00:00+00:00,2023-01-21 16:00:00+00:00,2023-01-22 16:00:00+00:00,-1,2.2976,2.53520087981858,1.8223982403628405,2.2786,tempo,0.07996603385689305,0.0674470145575066,96,24.0,0.2376008798185798
OP,2023-02-03 20:00:00+00:00,2023-02-03 20:00:00+00:00,2023-02-04 20:00:00+00:00,-1,3.0925,3.2823985790820887,2.712702841835822,3.0699,tempo,0.11901089575941622,0.09791774161702273,96,24.0,0.18989857908208885
OP,2023-02-08 04:00:00+00:00,2023-02-08 04:00:00+00:00,2023-02-08 16:30:00+00:00,-1,3.0894,3.2435021606756376,2.7811956786487246,2.7811956786487246,alvo,2.0,1.9752379384273946,50,12.5,0.15410216067563764
OP,2023-02-10 00:00:00+00:00,2023-02-10 00:00:00+00:00,2023-02-11 00:00:00+00:00,1,2.4,2.2603212795598044,2.679357440880391,2.4137,tempo,0.09808222724853645,0.07568149942013638,96,24.0,0.13967872044019547
OP,2023-02-20 04:00:00+00:00,2023-02-20 04:00:00+00:00,2023-02-21 04:00:00+00:00,1,2.6207,2.4488417025287075,2.9644165949425845,2.5999,tempo,-0.12102994330823286,-0.14077522212182544,96,24.0,0.17185829747129233
OP,2023-02-22 00:00:00+00:00,2023-02-22 00:00:00+00:00,2023-02-22 02:15:00+00:00,1,2.5177,2.3945170187540255,2.7640659624919492,2.3945170187540255,stop,-1.0,-1.0259203100127474,9,2.25,0.1231829812459746
OP,2023-02-23 04:00:00+00:00,2023-02-23 04:00:00+00:00,2023-02-23 13:30:00+00:00,-1,2.7613,2.8736674523372487,2.536565095325502,2.8736674523372487,stop,-1.0,-1.0325959943723406,38,9.5,0.11236745233724887
OP,2023-02-27 16:00:00+00:00,2023-02-27 16:00:00+00:00,2023-02-28 16:00:00+00:00,-1,2.992,3.128387184082227,2.7192256318355463,2.8005,tempo,1.40409087033094,1.37648472078444,96,24.0,0.13638718408222683
OP,2023-03-08 00:00:00+00:00,2023-03-08 00:00:00+00:00,2023-03-08 05:45:00+00:00,1,2.4009,2.2850545230110724,2.6325909539778554,2.2850545230110724,stop,-1.0,-1.0262925279357114,23,5.75,0.11584547698892766
OP,2023-03-08 16:00:00+00:00,2023-03-08 16:00:00+00:00,2023-03-09 16:00:00+00:00,1,2.2828,2.146597059722997,2.5552058805540057,2.3189,tempo,0.26504567321808054,0.243085023955173,96,24.0,0.13620294027700286
OP,2023-03-10 00:00:00+00:00,2023-03-10 00:00:00+00:00,2023-03-10 08:45:00+00:00,1,2.1999,2.0697729522603283,2.4601540954793433,2.0697729522603283,stop,-1.0,-1.021327521581227,35,8.75,0.13012704773967165
OP,2023-03-13 04:00:00+00:00,2023-03-13 04:00:00+00:00,2023-03-13 15:15:00+00:00,-1,2.339,2.5313652357339773,1.9542695285320453,2.5313652357339773,stop,-1.0,-1.0164569101643968,45,11.25,0.19236523573397735
OP,2023-03-30 04:00:00+00:00,2023-03-30 04:00:00+00:00,2023-03-31 00:15:00+00:00,-1,2.2124,2.3288633985433993,1.9794732029132018,2.3288633985433993,stop,-1.0,-1.0253454840402347,81,20.25,0.11646339854339915
OP,2023-04-10 04:00:00+00:00,2023-04-10 04:00:00+00:00,2023-04-10 23:30:00+00:00,-1,2.2628,2.3300521264500738,2.1282957470998523,2.3300521264500738,stop,-1.0,-1.044390475658919,78,19.5,0.06725212645007383
OP,2023-04-11 04:00:00+00:00,2023-04-11 04:00:00+00:00,2023-04-11 14:15:00+00:00,-1,2.3434,2.392255652557062,2.2456886948858754,2.392255652557062,stop,-1.0,-1.0630055277752528,41,10.25,0.04885565255706226
OP,2023-04-11 16:00:00+00:00,2023-04-11 16:00:00+00:00,2023-04-12 01:45:00+00:00,-1,2.3557,2.411595207575255,2.2439095848494905,2.2439095848494905,alvo,2.0,1.9465115819432837,39,9.75,0.05589520757525479
OP,2023-04-14 08:00:00+00:00,2023-04-14 08:00:00+00:00,2023-04-14 20:45:00+00:00,-1,2.6015,2.6718026907864636,2.4608946184270732,2.6718026907864636,stop,-1.0,-1.0487555555934878,51,12.75,0.07030269078646345
OP,2023-04-15 04:00:00+00:00,2023-04-15 04:00:00+00:00,2023-04-15 13:00:00+00:00,-1,2.6445,2.744869727374939,2.4437605452501217,2.744869727374939,stop,-1.0,-1.0349018614916392,36,9.0,0.1003697273749391
OP,2023-04-27 00:00:00+00:00,2023-04-27 00:00:00+00:00,2023-04-28 00:00:00+00:00,1,2.1661,2.0204934313277305,2.4573131373445394,2.1792,tempo,0.08996846858938808,0.07057068299664299,96,24.0,0.14560656867226962
OP,2023-05-12 08:00:00+00:00,2023-05-12 08:00:00+00:00,2023-05-13 08:00:00+00:00,1,1.5427,1.4627597369319318,1.7025805261361362,1.6478,tempo,1.3147317254949318,1.288789541664061,96,24.0,0.07994026306806812
OP,2023-05-26 16:00:00+00:00,2023-05-26 16:00:00+00:00,2023-05-27 16:00:00+00:00,-1,1.6297,1.6591893014878987,1.5707213970242024,1.5999,tempo,1.0105359739439261,0.939349479382112,96,24.0,0.029489301487898745
OP,2023-05-30 04:00:00+00:00,2023-05-30 04:00:00+00:00,2023-05-30 14:00:00+00:00,1,1.5264,1.4912011749120626,1.5967976501758747,1.4912011749120626,stop,-1.0,-1.0557246089547752,40,10.0,0.03519882508793737
OP,2023-06-04 04:00:00+00:00,2023-06-04 04:00:00+00:00,2023-06-05 04:00:00+00:00,-1,1.4989,1.5338272780678905,1.4290454438642186,1.4506,tempo,1.3828732919329085,1.3279828136003728,96,24.0,0.034927278067890644
OP,2023-06-06 16:00:00+00:00,2023-06-06 16:00:00+00:00,2023-06-07 16:00:00+00:00,-1,1.4883,1.5665310276344204,1.331837944731159,1.369,tempo,1.5249703807739547,1.5012298643042101,96,24.0,0.07823102763442047
OP,2023-06-13 16:00:00+00:00,2023-06-13 16:00:00+00:00,2023-06-14 16:00:00+00:00,-1,1.1146,1.2090854795655914,0.9256290408688173,1.1417,tempo,-0.2868165576826776,-0.3023384665171657,96,24.0,0.09448547956559139
OP,2023-06-21 04:00:00+00:00,2023-06-21 04:00:00+00:00,2023-06-21 14:45:00+00:00,-1,1.3385,1.4140984496462075,1.1873031007075852,1.4140984496462075,stop,-1.0,-1.0236670064087723,43,10.75,0.07559844964620743
OP,2023-06-21 16:00:00+00:00,2023-06-21 16:00:00+00:00,2023-06-21 16:15:00+00:00,-1,1.3947,1.4300851559083296,1.323929688183341,1.4300851559083296,stop,-1.0,-1.0518892825030113,1,0.25,0.03538515590832958
OP,2023-06-26 08:00:00+00:00,2023-06-26 08:00:00+00:00,2023-06-27 08:00:00+00:00,-1,1.3449,1.3963692402647405,1.241961519470519,1.3427,tempo,0.04274397657093667,0.008802539102376314,96,24.0,0.051469240264740534
OP,2023-07-10 12:00:00+00:00,2023-07-10 12:00:00+00:00,2023-07-11 12:00:00+00:00,1,1.1853,1.1475550284190568,1.2607899431618865,1.2063,tempo,0.5563655003678006,0.5151801467991451,96,24.0,0.037744971580943254
OP,2023-07-12 16:00:00+00:00,2023-07-12 16:00:00+00:00,2023-07-13 14:00:00+00:00,-1,1.2417,1.2762435369663883,1.1726129260672236,1.2762435369663883,stop,-1.0,-1.0473797254930979,88,22.0,0.03454353696638823
OP,2023-07-18 12:00:00+00:00,2023-07-18 12:00:00+00:00,2023-07-19 12:00:00+00:00,-1,1.4922,1.576694470787718,1.323211058424564,1.5081,tempo,-0.18817799379969877,-0.21125873484486876,96,24.0,0.08449447078771799
OP,2023-07-30 16:00:00+00:00,2023-07-30 16:00:00+00:00,2023-07-31 01:00:00+00:00,-1,1.5842,1.6502682366818144,1.4520635266363713,1.6502682366818144,stop,-1.0,-1.0318217113008237,36,9.0,0.06606823668181439
OP,2023-08-03 04:00:00+00:00,2023-08-03 04:00:00+00:00,2023-08-03 13:15:00+00:00,-1,1.6631,1.7008290593914155,1.587641881217169,1.7008290593914155,stop,-1.0,-1.057954105505793,37,9.25,0.037729059391415465
OP,2023-08-08 20:00:00+00:00,2023-08-08 20:00:00+00:00,2023-08-09 13:30:00+00:00,1,1.6906,1.6470587520477953,1.7776824959044097,1.6470587520477953,stop,-1.0,-1.049825815539612,70,17.5,0.04354124795220482
OP,2023-09-04 04:00:00+00:00,2023-09-04 04:00:00+00:00,2023-09-05 04:00:00+00:00,-1,1.3467,1.376601408270669,1.286897183458662,1.3157,tempo,1.0367404678530994,0.9788649328838134,96,24.0,0.029901408270669005
OP,2023-09-10 08:00:00+00:00,2023-09-10 08:00:00+00:00,2023-09-11 08:00:00+00:00,1,1.2658,1.1979756894786018,1.4014486210427965,1.2621,tempo,-0.05455271084300523,-0.078779053689227,96,24.0,0.06782431052139826
OP,2023-09-15 08:00:00+00:00,2023-09-15 08:00:00+00:00,2023-09-15 11:00:00+00:00,-1,1.3782,1.4267675009994587,1.2810649980010829,1.4267675009994587,stop,-1.0,-1.0375401006461085,12,3.0,0.04856750099945861
OP,2023-09-15 12:00:00+00:00,2023-09-15 12:00:00+00:00,2023-09-16 03:45:00+00:00,-1,1.3949,1.436879384788774,1.3109412304224521,1.436879384788774,stop,-1.0,-1.043846678777554,63,15.75,0.041979384788773944
OP,2023-09-22 04:00:00+00:00,2023-09-22 04:00:00+00:00,2023-09-23 04:00:00+00:00,1,1.3041,1.2654291097107278,1.3814417805785446,1.2921,tempo,-0.3103109318206966,-0.35394918238531153,96,24.0,0.038670890289272286
OP,2023-09-25 04:00:00+00:00,2023-09-25 04:00:00+00:00,2023-09-25 20:45:00+00:00,1,1.2643,1.234924318286975,1.3230513634260501,1.234924318286975,stop,-1.0,-1.0553007015379745,67,16.75,0.02937568171302507
OP,2023-10-01 16:00:00+00:00,2023-10-01 16:00:00+00:00,2023-10-01 22:30:00+00:00,-1,1.3829,1.4093218616280445,1.330056276743911,1.4093218616280445,stop,-1.0,-1.0686910042754831,26,6.5,0.026421861628044496
OP,2023-10-12 12:00:00+00:00,2023-10-12 12:00:00+00:00,2023-10-12 16:30:00+00:00,1,1.2154,1.1822856207505448,1.2816287584989106,1.1822856207505448,stop,-1.0,-1.04706401535561,18,4.5,0.03311437924945526
OP,2023-10-14 00:00:00+00:00,2023-10-14 00:00:00+00:00,2023-10-15 00:00:00+00:00,-1,1.2073,1.259778100318965,1.1023437993620702,1.1975,tempo,0.18674456469336853,0.15695842551341982,96,24.0,0.05247810031896494
OP,2023-10-16 16:00:00+00:00,2023-10-16 16:00:00+00:00,2023-10-17 16:00:00+00:00,-1,1.2125,1.2772983594256848,1.08290328114863,1.202,tempo,0.16204113951437393,0.13782100471605513,96,24.0,0.0647983594256849
OP,2023-10-27 20:00:00+00:00,2023-10-27 20:00:00+00:00,2023-10-28 20:00:00+00:00,1,1.3653,1.323366133146162,1.449167733707676,1.3724,tempo,0.16931422100297605,0.1268782346866526,96,24.0,0.04193386685383804
OP,2023-11-02 20:00:00+00:00,2023-11-02 20:00:00+00:00,2023-11-03 01:30:00+00:00,1,1.382,1.3287359741673692,1.4885280516652613,1.3287359741673692,stop,-1.0,-1.0330800827700366,22,5.5,0.05326402583263068
OP,2023-11-04 16:00:00+00:00,2023-11-04 16:00:00+00:00,2023-11-04 19:15:00+00:00,-1,1.4376,1.473411213583934,1.3659775728321322,1.473411213583934,stop,-1.0,-1.05283700549256,13,3.25,0.03581121358393391
OP,2023-11-09 20:00:00+00:00,2023-11-09 20:00:00+00:00,2023-11-10 20:00:00+00:00,1,1.5866,1.3309922555352451,2.09781548892951,1.7086,tempo,0.4772938326085115,0.46891427429549903,96,24.0,0.25560774446475487
OP,2023-11-13 04:00:00+00:00,2023-11-13 04:00:00+00:00,2023-11-14 04:00:00+00:00,-1,1.8431,1.9495004353293244,1.6302991293413511,1.7926,tempo,0.4746221182619727,0.4524116358265809,96,24.0,0.10640043532932442
OP,2023-12-08 04:00:00+00:00,2023-12-08 04:00:00+00:00,2023-12-09 04:00:00+00:00,-1,2.1804,2.2612573799797175,2.0186852400405653,2.1145,tempo,0.815015277721473,0.780489239396953,96,24.0,0.08085737997971743
OP,2023-12-09 12:00:00+00:00,2023-12-09 12:00:00+00:00,2023-12-10 12:00:00+00:00,-1,2.113,2.3328296440386187,1.6733407119227626,2.1626,tempo,-0.2256292604071467,-0.23827150441456443,96,24.0,0.2198296440386187
OP,2023-12-11 04:00:00+00:00,2023-12-11 04:00:00+00:00,2023-12-12 04:00:00+00:00,1,2.0849,1.8621788213606465,2.5303423572787076,2.4186,tempo,1.4982858928757339,1.4851426659141882,96,24.0,0.2227211786393537
OP,2023-12-14 16:00:00+00:00,2023-12-14 16:00:00+00:00,2023-12-15 16:00:00+00:00,1,2.226,2.096126660511867,2.485746678976266,2.1313,tempo,-0.7291719792009587,-0.7509797267430074,96,24.0,0.12987333948813307
OP,2024-01-05 20:00:00+00:00,2024-01-05 20:00:00+00:00,2024-01-06 05:30:00+00:00,1,3.3742,3.2064983763796553,3.7096032472406897,3.2064983763796553,stop,-1.0,-1.0255063359096057,38,9.5,0.1677016236203448
OP,2024-01-11 04:00:00+00:00,2024-01-11 04:00:00+00:00,2024-01-12 04:00:00+00:00,-1,3.925,4.1812413681740574,3.4125172636518846,3.7495,tempo,0.6849011197941611,0.6654334396317156,96,24.0,0.2562413681740576
OP,2024-01-12 16:00:00+00:00,2024-01-12 16:00:00+00:00,2024-01-13 16:00:00+00:00,-1,4.0968,4.352254290660636,3.5858914186787274,3.8209,tempo,1.0800366644321715,1.0598901834836993,96,24.0,0.2554542906606363
OP,2024-01-19 20:00:00+00:00,2024-01-19 20:00:00+00:00,2024-01-20 20:00:00+00:00,1,3.1971,2.9660600522702962,3.659179895459407,3.1426,tempo,-0.23588994256421922,-0.25372584081684946,96,24.0,0.2310399477297036
OP,2024-01-22 16:00:00+00:00,2024-01-22 16:00:00+00:00,2024-01-22 19:45:00+00:00,1,3.0151,2.912748172700022,3.2198036545999558,2.912748172700022,stop,-1.0,-1.0376456523923325,15,3.75,0.10235182729997794
OP,2024-01-23 16:00:00+00:00,2024-01-23 16:00:00+00:00,2024-01-24 16:00:00+00:00,1,2.7099,2.5780300955469717,2.973639808906057,2.8377,tempo,0.9691369727618292,0.941792295331776,96,24.0,0.13186990445302849
OP,2024-02-05 04:00:00+00:00,2024-02-05 04:00:00+00:00,2024-02-06 02:45:00+00:00,1,3.0024,2.8988363852801644,3.2095272294396717,3.2095272294396717,alvo,2.0,1.9610118601010706,91,22.75,0.10356361471983577
OP,2024-02-06 12:00:00+00:00,2024-02-06 12:00:00+00:00,2024-02-06 20:15:00+00:00,-1,3.1952,3.311783240406066,2.9620335191878677,3.311783240406066,stop,-1.0,-1.03627913490423,33,8.25,0.11658324040606605
OP,2024-02-15 16:00:00+00:00,2024-02-15 16:00:00+00:00,2024-02-16 15:15:00+00:00,-1,3.884,4.007587945713816,3.6368241085723683,3.6368241085723683,alvo,2.0,1.9604448828537688,93,23.25,0.12358794571381582
OP,2024-02-21 16:00:00+00:00,2024-02-21 16:00:00+00:00,2024-02-22 16:00:00+00:00,1,3.6513,3.5514707932781113,3.8509584134437773,3.7014,tempo,0.5018571382578667,0.45398282214400243,96,24.0,0.09982920672188866
OP,2024-02-23 20:00:00+00:00,2024-02-23 20:00:00+00:00,2024-02-24 01:15:00+00:00,1,3.5694,3.4804510526366195,3.747297894726761,3.4804510526366195,stop,-1.0,-1.0515172278036462,21,5.25,0.08894894736338044
OP,2024-02-27 04:00:00+00:00,2024-02-27 04:00:00+00:00,2024-02-28 04:00:00+00:00,-1,3.8182,3.982522012760853,3.489555974478294,3.742,tempo,0.4637236285006934,0.4338181403835791,96,24.0,0.16432201276085312
OP,2024-02-28 20:00:00+00:00,2024-02-28 20:00:00+00:00,2024-02-29 20:00:00+00:00,1,3.6665,3.4243175419100447,4.150864916179911,3.8145,tempo,0.6111094963988972,0.5910310396917073,96,24.0,0.24218245808995542
OP,2024-03-12 16:00:00+00:00,2024-03-12 16:00:00+00:00,2024-03-12 16:30:00+00:00,1,4.3285,4.241900849987841,4.501698300024318,4.241900849987841,stop,-1.0,-1.0643281204458699,2,0.5,0.08659915001215879
OP,2024-03-12 20:00:00+00:00,2024-03-12 20:00:00+00:00,2024-03-13 20:00:00+00:00,1,4.3816,4.066199491787347,5.012401016425305,4.3722,tempo,-0.029803376200210934,-0.04784383539999018,96,24.0,0.31540050821265275
OP,2024-03-15 12:00:00+00:00,2024-03-15 12:00:00+00:00,2024-03-16 12:00:00+00:00,1,3.7869,3.5295554085402814,4.301589182919438,3.757,tempo,-0.11618662677307588,-0.1352409809842369,96,24.0,0.2573445914597188
OP,2024-03-19 12:00:00+00:00,2024-03-19 12:00:00+00:00,2024-03-20 12:00:00+00:00,1,3.1732,2.928069588044119,3.663460823911762,3.5213,tempo,1.420060437309801,1.4023089679377216,96,24.0,0.24513041195588103
OP,2024-03-26 12:00:00+00:00,2024-03-26 12:00:00+00:00,2024-03-27 12:00:00+00:00,-1,3.9524,4.0597385184218755,3.7377229631562487,3.9163,tempo,0.33631915672727064,0.28866939338790976,96,24.0,0.10733851842187558
OP,2024-03-27 16:00:00+00:00,2024-03-27 16:00:00+00:00,2024-03-28 16:00:00+00:00,-1,3.7318,4.093805066165472,3.0077898676690555,3.6959,tempo,0.09916988284244058,0.0858330391039247,96,24.0,0.3620050661654721
OP,2024-03-30 08:00:00+00:00,2024-03-30 08:00:00+00:00,2024-03-31 08:00:00+00:00,-1,3.6987,3.8387539750701545,3.4185920498596913,3.7238,tempo,-0.17921661978838724,-0.2136649458539866,96,24.0,0.14005397507015438
OP,2024-04-03 04:00:00+00:00,2024-04-03 04:00:00+00:00,2024-04-04 04:00:00+00:00,1,3.1697,3.0102401975608126,3.4886196048783753,3.0205,tempo,-0.9356590044497246,-0.9608918840748858,96,24.0,0.15945980243918756
OP,2024-04-05 16:00:00+00:00,2024-04-05 16:00:00+00:00,2024-04-06 16:00:00+00:00,1,2.969,2.843608526762131,3.2197829464757377,2.9785,tempo,0.07576272735849005,0.044932281713542604,96,24.0,0.12539147323786892
OP,2024-04-09 04:00:00+00:00,2024-04-09 04:00:00+00:00,2024-04-09 23:45:00+00:00,-1,3.304,3.4405419225107834,3.0309161549784327,3.0309161549784327,alvo,2.0,1.9698429945542126,79,19.75,0.13654192251078356
OP,2024-04-10 04:00:00+00:00,2024-04-10 04:00:00+00:00,2024-04-10 12:45:00+00:00,1,3.0385,2.942863448752197,3.2297731024956056,2.942863448752197,stop,-1.0,-1.0406527231582732,35,8.75,0.09563655124780279
OP,2024-04-10 16:00:00+00:00,2024-04-10 16:00:00+00:00,2024-04-11 16:00:00+00:00,1,3.003,2.868016069765596,3.2729678604688086,2.9676,tempo,-0.26225343963927245,-0.29100419532745475,96,24.0,0.13498393023440425
OP,2024-04-14 00:00:00+00:00,2024-04-14 00:00:00+00:00,2024-04-15 00:00:00+00:00,1,2.1153,1.7132326640130295,2.919434671973941,2.3301,tempo,0.5342388718862773,0.5270522398438932,96,24.0,0.4020673359869704
OP,2024-04-19 04:00:00+00:00,2024-04-19 04:00:00+00:00,2024-04-20 04:00:00+00:00,1,2.1315,2.0185427078172293,2.357414584365541,2.2438,tempo,0.9941810557771937,0.9690038853170666,96,24.0,0.11295729218277062
OP,2024-04-24 16:00:00+00:00,2024-04-24 16:00:00+00:00,2024-04-25 16:00:00+00:00,-1,2.4402,2.6385317277373592,2.0435365445252813,2.4435,tempo,-0.016638790160542958,-0.032644323093749206,96,24.0,0.1983317277373593
OP,2024-04-28 20:00:00+00:00,2024-04-28 20:00:00+00:00,2024-04-29 04:00:00+00:00,-1,2.7272,2.8122076941207164,2.557184611758567,2.557184611758567,alvo,2.0,1.9595936575721562,32,8.0,0.08500769412071651
OP,2024-04-30 00:00:00+00:00,2024-04-30 00:00:00+00:00,2024-04-30 09:00:00+00:00,1,2.4938,2.3746531607833563,2.7320936784332868,2.3746531607833563,stop,-1.0,-1.0265596181595318,36,9.0,0.11914683921664349
OP,2024-05-23 16:00:00+00:00,2024-05-23 16:00:00+00:00,2024-05-23 20:15:00+00:00,1,2.6381,2.5124187516474565,2.8894624967050873,2.5124187516474565,stop,-1.0,-1.0266375233573426,17,4.25,0.12568124835254357
OP,2024-05-26 16:00:00+00:00,2024-05-26 16:00:00+00:00,2024-05-27 02:45:00+00:00,-1,2.5808,2.649042884897591,2.444314230204818,2.649042884897591,stop,-1.0,-1.0498132205325839,43,10.75,0.0682428848975909
OP,2024-06-07 00:00:00+00:00,2024-06-07 00:00:00+00:00,2024-06-07 18:15:00+00:00,1,2.4856,2.4339533415575545,2.5888933168848904,2.4339533415575545,stop,-1.0,-1.061915131945582,73,18.25,0.051646658442445315
OP,2024-06-16 16:00:00+00:00,2024-06-16 16:00:00+00:00,2024-06-16 22:15:00+00:00,-1,2.0836,2.123543089489967,2.003713821020066,2.123543089489967,stop,-1.0,-1.0684634824969002,25,6.25,0.039943089489967054
OP,2024-06-17 12:00:00+00:00,2024-06-17 12:00:00+00:00,2024-06-17 16:30:00+00:00,1,2.0,1.9291322788685743,2.1417354422628514,1.9291322788685743,stop,-1.0,-1.0360380712190285,18,4.5,0.0708677211314257
OP,2024-06-17 20:00:00+00:00,2024-06-17 20:00:00+00:00,2024-06-18 01:30:00+00:00,1,1.996,1.8752797327332498,2.2374405345335004,1.8752797327332498,stop,-1.0,-1.0208443195434316,22,5.5,0.12072026726675023
OP,2024-06-24 12:00:00+00:00,2024-06-24 12:00:00+00:00,2024-06-25 12:00:00+00:00,1,1.7062,1.5810550959064567,1.9564898081870865,1.746,tempo,0.3180313276699654,0.30010067347151154,96,24.0,0.12514490409354329
OP,2024-06-27 16:00:00+00:00,2024-06-27 16:00:00+00:00,2024-06-28 16:00:00+00:00,-1,1.7807,1.8517763977092756,1.6385472045814486,1.8122,tempo,-0.44318509400046946,-0.4760424851354626,96,24.0,0.07107639770927565
OP,2024-07-03 16:00:00+00:00,2024-07-03 16:00:00+00:00,2024-07-03 19:00:00+00:00,1,1.6668,1.6434165706082575,1.7135668587834851,1.6434165706082575,stop,-1.0,-1.092015620756431,12,3.0,0.02338342939174254
OP,2024-07-09 04:00:00+00:00,2024-07-09 04:00:00+00:00,2024-07-09 18:30:00+00:00,-1,1.516,1.5627803574713581,1.4224392850572838,1.5627803574713581,stop,-1.0,-1.0427787930774504,58,14.5,0.046780357471358114
OP,2024-07-18 20:00:00+00:00,2024-07-18 20:00:00+00:00,2024-07-19 06:30:00+00:00,1,1.7715,1.7347702101892837,1.8449595796214329,1.8449595796214329,alvo,2.0,1.9360002129370182,42,10.5,0.036729789810716396
OP,2024-07-30 04:00:00+00:00,2024-07-30 04:00:00+00:00,2024-07-30 18:45:00+00:00,1,1.6725,1.6317591791821096,1.7539816416357812,1.6317591791821096,stop,-1.0,-1.0527178496493428,59,14.75,0.040740820817890544
OP,2024-07-31 00:00:00+00:00,2024-07-31 00:00:00+00:00,2024-07-31 20:15:00+00:00,1,1.6288,1.5774288962017404,1.7315422075965192,1.5774288962017404,stop,-1.0,-1.040568503077439,81,20.25,0.0513711037982596
OP,2024-08-02 16:00:00+00:00,2024-08-02 16:00:00+00:00,2024-08-03 16:00:00+00:00,1,1.4907,1.4142603412190131,1.6435793175619735,1.4567,tempo,-0.44479528744909563,-0.469858324497562,96,24.0,0.0764396587809868
OP,2024-08-04 20:00:00+00:00,2024-08-04 20:00:00+00:00,2024-08-05 01:00:00+00:00,1,1.3646,1.2710044855327223,1.5517910289345556,1.2710044855327223,stop,-1.0,-1.0183036860831103,20,5.0,0.09359551446727776
OP,2024-08-05 08:00:00+00:00,2024-08-05 08:00:00+00:00,2024-08-06 08:00:00+00:00,1,1.168,1.0322907794138896,1.4394184411722206,1.3123,tempo,1.0633028424803215,1.0514230675244478,96,24.0,0.13570922058611035
OP,2024-08-14 16:00:00+00:00,2024-08-14 16:00:00+00:00,2024-08-15 15:15:00+00:00,1,1.3461,1.2958772454938512,1.4465455090122978,1.2958772454938512,stop,-1.0,-1.0341933696480299,93,23.25,0.05022275450614888
OP,2024-08-19 16:00:00+00:00,2024-08-19 16:00:00+00:00,2024-08-20 00:45:00+00:00,-1,1.317,1.3908577491200054,1.169284501759989,1.3908577491200054,stop,-1.0,-1.0238310476273538,35,8.75,0.07385774912000542
OP,2024-08-24 20:00:00+00:00,2024-08-24 20:00:00+00:00,2024-08-25 01:45:00+00:00,-1,1.6244,1.6551579800167953,1.5628840399664097,1.5628840399664097,alvo,2.0,1.9326439959696018,23,5.75,0.030757980016795194
OP,2024-09-18 12:00:00+00:00,2024-09-18 12:00:00+00:00,2024-09-18 23:45:00+00:00,1,1.4348,1.401941415266719,1.5005171694665624,1.5005171694665624,alvo,2.0,1.9419343171460222,47,11.75,0.03285858473328118
OP,2024-09-19 12:00:00+00:00,2024-09-19 12:00:00+00:00,2024-09-19 16:15:00+00:00,-1,1.5728,1.5977362086555071,1.5229275826889856,1.5977362086555071,stop,-1.0,-1.0826448223984901,17,4.25,0.024936208655507164
OP,2024-09-26 20:00:00+00:00,2024-09-26 20:00:00+00:00,2024-09-27 04:15:00+00:00,-1,1.7396,1.7929483660552588,1.6329032678894826,1.7929483660552588,stop,-1.0,-1.0430408015787689,33,8.25,0.05334836605525872
OP,2024-09-30 08:00:00+00:00,2024-09-30 08:00:00+00:00,2024-09-30 15:45:00+00:00,1,1.871,1.7973793459739866,2.0182413080520267,1.7973793459739866,stop,-1.0,-1.0323882829679911,31,7.75,0.07362065402601337
OP,2024-10-01 16:00:00+00:00,2024-10-01 16:00:00+00:00,2024-10-01 17:15:00+00:00,1,1.7365,1.665103365876064,1.879293268247872,1.665103365876064,stop,-1.0,-1.0309684373073014,5,1.25,0.07139663412393604
OP,2024-10-10 20:00:00+00:00,2024-10-10 20:00:00+00:00,2024-10-11 12:30:00+00:00,1,1.5177,1.471053427997395,1.61099314400521,1.61099314400521,alvo,2.0,1.9564030012003923,66,16.5,0.046646572002605025
OP,2024-10-15 16:00:00+00:00,2024-10-15 16:00:00+00:00,2024-10-16 16:00:00+00:00,-1,1.724,1.8375053878189995,1.4969892243620009,1.717,tempo,0.061671081298470064,0.0419658493004379,96,24.0,0.11350538781899955
OP,2024-10-23 20:00:00+00:00,2024-10-23 20:00:00+00:00,2024-10-24 20:00:00+00:00,1,1.7326,1.6415882594519793,1.9146234810960412,1.7083,tempo,-0.2669985196819585,-0.2915732062722002,96,24.0,0.09101174054802064
OP,2024-10-28 08:00:00+00:00,2024-10-28 08:00:00+00:00,2024-10-29 08:00:00+00:00,1,1.595,1.5275580679561285,1.729883864087743,1.6713,tempo,1.1313436268457775,1.0998632861191964,96,24.0,0.0674419320438715
OP,2024-10-29 20:00:00+00:00,2024-10-29 20:00:00+00:00,2024-10-30 09:45:00+00:00,-1,1.696,1.7414666949212558,1.6050666101574882,1.7414666949212558,stop,-1.0,-1.0491426384866662,55,13.75,0.04546669492125588
OP,2024-11-01 04:00:00+00:00,2024-11-01 04:00:00+00:00,2024-11-01 16:00:00+00:00,1,1.6078,1.5702727327830488,1.682854534433902,1.5702727327830488,stop,-1.0,-1.0550465682557317,48,12.0,0.0375272672169511
OP,2024-11-03 04:00:00+00:00,2024-11-03 04:00:00+00:00,2024-11-03 13:45:00+00:00,1,1.4458,1.391625132139344,1.5541497357213119,1.391625132139344,stop,-1.0,-1.0340439471054068,39,9.75,0.05417486786065595
OP,2024-11-06 16:00:00+00:00,2024-11-06 16:00:00+00:00,2024-11-06 18:30:00+00:00,-1,1.5304,1.5660834377602117,1.4590331244795764,1.5660834377602117,stop,-1.0,-1.0564047177312155,10,2.5,0.03568343776021177
OP,2024-11-08 20:00:00+00:00,2024-11-08 20:00:00+00:00,2024-11-09 20:00:00+00:00,1,1.578,1.5018916184675124,1.7302167630649754,1.581,tempo,0.03941747202598586,0.012438183297798867,96,24.0,0.07610838153248767
OP,2024-11-25 12:00:00+00:00,2024-11-25 12:00:00+00:00,2024-11-25 16:00:00+00:00,-1,2.2731,2.413244977296284,1.9928100454074316,2.413244977296284,stop,-1.0,-1.021735521985941,16,4.0,0.14014497729628417
OP,2024-11-28 04:00:00+00:00,2024-11-28 04:00:00+00:00,2024-11-29 04:00:00+00:00,-1,2.39,2.657584787341136,1.8548304253177288,2.3402,tempo,0.1861092347395362,0.17461893280364832,96,24.0,0.26758478734113567
OP,2024-12-19 04:00:00+00:00,2024-12-19 04:00:00+00:00,2024-12-19 18:00:00+00:00,1,2.169,2.0024565288120857,2.5020869423758287,2.0024565288120857,stop,-1.0,-1.016280714725037,56,14.0,0.16654347118791435
OP,2024-12-30 12:00:00+00:00,2024-12-30 12:00:00+00:00,2024-12-31 12:00:00+00:00,-1,1.8779,1.9400291303219452,1.7536417393561092,1.8086,tempo,1.1154188001811072,1.07685033821193,96,24.0,0.062129130321945336
OP,2025-01-13 04:00:00+00:00,2025-01-13 04:00:00+00:00,2025-01-14 04:00:00+00:00,-1,1.7346,1.8395408715682022,1.5247182568635953,1.731,tempo,0.03430503240732228,0.012839230128979442,96,24.0,0.10494087156820231
OP,2025-01-16 04:00:00+00:00,2025-01-16 04:00:00+00:00,2025-01-17 04:00:00+00:00,-1,1.8625,1.9203572487612741,1.746785502477452,1.8764,tempo,-0.24024647382306555,-0.28225132286156107,96,24.0,0.05785724876127407
OP,2025-01-18 04:00:00+00:00,2025-01-18 04:00:00+00:00,2025-01-19 04:00:00+00:00,-1,1.9161,2.0138447000877497,1.7206105998245003,1.8694,tempo,0.47777526513535024,0.4526017774905876,96,24.0,0.09774470008774983
OP,2025-02-03 00:00:00+00:00,2025-02-03 00:00:00+00:00,2025-02-03 00:45:00+00:00,1,1.1168,1.0243969581761063,1.3016060836477874,1.0243969581761063,stop,-1.0,-1.0150620368695977,3,0.75,0.0924030418238937
OP,2025-02-18 00:00:00+00:00,2025-02-18 00:00:00+00:00,2025-02-18 03:30:00+00:00,-1,1.2051,1.2223083130999943,1.1706833738000115,1.1706833738000115,alvo,2.0,1.9102608614803434,14,3.5,0.017208313099994266
OP,2025-02-24 04:00:00+00:00,2025-02-24 04:00:00+00:00,2025-02-25 04:00:00+00:00,-1,1.1231,1.2071255127104308,0.9550489745791384,1.0108,tempo,1.336498836811731,1.319991529027963,96,24.0,0.0840255127104308
OP,2025-03-24 16:00:00+00:00,2025-03-24 16:00:00+00:00,2025-03-25 16:00:00+00:00,-1,0.9039,0.9217787199226558,0.8681425601546885,0.8962,tempo,0.4306796030873922,0.36523504077746405,96,24.0,0.017878719922655772
OP,2025-03-31 00:00:00+00:00,2025-03-31 00:00:00+00:00,2025-03-31 08:00:00+00:00,1,0.7439,0.7279822432663543,0.7757355134672914,0.7279822432663543,stop,-1.0,-1.0601041638047455,32,8.0,0.015917756733645705
OP,2025-03-31 12:00:00+00:00,2025-03-31 12:00:00+00:00,2025-04-01 12:00:00+00:00,1,0.7367,0.7115857679682279,0.7869284640635442,0.7495,tempo,0.5096711690728473,0.4712057284900784,96,24.0,0.0251142320317721
SUI,2023-05-14 20:00:00+00:00,2023-05-14 20:00:00+00:00,2023-05-15 03:30:00+00:00,-1,1.1446,1.2146522282517611,1.004495543496478,1.2146522282517611,stop,-1.0,-1.021891008846319,30,7.5,0.07005222825176105
SUI,2023-05-24 16:00:00+00:00,2023-05-24 16:00:00+00:00,2023-05-25 16:00:00+00:00,1,0.9738,0.9162981790648311,1.0888036418703377,0.9725,tempo,-0.02260797969277649,-0.044608935130802475,96,24.0,0.05750182093516887
SUI,2023-05-27 08:00:00+00:00,2023-05-27 08:00:00+00:00,2023-05-28 08:00:00+00:00,-1,1.0031,1.0224380447090204,0.9644239105819594,1.0073,tempo,-0.21718845225550998,-0.2847630193672746,96,24.0,0.01933804470902034
SUI,2023-05-28 12:00:00+00:00,2023-05-28 12:00:00+00:00,2023-05-28 16:45:00+00:00,-1,1.0116,1.0345353200387888,0.9657293599224226,1.0345353200387888,stop,-1.0,-1.0579886374280327,19,4.75,0.02293532003878873
SUI,2023-05-29 16:00:00+00:00,2023-05-29 16:00:00+00:00,2023-05-30 16:00:00+00:00,-1,1.0515,1.1093961327521566,0.935707734495687,1.0007,tempo,0.8774333895057602,0.8543933359375828,96,24.0,0.05789613275215655
SUI,2023-06-05 00:00:00+00:00,2023-06-05 00:00:00+00:00,2023-06-05 05:15:00+00:00,-1,0.9602,0.9851339373726663,0.9103321252546676,0.9103321252546676,alvo,2.0,1.9512373090842683,21,5.25,0.02493393737266625
SUI,2023-06-08 12:00:00+00:00,2023-06-08 12:00:00+00:00,2023-06-09 02:30:00+00:00,1,0.7411,0.7120431548823178,0.7992136902353643,0.7120431548823178,stop,-1.0,-1.0325067310937592,58,14.5,0.02905684511768214
SUI,2023-06-12 20:00:00+00:00,2023-06-12 20:00:00+00:00,2023-06-13 01:30:00+00:00,-1,0.652,0.6977803492540168,0.5604393014919665,0.6977803492540168,stop,-1.0,-1.019164493965457,22,5.5,0.04578034925401675
SUI,2023-06-13 16:00:00+00:00,2023-06-13 16:00:00+00:00,2023-06-14 16:00:00+00:00,-1,0.6697,0.7385863534311186,0.5319272931377628,0.6755,tempo,-0.08419664724740598,-0.09688972731985193,96,24.0,0.0688863534311186
SUI,2023-06-18 08:00:00+00:00,2023-06-18 08:00:00+00:00,2023-06-19 08:00:00+00:00,-1,0.7662,0.8047993661486033,0.6890012677027935,0.7554,tempo,0.2797973406718969,0.2541741219850328,96,24.0,0.038599366148603265
SUI,2023-07-14 04:00:00+00:00,2023-07-14 04:00:00+00:00,2023-07-14 16:30:00+00:00,-1,0.7062,0.7428073218674693,0.6329853562650615,0.7428073218674693,stop,-1.0,-1.0257285895598613,50,12.5,0.03660732186746929
SUI,2023-07-17 16:00:00+00:00,2023-07-17 16:00:00+00:00,2023-07-18 00:30:00+00:00,-1,0.6986,0.738198327857981,0.619403344284038,0.738198327857981,stop,-1.0,-1.0235848068246007,34,8.5,0.03959832785798101
SUI,2023-07-26 20:00:00+00:00,2023-07-26 20:00:00+00:00,2023-07-27 20:00:00+00:00,1,0.6364,0.6103473410247189,0.6885053179505621,0.6301,tempo,-0.24181792752814402,-0.2734164296534388,96,24.0,0.026052658975281084
SUI,2023-07-31 00:00:00+00:00,2023-07-31 00:00:00+00:00,2023-08-01 00:00:00+00:00,1,0.6195,0.5870244668338722,0.6844510663322557,0.6317,tempo,0.37566742746273546,0.35062457456053103,96,24.0,0.032475533166127835
SUI,2023-08-02 04:00:00+00:00,2023-08-02 04:00:00+00:00,2023-08-02 15:00:00+00:00,-1,0.6419,0.6531190129337013,0.6194619741325974,0.6194619741325974,alvo,2.0,1.9269200162232367,44,11.0,0.011219012933701311
SUI,2023-08-09 16:00:00+00:00,2023-08-09 16:00:00+00:00,2023-08-10 16:00:00+00:00,-1,0.6031,0.630005717778025,0.5492885644439498,0.5997,tempo,0.12636719183819237,0.09730942774321097,96,24.0,0.026905717778025084
SUI,2023-08-14 04:00:00+00:00,2023-08-14 04:00:00+00:00,2023-08-15 04:00:00+00:00,1,0.598,0.5847841191940327,0.6244317616119345,0.5932,tempo,-0.36319940157395525,-0.42178649170951366,96,24.0,0.01321588080596725
SUI,2023-08-20 04:00:00+00:00,2023-08-20 04:00:00+00:00,2023-08-21 04:00:00+00:00,-1,0.5512,0.5762718812286682,0.5010562375426636,0.5299,tempo,0.8495573110662592,0.8215292985852298,96,24.0,0.025071881228668214
SUI,2023-08-23 08:00:00+00:00,2023-08-23 08:00:00+00:00,2023-08-23 14:00:00+00:00,-1,0.5715,0.590180516530219,0.5341389669395621,0.590180516530219,stop,-1.0,-1.040421384201189,24,6.0,0.01868051653021896
SUI,2023-09-25 04:00:00+00:00,2023-09-25 04:00:00+00:00,2023-09-26 04:00:00+00:00,1,0.4364,0.4293324423501447,0.4505351152997106,0.4418,tempo,0.764054609460538,0.6832869626608422,96,24.0,0.007067557649855283
SUI,2023-09-27 20:00:00+00:00,2023-09-27 20:00:00+00:00,2023-09-28 16:30:00+00:00,1,0.432,0.4250830789131603,0.44583384217367944,0.44583384217367944,alvo,2.0,1.9175078058215076,82,20.5,0.006916921086839722
SUI,2023-10-01 16:00:00+00:00,2023-10-01 16:00:00+00:00,2023-10-01 20:15:00+00:00,-1,0.4808,0.4913365303529798,0.4597269392940404,0.4913365303529798,stop,-1.0,-1.0599712356497635,17,4.25,0.0105365303529798
SUI,2023-10-07 08:00:00+00:00,2023-10-07 08:00:00+00:00,2023-10-08 08:00:00+00:00,-1,0.4491,0.46150538028312255,0.4242892394337549,0.44,tempo,0.7335526837803189,0.6869668486982416,96,24.0,0.012405380283122547
SUI,2023-10-13 16:00:00+00:00,2023-10-13 16:00:00+00:00,2023-10-14 16:00:00+00:00,-1,0.4128,0.42574057402101106,0.38691885195797787,0.4173,tempo,-0.34774346120145394,-0.3894390613443789,96,24.0,0.012940574021011064
SUI,2023-10-16 08:00:00+00:00,2023-10-16 08:00:00+00:00,2023-10-16 13:30:00+00:00,-1,0.4174,0.4243901306198487,0.40341973876030257,0.4243901306198487,stop,-1.0,-1.0782765894744817,22,5.5,0.006990130619848711
SUI,2023-11-02 08:00:00+00:00,2023-11-02 08:00:00+00:00,2023-11-03 08:00:00+00:00,-1,0.4638,0.4865746296675764,0.41825074066484713,0.4413,tempo,0.9879414211521759,0.9621093874995028,96,24.0,0.02277462966757643
SUI,2023-11-05 04:00:00+00:00,2023-11-05 04:00:00+00:00,2023-11-06 04:00:00+00:00,-1,0.5136,0.5301740085135987,0.48045198297280234,0.5037,tempo,0.5973207985187808,0.5574242943352904,96,24.0,0.016574008513598804
SUI,2023-11-06 16:00:00+00:00,2023-11-06 16:00:00+00:00,2023-11-07 16:00:00+00:00,-1,0.5216,0.5456969972458457,0.47340600550830836,0.5054,tempo,0.6722829336253833,0.6445803118759003,96,24.0,0.024096997245845797
SUI,2023-11-09 08:00:00+00:00,2023-11-09 08:00:00+00:00,2023-11-09 16:15:00+00:00,-1,0.5877,0.6151919819903805,0.532716036019239,0.532716036019239,alvo,2.0,1.973509715535703,33,8.25,0.0274919819903805
SUI,2023-11-09 20:00:00+00:00,2023-11-09 20:00:00+00:00,2023-11-10 20:00:00+00:00,1,0.5354,0.45995778091404205,0.6862844381719159,0.5607,tempo,0.33535598908051045,0.3259121390899869,96,24.0,0.07544221908595794
SUI,2023-11-13 04:00:00+00:00,2023-11-13 04:00:00+00:00,2023-11-13 15:45:00+00:00,-1,0.6118,0.6581139773107171,0.5191720453785659,0.6581139773107171,stop,-1.0,-1.0178227855429933,47,11.75,0.04631397731071707
SUI,2023-11-21 16:00:00+00:00,2023-11-21 16:00:00+00:00,2023-11-21 22:30:00+00:00,1,0.5386,0.5150343245371471,0.5857313509257056,0.5150343245371471,stop,-1.0,-1.0290618578715773,26,6.5,0.02356567546285282
SUI,2023-11-23 16:00:00+00:00,2023-11-23 16:00:00+00:00,2023-11-24 06:00:00+00:00,-1,0.5683,0.5966051252416389,0.5116897495167223,0.5966051252416389,stop,-1.0,-1.0267509267294528,56,14.0,0.028305125241638862
SUI,2023-11-30 08:00:00+00:00,2023-11-30 08:00:00+00:00,2023-12-01 08:00:00+00:00,-1,0.607,0.647512647588875,0.5259747048222501,0.6141,tempo,-0.1752539126065338,-0.1948456955987162,96,24.0,0.04051264758887496
SUI,2023-12-05 08:00:00+00:00,2023-12-05 08:00:00+00:00,2023-12-06 08:00:00+00:00,-1,0.6334,0.6669905037075562,0.5662189925848875,0.6285,tempo,0.14587456153263204,0.12145590419003652,96,24.0,0.03359050370755623
SUI,2023-12-07 20:00:00+00:00,2023-12-07 20:00:00+00:00,2023-12-08 11:45:00+00:00,-1,0.6567,0.698015360229887,0.5740692795402259,0.698015360229887,stop,-1.0,-1.0213132592636198,63,15.75,0.04131536022988702
SUI,2023-12-23 04:00:00+00:00,2023-12-23 04:00:00+00:00,2023-12-23 23:30:00+00:00,-1,0.7097,0.7524955565421015,0.6241088869157969,0.7524955565421015,stop,-1.0,-1.022208546600331,78,19.5,0.04279555654210154
SUI,2023-12-27 00:00:00+00:00,2023-12-27 00:00:00+00:00,2023-12-28 00:00:00+00:00,-1,0.885,0.9253769432879432,0.8042461134241137,0.8312,tempo,1.332443608133779,1.3048157118850525,96,24.0,0.04037694328794317
SUI,2024-01-03 00:00:00+00:00,2024-01-03 00:00:00+00:00,2024-01-03 12:15:00+00:00,-1,0.9066,0.9445607262932765,0.8306785474134469,0.8306785474134469,alvo,2.0,1.97025264882725,49,12.25,0.037960726293276514
SUI,2024-01-03 16:00:00+00:00,2024-01-03 16:00:00+00:00,2024-01-04 16:00:00+00:00,1,0.8293,0.6538017280810764,1.1802965438378474,0.8525,tempo,0.13219503386744394,0.12596608364447526,96,24.0,0.17549827191892364
SUI,2024-01-11 16:00:00+00:00,2024-01-11 16:00:00+00:00,2024-01-11 19:00:00+00:00,-1,1.0031,1.0853971901173889,0.8385056197652225,1.0853971901173889,stop,-1.0,-1.0164953769580702,12,3.0,0.08229719011738879
SUI,2024-01-12 00:00:00+00:00,2024-01-12 00:00:00+00:00,2024-01-12 11:45:00+00:00,-1,1.0935,1.170848896815699,0.9388022063686019,1.170848896815699,stop,-1.0,-1.0190284133778553,47,11.75,0.07734889681569901
SUI,2024-01-12 16:00:00+00:00,2024-01-12 16:00:00+00:00,2024-01-13 05:30:00+00:00,-1,1.1662,1.2505891778122429,0.997421644375514,1.2505891778122429,stop,-1.0,-1.018615099782973,54,13.5,0.08438917781224298
SUI,2024-01-23 12:00:00+00:00,2024-01-23 12:00:00+00:00,2024-01-24 10:15:00+00:00,1,1.0801,0.9910955549286339,1.2581088901427324,1.2581088901427324,alvo,2.0,1.9829240463510094,89,22.25,0.08900444507136618
SUI,2024-02-07 12:00:00+00:00,2024-02-07 12:00:00+00:00,2024-02-08 12:00:00+00:00,1,1.5403,1.4721343924218369,1.6766312151563263,1.5292,tempo,-0.1628387158035982,-0.19210824146156585,96,24.0,0.06816560757816315
SUI,2024-02-10 00:00:00+00:00,2024-02-10 00:00:00+00:00,2024-02-11 00:00:00+00:00,-1,1.7619,1.826967758465671,1.6317644830686582,1.7313,tempo,0.47027899410649293,0.4353833706281164,96,24.0,0.06506775846567092
SUI,2024-02-14 16:00:00+00:00,2024-02-14 16:00:00+00:00,2024-02-15 16:00:00+00:00,-1,1.9126,1.9908557814509664,1.7560884370980674,1.8512,tempo,0.7846065665892334,0.753344084065397,96,24.0,0.07825578145096634
SUI,2024-02-16 16:00:00+00:00,2024-02-16 16:00:00+00:00,2024-02-17 14:45:00+00:00,1,1.7894,1.726354294782767,1.9154914104344662,1.726354294782767,stop,-1.0,-1.03624735870167,91,22.75,0.06304570521723307
SUI,2024-02-23 20:00:00+00:00,2024-02-23 20:00:00+00:00,2024-02-24 20:00:00+00:00,1,1.6273,1.551785851141245,1.7783282977175099,1.657,tempo,0.39330377748880235,0.36503364490751594,96,24.0,0.07551414885875496
SUI,2024-02-28 12:00:00+00:00,2024-02-28 12:00:00+00:00,2024-02-28 17:45:00+00:00,-1,1.6479,1.7410190067421982,1.4616619865156033,1.4616619865156033,alvo,2.0,1.9782942778069905,23,5.75,0.09311900674219831
SUI,2024-03-12 20:00:00+00:00,2024-03-12 20:00:00+00:00,2024-03-13 20:00:00+00:00,1,1.6152,1.3879676275483384,2.0696647449033234,1.6076,tempo,-0.03344593870143557,-0.04266478361071725,96,24.0,0.2272323724516616
SUI,2024-03-16 12:00:00+00:00,2024-03-16 12:00:00+00:00,2024-03-17 12:00:00+00:00,-1,1.627,1.7419832620218303,1.3970334759563394,1.5219,tempo,0.9140460807247414,0.8962453594370516,96,24.0,0.11498326202183029
SUI,2024-03-19 08:00:00+00:00,2024-03-19 08:00:00+00:00,2024-03-20 08:00:00+00:00,1,1.5516,1.4062212067505677,1.8423575864988648,1.5731,tempo,0.1478895203312867,0.133918741274707,96,24.0,0.14537879324943237
SUI,2024-03-21 16:00:00+00:00,2024-03-21 16:00:00+00:00,2024-03-22 16:00:00+00:00,-1,1.8463,1.9721435800736344,1.5946128398527313,1.7985,tempo,0.3798366191746216,0.3610107084796639,96,24.0,0.1258435800736344
SUI,2024-04-01 08:00:00+00:00,2024-04-01 08:00:00+00:00,2024-04-02 08:00:00+00:00,1,1.8895,1.782601513512644,2.1032969729747117,1.8183,tempo,-0.6660524609805544,-0.6885978690512764,96,24.0,0.10689848648735589
SUI,2024-04-19 04:00:00+00:00,2024-04-19 04:00:00+00:00,2024-04-19 18:30:00+00:00,1,1.2032,1.1163300180051479,1.3769399639897044,1.3769399639897044,alvo,2.0,1.9806942405410801,58,14.5,0.08686998199485219
SUI,2024-04-26 16:00:00+00:00,2024-04-26 16:00:00+00:00,2024-04-27 01:15:00+00:00,1,1.18,1.1512998483073174,1.237400303385365,1.1512998483073174,stop,-1.0,-1.052799194848371,37,9.25,0.028700151692682585
SUI,2024-04-30 00:00:00+00:00,2024-04-30 00:00:00+00:00,2024-04-30 08:45:00+00:00,1,1.1915,1.15695232615632,1.2605953476873601,1.15695232615632,stop,-1.0,-1.044185145978529,35,8.75,0.03454767384368007
SUI,2024-05-01 08:00:00+00:00,2024-05-01 08:00:00+00:00,2024-05-02 08:00:00+00:00,1,1.0976,1.0531347607114587,1.1865304785770823,1.1014,tempo,0.08546001462718535,0.05331467991472047,96,24.0,0.04446523928854118
SUI,2024-05-20 20:00:00+00:00,2024-05-20 20:00:00+00:00,2024-05-21 00:15:00+00:00,-1,1.1327,1.1527099065341173,1.0926801869317655,1.1527099065341173,stop,-1.0,-1.0742390493785836,17,4.25,0.020009906534117272
SUI,2024-06-02 20:00:00+00:00,2024-06-02 20:00:00+00:00,2024-06-03 02:45:00+00:00,-1,1.028,1.0438230974511118,0.9963538050977765,1.0438230974511118,stop,-1.0,-1.0851088111859288,27,6.75,0.015823097451111767
SUI,2024-06-22 04:00:00+00:00,2024-06-22 04:00:00+00:00,2024-06-22 08:15:00+00:00,-1,0.9221,0.9320826007344097,0.9021347985311806,0.9021347985311806,alvo,2.0,1.8812180662542162,17,4.25,0.009982600734409708
SUI,2024-06-23 16:00:00+00:00,2024-06-23 16:00:00+00:00,2024-06-24 05:45:00+00:00,-1,0.9113,0.9493294418348689,0.8352411163302622,0.8352411163302622,alvo,2.0,1.9701480834101077,55,13.75,0.03802944183486889
SUI,2024-07-02 16:00:00+00:00,2024-07-02 16:00:00+00:00,2024-07-03 16:00:00+00:00,-1,0.814,0.8412465952828072,0.7595068094343854,0.7919,tempo,0.8111105175017999,0.7727998592648544,96,24.0,0.027246595282807262
SUI,2024-07-03 16:00:00+00:00,2024-07-03 16:00:00+00:00,2024-07-03 18:15:00+00:00,1,0.7919,0.7772776606286731,0.821144678742654,0.7772776606286731,stop,-1.0,-1.069753919226406,9,2.25,0.014622339371326953
SUI,2024-07-11 16:00:00+00:00,2024-07-11 16:00:00+00:00,2024-07-12 16:00:00+00:00,-1,0.7495,0.7843797534436715,0.6797404931126572,0.7426,tempo,0.19782249926574375,0.17001654009902345,96,24.0,0.034879753443671446
SUI,2024-07-22 04:00:00+00:00,2024-07-22 04:00:00+00:00,2024-07-23 04:00:00+00:00,-1,0.8677,0.9096728089847823,0.7837543820304355,0.8384,tempo,0.6980709823500981,0.671649948666075,96,24.0,0.041972808984782284
SUI,2024-07-25 16:00:00+00:00,2024-07-25 16:00:00+00:00,2024-07-25 19:15:00+00:00,1,0.7372,0.7138240266352393,0.7839519467295214,0.7138240266352393,stop,-1.0,-1.0403476510943808,13,3.25,0.023375973364760716
SUI,2024-07-26 00:00:00+00:00,2024-07-26 00:00:00+00:00,2024-07-27 00:00:00+00:00,1,0.7491,0.7032483672098303,0.8408032655803394,0.7868,tempo,0.8222171753953923,0.8004440140214306,96,24.0,0.04585163279016968
SUI,2024-08-01 00:00:00+00:00,2024-08-01 00:00:00+00:00,2024-08-01 05:15:00+00:00,1,0.7066,0.6878528302598019,0.7440943394803962,0.6878528302598019,stop,-1.0,-1.0483483294934575,21,5.25,0.018747169740198077
SUI,2024-08-01 20:00:00+00:00,2024-08-01 20:00:00+00:00,2024-08-02 15:15:00+00:00,1,0.6913,0.6502561933448262,0.7733876133103477,0.6502561933448262,stop,-1.0,-1.02124587353703,77,19.25,0.04104380665517382
SUI,2024-08-03 04:00:00+00:00,2024-08-03 04:00:00+00:00,2024-08-03 17:15:00+00:00,1,0.6461,0.614041244796815,0.71021751040637,0.614041244796815,stop,-1.0,-1.0255497072149748,53,13.25,0.03205875520318502
SUI,2024-08-04 20:00:00+00:00,2024-08-04 20:00:00+00:00,2024-08-05 01:00:00+00:00,1,0.602,0.5564730257900212,0.6930539484199575,0.5564730257900212,stop,-1.0,-1.0165398091973015,20,5.0,0.045526974209978754
SUI,2024-08-05 08:00:00+00:00,2024-08-05 08:00:00+00:00,2024-08-06 08:00:00+00:00,1,0.5168,0.46158345864623307,0.627233082707534,0.5911,tempo,1.3456112639139621,1.3325692482001172,96,24.0,0.05521654135376697
SUI,2024-08-10 20:00:00+00:00,2024-08-10 20:00:00+00:00,2024-08-11 20:00:00+00:00,-1,0.929,0.970928780081477,0.8451424398370462,0.8865,tempo,1.0136235759164267,0.9854788267082014,96,24.0,0.041928780081476935
SUI,2024-08-24 08:00:00+00:00,2024-08-24 08:00:00+00:00,2024-08-24 17:15:00+00:00,-1,1.0173,1.0559540167086454,0.9399919665827094,1.0559540167086454,stop,-1.0,-1.0348635206793195,37,9.25,0.03865401670864532
SUI,2024-09-12 16:00:00+00:00,2024-09-12 16:00:00+00:00,2024-09-13 16:00:00+00:00,-1,1.0225,1.083061761601313,0.901376476797374,1.0258,tempo,-0.05448982844528974,-0.07647391485223361,96,24.0,0.06056176160131299
SUI,2024-09-22 16:00:00+00:00,2024-09-22 16:00:00+00:00,2024-09-22 17:15:00+00:00,-1,1.5061,1.595224156735238,1.3278516865295238,1.595224156735238,stop,-1.0,-1.0226185669039927,5,1.25,0.0891241567352381
SUI,2024-09-23 04:00:00+00:00,2024-09-23 04:00:00+00:00,2024-09-24 04:00:00+00:00,-1,1.6087,1.6676312375202809,1.4908375249594383,1.5415,tempo,1.1403120454898548,1.1055659568930334,96,24.0,0.058931237520280844
SUI,2024-10-01 08:00:00+00:00,2024-10-01 08:00:00+00:00,2024-10-01 17:30:00+00:00,-1,1.8549,1.9507621346472999,1.6631757307054003,1.6631757307054003,alvo,2.0,1.9761454380984524,38,9.5,0.09586213464729987
SUI,2024-10-01 20:00:00+00:00,2024-10-01 20:00:00+00:00,2024-10-02 07:00:00+00:00,1,1.7307,1.6307936291953196,1.9305127416093606,1.9305127416093606,alvo,2.0,1.9761798145315614,44,11.0,0.09990637080468034
SUI,2024-10-09 16:00:00+00:00,2024-10-09 16:00:00+00:00,2024-10-09 21:00:00+00:00,1,1.9837,1.852663131637346,2.245773736725308,1.852663131637346,stop,-1.0,-1.0190300338120335,20,5.0,0.13103686836265394
SUI,2024-10-28 20:00:00+00:00,2024-10-28 20:00:00+00:00,2024-10-29 00:45:00+00:00,1,1.6699,1.5827557937968817,1.8441884124062364,1.8441884124062364,alvo,2.0,1.973788762700528,19,4.75,0.08714420620311825
SUI,2024-10-29 20:00:00+00:00,2024-10-29 20:00:00+00:00,2024-10-30 00:30:00+00:00,-1,1.9978,2.1191591883848964,1.7550816232302073,2.1191591883848964,stop,-1.0,-1.0220504397570875,18,4.5,0.12135918838489634
SUI,2024-11-01 16:00:00+00:00,2024-11-01 16:00:00+00:00,2024-11-02 16:00:00+00:00,-1,1.9499,2.1329647191080325,1.5837705617839348,1.9125,tempo,0.20429933294754024,0.19058527590677077,96,24.0,0.18306471910803257
SUI,2024-11-03 16:00:00+00:00,2024-11-03 16:00:00+00:00,2024-11-04 16:00:00+00:00,1,1.8434,1.7545755124259086,2.0210489751481826,1.891,tempo,0.5358882589702013,0.5085606597203294,96,24.0,0.08882448757409134
SUI,2024-11-06 08:00:00+00:00,2024-11-06 08:00:00+00:00,2024-11-07 01:45:00+00:00,-1,2.2346,2.385696165197203,1.932407669605594,2.385696165197203,stop,-1.0,-1.019876033938112,71,17.75,0.15109616519720293
SUI,2024-11-07 04:00:00+00:00,2024-11-07 04:00:00+00:00,2024-11-08 04:00:00+00:00,-1,2.3034,2.4178897689775787,2.0744204620448423,2.3144,tempo,-0.09607845398093445,-0.12229538171871175,96,24.0,0.11448976897757879
SUI,2024-11-13 00:00:00+00:00,2024-11-13 00:00:00+00:00,2024-11-13 05:00:00+00:00,-1,3.2166,3.384908695748514,2.879982608502972,2.879982608502972,alvo,2.0,1.9764552943749971,20,5.0,0.16830869574851404
SUI,2024-11-13 20:00:00+00:00,2024-11-13 20:00:00+00:00,2024-11-14 05:45:00+00:00,-1,3.2268,3.5050884870138175,2.6702230259723647,3.5050884870138175,stop,-1.0,-1.0157237101811607,39,9.75,0.2782884870138176
SUI,2024-11-21 12:00:00+00:00,2024-11-21 12:00:00+00:00,2024-11-22 12:00:00+00:00,1,3.4812,3.276660722305623,3.8902785553887536,3.5887,tempo,0.5255714267292305,0.5031041771534962,96,24.0,0.20453927769437685
SUI,2024-11-24 00:00:00+00:00,2024-11-24 00:00:00+00:00,2024-11-24 12:30:00+00:00,1,3.4398,3.3031832573601454,3.713033485279709,3.3031832573601454,stop,-1.0,-1.0320820057087605,50,12.5,0.13661674263985457
SUI,2024-12-13 16:00:00+00:00,2024-12-13 16:00:00+00:00,2024-12-14 16:00:00+00:00,-1,4.7551,4.977902549742172,4.309494900515655,4.5646,tempo,0.8550171450930263,0.8278280262655707,96,24.0,0.2228025497421724
SUI,2024-12-16 00:00:00+00:00,2024-12-16 00:00:00+00:00,2024-12-16 00:45:00+00:00,-1,4.7827,4.891260751230725,4.565578497538551,4.891260751230725,stop,-1.0,-1.057922171844002,3,0.75,0.1085607512307245
SUI,2024-12-19 04:00:00+00:00,2024-12-19 04:00:00+00:00,2024-12-19 19:45:00+00:00,1,4.401,4.013405907749115,5.17618818450177,4.013405907749115,stop,-1.0,-1.0141110608994954,63,15.75,0.38759409225088515
SUI,2025-01-04 16:00:00+00:00,2025-01-04 16:00:00+00:00,2025-01-04 23:00:00+00:00,-1,5.1763,5.35504778815813,4.8188044236837415,5.35504778815813,stop,-1.0,-1.0382962840146979,28,7.0,0.17874778815812942
SUI,2025-01-08 20:00:00+00:00,2025-01-08 20:00:00+00:00,2025-01-09 20:00:00+00:00,1,4.6424,4.336028926205241,5.255142147589519,4.6735,tempo,0.10151088878852069,0.08174618017880211,96,24.0,0.30637107379475914
SUI,2025-01-19 00:00:00+00:00,2025-01-19 00:00:00+00:00,2025-01-19 22:15:00+00:00,-1,5.0047,5.184857490861253,4.644385018277493,4.644385018277493,alvo,2.0,1.9651865418867838,89,22.25,0.18015749086125332
SUI,2025-02-03 00:00:00+00:00,2025-02-03 00:00:00+00:00,2025-02-03 02:00:00+00:00,1,3.3052,3.0133114039951696,3.888977192009661,3.0133114039951696,stop,-1.0,-1.0140705476980296,8,2.0,0.2918885960048305
SUI,2025-02-04 20:00:00+00:00,2025-02-04 20:00:00+00:00,2025-02-05 20:00:00+00:00,-1,3.6229,3.9633338377515224,2.9420323244969553,3.4002,tempo,0.6541652894168105,0.640755885022257,96,24.0,0.34043383775152236
SUI,2025-02-12 16:00:00+00:00,2025-02-12 16:00:00+00:00,2025-02-12 22:30:00+00:00,1,3.2128,3.046002277056104,3.5463954458877924,3.5463954458877924,alvo,2.0,1.9736598500130313,26,6.5,0.16679772294389617
SUI,2025-02-20 16:00:00+00:00,2025-02-20 16:00:00+00:00,2025-02-20 17:30:00+00:00,-1,3.2833,3.390117261196224,3.0696654776075527,3.390117261196224,stop,-1.0,-1.0406088039629582,6,1.5,0.1068172611962237
SUI,2025-02-24 08:00:00+00:00,2025-02-24 08:00:00+00:00,2025-02-24 10:45:00+00:00,1,3.322,3.197154766701432,3.5716904665971363,3.197154766701432,stop,-1.0,-1.0339416290586125,11,2.75,0.12484523329856811
SUI,2025-02-25 12:00:00+00:00,2025-02-25 12:00:00+00:00,2025-02-26 12:00:00+00:00,1,2.7847,2.5851047999133674,3.183890400173265,2.962,tempo,0.8882979145943626,0.8695832611438853,96,24.0,0.19959520008663256
SUI,2025-03-04 20:00:00+00:00,2025-03-04 20:00:00+00:00,2025-03-05 20:00:00+00:00,1,2.5531,2.2104506764290703,3.2383986471418598,2.623,tempo,0.20399865165801354,0.19417967707216835,96,24.0,0.3426493235709298
SUI,2025-03-11 04:00:00+00:00,2025-03-11 04:00:00+00:00,2025-03-12 04:00:00+00:00,1,2.1231,1.9294798880219968,2.5103402239560064,2.2018,tempo,0.4064660390700576,0.391946963694668,96,24.0,0.19362011197800322
SUI,2025-03-19 20:00:00+00:00,2025-03-19 20:00:00+00:00,2025-03-20 00:15:00+00:00,-1,2.4251,2.4966386385663966,2.282022722867207,2.4966386385663966,stop,-1.0,-1.044718912453149,17,4.25,0.07153863856639653
SUI,2025-03-20 04:00:00+00:00,2025-03-20 04:00:00+00:00,2025-03-21 04:00:00+00:00,-1,2.4148,2.520328628309414,2.2037427433811723,2.3124,tempo,0.9703528003771604,0.9412357726167807,96,24.0,0.1055286283094139
SUI,2025-03-26 16:00:00+00:00,2025-03-26 16:00:00+00:00,2025-03-27 01:15:00+00:00,-1,2.561,2.6729701375126953,2.3370597249746092,2.6729701375126953,stop,-1.0,-1.0303838207664746,37,9.25,0.11197013751269536
SUI,2025-03-27 12:00:00+00:00,2025-03-27 12:00:00+00:00,2025-03-28 12:00:00+00:00,-1,2.723,2.851236132451181,2.466527735097638,2.552,tempo,1.333477520971704,1.3067397370533897,96,24.0,0.12823613245118093
