activo,sinal_em,entrada_em,saida_em,lado,entrada,stop,alvo,saida,motivo,R_bruto,R_liquido,duracao,duracao_h,R_preco
ETH,2023-01-04 08:00:00+00:00,2023-01-04 08:00:00+00:00,2023-01-06 08:00:00+00:00,-1,1251.78,1285.1974891283505,-32165.709128350558,1247.45,tempo,0.12957287076145002,0.080960615850239,192,48.0,33.41748912835055
ETH,2023-01-09 04:00:00+00:00,2023-01-09 04:00:00+00:00,2023-01-09 16:30:00+00:00,-1,1309.69,1342.7911151672286,-31791.4251672285,1342.7911151672286,stop,-1.0,-1.0520862428999262,50,12.5,33.1011151672285
ETH,2023-01-09 17:00:00+00:00,2023-01-09 17:00:00+00:00,2023-01-11 17:00:00+00:00,-1,1337.66,1371.4520775225028,-32454.417522502725,1324.59,tempo,0.3867770482976854,0.3355679298631158,192,48.0,33.79207752250272
ETH,2023-01-12 18:00:00+00:00,2023-01-12 18:00:00+00:00,2023-01-14 18:00:00+00:00,1,1428.74,1380.83568753887,49333.05246113007,1530.18,tempo,2.1175546582013727,2.077405913731643,192,48.0,47.904312461130075
ETH,2023-01-21 09:00:00+00:00,2023-01-21 09:00:00+00:00,2023-01-23 09:00:00+00:00,1,1647.76,1576.170638889702,73237.12111029789,1632.31,tempo,-0.21581419027048163,-0.24559578724150574,192,48.0,71.58936111029789
ETH,2023-01-24 23:00:00+00:00,2023-01-24 23:00:00+00:00,2023-01-26 23:00:00+00:00,1,1561.45,1492.5503493898514,70461.10061014869,1601.0,tempo,0.5740232301580696,0.5441886449055107,192,48.0,68.89965061014868
ETH,2023-02-02 13:00:00+00:00,2023-02-02 13:00:00+00:00,2023-02-04 13:00:00+00:00,-1,1677.0,1751.8284136566908,-73151.41365669083,1665.56,tempo,0.1528831020324208,0.12384782126370002,192,48.0,74.82841365669083
ETH,2023-02-16 00:00:00+00:00,2023-02-16 00:00:00+00:00,2023-02-18 00:00:00+00:00,1,1674.99,1601.57057753926,75094.41246073996,1694.12,tempo,0.2605577565014134,0.23073020642539596,192,48.0,73.41942246073995
ETH,2023-03-13 18:00:00+00:00,2023-03-13 18:00:00+00:00,2023-03-15 18:00:00+00:00,1,1669.47,1580.3855264798574,90753.94352014264,1630.15,tempo,-0.44137882221540437,-0.4654543194962527,192,48.0,89.08447352014264
ETH,2023-03-20 09:00:00+00:00,2023-03-20 09:00:00+00:00,2023-03-22 09:00:00+00:00,1,1788.09,1695.6916027622965,94186.48723770342,1785.01,tempo,-0.033333911540438764,-0.058469791268147844,192,48.0,92.39839723770342
ETH,2023-03-28 20:00:00+00:00,2023-03-28 20:00:00+00:00,2023-03-30 20:00:00+00:00,-1,1785.42,1875.9426728197466,-88737.2528197465,1780.72,tempo,0.051920694049312176,0.02631394904504451,192,48.0,90.5226728197465
ETH,2023-04-04 12:00:00+00:00,2023-04-04 12:00:00+00:00,2023-04-06 12:00:00+00:00,-1,1864.18,1947.2518661295849,-81207.6861295848,1867.75,tempo,-0.042974838129085126,-0.07217551235272705,192,48.0,83.0718661295848
ETH,2023-04-12 00:00:00+00:00,2023-04-12 00:00:00+00:00,2023-04-14 00:00:00+00:00,1,1888.89,1821.35198490159,69426.90509841013,2011.8,tempo,1.819863965811059,1.7823229084331424,192,48.0,67.53801509841014
ETH,2023-04-14 00:00:00+00:00,2023-04-14 00:00:00+00:00,2023-04-14 00:45:00+00:00,-1,2011.8,2084.9428360170505,-71131.03601705052,2084.9428360170505,stop,-1.0,-1.0364066118900603,3,0.75,73.14283601705051
ETH,2023-04-14 01:00:00+00:00,2023-04-14 01:00:00+00:00,2023-04-16 01:00:00+00:00,-1,2099.43,2186.516191905176,-84986.7619051763,2089.61,tempo,0.11276184875200658,0.08149539949717177,192,48.0,87.08619190517629
ETH,2023-04-19 09:00:00+00:00,2023-04-19 09:00:00+00:00,2023-04-21 07:00:00+00:00,1,1986.62,1901.1626076243178,87444.01237568204,1901.1626076243178,stop,-1.0,-1.0295709782934461,184,46.0,85.45739237568205
ETH,2023-05-05 17:00:00+00:00,2023-05-05 17:00:00+00:00,2023-05-07 17:00:00+00:00,-1,1991.56,2076.722185594536,-83170.62559453592,1913.81,tempo,0.9129638871667065,0.8831561681388511,192,48.0,85.16218559453591
ETH,2023-05-29 19:00:00+00:00,2023-05-29 19:00:00+00:00,2023-05-31 19:00:00+00:00,-1,1890.81,1943.2428145964645,-50542.0045964646,1863.0,tempo,0.530393041343142,0.48385774624638556,192,48.0,52.432814596464596
ETH,2023-06-10 07:00:00+00:00,2023-06-10 07:00:00+00:00,2023-06-12 07:00:00+00:00,1,1743.25,1691.2804187474003,53712.83125259971,1739.96,tempo,-0.06330626340837384,-0.10687187324069747,192,48.0,51.96958125259971
ETH,2023-06-14 21:00:00+00:00,2023-06-14 21:00:00+00:00,2023-06-16 21:00:00+00:00,1,1637.21,1575.0017993821584,63845.41061784161,1726.91,tempo,1.4419320782326832,1.4067811177759866,192,48.0,62.20820061784161
ETH,2023-06-20 22:00:00+00:00,2023-06-20 22:00:00+00:00,2023-06-22 22:00:00+00:00,1,1776.4,1715.9711556840587,62205.24431594143,1879.07,tempo,1.6990230602989538,1.659703170486446,192,48.0,60.42884431594143
ETH,2023-06-30 17:00:00+00:00,2023-06-30 17:00:00+00:00,2023-07-02 17:00:00+00:00,-1,1897.96,1969.6129706869103,-69755.01068691029,1916.87,tempo,-0.2639109002560081,-0.2985171346693007,192,48.0,71.6529706869103
ETH,2023-07-13 17:00:00+00:00,2023-07-13 17:00:00+00:00,2023-07-14 00:45:00+00:00,-1,1962.58,2022.9918625061568,-58449.28250615692,2022.9918625061568,stop,-1.0,-1.042882665806984,31,7.75,60.41186250615692
ETH,2023-07-14 01:00:00+00:00,2023-07-14 01:00:00+00:00,2023-07-16 01:00:00+00:00,-1,2023.03,2087.2241139964235,-62171.08399642354,1932.86,tempo,1.4046459151227437,1.3645903969463693,192,48.0,64.19411399642354
ETH,2023-08-17 22:00:00+00:00,2023-08-17 22:00:00+00:00,2023-08-19 22:00:00+00:00,1,1618.41,1562.6388155346244,57389.59446537566,1668.2,tempo,0.8927549320906214,0.8544502677647943,192,48.0,55.771184465375654
ETH,2023-08-22 22:00:00+00:00,2023-08-22 22:00:00+00:00,2023-08-24 22:00:00+00:00,1,1603.4,1544.741313749127,60262.08625087319,1653.02,tempo,0.8459105235971979,0.809825961611828,192,48.0,58.65868625087319
ETH,2023-08-29 17:00:00+00:00,2023-08-29 17:00:00+00:00,2023-08-31 16:45:00+00:00,1,1734.32,1669.8479311532417,66206.38884675826,1669.8479311532417,stop,-1.0,-1.0343204304566203,191,47.75,64.47206884675825
ETH,2023-09-11 10:00:00+00:00,2023-09-11 10:00:00+00:00,2023-09-11 15:00:00+00:00,1,1593.0,1551.6315175116501,42961.48248834985,1551.6315175116501,stop,-1.0,-1.0494098493208739,20,5.0,41.368482488349855
ETH,2023-09-11 15:00:00+00:00,2023-09-11 15:00:00+00:00,2023-09-13 15:00:00+00:00,1,1558.26,1515.6300422154693,44188.217784530694,1603.03,tempo,1.0502004300892331,1.0019986816759225,192,48.0,42.62995778453069
ETH,2023-09-29 08:00:00+00:00,2023-09-29 08:00:00+00:00,2023-10-01 08:00:00+00:00,-1,1685.6,1728.1511811899666,-40865.58118996666,1677.52,tempo,0.18988897074154898,0.13851488572518628,192,48.0,42.551181189966655
ETH,2023-10-02 14:00:00+00:00,2023-10-02 14:00:00+00:00,2023-10-02 16:15:00+00:00,1,1727.21,1679.422234854652,49514.97514534798,1679.422234854652,stop,-1.0,-1.046336357139126,9,2.25,47.787765145347976
ETH,2023-10-02 17:00:00+00:00,2023-10-02 17:00:00+00:00,2023-10-02 18:45:00+00:00,1,1686.06,1637.9683388603369,49777.721139663074,1637.9683388603369,stop,-1.0,-1.044927090665148,7,1.75,48.091661139663074
ETH,2023-10-02 19:00:00+00:00,2023-10-02 19:00:00+00:00,2023-10-04 19:00:00+00:00,1,1657.51,1608.3110359773693,50856.47402263067,1643.05,tempo,-0.2939086276968899,-0.3375145052314894,192,48.0,49.19896402263066
ETH,2023-10-09 17:00:00+00:00,2023-10-09 17:00:00+00:00,2023-10-11 17:00:00+00:00,1,1568.67,1525.9409279258448,44297.74207415528,1553.21,tempo,-0.36181455036443516,-0.40930498021693307,192,48.0,42.72907207415528
ETH,2023-10-11 18:00:00+00:00,2023-10-11 18:00:00+00:00,2023-10-13 18:00:00+00:00,-1,1552.83,1594.1487829539149,-39765.95295391493,1543.95,tempo,0.2149143649730493,0.16619785262453451,192,48.0,41.31878295391493
ETH,2023-10-16 14:00:00+00:00,2023-10-16 14:00:00+00:00,2023-10-18 14:00:00+00:00,1,1578.82,1539.5728928330855,40825.92716691447,1572.6,tempo,-0.15848301821448693,-0.21067598599904844,192,48.0,39.247107166914475
ETH,2023-10-19 11:00:00+00:00,2023-10-19 11:00:00+00:00,2023-10-21 11:00:00+00:00,1,1552.0,1513.7077068011135,39844.29319888646,1604.12,tempo,1.3611093942400803,1.3075352196837322,192,48.0,38.292293198886455
ETH,2023-10-24 01:00:00+00:00,2023-10-24 01:00:00+00:00,2023-10-26 01:00:00+00:00,1,1776.37,1716.6920687962725,61454.30120372744,1791.76,tempo,0.25788427463180646,0.21902092174374357,192,48.0,59.67793120372744
ETH,2023-11-09 17:00:00+00:00,2023-11-09 17:00:00+00:00,2023-11-09 22:30:00+00:00,-1,2018.57,2096.4561826760673,-75867.61267606738,2096.4561826760673,stop,-1.0,-1.0343419965754894,22,5.5,77.88618267606739
ETH,2023-11-09 23:00:00+00:00,2023-11-09 23:00:00+00:00,2023-11-11 23:00:00+00:00,-1,2096.33,2180.616289529813,-82189.95952981307,2046.5,tempo,0.5911993549363026,0.559250629763776,192,48.0,84.28628952981308
ETH,2023-11-22 19:00:00+00:00,2023-11-22 19:00:00+00:00,2023-11-24 19:00:00+00:00,-1,2063.64,2148.369456958363,-82665.81695836324,2092.13,tempo,-0.336246696517841,-0.3681275865526658,192,48.0,84.72945695836324
ETH,2023-12-04 23:00:00+00:00,2023-12-04 23:00:00+00:00,2023-12-06 23:00:00+00:00,1,2228.4,2150.6828117457053,79945.5882542948,2233.27,tempo,0.0626631007810652,0.0253472178323568,192,48.0,77.7171882542948
ETH,2023-12-07 17:00:00+00:00,2023-12-07 17:00:00+00:00,2023-12-09 17:00:00+00:00,-1,2347.73,2437.3012704198245,-87223.5404198245,2356.9,tempo,-0.10237657629527726,-0.13651709351320857,192,48.0,89.57127041982449
ETH,2023-12-22 08:00:00+00:00,2023-12-22 08:00:00+00:00,2023-12-24 08:00:00+00:00,-1,2275.27,2367.2333974326525,-89688.12743265253,2296.11,tempo,-0.22661189757872835,-0.2589225459774681,192,48.0,91.96339743265253
ETH,2023-12-27 15:00:00+00:00,2023-12-27 15:00:00+00:00,2023-12-28 00:45:00+00:00,-1,2329.22,2417.815428874231,-86266.20887423141,2417.815428874231,stop,-1.0,-1.0348276775447238,39,9.75,88.5954288742314
ETH,2023-12-28 01:00:00+00:00,2023-12-28 01:00:00+00:00,2023-12-30 01:00:00+00:00,-1,2435.2,2531.5057078857894,-93870.50788578962,2304.12,tempo,1.3610823582279221,1.3290950745286705,192,48.0,96.30570788578962
ETH,2024-01-02 16:00:00+00:00,2024-01-02 16:00:00+00:00,2024-01-03 12:15:00+00:00,1,2359.61,2267.628381166653,94341.22883334705,2267.628381166653,stop,-1.0,-1.0326989781861493,81,20.25,91.98161883334706
ETH,2024-01-09 14:00:00+00:00,2024-01-09 14:00:00+00:00,2024-01-11 14:00:00+00:00,1,2275.17,2181.5154926302716,95929.67736972844,2636.4,tempo,3.8570487437827143,3.8229604698740536,192,48.0,93.65450736972844
ETH,2024-01-11 14:00:00+00:00,2024-01-11 14:00:00+00:00,2024-01-13 14:00:00+00:00,-1,2636.39,2771.7044379536073,-132678.04795360746,2542.99,tempo,0.6902441558529199,0.6653643495963677,192,48.0,135.31443795360747
ETH,2024-01-23 17:00:00+00:00,2024-01-23 17:00:00+00:00,2024-01-25 17:00:00+00:00,1,2216.24,2116.110280426775,102345.95957322499,2185.32,tempo,-0.30879942670155774,-0.3373725018304433,192,48.0,100.12971957322497
ETH,2024-02-13 00:00:00+00:00,2024-02-13 00:00:00+00:00,2024-02-14 10:30:00+00:00,-1,2660.91,2752.7054512253076,-89134.54122530771,2752.7054512253076,stop,-1.0,-1.038333599283254,138,34.5,91.79545122530772
ETH,2024-02-19 07:00:00+00:00,2024-02-19 07:00:00+00:00,2024-02-20 23:30:00+00:00,-1,2923.0,3030.1945246867745,-104271.52468677446,3030.1945246867745,stop,-1.0,-1.036098638921656,162,40.5,107.19452468677446
ETH,2024-02-25 21:00:00+00:00,2024-02-25 21:00:00+00:00,2024-02-27 02:00:00+00:00,-1,3102.71,3227.286237233458,-121473.52723345795,3227.286237233458,stop,-1.0,-1.0330279485524283,116,29.0,124.57623723345796
ETH,2024-02-27 02:00:00+00:00,2024-02-27 02:00:00+00:00,2024-02-29 02:00:00+00:00,1,3226.65,3092.534842139276,137341.80786072413,3423.62,tempo,1.4686632230232255,1.436432149601316,192,48.0,134.11515786072414
ETH,2024-03-05 12:00:00+00:00,2024-03-05 12:00:00+00:00,2024-03-07 12:00:00+00:00,-1,3737.95,3907.5816801867854,-165893.7301867856,3791.67,tempo,-0.3166861280914499,-0.34553836250079384,192,48.0,169.63168018678562
ETH,2024-04-05 00:00:00+00:00,2024-04-05 00:00:00+00:00,2024-04-07 00:00:00+00:00,1,3329.65,3151.7854670857864,181194.18291421366,3353.15,tempo,0.13212302427563988,0.10770095468802243,192,48.0,177.86453291421367
ETH,2024-04-08 15:00:00+00:00,2024-04-08 15:00:00+00:00,2024-04-10 15:00:00+00:00,-1,3648.4,3833.78647821744,-181738.07821744008,3488.41,tempo,0.8630079255961037,0.8379849220598965,192,48.0,185.38647821744007
ETH,2024-04-12 20:00:00+00:00,2024-04-12 20:00:00+00:00,2024-04-13 20:00:00+00:00,1,3206.93,3036.416369041253,173720.56095874694,3036.416369041253,stop,-1.0,-1.023799711008785,96,24.0,170.51363095874694
ETH,2024-04-27 18:00:00+00:00,2024-04-27 18:00:00+00:00,2024-04-29 18:00:00+00:00,-1,3256.79,3432.519293279976,-172472.503279976,3172.1,tempo,0.4819344482599721,0.4581548129925482,192,48.0,175.729293279976
ETH,2024-04-29 18:00:00+00:00,2024-04-29 18:00:00+00:00,2024-04-30 11:45:00+00:00,1,3172.1,3006.1626369245973,169109.46307540257,3006.1626369245973,stop,-1.0,-1.0242011240842495,71,17.75,165.93736307540257
ETH,2024-05-01 16:00:00+00:00,2024-05-01 16:00:00+00:00,2024-05-03 13:00:00+00:00,-1,2884.32,3044.1684876138593,-156964.1676138591,3044.1684876138593,stop,-1.0,-1.024107312959118,180,45.0,159.8484876138591
ETH,2024-05-16 15:00:00+00:00,2024-05-16 15:00:00+00:00,2024-05-18 15:00:00+00:00,1,2940.48,2815.917511463991,127502.9685360089,3104.36,tempo,1.3156448777323935,1.2841013043325722,192,48.0,124.56248853600891
ETH,2024-05-20 20:00:00+00:00,2024-05-20 20:00:00+00:00,2024-05-20 22:00:00+00:00,-1,3438.29,3635.674231744141,-193945.94174414081,3635.674231744141,stop,-1.0,-1.0232950560944196,8,2.0,197.38423174414083
ETH,2024-05-20 22:00:00+00:00,2024-05-20 22:00:00+00:00,2024-05-22 22:00:00+00:00,-1,3651.23,3874.3388192244824,-219457.58922448242,3776.71,tempo,-0.5624161359293801,-0.5840565220727092,192,48.0,223.10881922448243
ETH,2024-06-15 18:00:00+00:00,2024-06-15 18:00:00+00:00,2024-06-17 18:00:00+00:00,-1,3570.08,3711.819056478334,-138168.97647833408,3553.08,tempo,0.11993871288820511,0.08727267069038831,192,48.0,141.73905647833408
ETH,2024-06-18 02:00:00+00:00,2024-06-18 02:00:00+00:00,2024-06-20 02:00:00+00:00,1,3406.56,3271.9910436859013,137975.5163140986,3557.27,tempo,1.1199462649336929,1.0863093131137302,192,48.0,134.5689563140986
ETH,2024-06-24 21:00:00+00:00,2024-06-24 21:00:00+00:00,2024-06-26 21:00:00+00:00,-1,3310.75,3434.8225556185707,-120761.80561857074,3390.93,tempo,-0.6462347744854445,-0.6813440053567074,192,48.0,124.07255561857073
ETH,2024-07-05 03:00:00+00:00,2024-07-05 03:00:00+00:00,2024-07-07 03:00:00+00:00,1,2926.66,2791.121712963894,138464.94703610588,3065.94,tempo,1.0276063173418857,0.9988676481054775,192,48.0,135.53828703610588
ETH,2024-07-23 21:00:00+00:00,2024-07-23 21:00:00+00:00,2024-07-25 21:00:00+00:00,-1,3480.11,3626.1764391948623,-142586.32919486216,3153.61,tempo,2.235284174788623,2.2057639234306254,192,48.0,146.06643919486214
ETH,2024-07-25 21:00:00+00:00,2024-07-25 21:00:00+00:00,2024-07-27 21:00:00+00:00,1,3153.61,3014.802755243768,141960.85475623218,3241.23,tempo,0.6312350638028633,0.6012896095342497,192,48.0,138.8072447562322
ETH,2024-07-30 00:00:00+00:00,2024-07-30 00:00:00+00:00,2024-08-01 00:00:00+00:00,-1,3316.86,3454.8939195419644,-134717.05954196423,3231.48,tempo,0.6185436179984979,0.587707566873354,192,48.0,138.03391954196422
ETH,2024-08-02 16:00:00+00:00,2024-08-02 16:00:00+00:00,2024-08-03 17:45:00+00:00,1,3037.5,2900.5185253724276,140018.97462757243,2900.5185253724276,stop,-1.0,-1.0281768907217996,103,25.75,136.98147462757242
ETH,2024-08-04 19:00:00+00:00,2024-08-04 19:00:00+00:00,2024-08-05 01:00:00+00:00,1,2728.17,2595.3745486261887,135523.6213738114,2595.3745486261887,stop,-1.0,-1.0260573982076124,24,6.0,132.79545137381137
ETH,2024-08-05 01:00:00+00:00,2024-08-05 01:00:00+00:00,2024-08-05 01:15:00+00:00,1,2526.04,2382.3049404703147,146261.09952968528,2382.3049404703147,stop,-1.0,-1.0221965623539941,1,0.25,143.73505952968526
ETH,2024-08-05 02:00:00+00:00,2024-08-05 02:00:00+00:00,2024-08-05 06:30:00+00:00,1,2317.37,2155.5308251548004,164156.5448451995,2155.5308251548004,stop,-1.0,-1.0179646586750801,18,4.5,161.83917484519952
ETH,2024-08-05 07:00:00+00:00,2024-08-05 07:00:00+00:00,2024-08-07 07:00:00+00:00,1,2267.36,2108.1390840097356,161488.27599026452,2499.15,tempo,1.4557760741319479,1.4363173775107738,192,48.0,159.22091599026453
ETH,2024-08-13 00:00:00+00:00,2024-08-13 00:00:00+00:00,2024-08-15 00:00:00+00:00,-1,2721.15,2928.2012282014766,-204330.07820147654,2659.82,tempo,0.29620688818286645,0.27931430304641636,192,48.0,207.05122820147653
ETH,2024-08-28 22:00:00+00:00,2024-08-28 22:00:00+00:00,2024-08-30 22:00:00+00:00,-1,2529.49,2666.7271857913543,-134707.6957913545,2517.15,tempo,0.08991732035922492,0.06601478999848759,192,48.0,137.23718579135448
ETH,2024-09-16 00:00:00+00:00,2024-09-16 00:00:00+00:00,2024-09-18 00:00:00+00:00,1,2314.85,2213.4713195196687,103693.53048033125,2340.59,tempo,0.25389953664857695,0.22405069677748501,192,48.0,101.37868048033124
ETH,2024-09-20 12:00:00+00:00,2024-09-20 12:00:00+00:00,2024-09-22 12:00:00+00:00,-1,2543.97,2656.996313999364,-110482.34399936399,2579.58,tempo,-0.31505937635195735,-0.3445242627324753,192,48.0,113.02631399936399
ETH,2024-09-23 19:00:00+00:00,2024-09-23 19:00:00+00:00,2024-09-25 19:00:00+00:00,-1,2678.38,2791.7612917166934,-110702.91171669334,2581.5,tempo,0.8544619534065185,0.8243077547002374,192,48.0,113.38129171669334
ETH,2024-10-02 07:00:00+00:00,2024-10-02 07:00:00+00:00,2024-10-02 19:00:00+00:00,1,2484.7,2389.6504611149853,97534.23888501449,2389.6504611149853,stop,-1.0,-1.0333334368255862,48,12.0,95.0495388850145
ETH,2024-10-02 21:00:00+00:00,2024-10-02 21:00:00+00:00,2024-10-04 21:00:00+00:00,1,2384.9,2289.0984225498464,98186.47745015367,2428.34,tempo,0.4534372100772791,0.42078006514010063,192,48.0,95.80157745015367
ETH,2024-10-15 17:00:00+00:00,2024-10-15 17:00:00+00:00,2024-10-17 17:00:00+00:00,1,2591.87,2472.961813587196,121500.05641280384,2612.12,tempo,0.17029946054092296,0.14185235692219544,192,48.0,118.90818641280384
ETH,2024-10-21 09:00:00+00:00,2024-10-21 09:00:00+00:00,2024-10-23 09:00:00+00:00,-1,2716.45,2825.763046718992,-106596.59671899215,2575.86,tempo,1.2861227842401126,1.2546535168173216,192,48.0,109.31304671899215
ETH,2024-10-23 17:00:00+00:00,2024-10-23 17:00:00+00:00,2024-10-25 17:00:00+00:00,1,2491.49,2393.1903701438523,100791.11985614749,2531.19,tempo,0.4038672379346453,0.37065508846086137,192,48.0,98.29962985614748
ETH,2024-10-31 15:00:00+00:00,2024-10-31 15:00:00+00:00,2024-11-02 15:00:00+00:00,1,2556.05,2456.5336113446465,102072.43865535369,2489.66,tempo,-0.6671262984624868,-0.7000827948176583,192,48.0,99.5163886553537
ETH,2024-11-07 02:00:00+00:00,2024-11-07 02:00:00+00:00,2024-11-08 00:30:00+00:00,-1,2815.3,2949.7927022572067,-131677.4022572065,2949.7927022572067,stop,-1.0,-1.0278625545741564,90,22.5,134.49270225720647
ETH,2024-11-08 01:00:00+00:00,2024-11-08 01:00:00+00:00,2024-11-09 06:00:00+00:00,-1,2907.63,3049.38273051551,-138845.10051550993,3049.38273051551,stop,-1.0,-1.02731558158177,116,29.0,141.75273051550994
ETH,2024-11-09 20:00:00+00:00,2024-11-09 20:00:00+00:00,2024-11-10 05:30:00+00:00,-1,3070.71,3219.5897511994735,-145809.04119947352,3219.5897511994735,stop,-1.0,-1.0274630687204838,38,9.5,148.8797511994735
ETH,2024-11-12 01:00:00+00:00,2024-11-12 01:00:00+00:00,2024-11-13 04:45:00+00:00,1,3346.05,3176.597652228896,172798.39777110406,3176.597652228896,stop,-1.0,-1.0250201371047145,111,27.75,169.4523477711041
ETH,2024-11-13 09:00:00+00:00,2024-11-13 09:00:00+00:00,2024-11-15 09:00:00+00:00,1,3161.42,2992.193807320244,172387.61267975598,3071.75,tempo,-0.5298825115665858,-0.553824198345932,192,48.0,169.22619267975597
ETH,2024-11-22 05:00:00+00:00,2024-11-22 05:00:00+00:00,2024-11-24 05:00:00+00:00,-1,3393.06,3595.8540799814614,-199401.01998146143,3416.38,tempo,-0.11499349488965348,-0.13681926021970955,192,48.0,202.79407998146144
ETH,2024-11-25 16:00:00+00:00,2024-11-25 16:00:00+00:00,2024-11-27 16:00:00+00:00,-1,3521.18,3726.2149062560866,-201513.72625608675,3555.07,tempo,-0.16528892869427816,-0.18772199916011967,192,48.0,205.03490625608674
ETH,2024-12-04 16:00:00+00:00,2024-12-04 16:00:00+00:00,2024-12-06 15:15:00+00:00,-1,3824.38,4024.853286268623,-196648.9062686228,4024.853286268623,stop,-1.0,-1.0254497830161682,189,47.25,200.47328626862281
ETH,2024-12-10 18:00:00+00:00,2024-12-10 18:00:00+00:00,2024-12-12 18:00:00+00:00,1,3527.71,3331.9061710611854,199331.5389388146,3960.5,tempo,2.210324498481792,2.1854662690672844,192,48.0,195.8038289388146
ETH,2024-12-19 18:00:00+00:00,2024-12-19 18:00:00+00:00,2024-12-20 09:00:00+00:00,1,3478.67,3282.146737923674,200001.93207632587,3282.146737923674,stop,-1.0,-1.0223613776467013,60,15.0,196.52326207632586
ETH,2024-12-20 10:00:00+00:00,2024-12-20 10:00:00+00:00,2024-12-22 10:00:00+00:00,1,3265.61,3067.142096931478,201733.51306852198,3381.82,tempo,0.5855354856038257,0.5637645622797243,192,48.0,198.467903068522
ETH,2024-12-23 21:00:00+00:00,2024-12-23 21:00:00+00:00,2024-12-25 21:00:00+00:00,-1,3402.56,3629.1137558267455,-223151.1958267456,3472.01,tempo,-0.30654976231385617,-0.3262734278240286,192,48.0,226.5537558267456
ETH,2025-01-13 15:00:00+00:00,2025-01-13 15:00:00+00:00,2025-01-15 15:00:00+00:00,1,3033.7,2887.6486849394023,149085.01506059754,3328.36,tempo,2.017510077726751,1.9891957897089798,192,48.0,146.05131506059752
ETH,2025-01-16 21:00:00+00:00,2025-01-16 21:00:00+00:00,2025-01-18 21:00:00+00:00,1,3335.61,3164.4012519557423,174544.35804425782,3264.87,tempo,-0.41317982175603424,-0.43823877492874797,192,48.0,171.20874804425785
ETH,2025-01-18 21:00:00+00:00,2025-01-18 21:00:00+00:00,2025-01-20 21:00:00+00:00,1,3264.87,3089.58325593488,178551.61406511982,3320.27,tempo,0.31605356295179254,0.29163448310163664,192,48.0,175.28674406511982
ETH,2025-01-31 16:00:00+00:00,2025-01-31 16:00:00+00:00,2025-02-02 16:00:00+00:00,-1,3426.21,3615.3511190409386,-185714.90904093854,3079.48,tempo,1.8331814983338037,1.810824125587771,192,48.0,189.14111904093852
ETH,2025-02-02 19:00:00+00:00,2025-02-02 19:00:00+00:00,2025-02-02 22:45:00+00:00,1,2927.15,2763.959849299585,166117.30070041495,2763.959849299585,stop,-1.0,-1.0226681658554,15,3.75,163.19015070041496
ETH,2025-02-02 23:00:00+00:00,2025-02-02 23:00:00+00:00,2025-02-03 02:00:00+00:00,1,2874.41,2712.8729284864444,164411.48151355548,2712.8729284864444,stop,-1.0,-1.0224823557186464,12,3.0,161.53707151355547
ETH,2025-02-03 02:00:00+00:00,2025-02-03 02:00:00+00:00,2025-02-03 02:15:00+00:00,1,2496.0,2294.109270034088,204386.7299659122,2294.109270034088,stop,-1.0,-1.0154220603692297,1,0.25,201.89072996591221
ETH,2025-02-03 03:00:00+00:00,2025-02-03 03:00:00+00:00,2025-02-05 03:00:00+00:00,1,2484.9,2284.253337052998,203131.56294700192,2738.23,tempo,1.2625677211831507,1.2456472578665156,192,48.0,200.64666294700191
ETH,2025-02-24 23:00:00+00:00,2025-02-24 23:00:00+00:00,2025-02-25 07:30:00+00:00,1,2506.66,2353.4136830972543,155752.97690274555,2353.4136830972543,stop,-1.0,-1.0206141847834296,34,8.5,153.24631690274555
ETH,2025-02-25 23:00:00+00:00,2025-02-25 23:00:00+00:00,2025-02-27 23:00:00+00:00,-1,2509.56,2672.482234672834,-160412.67467283385,2290.97,tempo,1.3416830455275393,1.3225306903792933,192,48.0,162.92223467283384
ETH,2025-03-01 09:00:00+00:00,2025-03-01 09:00:00+00:00,2025-03-03 09:00:00+00:00,1,2233.61,2080.9156594710566,154927.95052894347,2344.19,tempo,0.7241918699602313,0.7047047691961007,192,48.0,152.69434052894348
ETH,2025-03-11 04:00:00+00:00,2025-03-11 04:00:00+00:00,2025-03-13 04:00:00+00:00,1,1848.96,1691.2221392642944,159586.82073570567,1886.02,tempo,0.2349467643795109,0.21955580504560854,192,48.0,157.73786073570568
ETH,2025-03-28 13:00:00+00:00,2025-03-28 13:00:00+00:00,2025-03-30 13:00:00+00:00,1,1883.11,1783.7231357621692,101269.97423783065,1833.15,tempo,-0.5026821238714866,-0.5269868347457486,192,48.0,99.38686423783065
SOL,2023-01-03 01:00:00+00:00,2023-01-03 01:00:00+00:00,2023-01-03 14:45:00+00:00,-1,11.279,12.39537452777857,-1105.0955277785697,12.39537452777857,stop,-1.0,-1.0137842122514895,55,13.75,1.1163745277785697
SOL,2023-01-03 16:00:00+00:00,2023-01-03 16:00:00+00:00,2023-01-04 08:00:00+00:00,-1,12.819,14.13071223230291,-1298.8932323029094,14.13071223230291,stop,-1.0,-1.0133545396006887,64,16.0,1.3117122323029093
SOL,2023-01-04 08:00:00+00:00,2023-01-04 08:00:00+00:00,2023-01-06 08:00:00+00:00,-1,14.109,15.541393737724611,-1418.2847377246114,13.109,tempo,0.6981320663887582,0.6857809233098282,192,48.0,1.4323937377246114
SOL,2023-01-09 01:00:00+00:00,2023-01-09 01:00:00+00:00,2023-01-09 02:15:00+00:00,-1,14.957,16.362836637112782,-1390.879637112781,16.362836637112782,stop,-1.0,-1.0144809811301638,5,1.25,1.405836637112781
SOL,2023-01-09 03:00:00+00:00,2023-01-09 03:00:00+00:00,2023-01-11 03:00:00+00:00,-1,15.983,17.52021996882313,-1521.2369688231306,15.993,tempo,-0.006505249868472381,-0.020026021405100403,192,48.0,1.5372199688231305
SOL,2023-01-12 23:00:00+00:00,2023-01-12 23:00:00+00:00,2023-01-14 23:00:00+00:00,1,16.377,14.834781883451615,1558.5951165483834,23.662,tempo,4.723715745412494,4.70684047354223,192,48.0,1.5422181165483835
SOL,2023-01-14 23:00:00+00:00,2023-01-14 23:00:00+00:00,2023-01-16 23:00:00+00:00,-1,23.663,26.415859402888902,-2729.196402888902,23.679,tempo,-0.005812138456183974,-0.016990442719637087,192,48.0,2.7528594028889017
SOL,2023-02-16 01:00:00+00:00,2023-02-16 01:00:00+00:00,2023-02-18 01:00:00+00:00,1,23.653,21.86761234617644,1809.0406538235588,23.324,tempo,-0.18427370621467876,-0.20137646254583552,192,48.0,1.785387653823559
SOL,2023-02-20 00:00:00+00:00,2023-02-20 00:00:00+00:00,2023-02-20 05:15:00+00:00,-1,24.851,26.724927780618145,-1849.0767806181461,26.724927780618145,stop,-1.0,-1.0178898853008855,21,5.25,1.8739277806181462
SOL,2023-02-20 06:00:00+00:00,2023-02-20 06:00:00+00:00,2023-02-22 06:00:00+00:00,-1,26.48,28.543823068826878,-2037.3430688268777,24.028,tempo,1.1880863418169718,1.172178873538375,192,48.0,2.0638230688268777
SOL,2023-03-08 14:00:00+00:00,2023-03-08 14:00:00+00:00,2023-03-09 19:15:00+00:00,1,18.753,17.60079487864246,1170.9581213575395,17.60079487864246,stop,-1.0,-1.020508472174882,117,29.25,1.1522051213575395
SOL,2023-03-10 16:00:00+00:00,2023-03-10 16:00:00+00:00,2023-03-12 16:00:00+00:00,-1,17.647,18.929935014440595,-1265.2880144405965,17.827,tempo,-0.1403032873636935,-0.15827621642125306,192,48.0,1.2829350144405964
SOL,2023-03-13 17:00:00+00:00,2023-03-13 17:00:00+00:00,2023-03-15 16:45:00+00:00,1,20.557,18.83546007228085,1742.0969277191496,18.83546007228085,stop,-1.0,-1.014873369263591,191,47.75,1.7215399277191494
SOL,2023-03-15 19:00:00+00:00,2023-03-15 19:00:00+00:00,2023-03-17 19:00:00+00:00,1,19.122,17.455129356929817,1685.9926430701832,20.186,tempo,0.63832187843937,0.6229936343994249,192,48.0,1.6668706430701832
SOL,2023-04-11 15:00:00+00:00,2023-04-11 15:00:00+00:00,2023-04-13 09:30:00+00:00,-1,23.168,24.54580640326078,-1354.638403260781,24.54580640326078,stop,-1.0,-1.0225096748634064,170,42.5,1.3778064032607809
SOL,2023-04-17 04:00:00+00:00,2023-04-17 04:00:00+00:00,2023-04-19 04:00:00+00:00,-1,25.832,27.48754933342778,-1629.7173334277784,24.624,tempo,0.7296671718618403,0.709857191369084,192,48.0,1.6555493334277784
SOL,2023-04-19 09:00:00+00:00,2023-04-19 09:00:00+00:00,2023-04-21 09:00:00+00:00,1,22.823,21.251453336863452,1594.369663136548,22.169,tempo,-0.4161505447727042,-0.43475947359803874,192,48.0,1.571546663136548
SOL,2023-04-28 19:00:00+00:00,2023-04-28 19:00:00+00:00,2023-04-30 19:00:00+00:00,-1,23.257,24.871312198619133,-1591.0551986191317,23.438,tempo,-0.11212205430574282,-0.1309237148680322,192,48.0,1.6143121986191318
SOL,2023-05-12 15:00:00+00:00,2023-05-12 15:00:00+00:00,2023-05-14 15:00:00+00:00,-1,20.374,21.472443784849332,-1078.0697848493335,21.114,tempo,-0.6736803559788023,-0.6982307247568449,192,48.0,1.0984437848493336
SOL,2023-05-27 23:00:00+00:00,2023-05-27 23:00:00+00:00,2023-05-28 22:15:00+00:00,-1,20.363,21.151682915941254,-768.319915941255,21.151682915941254,stop,-1.0,-1.034214693066043,93,23.25,0.788682915941255
SOL,2023-05-30 19:00:00+00:00,2023-05-30 19:00:00+00:00,2023-06-01 19:00:00+00:00,-1,21.358,22.170352607222306,-790.9946072223051,20.775,tempo,0.7176686512935146,0.6839561356241884,192,48.0,0.8123526072223051
SOL,2023-06-04 14:00:00+00:00,2023-06-04 14:00:00+00:00,2023-06-06 14:00:00+00:00,-1,22.04,22.852248426058136,-790.2084260581366,19.745,tempo,2.8254902396520416,2.792051886152473,192,48.0,0.8122484260581366
SOL,2023-06-06 21:00:00+00:00,2023-06-06 21:00:00+00:00,2023-06-07 16:15:00+00:00,1,20.238,19.18609208531524,1072.145914684758,19.18609208531524,stop,-1.0,-1.0243611246742397,77,19.25,1.051907914684758
SOL,2023-06-07 17:00:00+00:00,2023-06-07 17:00:00+00:00,2023-06-09 17:00:00+00:00,1,19.026,18.030155931196695,1014.8700688033043,18.507,tempo,-0.521165929746085,-0.54566419284195,192,48.0,0.9958440688033043
SOL,2023-06-09 20:00:00+00:00,2023-06-09 20:00:00+00:00,2023-06-10 02:45:00+00:00,1,17.383,16.43180321962724,968.5797803727579,16.43180321962724,stop,-1.0,-1.023107334408916,27,6.75,0.9511967803727579
SOL,2023-06-10 03:00:00+00:00,2023-06-10 03:00:00+00:00,2023-06-10 04:30:00+00:00,1,16.445,15.488392632330974,973.0523676690259,15.488392632330974,stop,-1.0,-1.0216982493680695,6,1.5,0.9566073676690259
SOL,2023-06-10 05:00:00+00:00,2023-06-10 05:00:00+00:00,2023-06-10 06:45:00+00:00,1,14.556,13.41316046358672,1157.3955364132787,13.41316046358672,stop,-1.0,-1.0159077050820169,7,1.75,1.1428395364132786
SOL,2023-06-10 07:00:00+00:00,2023-06-10 07:00:00+00:00,2023-06-12 07:00:00+00:00,1,14.024,12.913654604857106,1124.3693951428932,15.154,tempo,1.0177013431523965,1.0006204419454714,192,48.0,1.1103453951428932
SOL,2023-06-21 03:00:00+00:00,2023-06-21 03:00:00+00:00,2023-06-23 03:00:00+00:00,1,16.83,15.61967544320516,1227.1545567948376,16.737,tempo,-0.07683889373134847,-0.09486591786922066,192,48.0,1.2103245567948377
SOL,2023-06-23 16:00:00+00:00,2023-06-23 16:00:00+00:00,2023-06-25 16:00:00+00:00,1,16.961,15.771674929940467,1206.2860700595318,17.104,tempo,0.12023626138885882,0.10161876936971584,192,48.0,1.1893250700595317
SOL,2023-06-29 12:00:00+00:00,2023-06-29 12:00:00+00:00,2023-06-30 13:00:00+00:00,-1,18.045,19.33193325289027,-1268.8882528902682,19.33193325289027,stop,-1.0,-1.0188782180892564,100,25.0,1.2869332528902682
SOL,2023-06-30 18:00:00+00:00,2023-06-30 18:00:00+00:00,2023-07-02 18:00:00+00:00,-1,19.524,21.124509123226087,-1580.9851232260858,19.159,tempo,0.22805243325591623,0.21234246344998456,192,48.0,1.600509123226086
SOL,2023-07-06 18:00:00+00:00,2023-07-06 18:00:00+00:00,2023-07-07 15:15:00+00:00,-1,20.062,21.581852565944487,-1499.7905659444862,21.581852565944487,stop,-1.0,-1.0178099539221046,85,21.25,1.5198525659444861
SOL,2023-07-07 17:00:00+00:00,2023-07-07 17:00:00+00:00,2023-07-09 17:00:00+00:00,-1,21.46,23.230979552194587,-1749.5195521945857,21.272,tempo,0.10615594051723187,0.09047207789692074,192,48.0,1.7709795521945857
SOL,2023-07-13 17:00:00+00:00,2023-07-13 17:00:00+00:00,2023-07-14 00:45:00+00:00,-1,25.306,27.37039648246295,-2039.0904824629497,27.37039648246295,stop,-1.0,-1.016585795415012,31,7.75,2.06439648246295
SOL,2023-07-14 01:00:00+00:00,2023-07-14 01:00:00+00:00,2023-07-16 01:00:00+00:00,-1,29.378,32.3578393414067,-2950.461341406702,27.57,tempo,0.6067441203546536,0.5943219070206537,192,48.0,2.979839341406702
SOL,2023-08-16 05:00:00+00:00,2023-08-16 05:00:00+00:00,2023-08-16 20:30:00+00:00,1,23.529,22.458614533940136,1093.9144660598645,22.458614533940136,stop,-1.0,-1.0279263409256618,62,15.5,1.0703854660598644
SOL,2023-08-17 16:00:00+00:00,2023-08-17 16:00:00+00:00,2023-08-19 16:00:00+00:00,-1,22.852,23.91221707035733,-1037.3650703573285,21.96,tempo,0.8413371421187981,0.8138637116163228,192,48.0,1.0602170703573286
SOL,2023-08-29 17:00:00+00:00,2023-08-29 17:00:00+00:00,2023-08-31 14:15:00+00:00,1,21.695,20.422094257605053,1294.600742394947,20.422094257605053,stop,-1.0,-1.0215067858959734,181,45.25,1.272905742394947
SOL,2023-09-05 16:00:00+00:00,2023-09-05 16:00:00+00:00,2023-09-07 16:00:00+00:00,-1,20.384,21.41612740939836,-1011.7434093983597,19.512,tempo,0.8448569353548123,0.8197317427052766,192,48.0,1.0321274093983597
SOL,2023-09-10 05:00:00+00:00,2023-09-10 05:00:00+00:00,2023-09-11 10:30:00+00:00,1,18.363,17.463594952860497,917.7680471395029,17.463594952860497,stop,-1.0,-1.0258918790743092,118,29.5,0.8994050471395028
SOL,2023-09-29 15:00:00+00:00,2023-09-29 15:00:00+00:00,2023-09-30 15:00:00+00:00,-1,20.347,21.205190405886086,-837.8434058860844,21.205190405886086,stop,-1.0,-1.0314719479250518,96,24.0,0.8581904058860843
SOL,2023-09-30 16:00:00+00:00,2023-09-30 16:00:00+00:00,2023-10-01 10:15:00+00:00,-1,21.414,22.336688623458663,-901.2746234586616,22.336688623458663,stop,-1.0,-1.0308207415613835,73,18.25,0.9226886234586615
SOL,2023-10-01 11:00:00+00:00,2023-10-01 11:00:00+00:00,2023-10-01 22:30:00+00:00,-1,23.076,24.242066223151433,-1142.9902231514322,24.242066223151433,stop,-1.0,-1.0263764976931795,46,11.5,1.1660662231514323
SOL,2023-10-01 23:00:00+00:00,2023-10-01 23:00:00+00:00,2023-10-03 23:00:00+00:00,-1,24.376,25.78354103439345,-1383.16503439345,23.539,tempo,0.5946540665940068,0.572527002985221,192,48.0,1.40754103439345
SOL,2023-10-20 02:00:00+00:00,2023-10-20 02:00:00+00:00,2023-10-20 05:15:00+00:00,-1,25.018,26.26414673655938,-1221.1287365593782,26.26414673655938,stop,-1.0,-1.0267491735931495,13,3.25,1.2461467365593784
SOL,2023-10-20 06:00:00+00:00,2023-10-20 06:00:00+00:00,2023-10-21 06:45:00+00:00,-1,26.342,27.683090045072646,-1314.748045072647,27.683090045072646,stop,-1.0,-1.0261848998568883,99,24.75,1.3410900450726473
SOL,2023-10-21 12:00:00+00:00,2023-10-21 12:00:00+00:00,2023-10-23 04:15:00+00:00,-1,29.513,31.252926560102157,-1710.4135601021555,31.252926560102157,stop,-1.0,-1.0227008732263663,161,40.25,1.7399265601021554
SOL,2023-10-24 02:00:00+00:00,2023-10-24 02:00:00+00:00,2023-10-26 02:00:00+00:00,1,31.57,29.252079519102146,2349.490480897854,32.245,tempo,0.2912092996988981,0.273314056811216,192,48.0,2.317920480897854
SOL,2023-10-30 19:00:00+00:00,2023-10-30 19:00:00+00:00,2023-10-31 21:00:00+00:00,-1,34.899,37.47185925091064,-2537.9602509106394,37.47185925091064,stop,-1.0,-1.0182835724482178,104,26.0,2.572859250910639
SOL,2023-10-31 23:00:00+00:00,2023-10-31 23:00:00+00:00,2023-11-01 14:45:00+00:00,-1,37.904,40.68123547806099,-2739.3314780609876,40.68123547806099,stop,-1.0,-1.0183925358379777,63,15.75,2.7772354780609874
SOL,2023-11-01 15:00:00+00:00,2023-11-01 15:00:00+00:00,2023-11-01 18:00:00+00:00,-1,40.129,43.03789796689556,-2868.768966895559,43.03789796689556,stop,-1.0,-1.0185838363166015,12,3.0,2.908897966895559
SOL,2023-11-01 18:00:00+00:00,2023-11-01 18:00:00+00:00,2023-11-03 18:00:00+00:00,-1,44.462,48.04348833533121,-3537.0263353312084,39.003,tempo,1.524226659109073,1.509078696887668,192,48.0,3.5814883353312084
SOL,2023-11-10 07:00:00+00:00,2023-11-10 07:00:00+00:00,2023-11-10 18:15:00+00:00,-1,48.86,53.28256694092886,-4373.706940928861,53.28256694092886,stop,-1.0,-1.015012247275936,45,11.25,4.42256694092886
SOL,2023-11-10 19:00:00+00:00,2023-11-10 19:00:00+00:00,2023-11-11 13:30:00+00:00,-1,53.446,58.50583912356083,-5006.393123560834,58.50583912356083,stop,-1.0,-1.0143816223506932,74,18.5,5.059839123560835
SOL,2023-11-11 14:00:00+00:00,2023-11-11 14:00:00+00:00,2023-11-13 14:00:00+00:00,-1,59.718,65.75549704106487,-5977.779041064868,57.356,tempo,0.39122172382603815,0.3786174774831566,192,48.0,6.037497041064867
SOL,2023-11-15 00:00:00+00:00,2023-11-15 00:00:00+00:00,2023-11-15 11:45:00+00:00,-1,56.842,63.207627937774745,-6308.785937774747,63.207627937774745,stop,-1.0,-1.012258375595045,47,11.75,6.365627937774747
SOL,2023-11-15 12:00:00+00:00,2023-11-15 12:00:00+00:00,2023-11-17 12:00:00+00:00,-1,63.042,70.22299380670638,-7117.951806706382,58.175,tempo,0.6777613420937193,0.6667891769420914,192,48.0,7.1809938067063825
SOL,2023-12-04 08:00:00+00:00,2023-12-04 08:00:00+00:00,2023-12-06 08:00:00+00:00,1,63.774,58.999893491313216,4837.880508686785,63.427,tempo,-0.07268375755099162,-0.09000231754741343,192,48.0,4.774106508686785
SOL,2023-12-07 23:00:00+00:00,2023-12-07 23:00:00+00:00,2023-12-08 11:45:00+00:00,-1,67.988,73.41165475387129,-5355.666753871289,73.41165475387129,stop,-1.0,-1.0169460962692016,51,12.75,5.42365475387129
SOL,2023-12-08 12:00:00+00:00,2023-12-08 12:00:00+00:00,2023-12-10 12:00:00+00:00,-1,73.015,78.90193627058504,-5813.921270585039,71.496,tempo,0.25802895261324926,0.24207291951172819,192,48.0,5.886936270585039
SOL,2023-12-21 05:00:00+00:00,2023-12-21 05:00:00+00:00,2023-12-21 17:30:00+00:00,-1,84.866,92.12567814469728,-7174.8121446972755,92.12567814469728,stop,-1.0,-1.0158470649112847,50,12.5,7.259678144697276
SOL,2023-12-21 18:00:00+00:00,2023-12-21 18:00:00+00:00,2023-12-23 18:00:00+00:00,-1,92.589,100.74305640989073,-8061.467409890728,98.278,tempo,-0.6976895564641115,-0.7129045051673745,192,48.0,8.154056409890728
SOL,2023-12-23 23:00:00+00:00,2023-12-23 23:00:00+00:00,2023-12-25 15:00:00+00:00,-1,108.861,119.26817546593881,-10298.314465938805,119.26817546593881,stop,-1.0,-1.0142482429106892,160,40.0,10.407175465938806
SOL,2024-02-20 16:00:00+00:00,2024-02-20 16:00:00+00:00,2024-02-21 18:30:00+00:00,1,106.649,100.4534415556692,6302.2074443308,100.4534415556692,stop,-1.0,-1.021727918188612,106,26.5,6.1955584443308
SOL,2024-02-27 14:00:00+00:00,2024-02-27 14:00:00+00:00,2024-02-29 14:00:00+00:00,1,110.368,103.91967345380178,6558.694546198218,132.92,tempo,3.4973414944837318,3.4728177364409207,192,48.0,6.448326546198217
SOL,2024-02-29 14:00:00+00:00,2024-02-29 14:00:00+00:00,2024-03-02 14:00:00+00:00,-1,132.912,142.53399934574526,-9489.08734574525,129.406,tempo,0.3643733359377453,0.34665282964033045,192,48.0,9.621999345745252
SOL,2024-03-04 18:00:00+00:00,2024-03-04 18:00:00+00:00,2024-03-05 20:00:00+00:00,1,127.545,117.65488503866095,10017.659961339052,117.65488503866095,stop,-1.0,-1.0161150730702477,104,26.0,9.890114961339052
SOL,2024-03-07 03:00:00+00:00,2024-03-07 03:00:00+00:00,2024-03-09 03:00:00+00:00,-1,141.213,155.0249112137922,-13670.6982137922,146.489,tempo,-0.3819891337508411,-0.3955286285466997,192,48.0,13.8119112137922
SOL,2024-03-14 04:00:00+00:00,2024-03-14 04:00:00+00:00,2024-03-15 01:30:00+00:00,-1,167.589,182.5465680597328,-14789.979059732806,182.5465680597328,stop,-1.0,-1.0152155830633667,86,21.5,14.957568059732807
SOL,2024-03-15 02:00:00+00:00,2024-03-15 02:00:00+00:00,2024-03-17 02:00:00+00:00,-1,184.137,201.1815402567092,-16860.403256709214,187.054,tempo,-0.17113984631247464,-0.18529535572288702,192,48.0,17.04454025670921
SOL,2024-04-05 07:00:00+00:00,2024-04-05 07:00:00+00:00,2024-04-07 07:00:00+00:00,1,175.34,161.31355821211466,14201.781787885346,179.629,tempo,0.3057796171588151,0.2893299819990783,192,48.0,14.026441787885346
SOL,2024-04-12 19:00:00+00:00,2024-04-12 19:00:00+00:00,2024-04-13 17:45:00+00:00,1,151.054,139.37790508934043,11827.148910659573,139.37790508934043,stop,-1.0,-1.0161681400975702,91,22.75,11.676094910659572
SOL,2024-04-13 18:00:00+00:00,2024-04-13 18:00:00+00:00,2024-04-13 20:00:00+00:00,1,139.389,127.96816203666428,11560.226963335728,127.96816203666428,stop,-1.0,-1.0152162350855274,8,2.0,11.420837963335728
SOL,2024-04-13 21:00:00+00:00,2024-04-13 21:00:00+00:00,2024-04-15 21:00:00+00:00,1,124.355,112.48653254855503,11992.82245144497,136.123,tempo,0.991534926320015,0.9772693355272134,192,48.0,11.868467451444971
SOL,2024-05-01 17:00:00+00:00,2024-05-01 17:00:00+00:00,2024-05-01 19:00:00+00:00,-1,124.476,134.69998642328468,-10099.510423284684,134.69998642328468,stop,-1.0,-1.0164773684354143,8,2.0,10.223986423284686
SOL,2024-05-01 19:00:00+00:00,2024-05-01 19:00:00+00:00,2024-05-03 19:00:00+00:00,-1,133.917,145.46062224103224,-11409.70524103224,141.516,tempo,-0.6582855746083807,-0.673794696984512,192,48.0,11.543622241032239
SOL,2024-05-06 20:00:00+00:00,2024-05-06 20:00:00+00:00,2024-05-08 20:00:00+00:00,-1,153.455,165.97165835323332,-12363.20335323331,145.429,tempo,0.6412254591838986,0.6257041759054576,192,48.0,12.51665835323331
SOL,2024-05-13 06:00:00+00:00,2024-05-13 06:00:00+00:00,2024-05-15 06:00:00+00:00,1,138.191,128.17099694448976,10158.194055510245,143.966,tempo,0.5763471296372701,0.5580435374143972,192,48.0,10.020003055510244
SOL,2024-05-21 07:00:00+00:00,2024-05-21 07:00:00+00:00,2024-05-23 07:00:00+00:00,1,181.895,169.59341805108141,12483.476948918596,177.834,tempo,-0.3301201436419322,-0.3491277681060813,192,48.0,12.301581948918596
SOL,2024-05-24 22:00:00+00:00,2024-05-24 22:00:00+00:00,2024-05-26 22:00:00+00:00,1,167.502,156.2286457807046,11440.856219295414,163.403,tempo,-0.3636007456400324,-0.38268009379285245,192,48.0,11.273354219295413
SOL,2024-06-18 00:00:00+00:00,2024-06-18 00:00:00+00:00,2024-06-18 01:45:00+00:00,1,143.197,135.86812181831496,7472.075181685042,135.86812181831496,stop,-1.0,-1.02475035396757,7,1.75,7.328878181685042
SOL,2024-06-18 02:00:00+00:00,2024-06-18 02:00:00+00:00,2024-06-20 02:00:00+00:00,1,132.556,124.63203881836122,8056.517181638787,134.943,tempo,0.3012382248326884,0.2792953674644699,192,48.0,7.923961181638788
SOL,2024-06-24 18:00:00+00:00,2024-06-24 18:00:00+00:00,2024-06-25 03:45:00+00:00,-1,128.124,135.48711384522085,-7234.989845220852,135.48711384522085,stop,-1.0,-1.0232710273942878,39,9.75,7.363113845220852
SOL,2024-06-25 04:00:00+00:00,2024-06-25 04:00:00+00:00,2024-06-27 04:00:00+00:00,-1,135.709,143.84953271191821,-8004.823711918212,137.488,tempo,-0.21853606673620232,-0.24035012440100545,192,48.0,8.140532711918212
SOL,2024-06-27 15:00:00+00:00,2024-06-27 15:00:00+00:00,2024-06-29 15:00:00+00:00,-1,148.053,157.5835873287806,-9382.534328780599,141.785,tempo,0.6576719549142379,0.6379045792530252,192,48.0,9.530587328780598
SOL,2024-07-02 19:00:00+00:00,2024-07-02 19:00:00+00:00,2024-07-04 19:00:00+00:00,-1,152.887,161.5677121769875,-8527.825176987497,134.01,tempo,2.1745911643105496,2.1531087045540374,192,48.0,8.680712176987498
SOL,2024-07-06 01:00:00+00:00,2024-07-06 01:00:00+00:00,2024-07-08 01:00:00+00:00,-1,134.953,144.6652316025459,-9577.278602545899,129.116,tempo,0.6009947290043945,0.5833216691944322,192,48.0,9.712231602545899
SOL,2024-08-01 10:00:00+00:00,2024-08-01 10:00:00+00:00,2024-08-01 18:45:00+00:00,1,168.195,157.99606229292021,10367.132707079778,157.99606229292021,stop,-1.0,-1.0207888504253946,35,8.75,10.198937707079779
SOL,2024-08-01 21:00:00+00:00,2024-08-01 21:00:00+00:00,2024-08-02 15:15:00+00:00,1,164.759,154.4496288712145,10474.1301287855,154.4496288712145,stop,-1.0,-1.0201259229272437,73,18.25,10.3093711287855
SOL,2024-08-02 17:00:00+00:00,2024-08-02 17:00:00+00:00,2024-08-03 17:30:00+00:00,1,154.304,143.95399977656888,10504.304223431123,143.95399977656888,stop,-1.0,-1.0187311783255693,98,24.5,10.350000223431124
SOL,2024-08-05 16:00:00+00:00,2024-08-05 16:00:00+00:00,2024-08-06 06:15:00+00:00,-1,130.371,143.38227032785835,-12880.899327858342,143.38227032785835,stop,-1.0,-1.0136758072985481,57,14.25,13.011270327858341
SOL,2024-08-06 07:00:00+00:00,2024-08-06 07:00:00+00:00,2024-08-08 07:00:00+00:00,-1,141.437,156.46346337927798,-14885.026379277972,154.037,tempo,-0.8385206606483229,-0.8513019848463278,192,48.0,15.02646337927797
SOL,2024-08-24 17:00:00+00:00,2024-08-24 17:00:00+00:00,2024-08-26 17:00:00+00:00,-1,161.101,171.76036342182653,-10498.262421826526,157.684,tempo,0.32056323297911204,0.30112396237729466,192,48.0,10.659363421826527
SOL,2024-09-17 16:00:00+00:00,2024-09-17 16:00:00+00:00,2024-09-18 15:30:00+00:00,1,134.605,127.59172759624482,7147.877403755167,127.59172759624482,stop,-1.0,-1.024300763342132,94,23.5,7.013272403755167
SOL,2024-09-19 16:00:00+00:00,2024-09-19 16:00:00+00:00,2024-09-20 07:00:00+00:00,-1,142.893,150.41166418983084,-7375.7711898308435,150.41166418983084,stop,-1.0,-1.0253566360871982,60,15.0,7.518664189830844
SOL,2024-09-20 07:00:00+00:00,2024-09-20 07:00:00+00:00,2024-09-22 07:00:00+00:00,-1,151.344,159.55082668335407,-8055.48268335408,146.481,tempo,0.592555464813657,0.5689670234502429,192,48.0,8.20682668335408
SOL,2024-10-03 09:00:00+00:00,2024-10-03 09:00:00+00:00,2024-10-05 09:00:00+00:00,1,136.043,128.69674700313942,7482.295996860585,144.419,tempo,1.1401730928106453,1.1153576800991711,192,48.0,7.346252996860585
SOL,2024-10-15 23:00:00+00:00,2024-10-15 23:00:00+00:00,2024-10-17 23:00:00+00:00,1,152.93,144.71311600706412,8369.813992935891,150.83,tempo,-0.2555713335864761,-0.2796003937715467,192,48.0,8.216883992935891
SOL,2024-10-20 05:00:00+00:00,2024-10-20 05:00:00+00:00,2024-10-20 23:00:00+00:00,-1,159.4,167.17712622495483,-7617.726224954828,167.17712622495483,stop,-1.0,-1.0272948034924627,72,18.0,7.777126224954827
SOL,2024-10-21 01:00:00+00:00,2024-10-21 01:00:00+00:00,2024-10-23 01:00:00+00:00,-1,168.78,177.08090455716393,-8132.124557163933,166.09,tempo,0.3240610684625263,0.2978391671623664,192,48.0,8.300904557163932
SOL,2024-10-23 20:00:00+00:00,2024-10-23 20:00:00+00:00,2024-10-25 20:00:00+00:00,-1,173.03,182.1451917653006,-8942.161765300607,167.9,tempo,0.5627967169630703,0.5384851604203329,192,48.0,9.115191765300608
SOL,2024-10-25 23:00:00+00:00,2024-10-25 23:00:00+00:00,2024-10-27 23:00:00+00:00,1,163.73,154.91564879002345,8978.081209976535,177.69,tempo,1.58378077608246,1.5586033132478936,192,48.0,8.814351209976536
SOL,2024-10-29 20:00:00+00:00,2024-10-29 20:00:00+00:00,2024-10-31 18:15:00+00:00,1,178.14,169.1720448494952,9146.095150504792,169.1720448494952,stop,-1.0,-1.0251732781178622,185,46.25,8.967955150504793
SOL,2024-11-06 08:00:00+00:00,2024-11-06 08:00:00+00:00,2024-11-07 17:45:00+00:00,-1,184.07,195.12493905506022,-10870.869055060231,195.12493905506022,stop,-1.0,-1.0222956191036592,135,33.75,11.054939055060231
SOL,2024-11-07 21:00:00+00:00,2024-11-07 21:00:00+00:00,2024-11-09 21:00:00+00:00,-1,197.19,209.01145113062552,-11624.261130625518,198.54,tempo,-0.11419917784057705,-0.13595830852239457,192,48.0,11.821451130625519
SOL,2024-11-11 22:00:00+00:00,2024-11-11 22:00:00+00:00,2024-11-12 14:00:00+00:00,1,219.06,205.48015279108262,13798.907208917384,205.48015279108262,stop,-1.0,-1.0203206335880566,64,16.0,13.579847208917386
SOL,2024-11-12 14:00:00+00:00,2024-11-12 14:00:00+00:00,2024-11-14 14:00:00+00:00,1,209.79,196.08539155282833,13914.398447171667,214.39,tempo,0.33565351521949793,0.3155349542943296,192,48.0,13.704608447171665
SOL,2024-11-17 05:00:00+00:00,2024-11-17 05:00:00+00:00,2024-11-19 05:00:00+00:00,-1,235.38,253.0313869551692,-17416.006955169214,240.03,tempo,-0.26343538962745655,-0.28094203093472814,192,48.0,17.651386955169215
SOL,2024-12-05 01:00:00+00:00,2024-12-05 01:00:00+00:00,2024-12-07 01:00:00+00:00,1,226.42,210.73751654366944,15908.903456330545,236.66,tempo,0.6529578066199987,0.6337642904375541,192,48.0,15.682483456330544
SOL,2024-12-17 01:00:00+00:00,2024-12-17 01:00:00+00:00,2024-12-19 01:00:00+00:00,1,211.63,197.81680151462413,14024.828485375863,208.09,tempo,-0.25627663308739224,-0.2760271637330522,192,48.0,13.813198485375864
SOL,2024-12-23 20:00:00+00:00,2024-12-23 20:00:00+00:00,2024-12-25 20:00:00+00:00,-1,187.33,202.26890782598522,-14751.57782598521,199.14,tempo,-0.7905531071995293,-0.8073686269768885,192,48.0,14.938907825985211
SOL,2025-01-02 14:00:00+00:00,2025-01-02 14:00:00+00:00,2025-01-04 14:00:00+00:00,-1,208.1,221.89435445092278,-13586.254450922781,216.91,tempo,-0.6386670743704611,-0.658693854237751,192,48.0,13.794354450922782
SOL,2025-01-16 12:00:00+00:00,2025-01-16 12:00:00+00:00,2025-01-18 03:30:00+00:00,-1,212.66,226.9273908234929,-14054.730823492917,226.9273908234929,stop,-1.0,-1.0200269136501665,158,39.5,14.267390823492917
SOL,2025-01-18 07:00:00+00:00,2025-01-18 07:00:00+00:00,2025-01-18 15:45:00+00:00,-1,236.17,253.24900268823222,-16842.83268823224,253.24900268823222,stop,-1.0,-1.018626518044086,35,8.75,17.079002688232237
SOL,2025-01-18 16:00:00+00:00,2025-01-18 16:00:00+00:00,2025-01-19 09:15:00+00:00,-1,257.68,278.1402338907798,-20202.553890779818,278.1402338907798,stop,-1.0,-1.0170224423576095,69,17.25,20.46023389077982
SOL,2025-01-19 10:00:00+00:00,2025-01-19 10:00:00+00:00,2025-01-21 10:00:00+00:00,-1,273.77,299.5799778095694,-25536.20780956943,238.32,tempo,1.3734998248179964,1.360603320122956,192,48.0,25.809977809569432
SOL,2025-02-18 07:00:00+00:00,2025-02-18 07:00:00+00:00,2025-02-20 07:00:00+00:00,1,165.28,152.51306401629162,12932.21598370838,171.71,tempo,0.5036447279288622,0.4864876355552874,192,48.0,12.766935983708379
SOL,2025-02-24 09:00:00+00:00,2025-02-24 09:00:00+00:00,2025-02-24 22:15:00+00:00,1,157.88,146.68522245894283,11352.657541057162,146.68522245894283,stop,-1.0,-1.017683906077835,53,13.25,11.194777541057164
SOL,2025-02-24 23:00:00+00:00,2025-02-24 23:00:00+00:00,2025-02-26 23:00:00+00:00,1,140.17,129.24556916083736,11064.600839162626,135.71,tempo,-0.4082592553940179,-0.4246740235993467,192,48.0,10.924430839162625
SOL,2025-02-28 09:00:00+00:00,2025-02-28 09:00:00+00:00,2025-02-28 14:15:00+00:00,-1,130.94,142.07845292719364,-11007.51292719364,142.07845292719364,stop,-1.0,-1.0159323736934254,21,5.25,11.13845292719364
SOL,2025-02-28 15:00:00+00:00,2025-02-28 15:00:00+00:00,2025-03-02 15:00:00+00:00,-1,144.3,157.08688296765672,-12642.58296765671,140.69,tempo,0.28232056312169196,0.2678335688738712,192,48.0,12.786882967656709
BNB,2023-01-04 18:00:00+00:00,2023-01-04 18:00:00+00:00,2023-01-06 18:00:00+00:00,-1,259.45,268.47795572172606,-8768.505721726073,258.26,tempo,0.13181278649121234,0.09453840119597058,192,48.0,9.027955721726073
BNB,2023-01-08 23:00:00+00:00,2023-01-08 23:00:00+00:00,2023-01-09 01:45:00+00:00,-1,271.7,280.47943428544096,-8507.734285440969,280.47943428544096,stop,-1.0,-1.0408815215896918,11,2.75,8.77943428544097
BNB,2023-01-09 02:00:00+00:00,2023-01-09 02:00:00+00:00,2023-01-11 02:00:00+00:00,-1,278.2,287.4210756723557,-8942.875672355709,276.77,tempo,0.155079521176371,0.11595930214580272,192,48.0,9.22107567235571
BNB,2023-01-12 11:00:00+00:00,2023-01-12 11:00:00+00:00,2023-01-14 11:00:00+00:00,1,283.16,273.5264032502487,9916.756749751348,302.99,tempo,2.0584212226354413,2.0188723905743697,192,48.0,9.633596749751348
BNB,2023-01-15 07:00:00+00:00,2023-01-15 07:00:00+00:00,2023-01-17 07:00:00+00:00,1,297.28,285.03200511152943,12545.274888470545,298.32,tempo,0.08491185777510472,0.053303418718322615,192,48.0,12.247994888470544
BNB,2023-01-24 04:00:00+00:00,2023-01-24 04:00:00+00:00,2023-01-26 04:00:00+00:00,-1,322.34,336.61948088130356,-13957.140881303585,305.76,tempo,1.1611066353055255,1.1325156099458746,192,48.0,14.279480881303584
BNB,2023-02-02 06:00:00+00:00,2023-02-02 06:00:00+00:00,2023-02-04 06:00:00+00:00,-1,331.28,345.2864227490655,-13675.142749065506,328.91,tempo,0.16920808706549081,0.13857046404867657,192,48.0,14.006422749065507
BNB,2023-02-13 10:00:00+00:00,2023-02-13 10:00:00+00:00,2023-02-15 10:00:00+00:00,1,290.84,277.86187351288294,13268.966487117039,298.13,tempo,0.5617143589436091,0.5322162260366735,192,48.0,12.978126487117038
BNB,2023-03-13 04:00:00+00:00,2023-03-13 04:00:00+00:00,2023-03-15 04:00:00+00:00,1,286.44,274.74027627028005,11986.16372971995,309.96,tempo,2.010303879249204,1.9771697635251502,192,48.0,11.699723729719949
BNB,2023-03-16 16:00:00+00:00,2023-03-16 16:00:00+00:00,2023-03-18 01:15:00+00:00,-1,326.21,344.2650408450714,-17728.830845071403,344.2650408450714,stop,-1.0,-1.0241377895674084,133,33.25,18.055040845071403
BNB,2023-03-27 18:00:00+00:00,2023-03-27 18:00:00+00:00,2023-03-29 18:00:00+00:00,1,306.22,291.58227174172407,14943.948258275956,315.99,tempo,0.6674532979170568,0.6398235665226829,192,48.0,14.637728258275956
BNB,2023-04-12 07:00:00+00:00,2023-04-12 07:00:00+00:00,2023-04-14 07:00:00+00:00,1,318.85,308.1467229755999,11022.127024400108,334.26,tempo,1.4397459735808025,1.4000832143125685,192,48.0,10.703277024400109
BNB,2023-04-16 15:00:00+00:00,2023-04-16 15:00:00+00:00,2023-04-18 15:00:00+00:00,-1,346.9,358.26414340474867,-11017.243404748688,343.28,tempo,0.3185457866087232,0.2790692520366112,192,48.0,11.364143404748688
BNB,2023-04-19 07:00:00+00:00,2023-04-19 07:00:00+00:00,2023-04-19 08:30:00+00:00,1,336.0,324.90418088641866,11431.819113581343,324.90418088641866,stop,-1.0,-1.0387161788759114,6,1.5,11.095819113581342
BNB,2023-04-19 09:00:00+00:00,2023-04-19 09:00:00+00:00,2023-04-20 18:30:00+00:00,1,327.83,316.20839093893215,11949.43906106783,316.20839093893215,stop,-1.0,-1.036021255913064,134,33.5,11.62160906106783
BNB,2023-04-28 06:00:00+00:00,2023-04-28 06:00:00+00:00,2023-04-30 06:00:00+00:00,1,324.92,311.93209527807574,13312.82472192428,322.15,tempo,-0.21327535574880913,-0.2456589856725806,192,48.0,12.98790472192428
BNB,2023-04-30 21:00:00+00:00,2023-04-30 21:00:00+00:00,2023-05-02 21:00:00+00:00,-1,334.94,347.93241460382217,-12657.47460382217,322.88,tempo,0.9282339247742398,0.8953237219337138,192,48.0,12.99241460382217
BNB,2023-05-02 22:00:00+00:00,2023-05-02 22:00:00+00:00,2023-05-04 22:00:00+00:00,1,321.21,309.3432578477734,12187.952152226606,323.45,tempo,0.1887628441964342,0.153451636231797,192,48.0,11.866742152226607
BNB,2023-06-05 16:00:00+00:00,2023-06-05 16:00:00+00:00,2023-06-07 14:30:00+00:00,1,275.75,263.57887465090806,12446.875349091937,263.57887465090806,stop,-1.0,-1.0288029051109266,186,46.5,12.171125349091938
BNB,2023-06-07 15:00:00+00:00,2023-06-07 15:00:00+00:00,2023-06-09 15:00:00+00:00,1,256.44,243.4092516471039,13287.188352896097,262.19,tempo,0.44126398916467885,0.4153936791202771,192,48.0,13.030748352896097
BNB,2023-06-10 05:00:00+00:00,2023-06-10 05:00:00+00:00,2023-06-12 03:00:00+00:00,1,237.86,224.76961473390887,13328.245266091148,224.76961473390887,stop,-1.0,-1.022971764655085,184,46.0,13.090385266091147
BNB,2023-06-12 03:00:00+00:00,2023-06-12 03:00:00+00:00,2023-06-14 03:00:00+00:00,1,223.98,211.16375717921002,13040.222820789966,249.21,tempo,1.9685956604281076,1.94459693441294,192,48.0,12.816242820789967
BNB,2023-06-14 03:00:00+00:00,2023-06-14 03:00:00+00:00,2023-06-16 03:00:00+00:00,-1,249.21,264.3489529071652,-14889.742907165191,237.57,tempo,0.7688774825695416,0.7479772920517254,192,48.0,15.13895290716519
BNB,2023-06-20 19:00:00+00:00,2023-06-20 19:00:00+00:00,2023-06-22 19:00:00+00:00,1,243.29,230.4150328029708,13118.25719702918,244.53,tempo,0.09631092499296866,0.07168305642075475,192,48.0,12.874967197029179
BNB,2023-07-10 15:00:00+00:00,2023-07-10 15:00:00+00:00,2023-07-12 15:00:00+00:00,-1,244.63,254.33251203799858,-9457.882037998588,246.73,tempo,-0.21643879355940254,-0.2493564543413913,192,48.0,9.702512037998588
BNB,2023-08-02 17:00:00+00:00,2023-08-02 17:00:00+00:00,2023-08-04 17:00:00+00:00,1,237.44,230.8723582054902,6805.081794509796,243.3,tempo,0.8922532901990279,0.8446744164149524,192,48.0,6.567641794509797
BNB,2023-08-18 16:00:00+00:00,2023-08-18 16:00:00+00:00,2023-08-20 16:00:00+00:00,-1,216.74,224.31743938037926,-7360.699380379247,216.08,tempo,0.08710066380853897,0.04997295009452712,192,48.0,7.577439380379246
BNB,2023-08-21 11:00:00+00:00,2023-08-21 11:00:00+00:00,2023-08-23 11:00:00+00:00,1,208.65,201.5159748086348,7342.675191365197,214.69,tempo,0.8466468561550107,0.8080752233644427,192,48.0,7.134025191365197
BNB,2023-08-23 12:00:00+00:00,2023-08-23 12:00:00+00:00,2023-08-25 12:00:00+00:00,-1,214.65,222.34239370272013,-7477.743702720125,216.17,tempo,-0.19759779058922727,-0.23400167354453894,192,48.0,7.692393702720125
BNB,2023-09-11 12:00:00+00:00,2023-09-11 12:00:00+00:00,2023-09-13 12:00:00+00:00,1,206.89,201.17593576016975,5920.9542398302365,212.14,tempo,0.9187856103199807,0.8711191003599716,192,48.0,5.714064239830236
BNB,2023-10-02 14:00:00+00:00,2023-10-02 14:00:00+00:00,2023-10-02 18:45:00+00:00,1,219.18,214.09316388012184,5306.016119878172,214.09316388012184,stop,-1.0,-1.0553639924473965,19,4.75,5.086836119878171
BNB,2023-10-09 18:00:00+00:00,2023-10-09 18:00:00+00:00,2023-10-11 18:00:00+00:00,1,206.22,201.7825603592649,4643.659640735107,205.28,tempo,-0.21183386729836784,-0.2721107435277626,192,48.0,4.437439640735107
BNB,2023-10-17 15:00:00+00:00,2023-10-17 15:00:00+00:00,2023-10-19 15:00:00+00:00,1,210.81,206.25086860109027,4769.9413989097275,211.27,tempo,0.10089641200295578,0.04072003716418524,192,48.0,4.559131398909727
BNB,2023-10-24 05:00:00+00:00,2023-10-24 05:00:00+00:00,2023-10-24 15:45:00+00:00,1,231.06,223.93680494444231,7354.255055557688,223.93680494444231,stop,-1.0,-1.041518998273554,43,10.75,7.123195055557687
BNB,2023-10-24 16:00:00+00:00,2023-10-24 16:00:00+00:00,2023-10-26 16:00:00+00:00,1,224.02,216.5140139434851,7730.0060565149,221.15,tempo,-0.382361488336227,-0.42091211950198126,192,48.0,7.5059860565148995
BNB,2023-11-04 18:00:00+00:00,2023-11-04 18:00:00+00:00,2023-11-05 07:45:00+00:00,-1,237.11,244.54930838904636,-7202.198389046346,244.54930838904636,stop,-1.0,-1.042084362427273,55,13.75,7.439308389046346
BNB,2023-11-05 08:00:00+00:00,2023-11-05 08:00:00+00:00,2023-11-06 13:15:00+00:00,-1,244.67,252.4947648126095,-7580.094812609515,252.4947648126095,stop,-1.0,-1.0412992728685508,117,29.25,7.824764812609516
BNB,2023-11-06 14:00:00+00:00,2023-11-06 14:00:00+00:00,2023-11-08 14:00:00+00:00,-1,249.5,257.80647478859566,-8056.974788595664,246.73,tempo,0.3334747977328564,0.294643704133097,192,48.0,8.306474788595665
BNB,2023-11-11 05:00:00+00:00,2023-11-11 05:00:00+00:00,2023-11-13 05:00:00+00:00,1,247.87,238.6016127684587,9516.257231541313,244.95,tempo,-0.3150494176659931,-0.34961130982667804,192,48.0,9.268387231541311
BNB,2023-11-15 14:00:00+00:00,2023-11-15 14:00:00+00:00,2023-11-17 14:00:00+00:00,-1,253.91,264.09922500535345,-9935.31500535345,243.41,tempo,1.0305003564533386,0.9987748817651106,192,48.0,10.18922500535345
BNB,2023-11-20 18:00:00+00:00,2023-11-20 18:00:00+00:00,2023-11-22 18:00:00+00:00,-1,261.26,272.8943490275082,-11373.089027508222,232.9,tempo,2.437609524430261,2.410001275851802,192,48.0,11.634349027508222
BNB,2023-12-05 23:00:00+00:00,2023-12-05 23:00:00+00:00,2023-12-07 23:00:00+00:00,1,230.64,220.69484240933218,10175.797590667804,232.28,tempo,0.1649043753252271,0.13464864561387968,192,48.0,9.945157590667804
BNB,2023-12-11 14:00:00+00:00,2023-12-11 14:00:00+00:00,2023-12-12 15:15:00+00:00,-1,245.16,255.8781293532958,-10472.969353295808,255.8781293532958,stop,-1.0,-1.0303854127287144,101,25.25,10.718129353295808
BNB,2023-12-12 20:00:00+00:00,2023-12-12 20:00:00+00:00,2023-12-14 20:00:00+00:00,-1,255.11,266.8105894605943,-11445.4794605943,251.87,tempo,0.2769091258959052,0.24874498928468342,192,48.0,11.700589460594301
BNB,2023-12-19 19:00:00+00:00,2023-12-19 19:00:00+00:00,2023-12-21 08:30:00+00:00,-1,252.48,262.9447792703441,-10212.29927034411,262.9447792703441,stop,-1.0,-1.032014636703819,150,37.5,10.46477927034411
BNB,2023-12-21 15:00:00+00:00,2023-12-21 15:00:00+00:00,2023-12-23 15:00:00+00:00,-1,273.44,285.06714422674196,-11353.704226741962,268.9,tempo,0.39046561317767126,0.3601468183708419,192,48.0,11.627144226741962
BNB,2023-12-26 09:00:00+00:00,2023-12-26 09:00:00+00:00,2023-12-26 12:00:00+00:00,-1,277.83,289.74148852521773,-11633.658525217748,289.74148852521773,stop,-1.0,-1.030971903029613,12,3.0,11.911488525217749
BNB,2023-12-26 12:00:00+00:00,2023-12-26 12:00:00+00:00,2023-12-27 10:45:00+00:00,-1,289.78,304.42633740015646,-14356.557400156482,304.42633740015646,stop,-1.0,-1.0263706965610375,91,22.75,14.646337400156483
BNB,2023-12-28 00:00:00+00:00,2023-12-28 00:00:00+00:00,2023-12-30 00:00:00+00:00,-1,323.75,342.3660177476883,-18292.26774768832,313.29,tempo,0.5618817161526863,0.5396387205984187,192,48.0,18.616017747688318
BNB,2024-01-03 16:00:00+00:00,2024-01-03 16:00:00+00:00,2024-01-05 16:00:00+00:00,-1,317.05,335.4178863269667,-18050.8363269667,313.36,tempo,0.20089410040514827,0.17858524609792165,192,48.0,18.367886326966698
BNB,2024-01-24 05:00:00+00:00,2024-01-24 05:00:00+00:00,2024-01-26 05:00:00+00:00,1,293.35,280.24892706336385,13394.422936636172,293.71,tempo,0.027478665430007928,-0.0016478802999158257,192,48.0,13.101072936636172
BNB,2024-02-15 10:00:00+00:00,2024-02-15 10:00:00+00:00,2024-02-15 14:30:00+00:00,-1,344.97,355.0067107698025,-9691.740769802484,355.0067107698025,stop,-1.0,-1.0453320686862162,18,4.5,10.036710769802482
BNB,2024-02-15 15:00:00+00:00,2024-02-15 15:00:00+00:00,2024-02-17 15:00:00+00:00,-1,363.41,375.32666878746494,-11553.258787464914,349.68,tempo,1.1521676271176169,1.1132718158580506,192,48.0,11.916668787464914
BNB,2024-02-21 13:00:00+00:00,2024-02-21 13:00:00+00:00,2024-02-22 01:00:00+00:00,-1,371.44,385.80367970077134,-13992.239700771343,385.80367970077134,stop,-1.0,-1.0342675694570849,48,12.0,14.363679700771343
BNB,2024-02-22 01:00:00+00:00,2024-02-22 01:00:00+00:00,2024-02-24 01:00:00+00:00,-1,384.25,399.45674302461254,-14822.493024612535,376.64,tempo,0.5004358913465571,0.4679122602705593,192,48.0,15.206743024612535
BNB,2024-02-27 14:00:00+00:00,2024-02-27 14:00:00+00:00,2024-02-29 14:00:00+00:00,1,397.47,381.82317495908694,16044.295040913084,409.56,tempo,0.7726807175505077,0.7391550982233686,192,48.0,15.646825040913086
BNB,2024-03-06 20:00:00+00:00,2024-03-06 20:00:00+00:00,2024-03-07 16:00:00+00:00,-1,424.66,451.0488182875722,-25964.15828757218,451.0488182875722,stop,-1.0,-1.0215701486017277,80,20.0,26.388818287572178
BNB,2024-03-07 17:00:00+00:00,2024-03-07 17:00:00+00:00,2024-03-08 13:15:00+00:00,-1,457.5,485.6358317865582,-27678.331786558185,485.6358317865582,stop,-1.0,-1.0217885255823196,81,20.25,28.135831786558185
BNB,2024-03-08 14:00:00+00:00,2024-03-08 14:00:00+00:00,2024-03-10 09:00:00+00:00,-1,483.12,512.5286807532032,-28925.560753203157,512.5286807532032,stop,-1.0,-1.0220061432854002,172,43.0,29.408680753203157
BNB,2024-03-10 11:00:00+00:00,2024-03-10 11:00:00+00:00,2024-03-12 11:00:00+00:00,-1,536.87,570.410291047093,-33003.421047092976,528.13,tempo,0.2605821156330582,0.2399427598496504,192,48.0,33.54029104709298
BNB,2024-03-13 11:00:00+00:00,2024-03-13 11:00:00+00:00,2024-03-13 23:15:00+00:00,-1,587.03,625.021522756561,-37404.49275656104,625.021522756561,stop,-1.0,-1.0207370863979308,49,12.25,37.99152275656104
BNB,2024-03-14 00:00:00+00:00,2024-03-14 00:00:00+00:00,2024-03-16 00:00:00+00:00,-1,631.01,673.0523298129389,-41411.31981293887,633.01,tempo,-0.047571102955014724,-0.06711362126110398,192,48.0,42.042329812938874
BNB,2024-03-29 21:00:00+00:00,2024-03-29 21:00:00+00:00,2024-03-31 21:00:00+00:00,-1,614.33,655.873398122608,-40929.06812260798,606.49,tempo,0.18871831275962694,0.1696170106066825,192,48.0,41.54339812260798
BNB,2024-05-09 00:00:00+00:00,2024-05-09 00:00:00+00:00,2024-05-11 00:00:00+00:00,-1,588.22,615.308891703382,-26500.67170338193,585.26,tempo,0.10926988200224128,0.08111214087528434,192,48.0,27.088891703381933
BNB,2024-05-15 09:00:00+00:00,2024-05-15 09:00:00+00:00,2024-05-17 09:00:00+00:00,1,566.03,543.8932814598054,22702.748540194578,574.75,tempo,0.3939156557538893,0.3604189566539927,192,48.0,22.13671854019458
BNB,2024-05-21 08:00:00+00:00,2024-05-21 08:00:00+00:00,2024-05-23 08:00:00+00:00,-1,630.89,656.3538651400013,-24832.975140001305,615.1,tempo,0.6200943931012021,0.5882887934584465,192,48.0,25.463865140001303
BNB,2024-06-03 09:00:00+00:00,2024-06-03 09:00:00+00:00,2024-06-04 10:45:00+00:00,-1,628.0,647.8508156605672,-19222.81566056715,647.8508156605672,stop,-1.0,-1.0417767735270822,103,25.75,19.85081566056715
BNB,2024-06-04 15:00:00+00:00,2024-06-04 15:00:00+00:00,2024-06-04 22:45:00+00:00,-1,663.32,686.5405476131655,-22557.22761316542,686.5405476131655,stop,-1.0,-1.03778590283767,31,7.75,23.220547613165422
BNB,2024-06-04 23:00:00+00:00,2024-06-04 23:00:00+00:00,2024-06-05 01:30:00+00:00,-1,682.95,706.9583545442199,-23325.404544219855,706.9583545442199,stop,-1.0,-1.0376302519520753,10,2.5,24.008354544219856
BNB,2024-06-05 02:00:00+00:00,2024-06-05 02:00:00+00:00,2024-06-07 02:00:00+00:00,-1,705.49,731.0366251815276,-24841.13518152759,703.49,tempo,0.07828822734073589,0.04243859970920712,192,48.0,25.546625181527588
BNB,2024-06-10 07:00:00+00:00,2024-06-10 07:00:00+00:00,2024-06-10 21:00:00+00:00,1,650.59,625.849451570733,25391.138429267052,625.849451570733,stop,-1.0,-1.0335354588396874,56,14.0,24.74054842926705
BNB,2024-06-10 21:00:00+00:00,2024-06-10 21:00:00+00:00,2024-06-12 01:45:00+00:00,1,620.43,593.320016769459,27730.413230540933,593.320016769459,stop,-1.0,-1.029101364769985,115,28.75,27.109983230540934
BNB,2024-07-04 03:00:00+00:00,2024-07-04 03:00:00+00:00,2024-07-04 13:00:00+00:00,1,538.81,519.9258738304825,19422.93616951746,519.9258738304825,stop,-1.0,-1.036442158446318,40,10.0,18.884126169517458
BNB,2024-07-04 13:00:00+00:00,2024-07-04 13:00:00+00:00,2024-07-05 03:00:00+00:00,1,517.56,499.1192331699196,18958.32683008035,499.1192331699196,stop,-1.0,-1.0358359013835852,56,14.0,18.44076683008035
BNB,2024-07-05 03:00:00+00:00,2024-07-05 03:00:00+00:00,2024-07-05 04:30:00+00:00,1,477.82,455.29739919736096,23000.420802639033,455.29739919736096,stop,-1.0,-1.0269296745430578,6,1.5,22.522600802639033
BNB,2024-07-05 05:00:00+00:00,2024-07-05 05:00:00+00:00,2024-07-07 05:00:00+00:00,1,470.02,447.5289209743979,22961.099025602063,511.38,tempo,1.838951343904802,1.810588542846042,192,48.0,22.491079025602062
BNB,2024-07-31 00:00:00+00:00,2024-07-31 00:00:00+00:00,2024-08-02 00:00:00+00:00,-1,588.32,609.8152315827643,-20906.91158276429,575.37,tempo,0.6024591989222324,0.5672700688545894,192,48.0,21.49523158276429
BNB,2024-08-04 16:00:00+00:00,2024-08-04 16:00:00+00:00,2024-08-05 01:00:00+00:00,1,501.94,480.4297456690129,22012.194330987095,480.4297456690129,stop,-1.0,-1.029685392132486,36,9.0,21.510254330987095
BNB,2024-08-05 01:00:00+00:00,2024-08-05 01:00:00+00:00,2024-08-05 01:15:00+00:00,1,476.76,453.8330033524153,23403.7566475847,453.8330033524153,stop,-1.0,-1.0263831090254376,1,0.25,22.9269966475847
BNB,2024-08-05 02:00:00+00:00,2024-08-05 02:00:00+00:00,2024-08-05 05:15:00+00:00,1,452.7,428.32441340277035,24828.286597229642,428.32441340277035,stop,-1.0,-1.0234934189758897,13,3.25,24.375586597229642
BNB,2024-08-05 06:00:00+00:00,2024-08-05 06:00:00+00:00,2024-08-05 06:30:00+00:00,1,433.48,409.6046896072188,24308.790392781215,409.6046896072188,stop,-1.0,-1.0229527926225572,2,0.5,23.875310392781216
BNB,2024-08-05 07:00:00+00:00,2024-08-05 07:00:00+00:00,2024-08-07 07:00:00+00:00,1,422.64,398.8744803566952,24188.1596433048,490.88,tempo,2.8713868252918475,2.846401552135101,192,48.0,23.7655196433048
BNB,2024-08-17 20:00:00+00:00,2024-08-17 20:00:00+00:00,2024-08-19 20:00:00+00:00,-1,544.63,575.4562639918217,-30281.633991821745,553.3,tempo,-0.28125367388990513,-0.3044045331763024,192,48.0,30.826263991821747
BNB,2024-08-19 20:00:00+00:00,2024-08-19 20:00:00+00:00,2024-08-21 20:00:00+00:00,-1,553.3,582.6081803731048,-28754.880373104847,571.3,tempo,-0.6141630005975399,-0.6391045012534731,192,48.0,29.308180373104847
BNB,2024-08-22 14:00:00+00:00,2024-08-22 14:00:00+00:00,2024-08-24 14:00:00+00:00,-1,587.99,617.9283266300852,-29350.336630085156,581.88,tempo,0.2040862228371858,0.17868682395308602,192,48.0,29.938326630085157
BNB,2024-08-24 14:00:00+00:00,2024-08-24 14:00:00+00:00,2024-08-26 14:00:00+00:00,1,581.88,553.5514443526845,28910.435647315513,562.12,tempo,-0.6975293850490574,-0.7237785171706403,192,48.0,28.32855564731551
BNB,2024-09-03 07:00:00+00:00,2024-09-03 07:00:00+00:00,2024-09-05 07:00:00+00:00,-1,533.39,557.4215331743072,-23498.143174307243,504.54,tempo,1.200506009780694,1.1724322911749545,192,48.0,24.031533174307242
BNB,2024-09-12 01:00:00+00:00,2024-09-12 01:00:00+00:00,2024-09-14 01:00:00+00:00,-1,538.47,562.2294845658563,-23221.01456585627,556.47,tempo,-0.7575921922930526,-0.7875470087802238,192,48.0,23.75948456585627
BNB,2024-09-16 23:00:00+00:00,2024-09-16 23:00:00+00:00,2024-09-18 23:00:00+00:00,1,529.87,508.63111735139023,21768.752648609774,552.07,tempo,1.0452527266754865,1.0121407682153727,192,48.0,21.238882648609774
BNB,2024-09-21 10:00:00+00:00,2024-09-21 10:00:00+00:00,2024-09-23 10:00:00+00:00,-1,587.37,610.0764044251482,-22119.03442514821,592.64,tempo,-0.23209310912137443,-0.2658724114555877,192,48.0,22.706404425148207
BNB,2024-09-23 17:00:00+00:00,2024-09-23 17:00:00+00:00,2024-09-25 17:00:00+00:00,-1,607.01,630.0140742528689,-22397.06425286892,593.47,tempo,0.58859138825425,0.5546707883021487,192,48.0,23.004074252868918
BNB,2024-10-08 19:00:00+00:00,2024-10-08 19:00:00+00:00,2024-10-10 19:00:00+00:00,-1,580.17,601.0743119667434,-20324.141966743424,557.96,tempo,1.0624602252077808,1.0270711389189366,192,48.0,20.90431196674342
BNB,2024-10-30 01:00:00+00:00,2024-10-30 01:00:00+00:00,2024-10-31 08:15:00+00:00,1,602.65,586.1999754130809,17052.674586919085,586.1999754130809,stop,-1.0,-1.0469757646826248,125,31.25,16.450024586919085
BNB,2024-10-31 09:00:00+00:00,2024-10-31 09:00:00+00:00,2024-11-01 16:00:00+00:00,1,584.3,568.5546767995315,16329.623200468419,568.5546767995315,stop,-1.0,-1.0475922615483308,124,31.0,15.74532320046842
BNB,2024-11-07 04:00:00+00:00,2024-11-07 04:00:00+00:00,2024-11-09 01:45:00+00:00,-1,605.43,625.3931125911776,-19357.682591177603,625.3931125911776,stop,-1.0,-1.0400756655321288,183,45.75,19.963112591177605
BNB,2024-11-09 02:00:00+00:00,2024-11-09 02:00:00+00:00,2024-11-11 02:00:00+00:00,-1,628.5,652.2357539311712,-23107.253931171188,640.47,tempo,-0.5043024980251551,-0.5390530478662025,192,48.0,23.73575393117119
BNB,2024-11-11 12:00:00+00:00,2024-11-11 12:00:00+00:00,2024-11-13 04:45:00+00:00,1,626.72,601.1724041214037,26174.315878596328,601.1724041214037,stop,-1.0,-1.0312409068341175,163,40.75,25.547595878596326
BNB,2024-11-13 05:00:00+00:00,2024-11-13 05:00:00+00:00,2024-11-15 05:00:00+00:00,1,606.39,577.0008491237264,29995.54087627356,612.31,tempo,0.20143487727572595,0.17448088315269322,192,48.0,29.38915087627356
BNB,2024-11-23 08:00:00+00:00,2024-11-23 08:00:00+00:00,2024-11-25 08:00:00+00:00,-1,664.61,699.3107072953237,-34036.09729532369,661.75,tempo,0.0824190693192421,0.057574215505089954,192,48.0,34.700707295323696
BNB,2024-12-03 19:00:00+00:00,2024-12-03 19:00:00+00:00,2024-12-03 21:00:00+00:00,-1,678.45,715.8893425642057,-36760.89256420562,715.8893425642057,stop,-1.0,-1.0242077053332992,8,2.0,37.43934256420562
BNB,2024-12-03 21:00:00+00:00,2024-12-03 21:00:00+00:00,2024-12-04 00:30:00+00:00,-1,714.2,755.4687413800987,-40554.54138009862,755.4687413800987,stop,-1.0,-1.0231478995954488,14,3.5,41.26874138009862
BNB,2024-12-04 01:00:00+00:00,2024-12-04 01:00:00+00:00,2024-12-06 01:00:00+00:00,-1,760.3,807.4814910001232,-46421.19100012328,730.89,tempo,0.6233376558600727,0.6027941444225586,192,48.0,47.18149100012329
BNB,2024-12-23 19:00:00+00:00,2024-12-23 19:00:00+00:00,2024-12-25 19:00:00+00:00,-1,680.94,724.2571742916947,-42636.234291694636,702.56,tempo,-0.499109195221563,-0.519869436735572,192,48.0,43.31717429169464
BNB,2025-01-18 06:00:00+00:00,2025-01-18 06:00:00+00:00,2025-01-20 06:00:00+00:00,1,697.2,670.7981888288333,27099.01117116674,689.97,tempo,-0.2738448492463978,-0.30799631310447956,192,48.0,26.40181117116674
BNB,2025-02-02 18:00:00+00:00,2025-02-02 18:00:00+00:00,2025-02-02 22:45:00+00:00,1,621.64,599.1478714700648,23113.768529935143,599.1478714700648,stop,-1.0,-1.0352795474825534,19,4.75,22.492128529935144
BNB,2025-02-02 23:00:00+00:00,2025-02-02 23:00:00+00:00,2025-02-03 00:45:00+00:00,1,617.86,594.9682727616721,23509.587238327917,594.9682727616721,stop,-1.0,-1.0344376974741845,7,1.75,22.891727238327917
BNB,2025-02-03 01:00:00+00:00,2025-02-03 01:00:00+00:00,2025-02-03 02:00:00+00:00,1,603.73,580.5214081891882,23812.321810811867,580.5214081891882,stop,-1.0,-1.0331671745359567,4,1.0,23.208591810811868
BNB,2025-02-03 02:00:00+00:00,2025-02-03 02:00:00+00:00,2025-02-03 02:15:00+00:00,1,550.42,518.4614448934027,32508.97510659726,518.4614448934027,stop,-1.0,-1.0217398107287174,1,0.25,31.95855510659726
BNB,2025-02-03 03:00:00+00:00,2025-02-03 03:00:00+00:00,2025-02-05 03:00:00+00:00,1,541.8,510.14882989587005,32192.9701041299,574.54,tempo,1.034400936593748,1.0114753702525112,192,48.0,31.651170104129903
BNB,2025-02-08 17:00:00+00:00,2025-02-08 17:00:00+00:00,2025-02-10 17:00:00+00:00,-1,611.16,649.1879294362781,-37416.7694362781,610.62,tempo,0.014200089460690209,-0.006683429883447037,192,48.0,38.0279294362781
BNB,2025-02-12 19:00:00+00:00,2025-02-12 19:00:00+00:00,2025-02-14 19:00:00+00:00,-1,687.95,731.5228940105105,-42884.94401051049,667.47,tempo,0.47001697879098675,0.4497974588346698,192,48.0,43.57289401051048
BNB,2025-02-25 20:00:00+00:00,2025-02-25 20:00:00+00:00,2025-02-27 20:00:00+00:00,-1,619.3,652.4463261224184,-32527.026122418483,604.83,tempo,0.4365491350853856,0.41254392566756604,192,48.0,33.146326122418486
BNB,2025-03-02 21:00:00+00:00,2025-03-02 21:00:00+00:00,2025-03-03 15:00:00+00:00,1,618.11,586.0578132674514,32670.29673254865,586.0578132674514,stop,-1.0,-1.0244198339774744,72,18.0,32.05218673254865
BNB,2025-03-03 15:00:00+00:00,2025-03-03 15:00:00+00:00,2025-03-04 01:45:00+00:00,1,587.83,556.1504966914521,32267.333308547968,556.1504966914521,stop,-1.0,-1.0234721900658337,43,10.75,31.679503308547964
BNB,2025-03-09 18:00:00+00:00,2025-03-09 18:00:00+00:00,2025-03-10 19:15:00+00:00,1,551.92,523.5995576968278,28872.36230317217,523.5995576968278,stop,-1.0,-1.0246849150524966,101,25.25,28.32044230317217
BNB,2025-03-13 14:00:00+00:00,2025-03-13 14:00:00+00:00,2025-03-15 14:00:00+00:00,-1,584.06,616.9545236507998,-32310.4636507999,599.13,tempo,-0.45813096915399754,-0.481510955080053,192,48.0,32.8945236507999
BNB,2025-03-17 10:00:00+00:00,2025-03-17 10:00:00+00:00,2025-03-19 10:00:00+00:00,-1,636.82,669.6728489118499,-32216.028911849833,614.39,tempo,0.6827413981717029,0.6579859651746378,192,48.0,32.85284891184983
XRP,2023-01-03 02:00:00+00:00,2023-01-03 02:00:00+00:00,2023-01-05 02:00:00+00:00,-1,0.344,0.35846023744658817,-14.1162374465882,0.345,tempo,-0.06915515763096577,-0.10012629497599376,192,48.0,0.014460237446588198
XRP,2023-01-11 15:00:00+00:00,2023-01-11 15:00:00+00:00,2023-01-13 15:00:00+00:00,-1,0.3722,0.3889630155089315,-16.3908155089315,0.3717,tempo,0.02982756889615687,0.0009822218437504707,192,48.0,0.0167630155089315
XRP,2023-01-23 21:00:00+00:00,2023-01-23 21:00:00+00:00,2023-01-25 21:00:00+00:00,-1,0.4293,0.45164573249950524,-21.91643249950522,0.4144,tempo,0.6667939840562371,0.6422521615846694,192,48.0,0.022345732499505222
XRP,2023-02-16 11:00:00+00:00,2023-02-16 11:00:00+00:00,2023-02-17 00:15:00+00:00,1,0.4001,0.38295754165311924,17.54255834688077,0.38295754165311924,stop,-1.0,-1.0296916225068233,53,13.25,0.017142458346880773
XRP,2023-03-07 16:00:00+00:00,2023-03-07 16:00:00+00:00,2023-03-08 13:15:00+00:00,-1,0.3785,0.39338657042844916,-14.508070428449152,0.39338657042844916,stop,-1.0,-1.0337032813024323,85,21.25,0.014886570428449153
XRP,2023-03-08 14:00:00+00:00,2023-03-08 14:00:00+00:00,2023-03-10 14:00:00+00:00,-1,0.3952,0.4114445692657571,-15.849369265757126,0.3708,tempo,1.5020404419976934,1.4713901987161093,192,48.0,0.016244569265757125
XRP,2023-03-13 02:00:00+00:00,2023-03-13 02:00:00+00:00,2023-03-15 02:00:00+00:00,1,0.37,0.35225796212743005,18.11203787256995,0.3734,tempo,0.19163525770940773,0.16439994215712464,192,48.0,0.01774203787256995
XRP,2023-03-20 11:00:00+00:00,2023-03-20 11:00:00+00:00,2023-03-22 11:00:00+00:00,1,0.3812,0.3623193501517465,19.261849848253494,0.45,tempo,3.643942372373597,3.6153268318947305,192,48.0,0.018880649848253495
XRP,2023-03-22 11:00:00+00:00,2023-03-22 11:00:00+00:00,2023-03-24 11:00:00+00:00,-1,0.45,0.4816103292897883,-31.160329289788297,0.4311,tempo,0.5979058246035313,0.5797878545327476,192,48.0,0.0316103292897883
XRP,2023-03-25 15:00:00+00:00,2023-03-25 15:00:00+00:00,2023-03-27 15:00:00+00:00,-1,0.4594,0.495612121585969,-35.752721585969034,0.4626,tempo,-0.0883681999245227,-0.10491790686663703,192,48.0,0.03621212158596904
XRP,2023-03-28 02:00:00+00:00,2023-03-28 02:00:00+00:00,2023-03-28 19:00:00+00:00,-1,0.479,0.5167110388299174,-37.23203882991744,0.5167110388299174,stop,-1.0,-1.0171624064284857,68,17.0,0.03771103882991744
XRP,2023-03-28 19:00:00+00:00,2023-03-28 19:00:00+00:00,2023-03-29 08:15:00+00:00,-1,0.5213,0.5634070116278634,-41.58571162786346,0.5634070116278634,stop,-1.0,-1.0167444691584704,53,13.25,0.042107011627863455
XRP,2023-03-29 09:00:00+00:00,2023-03-29 09:00:00+00:00,2023-03-31 09:00:00+00:00,-1,0.5708,0.6175463150850845,-46.175515085084534,0.5338,tempo,0.7915062381420863,0.7761469526306366,192,48.0,0.04674631508508453
XRP,2023-05-08 18:00:00+00:00,2023-05-08 18:00:00+00:00,2023-05-10 18:00:00+00:00,1,0.4188,0.3995988970125671,19.619902987432884,0.422,tempo,0.16665709267297715,0.1381941444580909,192,48.0,0.019201102987432883
XRP,2023-05-12 05:00:00+00:00,2023-05-12 05:00:00+00:00,2023-05-14 05:00:00+00:00,-1,0.4379,0.45954121127422815,-21.203311274228135,0.4262,tempo,0.5406351729458492,0.5146816811157098,192,48.0,0.021641211274228134
XRP,2023-05-17 01:00:00+00:00,2023-05-17 01:00:00+00:00,2023-05-18 10:30:00+00:00,-1,0.4462,0.4661236883237849,-19.477488323784936,0.4661236883237849,stop,-1.0,-1.0297640872399376,134,33.5,0.019923688323784938
XRP,2023-05-30 05:00:00+00:00,2023-05-30 05:00:00+00:00,2023-05-30 16:15:00+00:00,-1,0.5032,0.5225410783163461,-18.837878316346128,0.5225410783163461,stop,-1.0,-1.0344723127635618,45,11.25,0.019341078316346128
XRP,2023-05-30 17:00:00+00:00,2023-05-30 17:00:00+00:00,2023-06-01 17:00:00+00:00,-1,0.5185,0.5396628365018538,-20.6443365018538,0.5065,tempo,0.5670317397646033,0.5355496650464228,192,48.0,0.0211628365018538
XRP,2023-06-13 12:00:00+00:00,2023-06-13 12:00:00+00:00,2023-06-15 12:00:00+00:00,-1,0.5613,0.5948107782249973,-32.94947822499726,0.4762,tempo,2.5394814596254265,2.5193573373065674,192,48.0,0.03351077822499726
XRP,2023-06-16 17:00:00+00:00,2023-06-16 17:00:00+00:00,2023-06-18 17:00:00+00:00,1,0.4644,0.43184322748354814,33.021172516451834,0.4935,tempo,0.8938232432374855,0.8746986509676171,192,48.0,0.03255677251645184
XRP,2023-06-20 17:00:00+00:00,2023-06-20 17:00:00+00:00,2023-06-22 17:00:00+00:00,1,0.4804,0.4511964380597129,29.683961940287116,0.4933,tempo,0.441726938185719,0.4200547530839801,192,48.0,0.029203561940287115
XRP,2023-07-13 16:00:00+00:00,2023-07-13 16:00:00+00:00,2023-07-13 17:45:00+00:00,-1,0.5919,0.6578481457463323,-65.35624574633235,0.6578481457463323,stop,-1.0,-1.0123178034126956,7,1.75,0.06594814574633234
XRP,2023-07-13 18:00:00+00:00,2023-07-13 18:00:00+00:00,2023-07-13 18:30:00+00:00,-1,0.7444,0.8524360104649683,-107.29161046496836,0.8524360104649683,stop,-1.0,-1.0096073837078499,2,0.5,0.10803601046496836
XRP,2023-07-13 19:00:00+00:00,2023-07-13 19:00:00+00:00,2023-07-15 19:00:00+00:00,-1,0.7884,0.9045645712508084,-115.37617125080837,0.725,tempo,0.5457774200630798,0.5373091754906784,192,48.0,0.11616457125080837
XRP,2023-08-29 17:00:00+00:00,2023-08-29 17:00:00+00:00,2023-08-31 17:00:00+00:00,1,0.5393,0.5036927149266598,36.146585073340205,0.5076,tempo,-0.8902672566781646,-0.9093780930870177,192,48.0,0.03560728507334021
XRP,2023-09-11 11:00:00+00:00,2023-09-11 11:00:00+00:00,2023-09-13 11:00:00+00:00,1,0.4721,0.45245105057464224,20.12104942535778,0.4807,tempo,0.4376824334893622,0.40616319108138177,192,48.0,0.019648949425357776
XRP,2023-09-29 13:00:00+00:00,2023-09-29 13:00:00+00:00,2023-10-01 13:00:00+00:00,-1,0.537,0.5576112358931513,-20.074235893151283,0.5205,tempo,0.8005342370314972,0.7671847084751624,192,48.0,0.02061123589315128
XRP,2023-10-04 00:00:00+00:00,2023-10-04 00:00:00+00:00,2023-10-06 00:00:00+00:00,-1,0.5387,0.5605602193487307,-21.321519348730725,0.5223,tempo,0.7502212003628503,0.7186730265317381,192,48.0,0.021860219348730725
XRP,2023-10-20 00:00:00+00:00,2023-10-20 00:00:00+00:00,2023-10-22 00:00:00+00:00,-1,0.5193,0.5369545548863957,-17.135254886395668,0.5205,tempo,-0.06797112743548582,-0.10625416568533799,192,48.0,0.017654554886395668
XRP,2023-10-31 11:00:00+00:00,2023-10-31 11:00:00+00:00,2023-11-02 11:00:00+00:00,-1,0.6011,0.6287869312238742,-27.085831223874223,0.6172,tempo,-0.5815017876057387,-0.6101035489781639,192,48.0,0.027686931223874223
XRP,2023-11-05 15:00:00+00:00,2023-11-05 15:00:00+00:00,2023-11-06 00:45:00+00:00,-1,0.6475,0.677366173175309,-29.21867317530904,0.677366173175309,stop,-1.0,-1.0288340594393892,39,9.75,0.02986617317530904
XRP,2023-11-06 01:00:00+00:00,2023-11-06 01:00:00+00:00,2023-11-06 12:45:00+00:00,-1,0.6849,0.7183803399457164,-32.795439945716424,0.7183803399457164,stop,-1.0,-1.0272438159960027,47,11.75,0.03348033994571642
XRP,2023-11-06 13:00:00+00:00,2023-11-06 13:00:00+00:00,2023-11-08 13:00:00+00:00,-1,0.7128,0.7482922978731791,-34.77949787317909,0.691,tempo,0.6142177685394081,0.5885088104082543,192,48.0,0.03549229787317909
XRP,2023-11-09 17:00:00+00:00,2023-11-09 17:00:00+00:00,2023-11-11 17:00:00+00:00,1,0.6548,0.616083936707007,39.37086329299304,0.6779,tempo,0.596651571343531,0.5742770082727867,192,48.0,0.03871606329299304
XRP,2023-12-04 12:00:00+00:00,2023-12-04 12:00:00+00:00,2023-12-06 12:00:00+00:00,1,0.6201,0.5921251204944096,28.594979505590413,0.621,tempo,0.03217172034003431,0.0033345988132449447,192,48.0,0.02797487950559041
XRP,2023-12-09 12:00:00+00:00,2023-12-09 12:00:00+00:00,2023-12-11 12:00:00+00:00,-1,0.6871,0.718656613350168,-30.869513350167907,0.6268,tempo,1.9108514380450516,1.8837878558246404,192,48.0,0.031556613350167906
XRP,2023-12-25 10:00:00+00:00,2023-12-25 10:00:00+00:00,2023-12-27 10:00:00+00:00,-1,0.6422,0.6684649620726023,-25.622762072602317,0.6296,tempo,0.47972656366952615,0.4482523130037572,192,48.0,0.026264962072602316
XRP,2024-01-02 18:00:00+00:00,2024-01-02 18:00:00+00:00,2024-01-03 12:15:00+00:00,1,0.6236,0.5993471954402685,24.876404559731554,0.5993471954402685,stop,-1.0,-1.0327762372833376,73,18.25,0.024252804559731556
XRP,2024-01-09 01:00:00+00:00,2024-01-09 01:00:00+00:00,2024-01-11 01:00:00+00:00,1,0.5713,0.5367700210132934,35.101278986706625,0.5983,tempo,0.7819292334465221,0.7599124230600264,192,48.0,0.03452997898670662
XRP,2024-01-30 20:00:00+00:00,2024-01-30 20:00:00+00:00,2024-01-31 14:15:00+00:00,1,0.5143,0.4938605158875267,20.953784112473258,0.4938605158875267,stop,-1.0,-1.0320607081725215,73,18.25,0.02043948411247326
XRP,2024-02-15 21:00:00+00:00,2024-02-15 21:00:00+00:00,2024-02-17 21:00:00+00:00,-1,0.5603,0.5799335780009464,-19.07327800094634,0.5508,tempo,0.48386493789069746,0.44708025198346296,192,48.0,0.01963357800094634
XRP,2024-02-21 11:00:00+00:00,2024-02-21 11:00:00+00:00,2024-02-23 11:00:00+00:00,1,0.5413,0.520348166283539,21.49313371646103,0.5366,tempo,-0.22432404073097584,-0.25776431185385795,192,48.0,0.020951833716461032
XRP,2024-02-27 20:00:00+00:00,2024-02-27 20:00:00+00:00,2024-02-29 16:15:00+00:00,-1,0.5942,0.6177370828516849,-22.942882851684985,0.6177370828516849,stop,-1.0,-1.0334688503591345,177,44.25,0.023537082851684987
XRP,2024-02-29 19:00:00+00:00,2024-02-29 19:00:00+00:00,2024-03-02 03:15:00+00:00,-1,0.6053,0.636151905072503,-30.246605072503016,0.636151905072503,stop,-1.0,-1.0261553941774675,129,32.25,0.030851905072503016
XRP,2024-03-02 08:00:00+00:00,2024-03-02 08:00:00+00:00,2024-03-04 08:00:00+00:00,-1,0.6314,0.664805162339679,-32.77376233967905,0.6378,tempo,-0.1915871545518004,-0.21628333748338516,192,48.0,0.03340516233967905
XRP,2024-03-11 16:00:00+00:00,2024-03-11 16:00:00+00:00,2024-03-13 16:00:00+00:00,-1,0.6938,0.7503863307244184,-55.89253072441843,0.6776,tempo,0.28628822177737145,0.2705351240135093,192,48.0,0.05658633072441843
XRP,2024-04-09 13:00:00+00:00,2024-04-09 13:00:00+00:00,2024-04-11 13:00:00+00:00,-1,0.6308,0.6631096278781556,-31.67882787815561,0.6144,tempo,0.5075886377226908,0.4825379004300085,192,48.0,0.03230962787815561
XRP,2024-04-12 19:00:00+00:00,2024-04-12 19:00:00+00:00,2024-04-13 20:00:00+00:00,1,0.5284,0.4944201585009322,34.50824149906779,0.4944201585009322,stop,-1.0,-1.0195655151317833,100,25.0,0.0339798414990678
XRP,2024-04-13 21:00:00+00:00,2024-04-13 21:00:00+00:00,2024-04-15 21:00:00+00:00,1,0.4311,0.3891095293111797,42.42157068882028,0.4922,tempo,1.4550920482124428,1.4407996387644157,192,48.0,0.04199047068882028
XRP,2024-05-01 08:00:00+00:00,2024-05-01 08:00:00+00:00,2024-05-01 19:30:00+00:00,-1,0.4905,0.5203980829262674,-29.407582926267445,0.5203980829262674,stop,-1.0,-1.021977454391391,46,11.5,0.029898082926267444
XRP,2024-05-01 20:00:00+00:00,2024-05-01 20:00:00+00:00,2024-05-03 20:00:00+00:00,-1,0.5105,0.5416868146383297,-30.67631463832973,0.5302,tempo,-0.6316772080912693,-0.6533676246293088,192,48.0,0.03118681463832973
XRP,2024-05-06 16:00:00+00:00,2024-05-06 16:00:00+00:00,2024-05-08 16:00:00+00:00,-1,0.5592,0.5915836659374347,-31.82446593743469,0.5273,tempo,0.9850645094236985,0.9632564472554305,192,48.0,0.03238366593743469
XRP,2024-06-07 19:00:00+00:00,2024-06-07 19:00:00+00:00,2024-06-09 19:00:00+00:00,1,0.4903,0.4726896011236246,18.10069887637539,0.4967,tempo,0.36342163768849417,0.32699145774176686,192,48.0,0.017610398876375388
XRP,2024-06-15 19:00:00+00:00,2024-06-15 19:00:00+00:00,2024-06-15 19:45:00+00:00,-1,0.4876,0.5045765633465812,-16.488963346581208,0.5045765633465812,stop,-1.0,-1.037988534723381,3,0.75,0.016976563346581208
XRP,2024-06-15 20:00:00+00:00,2024-06-15 20:00:00+00:00,2024-06-17 14:30:00+00:00,-1,0.494,0.5114424528887797,-16.94845288877966,0.5114424528887797,stop,-1.0,-1.037468216113005,170,42.5,0.017442452888779658
XRP,2024-06-17 15:00:00+00:00,2024-06-17 15:00:00+00:00,2024-06-19 15:00:00+00:00,-1,0.514,0.5338225725966529,-19.308572596652876,0.4913,tempo,1.1451591305476156,1.1121944385625633,192,48.0,0.019822572596652877
XRP,2024-07-05 01:00:00+00:00,2024-07-05 01:00:00+00:00,2024-07-05 03:00:00+00:00,1,0.4285,0.4124025959049481,16.525904095051892,0.4124025959049481,stop,-1.0,-1.0339549584585648,8,2.0,0.016097404095051893
XRP,2024-07-05 03:00:00+00:00,2024-07-05 03:00:00+00:00,2024-07-07 03:00:00+00:00,1,0.3981,0.37876308847383366,19.735011526166346,0.4461,tempo,2.4822991993859667,2.453921865225986,192,48.0,0.019336911526166345
XRP,2024-07-12 08:00:00+00:00,2024-07-12 08:00:00+00:00,2024-07-13 03:00:00+00:00,-1,0.4625,0.4851575596576511,-22.195059657651097,0.4851575596576511,stop,-1.0,-1.0271863970826827,76,19.0,0.022657559657651094
XRP,2024-07-13 03:00:00+00:00,2024-07-13 03:00:00+00:00,2024-07-13 05:30:00+00:00,-1,0.4854,0.5095722888920297,-23.68688889202966,0.5095722888920297,stop,-1.0,-1.0267550992240981,10,2.5,0.02417228889202966
XRP,2024-07-13 06:00:00+00:00,2024-07-13 06:00:00+00:00,2024-07-13 15:30:00+00:00,-1,0.5064,0.5321811746660998,-25.27477466609986,0.5321811746660998,stop,-1.0,-1.0261849109777235,38,9.5,0.02578117466609986
XRP,2024-07-13 16:00:00+00:00,2024-07-13 16:00:00+00:00,2024-07-13 20:00:00+00:00,-1,0.536,0.564302487454748,-27.766487454747946,0.564302487454748,stop,-1.0,-1.0252697441519616,16,4.0,0.02830248745474795
XRP,2024-07-13 20:00:00+00:00,2024-07-13 20:00:00+00:00,2024-07-15 20:00:00+00:00,-1,0.5605,0.591751141286909,-30.690641286908978,0.535,tempo,0.81597019980457,0.7931846319604194,192,48.0,0.03125114128690898
XRP,2024-07-16 15:00:00+00:00,2024-07-16 15:00:00+00:00,2024-07-17 07:15:00+00:00,-1,0.5785,0.6148162948463226,-35.73779484632259,0.6148162948463226,stop,-1.0,-1.0213583350100115,65,16.25,0.036316294846322594
XRP,2024-07-17 08:00:00+00:00,2024-07-17 08:00:00+00:00,2024-07-19 08:00:00+00:00,-1,0.6088,0.6483584279498764,-38.9496279498764,0.549,tempo,1.5116879790008642,1.4926637144129598,192,48.0,0.03955842794987641
XRP,2024-07-31 02:00:00+00:00,2024-07-31 02:00:00+00:00,2024-08-02 02:00:00+00:00,-1,0.6491,0.6893362768437004,-39.58717684370035,0.5873,tempo,1.535927398055861,1.5159538800506576,192,48.0,0.04023627684370035
XRP,2024-08-07 21:00:00+00:00,2024-08-07 21:00:00+00:00,2024-08-09 21:00:00+00:00,-1,0.6016,0.6644142733103781,-62.21267331037804,0.5784,tempo,0.36934280661600755,0.35713220606969387,192,48.0,0.06281427331037803
XRP,2024-09-12 13:00:00+00:00,2024-09-12 13:00:00+00:00,2024-09-14 13:00:00+00:00,-1,0.5767,0.6071201680998822,-29.84346809988224,0.5852,tempo,-0.2794198892028137,-0.30424667508776493,192,48.0,0.03042016809988224
XRP,2024-09-28 11:00:00+00:00,2024-09-28 11:00:00+00:00,2024-09-29 15:15:00+00:00,-1,0.6192,0.645699924478752,-25.880724478752047,0.645699924478752,stop,-1.0,-1.0310259356237195,113,28.25,0.026499924478752046
XRP,2024-09-29 16:00:00+00:00,2024-09-29 16:00:00+00:00,2024-10-01 16:00:00+00:00,-1,0.6597,0.6893236751564207,-28.963975156420723,0.6115,tempo,1.6270769830377678,1.5991844276530283,192,48.0,0.029623675156420726
XRP,2024-10-02 19:00:00+00:00,2024-10-02 19:00:00+00:00,2024-10-02 22:00:00+00:00,1,0.5689,0.5387060113374409,30.762888662559067,0.5387060113374409,stop,-1.0,-1.0238439483903654,12,3.0,0.030193988662559068
XRP,2024-10-02 22:00:00+00:00,2024-10-02 22:00:00+00:00,2024-10-03 09:15:00+00:00,1,0.5409,0.5091321527046664,32.30874729533366,0.5091321527046664,stop,-1.0,-1.0214846442981451,45,11.25,0.03176784729533366
XRP,2024-10-03 10:00:00+00:00,2024-10-03 10:00:00+00:00,2024-10-05 10:00:00+00:00,1,0.5192,0.4880393057006445,31.679894299355475,0.5325,tempo,0.4268197580011905,0.4048817038155962,192,48.0,0.031160694299355474
XRP,2024-10-26 00:00:00+00:00,2024-10-26 00:00:00+00:00,2024-10-28 00:00:00+00:00,1,0.5017,0.4828004871210092,19.401212878990833,0.5167,tempo,0.7936712494148136,0.7586460080639716,192,48.0,0.018899512878990832
XRP,2024-11-07 04:00:00+00:00,2024-11-07 04:00:00+00:00,2024-11-09 04:00:00+00:00,-1,0.5601,0.5807796002415038,-20.11950024150373,0.5466,tempo,0.6528172615689988,0.6180315311100384,192,48.0,0.020679600241503726
XRP,2024-11-10 13:00:00+00:00,2024-11-10 13:00:00+00:00,2024-11-11 20:45:00+00:00,-1,0.6073,0.6319039816622241,-23.99668166222411,0.6319039816622241,stop,-1.0,-1.032737895806399,127,31.75,0.024603981662224106
XRP,2024-11-12 09:00:00+00:00,2024-11-12 09:00:00+00:00,2024-11-12 20:30:00+00:00,-1,0.6864,0.73506089577299,-47.974495772990046,0.73506089577299,stop,-1.0,-1.0189875169286402,46,11.5,0.04866089577299004
XRP,2024-11-12 21:00:00+00:00,2024-11-12 21:00:00+00:00,2024-11-14 17:30:00+00:00,-1,0.705,0.7612636889501887,-55.55868895018874,0.7612636889501887,stop,-1.0,-1.0169393691668778,178,44.5,0.05626368895018874
XRP,2024-11-14 19:00:00+00:00,2024-11-14 19:00:00+00:00,2024-11-14 22:30:00+00:00,-1,0.7742,0.8449769737423354,-70.00277374233539,0.8449769737423354,stop,-1.0,-1.0148701615410123,14,3.5,0.07077697374233538
XRP,2024-11-14 23:00:00+00:00,2024-11-14 23:00:00+00:00,2024-11-15 13:00:00+00:00,-1,0.7939,0.8700637470566168,-75.36984705661678,0.8700637470566168,stop,-1.0,-1.0142006725953596,56,14.0,0.07616374705661677
XRP,2024-11-15 13:00:00+00:00,2024-11-15 13:00:00+00:00,2024-11-16 05:15:00+00:00,-1,0.8658,0.9525795369637557,-85.91373696375574,0.9525795369637557,stop,-1.0,-1.0136201083847691,65,16.25,0.08677953696375573
XRP,2024-11-16 06:00:00+00:00,2024-11-16 06:00:00+00:00,2024-11-16 13:45:00+00:00,-1,0.983,1.0910407281366288,-107.0577281366288,1.0910407281366288,stop,-1.0,-1.0124779469422305,31,7.75,0.1080407281366288
XRP,2024-11-16 14:00:00+00:00,2024-11-16 14:00:00+00:00,2024-11-16 15:15:00+00:00,-1,1.1165,1.2452160497420177,-127.59954974201767,1.2452160497420177,stop,-1.0,-1.0119263715395952,5,1.25,0.12871604974201767
XRP,2024-11-16 16:00:00+00:00,2024-11-16 16:00:00+00:00,2024-11-18 16:00:00+00:00,-1,1.1106,1.248289522299686,-136.5789222996859,1.1678,tempo,-0.41542739813928753,-0.4261831911383847,192,48.0,0.1376895222996859
XRP,2024-11-22 03:00:00+00:00,2024-11-22 03:00:00+00:00,2024-11-23 00:30:00+00:00,-1,1.3603,1.533397346139259,-171.73704613925887,1.533397346139259,stop,-1.0,-1.0108661589385508,86,21.5,0.17309734613925887
XRP,2024-11-23 01:00:00+00:00,2024-11-23 01:00:00+00:00,2024-11-25 01:00:00+00:00,-1,1.5823,1.790636843228241,-206.75454322824086,1.4011,tempo,0.8697453469691321,0.860437295786483,192,48.0,0.20833684322824086
XRP,2024-11-30 02:00:00+00:00,2024-11-30 02:00:00+00:00,2024-12-01 19:30:00+00:00,-1,1.8363,2.0622302409916986,-224.09394099169856,2.0622302409916986,stop,-1.0,-1.0112160490137205,166,41.5,0.22593024099169856
XRP,2024-12-02 01:00:00+00:00,2024-12-02 01:00:00+00:00,2024-12-02 15:15:00+00:00,-1,2.4243,2.7368127779322875,-310.08847793228733,2.7368127779322875,stop,-1.0,-1.010734675643832,57,14.25,0.3125127779322874
XRP,2024-12-02 16:00:00+00:00,2024-12-02 16:00:00+00:00,2024-12-04 16:00:00+00:00,-1,2.7005,3.076387508947845,-373.1870089478453,2.5145,tempo,0.4948288931458151,0.48581090260527193,192,48.0,0.3758875089478453
XRP,2024-12-05 04:00:00+00:00,2024-12-05 04:00:00+00:00,2024-12-07 04:00:00+00:00,1,2.2569,1.9014955516917849,357.661348308215,2.4174,tempo,0.4515981743166336,0.4430493364659461,192,48.0,0.35540444830821505
XRP,2025-01-01 19:00:00+00:00,2025-01-01 19:00:00+00:00,2025-01-03 19:00:00+00:00,-1,2.3206,2.5323578589355438,-209.43725893554353,2.4512,tempo,-0.6167421632259364,-0.6313894118125597,192,48.0,0.21175785893554355
XRP,2025-01-11 18:00:00+00:00,2025-01-11 18:00:00+00:00,2025-01-13 18:00:00+00:00,-1,2.4815,2.6647039469365943,-180.72244693659425,2.4451,tempo,0.1986856757654779,0.18120630344000999,192,48.0,0.18320394693659425
XRP,2025-01-15 03:00:00+00:00,2025-01-15 03:00:00+00:00,2025-01-15 22:00:00+00:00,-1,2.8474,3.063798443322122,-213.55104332212198,3.063798443322122,stop,-1.0,-1.017755575914379,76,19.0,0.216398443322122
XRP,2025-01-15 23:00:00+00:00,2025-01-15 23:00:00+00:00,2025-01-16 13:00:00+00:00,-1,3.081,3.3285903573670144,-244.50935736701442,3.3285903573670144,stop,-1.0,-1.016827124354091,56,14.0,0.2475903573670144
XRP,2025-01-16 13:00:00+00:00,2025-01-16 13:00:00+00:00,2025-01-18 13:00:00+00:00,-1,3.3383,3.628422783560617,-286.78448356061705,3.1669,tempo,0.5907843496344649,0.5762098996443401,192,48.0,0.29012278356061705
XRP,2025-02-02 18:00:00+00:00,2025-02-02 18:00:00+00:00,2025-02-03 00:45:00+00:00,1,2.5744,2.3717695441914413,205.20485580855853,2.3717695441914413,stop,-1.0,-1.0158663720658159,27,6.75,0.20263045580855854
XRP,2025-02-03 01:00:00+00:00,2025-02-03 01:00:00+00:00,2025-02-03 02:00:00+00:00,1,2.3939,2.181010579787771,215.2833202122291,2.181010579787771,stop,-1.0,-1.0139682463971087,4,1.0,0.21288942021222912
XRP,2025-02-03 02:00:00+00:00,2025-02-03 02:00:00+00:00,2025-02-03 02:15:00+00:00,1,2.0977,1.8701681784726638,229.62952152733632,1.8701681784726638,stop,-1.0,-1.0113351807175568,1,0.25,0.2275318215273363
XRP,2025-02-03 03:00:00+00:00,2025-02-03 03:00:00+00:00,2025-02-05 03:00:00+00:00,1,2.1518,1.9174031605239006,236.54863947609957,2.5174,tempo,1.5597479932628457,1.5467999517842,192,48.0,0.23439683947609957
XRP,2025-02-14 10:00:00+00:00,2025-02-14 10:00:00+00:00,2025-02-16 10:00:00+00:00,-1,2.7541,3.02727662826743,-270.4225282674299,2.7596,tempo,-0.020133493977439815,-0.03325286301984372,192,48.0,0.27317662826742994
XRP,2025-02-25 20:00:00+00:00,2025-02-25 20:00:00+00:00,2025-02-27 20:00:00+00:00,-1,2.261,2.455392216968267,-192.13121696826704,2.189,tempo,0.37038519917571333,0.3555054882227168,192,48.0,0.19439221696826703
XRP,2025-02-28 09:00:00+00:00,2025-02-28 09:00:00+00:00,2025-03-01 02:30:00+00:00,-1,2.016,2.18933246833221,-171.31646833221018,2.18933246833221,stop,-1.0,-1.01577007545509,70,17.5,0.17333246833221017
XRP,2025-03-02 16:00:00+00:00,2025-03-02 16:00:00+00:00,2025-03-02 16:45:00+00:00,-1,2.5973,2.8820967133027535,-282.1994133027533,2.8820967133027535,stop,-1.0,-1.0125057899100844,3,0.75,0.28479671330275336
XRP,2025-03-02 17:00:00+00:00,2025-03-02 17:00:00+00:00,2025-03-04 17:00:00+00:00,-1,2.8464,3.181332941703516,-332.0865417035158,2.3907,tempo,1.3605708584000313,1.350407286603581,192,48.0,0.33493294170351584
ADA,2023-01-04 08:00:00+00:00,2023-01-04 08:00:00+00:00,2023-01-06 00:45:00+00:00,-1,0.2655,0.2753096262768076,-9.544126276807592,0.2753096262768076,stop,-1.0,-1.0358348266448254,163,40.75,0.009809626276807593
ADA,2023-01-08 13:00:00+00:00,2023-01-08 13:00:00+00:00,2023-01-09 00:00:00+00:00,-1,0.2875,0.2983786448404475,-10.591144840447539,0.2983786448404475,stop,-1.0,-1.0350063013115727,44,11.0,0.010878644840447538
ADA,2023-01-09 00:00:00+00:00,2023-01-09 00:00:00+00:00,2023-01-09 01:00:00+00:00,-1,0.2975,0.3092353706632252,-11.43787066322522,0.3092353706632252,stop,-1.0,-1.033605925389894,4,1.0,0.01173537066322522
ADA,2023-01-09 01:00:00+00:00,2023-01-09 01:00:00+00:00,2023-01-09 01:45:00+00:00,-1,0.3119,0.3260094687188226,-13.797568718822571,0.3260094687188226,stop,-1.0,-1.029387439238877,3,0.75,0.014109468718822571
ADA,2023-01-09 02:00:00+00:00,2023-01-09 02:00:00+00:00,2023-01-11 02:00:00+00:00,-1,0.3382,0.3582305915417006,-19.692391541700616,0.3218,tempo,0.8187476623372677,0.7973304216578355,192,48.0,0.020030591541700615
ADA,2023-02-14 17:00:00+00:00,2023-02-14 17:00:00+00:00,2023-02-15 20:30:00+00:00,-1,0.3798,0.40048246378908886,-20.302663789088836,0.40048246378908886,stop,-1.0,-1.024522397652183,110,27.5,0.020682463789088834
ADA,2023-02-15 21:00:00+00:00,2023-02-15 21:00:00+00:00,2023-02-17 21:00:00+00:00,1,0.4036,0.3818750192540373,22.12858074596274,0.4076,tempo,0.18411984096894277,0.15984916353241674,192,48.0,0.02172498074596274
ADA,2023-03-10 01:00:00+00:00,2023-03-10 01:00:00+00:00,2023-03-11 01:45:00+00:00,-1,0.3055,0.32088144271121155,-15.075942711211557,0.32088144271121155,stop,-1.0,-1.0264700747131812,99,24.75,0.015381442711211557
ADA,2023-03-11 22:00:00+00:00,2023-03-11 22:00:00+00:00,2023-03-13 22:00:00+00:00,1,0.3023,0.2861511579033721,16.451142096627922,0.3435,tempo,2.551266508984138,2.525272694846364,192,48.0,0.016148842096627924
ADA,2023-03-14 00:00:00+00:00,2023-03-14 00:00:00+00:00,2023-03-15 16:15:00+00:00,1,0.3433,0.32309683451501087,20.546465484989128,0.32309683451501087,stop,-1.0,-1.0214401026787903,161,40.25,0.020203165484989127
ADA,2023-03-15 17:00:00+00:00,2023-03-15 17:00:00+00:00,2023-03-17 17:00:00+00:00,1,0.3167,0.29683729240327705,20.17940759672293,0.3339,tempo,0.8659443792465512,0.8446537270058783,192,48.0,0.01986270759672293
ADA,2023-03-21 19:00:00+00:00,2023-03-21 19:00:00+00:00,2023-03-21 21:00:00+00:00,-1,0.3563,0.3780956019636137,-21.439301963613687,0.3780956019636137,stop,-1.0,-1.0219015350928717,8,2.0,0.021795601963613687
ADA,2023-03-21 21:00:00+00:00,2023-03-21 21:00:00+00:00,2023-03-23 21:00:00+00:00,-1,0.3766,0.40074466801837183,-23.76806801837184,0.37,tempo,0.27335227781877186,0.25325301616685186,192,48.0,0.02414466801837184
ADA,2023-03-28 22:00:00+00:00,2023-03-28 22:00:00+00:00,2023-03-29 10:00:00+00:00,-1,0.365,0.3880864060242259,-22.721406024225903,0.3880864060242259,stop,-1.0,-1.0212032207785864,48,12.0,0.023086406024225903
ADA,2023-03-29 10:00:00+00:00,2023-03-29 10:00:00+00:00,2023-03-31 10:00:00+00:00,-1,0.3863,0.41061672126212223,-23.930421262122255,0.385,tempo,0.053461154815511905,0.03284386046090923,192,48.0,0.024316721262122254
ADA,2023-03-31 13:00:00+00:00,2023-03-31 13:00:00+00:00,2023-04-02 13:00:00+00:00,-1,0.3968,0.4211578981221674,-23.96109812216743,0.3827,tempo,0.5788676809994534,0.5580664198455245,192,48.0,0.024357898122167432
ADA,2023-04-13 21:00:00+00:00,2023-04-13 21:00:00+00:00,2023-04-15 08:00:00+00:00,-1,0.4279,0.448709348410123,-20.381448410122996,0.448709348410123,stop,-1.0,-1.027381735614047,140,35.0,0.020809348410122996
ADA,2023-04-15 13:00:00+00:00,2023-04-15 13:00:00+00:00,2023-04-17 13:00:00+00:00,-1,0.4549,0.47811142430337833,-22.756524303378303,0.4429,tempo,0.5169868011181663,0.49184530215745564,192,48.0,0.023211424303378303
ADA,2023-05-12 09:00:00+00:00,2023-05-12 09:00:00+00:00,2023-05-14 09:00:00+00:00,-1,0.3603,0.3769081225914831,-16.24782259148309,0.3669,tempo,-0.3973959105639418,-0.4258566831405121,192,48.0,0.016608122591483088
ADA,2023-06-06 14:00:00+00:00,2023-06-06 14:00:00+00:00,2023-06-07 14:30:00+00:00,1,0.3443,0.3313730194385875,13.271280561412505,0.3313730194385875,stop,-1.0,-1.03397448155419,98,24.5,0.012926980561412504
ADA,2023-06-07 15:00:00+00:00,2023-06-07 15:00:00+00:00,2023-06-09 07:30:00+00:00,1,0.328,0.31487021437034696,13.457785629653056,0.31487021437034696,stop,-1.0,-1.0318257777489523,162,40.5,0.013129785629653057
ADA,2023-06-09 08:00:00+00:00,2023-06-09 08:00:00+00:00,2023-06-09 19:15:00+00:00,1,0.3136,0.3006835334755322,13.23006652446776,0.3006835334755322,stop,-1.0,-1.0309128116426214,45,11.25,0.012916466524467762
ADA,2023-06-09 20:00:00+00:00,2023-06-09 20:00:00+00:00,2023-06-10 01:00:00+00:00,1,0.2993,0.28645103496717905,13.148265032820959,0.28645103496717905,stop,-1.0,-1.0296318163958047,20,5.0,0.012848965032820958
ADA,2023-06-10 01:00:00+00:00,2023-06-10 01:00:00+00:00,2023-06-10 03:45:00+00:00,1,0.2874,0.27446430182625003,13.223098173749955,0.27446430182625003,stop,-1.0,-1.0282328631421052,11,2.75,0.012935698173749954
ADA,2023-06-10 04:00:00+00:00,2023-06-10 04:00:00+00:00,2023-06-10 04:30:00+00:00,1,0.2763,0.26337941340900434,13.196886590995653,0.26337941340900434,stop,-1.0,-1.0271498214299588,2,0.5,0.012920586590995653
ADA,2023-06-10 05:00:00+00:00,2023-06-10 05:00:00+00:00,2023-06-12 05:00:00+00:00,1,0.2431,0.22458100304082848,18.76209695917153,0.2724,tempo,1.5821591236608064,1.5640655411229003,192,48.0,0.01851899695917153
ADA,2023-06-30 11:00:00+00:00,2023-06-30 11:00:00+00:00,2023-07-02 11:00:00+00:00,-1,0.2957,0.3136227761205823,-17.627076120582295,0.288,tempo,0.4296209442217746,0.40845206963184455,192,48.0,0.017922776120582296
ADA,2023-07-13 17:00:00+00:00,2023-07-13 17:00:00+00:00,2023-07-13 18:30:00+00:00,-1,0.3182,0.3374637268501143,-18.94552685011429,0.3374637268501143,stop,-1.0,-1.0221235187650122,6,1.5,0.019263726850114293
ADA,2023-07-13 19:00:00+00:00,2023-07-13 19:00:00+00:00,2023-07-13 23:45:00+00:00,-1,0.3376,0.35913417599981895,-21.19657599981894,0.35913417599981895,stop,-1.0,-1.0210306265911309,19,4.75,0.02153417599981894
ADA,2023-07-14 00:00:00+00:00,2023-07-14 00:00:00+00:00,2023-07-16 00:00:00+00:00,-1,0.3566,0.3809339644310573,-23.977364431057342,0.3257,tempo,1.269830079991505,1.2516047307576592,192,48.0,0.024333964431057342
ADA,2023-08-16 10:00:00+00:00,2023-08-16 10:00:00+00:00,2023-08-16 20:30:00+00:00,1,0.277,0.2681162978679406,9.160702132059411,0.2681162978679406,stop,-1.0,-1.0398849025267827,42,10.5,0.008883702132059412
ADA,2023-08-17 13:00:00+00:00,2023-08-17 13:00:00+00:00,2023-08-19 13:00:00+00:00,-1,0.2764,0.28559667860431087,-8.920278604310893,0.2647,tempo,1.2721984211251742,1.2339547230323502,192,48.0,0.009196678604310893
ADA,2023-08-29 17:00:00+00:00,2023-08-29 17:00:00+00:00,2023-08-30 12:45:00+00:00,1,0.2771,0.2631265767881501,14.250523211849913,0.2631265767881501,stop,-1.0,-1.0251296528838054,79,19.75,0.013973423211849911
ADA,2023-08-30 13:00:00+00:00,2023-08-30 13:00:00+00:00,2023-08-31 17:15:00+00:00,1,0.2641,0.2510682568507307,13.295843149269302,0.2510682568507307,stop,-1.0,-1.0256956696519721,113,28.25,0.013031743149269304
ADA,2023-09-01 15:00:00+00:00,2023-09-01 15:00:00+00:00,2023-09-03 15:00:00+00:00,-1,0.2554,0.2675760227274957,-11.920622727495683,0.2535,tempo,0.1560443867856345,0.12887746968937885,192,48.0,0.012176022727495683
ADA,2023-09-29 16:00:00+00:00,2023-09-29 16:00:00+00:00,2023-10-01 10:30:00+00:00,-1,0.2549,0.26200027401078296,-6.8453740107829475,0.26200027401078296,stop,-1.0,-1.047320029846279,170,42.5,0.007100274010782948
ADA,2023-10-01 11:00:00+00:00,2023-10-01 11:00:00+00:00,2023-10-02 09:30:00+00:00,-1,0.261,0.26831741657238495,-7.056416572384938,0.26831741657238495,stop,-1.0,-1.0470188238387954,90,22.5,0.007317416572384938
ADA,2023-10-17 14:00:00+00:00,2023-10-17 14:00:00+00:00,2023-10-19 01:45:00+00:00,1,0.2461,0.23930678377731648,7.03931622268353,0.23930678377731648,stop,-1.0,-1.046445512569099,143,35.75,0.006793216222683529
ADA,2023-10-21 14:00:00+00:00,2023-10-21 14:00:00+00:00,2023-10-23 01:15:00+00:00,-1,0.2587,0.2658546552304745,-6.895955230474538,0.2658546552304745,stop,-1.0,-1.047655759071034,141,35.25,0.007154655230474538
ADA,2023-10-26 08:00:00+00:00,2023-10-26 08:00:00+00:00,2023-10-28 08:00:00+00:00,-1,0.2954,0.3087565027420944,-13.061102742094377,0.2934,tempo,0.14973979630886447,0.1210855888872002,192,48.0,0.013356502742094378
ADA,2023-11-01 02:00:00+00:00,2023-11-01 02:00:00+00:00,2023-11-03 02:00:00+00:00,1,0.291,0.2777192559945837,13.57174400541629,0.3187,tempo,2.0857265216996206,2.0558859495269792,192,48.0,0.01328074400541629
ADA,2023-11-03 06:00:00+00:00,2023-11-03 06:00:00+00:00,2023-11-05 04:30:00+00:00,-1,0.3171,0.3339453652065497,-16.528265206549722,0.3339453652065497,stop,-1.0,-1.025121419583098,186,46.5,0.016845365206549723
ADA,2023-11-05 17:00:00+00:00,2023-11-05 17:00:00+00:00,2023-11-06 19:30:00+00:00,-1,0.3472,0.3657972493814392,-18.250049381439194,0.3657972493814392,stop,-1.0,-1.0249202558180714,106,26.5,0.018597249381439196
ADA,2023-11-06 20:00:00+00:00,2023-11-06 20:00:00+00:00,2023-11-08 20:00:00+00:00,-1,0.3679,0.3877265724616314,-19.458672461631387,0.3576,tempo,0.5195048221235774,0.49571982343494386,192,48.0,0.019826572461631387
ADA,2023-11-14 01:00:00+00:00,2023-11-14 01:00:00+00:00,2023-11-16 01:00:00+00:00,1,0.3506,0.3284401328102091,22.510467189790905,0.3818,tempo,1.4079506764541374,1.3864676957159079,192,48.0,0.022159867189790905
ADA,2023-12-04 20:00:00+00:00,2023-12-04 20:00:00+00:00,2023-12-06 20:00:00+00:00,1,0.4014,0.38153843322428727,20.262966775712712,0.448,tempo,2.3462398775601043,2.31844196986054,192,48.0,0.019861566775712713
ADA,2023-12-06 21:00:00+00:00,2023-12-06 21:00:00+00:00,2023-12-08 06:15:00+00:00,-1,0.4482,0.4715503145909318,-22.902114590931788,0.4715503145909318,stop,-1.0,-1.0256029828701443,133,33.25,0.023350314590931787
ADA,2023-12-08 07:00:00+00:00,2023-12-08 07:00:00+00:00,2023-12-08 11:30:00+00:00,-1,0.4794,0.5058774196216828,-25.998019621682765,0.5058774196216828,stop,-1.0,-1.0241877921604428,18,4.5,0.026477419621682763
ADA,2023-12-08 12:00:00+00:00,2023-12-08 12:00:00+00:00,2023-12-08 16:15:00+00:00,-1,0.5208,0.5526950149456357,-31.37421494563562,0.5526950149456357,stop,-1.0,-1.0218771416443604,17,4.25,0.031895014945635625
ADA,2023-12-08 17:00:00+00:00,2023-12-08 17:00:00+00:00,2023-12-09 04:15:00+00:00,-1,0.5539,0.5896639878843969,-35.21008788439694,0.5896639878843969,stop,-1.0,-1.020783940385159,45,11.25,0.03576398788439694
ADA,2023-12-09 05:00:00+00:00,2023-12-09 05:00:00+00:00,2023-12-09 08:15:00+00:00,-1,0.5981,0.6398825438762376,-41.18444387623759,0.6398825438762376,stop,-1.0,-1.019258967474625,13,3.25,0.04178254387623759
ADA,2023-12-09 09:00:00+00:00,2023-12-09 09:00:00+00:00,2023-12-11 09:00:00+00:00,-1,0.6142,0.6601925937062565,-45.378393706256524,0.5601,tempo,1.1762763445245865,1.1596803028906884,192,48.0,0.045992593706256524
ADA,2023-12-12 15:00:00+00:00,2023-12-12 15:00:00+00:00,2023-12-13 20:00:00+00:00,-1,0.5882,0.6409809225163392,-52.19272251633926,0.6409809225163392,stop,-1.0,-1.015137431510188,116,29.0,0.05278092251633926
ADA,2023-12-14 02:00:00+00:00,2023-12-14 02:00:00+00:00,2023-12-16 02:00:00+00:00,-1,0.6762,0.7439620059210972,-67.08580592109716,0.6036,tempo,1.0713968545225219,1.05912050601878,192,48.0,0.06776200592109716
ADA,2023-12-28 08:00:00+00:00,2023-12-28 08:00:00+00:00,2023-12-30 08:00:00+00:00,-1,0.6623,0.7147285349937471,-51.76623499374711,0.604,tempo,1.111989873586076,1.096290503002897,192,48.0,0.05242853499374711
ADA,2024-01-02 15:00:00+00:00,2024-01-02 15:00:00+00:00,2024-01-03 12:15:00+00:00,1,0.6136,0.5699986038282927,44.21499617170733,0.5699986038282927,stop,-1.0,-1.0176448270018383,85,21.25,0.04360139617170733
ADA,2024-01-05 15:00:00+00:00,2024-01-05 15:00:00+00:00,2024-01-07 15:00:00+00:00,1,0.5277,0.48756393683224397,40.66376316775598,0.5214,tempo,-0.15696606749067482,-0.17395614938161197,192,48.0,0.040136063167755975
ADA,2024-01-08 03:00:00+00:00,2024-01-08 03:00:00+00:00,2024-01-10 03:00:00+00:00,1,0.4745,0.4393710642504822,35.60343574951775,0.511,tempo,1.0390294844187273,1.0207945169671786,192,48.0,0.03512893574951775
ADA,2024-01-10 23:00:00+00:00,2024-01-10 23:00:00+00:00,2024-01-12 23:00:00+00:00,-1,0.5696,0.6176495722706958,-47.47997227069584,0.5436,tempo,0.5411078344990125,0.5260488034649049,192,48.0,0.04804957227069584
ADA,2024-02-08 10:00:00+00:00,2024-02-08 10:00:00+00:00,2024-02-10 10:00:00+00:00,-1,0.5293,0.5565984887377948,-26.769188737794835,0.5335,tempo,-0.15385467086993243,-0.179160833662877,192,48.0,0.027298488737794835
ADA,2024-02-12 02:00:00+00:00,2024-02-12 02:00:00+00:00,2024-02-14 02:00:00+00:00,1,0.5429,0.5160193803043843,27.423519695615727,0.5416,tempo,-0.04836198029363553,-0.0745862641078578,192,48.0,0.026880619695615726
ADA,2024-02-15 18:00:00+00:00,2024-02-15 18:00:00+00:00,2024-02-17 18:00:00+00:00,-1,0.602,0.6332995981788335,-30.69759817883354,0.5834,tempo,0.5942568301908189,0.5696395812537044,192,48.0,0.03129959817883354
ADA,2024-02-18 03:00:00+00:00,2024-02-18 03:00:00+00:00,2024-02-20 03:00:00+00:00,-1,0.6185,0.6523996676248045,-33.28116762480445,0.6331,tempo,-0.43068268873872667,-0.4546811541220489,192,48.0,0.03389966762480445
ADA,2024-02-27 07:00:00+00:00,2024-02-27 07:00:00+00:00,2024-02-29 07:00:00+00:00,1,0.6215,0.5863809247992928,35.74057520070723,0.6894,tempo,1.9334222103500205,1.9091594700833623,192,48.0,0.03511907520070723
ADA,2024-02-29 18:00:00+00:00,2024-02-29 18:00:00+00:00,2024-03-02 00:00:00+00:00,-1,0.6708,0.7147764887200885,-43.305688720088526,0.7147764887200885,stop,-1.0,-1.0204796868481374,120,30.0,0.043976488720088525
ADA,2024-03-02 00:00:00+00:00,2024-03-02 00:00:00+00:00,2024-03-04 00:00:00+00:00,-1,0.7206,0.7693486423509491,-48.028042350949114,0.7288,tempo,-0.168209812715745,-0.18753568425935851,192,48.0,0.04874864235094911
ADA,2024-03-05 07:00:00+00:00,2024-03-05 07:00:00+00:00,2024-03-05 17:15:00+00:00,1,0.7709,0.7141792797411946,57.491620258805476,0.7141792797411946,stop,-1.0,-1.0170184991909006,41,10.25,0.05672072025880548
ADA,2024-04-09 13:00:00+00:00,2024-04-09 13:00:00+00:00,2024-04-11 13:00:00+00:00,-1,0.6221,0.657268191922399,-34.54609192239906,0.5865,tempo,1.0122783701406577,0.9899402868597925,192,48.0,0.03516819192239906
ADA,2024-04-12 18:00:00+00:00,2024-04-12 18:00:00+00:00,2024-04-12 18:45:00+00:00,1,0.5288,0.49624094261394674,33.0878573860533,0.49624094261394674,stop,-1.0,-1.02046363335397,3,0.75,0.0325590573860533
ADA,2024-04-12 19:00:00+00:00,2024-04-12 19:00:00+00:00,2024-04-13 20:15:00+00:00,1,0.4662,0.4263783081272535,40.28789187274648,0.4263783081272535,stop,-1.0,-1.0145693433151137,101,25.25,0.03982169187274648
ADA,2024-04-20 07:00:00+00:00,2024-04-20 07:00:00+00:00,2024-04-22 07:00:00+00:00,-1,0.4971,0.5467378074726845,-49.14070747268453,0.5104,tempo,-0.267940924008759,-0.28113399262607003,192,48.0,0.049637807472684536
ADA,2024-05-01 08:00:00+00:00,2024-05-01 08:00:00+00:00,2024-05-02 12:45:00+00:00,-1,0.4276,0.45868492739142175,-30.657327391421767,0.45868492739142175,stop,-1.0,-1.0185326217928823,115,28.75,0.03108492739142177
ADA,2024-05-04 00:00:00+00:00,2024-05-04 00:00:00+00:00,2024-05-06 00:00:00+00:00,1,0.4669,0.43386530078356284,33.50159921643715,0.4577,tempo,-0.27849504364254424,-0.29668773236849344,192,48.0,0.03303469921643715
ADA,2024-05-09 01:00:00+00:00,2024-05-09 01:00:00+00:00,2024-05-11 01:00:00+00:00,-1,0.461,0.4905047681703257,-29.04376817032566,0.4475,tempo,0.4575531630029075,0.43753860140421924,192,48.0,0.029504768170325657
ADA,2024-05-17 09:00:00+00:00,2024-05-17 09:00:00+00:00,2024-05-19 09:00:00+00:00,-1,0.4805,0.506860110197596,-25.879610197596044,0.4764,tempo,0.15553804476788186,0.13194235433496693,192,48.0,0.026360110197596043
ADA,2024-06-07 11:00:00+00:00,2024-06-07 11:00:00+00:00,2024-06-09 11:00:00+00:00,-1,0.4791,0.49774402907584797,-18.164929075847947,0.4425,tempo,1.9630949861268345,1.9309645921243914,192,48.0,0.018644029075847945
ADA,2024-06-18 02:00:00+00:00,2024-06-18 02:00:00+00:00,2024-06-20 02:00:00+00:00,1,0.3709,0.35050761191498786,20.763288085012146,0.3868,tempo,0.7797026975808703,0.755551283928539,192,48.0,0.020392388085012148
ADA,2024-06-25 02:00:00+00:00,2024-06-25 02:00:00+00:00,2024-06-27 02:00:00+00:00,-1,0.3808,0.4002045003548506,-19.023700354850583,0.384,tempo,-0.16491019822626196,-0.19052899752071192,192,48.0,0.019404500354850585
ADA,2024-07-02 19:00:00+00:00,2024-07-02 19:00:00+00:00,2024-07-04 19:00:00+00:00,-1,0.4183,0.43731281777590736,-18.594517775907356,0.3772,tempo,2.161699569438944,2.134503442799829,192,48.0,0.019012817775907354
ADA,2024-07-05 00:00:00+00:00,2024-07-05 00:00:00+00:00,2024-07-05 01:30:00+00:00,1,0.362,0.3421809377170615,20.181062282938502,0.3421809377170615,stop,-1.0,-1.0230948166457967,6,1.5,0.019819062282938504
ADA,2024-07-05 02:00:00+00:00,2024-07-05 02:00:00+00:00,2024-07-05 03:00:00+00:00,1,0.3483,0.32864865558369344,19.99964441630656,0.32864865558369344,stop,-1.0,-1.0223911716576641,4,1.0,0.01965134441630656
ADA,2024-07-05 03:00:00+00:00,2024-07-05 03:00:00+00:00,2024-07-07 03:00:00+00:00,1,0.3285,0.30788686231819984,20.941637681800174,0.3699,tempo,2.008427859896023,1.986405011797511,192,48.0,0.020613137681800175
ADA,2024-08-21 05:00:00+00:00,2024-08-21 05:00:00+00:00,2024-08-23 00:15:00+00:00,-1,0.357,0.3791363060932968,-21.77930609329681,0.3791363060932968,stop,-1.0,-1.0216155575796604,173,43.25,0.02213630609329681
ADA,2024-09-05 14:00:00+00:00,2024-09-05 14:00:00+00:00,2024-09-07 14:00:00+00:00,-1,0.3381,0.3572245619742143,-18.786461974214305,0.324,tempo,0.7372717879244015,0.7147685274272324,192,48.0,0.019124561974214305
ADA,2024-09-10 02:00:00+00:00,2024-09-10 02:00:00+00:00,2024-09-12 02:00:00+00:00,1,0.3398,0.32093621079959245,19.203589200407546,0.3571,tempo,0.9171010032081054,0.8930875351191907,192,48.0,0.018863789200407544
ADA,2024-09-12 13:00:00+00:00,2024-09-12 13:00:00+00:00,2024-09-14 13:00:00+00:00,-1,0.3603,0.3800128538176468,-19.352553817646815,0.3531,tempo,0.3652439198607861,0.34172068957208535,192,48.0,0.019712853817646814
ADA,2024-09-23 23:00:00+00:00,2024-09-23 23:00:00+00:00,2024-09-24 17:45:00+00:00,-1,0.364,0.3803927816234723,-16.028781623472295,0.3803927816234723,stop,-1.0,-1.0295163639197413,75,18.75,0.016392781623472297
ADA,2024-09-24 18:00:00+00:00,2024-09-24 18:00:00+00:00,2024-09-26 15:00:00+00:00,-1,0.3823,0.39967018244573477,-16.987882445734794,0.39967018244573477,stop,-1.0,-1.0292616741463492,180,45.0,0.017370182445734794
ADA,2024-09-28 06:00:00+00:00,2024-09-28 06:00:00+00:00,2024-09-30 06:00:00+00:00,1,0.3994,0.3813816410412278,18.417758958772186,0.3902,tempo,-0.5105903385014423,-0.5390746195158423,192,48.0,0.018018358958772185
ADA,2024-10-01 18:00:00+00:00,2024-10-01 18:00:00+00:00,2024-10-02 18:30:00+00:00,1,0.3564,0.33995674075766796,16.799659242332034,0.33995674075766796,stop,-1.0,-1.0275268956611239,98,24.5,0.01644325924233203
ADA,2024-10-14 08:00:00+00:00,2024-10-14 08:00:00+00:00,2024-10-16 08:00:00+00:00,1,0.3555,0.339288078178232,16.567421821768004,0.352,tempo,-0.21589050567098697,-0.24425697604111413,192,48.0,0.016211921821768005
ADA,2024-10-16 08:00:00+00:00,2024-10-16 08:00:00+00:00,2024-10-18 08:00:00+00:00,1,0.352,0.33341451830377955,18.93748169622043,0.3475,tempo,-0.2421244750904213,-0.2665884630263629,192,48.0,0.01858548169622043
ADA,2024-10-21 05:00:00+00:00,2024-10-21 05:00:00+00:00,2024-10-23 05:00:00+00:00,-1,0.3704,0.38791755853124155,-17.14715853124154,0.3637,tempo,0.38247339023020394,0.3552341491482344,192,48.0,0.01751755853124154
ADA,2024-10-24 06:00:00+00:00,2024-10-24 06:00:00+00:00,2024-10-25 18:15:00+00:00,1,0.3521,0.3353789126511502,17.073187348849807,0.3353789126511502,stop,-1.0,-1.0267244159366218,145,36.25,0.016721087348849806
ADA,2024-11-01 18:00:00+00:00,2024-11-01 18:00:00+00:00,2024-11-03 18:00:00+00:00,-1,0.356,0.373163364321607,-16.807364321607032,0.3317,tempo,1.4158063387029904,1.3897622023889191,192,48.0,0.017163364321607033
ADA,2024-11-03 18:00:00+00:00,2024-11-03 18:00:00+00:00,2024-11-05 18:00:00+00:00,1,0.3318,0.3159319851714697,16.199814828530286,0.3352,tempo,0.21426750836449313,0.1869452500552503,192,48.0,0.015868014828530286
ADA,2024-11-07 16:00:00+00:00,2024-11-07 16:00:00+00:00,2024-11-08 00:30:00+00:00,-1,0.3886,0.41007048705567345,-21.081887055673448,0.41007048705567345,stop,-1.0,-1.0241790423868846,34,8.5,0.02147048705567345
ADA,2024-11-08 01:00:00+00:00,2024-11-08 01:00:00+00:00,2024-11-08 06:15:00+00:00,-1,0.4124,0.43581502848045317,-23.00262848045318,0.43581502848045317,stop,-1.0,-1.0235464060602169,21,5.25,0.02341502848045318
ADA,2024-11-08 07:00:00+00:00,2024-11-08 07:00:00+00:00,2024-11-08 16:30:00+00:00,-1,0.4307,0.4563113789752184,-25.180678975218367,0.4563113789752184,stop,-1.0,-1.0225117670115214,38,9.5,0.02561137897521837
ADA,2024-11-08 17:00:00+00:00,2024-11-08 17:00:00+00:00,2024-11-09 23:00:00+00:00,-1,0.4405,0.4673964061633373,-26.45590616333727,0.4673964061633373,stop,-1.0,-1.0219409485573052,120,30.0,0.026896406163337272
ADA,2024-11-10 00:00:00+00:00,2024-11-10 00:00:00+00:00,2024-11-10 03:30:00+00:00,-1,0.497,0.5318670684441852,-34.37006844418519,0.5318670684441852,stop,-1.0,-1.0191803792039262,14,3.5,0.03486706844418519
ADA,2024-11-10 04:00:00+00:00,2024-11-10 04:00:00+00:00,2024-11-10 04:45:00+00:00,-1,0.5331,0.5717732277634726,-38.1401277634726,0.5717732277634726,stop,-1.0,-1.0185701489009038,3,0.75,0.038673227763472595
ADA,2024-11-10 05:00:00+00:00,2024-11-10 05:00:00+00:00,2024-11-10 12:30:00+00:00,-1,0.5649,0.6086352652583199,-43.17036525831994,0.6086352652583199,stop,-1.0,-1.0174412551956067,30,7.5,0.043735265258319944
ADA,2024-11-10 13:00:00+00:00,2024-11-10 13:00:00+00:00,2024-11-12 13:00:00+00:00,-1,0.6396,0.6953901488789658,-55.15054887896583,0.5721,tempo,1.2098910176138453,1.1957737403556563,192,48.0,0.05579014887896583
ADA,2024-11-12 13:00:00+00:00,2024-11-12 13:00:00+00:00,2024-11-14 13:00:00+00:00,1,0.5721,0.5111480687722938,61.52403122770625,0.5675,tempo,-0.0754693068348436,-0.08762216212720043,192,48.0,0.06095193122770626
ADA,2024-11-15 13:00:00+00:00,2024-11-15 13:00:00+00:00,2024-11-16 00:15:00+00:00,-1,0.6526,0.7279546884105267,-74.70208841052673,0.7279546884105267,stop,-1.0,-1.011908489921398,45,11.25,0.07535468841052673
ADA,2024-11-16 01:00:00+00:00,2024-11-16 01:00:00+00:00,2024-11-16 15:15:00+00:00,-1,0.7109,0.7939091993895759,-82.29829938957596,0.7939091993895759,stop,-1.0,-1.0117833443376887,57,14.25,0.08300919938957596
ADA,2024-11-21 10:00:00+00:00,2024-11-21 10:00:00+00:00,2024-11-23 10:00:00+00:00,1,0.7721,0.6821017672259545,90.7703327740455,1.0784,tempo,3.403400161967775,3.3900351773128,192,48.0,0.0899982327740455
ADA,2024-11-23 10:00:00+00:00,2024-11-23 10:00:00+00:00,2024-11-25 10:00:00+00:00,-1,1.0785,1.2169100220724582,-137.33152207245823,1.0638,tempo,0.10620618203719687,0.09614553050958549,192,48.0,0.13841002207245823
ADA,2024-12-02 17:00:00+00:00,2024-12-02 17:00:00+00:00,2024-12-04 17:00:00+00:00,-1,1.2138,1.3585819050637684,-143.56810506376843,1.1477,tempo,0.45654876533698496,0.44594678438277713,192,48.0,0.14478190506376842
ADA,2024-12-10 03:00:00+00:00,2024-12-10 03:00:00+00:00,2024-12-12 03:00:00+00:00,1,0.9819,0.8682846272560588,114.59727274394118,1.1177,tempo,1.1952607883975084,1.1832488575554052,192,48.0,0.11361537274394118
ADA,2024-12-21 11:00:00+00:00,2024-12-21 11:00:00+00:00,2024-12-23 11:00:00+00:00,-1,0.9697,1.0845112603000024,-113.84156030000243,0.9004,tempo,0.6035993317982814,0.5930118249908156,192,48.0,0.11481126030000244
ADA,2025-01-03 07:00:00+00:00,2025-01-03 07:00:00+00:00,2025-01-05 07:00:00+00:00,-1,1.0395,1.1334964107383916,-92.95691073839149,1.0893,tempo,-0.5298074640169186,-0.5445284516496394,192,48.0,0.09399641073839149
ADA,2025-01-12 01:00:00+00:00,2025-01-12 01:00:00+00:00,2025-01-14 01:00:00+00:00,-1,1.0152,1.107104102092949,-90.88890209294897,0.9428,tempo,0.7877776764172834,0.7739295459093237,192,48.0,0.09190410209294897
ADA,2025-01-17 17:00:00+00:00,2025-01-17 17:00:00+00:00,2025-01-19 09:15:00+00:00,1,1.1311,1.0294461355425903,102.78496445740966,1.0294461355425903,stop,-1.0,-1.0138150673916688,161,40.25,0.10165386445740965
ADA,2025-02-02 18:00:00+00:00,2025-02-02 18:00:00+00:00,2025-02-03 00:45:00+00:00,1,0.8027,0.7368883509247542,66.61434907524573,0.7368883509247542,stop,-1.0,-1.015206007479875,27,6.75,0.06581164907524573
ADA,2025-02-03 01:00:00+00:00,2025-02-03 01:00:00+00:00,2025-02-03 02:00:00+00:00,1,0.7646,0.698869516416206,66.49508358379397,0.698869516416206,stop,-1.0,-1.0144720551836175,4,1.0,0.06573048358379396
ADA,2025-02-03 02:00:00+00:00,2025-02-03 02:00:00+00:00,2025-02-03 02:15:00+00:00,1,0.6268,0.5471460686338568,80.28073136614319,0.5471460686338568,stop,-1.0,-1.009579752455713,1,0.25,0.07965393136614318
ADA,2025-02-03 03:00:00+00:00,2025-02-03 03:00:00+00:00,2025-02-05 03:00:00+00:00,1,0.6234,0.5443135593820536,79.70984061794634,0.7542,tempo,1.6538865446211373,1.6425642497624557,192,48.0,0.07908644061794634
ADA,2025-02-11 05:00:00+00:00,2025-02-11 05:00:00+00:00,2025-02-13 05:00:00+00:00,-1,0.7899,0.8854219506392254,-94.7320506392253,0.7771,tempo,0.13400061362172203,0.12333761948075292,192,48.0,0.0955219506392253
ADA,2025-02-25 16:00:00+00:00,2025-02-25 16:00:00+00:00,2025-02-27 16:00:00+00:00,-1,0.6537,0.7119562637110496,-57.60256371104964,0.6658,tempo,-0.20770298727044792,-0.222425438477653,192,48.0,0.05825626371104964
ADA,2025-03-01 09:00:00+00:00,2025-03-01 09:00:00+00:00,2025-03-03 09:00:00+00:00,1,0.6443,0.5882782208997779,56.666079100222106,0.9417,tempo,5.30864968547243,5.290247913580186,192,48.0,0.0560217791002221
ADA,2025-03-03 09:00:00+00:00,2025-03-03 09:00:00+00:00,2025-03-05 09:00:00+00:00,-1,0.9417,1.115807467801002,-173.16576780100195,0.9462,tempo,-0.02584610560842447,-0.03289425245415637,192,48.0,0.17410746780100195
DOGE,2023-01-09 12:00:00+00:00,2023-01-09 12:00:00+00:00,2023-01-11 12:00:00+00:00,-1,0.07788,0.08151299156602589,-3.555111566025881,0.07679,tempo,0.300028221973649,0.27235529783582185,192,48.0,0.003632991566025881
DOGE,2023-01-12 01:00:00+00:00,2023-01-12 01:00:00+00:00,2023-01-12 13:45:00+00:00,1,0.07952,0.07556227017991007,4.03724982008992,0.07556227017991007,stop,-1.0,-1.0254700245340778,51,12.75,0.00395772982008992
DOGE,2023-01-12 18:00:00+00:00,2023-01-12 18:00:00+00:00,2023-01-14 18:00:00+00:00,1,0.07998,0.07577232889755683,4.287651102443161,0.08625,tempo,1.490135480494033,1.4644563108609165,192,48.0,0.004207671102443161
DOGE,2023-01-15 09:00:00+00:00,2023-01-15 09:00:00+00:00,2023-01-17 09:00:00+00:00,1,0.08323,0.07795440047890251,5.3588295210974906,0.08447,tempo,0.2350443764810347,0.2143822698211032,192,48.0,0.00527559952109749
DOGE,2023-01-28 06:00:00+00:00,2023-01-28 06:00:00+00:00,2023-01-30 06:00:00+00:00,-1,0.09236,0.09832038656026183,-5.868026560261835,0.08922,tempo,0.5268114690638566,0.5070095654781241,192,48.0,0.005960386560261835
DOGE,2023-01-31 03:00:00+00:00,2023-01-31 03:00:00+00:00,2023-01-31 20:00:00+00:00,-1,0.09183,0.09765416811593787,-5.732338115937875,0.09765416811593787,stop,-1.0,-1.0211471761844098,68,17.0,0.005824168115937875
DOGE,2023-01-31 20:00:00+00:00,2023-01-31 20:00:00+00:00,2023-02-02 20:00:00+00:00,-1,0.09707,0.10352069140576092,-6.353621405760919,0.09291,tempo,0.6448921112990812,0.6257488920327375,192,48.0,0.006450691405760919
DOGE,2023-02-04 18:00:00+00:00,2023-02-04 18:00:00+00:00,2023-02-06 18:00:00+00:00,-1,0.09887,0.10554600916600469,-6.577139166004693,0.09216,tempo,1.0050914900129837,0.9864921296897099,192,48.0,0.006676009166004693
DOGE,2023-02-16 04:00:00+00:00,2023-02-16 04:00:00+00:00,2023-02-16 22:45:00+00:00,1,0.09001,0.08458064349066713,5.519366509332878,0.08458064349066713,stop,-1.0,-1.020901909475618,75,18.75,0.005429356509332878
DOGE,2023-03-13 14:00:00+00:00,2023-03-13 14:00:00+00:00,2023-03-15 14:00:00+00:00,1,0.06922,0.0648756634821342,4.41355651786581,0.0725,tempo,0.7550059684628937,0.7338018099864104,192,48.0,0.00434433651786581
DOGE,2023-03-15 17:00:00+00:00,2023-03-15 17:00:00+00:00,2023-03-17 17:00:00+00:00,1,0.06771,0.06318467307650481,4.593036923495193,0.07358,tempo,1.2971438526404258,1.2768495177663681,192,48.0,0.004525326923495193
DOGE,2023-03-21 03:00:00+00:00,2023-03-21 03:00:00+00:00,2023-03-23 03:00:00+00:00,1,0.07162,0.06698144646131633,4.710173538683671,0.07373,tempo,0.4548831833897032,0.43451530378842323,192,48.0,0.004638553538683671
DOGE,2023-04-01 19:00:00+00:00,2023-04-01 19:00:00+00:00,2023-04-03 17:45:00+00:00,-1,0.08128,0.08619133015408414,-4.83005015408414,0.08619133015408414,stop,-1.0,-1.0221643345458322,187,46.75,0.00491133015408414
DOGE,2023-04-03 18:00:00+00:00,2023-04-03 18:00:00+00:00,2023-04-03 19:00:00+00:00,-1,0.09383,0.10450090711359342,-10.577077113593418,0.10450090711359342,stop,-1.0,-1.0120809869537346,4,1.0,0.01067090711359342
DOGE,2023-04-03 19:00:00+00:00,2023-04-03 19:00:00+00:00,2023-04-05 19:00:00+00:00,-1,0.10007,0.11181180655005778,-11.64173655005777,0.09266,tempo,0.6310783582074551,0.6204092589111987,192,48.0,0.01174180655005777
DOGE,2023-06-05 17:00:00+00:00,2023-06-05 17:00:00+00:00,2023-06-07 17:00:00+00:00,1,0.06587,0.06331037708692971,2.6254929130702833,0.06744,tempo,0.6133715993801514,0.5795183706262093,192,48.0,0.0025596229130702836
DOGE,2023-06-07 19:00:00+00:00,2023-06-07 19:00:00+00:00,2023-06-09 19:00:00+00:00,1,0.06758,0.06464488343548055,3.0026965645194466,0.06876,tempo,0.4020283263241358,0.37183497691127887,192,48.0,0.0029351165645194466
DOGE,2023-06-10 05:00:00+00:00,2023-06-10 05:00:00+00:00,2023-06-12 05:00:00+00:00,1,0.05997,0.055605369764940966,4.424600235059036,0.06094,tempo,0.22224104855628815,0.20423459766184326,192,48.0,0.004364630235059036
DOGE,2023-06-20 19:00:00+00:00,2023-06-20 19:00:00+00:00,2023-06-22 19:00:00+00:00,1,0.06249,0.05918997441744649,3.3625155825535034,0.06629,tempo,1.1515062247061822,1.126140663771582,192,48.0,0.0033000255825535035
DOGE,2023-06-30 18:00:00+00:00,2023-06-30 18:00:00+00:00,2023-07-01 01:15:00+00:00,-1,0.06595,0.06961793494937912,-3.6019849493791285,0.06961793494937912,stop,-1.0,-1.0240241877059495,29,7.25,0.0036679349493791286
DOGE,2023-07-01 02:00:00+00:00,2023-07-01 02:00:00+00:00,2023-07-03 02:00:00+00:00,-1,0.06894,0.0728807478020624,-3.871807802062397,0.06795,tempo,0.25122135435357895,0.22864226417342762,192,48.0,0.003940747802062397
DOGE,2023-07-04 17:00:00+00:00,2023-07-04 17:00:00+00:00,2023-07-06 17:00:00+00:00,-1,0.07156,0.07537772235007778,-3.746162350077782,0.06556,tempo,1.5716176950054428,1.548271838018702,192,48.0,0.003817722350077782
DOGE,2023-07-13 17:00:00+00:00,2023-07-13 17:00:00+00:00,2023-07-14 01:15:00+00:00,-1,0.06883,0.0719598925113464,-3.0610625113463907,0.0719598925113464,stop,-1.0,-1.0292385217066156,33,8.25,0.003129892511346391
DOGE,2023-07-14 02:00:00+00:00,2023-07-14 02:00:00+00:00,2023-07-15 07:30:00+00:00,-1,0.07059,0.07389676602158059,-3.236176021580587,0.07389676602158059,stop,-1.0,-1.028401283096872,118,29.5,0.003306766021580587
DOGE,2023-07-15 08:00:00+00:00,2023-07-15 08:00:00+00:00,2023-07-17 08:00:00+00:00,-1,0.07315,0.07727172503527394,-4.048575035273929,0.07106,tempo,0.5070692445793167,0.48432718895993443,192,48.0,0.004121725035273929
DOGE,2023-07-24 12:00:00+00:00,2023-07-24 12:00:00+00:00,2023-07-25 16:45:00+00:00,-1,0.0761,0.08125657130305777,-5.080471303057772,0.08125657130305777,stop,-1.0,-1.0198352287471204,115,28.75,0.005156571303057772
DOGE,2023-07-25 18:00:00+00:00,2023-07-25 18:00:00+00:00,2023-07-27 18:00:00+00:00,-1,0.08146,0.08706783397078899,-5.526373970788984,0.07812,tempo,0.5955953791424561,0.5770985761806868,192,48.0,0.0056078339707889835
DOGE,2023-08-16 09:00:00+00:00,2023-08-16 09:00:00+00:00,2023-08-16 20:30:00+00:00,1,0.07014,0.06737914477731217,2.830995222687819,0.06737914477731217,stop,-1.0,-1.0323767227526803,46,11.5,0.002760855222687819
DOGE,2023-08-18 11:00:00+00:00,2023-08-18 11:00:00+00:00,2023-08-20 11:00:00+00:00,-1,0.06268,0.06663579121432232,-3.893111214322324,0.06437,tempo,-0.427221738569313,-0.4480980931405558,192,48.0,0.003955791214322324
DOGE,2023-10-02 14:00:00+00:00,2023-10-02 14:00:00+00:00,2023-10-02 18:45:00+00:00,1,0.06343,0.06182247421598283,1.6709557840171694,0.06182247421598283,stop,-1.0,-1.0506456002447047,19,4.75,0.0016075257840171692
DOGE,2023-10-02 19:00:00+00:00,2023-10-02 19:00:00+00:00,2023-10-04 00:45:00+00:00,1,0.06161,0.05996501004706791,1.7065999529320868,0.05996501004706791,stop,-1.0,-1.048039051174592,119,29.75,0.0016449899529320869
DOGE,2023-10-09 10:00:00+00:00,2023-10-09 10:00:00+00:00,2023-10-11 10:00:00+00:00,1,0.05876,0.057312460321301426,1.506299678698574,0.05898,tempo,0.1519820169612147,0.09911230905185639,192,48.0,0.0014475396786985742
DOGE,2023-10-14 20:00:00+00:00,2023-10-14 20:00:00+00:00,2023-10-16 13:30:00+00:00,-1,0.05954,0.060938651367932785,-1.3391113679327822,0.060938651367932785,stop,-1.0,-1.0559904527923214,166,41.5,0.0013986513679327822
DOGE,2023-10-16 16:00:00+00:00,2023-10-16 16:00:00+00:00,2023-10-17 14:00:00+00:00,1,0.05967,0.05825479811122903,1.4748718887709713,0.05825479811122903,stop,-1.0,-1.0541626741601273,88,22.0,0.0014152018887709714
DOGE,2023-10-17 15:00:00+00:00,2023-10-17 15:00:00+00:00,2023-10-19 01:45:00+00:00,1,0.05897,0.05757596280862463,1.4530071913753746,0.05757596280862463,stop,-1.0,-1.0543420765918485,139,34.75,0.0013940371913753746
DOGE,2023-10-23 09:00:00+00:00,2023-10-23 09:00:00+00:00,2023-10-23 22:45:00+00:00,-1,0.06428,0.06602568635541713,-1.6814063554171224,0.06602568635541713,stop,-1.0,-1.0485188509769745,55,13.75,0.0017456863554171226
DOGE,2023-10-26 02:00:00+00:00,2023-10-26 02:00:00+00:00,2023-10-26 11:45:00+00:00,-1,0.07068,0.07380704185036986,-3.056361850369855,0.07380704185036986,stop,-1.0,-1.0300336809344692,39,9.75,0.003127041850369855
DOGE,2023-10-26 12:00:00+00:00,2023-10-26 12:00:00+00:00,2023-10-28 12:00:00+00:00,-1,0.07397,0.07752842995897903,-3.484459958979037,0.06915,tempo,1.3545299628105976,1.3283869724827253,192,48.0,0.003558429958979037
DOGE,2023-11-06 18:00:00+00:00,2023-11-06 18:00:00+00:00,2023-11-08 18:00:00+00:00,-1,0.07468,0.07832581377890178,-3.571133778901788,0.07535,tempo,-0.18377241423499832,-0.2105207634140876,192,48.0,0.003645813778901788
DOGE,2023-11-09 17:00:00+00:00,2023-11-09 17:00:00+00:00,2023-11-11 17:00:00+00:00,1,0.0714,0.06718151461871347,4.289885381286537,0.08044,tempo,2.1429492300961837,2.1195531551831777,192,48.0,0.004218485381286538
DOGE,2023-11-11 17:00:00+00:00,2023-11-11 17:00:00+00:00,2023-11-13 17:00:00+00:00,-1,0.08043,0.08545850569628967,-4.948075696289668,0.07661,tempo,0.7596690211206539,0.739369551225389,192,48.0,0.005028505696289667
DOGE,2023-11-16 11:00:00+00:00,2023-11-16 11:00:00+00:00,2023-11-18 11:00:00+00:00,-1,0.08283,0.08833660962287995,-5.423779622879951,0.08424,tempo,-0.2560559212589626,-0.27577685799447876,192,48.0,0.005506609622879952
DOGE,2023-11-19 02:00:00+00:00,2023-11-19 02:00:00+00:00,2023-11-21 02:00:00+00:00,1,0.07823,0.07232869352280123,5.979536477198761,0.07834,tempo,0.018639940227647315,0.0013945217100331427,192,48.0,0.005901306477198762
DOGE,2023-12-06 07:00:00+00:00,2023-12-06 07:00:00+00:00,2023-12-08 07:00:00+00:00,-1,0.1042,0.11090704247751088,-6.602842477510875,0.09722,tempo,1.040697151300945,1.0211769230574246,192,48.0,0.0067070424775108745
DOGE,2024-01-02 13:00:00+00:00,2024-01-02 13:00:00+00:00,2024-01-03 12:15:00+00:00,1,0.09238,0.08789715375767394,4.575226242326061,0.08789715375767394,stop,-1.0,-1.0261396763592066,93,23.25,0.004482846242326061
DOGE,2024-01-04 12:00:00+00:00,2024-01-04 12:00:00+00:00,2024-01-06 12:00:00+00:00,1,0.08263,0.07785956082567733,4.853069174322669,0.08063,tempo,-0.4192486114832335,-0.44149373318422813,192,48.0,0.004770439174322669
DOGE,2024-01-08 19:00:00+00:00,2024-01-08 19:00:00+00:00,2024-01-09 13:00:00+00:00,1,0.08081,0.07623251723717067,4.658292762829335,0.07623251723717067,stop,-1.0,-1.0222999498836052,72,18.0,0.004577482762829335
DOGE,2024-01-09 15:00:00+00:00,2024-01-09 15:00:00+00:00,2024-01-11 15:00:00+00:00,1,0.07753,0.07305823823431931,4.549291765680691,0.08717,tempo,2.155749904653652,2.1318096758110485,192,48.0,0.00447176176568069
DOGE,2024-01-11 18:00:00+00:00,2024-01-11 18:00:00+00:00,2024-01-13 18:00:00+00:00,-1,0.08479,0.09024591806865348,-5.371128068653476,0.0808,tempo,0.7313159673207377,0.7115881234188288,192,48.0,0.005455918068653476
DOGE,2024-01-20 21:00:00+00:00,2024-01-20 21:00:00+00:00,2024-01-20 23:30:00+00:00,-1,0.08473,0.08942945955962801,-4.614729559628013,0.08942945955962801,stop,-1.0,-1.0240886525944952,10,2.5,0.004699459559628014
DOGE,2024-01-21 00:00:00+00:00,2024-01-21 00:00:00+00:00,2024-01-23 00:00:00+00:00,-1,0.08776,0.09280473953142929,-4.9569795314292815,0.08055,tempo,1.4292115489969135,1.4075252955603552,192,48.0,0.005044739531429282
DOGE,2024-02-19 20:00:00+00:00,2024-02-19 20:00:00+00:00,2024-02-21 20:00:00+00:00,-1,0.08916,0.0927449280081354,-3.495768008135396,0.08342,tempo,1.6011479134236548,1.5698566295414031,192,48.0,0.0035849280081353962
DOGE,2024-02-27 11:00:00+00:00,2024-02-27 11:00:00+00:00,2024-02-27 20:45:00+00:00,-1,0.09611,0.10039464092781106,-4.188530927811056,0.10039464092781106,stop,-1.0,-1.0298106699616323,39,9.75,0.004284640927811056
DOGE,2024-02-27 21:00:00+00:00,2024-02-27 21:00:00+00:00,2024-02-28 16:30:00+00:00,-1,0.09858,0.10352153274981057,-4.842952749810573,0.10352153274981057,stop,-1.0,-1.0265840586187378,78,19.5,0.004941532749810573
DOGE,2024-02-29 04:00:00+00:00,2024-02-29 04:00:00+00:00,2024-03-01 18:30:00+00:00,-1,0.12437,0.13868892205569242,-14.19455205569242,0.13868892205569242,stop,-1.0,-1.0119414225925076,154,38.5,0.01431892205569242
DOGE,2024-03-01 23:00:00+00:00,2024-03-01 23:00:00+00:00,2024-03-03 23:00:00+00:00,-1,0.1399,0.1570290075586275,-16.989107558627506,0.15111,tempo,-0.654445388130719,-0.6654884388943183,192,48.0,0.017129007558627507
DOGE,2024-03-04 08:00:00+00:00,2024-03-04 08:00:00+00:00,2024-03-04 17:00:00+00:00,-1,0.1639,0.18488773690550803,-20.823836905508035,0.18488773690550803,stop,-1.0,-1.0108021188758605,36,9.0,0.020987736905508037
DOGE,2024-03-04 17:00:00+00:00,2024-03-04 17:00:00+00:00,2024-03-05 02:15:00+00:00,-1,0.18213,0.20628451238207457,-23.97238238207458,0.20628451238207457,stop,-1.0,-1.0104522678435732,37,9.25,0.024154512382074583
DOGE,2024-03-28 01:00:00+00:00,2024-03-28 01:00:00+00:00,2024-03-28 20:00:00+00:00,-1,0.20368,0.22831182852499812,-24.428148524998125,0.22831182852499812,stop,-1.0,-1.0113996688575628,76,19.0,0.024631828524998123
DOGE,2024-03-28 20:00:00+00:00,2024-03-28 20:00:00+00:00,2024-03-30 20:00:00+00:00,-1,0.22738,0.2553299870454585,-27.722607045458506,0.20124,tempo,0.9352419361585139,0.9252740245617438,192,48.0,0.027949987045458508
DOGE,2024-04-13 17:00:00+00:00,2024-04-13 17:00:00+00:00,2024-04-13 20:00:00+00:00,1,0.16596,0.14854029848193498,17.585661518065017,0.14854029848193498,stop,-1.0,-1.011735286841813,12,3.0,0.017419701518065017
DOGE,2024-05-04 13:00:00+00:00,2024-05-04 13:00:00+00:00,2024-05-06 13:00:00+00:00,-1,0.16486,0.1796324847324226,-14.607624732422597,0.15814,tempo,0.4548997762882077,0.4406875429501558,192,48.0,0.014772484732422597
DOGE,2024-05-14 08:00:00+00:00,2024-05-14 08:00:00+00:00,2024-05-16 08:00:00+00:00,-1,0.1523,0.16366475031949654,-11.212450319496547,0.15604,tempo,-0.3290877401489363,-0.34672305939182124,192,48.0,0.011364750319496547
DOGE,2024-05-21 17:00:00+00:00,2024-05-21 17:00:00+00:00,2024-05-23 17:00:00+00:00,-1,0.16814,0.1795293041265643,-11.221164126564277,0.15985,tempo,0.7278759007466069,0.7091571539618275,192,48.0,0.011389304126564276
DOGE,2024-06-08 13:00:00+00:00,2024-06-08 13:00:00+00:00,2024-06-10 13:00:00+00:00,1,0.14566,0.13705148889297697,8.754171107023042,0.14448,tempo,-0.1370736455270808,-0.15898115051318026,192,48.0,0.008608511107023042
DOGE,2024-06-18 00:00:00+00:00,2024-06-18 00:00:00+00:00,2024-06-18 01:45:00+00:00,1,0.12869,0.12147678305638482,7.3419069436151805,0.12147678305638482,stop,-1.0,-1.0225431191461092,7,1.75,0.0072132169436151805
DOGE,2024-06-18 02:00:00+00:00,2024-06-18 02:00:00+00:00,2024-06-20 02:00:00+00:00,1,0.11864,0.11100718281001186,7.751457189988137,0.12268,tempo,0.5292934311723351,0.5087429586409414,192,48.0,0.007632817189988136
DOGE,2024-06-25 06:00:00+00:00,2024-06-25 06:00:00+00:00,2024-06-27 06:00:00+00:00,-1,0.12271,0.1299996065445053,-7.166896544505293,0.12095,tempo,0.24143964276462054,0.21971295572972402,192,48.0,0.007289606544505292
DOGE,2024-07-04 19:00:00+00:00,2024-07-04 19:00:00+00:00,2024-07-05 00:45:00+00:00,1,0.1077,0.10182701606227541,5.980683937724591,0.10182701606227541,stop,-1.0,-1.0231896701718624,23,5.75,0.005872983937724591
DOGE,2024-07-05 01:00:00+00:00,2024-07-05 01:00:00+00:00,2024-07-05 03:00:00+00:00,1,0.10339,0.0975507890889424,5.942600911057602,0.0975507890889424,stop,-1.0,-1.0223680074066988,8,2.0,0.005839210911057602
DOGE,2024-07-05 03:00:00+00:00,2024-07-05 03:00:00+00:00,2024-07-07 03:00:00+00:00,1,0.09475,0.08831600952523982,6.528740474760176,0.11228,tempo,2.724592159215689,2.7036767567873046,192,48.0,0.006433990474760176
DOGE,2024-07-20 16:00:00+00:00,2024-07-20 16:00:00+00:00,2024-07-21 20:45:00+00:00,-1,0.13477,0.1432160756963555,-8.311305696355499,0.1432160756963555,stop,-1.0,-1.0213934797293611,115,28.75,0.008446075696355498
DOGE,2024-07-22 18:00:00+00:00,2024-07-22 18:00:00+00:00,2024-07-24 18:00:00+00:00,-1,0.14149,0.15136531399947267,-9.73382399947267,0.13197,tempo,0.9640199795680785,0.9460206531659517,192,48.0,0.009875313999472668
DOGE,2024-09-05 23:00:00+00:00,2024-09-05 23:00:00+00:00,2024-09-07 23:00:00+00:00,-1,0.09856,0.10415688116272834,-5.498321162728343,0.09482,tempo,0.6682293032959153,0.6457709025642611,192,48.0,0.005596881162728343
DOGE,2024-09-22 02:00:00+00:00,2024-09-22 02:00:00+00:00,2024-09-24 02:00:00+00:00,-1,0.10915,0.11430582579289043,-5.046675792890437,0.10773,tempo,0.27541659804683133,0.24807432434270588,192,48.0,0.005155825792890437
DOGE,2024-09-26 09:00:00+00:00,2024-09-26 09:00:00+00:00,2024-09-26 17:00:00+00:00,-1,0.11375,0.1191782737311088,-5.314523731108796,0.1191782737311088,stop,-1.0,-1.027891625482618,32,8.0,0.005428273731108796
DOGE,2024-09-26 17:00:00+00:00,2024-09-26 17:00:00+00:00,2024-09-27 08:30:00+00:00,-1,0.11919,0.1250898080817664,-5.780618081766392,0.1250898080817664,stop,-1.0,-1.0269130576880747,62,15.5,0.005899808081766392
DOGE,2024-09-27 09:00:00+00:00,2024-09-27 09:00:00+00:00,2024-09-28 14:30:00+00:00,-1,0.12349,0.12981591490604594,-6.202424906045934,0.12981591490604594,stop,-1.0,-1.0260276730139966,118,29.5,0.006325914906045935
DOGE,2024-10-01 18:00:00+00:00,2024-10-01 18:00:00+00:00,2024-10-03 09:15:00+00:00,1,0.10778,0.10134698358333027,6.5407964166697266,0.10134698358333027,stop,-1.0,-1.0211304511794694,157,39.25,0.006433016416669726
DOGE,2024-10-16 10:00:00+00:00,2024-10-16 10:00:00+00:00,2024-10-18 00:45:00+00:00,-1,0.12709,0.13526122244958821,-8.044132449588204,0.13526122244958821,stop,-1.0,-1.0208693736640135,155,38.75,0.008171222449588206
DOGE,2024-10-18 01:00:00+00:00,2024-10-18 01:00:00+00:00,2024-10-19 01:45:00+00:00,-1,0.13392,0.1428642081787408,-8.810288178740782,0.1428642081787408,stop,-1.0,-1.020114663223493,99,24.75,0.008944208178740781
DOGE,2024-10-19 03:00:00+00:00,2024-10-19 03:00:00+00:00,2024-10-21 03:00:00+00:00,-1,0.14553,0.155860240913386,-10.184710913385995,0.1439,tempo,0.15778915648403005,0.13957762573877702,192,48.0,0.010330240913385996
DOGE,2024-10-28 20:00:00+00:00,2024-10-28 20:00:00+00:00,2024-10-29 14:15:00+00:00,-1,0.15851,0.16984954648768066,-11.181036487680652,0.16984954648768066,stop,-1.0,-1.0188220671301862,73,18.25,0.011339546487680652
DOGE,2024-10-29 17:00:00+00:00,2024-10-29 17:00:00+00:00,2024-10-31 17:00:00+00:00,-1,0.17819,0.19165613993309852,-13.287949933098531,0.16504,tempo,0.9765233441306003,0.9599559015592037,192,48.0,0.013466139933098531
DOGE,2024-11-04 18:00:00+00:00,2024-11-04 18:00:00+00:00,2024-11-05 09:15:00+00:00,-1,0.15715,0.16984385106632952,-12.536701066329504,0.16984385106632952,stop,-1.0,-1.0167440126784608,61,15.25,0.012693851066329503
DOGE,2024-11-05 10:00:00+00:00,2024-11-05 10:00:00+00:00,2024-11-06 01:00:00+00:00,-1,0.16776,0.1821187213053565,-14.19096130535651,0.1821187213053565,stop,-1.0,-1.0158385391019213,60,15.0,0.014358721305356509
DOGE,2024-11-06 04:00:00+00:00,2024-11-06 04:00:00+00:00,2024-11-08 04:00:00+00:00,-1,0.21143,0.23489811792370183,-23.25668792370182,0.19487,tempo,0.7056381791602944,0.6943848268097305,192,48.0,0.02346811792370182
DOGE,2024-11-10 01:00:00+00:00,2024-11-10 01:00:00+00:00,2024-11-10 16:30:00+00:00,-1,0.22671,0.2509265536555749,-23.98984365557493,0.2509265536555749,stop,-1.0,-1.0128203114403378,62,15.5,0.02421655365557493
DOGE,2024-11-10 17:00:00+00:00,2024-11-10 17:00:00+00:00,2024-11-10 19:00:00+00:00,-1,0.26392,0.29351822513371656,-29.334305133716573,0.29351822513371656,stop,-1.0,-1.0122417761436704,8,2.0,0.02959822513371657
DOGE,2024-11-10 19:00:00+00:00,2024-11-10 19:00:00+00:00,2024-11-11 15:30:00+00:00,-1,0.27798,0.3093933272163791,-31.135347216379074,0.3093933272163791,stop,-1.0,-1.01215384349645,82,20.5,0.03141332721637907
DOGE,2024-11-11 16:00:00+00:00,2024-11-11 16:00:00+00:00,2024-11-12 00:00:00+00:00,-1,0.31005,0.34854572040065057,-38.18567040065058,0.34854572040065057,stop,-1.0,-1.0111203846506842,32,8.0,0.03849572040065058
DOGE,2024-11-12 06:00:00+00:00,2024-11-12 06:00:00+00:00,2024-11-14 06:00:00+00:00,-1,0.39993,0.45415179724565047,-53.821867245650466,0.39456,tempo,0.09903766147166496,0.08951347514378691,192,48.0,0.05422179724565046
DOGE,2024-11-23 05:00:00+00:00,2024-11-23 05:00:00+00:00,2024-11-25 05:00:00+00:00,-1,0.45705,0.5162616017948161,-58.754551794816045,0.42172,tempo,0.5966736066764057,0.5870268401190786,192,48.0,0.05921160179481605
DOGE,2024-12-10 16:00:00+00:00,2024-12-10 16:00:00+00:00,2024-12-12 16:00:00+00:00,1,0.37283,0.3319159491055247,41.28688089447531,0.41482,tempo,1.026297789683544,1.0137844235218683,192,48.0,0.04091405089447531
DOGE,2024-12-19 19:00:00+00:00,2024-12-19 19:00:00+00:00,2024-12-20 10:15:00+00:00,1,0.31894,0.28704426231180735,32.21467768819265,0.28704426231180735,stop,-1.0,-1.012349291756575,61,15.25,0.03189573768819265
DOGE,2024-12-20 11:00:00+00:00,2024-12-20 11:00:00+00:00,2024-12-22 11:00:00+00:00,1,0.28389,0.2538851206197054,30.288769380294557,0.32047,tempo,1.2191350458826906,1.206042708632437,192,48.0,0.030004879380294558
DOGE,2025-01-03 17:00:00+00:00,2025-01-03 17:00:00+00:00,2025-01-05 17:00:00+00:00,-1,0.37249,0.40328588397901527,-30.423393979015284,0.38254,tempo,-0.3263423127210183,-0.3422785170635992,192,48.0,0.03079588397901528
DOGE,2025-01-19 10:00:00+00:00,2025-01-19 10:00:00+00:00,2025-01-21 01:00:00+00:00,1,0.37755,0.3442275543930955,33.6999956069045,0.3442275543930955,stop,-1.0,-1.0140792610449427,156,39.0,0.033322445606904505
DOGE,2025-02-02 17:00:00+00:00,2025-02-02 17:00:00+00:00,2025-02-02 22:45:00+00:00,1,0.28047,0.25680399590390884,23.946474096091155,0.25680399590390884,stop,-1.0,-1.0147565299118333,23,5.75,0.023666004096091153
DOGE,2025-02-02 23:00:00+00:00,2025-02-02 23:00:00+00:00,2025-02-03 02:00:00+00:00,1,0.26488,0.242067878601287,23.077001398712998,0.242067878601287,stop,-1.0,-1.0144447820231848,12,3.0,0.022812121398712998
DOGE,2025-02-03 02:00:00+00:00,2025-02-03 02:00:00+00:00,2025-02-03 02:15:00+00:00,1,0.22885,0.20544189237860702,23.636957621392977,0.20544189237860702,stop,-1.0,-1.012059485312179,1,0.25,0.023408107621392976
DOGE,2025-02-03 03:00:00+00:00,2025-02-03 03:00:00+00:00,2025-02-05 03:00:00+00:00,1,0.22783,0.20457022110196502,23.48760889803499,0.26556,tempo,1.622113441636691,1.6083255418717841,192,48.0,0.02325977889803499
DOGE,2025-02-24 22:00:00+00:00,2025-02-24 22:00:00+00:00,2025-02-25 07:30:00+00:00,1,0.21919,0.2034506069951731,15.958583004826906,0.2034506069951731,stop,-1.0,-1.0174540653799427,38,9.5,0.015739393004826907
DOGE,2025-02-25 20:00:00+00:00,2025-02-25 20:00:00+00:00,2025-02-27 20:00:00+00:00,-1,0.2085,0.22487058450655487,-16.162084506554873,0.20493,tempo,0.2180740705116877,0.20165868229556144,192,48.0,0.016370584506554875
DOGE,2025-03-03 11:00:00+00:00,2025-03-03 11:00:00+00:00,2025-03-03 20:00:00+00:00,1,0.22007,0.20026971696703239,20.020353032967602,0.20026971696703239,stop,-1.0,-1.013798833863822,36,9.0,0.019800283032967603
DOGE,2025-03-09 18:00:00+00:00,2025-03-09 18:00:00+00:00,2025-03-10 19:00:00+00:00,1,0.16795,0.15257466629327657,15.54328370672342,0.15257466629327657,stop,-1.0,-1.0135503421951437,100,25.0,0.01537533370672342
DOGE,2025-03-11 01:00:00+00:00,2025-03-11 01:00:00+00:00,2025-03-13 01:00:00+00:00,1,0.14811,0.13361981512917132,14.638294870828677,0.17132,tempo,1.6017739046743202,1.587444929450685,192,48.0,0.014490184870828676
DOGE,2025-03-25 02:00:00+00:00,2025-03-25 02:00:00+00:00,2025-03-26 07:45:00+00:00,-1,0.18534,0.1984060406218722,-12.880700621872194,0.1984060406218722,stop,-1.0,-1.0190903222806968,119,29.75,0.013066040621872194
DOGE,2025-03-26 08:00:00+00:00,2025-03-26 08:00:00+00:00,2025-03-28 08:00:00+00:00,-1,0.20115,0.21557028430740646,-14.219134307406467,0.18151,tempo,1.36197037321328,1.3447218228589537,192,48.0,0.014420284307406467
LTC,2023-01-02 13:00:00+00:00,2023-01-02 13:00:00+00:00,2023-01-04 13:00:00+00:00,-1,75.31,79.25663082100937,-3871.3208210093644,75.65,tempo,-0.08614943110210832,-0.11101215691817654,192,48.0,3.9466308210093644
LTC,2023-01-09 01:00:00+00:00,2023-01-09 01:00:00+00:00,2023-01-11 01:00:00+00:00,-1,81.31,85.31598268598223,-3924.6726859822325,81.13,tempo,0.04493279529885746,0.01857571682982977,192,48.0,4.005982685982232
LTC,2023-01-12 18:00:00+00:00,2023-01-12 18:00:00+00:00,2023-01-14 18:00:00+00:00,1,85.24,80.58925319420482,4735.98680579518,87.33,tempo,0.449390192000069,0.4252713773915792,192,48.0,4.65074680579518
LTC,2023-01-29 01:00:00+00:00,2023-01-29 01:00:00+00:00,2023-01-31 01:00:00+00:00,-1,94.49,99.68705949663298,-5102.569496632988,93.45,tempo,0.20011316027337678,0.17660736818476508,192,48.0,5.197059496632988
LTC,2023-02-16 06:00:00+00:00,2023-02-16 06:00:00+00:00,2023-02-18 06:00:00+00:00,1,102.07,96.90082000937122,5271.249990628777,101.29,tempo,-0.15089433941438515,-0.17646590013381006,192,48.0,5.169179990628777
LTC,2023-02-21 06:00:00+00:00,2023-02-21 06:00:00+00:00,2023-02-23 06:00:00+00:00,1,95.41,90.91228554320963,4593.124456790362,95.21,tempo,-0.04446702918146696,-0.07201502076482307,192,48.0,4.497714456790362
LTC,2023-03-03 02:00:00+00:00,2023-03-03 02:00:00+00:00,2023-03-05 02:00:00+00:00,1,87.65,82.80504826110771,4932.601738892291,91.43,tempo,0.7801935300317828,0.7561681101157088,192,48.0,4.844951738892291
LTC,2023-03-06 13:00:00+00:00,2023-03-06 13:00:00+00:00,2023-03-08 13:00:00+00:00,1,87.33,82.99374447642744,4423.585523572561,84.86,tempo,-0.5696158786244708,-0.5954269728719307,192,48.0,4.336255523572561
LTC,2023-03-10 10:00:00+00:00,2023-03-10 10:00:00+00:00,2023-03-11 07:45:00+00:00,1,70.29,65.92429090831928,4435.999091680727,65.92429090831928,stop,-1.0,-1.0202806204515842,87,21.75,4.365709091680728
LTC,2023-03-11 08:00:00+00:00,2023-03-11 08:00:00+00:00,2023-03-13 08:00:00+00:00,1,65.66,60.79250698227936,4933.153017720633,77.9,tempo,2.514641511644489,2.4954706572312872,192,48.0,4.8674930177206335
LTC,2023-03-14 02:00:00+00:00,2023-03-14 02:00:00+00:00,2023-03-16 02:00:00+00:00,1,81.31,74.98330423837264,6408.005761627363,76.9,tempo,-0.6970463202525878,-0.7133006975570448,192,48.0,6.326695761627363
LTC,2023-03-16 02:00:00+00:00,2023-03-16 02:00:00+00:00,2023-03-18 02:00:00+00:00,1,76.89,70.56852170129746,6398.368298702545,87.06,tempo,1.6088009037517932,1.591942900771403,192,48.0,6.321478298702544
LTC,2023-03-20 10:00:00+00:00,2023-03-20 10:00:00+00:00,2023-03-22 10:00:00+00:00,1,82.18,75.84907959298333,6413.100407016677,80.17,tempo,-0.31748938081298334,-0.3341579681929545,192,48.0,6.330920407016677
LTC,2023-03-22 21:00:00+00:00,2023-03-22 21:00:00+00:00,2023-03-23 15:15:00+00:00,-1,86.15,92.81771630198861,-6581.566301988605,92.81771630198861,stop,-1.0,-1.0174466054534441,73,18.25,6.667716301988605
LTC,2023-03-23 16:00:00+00:00,2023-03-23 16:00:00+00:00,2023-03-25 16:00:00+00:00,-1,92.61,99.81725569194418,-7114.645691944184,92.41,tempo,0.0277498133198674,0.011063434323431577,192,48.0,7.207255691944184
LTC,2023-04-16 16:00:00+00:00,2023-04-16 16:00:00+00:00,2023-04-18 16:00:00+00:00,-1,101.34,106.48321969662258,-5041.87969662258,101.23,tempo,0.021387381151972487,-0.0042134113023075855,192,48.0,5.14321969662258
LTC,2023-04-19 09:00:00+00:00,2023-04-19 09:00:00+00:00,2023-04-19 23:30:00+00:00,1,94.99,89.73476175926665,5350.228240733348,89.73476175926665,stop,-1.0,-1.0228478880772431,58,14.5,5.255238240733348
LTC,2023-04-20 00:00:00+00:00,2023-04-20 00:00:00+00:00,2023-04-21 19:15:00+00:00,1,90.42,85.38607709037338,5124.342909626625,85.38607709037338,stop,-1.0,-1.0227007747556505,173,43.25,5.033922909626625
LTC,2023-04-26 13:00:00+00:00,2023-04-26 13:00:00+00:00,2023-04-26 19:45:00+00:00,1,93.64,88.79588461951846,4937.755380481541,88.79588461951846,stop,-1.0,-1.0244798721104986,27,6.75,4.84411538048154
LTC,2023-04-26 20:00:00+00:00,2023-04-26 20:00:00+00:00,2023-04-28 20:00:00+00:00,1,86.25,81.18744430860379,5148.805691396213,89.3,tempo,0.6024625082512093,0.5799230031166929,192,48.0,5.062555691396213
LTC,2023-05-06 15:00:00+00:00,2023-05-06 15:00:00+00:00,2023-05-08 15:00:00+00:00,1,82.18,78.28337552556465,3978.804474435356,81.2,tempo,-0.251499729170595,-0.27875331767950273,192,48.0,3.896624474435356
LTC,2023-05-08 21:00:00+00:00,2023-05-08 21:00:00+00:00,2023-05-10 21:00:00+00:00,1,76.83,72.80665991461528,4100.170085384717,81.74,tempo,1.2203790621220865,1.1947609195309552,192,48.0,4.023340085384717
LTC,2023-05-15 05:00:00+00:00,2023-05-15 05:00:00+00:00,2023-05-17 00:45:00+00:00,-1,86.31,90.62358480185259,-4227.2748018525845,90.62358480185259,stop,-1.0,-1.026661543798052,175,43.75,4.313584801852585
LTC,2023-05-17 01:00:00+00:00,2023-05-17 01:00:00+00:00,2023-05-19 01:00:00+00:00,-1,92.08,96.65067881264116,-4478.598812641162,90.75,tempo,0.29098522440946994,0.2649848194649517,192,48.0,4.570678812641162
LTC,2023-05-24 07:00:00+00:00,2023-05-24 07:00:00+00:00,2023-05-26 07:00:00+00:00,1,86.0,82.0731270897624,4012.8729102376055,86.88,tempo,0.22409688831685382,0.19548073430101107,192,48.0,3.9268729102376057
LTC,2023-06-01 05:00:00+00:00,2023-06-01 05:00:00+00:00,2023-06-01 14:15:00+00:00,-1,91.29,94.89700922171406,-3515.7192217140514,94.89700922171406,stop,-1.0,-1.0335517733821054,37,9.25,3.6070092217140513
LTC,2023-06-01 15:00:00+00:00,2023-06-01 15:00:00+00:00,2023-06-03 15:00:00+00:00,-1,94.29,98.0603658270606,-3676.075827060587,96.81,tempo,-0.6683701570583701,-0.701315236050039,192,48.0,3.770365827060587
LTC,2023-06-05 16:00:00+00:00,2023-06-05 16:00:00+00:00,2023-06-07 16:00:00+00:00,1,85.98,81.58962922656656,4476.350773433445,87.86,tempo,0.42820984764568304,0.402472613632613,192,48.0,4.390370773433446
LTC,2023-06-10 05:00:00+00:00,2023-06-10 05:00:00+00:00,2023-06-12 05:00:00+00:00,1,78.5,73.58226513032614,4996.2348696738645,76.3,tempo,-0.4473604328624375,-0.46782107229635495,192,48.0,4.917734869673865
LTC,2023-06-20 22:00:00+00:00,2023-06-20 22:00:00+00:00,2023-06-22 22:00:00+00:00,1,79.43,75.15764062086348,4351.789379136532,85.86,tempo,1.5050232036658706,1.479875857559019,192,48.0,4.272359379136532
LTC,2023-06-30 04:00:00+00:00,2023-06-30 04:00:00+00:00,2023-06-30 10:15:00+00:00,-1,95.84,102.17224808674627,-6236.408086746262,102.17224808674627,stop,-1.0,-1.020325792592646,25,6.25,6.332248086746262
LTC,2023-06-30 11:00:00+00:00,2023-06-30 11:00:00+00:00,2023-06-30 16:45:00+00:00,-1,100.12,106.88909764412699,-6668.977644126987,106.88909764412699,stop,-1.0,-1.0198779690503395,23,5.75,6.769097644126987
LTC,2023-06-30 17:00:00+00:00,2023-06-30 17:00:00+00:00,2023-07-02 17:00:00+00:00,-1,108.17,117.97584914321574,-9697.679143215739,111.58,tempo,-0.3477516276455502,-0.3623181886759963,192,48.0,9.805849143215738
LTC,2023-08-02 15:00:00+00:00,2023-08-02 15:00:00+00:00,2023-08-03 22:15:00+00:00,1,88.94,84.98413165365166,4044.808346348339,84.98413165365166,stop,-1.0,-1.0285779696584774,125,31.25,3.955868346348339
LTC,2023-08-04 00:00:00+00:00,2023-08-04 00:00:00+00:00,2023-08-06 00:00:00+00:00,1,82.51,78.71439180911587,3878.1181908841386,83.06,tempo,0.1449043137068059,0.11655035971901792,192,48.0,3.7956081908841384
LTC,2023-08-16 14:00:00+00:00,2023-08-16 14:00:00+00:00,2023-08-16 20:30:00+00:00,1,77.65,75.00466131415071,2722.9886858492964,75.00466131415071,stop,-1.0,-1.0375095750064007,26,6.5,2.645338685849296
LTC,2023-08-16 21:00:00+00:00,2023-08-16 21:00:00+00:00,2023-08-17 21:45:00+00:00,1,74.75,71.96764226221532,2857.1077377846786,71.96764226221532,stop,-1.0,-1.0342754154777993,99,24.75,2.782357737784679
LTC,2023-08-29 17:00:00+00:00,2023-08-29 17:00:00+00:00,2023-08-31 17:00:00+00:00,1,69.24,64.63335756566431,4675.882434335683,64.63335756566431,stop,-1.0,-1.0188896107431942,192,48.0,4.606642434335683
LTC,2023-09-12 15:00:00+00:00,2023-09-12 15:00:00+00:00,2023-09-14 15:00:00+00:00,1,60.3,57.68463276255901,2675.6672374409854,63.1,tempo,1.0705953488733282,1.0399266156829248,192,48.0,2.615367237440985
LTC,2023-09-15 17:00:00+00:00,2023-09-15 17:00:00+00:00,2023-09-17 17:00:00+00:00,-1,64.65,67.29991860095497,-2585.2686009549616,63.87,tempo,0.2943486640377997,0.2628239221193517,192,48.0,2.649918600954962
LTC,2023-09-20 14:00:00+00:00,2023-09-20 14:00:00+00:00,2023-09-22 14:00:00+00:00,1,64.7,62.02437157930868,2740.328420691325,64.62,tempo,-0.029899517952992893,-0.06131568895415202,192,48.0,2.675628420691325
LTC,2023-10-02 11:00:00+00:00,2023-10-02 11:00:00+00:00,2023-10-02 18:45:00+00:00,1,67.73,65.36396598829612,2433.7640117038886,65.36396598829612,stop,-1.0,-1.0365637507594796,31,7.75,2.3660340117038885
LTC,2023-10-02 19:00:00+00:00,2023-10-02 19:00:00+00:00,2023-10-04 00:45:00+00:00,1,65.56,63.16107251846618,2464.487481533825,63.16107251846618,stop,-1.0,-1.0348775433109412,119,29.75,2.398927481533825
LTC,2023-10-04 19:00:00+00:00,2023-10-04 19:00:00+00:00,2023-10-06 19:00:00+00:00,1,64.0,61.651128751686876,2412.871248313124,65.53,tempo,0.6513766989564852,0.6155320352438762,192,48.0,2.3488712483131238
LTC,2023-10-09 17:00:00+00:00,2023-10-09 17:00:00+00:00,2023-10-11 17:00:00+00:00,1,62.29,60.278550619320185,2073.7393806798136,61.3,tempo,-0.4921824081227486,-0.5321205247721715,192,48.0,2.0114493806798137
LTC,2023-10-17 13:00:00+00:00,2023-10-17 13:00:00+00:00,2023-10-18 19:45:00+00:00,1,62.36,60.535243916642756,1887.1160833572435,60.535243916642756,stop,-1.0,-1.0437767596855183,123,30.75,1.8247560833572436
LTC,2023-10-24 07:00:00+00:00,2023-10-24 07:00:00+00:00,2023-10-26 07:00:00+00:00,1,69.16,66.34577288301475,2883.3871169852505,69.44,tempo,0.09949445739828987,0.06748211573039023,192,48.0,2.8142271169852506
LTC,2023-11-01 15:00:00+00:00,2023-11-01 15:00:00+00:00,2023-11-03 15:00:00+00:00,1,66.87,64.01464430994045,2922.225690059554,69.14,tempo,0.7949972775380046,0.7640356357685493,192,48.0,2.855355690059554
LTC,2023-11-06 16:00:00+00:00,2023-11-06 16:00:00+00:00,2023-11-08 16:00:00+00:00,-1,73.72,76.75258225605174,-2958.8622560517397,73.23,tempo,0.16157846964321051,0.1300813850020972,192,48.0,3.0325822560517395
LTC,2023-11-09 17:00:00+00:00,2023-11-09 17:00:00+00:00,2023-11-11 17:00:00+00:00,1,71.05,67.56943232051346,3551.6176794865405,74.88,tempo,1.1003952092564988,1.0731426146412453,192,48.0,3.4805676794865406
LTC,2023-12-04 20:00:00+00:00,2023-12-04 20:00:00+00:00,2023-12-06 20:00:00+00:00,1,72.42,69.6922267618031,2800.193238196903,73.95,tempo,0.5608970637938192,0.5260186147102403,192,48.0,2.727773238196903
LTC,2023-12-09 08:00:00+00:00,2023-12-09 08:00:00+00:00,2023-12-11 08:00:00+00:00,-1,79.42,82.61057462809956,-3111.1546280995544,73.16,tempo,1.9620290166128271,1.9309446473188,192,48.0,3.1905746280995544
LTC,2023-12-21 01:00:00+00:00,2023-12-21 01:00:00+00:00,2023-12-23 01:00:00+00:00,1,69.46,66.51591507509616,3013.544924903834,73.5,tempo,1.3722430239107215,1.3406800757043156,192,48.0,2.9440849249038337
LTC,2023-12-26 17:00:00+00:00,2023-12-26 17:00:00+00:00,2023-12-27 13:00:00+00:00,-1,73.87,76.74283830364162,-2798.968303641615,76.74283830364162,stop,-1.0,-1.0340772206960869,80,20.0,2.8728383036416147
LTC,2023-12-30 03:00:00+00:00,2023-12-30 03:00:00+00:00,2024-01-01 03:00:00+00:00,1,72.61,69.39912167734629,3283.4883226537127,73.23,tempo,0.1930935830316951,0.16357019706867504,192,48.0,3.2108783226537128
LTC,2024-01-02 15:00:00+00:00,2024-01-02 15:00:00+00:00,2024-01-03 12:15:00+00:00,1,73.57,70.49792383727177,3145.646162728223,70.49792383727177,stop,-1.0,-1.0304823661699403,85,21.25,3.072076162728223
LTC,2024-01-03 13:00:00+00:00,2024-01-03 13:00:00+00:00,2024-01-05 13:00:00+00:00,1,65.71,61.83738911965125,3938.320880348745,65.33,tempo,-0.09812501481320397,-0.12011947865986071,192,48.0,3.872610880348745
LTC,2024-01-11 13:00:00+00:00,2024-01-11 13:00:00+00:00,2024-01-13 13:00:00+00:00,-1,73.69,77.86803116647114,-4104.341166471144,71.52,tempo,0.5193833922097885,0.4967922490997382,192,48.0,4.178031166471143
LTC,2024-02-13 18:00:00+00:00,2024-02-13 18:00:00+00:00,2024-02-15 18:00:00+00:00,1,68.69,66.19787236199825,2560.8176380017476,69.44,tempo,0.3009476675927279,0.2649204197780889,192,48.0,2.4921276380017474
LTC,2024-02-21 03:00:00+00:00,2024-02-21 03:00:00+00:00,2024-02-23 03:00:00+00:00,1,69.03,66.59453894809303,2504.4910519069695,68.46,tempo,-0.23404192793545048,-0.27073662273667687,192,48.0,2.4354610519069695
LTC,2024-02-28 09:00:00+00:00,2024-02-28 09:00:00+00:00,2024-02-28 17:45:00+00:00,1,75.41,72.56243062764229,2922.979372357711,72.56243062764229,stop,-1.0,-1.0337769049076164,35,8.75,2.847569372357711
LTC,2024-02-28 18:00:00+00:00,2024-02-28 18:00:00+00:00,2024-03-01 18:00:00+00:00,1,74.18,70.77913400813395,3475.0459918660554,83.86,tempo,2.846333852363461,2.816128016483514,192,48.0,3.4008659918660555
LTC,2024-03-02 04:00:00+00:00,2024-03-02 04:00:00+00:00,2024-03-04 04:00:00+00:00,-1,91.26,97.25503612818413,-5903.776128184125,89.92,tempo,0.2235182526591186,0.20387416753903922,192,48.0,5.995036128184125
LTC,2024-03-04 23:00:00+00:00,2024-03-04 23:00:00+00:00,2024-03-05 19:45:00+00:00,1,89.06,83.01717841057551,6131.881589424492,83.01717841057551,stop,-1.0,-1.0185095926317969,83,20.75,6.042821589424491
LTC,2024-03-11 16:00:00+00:00,2024-03-11 16:00:00+00:00,2024-03-13 16:00:00+00:00,-1,101.28,109.33359687993674,-7952.316879936734,96.0,tempo,0.6556076842079882,0.6396853575865188,192,48.0,8.053596879936734
LTC,2024-03-27 18:00:00+00:00,2024-03-27 18:00:00+00:00,2024-03-29 11:00:00+00:00,-1,94.45,101.53526991563895,-6990.819915638946,101.53526991563895,stop,-1.0,-1.0179796150269425,164,41.0,7.085269915638946
LTC,2024-03-29 13:00:00+00:00,2024-03-29 13:00:00+00:00,2024-03-31 13:00:00+00:00,-1,103.54,111.28338199431535,-7639.841994315342,101.96,tempo,0.20404520933617115,0.1867949948823238,192,48.0,7.743381994315342
LTC,2024-04-02 02:00:00+00:00,2024-04-02 02:00:00+00:00,2024-04-04 02:00:00+00:00,1,99.04,91.23829150947681,7900.748490523197,100.02,tempo,0.12561351160331155,0.10902881093714722,192,48.0,7.801708490523197
LTC,2024-04-12 19:00:00+00:00,2024-04-12 19:00:00+00:00,2024-04-13 20:00:00+00:00,1,83.45,76.81666178955506,6716.788210444946,76.81666178955506,stop,-1.0,-1.0157045105885265,100,25.0,6.633338210444947
LTC,2024-06-07 19:00:00+00:00,2024-06-07 19:00:00+00:00,2024-06-09 19:00:00+00:00,1,79.09,76.25328721617794,2915.8027838220655,80.42,tempo,0.46885254213435495,0.43230266630931496,192,48.0,2.8367127838220654
LTC,2024-06-18 02:00:00+00:00,2024-06-18 02:00:00+00:00,2024-06-20 02:00:00+00:00,1,72.68,69.69972153575115,3052.9584642488544,74.0,tempo,0.4429116325318561,0.4109206621766649,192,48.0,2.9802784642488547
LTC,2024-06-24 16:00:00+00:00,2024-06-24 16:00:00+00:00,2024-06-26 16:00:00+00:00,1,68.8,66.12913464811652,2739.6653518834783,71.31,tempo,0.939770325085826,0.905672200320466,192,48.0,2.670865351883478
LTC,2024-06-28 11:00:00+00:00,2024-06-28 11:00:00+00:00,2024-06-30 11:00:00+00:00,-1,74.46,77.24670518496775,-2712.245184967758,74.81,tempo,-0.1255963500868349,-0.16041363198783462,192,48.0,2.786705184967758
LTC,2024-07-03 04:00:00+00:00,2024-07-03 04:00:00+00:00,2024-07-05 04:00:00+00:00,-1,75.5,78.00256290176046,-2427.062901760456,58.62,tempo,6.7450852037028035,6.710249715676239,192,48.0,2.502562901760456
LTC,2024-07-05 04:00:00+00:00,2024-07-05 04:00:00+00:00,2024-07-07 04:00:00+00:00,1,58.62,55.42886071571399,3249.7592842860095,65.03,tempo,2.0086870013993097,1.983500855374354,192,48.0,3.1911392842860096
LTC,2024-07-25 13:00:00+00:00,2024-07-25 13:00:00+00:00,2024-07-27 13:00:00+00:00,1,67.92,64.78559428697415,3202.325713025856,71.39,tempo,1.1070679158028238,1.0781783883164204,192,48.0,3.1344057130258562
LTC,2024-07-29 15:00:00+00:00,2024-07-29 15:00:00+00:00,2024-07-31 15:00:00+00:00,-1,75.56,78.91224558450602,-3276.685584506022,71.51,tempo,1.2081453753624063,1.179628520737602,192,48.0,3.352245584506022
LTC,2024-08-02 16:00:00+00:00,2024-08-02 16:00:00+00:00,2024-08-04 16:00:00+00:00,1,65.5,62.268254840969554,3297.245159030446,63.0,tempo,-0.7735758474068617,-0.799421016468725,192,48.0,3.231745159030446
LTC,2024-08-05 04:00:00+00:00,2024-08-05 04:00:00+00:00,2024-08-05 06:30:00+00:00,1,55.26,51.79794940920113,3517.3105907988675,51.79794940920113,stop,-1.0,-1.0201001300503594,10,2.5,3.4620505907988672
LTC,2024-08-05 07:00:00+00:00,2024-08-05 07:00:00+00:00,2024-08-07 07:00:00+00:00,1,52.08,48.575076628598694,3557.0033714013043,58.47,tempo,1.8231497019705778,1.802647827211681,192,48.0,3.504923371401304
LTC,2024-08-14 22:00:00+00:00,2024-08-14 22:00:00+00:00,2024-08-16 22:00:00+00:00,-1,64.52,68.71335755854702,-4128.83755854702,66.34,tempo,-0.43401975018572686,-0.454303973224764,192,48.0,4.193357558547021
LTC,2024-08-31 02:00:00+00:00,2024-08-31 02:00:00+00:00,2024-09-02 02:00:00+00:00,-1,65.74,69.23673339151881,-3430.9933915188167,63.9,tempo,0.5262054020082975,0.5021069104834979,192,48.0,3.4967333915188163
LTC,2024-10-02 10:00:00+00:00,2024-10-02 10:00:00+00:00,2024-10-04 10:00:00+00:00,1,63.64,61.15840722330836,2545.2327766916414,64.29,tempo,0.2619285509311319,0.22842003141051248,192,48.0,2.4815927766916417
LTC,2024-10-07 19:00:00+00:00,2024-10-07 19:00:00+00:00,2024-10-09 19:00:00+00:00,1,64.88,62.37247760516214,2572.4023948378567,65.16,tempo,0.11166400769796783,0.07795503657411644,192,48.0,2.5075223948378564
LTC,2024-10-15 22:00:00+00:00,2024-10-15 22:00:00+00:00,2024-10-17 21:45:00+00:00,-1,70.37,73.57465272587726,-3134.282725877253,73.57465272587726,stop,-1.0,-1.0291963068310959,191,47.75,3.204652725877253
LTC,2024-10-17 22:00:00+00:00,2024-10-17 22:00:00+00:00,2024-10-19 22:00:00+00:00,-1,73.12,76.41068659795357,-3217.566597953567,75.08,tempo,-0.5956203794122756,-0.6248939055085944,192,48.0,3.2906865979535667
LTC,2024-11-03 17:00:00+00:00,2024-11-03 17:00:00+00:00,2024-11-05 17:00:00+00:00,1,65.68,63.159227330726274,2586.452669273732,66.75,tempo,0.42447302489528904,0.390324963449986,192,48.0,2.5207726692737324
LTC,2024-11-12 01:00:00+00:00,2024-11-12 01:00:00+00:00,2024-11-12 11:00:00+00:00,1,79.53,75.7468218393994,3862.708160600599,75.7468218393994,stop,-1.0,-1.0266786098647773,40,10.0,3.783178160600599
LTC,2024-11-12 14:00:00+00:00,2024-11-12 14:00:00+00:00,2024-11-14 14:00:00+00:00,1,75.76,71.51100782034543,4324.752179654579,80.68,tempo,1.1579216416444365,1.1339898489508884,192,48.0,4.248992179654579
LTC,2024-11-14 20:00:00+00:00,2024-11-14 20:00:00+00:00,2024-11-16 09:45:00+00:00,-1,82.7,89.51615057706805,-6733.4505770680435,89.51615057706805,stop,-1.0,-1.0164228323023998,151,37.75,6.8161505770680435
LTC,2024-11-16 19:00:00+00:00,2024-11-16 19:00:00+00:00,2024-11-18 19:00:00+00:00,-1,97.11,106.1621856264388,-8955.075626438798,89.06,tempo,0.8892879943257339,0.8759198968304104,192,48.0,9.0521856264388
LTC,2024-11-23 04:00:00+00:00,2024-11-23 04:00:00+00:00,2024-11-25 04:00:00+00:00,-1,101.2,111.13500604097956,-9833.806040979558,96.54,tempo,0.4690485321074386,0.4561113482275456,192,48.0,9.935006040979559
LTC,2024-12-01 21:00:00+00:00,2024-12-01 21:00:00+00:00,2024-12-02 00:30:00+00:00,-1,113.5,123.6029717752646,-9989.471775264607,123.6029717752646,stop,-1.0,-1.0152546137000256,14,3.5,10.102971775264606
LTC,2024-12-02 01:00:00+00:00,2024-12-02 01:00:00+00:00,2024-12-04 01:00:00+00:00,-1,128.89,141.48473303742514,-12465.843037425158,130.48,tempo,-0.12624324749681712,-0.13962904134405743,192,48.0,12.594733037425158
LTC,2024-12-06 05:00:00+00:00,2024-12-06 05:00:00+00:00,2024-12-08 05:00:00+00:00,-1,138.03,154.0670376772586,-15899.007677258609,132.87,tempo,0.3217551834599202,0.31077528782435043,192,48.0,16.03703767725861
LTC,2024-12-09 22:00:00+00:00,2024-12-09 22:00:00+00:00,2024-12-11 22:00:00+00:00,1,109.14,97.01320789123841,12235.932108761592,117.75,tempo,0.7099981530795176,0.6978367753072833,192,48.0,12.126792108761592
LTC,2025-01-07 00:00:00+00:00,2025-01-07 00:00:00+00:00,2025-01-07 15:30:00+00:00,1,113.97,105.7699028312613,8314.067168738693,105.7699028312613,stop,-1.0,-1.0174182005287493,62,15.5,8.200097168738694
LTC,2025-01-16 00:00:00+00:00,2025-01-16 00:00:00+00:00,2025-01-16 15:45:00+00:00,-1,116.93,125.43911607166451,-8392.186071664508,125.43911607166451,stop,-1.0,-1.018514252728458,63,15.75,8.509116071664508
LTC,2025-01-16 16:00:00+00:00,2025-01-16 16:00:00+00:00,2025-01-17 04:45:00+00:00,-1,126.53,137.1372332804496,-10480.703280449605,137.1372332804496,stop,-1.0,-1.0161572482758696,51,12.75,10.607233280449606
LTC,2025-01-17 05:00:00+00:00,2025-01-17 05:00:00+00:00,2025-01-19 05:00:00+00:00,-1,136.7,148.71238432790187,-11875.684327901883,121.02,tempo,1.305319541232053,1.2913740999751582,192,48.0,12.012384327901884
LTC,2025-01-19 12:00:00+00:00,2025-01-19 12:00:00+00:00,2025-01-21 12:00:00+00:00,1,115.11,104.6082331015836,10616.876898416407,121.22,tempo,0.5818068577508938,0.5671793668261844,192,48.0,10.501766898416406
LTC,2025-01-30 10:00:00+00:00,2025-01-30 10:00:00+00:00,2025-02-01 10:00:00+00:00,-1,129.66,141.06500978523675,-11275.349785236758,123.33,tempo,0.5550192519951962,0.5406007198679494,192,48.0,11.405009785236757
LTC,2025-02-03 02:00:00+00:00,2025-02-03 02:00:00+00:00,2025-02-03 02:15:00+00:00,1,92.77,82.82131785036101,10041.452149638984,82.82131785036101,stop,-1.0,-1.011472309084362,1,0.25,9.948682149638984
LTC,2025-02-03 03:00:00+00:00,2025-02-03 03:00:00+00:00,2025-02-05 03:00:00+00:00,1,89.62,79.91847253221653,9791.14746778348,102.58,tempo,1.3358721132354825,1.322994759600721,192,48.0,9.701527467783478
LTC,2025-02-10 20:00:00+00:00,2025-02-10 20:00:00+00:00,2025-02-11 05:00:00+00:00,-1,119.4,131.6496951213315,-12130.295121331485,131.6496951213315,stop,-1.0,-1.0133213357730595,36,9.0,12.249695121331484
LTC,2025-02-11 05:00:00+00:00,2025-02-11 05:00:00+00:00,2025-02-13 05:00:00+00:00,-1,130.08,143.53370979876044,-13323.629798760428,124.28,tempo,0.43110785699676685,0.4188187558883697,192,48.0,13.453709798760428
LTC,2025-02-20 20:00:00+00:00,2025-02-20 20:00:00+00:00,2025-02-22 20:00:00+00:00,1,127.57,116.30691347559323,11390.656524406759,126.93,tempo,-0.05682278997085978,-0.0715101493941874,192,48.0,11.26308652440676
LTC,2025-02-26 03:00:00+00:00,2025-02-26 03:00:00+00:00,2025-02-28 03:00:00+00:00,-1,121.1,132.05044260951968,-10829.342609519683,123.59,tempo,-0.22738806902977116,-0.2419124591089203,192,48.0,10.950442609519683
LTC,2025-03-02 18:00:00+00:00,2025-03-02 18:00:00+00:00,2025-03-03 09:00:00+00:00,1,126.68,114.76972319855255,12036.956801447452,114.76972319855255,stop,-1.0,-1.0131770506005358,60,15.0,11.910276801447452
LTC,2025-03-03 09:00:00+00:00,2025-03-03 09:00:00+00:00,2025-03-04 01:45:00+00:00,1,115.66,104.80714153352328,10968.518466476718,104.80714153352328,stop,-1.0,-1.0132042302439896,67,16.75,10.852858466476718
LINK,2023-01-09 13:00:00+00:00,2023-01-09 13:00:00+00:00,2023-01-11 13:00:00+00:00,-1,6.172,6.398100031939542,-219.9280319395423,6.089,tempo,0.3670941542467051,0.33184581778414757,192,48.0,0.2261000319395423
LINK,2023-01-12 11:00:00+00:00,2023-01-12 11:00:00+00:00,2023-01-12 13:45:00+00:00,1,6.26,6.017647435672243,248.61256432775642,6.017647435672243,stop,-1.0,-1.032929178427814,11,2.75,0.24235256432775643
LINK,2023-01-12 18:00:00+00:00,2023-01-12 18:00:00+00:00,2023-01-14 18:00:00+00:00,1,6.379,6.115036710697852,270.342289302148,6.75,tempo,1.4054984728400317,1.3731687878199619,192,48.0,0.26396328930214796
LINK,2023-01-18 22:00:00+00:00,2023-01-18 22:00:00+00:00,2023-01-20 22:00:00+00:00,1,6.404,6.0289357221413615,381.4682778586384,6.866,tempo,1.2317888619990822,1.2087914705939458,192,48.0,0.3750642778586384
LINK,2023-02-02 18:00:00+00:00,2023-02-02 18:00:00+00:00,2023-02-04 18:00:00+00:00,-1,7.394,7.814485096104052,-413.09109610405204,7.325,tempo,0.16409618471453602,0.1413430596010778,192,48.0,0.42048509610405205
LINK,2023-02-09 09:00:00+00:00,2023-02-09 09:00:00+00:00,2023-02-11 09:00:00+00:00,-1,7.722,8.203187029214435,-473.4650292144347,6.917,tempo,1.6729461750334564,1.6531714316960595,192,48.0,0.4811870292144347
LINK,2023-02-16 04:00:00+00:00,2023-02-16 04:00:00+00:00,2023-02-18 04:00:00+00:00,1,7.34,6.905280549152592,442.0594508474077,7.616,tempo,0.634892226381836,0.6125297579414433,192,48.0,0.4347194508474077
LINK,2023-02-18 13:00:00+00:00,2023-02-18 13:00:00+00:00,2023-02-20 13:00:00+00:00,-1,8.13,8.666518505927291,-528.3885059272903,8.115,tempo,0.027958029097384738,0.008276974514281495,192,48.0,0.5365185059272903
LINK,2023-02-21 08:00:00+00:00,2023-02-21 08:00:00+00:00,2023-02-22 02:00:00+00:00,1,7.98,7.467846776992621,520.1332230073793,7.467846776992621,stop,-1.0,-1.0196056569674277,72,18.0,0.5121532230073793
LINK,2023-02-23 12:00:00+00:00,2023-02-23 12:00:00+00:00,2023-02-25 12:00:00+00:00,-1,7.857,8.355587377304557,-490.730377304557,7.368,tempo,0.980770918517055,0.9609223414160848,192,48.0,0.49858737730455704
LINK,2023-03-13 15:00:00+00:00,2023-03-13 15:00:00+00:00,2023-03-15 15:00:00+00:00,1,6.724,6.292374853279627,438.3491467203731,6.726,tempo,0.004633650321804519,-0.015621193647385713,192,48.0,0.4316251467203731
LINK,2023-03-16 05:00:00+00:00,2023-03-16 05:00:00+00:00,2023-03-18 05:00:00+00:00,1,6.522,6.094006590504085,434.5154094959152,7.198,tempo,1.5794635735073204,1.5586268040568199,192,48.0,0.42799340949591524
LINK,2023-03-22 08:00:00+00:00,2023-03-22 08:00:00+00:00,2023-03-24 08:00:00+00:00,-1,7.477,7.961580820449972,-477.10382044997135,7.473,tempo,0.008254556992755376,-0.011798857401517466,192,48.0,0.4845808204499713
LINK,2023-04-14 03:00:00+00:00,2023-04-14 03:00:00+00:00,2023-04-15 15:45:00+00:00,-1,7.645,7.983002861100775,-330.35786110077504,7.983002861100775,stop,-1.0,-1.0300535972584175,147,36.75,0.33800286110077504
LINK,2023-04-15 16:00:00+00:00,2023-04-15 16:00:00+00:00,2023-04-17 16:00:00+00:00,-1,7.97,8.352691846889085,-374.7218468890854,8.061,tempo,-0.23778923104775337,-0.26501779649722856,192,48.0,0.3826918468890854
LINK,2023-04-18 10:00:00+00:00,2023-04-18 10:00:00+00:00,2023-04-20 10:00:00+00:00,-1,8.52,8.963079220834397,-434.559220834397,7.839,tempo,1.5369711960708856,1.512972440317963,192,48.0,0.443079220834397
LINK,2023-04-26 22:00:00+00:00,2023-04-26 22:00:00+00:00,2023-04-28 22:00:00+00:00,1,7.026,6.600232987646251,432.7930123537487,7.041,tempo,0.03523053586767265,0.013755058118816246,192,48.0,0.4257670123537487
LINK,2023-05-12 13:00:00+00:00,2023-05-12 13:00:00+00:00,2023-05-14 13:00:00+00:00,-1,6.445,6.742348111768037,-290.903111768037,6.546,tempo,-0.3396692159888026,-0.368067412129316,192,48.0,0.297348111768037
LINK,2023-06-07 11:00:00+00:00,2023-06-07 11:00:00+00:00,2023-06-07 22:00:00+00:00,1,6.082,5.863637638903932,224.44436109606767,5.863637638903932,stop,-1.0,-1.0355586211209336,44,11.0,0.21836236109606766
LINK,2023-06-07 22:00:00+00:00,2023-06-07 22:00:00+00:00,2023-06-09 22:00:00+00:00,1,5.838,5.62526311904383,218.57488095616984,5.988,tempo,0.705096358119986,0.6689629901517693,192,48.0,0.21273688095616983
LINK,2023-06-10 05:00:00+00:00,2023-06-10 05:00:00+00:00,2023-06-12 05:00:00+00:00,1,5.137,4.799883822644548,342.2531773554512,5.104,tempo,-0.09788910238266221,-0.1176349658182852,192,48.0,0.3371161773554512
LINK,2023-06-21 03:00:00+00:00,2023-06-21 03:00:00+00:00,2023-06-23 03:00:00+00:00,1,5.312,5.010747611136801,306.56438886319927,5.619,tempo,1.0190790557993226,0.9954936826614966,192,48.0,0.30125238886319927
LINK,2023-06-23 23:00:00+00:00,2023-06-23 23:00:00+00:00,2023-06-25 23:00:00+00:00,-1,6.067,6.416886235242207,-343.81923524220673,6.121,tempo,-0.15433587995429165,-0.17697809677232654,192,48.0,0.34988623524220674
LINK,2023-06-30 17:00:00+00:00,2023-06-30 17:00:00+00:00,2023-07-02 17:00:00+00:00,-1,6.288,6.677961759280029,-383.6737592800286,6.428,tempo,-0.35900956098484194,-0.38020497259458563,192,48.0,0.38996175928002863
LINK,2023-07-13 17:00:00+00:00,2023-07-13 17:00:00+00:00,2023-07-13 23:00:00+00:00,-1,6.66,6.977860885545843,-311.2008855458424,6.977860885545843,stop,-1.0,-1.0278883309608295,24,6.0,0.31786088554584246
LINK,2023-07-13 23:00:00+00:00,2023-07-13 23:00:00+00:00,2023-07-14 01:00:00+00:00,-1,6.955,7.295662444977346,-333.7074449773457,7.295662444977346,stop,-1.0,-1.0271909355604234,8,2.0,0.34066244497734566
LINK,2023-07-14 01:00:00+00:00,2023-07-14 01:00:00+00:00,2023-07-16 01:00:00+00:00,-1,7.301,7.676514790967259,-368.2137909672587,6.858,tempo,1.1797138505753981,1.1552052287544206,192,48.0,0.3755147909672587
LINK,2023-07-17 20:00:00+00:00,2023-07-17 20:00:00+00:00,2023-07-17 23:15:00+00:00,-1,6.893,7.254681009439291,-354.7880094392911,7.254681009439291,stop,-1.0,-1.0254256994869373,13,3.25,0.36168100943929105
LINK,2023-07-18 00:00:00+00:00,2023-07-18 00:00:00+00:00,2023-07-20 00:00:00+00:00,-1,7.185,7.569590013191221,-377.40501319122166,6.911,tempo,0.7124469970668862,0.6886231855124131,192,48.0,0.38459001319122166
LINK,2023-07-20 08:00:00+00:00,2023-07-20 08:00:00+00:00,2023-07-20 09:15:00+00:00,-1,7.428,7.868866375095036,-433.43837509503567,7.868866375095036,stop,-1.0,-1.0225532354144007,5,1.25,0.4408663750950357
LINK,2023-07-20 10:00:00+00:00,2023-07-20 10:00:00+00:00,2023-07-22 10:00:00+00:00,-1,8.104,8.64201978021163,-529.9157802116306,7.963,tempo,0.26207214899150477,0.24266105968937537,192,48.0,0.5380197802116307
LINK,2023-07-27 17:00:00+00:00,2023-07-27 17:00:00+00:00,2023-07-29 17:00:00+00:00,-1,8.039,8.527422434253738,-480.38343425373864,7.754,tempo,0.5835112804256259,0.5624937159566953,192,48.0,0.48842243425373866
LINK,2023-08-09 18:00:00+00:00,2023-08-09 18:00:00+00:00,2023-08-11 18:00:00+00:00,-1,7.688,8.050957647618672,-355.26964761867225,7.423,tempo,0.7301127328178298,0.703051311011616,192,48.0,0.3629576476186722
LINK,2023-08-15 21:00:00+00:00,2023-08-15 21:00:00+00:00,2023-08-16 20:30:00+00:00,1,7.007,6.715612110866463,298.3948891335369,6.715612110866463,stop,-1.0,-1.0306110796113956,94,23.5,0.29138788913353686
LINK,2023-08-29 17:00:00+00:00,2023-08-29 17:00:00+00:00,2023-08-30 14:45:00+00:00,1,6.242,5.927788298923189,320.4537010768111,5.927788298923189,stop,-1.0,-1.0251752635792717,87,21.75,0.31421170107681107
LINK,2023-08-31 23:00:00+00:00,2023-08-31 23:00:00+00:00,2023-09-02 23:00:00+00:00,-1,5.871,6.153724008442028,-276.85300844202754,5.964,tempo,-0.3289427046273278,-0.3561521023802512,192,48.0,0.2827240084420275
LINK,2023-09-06 03:00:00+00:00,2023-09-06 03:00:00+00:00,2023-09-08 03:00:00+00:00,-1,6.235,6.498516193337036,-257.28119333703535,6.331,tempo,-0.36430398748670734,-0.395299805605381,192,48.0,0.26351619333703535
LINK,2023-09-18 04:00:00+00:00,2023-09-18 04:00:00+00:00,2023-09-19 05:00:00+00:00,-1,6.62,6.920292196166252,-293.6721961662519,6.920292196166252,stop,-1.0,-1.029308753407083,100,25.0,0.3002921961662519
LINK,2023-09-23 01:00:00+00:00,2023-09-23 01:00:00+00:00,2023-09-25 01:00:00+00:00,-1,7.081,7.4106056492444905,-322.5246492444901,7.074,tempo,0.021237500073332187,-0.006676918326624308,192,48.0,0.3296056492444901
LINK,2023-09-25 17:00:00+00:00,2023-09-25 17:00:00+00:00,2023-09-27 12:45:00+00:00,-1,7.468,7.819481918825558,-344.01391882555845,7.819481918825558,stop,-1.0,-1.0282713354941262,175,43.75,0.35148191882555846
LINK,2023-09-30 11:00:00+00:00,2023-09-30 11:00:00+00:00,2023-10-02 11:00:00+00:00,-1,8.143,8.546842735815362,-395.6997358153616,7.933,tempo,0.5200044011588056,0.4941294773994304,192,48.0,0.40384273581536156
LINK,2023-10-02 11:00:00+00:00,2023-10-02 11:00:00+00:00,2023-10-02 18:45:00+00:00,1,7.933,7.527753360217405,413.1796397825949,7.527753360217405,stop,-1.0,-1.0247984528373453,31,7.75,0.4052466397825949
LINK,2023-10-02 19:00:00+00:00,2023-10-02 19:00:00+00:00,2023-10-04 19:00:00+00:00,1,7.529,7.137883381072676,398.6456189273239,7.626,tempo,0.24800787106933106,0.2228216490493702,192,48.0,0.39111661892732386
LINK,2023-10-09 21:00:00+00:00,2023-10-09 21:00:00+00:00,2023-10-11 21:00:00+00:00,1,7.26,6.912216236256143,355.0437637438572,7.337,tempo,0.22140194001900118,0.1941204766813741,192,48.0,0.3477837637438572
LINK,2023-10-16 19:00:00+00:00,2023-10-16 19:00:00+00:00,2023-10-18 19:00:00+00:00,1,7.496,7.180887183003118,322.60881699688264,7.369,tempo,-0.40303025821148064,-0.43369308586820393,192,48.0,0.31511281699688265
LINK,2023-10-21 11:00:00+00:00,2023-10-21 11:00:00+00:00,2023-10-21 14:00:00+00:00,-1,7.979,8.302596644512636,-315.6176445126364,8.302596644512636,stop,-1.0,-1.0327044114900268,12,3.0,0.32359664451263637
LINK,2023-10-21 14:00:00+00:00,2023-10-21 14:00:00+00:00,2023-10-21 14:30:00+00:00,-1,8.393,8.76266392903238,-361.27092903237906,8.76266392903238,stop,-1.0,-1.0301657280521257,2,0.5,0.3696639290323791
LINK,2023-10-21 15:00:00+00:00,2023-10-21 15:00:00+00:00,2023-10-21 16:15:00+00:00,-1,8.683,9.08899067063873,-397.3076706387295,9.08899067063873,stop,-1.0,-1.0284533482450253,5,1.25,0.4059906706387295
LINK,2023-10-21 17:00:00+00:00,2023-10-21 17:00:00+00:00,2023-10-22 03:30:00+00:00,-1,8.897,9.330643581496037,-424.7465814960371,9.330643581496037,stop,-1.0,-1.0273219040556252,42,10.5,0.4336435814960371
LINK,2023-10-22 04:00:00+00:00,2023-10-22 04:00:00+00:00,2023-10-22 22:45:00+00:00,-1,9.282,9.759592424875752,-468.31042487575195,9.759592424875752,stop,-1.0,-1.0259154761078741,75,18.75,0.47759242487575193
LINK,2023-10-22 23:00:00+00:00,2023-10-22 23:00:00+00:00,2023-10-23 01:45:00+00:00,-1,10.097,10.75166625117969,-644.569251179691,10.75166625117969,stop,-1.0,-1.0207000636413548,11,2.75,0.654666251179691
LINK,2023-10-23 02:00:00+00:00,2023-10-23 02:00:00+00:00,2023-10-25 02:00:00+00:00,-1,10.89,11.64464683260068,-743.7568326006792,11.519,tempo,-0.8335024713909247,-0.8528040166578714,192,48.0,0.7546468326006792
LINK,2023-10-25 04:00:00+00:00,2023-10-25 04:00:00+00:00,2023-10-27 04:00:00+00:00,-1,11.335,12.365577149359495,-1019.2421493594945,11.049,tempo,0.27751440071978195,0.2633964862977102,192,48.0,1.0305771493594946
LINK,2023-11-08 20:00:00+00:00,2023-11-08 20:00:00+00:00,2023-11-09 13:15:00+00:00,-1,14.479,15.64311903555404,-1149.6400355540409,15.64311903555404,stop,-1.0,-1.016819050951943,69,17.25,1.164119035554041
LINK,2023-11-11 21:00:00+00:00,2023-11-11 21:00:00+00:00,2023-11-13 21:00:00+00:00,-1,16.453,17.86499580080302,-1395.5428008030196,14.773,tempo,1.1898052381207953,1.175430620300787,192,48.0,1.4119958008030196
LINK,2023-12-04 08:00:00+00:00,2023-12-04 08:00:00+00:00,2023-12-04 11:15:00+00:00,1,16.089,15.070723913132483,1034.365086867516,15.070723913132483,stop,-1.0,-1.0198903036266345,13,3.25,1.018276086867516
LINK,2023-12-04 12:00:00+00:00,2023-12-04 12:00:00+00:00,2023-12-06 12:00:00+00:00,1,15.636,14.633479902724734,1018.1560972752657,15.558,tempo,-0.07780392653672923,-0.09802905723995214,192,48.0,1.0025200972752657
LINK,2023-12-08 11:00:00+00:00,2023-12-08 11:00:00+00:00,2023-12-10 11:00:00+00:00,-1,16.468,17.578552201815146,-1094.0842018151461,15.982,tempo,0.4376201309633677,0.41862732723426316,192,48.0,1.1105522018151461
LINK,2023-12-22 00:00:00+00:00,2023-12-22 00:00:00+00:00,2023-12-24 00:00:00+00:00,-1,15.319,16.356385761570845,-1022.0667615708442,15.695,tempo,-0.36244954763081355,-0.38188214517242086,192,48.0,1.0373857615708442
LINK,2023-12-27 23:00:00+00:00,2023-12-27 23:00:00+00:00,2023-12-29 23:00:00+00:00,-1,16.64,17.74991766113404,-1093.277661134041,15.382,tempo,1.1334174092830085,1.1146643965786847,192,48.0,1.1099176611340411
LINK,2024-01-02 15:00:00+00:00,2024-01-02 15:00:00+00:00,2024-01-03 12:15:00+00:00,1,15.448,14.397819302310054,1065.628697689946,14.397819302310054,stop,-1.0,-1.0184728043366011,85,21.25,1.050180697689946
LINK,2024-01-06 08:00:00+00:00,2024-01-06 08:00:00+00:00,2024-01-08 08:00:00+00:00,1,13.341,12.35166215681442,1002.678843185579,13.486,tempo,0.14656267421562927,0.12893719863101738,192,48.0,0.989337843185579
LINK,2024-01-10 15:00:00+00:00,2024-01-10 15:00:00+00:00,2024-01-10 22:45:00+00:00,-1,13.974,15.065032635324776,-1077.058635324776,15.065032635324776,stop,-1.0,-1.0173004643507684,31,7.75,1.0910326353247761
LINK,2024-01-15 03:00:00+00:00,2024-01-15 03:00:00+00:00,2024-01-17 03:00:00+00:00,-1,15.619,16.841679922766403,-1207.0609227664033,15.751,tempo,-0.10795957105547295,-0.12463646221915951,192,48.0,1.2226799227664031
LINK,2024-01-17 16:00:00+00:00,2024-01-17 16:00:00+00:00,2024-01-19 16:00:00+00:00,-1,16.112,17.29525746911375,-1167.1454691137515,15.16,tempo,0.8045586229960897,0.7873799441957567,192,48.0,1.1832574691137516
LINK,2024-01-20 00:00:00+00:00,2024-01-20 00:00:00+00:00,2024-01-22 00:00:00+00:00,-1,16.122,17.32096996281918,-1182.8479628191808,15.396,tempo,0.6055197565524739,0.5884328397527996,192,48.0,1.1989699628191808
LINK,2024-01-31 03:00:00+00:00,2024-01-31 03:00:00+00:00,2024-02-01 15:45:00+00:00,-1,15.866,16.85587087423856,-974.0048742385587,16.85587087423856,stop,-1.0,-1.0214868591669757,147,36.75,0.9898708742385587
LINK,2024-02-01 16:00:00+00:00,2024-02-01 16:00:00+00:00,2024-02-02 01:00:00+00:00,-1,16.696,17.80492101324022,-1092.22501324022,17.80492101324022,stop,-1.0,-1.0202228999097775,36,9.0,1.10892101324022
LINK,2024-02-02 01:00:00+00:00,2024-02-02 01:00:00+00:00,2024-02-04 01:00:00+00:00,-1,17.816,19.036528911834342,-1202.712911834343,17.901,tempo,-0.06964193897894123,-0.08866324177225926,192,48.0,1.220528911834343
LINK,2024-02-05 11:00:00+00:00,2024-02-05 11:00:00+00:00,2024-02-07 11:00:00+00:00,-1,19.437,20.779199995397448,-1322.7629953974472,18.431,tempo,0.7495157230291208,0.7311770253056781,192,48.0,1.342199995397447
LINK,2024-02-09 06:00:00+00:00,2024-02-09 06:00:00+00:00,2024-02-11 06:00:00+00:00,1,18.282,17.111073029787814,1189.2089702121857,20.173,tempo,1.6149598122736268,1.59361283621459,192,48.0,1.1709269702121858
LINK,2024-02-11 08:00:00+00:00,2024-02-11 08:00:00+00:00,2024-02-13 08:00:00+00:00,-1,20.347,21.632974643758672,-1265.6276437586707,20.117,tempo,0.17885267109758254,0.158400012775234,192,48.0,1.2859746437586708
LINK,2024-02-27 04:00:00+00:00,2024-02-27 04:00:00+00:00,2024-02-28 17:45:00+00:00,1,19.044,18.05642228812745,1006.6217118725501,18.05642228812745,stop,-1.0,-1.0244186094900398,151,37.75,0.9875777118725502
LINK,2024-02-28 18:00:00+00:00,2024-02-28 18:00:00+00:00,2024-03-01 18:00:00+00:00,1,19.236,18.131377383988184,1123.8586160118168,19.931,tempo,0.6291741540737796,0.6061268711094703,192,48.0,1.1046226160118167
LINK,2024-03-02 07:00:00+00:00,2024-03-02 07:00:00+00:00,2024-03-04 07:00:00+00:00,-1,21.456,22.739136142175898,-1261.6801421758985,20.397,tempo,0.8253216203575913,0.8041200898996715,192,48.0,1.2831361421758984
LINK,2024-03-04 18:00:00+00:00,2024-03-04 18:00:00+00:00,2024-03-05 20:00:00+00:00,1,19.934,18.6985641859213,1255.3698140787021,18.6985641859213,stop,-1.0,-1.0203257558463892,104,26.0,1.235435814078702
LINK,2024-03-11 03:00:00+00:00,2024-03-11 03:00:00+00:00,2024-03-13 03:00:00+00:00,-1,21.676,23.35128668439764,-1653.6106843976406,20.834,tempo,0.5026005446361826,0.48610694968474,192,48.0,1.6752866843976406
LINK,2024-04-12 19:00:00+00:00,2024-04-12 19:00:00+00:00,2024-04-13 20:00:00+00:00,1,14.312,13.146844240998895,1179.467759001104,13.146844240998895,stop,-1.0,-1.0153183371568715,100,25.0,1.1651557590011041
LINK,2024-04-13 21:00:00+00:00,2024-04-13 21:00:00+00:00,2024-04-15 21:00:00+00:00,1,12.146,10.910375750041542,1247.7702499584589,13.432,tempo,1.0407694734408413,1.0273141693704015,192,48.0,1.2356242499584589
LINK,2024-05-01 14:00:00+00:00,2024-05-01 14:00:00+00:00,2024-05-03 13:15:00+00:00,-1,12.922,13.851181094378779,-916.2590943787784,13.851181094378779,stop,-1.0,-1.0187289300402533,189,47.25,0.9291810943787784
LINK,2024-05-16 20:00:00+00:00,2024-05-16 20:00:00+00:00,2024-05-17 01:45:00+00:00,-1,14.985,15.915556623758967,-915.5716237589673,15.915556623758967,stop,-1.0,-1.0215842446258765,23,5.75,0.9305566237589673
LINK,2024-05-17 02:00:00+00:00,2024-05-17 02:00:00+00:00,2024-05-19 02:00:00+00:00,-1,15.813,16.883395008400615,-1054.5820084006148,16.43,tempo,-0.5764227179290765,-0.5960023589359188,192,48.0,1.0703950084006149
LINK,2024-05-24 03:00:00+00:00,2024-05-24 03:00:00+00:00,2024-05-26 03:00:00+00:00,-1,17.279,18.452792841191584,-1156.5138411915846,17.715,tempo,-0.37144544139270036,-0.3908237330313758,192,48.0,1.1737928411915846
LINK,2024-05-27 20:00:00+00:00,2024-05-27 20:00:00+00:00,2024-05-29 20:00:00+00:00,-1,18.599,19.839272825198915,-1221.6738251989148,18.515,tempo,0.06772703416002664,0.048276394341218234,192,48.0,1.2402728251989146
LINK,2024-06-08 12:00:00+00:00,2024-06-08 12:00:00+00:00,2024-06-10 12:00:00+00:00,1,15.872,14.977013491919392,910.8585080806081,15.986,tempo,0.1273762218432607,0.10423877807954428,192,48.0,0.8949865080806081
LINK,2024-06-18 02:00:00+00:00,2024-06-18 02:00:00+00:00,2024-06-20 02:00:00+00:00,1,13.443,12.57477997196616,881.6630280338393,14.371,tempo,1.0688534818777893,1.048030304093073,192,48.0,0.8682200280338392
LINK,2024-06-22 11:00:00+00:00,2024-06-22 11:00:00+00:00,2024-06-24 09:45:00+00:00,1,13.604,12.773231183939888,844.3728160601111,12.773231183939888,stop,-1.0,-1.0206377513673075,187,46.75,0.830768816060111
LINK,2024-06-24 18:00:00+00:00,2024-06-24 18:00:00+00:00,2024-06-25 03:45:00+00:00,-1,13.299,14.080331758335046,-768.0327583350461,14.080331758335046,stop,-1.0,-1.0227772203715881,39,9.75,0.7813317583350461
LINK,2024-06-25 04:00:00+00:00,2024-06-25 04:00:00+00:00,2024-06-27 04:00:00+00:00,-1,13.988,14.814538142235394,-812.5501422353943,13.825,tempo,0.19720807990682973,0.17533558658050077,192,48.0,0.8265381422353943
LINK,2024-07-05 03:00:00+00:00,2024-07-05 03:00:00+00:00,2024-07-07 03:00:00+00:00,1,11.35,10.581888060078569,779.4619399214307,13.107,tempo,2.2874270124999243,2.2667307452323877,192,48.0,0.7681119399214307
LINK,2024-07-22 23:00:00+00:00,2024-07-22 23:00:00+00:00,2024-07-24 23:00:00+00:00,1,13.961,13.149581929171344,825.3790708286565,13.329,tempo,-0.7788833188723207,-0.8007444292391191,192,48.0,0.8114180708286565
LINK,2024-07-25 19:00:00+00:00,2024-07-25 19:00:00+00:00,2024-07-27 19:00:00+00:00,1,12.583,11.845841932740704,749.7410672592958,13.458,tempo,1.1869910116471913,1.1640289757531366,192,48.0,0.7371580672592959
LINK,2024-08-05 02:00:00+00:00,2024-08-05 02:00:00+00:00,2024-08-05 05:15:00+00:00,1,9.661,8.978364847750354,692.2961522496452,8.978364847750354,stop,-1.0,-1.017748261441138,13,3.25,0.6826351522496452
LINK,2024-08-05 06:00:00+00:00,2024-08-05 06:00:00+00:00,2024-08-05 06:30:00+00:00,1,8.945,8.28978763707294,664.1573629270597,8.28978763707294,stop,-1.0,-1.0170976809931538,2,0.5,0.6552123629270596
LINK,2024-08-05 07:00:00+00:00,2024-08-05 07:00:00+00:00,2024-08-07 07:00:00+00:00,1,8.598,7.9493623184680375,657.2356815319632,10.34,tempo,2.685628740972487,2.6666509659364657,192,48.0,0.6486376815319632
LINK,2024-08-21 21:00:00+00:00,2024-08-21 21:00:00+00:00,2024-08-23 20:30:00+00:00,-1,11.247,11.998793033036293,-740.546033036293,11.998793033036293,stop,-1.0,-1.0200983047294936,190,47.5,0.751793033036293
LINK,2024-09-08 05:00:00+00:00,2024-09-08 05:00:00+00:00,2024-09-10 05:00:00+00:00,-1,10.239,10.832100162860565,-582.8611628605638,10.383,tempo,-0.2427920425876739,-0.26539244103529885,192,48.0,0.5931001628605639
LINK,2024-09-10 08:00:00+00:00,2024-09-10 08:00:00+00:00,2024-09-12 08:00:00+00:00,1,10.522,9.921293943607997,611.2280563920028,10.571,tempo,0.08157067750291426,0.058746785760672576,192,48.0,0.6007060563920028
LINK,2024-09-24 23:00:00+00:00,2024-09-24 23:00:00+00:00,2024-09-26 23:00:00+00:00,-1,12.209,12.804881144487313,-583.6721444873132,12.57,tempo,-0.6058255129227146,-0.6328549803744119,192,48.0,0.5958811444873131
LINK,2024-10-01 19:00:00+00:00,2024-10-01 19:00:00+00:00,2024-10-02 18:15:00+00:00,1,11.152,10.600295951372033,562.8560486279665,10.600295951372033,stop,-1.0,-1.0256278568256914,93,23.25,0.5517040486279665
LINK,2024-10-03 09:00:00+00:00,2024-10-03 09:00:00+00:00,2024-10-05 09:00:00+00:00,1,10.454,9.923585273456187,540.8687265438139,11.285,tempo,1.566698582097826,1.5400583903895877,192,48.0,0.5304147265438139
LINK,2024-10-14 10:00:00+00:00,2024-10-14 10:00:00+00:00,2024-10-16 10:00:00+00:00,1,11.001,10.477006979438809,534.9940205611908,11.364,tempo,0.6927573188116747,0.6650141057733965,192,48.0,0.5239930205611909
LINK,2024-10-16 11:00:00+00:00,2024-10-16 11:00:00+00:00,2024-10-18 11:00:00+00:00,1,11.37,10.760004925360992,621.3650746390075,11.406,tempo,0.059016869966214094,0.034747165807108904,192,48.0,0.6099950746390075
LINK,2024-10-20 17:00:00+00:00,2024-10-20 17:00:00+00:00,2024-10-22 17:00:00+00:00,-1,11.922,12.51495016014916,-581.0281601491598,11.938,tempo,-0.026983718152593344,-0.053139373454378955,192,48.0,0.5929501601491598
LINK,2024-10-23 10:00:00+00:00,2024-10-23 10:00:00+00:00,2024-10-25 10:00:00+00:00,1,11.423,10.865282248027206,569.1407519727936,11.856,tempo,0.7763783714403307,0.7492475334017773,192,48.0,0.5577177519727936
LINK,2024-10-26 14:00:00+00:00,2024-10-26 14:00:00+00:00,2024-10-28 14:00:00+00:00,1,10.952,10.372975116382426,589.9768836175742,11.014,tempo,0.10707657262092424,0.08241804687537087,192,48.0,0.5790248836175742
LINK,2024-10-30 14:00:00+00:00,2024-10-30 14:00:00+00:00,2024-11-01 14:00:00+00:00,-1,12.155,12.773367195349476,-606.2121953494762,11.559,tempo,0.9638286191154835,0.9389015205955037,192,48.0,0.6183671953494763
LINK,2024-11-07 03:00:00+00:00,2024-11-07 03:00:00+00:00,2024-11-08 14:30:00+00:00,-1,12.667,13.390583890259036,-710.9168902590359,13.390583890259036,stop,-1.0,-1.0234076929526512,142,35.5,0.7235838902590359
LINK,2024-11-08 15:00:00+00:00,2024-11-08 15:00:00+00:00,2024-11-10 02:15:00+00:00,-1,13.196,13.956240612305523,-747.0446123055232,13.956240612305523,stop,-1.0,-1.0232149613061001,141,35.25,0.7602406123055232
LINK,2024-11-11 06:00:00+00:00,2024-11-11 06:00:00+00:00,2024-11-13 06:00:00+00:00,1,13.756,12.88828374609736,881.4722539026408,13.233,tempo,-0.6027315930152913,-0.6229488586491887,192,48.0,0.8677162539026408
LINK,2024-11-13 06:00:00+00:00,2024-11-13 06:00:00+00:00,2024-11-15 06:00:00+00:00,1,13.233,12.317428645561638,928.8043544383629,13.063,tempo,-0.18567640760701024,-0.2043449689563165,192,48.0,0.915571354438363
LINK,2024-11-16 20:00:00+00:00,2024-11-16 20:00:00+00:00,2024-11-18 16:30:00+00:00,-1,14.745,15.875035739084247,-1115.2907390842477,15.875035739084247,stop,-1.0,-1.0176127378471531,178,44.5,1.1300357390842475
LINK,2024-11-18 17:00:00+00:00,2024-11-18 17:00:00+00:00,2024-11-20 17:00:00+00:00,-1,15.59,16.883956055922948,-1278.3660559229477,14.631,tempo,0.7411379973920119,0.7259569177022626,192,48.0,1.2939560559229477
LINK,2024-11-21 10:00:00+00:00,2024-11-21 10:00:00+00:00,2024-11-23 10:00:00+00:00,1,14.446,13.249337644735864,1211.1083552641362,16.896,tempo,2.04736113676712,2.0303368693032176,192,48.0,1.1966623552641362
LINK,2024-11-23 10:00:00+00:00,2024-11-23 10:00:00+00:00,2024-11-23 16:15:00+00:00,-1,16.895,18.384655497662163,-1472.760497662163,18.384655497662163,stop,-1.0,-1.015394012984525,25,6.25,1.489655497662163
LINK,2024-11-23 17:00:00+00:00,2024-11-23 17:00:00+00:00,2024-11-25 17:00:00+00:00,-1,17.684,19.258213631329745,-1556.5296313297445,18.378,tempo,-0.4408550314824644,-0.45574519602779356,192,48.0,1.5742136313297443
LINK,2024-11-25 17:00:00+00:00,2024-11-25 17:00:00+00:00,2024-11-27 17:00:00+00:00,-1,18.378,20.13941167805999,-1743.0336780599894,17.842,tempo,0.30430137751235375,0.2909353936862841,192,48.0,1.7614116780599893
LINK,2024-12-02 10:00:00+00:00,2024-12-02 10:00:00+00:00,2024-12-02 18:15:00+00:00,-1,20.785,22.803576600630592,-1997.7916006305918,22.803576600630592,stop,-1.0,-1.014035917577544,33,8.25,2.018576600630592
LINK,2024-12-02 19:00:00+00:00,2024-12-02 19:00:00+00:00,2024-12-02 21:15:00+00:00,-1,23.331,25.83841216666127,-2484.0811666612717,25.83841216666127,stop,-1.0,-1.0127462562131881,9,2.25,2.507412166661272
LINK,2024-12-02 22:00:00+00:00,2024-12-02 22:00:00+00:00,2024-12-04 22:00:00+00:00,-1,24.974,27.732970669491785,-2733.9966694917844,24.387,tempo,0.2127605075657176,0.20113129731176801,192,48.0,2.7589706694917844
LINK,2024-12-05 15:00:00+00:00,2024-12-05 15:00:00+00:00,2024-12-07 15:00:00+00:00,1,24.173,21.320788940852054,2876.384059147944,25.107,tempo,0.32746524735761307,0.3162346619150445,192,48.0,2.852211059147944
LINK,2024-12-09 22:00:00+00:00,2024-12-09 22:00:00+00:00,2024-12-11 22:00:00+00:00,1,21.981,19.391082664052494,2611.8983359475083,23.897,tempo,0.7397919514288429,0.7282778001522384,192,48.0,2.589917335947508
LINK,2024-12-12 05:00:00+00:00,2024-12-12 05:00:00+00:00,2024-12-14 05:00:00+00:00,-1,28.244,31.94102192083397,-3668.7779208339684,29.522,tempo,-0.34568364141906666,-0.35583989713083425,192,48.0,3.6970219208339685
LINK,2024-12-23 21:00:00+00:00,2024-12-23 21:00:00+00:00,2024-12-25 21:00:00+00:00,-1,24.399,27.382676561819302,-2959.2775618193014,24.422,tempo,-0.007708610341455846,-0.01834436436589687,192,48.0,2.9836765618193013
LINK,2025-01-16 13:00:00+00:00,2025-01-16 13:00:00+00:00,2025-01-17 20:45:00+00:00,-1,22.944,24.79297886501889,-1826.0348650188891,24.79297886501889,stop,-1.0,-1.0167817149505087,127,31.75,1.8489788650188892
LINK,2025-01-19 09:00:00+00:00,2025-01-19 09:00:00+00:00,2025-01-21 09:00:00+00:00,1,22.629,20.623912484535857,2027.7165154641439,24.209,tempo,0.7879955302770189,0.7728118039981424,192,48.0,2.005087515464144
LINK,2025-02-01 04:00:00+00:00,2025-02-01 04:00:00+00:00,2025-02-03 04:00:00+00:00,-1,25.635,28.007666102907706,-2347.0311029077043,17.703,tempo,3.343074691495499,3.331202098059163,192,48.0,2.3726661029077043
LINK,2025-02-03 04:00:00+00:00,2025-02-03 04:00:00+00:00,2025-02-05 04:00:00+00:00,1,17.704,15.723382835471417,1998.3211645285833,19.977,tempo,1.147622085028738,1.1352559143024383,192,48.0,1.9806171645285833
LINK,2025-02-18 16:00:00+00:00,2025-02-18 16:00:00+00:00,2025-02-20 16:00:00+00:00,1,17.668,16.08155731678254,1604.1106832174594,17.875,tempo,0.13048060430408032,0.11591786576684872,192,48.0,1.5864426832174594
LINK,2025-02-24 23:00:00+00:00,2025-02-24 23:00:00+00:00,2025-02-26 23:00:00+00:00,1,15.166,13.937260388750763,1243.905611249237,15.445,tempo,0.22706194009351235,0.21086880216759252,192,48.0,1.228739611249237
LINK,2025-02-26 23:00:00+00:00,2025-02-26 23:00:00+00:00,2025-02-28 23:00:00+00:00,-1,15.445,16.706301542202123,-1245.856542202123,14.743,tempo,0.5565679391578076,0.5410108345769781,192,48.0,1.2613015422021228
LINK,2025-03-01 09:00:00+00:00,2025-03-01 09:00:00+00:00,2025-03-03 09:00:00+00:00,1,14.651,13.43710048594549,1228.5505140545106,16.087,tempo,1.1829644738909715,1.1665053685295512,192,48.0,1.2138995140545106
LINK,2025-03-05 20:00:00+00:00,2025-03-05 20:00:00+00:00,2025-03-07 20:00:00+00:00,-1,16.338,18.00473939256655,-1650.4013925665479,16.627,tempo,-0.17339243392752476,-0.1862482229582292,192,48.0,1.666739392566548
DOT,2023-01-04 03:00:00+00:00,2023-01-04 03:00:00+00:00,2023-01-06 03:00:00+00:00,-1,4.648,4.800845867444699,-148.1978674446993,4.642,tempo,0.039255232086468944,-0.00025188773922586033,192,48.0,0.1528458674446993
DOT,2023-01-09 01:00:00+00:00,2023-01-09 01:00:00+00:00,2023-01-09 10:45:00+00:00,-1,4.865,5.019234065156739,-149.36906515673843,5.019234065156739,stop,-1.0,-1.0416558568680843,39,9.75,0.15423406515673843
DOT,2023-01-09 11:00:00+00:00,2023-01-09 11:00:00+00:00,2023-01-11 11:00:00+00:00,-1,4.988,5.14920475018073,-156.21675018072966,4.908,tempo,0.49626329193346086,0.45636124194555094,192,48.0,0.16120475018072966
DOT,2023-01-12 20:00:00+00:00,2023-01-12 20:00:00+00:00,2023-01-14 20:00:00+00:00,1,5.198,4.990721491780574,212.47650821942617,6.007,tempo,3.902961319769763,3.867823812931428,192,48.0,0.20727850821942617
DOT,2023-01-15 01:00:00+00:00,2023-01-15 01:00:00+00:00,2023-01-17 01:00:00+00:00,-1,5.933,6.3426470764453375,-403.7140764453377,5.785,tempo,0.36128660134536184,0.34269327934220495,192,48.0,0.4096470764453377
DOT,2023-02-02 17:00:00+00:00,2023-02-02 17:00:00+00:00,2023-02-04 17:00:00+00:00,-1,6.76,7.169865443554771,-403.1054435547715,6.913,tempo,-0.37329324149171567,-0.3949770651459349,192,48.0,0.4098654435547715
DOT,2023-02-15 21:00:00+00:00,2023-02-15 21:00:00+00:00,2023-02-17 21:00:00+00:00,1,6.551,6.179606780660592,377.9442193394083,7.36,tempo,2.1782842493434766,2.153937682068815,192,48.0,0.3713932193394083
DOT,2023-02-17 21:00:00+00:00,2023-02-17 21:00:00+00:00,2023-02-19 16:15:00+00:00,-1,7.36,7.8202570366168995,-452.8970366168992,7.8202570366168995,stop,-1.0,-1.0214383839654668,173,43.25,0.4602570366168992
DOT,2023-03-09 19:00:00+00:00,2023-03-09 19:00:00+00:00,2023-03-11 19:00:00+00:00,-1,5.616,5.927022525253624,-305.40652525362407,5.361,tempo,0.8198763089331216,0.7969356875289911,192,48.0,0.31102252525362406
DOT,2023-03-13 16:00:00+00:00,2023-03-13 16:00:00+00:00,2023-03-15 16:00:00+00:00,1,6.021,5.623887355340745,403.1336446592548,5.967,tempo,-0.13598156776482234,-0.1556037079932861,192,48.0,0.3971126446592548
DOT,2023-03-21 02:00:00+00:00,2023-03-21 02:00:00+00:00,2023-03-23 02:00:00+00:00,1,6.121,5.721976622382157,405.1443776178433,5.992,tempo,-0.3232893289865027,-0.3430211302834699,192,48.0,0.39902337761784334
DOT,2023-04-14 03:00:00+00:00,2023-04-14 03:00:00+00:00,2023-04-16 03:00:00+00:00,-1,6.761,7.055554150215135,-287.7931502151352,6.794,tempo,-0.11203372953970289,-0.14194588658642873,192,48.0,0.2945541502151352
DOT,2023-04-19 09:00:00+00:00,2023-04-19 09:00:00+00:00,2023-04-20 19:30:00+00:00,1,6.421,6.093623751047376,333.79724895262393,6.093623751047376,stop,-1.0,-1.0248475735921758,138,34.5,0.32737624895262396
DOT,2023-04-26 21:00:00+00:00,2023-04-26 21:00:00+00:00,2023-04-28 21:00:00+00:00,1,5.806,5.487396618063988,324.4093819360121,5.925,tempo,0.3735051375691284,0.34957208967219355,192,48.0,0.3186033819360121
DOT,2023-06-07 00:00:00+00:00,2023-06-07 00:00:00+00:00,2023-06-07 14:45:00+00:00,1,5.199,5.007324440057202,196.87455994279796,5.007324440057202,stop,-1.0,-1.0346111465020216,59,14.75,0.19167555994279795
DOT,2023-06-10 04:00:00+00:00,2023-06-10 04:00:00+00:00,2023-06-10 04:30:00+00:00,1,4.813,4.638951822226468,178.86117777353186,4.638951822226468,stop,-1.0,-1.0352992416412503,2,0.5,0.17404817777353188
DOT,2023-06-10 05:00:00+00:00,2023-06-10 05:00:00+00:00,2023-06-12 05:00:00+00:00,1,4.35,4.089202182023507,265.14781797649295,4.49,tempo,0.5368143072907899,0.5147819143644123,192,48.0,0.26079781797649293
DOT,2023-06-15 18:00:00+00:00,2023-06-15 18:00:00+00:00,2023-06-17 18:00:00+00:00,1,4.325,4.071945190051744,257.3798099482566,4.532,tempo,0.8180046055727066,0.7952543958407629,192,48.0,0.2530548099482566
DOT,2023-06-21 16:00:00+00:00,2023-06-21 16:00:00+00:00,2023-06-23 16:00:00+00:00,1,4.719,4.478326003403196,245.39299659680432,5.085,tempo,1.5207293067607597,1.4942511658310775,192,48.0,0.24067399659680433
DOT,2023-07-01 02:00:00+00:00,2023-07-01 02:00:00+00:00,2023-07-02 21:15:00+00:00,-1,5.212,5.494917466505273,-277.70546650527297,5.494917466505273,stop,-1.0,-1.024599033913301,173,43.25,0.28291746650527294
DOT,2023-07-03 04:00:00+00:00,2023-07-03 04:00:00+00:00,2023-07-05 04:00:00+00:00,-1,5.573,5.8624922428666615,-283.9192428666611,5.374,tempo,0.6874104743858691,0.6628310593053849,192,48.0,0.2894922428666611
DOT,2023-07-14 01:00:00+00:00,2023-07-14 01:00:00+00:00,2023-07-16 01:00:00+00:00,-1,5.62,5.869328308734072,-243.7083087340723,5.412,tempo,0.8342414106769083,0.8054809380438219,192,48.0,0.2493283087340723
DOT,2023-07-21 02:00:00+00:00,2023-07-21 02:00:00+00:00,2023-07-23 02:00:00+00:00,-1,5.576,5.84584982608638,-264.2738260863804,5.34,tempo,0.874560504346795,0.8482666204377176,192,48.0,0.2698498260863804
DOT,2023-08-15 20:00:00+00:00,2023-08-15 20:00:00+00:00,2023-08-16 20:30:00+00:00,1,4.771,4.626842403266173,148.92859673382665,4.626842403266173,stop,-1.0,-1.0423744408933366,98,24.5,0.14415759673382667
DOT,2023-08-17 13:00:00+00:00,2023-08-17 13:00:00+00:00,2023-08-19 13:00:00+00:00,-1,4.775,4.928184939974391,-148.4099399743903,4.486,tempo,1.8866084358443855,1.8473118182982589,192,48.0,0.1531849399743903
DOT,2023-08-29 01:00:00+00:00,2023-08-29 01:00:00+00:00,2023-08-29 14:45:00+00:00,-1,4.627,4.799236280430003,-167.60928043000348,4.799236280430003,stop,-1.0,-1.0355735363477587,55,13.75,0.1722362804300035
DOT,2023-08-29 17:00:00+00:00,2023-08-29 17:00:00+00:00,2023-08-30 15:00:00+00:00,1,4.71,4.511027872838434,203.68212716156611,4.511027872838434,stop,-1.0,-1.0301231544480505,88,22.0,0.1989721271615661
DOT,2023-09-11 11:00:00+00:00,2023-09-11 11:00:00+00:00,2023-09-13 11:00:00+00:00,1,4.012,3.8846154627513774,131.3965372486222,4.011,tempo,-0.00785024636112388,-0.04878888862208954,192,48.0,0.1273845372486222
DOT,2023-09-15 16:00:00+00:00,2023-09-15 16:00:00+00:00,2023-09-17 16:00:00+00:00,-1,4.113,4.2451255177649285,-128.01251776492808,4.126,tempo,-0.0983912889796877,-0.13892358047487036,192,48.0,0.1321255177649281
DOT,2023-10-02 14:00:00+00:00,2023-10-02 14:00:00+00:00,2023-10-02 18:45:00+00:00,1,4.233,4.122364220459511,114.86877954048842,4.122364220459511,stop,-1.0,-1.049088882148755,19,4.75,0.11063577954048842
DOT,2023-10-02 19:00:00+00:00,2023-10-02 19:00:00+00:00,2023-10-04 00:45:00+00:00,1,4.113,3.9985945952956707,118.5184047043297,3.9985945952956707,stop,-1.0,-1.0460864283516025,119,29.75,0.1144054047043297
DOT,2023-10-04 01:00:00+00:00,2023-10-04 01:00:00+00:00,2023-10-06 01:00:00+00:00,1,4.0,3.8831132095123286,120.88679048767136,4.038,tempo,0.32510089327851216,0.2804020870387166,192,48.0,0.11688679048767137
DOT,2023-10-09 10:00:00+00:00,2023-10-09 10:00:00+00:00,2023-10-09 16:45:00+00:00,1,3.85,3.7426326445868465,111.21735541315356,3.7426326445868465,stop,-1.0,-1.0459656587422739,27,6.75,0.10736735541315356
DOT,2023-10-09 17:00:00+00:00,2023-10-09 17:00:00+00:00,2023-10-11 02:45:00+00:00,1,3.808,3.7013545573037603,110.45344269623953,3.7013545573037603,stop,-1.0,-1.0457692362546642,135,33.75,0.10664544269623955
DOT,2023-10-16 16:00:00+00:00,2023-10-16 16:00:00+00:00,2023-10-17 14:00:00+00:00,1,3.759,3.656101751404257,106.65724859574281,3.656101751404257,stop,-1.0,-1.0468406042298,88,22.0,0.10289824859574281
DOT,2023-10-17 14:00:00+00:00,2023-10-17 14:00:00+00:00,2023-10-19 01:45:00+00:00,1,3.68,3.579239468931033,104.44053106896722,3.579239468931033,stop,-1.0,-1.0468289081522955,143,35.75,0.10076053106896721
DOT,2023-10-21 16:00:00+00:00,2023-10-21 16:00:00+00:00,2023-10-21 18:00:00+00:00,-1,3.862,3.9678265692037855,-101.96456920378542,3.9678265692037855,stop,-1.0,-1.0480917723051388,8,2.0,0.10582656920378541
DOT,2023-10-21 18:00:00+00:00,2023-10-21 18:00:00+00:00,2023-10-23 16:00:00+00:00,-1,3.959,4.074057742805905,-111.09874280590452,4.074057742805905,stop,-1.0,-1.045381452873034,184,46.0,0.11505774280590453
DOT,2023-10-23 16:00:00+00:00,2023-10-23 16:00:00+00:00,2023-10-23 22:45:00+00:00,-1,4.091,4.230785530576082,-135.69453057608155,4.230785530576082,stop,-1.0,-1.0386961409566664,27,6.75,0.13978553057608156
DOT,2023-10-24 16:00:00+00:00,2023-10-24 16:00:00+00:00,2023-10-26 16:00:00+00:00,1,4.153,3.9799223756635365,177.2306243364631,4.197,tempo,0.25422119218868194,0.22286243035677158,192,48.0,0.17307762433646312
DOT,2023-10-27 09:00:00+00:00,2023-10-27 09:00:00+00:00,2023-10-29 09:00:00+00:00,1,4.154,3.959164121245463,198.98987875453702,4.202,tempo,0.2463611954165413,0.2184843996501788,192,48.0,0.194835878754537
DOT,2023-10-31 00:00:00+00:00,2023-10-31 00:00:00+00:00,2023-11-01 19:15:00+00:00,-1,4.522,4.728966318200704,-202.44431820070355,4.728966318200704,stop,-1.0,-1.0290536554890022,173,43.25,0.20696631820070355
DOT,2023-11-01 20:00:00+00:00,2023-11-01 20:00:00+00:00,2023-11-03 20:00:00+00:00,-1,4.673,4.908816859221107,-231.1438592211074,4.585,tempo,0.37317094414139923,0.3476524124304936,192,48.0,0.2358168592211074
DOT,2023-11-07 06:00:00+00:00,2023-11-07 06:00:00+00:00,2023-11-09 06:00:00+00:00,-1,5.007,5.275820545314082,-263.8135453140826,5.125,tempo,-0.4389545444234269,-0.46345341593752687,192,48.0,0.2688205453140826
DOT,2023-11-09 19:00:00+00:00,2023-11-09 19:00:00+00:00,2023-11-11 19:00:00+00:00,1,4.84,4.536971187545863,307.8688124541371,5.528,tempo,2.270411167928552,2.2481716985347964,192,48.0,0.30302881245413715
DOT,2023-11-11 19:00:00+00:00,2023-11-11 19:00:00+00:00,2023-11-13 03:00:00+00:00,-1,5.529,5.886869113275855,-352.34011327585534,5.886869113275855,stop,-1.0,-1.0207347173823005,128,32.0,0.35786911327585536
DOT,2023-11-18 06:00:00+00:00,2023-11-18 06:00:00+00:00,2023-11-20 06:00:00+00:00,1,5.084,4.729165289220882,359.91871077911765,5.406,tempo,0.9074647722399487,0.8882487829557311,192,48.0,0.35483471077911766
DOT,2023-11-30 22:00:00+00:00,2023-11-30 22:00:00+00:00,2023-12-02 22:00:00+00:00,-1,5.496,5.8069157174505275,-305.41971745052706,5.602,tempo,-0.34092840615838793,-0.36412987071975367,192,48.0,0.31091571745052704
DOT,2023-12-04 20:00:00+00:00,2023-12-04 20:00:00+00:00,2023-12-06 20:00:00+00:00,1,5.569,5.274680218102546,299.8887818974541,6.08,tempo,1.736206777219076,1.7104801680486528,192,48.0,0.2943197818974541
DOT,2023-12-08 13:00:00+00:00,2023-12-08 13:00:00+00:00,2023-12-09 00:30:00+00:00,-1,6.576,6.945602086845518,-363.02608684551876,6.945602086845518,stop,-1.0,-1.023779739534109,46,11.5,0.36960208684551876
DOT,2023-12-09 01:00:00+00:00,2023-12-09 01:00:00+00:00,2023-12-11 01:00:00+00:00,-1,7.428,7.9330409206984305,-497.61292069843057,7.194,tempo,0.4633287925984235,0.4445099214723842,192,48.0,0.5050409206984305
DOT,2023-12-12 08:00:00+00:00,2023-12-12 08:00:00+00:00,2023-12-14 08:00:00+00:00,-1,7.256,7.8334387475514475,-570.1827475514473,7.418,tempo,-0.2805492369310849,-0.29706717938029714,192,48.0,0.5774387475514473
DOT,2023-12-21 15:00:00+00:00,2023-12-21 15:00:00+00:00,2023-12-21 18:15:00+00:00,-1,7.583,8.161791083433737,-571.2080834337371,8.161791083433737,stop,-1.0,-1.0176818795194926,13,3.25,0.5787910834337371
DOT,2023-12-21 19:00:00+00:00,2023-12-21 19:00:00+00:00,2023-12-23 19:00:00+00:00,-1,8.197,8.849666467272684,-644.4694672726845,7.892,tempo,0.46731372805854543,0.4512904596291124,192,48.0,0.6526664672726845
DOT,2023-12-24 01:00:00+00:00,2023-12-24 01:00:00+00:00,2023-12-25 06:30:00+00:00,-1,8.576,9.262219356777186,-677.643356777185,9.262219356777186,stop,-1.0,-1.0168966999653872,118,29.5,0.686219356777185
DOT,2023-12-25 07:00:00+00:00,2023-12-25 07:00:00+00:00,2023-12-27 07:00:00+00:00,-1,9.286,10.065688563484155,-770.4025634841555,8.592,tempo,0.8900989863167362,0.8751947020367782,192,48.0,0.7796885634841555
DOT,2024-01-06 06:00:00+00:00,2024-01-06 06:00:00+00:00,2024-01-08 06:00:00+00:00,1,7.093,6.497971622217182,602.1213777828176,6.858,tempo,-0.3949391470632921,-0.4101790084524069,192,48.0,0.5950283777828176
DOT,2024-01-09 17:00:00+00:00,2024-01-09 17:00:00+00:00,2024-01-11 17:00:00+00:00,1,7.084,6.505110258116904,585.9737418830956,8.163,tempo,1.8639128005448407,1.84679287375574,192,48.0,0.5788897418830956
DOT,2024-01-11 17:00:00+00:00,2024-01-11 17:00:00+00:00,2024-01-13 17:00:00+00:00,-1,8.163,8.889377039637163,-718.2140396371623,7.657,tempo,0.6966079217657484,0.682451361964331,192,48.0,0.7263770396371623
DOT,2024-02-15 06:00:00+00:00,2024-02-15 06:00:00+00:00,2024-02-17 06:00:00+00:00,1,7.568,7.212037859550922,363.53014044907803,7.575,tempo,0.019665012664463237,-0.007986663964917175,192,48.0,0.35596214044907803
DOT,2024-02-21 01:00:00+00:00,2024-02-21 01:00:00+00:00,2024-02-21 10:15:00+00:00,1,7.638,7.233191246747348,412.4467532526523,7.233191246747348,stop,-1.0,-1.0238786197993914,37,9.25,0.4048087532526523
DOT,2024-02-24 07:00:00+00:00,2024-02-24 07:00:00+00:00,2024-02-26 07:00:00+00:00,-1,7.818,8.260662699647312,-434.8446996473129,7.891,tempo,-0.16491111642829276,-0.18797800236229034,192,48.0,0.44266269964731286
DOT,2024-02-27 03:00:00+00:00,2024-02-27 03:00:00+00:00,2024-02-29 03:00:00+00:00,1,8.106,7.667121067091431,446.9849329085689,8.403,tempo,0.6767242119180832,0.6522736192936349,192,48.0,0.43887893290856894
DOT,2024-02-29 03:00:00+00:00,2024-02-29 03:00:00+00:00,2024-03-02 03:00:00+00:00,1,8.402,7.894815706001288,515.5862939987112,8.812,tempo,0.8083846539637561,0.7863234424231077,192,48.0,0.5071842939987112
DOT,2024-03-02 13:00:00+00:00,2024-03-02 13:00:00+00:00,2024-03-03 17:15:00+00:00,-1,9.187,9.775905213068832,-579.7182130688324,9.775905213068832,stop,-1.0,-1.0209301736764453,113,28.25,0.5889052130688324
DOT,2024-03-07 01:00:00+00:00,2024-03-07 01:00:00+00:00,2024-03-09 01:00:00+00:00,-1,10.904,11.980946051892422,-1066.0420518924223,10.688,tempo,0.20056714969189177,0.18753511343033727,192,48.0,1.0769460518924223
DOT,2024-04-10 16:00:00+00:00,2024-04-10 16:00:00+00:00,2024-04-12 16:00:00+00:00,1,8.317,7.812812074777773,512.5049252222268,8.136,tempo,-0.35899312725552296,-0.38020436509959926,192,48.0,0.5041879252222268
DOT,2024-04-12 19:00:00+00:00,2024-04-12 19:00:00+00:00,2024-04-13 20:15:00+00:00,1,6.49,5.830937161401532,665.5528385984685,5.830937161401532,stop,-1.0,-1.012151510729905,101,25.25,0.6590628385984685
DOT,2024-05-01 03:00:00+00:00,2024-05-01 03:00:00+00:00,2024-05-02 00:15:00+00:00,-1,6.447,6.949015122277723,-495.56812227772315,6.949015122277723,stop,-1.0,-1.017344915408073,85,21.25,0.5020151222777232
DOT,2024-05-02 01:00:00+00:00,2024-05-02 01:00:00+00:00,2024-05-02 18:45:00+00:00,-1,6.803,7.354693515352496,-544.890515352496,7.354693515352496,stop,-1.0,-1.0166804584953284,71,17.75,0.551693515352496
DOT,2024-05-03 21:00:00+00:00,2024-05-03 21:00:00+00:00,2024-05-05 21:00:00+00:00,1,7.316,6.750173444869005,573.1425551309949,7.34,tempo,0.04241582474764509,0.02557957004447985,192,48.0,0.5658265551309949
DOT,2024-05-30 07:00:00+00:00,2024-05-30 07:00:00+00:00,2024-06-01 07:00:00+00:00,1,7.045,6.695749951279864,356.295048720136,7.048,tempo,0.008589834163213243,-0.01763908129025468,192,48.0,0.349250048720136
DOT,2024-06-07 19:00:00+00:00,2024-06-07 19:00:00+00:00,2024-06-09 19:00:00+00:00,1,6.537,6.190205572161463,353.3314278385371,6.506,tempo,-0.08939013291883942,-0.1138367483181711,192,48.0,0.3467944278385371
DOT,2024-06-18 00:00:00+00:00,2024-06-18 00:00:00+00:00,2024-06-18 01:30:00+00:00,1,6.065,5.778207707833234,292.8572921667665,5.778207707833234,stop,-1.0,-1.0268420219801977,6,1.5,0.2867922921667665
DOT,2024-06-18 02:00:00+00:00,2024-06-18 02:00:00+00:00,2024-06-20 02:00:00+00:00,1,5.638,5.317799809091326,325.83819090867354,5.838,tempo,0.624609246585501,0.6013131955156016,192,48.0,0.3202001909086736
DOT,2024-06-24 18:00:00+00:00,2024-06-24 18:00:00+00:00,2024-06-25 15:30:00+00:00,-1,5.623,5.922478022773294,-293.8550227732941,5.922478022773294,stop,-1.0,-1.0250588027973044,86,21.5,0.29947802277329405
DOT,2024-06-27 16:00:00+00:00,2024-06-27 16:00:00+00:00,2024-06-29 16:00:00+00:00,-1,6.287,6.630430076892995,-337.14307689299477,6.109,tempo,0.5183005565801414,0.494839012172339,192,48.0,0.34343007689299476
DOT,2024-07-05 03:00:00+00:00,2024-07-05 03:00:00+00:00,2024-07-07 03:00:00+00:00,1,5.028,4.7002557787170876,332.772221282912,6.227,tempo,3.6583406270495678,3.636019104578894,192,48.0,0.32774422128291203
DOT,2024-08-05 01:00:00+00:00,2024-08-05 01:00:00+00:00,2024-08-05 01:15:00+00:00,1,4.473,4.212726578277694,264.74642172230574,4.212726578277694,stop,-1.0,-1.02169150518144,1,0.25,0.2602734217223057
DOT,2024-08-05 02:00:00+00:00,2024-08-05 02:00:00+00:00,2024-08-05 05:15:00+00:00,1,4.121,3.8335462959406508,291.57470405934964,3.8335462959406508,stop,-1.0,-1.017987088074864,13,3.25,0.28745370405934967
DOT,2024-08-05 06:00:00+00:00,2024-08-05 06:00:00+00:00,2024-08-05 06:30:00+00:00,1,3.918,3.6392334780634346,282.6845219365656,3.6392334780634346,stop,-1.0,-1.0176212040334565,2,0.5,0.2787665219365656
DOT,2024-08-05 07:00:00+00:00,2024-08-05 07:00:00+00:00,2024-08-07 07:00:00+00:00,1,3.815,3.5399262592006266,278.8887407993733,4.558,tempo,2.7010938879182635,2.6813084660739825,192,48.0,0.2750737407993733
DOT,2024-09-16 23:00:00+00:00,2024-09-16 23:00:00+00:00,2024-09-18 23:00:00+00:00,1,4.151,3.9633154261852073,191.83557381479255,4.111,tempo,-0.2131235358717979,-0.24173696898910577,192,48.0,0.18768457381479253
DOT,2024-09-22 23:00:00+00:00,2024-09-22 23:00:00+00:00,2024-09-24 23:00:00+00:00,1,4.328,4.132530718914358,199.797281085642,4.675,tempo,1.775215000908335,1.7452770486761575,192,48.0,0.195469281085642
DOT,2024-09-25 16:00:00+00:00,2024-09-25 16:00:00+00:00,2024-09-27 03:45:00+00:00,-1,4.699,4.910714912019173,-207.0159120191728,4.910714912019173,stop,-1.0,-1.02950342341614,143,35.75,0.2117149120191728
DOT,2024-10-01 17:00:00+00:00,2024-10-01 17:00:00+00:00,2024-10-01 17:30:00+00:00,1,4.26,4.066166628204046,198.09337179595371,4.066166628204046,stop,-1.0,-1.0279209315619282,2,0.5,0.19383337179595372
DOT,2024-10-01 18:00:00+00:00,2024-10-01 18:00:00+00:00,2024-10-02 19:15:00+00:00,1,4.21,4.0173789549924965,196.83104500750343,4.0173789549924965,stop,-1.0,-1.027763302397912,101,25.25,0.19262104500750343
DOT,2024-10-15 11:00:00+00:00,2024-10-15 11:00:00+00:00,2024-10-17 11:00:00+00:00,-1,4.497,4.682961356216941,-181.4643562169411,4.214,tempo,1.521821553451427,1.4913735608405612,192,48.0,0.1859613562169411
DOT,2024-10-19 03:00:00+00:00,2024-10-19 03:00:00+00:00,2024-10-21 03:00:00+00:00,-1,4.439,4.640389380750632,-196.95038075063175,4.528,tempo,-0.4419299551360299,-0.4708716499675818,192,48.0,0.20138938075063173
DOT,2024-10-29 07:00:00+00:00,2024-10-29 07:00:00+00:00,2024-10-31 07:00:00+00:00,1,4.15,3.974546039884555,179.60396011544546,4.148,tempo,-0.011399001759120769,-0.04214039965319534,192,48.0,0.17545396011544545
DOT,2024-10-31 19:00:00+00:00,2024-10-31 19:00:00+00:00,2024-11-02 19:00:00+00:00,1,3.924,3.7613112723254822,166.6127276745177,3.871,tempo,-0.32577549014971763,-0.3569193196726626,192,48.0,0.1626887276745177
DOT,2024-11-10 00:00:00+00:00,2024-11-10 00:00:00+00:00,2024-11-10 04:45:00+00:00,-1,4.635,4.864124161801618,-224.489161801618,4.864124161801618,stop,-1.0,-1.0269479685451814,19,4.75,0.229124161801618
DOT,2024-11-10 05:00:00+00:00,2024-11-10 05:00:00+00:00,2024-11-10 06:00:00+00:00,-1,4.873,5.126990175225343,-249.11717522534263,5.126990175225343,stop,-1.0,-1.0255915159243054,4,1.0,0.2539901752253426
DOT,2024-11-10 06:00:00+00:00,2024-11-10 06:00:00+00:00,2024-11-10 12:45:00+00:00,-1,4.985,5.249737908787832,-259.75290878783187,5.249737908787832,stop,-1.0,-1.0251289272139852,27,6.75,0.2647379087878319
DOT,2024-11-10 13:00:00+00:00,2024-11-10 13:00:00+00:00,2024-11-11 23:00:00+00:00,-1,5.235,5.52029310698044,-280.05810698043985,5.52029310698044,stop,-1.0,-1.0245044144021909,136,34.0,0.28529310698043986
DOT,2024-11-13 09:00:00+00:00,2024-11-13 09:00:00+00:00,2024-11-15 09:00:00+00:00,1,5.057,4.673367973657306,388.68902634269466,4.917,tempo,-0.36493303579128183,-0.3818323026794136,192,48.0,0.38363202634269467
DOT,2024-11-16 12:00:00+00:00,2024-11-16 12:00:00+00:00,2024-11-17 00:30:00+00:00,-1,5.496,5.933968681533276,-432.47268153327576,5.933968681533276,stop,-1.0,-1.0169634952366615,50,12.5,0.4379686815332757
DOT,2024-11-17 01:00:00+00:00,2024-11-17 01:00:00+00:00,2024-11-19 01:00:00+00:00,-1,6.066,6.585642299126505,-513.576299126505,5.959,tempo,0.20591087403751063,0.1908692771291397,192,48.0,0.5196422991265051
DOT,2024-11-21 10:00:00+00:00,2024-11-21 10:00:00+00:00,2024-11-23 10:00:00+00:00,1,5.603,5.08043844336528,528.16455663472,7.681,tempo,3.9765650067759566,3.960041403211227,192,48.0,0.5225615566347201
DOT,2024-11-23 10:00:00+00:00,2024-11-23 10:00:00+00:00,2024-11-23 15:15:00+00:00,-1,7.68,8.454491933069345,-766.8119330693456,8.454491933069345,stop,-1.0,-1.0135410316217666,21,5.25,0.7744919330693456
DOT,2024-11-23 16:00:00+00:00,2024-11-23 16:00:00+00:00,2024-11-24 00:30:00+00:00,-1,8.853,9.795325131475991,-933.4721314759913,9.795325131475991,stop,-1.0,-1.0128633005006173,34,8.5,0.9423251314759913
DOT,2024-11-24 01:00:00+00:00,2024-11-24 01:00:00+00:00,2024-11-26 01:00:00+00:00,-1,9.663,10.85008439443731,-1177.42139443731,8.368,tempo,1.0909081157737257,1.0810350603659378,192,48.0,1.18708439443731
DOT,2024-12-03 09:00:00+00:00,2024-12-03 09:00:00+00:00,2024-12-04 11:45:00+00:00,-1,10.068,11.229659103228183,-1151.5911032281836,11.229659103228183,stop,-1.0,-1.0119169887091903,107,26.75,1.1616591032281836
DOT,2024-12-04 14:00:00+00:00,2024-12-04 14:00:00+00:00,2024-12-06 14:00:00+00:00,-1,11.406,12.752316706588452,-1334.9107065884516,10.259,tempo,0.8519540717180007,0.8414942371700924,192,48.0,1.3463167065884516
DOT,2024-12-09 22:00:00+00:00,2024-12-09 22:00:00+00:00,2024-12-11 22:00:00+00:00,1,8.395,7.400117730485055,1003.2772695149441,9.077,tempo,0.6855082464506179,0.6740930264311306,192,48.0,0.9948822695149442
DOT,2024-12-21 11:00:00+00:00,2024-12-21 11:00:00+00:00,2024-12-23 11:00:00+00:00,-1,7.504,8.381924772181447,-870.4207721814478,7.023,tempo,0.5478829339839926,0.5371273996840122,192,48.0,0.8779247721814478
DOT,2024-12-23 21:00:00+00:00,2024-12-23 21:00:00+00:00,2024-12-25 21:00:00+00:00,-1,7.332,8.173371068127222,-834.0390681272227,7.472,tempo,-0.166395072642112,-0.1778318813992976,192,48.0,0.8413710681272226
DOT,2025-01-03 15:00:00+00:00,2025-01-03 15:00:00+00:00,2025-01-05 15:00:00+00:00,-1,7.844,8.515970234258246,-664.1262342582456,7.561,tempo,0.42114960689053427,0.40624827720432705,192,48.0,0.6719702342582456
DOT,2025-01-17 17:00:00+00:00,2025-01-17 17:00:00+00:00,2025-01-18 17:00:00+00:00,1,7.459,6.8850591929371845,581.3998070628151,6.8850591929371845,stop,-1.0,-1.016244947842485,96,24.0,0.5739408070628151
DOT,2025-01-18 21:00:00+00:00,2025-01-18 21:00:00+00:00,2025-01-19 22:15:00+00:00,1,6.896,6.350591676090828,552.3043239091716,6.350591676090828,stop,-1.0,-1.0157868595179214,101,25.25,0.5454083239091716
DOT,2025-01-19 23:00:00+00:00,2025-01-19 23:00:00+00:00,2025-01-21 23:00:00+00:00,1,6.351,5.811028816700167,546.3221832998327,6.654,tempo,0.5611410559880777,0.5454860539038163,192,48.0,0.5399711832998326
DOT,2025-01-31 22:00:00+00:00,2025-01-31 22:00:00+00:00,2025-02-02 22:00:00+00:00,-1,6.365,6.832524978930316,-461.1599789303155,5.129,tempo,2.6437090117151283,2.6277289029793476,192,48.0,0.4675249789303155
DOT,2025-02-02 22:00:00+00:00,2025-02-02 22:00:00+00:00,2025-02-03 01:45:00+00:00,1,5.129,4.71278427563657,421.3447243634299,4.71278427563657,stop,-1.0,-1.0153698176323054,15,3.75,0.4162157243634299
DOT,2025-02-03 02:00:00+00:00,2025-02-03 02:00:00+00:00,2025-02-05 02:00:00+00:00,1,4.251,3.791003758137063,464.2472418629375,4.71,tempo,0.9978342391257302,0.9851718530670729,192,48.0,0.4599962418629375
DOT,2025-02-25 12:00:00+00:00,2025-02-25 12:00:00+00:00,2025-02-25 20:45:00+00:00,-1,4.405,4.747524184103217,-338.1191841032172,4.747524184103217,stop,-1.0,-1.017368527525269,35,8.75,0.34252418410321717
DOT,2025-02-25 21:00:00+00:00,2025-02-25 21:00:00+00:00,2025-02-27 09:45:00+00:00,-1,4.709,5.081287598527288,-367.5785985272882,5.081287598527288,stop,-1.0,-1.0170934701134728,147,36.75,0.3722875985272882
DOT,2025-02-27 10:00:00+00:00,2025-02-27 10:00:00+00:00,2025-03-01 10:00:00+00:00,-1,5.053,5.458879615651397,-400.8266156513971,4.634,tempo,1.0323258026337332,1.0168124588805747,192,48.0,0.4058796156513971
DOT,2025-03-01 10:00:00+00:00,2025-03-01 10:00:00+00:00,2025-03-03 10:00:00+00:00,1,4.634,4.264871170375283,373.76282962471726,4.879,tempo,0.6637249121101804,0.6469734435069652,192,48.0,0.36912882962471727
AVAX,2023-01-04 03:00:00+00:00,2023-01-04 03:00:00+00:00,2023-01-04 18:30:00+00:00,-1,11.677,12.161134558003159,-472.4575580031593,12.161134558003159,stop,-1.0,-1.0320051258613125,62,15.5,0.4841345580031593
AVAX,2023-01-04 19:00:00+00:00,2023-01-04 19:00:00+00:00,2023-01-06 19:00:00+00:00,-1,12.158,12.677368005012385,-507.2100050123852,11.638,tempo,1.0012168539099733,0.9714356585904211,192,48.0,0.5193680050123852
AVAX,2023-01-09 04:00:00+00:00,2023-01-09 04:00:00+00:00,2023-01-11 04:00:00+00:00,-1,12.517,13.022766180560948,-493.2491805609488,12.444,tempo,0.1443354712231526,0.11225612186451196,192,48.0,0.5057661805609488
AVAX,2023-01-11 19:00:00+00:00,2023-01-11 19:00:00+00:00,2023-01-11 19:45:00+00:00,-1,13.91,14.847399090665805,-923.4890906658047,14.847399090665805,stop,-1.0,-1.0199406097094208,3,0.75,0.9373990906658047
AVAX,2023-01-11 20:00:00+00:00,2023-01-11 20:00:00+00:00,2023-01-11 23:00:00+00:00,-1,14.557,15.584513976449697,-1012.9569764496971,15.584513976449697,stop,-1.0,-1.019067365051702,12,3.0,1.027513976449697
AVAX,2023-01-11 23:00:00+00:00,2023-01-11 23:00:00+00:00,2023-01-13 23:00:00+00:00,-1,15.528,16.718000140322385,-1174.4721403223843,15.885,tempo,-0.2999999646246126,-0.3171583239458715,192,48.0,1.1900001403223843
AVAX,2023-01-27 22:00:00+00:00,2023-01-27 22:00:00+00:00,2023-01-27 23:15:00+00:00,-1,19.829,21.359540587367896,-1510.7115873678952,21.359540587367896,stop,-1.0,-1.0174922191562594,5,1.25,1.530540587367895
AVAX,2023-01-28 00:00:00+00:00,2023-01-28 00:00:00+00:00,2023-01-30 00:00:00+00:00,-1,21.221,22.927106576303515,-1684.8855763035153,20.99,tempo,0.1353959964801794,0.11931426373201434,192,48.0,1.7061065763035153
AVAX,2023-02-02 07:00:00+00:00,2023-02-02 07:00:00+00:00,2023-02-04 07:00:00+00:00,-1,21.903,23.711543128578114,-1786.6401285781155,21.149,tempo,0.41691015717872093,0.40143703986246376,192,48.0,1.8085431285781155
AVAX,2023-02-22 04:00:00+00:00,2023-02-22 04:00:00+00:00,2023-02-24 04:00:00+00:00,-1,21.383,22.81854445593056,-1414.161455930561,19.648,tempo,1.2086006760935333,1.1900222545825732,192,48.0,1.435544455930561
AVAX,2023-03-10 02:00:00+00:00,2023-03-10 02:00:00+00:00,2023-03-12 02:00:00+00:00,-1,14.493,15.428412904824391,-920.9199048243909,14.386,tempo,0.11438798785878271,0.0943205396728674,192,48.0,0.9354129048243909
AVAX,2023-03-13 16:00:00+00:00,2023-03-13 16:00:00+00:00,2023-03-15 16:00:00+00:00,1,16.461,15.286332665400137,1191.128334599862,15.981,tempo,-0.40862632837534857,-0.4265780491552434,192,48.0,1.174667334599862
AVAX,2023-03-15 19:00:00+00:00,2023-03-15 19:00:00+00:00,2023-03-17 19:00:00+00:00,1,15.727,14.551867959504959,1190.8590404950417,16.609,tempo,0.7505539544547233,0.7326679643908784,192,48.0,1.1751320404950416
AVAX,2023-03-21 02:00:00+00:00,2023-03-21 02:00:00+00:00,2023-03-23 02:00:00+00:00,1,16.707,15.52504639585169,1198.66060414831,16.597,tempo,-0.09306625878878133,-0.11138136009565436,192,48.0,1.18195360414831
AVAX,2023-04-05 11:00:00+00:00,2023-04-05 11:00:00+00:00,2023-04-07 11:00:00+00:00,-1,18.278,19.22970387350717,-933.4258735071708,17.685,tempo,0.6230929772458595,0.5985307676649989,192,48.0,0.9517038735071708
AVAX,2023-04-16 22:00:00+00:00,2023-04-16 22:00:00+00:00,2023-04-18 06:45:00+00:00,-1,20.474,21.4662782954591,-971.8042954591014,21.4662782954591,stop,-1.0,-1.0274733217654786,131,32.75,0.9922782954591014
AVAX,2023-04-19 09:00:00+00:00,2023-04-19 09:00:00+00:00,2023-04-20 16:15:00+00:00,1,19.266,18.08073031305988,1204.535686940117,18.08073031305988,stop,-1.0,-1.020480887152491,125,31.25,1.1852696869401171
AVAX,2023-04-21 21:00:00+00:00,2023-04-21 21:00:00+00:00,2023-04-23 21:00:00+00:00,1,16.765,15.72178611404472,1059.9788859552805,16.691,tempo,-0.07093463861654713,-0.09178022003831532,192,48.0,1.0432138859552804
AVAX,2023-06-08 05:00:00+00:00,2023-06-08 05:00:00+00:00,2023-06-10 02:00:00+00:00,1,13.91,13.339051853215295,584.8581467847048,13.339051853215295,stop,-1.0,-1.0310218779136677,180,45.0,0.5709481467847048
AVAX,2023-06-10 03:00:00+00:00,2023-06-10 03:00:00+00:00,2023-06-10 04:30:00+00:00,1,13.224,12.669474202385075,567.7497976149252,12.669474202385075,stop,-1.0,-1.030351623502353,6,1.5,0.5545257976149252
AVAX,2023-06-10 05:00:00+00:00,2023-06-10 05:00:00+00:00,2023-06-12 05:00:00+00:00,1,11.099,10.126050277849586,984.048722150414,11.415,tempo,0.32478553907346375,0.30974457686664414,192,48.0,0.972949722150414
AVAX,2023-07-08 05:00:00+00:00,2023-07-08 05:00:00+00:00,2023-07-09 04:30:00+00:00,-1,13.444,14.192008046902103,-734.5640469021023,14.192008046902103,stop,-1.0,-1.0240149892837147,94,23.5,0.7480080469021022
AVAX,2023-07-10 05:00:00+00:00,2023-07-10 05:00:00+00:00,2023-07-12 05:00:00+00:00,1,13.279,12.551433482906598,740.8455170934022,13.189,tempo,-0.12370003001175217,-0.14734625285984318,192,48.0,0.7275665170934023
AVAX,2023-07-14 01:00:00+00:00,2023-07-14 01:00:00+00:00,2023-07-14 07:30:00+00:00,-1,14.626,15.453653350100694,-813.0273501006949,15.453653350100694,stop,-1.0,-1.0236231444906092,26,6.5,0.8276533501006949
AVAX,2023-07-14 08:00:00+00:00,2023-07-14 08:00:00+00:00,2023-07-16 08:00:00+00:00,-1,15.316,16.19090463776956,-859.5886377695588,14.637,tempo,0.7760845818934179,0.7538313566166214,192,48.0,0.8749046377695588
AVAX,2023-08-15 20:00:00+00:00,2023-08-15 20:00:00+00:00,2023-08-16 20:30:00+00:00,1,11.706,11.30542085524746,412.28514475253934,11.30542085524746,stop,-1.0,-1.0373394964561895,98,24.5,0.4005791447525393
AVAX,2023-08-17 18:00:00+00:00,2023-08-17 18:00:00+00:00,2023-08-19 18:00:00+00:00,-1,11.261,11.654606731799092,-382.34573179909256,10.784,tempo,1.211869517118605,1.1754645249211797,192,48.0,0.39360673179909256
AVAX,2023-08-21 16:00:00+00:00,2023-08-21 16:00:00+00:00,2023-08-22 16:15:00+00:00,1,10.291,9.845912460701602,455.37853929839883,9.845912460701602,stop,-1.0,-1.0294076826326986,97,24.25,0.44508753929839884
AVAX,2023-08-29 02:00:00+00:00,2023-08-29 02:00:00+00:00,2023-08-29 14:30:00+00:00,-1,10.498,10.898953133053444,-390.4551330534451,10.898953133053444,stop,-1.0,-1.0346873945854187,50,12.5,0.40095313305344504
AVAX,2023-08-30 02:00:00+00:00,2023-08-30 02:00:00+00:00,2023-08-31 15:45:00+00:00,1,10.688,10.19391720437138,504.77079562862133,10.19391720437138,stop,-1.0,-1.0274716025389472,151,37.75,0.49408279562862134
AVAX,2023-09-10 05:00:00+00:00,2023-09-10 05:00:00+00:00,2023-09-11 10:30:00+00:00,1,9.388,9.049134372549032,348.2536274509678,9.049134372549032,stop,-1.0,-1.035365455718553,118,29.5,0.3388656274509678
AVAX,2023-09-11 14:00:00+00:00,2023-09-11 14:00:00+00:00,2023-09-13 14:00:00+00:00,1,9.23,8.893159514417421,346.07048558257907,9.221,tempo,-0.02671887847577016,-0.062323713741511355,192,48.0,0.33684048558257906
AVAX,2023-09-17 22:00:00+00:00,2023-09-17 22:00:00+00:00,2023-09-19 22:00:00+00:00,1,9.033,8.708217707987494,333.81529201250567,9.212,tempo,0.551138422266901,0.5146239622989193,192,48.0,0.32478229201250564
AVAX,2023-10-01 11:00:00+00:00,2023-10-01 11:00:00+00:00,2023-10-03 11:00:00+00:00,-1,9.661,9.969240347042017,-298.57934704201784,9.384,tempo,0.8986493905103212,0.8584883599418197,192,48.0,0.30824034704201786
AVAX,2023-10-04 07:00:00+00:00,2023-10-04 07:00:00+00:00,2023-10-04 19:15:00+00:00,-1,9.689,10.065382336842715,-366.69333684271504,10.065382336842715,stop,-1.0,-1.034115172955934,49,12.25,0.37638233684271505
AVAX,2023-10-04 20:00:00+00:00,2023-10-04 20:00:00+00:00,2023-10-06 02:30:00+00:00,-1,10.012,10.410091318408671,-388.079318408671,10.410091318408671,stop,-1.0,-1.033345010913648,122,30.5,0.39809131840867096
AVAX,2023-10-06 08:00:00+00:00,2023-10-06 08:00:00+00:00,2023-10-07 04:30:00+00:00,-1,10.607,11.0925784080662,-474.97140806620155,11.0925784080662,stop,-1.0,-1.0290472676110427,82,20.5,0.48557840806620156
AVAX,2023-10-07 05:00:00+00:00,2023-10-07 05:00:00+00:00,2023-10-07 05:45:00+00:00,-1,11.115,11.62979074209895,-503.67574209894906,11.62979074209895,stop,-1.0,-1.0287186865911482,3,0.75,0.514790742098949
AVAX,2023-10-07 06:00:00+00:00,2023-10-07 06:00:00+00:00,2023-10-09 06:00:00+00:00,-1,11.507,12.071325914824307,-552.8189148243072,9.949,tempo,2.760815973664891,2.736102595041579,192,48.0,0.5643259148243072
AVAX,2023-10-22 06:00:00+00:00,2023-10-22 06:00:00+00:00,2023-10-23 22:45:00+00:00,-1,9.983,10.437250484965164,-444.2674849651632,10.437250484965164,stop,-1.0,-1.029219919966063,163,40.75,0.4542504849651632
AVAX,2023-10-24 02:00:00+00:00,2023-10-24 02:00:00+00:00,2023-10-26 02:00:00+00:00,1,10.476,9.937359307974358,549.116692025643,10.591,tempo,0.21350039405215163,0.18807797386977876,192,48.0,0.538640692025643
AVAX,2023-10-26 08:00:00+00:00,2023-10-26 08:00:00+00:00,2023-10-28 08:00:00+00:00,-1,11.375,12.053347072014796,-666.9720720147964,10.87,tempo,0.7444566665557679,0.7231412506034977,192,48.0,0.6783470720147964
AVAX,2023-11-10 19:00:00+00:00,2023-11-10 19:00:00+00:00,2023-11-11 16:45:00+00:00,-1,14.635,15.731833475783635,-1082.1984757836349,15.731833475783635,stop,-1.0,-1.0179958418438653,87,21.75,1.0968334757836349
AVAX,2023-11-11 17:00:00+00:00,2023-11-11 17:00:00+00:00,2023-11-11 21:45:00+00:00,-1,15.696,16.919295708028365,-1207.599708028365,16.919295708028365,stop,-1.0,-1.017330186046665,19,4.75,1.223295708028365
AVAX,2023-11-11 22:00:00+00:00,2023-11-11 22:00:00+00:00,2023-11-12 07:00:00+00:00,-1,16.722,18.115004670467183,-1376.2826704671818,18.115004670467183,stop,-1.0,-1.0162555471032335,36,9.0,1.3930046704671817
AVAX,2023-11-12 07:00:00+00:00,2023-11-12 07:00:00+00:00,2023-11-14 07:00:00+00:00,-1,18.191,19.85543412860488,-1646.2431286048813,17.121,tempo,0.6428611271608975,0.629070974937067,192,48.0,1.6644341286048814
AVAX,2023-11-15 09:00:00+00:00,2023-11-15 09:00:00+00:00,2023-11-16 02:30:00+00:00,-1,19.114,21.053909183800265,-1920.7951838002639,21.053909183800265,stop,-1.0,-1.0134589501341102,70,17.5,1.939909183800264
AVAX,2023-11-16 04:00:00+00:00,2023-11-16 04:00:00+00:00,2023-11-18 04:00:00+00:00,-1,22.442,24.877369970471282,-2412.9279704712817,20.816,tempo,0.6676603636060049,0.6561148077599013,192,48.0,2.4353699704712817
AVAX,2023-12-04 12:00:00+00:00,2023-12-04 12:00:00+00:00,2023-12-06 12:00:00+00:00,1,22.028,20.227365173481754,1822.6628265182446,25.612,tempo,1.9904091308342167,1.9732118626574833,192,48.0,1.8006348265182446
AVAX,2023-12-06 17:00:00+00:00,2023-12-06 17:00:00+00:00,2023-12-08 17:00:00+00:00,-1,26.528,28.955723069764172,-2401.1950697641737,27.946,tempo,-0.5840863884601739,-0.5986712892015256,192,48.0,2.4277230697641734
AVAX,2023-12-09 01:00:00+00:00,2023-12-09 01:00:00+00:00,2023-12-10 19:15:00+00:00,-1,31.647,34.71434200211234,-3035.6950021123407,34.71434200211234,stop,-1.0,-1.0140626223850056,169,42.25,3.0673420021123405
AVAX,2023-12-10 21:00:00+00:00,2023-12-10 21:00:00+00:00,2023-12-12 02:15:00+00:00,-1,37.584,41.51323195459676,-3891.6479545967586,41.51323195459676,stop,-1.0,-1.0130847965619185,117,29.25,3.9292319545967587
AVAX,2023-12-12 03:00:00+00:00,2023-12-12 03:00:00+00:00,2023-12-14 03:00:00+00:00,-1,42.268,47.150462884866116,-4840.194884866115,39.155,tempo,0.637588052056511,0.6267482461536237,192,48.0,4.882462884866115
AVAX,2024-01-11 05:00:00+00:00,2024-01-11 05:00:00+00:00,2024-01-13 05:00:00+00:00,-1,39.096,43.044781999541385,-3909.685999541389,35.582,tempo,0.8898946562276954,0.8776020809460927,192,48.0,3.9487819995413886
AVAX,2024-01-24 11:00:00+00:00,2024-01-24 11:00:00+00:00,2024-01-26 11:00:00+00:00,-1,31.654,34.275473419936624,-2589.819419936624,31.861,tempo,-0.07896322672041631,-0.09471190823899454,192,48.0,2.621473419936624
AVAX,2024-01-28 04:00:00+00:00,2024-01-28 04:00:00+00:00,2024-01-30 04:00:00+00:00,-1,35.849,38.75102615323921,-2866.1771532392127,35.735,tempo,0.039282898905908054,0.023249411424045036,192,48.0,2.9020261532392126
AVAX,2024-02-02 19:00:00+00:00,2024-02-02 19:00:00+00:00,2024-02-04 19:00:00+00:00,-1,36.004,38.665419321266064,-2625.4153212660667,35.632,tempo,0.13977504297332424,0.12227934072605519,192,48.0,2.6614193212660666
AVAX,2024-02-10 05:00:00+00:00,2024-02-10 05:00:00+00:00,2024-02-12 05:00:00+00:00,-1,39.747,42.181112791320274,-2394.365791320274,38.664,tempo,0.44492597214962015,0.4239872752323112,192,48.0,2.434112791320274
AVAX,2024-02-27 07:00:00+00:00,2024-02-27 07:00:00+00:00,2024-02-28 17:45:00+00:00,1,39.445,37.112078302938656,2372.3666970613444,37.112078302938656,stop,-1.0,-1.0213303776803109,139,34.75,2.3329216970613444
AVAX,2024-02-28 18:00:00+00:00,2024-02-28 18:00:00+00:00,2024-03-01 18:00:00+00:00,1,39.376,36.90398491961006,2511.3910803899375,41.967,tempo,1.0481327644616534,1.0267441611236592,192,48.0,2.4720150803899372
AVAX,2024-03-04 18:00:00+00:00,2024-03-04 18:00:00+00:00,2024-03-05 20:00:00+00:00,1,41.868,38.84832060175062,3061.54739824938,38.84832060175062,stop,-1.0,-1.0173745624855255,104,26.0,3.01967939824938
AVAX,2024-03-06 16:00:00+00:00,2024-03-06 16:00:00+00:00,2024-03-08 16:00:00+00:00,1,39.84,36.2449278605845,3634.9121394155068,42.408,tempo,0.7143111182234879,0.699440429144995,192,48.0,3.5950721394155067
AVAX,2024-03-11 21:00:00+00:00,2024-03-11 21:00:00+00:00,2024-03-12 15:45:00+00:00,-1,49.009,53.18770164904381,-4129.692649043809,53.18770164904381,stop,-1.0,-1.0158967692960512,75,18.75,4.178701649043809
AVAX,2024-03-12 16:00:00+00:00,2024-03-12 16:00:00+00:00,2024-03-14 02:45:00+00:00,-1,53.79,59.19538747871157,-5351.597478711567,59.19538747871157,stop,-1.0,-1.0135865379032305,139,34.75,5.405387478711567
AVAX,2024-03-16 09:00:00+00:00,2024-03-16 09:00:00+00:00,2024-03-18 09:00:00+00:00,-1,60.491,67.6902652610777,-7138.774261077699,60.664,tempo,-0.024030229992401262,-0.034968950423465275,192,48.0,7.199265261077699
AVAX,2024-03-18 17:00:00+00:00,2024-03-18 17:00:00+00:00,2024-03-20 17:00:00+00:00,-1,63.396,71.4309124097396,-7971.516409739605,51.577,tempo,1.4709556740996301,1.4616547077431814,192,48.0,8.034912409739604
AVAX,2024-04-12 19:00:00+00:00,2024-04-12 19:00:00+00:00,2024-04-13 20:00:00+00:00,1,37.933,34.6238791602124,3347.053839787603,34.6238791602124,stop,-1.0,-1.0142521152105057,100,25.0,3.309120839787603
AVAX,2024-04-13 20:00:00+00:00,2024-04-13 20:00:00+00:00,2024-04-13 20:15:00+00:00,1,33.3,29.964232377599213,3369.0676224007843,29.964232377599213,stop,-1.0,-1.0123275226875197,1,0.25,3.335767622400784
AVAX,2024-04-13 21:00:00+00:00,2024-04-13 21:00:00+00:00,2024-04-15 21:00:00+00:00,1,30.3,26.983990687892938,3346.3093121070633,34.84,tempo,1.3691155761909455,1.3563469148227736,192,48.0,3.316009312107063
AVAX,2024-05-01 14:00:00+00:00,2024-05-01 14:00:00+00:00,2024-05-03 14:00:00+00:00,-1,32.383,35.08333912850367,-2667.9561285036643,34.803,tempo,-0.8961837327969197,-0.9123561089029532,192,48.0,2.700339128503664
AVAX,2024-05-13 14:00:00+00:00,2024-05-13 14:00:00+00:00,2024-05-15 14:00:00+00:00,1,33.03,30.781044211966346,2281.985788033655,33.982,tempo,0.423307565700243,0.4039395548964005,192,48.0,2.248955788033655
AVAX,2024-05-17 08:00:00+00:00,2024-05-17 08:00:00+00:00,2024-05-19 08:00:00+00:00,-1,37.276,39.78374003309085,-2470.464033090848,36.88,tempo,0.15791110512835801,0.13869005375781757,192,48.0,2.5077400330908475
AVAX,2024-05-21 15:00:00+00:00,2024-05-21 15:00:00+00:00,2024-05-23 15:00:00+00:00,-1,40.541,43.24624981786578,-2664.708817865784,38.005,tempo,0.9374365292447135,0.918564002329518,192,48.0,2.7052498178657842
AVAX,2024-06-07 19:00:00+00:00,2024-06-07 19:00:00+00:00,2024-06-09 19:00:00+00:00,1,33.266,31.403106033029786,1896.159966970212,32.91,tempo,-0.1911005168903927,-0.2141906126031176,192,48.0,1.862893966970212
AVAX,2024-06-17 17:00:00+00:00,2024-06-17 17:00:00+00:00,2024-06-18 01:45:00+00:00,1,28.163,26.617323347049833,1573.8396529501672,26.617323347049833,stop,-1.0,-1.0230366487761982,35,8.75,1.545676652950167
AVAX,2024-06-18 02:00:00+00:00,2024-06-18 02:00:00+00:00,2024-06-20 02:00:00+00:00,1,26.023,24.252833194054695,1796.1898059453047,27.054,tempo,0.5824309870331253,0.5629412700843454,192,48.0,1.7701668059453048
AVAX,2024-06-22 06:00:00+00:00,2024-06-22 06:00:00+00:00,2024-06-24 06:00:00+00:00,1,24.981,23.22368059923782,1782.3004007621814,24.177,tempo,-0.4575150081717032,-0.47569764474086734,192,48.0,1.7573194007621815
AVAX,2024-06-24 17:00:00+00:00,2024-06-24 17:00:00+00:00,2024-06-26 07:15:00+00:00,-1,24.19,25.894591801056634,-1680.401801056633,25.894591801056634,stop,-1.0,-1.0190984050553962,153,38.25,1.7045918010566332
AVAX,2024-06-28 03:00:00+00:00,2024-06-28 03:00:00+00:00,2024-06-30 03:00:00+00:00,-1,27.935,29.835714395061892,-1872.7793950618932,27.507,tempo,0.22517849136722104,0.20621862022949206,192,48.0,1.9007143950618932
AVAX,2024-07-05 03:00:00+00:00,2024-07-05 03:00:00+00:00,2024-07-07 03:00:00+00:00,1,22.27,20.669933128564058,1622.3368714359422,26.872,tempo,2.8761297931692344,2.856166690020093,192,48.0,1.600066871435942
AVAX,2024-07-21 15:00:00+00:00,2024-07-21 15:00:00+00:00,2024-07-21 21:00:00+00:00,-1,30.572,32.56512076298007,-1962.5487629800732,32.56512076298007,stop,-1.0,-1.0205903873253401,24,6.0,1.9931207629800731
AVAX,2024-07-21 21:00:00+00:00,2024-07-21 21:00:00+00:00,2024-07-23 21:00:00+00:00,-1,32.249,34.451811203316296,-2170.5622033162945,30.024,tempo,1.0100729452666222,0.9916975847549896,192,48.0,2.202811203316294
AVAX,2024-07-24 02:00:00+00:00,2024-07-24 02:00:00+00:00,2024-07-25 14:15:00+00:00,1,28.82,26.790885981352552,2057.934018647448,26.790885981352552,stop,-1.0,-1.0178142162321533,145,36.25,2.029114018647448
AVAX,2024-08-20 16:00:00+00:00,2024-08-20 16:00:00+00:00,2024-08-21 04:15:00+00:00,-1,21.768,23.207745209390694,-1417.9772093906936,23.207745209390694,stop,-1.0,-1.020305144407097,49,12.25,1.4397452093906935
AVAX,2024-08-21 05:00:00+00:00,2024-08-21 05:00:00+00:00,2024-08-22 13:15:00+00:00,-1,23.264,24.80870652406506,-1521.4425240650596,24.80870652406506,stop,-1.0,-1.02022860572791,129,32.25,1.5447065240650595
AVAX,2024-08-22 23:00:00+00:00,2024-08-22 23:00:00+00:00,2024-08-23 04:00:00+00:00,-1,24.848,26.53890615107938,-1666.058151079382,26.53890615107938,stop,-1.0,-1.0197536031061687,20,5.0,1.690906151079382
AVAX,2024-08-23 04:00:00+00:00,2024-08-23 04:00:00+00:00,2024-08-25 04:00:00+00:00,-1,26.453,28.290608336899638,-1811.1553368996383,26.916,tempo,-0.2519579339638618,-0.27083565088722306,192,48.0,1.8376083368996383
AVAX,2024-09-08 08:00:00+00:00,2024-09-08 08:00:00+00:00,2024-09-10 08:00:00+00:00,-1,23.072,24.532509025530203,-1437.437025530204,23.783,tempo,-0.48681657392831934,-0.5076694063775702,192,48.0,1.4605090255302038
AVAX,2024-09-10 09:00:00+00:00,2024-09-10 09:00:00+00:00,2024-09-12 09:00:00+00:00,1,23.673,22.193113361654223,1503.5596383457748,23.606,tempo,-0.04527373804448263,-0.06603975430796594,192,48.0,1.479886638345775
AVAX,2024-09-15 22:00:00+00:00,2024-09-15 22:00:00+00:00,2024-09-17 22:00:00+00:00,1,23.962,22.63757894867099,1348.3830513290113,23.895,tempo,-0.05058814183961208,-0.07407542329650611,192,48.0,1.3244210513290113
AVAX,2024-09-19 01:00:00+00:00,2024-09-19 01:00:00+00:00,2024-09-20 04:00:00+00:00,-1,26.01,27.610179142288608,-1574.1691422886065,27.610179142288608,stop,-1.0,-1.0217807591171573,108,27.0,1.6001791422886065
AVAX,2024-09-20 06:00:00+00:00,2024-09-20 06:00:00+00:00,2024-09-22 06:00:00+00:00,-1,28.213,29.94587080912858,-1704.6578091285776,27.303,tempo,0.5251401288579725,0.5043160721482016,192,48.0,1.7328708091285776
AVAX,2024-10-02 11:00:00+00:00,2024-10-02 11:00:00+00:00,2024-10-03 09:15:00+00:00,1,25.812,24.268341482346933,1569.4705176530676,24.268341482346933,stop,-1.0,-1.0210877092253647,89,22.25,1.5436585176530677
AVAX,2024-10-12 02:00:00+00:00,2024-10-12 02:00:00+00:00,2024-10-14 02:00:00+00:00,-1,28.883,30.580477508787844,-1668.594508787845,29.135,tempo,-0.14845557522582647,-0.17067189314742864,192,48.0,1.6974775087878449
AVAX,2024-10-14 22:00:00+00:00,2024-10-14 22:00:00+00:00,2024-10-16 07:15:00+00:00,1,28.968,27.29901909860186,1697.9489013981397,27.29901909860186,stop,-1.0,-1.0219137093680657,133,33.25,1.6689809013981396
AVAX,2024-10-16 08:00:00+00:00,2024-10-16 08:00:00+00:00,2024-10-18 08:00:00+00:00,1,27.324,25.61501889192337,1736.3051080766318,27.682,tempo,0.20948154330559401,0.18856036411231486,192,48.0,1.7089811080766317
AVAX,2024-11-07 03:00:00+00:00,2024-11-07 03:00:00+00:00,2024-11-09 00:45:00+00:00,-1,27.986,29.599658679752533,-1585.6726797525323,29.599658679752533,stop,-1.0,-1.0231961557989322,183,45.75,1.6136586797525325
AVAX,2024-11-09 05:00:00+00:00,2024-11-09 05:00:00+00:00,2024-11-10 04:30:00+00:00,-1,29.007,30.733626717536243,-1697.6197175362415,30.733626717536243,stop,-1.0,-1.022489752401033,94,23.5,1.7266267175362415
AVAX,2024-11-10 14:00:00+00:00,2024-11-10 14:00:00+00:00,2024-11-11 21:30:00+00:00,-1,32.707,34.7452452686014,-2005.5382686014004,34.7452452686014,stop,-1.0,-1.0215106396173192,126,31.5,2.0382452686014005
AVAX,2024-11-13 04:00:00+00:00,2024-11-13 04:00:00+00:00,2024-11-15 04:00:00+00:00,1,32.382,29.650537745634704,2763.8442543652936,31.592,tempo,-0.2892223748424341,-0.30444612539346,192,48.0,2.7314622543652938
AVAX,2024-11-21 10:00:00+00:00,2024-11-21 10:00:00+00:00,2024-11-23 10:00:00+00:00,1,33.793,30.752621297096226,3074.171702903773,42.258,tempo,2.784192637553782,2.767933758371137,192,48.0,3.040378702903773
AVAX,2024-11-23 10:00:00+00:00,2024-11-23 10:00:00+00:00,2024-11-25 09:00:00+00:00,-1,42.256,46.24041677313679,-3942.1607731367935,46.24041677313679,stop,-1.0,-1.0144369111410134,188,47.0,3.984416773136793
AVAX,2024-11-25 12:00:00+00:00,2024-11-25 12:00:00+00:00,2024-11-27 12:00:00+00:00,-1,45.564,50.03654055303193,-4426.976553031926,43.495,tempo,0.4626006126646368,0.44965755506379346,192,48.0,4.472540553031926
AVAX,2024-12-02 08:00:00+00:00,2024-12-02 08:00:00+00:00,2024-12-03 02:00:00+00:00,-1,48.506,52.84611472216371,-4291.608722163712,52.84611472216371,stop,-1.0,-1.0151790629480326,72,18.0,4.340114722163712
AVAX,2024-12-03 02:00:00+00:00,2024-12-03 02:00:00+00:00,2024-12-05 02:00:00+00:00,-1,51.468,56.62881542362283,-5109.3474236228285,50.236,tempo,0.2387219652074202,0.22591243908149003,192,48.0,5.160815423622829
AVAX,2024-12-05 08:00:00+00:00,2024-12-05 08:00:00+00:00,2024-12-07 08:00:00+00:00,1,51.997,46.72133012902029,5327.666870979712,51.534,tempo,-0.08776136705347336,-0.1005171216108568,192,48.0,5.275669870979712
AVAX,2024-12-09 22:00:00+00:00,2024-12-09 22:00:00+00:00,2024-12-11 22:00:00+00:00,1,44.856,40.47301571952267,4427.84028047733,47.961,tempo,0.7084214319066291,0.6946565981451378,192,48.0,4.382984280477331
AVAX,2024-12-12 18:00:00+00:00,2024-12-12 18:00:00+00:00,2024-12-14 18:00:00+00:00,-1,54.418,60.05673545153696,-5584.31745153696,50.272,tempo,0.7352712386728337,0.7232031960088616,192,48.0,5.638735451536959
AVAX,2025-01-02 10:00:00+00:00,2025-01-02 10:00:00+00:00,2025-01-04 10:00:00+00:00,-1,40.085,43.52708855224003,-3402.00355224003,41.512,tempo,-0.41457387813899843,-0.4299825607440651,192,48.0,3.4420885522400297
AVAX,2025-01-17 20:00:00+00:00,2025-01-17 20:00:00+00:00,2025-01-19 08:30:00+00:00,1,40.898,37.82321313466924,3115.684865330765,37.82321313466924,stop,-1.0,-1.0166414098858298,146,36.5,3.074786865330765
AVAX,2025-01-19 11:00:00+00:00,2025-01-19 11:00:00+00:00,2025-01-21 11:00:00+00:00,1,37.304,34.42410234889003,2917.201651109971,36.399,tempo,-0.31424727877089514,-0.33088222757941815,192,48.0,2.879897651109971
AVAX,2025-02-02 03:00:00+00:00,2025-02-02 03:00:00+00:00,2025-02-02 17:00:00+00:00,1,31.765,29.444271318607264,2352.4936813927366,29.444271318607264,stop,-1.0,-1.017143764661545,56,14.0,2.320728681392737
AVAX,2025-02-02 17:00:00+00:00,2025-02-02 17:00:00+00:00,2025-02-02 22:45:00+00:00,1,29.426,27.165303870637846,2290.1221293621525,27.165303870637846,stop,-1.0,-1.0162712480629996,23,5.75,2.2606961293621524
AVAX,2025-02-02 23:00:00+00:00,2025-02-02 23:00:00+00:00,2025-02-03 02:00:00+00:00,1,27.201,25.00616363689291,2222.0373631070897,25.00616363689291,stop,-1.0,-1.0154611327451952,12,3.0,2.1948363631070897
AVAX,2025-02-03 02:00:00+00:00,2025-02-03 02:00:00+00:00,2025-02-03 02:15:00+00:00,1,23.834,21.46618975454876,2391.644245451238,21.46618975454876,stop,-1.0,-1.012435592504519,1,0.25,2.3678102454512384
AVAX,2025-02-03 03:00:00+00:00,2025-02-03 03:00:00+00:00,2025-02-05 03:00:00+00:00,1,22.943,20.63123976469891,2334.7032353010904,26.904,tempo,1.7134129826764266,1.6993974504835823,192,48.0,2.31176023530109
AVAX,2025-02-22 18:00:00+00:00,2025-02-22 18:00:00+00:00,2025-02-24 18:00:00+00:00,-1,26.197,28.302802076529623,-2079.605076529624,23.31,tempo,1.3709740493550067,1.3556926749282932,192,48.0,2.105802076529624
AVAX,2025-02-25 19:00:00+00:00,2025-02-25 19:00:00+00:00,2025-02-27 07:30:00+00:00,-1,21.296,23.043093642198,-1725.7976421979993,23.043093642198,stop,-1.0,-1.0164962027056375,146,36.5,1.7470936421979992
AVAX,2025-02-27 08:00:00+00:00,2025-02-27 08:00:00+00:00,2025-03-01 08:00:00+00:00,-1,22.993,24.89724624365595,-1881.253243655951,21.879,tempo,0.5850083746843765,0.5696916581109974,192,48.0,1.904246243655951
AVAX,2025-03-01 09:00:00+00:00,2025-03-01 09:00:00+00:00,2025-03-03 09:00:00+00:00,1,21.876,20.03218019646218,1865.6958035378227,23.242,tempo,0.7408533075623723,0.7249479029541077,192,48.0,1.8438198035378228
AVAX,2025-03-11 01:00:00+00:00,2025-03-11 01:00:00+00:00,2025-03-13 01:00:00+00:00,1,15.618,14.028874710855586,1604.7432891444143,18.951,tempo,2.097380252374241,2.08324049249911,192,48.0,1.5891252891444143
AVAX,2025-03-24 10:00:00+00:00,2025-03-24 10:00:00+00:00,2025-03-26 10:00:00+00:00,-1,21.876,23.60363163786455,-1705.7556378645475,22.668,tempo,-0.4584310582428068,-0.47519018638414384,192,48.0,1.7276316378645475
NEAR,2023-01-04 03:00:00+00:00,2023-01-04 03:00:00+00:00,2023-01-04 10:00:00+00:00,-1,1.439,1.5192563303326871,-78.81733033268708,1.5192563303326871,stop,-1.0,-1.023959064745988,28,7.0,0.08025633033268709
NEAR,2023-01-04 10:00:00+00:00,2023-01-04 10:00:00+00:00,2023-01-04 16:15:00+00:00,-1,1.516,1.6055067268827994,-87.99072688279936,1.6055067268827994,stop,-1.0,-1.0226684568091802,25,6.25,0.08950672688279937
NEAR,2023-01-04 17:00:00+00:00,2023-01-04 17:00:00+00:00,2023-01-06 17:00:00+00:00,-1,1.588,1.6833541052218193,-93.7661052218192,1.517,tempo,0.7445930076616539,0.723427164876962,192,48.0,0.0953541052218192
NEAR,2023-01-09 01:00:00+00:00,2023-01-09 01:00:00+00:00,2023-01-11 01:00:00+00:00,-1,1.69,1.7947285794258507,-103.03857942585078,1.641,tempo,0.46787610668100943,0.44720218928549127,192,48.0,0.10472857942585079
NEAR,2023-01-23 04:00:00+00:00,2023-01-23 04:00:00+00:00,2023-01-25 04:00:00+00:00,-1,2.672,2.9362374503949282,-261.56545039492806,2.344,tempo,1.2413077688638496,1.2289688668833505,192,48.0,0.2642374503949281
NEAR,2023-02-02 17:00:00+00:00,2023-02-02 17:00:00+00:00,2023-02-04 17:00:00+00:00,-1,2.522,2.737133947300682,-212.61194730068215,2.534,tempo,-0.05577920244836209,-0.07105526669222018,192,48.0,0.21513394730068214
NEAR,2023-02-08 08:00:00+00:00,2023-02-08 08:00:00+00:00,2023-02-08 12:30:00+00:00,-1,2.588,2.791177819826399,-200.58981982639895,2.791177819826399,stop,-1.0,-1.0172088940902833,18,4.5,0.20317781982639893
NEAR,2023-02-08 13:00:00+00:00,2023-02-08 13:00:00+00:00,2023-02-10 13:00:00+00:00,-1,2.719,2.939379698407538,-217.66069840753835,2.23,tempo,2.218897673122839,2.2043008204034416,192,48.0,0.22037969840753835
NEAR,2023-03-08 23:00:00+00:00,2023-03-08 23:00:00+00:00,2023-03-10 10:30:00+00:00,1,1.836,1.7100205287118582,127.81547128814191,1.7100205287118582,stop,-1.0,-1.0182959439351105,142,35.5,0.1259794712881419
NEAR,2023-03-13 15:00:00+00:00,2023-03-13 15:00:00+00:00,2023-03-15 15:00:00+00:00,1,2.006,1.848019559456034,159.98644054396576,2.006,tempo,0.0,-0.01650710677233649,192,48.0,0.15798044054396576
NEAR,2023-03-15 19:00:00+00:00,2023-03-15 19:00:00+00:00,2023-03-17 19:00:00+00:00,1,1.933,1.7742657379440794,160.66726205592067,2.057,tempo,0.7811798057581028,0.7648411781271863,192,48.0,0.15873426205592067
NEAR,2023-03-20 10:00:00+00:00,2023-03-20 10:00:00+00:00,2023-03-21 08:30:00+00:00,1,2.092,1.9247958051571468,169.29619484285334,1.9247958051571468,stop,-1.0,-1.015615142166774,90,22.5,0.16720419484285332
NEAR,2023-04-12 17:00:00+00:00,2023-04-12 17:00:00+00:00,2023-04-14 17:00:00+00:00,-1,2.18,2.3108277562149238,-128.6477562149236,2.168,tempo,0.09172365518740865,0.07012120566318747,192,48.0,0.1308277562149236
NEAR,2023-04-15 10:00:00+00:00,2023-04-15 10:00:00+00:00,2023-04-17 10:00:00+00:00,-1,2.359,2.508363000600485,-147.0040006004851,2.268,tempo,0.6092539627227107,0.5891181192547251,192,48.0,0.14936300060048513
NEAR,2023-04-26 18:00:00+00:00,2023-04-26 18:00:00+00:00,2023-04-26 19:45:00+00:00,1,1.98,1.8557247402325718,126.25525976742816,1.8557247402325718,stop,-1.0,-1.020062087062357,7,1.75,0.12427525976742815
NEAR,2023-04-26 21:00:00+00:00,2023-04-26 21:00:00+00:00,2023-04-28 21:00:00+00:00,1,1.871,1.7360014073967465,136.86959260325355,1.916,tempo,0.33333680842325614,0.3151029146282724,192,48.0,0.13499859260325353
NEAR,2023-05-12 15:00:00+00:00,2023-05-12 15:00:00+00:00,2023-05-14 15:00:00+00:00,-1,1.622,1.7157467414085683,-92.1247414085682,1.658,tempo,-0.3840133476544445,-0.4067554714655356,192,48.0,0.0937467414085682
NEAR,2023-06-06 14:00:00+00:00,2023-06-06 14:00:00+00:00,2023-06-07 22:00:00+00:00,1,1.485,1.4006812957830872,85.80370421691289,1.4006812957830872,stop,-1.0,-1.0222452759405993,128,32.0,0.0843187042169129
NEAR,2023-06-10 05:00:00+00:00,2023-06-10 05:00:00+00:00,2023-06-12 05:00:00+00:00,1,1.195,1.1060039024298498,90.19109757015025,1.195,tempo,0.0,-0.017455821574372626,192,48.0,0.08899609757015026
NEAR,2023-06-21 09:00:00+00:00,2023-06-21 09:00:00+00:00,2023-06-23 09:00:00+00:00,1,1.309,1.2262213100797879,84.08768992021209,1.341,tempo,0.3865729214951804,0.36576442595532266,192,48.0,0.08277868992021209
NEAR,2023-06-26 08:00:00+00:00,2023-06-26 08:00:00+00:00,2023-06-28 08:00:00+00:00,-1,1.575,1.711715249790782,-135.14024979078198,1.39,tempo,1.3531775005576128,1.3390806825146417,192,48.0,0.13671524979078198
NEAR,2023-07-14 01:00:00+00:00,2023-07-14 01:00:00+00:00,2023-07-16 01:00:00+00:00,-1,1.506,1.6035573229808857,-96.05132298088571,1.499,tempo,0.0717526863808204,0.05173112428462904,192,48.0,0.09755732298088571
NEAR,2023-08-04 06:00:00+00:00,2023-08-04 06:00:00+00:00,2023-08-06 06:00:00+00:00,1,1.353,1.2882767576278398,66.0762423721602,1.363,tempo,0.15450400248028007,0.12722786588241145,192,48.0,0.0647232423721602
NEAR,2023-08-15 20:00:00+00:00,2023-08-15 20:00:00+00:00,2023-08-16 20:30:00+00:00,1,1.269,1.2201386176235576,50.13038237644233,1.2201386176235576,stop,-1.0,-1.0331128597424901,98,24.5,0.04886138237644233
NEAR,2023-08-16 22:00:00+00:00,2023-08-16 22:00:00+00:00,2023-08-17 21:45:00+00:00,1,1.193,1.1455542529615377,48.638747038462384,1.1455542529615377,stop,-1.0,-1.0320378613322865,95,23.75,0.04744574703846238
NEAR,2023-08-17 22:00:00+00:00,2023-08-17 22:00:00+00:00,2023-08-19 14:15:00+00:00,-1,1.104,1.1651043288347467,-60.00032883474659,1.1651043288347467,stop,-1.0,-1.024137697637289,161,40.25,0.06110432883474659
NEAR,2023-08-23 09:00:00+00:00,2023-08-23 09:00:00+00:00,2023-08-25 09:00:00+00:00,-1,1.194,1.257955899486445,-62.76189948644509,1.176,tempo,0.2814439347196573,0.25735702463989996,192,48.0,0.06395589948644509
NEAR,2023-08-28 08:00:00+00:00,2023-08-28 08:00:00+00:00,2023-08-30 08:00:00+00:00,1,1.155,1.0970193919788827,59.13560802111738,1.213,tempo,1.0003344562871024,0.9737876494747385,192,48.0,0.057980608021117375
NEAR,2023-09-12 15:00:00+00:00,2023-09-12 15:00:00+00:00,2023-09-14 15:00:00+00:00,1,1.086,1.0372070761628425,49.87892383715761,1.11,tempo,0.4918746021471896,0.4626203601844855,192,48.0,0.04879292383715761
NEAR,2023-10-02 11:00:00+00:00,2023-10-02 11:00:00+00:00,2023-10-02 18:45:00+00:00,1,1.155,1.1147407490132828,41.414250986717235,1.1147407490132828,stop,-1.0,-1.0366457758328735,31,7.75,0.04025925098671723
NEAR,2023-10-02 19:00:00+00:00,2023-10-02 19:00:00+00:00,2023-10-04 00:45:00+00:00,1,1.114,1.0739364993072764,41.17750069272368,1.0739364993072764,stop,-1.0,-1.035497615035124,119,29.75,0.040063500692723686
NEAR,2023-10-09 17:00:00+00:00,2023-10-09 17:00:00+00:00,2023-10-11 17:00:00+00:00,1,1.031,0.9945025347373907,37.52846526260922,1.009,tempo,-0.6027815861102687,-0.6391128762549149,192,48.0,0.03649746526260922
NEAR,2023-10-16 16:00:00+00:00,2023-10-16 16:00:00+00:00,2023-10-18 16:00:00+00:00,1,1.023,0.9891818239511276,34.84117604887228,0.999,tempo,-0.7096775404243078,-0.7485412567317941,192,48.0,0.03381817604887227
NEAR,2023-10-19 16:00:00+00:00,2023-10-19 16:00:00+00:00,2023-10-21 16:00:00+00:00,1,0.979,0.9477846105832645,32.19438941673552,1.041,tempo,1.9861997930661683,1.9441372071259122,192,48.0,0.031215389416735517
NEAR,2023-10-24 02:00:00+00:00,2023-10-24 02:00:00+00:00,2023-10-26 02:00:00+00:00,1,1.109,1.0663244160140724,43.78458398592763,1.146,tempo,0.8670062959700974,0.8326599587182548,192,48.0,0.042675583985927634
NEAR,2023-10-26 09:00:00+00:00,2023-10-26 09:00:00+00:00,2023-10-28 09:00:00+00:00,-1,1.201,1.2604140583501098,-58.21305835010971,1.25,tempo,-0.8247206361709417,-0.8515349970182017,192,48.0,0.05941405835010971
NEAR,2023-11-01 14:00:00+00:00,2023-11-01 14:00:00+00:00,2023-11-01 18:30:00+00:00,-1,1.429,1.5105362600358276,-80.1072600358276,1.5105362600358276,stop,-1.0,-1.0234337283582018,18,4.5,0.08153626003582759
NEAR,2023-11-01 19:00:00+00:00,2023-11-01 19:00:00+00:00,2023-11-03 19:00:00+00:00,-1,1.548,1.6408763513075237,-91.32835130752369,1.468,tempo,0.8613602803485612,0.8402526466786197,192,48.0,0.0928763513075237
NEAR,2023-11-05 12:00:00+00:00,2023-11-05 12:00:00+00:00,2023-11-07 12:00:00+00:00,-1,1.641,1.7555708398582697,-112.92983985826966,1.504,tempo,1.1957667428245828,1.177924070094516,192,48.0,0.11457083985826966
NEAR,2023-11-07 23:00:00+00:00,2023-11-07 23:00:00+00:00,2023-11-09 16:15:00+00:00,1,1.44,1.332860050665274,108.57994933472604,1.332860050665274,stop,-1.0,-1.016822474194957,165,41.25,0.10713994933472604
NEAR,2023-11-09 19:00:00+00:00,2023-11-09 19:00:00+00:00,2023-11-11 19:00:00+00:00,1,1.376,1.2615672483038098,115.80875169619006,1.614,tempo,2.0798241453799124,2.0628403713187953,192,48.0,0.11443275169619005
NEAR,2023-11-12 09:00:00+00:00,2023-11-12 09:00:00+00:00,2023-11-14 09:00:00+00:00,-1,1.716,1.864556869734442,-146.84086973444192,1.606,tempo,0.740457174391425,0.7259220000581214,192,48.0,0.14855686973444193
NEAR,2023-11-17 03:00:00+00:00,2023-11-17 03:00:00+00:00,2023-11-19 03:00:00+00:00,-1,1.942,2.132676141479701,-188.7341414797009,1.738,tempo,1.0698769044564367,1.057332073302222,192,48.0,0.1906761414797009
NEAR,2023-11-19 20:00:00+00:00,2023-11-19 20:00:00+00:00,2023-11-21 20:00:00+00:00,-1,2.037,2.2463696961145763,-207.33269611457635,1.819,tempo,1.0412204060357462,1.029249237110572,192,48.0,0.20936969611457634
NEAR,2023-12-09 08:00:00+00:00,2023-12-09 08:00:00+00:00,2023-12-11 08:00:00+00:00,-1,2.562,2.773620480209292,-209.05848020929224,2.308,tempo,1.2002619016306668,1.1853035195455808,192,48.0,0.21162048020929225
NEAR,2023-12-18 11:00:00+00:00,2023-12-18 11:00:00+00:00,2023-12-20 11:00:00+00:00,1,2.099,1.9028796609471155,198.21933905288472,2.826,tempo,3.706907725689588,3.6905848393665295,192,48.0,0.19612033905288473
NEAR,2023-12-20 11:00:00+00:00,2023-12-20 11:00:00+00:00,2023-12-21 08:30:00+00:00,-1,2.826,3.112721153231895,-283.8951532318947,3.112721153231895,stop,-1.0,-1.0134631460082009,86,21.5,0.28672115323189473
NEAR,2023-12-21 14:00:00+00:00,2023-12-21 14:00:00+00:00,2023-12-23 14:00:00+00:00,-1,3.497,3.893555154390919,-393.0581543909189,3.372,tempo,0.31521466463345127,0.30395557507034193,192,48.0,0.39655515439091893
NEAR,2023-12-24 00:00:00+00:00,2023-12-24 00:00:00+00:00,2023-12-26 00:00:00+00:00,-1,3.909,4.394646901517128,-481.73790151712853,4.252,tempo,-0.7062744535762318,-0.7171973071627132,192,48.0,0.4856469015171285
NEAR,2023-12-26 11:00:00+00:00,2023-12-26 11:00:00+00:00,2023-12-28 11:00:00+00:00,-1,4.613,5.220519942893549,-602.9069428935488,4.125,tempo,0.8032658116138731,0.7939168181093171,192,48.0,0.6075199428935489
NEAR,2024-01-06 06:00:00+00:00,2024-01-06 06:00:00+00:00,2024-01-08 06:00:00+00:00,1,3.253,2.8583177669353903,397.9352330646098,3.077,tempo,-0.4459283576901948,-0.45635319989312834,192,48.0,0.3946822330646098
NEAR,2024-02-15 06:00:00+00:00,2024-02-15 06:00:00+00:00,2024-02-17 06:00:00+00:00,1,3.285,3.050785640036404,237.49935996359596,3.273,tempo,-0.05123511642012546,-0.06943511065046451,192,48.0,0.23421435996359596
NEAR,2024-02-18 16:00:00+00:00,2024-02-18 16:00:00+00:00,2024-02-20 16:00:00+00:00,-1,3.532,3.782509204294594,-246.97720429459378,3.308,tempo,0.8941787214196757,0.8764308705472119,192,48.0,0.2505092042945938
NEAR,2024-02-21 08:00:00+00:00,2024-02-21 08:00:00+00:00,2024-02-23 08:00:00+00:00,1,3.229,2.9939529254153423,238.2760745846578,3.211,tempo,-0.07658040429478781,-0.094389602760231,192,48.0,0.2350470745846578
NEAR,2024-02-24 06:00:00+00:00,2024-02-24 06:00:00+00:00,2024-02-24 19:15:00+00:00,-1,3.483,3.7560360839190245,-269.55308391902446,3.7560360839190245,stop,-1.0,-1.017233522349899,53,13.25,0.27303608391902445
NEAR,2024-02-24 20:00:00+00:00,2024-02-24 20:00:00+00:00,2024-02-26 16:45:00+00:00,-1,3.828,4.135822830576386,-303.9948305763866,4.135822830576386,stop,-1.0,-1.0168164422053487,179,44.75,0.3078228305763866
NEAR,2024-02-27 08:00:00+00:00,2024-02-27 08:00:00+00:00,2024-02-28 17:45:00+00:00,1,3.987,3.6549511827629324,336.0358172370677,3.6549511827629324,stop,-1.0,-1.014959451776181,135,33.75,0.3320488172370677
NEAR,2024-02-28 18:00:00+00:00,2024-02-28 18:00:00+00:00,2024-03-01 18:00:00+00:00,1,3.856,3.514176218042845,345.6797819571548,3.947,tempo,0.26621904268617097,0.2513811341855982,192,48.0,0.3418237819571548
NEAR,2024-03-02 22:00:00+00:00,2024-03-02 22:00:00+00:00,2024-03-04 00:45:00+00:00,-1,4.346,4.734885501868746,-384.5395018687458,4.734885501868746,stop,-1.0,-1.0151781836757876,107,26.75,0.3888855018687458
NEAR,2024-03-05 01:00:00+00:00,2024-03-05 01:00:00+00:00,2024-03-05 20:00:00+00:00,1,4.277,3.8681702762213757,413.1067237786245,3.8681702762213757,stop,-1.0,-1.012950038540766,76,19.0,0.4088297237786245
NEAR,2024-03-06 17:00:00+00:00,2024-03-06 17:00:00+00:00,2024-03-07 00:15:00+00:00,-1,5.319,6.021510448663889,-697.1914486638893,6.021510448663889,stop,-1.0,-1.0104928429258968,29,7.25,0.7025104486638893
NEAR,2024-03-07 01:00:00+00:00,2024-03-07 01:00:00+00:00,2024-03-09 01:00:00+00:00,-1,5.953,6.7804023801642375,-821.4493801642373,5.632,tempo,0.38796117547581016,0.3788601018258827,192,48.0,0.8274023801642372
NEAR,2024-03-12 22:00:00+00:00,2024-03-12 22:00:00+00:00,2024-03-14 22:00:00+00:00,-1,7.916,9.027592110295618,-1103.676110295618,8.761,tempo,-0.7601709225655432,-0.7699227460083321,192,48.0,1.1115921102956179
NEAR,2024-03-17 20:00:00+00:00,2024-03-17 20:00:00+00:00,2024-03-19 20:00:00+00:00,-1,8.197,9.44858584464217,-1243.3888446421718,6.721,tempo,1.1793038458516503,1.1715563149559391,192,48.0,1.2515858446421717
NEAR,2024-04-12 19:00:00+00:00,2024-04-12 19:00:00+00:00,2024-04-13 20:00:00+00:00,1,5.595,5.009426636699978,591.1683633000222,5.009426636699978,stop,-1.0,-1.0117711592532315,100,25.0,0.5855733633000222
NEAR,2024-04-13 21:00:00+00:00,2024-04-13 21:00:00+00:00,2024-04-15 21:00:00+00:00,1,4.474,3.9213585023439794,557.1154976560208,5.128,tempo,1.1834073314687408,1.1721137532150774,192,48.0,0.5526414976560208
NEAR,2024-04-22 18:00:00+00:00,2024-04-22 18:00:00+00:00,2024-04-24 18:00:00+00:00,-1,7.183,8.051681996828906,-861.4989968289061,7.241,tempo,-0.06676781631451652,-0.07756071870483347,192,48.0,0.8686819968289061
NEAR,2024-06-07 19:00:00+00:00,2024-06-07 19:00:00+00:00,2024-06-09 19:00:00+00:00,1,6.675,6.242517608010239,439.1573919897609,6.617,tempo,-0.1341095061307675,-0.1540867356319504,192,48.0,0.4324823919897609
NEAR,2024-06-14 15:00:00+00:00,2024-06-14 15:00:00+00:00,2024-06-16 15:00:00+00:00,1,5.697,5.301156216743092,401.5407832569084,5.615,tempo,-0.20715242595279224,-0.22572743031310558,192,48.0,0.3958437832569084
NEAR,2024-06-17 20:00:00+00:00,2024-06-17 20:00:00+00:00,2024-06-18 01:30:00+00:00,1,5.285,4.930072310355124,360.2126896448763,4.930072310355124,stop,-1.0,-1.0187074640707077,22,5.5,0.3549276896448763
NEAR,2024-06-18 02:00:00+00:00,2024-06-18 02:00:00+00:00,2024-06-20 02:00:00+00:00,1,4.706,4.343728630932911,366.97736906708957,5.028,tempo,0.8888364565745396,0.8713713722751831,192,48.0,0.36227136906708957
NEAR,2024-06-24 11:00:00+00:00,2024-06-24 11:00:00+00:00,2024-06-26 11:00:00+00:00,-1,5.427,5.885034529762584,-452.6075297625845,5.268,tempo,0.3471354006485387,0.33195805145697593,192,48.0,0.4580345297625845
NEAR,2024-07-05 03:00:00+00:00,2024-07-05 03:00:00+00:00,2024-07-07 03:00:00+00:00,1,4.081,3.732038941614095,353.04205838590553,4.801,tempo,2.063267469815424,2.0467232169216945,192,48.0,0.3489610583859055
NEAR,2024-07-12 01:00:00+00:00,2024-07-12 01:00:00+00:00,2024-07-14 01:00:00+00:00,-1,4.966,5.389759767142162,-418.79376714216176,5.277,tempo,-0.733906387804075,-0.7496180020634967,192,48.0,0.4237597671421618
NEAR,2024-07-16 14:00:00+00:00,2024-07-16 14:00:00+00:00,2024-07-18 14:00:00+00:00,-1,6.122,6.612272227245664,-484.1502272456641,6.145,tempo,-0.046912712411251715,-0.06317622797850134,192,48.0,0.4902722272456641
NEAR,2024-07-25 20:00:00+00:00,2024-07-25 20:00:00+00:00,2024-07-27 20:00:00+00:00,1,5.199,4.809446649142865,394.75235085713473,5.668,tempo,1.2039429232685561,1.1858104903567148,192,48.0,0.3895533508571347
NEAR,2024-08-23 10:00:00+00:00,2024-08-23 10:00:00+00:00,2024-08-24 09:30:00+00:00,-1,4.533,4.864886728227393,-327.35372822739293,4.864886728227393,stop,-1.0,-1.0184057567049276,94,23.5,0.33188672822739296
NEAR,2024-08-24 20:00:00+00:00,2024-08-24 20:00:00+00:00,2024-08-26 20:00:00+00:00,-1,5.242,5.627175067516608,-379.93306751660765,4.778,tempo,1.204647027107989,1.187737832953777,192,48.0,0.3851750675166077
NEAR,2024-09-14 03:00:00+00:00,2024-09-14 03:00:00+00:00,2024-09-16 03:00:00+00:00,1,4.219,3.9209279932222247,302.2910067777756,3.9209279932222247,stop,-1.0,-1.017750587359044,192,48.0,0.29807200677777557
NEAR,2024-09-18 10:00:00+00:00,2024-09-18 10:00:00+00:00,2024-09-20 10:00:00+00:00,1,3.961,3.6963634345702836,268.59756542971627,4.474,tempo,1.9385076252293107,1.9177895888117162,192,48.0,0.26463656542971625
NEAR,2024-09-23 13:00:00+00:00,2024-09-23 13:00:00+00:00,2024-09-23 21:00:00+00:00,-1,4.869,5.239933668653372,-366.0646686533727,5.239933668653372,stop,-1.0,-1.0177142369105483,32,8.0,0.37093366865337263
NEAR,2024-09-23 21:00:00+00:00,2024-09-23 21:00:00+00:00,2024-09-25 21:00:00+00:00,-1,5.206,5.608568207690763,-397.36220769076283,5.239,tempo,-0.08197368637055608,-0.09883853031574719,192,48.0,0.40256820769076285
NEAR,2024-09-27 15:00:00+00:00,2024-09-27 15:00:00+00:00,2024-09-29 15:00:00+00:00,1,5.504,5.073893566653172,435.6104333468272,5.489,tempo,-0.034875088668818055,-0.05148830215739214,192,48.0,0.4301064333468272
NEAR,2024-10-16 11:00:00+00:00,2024-10-16 11:00:00+00:00,2024-10-18 11:00:00+00:00,1,4.97,4.586624807320805,388.34519267919444,4.789,tempo,-0.47212235808762815,-0.4886684208510268,192,48.0,0.3833751926791944
NEAR,2024-10-26 00:00:00+00:00,2024-10-26 00:00:00+00:00,2024-10-28 00:00:00+00:00,1,4.167,3.8854028963590044,285.7641036409954,4.305,tempo,0.4900618586472904,0.4705062597835303,192,48.0,0.28159710364099544
NEAR,2024-10-28 17:00:00+00:00,2024-10-28 17:00:00+00:00,2024-10-30 17:00:00+00:00,1,4.122,3.862817939024497,263.3040609755029,4.34,tempo,0.8411075950993563,0.8198858331483242,192,48.0,0.2591820609755029
NEAR,2024-11-09 21:00:00+00:00,2024-11-09 21:00:00+00:00,2024-11-10 13:00:00+00:00,-1,4.547,4.884193566342428,-332.6465663424281,4.884193566342428,stop,-1.0,-1.0181802870221348,64,16.0,0.33719356634242814
NEAR,2024-11-12 11:00:00+00:00,2024-11-12 11:00:00+00:00,2024-11-14 11:00:00+00:00,1,5.204,4.699627768995248,509.5762310047514,5.225,tempo,0.041635916311582345,0.028195743393069433,192,48.0,0.5043722310047514
NEAR,2024-11-14 22:00:00+00:00,2024-11-14 22:00:00+00:00,2024-11-16 07:00:00+00:00,-1,5.621,6.203313428622163,-576.6924286221628,6.203313428622163,stop,-1.0,-1.0131987403189209,132,33.0,0.5823134286221627
NEAR,2024-11-21 10:00:00+00:00,2024-11-21 10:00:00+00:00,2024-11-23 10:00:00+00:00,1,5.42,4.853616457213007,571.8035427869931,6.272,tempo,1.5042809962443107,1.4908628803813324,192,48.0,0.5663835427869932
NEAR,2024-11-23 14:00:00+00:00,2024-11-23 14:00:00+00:00,2024-11-25 00:15:00+00:00,-1,6.365,7.027871875742499,-656.5068757424989,7.027871875742499,stop,-1.0,-1.01313280444955,137,34.25,0.662871875742499
NEAR,2024-12-03 01:00:00+00:00,2024-12-03 01:00:00+00:00,2024-12-05 01:00:00+00:00,-1,7.602,8.394259834199753,-784.6578341997524,7.344,tempo,0.32565073838509206,0.3133884734302962,192,48.0,0.7922598341997524
NEAR,2024-12-06 02:00:00+00:00,2024-12-06 02:00:00+00:00,2024-12-08 02:00:00+00:00,-1,8.121,8.990177806668834,-861.0568066688336,7.726,tempo,0.45445246872312267,0.44260155637703164,192,48.0,0.8691778066688336
NEAR,2024-12-09 22:00:00+00:00,2024-12-09 22:00:00+00:00,2024-12-11 22:00:00+00:00,1,6.434,5.766028924353018,674.4050756469825,6.877,tempo,0.6632023693105562,0.650249488092429,192,48.0,0.6679710756469825
NEAR,2024-12-23 21:00:00+00:00,2024-12-23 21:00:00+00:00,2024-12-25 21:00:00+00:00,-1,5.492,6.108916099689827,-611.4240996898269,5.38,tempo,0.18154818792427604,0.17009314565263967,192,48.0,0.6169160996898269
NEAR,2025-01-13 07:00:00+00:00,2025-01-13 07:00:00+00:00,2025-01-15 07:00:00+00:00,1,4.679,4.333790980030588,349.8880199694124,4.993,tempo,0.9095938455716548,0.8913822704495533,192,48.0,0.34520901996941245
NEAR,2025-01-18 23:00:00+00:00,2025-01-18 23:00:00+00:00,2025-01-19 23:00:00+00:00,1,5.352,4.926445841523529,430.90615847647103,4.926445841523529,stop,-1.0,-1.0156995053717932,96,24.0,0.42555415847647104
NEAR,2025-01-20 01:00:00+00:00,2025-01-20 01:00:00+00:00,2025-01-22 01:00:00+00:00,1,4.755,4.324288177075024,435.46682292497576,5.252,tempo,1.153903778690957,1.138801917878715,192,48.0,0.4307118229249758
NEAR,2025-02-01 21:00:00+00:00,2025-02-01 21:00:00+00:00,2025-02-02 17:00:00+00:00,1,4.308,3.9710439287064143,341.2640712935855,3.9710439287064143,stop,-1.0,-1.015970564153956,80,20.0,0.3369560712935855
NEAR,2025-02-02 18:00:00+00:00,2025-02-02 18:00:00+00:00,2025-02-03 00:45:00+00:00,1,3.791,3.4789599822011,315.8310177988998,3.4789599822011,stop,-1.0,-1.0151438075852057,27,6.75,0.3120400177988998
NEAR,2025-02-03 01:00:00+00:00,2025-02-03 01:00:00+00:00,2025-02-03 02:00:00+00:00,1,3.596,3.282750562915001,316.8454370849992,3.282750562915001,stop,-1.0,-1.0142735703134926,4,1.0,0.3132494370849992
NEAR,2025-02-03 02:00:00+00:00,2025-02-03 02:00:00+00:00,2025-02-03 02:15:00+00:00,1,3.119,2.776492244243543,345.6267557564573,2.776492244243543,stop,-1.0,-1.0111882720737078,1,0.25,0.3425077557564573
NEAR,2025-02-03 03:00:00+00:00,2025-02-03 03:00:00+00:00,2025-02-05 03:00:00+00:00,1,2.967,2.6344326237002407,335.5343762997594,3.405,tempo,1.3170263568041884,1.3045723390767647,192,48.0,0.3325673762997594
NEAR,2025-02-21 09:00:00+00:00,2025-02-21 09:00:00+00:00,2025-02-23 09:00:00+00:00,-1,3.553,3.8615497914251264,-304.9967914251265,3.467,tempo,0.2787232478841874,0.2639347109063322,192,48.0,0.3085497914251265
NEAR,2025-02-26 04:00:00+00:00,2025-02-26 04:00:00+00:00,2025-02-28 04:00:00+00:00,-1,3.051,3.3261515686332883,-272.10056863328816,2.844,tempo,0.7523126291018252,0.7383866681522555,192,48.0,0.27515156863328816
NEAR,2025-02-28 09:00:00+00:00,2025-02-28 09:00:00+00:00,2025-02-28 19:00:00+00:00,-1,2.831,3.0844542985632515,-250.62329856325152,3.0844542985632515,stop,-1.0,-1.0151705665118422,40,10.0,0.2534542985632515
NEAR,2025-03-02 18:00:00+00:00,2025-03-02 18:00:00+00:00,2025-03-03 18:30:00+00:00,1,3.485,3.1722868457927196,316.1981542072803,3.1722868457927196,stop,-1.0,-1.0138377180222389,98,24.5,0.3127131542072803
NEAR,2025-03-04 19:00:00+00:00,2025-03-04 19:00:00+00:00,2025-03-06 19:00:00+00:00,1,2.798,2.5267763247795383,274.02167522046176,3.109,tempo,1.1466550615362259,1.1324986646181505,192,48.0,0.27122367522046176
NEAR,2025-03-11 01:00:00+00:00,2025-03-11 01:00:00+00:00,2025-03-13 01:00:00+00:00,1,2.206,1.9789357091711608,229.27029082883917,2.532,tempo,1.4357167250298222,1.422153606017324,192,48.0,0.22706429082883917
NEAR,2025-03-28 21:00:00+00:00,2025-03-28 21:00:00+00:00,2025-03-30 21:00:00+00:00,1,2.678,2.490952930552749,189.7250694472508,2.615,tempo,-0.336813616947719,-0.35520711549419176,192,48.0,0.1870470694472508
TRX,2023-01-06 03:00:00+00:00,2023-01-06 03:00:00+00:00,2023-01-06 04:00:00+00:00,1,0.05264,0.051319653967747535,1.3729860322524645,0.051319653967747535,stop,-1.0,-1.0511788375383364,4,1.0,0.0013203460322524646
TRX,2023-01-06 04:00:00+00:00,2023-01-06 04:00:00+00:00,2023-01-06 04:15:00+00:00,1,0.05139,0.04997964401626605,1.4617459837339506,0.04997964401626605,stop,-1.0,-1.0467188918049803,1,0.25,0.0014103559837339505
TRX,2023-01-06 05:00:00+00:00,2023-01-06 05:00:00+00:00,2023-01-08 05:00:00+00:00,1,0.05055,0.04910886590148754,1.4916840985124589,0.05171,tempo,0.804921624710258,0.758798921716408,192,48.0,0.0014411340985124588
TRX,2023-01-09 02:00:00+00:00,2023-01-09 02:00:00+00:00,2023-01-09 02:45:00+00:00,-1,0.05479,0.056850609009529346,-2.0058190095293473,0.056850609009529346,stop,-1.0,-1.0352159946504207,3,0.75,0.0020606090095293475
TRX,2023-01-09 03:00:00+00:00,2023-01-09 03:00:00+00:00,2023-01-11 03:00:00+00:00,-1,0.05557,0.05768948295459978,-2.0639129545997803,0.05473,tempo,0.3963230740671924,0.36249642788237413,192,48.0,0.00211948295459978
TRX,2023-01-21 16:00:00+00:00,2023-01-21 16:00:00+00:00,2023-01-23 16:00:00+00:00,1,0.06209,0.05951777032401741,2.6343196759825918,0.06172,tempo,-0.1438440756106518,-0.17513074520762625,192,48.0,0.0025722296759825916
TRX,2023-01-25 01:00:00+00:00,2023-01-25 01:00:00+00:00,2023-01-27 01:00:00+00:00,1,0.05982,0.057403505263259984,2.4763147367400147,0.06176,tempo,0.8028157357450618,0.7701125815446882,192,48.0,0.0024164947367400144
TRX,2023-02-08 14:00:00+00:00,2023-02-08 14:00:00+00:00,2023-02-10 14:00:00+00:00,-1,0.06799,0.07054772328839692,-2.489733288396929,0.06318,tempo,1.8805787247668593,1.8472441962090662,192,48.0,0.002557723288396929
TRX,2023-02-16 09:00:00+00:00,2023-02-16 09:00:00+00:00,2023-02-16 20:30:00+00:00,1,0.07066,0.06790797172760463,2.822688272395374,0.06790797172760463,stop,-1.0,-1.0327282908124147,46,11.5,0.0027520282723953737
TRX,2023-02-16 21:00:00+00:00,2023-02-16 21:00:00+00:00,2023-02-18 21:00:00+00:00,1,0.06823,0.0655779948303249,2.7202351696750924,0.06994,tempo,0.6447951231593949,0.6109299930959406,192,48.0,0.0026520051696750924
TRX,2023-03-09 22:00:00+00:00,2023-03-09 22:00:00+00:00,2023-03-11 22:00:00+00:00,1,0.05662,0.0532029439532386,3.473676046761395,0.05841,tempo,0.5238427393359614,0.5019614769344082,192,48.0,0.003417056046761395
TRX,2023-03-13 01:00:00+00:00,2023-03-13 01:00:00+00:00,2023-03-15 01:00:00+00:00,-1,0.06804,0.07276022812915726,-4.6521881291572615,0.0672,tempo,0.1779575005731723,0.15933424813819,192,48.0,0.004720228129157261
TRX,2023-03-22 20:00:00+00:00,2023-03-22 20:00:00+00:00,2023-03-24 20:00:00+00:00,1,0.05639,0.05120141733445447,5.244972665545533,0.06371,tempo,1.410789896171071,1.3957443615748149,192,48.0,0.0051885826655455325
TRX,2023-04-12 03:00:00+00:00,2023-04-12 03:00:00+00:00,2023-04-14 03:00:00+00:00,1,0.06309,0.060216569899237904,2.936520100762089,0.06577,tempo,0.9326832064887236,0.9035337241408546,192,48.0,0.0028734301007620894
TRX,2023-05-01 16:00:00+00:00,2023-05-01 16:00:00+00:00,2023-05-03 16:00:00+00:00,-1,0.06839,0.07050657476008684,-2.048184760086837,0.06847,tempo,-0.037796916748981065,-0.07982661571239036,192,48.0,0.0021165747600868368
TRX,2023-05-12 19:00:00+00:00,2023-05-12 19:00:00+00:00,2023-05-14 19:00:00+00:00,-1,0.06874,0.07055482789964486,-1.7460878996448637,0.06896,tempo,-0.12122361577262995,-0.17054234181685424,192,48.0,0.0018148278996448636
TRX,2023-05-20 15:00:00+00:00,2023-05-20 15:00:00+00:00,2023-05-21 13:45:00+00:00,-1,0.07251,0.07413644573622831,-1.5539357362283046,0.07413644573622831,stop,-1.0,-1.0586064370949098,91,22.75,0.0016264457362283047
TRX,2023-05-21 14:00:00+00:00,2023-05-21 14:00:00+00:00,2023-05-22 08:15:00+00:00,-1,0.07489,0.07685962156999404,-1.8947315699940428,0.07685962156999404,stop,-1.0,-1.0500792921458484,73,18.25,0.001969621569994043
TRX,2023-05-22 09:00:00+00:00,2023-05-22 09:00:00+00:00,2023-05-23 03:30:00+00:00,-1,0.07713,0.07933961195030098,-2.1324819503009773,0.07933961195030098,stop,-1.0,-1.046028556169712,74,18.5,0.002209611950300977
TRX,2023-05-23 04:00:00+00:00,2023-05-23 04:00:00+00:00,2023-05-25 04:00:00+00:00,-1,0.07919,0.08151403339773436,-2.2448433977343623,0.07723,tempo,0.8433613742000242,0.7996128634862288,192,48.0,0.0023240333977343625
TRX,2023-06-02 22:00:00+00:00,2023-06-02 22:00:00+00:00,2023-06-03 08:45:00+00:00,-1,0.08187,0.08504849726027282,-3.0966272602728195,0.08504849726027282,stop,-1.0,-1.0341346914390181,43,10.75,0.0031784972602728195
TRX,2023-06-03 09:00:00+00:00,2023-06-03 09:00:00+00:00,2023-06-05 09:00:00+00:00,-1,0.08438,0.08777664105161073,-3.3122610516107356,0.08131,tempo,0.9038340976725125,0.8721267437415083,192,48.0,0.0033966410516107354
TRX,2023-06-09 20:00:00+00:00,2023-06-09 20:00:00+00:00,2023-06-10 04:30:00+00:00,1,0.07223,0.068900135747534,3.402094252466008,0.068900135747534,stop,-1.0,-1.0275490474327778,34,8.5,0.0033298642524660083
TRX,2023-06-10 05:00:00+00:00,2023-06-10 05:00:00+00:00,2023-06-10 06:00:00+00:00,1,0.06788,0.06453982939039424,3.4080506096057586,0.06453982939039424,stop,-1.0,-1.0257690097793883,4,1.0,0.003340170609605758
TRX,2023-06-10 06:00:00+00:00,2023-06-10 06:00:00+00:00,2023-06-12 06:00:00+00:00,1,0.06501,0.06155129356302447,3.523716436975531,0.06973,tempo,1.3646720489315105,1.3393501542879787,192,48.0,0.003458706436975531
TRX,2023-07-10 01:00:00+00:00,2023-07-10 01:00:00+00:00,2023-07-12 01:00:00+00:00,1,0.07675,0.07458955176366867,2.237198236331325,0.07698,tempo,0.10645938936753832,0.060207644789902606,192,48.0,0.002160448236331325
TRX,2023-07-13 19:00:00+00:00,2023-07-13 19:00:00+00:00,2023-07-15 19:00:00+00:00,-1,0.08139,0.08360650019032383,-2.1351101903238225,0.08099,tempo,0.18046468109779817,0.1328459168582246,192,48.0,0.0022165001903238224
TRX,2023-07-22 04:00:00+00:00,2023-07-22 04:00:00+00:00,2023-07-24 04:00:00+00:00,-1,0.09084,0.09534311859468361,-4.412278594683608,0.08215,tempo,1.929773737307171,1.9048035976948696,192,48.0,0.004503118594683608
TRX,2023-07-31 08:00:00+00:00,2023-07-31 08:00:00+00:00,2023-08-02 08:00:00+00:00,1,0.07864,0.07557735234813545,3.14128765186455,0.0776,tempo,-0.33957546483247714,-0.37273500897336853,192,48.0,0.00306264765186455
TRX,2023-08-17 22:00:00+00:00,2023-08-17 22:00:00+00:00,2023-08-19 22:00:00+00:00,-1,0.07209,0.07417848711201247,-2.0163971120124686,0.07387,tempo,-0.852291589333675,-0.8977187310451598,192,48.0,0.0020884871120124687
TRX,2023-08-23 15:00:00+00:00,2023-08-23 15:00:00+00:00,2023-08-25 15:00:00+00:00,-1,0.07698,0.07898503129293555,-1.9280512929355413,0.07642,tempo,0.27929738651615554,0.22956748935628835,192,48.0,0.0020050312929355413
TRX,2023-08-29 15:00:00+00:00,2023-08-29 15:00:00+00:00,2023-08-30 15:00:00+00:00,1,0.07732,0.07546088961912345,1.9364303808765497,0.07546088961912345,stop,-1.0,-1.0534167197784179,96,24.0,0.0018591103808765497
TRX,2023-08-31 22:00:00+00:00,2023-08-31 22:00:00+00:00,2023-09-02 22:00:00+00:00,-1,0.0767,0.07859626951482288,-1.8195695148228708,0.07708,tempo,-0.2003934551653049,-0.2531058988441439,192,48.0,0.0018962695148228709
TRX,2023-09-12 14:00:00+00:00,2023-09-12 14:00:00+00:00,2023-09-14 14:00:00+00:00,-1,0.08253,0.08479961762272602,-2.187087622726011,0.08282,tempo,-0.12777482739655632,-0.17512972053970616,192,48.0,0.002269617622726011
TRX,2023-09-29 05:00:00+00:00,2023-09-29 05:00:00+00:00,2023-09-29 18:45:00+00:00,-1,0.08769,0.08954261566696614,-1.764925666966137,0.08954261566696614,stop,-1.0,-1.0621830000888326,55,13.75,0.001852615666966137
TRX,2023-09-29 19:00:00+00:00,2023-09-29 19:00:00+00:00,2023-10-01 19:00:00+00:00,-1,0.08959,0.0915013210359308,-1.8217310359307934,0.08871,tempo,0.4604145423280265,0.39977847030176933,192,48.0,0.0019113210359307936
TRX,2023-10-02 19:00:00+00:00,2023-10-02 19:00:00+00:00,2023-10-04 19:00:00+00:00,1,0.08742,0.08551666785474427,1.9907521452557317,0.08884,tempo,0.7460600103557928,0.6858661023794178,192,48.0,0.0019033321452557317
TRX,2023-10-06 10:00:00+00:00,2023-10-06 10:00:00+00:00,2023-10-08 10:00:00+00:00,1,0.08582,0.08339994643570274,2.505873564297253,0.08766,tempo,0.7603137497224431,0.71371891328429,192,48.0,0.002420053564297253
TRX,2023-10-23 05:00:00+00:00,2023-10-23 05:00:00+00:00,2023-10-25 05:00:00+00:00,1,0.09055,0.08879849178638169,1.8420582136183161,0.09285,tempo,1.3131539904392397,1.2450926481782563,192,48.0,0.0017515082136183163
TRX,2023-10-31 04:00:00+00:00,2023-10-31 04:00:00+00:00,2023-11-01 08:15:00+00:00,-1,0.09613,0.0980216760077269,-1.7955460077269112,0.0980216760077269,stop,-1.0,-1.0667125812716027,113,28.25,0.0018916760077269112
TRX,2023-11-01 10:00:00+00:00,2023-11-01 10:00:00+00:00,2023-11-01 13:00:00+00:00,-1,0.09825,0.10019113109559964,-1.842881095599638,0.10019113109559964,stop,-1.0,-1.0664492653301678,12,3.0,0.001941131095599638
TRX,2023-11-01 13:00:00+00:00,2023-11-01 13:00:00+00:00,2023-11-03 13:00:00+00:00,-1,0.10003,0.10216585350000054,-2.0358235000005482,0.09766,tempo,1.109626666809961,1.0494640667065518,192,48.0,0.002135853500000548
TRX,2023-11-10 12:00:00+00:00,2023-11-10 12:00:00+00:00,2023-11-12 12:00:00+00:00,-1,0.1076,0.1123220053942132,-4.614405394213206,0.10822,tempo,-0.1313001464928021,-0.16100849883223742,192,48.0,0.004722005394213205
TRX,2023-11-14 20:00:00+00:00,2023-11-14 20:00:00+00:00,2023-11-16 20:00:00+00:00,1,0.10225,0.09808432084667151,4.26792915332848,0.10193,tempo,-0.07681820616076471,-0.1086778369952604,192,48.0,0.00416567915332848
TRX,2023-11-21 19:00:00+00:00,2023-11-21 19:00:00+00:00,2023-11-23 19:00:00+00:00,1,0.09757,0.09417180482043211,3.4957651795678952,0.10172,tempo,1.2212365037042114,1.1831167097680457,192,48.0,0.003398195179567895
TRX,2023-11-26 02:00:00+00:00,2023-11-26 02:00:00+00:00,2023-11-28 02:00:00+00:00,-1,0.10974,0.11366997513179856,-3.8202351317985603,0.10041,tempo,2.37406082407705,2.3393029705489834,192,48.0,0.00392997513179856
TRX,2023-11-28 02:00:00+00:00,2023-11-28 02:00:00+00:00,2023-11-30 02:00:00+00:00,1,0.10041,0.0968279729183004,3.682437081699593,0.10343,tempo,0.8430980367035839,0.8061089249581938,192,48.0,0.003582027081699593
TRX,2023-12-16 00:00:00+00:00,2023-12-16 00:00:00+00:00,2023-12-18 00:00:00+00:00,1,0.10146,0.09855392900654188,3.007530993458118,0.10193,tempo,0.16173039167247916,0.11623821329913436,192,48.0,0.002906070993458118
TRX,2023-12-18 11:00:00+00:00,2023-12-18 11:00:00+00:00,2023-12-20 11:00:00+00:00,1,0.09848,0.0957047337526398,2.8737462473602,0.10215,tempo,1.3223956452793912,1.2754057393112543,192,48.0,0.0027752662473602002
TRX,2023-12-26 07:00:00+00:00,2023-12-26 07:00:00+00:00,2023-12-26 17:45:00+00:00,1,0.10436,0.10171898985851127,2.7453701414887224,0.10171898985851127,stop,-1.0,-1.0507197383697,43,10.75,0.0026410101414887227
TRX,2024-01-02 01:00:00+00:00,2024-01-02 01:00:00+00:00,2024-01-03 12:15:00+00:00,1,0.10829,0.10549933651732163,2.898953482678368,0.10549933651732163,stop,-1.0,-1.0497957097295327,141,35.25,0.0027906634826783683
TRX,2024-01-05 05:00:00+00:00,2024-01-05 05:00:00+00:00,2024-01-06 05:30:00+00:00,1,0.10549,0.10238858379373982,3.2069062062601854,0.10238858379373982,stop,-1.0,-1.0435675415615582,98,24.5,0.003101416206260185
TRX,2024-01-06 06:00:00+00:00,2024-01-06 06:00:00+00:00,2024-01-08 06:00:00+00:00,1,0.10226,0.09924782682051841,3.114433179481589,0.10268,tempo,0.1394342140953111,0.09520999720518983,192,48.0,0.0030121731794815892
TRX,2024-01-08 19:00:00+00:00,2024-01-08 19:00:00+00:00,2024-01-10 19:00:00+00:00,1,0.10398,0.1009900996320745,3.0938803679254994,0.10424,tempo,0.08695941938038347,0.041692693621924216,192,48.0,0.0029899003679254993
TRX,2024-01-12 15:00:00+00:00,2024-01-12 15:00:00+00:00,2024-01-13 09:15:00+00:00,-1,0.10772,0.11076799156860052,-2.9402715686005276,0.11076799156860052,stop,-1.0,-1.0465936966435891,73,18.25,0.0030479915686005277
TRX,2024-01-13 10:00:00+00:00,2024-01-13 10:00:00+00:00,2024-01-14 02:15:00+00:00,-1,0.11304,0.11662836390932113,-3.47532390932113,0.11662836390932113,stop,-1.0,-1.0416023681860354,65,16.25,0.0035883639093211295
TRX,2024-01-14 03:00:00+00:00,2024-01-14 03:00:00+00:00,2024-01-16 03:00:00+00:00,-1,0.11731,0.12118456974424302,-3.757259744243023,0.10861,tempo,2.2454106066684636,2.2075101403732855,192,48.0,0.0038745697442430227
TRX,2024-01-16 12:00:00+00:00,2024-01-16 12:00:00+00:00,2024-01-18 12:00:00+00:00,1,0.10911,0.10521406488142879,4.0050451185712115,0.10939,tempo,0.07186978003439883,0.03541511750087953,192,48.0,0.0038959351185712116
TRX,2024-01-25 23:00:00+00:00,2024-01-25 23:00:00+00:00,2024-01-27 01:00:00+00:00,-1,0.11235,0.11562843154116906,-3.166081541169052,0.11562843154116906,stop,-1.0,-1.0452002668473956,104,26.0,0.0032784315411690523
TRX,2024-01-28 01:00:00+00:00,2024-01-28 01:00:00+00:00,2024-01-30 01:00:00+00:00,1,0.11196,0.10872527004295561,3.3466899570443935,0.11218,tempo,0.06801185969817841,0.02297224219232659,192,48.0,0.003234729957044394
TRX,2024-02-02 03:00:00+00:00,2024-02-02 03:00:00+00:00,2024-02-04 03:00:00+00:00,-1,0.11716,0.12031436600767141,-3.0372060076714105,0.11708,tempo,0.025361673250801246,-0.022906663280125656,192,48.0,0.003154366007671411
TRX,2024-02-06 09:00:00+00:00,2024-02-06 09:00:00+00:00,2024-02-08 09:00:00+00:00,-1,0.12475,0.12842047025710587,-3.5457202571058732,0.12194,tempo,0.7655694783413524,0.721883386705118,192,48.0,0.0036704702571058734
TRX,2024-02-09 06:00:00+00:00,2024-02-09 06:00:00+00:00,2024-02-11 06:00:00+00:00,1,0.12232,0.11833126352659747,4.111056473402532,0.12474,tempo,0.6067084191038724,0.5664477999652479,192,48.0,0.003988736473402532
TRX,2024-02-17 11:00:00+00:00,2024-02-17 11:00:00+00:00,2024-02-19 11:00:00+00:00,-1,0.13646,0.13988004336245485,-3.283583362454855,0.13592,tempo,0.15789273490742559,0.1061252626163964,192,48.0,0.0034200433624548554
TRX,2024-02-29 00:00:00+00:00,2024-02-29 00:00:00+00:00,2024-03-02 00:00:00+00:00,1,0.14225,0.13944689333456792,2.9453566654320698,0.14162,tempo,-0.2247506339195564,-0.2905759920036587,192,48.0,0.00280310666543207
TRX,2024-03-11 03:00:00+00:00,2024-03-11 03:00:00+00:00,2024-03-12 17:30:00+00:00,1,0.13295,0.1305293019207944,2.5536480792056135,0.1305293019207944,stop,-1.0,-1.0707488256051818,154,38.5,0.002420698079205613
TRX,2024-03-18 19:00:00+00:00,2024-03-18 19:00:00+00:00,2024-03-19 06:45:00+00:00,1,0.12295,0.1205628457581192,2.5101042418808093,0.1205628457581192,stop,-1.0,-1.0663062934794143,47,11.75,0.0023871542418808095
TRX,2024-03-19 07:00:00+00:00,2024-03-19 07:00:00+00:00,2024-03-19 09:45:00+00:00,1,0.12109,0.11868463990407285,2.5264500959271508,0.11868463990407285,stop,-1.0,-1.0647942552142378,11,2.75,0.0024053600959271504
TRX,2024-03-19 10:00:00+00:00,2024-03-19 10:00:00+00:00,2024-03-19 14:15:00+00:00,1,0.11851,0.116016220903276,2.6122890967240053,0.116016220903276,stop,-1.0,-1.061128928294967,17,4.25,0.0024937790967240053
TRX,2024-03-19 15:00:00+00:00,2024-03-19 15:00:00+00:00,2024-03-19 22:30:00+00:00,1,0.11717,0.11446891427289449,2.818255727105506,0.11446891427289449,stop,-1.0,-1.0557425085647791,30,7.5,0.0027010857271055067
TRX,2024-03-19 23:00:00+00:00,2024-03-19 23:00:00+00:00,2024-03-21 23:00:00+00:00,1,0.11237,0.10923330825826805,3.2490617417319503,0.12088,tempo,2.7130495122549516,2.664714351364616,192,48.0,0.0031366917417319506
TRX,2024-04-11 04:00:00+00:00,2024-04-11 04:00:00+00:00,2024-04-12 18:30:00+00:00,1,0.11986,0.1163912383039801,3.5886216960198953,0.1163912383039801,stop,-1.0,-1.04427035304091,154,38.5,0.0034687616960198953
TRX,2024-04-13 02:00:00+00:00,2024-04-13 02:00:00+00:00,2024-04-13 20:15:00+00:00,1,0.11372,0.10984518053065989,3.9885394693401097,0.10984518053065989,stop,-1.0,-1.0375030032998356,73,18.25,0.00387481946934011
TRX,2024-04-18 14:00:00+00:00,2024-04-18 14:00:00+00:00,2024-04-20 14:00:00+00:00,1,0.10787,0.10394597967176694,4.031890328233052,0.10954,tempo,0.4255839318630618,0.3895707392240641,192,48.0,0.003924020328233052
TRX,2024-04-25 12:00:00+00:00,2024-04-25 12:00:00+00:00,2024-04-26 12:45:00+00:00,-1,0.11523,0.11881552359424413,-3.4702935942441333,0.11881552359424413,stop,-1.0,-1.0424288353813858,99,24.75,0.0035855235942441332
TRX,2024-04-26 17:00:00+00:00,2024-04-26 17:00:00+00:00,2024-04-28 17:00:00+00:00,-1,0.11954,0.12319295554115295,-3.533415541152955,0.12039,tempo,-0.2326882959357683,-0.2753809863457855,192,48.0,0.003652955541152955
TRX,2024-05-01 01:00:00+00:00,2024-05-01 01:00:00+00:00,2024-05-02 14:30:00+00:00,-1,0.11973,0.12321085877453494,-3.3611287745349396,0.12321085877453494,stop,-1.0,-1.04536568945534,150,37.5,0.0034808587745349395
TRX,2024-05-08 01:00:00+00:00,2024-05-08 01:00:00+00:00,2024-05-09 08:45:00+00:00,-1,0.12143,0.12451929297652842,-2.967862976528421,0.12451929297652842,stop,-1.0,-1.0517487469299183,127,31.75,0.003089292976528421
TRX,2024-05-09 09:00:00+00:00,2024-05-09 09:00:00+00:00,2024-05-11 09:00:00+00:00,-1,0.1247,0.1278236216012934,-2.9989216012933975,0.12684,tempo,-0.6851021900712602,-0.737445598098756,192,48.0,0.003123621601293397
TRX,2024-05-16 09:00:00+00:00,2024-05-16 09:00:00+00:00,2024-05-18 09:00:00+00:00,1,0.12454,0.12176760535475832,2.8969346452416773,0.12441,tempo,-0.04689087111862416,-0.10525828294353552,192,48.0,0.002772394645241677
TRX,2024-05-22 18:00:00+00:00,2024-05-22 18:00:00+00:00,2024-05-23 10:00:00+00:00,1,0.1206,0.11811895663037464,2.6016433696253602,0.11811895663037464,stop,-1.0,-1.062541156559135,64,16.0,0.0024810433696253603
TRX,2024-05-23 10:00:00+00:00,2024-05-23 10:00:00+00:00,2024-05-23 14:00:00+00:00,1,0.11804,0.11563799342304924,2.5200465769507634,0.11563799342304924,stop,-1.0,-1.0632349208293177,16,4.0,0.002402006576950763
TRX,2024-05-23 14:00:00+00:00,2024-05-23 14:00:00+00:00,2024-05-23 20:15:00+00:00,1,0.11585,0.1134166505629907,2.549199437009291,0.1134166505629907,stop,-1.0,-1.061242056154952,25,6.25,0.002433349437009291
TRX,2024-05-23 21:00:00+00:00,2024-05-23 21:00:00+00:00,2024-05-25 21:00:00+00:00,1,0.11451,0.11211185796032774,2.5126520396722576,0.11344,tempo,-0.4461787426679002,-0.5079630313167283,192,48.0,0.0023981420396722575
TRX,2024-06-09 11:00:00+00:00,2024-06-09 11:00:00+00:00,2024-06-11 11:00:00+00:00,-1,0.11613,0.11831377613718558,-2.0676461371855805,0.11744,tempo,-0.5998783381195449,-0.6694003451672381,192,48.0,0.0021837761371855807
TRX,2024-06-18 02:00:00+00:00,2024-06-18 02:00:00+00:00,2024-06-20 02:00:00+00:00,1,0.11424,0.1119301239639017,2.4241160360982934,0.11594,tempo,0.7359702310568783,0.6711974910215627,192,48.0,0.0023098760360982934
TRX,2024-06-21 12:00:00+00:00,2024-06-21 12:00:00+00:00,2024-06-23 12:00:00+00:00,-1,0.11838,0.12065217764691638,-2.1537976469163818,0.12046,tempo,-0.9154213812563505,-0.9837461445998714,192,48.0,0.002272177646916382
TRX,2024-06-25 06:00:00+00:00,2024-06-25 06:00:00+00:00,2024-06-26 07:15:00+00:00,-1,0.12044,0.1226135309351526,-2.053090935152601,0.1226135309351526,stop,-1.0,-1.0726857817170923,101,25.25,0.002173530935152601
TRX,2024-06-26 10:00:00+00:00,2024-06-26 10:00:00+00:00,2024-06-28 10:00:00+00:00,-1,0.12424,0.12649111092245052,-2.1268709224505193,0.12251,tempo,0.7685094424919595,0.6972612874586194,192,48.0,0.0022511109224505194
TRX,2024-06-29 06:00:00+00:00,2024-06-29 06:00:00+00:00,2024-07-01 06:00:00+00:00,-1,0.12464,0.12683021640056721,-2.0655764005672133,0.12516,tempo,-0.23741946223456517,-0.3115536893173092,192,48.0,0.002190216400567213
TRX,2024-07-01 14:00:00+00:00,2024-07-01 14:00:00+00:00,2024-07-03 14:00:00+00:00,-1,0.12868,0.13107055340248305,-2.2618734024830642,0.12913,tempo,-0.18824093179955387,-0.2583403907055706,192,48.0,0.0023905534024830644
TRX,2024-07-05 07:00:00+00:00,2024-07-05 07:00:00+00:00,2024-07-07 07:00:00+00:00,1,0.12192,0.11926802985539398,2.773890144606025,0.13004,tempo,3.0618745902987117,3.0001189931125563,192,48.0,0.002651970144606025
TRX,2024-07-07 23:00:00+00:00,2024-07-07 23:00:00+00:00,2024-07-09 23:00:00+00:00,1,0.12463,0.12156112000998748,3.193509990012527,0.12983,tempo,1.6944292435426158,1.640533685378634,192,48.0,0.003068879990012527
TRX,2024-07-11 06:00:00+00:00,2024-07-11 06:00:00+00:00,2024-07-12 11:45:00+00:00,-1,0.1333,0.13648575097404814,-3.052450974048135,0.13648575097404814,stop,-1.0,-1.0550453376807103,119,29.75,0.003185750974048135
TRX,2024-07-12 13:00:00+00:00,2024-07-12 13:00:00+00:00,2024-07-13 07:00:00+00:00,-1,0.13685,0.14006769905225042,-3.080849052250417,0.14006769905225042,stop,-1.0,-1.0559395087797523,72,18.0,0.0032176990522504167
TRX,2024-07-13 07:00:00+00:00,2024-07-13 07:00:00+00:00,2024-07-15 07:00:00+00:00,-1,0.14007,0.1433261224208721,-3.1160524208720872,0.13863,tempo,0.44224381453518,0.386608621325374,192,48.0,0.0032561224208720874
TRX,2024-07-16 05:00:00+00:00,2024-07-16 05:00:00+00:00,2024-07-18 05:00:00+00:00,1,0.13531,0.13232238685090764,3.1229231490923772,0.13374,tempo,-0.5255031095565282,-0.5840389678731006,192,48.0,0.0029876131490923774
TRX,2024-07-23 01:00:00+00:00,2024-07-23 01:00:00+00:00,2024-07-25 01:00:00+00:00,1,0.1328,0.12993439444048976,2.998405559510237,0.1346,tempo,0.6281394848730107,0.5674856382809117,192,48.0,0.002865605559510237
TRX,2024-07-30 17:00:00+00:00,2024-07-30 17:00:00+00:00,2024-07-31 15:15:00+00:00,1,0.13293,0.1300038909838156,3.059039016184397,0.1300038909838156,stop,-1.0,-1.0584076082586766,89,22.25,0.0029261090161843972
TRX,2024-08-02 16:00:00+00:00,2024-08-02 16:00:00+00:00,2024-08-04 16:00:00+00:00,1,0.12312,0.12014556096103773,3.0975590389622596,0.12672,tempo,1.2103122480721595,1.1557150625616246,192,48.0,0.0029744390389622594
TRX,2024-08-05 10:00:00+00:00,2024-08-05 10:00:00+00:00,2024-08-07 10:00:00+00:00,1,0.12002,0.11670176457187353,3.4382554281264675,0.12406,tempo,1.2175145758964592,1.1697024168630124,192,48.0,0.0033182354281264675
TRX,2024-08-14 09:00:00+00:00,2024-08-14 09:00:00+00:00,2024-08-16 09:00:00+00:00,-1,0.13075,0.1338134483759269,-2.932698375926897,0.13159,tempo,-0.27420080148922094,-0.32986389062105786,192,48.0,0.003063448375926897
TRX,2024-08-16 23:00:00+00:00,2024-08-16 23:00:00+00:00,2024-08-18 23:00:00+00:00,-1,0.13398,0.13695690127151716,-2.8429212715171737,0.13518,tempo,-0.4031037278533689,-0.4618742358557505,192,48.0,0.002976901271517174
TRX,2024-08-19 10:00:00+00:00,2024-08-19 10:00:00+00:00,2024-08-19 15:30:00+00:00,-1,0.13619,0.1390795302813019,-2.7533402813018997,0.1390795302813019,stop,-1.0,-1.0619218963859518,22,5.5,0.0028895302813018997
TRX,2024-08-19 16:00:00+00:00,2024-08-19 16:00:00+00:00,2024-08-19 18:45:00+00:00,-1,0.13936,0.14248240120240455,-2.9830412024045345,0.14248240120240455,stop,-1.0,-1.058672011988877,11,2.75,0.0031224012024045344
TRX,2024-08-19 19:00:00+00:00,2024-08-19 19:00:00+00:00,2024-08-20 07:30:00+00:00,-1,0.14152,0.14476200435864386,-3.1004843586438575,0.14476200435864386,stop,-1.0,-1.0573976103199805,50,12.5,0.0032420043586438574
TRX,2024-08-20 08:00:00+00:00,2024-08-20 08:00:00+00:00,2024-08-20 12:00:00+00:00,-1,0.14517,0.14855597793014497,-3.2408079301449733,0.14855597793014497,stop,-1.0,-1.0563860396002107,16,4.0,0.0033859779301449733
TRX,2024-08-20 12:00:00+00:00,2024-08-20 12:00:00+00:00,2024-08-20 13:00:00+00:00,-1,0.14827,0.15178992996574997,-3.371659965749957,0.15178992996574997,stop,-1.0,-1.0554098963262135,4,1.0,0.003519929965749957
TRX,2024-08-20 13:00:00+00:00,2024-08-20 13:00:00+00:00,2024-08-20 14:00:00+00:00,-1,0.15054,0.15426274636743736,-3.5722063674373574,0.15426274636743736,stop,-1.0,-1.0532192541699306,4,1.0,0.0037227463674373573
TRX,2024-08-20 14:00:00+00:00,2024-08-20 14:00:00+00:00,2024-08-20 19:45:00+00:00,-1,0.15443,0.15867444592478214,-4.090015924782126,0.15867444592478214,stop,-1.0,-1.0479492243411148,23,5.75,0.004244445924782125
TRX,2024-08-20 20:00:00+00:00,2024-08-20 20:00:00+00:00,2024-08-21 00:00:00+00:00,-1,0.15701,0.16190126187752224,-4.7342518775222295,0.16190126187752224,stop,-1.0,-1.04238013122401,16,4.0,0.004891261877522229
TRX,2024-08-21 00:00:00+00:00,2024-08-21 00:00:00+00:00,2024-08-21 08:00:00+00:00,-1,0.1615,0.1666709660544227,-5.009466054422687,0.1666709660544227,stop,-1.0,-1.0412516975919677,32,8.0,0.005170966054422688
TRX,2024-08-21 08:00:00+00:00,2024-08-21 08:00:00+00:00,2024-08-23 08:00:00+00:00,-1,0.16158,0.16685861332514057,-5.117033325140569,0.15439,tempo,1.3621001496275602,1.3231921093242802,192,48.0,0.005278613325140569
TRX,2024-09-13 18:00:00+00:00,2024-09-13 18:00:00+00:00,2024-09-15 18:00:00+00:00,1,0.14859,0.1450577254882942,3.6808645117057908,0.14889,tempo,0.08493111138610798,0.03018961285330498,192,48.0,0.0035322745117057908
TRX,2024-09-27 01:00:00+00:00,2024-09-27 01:00:00+00:00,2024-09-29 01:00:00+00:00,-1,0.15368,0.15617802536604128,-2.3443453660412676,0.15473,tempo,-0.420332000737037,-0.5005819864758481,192,48.0,0.0024980253660412677
TRX,2024-10-04 00:00:00+00:00,2024-10-04 00:00:00+00:00,2024-10-06 00:00:00+00:00,-1,0.15773,0.16034642883905248,-2.45869883905247,0.15339,tempo,1.6587494890828847,1.5814578780971122,192,48.0,0.0026164288390524704
TRX,2024-10-08 19:00:00+00:00,2024-10-08 19:00:00+00:00,2024-10-09 15:15:00+00:00,-1,0.15917,0.16164847358834758,-2.319303588347574,0.16164847358834758,stop,-1.0,-1.084137272558735,81,20.25,0.002478473588347574
TRX,2024-10-09 16:00:00+00:00,2024-10-09 16:00:00+00:00,2024-10-11 16:00:00+00:00,-1,0.16165,0.16420064486841243,-2.388994868412444,0.16105,tempo,0.23523462926198643,0.1529985631605717,192,48.0,0.002550644868412444
TRX,2024-10-12 09:00:00+00:00,2024-10-12 09:00:00+00:00,2024-10-14 09:00:00+00:00,-1,0.16309,0.1657079839122845,-2.4548939122844886,0.16004,tempo,1.1650186182154776,1.0847910434720098,192,48.0,0.0026179839122844883
TRX,2024-10-14 10:00:00+00:00,2024-10-14 10:00:00+00:00,2024-10-16 10:00:00+00:00,1,0.15994,0.15737848064666088,2.7214593533391205,0.15943,tempo,-0.19910058432125047,-0.2801425252027009,192,48.0,0.00256151935333912
TRX,2024-10-22 02:00:00+00:00,2024-10-22 02:00:00+00:00,2024-10-22 17:00:00+00:00,-1,0.1581,0.1603835077986813,-2.1254077986813056,0.1603835077986813,stop,-1.0,-1.0906562614713602,60,15.0,0.0022835077986813057
TRX,2024-10-23 01:00:00+00:00,2024-10-23 01:00:00+00:00,2024-10-24 05:00:00+00:00,-1,0.16042,0.16271471363650153,-2.134293636501522,0.16271471363650153,stop,-1.0,-1.0915310566524306,112,28.0,0.002294713636501522
TRX,2024-10-24 06:00:00+00:00,2024-10-24 06:00:00+00:00,2024-10-25 03:45:00+00:00,-1,0.16336,0.1657035487549685,-2.1801887549685053,0.1657035487549685,stop,-1.0,-1.091268127551118,87,21.75,0.0023435487549685052
TRX,2024-10-25 04:00:00+00:00,2024-10-25 04:00:00+00:00,2024-10-27 04:00:00+00:00,-1,0.16589,0.16830290915969054,-2.247019159690529,0.16618,tempo,-0.12018687020823404,-0.2096413360480021,192,48.0,0.0024129091596905294
TRX,2024-10-28 06:00:00+00:00,2024-10-28 06:00:00+00:00,2024-10-30 06:00:00+00:00,1,0.16317,0.1605459710597707,2.7871989402293114,0.16723,tempo,1.5472390329830663,1.465395423445272,192,48.0,0.0026240289402293115
TRX,2024-10-30 09:00:00+00:00,2024-10-30 09:00:00+00:00,2024-10-31 10:30:00+00:00,-1,0.16788,0.17048554966586182,-2.4376696658618227,0.17048554966586182,stop,-1.0,-1.0844112127910879,102,25.5,0.0026055496658618227
TRX,2024-11-05 09:00:00+00:00,2024-11-05 09:00:00+00:00,2024-11-05 22:30:00+00:00,1,0.1622,0.15971732731217955,2.6448726878204583,0.15971732731217955,stop,-1.0,-1.084282661898784,54,13.5,0.0024826726878204586
TRX,2024-11-05 23:00:00+00:00,2024-11-05 23:00:00+00:00,2024-11-07 23:00:00+00:00,1,0.16023,0.1577416854169019,2.6485445830981167,0.1601,tempo,-0.052244198094181626,-0.1359211179717154,192,48.0,0.002488314583098117
TRX,2024-11-08 04:00:00+00:00,2024-11-08 04:00:00+00:00,2024-11-10 04:00:00+00:00,1,0.15999,0.1573980511208002,2.7519388791998067,0.16191,tempo,0.7407553503110572,0.6600303785806751,192,48.0,0.002591948879199807
TRX,2024-11-10 07:00:00+00:00,2024-11-10 07:00:00+00:00,2024-11-11 20:15:00+00:00,-1,0.1643,0.16694725953713757,-2.4829595371375697,0.16694725953713757,stop,-1.0,-1.0813334377225252,149,37.25,0.0026472595371375696
TRX,2024-11-12 12:00:00+00:00,2024-11-12 12:00:00+00:00,2024-11-12 17:45:00+00:00,-1,0.17673,0.18357459489909533,-6.667864899095336,0.18357459489909533,stop,-1.0,-1.0342164861671166,23,5.75,0.006844594899095335
TRX,2024-11-12 18:00:00+00:00,2024-11-12 18:00:00+00:00,2024-11-13 00:45:00+00:00,-1,0.18318,0.19064484435827952,-7.2816643582795155,0.19064484435827952,stop,-1.0,-1.0325507320944176,27,6.75,0.007464844358279515
TRX,2024-11-13 01:00:00+00:00,2024-11-13 01:00:00+00:00,2024-11-15 01:00:00+00:00,-1,0.18793,0.19584750758845185,-7.729577588451834,0.17655,tempo,1.4373210095306286,1.4073984616387198,192,48.0,0.007917507588451833
TRX,2024-11-16 00:00:00+00:00,2024-11-16 00:00:00+00:00,2024-11-16 14:00:00+00:00,-1,0.19141,0.2010208088531022,-9.4193988531022,0.2010208088531022,stop,-1.0,-1.0265409529679888,56,14.0,0.009610808853102198
TRX,2024-11-16 15:00:00+00:00,2024-11-16 15:00:00+00:00,2024-11-18 15:00:00+00:00,-1,0.20218,0.212502921110611,-10.120741110611005,0.20403,tempo,-0.17921283909632538,-0.2047905314152752,192,48.0,0.010322921110611005
TRX,2024-11-23 10:00:00+00:00,2024-11-23 10:00:00+00:00,2024-11-23 14:15:00+00:00,-1,0.21325,0.22359475639771006,-10.13150639771007,0.22359475639771006,stop,-1.0,-1.0274486010827057,17,4.25,0.01034475639771007
TRX,2024-11-23 15:00:00+00:00,2024-11-23 15:00:00+00:00,2024-11-25 15:00:00+00:00,-1,0.22021,0.23102517939910416,-10.594969399104174,0.19889,tempo,1.971303407298627,1.946115198213296,192,48.0,0.010815179399104174
TRX,2024-11-26 11:00:00+00:00,2024-11-26 11:00:00+00:00,2024-11-28 11:00:00+00:00,1,0.19078,0.1803043771197146,10.666402880285418,0.19979,tempo,0.8600920539967457,0.8358576478042727,192,48.0,0.010475622880285418
TRX,2024-12-02 22:00:00+00:00,2024-12-02 22:00:00+00:00,2024-12-03 04:30:00+00:00,-1,0.21744,0.22868522421116438,-11.02778421116439,0.22868522421116438,stop,-1.0,-1.0257870710527373,26,6.5,0.01124522421116439
TRX,2024-12-03 05:00:00+00:00,2024-12-03 05:00:00+00:00,2024-12-03 12:15:00+00:00,-1,0.22918,0.24136729492682393,-11.958114926823939,0.24136729492682393,stop,-1.0,-1.0250962780123796,29,7.25,0.012187294926823938
TRX,2024-12-03 13:00:00+00:00,2024-12-03 13:00:00+00:00,2024-12-03 15:30:00+00:00,-1,0.23678,0.24995780622203775,-12.941026222037763,0.24995780622203775,stop,-1.0,-1.0240085161910508,10,2.5,0.013177806222037763
TRX,2024-12-03 16:00:00+00:00,2024-12-03 16:00:00+00:00,2024-12-03 16:15:00+00:00,-1,0.25866,0.27665693288082766,-17.738272880827655,0.27665693288082766,stop,-1.0,-1.0193341837010028,1,0.25,0.017996932880827654
TRX,2024-12-03 17:00:00+00:00,2024-12-03 17:00:00+00:00,2024-12-03 20:00:00+00:00,-1,0.27504,0.29572565817870794,-20.41061817870793,0.29572565817870794,stop,-1.0,-1.017935019258804,12,3.0,0.020685658178707933
TRX,2024-12-03 20:00:00+00:00,2024-12-03 20:00:00+00:00,2024-12-03 22:30:00+00:00,-1,0.30595,0.333921375215781,-27.665425215781024,0.333921375215781,stop,-1.0,-1.0148693580734494,10,2.5,0.027971375215781025
TRX,2024-12-03 23:00:00+00:00,2024-12-03 23:00:00+00:00,2024-12-03 23:15:00+00:00,-1,0.36238,0.4044618472280625,-41.71946722806252,0.4044618472280625,stop,-1.0,-1.0118447081944124,1,0.25,0.04208184722806252
TRX,2024-12-04 00:00:00+00:00,2024-12-04 00:00:00+00:00,2024-12-06 00:00:00+00:00,-1,0.43336,0.4954803311294058,-61.68697112940579,0.32269,tempo,1.781542338682293,1.7736313618561028,192,48.0,0.06212033112940579
TRX,2024-12-09 22:00:00+00:00,2024-12-09 22:00:00+00:00,2024-12-11 22:00:00+00:00,1,0.25881,0.2226482329172172,36.42057708278279,0.28023,tempo,0.5923383099881313,0.5826491817108016,192,48.0,0.03616176708278279
TRX,2025-01-13 12:00:00+00:00,2025-01-13 12:00:00+00:00,2025-01-15 12:00:00+00:00,1,0.21667,0.20553003909095108,11.356630909048924,0.22311,tempo,0.5780989765205394,0.5524384735498513,192,48.0,0.011139960909048924
TRX,2025-01-19 12:00:00+00:00,2025-01-19 12:00:00+00:00,2025-01-21 12:00:00+00:00,1,0.22946,0.21669365479633382,12.99580520366618,0.24137,tempo,0.932921663169483,0.9089492971463464,192,48.0,0.01276634520366618
TRX,2025-01-22 17:00:00+00:00,2025-01-22 17:00:00+00:00,2025-01-24 17:00:00+00:00,-1,0.25658,0.27248396625580773,-15.647386255807756,0.25832,tempo,-0.10940667076457183,-0.13045079237654902,192,48.0,0.015903966255807755
TRX,2025-02-02 18:00:00+00:00,2025-02-02 18:00:00+00:00,2025-02-03 00:45:00+00:00,1,0.22957,0.2184038909542527,11.395679045747302,0.2184038909542527,stop,-1.0,-1.0260773943660495,27,6.75,0.011166109045747302
TRX,2025-02-03 01:00:00+00:00,2025-02-03 01:00:00+00:00,2025-02-03 02:00:00+00:00,1,0.22117,0.21011772634908843,11.273443650911577,0.21011772634908843,stop,-1.0,-1.0253646472193336,4,1.0,0.011052273650911576
TRX,2025-02-03 02:00:00+00:00,2025-02-03 02:00:00+00:00,2025-02-05 02:00:00+00:00,1,0.20868,0.19680505887752545,12.083621122474558,0.22377,tempo,1.2707431425862483,1.247072077854146,192,48.0,0.011874941122474558
TRX,2025-02-11 02:00:00+00:00,2025-02-11 02:00:00+00:00,2025-02-13 02:00:00+00:00,-1,0.24755,0.2614367047061404,-13.639154706140395,0.24377,tempo,0.27220280692859933,0.2492054143320111,192,48.0,0.013886704706140396
TRX,2025-02-23 22:00:00+00:00,2025-02-23 22:00:00+00:00,2025-02-25 22:00:00+00:00,-1,0.24509,0.2550846224613209,-9.749532461320907,0.23192,tempo,1.3177086028979872,1.2866862705187587,192,48.0,0.009994622461320907
TRX,2025-02-28 11:00:00+00:00,2025-02-28 11:00:00+00:00,2025-03-01 01:30:00+00:00,-1,0.22432,0.23473955757006668,-10.195237570066684,0.23473955757006668,stop,-1.0,-1.0286373687571682,58,14.5,0.010419557570066684
TRX,2025-03-11 16:00:00+00:00,2025-03-11 16:00:00+00:00,2025-03-13 16:00:00+00:00,1,0.22389,0.21370915274675173,10.404737253248276,0.22584,tempo,0.19153612184662186,0.16282294182059487,192,48.0,0.010180847253248276
TRX,2025-03-18 03:00:00+00:00,2025-03-18 03:00:00+00:00,2025-03-18 20:00:00+00:00,-1,0.22231,0.23089149929174874,-8.359189291748729,0.23089149929174874,stop,-1.0,-1.0343274484474854,68,17.0,0.008581499291748729
TRX,2025-03-18 20:00:00+00:00,2025-03-18 20:00:00+00:00,2025-03-19 00:15:00+00:00,-1,0.23053,0.23944605205934263,-8.685522059342622,0.23944605205934263,stop,-1.0,-1.034262298134349,17,4.25,0.008916052059342622
TRX,2025-03-19 01:00:00+00:00,2025-03-19 01:00:00+00:00,2025-03-21 01:00:00+00:00,-1,0.24175,0.2515024062117122,-9.510656211712222,0.2328,tempo,0.9177222324118759,0.8860933714616874,192,48.0,0.009752406211712222
TRX,2025-03-24 01:00:00+00:00,2025-03-24 01:00:00+00:00,2025-03-26 01:00:00+00:00,1,0.22558,0.21676892103709694,9.036658962903063,0.22738,tempo,0.2042882611287976,0.17087305724291693,192,48.0,0.008811078962903063
BCH,2023-01-06 12:00:00+00:00,2023-01-06 12:00:00+00:00,2023-01-08 12:00:00+00:00,1,98.31,95.35268402685708,3055.625973142926,101.71,tempo,1.149691149297989,1.1057279741822008,192,48.0,2.9573159731429257
BCH,2023-01-12 17:00:00+00:00,2023-01-12 17:00:00+00:00,2023-01-14 00:45:00+00:00,-1,123.71,130.37904004517918,-6545.330045179187,130.37904004517918,stop,-1.0,-1.0247648649446561,127,31.75,6.669040045179187
BCH,2023-02-02 16:00:00+00:00,2023-02-02 16:00:00+00:00,2023-02-04 16:00:00+00:00,-1,143.03,150.59576242707567,-7422.732427075669,137.78,tempo,0.6939155241263951,0.6697901961426891,192,48.0,7.5657624270756685
BCH,2023-02-20 08:00:00+00:00,2023-02-20 08:00:00+00:00,2023-02-22 08:00:00+00:00,-1,146.5,154.4276452969099,-7781.145296909901,141.16,tempo,0.6735921954128636,0.6500065034454289,192,48.0,7.927645296909901
BCH,2023-03-13 20:00:00+00:00,2023-03-13 20:00:00+00:00,2023-03-15 20:00:00+00:00,1,126.5,119.22872145898334,7397.778541016656,123.73,tempo,-0.3809508856488807,-0.40331964776994483,192,48.0,7.271278541016656
BCH,2023-03-15 23:00:00+00:00,2023-03-15 23:00:00+00:00,2023-03-17 23:00:00+00:00,1,122.93,115.58860044396896,7464.32955603105,134.43,tempo,1.5664588083279856,1.5436724174329997,192,48.0,7.34139955603105
BCH,2023-03-21 10:00:00+00:00,2023-03-21 10:00:00+00:00,2023-03-23 10:00:00+00:00,1,127.87,120.52185050919698,7476.019490803024,128.44,tempo,0.07757055034242398,0.05489797131983888,192,48.0,7.348149490803024
BCH,2023-04-03 23:00:00+00:00,2023-04-03 23:00:00+00:00,2023-04-05 23:00:00+00:00,-1,127.86,134.7374115526576,-6749.551552657592,127.19,tempo,0.09742037318402127,0.07331501047151387,192,48.0,6.877411552657591
BCH,2023-04-19 09:00:00+00:00,2023-04-19 09:00:00+00:00,2023-04-21 09:00:00+00:00,1,125.26,119.57503425462782,5810.225745372182,123.35,tempo,-0.3359738801513161,-0.3643991173889453,192,48.0,5.684965745372182
BCH,2023-04-26 13:00:00+00:00,2023-04-26 13:00:00+00:00,2023-04-26 19:45:00+00:00,1,123.1,118.01161319505144,5211.486804948556,118.01161319505144,stop,-1.0,-1.0308000461805238,27,6.75,5.088386804948556
BCH,2023-04-26 21:00:00+00:00,2023-04-26 21:00:00+00:00,2023-04-28 21:00:00+00:00,1,116.34,110.40328304331062,6053.056956689381,117.78,tempo,0.24255830461606104,0.21692494511615618,192,48.0,5.936716956689381
BCH,2023-05-02 12:00:00+00:00,2023-05-02 12:00:00+00:00,2023-05-04 12:00:00+00:00,-1,118.99,124.1821977387417,-5073.207738741712,118.09,tempo,0.17333700395973353,0.1436574717550634,192,48.0,5.1921977387417115
BCH,2023-05-09 06:00:00+00:00,2023-05-09 06:00:00+00:00,2023-05-09 09:30:00+00:00,-1,115.64,120.69703209942693,-4941.392099426934,120.69703209942693,stop,-1.0,-1.0303773177318838,14,3.5,5.057032099426934
BCH,2023-05-09 10:00:00+00:00,2023-05-09 10:00:00+00:00,2023-05-11 10:00:00+00:00,-1,121.9,127.56616266532028,-5544.262665320272,113.83,tempo,1.4242443213627476,1.3972022985599413,192,48.0,5.666162665320272
BCH,2023-05-11 10:00:00+00:00,2023-05-11 10:00:00+00:00,2023-05-13 10:00:00+00:00,1,113.82,108.48121419422881,5452.605805771181,114.31,tempo,0.09178116857026243,0.06400622022157504,192,48.0,5.338785805771181
BCH,2023-06-05 16:00:00+00:00,2023-06-05 16:00:00+00:00,2023-06-07 16:00:00+00:00,1,108.67,105.0256335845095,3753.036415490495,111.06,tempo,0.6558067240004269,0.6166162355267872,192,48.0,3.644366415490495
BCH,2023-06-10 05:00:00+00:00,2023-06-10 05:00:00+00:00,2023-06-12 05:00:00+00:00,1,98.11,92.45282771627292,5755.282283727078,102.67,tempo,0.8060564132220076,0.7829871140289453,192,48.0,5.657172283727078
BCH,2023-06-21 06:00:00+00:00,2023-06-21 06:00:00+00:00,2023-06-22 00:30:00+00:00,-1,130.88,141.86007288140652,-10849.192881406529,141.86007288140652,stop,-1.0,-1.0161457077095652,74,18.5,10.980072881406528
BCH,2023-06-22 01:00:00+00:00,2023-06-22 01:00:00+00:00,2023-06-23 15:45:00+00:00,-1,144.82,157.96223667295556,-12997.416672955562,157.96223667295556,stop,-1.0,-1.0149752632474212,155,38.75,13.142236672955562
BCH,2023-06-23 16:00:00+00:00,2023-06-23 16:00:00+00:00,2023-06-23 18:00:00+00:00,-1,167.44,186.6306781899828,-19023.238189982807,186.6306781899828,stop,-1.0,-1.0119925902849864,8,2.0,19.190678189982805
BCH,2023-06-23 18:00:00+00:00,2023-06-23 18:00:00+00:00,2023-06-24 23:15:00+00:00,-1,191.82,215.6548578072035,-23643.03780720352,215.6548578072035,stop,-1.0,-1.0111122398848393,117,29.25,23.83485780720352
BCH,2023-06-25 00:00:00+00:00,2023-06-25 00:00:00+00:00,2023-06-27 00:00:00+00:00,-1,212.37,241.14616370114595,-28563.793701145947,223.58,tempo,-0.3895585289415627,-0.3994058283572494,192,48.0,28.776163701145947
BCH,2023-06-30 03:00:00+00:00,2023-06-30 03:00:00+00:00,2023-07-02 03:00:00+00:00,-1,301.8,346.17684894864294,-44075.04894864293,281.07,tempo,0.4671354657017385,0.4585980073427987,192,48.0,44.37684894864293
BCH,2023-08-02 18:00:00+00:00,2023-08-02 18:00:00+00:00,2023-08-04 18:00:00+00:00,1,226.23,213.25493518103508,13201.294818964909,226.82,tempo,0.04547183449423961,0.0227758014409348,192,48.0,12.97506481896491
BCH,2023-08-07 18:00:00+00:00,2023-08-07 18:00:00+00:00,2023-08-09 18:00:00+00:00,-1,237.05,250.26845940588964,-12981.409405889633,236.32,tempo,0.05522580034362844,0.03194846593180545,192,48.0,13.218459405889632
BCH,2023-08-16 16:00:00+00:00,2023-08-16 16:00:00+00:00,2023-08-16 20:30:00+00:00,1,216.28,206.05844405978937,10437.835940210636,206.05844405978937,stop,-1.0,-1.0268569668105936,18,4.5,10.221555940210635
BCH,2023-08-16 21:00:00+00:00,2023-08-16 21:00:00+00:00,2023-08-17 21:30:00+00:00,1,206.58,196.23992372717458,10546.656272825428,196.23992372717458,stop,-1.0,-1.0253221488424396,98,24.5,10.340076272825428
BCH,2023-08-18 23:00:00+00:00,2023-08-18 23:00:00+00:00,2023-08-20 23:00:00+00:00,-1,187.15,201.11793962281956,-13780.789622819557,189.06,tempo,-0.13674171363682094,-0.15424869795972698,192,48.0,13.967939622819557
BCH,2023-08-29 22:00:00+00:00,2023-08-29 22:00:00+00:00,2023-08-31 22:00:00+00:00,-1,225.1,241.71671802997614,-16391.618029976144,205.65,tempo,1.1705079164798173,1.1536581691654013,192,48.0,16.61671802997614
BCH,2023-09-12 17:00:00+00:00,2023-09-12 17:00:00+00:00,2023-09-14 17:00:00+00:00,-1,206.69,218.53721780743183,-11640.527807431832,208.74,tempo,-0.17303640680211296,-0.19582905773409875,192,48.0,11.847217807431832
BCH,2023-09-15 05:00:00+00:00,2023-09-15 05:00:00+00:00,2023-09-17 05:00:00+00:00,-1,217.33,230.31842112264513,-12771.09112264512,212.15,tempo,0.39881675771728353,0.37732361414240473,192,48.0,12.988421122645121
BCH,2023-09-27 11:00:00+00:00,2023-09-27 11:00:00+00:00,2023-09-28 15:00:00+00:00,-1,228.17,239.75828034026262,-11360.110340262629,239.75828034026262,stop,-1.0,-1.0262466365405756,112,28.0,11.588280340262628
BCH,2023-10-03 22:00:00+00:00,2023-10-03 22:00:00+00:00,2023-10-05 22:00:00+00:00,1,232.01,219.08012469806116,13161.885301938835,230.38,tempo,-0.1260646341852637,-0.14930952193409852,192,48.0,12.929875301938836
BCH,2023-10-24 02:00:00+00:00,2023-10-24 02:00:00+00:00,2023-10-24 15:45:00+00:00,1,262.89,248.8375840462644,14315.30595373559,248.8375840462644,stop,-1.0,-1.02367015968821,55,13.75,14.05241595373559
BCH,2023-10-24 16:00:00+00:00,2023-10-24 16:00:00+00:00,2023-10-26 16:00:00+00:00,1,249.9,235.5553330191771,14594.566980822892,243.56,tempo,-0.44197610223198813,-0.4643362588273837,192,48.0,14.344666980822893
BCH,2023-11-07 09:00:00+00:00,2023-11-07 09:00:00+00:00,2023-11-09 09:00:00+00:00,-1,249.4,261.47365604819475,-11824.25604819475,249.84,tempo,-0.03644297951205811,-0.06332017385192173,192,48.0,12.07365604819475
BCH,2023-11-09 17:00:00+00:00,2023-11-09 17:00:00+00:00,2023-11-11 17:00:00+00:00,1,231.74,217.7843462472325,14187.393752767517,240.62,tempo,0.636301255198383,0.6143005660555249,192,48.0,13.955653752767518
BCH,2023-12-04 05:00:00+00:00,2023-12-04 05:00:00+00:00,2023-12-06 05:00:00+00:00,-1,253.32,266.52823930906993,-12954.91930906994,247.84,tempo,0.4148925433412567,0.39022960436979903,192,48.0,13.208239309069938
BCH,2023-12-27 09:00:00+00:00,2023-12-27 09:00:00+00:00,2023-12-27 23:15:00+00:00,-1,248.08,260.1949333881272,-11866.853388127185,260.1949333881272,stop,-1.0,-1.0272703692309244,57,14.25,12.114933388127184
BCH,2023-12-28 00:00:00+00:00,2023-12-28 00:00:00+00:00,2023-12-28 07:15:00+00:00,-1,264.45,278.4583742272348,-13743.92422723481,278.4583742272348,stop,-1.0,-1.0251913917720459,29,7.25,14.00837422723481
BCH,2023-12-28 08:00:00+00:00,2023-12-28 08:00:00+00:00,2023-12-30 05:45:00+00:00,-1,272.76,287.8900249487782,-14857.264948778213,287.8900249487782,stop,-1.0,-1.0240860485987588,183,45.75,15.130024948778214
BCH,2023-12-30 06:00:00+00:00,2023-12-30 06:00:00+00:00,2024-01-01 06:00:00+00:00,-1,277.49,297.0648359336116,-19297.345933611607,256.25,tempo,1.0850665656680767,1.0673432498162032,192,48.0,19.57483593361161
BCH,2024-01-02 15:00:00+00:00,2024-01-02 15:00:00+00:00,2024-01-03 12:15:00+00:00,1,259.62,242.07478961321075,17804.83038678925,242.07478961321075,stop,-1.0,-1.0185863609531935,85,21.25,17.54521038678925
BCH,2024-01-11 12:00:00+00:00,2024-01-11 12:00:00+00:00,2024-01-12 04:15:00+00:00,-1,276.43,297.244004792271,-20537.57479227102,297.244004792271,stop,-1.0,-1.0179152501806592,65,16.25,20.81400479227102
BCH,2024-01-12 05:00:00+00:00,2024-01-12 05:00:00+00:00,2024-01-14 05:00:00+00:00,-1,293.83,318.82171910370147,-24697.889103701484,253.91,tempo,1.5973290926628372,1.5830831338905464,192,48.0,24.991719103701485
BCH,2024-02-11 05:00:00+00:00,2024-02-11 05:00:00+00:00,2024-02-12 15:00:00+00:00,-1,270.47,284.6585519050294,-13918.081905029385,284.6585519050294,stop,-1.0,-1.0254313168217233,136,34.0,14.188551905029385
BCH,2024-02-15 10:00:00+00:00,2024-02-15 10:00:00+00:00,2024-02-17 10:00:00+00:00,1,270.66,254.74251333186788,16188.146668132142,267.93,tempo,-0.17150948871002722,-0.19350313050153506,192,48.0,15.917486668132142
BCH,2024-02-27 05:00:00+00:00,2024-02-27 05:00:00+00:00,2024-02-29 05:00:00+00:00,-1,305.9,322.0046425734927,-15798.742573492696,322.0046425734927,stop,-1.0,-1.0253428795957595,192,48.0,16.104642573492697
BCH,2024-03-02 01:00:00+00:00,2024-03-02 01:00:00+00:00,2024-03-02 01:30:00+00:00,-1,339.07,363.8504975980609,-24441.42759806089,363.8504975980609,stop,-1.0,-1.018437818757703,2,0.5,24.78049759806089
BCH,2024-03-02 02:00:00+00:00,2024-03-02 02:00:00+00:00,2024-03-02 03:45:00+00:00,-1,368.12,398.5086954458138,-30020.575445813825,398.5086954458138,stop,-1.0,-1.016397829677431,7,1.75,30.388695445813823
BCH,2024-03-02 04:00:00+00:00,2024-03-02 04:00:00+00:00,2024-03-02 11:45:00+00:00,-1,403.68,439.14050649660135,-35056.82649660134,439.14050649660135,stop,-1.0,-1.015449111796395,31,7.75,35.46050649660134
BCH,2024-03-02 12:00:00+00:00,2024-03-02 12:00:00+00:00,2024-03-02 23:30:00+00:00,-1,444.72,487.7395061715899,-42574.786171589854,487.7395061715899,stop,-1.0,-1.0140889269298912,46,11.5,43.01950617158985
BCH,2024-03-03 00:00:00+00:00,2024-03-03 00:00:00+00:00,2024-03-05 00:00:00+00:00,-1,501.99,558.0743607367975,-55582.37073679752,473.62,tempo,0.5058451166652268,0.4945381053760007,192,48.0,56.08436073679752
BCH,2024-03-23 10:00:00+00:00,2024-03-23 10:00:00+00:00,2024-03-24 14:00:00+00:00,-1,453.71,500.98655131387216,-46822.84131387217,500.98655131387216,stop,-1.0,-1.0131260157754343,112,28.0,47.276551313872176
BCH,2024-03-27 15:00:00+00:00,2024-03-27 15:00:00+00:00,2024-03-29 10:00:00+00:00,-1,540.84,596.5795046859243,-55198.66468592432,596.5795046859243,stop,-1.0,-1.013263890345128,172,43.0,55.73950468592432
BCH,2024-04-01 03:00:00+00:00,2024-04-01 03:00:00+00:00,2024-04-03 03:00:00+00:00,-1,685.8,757.0499142648038,-70564.11426480381,630.74,tempo,0.7727728597029149,0.7607623048997251,192,48.0,71.2499142648038
BCH,2024-05-18 04:00:00+00:00,2024-05-18 04:00:00+00:00,2024-05-20 04:00:00+00:00,-1,485.14,515.5449158405073,-29919.77584050733,482.98,tempo,0.07104114385089931,0.05034455638784057,192,48.0,30.40491584050733
BCH,2024-06-08 12:00:00+00:00,2024-06-08 12:00:00+00:00,2024-06-10 12:00:00+00:00,1,469.31,445.93510951953436,23844.20048046564,465.85,tempo,-0.14802208390629665,-0.17402665494409392,192,48.0,23.374890480465638
BCH,2024-06-18 02:00:00+00:00,2024-06-18 02:00:00+00:00,2024-06-20 02:00:00+00:00,1,389.1,367.22250308031977,22266.596919680254,389.97,tempo,0.039766889383829926,0.016620022909152755,192,48.0,21.877496919680254
BCH,2024-06-25 11:00:00+00:00,2024-06-25 11:00:00+00:00,2024-06-27 11:00:00+00:00,-1,380.4,402.28107523644326,-21500.67523644328,374.02,tempo,0.2915761648391942,0.26916533745977567,192,48.0,21.88107523644328
BCH,2024-06-28 11:00:00+00:00,2024-06-28 11:00:00+00:00,2024-06-30 11:00:00+00:00,-1,402.97,425.9775656542228,-22604.595654222787,390.82,tempo,0.528087159789112,0.5056613409191656,192,48.0,23.007565654222788
BCH,2024-07-05 00:00:00+00:00,2024-07-05 00:00:00+00:00,2024-07-05 03:00:00+00:00,1,331.21,313.09733059835867,18443.879401641312,313.09733059835867,stop,-1.0,-1.0231219239749931,12,3.0,18.112669401641313
BCH,2024-07-05 03:00:00+00:00,2024-07-05 03:00:00+00:00,2024-07-07 03:00:00+00:00,1,305.9,287.27752120306616,18928.378796933823,337.99,tempo,1.723186282015455,1.7007119108770161,192,48.0,18.62247879693382
BCH,2024-07-28 19:00:00+00:00,2024-07-28 19:00:00+00:00,2024-07-29 05:15:00+00:00,-1,414.79,439.04056390542615,-23835.773905426133,439.04056390542615,stop,-1.0,-1.0228856478844333,41,10.25,24.250563905426134
BCH,2024-07-29 06:00:00+00:00,2024-07-29 06:00:00+00:00,2024-07-31 06:00:00+00:00,-1,445.2,471.93755660278777,-26292.356602787775,427.96,tempo,0.6447859187777274,0.6235590726439701,192,48.0,26.737556602787777
BCH,2024-08-04 10:00:00+00:00,2024-08-04 10:00:00+00:00,2024-08-05 00:45:00+00:00,1,349.25,326.9084508838326,22690.799116167414,326.9084508838326,stop,-1.0,-1.0196720017394159,59,14.75,22.341549116167414
BCH,2024-09-17 17:00:00+00:00,2024-09-17 17:00:00+00:00,2024-09-19 17:00:00+00:00,1,316.58,302.9414808703069,13955.099129693066,344.75,tempo,2.065473511612399,2.0339550970461047,192,48.0,13.638519129693066
BCH,2024-09-19 17:00:00+00:00,2024-09-19 17:00:00+00:00,2024-09-21 17:00:00+00:00,-1,344.72,362.1268974543134,-17062.177454313365,341.97,tempo,0.1579833515546195,0.1323413035577551,192,48.0,17.406897454313366
BCH,2024-10-01 19:00:00+00:00,2024-10-01 19:00:00+00:00,2024-10-03 09:15:00+00:00,1,321.88,307.6395139960311,14562.366003968897,307.6395139960311,stop,-1.0,-1.0287341094948148,153,38.25,14.240486003968897
BCH,2024-10-11 19:00:00+00:00,2024-10-11 19:00:00+00:00,2024-10-13 19:00:00+00:00,1,326.26,312.68427278139865,13901.987218601344,319.21,tempo,-0.5193091969570633,-0.5502140238767681,192,48.0,13.575727218601344
BCH,2024-10-14 14:00:00+00:00,2024-10-14 14:00:00+00:00,2024-10-15 00:30:00+00:00,-1,356.3,373.9749498392851,-17318.64983928509,373.9749498392851,stop,-1.0,-1.0268560149653434,42,10.5,17.67494983928509
BCH,2024-10-15 01:00:00+00:00,2024-10-15 01:00:00+00:00,2024-10-17 01:00:00+00:00,-1,381.63,401.93795257878173,-19926.322578781736,370.26,tempo,0.55987918801227,0.5358133203131975,192,48.0,20.307952578781737
BCH,2024-11-10 00:00:00+00:00,2024-11-10 00:00:00+00:00,2024-11-10 03:15:00+00:00,-1,404.84,429.73766225972776,-24492.82225972778,429.73766225972776,stop,-1.0,-1.0217882094635962,13,3.25,24.89766225972778
BCH,2024-11-10 04:00:00+00:00,2024-11-10 04:00:00+00:00,2024-11-11 22:45:00+00:00,-1,429.67,458.5800073889145,-28480.337388914497,458.5800073889145,stop,-1.0,-1.0199710258470631,171,42.75,28.910007388914494
BCH,2024-11-13 09:00:00+00:00,2024-11-13 09:00:00+00:00,2024-11-15 09:00:00+00:00,1,413.5,379.5294820849046,34384.0179150954,420.0,tempo,0.19134238742682255,0.1753939994347969,192,48.0,33.9705179150954
BCH,2024-11-16 19:00:00+00:00,2024-11-16 19:00:00+00:00,2024-11-18 19:00:00+00:00,-1,472.39,512.2883635928608,-39425.97359286085,440.59,tempo,0.7970251693653445,0.7821514515844432,192,48.0,39.898363592860846
BCH,2024-11-21 07:00:00+00:00,2024-11-21 07:00:00+00:00,2024-11-23 07:00:00+00:00,-1,525.44,577.9543589965401,-51988.918996540066,538.35,tempo,-0.2458375241874427,-0.2590046562483245,192,48.0,52.51435899654007
BCH,2024-12-03 13:00:00+00:00,2024-12-03 13:00:00+00:00,2024-12-05 07:45:00+00:00,-1,563.64,617.7950445722569,-53591.404572256884,617.7950445722569,stop,-1.0,-1.0141802630768284,171,42.75,54.155044572256884
BCH,2024-12-10 13:00:00+00:00,2024-12-10 13:00:00+00:00,2024-12-12 13:00:00+00:00,1,524.72,472.7434092552154,52501.310744784634,550.94,tempo,0.5044578650559332,0.49100605934914665,192,48.0,51.97659074478463
BCH,2024-12-21 10:00:00+00:00,2024-12-21 10:00:00+00:00,2024-12-23 10:00:00+00:00,-1,470.23,515.7620019831924,-45061.77198319234,446.33,tempo,0.524905538061394,0.5118210266397367,192,48.0,45.532001983192345
BCH,2025-01-13 17:00:00+00:00,2025-01-13 17:00:00+00:00,2025-01-15 17:00:00+00:00,1,407.85,383.254370290153,25003.479709847,444.58,tempo,1.4933547314421836,1.4708271724190385,192,48.0,24.595629709847003
BCH,2025-01-18 06:00:00+00:00,2025-01-18 06:00:00+00:00,2025-01-19 23:00:00+00:00,1,462.53,434.49263281145465,28499.897188545317,434.49263281145465,stop,-1.0,-1.020795986563448,164,41.0,28.037367188545318
BCH,2025-01-20 01:00:00+00:00,2025-01-20 01:00:00+00:00,2025-01-22 01:00:00+00:00,1,416.22,388.0267277533494,28609.492246650625,450.61,tempo,1.2197945559187633,1.1998096639533782,192,48.0,28.193272246650622
BCH,2025-02-02 04:00:00+00:00,2025-02-02 04:00:00+00:00,2025-02-02 18:00:00+00:00,1,392.14,368.0704847070742,24461.655292925814,368.0704847070742,stop,-1.0,-1.0205295706642181,56,14.0,24.069515292925814
BCH,2025-02-02 18:00:00+00:00,2025-02-02 18:00:00+00:00,2025-02-02 22:45:00+00:00,1,369.27,345.14853553479736,24490.734465202622,345.14853553479736,stop,-1.0,-1.019251403610569,19,4.75,24.12146446520262
BCH,2025-02-02 23:00:00+00:00,2025-02-02 23:00:00+00:00,2025-02-03 02:00:00+00:00,1,359.19,335.3820158174807,24167.174182519306,335.3820158174807,stop,-1.0,-1.0189630422643194,12,3.0,23.807984182519306
BCH,2025-02-03 02:00:00+00:00,2025-02-03 02:00:00+00:00,2025-02-03 02:15:00+00:00,1,305.83,277.98823075840863,28147.599241591353,277.98823075840863,stop,-1.0,-1.0136299473894812,1,0.25,27.84176924159135
BCH,2025-02-03 03:00:00+00:00,2025-02-03 03:00:00+00:00,2025-02-05 03:00:00+00:00,1,298.57,271.234213072449,27634.356927550998,332.83,tempo,1.2533021306758236,1.2382884783859618,192,48.0,27.335786927551
BCH,2025-02-24 23:00:00+00:00,2025-02-24 23:00:00+00:00,2025-02-26 23:00:00+00:00,1,291.06,273.2483415807022,18102.718419297827,296.11,tempo,0.2835221673984411,0.2620946006320307,192,48.0,17.811658419297828
BCH,2025-02-26 23:00:00+00:00,2025-02-26 23:00:00+00:00,2025-02-28 18:45:00+00:00,-1,296.11,315.44619069195016,-19040.08069195015,315.44619069195016,stop,-1.0,-1.0205579025508502,175,43.75,19.33619069195015
BCH,2025-02-28 20:00:00+00:00,2025-02-28 20:00:00+00:00,2025-03-02 16:45:00+00:00,-1,317.48,339.4994554822039,-21701.97548220391,339.4994554822039,stop,-1.0,-1.0193936060956894,179,44.75,22.01945548220391
BCH,2025-03-03 03:00:00+00:00,2025-03-03 03:00:00+00:00,2025-03-04 02:00:00+00:00,1,328.74,306.3058035543804,22762.936445619594,306.3058035543804,stop,-1.0,-1.0183995791117781,92,23.0,22.43419644561959
BCH,2025-03-04 08:00:00+00:00,2025-03-04 08:00:00+00:00,2025-03-05 01:15:00+00:00,-1,306.72,336.58907946686884,-29562.35946686881,336.58907946686884,stop,-1.0,-1.0139994572687545,69,17.25,29.86907946686881
BCH,2025-03-05 10:00:00+00:00,2025-03-05 10:00:00+00:00,2025-03-06 05:30:00+00:00,-1,372.09,410.5832356098086,-38121.14560980861,410.5832356098086,stop,-1.0,-1.0132162857989715,78,19.5,38.49323560980861
APT,2023-01-02 15:00:00+00:00,2023-01-02 15:00:00+00:00,2023-01-04 08:30:00+00:00,-1,3.7644,4.012544223010489,-244.3798230104891,4.012544223010489,stop,-1.0,-1.0203712731395853,166,41.5,0.2481442230104891
APT,2023-01-09 16:00:00+00:00,2023-01-09 16:00:00+00:00,2023-01-09 16:30:00+00:00,-1,4.6044,4.963994630568696,-354.99023056869635,4.963994630568696,stop,-1.0,-1.017295743543316,2,0.5,0.35959463056869634
APT,2023-01-09 17:00:00+00:00,2023-01-09 17:00:00+00:00,2023-01-09 21:15:00+00:00,-1,5.1067,5.576329124335726,-464.52242433572604,5.576329124335726,stop,-1.0,-1.0147860696259845,17,4.25,0.469629124335726
APT,2023-01-09 22:00:00+00:00,2023-01-09 22:00:00+00:00,2023-01-10 09:00:00+00:00,-1,5.2932,5.803965068165582,-505.47186816558263,5.803965068165582,stop,-1.0,-1.0141222603969644,44,11.0,0.5107650681655826
APT,2023-01-10 09:00:00+00:00,2023-01-10 09:00:00+00:00,2023-01-12 09:00:00+00:00,-1,5.78,6.382776183397165,-596.9961833971646,5.1326,tempo,1.0740304906397296,1.0622629553664815,192,48.0,0.6027761833971645
APT,2023-01-13 09:00:00+00:00,2023-01-13 09:00:00+00:00,2023-01-14 01:30:00+00:00,-1,6.7119,7.511467703634953,-792.8558036349526,7.511467703634953,stop,-1.0,-1.0115627344192777,66,16.5,0.7995677036349527
APT,2023-01-20 23:00:00+00:00,2023-01-20 23:00:00+00:00,2023-01-21 07:00:00+00:00,-1,10.9276,12.567779959972981,-1629.252359972981,12.567779959972981,stop,-1.0,-1.009311171546221,32,8.0,1.640179959972981
APT,2023-01-21 07:00:00+00:00,2023-01-21 07:00:00+00:00,2023-01-22 19:45:00+00:00,-1,12.5243,14.484486093628952,-1947.661793628952,14.484486093628952,stop,-1.0,-1.008956145040473,147,36.75,1.960186093628952
APT,2023-01-25 13:00:00+00:00,2023-01-25 13:00:00+00:00,2023-01-25 21:00:00+00:00,-1,15.6672,18.201208644571423,-2518.341444571424,18.201208644571423,stop,-1.0,-1.0086876047823012,32,8.0,2.534008644571424
APT,2023-01-25 21:00:00+00:00,2023-01-25 21:00:00+00:00,2023-01-27 21:00:00+00:00,-1,17.9923,21.03939116123854,-3029.098861238541,17.9198,tempo,0.02379318378204764,0.016132479272468116,192,48.0,3.0470911612385407
APT,2023-03-09 14:00:00+00:00,2023-03-09 14:00:00+00:00,2023-03-11 14:00:00+00:00,-1,11.222,12.142908767246206,-909.6867672462068,10.059,tempo,1.262882971000177,1.2478623191267415,192,48.0,0.9209087672462068
APT,2023-03-16 05:00:00+00:00,2023-03-16 05:00:00+00:00,2023-03-18 05:00:00+00:00,1,11.918,10.602081465822065,1327.8365341779338,13.749,tempo,1.3914235208669992,1.3787452664259503,192,48.0,1.3159185341779338
APT,2023-04-02 12:00:00+00:00,2023-04-02 12:00:00+00:00,2023-04-04 12:00:00+00:00,-1,12.224,13.185396970100848,-949.1729701008481,11.501,tempo,0.7520306621354962,0.7359902017641864,192,48.0,0.9613969701008482
APT,2023-04-13 14:00:00+00:00,2023-04-13 14:00:00+00:00,2023-04-14 06:30:00+00:00,-1,12.139,12.916972022177239,-765.8330221772397,12.916972022177239,stop,-1.0,-1.0209344055443486,66,16.5,0.7779720221772397
APT,2023-04-14 07:00:00+00:00,2023-04-14 07:00:00+00:00,2023-04-16 07:00:00+00:00,-1,13.36,14.256674806245655,-883.314806245656,12.467,tempo,0.9959017402741097,0.9771797355037417,192,48.0,0.896674806245656
APT,2023-04-29 05:00:00+00:00,2023-04-29 05:00:00+00:00,2023-05-01 05:00:00+00:00,-1,10.728,11.504141979077493,-765.4139790774938,10.07,tempo,0.8477830316330585,0.8303652132899918,192,48.0,0.7761419790774937
APT,2023-05-08 18:00:00+00:00,2023-05-08 18:00:00+00:00,2023-05-10 18:00:00+00:00,1,8.171,7.61820137094834,560.9696290516598,8.441,tempo,0.4884237872716748,0.4688908155301857,192,48.0,0.5527986290516598
APT,2023-05-29 11:00:00+00:00,2023-05-29 11:00:00+00:00,2023-05-31 11:00:00+00:00,1,8.417,8.022817075545442,402.599924454558,8.309,tempo,-0.2739844709139625,-0.3015653206299763,192,48.0,0.39418292445455805
APT,2023-06-02 07:00:00+00:00,2023-06-02 07:00:00+00:00,2023-06-04 07:00:00+00:00,-1,8.935,9.375341391521733,-431.4063915217325,9.002,tempo,-0.15215467201132618,-0.17863196945481347,192,48.0,0.44034139152173246
APT,2023-06-04 19:00:00+00:00,2023-06-04 19:00:00+00:00,2023-06-06 19:00:00+00:00,-1,9.382,9.824342209125087,-432.96020912508703,8.171,tempo,2.7376993988325213,2.711906133427063,192,48.0,0.44234220912508704
APT,2023-06-06 21:00:00+00:00,2023-06-06 21:00:00+00:00,2023-06-07 22:00:00+00:00,1,8.136,7.6227425485340286,521.3934514659707,7.6227425485340286,stop,-1.0,-1.0199572020382568,100,25.0,0.5132574514659707
APT,2023-06-10 02:00:00+00:00,2023-06-10 02:00:00+00:00,2023-06-10 04:30:00+00:00,1,7.097,6.651544910991538,452.55208900846276,6.651544910991538,stop,-1.0,-1.0200616277884182,10,2.5,0.44545508900846276
APT,2023-06-10 05:00:00+00:00,2023-06-10 05:00:00+00:00,2023-06-12 05:00:00+00:00,1,6.109,5.583880229088592,531.2287709114078,6.181,tempo,0.13711157718368805,0.12189885726241179,192,48.0,0.5251197709114077
APT,2023-06-17 18:00:00+00:00,2023-06-17 18:00:00+00:00,2023-06-19 18:00:00+00:00,-1,6.96,7.565114096557077,-598.1540965570773,6.991,tempo,-0.05123000798755251,-0.06621585950149861,192,48.0,0.6051140965570774
APT,2023-06-20 18:00:00+00:00,2023-06-20 18:00:00+00:00,2023-06-22 18:00:00+00:00,1,6.967,6.406195253088762,567.7717469112378,7.639,tempo,1.198278016905521,1.1813489519282898,192,48.0,0.5608047469112378
APT,2023-07-04 05:00:00+00:00,2023-07-04 05:00:00+00:00,2023-07-06 05:00:00+00:00,-1,8.275,8.915319080604831,-632.0440806048312,7.368,tempo,1.4164812942061138,1.4006017892717995,192,48.0,0.6403190806048311
APT,2023-08-09 13:00:00+00:00,2023-08-09 13:00:00+00:00,2023-08-11 13:00:00+00:00,-1,7.779,8.381628718037742,-594.8497180377424,7.103,tempo,1.1217520502527107,1.1057002098566908,192,48.0,0.6026287180377423
APT,2023-08-16 05:00:00+00:00,2023-08-16 05:00:00+00:00,2023-08-16 21:15:00+00:00,1,6.409,5.978010984369393,437.39801563060644,5.978010984369393,stop,-1.0,-1.0186815831676346,65,16.25,0.43098901563060643
APT,2023-08-19 03:00:00+00:00,2023-08-19 03:00:00+00:00,2023-08-21 03:00:00+00:00,-1,5.845,6.337346821566264,-486.50182156626425,6.004,tempo,-0.32294308206192046,-0.3385862215372576,192,48.0,0.4923468215662643
APT,2023-08-29 19:00:00+00:00,2023-08-29 19:00:00+00:00,2023-08-31 17:00:00+00:00,1,5.91,5.540409006694308,375.5009933056925,5.540409006694308,stop,-1.0,-1.0201378442363591,184,46.0,0.36959099330569245
APT,2023-09-10 05:00:00+00:00,2023-09-10 05:00:00+00:00,2023-09-11 09:30:00+00:00,1,5.236,4.987599561633582,253.636438366418,4.987599561633582,stop,-1.0,-1.0267525281306438,114,28.5,0.248400438366418
APT,2023-09-11 11:00:00+00:00,2023-09-11 11:00:00+00:00,2023-09-13 11:00:00+00:00,1,4.968,4.731791420407144,241.1765795928559,5.166,tempo,0.8382422024690456,0.8103554084696323,192,48.0,0.2362085795928559
APT,2023-09-24 22:00:00+00:00,2023-09-24 22:00:00+00:00,2023-09-25 01:45:00+00:00,-1,5.358,5.584084922228115,-220.72692222811537,5.584084922228115,stop,-1.0,-1.0314587772123611,15,3.75,0.22608492222811538
APT,2023-09-25 02:00:00+00:00,2023-09-25 02:00:00+00:00,2023-09-25 09:15:00+00:00,-1,5.475,5.719940681104343,-239.4656811043433,5.719940681104343,stop,-1.0,-1.0297080558848368,29,7.25,0.2449406811043433
APT,2023-09-25 10:00:00+00:00,2023-09-25 10:00:00+00:00,2023-09-27 10:00:00+00:00,-1,5.601,5.855389639858239,-248.78863985823904,5.299,tempo,1.1871552637453784,1.159304286779696,192,48.0,0.25438963985823904
APT,2023-10-21 14:00:00+00:00,2023-10-21 14:00:00+00:00,2023-10-22 07:15:00+00:00,-1,5.686,5.972530129695684,-280.8441296956844,5.972530129695684,stop,-1.0,-1.0264476360386623,69,17.25,0.28653012969568437
APT,2023-10-22 08:00:00+00:00,2023-10-22 08:00:00+00:00,2023-10-23 01:30:00+00:00,-1,6.023,6.359195388822418,-330.1723888224187,6.359195388822418,stop,-1.0,-1.0239397304969755,70,17.5,0.33619538882241873
APT,2023-10-23 02:00:00+00:00,2023-10-23 02:00:00+00:00,2023-10-24 03:00:00+00:00,-1,6.22,6.588582122420075,-362.3621224200749,6.588582122420075,stop,-1.0,-1.0225881231702398,100,25.0,0.36858212242007493
APT,2023-10-24 05:00:00+00:00,2023-10-24 05:00:00+00:00,2023-10-26 05:00:00+00:00,1,6.243,5.802876225732526,446.36677426747394,6.752,tempo,1.1564928544184203,1.1373010940685995,192,48.0,0.44012377426747396
APT,2023-11-07 02:00:00+00:00,2023-11-07 02:00:00+00:00,2023-11-09 02:00:00+00:00,-1,7.561,8.114031978808622,-545.4709788086224,7.47,tempo,0.16454744659800385,0.14688092752789964,192,48.0,0.5530319788086224
APT,2023-11-09 18:00:00+00:00,2023-11-09 18:00:00+00:00,2023-11-11 18:00:00+00:00,1,7.065,6.5233688587877285,548.6961412122719,7.664,tempo,1.1059186860255583,1.088242726739739,192,48.0,0.5416311412122718
APT,2023-11-12 09:00:00+00:00,2023-11-12 09:00:00+00:00,2023-11-14 09:00:00+00:00,-1,8.137,8.823022012015038,-677.8850120150373,7.323,tempo,1.1865508478497007,1.1719026298275366,192,48.0,0.6860220120150373
APT,2023-11-18 06:00:00+00:00,2023-11-18 06:00:00+00:00,2023-11-20 06:00:00+00:00,1,6.863,6.280209693828659,589.6533061713418,7.183,tempo,0.5490825715723532,0.533416731040483,192,48.0,0.5827903061713418
APT,2023-12-04 06:00:00+00:00,2023-12-04 06:00:00+00:00,2023-12-04 11:15:00+00:00,1,7.465,7.041671852989346,430.79314701065397,7.041671852989346,stop,-1.0,-1.0222742965971638,21,5.25,0.423328147010654
APT,2023-12-04 12:00:00+00:00,2023-12-04 12:00:00+00:00,2023-12-06 12:00:00+00:00,1,7.263,6.83535949566072,434.9035043392799,7.562,tempo,0.6991854068219432,0.6766518771346925,192,48.0,0.4276405043392799
APT,2023-12-07 18:00:00+00:00,2023-12-07 18:00:00+00:00,2023-12-08 16:30:00+00:00,-1,8.083,8.61387964401516,-522.79664401516,8.61387964401516,stop,-1.0,-1.0204433752376083,90,22.5,0.53087964401516
APT,2023-12-12 08:00:00+00:00,2023-12-12 08:00:00+00:00,2023-12-12 15:45:00+00:00,-1,8.377,8.991750104212432,-606.3731042124315,8.991750104212432,stop,-1.0,-1.0183646777615458,31,7.75,0.6147501042124315
APT,2023-12-12 16:00:00+00:00,2023-12-12 16:00:00+00:00,2023-12-14 16:00:00+00:00,-1,9.035,9.74633890571201,-702.3039057120099,8.248,tempo,1.1063643414980353,1.090571658277995,192,48.0,0.7113389057120099
APT,2023-12-23 01:00:00+00:00,2023-12-23 01:00:00+00:00,2023-12-25 01:00:00+00:00,-1,10.001,10.84393327002005,-832.9322700200512,9.253,tempo,0.8873774788628362,0.8725303961279214,192,48.0,0.8429332700200511
APT,2023-12-25 20:00:00+00:00,2023-12-25 20:00:00+00:00,2023-12-27 20:00:00+00:00,-1,10.672,11.596030996740298,-913.3589967402975,10.203,tempo,0.5075587308807731,0.4928744291118211,192,48.0,0.9240309967402975
APT,2024-01-04 14:00:00+00:00,2024-01-04 14:00:00+00:00,2024-01-06 14:00:00+00:00,-1,10.599,11.566862178782996,-957.2631787829957,9.114,tempo,1.5343093599000432,1.5210704398545138,192,48.0,0.9678621787829957
APT,2024-01-06 14:00:00+00:00,2024-01-06 14:00:00+00:00,2024-01-08 01:00:00+00:00,1,9.115,8.251446395640343,872.668604359657,8.251446395640343,stop,-1.0,-1.0130717885956098,140,35.0,0.863553604359657
APT,2024-01-08 03:00:00+00:00,2024-01-08 03:00:00+00:00,2024-01-10 03:00:00+00:00,1,7.978,7.23111822709323,754.8597729067698,8.274,tempo,0.39631439772322286,0.3821705259844776,192,48.0,0.7468817729067698
APT,2024-01-11 08:00:00+00:00,2024-01-11 08:00:00+00:00,2024-01-13 08:00:00+00:00,-1,9.312,10.215576308759148,-894.264308759149,9.163,tempo,0.1649002951445416,0.15161005071959513,192,48.0,0.9035763087591491
APT,2024-02-15 14:00:00+00:00,2024-02-15 14:00:00+00:00,2024-02-17 14:00:00+00:00,-1,10.423,11.108367236149789,-674.9442361497889,9.408,tempo,1.4809578667664376,1.4621502125336303,192,48.0,0.6853672361497889
APT,2024-02-21 08:00:00+00:00,2024-02-21 08:00:00+00:00,2024-02-23 08:00:00+00:00,1,9.235,8.604943518434704,639.2914815652958,9.148,tempo,-0.13808285851430213,-0.15704774555159495,192,48.0,0.6300564815652958
APT,2024-02-27 15:00:00+00:00,2024-02-27 15:00:00+00:00,2024-02-29 15:00:00+00:00,1,9.957,9.281762039641652,685.1949603583485,12.019,tempo,3.053738268662646,3.032583652307222,192,48.0,0.6752379603583485
APT,2024-03-05 18:00:00+00:00,2024-03-05 18:00:00+00:00,2024-03-07 18:00:00+00:00,-1,13.396,14.741665617726888,-1332.269617726887,13.47,tempo,-0.05499137306116319,-0.06796851966426844,192,48.0,1.3456656177268869
APT,2024-03-16 09:00:00+00:00,2024-03-16 09:00:00+00:00,2024-03-18 09:00:00+00:00,-1,15.325,16.972679955108354,-1632.3549551083552,14.45,tempo,0.5310497328605651,0.5193036714121649,192,48.0,1.6476799551083552
APT,2024-03-19 15:00:00+00:00,2024-03-19 15:00:00+00:00,2024-03-21 15:00:00+00:00,-1,16.101,18.291382905380146,-2174.2819053801472,14.99,tempo,0.50721725286985,0.4979909436476765,192,48.0,2.1903829053801473
APT,2024-03-26 18:00:00+00:00,2024-03-26 18:00:00+00:00,2024-03-28 18:00:00+00:00,-1,19.202,21.427384050902063,-2206.182050902061,17.139,tempo,0.9270309990600335,0.9164163593126043,192,48.0,2.2253840509020613
APT,2024-04-02 11:00:00+00:00,2024-04-02 11:00:00+00:00,2024-04-04 11:00:00+00:00,1,14.916,13.402801873690967,1528.1141263090335,14.214,tempo,-0.46391810021091295,-0.47643100230271285,192,48.0,1.5131981263090335
APT,2024-04-05 10:00:00+00:00,2024-04-05 10:00:00+00:00,2024-04-07 10:00:00+00:00,1,12.802,11.546689302457525,1268.112697542475,13.65,tempo,0.6755299717114914,0.6618331235657213,192,48.0,1.255310697542475
APT,2024-04-10 07:00:00+00:00,2024-04-10 07:00:00+00:00,2024-04-12 07:00:00+00:00,1,12.239,11.15920022300768,1092.0387769923207,12.018,tempo,-0.20466757329361052,-0.2192694007212079,192,48.0,1.0797997769923207
APT,2024-04-12 19:00:00+00:00,2024-04-12 19:00:00+00:00,2024-04-13 20:00:00+00:00,1,9.635,8.671509343655586,973.1256563444136,8.671509343655586,stop,-1.0,-1.0123501260702652,100,25.0,0.9634906563444137
APT,2024-05-01 09:00:00+00:00,2024-05-01 09:00:00+00:00,2024-05-03 09:00:00+00:00,-1,8.401,9.142644533951282,-733.2435339512823,8.9,tempo,-0.6728290672371884,-0.6879921938904466,192,48.0,0.7416445339512823
APT,2024-06-08 12:00:00+00:00,2024-06-08 12:00:00+00:00,2024-06-10 12:00:00+00:00,1,8.174,7.684493974139068,497.6800258609316,8.46,tempo,0.5842624705119642,0.5621746933881098,192,48.0,0.4895060258609316
APT,2024-06-18 02:00:00+00:00,2024-06-18 02:00:00+00:00,2024-06-20 02:00:00+00:00,1,6.724,6.239868916566706,490.85508343329457,6.962,tempo,0.4916023947732992,0.47322741265706475,192,48.0,0.4841310834332946
APT,2024-06-24 17:00:00+00:00,2024-06-24 17:00:00+00:00,2024-06-26 17:00:00+00:00,-1,6.764,7.206975552350947,-436.2115523509469,6.775,tempo,-0.02483207017096371,-0.04469851641905808,192,48.0,0.4429755523509469
APT,2024-07-05 01:00:00+00:00,2024-07-05 01:00:00+00:00,2024-07-05 03:00:00+00:00,1,5.791,5.451855922028519,344.93507797148095,5.451855922028519,stop,-1.0,-1.0215479403120613,8,2.0,0.33914407797148094
APT,2024-07-05 03:00:00+00:00,2024-07-05 03:00:00+00:00,2024-07-07 03:00:00+00:00,1,5.264,4.88750851291731,381.7554870826903,5.969,tempo,1.8725522998217436,1.8531588998365898,192,48.0,0.3764914870826903
APT,2024-07-27 06:00:00+00:00,2024-07-27 06:00:00+00:00,2024-07-29 06:00:00+00:00,-1,7.309,7.761389280180125,-445.0802801801246,7.053,tempo,0.5658843195799657,0.5452487731402201,192,48.0,0.4523892801801246
APT,2024-08-03 23:00:00+00:00,2024-08-03 23:00:00+00:00,2024-08-04 17:00:00+00:00,1,5.576,5.238009739150357,343.5662608496428,5.238009739150357,stop,-1.0,-1.0207967718146018,72,18.0,0.3379902608496428
APT,2024-08-06 04:00:00+00:00,2024-08-06 04:00:00+00:00,2024-08-08 04:00:00+00:00,-1,5.167,5.644201394417137,-472.0343944171372,5.277,tempo,-0.2305106424392502,-0.24473650195982374,192,48.0,0.47720139441713716
APT,2024-08-10 16:00:00+00:00,2024-08-10 16:00:00+00:00,2024-08-12 13:15:00+00:00,-1,6.25,6.800519057353201,-544.2690573532009,6.800519057353201,stop,-1.0,-1.015408798794475,181,45.25,0.5505190573532008
APT,2024-08-12 14:00:00+00:00,2024-08-12 14:00:00+00:00,2024-08-14 14:00:00+00:00,-1,6.44,7.0307863933644335,-584.346393364433,6.678,tempo,-0.4028528799463847,-0.41728567680116974,192,48.0,0.5907863933644331
APT,2024-08-16 20:00:00+00:00,2024-08-16 20:00:00+00:00,2024-08-18 20:00:00+00:00,1,5.951,5.443518859842095,513.4321401579042,5.872,tempo,-0.15567080970815714,-0.17081413108874835,192,48.0,0.5074811401579042
APT,2024-08-27 18:00:00+00:00,2024-08-27 18:00:00+00:00,2024-08-29 18:00:00+00:00,-1,7.471,8.006526061089215,-528.0550610892145,7.064,tempo,0.7600003614617683,0.7423583628991137,192,48.0,0.5355260610892145
APT,2024-09-19 11:00:00+00:00,2024-09-19 11:00:00+00:00,2024-09-19 16:15:00+00:00,-1,6.458,6.847990091390464,-383.53209139046413,6.847990091390464,stop,-1.0,-1.0221772136019334,21,5.25,0.38999009139046414
APT,2024-09-19 17:00:00+00:00,2024-09-19 17:00:00+00:00,2024-09-20 12:15:00+00:00,-1,6.879,7.303997787221384,-418.11878722138437,7.303997787221384,stop,-1.0,-1.0216917566135273,77,19.25,0.42499778722138437
APT,2024-09-20 13:00:00+00:00,2024-09-20 13:00:00+00:00,2024-09-21 09:30:00+00:00,-1,7.3422,7.82065516814084,-471.1129681408402,7.82065516814084,stop,-1.0,-1.020599329917553,82,20.5,0.4784551681408402
APT,2024-09-21 10:00:00+00:00,2024-09-21 10:00:00+00:00,2024-09-21 14:15:00+00:00,-1,7.742,8.258480821509089,-508.73882150908884,8.258480821509089,stop,-1.0,-1.0201368804045667,17,4.25,0.5164808215090888
APT,2024-09-21 15:00:00+00:00,2024-09-21 15:00:00+00:00,2024-09-23 15:00:00+00:00,-1,8.2129,8.781096971725187,-559.9840717251878,7.8558,tempo,0.6284792383101838,0.610097135765203,192,48.0,0.5681969717251878
APT,2024-10-03 11:00:00+00:00,2024-10-03 11:00:00+00:00,2024-10-04 15:15:00+00:00,-1,8.4312,9.11521663311802,-675.58543311802,9.11521663311802,stop,-1.0,-1.0166738208682695,113,28.25,0.68401663311802
APT,2024-10-10 17:00:00+00:00,2024-10-10 17:00:00+00:00,2024-10-12 17:00:00+00:00,1,7.992,7.28421640591802,715.7755940819801,9.4727,tempo,2.092023624707661,2.075984746306242,192,48.0,0.7077835940819801
APT,2024-10-12 17:00:00+00:00,2024-10-12 17:00:00+00:00,2024-10-13 05:30:00+00:00,-1,9.4728,10.307416696797446,-825.1438967974468,10.307416696797446,stop,-1.0,-1.015404845005202,50,12.5,0.8346166967974469
APT,2024-10-13 06:00:00+00:00,2024-10-13 06:00:00+00:00,2024-10-15 06:00:00+00:00,-1,10.2199,11.112595447456746,-882.4755474567452,10.2125,tempo,0.008289501219125549,-0.006587980275640922,192,48.0,0.8926954474567452
APT,2024-10-22 03:00:00+00:00,2024-10-22 03:00:00+00:00,2024-10-24 03:00:00+00:00,-1,10.9183,11.781997220632626,-852.7789206326252,9.8945,tempo,1.1853691033648404,1.169705836566215,192,48.0,0.8636972206326252
APT,2024-10-26 00:00:00+00:00,2024-10-26 00:00:00+00:00,2024-10-28 00:00:00+00:00,1,8.9407,8.216709536909015,732.9311630909848,9.1996,tempo,0.3576013955966493,0.34131500012445065,192,48.0,0.7239904630909848
APT,2024-11-10 04:00:00+00:00,2024-11-10 04:00:00+00:00,2024-11-11 13:00:00+00:00,-1,10.7299,11.605545422488317,-864.9155224883167,11.605545422488317,stop,-1.0,-1.0165798154729817,132,33.0,0.8756454224883168
APT,2024-11-12 00:00:00+00:00,2024-11-12 00:00:00+00:00,2024-11-14 00:00:00+00:00,-1,13.7337,15.084876303867336,-1337.4426038673355,11.7286,tempo,1.4839662257700978,1.4717172728002825,192,48.0,1.3511763038673354
APT,2024-11-21 10:00:00+00:00,2024-11-21 10:00:00+00:00,2024-11-23 10:00:00+00:00,1,11.4991,10.216631085283646,1293.968014716354,12.6313,tempo,0.8828284155724819,0.8705982867794819,192,48.0,1.282468914716354
APT,2024-12-03 09:00:00+00:00,2024-12-03 09:00:00+00:00,2024-12-05 09:00:00+00:00,-1,14.1164,15.53608290384074,-1405.566503840739,14.1056,tempo,0.0076073325746065686,-0.005314073994685947,192,48.0,1.419682903840739
APT,2024-12-05 13:00:00+00:00,2024-12-05 13:00:00+00:00,2024-12-07 13:00:00+00:00,1,14.06,12.552208028463344,1521.8519715366565,14.9635,tempo,0.5992205934610483,0.5867087381413959,192,48.0,1.5077919715366566
APT,2024-12-09 22:00:00+00:00,2024-12-09 22:00:00+00:00,2024-12-11 22:00:00+00:00,1,11.7054,10.471434786448173,1245.6706135518264,12.8251,tempo,0.9073999718169319,0.8944783555307607,192,48.0,1.2339652135518264
APT,2024-12-12 02:00:00+00:00,2024-12-12 02:00:00+00:00,2024-12-14 02:00:00+00:00,-1,13.73,15.251325804706466,-1507.595804706466,14.4009,tempo,-0.4409969238176744,-0.45301610139517434,192,48.0,1.521325804706466
APT,2024-12-21 02:00:00+00:00,2024-12-21 02:00:00+00:00,2024-12-22 05:15:00+00:00,1,10.189,9.036681659298658,1162.5073407013422,9.036681659298658,stop,-1.0,-1.0108448270214445,109,27.25,1.152318340701342
APT,2024-12-22 07:00:00+00:00,2024-12-22 07:00:00+00:00,2024-12-24 07:00:00+00:00,1,9.386,8.306420375266343,1088.9656247336557,9.3969,tempo,0.01009652252624756,-0.001212402466674629,192,48.0,1.0795796247336558
APT,2025-01-18 11:00:00+00:00,2025-01-18 11:00:00+00:00,2025-01-19 23:30:00+00:00,1,9.1413,8.428112045752595,722.3292542474043,8.428112045752595,stop,-1.0,-1.0160127744190384,146,36.5,0.7131879542474042
APT,2025-01-20 14:00:00+00:00,2025-01-20 14:00:00+00:00,2025-01-22 14:00:00+00:00,1,8.7793,7.982632301050398,805.4469989496016,8.5943,tempo,-0.23221727232561254,-0.24639236692890762,192,48.0,0.7966676989496015
APT,2025-01-27 06:00:00+00:00,2025-01-27 06:00:00+00:00,2025-01-29 06:00:00+00:00,1,7.2743,6.679352469114624,602.221830885376,7.4339,tempo,0.26825895010017126,0.2521897515512291,192,48.0,0.594947530885376
APT,2025-02-01 16:00:00+00:00,2025-02-01 16:00:00+00:00,2025-02-02 15:45:00+00:00,1,7.4211,6.83770408154102,590.8170184589803,6.83770408154102,stop,-1.0,-1.0158866772285335,95,23.75,0.5833959184589803
APT,2025-02-02 19:00:00+00:00,2025-02-02 19:00:00+00:00,2025-02-03 00:45:00+00:00,1,6.2965,5.777585932809879,525.2105671901207,5.777585932809879,stop,-1.0,-1.0151241917545686,23,5.75,0.5189140671901207
APT,2025-02-03 01:00:00+00:00,2025-02-03 01:00:00+00:00,2025-02-03 02:00:00+00:00,1,5.8965,5.392841147379162,509.55535262083765,5.392841147379162,stop,-1.0,-1.0145695279803226,4,1.0,0.5036588526208376
APT,2025-02-03 02:00:00+00:00,2025-02-03 02:00:00+00:00,2025-02-03 02:15:00+00:00,1,5.2185,4.681576944209641,542.1415557903588,4.681576944209641,stop,-1.0,-1.0119850506405685,1,0.25,0.5369230557903588
APT,2025-02-03 03:00:00+00:00,2025-02-03 03:00:00+00:00,2025-02-05 03:00:00+00:00,1,5.0042,4.480957547241891,528.246652758109,6.1305,tempo,2.1525394089548,2.13870728397746,192,48.0,0.523242452758109
APT,2025-02-18 16:00:00+00:00,2025-02-18 16:00:00+00:00,2025-02-20 16:00:00+00:00,1,5.4396,4.9476821932882835,497.3574067117169,6.1794,tempo,1.5039097790447573,1.4885569093235236,192,48.0,0.4919178067117169
APT,2025-02-25 15:00:00+00:00,2025-02-25 15:00:00+00:00,2025-02-25 20:45:00+00:00,-1,5.3132,5.784789840522668,-466.2766405226682,5.784789840522668,stop,-1.0,-1.0152965411391066,23,5.75,0.47158984052266817
APT,2025-02-25 21:00:00+00:00,2025-02-25 21:00:00+00:00,2025-02-27 04:00:00+00:00,-1,5.7343,6.249318253439867,-509.2839534398668,6.249318253439867,stop,-1.0,-1.0151244190137145,124,31.0,0.5150182534398668
APT,2025-02-27 04:00:00+00:00,2025-02-27 04:00:00+00:00,2025-03-01 04:00:00+00:00,-1,6.26,6.828417409654675,-562.1574096546748,6.4154,tempo,-0.27339064103333655,-0.2878852885583048,192,48.0,0.5684174096546748
APT,2025-03-02 18:00:00+00:00,2025-03-02 18:00:00+00:00,2025-03-03 18:30:00+00:00,1,6.7144,6.105582378622606,615.5320213773941,6.105582378622606,stop,-1.0,-1.013687167147449,98,24.5,0.6088176213773941
APT,2025-03-05 20:00:00+00:00,2025-03-05 20:00:00+00:00,2025-03-07 20:00:00+00:00,-1,6.3514,6.993850373087692,-636.0989730876925,6.2477,tempo,0.16141324582256125,0.14866609002180936,192,48.0,0.6424503730876925
ARB,2023-04-14 15:00:00+00:00,2023-04-14 15:00:00+00:00,2023-04-14 18:15:00+00:00,-1,1.5346,1.6768879104863181,-140.75331048631816,1.6768879104863181,stop,-1.0,-1.0146707273631432,13,3.25,0.14228791048631817
ARB,2023-04-14 19:00:00+00:00,2023-04-14 19:00:00+00:00,2023-04-16 19:00:00+00:00,-1,1.6399,1.8092766951988324,-167.73679519883245,1.6888,tempo,-0.28870559755931074,-0.30147981657131867,192,48.0,0.16937669519883247
ARB,2023-05-12 19:00:00+00:00,2023-05-12 19:00:00+00:00,2023-05-14 19:00:00+00:00,-1,1.1157,1.2112318642315745,-94.41616423157456,1.1709,tempo,-0.5778176783632345,-0.5933757333845114,192,48.0,0.09553186423157456
ARB,2023-06-02 09:00:00+00:00,2023-06-02 09:00:00+00:00,2023-06-04 09:00:00+00:00,-1,1.2284,1.2978230078544104,-68.19460785441048,1.2289,tempo,-0.007202223231939695,-0.030209653324131044,192,48.0,0.06942300785441047
ARB,2023-06-06 01:00:00+00:00,2023-06-06 01:00:00+00:00,2023-06-08 01:00:00+00:00,-1,1.1471,1.2167300687821059,-68.48296878210587,1.13,tempo,0.24558355749311883,0.2243267208148191,192,48.0,0.06963006878210587
ARB,2023-06-10 05:00:00+00:00,2023-06-10 05:00:00+00:00,2023-06-10 13:15:00+00:00,1,1.0212,0.9529964988901723,69.22470110982775,0.9529964988901723,stop,-1.0,-1.018814689911772,33,8.25,0.06820350110982776
ARB,2023-06-10 14:00:00+00:00,2023-06-10 14:00:00+00:00,2023-06-12 14:00:00+00:00,1,0.9763,0.9083041135671556,68.97218643284437,0.9805,tempo,0.06176844247994606,0.043062605013495764,192,48.0,0.06799588643284438
ARB,2023-06-21 14:00:00+00:00,2023-06-21 14:00:00+00:00,2023-06-23 14:00:00+00:00,1,1.0986,1.0234354496097235,76.26315039027648,1.0998,tempo,0.015964972766674405,-0.0030461168038800543,192,48.0,0.07516455039027647
ARB,2023-06-26 16:00:00+00:00,2023-06-26 16:00:00+00:00,2023-06-28 16:00:00+00:00,-1,1.1626,1.24566930314947,-81.90670314947003,1.1584,tempo,0.050560193004661996,0.03239885129597541,192,48.0,0.08306930314947003
ARB,2023-07-13 18:00:00+00:00,2023-07-13 18:00:00+00:00,2023-07-14 16:15:00+00:00,-1,1.2246,1.2934057328166118,-67.58113281661184,1.2934057328166118,stop,-1.0,-1.0237873162501314,89,22.25,0.06880573281661184
ARB,2023-07-15 08:00:00+00:00,2023-07-15 08:00:00+00:00,2023-07-17 08:00:00+00:00,-1,1.2766,1.3609517570333463,-83.0751570333463,1.3183,tempo,-0.49435840421812494,-0.5143542532593395,192,48.0,0.0843517570333463
ARB,2023-08-09 17:00:00+00:00,2023-08-09 17:00:00+00:00,2023-08-11 17:00:00+00:00,-1,1.1837,1.2288933148703793,-44.009614870379366,1.1541,tempo,0.6549641265505073,0.6213403482470494,192,48.0,0.045193314870379364
ARB,2023-08-16 13:00:00+00:00,2023-08-16 13:00:00+00:00,2023-08-16 20:30:00+00:00,1,1.0903,1.0543164282491342,37.07387175086586,1.0543164282491342,stop,-1.0,-1.038739919650372,30,7.5,0.03598357175086586
ARB,2023-08-16 21:00:00+00:00,2023-08-16 21:00:00+00:00,2023-08-16 21:15:00+00:00,1,1.0599,1.0223409973313264,38.61890266867363,1.0223409973313264,stop,-1.0,-1.0360354789024848,1,0.25,0.037559002668673624
ARB,2023-08-16 22:00:00+00:00,2023-08-16 22:00:00+00:00,2023-08-17 21:45:00+00:00,1,1.0336,0.9950288016131137,39.60479838688639,0.9950288016131137,stop,-1.0,-1.034186356042721,95,23.75,0.038571198386886385
ARB,2023-08-17 22:00:00+00:00,2023-08-17 22:00:00+00:00,2023-08-17 23:00:00+00:00,-1,0.9473,0.9976547342666534,-49.40743426665338,0.9976547342666534,stop,-1.0,-1.0251062903157953,4,1.0,0.05035473426665338
ARB,2023-08-17 23:00:00+00:00,2023-08-17 23:00:00+00:00,2023-08-19 23:00:00+00:00,-1,0.9912,1.0478591246927178,-55.66792469271783,1.0154,tempo,-0.4271156699162781,-0.4501356160780591,192,48.0,0.05665912469271783
ARB,2023-08-29 17:00:00+00:00,2023-08-29 17:00:00+00:00,2023-08-30 15:00:00+00:00,1,0.9822,0.9328441403533256,50.338059646674324,0.9328441403533256,stop,-1.0,-1.0252204844600157,88,22.0,0.04935585964667433
ARB,2023-09-10 11:00:00+00:00,2023-09-10 11:00:00+00:00,2023-09-11 02:15:00+00:00,1,0.8579,0.8225526680894318,36.20523191056816,0.8225526680894318,stop,-1.0,-1.0309017449187319,61,15.25,0.03534733191056816
ARB,2023-09-11 03:00:00+00:00,2023-09-11 03:00:00+00:00,2023-09-11 09:30:00+00:00,1,0.8328,0.7984802368389572,35.15256316104279,0.7984802368389572,stop,-1.0,-1.0308956722390477,26,6.5,0.03431976316104279
ARB,2023-09-11 10:00:00+00:00,2023-09-11 10:00:00+00:00,2023-09-11 14:15:00+00:00,1,0.8023,0.7677751086044771,35.32719139552295,0.7677751086044771,stop,-1.0,-1.0295597981439342,17,4.25,0.03452489139552295
ARB,2023-09-11 15:00:00+00:00,2023-09-11 15:00:00+00:00,2023-09-13 15:00:00+00:00,1,0.7695,0.735305266567537,34.96423343246293,0.7921,tempo,0.6609204907134807,0.6312363873995953,192,48.0,0.03419473343246293
ARB,2023-09-28 17:00:00+00:00,2023-09-28 17:00:00+00:00,2023-09-30 17:00:00+00:00,-1,0.8972,0.9377762787208056,-39.679078720805606,0.9192,tempo,-0.5421887046709253,-0.5712860008553241,192,48.0,0.0405762787208056
ARB,2023-10-02 19:00:00+00:00,2023-10-02 19:00:00+00:00,2023-10-04 00:45:00+00:00,1,0.9237,0.8768490981588417,47.77460184115825,0.8768490981588417,stop,-1.0,-1.0249804564653031,119,29.75,0.046850901841158255
ARB,2023-10-04 01:00:00+00:00,2023-10-04 01:00:00+00:00,2023-10-06 01:00:00+00:00,1,0.8708,0.8247203652770297,46.95043472297028,0.8628,tempo,-0.17361248734057522,-0.1980666742449319,192,48.0,0.046079634722970275
ARB,2023-10-16 15:00:00+00:00,2023-10-16 15:00:00+00:00,2023-10-17 14:00:00+00:00,1,0.8127,0.7795817472983566,33.93095270164337,0.7795817472983566,stop,-1.0,-1.0312511395171695,92,23.0,0.03311825270164337
ARB,2023-10-17 14:00:00+00:00,2023-10-17 14:00:00+00:00,2023-10-19 14:00:00+00:00,1,0.7903,0.7582806123329827,32.809687667017286,0.7759,tempo,-0.4497275260149089,-0.48152170055025323,192,48.0,0.032019387667017285
ARB,2023-10-23 23:00:00+00:00,2023-10-23 23:00:00+00:00,2023-10-25 23:00:00+00:00,1,0.8816,0.8431261560764084,39.35544392359166,0.9166,tempo,0.9097089458882579,0.8793290856818986,192,48.0,0.038473843923591655
ARB,2023-10-26 08:00:00+00:00,2023-10-26 08:00:00+00:00,2023-10-28 08:00:00+00:00,-1,0.9887,1.0494373190707622,-59.74861907076218,0.9197,tempo,1.1360396055613093,1.1156162477480545,192,48.0,0.060737319070762186
ARB,2023-11-01 21:00:00+00:00,2023-11-01 21:00:00+00:00,2023-11-03 21:00:00+00:00,-1,1.0386,1.1070881686304306,-67.4495686304306,1.0554,tempo,-0.24529784247341319,-0.26517134803237535,192,48.0,0.06848816863043061
ARB,2023-11-03 23:00:00+00:00,2023-11-03 23:00:00+00:00,2023-11-05 23:00:00+00:00,-1,1.0612,1.136271251621993,-74.01005162199313,1.0897,tempo,-0.37963933442200015,-0.3982627750839434,192,48.0,0.07507125162199313
ARB,2023-11-17 14:00:00+00:00,2023-11-17 14:00:00+00:00,2023-11-19 14:00:00+00:00,1,1.0326,0.9525221485708635,81.11045142913649,1.0238,tempo,-0.1098930583544356,-0.1265850646476221,192,48.0,0.08007785142913648
ARB,2023-12-02 19:00:00+00:00,2023-12-02 19:00:00+00:00,2023-12-04 19:00:00+00:00,-1,1.1056,1.1689259584912353,-62.220358491235345,1.0704,tempo,0.5558542000571814,0.5335189676548837,192,48.0,0.06332595849123535
ARB,2023-12-04 19:00:00+00:00,2023-12-04 19:00:00+00:00,2023-12-06 19:00:00+00:00,1,1.0704,1.0063705861002146,65.09981389978546,1.0811,tempo,0.16711069722966473,0.14526956336907998,192,48.0,0.06402941389978545
ARB,2023-12-07 17:00:00+00:00,2023-12-07 17:00:00+00:00,2023-12-09 17:00:00+00:00,-1,1.1948,1.2805750779669387,-84.58027796693862,1.1704,tempo,0.2844649119340326,0.26654152397054315,192,48.0,0.08577507796693862
ARB,2023-12-12 07:00:00+00:00,2023-12-12 07:00:00+00:00,2023-12-12 23:30:00+00:00,-1,1.1529,1.243868962076209,-89.81606207620885,1.243868962076209,stop,-1.0,-1.0171256194397866,66,16.5,0.09096896207620886
ARB,2023-12-13 00:00:00+00:00,2023-12-13 00:00:00+00:00,2023-12-15 00:00:00+00:00,-1,1.2537,1.3583404822564245,-103.38678225642442,1.1842,tempo,0.664178896172214,0.6490352828609067,192,48.0,0.10464048225642442
ARB,2023-12-22 08:00:00+00:00,2023-12-22 08:00:00+00:00,2023-12-22 18:15:00+00:00,-1,1.2841,1.389158600198618,-103.77450019861801,1.389158600198618,stop,-1.0,-1.0165395130607495,41,10.25,0.10505860019861801
ARB,2023-12-22 19:00:00+00:00,2023-12-22 19:00:00+00:00,2023-12-24 19:00:00+00:00,-1,1.3708,1.486985444580756,-114.81464458075597,1.3937,tempo,-0.197098699261619,-0.21256470712933453,192,48.0,0.11618544458075597
ARB,2023-12-27 16:00:00+00:00,2023-12-27 16:00:00+00:00,2023-12-28 01:45:00+00:00,-1,1.5099,1.649354569077302,-137.94466907730194,1.649354569077302,stop,-1.0,-1.014725336598774,39,9.75,0.13945456907730192
ARB,2023-12-28 02:00:00+00:00,2023-12-28 02:00:00+00:00,2023-12-30 02:00:00+00:00,-1,1.6261,1.7812552267091493,-153.52912670914915,1.499,tempo,0.8191796222131728,0.8060874754445185,192,48.0,0.15515522670914916
ARB,2024-01-03 13:00:00+00:00,2024-01-03 13:00:00+00:00,2024-01-05 13:00:00+00:00,-1,1.9228,2.128595952907971,-203.87315290797093,1.941,tempo,-0.08843711328054532,-0.10064080321959429,192,48.0,0.20579595290797092
ARB,2024-01-10 13:00:00+00:00,2024-01-10 13:00:00+00:00,2024-01-10 21:15:00+00:00,-1,1.915,2.1655834644754286,-248.66846447542858,2.1655834644754286,stop,-1.0,-1.0105848135568782,33,8.25,0.25058346447542856
ARB,2024-01-10 22:00:00+00:00,2024-01-10 22:00:00+00:00,2024-01-12 22:00:00+00:00,-1,2.1768,2.4643257462867014,-285.34894628670133,2.1575,tempo,0.06712442363598009,0.05732601414957958,192,48.0,0.28752574628670136
ARB,2024-02-14 18:00:00+00:00,2024-02-14 18:00:00+00:00,2024-02-16 18:00:00+00:00,1,2.0695,1.9404315112433659,131.13798875663423,1.9946,tempo,-0.5803120554175565,-0.6007792122383123,192,48.0,0.12906848875663424
ARB,2024-02-21 14:00:00+00:00,2024-02-21 14:00:00+00:00,2024-02-23 14:00:00+00:00,1,1.8492,1.7275641100204024,123.4850899795975,1.7915,tempo,-0.4743665706698748,-0.49382180711692125,192,48.0,0.12163588997959751
ARB,2024-02-26 20:00:00+00:00,2024-02-26 20:00:00+00:00,2024-02-28 17:45:00+00:00,1,1.9152,1.7930844502430652,124.03074975693484,1.7930844502430652,stop,-1.0,-1.0197385582545035,183,45.75,0.12211554975693484
ARB,2024-02-28 18:00:00+00:00,2024-02-28 18:00:00+00:00,2024-03-01 18:00:00+00:00,1,1.8885,1.762279314172558,128.10918582744216,1.9816,tempo,0.737597006304324,0.7176671114260862,192,48.0,0.12622068582744217
ARB,2024-03-03 05:00:00+00:00,2024-03-03 05:00:00+00:00,2024-03-05 05:00:00+00:00,-1,2.1674,2.3203504095594645,-150.7830095594643,2.0985,tempo,0.4504728048682547,0.43234382431837276,192,48.0,0.15295040955946426
ARB,2024-03-17 07:00:00+00:00,2024-03-17 07:00:00+00:00,2024-03-19 07:00:00+00:00,1,1.6402,1.494376396768327,147.4638032316731,1.5241,tempo,-0.7961674065586593,-0.8102720847754794,192,48.0,0.1458236032316731
ARB,2024-03-20 01:00:00+00:00,2024-03-20 01:00:00+00:00,2024-03-22 01:00:00+00:00,-1,1.6505,1.8082382799972339,-156.08777999723378,1.6781,tempo,-0.1749733799587764,-0.18868970804374058,192,48.0,0.15773827999723378
ARB,2024-04-10 20:00:00+00:00,2024-04-10 20:00:00+00:00,2024-04-12 13:30:00+00:00,1,1.466,1.3736703880096435,93.79561199035649,1.3736703880096435,stop,-1.0,-1.0199912651252023,166,41.5,0.0923296119903565
ARB,2024-04-12 18:00:00+00:00,2024-04-12 18:00:00+00:00,2024-04-12 18:45:00+00:00,1,1.2503,1.1582539701740657,93.29632982593424,1.1582539701740657,stop,-1.0,-1.0170084476600862,3,0.75,0.09204602982593424
ARB,2024-04-12 19:00:00+00:00,2024-04-12 19:00:00+00:00,2024-04-13 20:00:00+00:00,1,1.1061,1.0026744437796298,104.53165622037031,1.0026744437796298,stop,-1.0,-1.013253043430931,100,25.0,0.10342555622037031
ARB,2024-04-14 18:00:00+00:00,2024-04-14 18:00:00+00:00,2024-04-15 12:15:00+00:00,-1,1.1325,1.2634587264530088,-129.8262264530088,1.2634587264530088,stop,-1.0,-1.0118920916106593,73,18.25,0.13095872645300877
ARB,2024-04-28 03:00:00+00:00,2024-04-28 03:00:00+00:00,2024-04-30 03:00:00+00:00,-1,1.1644,1.2691844073607257,-103.62000736072558,1.052,tempo,1.072678682173173,1.0589298808363439,192,48.0,0.10478440736072558
ARB,2024-05-01 05:00:00+00:00,2024-05-01 05:00:00+00:00,2024-05-03 05:00:00+00:00,-1,1.0365,1.1248431142396662,-87.30661423966623,1.0384,tempo,-0.02150705254566302,-0.036773494210161614,192,48.0,0.08834311423966623
ARB,2024-05-17 13:00:00+00:00,2024-05-17 13:00:00+00:00,2024-05-19 13:00:00+00:00,-1,1.0306,1.0937950121507027,-62.16441215070278,0.989,tempo,0.6582798006398887,0.6375069586809462,192,48.0,0.06319501215070278
ARB,2024-05-20 22:00:00+00:00,2024-05-20 22:00:00+00:00,2024-05-21 11:45:00+00:00,-1,1.1266,1.20340460718565,-75.67800718564986,1.20340460718565,stop,-1.0,-1.0197189081510418,55,13.75,0.07680460718564985
ARB,2024-05-21 12:00:00+00:00,2024-05-21 12:00:00+00:00,2024-05-23 12:00:00+00:00,-1,1.2095,1.2981738623331696,-87.46436233316953,1.2366,tempo,-0.3056142958809951,-0.32354477683857547,192,48.0,0.08867386233316954
ARB,2024-05-23 13:00:00+00:00,2024-05-23 13:00:00+00:00,2024-05-25 13:00:00+00:00,-1,1.2163,1.3071266783718891,-89.61037837188918,1.19,tempo,0.2895624993827786,0.27234184320513194,192,48.0,0.09082667837188918
ARB,2024-06-07 19:00:00+00:00,2024-06-07 19:00:00+00:00,2024-06-09 19:00:00+00:00,1,0.9661,0.8989749847364008,68.09111526359915,0.9843,tempo,0.2711358787559125,0.25224932811571493,192,48.0,0.06712501526359915
ARB,2024-06-17 22:00:00+00:00,2024-06-17 22:00:00+00:00,2024-06-18 01:30:00+00:00,1,0.8691,0.8165327086087213,53.4363913912787,0.8165327086087213,stop,-1.0,-1.0208430229444434,14,3.5,0.05256729139127869
ARB,2024-06-18 02:00:00+00:00,2024-06-18 02:00:00+00:00,2024-06-20 02:00:00+00:00,1,0.7691,0.7110040700651383,58.86502993486168,0.8194,tempo,0.8658093614543632,0.8480366017936143,192,48.0,0.05809592993486168
ARB,2024-06-24 17:00:00+00:00,2024-06-24 17:00:00+00:00,2024-06-25 04:00:00+00:00,-1,0.7748,0.824720552173549,-49.14575217354896,0.824720552173549,stop,-1.0,-1.0208268601536763,44,11.0,0.04992055217354896
ARB,2024-06-25 04:00:00+00:00,2024-06-25 04:00:00+00:00,2024-06-27 04:00:00+00:00,-1,0.8205,0.8732105909053528,-51.89009090535279,0.8118,tempo,0.16505221911895795,0.14492353185181797,192,48.0,0.052710590905352794
ARB,2024-07-05 01:00:00+00:00,2024-07-05 01:00:00+00:00,2024-07-05 03:00:00+00:00,1,0.6447,0.6045917024463909,40.75299755360912,0.6045917024463909,stop,-1.0,-1.0202461748845055,8,2.0,0.04010829755360912
ARB,2024-07-05 03:00:00+00:00,2024-07-05 03:00:00+00:00,2024-07-07 03:00:00+00:00,1,0.5821,0.5384693385663151,44.212761433684875,0.6966,tempo,2.6243012651557183,2.6052514737317836,192,48.0,0.04363066143368488
ARB,2024-07-23 20:00:00+00:00,2024-07-23 20:00:00+00:00,2024-07-25 20:00:00+00:00,-1,0.7977,0.8533181045578483,-54.82040455784833,0.6822,tempo,2.07666192363439,2.05936656616676,192,48.0,0.055618104557848325
ARB,2024-07-25 20:00:00+00:00,2024-07-25 20:00:00+00:00,2024-07-27 20:00:00+00:00,1,0.6822,0.635219411666303,47.66278833369701,0.7217,tempo,0.840772782993619,0.8213491224485789,192,48.0,0.046980588333697004
ARB,2024-08-05 02:00:00+00:00,2024-08-05 02:00:00+00:00,2024-08-05 05:15:00+00:00,1,0.4943,0.45498032809858996,39.81397190141006,0.45498032809858996,stop,-1.0,-1.0156927101225877,13,3.25,0.03931967190141006
ARB,2024-08-05 06:00:00+00:00,2024-08-05 06:00:00+00:00,2024-08-05 06:30:00+00:00,1,0.4718,0.43381975338047307,38.452046619526925,0.43381975338047307,stop,-1.0,-1.0154989209415681,2,0.5,0.037980246619526925
ARB,2024-08-05 07:00:00+00:00,2024-08-05 07:00:00+00:00,2024-08-07 07:00:00+00:00,1,0.4557,0.41834153813519587,37.81416186480413,0.5129,tempo,1.53111228741162,1.5142596128481327,192,48.0,0.03735846186480413
ARB,2024-08-09 21:00:00+00:00,2024-08-09 21:00:00+00:00,2024-08-11 21:00:00+00:00,-1,0.5821,0.6358021321889998,-53.120032188999886,0.5524,tempo,0.5530506665074942,0.5393189026102118,192,48.0,0.053702132188999885
ARB,2024-09-06 16:00:00+00:00,2024-09-06 16:00:00+00:00,2024-09-08 16:00:00+00:00,-1,0.5039,0.5335237347906714,-29.119834790671373,0.4977,tempo,0.20929163874206846,0.18731466640551436,192,48.0,0.029623734790671374
ARB,2024-09-19 17:00:00+00:00,2024-09-19 17:00:00+00:00,2024-09-21 17:00:00+00:00,-1,0.5755,0.6058841281717398,-29.80862817173974,0.5947,tempo,-0.6319088667437199,-0.6569426605620156,192,48.0,0.030384128171739744
ARB,2024-09-21 19:00:00+00:00,2024-09-21 19:00:00+00:00,2024-09-23 19:00:00+00:00,-1,0.6044,0.6375819271237811,-32.577527123781095,0.6043,tempo,0.0030136887356500518,-0.02066350750039768,192,48.0,0.033181927123781096
ARB,2024-09-27 23:00:00+00:00,2024-09-27 23:00:00+00:00,2024-09-29 23:00:00+00:00,-1,0.6745,0.7137304791301033,-38.55597913010335,0.6469,tempo,0.7035346142081962,0.6816406679948063,192,48.0,0.03923047913010336
ARB,2024-10-01 17:00:00+00:00,2024-10-01 17:00:00+00:00,2024-10-02 19:00:00+00:00,1,0.5662,0.5320679353404671,34.69826465953289,0.5320679353404671,stop,-1.0,-1.0209150593464589,104,26.0,0.03413206465953289
ARB,2024-10-20 14:00:00+00:00,2024-10-20 14:00:00+00:00,2024-10-22 14:00:00+00:00,-1,0.5993,0.6339056658139582,-34.00636581395818,0.5778,tempo,0.621285546580296,0.599176016767655,192,48.0,0.034605665813958186
ARB,2024-10-26 00:00:00+00:00,2024-10-26 00:00:00+00:00,2024-10-28 00:00:00+00:00,1,0.5064,0.4768996398384706,30.00676016152935,0.5192,tempo,0.43389300774341666,0.4112953175338799,192,48.0,0.02950036016152935
ARB,2024-11-03 03:00:00+00:00,2024-11-03 03:00:00+00:00,2024-11-05 03:00:00+00:00,1,0.4813,0.45425851499605513,27.52278500394488,0.4764,tempo,-0.18120306629925065,-0.2042234366638659,192,48.0,0.027041485003944876
ARB,2024-11-07 03:00:00+00:00,2024-11-07 03:00:00+00:00,2024-11-09 03:00:00+00:00,-1,0.5932,0.6315798028606833,-37.78660286068332,0.5873,tempo,0.1537266885246023,0.13373375102084936,192,48.0,0.03837980286068332
ARB,2024-11-11 16:00:00+00:00,2024-11-11 16:00:00+00:00,2024-11-13 04:45:00+00:00,1,0.635,0.5885854283361125,47.04957166388751,0.5885854283361125,stop,-1.0,-1.0171353628808186,147,36.75,0.046414571663887516
ARB,2024-11-13 05:00:00+00:00,2024-11-13 05:00:00+00:00,2024-11-15 05:00:00+00:00,1,0.59,0.5423320288795725,48.25797112042743,0.5712,tempo,-0.394394801333247,-0.4102289134689018,192,48.0,0.04766797112042742
ARB,2024-11-16 14:00:00+00:00,2024-11-16 14:00:00+00:00,2024-11-16 18:45:00+00:00,-1,0.6537,0.7103184621457356,-55.96476214573563,0.7103184621457356,stop,-1.0,-1.0156594150881844,19,4.75,0.056618462145735626
ARB,2024-11-16 19:00:00+00:00,2024-11-16 19:00:00+00:00,2024-11-18 19:00:00+00:00,-1,0.7172,0.78154362377965,-63.62642377965009,0.7226,tempo,-0.08392439969643,-0.09846927524159609,192,48.0,0.06434362377965008
ARB,2024-11-21 20:00:00+00:00,2024-11-21 20:00:00+00:00,2024-11-23 13:00:00+00:00,-1,0.7769,0.8584289739975932,-80.75207399759319,0.8584289739975932,stop,-1.0,-1.013037865938676,164,41.0,0.08152897399759318
ARB,2024-11-23 19:00:00+00:00,2024-11-23 19:00:00+00:00,2024-11-25 19:00:00+00:00,-1,0.8671,0.9602646784360314,-92.29757843603139,0.913,tempo,-0.49267598805180074,-0.505095555418144,192,48.0,0.09316467843603138
ARB,2024-11-25 20:00:00+00:00,2024-11-25 20:00:00+00:00,2024-11-27 20:00:00+00:00,-1,0.9323,1.0368357966699664,-103.60349666996638,0.9242,tempo,0.0774854189476624,0.065941765592154,192,48.0,0.10453579666996637
ARB,2024-12-03 09:00:00+00:00,2024-12-03 09:00:00+00:00,2024-12-04 19:15:00+00:00,-1,1.0639,1.1770470468638707,-112.08314686387067,1.1770470468638707,stop,-1.0,-1.01287365088913,137,34.25,0.11314704686387067
ARB,2024-12-04 20:00:00+00:00,2024-12-04 20:00:00+00:00,2024-12-06 20:00:00+00:00,-1,1.1857,1.3165928170606618,-129.7071170606618,1.214,tempo,-0.21620743319233826,-0.22812409168458475,192,48.0,0.1308928170606618
ARB,2024-12-09 22:00:00+00:00,2024-12-09 22:00:00+00:00,2024-12-11 22:00:00+00:00,1,0.9441,0.8418413598325989,103.20274016740116,1.0001,tempo,0.547630986568234,0.5352728132350933,192,48.0,0.10225864016740116
ARB,2024-12-23 21:00:00+00:00,2024-12-23 21:00:00+00:00,2024-12-25 21:00:00+00:00,-1,0.7975,0.888313787343173,-90.01628734317302,0.7952,tempo,0.025326550816657162,0.013926795005483786,192,48.0,0.09081378734317302
ARB,2025-01-04 18:00:00+00:00,2025-01-04 18:00:00+00:00,2025-01-06 18:00:00+00:00,-1,0.8895,0.9632172932055171,-72.82779320551712,0.9326,tempo,-0.5846660685144955,-0.6007323800744995,192,48.0,0.07371729320551712
ARB,2025-01-07 03:00:00+00:00,2025-01-07 03:00:00+00:00,2025-01-07 18:00:00+00:00,1,0.9092,0.8383216867916536,71.78751320834637,0.8383216867916536,stop,-1.0,-1.0160259047513678,60,15.0,0.07087831320834637
ARB,2025-01-18 11:00:00+00:00,2025-01-18 11:00:00+00:00,2025-01-19 12:00:00+00:00,1,0.7594,0.6970543010122223,63.105098987777644,0.6970543010122223,stop,-1.0,-1.0151846127484037,100,25.0,0.06234569898777764
ARB,2025-01-19 12:00:00+00:00,2025-01-19 12:00:00+00:00,2025-01-21 12:00:00+00:00,1,0.7017,0.6420929708977471,60.30872910225291,0.7083,tempo,0.11072519633008511,0.09534949293061204,192,48.0,0.059607029102252906
ARB,2025-02-01 21:00:00+00:00,2025-02-01 21:00:00+00:00,2025-02-02 17:00:00+00:00,1,0.5922,0.5442298086427719,48.562391357228016,0.5442298086427719,stop,-1.0,-1.0153987164678362,80,20.0,0.04797019135722802
ARB,2025-02-02 17:00:00+00:00,2025-02-02 17:00:00+00:00,2025-02-02 22:45:00+00:00,1,0.541,0.4955864118530236,45.954588146976434,0.4955864118530236,stop,-1.0,-1.014836554326512,23,5.75,0.045413588146976436
ARB,2025-02-02 23:00:00+00:00,2025-02-02 23:00:00+00:00,2025-02-03 02:00:00+00:00,1,0.4923,0.44895222122486134,43.84007877513868,0.44895222122486134,stop,-1.0,-1.014114078300756,12,3.0,0.04334777877513868
ARB,2025-02-03 02:00:00+00:00,2025-02-03 02:00:00+00:00,2025-02-03 02:15:00+00:00,1,0.4035,0.35687946184591457,47.02403815408546,0.35687946184591457,stop,-1.0,-1.0106014788711,1,0.25,0.046620538154085456
ARB,2025-02-03 03:00:00+00:00,2025-02-03 03:00:00+00:00,2025-02-05 03:00:00+00:00,1,0.3838,0.33863165850094323,45.552141499056745,0.4834,tempo,2.2050842845775063,2.1926047473332226,192,48.0,0.04516834149905674
ARB,2025-02-18 16:00:00+00:00,2025-02-18 16:00:00+00:00,2025-02-20 16:00:00+00:00,1,0.4493,0.4074479492766436,42.30135072335641,0.4773,tempo,0.6690233696093186,0.6546324379921045,192,48.0,0.041852050723356404
ARB,2025-02-24 23:00:00+00:00,2025-02-24 23:00:00+00:00,2025-02-26 23:00:00+00:00,1,0.406,0.37101719308551034,35.388806914489685,0.4271,tempo,0.6031534305287678,0.5876739693945126,192,48.0,0.034982806914489684
ARB,2025-02-26 23:00:00+00:00,2025-02-26 23:00:00+00:00,2025-02-28 23:00:00+00:00,-1,0.427,0.4644753452087802,-37.04834520878021,0.4186,tempo,0.22414736817506092,0.2094806587174727,192,48.0,0.03747534520878021
ARB,2025-03-03 09:00:00+00:00,2025-03-03 09:00:00+00:00,2025-03-03 20:00:00+00:00,1,0.4252,0.3873043372249372,38.32086277506284,0.3873043372249372,stop,-1.0,-1.0139363658139724,44,11.0,0.037895662775062844
ARB,2025-03-28 14:00:00+00:00,2025-03-28 14:00:00+00:00,2025-03-29 17:30:00+00:00,1,0.3493,0.3263920962635304,23.257203736469613,0.3263920962635304,stop,-1.0,-1.0191724161068516,110,27.5,0.022907903736469615
OP,2023-01-04 12:00:00+00:00,2023-01-04 12:00:00+00:00,2023-01-06 12:00:00+00:00,-1,1.0357,1.0928368880474495,-56.10118804744943,0.9909,tempo,0.7840819045446756,0.7610269212402637,192,48.0,0.05713688804744943
OP,2023-01-07 02:00:00+00:00,2023-01-07 02:00:00+00:00,2023-01-08 20:15:00+00:00,-1,1.1117,1.1780161437348158,-65.20444373481587,1.1780161437348158,stop,-1.0,-1.0224427327888528,169,42.25,0.06631614373481587
OP,2023-01-08 21:00:00+00:00,2023-01-08 21:00:00+00:00,2023-01-09 04:30:00+00:00,-1,1.2186,1.3044149075192906,-84.59630751929066,1.3044149075192906,stop,-1.0,-1.0191104289137511,30,7.5,0.08581490751929066
OP,2023-01-09 05:00:00+00:00,2023-01-09 05:00:00+00:00,2023-01-11 05:00:00+00:00,-1,1.3168,1.4156850956970484,-97.5682956970484,1.2407,tempo,0.7695800814426632,0.7527689028895982,192,48.0,0.0988850956970484
OP,2023-01-13 17:00:00+00:00,2023-01-13 17:00:00+00:00,2023-01-14 12:30:00+00:00,-1,1.5617,1.711124666495123,-147.86296649512286,1.711124666495123,stop,-1.0,-1.0142368464532678,78,19.5,0.14942466649512287
OP,2023-01-21 05:00:00+00:00,2023-01-21 05:00:00+00:00,2023-01-23 05:00:00+00:00,-1,2.2885,2.556095985598316,-265.3074855983159,2.2537,tempo,0.13004679394644544,0.11901363142198274,192,48.0,0.2675959855983159
OP,2023-01-25 23:00:00+00:00,2023-01-25 23:00:00+00:00,2023-01-27 23:00:00+00:00,-1,2.353,2.662900072992474,-307.54707299247366,2.267,tempo,0.27750880846707293,0.267818588096996,192,48.0,0.3099000729924737
OP,2023-02-01 22:00:00+00:00,2023-02-01 22:00:00+00:00,2023-02-02 18:45:00+00:00,-1,2.6775,3.0355200621413134,-355.3425621413132,3.0355200621413134,stop,-1.0,-1.0103722205347423,83,20.75,0.3580200621413132
OP,2023-02-02 19:00:00+00:00,2023-02-02 19:00:00+00:00,2023-02-04 19:00:00+00:00,-1,3.0986,3.516433619746161,-414.7350197461614,3.0081,tempo,0.21659338962474906,0.20709354372337946,192,48.0,0.4178336197461614
OP,2023-02-13 10:00:00+00:00,2023-02-13 10:00:00+00:00,2023-02-15 10:00:00+00:00,1,2.1411,1.8849477552868785,258.29334471312126,2.4183,tempo,1.082168927742372,1.070599206761324,192,48.0,0.25615224471312126
OP,2023-02-22 19:00:00+00:00,2023-02-22 19:00:00+00:00,2023-02-23 14:30:00+00:00,-1,2.7304,3.033777244413325,-300.64684441332497,3.033777244413325,stop,-1.0,-1.0123500205696512,78,19.5,0.3033772444133249
OP,2023-02-23 15:00:00+00:00,2023-02-23 15:00:00+00:00,2023-02-25 15:00:00+00:00,-1,3.009,3.346479949815042,-334.4709498150422,2.8229,tempo,0.5514401673402904,0.5402076926345264,192,48.0,0.33747994981504226
OP,2023-02-25 20:00:00+00:00,2023-02-25 20:00:00+00:00,2023-02-27 20:00:00+00:00,1,2.6813,2.3745266091562782,309.4546908437216,2.8738,tempo,0.6274990131007318,0.6157287125865015,192,48.0,0.30677339084372157
OP,2023-03-10 02:00:00+00:00,2023-03-10 02:00:00+00:00,2023-03-12 02:00:00+00:00,-1,2.2276,2.4499353468078438,-220.10774680784397,1.8579,tempo,1.662803532177533,1.6508595249014648,192,48.0,0.22233534680784395
OP,2023-03-12 02:00:00+00:00,2023-03-12 02:00:00+00:00,2023-03-14 02:00:00+00:00,1,1.858,1.6530590344611755,206.79896553882458,2.6104,tempo,3.6713011379731353,3.6571289592075886,192,48.0,0.20494096553882457
OP,2023-03-24 10:00:00+00:00,2023-03-24 10:00:00+00:00,2023-03-26 10:00:00+00:00,1,2.3068,2.0317159625763397,277.3908374236603,2.2409,tempo,-0.239563155380429,-0.2503089806478087,192,48.0,0.2750840374236603
OP,2023-04-14 02:00:00+00:00,2023-04-14 02:00:00+00:00,2023-04-15 13:00:00+00:00,-1,2.5583,2.739636631144867,-178.77833114486697,2.739636631144867,stop,-1.0,-1.0189904201291413,140,35.0,0.18133663114486698
OP,2023-04-15 16:00:00+00:00,2023-04-15 16:00:00+00:00,2023-04-17 16:00:00+00:00,-1,2.7629,2.959552287670059,-193.8893876700587,2.569,tempo,0.9860042936562412,0.9683806237713793,192,48.0,0.1966522876700587
OP,2023-05-04 21:00:00+00:00,2023-05-04 21:00:00+00:00,2023-05-05 12:45:00+00:00,1,2.0435,1.9176123700264922,127.93112997350767,1.9176123700264922,stop,-1.0,-1.0204525499531532,63,15.75,0.12588762997350766
OP,2023-05-05 13:00:00+00:00,2023-05-05 13:00:00+00:00,2023-05-06 08:15:00+00:00,1,1.9712,1.8484044465121305,124.76675348786952,1.8484044465121305,stop,-1.0,-1.0202185080787811,77,19.25,0.12279555348786952
OP,2023-05-06 09:00:00+00:00,2023-05-06 09:00:00+00:00,2023-05-08 01:45:00+00:00,1,1.8779,1.7614305645243589,118.34733547564103,1.7614305645243589,stop,-1.0,-1.0203106064460628,163,40.75,0.11646943547564104
OP,2023-05-11 17:00:00+00:00,2023-05-11 17:00:00+00:00,2023-05-13 17:00:00+00:00,1,1.5455,1.434993226420248,112.05227357975203,1.6393,tempo,0.8488167463536073,0.8300837770256592,192,48.0,0.11050677357975203
OP,2023-05-17 05:00:00+00:00,2023-05-17 05:00:00+00:00,2023-05-17 19:45:00+00:00,-1,1.7512,1.8719042652974036,-118.95306529740353,1.8719042652974036,stop,-1.0,-1.019510642533143,59,14.75,0.12070426529740352
OP,2023-05-17 20:00:00+00:00,2023-05-17 20:00:00+00:00,2023-05-19 20:00:00+00:00,-1,1.8583,1.9929257738358372,-132.76747383583717,1.6666,tempo,1.4239472467861851,1.4069283288277719,192,48.0,0.13462577383583718
OP,2023-05-29 21:00:00+00:00,2023-05-29 21:00:00+00:00,2023-05-30 16:30:00+00:00,1,1.5288,1.4373344484573374,92.99435154266256,1.4373344484573374,stop,-1.0,-1.0210788363376129,78,19.5,0.09146555154266256
OP,2023-05-30 17:00:00+00:00,2023-05-30 17:00:00+00:00,2023-05-31 14:30:00+00:00,1,1.4414,1.3523167105661678,90.52468943383226,1.3523167105661678,stop,-1.0,-1.0203844724797326,86,21.5,0.08908328943383226
OP,2023-06-06 14:00:00+00:00,2023-06-06 14:00:00+00:00,2023-06-08 14:00:00+00:00,-1,1.4907,1.6037389295382762,-111.54822953827632,1.4026,tempo,0.7793775149840582,0.7627403705269957,192,48.0,0.11303892953827632
OP,2023-06-10 04:00:00+00:00,2023-06-10 04:00:00+00:00,2023-06-10 04:30:00+00:00,1,1.2483,1.1538230176558142,95.72528234418579,1.1538230176558142,stop,-1.0,-1.0165265647011044,2,0.5,0.09447698234418578
OP,2023-06-10 05:00:00+00:00,2023-06-10 05:00:00+00:00,2023-06-12 05:00:00+00:00,1,1.0829,0.9735080849562399,110.4748150437601,1.0831,tempo,0.0018282886803834804,-0.011041949485177446,192,48.0,0.10939191504376011
OP,2023-06-22 12:00:00+00:00,2023-06-22 12:00:00+00:00,2023-06-24 12:00:00+00:00,1,1.3494,1.2286817231531169,122.06767684688307,1.3388,tempo,-0.08780774773189312,-0.1022821922455129,192,48.0,0.12071827684688308
OP,2023-06-24 13:00:00+00:00,2023-06-24 13:00:00+00:00,2023-06-26 13:00:00+00:00,1,1.3386,1.2208392049155519,119.09939508444815,1.3263,tempo,-0.10444902304862541,-0.11915837516159156,192,48.0,0.11776079508444814
OP,2023-06-30 17:00:00+00:00,2023-06-30 17:00:00+00:00,2023-07-02 17:00:00+00:00,-1,1.368,1.4937210860742862,-124.35308607428613,1.3248,tempo,0.34361777605448063,0.32969552916134,192,48.0,0.12572108607428611
OP,2023-07-13 17:00:00+00:00,2023-07-13 17:00:00+00:00,2023-07-14 15:30:00+00:00,-1,1.3878,1.4868158094865869,-97.62800948658695,1.4868158094865869,stop,-1.0,-1.018870726663295,90,22.5,0.09901580948658695
OP,2023-07-14 16:00:00+00:00,2023-07-14 16:00:00+00:00,2023-07-16 16:00:00+00:00,-1,1.554,1.6797726044170163,-124.21860441701621,1.483,tempo,0.5645108513821482,0.5488154619994591,192,48.0,0.1257726044170162
OP,2023-07-19 19:00:00+00:00,2023-07-19 19:00:00+00:00,2023-07-21 19:00:00+00:00,-1,1.6111,1.7471341256476072,-134.4230256476072,1.5359,tempo,0.5528024651314594,0.5377654294592564,192,48.0,0.1360341256476072
OP,2023-07-31 01:00:00+00:00,2023-07-31 01:00:00+00:00,2023-07-31 08:30:00+00:00,-1,1.6454,1.7600639902527373,-113.01859025273733,1.7600639902527373,stop,-1.0,-1.0193046796015495,30,7.5,0.11466399025273732
OP,2023-08-08 18:00:00+00:00,2023-08-08 18:00:00+00:00,2023-08-09 18:00:00+00:00,1,1.6868,1.5818739792237928,106.61282077620729,1.5818739792237928,stop,-1.0,-1.020248915100164,96,24.0,0.10492602077620727
OP,2023-08-09 20:00:00+00:00,2023-08-09 20:00:00+00:00,2023-08-11 20:00:00+00:00,1,1.5318,1.4346072617189147,98.72453828108533,1.5812,tempo,0.5082684249221695,0.4874494827276601,192,48.0,0.09719273828108532
OP,2023-08-17 21:00:00+00:00,2023-08-17 21:00:00+00:00,2023-08-19 16:15:00+00:00,-1,1.4259,1.5077511840220355,-80.42528402203551,1.5077511840220355,stop,-1.0,-1.0232968318344786,173,43.25,0.0818511840220355
OP,2023-08-26 01:00:00+00:00,2023-08-26 01:00:00+00:00,2023-08-28 01:00:00+00:00,1,1.4563,1.3591807146056207,98.57558539437919,1.4401,tempo,-0.16680518121828738,-0.18619020853139978,192,48.0,0.0971192853943792
OP,2023-09-12 01:00:00+00:00,2023-09-12 01:00:00+00:00,2023-09-12 10:30:00+00:00,-1,1.315,1.3791172652374892,-62.80226523748928,1.3791172652374892,stop,-1.0,-1.0273120853785331,38,9.5,0.06411726523748928
OP,2023-09-12 11:00:00+00:00,2023-09-12 11:00:00+00:00,2023-09-14 11:00:00+00:00,-1,1.3568,1.4239687804663042,-65.81198046630414,1.3539,tempo,0.043174819906916656,0.016943064800332558,192,48.0,0.06716878046630415
OP,2023-10-03 22:00:00+00:00,2023-10-03 22:00:00+00:00,2023-10-04 00:45:00+00:00,1,1.3101,1.2508139414068367,60.59615859316338,1.2508139414068367,stop,-1.0,-1.028077327139207,11,2.75,0.05928605859316338
OP,2023-10-04 01:00:00+00:00,2023-10-04 01:00:00+00:00,2023-10-06 01:00:00+00:00,1,1.2743,1.2128776278737923,62.69667212620771,1.3,tempo,0.41841431892589465,0.39117188360343924,192,48.0,0.061422372126207714
OP,2023-10-12 17:00:00+00:00,2023-10-12 17:00:00+00:00,2023-10-14 17:00:00+00:00,1,1.1728,1.1216766696757843,52.29613032421579,1.209,tempo,0.708091585004841,0.6778085422104503,192,48.0,0.05112333032421579
OP,2023-10-23 23:00:00+00:00,2023-10-23 23:00:00+00:00,2023-10-25 23:00:00+00:00,1,1.3661,1.3026069617150609,64.85913828493923,1.3785,tempo,0.19529700160751778,0.16719959048672772,192,48.0,0.06349303828493924
OP,2023-11-04 02:00:00+00:00,2023-11-04 02:00:00+00:00,2023-11-04 23:15:00+00:00,-1,1.4346,1.5214399158260117,-85.40531582601157,1.5214399158260117,stop,-1.0,-1.0221260687209393,85,21.25,0.08683991582601158
OP,2023-11-05 06:00:00+00:00,2023-11-05 06:00:00+00:00,2023-11-07 06:00:00+00:00,-1,1.544,1.6369068148777253,-91.36281487772523,1.5502,tempo,-0.06673353303694471,-0.08838135298047611,192,48.0,0.09290681487772523
OP,2023-11-09 23:00:00+00:00,2023-11-09 23:00:00+00:00,2023-11-11 23:00:00+00:00,-1,1.7229,1.8496488918711704,-125.02599187117033,1.6839,tempo,0.30769499775698544,0.2902240757843439,192,48.0,0.12674889187117033
OP,2023-11-13 01:00:00+00:00,2023-11-13 01:00:00+00:00,2023-11-15 01:00:00+00:00,-1,1.8534,1.9977388197504091,-142.4854197504092,1.8163,tempo,0.25703410949426675,0.2405083750859858,192,48.0,0.1443388197504092
OP,2023-11-17 16:00:00+00:00,2023-11-17 16:00:00+00:00,2023-11-19 16:00:00+00:00,1,1.6491,1.5144197570731077,136.32934292689228,1.7304,tempo,0.6036520148254525,0.5873417160595644,192,48.0,0.1346802429268923
OP,2023-12-07 16:00:00+00:00,2023-12-07 16:00:00+00:00,2023-12-07 16:45:00+00:00,-1,1.9291,2.077237048501266,-146.20794850126586,2.077237048501266,stop,-1.0,-1.0175791208740301,3,0.75,0.14813704850126586
OP,2023-12-07 17:00:00+00:00,2023-12-07 17:00:00+00:00,2023-12-09 17:00:00+00:00,-1,2.1274,2.3177289680679958,-188.2015680679956,2.05,tempo,0.4066643180261923,0.3923979137706407,192,48.0,0.1903289680679956
OP,2023-12-11 15:00:00+00:00,2023-12-11 15:00:00+00:00,2023-12-13 15:00:00+00:00,-1,2.3405,2.5693451764704673,-226.50467647046733,2.1436,tempo,0.860407036044345,0.8476706303881124,192,48.0,0.22884517647046732
OP,2023-12-21 19:00:00+00:00,2023-12-21 19:00:00+00:00,2023-12-22 07:45:00+00:00,-1,2.5297,2.7611683976753945,-228.9386976753944,2.7611683976753945,stop,-1.0,-1.0148575982424688,51,12.75,0.2314683976753944
OP,2023-12-22 08:00:00+00:00,2023-12-22 08:00:00+00:00,2023-12-22 15:00:00+00:00,-1,2.7681,3.041690522749803,-270.82242274980297,3.041690522749803,stop,-1.0,-1.0138029775367652,28,7.0,0.273590522749803
OP,2023-12-22 15:00:00+00:00,2023-12-22 15:00:00+00:00,2023-12-22 21:00:00+00:00,-1,3.0489,3.3562644996466315,-304.31559964663137,3.3562644996466315,stop,-1.0,-1.0135453408886088,24,6.0,0.3073644996466314
OP,2023-12-22 21:00:00+00:00,2023-12-22 21:00:00+00:00,2023-12-24 05:15:00+00:00,-1,3.3761,3.7285583418760786,-349.0822418760785,3.7285583418760786,stop,-1.0,-1.0131023368538774,129,32.25,0.3524583418760785
OP,2023-12-24 08:00:00+00:00,2023-12-24 08:00:00+00:00,2023-12-26 08:00:00+00:00,-1,3.6592,4.060579579145755,-397.72037914575526,3.2779,tempo,0.9499735906134286,0.9387395487381627,192,48.0,0.4013795791457553
OP,2023-12-27 14:00:00+00:00,2023-12-27 14:00:00+00:00,2023-12-29 14:00:00+00:00,-1,3.9427,4.418547297421768,-471.90459742176847,3.6406,tempo,0.6348675334226659,0.6245088636840606,192,48.0,0.47584729742176846
OP,2024-01-10 15:00:00+00:00,2024-01-10 15:00:00+00:00,2024-01-10 21:15:00+00:00,-1,3.5557,4.00604281602172,-446.7871160217204,4.00604281602172,stop,-1.0,-1.010914202815166,25,6.25,0.45034281602172044
OP,2024-01-12 17:00:00+00:00,2024-01-12 17:00:00+00:00,2024-01-14 17:00:00+00:00,-1,4.1369,4.68059755125365,-539.5606512536506,3.6924,tempo,0.8175501231798404,0.8081900571132088,192,48.0,0.5436975512536506
OP,2024-02-06 11:00:00+00:00,2024-02-06 11:00:00+00:00,2024-02-08 11:00:00+00:00,-1,3.2658,3.502141629785548,-233.07582978554805,3.3584,tempo,-0.391805709743237,-0.4100239559485582,192,48.0,0.23634162978554807
OP,2024-02-21 20:00:00+00:00,2024-02-21 20:00:00+00:00,2024-02-23 20:00:00+00:00,1,3.6417,3.342952986736749,302.3887132632511,3.5694,tempo,-0.24201078769042172,-0.2577003671402745,192,48.0,0.29874701326325104
OP,2024-02-27 00:00:00+00:00,2024-02-27 00:00:00+00:00,2024-02-28 17:45:00+00:00,1,3.8288,3.535700269054408,296.9285309455923,3.535700269054408,stop,-1.0,-1.0163320694953963,167,41.75,0.2930997309455923
OP,2024-02-28 18:00:00+00:00,2024-02-28 18:00:00+00:00,2024-03-01 18:00:00+00:00,1,3.7482,3.457206613051407,294.741586948593,3.7631,tempo,0.05120391276325518,0.03442571360485809,192,48.0,0.290993386948593
OP,2024-03-03 01:00:00+00:00,2024-03-03 01:00:00+00:00,2024-03-05 01:00:00+00:00,-1,4.3125,4.6852055838642075,-368.3930838642075,3.9169,tempo,1.0614276177416593,1.0470755118661839,192,48.0,0.3727055838642075
OP,2024-03-05 17:00:00+00:00,2024-03-05 17:00:00+00:00,2024-03-06 08:30:00+00:00,-1,4.4137,4.862460613320786,-444.3469133207853,4.862460613320786,stop,-1.0,-1.0134359037305898,62,15.5,0.4487606133207853
OP,2024-03-20 00:00:00+00:00,2024-03-20 00:00:00+00:00,2024-03-22 00:00:00+00:00,-1,3.4434,3.7899055480527224,-343.06214805272236,3.4299,tempo,0.038960415138709355,0.026066985220755408,192,48.0,0.3465055480527224
OP,2024-04-05 13:00:00+00:00,2024-04-05 13:00:00+00:00,2024-04-07 13:00:00+00:00,1,2.9247,2.6895794670576225,238.04523294237757,3.0768,tempo,0.6469022424225109,0.630310858628072,192,48.0,0.23512053294237756
OP,2024-04-12 19:00:00+00:00,2024-04-12 19:00:00+00:00,2024-04-13 20:00:00+00:00,1,2.3519,2.113301891054979,240.9500089450211,2.113301891054979,stop,-1.0,-1.012164309440753,100,25.0,0.2385981089450211
OP,2024-04-13 22:00:00+00:00,2024-04-13 22:00:00+00:00,2024-04-15 22:00:00+00:00,1,2.0292,1.795879024578169,235.35017542183084,2.2587,tempo,0.9836235237105345,0.9716780267617025,192,48.0,0.23332097542183083
OP,2024-04-27 18:00:00+00:00,2024-04-27 18:00:00+00:00,2024-04-29 18:00:00+00:00,-1,2.5947,2.8512531821741027,-253.95848217410276,2.4675,tempo,0.4958036338589612,0.4829781059426205,192,48.0,0.2565531821741027
OP,2024-04-29 19:00:00+00:00,2024-04-29 19:00:00+00:00,2024-05-01 19:00:00+00:00,1,2.4597,2.2248940940938007,237.26560590619954,2.6032,tempo,0.6111430606746555,0.5971277189936219,192,48.0,0.23480590590619954
OP,2024-05-01 19:00:00+00:00,2024-05-01 19:00:00+00:00,2024-05-02 21:15:00+00:00,-1,2.6035,2.8733539039892393,-267.2504039892394,2.8733539039892393,stop,-1.0,-1.0131921568855085,105,26.25,0.26985390398923936
OP,2024-05-04 02:00:00+00:00,2024-05-04 02:00:00+00:00,2024-05-06 02:00:00+00:00,1,2.8915,2.6023219619839657,292.06953801603447,2.9295,tempo,0.1314069362276148,0.11832278216820381,192,48.0,0.2891780380160345
OP,2024-05-15 10:00:00+00:00,2024-05-15 10:00:00+00:00,2024-05-17 10:00:00+00:00,1,2.3192,2.1527658694099965,168.75333059000346,2.5233,tempo,1.2263109692493495,1.2073988327251777,192,48.0,0.16643413059000345
OP,2024-05-17 15:00:00+00:00,2024-05-17 15:00:00+00:00,2024-05-19 15:00:00+00:00,-1,2.5887,2.7846858790604725,-193.39717906047272,2.4771,tempo,0.569428779945747,0.5526277225645466,192,48.0,0.1959858790604727
OP,2024-05-20 22:00:00+00:00,2024-05-20 22:00:00+00:00,2024-05-22 22:00:00+00:00,-1,2.8986,3.142410308555214,-240.91170855521415,2.6838,tempo,0.8810127892986753,0.8661300715764332,192,48.0,0.24381030855521413
OP,2024-06-07 19:00:00+00:00,2024-06-07 19:00:00+00:00,2024-06-09 19:00:00+00:00,1,2.2186,2.051457503899054,169.3610961009458,2.2402,tempo,0.12923104838014957,0.11189123314698697,192,48.0,0.16714249610094578
OP,2024-06-17 21:00:00+00:00,2024-06-17 21:00:00+00:00,2024-06-18 01:30:00+00:00,1,1.9497,1.8181640192468276,133.4856807531724,1.8181640192468276,stop,-1.0,-1.0186193283274043,18,4.5,0.1315359807531724
OP,2024-06-18 02:00:00+00:00,2024-06-18 02:00:00+00:00,2024-06-20 02:00:00+00:00,1,1.7598,1.6243036289030617,137.25617109693837,1.9121,tempo,1.1240153427506903,1.1064005905571244,192,48.0,0.13549637109693835
OP,2024-06-24 20:00:00+00:00,2024-06-24 20:00:00+00:00,2024-06-26 20:00:00+00:00,-1,1.7022,1.8205615414344125,-116.65934143441257,1.7796,tempo,-0.6539286246359813,-0.6730494469281959,192,48.0,0.11836154143441258
OP,2024-07-05 01:00:00+00:00,2024-07-05 01:00:00+00:00,2024-07-05 03:00:00+00:00,1,1.3912,1.2975636551305818,95.02754486941818,1.2975636551305818,stop,-1.0,-1.0186647223177299,8,2.0,0.09363634486941819
OP,2024-07-05 03:00:00+00:00,2024-07-05 03:00:00+00:00,2024-07-07 03:00:00+00:00,1,1.2768,1.1765274837225685,101.54931627743139,1.4788,tempo,2.0145101319798497,1.9966474108026497,192,48.0,0.10027251627743139
OP,2024-09-06 18:00:00+00:00,2024-09-06 18:00:00+00:00,2024-09-08 05:00:00+00:00,-1,1.3719,1.4641107397745063,-90.83883977450645,1.4641107397745063,stop,-1.0,-1.0199912394734205,140,35.0,0.09221073977450644
OP,2024-09-10 17:00:00+00:00,2024-09-10 17:00:00+00:00,2024-09-12 17:00:00+00:00,-1,1.6019,1.7098457751420715,-106.34387514207137,1.5198,tempo,0.7605670522254832,0.7417696051060436,192,48.0,0.10794577514207138
OP,2024-09-19 17:00:00+00:00,2024-09-19 17:00:00+00:00,2024-09-21 17:00:00+00:00,-1,1.6252,1.7243726943742295,-97.54749437422947,1.6956,tempo,-0.7098728177571205,-0.7316380830211134,192,48.0,0.09917269437422949
OP,2024-09-27 17:00:00+00:00,2024-09-27 17:00:00+00:00,2024-09-29 17:00:00+00:00,-1,1.9283,2.052283501509804,-122.05520150980409,1.8748,tempo,0.4315090261890154,0.41157076851846136,192,48.0,0.12398350150980408
OP,2024-10-02 11:00:00+00:00,2024-10-02 11:00:00+00:00,2024-10-03 08:15:00+00:00,1,1.651,1.5391711719119017,113.47982808809834,1.5391711719119017,stop,-1.0,-1.0185427254956938,85,21.25,0.11182882808809835
OP,2024-10-03 09:00:00+00:00,2024-10-03 09:00:00+00:00,2024-10-05 09:00:00+00:00,1,1.5263,1.419356402702729,108.46989729727099,1.6161,tempo,0.8396949632279822,0.8205955495966799,192,48.0,0.10694359729727099
OP,2024-10-11 13:00:00+00:00,2024-10-11 13:00:00+00:00,2024-10-12 08:15:00+00:00,-1,1.6322,1.743728654760309,-109.89645476030894,1.743728654760309,stop,-1.0,-1.0196752451673534,77,19.25,0.11152865476030893
OP,2024-10-16 09:00:00+00:00,2024-10-16 09:00:00+00:00,2024-10-18 09:00:00+00:00,1,1.7238,1.6030342767826689,122.48952321733114,1.7033,tempo,-0.16975015305549876,-0.18819590852860732,192,48.0,0.12076572321733114
OP,2024-10-21 01:00:00+00:00,2024-10-21 01:00:00+00:00,2024-10-23 01:00:00+00:00,-1,1.8178,1.9356740751124375,-116.0562751124374,1.6944,tempo,1.0468799002858915,1.0275123676217126,192,48.0,0.11787407511243742
OP,2024-10-24 20:00:00+00:00,2024-10-24 20:00:00+00:00,2024-10-25 23:15:00+00:00,1,1.7081,1.6020958990056946,107.71220099430535,1.6020958990056946,stop,-1.0,-1.0202975857931127,109,27.25,0.10600410099430535
OP,2024-10-26 04:00:00+00:00,2024-10-26 04:00:00+00:00,2024-10-28 04:00:00+00:00,1,1.5781,1.4740479035198941,105.63019648010595,1.5529,tempo,-0.2421863744457872,-0.26174532682488805,192,48.0,0.10405209648010594
OP,2024-10-28 19:00:00+00:00,2024-10-28 19:00:00+00:00,2024-10-30 19:00:00+00:00,1,1.5469,1.4499742025723399,98.47269742766005,1.7314,tempo,1.9035179992994176,1.8815331917811675,192,48.0,0.09692579742766005
OP,2024-11-02 04:00:00+00:00,2024-11-02 04:00:00+00:00,2024-11-03 03:00:00+00:00,1,1.5099,1.414633446378839,96.776453621161,1.414633446378839,stop,-1.0,-1.019953978262986,92,23.0,0.09526655362116099
OP,2024-11-07 03:00:00+00:00,2024-11-07 03:00:00+00:00,2024-11-09 03:00:00+00:00,-1,1.6633,1.778059959469135,-113.09665946913508,1.5792,tempo,0.73283399880094,0.714468490397577,192,48.0,0.11475995946913509
OP,2024-11-10 23:00:00+00:00,2024-11-10 23:00:00+00:00,2024-11-12 23:00:00+00:00,1,1.6314,1.505946788865664,127.08461113433604,1.7021,tempo,0.5635567185625404,0.5462851399364675,192,48.0,0.12545321113433605
OP,2024-11-13 03:00:00+00:00,2024-11-13 03:00:00+00:00,2024-11-15 01:30:00+00:00,1,1.6267,1.481132937980277,147.19376201972312,1.481132937980277,stop,-1.0,-1.013877393564579,186,46.5,0.14556706201972314
OP,2024-11-16 17:00:00+00:00,2024-11-16 17:00:00+00:00,2024-11-18 17:00:00+00:00,-1,1.7147,1.879056647077785,-162.6419470777851,1.7703,tempo,-0.338288721439336,-0.3520712488897039,192,48.0,0.16435664707778508
OP,2024-11-21 10:00:00+00:00,2024-11-21 10:00:00+00:00,2024-11-23 10:00:00+00:00,1,1.6708,1.5059901368384514,166.48066316154868,2.2205,tempo,3.335358633610278,3.3200115848871032,192,48.0,0.16480986316154866
OP,2024-12-09 22:00:00+00:00,2024-12-09 22:00:00+00:00,2024-12-11 22:00:00+00:00,1,2.2201,1.981709698307913,240.61040169208698,2.3349,tempo,0.481563214548383,0.46914345594669205,192,48.0,0.23839030169208697
OP,2024-12-19 19:00:00+00:00,2024-12-19 19:00:00+00:00,2024-12-20 10:00:00+00:00,1,1.9393,1.7355395741999526,205.6997258000474,1.7355395741999526,stop,-1.0,-1.011722814741141,60,15.0,0.20376042580004738
OP,2024-12-20 11:00:00+00:00,2024-12-20 11:00:00+00:00,2024-12-22 11:00:00+00:00,1,1.684,1.4962418983837082,189.4421016162917,1.7946,tempo,0.589055806635847,0.5770132370714144,192,48.0,0.1877581016162917
OP,2024-12-23 21:00:00+00:00,2024-12-23 21:00:00+00:00,2024-12-25 21:00:00+00:00,-1,1.8967,2.1100338201459676,-211.43712014596758,1.8984,tempo,-0.007968731815878318,-0.019531900741987417,192,48.0,0.21333382014596758
OP,2025-01-17 17:00:00+00:00,2025-01-17 17:00:00+00:00,2025-01-18 17:00:00+00:00,1,1.9317,1.7856624155459322,147.96928445406778,1.7856624155459322,stop,-1.0,-1.016545641857455,96,24.0,0.14603758445406778
OP,2025-01-18 21:00:00+00:00,2025-01-18 21:00:00+00:00,2025-01-20 01:00:00+00:00,1,1.7856,1.6440878424518979,143.2977575481022,1.6440878424518979,stop,-1.0,-1.0157533962891914,112,28.0,0.1415121575481022
OP,2025-01-20 15:00:00+00:00,2025-01-20 15:00:00+00:00,2025-01-22 15:00:00+00:00,1,1.7796,1.6113287266725247,170.05087332747536,1.7319,tempo,-0.28347084476606027,-0.2970351029716664,192,48.0,0.16827127332747538
OP,2025-01-27 04:00:00+00:00,2025-01-27 04:00:00+00:00,2025-01-27 07:30:00+00:00,1,1.447,1.3193179886967525,129.12901130324752,1.3193179886967525,stop,-1.0,-1.014082693985626,14,3.5,0.12768201130324752
OP,2025-01-27 08:00:00+00:00,2025-01-27 08:00:00+00:00,2025-01-29 08:00:00+00:00,1,1.3735,1.251947401863703,122.92609813629704,1.4835,tempo,0.9049580320501006,0.8896802837462948,192,48.0,0.12155259813629704
OP,2025-02-02 18:00:00+00:00,2025-02-02 18:00:00+00:00,2025-02-02 22:45:00+00:00,1,1.1708,1.0610664409986796,110.90435900132043,1.0610664409986796,stop,-1.0,-1.013220323844884,19,4.75,0.10973355900132042
OP,2025-02-02 23:00:00+00:00,2025-02-02 23:00:00+00:00,2025-02-03 02:00:00+00:00,1,1.115,1.0087755959382911,107.33940406170885,1.0087755959382911,stop,-1.0,-1.0129956402161404,12,3.0,0.10622440406170885
OP,2025-02-03 02:00:00+00:00,2025-02-03 02:00:00+00:00,2025-02-03 02:15:00+00:00,1,0.9163,0.807637109235142,109.57919076485803,0.807637109235142,stop,-1.0,-1.010312252077185,1,0.25,0.10866289076485802
OP,2025-02-03 03:00:00+00:00,2025-02-03 03:00:00+00:00,2025-02-05 03:00:00+00:00,1,0.8723,0.7671108689779513,106.06143102204862,1.1192,tempo,2.3472006812970765,2.334894514420114,192,48.0,0.10518913102204863
OP,2025-02-17 22:00:00+00:00,2025-02-17 22:00:00+00:00,2025-02-19 22:00:00+00:00,-1,1.2075,1.3232405904327886,-114.53309043278863,1.1217,tempo,0.7413129627140167,0.7282321585264903,192,48.0,0.11574059043278861
OP,2025-02-24 23:00:00+00:00,2025-02-24 23:00:00+00:00,2025-02-26 23:00:00+00:00,1,0.9932,0.9038210080842731,90.37219191572684,1.1612,tempo,1.8796363261559599,1.8639686623125327,192,48.0,0.08937899191572685
OP,2025-02-26 23:00:00+00:00,2025-02-26 23:00:00+00:00,2025-02-28 23:00:00+00:00,-1,1.1611,1.269154614907845,-106.89351490784496,1.0747,tempo,0.7995956496044783,0.7861462471773868,192,48.0,0.10805461490784496
OP,2025-03-01 07:00:00+00:00,2025-03-01 07:00:00+00:00,2025-03-03 07:00:00+00:00,1,1.0696,0.972525817429658,98.14378257034205,1.1029,tempo,0.34303662537534096,0.3284897606723934,192,48.0,0.09707418257034206
OP,2025-03-03 11:00:00+00:00,2025-03-03 11:00:00+00:00,2025-03-03 20:00:00+00:00,1,1.0933,0.9908906204286562,103.50267957134378,0.9908906204286562,stop,-1.0,-1.0132285139207864,36,9.0,0.10240937957134377
OP,2025-03-29 22:00:00+00:00,2025-03-29 22:00:00+00:00,2025-03-31 22:00:00+00:00,1,0.7564,0.7038990310500003,53.25736894999967,0.7389,tempo,-0.33332718138338413,-0.3518400778010798,192,48.0,0.05250096894999967
SUI,2023-05-30 15:00:00+00:00,2023-05-30 15:00:00+00:00,2023-06-01 15:00:00+00:00,1,0.9998,0.9333023467748952,67.4974532251048,0.9588,tempo,-0.6165631118019866,-0.6357079979484255,192,48.0,0.06649765322510481
SUI,2023-06-05 16:00:00+00:00,2023-06-05 16:00:00+00:00,2023-06-07 16:00:00+00:00,1,0.7772,0.7086458221278452,69.33137787215477,0.7552,tempo,-0.3209140665507994,-0.3354435967839171,192,48.0,0.06855417787215479
SUI,2023-06-07 16:00:00+00:00,2023-06-07 16:00:00+00:00,2023-06-09 16:00:00+00:00,1,0.7552,0.6865668631993912,69.38833680060878,0.7481,tempo,-0.10344857208882542,-0.11768579109921068,192,48.0,0.06863313680060878
SUI,2023-06-10 05:00:00+00:00,2023-06-10 05:00:00+00:00,2023-06-12 05:00:00+00:00,1,0.5721,0.5056863820611583,66.98571793884172,0.6135,tempo,0.6233661300928373,0.61176248578137,192,48.0,0.06641361793884171
SUI,2023-06-13 01:00:00+00:00,2023-06-13 01:00:00+00:00,2023-06-15 01:00:00+00:00,-1,0.6831,0.7645317893910802,-80.7486893910802,0.6491,tempo,0.4175273594531166,0.40689355161866847,192,48.0,0.0814317893910802
SUI,2023-06-17 17:00:00+00:00,2023-06-17 17:00:00+00:00,2023-06-19 17:00:00+00:00,-1,0.7622,0.8493132029549408,-86.35100295494084,0.7551,tempo,0.08150314486395889,0.0701817266799652,192,48.0,0.08711320295494085
SUI,2023-06-21 02:00:00+00:00,2023-06-21 02:00:00+00:00,2023-06-23 02:00:00+00:00,1,0.8076,0.7220494606148089,86.35813938519108,0.7997,tempo,-0.09234307646419725,-0.10455509765667668,192,48.0,0.08555053938519108
SUI,2023-07-18 01:00:00+00:00,2023-07-18 01:00:00+00:00,2023-07-20 01:00:00+00:00,-1,0.7536,0.8116557143447263,-57.30211434472623,0.7154,tempo,0.6579886309412037,0.6415414988926642,192,48.0,0.05805571434472623
SUI,2023-08-15 20:00:00+00:00,2023-08-15 20:00:00+00:00,2023-08-16 20:30:00+00:00,1,0.5545,0.5264169389092861,28.637561090713902,0.5264169389092861,stop,-1.0,-1.0250184980911272,98,24.5,0.0280830610907139
SUI,2023-08-16 22:00:00+00:00,2023-08-16 22:00:00+00:00,2023-08-17 21:45:00+00:00,1,0.519,0.4905484186143093,28.970581385690704,0.4905484186143093,stop,-1.0,-1.0230639718476011,95,23.75,0.028451581385690705
SUI,2023-08-17 22:00:00+00:00,2023-08-17 22:00:00+00:00,2023-08-19 07:00:00+00:00,-1,0.4697,0.5028938696556235,-32.72416965562354,0.5028938696556235,stop,-1.0,-1.019045264135664,132,33.0,0.03319386965562354
SUI,2023-08-19 07:00:00+00:00,2023-08-19 07:00:00+00:00,2023-08-19 16:45:00+00:00,-1,0.5036,0.5380972037427074,-33.99360374270737,0.5380972037427074,stop,-1.0,-1.019627770050084,39,9.75,0.03449720374270737
SUI,2023-08-19 17:00:00+00:00,2023-08-19 17:00:00+00:00,2023-08-21 17:00:00+00:00,-1,0.5386,0.5785732164022082,-39.434616402208185,0.5108,tempo,0.6954656768241501,0.6784015008234838,192,48.0,0.03997321640220819
SUI,2023-08-23 02:00:00+00:00,2023-08-23 02:00:00+00:00,2023-08-23 16:45:00+00:00,-1,0.5653,0.6122151102775527,-46.349810277552685,0.6122151102775527,stop,-1.0,-1.0163142496554383,59,14.75,0.046915110277552685
SUI,2023-08-23 17:00:00+00:00,2023-08-23 17:00:00+00:00,2023-08-25 17:00:00+00:00,-1,0.6149,0.6675253173302771,-52.010417330277086,0.5393,tempo,1.4365709098822823,1.422314843827772,192,48.0,0.05262531733027709
SUI,2023-08-29 17:00:00+00:00,2023-08-29 17:00:00+00:00,2023-08-31 17:00:00+00:00,1,0.5336,0.48992341869507217,44.210181304927794,0.494,tempo,-0.9066643683380986,-0.9219572319286984,192,48.0,0.0436765813049278
SUI,2023-09-18 00:00:00+00:00,2023-09-18 00:00:00+00:00,2023-09-20 00:00:00+00:00,1,0.4343,0.40889917039454937,25.835129605450646,0.4539,tempo,0.7716283406662486,0.7488995554664096,192,48.0,0.025400829605450648
SUI,2023-09-29 11:00:00+00:00,2023-09-29 11:00:00+00:00,2023-10-01 11:00:00+00:00,-1,0.4884,0.5126596222765444,-23.771222276544382,0.4827,tempo,0.2349583161280741,0.20893915586232276,192,48.0,0.02425962227654438
SUI,2023-10-02 19:00:00+00:00,2023-10-02 19:00:00+00:00,2023-10-03 23:30:00+00:00,1,0.4662,0.44101783169637565,25.648368303624352,0.44101783169637565,stop,-1.0,-1.0234170299988732,114,28.5,0.025182168303624353
SUI,2023-10-04 01:00:00+00:00,2023-10-04 01:00:00+00:00,2023-10-06 01:00:00+00:00,1,0.4315,0.4079630016804498,23.968498319550196,0.435,tempo,0.1487020542076875,0.12477270721308044,192,48.0,0.023536998319550195
SUI,2023-10-16 19:00:00+00:00,2023-10-16 19:00:00+00:00,2023-10-17 13:00:00+00:00,1,0.4096,0.39194536077754466,18.06423922245536,0.39194536077754466,stop,-1.0,-1.0295109108682734,72,18.0,0.01765463922245536
SUI,2023-10-17 13:00:00+00:00,2023-10-17 13:00:00+00:00,2023-10-17 14:00:00+00:00,1,0.3907,0.37360228260217254,17.488417397827448,0.37360228260217254,stop,-1.0,-1.0290563045424144,4,1.0,0.01709771739782745
SUI,2023-10-17 14:00:00+00:00,2023-10-17 14:00:00+00:00,2023-10-19 14:00:00+00:00,1,0.3782,0.36067269810993474,17.90550189006524,0.3674,tempo,-0.6161815473790403,-0.643832123779205,192,48.0,0.01752730189006524
SUI,2023-10-19 18:00:00+00:00,2023-10-19 18:00:00+00:00,2023-10-21 18:00:00+00:00,1,0.3673,0.3494818045830733,18.185495416926695,0.3984,tempo,1.745406831179772,1.71747442902825,192,48.0,0.017818195416926697
SUI,2023-11-04 19:00:00+00:00,2023-11-04 19:00:00+00:00,2023-11-06 14:30:00+00:00,-1,0.4924,0.5297810546206072,-36.8886546206072,0.5297810546206072,stop,-1.0,-1.0177741824634643,174,43.5,0.0373810546206072
SUI,2023-11-08 16:00:00+00:00,2023-11-08 16:00:00+00:00,2023-11-10 16:00:00+00:00,-1,0.579,0.6266911251628179,-47.112125162817925,0.547,tempo,0.670984378975158,0.6556377081322855,192,48.0,0.04769112516281793
SUI,2023-11-10 22:00:00+00:00,2023-11-10 22:00:00+00:00,2023-11-12 22:00:00+00:00,-1,0.6086,0.6662388937354714,-57.030293735471375,0.6316,tempo,-0.3990361110252479,-0.4130219797287602,192,48.0,0.057638893735471375
SUI,2023-11-25 01:00:00+00:00,2023-11-25 01:00:00+00:00,2023-11-27 01:00:00+00:00,-1,0.6715,0.7362663614175675,-64.09486141756754,0.6332,tempo,0.5913563640401038,0.5782622982096591,192,48.0,0.06476636141756753
SUI,2023-12-04 12:00:00+00:00,2023-12-04 12:00:00+00:00,2023-12-06 12:00:00+00:00,1,0.599,0.5495365382416325,50.06246175836746,0.6166,tempo,0.35581820144286125,0.3398439858924032,192,48.0,0.049463461758367466
SUI,2023-12-08 03:00:00+00:00,2023-12-08 03:00:00+00:00,2023-12-10 03:00:00+00:00,-1,0.6819,0.7417232127819101,-59.141312781910166,0.6959,tempo,-0.2340228708718474,-0.24899314676232598,192,48.0,0.05982321278191016
SUI,2023-12-19 18:00:00+00:00,2023-12-19 18:00:00+00:00,2023-12-20 08:00:00+00:00,-1,0.6748,0.7333207296504085,-57.84592965040856,0.7333207296504085,stop,-1.0,-1.015640243717747,56,14.0,0.058520729650408554
SUI,2023-12-20 08:00:00+00:00,2023-12-20 08:00:00+00:00,2023-12-22 08:00:00+00:00,-1,0.7307,0.8046152776260568,-73.18457762605676,0.6649,tempo,0.8902083860509511,0.8779356864259927,192,48.0,0.07391527762605676
SUI,2023-12-26 00:00:00+00:00,2023-12-26 00:00:00+00:00,2023-12-26 21:45:00+00:00,-1,0.8174,0.89359765701009,-75.38025701008995,0.89359765701009,stop,-1.0,-1.0145955731540313,87,21.75,0.07619765701008996
SUI,2023-12-26 23:00:00+00:00,2023-12-26 23:00:00+00:00,2023-12-28 23:00:00+00:00,-1,0.9027,1.0001334010322775,-96.5307010322776,0.801,tempo,1.0437899008196263,1.0324241372491527,192,48.0,0.0974334010322776
SUI,2024-01-11 08:00:00+00:00,2024-01-11 08:00:00+00:00,2024-01-11 20:00:00+00:00,-1,0.9772,1.0989435157619942,-120.76631576199428,1.0989435157619942,stop,-1.0,-1.0110847241169174,48,12.0,0.12174351576199427
SUI,2024-01-11 20:00:00+00:00,2024-01-11 20:00:00+00:00,2024-01-13 05:15:00+00:00,-1,1.0981,1.2390517655837765,-139.85366558377643,1.2390517655837765,stop,-1.0,-1.0107777908374374,133,33.25,0.14095176558377642
SUI,2024-01-13 06:00:00+00:00,2024-01-13 06:00:00+00:00,2024-01-15 06:00:00+00:00,-1,1.2751,1.4502985583446588,-173.9234583446589,1.4007,tempo,-0.7169008762784103,-0.7268282981501041,192,48.0,0.17519855834465892
SUI,2024-01-27 00:00:00+00:00,2024-01-27 00:00:00+00:00,2024-01-29 00:00:00+00:00,-1,1.4586,1.6373369747614563,-177.27837476145646,1.3326,tempo,0.7049464732641936,0.6947959154267828,192,48.0,0.17873697476145645
SUI,2024-02-27 02:00:00+00:00,2024-02-27 02:00:00+00:00,2024-02-28 17:45:00+00:00,1,1.6636,1.538386825495949,126.87677450405101,1.538386825495949,stop,-1.0,-1.0166219844262876,159,39.75,0.125213174504051
SUI,2024-02-28 18:00:00+00:00,2024-02-28 18:00:00+00:00,2024-03-01 18:00:00+00:00,1,1.5889,1.4592115008090876,131.2773991909124,1.6986,tempo,0.8458730009552542,0.8293960194701471,192,48.0,0.1296884991909124
SUI,2024-03-04 15:00:00+00:00,2024-03-04 15:00:00+00:00,2024-03-05 20:00:00+00:00,1,1.4892,1.370033054804315,120.65614519568516,1.370033054804315,stop,-1.0,-1.0155957802104514,116,29.0,0.11916694519568516
SUI,2024-03-16 09:00:00+00:00,2024-03-16 09:00:00+00:00,2024-03-18 09:00:00+00:00,-1,1.6679,1.8462671191247828,-176.69921912478287,1.7286,tempo,-0.3403093591343772,-0.3526867805494504,192,48.0,0.17836711912478287
SUI,2024-03-19 19:00:00+00:00,2024-03-19 19:00:00+00:00,2024-03-21 14:15:00+00:00,-1,1.7104,1.9199184784503043,-207.80807845030438,1.9199184784503043,stop,-1.0,-1.0112625245679816,173,43.25,0.20951847845030436
SUI,2024-03-21 18:00:00+00:00,2024-03-21 18:00:00+00:00,2024-03-23 18:00:00+00:00,-1,1.8859,2.118450249075639,-230.66434907563905,1.6869,tempo,0.8557290340087889,0.8457427191833653,192,48.0,0.23255024907563904
SUI,2024-03-27 04:00:00+00:00,2024-03-27 04:00:00+00:00,2024-03-29 04:00:00+00:00,-1,2.0485,2.271291908806016,-220.74340880601574,2.1339,tempo,-0.38331733166466764,-0.39551957013270395,192,48.0,0.22279190880601574
SUI,2024-04-12 18:00:00+00:00,2024-04-12 18:00:00+00:00,2024-04-12 18:45:00+00:00,1,1.3048,1.194307183611888,111.79761638811203,1.194307183611888,stop,-1.0,-1.0147015862428728,3,0.75,0.11049281638811204
SUI,2024-04-12 19:00:00+00:00,2024-04-12 19:00:00+00:00,2024-04-13 20:00:00+00:00,1,1.1625,1.0456335031329718,118.02899686702833,1.0456335031329718,stop,-1.0,-1.0122814220971261,100,25.0,0.11686649686702832
SUI,2024-04-13 21:00:00+00:00,2024-04-13 21:00:00+00:00,2024-04-15 21:00:00+00:00,1,0.9487,0.8322863861490137,117.36231385098625,1.1558,tempo,1.7790015544495994,1.7672509957756715,192,48.0,0.11641361385098625
SUI,2024-04-17 16:00:00+00:00,2024-04-17 16:00:00+00:00,2024-04-19 16:00:00+00:00,-1,1.2567,1.4197260345716218,-161.7693345716219,1.3077,tempo,-0.31283346941493834,-0.32305797131354586,192,48.0,0.1630260345716219
SUI,2024-05-03 21:00:00+00:00,2024-05-03 21:00:00+00:00,2024-05-05 21:00:00+00:00,1,1.1094,1.01036933386322,100.14006613677991,1.0968,tempo,-0.12723331561353918,-0.14171398161268872,192,48.0,0.09903066613677991
SUI,2024-05-16 14:00:00+00:00,2024-05-16 14:00:00+00:00,2024-05-18 14:00:00+00:00,-1,1.0584,1.140523839638028,-81.06543963802794,1.055,tempo,0.041400889376166955,0.024673590627657206,192,48.0,0.08212383963802794
SUI,2024-06-06 03:00:00+00:00,2024-06-06 03:00:00+00:00,2024-06-08 03:00:00+00:00,-1,1.1313,1.1927252477451808,-60.29394774518087,1.1137,tempo,0.28652713087967757,0.26277061294012255,192,48.0,0.06142524774518088
SUI,2024-06-18 00:00:00+00:00,2024-06-18 00:00:00+00:00,2024-06-18 01:30:00+00:00,1,0.8903,0.8302373917902052,60.95290820979481,0.8302373917902052,stop,-1.0,-1.0186197259492513,6,1.5,0.06006260820979481
SUI,2024-06-18 02:00:00+00:00,2024-06-18 02:00:00+00:00,2024-06-20 02:00:00+00:00,1,0.8006,0.7363409321886933,65.05966781130664,0.8763,tempo,1.1780438555736452,1.1610815024439565,192,48.0,0.06425906781130664
SUI,2024-06-20 10:00:00+00:00,2024-06-20 10:00:00+00:00,2024-06-22 10:00:00+00:00,-1,0.9069,0.9775172633991566,-69.71036339915653,0.8954,tempo,0.16284969774313607,0.1462603406424757,192,48.0,0.07061726339915653
SUI,2024-06-25 02:00:00+00:00,2024-06-25 02:00:00+00:00,2024-06-27 02:00:00+00:00,-1,0.8969,0.9677487615474074,-69.95186154740738,0.8364,tempo,0.8539316521364645,0.8380295393063606,192,48.0,0.07084876154740738
SUI,2024-07-05 01:00:00+00:00,2024-07-05 01:00:00+00:00,2024-07-05 03:00:00+00:00,1,0.6505,0.6040670306836255,47.08346931637442,0.6040670306836255,stop,-1.0,-1.0175622748652602,8,2.0,0.04643296931637442
SUI,2024-07-05 03:00:00+00:00,2024-07-05 03:00:00+00:00,2024-07-07 03:00:00+00:00,1,0.59,0.5405972644186048,49.99273558139519,0.6915,tempo,2.0545420978312063,2.037681189417995,192,48.0,0.049402735581395185
SUI,2024-07-25 19:00:00+00:00,2024-07-25 19:00:00+00:00,2024-07-27 19:00:00+00:00,1,0.7214,0.667936245420315,54.185154579685,0.7767,tempo,1.034345612925072,1.0161320585711846,192,48.0,0.053463754579685
SUI,2024-08-06 22:00:00+00:00,2024-08-06 22:00:00+00:00,2024-08-08 13:30:00+00:00,-1,0.6082,0.6706648313630218,-61.85663136302183,0.6706648313630218,stop,-1.0,-1.013307682455028,158,39.5,0.06246483136302183
SUI,2024-08-08 20:00:00+00:00,2024-08-08 20:00:00+00:00,2024-08-08 23:15:00+00:00,-1,0.7735,0.8567352296086894,-82.46172960868945,0.8567352296086894,stop,-1.0,-1.0127308220837181,13,3.25,0.08323522960868945
SUI,2024-08-09 00:00:00+00:00,2024-08-09 00:00:00+00:00,2024-08-10 14:45:00+00:00,-1,0.8517,0.9453068708382386,-92.7551708382386,0.9453068708382386,stop,-1.0,-1.0124782983939646,155,38.75,0.0936068708382386
SUI,2024-08-12 10:00:00+00:00,2024-08-12 10:00:00+00:00,2024-08-12 12:15:00+00:00,-1,0.9637,1.0700997903773057,-105.43609037730573,1.0700997903773057,stop,-1.0,-1.012424553272684,9,2.25,0.10639979037730574
SUI,2024-08-12 13:00:00+00:00,2024-08-12 13:00:00+00:00,2024-08-14 13:00:00+00:00,-1,1.0681,1.190584139066988,-121.41603906698796,0.9219,tempo,1.1936239346062723,1.183063383584294,192,48.0,0.12248413906698796
SUI,2024-08-23 16:00:00+00:00,2024-08-23 16:00:00+00:00,2024-08-25 16:00:00+00:00,-1,0.9824,1.0825507410761332,-99.1683410761332,1.0014,tempo,-0.18971402304009394,-0.20258931468691024,192,48.0,0.1001507410761332
SUI,2024-08-28 17:00:00+00:00,2024-08-28 17:00:00+00:00,2024-08-30 17:00:00+00:00,1,0.7873,0.7115282970217975,76.55900297820246,0.7957,tempo,0.11085932702893617,0.09727971934483803,192,48.0,0.07577170297820246
SUI,2024-09-06 16:00:00+00:00,2024-09-06 16:00:00+00:00,2024-09-08 07:15:00+00:00,-1,0.8484,0.9326857359529638,-83.43733595296374,0.9326857359529638,stop,-1.0,-1.0137354881615497,157,39.25,0.08428573595296374
SUI,2024-09-12 05:00:00+00:00,2024-09-12 05:00:00+00:00,2024-09-14 05:00:00+00:00,-1,1.0216,1.1237715349456934,-101.1499349456933,1.0582,tempo,-0.35822110355348746,-0.37145247959886596,192,48.0,0.10217153494569331
SUI,2024-09-15 20:00:00+00:00,2024-09-15 20:00:00+00:00,2024-09-17 20:00:00+00:00,-1,1.1212,1.2244463593671695,-102.12515936716953,1.1422,tempo,-0.20339700236130312,-0.21764651206815888,192,48.0,0.10324635936716953
SUI,2024-09-20 14:00:00+00:00,2024-09-20 14:00:00+00:00,2024-09-22 14:00:00+00:00,-1,1.5137,1.667996670062787,-152.78297006278703,1.4917,tempo,0.14258246785914233,0.12992172800516447,192,48.0,0.15429667006278702
SUI,2024-09-25 06:00:00+00:00,2024-09-25 06:00:00+00:00,2024-09-27 06:00:00+00:00,-1,1.7498,1.9317319095194425,-180.1821095194425,1.7181,tempo,0.17424101183642215,0.16185101930595236,192,48.0,0.1819319095194425
SUI,2024-10-04 01:00:00+00:00,2024-10-04 01:00:00+00:00,2024-10-06 01:00:00+00:00,1,1.6291,1.4538135014489324,176.91559855106757,1.7304,tempo,0.5779110247358122,0.5654532768884285,192,48.0,0.1752864985510676
SUI,2024-10-07 15:00:00+00:00,2024-10-07 15:00:00+00:00,2024-10-09 15:00:00+00:00,-1,2.0862,2.310290936397679,-222.0047363976793,1.9304,tempo,0.695253464975094,0.6836028822162857,192,48.0,0.2240909363976793
SUI,2024-10-15 00:00:00+00:00,2024-10-15 00:00:00+00:00,2024-10-15 20:30:00+00:00,1,2.2493,2.0228398504140888,228.7094495859111,2.0228398504140888,stop,-1.0,-1.0122621613906322,82,20.5,0.2264601495859111
SUI,2024-10-15 21:00:00+00:00,2024-10-15 21:00:00+00:00,2024-10-17 21:00:00+00:00,1,1.9947,1.7810872207838697,215.6074792161302,2.0596,tempo,0.30382077438510985,0.29148398905948264,192,48.0,0.2136127792161302
SUI,2024-10-28 17:00:00+00:00,2024-10-28 17:00:00+00:00,2024-10-30 17:00:00+00:00,1,1.6316,1.4964587575931563,136.77284240684367,2.0006,tempo,2.730476599357603,2.7130065068976537,192,48.0,0.13514124240684366
SUI,2024-11-09 20:00:00+00:00,2024-11-09 20:00:00+00:00,2024-11-09 22:30:00+00:00,-1,2.4819,2.713162114612894,-228.78021461289393,2.713162114612894,stop,-1.0,-1.014601571814522,10,2.5,0.23126211461289392
SUI,2024-11-09 23:00:00+00:00,2024-11-09 23:00:00+00:00,2024-11-10 09:30:00+00:00,-1,2.8149,3.107972033814276,-290.2571338142758,3.107972033814276,stop,-1.0,-1.0131362476721986,42,10.5,0.2930720338142758
SUI,2024-11-10 10:00:00+00:00,2024-11-10 10:00:00+00:00,2024-11-12 10:00:00+00:00,-1,3.0418,3.362799235223239,-317.95743522323914,2.9792,tempo,0.1950160409462177,0.18282395582402652,192,48.0,0.32099923522323914
SUI,2024-11-12 10:00:00+00:00,2024-11-12 10:00:00+00:00,2024-11-14 10:00:00+00:00,1,2.9793,2.6450746326966623,337.20466730333754,3.3649,tempo,1.1537125476476353,1.1413743758527417,192,48.0,0.3342253673033375
SUI,2024-11-16 04:00:00+00:00,2024-11-16 04:00:00+00:00,2024-11-18 04:00:00+00:00,-1,3.8843,4.346405200059953,-458.22090005995324,3.8809,tempo,0.007357631984143341,-0.0035649458170697937,192,48.0,0.46210520005995326
SUI,2024-11-21 04:00:00+00:00,2024-11-21 04:00:00+00:00,2024-11-23 04:00:00+00:00,1,3.4712,3.0917605895929565,382.9106104070436,3.5345,tempo,0.16682505365506142,0.15482391493540387,192,48.0,0.37943941040704354
SUI,2024-11-26 21:00:00+00:00,2024-11-26 21:00:00+00:00,2024-11-28 21:00:00+00:00,-1,3.4239,3.7904848408242886,-363.16094082428845,3.4426,tempo,-0.05101138377122154,-0.06318653261252159,192,48.0,0.36658484082428844
SUI,2024-12-03 10:00:00+00:00,2024-12-03 10:00:00+00:00,2024-12-05 03:30:00+00:00,-1,3.6974,4.049258309116073,-348.1609091160732,4.049258309116073,stop,-1.0,-1.0143106692963284,166,41.5,0.3518583091160732
SUI,2024-12-05 23:00:00+00:00,2024-12-05 23:00:00+00:00,2024-12-07 23:00:00+00:00,-1,4.2241,4.669137891320221,-440.8137913202213,4.2894,tempo,-0.14672907919432396,-0.15916346985617041,192,48.0,0.4450378913202213
SUI,2024-12-11 18:00:00+00:00,2024-12-11 18:00:00+00:00,2024-12-12 01:15:00+00:00,-1,4.2224,4.7034100273277994,-476.7876273277991,4.7034100273277994,stop,-1.0,-1.01206165399502,29,7.25,0.4810100273277991
SUI,2024-12-12 02:00:00+00:00,2024-12-12 02:00:00+00:00,2024-12-14 02:00:00+00:00,-1,4.6574,5.190440991939343,-528.3835919393428,4.8108,tempo,-0.28778274526672143,-0.2993284426766128,192,48.0,0.5330409919393428
SUI,2024-12-20 12:00:00+00:00,2024-12-20 12:00:00+00:00,2024-12-22 12:00:00+00:00,1,3.5019,3.123986196307971,381.41570369202884,4.4707,tempo,2.563547535272087,2.54983491099276,192,48.0,0.37791380369202887
SUI,2025-01-03 23:00:00+00:00,2025-01-03 23:00:00+00:00,2025-01-04 23:00:00+00:00,-1,4.8913,5.341801530850711,-445.610230850711,5.341801530850711,stop,-1.0,-1.0147646912153494,96,24.0,0.450501530850711
SUI,2025-01-06 23:00:00+00:00,2025-01-06 23:00:00+00:00,2025-01-08 06:30:00+00:00,1,5.0666,4.639213642000322,432.4529579996782,4.639213642000322,stop,-1.0,-1.0147613014529233,126,31.5,0.42738635799967817
SUI,2025-01-17 18:00:00+00:00,2025-01-17 18:00:00+00:00,2025-01-19 18:00:00+00:00,1,4.7831,4.347294386088023,440.5887139119775,4.9555,tempo,0.3955892133937045,0.3810641825131282,192,48.0,0.4358056139119775
SUI,2025-01-31 00:00:00+00:00,2025-01-31 00:00:00+00:00,2025-02-02 00:00:00+00:00,-1,4.1163,4.49513136804651,-374.7150680465105,3.733,tempo,1.0117958340581252,0.9983279815243995,192,48.0,0.3788313680465105
SUI,2025-02-02 18:00:00+00:00,2025-02-02 18:00:00+00:00,2025-02-03 00:45:00+00:00,1,3.3462,3.0375195187307984,312.0266812692017,3.0375195187307984,stop,-1.0,-1.0134424362373475,27,6.75,0.30868048126920167
SUI,2025-02-03 01:00:00+00:00,2025-02-03 01:00:00+00:00,2025-02-03 02:00:00+00:00,1,3.1906,2.8848610493466973,308.9295506533026,2.8848610493466973,stop,-1.0,-1.0129164101389012,4,1.0,0.3057389506533026
SUI,2025-02-03 02:00:00+00:00,2025-02-03 02:00:00+00:00,2025-02-03 02:15:00+00:00,1,2.7319,2.402821660739749,331.81023926025097,2.402821660739749,stop,-1.0,-1.010142171882183,1,0.25,0.329078339260251
SUI,2025-02-03 03:00:00+00:00,2025-02-03 03:00:00+00:00,2025-02-05 03:00:00+00:00,1,2.7662,2.4332494768231645,335.7167231768355,3.6537,tempo,2.665561211713833,2.653028013206787,192,48.0,0.3329505231768355
SUI,2025-02-25 15:00:00+00:00,2025-02-25 15:00:00+00:00,2025-02-25 22:15:00+00:00,-1,2.7293,3.0097107420528117,-277.68144205281186,3.0097107420528117,stop,-1.0,-1.013303188583381,29,7.25,0.2804107420528119
SUI,2025-02-25 23:00:00+00:00,2025-02-25 23:00:00+00:00,2025-02-27 23:00:00+00:00,-1,2.9653,3.271158920676213,-302.8936206762128,2.8085,tempo,0.5126546567722675,0.50038439180271,192,48.0,0.3058589206762128
SUI,2025-03-03 08:00:00+00:00,2025-03-03 08:00:00+00:00,2025-03-03 20:00:00+00:00,1,2.9745,2.6617328569590057,315.7416430409942,2.6617328569590057,stop,-1.0,-1.0117133510937342,48,12.0,0.3127671430409942
SUI,2025-03-06 17:00:00+00:00,2025-03-06 17:00:00+00:00,2025-03-08 17:00:00+00:00,-1,2.8429,3.168926654233693,-323.1837542336927,2.5062,tempo,1.0327376477588754,1.0220731362692481,192,48.0,0.3260266542336927
SUI,2025-03-26 14:00:00+00:00,2025-03-26 14:00:00+00:00,2025-03-27 08:30:00+00:00,-1,2.5763,2.789266724927506,-210.39042492750622,2.789266724927506,stop,-1.0,-1.016376353500248,74,18.5,0.21296672492750623
SUI,2025-03-27 09:00:00+00:00,2025-03-27 09:00:00+00:00,2025-03-29 09:00:00+00:00,-1,2.7778,3.0059182528060076,-225.34045280600748,2.4457,tempo,1.4558238804433548,1.4409400429676777,192,48.0,0.2281182528060075
SUI,2025-03-29 16:00:00+00:00,2025-03-29 16:00:00+00:00,2025-03-31 16:00:00+00:00,1,2.293,2.105542777177531,189.75022282246914,2.2845,tempo,-0.04534367826440103,-0.06121596611333508,192,48.0,0.18745722282246913
