activo,sinal_em,entrada_em,saida_em,lado,entrada,stop,alvo,saida,motivo,R_bruto,R_liquido,duracao,duracao_h,R_preco,beta,R_btc,R_liquido_so_alt
ETH,2023-01-04 08:00:00+00:00,2023-01-04 08:00:00+00:00,2023-01-06 08:00:00+00:00,-1,1251.78,1285.1974891283505,-32165.709128350558,1247.45,tempo,-0.09504670220288372,-0.2076894098298861,192,48.0,33.41748912835055,1.314888802968156,-0.2886500256801251,0.080960615850239
ETH,2023-01-09 04:00:00+00:00,2023-01-09 04:00:00+00:00,2023-01-09 16:30:00+00:00,-1,1309.69,1342.7911151672286,-31791.4251672285,1342.7911151672286,stop,-0.691932880988509,-0.8096398577565548,50,12.5,33.1011151672285,1.2757684109197154,0.2424463851433715,-1.0520862428999262
ETH,2023-01-09 17:00:00+00:00,2023-01-09 17:00:00+00:00,2023-01-11 17:00:00+00:00,-1,1337.66,1371.4520775225028,-32454.417522502725,1324.59,tempo,0.4491568715578533,0.33232053537232403,192,48.0,33.79207752250272,1.275292462397939,-0.003247394490791755,0.3355679298631158
ETH,2023-01-12 18:00:00+00:00,2023-01-12 18:00:00+00:00,2023-01-14 18:00:00+00:00,1,1428.74,1380.83568753887,49333.05246113007,1530.18,tempo,-1.4137087894932416,-1.4987628840984524,192,48.0,47.904312461130075,1.1581802169240745,-3.5761687978300953,2.077405913731643
ETH,2023-01-21 09:00:00+00:00,2023-01-21 09:00:00+00:00,2023-01-23 09:00:00+00:00,1,1647.76,1576.170638889702,73237.12111029789,1632.31,tempo,-0.24228617371321,-0.3039438744856566,192,48.0,71.58936111029789,1.0653109983480467,-0.058348087244150824,-0.24559578724150574
ETH,2023-01-24 23:00:00+00:00,2023-01-24 23:00:00+00:00,2023-01-26 23:00:00+00:00,1,1561.45,1492.5503493898514,70461.10061014869,1601.0,tempo,0.3140505611216579,0.25312447460795584,192,48.0,68.89965061014868,1.0553275549293493,-0.2910641702975548,0.5441886449055107
ETH,2023-02-02 13:00:00+00:00,2023-02-02 13:00:00+00:00,2023-02-04 13:00:00+00:00,-1,1677.0,1751.8284136566908,-73151.41365669083,1665.56,tempo,-0.25095406255569375,-0.31106494448274274,192,48.0,74.82841365669083,1.0666198514314593,-0.4349127657464428,0.12384782126370002
ETH,2023-02-16 00:00:00+00:00,2023-02-16 00:00:00+00:00,2023-02-18 00:00:00+00:00,1,1674.99,1601.57057753926,75094.41246073996,1694.12,tempo,0.003433177923454711,-0.05908527168276026,192,48.0,73.41942246073995,1.1022554730426313,-0.2898154781081562,0.23073020642539596
ETH,2023-03-13 18:00:00+00:00,2023-03-13 18:00:00+00:00,2023-03-15 18:00:00+00:00,1,1669.47,1580.3855264798574,90753.94352014264,1630.15,tempo,-0.5554750330304744,-0.6027216909746724,192,48.0,89.08447352014264,0.9511036199628273,-0.13726737147841972,-0.4654543194962527
ETH,2023-03-20 09:00:00+00:00,2023-03-20 09:00:00+00:00,2023-03-22 09:00:00+00:00,1,1788.09,1695.6916027622965,94186.48723770342,1785.01,tempo,0.10898494535424849,0.061238870060686124,192,48.0,92.39839723770342,0.8987440537177714,0.11970866132883397,-0.058469791268147844
ETH,2023-03-28 20:00:00+00:00,2023-03-28 20:00:00+00:00,2023-03-30 20:00:00+00:00,-1,1785.42,1875.9426728197466,-88737.2528197465,1780.72,tempo,0.40372747258709896,0.3557013939416612,192,48.0,90.5226728197465,0.8743721598091458,0.3293874448966167,0.02631394904504451
ETH,2023-04-04 12:00:00+00:00,2023-04-04 12:00:00+00:00,2023-04-06 12:00:00+00:00,-1,1864.18,1947.2518661295849,-81207.6861295848,1867.75,tempo,-0.27246683846322584,-0.3264922999158321,192,48.0,83.0718661295848,0.8509583514054653,-0.25431678756310505,-0.07217551235272705
ETH,2023-04-12 00:00:00+00:00,2023-04-12 00:00:00+00:00,2023-04-14 00:00:00+00:00,1,1888.89,1821.35198490159,69426.90509841013,2011.8,tempo,1.6899572074945135,1.6237133176976843,192,48.0,67.53801509841014,0.7894470905279984,-0.15860959073545808,1.7823229084331424
ETH,2023-04-14 00:00:00+00:00,2023-04-14 00:00:00+00:00,2023-04-14 00:45:00+00:00,-1,2011.8,2084.9428360170505,-71131.03601705052,2084.9428360170505,stop,-0.7323196470178666,-0.7981409240792459,3,0.75,73.14283601705051,0.8226356921556025,0.23826568781081442,-1.0364066118900603
ETH,2023-04-14 01:00:00+00:00,2023-04-14 01:00:00+00:00,2023-04-16 01:00:00+00:00,-1,2099.43,2186.516191905176,-84986.7619051763,2089.61,tempo,-0.1974802856234859,-0.2550592578295049,192,48.0,87.08619190517629,0.8395895820939603,-0.33655465732667667,0.08149539949717177
ETH,2023-04-19 09:00:00+00:00,2023-04-19 09:00:00+00:00,2023-04-21 07:00:00+00:00,1,1986.62,1901.1626076243178,87444.01237568204,1901.1626076243178,stop,-0.10887322229651075,-0.16564059891303418,184,46.0,85.45739237568205,0.8999178669532099,0.863930379380412,-1.0295709782934461
ETH,2023-05-05 17:00:00+00:00,2023-05-05 17:00:00+00:00,2023-05-07 17:00:00+00:00,-1,1991.56,2076.722185594536,-83170.62559453592,1913.81,tempo,0.42341789139779334,0.36415468540186124,192,48.0,85.16218559453591,0.9688939818158723,-0.5190014827369899,0.8831561681388511
ETH,2023-05-29 19:00:00+00:00,2023-05-29 19:00:00+00:00,2023-05-31 19:00:00+00:00,-1,1890.81,1943.2428145964645,-50542.0045964646,1863.0,tempo,-0.19852919690789916,-0.2885418468964659,192,48.0,52.432814596464596,0.9274169792868499,-0.7723995931428514,0.48385774624638556
ETH,2023-06-10 07:00:00+00:00,2023-06-10 07:00:00+00:00,2023-06-12 07:00:00+00:00,1,1743.25,1691.2804187474003,53712.83125259971,1739.96,tempo,-0.42090294578467036,-0.5032094103786691,192,48.0,51.96958125259971,0.8884139921376022,-0.39633753713797165,-0.10687187324069747
ETH,2023-06-14 21:00:00+00:00,2023-06-14 21:00:00+00:00,2023-06-16 21:00:00+00:00,1,1637.21,1575.0017993821584,63845.41061784161,1726.91,tempo,-0.02829593423323029,-0.09567703261216765,192,48.0,62.20820061784161,0.9420242061929238,-1.5024581503881542,1.4067811177759866
ETH,2023-06-20 22:00:00+00:00,2023-06-20 22:00:00+00:00,2023-06-22 22:00:00+00:00,1,1776.4,1715.9711556840587,62205.24431594143,1879.07,tempo,-0.20624351782949657,-0.28182923338946897,192,48.0,60.42884431594143,0.9489814915570812,-1.941532403875915,1.659703170486446
ETH,2023-06-30 17:00:00+00:00,2023-06-30 17:00:00+00:00,2023-07-02 17:00:00+00:00,-1,1897.96,1969.6129706869103,-69755.01068691029,1916.87,tempo,-0.12019991802079122,-0.18691034050671146,192,48.0,71.6529706869103,0.9323210373628064,0.11160679416258922,-0.2985171346693007
ETH,2023-07-13 17:00:00+00:00,2023-07-13 17:00:00+00:00,2023-07-14 00:45:00+00:00,-1,1962.58,2022.9918625061568,-58449.28250615692,2022.9918625061568,stop,-0.3395175302150092,-0.4224887199203411,31,7.75,60.41186250615692,0.9492302494368772,0.620393945886643,-1.042882665806984
ETH,2023-07-14 01:00:00+00:00,2023-07-14 01:00:00+00:00,2023-07-16 01:00:00+00:00,-1,2023.03,2087.2241139964235,-62171.08399642354,1932.86,tempo,0.3192256703104357,0.24048978956594258,192,48.0,64.19411399642354,0.9441479837063896,-1.1241006073804267,1.3645903969463693
ETH,2023-08-17 22:00:00+00:00,2023-08-17 22:00:00+00:00,2023-08-19 22:00:00+00:00,1,1618.41,1562.6388155346244,57389.59446537566,1668.2,tempo,1.0890604951541056,1.0133316557470415,192,48.0,55.771184465375654,0.9920423188001608,0.15888138798224738,0.8544502677647943
ETH,2023-08-22 22:00:00+00:00,2023-08-22 22:00:00+00:00,2023-08-24 22:00:00+00:00,1,1603.4,1544.741313749127,60262.08625087319,1653.02,tempo,0.35657528377377595,0.28231007064694513,192,48.0,58.65868625087319,1.0744604427903206,-0.5275158909648828,0.809825961611828
ETH,2023-08-29 17:00:00+00:00,2023-08-29 17:00:00+00:00,2023-08-31 16:45:00+00:00,1,1734.32,1669.8479311532417,66206.38884675826,1669.8479311532417,stop,0.46673405600297957,0.39702918673617726,191,47.75,64.47206884675825,1.011838812052235,1.4313496171927975,-1.0343204304566203
ETH,2023-09-11 10:00:00+00:00,2023-09-11 10:00:00+00:00,2023-09-11 15:00:00+00:00,1,1593.0,1551.6315175116501,42961.48248834985,1551.6315175116501,stop,-0.11056887049089259,-0.2105436430169998,20,5.0,41.368482488349855,1.0100894008114596,0.8388662063038741,-1.0494098493208739
ETH,2023-09-11 15:00:00+00:00,2023-09-11 15:00:00+00:00,2023-09-13 15:00:00+00:00,1,1558.26,1515.6300422154693,44188.217784530694,1603.03,tempo,-0.5097897136009726,-0.6059647040312768,192,48.0,42.62995778453069,1.009556656374865,-1.6079633857071993,1.0019986816759225
ETH,2023-09-29 08:00:00+00:00,2023-09-29 08:00:00+00:00,2023-10-01 08:00:00+00:00,-1,1685.6,1728.1511811899666,-40865.58118996666,1677.52,tempo,0.0904892090575055,-0.007199224522083325,192,48.0,42.551181189966655,0.8993511725608353,-0.1457141102472696,0.13851488572518628
ETH,2023-10-02 14:00:00+00:00,2023-10-02 14:00:00+00:00,2023-10-02 16:15:00+00:00,1,1727.21,1679.422234854652,49514.97514534798,1679.422234854652,stop,-0.42882961838062283,-0.5182996280718396,9,2.25,47.787765145347976,0.9180037606314645,0.5280367290672864,-1.046336357139126
ETH,2023-10-02 17:00:00+00:00,2023-10-02 17:00:00+00:00,2023-10-02 18:45:00+00:00,1,1686.06,1637.9683388603369,49777.721139663074,1637.9683388603369,stop,-0.660954754540227,-0.7479822851996536,7,1.75,48.091661139663074,0.9237193374975975,0.29694480546549445,-1.044927090665148
ETH,2023-10-02 19:00:00+00:00,2023-10-02 19:00:00+00:00,2023-10-04 19:00:00+00:00,1,1657.51,1608.3110359773693,50856.47402263067,1643.05,tempo,-0.0942917935639139,-0.17884901361148065,192,48.0,49.19896402263066,0.9350279483051738,0.15866549162000876,-0.3375145052314894
ETH,2023-10-09 17:00:00+00:00,2023-10-09 17:00:00+00:00,2023-10-11 17:00:00+00:00,1,1568.67,1525.9409279258448,44297.74207415528,1553.21,tempo,0.5197929204350609,0.4286043105708537,192,48.0,42.72907207415528,0.9156128259705258,0.8379092907877868,-0.40930498021693307
ETH,2023-10-11 18:00:00+00:00,2023-10-11 18:00:00+00:00,2023-10-13 18:00:00+00:00,-1,1552.83,1594.1487829539149,-39765.95295391493,1543.95,tempo,0.38215196715367494,0.28911084426132866,192,48.0,41.31878295391493,0.9072462548911358,0.12291299163679414,0.16619785262453451
ETH,2023-10-16 14:00:00+00:00,2023-10-16 14:00:00+00:00,2023-10-18 14:00:00+00:00,1,1578.82,1539.5728928330855,40825.92716691447,1572.6,tempo,-0.5731991933047865,-0.6715763989357333,192,48.0,39.247107166914475,0.8831316729141185,-0.4609004129366849,-0.21067598599904844
ETH,2023-10-19 11:00:00+00:00,2023-10-19 11:00:00+00:00,2023-10-21 11:00:00+00:00,1,1552.0,1513.7077068011135,39844.29319888646,1604.12,tempo,-0.24008929791788458,-0.3393582127524897,192,48.0,38.292293198886455,0.8672464276278653,-1.6468934324362219,1.3075352196837322
ETH,2023-10-24 01:00:00+00:00,2023-10-24 01:00:00+00:00,2023-10-26 01:00:00+00:00,1,1776.37,1716.6920687962725,61454.30120372744,1791.76,tempo,-0.5842622840496019,-0.6551412603197814,192,48.0,59.67793120372744,0.8273684188465601,-0.8741621820635249,0.21902092174374357
ETH,2023-11-09 17:00:00+00:00,2023-11-09 17:00:00+00:00,2023-11-09 22:30:00+00:00,-1,2018.57,2096.4561826760673,-75867.61267606738,2096.4561826760673,stop,-0.8724798437991401,-0.9327025734931447,22,5.5,77.88618267606739,0.7681567063123582,0.10163942308234476,-1.0343419965754894
ETH,2023-11-09 23:00:00+00:00,2023-11-09 23:00:00+00:00,2023-11-11 23:00:00+00:00,-1,2096.33,2180.616289529813,-82189.95952981307,2046.5,tempo,0.7759595521834535,0.7191063838073299,192,48.0,84.28628952981308,0.7702483389238703,0.15985575404355384,0.559250629763776
ETH,2023-11-22 19:00:00+00:00,2023-11-22 19:00:00+00:00,2023-11-24 19:00:00+00:00,-1,2063.64,2148.369456958363,-82665.81695836324,2092.13,tempo,-0.047199771568552984,-0.10564657885984313,192,48.0,84.72945695836324,0.8390386153895051,0.2624810076928227,-0.3681275865526658
ETH,2023-12-04 23:00:00+00:00,2023-12-04 23:00:00+00:00,2023-12-06 23:00:00+00:00,1,2228.4,2150.6828117457053,79945.5882542948,2233.27,tempo,-1.0396707833307985,-1.1099747562598707,192,48.0,77.7171882542948,0.8849887463766883,-1.1353219740922276,0.0253472178323568
ETH,2023-12-07 17:00:00+00:00,2023-12-07 17:00:00+00:00,2023-12-09 17:00:00+00:00,-1,2347.73,2437.3012704198245,-87223.5404198245,2356.9,tempo,0.07646024665314295,0.012535866511761973,192,48.0,89.57127041982449,0.8740942363845711,0.14905296002497054,-0.13651709351320857
ETH,2023-12-22 08:00:00+00:00,2023-12-22 08:00:00+00:00,2023-12-24 08:00:00+00:00,-1,2275.27,2367.2333974326525,-89688.12743265253,2296.11,tempo,-0.19094568914329701,-0.25455989511345894,192,48.0,91.96339743265253,0.9732679252594595,0.004362650864009145,-0.2589225459774681
ETH,2023-12-27 15:00:00+00:00,2023-12-27 15:00:00+00:00,2023-12-28 00:45:00+00:00,-1,2329.22,2417.815428874231,-86266.20887423141,2417.815428874231,stop,-0.5569572865478208,-0.6252648448910827,39,9.75,88.5954288742314,0.9795832602940125,0.4095628326536411,-1.0348276775447238
ETH,2023-12-28 01:00:00+00:00,2023-12-28 01:00:00+00:00,2023-12-30 01:00:00+00:00,-1,2435.2,2531.5057078857894,-93870.50788578962,2304.12,tempo,0.5259572725365206,0.4617386870144522,192,48.0,96.30570788578962,0.9805096842865234,-0.8673563875142183,1.3290950745286705
ETH,2024-01-02 16:00:00+00:00,2024-01-02 16:00:00+00:00,2024-01-03 12:15:00+00:00,1,2359.61,2267.628381166653,94341.22883334705,2267.628381166653,stop,0.8233928313054231,0.75788255083006,81,20.25,91.98161883334706,0.9838772902145814,1.7905815290162093,-1.0326989781861493
ETH,2024-01-09 14:00:00+00:00,2024-01-09 14:00:00+00:00,2024-01-11 14:00:00+00:00,1,2275.17,2181.5154926302716,95929.67736972844,2636.4,tempo,3.6157455579256625,3.551928511797775,192,48.0,93.65450736972844,0.9413442028164822,-0.27103195807627856,3.8229604698740536
ETH,2024-01-11 14:00:00+00:00,2024-01-11 14:00:00+00:00,2024-01-13 14:00:00+00:00,-1,2636.39,2771.7044379536073,-132678.04795360746,2542.99,tempo,-0.8409622350592784,-0.8863887018925174,192,48.0,135.31443795360747,0.8112082832842039,-1.551753051488885,0.6653643495963677
ETH,2024-01-23 17:00:00+00:00,2024-01-23 17:00:00+00:00,2024-01-25 17:00:00+00:00,1,2216.24,2116.110280426775,102345.95957322499,2185.32,tempo,-0.47538549657912216,-0.5259405821548409,192,48.0,100.12971957322497,0.7639593815502823,-0.18856808032439748,-0.3373725018304433
ETH,2024-02-13 00:00:00+00:00,2024-02-13 00:00:00+00:00,2024-02-14 10:30:00+00:00,-1,2660.91,2752.7054512253076,-89134.54122530771,2752.7054512253076,stop,-0.30119649188581576,-0.37199591711125723,138,34.5,91.79545122530772,0.8615372883612685,0.6663376821719968,-1.038333599283254
ETH,2024-02-19 07:00:00+00:00,2024-02-19 07:00:00+00:00,2024-02-20 23:30:00+00:00,-1,2923.0,3030.1945246867745,-104271.52468677446,3030.1945246867745,stop,-1.0334862729489236,-1.101195768014846,162,40.5,107.19452468677446,0.8917368086861853,-0.06509712909319004,-1.036098638921656
ETH,2024-02-25 21:00:00+00:00,2024-02-25 21:00:00+00:00,2024-02-27 02:00:00+00:00,-1,3102.71,3227.286237233458,-121473.52723345795,3227.286237233458,stop,0.887289718885576,0.8231225354845184,116,29.0,124.57623723345796,0.9617420571969443,1.8561504840369467,-1.0330279485524283
ETH,2024-02-27 02:00:00+00:00,2024-02-27 02:00:00+00:00,2024-02-29 02:00:00+00:00,1,3226.65,3092.534842139276,137341.80786072413,3423.62,tempo,-0.8212400955796015,-0.8830404974557651,192,48.0,134.11515786072414,0.9454185404194811,-2.319472647057081,1.436432149601316
ETH,2024-03-05 12:00:00+00:00,2024-03-05 12:00:00+00:00,2024-03-07 12:00:00+00:00,-1,3737.95,3907.5816801867854,-165893.7301867856,3791.67,tempo,-0.2543238572483292,-0.30714160577882027,192,48.0,169.63168018678562,0.836598099721532,0.03839675672197358,-0.34553836250079384
ETH,2024-04-05 00:00:00+00:00,2024-04-05 00:00:00+00:00,2024-04-07 00:00:00+00:00,1,3329.65,3151.7854670857864,181194.18291421366,3353.15,tempo,0.011927879103097228,-0.03848200954714759,192,48.0,177.86453291421367,1.0678672161276632,-0.14618296423517002,0.10770095468802243
ETH,2024-04-08 15:00:00+00:00,2024-04-08 15:00:00+00:00,2024-04-10 15:00:00+00:00,-1,3648.4,3833.78647821744,-181738.07821744008,3488.41,tempo,-0.030948822729364944,-0.08342878299739975,192,48.0,185.38647821744007,1.0732098603986875,-0.9214137050572963,0.8379849220598965
ETH,2024-04-12 20:00:00+00:00,2024-04-12 20:00:00+00:00,2024-04-13 20:00:00+00:00,1,3206.93,3036.416369041253,173720.56095874694,3036.416369041253,stop,-0.3559348105485872,-0.4065419055654209,96,24.0,170.51363095874694,1.0964294832939465,0.6172578054433642,-1.023799711008785
ETH,2024-04-27 18:00:00+00:00,2024-04-27 18:00:00+00:00,2024-04-29 18:00:00+00:00,-1,3256.79,3432.519293279976,-172472.503279976,3172.1,tempo,0.3593383234736817,0.3090528881062836,192,48.0,175.729293279976,1.1001501760437473,-0.14910192488626453,0.4581548129925482
ETH,2024-04-29 18:00:00+00:00,2024-04-29 18:00:00+00:00,2024-04-30 11:45:00+00:00,1,3172.1,3006.1626369245973,169109.46307540257,3006.1626369245973,stop,-0.39143893306371913,-0.44307807057052917,71,17.75,165.93736307540257,1.104095465844565,0.5811230535137203,-1.0242011240842495
ETH,2024-05-01 16:00:00+00:00,2024-05-01 16:00:00+00:00,2024-05-03 13:00:00+00:00,-1,2884.32,3044.1684876138593,-156964.1676138591,3044.1684876138593,stop,0.2888562601188638,0.23926999081395128,180,45.0,159.8484876138591,1.0861839286622377,1.2633773037730693,-1.024107312959118
ETH,2024-05-16 15:00:00+00:00,2024-05-16 15:00:00+00:00,2024-05-18 15:00:00+00:00,1,2940.48,2815.917511463991,127502.9685360089,3104.36,tempo,0.9129061537706148,0.8522736866965732,192,48.0,124.56248853600891,0.947878992236809,-0.4318276176359989,1.2841013043325722
ETH,2024-05-20 20:00:00+00:00,2024-05-20 20:00:00+00:00,2024-05-20 22:00:00+00:00,-1,3438.29,3635.674231744141,-193945.94174414081,3635.674231744141,stop,-1.0769147312961287,-1.1232627866854108,8,2.0,197.38423174414083,1.0180146694599401,-0.09996773059099116,-1.0232950560944196
ETH,2024-05-20 22:00:00+00:00,2024-05-20 22:00:00+00:00,2024-05-22 22:00:00+00:00,-1,3651.23,3874.3388192244824,-219457.58922448242,3776.71,tempo,-0.6007033939505428,-0.6439297168409143,192,48.0,223.10881922448243,1.014623914825537,-0.059873194768205115,-0.5840565220727092
ETH,2024-06-15 18:00:00+00:00,2024-06-15 18:00:00+00:00,2024-06-17 18:00:00+00:00,-1,3570.08,3711.819056478334,-138168.97647833408,3553.08,tempo,0.2615676481865525,0.19382579690733415,192,48.0,141.73905647833408,1.0712132467645699,0.10655312621694585,0.08727267069038831
ETH,2024-06-18 02:00:00+00:00,2024-06-18 02:00:00+00:00,2024-06-20 02:00:00+00:00,1,3406.56,3271.9910436859013,137975.5163140986,3557.27,tempo,1.1068398392137244,1.0376496870543905,192,48.0,134.5689563140986,1.0803492861048298,-0.04865962605933965,1.0863093131137302
ETH,2024-06-24 21:00:00+00:00,2024-06-24 21:00:00+00:00,2024-06-26 21:00:00+00:00,-1,3310.75,3434.8225556185707,-120761.80561857074,3390.93,tempo,0.011688924681051649,-0.05744924365692461,192,48.0,124.07255561857073,0.98096695182469,0.6238947616997828,-0.6813440053567074
ETH,2024-07-05 03:00:00+00:00,2024-07-05 03:00:00+00:00,2024-07-07 03:00:00+00:00,1,2926.66,2791.121712963894,138464.94703610588,3065.94,tempo,-0.011811980881441642,-0.06972525092484227,192,48.0,135.53828703610588,1.0393248008998266,-1.0685928990303197,0.9988676481054775
ETH,2024-07-23 21:00:00+00:00,2024-07-23 21:00:00+00:00,2024-07-25 21:00:00+00:00,-1,3480.11,3626.1764391948623,-142586.32919486216,3153.61,tempo,2.0502509582847726,1.9911581403656125,192,48.0,146.06643919486214,0.9547796113964733,-0.2146057830650131,2.2057639234306254
ETH,2024-07-25 21:00:00+00:00,2024-07-25 21:00:00+00:00,2024-07-27 21:00:00+00:00,1,3153.61,3014.802755243768,141960.85475623218,3241.23,tempo,-0.22111163216163077,-0.28018550872024495,192,48.0,138.8072447562322,0.9862289791384375,-0.8814751182544946,0.6012896095342497
ETH,2024-07-30 00:00:00+00:00,2024-07-30 00:00:00+00:00,2024-08-01 00:00:00+00:00,-1,3316.86,3454.8939195419644,-134717.05954196423,3231.48,tempo,-0.12664563544683816,-0.18758171652232503,192,48.0,138.03391954196422,0.9635677469692984,-0.775289283395679,0.587707566873354
ETH,2024-08-02 16:00:00+00:00,2024-08-02 16:00:00+00:00,2024-08-03 17:45:00+00:00,1,3037.5,2900.5185253724276,140018.97462757243,2900.5185253724276,stop,-0.11643879335534124,-0.17252295395275663,103,25.75,136.98147462757242,0.9680985072216475,0.855653936769043,-1.0281768907217996
ETH,2024-08-04 19:00:00+00:00,2024-08-04 19:00:00+00:00,2024-08-05 01:00:00+00:00,1,2728.17,2595.3745486261887,135523.6213738114,2595.3745486261887,stop,-0.1398345910729577,-0.19124340495792225,24,6.0,132.79545137381137,0.9492282056185576,0.8348139932496902,-1.0260573982076124
ETH,2024-08-05 01:00:00+00:00,2024-08-05 01:00:00+00:00,2024-08-05 01:15:00+00:00,1,2526.04,2382.3049404703147,146261.09952968528,2382.3049404703147,stop,-0.30978739133735556,-0.3546763278661146,1,0.25,143.73505952968526,0.9932511431330406,0.6675202344878796,-1.0221965623539941
ETH,2024-08-05 02:00:00+00:00,2024-08-05 02:00:00+00:00,2024-08-05 06:30:00+00:00,1,2317.37,2155.5308251548004,164156.5448451995,2155.5308251548004,stop,0.2303102299347346,0.19248281994294159,18,4.5,161.83917484519952,1.0670489136233068,1.2104474786180217,-1.0179646586750801
ETH,2024-08-05 07:00:00+00:00,2024-08-05 07:00:00+00:00,2024-08-07 07:00:00+00:00,1,2267.36,2108.1390840097356,161488.27599026452,2499.15,tempo,-0.06682850448946942,-0.10573667199539627,192,48.0,159.22091599026453,1.0506161587438652,-1.54205404950617,1.4363173775107738
ETH,2024-08-13 00:00:00+00:00,2024-08-13 00:00:00+00:00,2024-08-15 00:00:00+00:00,-1,2721.15,2928.2012282014766,-204330.07820147654,2659.82,tempo,0.13483423024202668,0.09952070062326387,192,48.0,207.05122820147653,1.0781864510604418,-0.17979360242315248,0.27931430304641636
ETH,2024-08-28 22:00:00+00:00,2024-08-28 22:00:00+00:00,2024-08-30 22:00:00+00:00,-1,2529.49,2666.7271857913543,-134707.6957913545,2517.15,tempo,0.06912503038467,0.0192953987730608,192,48.0,137.23718579135448,1.0820552794306546,-0.04671939122542679,0.06601478999848759
ETH,2024-09-16 00:00:00+00:00,2024-09-16 00:00:00+00:00,2024-09-18 00:00:00+00:00,1,2314.85,2213.4713195196687,103693.53048033125,2340.59,tempo,-0.21050593935738998,-0.2705797471108181,192,48.0,101.37868048033124,1.0182309076253946,-0.49463044388830313,0.22405069677748501
ETH,2024-09-20 12:00:00+00:00,2024-09-20 12:00:00+00:00,2024-09-22 12:00:00+00:00,-1,2543.97,2656.996313999364,-110482.34399936399,2579.58,tempo,-0.5571672471240341,-0.6166110224216821,192,48.0,113.02631399936399,1.0245655751563325,-0.27208675968920676,-0.3445242627324753
ETH,2024-09-23 19:00:00+00:00,2024-09-23 19:00:00+00:00,2024-09-25 19:00:00+00:00,-1,2678.38,2791.7612917166934,-110702.91171669334,2581.5,tempo,0.8234251220084688,0.7606010432378325,192,48.0,113.38129171669334,1.0638328455507382,-0.06370671146240493,0.8243077547002374
ETH,2024-10-02 07:00:00+00:00,2024-10-02 07:00:00+00:00,2024-10-02 19:00:00+00:00,1,2484.7,2389.6504611149853,97534.23888501449,2389.6504611149853,stop,-0.6007271354352446,-0.6683783360727094,48,12.0,95.0495388850145,1.009837939229283,0.36495510075287685,-1.0333334368255862
ETH,2024-10-02 21:00:00+00:00,2024-10-02 21:00:00+00:00,2024-10-04 21:00:00+00:00,1,2384.9,2289.0984225498464,98186.47745015367,2428.34,tempo,-0.15584949467974152,-0.22099565271456317,192,48.0,95.80157745015367,1.003912018421323,-0.6417757178546638,0.42078006514010063
ETH,2024-10-15 17:00:00+00:00,2024-10-15 17:00:00+00:00,2024-10-17 17:00:00+00:00,1,2591.87,2472.961813587196,121500.05641280384,2612.12,tempo,-0.0028042129853867725,-0.06098682201760591,192,48.0,118.90818641280384,1.0493745148027669,-0.20283917893980136,0.14185235692219544
ETH,2024-10-21 09:00:00+00:00,2024-10-21 09:00:00+00:00,2024-10-23 09:00:00+00:00,-1,2716.45,2825.763046718992,-106596.59671899215,2575.86,tempo,0.5846230559357863,0.5183684121492341,192,48.0,109.31304671899215,1.0767717118324842,-0.7362851046680875,1.2546535168173216
ETH,2024-10-23 17:00:00+00:00,2024-10-23 17:00:00+00:00,2024-10-25 17:00:00+00:00,1,2491.49,2393.1903701438523,100791.11985614749,2531.19,tempo,-0.3291335563405422,-0.3976446842024334,192,48.0,98.29962985614748,1.0713010193934283,-0.7682997726632947,0.37065508846086137
ETH,2024-10-31 15:00:00+00:00,2024-10-31 15:00:00+00:00,2024-11-02 15:00:00+00:00,1,2556.05,2456.5336113446465,102072.43865535369,2489.66,tempo,-0.08315108283130612,-0.15204707352741054,192,48.0,99.5163886553537,1.0763508860303264,0.5480357212902478,-0.7000827948176583
ETH,2024-11-07 02:00:00+00:00,2024-11-07 02:00:00+00:00,2024-11-08 00:30:00+00:00,-1,2815.3,2949.7927022572067,-131677.4022572065,2949.7927022572067,stop,-0.7711242957127367,-0.8263008261177016,90,22.5,134.49270225720647,1.0037270024163152,0.20156172845645487,-1.0278625545741564
ETH,2024-11-08 01:00:00+00:00,2024-11-08 01:00:00+00:00,2024-11-09 06:00:00+00:00,-1,2907.63,3049.38273051551,-138845.10051550993,3049.38273051551,stop,-0.8557789151505931,-0.9097953105862254,116,29.0,141.75273051550994,1.0013212639665885,0.11752027099554467,-1.02731558158177
ETH,2024-11-09 20:00:00+00:00,2024-11-09 20:00:00+00:00,2024-11-10 05:30:00+00:00,-1,3070.71,3219.5897511994735,-145809.04119947352,3219.5897511994735,stop,-0.03636004739293197,-0.0906031740748533,38,9.5,148.8797511994735,0.9987688556132731,0.9368598946456305,-1.0274630687204838
ETH,2024-11-12 01:00:00+00:00,2024-11-12 01:00:00+00:00,2024-11-13 04:45:00+00:00,1,3346.05,3176.597652228896,172798.39777110406,3176.597652228896,stop,-0.49458043527363815,-0.5446007188808093,111,27.75,169.4523477711041,0.973899999071885,0.48041941822390527,-1.0250201371047145
ETH,2024-11-13 09:00:00+00:00,2024-11-13 09:00:00+00:00,2024-11-15 09:00:00+00:00,1,3161.42,2992.193807320244,172387.61267975598,3071.75,tempo,-0.7087355894824962,-0.7564254072015344,192,48.0,169.22619267975597,0.9778482654056647,-0.20260120885560243,-0.553824198345932
ETH,2024-11-22 05:00:00+00:00,2024-11-22 05:00:00+00:00,2024-11-24 05:00:00+00:00,-1,3393.06,3595.8540799814614,-199401.01998146143,3416.38,tempo,-0.2079825275895269,-0.24954489715952352,192,48.0,202.79407998146144,0.9073875450743476,-0.11272563693981397,-0.13681926021970955
ETH,2024-11-25 16:00:00+00:00,2024-11-25 16:00:00+00:00,2024-11-27 16:00:00+00:00,-1,3521.18,3726.2149062560866,-201513.72625608675,3555.07,tempo,-0.23463567001909963,-0.2772085762797589,192,48.0,205.03490625608674,0.9020947401381277,-0.08948657711963925,-0.18772199916011967
ETH,2024-12-04 16:00:00+00:00,2024-12-04 16:00:00+00:00,2024-12-06 15:15:00+00:00,-1,3824.38,4024.853286268623,-196648.9062686228,4024.853286268623,stop,-0.4604713848340226,-0.5077811677741929,189,47.25,200.47328626862281,0.8814593220332054,0.5176686152419753,-1.0254497830161682
ETH,2024-12-10 18:00:00+00:00,2024-12-10 18:00:00+00:00,2024-12-12 18:00:00+00:00,1,3527.71,3331.9061710611854,199331.5389388146,3960.5,tempo,1.045741763408038,1.0007170722216898,192,48.0,195.8038289388146,0.8610228145551474,-1.1847491968455945,2.1854662690672844
ETH,2024-12-19 18:00:00+00:00,2024-12-19 18:00:00+00:00,2024-12-20 09:00:00+00:00,1,3478.67,3282.146737923674,200001.93207632587,3282.146737923674,stop,-0.4464001579719976,-0.49003730639773746,60,15.0,196.52326207632586,0.9245761425365328,0.5323240712489639,-1.0223613776467013
ETH,2024-12-20 10:00:00+00:00,2024-12-20 10:00:00+00:00,2024-12-22 10:00:00+00:00,1,3265.61,3067.142096931478,201733.51306852198,3381.82,tempo,0.24061586469485985,0.19843528238542096,192,48.0,198.467903068522,0.9541537465526029,-0.3653292798943033,0.5637645622797243
ETH,2024-12-23 21:00:00+00:00,2024-12-23 21:00:00+00:00,2024-12-25 21:00:00+00:00,-1,3402.56,3629.1137558267455,-223151.1958267456,3472.01,tempo,0.6807467946548829,0.6408405548354558,192,48.0,226.5537558267456,1.0337099152525064,0.9671139826594843,-0.3262734278240286
ETH,2025-01-13 15:00:00+00:00,2025-01-13 15:00:00+00:00,2025-01-15 15:00:00+00:00,1,3033.7,2887.6486849394023,149085.01506059754,3328.36,tempo,0.016979113010002322,-0.04282124230223272,192,48.0,146.05131506059752,1.166025121505068,-2.0320170320112125,1.9891957897089798
ETH,2025-01-16 21:00:00+00:00,2025-01-16 21:00:00+00:00,2025-01-18 21:00:00+00:00,1,3335.61,3164.4012519557423,174544.35804425782,3264.87,tempo,-1.2666033474881002,-1.3217821408665942,192,48.0,171.20874804425785,1.1892139513922908,-0.8835433659378461,-0.43823877492874797
ETH,2025-01-18 21:00:00+00:00,2025-01-18 21:00:00+00:00,2025-01-20 21:00:00+00:00,1,3264.87,3089.58325593488,178551.61406511982,3320.27,tempo,0.3911624119486353,0.3390888757140209,192,48.0,175.28674406511982,1.142102163691426,0.04745439261238428,0.29163448310163664
ETH,2025-01-31 16:00:00+00:00,2025-01-31 16:00:00+00:00,2025-02-02 16:00:00+00:00,-1,3426.21,3615.3511190409386,-185714.90904093854,3079.48,tempo,0.7972666996330819,0.7516703998740148,192,48.0,189.14111904093852,0.9868353438652685,-1.0591537257137562,1.810824125587771
ETH,2025-02-02 19:00:00+00:00,2025-02-02 19:00:00+00:00,2025-02-02 22:45:00+00:00,1,2927.15,2763.959849299585,166117.30070041495,2763.959849299585,stop,-1.0164913073354103,-1.0624068084904952,15,3.75,163.19015070041496,0.996962430229101,-0.039738642635095085,-1.0226681658554
ETH,2025-02-02 23:00:00+00:00,2025-02-02 23:00:00+00:00,2025-02-03 02:00:00+00:00,1,2874.41,2712.8729284864444,164411.48151355548,2712.8729284864444,stop,-0.18004383365042065,-0.2254119149150161,12,3.0,161.53707151355547,0.989338302778274,0.7970704408036303,-1.0224823557186464
ETH,2025-02-03 02:00:00+00:00,2025-02-03 02:00:00+00:00,2025-02-03 02:15:00+00:00,1,2496.0,2294.109270034088,204386.7299659122,2294.109270034088,stop,-1.0875848624960605,-1.1207150654409974,1,0.25,201.89072996591221,1.1017966688085563,-0.10529300507176768,-1.0154220603692297
ETH,2025-02-03 03:00:00+00:00,2025-02-03 03:00:00+00:00,2025-02-05 03:00:00+00:00,1,2484.9,2284.253337052998,203131.56294700192,2738.23,tempo,0.6215780377854803,0.5869190248565804,192,48.0,200.64666294700191,1.1017873448616593,-0.6587282330099352,1.2456472578665156
ETH,2025-02-24 23:00:00+00:00,2025-02-24 23:00:00+00:00,2025-02-25 07:30:00+00:00,1,2506.66,2353.4136830972543,155752.97690274555,2353.4136830972543,stop,-0.1669720513719547,-0.22080283976657022,34,8.5,153.24631690274555,1.5620915614442155,0.7998113450168594,-1.0206141847834296
ETH,2025-02-25 23:00:00+00:00,2025-02-25 23:00:00+00:00,2025-02-27 23:00:00+00:00,-1,2509.56,2672.482234672834,-160412.67467283385,2290.97,tempo,0.2497672419499284,0.1997941536457304,192,48.0,162.92223467283384,1.53915510779787,-1.1227365367335629,1.3225306903792933
ETH,2025-03-01 09:00:00+00:00,2025-03-01 09:00:00+00:00,2025-03-03 09:00:00+00:00,1,2233.61,2080.9156594710566,154927.95052894347,2344.19,tempo,-0.8865872189433154,-0.9349612612262831,192,48.0,152.69434052894348,1.5190560727724998,-1.6396660304223838,0.7047047691961007
ETH,2025-03-11 04:00:00+00:00,2025-03-11 04:00:00+00:00,2025-03-13 04:00:00+00:00,1,1848.96,1691.2221392642944,159586.82073570567,1886.02,tempo,-0.4637993931108332,-0.4970165755475313,192,48.0,157.73786073570568,1.169834475444165,-0.7165723805931399,0.21955580504560854
ETH,2025-03-28 13:00:00+00:00,2025-03-28 13:00:00+00:00,2025-03-30 13:00:00+00:00,1,1883.11,1783.7231357621692,101269.97423783065,1833.15,tempo,-0.03319492631310622,-0.0839646966184513,192,48.0,99.38686423783065,1.0744416126363683,0.4430221381272973,-0.5269868347457486
SOL,2023-01-03 01:00:00+00:00,2023-01-03 01:00:00+00:00,2023-01-03 14:45:00+00:00,-1,11.279,12.39537452777857,-1105.0955277785697,12.39537452777857,stop,-0.9321053928463587,-0.9712428069639971,55,13.75,1.1163745277785697,1.930317660526143,0.04254140528749244,-1.0137842122514895
SOL,2023-01-03 16:00:00+00:00,2023-01-03 16:00:00+00:00,2023-01-04 08:00:00+00:00,-1,12.819,14.13071223230291,-1298.8932323029094,14.13071223230291,stop,-0.7808057618708196,-0.8189536980881893,64,16.0,1.3117122323029093,1.9515383788749951,0.1944008415124993,-1.0133545396006887
SOL,2023-01-04 08:00:00+00:00,2023-01-04 08:00:00+00:00,2023-01-06 08:00:00+00:00,-1,14.109,15.541393737724611,-1418.2847377246114,13.109,tempo,0.6119555613991429,0.5750387914020907,192,48.0,1.4323937377246114,1.9184508611959215,-0.11074213190773748,0.6857809233098282
SOL,2023-01-09 01:00:00+00:00,2023-01-09 01:00:00+00:00,2023-01-09 02:15:00+00:00,-1,14.957,16.362836637112782,-1390.879637112781,16.362836637112782,stop,-0.9771006873167071,-1.0211423911897328,5,1.25,1.405836637112781,2.1372831373757766,-0.006661410059569058,-1.0144809811301638
SOL,2023-01-09 03:00:00+00:00,2023-01-09 03:00:00+00:00,2023-01-11 03:00:00+00:00,-1,15.983,17.52021996882313,-1521.2369688231306,15.993,tempo,0.24854112972959533,0.20611539945732843,192,48.0,1.5372199688231305,2.1384875163723307,0.22614142086242883,-0.020026021405100403
SOL,2023-01-12 23:00:00+00:00,2023-01-12 23:00:00+00:00,2023-01-14 23:00:00+00:00,1,16.377,14.834781883451615,1558.5951165483834,23.662,tempo,2.680791627622511,2.6399705767803288,192,48.0,1.5422181165483835,1.7345909199748244,-2.0668698967619012,4.70684047354223
SOL,2023-01-14 23:00:00+00:00,2023-01-14 23:00:00+00:00,2023-01-16 23:00:00+00:00,-1,23.663,26.415859402888902,-2729.196402888902,23.679,tempo,0.13500010282525277,0.10339151358303572,192,48.0,2.7528594028889017,1.828290908802454,0.1203819563026728,-0.016990442719637087
SOL,2023-02-16 01:00:00+00:00,2023-02-16 01:00:00+00:00,2023-02-18 01:00:00+00:00,1,23.653,21.86761234617644,1809.0406538235588,23.324,tempo,-0.20911755434281637,-0.25440562994572224,192,48.0,1.785387653823559,1.6365372760279577,-0.053029167399886716,-0.20137646254583552
SOL,2023-02-20 00:00:00+00:00,2023-02-20 00:00:00+00:00,2023-02-20 05:15:00+00:00,-1,24.851,26.724927780618145,-1849.0767806181461,26.724927780618145,stop,-0.8411024919876522,-0.8845926242322552,21,5.25,1.8739277806181462,1.4849429968308654,0.13329726106863038,-1.0178898853008855
SOL,2023-02-20 06:00:00+00:00,2023-02-20 06:00:00+00:00,2023-02-22 06:00:00+00:00,-1,26.48,28.543823068826878,-2037.3430688268777,24.028,tempo,0.8848168236945262,0.8439844682214617,192,48.0,2.0638230688268777,1.4943224837279196,-0.3281944053169132,1.172178873538375
SOL,2023-03-08 14:00:00+00:00,2023-03-08 14:00:00+00:00,2023-03-09 19:15:00+00:00,1,18.753,17.60079487864246,1170.9581213575395,17.60079487864246,stop,0.009408135412836138,-0.03875101743336806,117,29.25,1.1522051213575395,1.306837301048008,0.981757454741514,-1.020508472174882
SOL,2023-03-10 16:00:00+00:00,2023-03-10 16:00:00+00:00,2023-03-12 16:00:00+00:00,-1,17.647,18.929935014440595,-1265.2880144405965,17.827,tempo,0.17747729152642425,0.1360976481662854,192,48.0,1.2829350144405964,1.3089735606307664,0.29437386458753845,-0.15827621642125306
SOL,2023-03-13 17:00:00+00:00,2023-03-13 17:00:00+00:00,2023-03-15 16:45:00+00:00,1,20.557,18.83546007228085,1742.0969277191496,18.83546007228085,stop,-1.128873125983137,-1.1636860778746478,191,47.75,1.7215399277191494,1.2844880701695969,-0.14881270861105697,-1.014873369263591
SOL,2023-03-15 19:00:00+00:00,2023-03-15 19:00:00+00:00,2023-03-17 19:00:00+00:00,1,19.122,17.455129356929817,1685.9926430701832,20.186,tempo,-0.6442206974900833,-0.6781623441988134,192,48.0,1.6668706430701832,1.2481046590009837,-1.3011559785982383,0.6229936343994249
SOL,2023-04-11 15:00:00+00:00,2023-04-11 15:00:00+00:00,2023-04-13 09:30:00+00:00,-1,23.168,24.54580640326078,-1354.638403260781,24.54580640326078,stop,-0.8841676344123486,-0.9310034387441205,170,42.5,1.3778064032607809,1.1128312575722779,0.09150623611928585,-1.0225096748634064
SOL,2023-04-17 04:00:00+00:00,2023-04-17 04:00:00+00:00,2023-04-19 04:00:00+00:00,-1,25.832,27.48754933342778,-1629.7173334277784,24.624,tempo,0.8682259492950543,0.8252893274777986,192,48.0,1.6555493334277784,1.1401272014793304,0.1154321361087146,0.709857191369084
SOL,2023-04-19 09:00:00+00:00,2023-04-19 09:00:00+00:00,2023-04-21 09:00:00+00:00,1,22.823,21.251453336863452,1594.369663136548,22.169,tempo,0.22151133870008155,0.18066755016245378,192,48.0,1.571546663136548,1.177729604284603,0.6154270237604925,-0.43475947359803874
SOL,2023-04-28 19:00:00+00:00,2023-04-28 19:00:00+00:00,2023-04-30 19:00:00+00:00,-1,23.257,24.871312198619133,-1591.0551986191317,23.438,tempo,0.0889043570492086,0.04781515577559148,192,48.0,1.6143121986191318,1.1900155403176185,0.17873887064362368,-0.1309237148680322
SOL,2023-05-12 15:00:00+00:00,2023-05-12 15:00:00+00:00,2023-05-14 15:00:00+00:00,-1,20.374,21.472443784849332,-1078.0697848493335,21.114,tempo,-0.13391156514581637,-0.1869436754784558,192,48.0,1.0984437848493336,1.181203494360531,0.5112870492783891,-0.6982307247568449
SOL,2023-05-27 23:00:00+00:00,2023-05-27 23:00:00+00:00,2023-05-28 22:15:00+00:00,-1,20.363,21.151682915941254,-768.319915941255,21.151682915941254,stop,0.3343278070620963,0.2633879502237513,93,23.25,0.788682915941255,1.0941605722429926,1.2976026432897942,-1.034214693066043
SOL,2023-05-30 19:00:00+00:00,2023-05-30 19:00:00+00:00,2023-06-01 19:00:00+00:00,-1,21.358,22.170352607222306,-790.9946072223051,20.775,tempo,-0.0876074134573922,-0.15810673855772484,192,48.0,0.8123526072223051,1.0762985785426509,-0.8420628741819133,0.6839561356241884
SOL,2023-06-04 14:00:00+00:00,2023-06-04 14:00:00+00:00,2023-06-06 14:00:00+00:00,-1,22.04,22.852248426058136,-790.2084260581366,19.745,tempo,1.143196098961595,1.0703541514024544,192,48.0,0.8122484260581366,1.117042693561396,-1.7216977347500186,2.792051886152473
SOL,2023-06-06 21:00:00+00:00,2023-06-06 21:00:00+00:00,2023-06-07 16:15:00+00:00,1,20.238,19.18609208531524,1072.145914684758,19.18609208531524,stop,-0.411708477483513,-0.4668194244302798,77,19.25,1.051907914684758,1.2294458035386948,0.5575417002439599,-1.0243611246742397
SOL,2023-06-07 17:00:00+00:00,2023-06-07 17:00:00+00:00,2023-06-09 17:00:00+00:00,1,19.026,18.030155931196695,1014.8700688033043,18.507,tempo,-0.6631190281687336,-0.7176845835986397,192,48.0,0.9958440688033043,1.2105836845058167,-0.17202039075668973,-0.54566419284195
SOL,2023-06-09 20:00:00+00:00,2023-06-09 20:00:00+00:00,2023-06-10 02:45:00+00:00,1,17.383,16.43180321962724,968.5797803727579,16.43180321962724,stop,-0.9480030340414985,-1.000509530099347,27,6.75,0.9511967803727579,1.2374772835583265,0.022597804309569147,-1.023107334408916
SOL,2023-06-10 03:00:00+00:00,2023-06-10 03:00:00+00:00,2023-06-10 04:30:00+00:00,1,16.445,15.488392632330974,973.0523676690259,15.488392632330974,stop,-0.6146749106092328,-0.6641433345723021,6,1.5,0.9566073676690259,1.2426107359745542,0.3575549147957674,-1.0216982493680695
SOL,2023-06-10 05:00:00+00:00,2023-06-10 05:00:00+00:00,2023-06-10 06:45:00+00:00,1,14.556,13.41316046358672,1157.3955364132787,13.41316046358672,stop,-0.857419472164392,-0.8971118684128485,7,1.75,1.1428395364132786,1.436472690425671,0.1187958366691684,-1.0159077050820169
SOL,2023-06-10 07:00:00+00:00,2023-06-10 07:00:00+00:00,2023-06-12 07:00:00+00:00,1,14.024,12.913654604857106,1124.3693951428932,15.154,tempo,0.7992895029749847,0.7585465774944693,192,48.0,1.1103453951428932,1.4411020498892222,-0.24207386445100215,1.0006204419454714
SOL,2023-06-21 03:00:00+00:00,2023-06-21 03:00:00+00:00,2023-06-23 03:00:00+00:00,1,16.83,15.61967544320516,1227.1545567948376,16.737,tempo,-1.0892775249557163,-1.13882746117863,192,48.0,1.2103245567948377,1.7438161980991147,-1.0439615433094094,-0.09486591786922066
SOL,2023-06-23 16:00:00+00:00,2023-06-23 16:00:00+00:00,2023-06-25 16:00:00+00:00,1,16.961,15.771674929940467,1206.2860700595318,17.104,tempo,0.6120445874550315,0.5631162570215751,192,48.0,1.1893250700595317,1.6349471421163717,0.4614974876518593,0.10161876936971584
SOL,2023-06-29 12:00:00+00:00,2023-06-29 12:00:00+00:00,2023-06-30 13:00:00+00:00,-1,18.045,19.33193325289027,-1268.8882528902682,19.33193325289027,stop,-0.7398572765126742,-0.7892774840058665,100,25.0,1.2869332528902682,1.6755334643454336,0.22960073408338988,-1.0188782180892564
SOL,2023-06-30 18:00:00+00:00,2023-06-30 18:00:00+00:00,2023-07-02 18:00:00+00:00,-1,19.524,21.124509123226087,-1580.9851232260858,19.159,tempo,0.2220705237596659,0.17883289154254764,192,48.0,1.600509123226086,1.735862560879389,-0.03350957190743691,0.21234246344998456
SOL,2023-07-06 18:00:00+00:00,2023-07-06 18:00:00+00:00,2023-07-07 15:15:00+00:00,-1,20.062,21.581852565944487,-1499.7905659444862,21.581852565944487,stop,-0.9636351891336664,-1.0113334266577239,85,21.25,1.5198525659444861,1.741746145568138,0.006476527264380798,-1.0178099539221046
SOL,2023-07-07 17:00:00+00:00,2023-07-07 17:00:00+00:00,2023-07-09 17:00:00+00:00,-1,21.46,23.230979552194587,-1749.5195521945857,21.272,tempo,0.058023493970229455,0.013616728585590085,192,48.0,1.7709795521945857,1.823344808778359,-0.07685534931133066,0.09047207789692074
SOL,2023-07-13 17:00:00+00:00,2023-07-13 17:00:00+00:00,2023-07-14 00:45:00+00:00,-1,25.306,27.37039648246295,-2039.0904824629497,27.37039648246295,stop,-0.5867789606375922,-0.6284455451266466,31,7.75,2.06439648246295,1.5738649010526093,0.3881402502883653,-1.016585795415012
SOL,2023-07-14 01:00:00+00:00,2023-07-14 01:00:00+00:00,2023-07-16 01:00:00+00:00,-1,29.378,32.3578393414067,-2950.461341406702,27.57,tempo,0.0389227881563774,0.006265522907402898,192,48.0,2.979839341406702,1.57881627203109,-0.5880563841132508,0.5943219070206537
SOL,2023-08-16 05:00:00+00:00,2023-08-16 05:00:00+00:00,2023-08-16 20:30:00+00:00,1,23.529,22.458614533940136,1093.9144660598645,22.458614533940136,stop,-0.6714550132790019,-0.7541719037711369,62,15.5,1.0703854660598644,1.917339582034131,0.27375443715452497,-1.0279263409256618
SOL,2023-08-17 16:00:00+00:00,2023-08-17 16:00:00+00:00,2023-08-19 16:00:00+00:00,-1,22.852,23.91221707035733,-1037.3650703573285,21.96,tempo,-1.5687647843336314,-1.6471015669738889,192,48.0,1.0602170703573286,1.815232270263245,-2.4609652785902116,0.8138637116163228
SOL,2023-08-29 17:00:00+00:00,2023-08-29 17:00:00+00:00,2023-08-31 14:15:00+00:00,1,21.695,20.422094257605053,1294.600742394947,20.422094257605053,stop,-0.22964620546583503,-0.28235891547651426,181,45.25,1.272905742394947,1.4084138494282599,0.7391478704194592,-1.0215067858959734
SOL,2023-09-05 16:00:00+00:00,2023-09-05 16:00:00+00:00,2023-09-07 16:00:00+00:00,-1,20.384,21.41612740939836,-1011.7434093983597,19.512,tempo,0.8643655279103933,0.8045064588065844,192,48.0,1.0321274093983597,1.3528629514518007,-0.015225283898692106,0.8197317427052766
SOL,2023-09-10 05:00:00+00:00,2023-09-10 05:00:00+00:00,2023-09-11 10:30:00+00:00,1,18.363,17.463594952860497,917.7680471395029,17.463594952860497,stop,-0.7967373508299512,-0.8580922445615543,118,29.5,0.8994050471395028,1.3361154482698159,0.16779963451275492,-1.0258918790743092
SOL,2023-09-29 15:00:00+00:00,2023-09-29 15:00:00+00:00,2023-09-30 15:00:00+00:00,-1,20.347,21.205190405886086,-837.8434058860844,21.205190405886086,stop,-0.9088162069489214,-0.9801433142434967,96,24.0,0.8581904058860843,1.2930772404923008,0.051328633681555186,-1.0314719479250518
SOL,2023-09-30 16:00:00+00:00,2023-09-30 16:00:00+00:00,2023-10-01 10:15:00+00:00,-1,21.414,22.336688623458663,-901.2746234586616,22.336688623458663,stop,-0.7122479261336496,-0.7821508803179671,73,18.25,0.9226886234586615,1.2953679823686026,0.2486698612434164,-1.0308207415613835
SOL,2023-10-01 11:00:00+00:00,2023-10-01 11:00:00+00:00,2023-10-01 22:30:00+00:00,-1,23.076,24.242066223151433,-1142.9902231514322,24.242066223151433,stop,-0.3686510514384176,-0.42852215511867453,46,11.5,1.1660662231514323,1.3019497012979446,0.597854342574505,-1.0263764976931795
SOL,2023-10-01 23:00:00+00:00,2023-10-01 23:00:00+00:00,2023-10-03 23:00:00+00:00,-1,24.376,25.78354103439345,-1383.16503439345,23.539,tempo,0.07917101568346974,0.02558895673291761,192,48.0,1.40754103439345,1.3971559882416138,-0.5469380462523034,0.572527002985221
SOL,2023-10-20 02:00:00+00:00,2023-10-20 02:00:00+00:00,2023-10-20 05:15:00+00:00,-1,25.018,26.26414673655938,-1221.1287365593782,26.26414673655938,stop,-0.40786985364647776,-0.4701918524333851,13,3.25,1.2461467365593784,1.36298665039321,0.5565573211597644,-1.0267491735931495
SOL,2023-10-20 06:00:00+00:00,2023-10-20 06:00:00+00:00,2023-10-21 06:45:00+00:00,-1,26.342,27.683090045072646,-1314.748045072647,27.683090045072646,stop,-0.5764753026930931,-0.6373277668914181,99,24.75,1.3410900450726473,1.357654211911255,0.38885713296547025,-1.0261848998568883
SOL,2023-10-21 12:00:00+00:00,2023-10-21 12:00:00+00:00,2023-10-23 04:15:00+00:00,-1,29.513,31.252926560102157,-1710.4135601021555,31.252926560102157,stop,-0.3789904339609026,-0.43184115815392843,161,40.25,1.7399265601021554,1.3672860324918756,0.5908597150724378,-1.0227008732263663
SOL,2023-10-24 02:00:00+00:00,2023-10-24 02:00:00+00:00,2023-10-26 02:00:00+00:00,1,31.57,29.252079519102146,2349.490480897854,32.245,tempo,0.029761150832754157,-0.011695103590973144,192,48.0,2.317920480897854,1.3306827608993406,-0.28500916040218915,0.273314056811216
SOL,2023-10-30 19:00:00+00:00,2023-10-30 19:00:00+00:00,2023-10-31 21:00:00+00:00,-1,34.899,37.47185925091064,-2537.9602509106394,37.47185925091064,stop,-0.8159023598675494,-0.8588657311514769,104,26.0,2.572859250910639,1.3995915409758124,0.1594178412967408,-1.0182835724482178
SOL,2023-10-31 23:00:00+00:00,2023-10-31 23:00:00+00:00,2023-11-01 14:45:00+00:00,-1,37.904,40.68123547806099,-2739.3314780609876,40.68123547806099,stop,-0.9966079751405494,-1.0391986832933577,63,15.75,2.7772354780609874,1.3638508348414742,-0.020806147455379974,-1.0183925358379777
SOL,2023-11-01 15:00:00+00:00,2023-11-01 15:00:00+00:00,2023-11-01 18:00:00+00:00,-1,40.129,43.03789796689556,-2868.768966895559,43.03789796689556,stop,-0.8138273208173014,-0.8565600576874122,12,3.0,2.908897966895559,1.346555200303374,0.16202377862918935,-1.0185838363166015
SOL,2023-11-01 18:00:00+00:00,2023-11-01 18:00:00+00:00,2023-11-03 18:00:00+00:00,-1,44.462,48.04348833533121,-3537.0263353312084,39.003,tempo,1.465505535163346,1.4283014765367836,192,48.0,3.5814883353312084,1.3666579931352252,-0.08077722035088442,1.509078696887668
SOL,2023-11-10 07:00:00+00:00,2023-11-10 07:00:00+00:00,2023-11-10 18:15:00+00:00,-1,48.86,53.28256694092886,-4373.706940928861,53.28256694092886,stop,-0.7749668994237461,-0.8091132680859768,45,11.25,4.42256694092886,1.332251215194861,0.20589897918995914,-1.015012247275936
SOL,2023-11-10 19:00:00+00:00,2023-11-10 19:00:00+00:00,2023-11-11 13:30:00+00:00,-1,53.446,58.50583912356083,-5006.393123560834,58.50583912356083,stop,-1.0571452894930509,-1.090141496071646,74,18.5,5.059839123560835,1.3555997792906267,-0.07575987372095289,-1.0143816223506932
SOL,2023-11-11 14:00:00+00:00,2023-11-11 14:00:00+00:00,2023-11-13 14:00:00+00:00,-1,59.718,65.75549704106487,-5977.779041064868,57.356,tempo,0.2779552944057977,0.24773717045183924,192,48.0,6.037497041064867,1.3698193555680385,-0.13088030703131737,0.3786174774831566
SOL,2023-11-15 00:00:00+00:00,2023-11-15 00:00:00+00:00,2023-11-15 11:45:00+00:00,-1,56.842,63.207627937774745,-6308.785937774747,63.207627937774745,stop,-0.766045767632962,-0.7946582374778354,47,11.75,6.365627937774747,1.4088184962596628,0.21760013811720955,-1.012258375595045
SOL,2023-11-15 12:00:00+00:00,2023-11-15 12:00:00+00:00,2023-11-17 12:00:00+00:00,-1,63.042,70.22299380670638,-7117.951806706382,58.175,tempo,0.7231319987206227,0.695621878334006,192,48.0,7.1809938067063825,1.4490822250128976,0.02883270139191462,0.6667891769420914
SOL,2023-12-04 08:00:00+00:00,2023-12-04 08:00:00+00:00,2023-12-06 08:00:00+00:00,1,63.774,58.999893491313216,4837.880508686785,63.427,tempo,-1.2716537891243387,-1.318021708651647,192,48.0,4.774106508686785,1.6727908939209364,-1.2280193911042336,-0.09000231754741343
SOL,2023-12-07 23:00:00+00:00,2023-12-07 23:00:00+00:00,2023-12-08 11:45:00+00:00,-1,67.988,73.41165475387129,-5355.666753871289,73.41165475387129,stop,-0.7594142069969455,-0.8015256534625606,51,12.75,5.42365475387129,1.5442563532208584,0.21542044280664105,-1.0169460962692016
SOL,2023-12-08 12:00:00+00:00,2023-12-08 12:00:00+00:00,2023-12-10 12:00:00+00:00,-1,73.015,78.90193627058504,-5813.921270585039,71.496,tempo,0.28991050953279923,0.24908270604535745,192,48.0,5.886936270585039,1.542554766918699,0.007009786533629259,0.24207291951172819
SOL,2023-12-21 05:00:00+00:00,2023-12-21 05:00:00+00:00,2023-12-21 17:30:00+00:00,-1,84.866,92.12567814469728,-7174.8121446972755,92.12567814469728,stop,-1.0254515237850774,-1.0637338223617099,50,12.5,7.259678144697276,1.4762872828613198,-0.04788675745042518,-1.0158470649112847
SOL,2023-12-21 18:00:00+00:00,2023-12-21 18:00:00+00:00,2023-12-23 18:00:00+00:00,-1,92.589,100.74305640989073,-8061.467409890728,98.278,tempo,-0.5841950732122744,-0.621025195384436,192,48.0,8.154056409890728,1.4642987476911848,0.09187930978293846,-0.7129045051673745
SOL,2023-12-23 23:00:00+00:00,2023-12-23 23:00:00+00:00,2023-12-25 15:00:00+00:00,-1,108.861,119.26817546593881,-10298.314465938805,119.26817546593881,stop,-1.0155308934179772,-1.0497266056508485,160,40.0,10.407175465938806,1.4669152075892282,-0.035478362740159454,-1.0142482429106892
SOL,2024-02-20 16:00:00+00:00,2024-02-20 16:00:00+00:00,2024-02-21 18:30:00+00:00,1,106.649,100.4534415556692,6302.2074443308,100.4534415556692,stop,-0.5844875480644904,-0.6386698080739079,106,26.5,6.1955584443308,1.4502842287322724,0.3830581101147042,-1.021727918188612
SOL,2024-02-27 14:00:00+00:00,2024-02-27 14:00:00+00:00,2024-02-29 14:00:00+00:00,1,110.368,103.91967345380178,6558.694546198218,132.92,tempo,1.1738967559461213,1.1198257814226236,192,48.0,6.448326546198217,1.3279357756894272,-2.352991955018297,3.4728177364409207
SOL,2024-02-29 14:00:00+00:00,2024-02-29 14:00:00+00:00,2024-03-02 14:00:00+00:00,-1,132.912,142.53399934574526,-9489.08734574525,129.406,tempo,0.08820188164285808,0.050641085808909025,192,48.0,9.621999345745252,1.1048562666097672,-0.2960117438314214,0.34665282964033045
SOL,2024-03-04 18:00:00+00:00,2024-03-04 18:00:00+00:00,2024-03-05 20:00:00+00:00,1,127.545,117.65488503866095,10017.659961339052,117.65488503866095,stop,0.10228521771997867,0.06849213728984016,104,26.0,9.890114961339052,1.0544545368706575,1.084607210360088,-1.0161150730702477
SOL,2024-03-07 03:00:00+00:00,2024-03-07 03:00:00+00:00,2024-03-09 03:00:00+00:00,-1,141.213,155.0249112137922,-13670.6982137922,146.489,tempo,-0.04195039072704976,-0.06986094183347075,192,48.0,13.8119112137922,1.0812458093033288,0.32566768671322893,-0.3955286285466997
SOL,2024-03-14 04:00:00+00:00,2024-03-14 04:00:00+00:00,2024-03-15 01:30:00+00:00,-1,167.589,182.5465680597328,-14789.979059732806,182.5465680597328,stop,-1.2313034596056123,-1.2626228327752997,86,21.5,14.957568059732807,1.1056055934226676,-0.24740724971193312,-1.0152155830633667
SOL,2024-03-15 02:00:00+00:00,2024-03-15 02:00:00+00:00,2024-03-17 02:00:00+00:00,-1,184.137,201.1815402567092,-16860.403256709214,187.054,tempo,-1.0890779532496422,-1.1188274138913115,192,48.0,17.04454025670921,1.1103427152371763,-0.9335320581684243,-0.18529535572288702
SOL,2024-04-05 07:00:00+00:00,2024-04-05 07:00:00+00:00,2024-04-07 07:00:00+00:00,1,175.34,161.31355821211466,14201.781787885346,179.629,tempo,-0.2159114111996694,-0.2542182983254668,192,48.0,14.026441787885346,1.3449889548441738,-0.543548280324545,0.2893299819990783
SOL,2024-04-12 19:00:00+00:00,2024-04-12 19:00:00+00:00,2024-04-13 17:45:00+00:00,1,151.054,139.37790508934043,11827.148910659573,139.37790508934043,stop,-1.1262678627443168,-1.1656247539543856,91,22.75,11.676094910659572,1.3787940270427927,-0.1494566138568155,-1.0161681400975702
SOL,2024-04-13 18:00:00+00:00,2024-04-13 18:00:00+00:00,2024-04-13 20:00:00+00:00,1,139.389,127.96816203666428,11560.226963335728,127.96816203666428,stop,-0.4947221257189933,-0.5321257992457553,8,2.0,11.420837963335728,1.3984060063167243,0.48309043583977207,-1.0152162350855274
SOL,2024-04-13 21:00:00+00:00,2024-04-13 21:00:00+00:00,2024-04-15 21:00:00+00:00,1,124.355,112.48653254855503,11992.82245144497,136.123,tempo,0.6850443765462083,0.6512753369024076,192,48.0,11.868467451444971,1.4318563657952186,-0.32599399862480577,0.9772693355272134
SOL,2024-05-01 17:00:00+00:00,2024-05-01 17:00:00+00:00,2024-05-01 19:00:00+00:00,-1,124.476,134.69998642328468,-10099.510423284684,134.69998642328468,stop,-0.38460192723178765,-0.4255697437113085,8,2.0,10.223986423284686,1.5473480726782354,0.5909076247241057,-1.0164773684354143
SOL,2024-05-01 19:00:00+00:00,2024-05-01 19:00:00+00:00,2024-05-03 19:00:00+00:00,-1,133.917,145.46062224103224,-11409.70524103224,141.516,tempo,0.23760704134358146,0.19852836578286404,192,48.0,11.543622241032239,1.5628395450039396,0.872323062767376,-0.673794696984512
SOL,2024-05-06 20:00:00+00:00,2024-05-06 20:00:00+00:00,2024-05-08 20:00:00+00:00,-1,153.455,165.97165835323332,-12363.20335323331,145.429,tempo,0.320745525008378,0.28017611603599746,192,48.0,12.51665835323331,1.5715899258859924,-0.3455280598694601,0.6257041759054576
SOL,2024-05-13 06:00:00+00:00,2024-05-13 06:00:00+00:00,2024-05-15 06:00:00+00:00,1,138.191,128.17099694448976,10158.194055510245,143.966,tempo,0.19466429702992777,0.14799749238228865,192,48.0,10.020003055510244,1.5819769803568613,-0.4100460450321085,0.5580435374143972
SOL,2024-05-21 07:00:00+00:00,2024-05-21 07:00:00+00:00,2024-05-23 07:00:00+00:00,1,181.895,169.59341805108141,12483.476948918596,177.834,tempo,0.1357265922605047,0.09068814579315254,192,48.0,12.301581948918596,1.3542059982623764,0.43981591389923386,-0.3491277681060813
SOL,2024-05-24 22:00:00+00:00,2024-05-24 22:00:00+00:00,2024-05-26 22:00:00+00:00,1,167.502,156.2286457807046,11440.856219295414,163.403,tempo,-0.2636208135611436,-0.30811076221921396,192,48.0,11.273354219295413,1.3155420436802772,0.07456933157363849,-0.38268009379285245
SOL,2024-06-18 00:00:00+00:00,2024-06-18 00:00:00+00:00,2024-06-18 01:45:00+00:00,1,143.197,135.86812181831496,7472.075181685042,135.86812181831496,stop,-0.34423526532159865,-0.39935220024732776,7,1.75,7.328878181685042,1.1955180229744018,0.6253981537202422,-1.02475035396757
SOL,2024-06-18 02:00:00+00:00,2024-06-18 02:00:00+00:00,2024-06-20 02:00:00+00:00,1,132.556,124.63203881836122,8056.517181638787,134.943,tempo,0.29131978044486545,0.24247161358117345,192,48.0,7.923961181638788,1.2371933837084206,-0.03682375388329647,0.2792953674644699
SOL,2024-06-24 18:00:00+00:00,2024-06-24 18:00:00+00:00,2024-06-25 03:45:00+00:00,-1,128.124,135.48711384522085,-7234.989845220852,135.48711384522085,stop,-0.5013901787469286,-0.5545100370863336,39,9.75,7.363113845220852,1.3195170327522223,0.4687609903079541,-1.0232710273942878
SOL,2024-06-25 04:00:00+00:00,2024-06-25 04:00:00+00:00,2024-06-27 04:00:00+00:00,-1,135.709,143.84953271191821,-8004.823711918212,137.488,tempo,-0.30733713082065534,-0.35813979725968936,192,48.0,8.140532711918212,1.3376059634366164,-0.1177896728586839,-0.24035012440100545
SOL,2024-06-27 15:00:00+00:00,2024-06-27 15:00:00+00:00,2024-06-29 15:00:00+00:00,-1,148.053,157.5835873287806,-9382.534328780599,141.785,tempo,0.4067587969234432,0.35829606839866734,192,48.0,9.530587328780598,1.420923413581951,-0.2796085108543579,0.6379045792530252
SOL,2024-07-02 19:00:00+00:00,2024-07-02 19:00:00+00:00,2024-07-04 19:00:00+00:00,-1,152.887,161.5677121769875,-8527.825176987497,134.01,tempo,0.521947082267697,0.4682957269542052,192,48.0,8.680712176987498,1.4050041150639294,-1.6848129775998322,2.1531087045540374
SOL,2024-07-06 01:00:00+00:00,2024-07-06 01:00:00+00:00,2024-07-08 01:00:00+00:00,-1,134.953,144.6652316025459,-9577.278602545899,129.116,tempo,0.08417843208966191,0.04138452116103464,192,48.0,9.712231602545899,1.3906808815920957,-0.5419371480333975,0.5833216691944322
SOL,2024-08-01 10:00:00+00:00,2024-08-01 10:00:00+00:00,2024-08-01 18:45:00+00:00,1,168.195,157.99606229292021,10367.132707079778,157.99606229292021,stop,-0.46811503248199304,-0.5163853071424858,35,8.75,10.198937707079779,1.2818515773843038,0.5044035432829088,-1.0207888504253946
SOL,2024-08-01 21:00:00+00:00,2024-08-01 21:00:00+00:00,2024-08-02 15:15:00+00:00,1,164.759,154.4496288712145,10474.1301287855,154.4496288712145,stop,-0.3202234929274437,-0.36690565417065524,73,18.25,10.3093711287855,1.2782218344266292,0.6532202687565885,-1.0201259229272437
SOL,2024-08-02 17:00:00+00:00,2024-08-02 17:00:00+00:00,2024-08-03 17:30:00+00:00,1,154.304,143.95399977656888,10504.304223431123,143.95399977656888,stop,-0.228380967752443,-0.27200393165583314,98,24.5,10.350000223431124,1.284327772010727,0.7467272466697361,-1.0187311783255693
SOL,2024-08-05 16:00:00+00:00,2024-08-05 16:00:00+00:00,2024-08-06 06:15:00+00:00,-1,130.371,143.38227032785835,-12880.899327858342,143.38227032785835,stop,-0.6568838125458767,-0.6882574765619842,57,14.25,13.011270327858341,1.3586763808130324,0.3254183307365639,-1.0136758072985481
SOL,2024-08-06 07:00:00+00:00,2024-08-06 07:00:00+00:00,2024-08-08 07:00:00+00:00,-1,141.437,156.46346337927798,-14885.026379277972,154.037,tempo,-0.5035504947106608,-0.5332795183708816,192,48.0,15.02646337927797,1.3850362587745986,0.31802246647544624,-0.8513019848463278
SOL,2024-08-24 17:00:00+00:00,2024-08-24 17:00:00+00:00,2024-08-26 17:00:00+00:00,-1,161.101,171.76036342182653,-10498.262421826526,157.684,tempo,0.14611372932633543,0.1018316747102965,192,48.0,10.659363421826527,1.2644158882532355,-0.19929228766699816,0.30112396237729466
SOL,2024-09-17 16:00:00+00:00,2024-09-17 16:00:00+00:00,2024-09-18 15:30:00+00:00,1,134.605,127.59172759624482,7147.877403755167,127.59172759624482,stop,-0.45166281679064657,-0.5044356479001241,94,23.5,7.013272403755167,1.1411301280417177,0.5198651154420079,-1.024300763342132
SOL,2024-09-19 16:00:00+00:00,2024-09-19 16:00:00+00:00,2024-09-20 07:00:00+00:00,-1,142.893,150.41166418983084,-7375.7711898308435,150.41166418983084,stop,-0.7793898911226942,-0.8333303040212441,60,15.0,7.518664189830844,1.156927098876176,0.1920263320659541,-1.0253566360871982
SOL,2024-09-20 07:00:00+00:00,2024-09-20 07:00:00+00:00,2024-09-22 07:00:00+00:00,-1,151.344,159.55082668335407,-8055.48268335408,146.481,tempo,0.28716373327083194,0.23580015183025732,192,48.0,8.20682668335408,1.1585718156046867,-0.33316687161998554,0.5689670234502429
SOL,2024-10-03 09:00:00+00:00,2024-10-03 09:00:00+00:00,2024-10-05 09:00:00+00:00,1,136.043,128.69674700313942,7482.295996860585,144.419,tempo,0.46687541948201716,0.41271376603585186,192,48.0,7.346252996860585,1.218986242154301,-0.7026439140633193,1.1153576800991711
SOL,2024-10-15 23:00:00+00:00,2024-10-15 23:00:00+00:00,2024-10-17 23:00:00+00:00,1,152.93,144.71311600706412,8369.813992935891,150.83,tempo,-0.5003461018853215,-0.5545471463126026,192,48.0,8.216883992935891,1.2470245026881772,-0.27494675254105594,-0.2796003937715467
SOL,2024-10-20 05:00:00+00:00,2024-10-20 05:00:00+00:00,2024-10-20 23:00:00+00:00,-1,159.4,167.17712622495483,-7617.726224954828,167.17712622495483,stop,-0.6446944641902066,-0.7066754846864051,72,18.0,7.777126224954827,1.30180044351041,0.32061931880605765,-1.0272948034924627
SOL,2024-10-21 01:00:00+00:00,2024-10-21 01:00:00+00:00,2024-10-23 01:00:00+00:00,-1,168.78,177.08090455716393,-8132.124557163933,166.09,tempo,-0.44363423829759224,-0.5044159101618013,192,48.0,8.300904557163932,1.3074706124935283,-0.8022550773241677,0.2978391671623664
SOL,2024-10-23 20:00:00+00:00,2024-10-23 20:00:00+00:00,2024-10-25 20:00:00+00:00,-1,173.03,182.1451917653006,-8942.161765300607,167.9,tempo,0.6997230024040051,0.6425928588109696,192,48.0,9.115191765300608,1.3299059497449448,0.10410769839063667,0.5384851604203329
SOL,2024-10-25 23:00:00+00:00,2024-10-25 23:00:00+00:00,2024-10-27 23:00:00+00:00,1,163.73,154.91564879002345,8978.081209976535,177.69,tempo,1.0314731758226103,0.9741139619748626,192,48.0,8.814351209976536,1.3326877550855214,-0.584489351273031,1.5586033132478936
SOL,2024-10-29 20:00:00+00:00,2024-10-29 20:00:00+00:00,2024-10-31 18:15:00+00:00,1,178.14,169.1720448494952,9146.095150504792,169.1720448494952,stop,-0.2723086579812255,-0.33108344461572903,185,46.25,8.967955150504793,1.3012100308596732,0.6940898335021332,-1.0251732781178622
SOL,2024-11-06 08:00:00+00:00,2024-11-06 08:00:00+00:00,2024-11-07 17:45:00+00:00,-1,184.07,195.12493905506022,-10870.869055060231,195.12493905506022,stop,-0.17611636836164624,-0.2261899566248139,135,33.75,11.054939055060231,1.283306752580369,0.7961056624788453,-1.0222956191036592
SOL,2024-11-07 21:00:00+00:00,2024-11-07 21:00:00+00:00,2024-11-09 21:00:00+00:00,-1,197.19,209.01145113062552,-11624.261130625518,198.54,tempo,-0.1541960364994686,-0.20347130524115176,192,48.0,11.821451130625519,1.2689076969039876,-0.06751299671875718,-0.13595830852239457
SOL,2024-11-11 22:00:00+00:00,2024-11-11 22:00:00+00:00,2024-11-12 14:00:00+00:00,1,219.06,205.48015279108262,13798.907208917384,205.48015279108262,stop,-0.6431951297006804,-0.6895000172021916,64,16.0,13.579847208917386,1.2390781520427412,0.330820616385865,-1.0203206335880566
SOL,2024-11-12 14:00:00+00:00,2024-11-12 14:00:00+00:00,2024-11-14 14:00:00+00:00,1,209.79,196.08539155282833,13914.398447171667,214.39,tempo,-0.6270210447736361,-0.6718377910990851,192,48.0,13.704608447171665,1.241090762067931,-0.9873727453934148,0.3155349542943296
SOL,2024-11-17 05:00:00+00:00,2024-11-17 05:00:00+00:00,2024-11-19 05:00:00+00:00,-1,235.38,253.0313869551692,-17416.006955169214,240.03,tempo,-0.08997119508351756,-0.1282206291362237,192,48.0,17.651386955169215,1.1965563418908287,0.15272140179850444,-0.28094203093472814
SOL,2024-12-05 01:00:00+00:00,2024-12-05 01:00:00+00:00,2024-12-07 01:00:00+00:00,1,226.42,210.73751654366944,15908.903456330545,236.66,tempo,0.3316523723250172,0.29152584965526585,192,48.0,15.682483456330544,1.1152912828047565,-0.34223844078228827,0.6337642904375541
SOL,2024-12-17 01:00:00+00:00,2024-12-17 01:00:00+00:00,2024-12-19 01:00:00+00:00,1,211.63,197.81680151462413,14024.828485375863,208.09,tempo,0.5404773482931244,0.4988024413236432,192,48.0,13.813198485375864,1.1007809777914974,0.7748296050566954,-0.2760271637330522
SOL,2024-12-23 20:00:00+00:00,2024-12-23 20:00:00+00:00,2024-12-25 20:00:00+00:00,-1,187.33,202.26890782598522,-14751.57782598521,199.14,tempo,0.1902397597408263,0.15360758693812837,192,48.0,14.938907825985211,1.2156217656421453,0.9609762139150169,-0.8073686269768885
SOL,2025-01-02 14:00:00+00:00,2025-01-02 14:00:00+00:00,2025-01-04 14:00:00+00:00,-1,208.1,221.89435445092278,-13586.254450922781,216.91,tempo,-0.36127397452450005,-0.40450702718908754,192,48.0,13.794354450922782,1.1832904019913912,0.2541868270486634,-0.658693854237751
SOL,2025-01-16 12:00:00+00:00,2025-01-16 12:00:00+00:00,2025-01-18 03:30:00+00:00,-1,212.66,226.9273908234929,-14054.730823492917,226.9273908234929,stop,-0.023417864802393162,-0.0684144332115626,158,39.5,14.267390823492917,1.2886290979981911,0.9516124804386039,-1.0200269136501665
SOL,2025-01-18 07:00:00+00:00,2025-01-18 07:00:00+00:00,2025-01-18 15:45:00+00:00,-1,236.17,253.24900268823222,-16842.83268823224,253.24900268823222,stop,-0.7909907105749969,-0.8324921909090268,35,8.75,17.079002688232237,1.272491270770278,0.1861343271350593,-1.018626518044086
SOL,2025-01-18 16:00:00+00:00,2025-01-18 16:00:00+00:00,2025-01-19 09:15:00+00:00,-1,257.68,278.1402338907798,-20202.553890779818,278.1402338907798,stop,-1.0626200546819493,-1.1005423409903283,69,17.25,20.46023389077982,1.2765257311201126,-0.0835198986327187,-1.0170224423576095
SOL,2025-01-19 10:00:00+00:00,2025-01-19 10:00:00+00:00,2025-01-21 10:00:00+00:00,-1,273.77,299.5799778095694,-25536.20780956943,238.32,tempo,1.032636627728788,1.0018578147136676,192,48.0,25.809977809569432,1.2968268729931645,-0.35874550540928835,1.360603320122956
SOL,2025-02-18 07:00:00+00:00,2025-02-18 07:00:00+00:00,2025-02-20 07:00:00+00:00,1,165.28,152.51306401629162,12932.21598370838,171.71,tempo,0.1877726193438613,0.1452686853253593,192,48.0,12.766935983708379,1.5060759581408674,-0.3412189502299281,0.4864876355552874
SOL,2025-02-24 09:00:00+00:00,2025-02-24 09:00:00+00:00,2025-02-24 22:15:00+00:00,1,157.88,146.68522245894283,11352.657541057162,146.68522245894283,stop,-0.40117582695880727,-0.45065976941098684,53,13.25,11.194777541057164,1.7344932519747804,0.5670241366668483,-1.017683906077835
SOL,2025-02-24 23:00:00+00:00,2025-02-24 23:00:00+00:00,2025-02-26 23:00:00+00:00,1,140.17,129.24556916083736,11064.600839162626,135.71,tempo,1.5672576930279747,1.5211472081489705,192,48.0,10.924430839162625,1.7803041527646881,1.9458212317483172,-0.4246740235993467
SOL,2025-02-28 09:00:00+00:00,2025-02-28 09:00:00+00:00,2025-02-28 14:15:00+00:00,-1,130.94,142.07845292719364,-11007.51292719364,142.07845292719364,stop,-0.25974667681231545,-0.3013858141608563,21,5.25,11.13845292719364,1.6821185092584765,0.7145465595325691,-1.0159323736934254
SOL,2025-02-28 15:00:00+00:00,2025-02-28 15:00:00+00:00,2025-03-02 15:00:00+00:00,-1,144.3,157.08688296765672,-12642.58296765671,140.69,tempo,0.9831705997028483,0.9439297060799136,192,48.0,12.786882967656709,1.6873245604922016,0.6760961372060423,0.2678335688738712
BNB,2023-01-04 18:00:00+00:00,2023-01-04 18:00:00+00:00,2023-01-06 18:00:00+00:00,-1,259.45,268.47795572172606,-8768.505721726073,258.26,tempo,-0.01958043891356534,-0.10399291950986787,192,48.0,9.027955721726073,1.2617241715003056,-0.19853132070583845,0.09453840119597058
BNB,2023-01-08 23:00:00+00:00,2023-01-08 23:00:00+00:00,2023-01-09 01:45:00+00:00,-1,271.7,280.47943428544096,-8507.734285440969,280.47943428544096,stop,-0.4776817380235897,-0.5719177554246165,11,2.75,8.77943428544097,1.3261863758343513,0.4689637661650753,-1.0408815215896918
BNB,2023-01-09 02:00:00+00:00,2023-01-09 02:00:00+00:00,2023-01-11 02:00:00+00:00,-1,278.2,287.4210756723557,-8942.875672355709,276.77,tempo,0.815894706167648,0.7246816628171616,192,48.0,9.22107567235571,1.3281863491696546,0.6087223606713589,0.11595930214580272
BNB,2023-01-12 11:00:00+00:00,2023-01-12 11:00:00+00:00,2023-01-14 11:00:00+00:00,1,283.16,273.5264032502487,9916.756749751348,302.99,tempo,-2.7549126862821764,-2.843198271868433,192,48.0,9.633596749751348,1.2754686949309877,-4.862070662442803,2.0188723905743697
BNB,2023-01-15 07:00:00+00:00,2023-01-15 07:00:00+00:00,2023-01-17 07:00:00+00:00,1,297.28,285.03200511152943,12545.274888470545,298.32,tempo,-0.29362552211076715,-0.3541919095118765,192,48.0,12.247994888470544,0.9177486216100705,-0.4074953282301991,0.053303418718322615
BNB,2023-01-24 04:00:00+00:00,2023-01-24 04:00:00+00:00,2023-01-26 04:00:00+00:00,-1,322.34,336.61948088130356,-13957.140881303585,305.76,tempo,1.2014315799958857,1.1492113499464103,192,48.0,14.279480881303584,0.8052003775486942,0.016695740000535593,1.1325156099458746
BNB,2023-02-02 06:00:00+00:00,2023-02-02 06:00:00+00:00,2023-02-04 06:00:00+00:00,-1,331.28,345.2864227490655,-13675.142749065506,328.91,tempo,-0.22388342966495864,-0.2790618163273162,192,48.0,14.006422749065507,0.798135693265232,-0.41763228037599276,0.13857046404867657
BNB,2023-02-13 10:00:00+00:00,2023-02-13 10:00:00+00:00,2023-02-15 10:00:00+00:00,1,290.84,277.86187351288294,13268.966487117039,298.13,tempo,0.007602051431736756,-0.04825211948527319,192,48.0,12.978126487117038,0.9046792711668314,-0.5804683455219467,0.5322162260366735
BNB,2023-03-13 04:00:00+00:00,2023-03-13 04:00:00+00:00,2023-03-15 04:00:00+00:00,1,286.44,274.74027627028005,11986.16372971995,309.96,tempo,-0.09057102260856986,-0.14779069610003948,192,48.0,11.699723729719949,0.7567549970324668,-2.1249604596251896,1.9771697635251502
BNB,2023-03-16 16:00:00+00:00,2023-03-16 16:00:00+00:00,2023-03-18 01:15:00+00:00,-1,326.21,344.2650408450714,-17728.830845071403,344.2650408450714,stop,0.33887459542538867,0.2981343759046293,133,33.25,18.055040845071403,0.7068536571184408,1.3222721654720377,-1.0241377895674084
BNB,2023-03-27 18:00:00+00:00,2023-03-27 18:00:00+00:00,2023-03-29 18:00:00+00:00,1,306.22,291.58227174172407,14943.948258275956,315.99,tempo,0.016239190630488176,-0.028965976687949202,192,48.0,14.637728258275956,0.6462534605014549,-0.6687895432106321,0.6398235665226829
BNB,2023-04-12 07:00:00+00:00,2023-04-12 07:00:00+00:00,2023-04-14 07:00:00+00:00,1,318.85,308.1467229755999,11022.127024400108,334.26,tempo,0.841598581901223,0.779080892831046,192,48.0,10.703277024400109,0.5901560778360105,-0.6210023214815226,1.4000832143125685
BNB,2023-04-16 15:00:00+00:00,2023-04-16 15:00:00+00:00,2023-04-18 15:00:00+00:00,-1,346.9,358.26414340474867,-11017.243404748688,343.28,tempo,0.27412593775515687,0.21090545705609745,192,48.0,11.364143404748688,0.5983316158087196,-0.06816379498051375,0.2790692520366112
BNB,2023-04-19 07:00:00+00:00,2023-04-19 07:00:00+00:00,2023-04-19 08:30:00+00:00,1,336.0,324.90418088641866,11431.819113581343,324.90418088641866,stop,-0.5393604372315088,-0.6027014546519314,6,1.5,11.095819113581342,0.6255328621589761,0.43601472422398,-1.0387161788759114
BNB,2023-04-19 09:00:00+00:00,2023-04-19 09:00:00+00:00,2023-04-20 18:30:00+00:00,1,327.83,316.20839093893215,11949.43906106783,316.20839093893215,stop,-0.49173127915348624,-0.5513839310821799,134,33.5,11.62160906106783,0.6444119631913445,0.48463732483088406,-1.036021255913064
BNB,2023-04-28 06:00:00+00:00,2023-04-28 06:00:00+00:00,2023-04-30 06:00:00+00:00,1,324.92,311.93209527807574,13312.82472192428,322.15,tempo,-0.09329831558217022,-0.14686828668034554,192,48.0,12.98790472192428,0.6514412555500967,0.09879069899223505,-0.2456589856725806
BNB,2023-04-30 21:00:00+00:00,2023-04-30 21:00:00+00:00,2023-05-02 21:00:00+00:00,-1,334.94,347.93241460382217,-12657.47460382217,322.88,tempo,0.5432889610589686,0.4879269522009007,192,48.0,12.99241460382217,0.6699320943463883,-0.4073967697328131,0.8953237219337138
BNB,2023-05-02 22:00:00+00:00,2023-05-02 22:00:00+00:00,2023-05-04 22:00:00+00:00,1,321.21,309.3432578477734,12187.952152226606,323.45,tempo,0.0772957403672302,0.018971592717312247,192,48.0,11.866742152226607,0.6539901320486957,-0.13448004351448475,0.153451636231797
BNB,2023-06-05 16:00:00+00:00,2023-06-05 16:00:00+00:00,2023-06-07 14:30:00+00:00,1,275.75,263.57887465090806,12446.875349091937,263.57887465090806,stop,-1.4772464060676307,-1.5307633389493311,186,46.5,12.171125349091938,0.8391032286185359,-0.5019604338384046,-1.0288029051109266
BNB,2023-06-07 15:00:00+00:00,2023-06-07 15:00:00+00:00,2023-06-09 15:00:00+00:00,1,256.44,243.4092516471039,13287.188352896097,262.19,tempo,0.34165472558386567,0.29301345953565083,192,48.0,13.030748352896097,0.8900645448344707,-0.12238021958462626,0.4153936791202771
BNB,2023-06-10 05:00:00+00:00,2023-06-10 05:00:00+00:00,2023-06-12 03:00:00+00:00,1,237.86,224.76961473390887,13328.245266091148,224.76961473390887,stop,-1.006339337683819,-1.0539902471405276,184,46.0,13.090385266091147,1.0447629616998468,-0.031018482485442485,-1.022971764655085
BNB,2023-06-12 03:00:00+00:00,2023-06-12 03:00:00+00:00,2023-06-14 03:00:00+00:00,1,223.98,211.16375717921002,13040.222820789966,249.21,tempo,1.7822563182815245,1.7335418002161915,192,48.0,12.816242820789967,1.0878841944097581,-0.21105513419674832,1.94459693441294
BNB,2023-06-14 03:00:00+00:00,2023-06-14 03:00:00+00:00,2023-06-16 03:00:00+00:00,-1,249.21,264.3489529071652,-14889.742907165191,237.57,tempo,0.4194575404927349,0.3737677386238246,192,48.0,15.13895290716519,1.15839517129866,-0.37420955342790074,0.7479772920517254
BNB,2023-06-20 19:00:00+00:00,2023-06-20 19:00:00+00:00,2023-06-22 19:00:00+00:00,1,243.29,230.4150328029708,13118.25719702918,244.53,tempo,-1.5990082849406781,-1.653463312832548,192,48.0,12.874967197029179,1.2142005198643433,-1.7251463692533027,0.07168305642075475
BNB,2023-07-10 15:00:00+00:00,2023-07-10 15:00:00+00:00,2023-07-12 15:00:00+00:00,-1,244.63,254.33251203799858,-9457.882037998588,246.73,tempo,0.14893892483396198,0.08244518295956538,192,48.0,9.702512037998588,1.0243800873152364,0.3318016373009567,-0.2493564543413913
BNB,2023-08-02 17:00:00+00:00,2023-08-02 17:00:00+00:00,2023-08-04 17:00:00+00:00,1,237.44,230.8723582054902,6805.081794509796,243.3,tempo,0.6476149128225797,0.5611674010666106,192,48.0,6.567641794509797,0.8270114919392747,-0.28350701534834194,0.8446744164149524
BNB,2023-08-18 16:00:00+00:00,2023-08-18 16:00:00+00:00,2023-08-20 16:00:00+00:00,-1,216.74,224.31743938037926,-7360.699380379247,216.08,tempo,0.18405094270875821,0.11477357459999096,192,48.0,7.577439380379246,0.8646022432989628,0.06480062450546385,0.04997295009452712
BNB,2023-08-21 11:00:00+00:00,2023-08-21 11:00:00+00:00,2023-08-23 11:00:00+00:00,1,208.65,201.5159748086348,7342.675191365197,214.69,tempo,0.8226010161054955,0.7505343429023503,192,48.0,7.134025191365197,0.8809543478741414,-0.05754088046209239,0.8080752233644427
BNB,2023-08-23 12:00:00+00:00,2023-08-23 12:00:00+00:00,2023-08-25 12:00:00+00:00,-1,214.65,222.34239370272013,-7477.743702720125,216.17,tempo,-0.04070848986202763,-0.11024641994541154,192,48.0,7.692393702720125,0.9134015498346673,0.1237552535991274,-0.23400167354453894
BNB,2023-09-11 12:00:00+00:00,2023-09-11 12:00:00+00:00,2023-09-13 12:00:00+00:00,1,206.89,201.17593576016975,5920.9542398302365,212.14,tempo,0.1371168145956384,0.04558859957180128,192,48.0,5.714064239830236,0.931853792253783,-0.8255305007881704,0.8711191003599716
BNB,2023-10-02 14:00:00+00:00,2023-10-02 14:00:00+00:00,2023-10-02 18:45:00+00:00,1,219.18,214.09316388012184,5306.016119878172,214.09316388012184,stop,-0.05476623383655288,-0.15157440401048716,19,4.75,5.086836119878171,0.7398897296145855,0.9037895884369094,-1.0553639924473965
BNB,2023-10-09 18:00:00+00:00,2023-10-09 18:00:00+00:00,2023-10-11 18:00:00+00:00,1,206.22,201.7825603592649,4643.659640735107,205.28,tempo,0.8912004971594526,0.7895642960744449,192,48.0,4.437439640735107,0.6845919131485331,1.0616750396022074,-0.2721107435277626
BNB,2023-10-17 15:00:00+00:00,2023-10-17 15:00:00+00:00,2023-10-19 15:00:00+00:00,1,210.81,206.25086860109027,4769.9413989097275,211.27,tempo,-0.12177687710027786,-0.22009815585243656,192,48.0,4.559131398909727,0.6345766298486877,-0.2608181930166218,0.04072003716418524
BNB,2023-10-24 05:00:00+00:00,2023-10-24 05:00:00+00:00,2023-10-24 15:45:00+00:00,1,231.06,223.93680494444231,7354.255055557688,223.93680494444231,stop,-0.5013024395276987,-0.5679898519688318,43,10.75,7.123195055557687,0.596846384737655,0.4735291463047222,-1.041518998273554
BNB,2023-10-24 16:00:00+00:00,2023-10-24 16:00:00+00:00,2023-10-26 16:00:00+00:00,1,224.02,216.5140139434851,7730.0060565149,221.15,tempo,-0.5899084041048759,-0.6526164091418681,192,48.0,7.5059860565148995,0.6226261097550687,-0.2317042896398869,-0.42091211950198126
BNB,2023-11-04 18:00:00+00:00,2023-11-04 18:00:00+00:00,2023-11-05 07:45:00+00:00,-1,237.11,244.54930838904636,-7202.198389046346,244.54930838904636,stop,-0.785425078209691,-0.8543754218463352,55,13.75,7.439308389046346,0.6483985666854913,0.1877089405809379,-1.042084362427273
BNB,2023-11-05 08:00:00+00:00,2023-11-05 08:00:00+00:00,2023-11-06 13:15:00+00:00,-1,244.67,252.4947648126095,-7580.094812609515,252.4947648126095,stop,-1.0495342435576318,-1.117419306561629,117,29.25,7.824764812609516,0.6540286765133002,-0.07612003369307813,-1.0412992728685508
BNB,2023-11-06 14:00:00+00:00,2023-11-06 14:00:00+00:00,2023-11-08 14:00:00+00:00,-1,249.5,257.80647478859566,-8056.974788595664,246.73,tempo,0.5516449401546252,0.48659071071420323,192,48.0,8.306474788595665,0.6715641027852098,0.19194700658110622,0.294643704133097
BNB,2023-11-11 05:00:00+00:00,2023-11-11 05:00:00+00:00,2023-11-13 05:00:00+00:00,1,247.87,238.6016127684587,9516.257231541313,244.95,tempo,-0.24753673535199286,-0.30619062564256566,192,48.0,9.268387231541311,0.6929624022808787,0.04342068418411237,-0.34961130982667804
BNB,2023-11-15 14:00:00+00:00,2023-11-15 14:00:00+00:00,2023-11-17 14:00:00+00:00,-1,253.91,264.09922500535345,-9935.31500535345,243.41,tempo,1.1521824631551127,1.0966048060238056,192,48.0,10.18922500535345,0.7362852791003314,0.0978299242586949,0.9987748817651106
BNB,2023-11-20 18:00:00+00:00,2023-11-20 18:00:00+00:00,2023-11-22 18:00:00+00:00,-1,261.26,272.8943490275082,-11373.089027508222,232.9,tempo,1.9677085495452133,1.9174744139508482,192,48.0,11.634349027508222,0.7750530464789566,-0.4925268619009539,2.410001275851802
BNB,2023-12-05 23:00:00+00:00,2023-12-05 23:00:00+00:00,2023-12-07 23:00:00+00:00,1,230.64,220.69484240933218,10175.797590667804,232.28,tempo,0.6980410907266886,0.6408573886138353,192,48.0,9.945157590667804,0.8931766093349938,0.5062087429999557,0.13464864561387968
BNB,2023-12-11 14:00:00+00:00,2023-12-11 14:00:00+00:00,2023-12-12 15:15:00+00:00,-1,245.16,255.8781293532958,-10472.969353295808,255.8781293532958,stop,-1.2673232687531835,-1.324375656702746,101,25.25,10.718129353295808,0.8968086457766483,-0.2939902439740317,-1.0303854127287144
BNB,2023-12-12 20:00:00+00:00,2023-12-12 20:00:00+00:00,2023-12-14 20:00:00+00:00,-1,255.11,266.8105894605943,-11445.4794605943,251.87,tempo,1.1760347575446262,1.1230053533922095,192,48.0,11.700589460594301,0.8772634650131736,0.8742603641075261,0.24874498928468342
BNB,2023-12-19 19:00:00+00:00,2023-12-19 19:00:00+00:00,2023-12-21 08:30:00+00:00,-1,252.48,262.9447792703441,-10212.29927034411,262.9447792703441,stop,-0.18468776436049128,-0.24276277508178745,150,37.5,10.46477927034411,0.8308839749546342,0.7892518616220315,-1.032014636703819
BNB,2023-12-21 15:00:00+00:00,2023-12-21 15:00:00+00:00,2023-12-23 15:00:00+00:00,-1,273.44,285.06714422674196,-11353.704226741962,268.9,tempo,0.5006526812112267,0.4472818437260945,192,48.0,11.627144226741962,0.7540099499866079,0.08713502535525255,0.3601468183708419
BNB,2023-12-26 09:00:00+00:00,2023-12-26 09:00:00+00:00,2023-12-26 12:00:00+00:00,-1,277.83,289.74148852521773,-11633.658525217748,289.74148852521773,stop,-1.006174474908086,-1.0576876284565069,12,3.0,11.911488525217749,0.6774393579039806,-0.026715725426893877,-1.030971903029613
BNB,2023-12-26 12:00:00+00:00,2023-12-26 12:00:00+00:00,2023-12-27 10:45:00+00:00,-1,289.78,304.42633740015646,-14356.557400156482,304.42633740015646,stop,-0.830425760702659,-0.8749348913037913,91,22.75,14.646337400156483,0.7052077301658866,0.15143580525724615,-1.0263706965610375
BNB,2023-12-28 00:00:00+00:00,2023-12-28 00:00:00+00:00,2023-12-30 00:00:00+00:00,-1,323.75,342.3660177476883,-18292.26774768832,313.29,tempo,0.17795704137442392,0.13975181586303287,192,48.0,18.616017747688318,0.7060366051071943,-0.3998869047353858,0.5396387205984187
BNB,2024-01-03 16:00:00+00:00,2024-01-03 16:00:00+00:00,2024-01-05 16:00:00+00:00,-1,317.05,335.4178863269667,-18050.8363269667,313.36,tempo,0.3514540597456296,0.31164927460217495,192,48.0,18.367886326966698,0.7796956771785739,0.13306402850425333,0.17858524609792165
BNB,2024-01-24 05:00:00+00:00,2024-01-24 05:00:00+00:00,2024-01-26 05:00:00+00:00,1,293.35,280.24892706336385,13394.422936636172,293.71,tempo,-0.16723109589949586,-0.2170461297519357,192,48.0,13.101072936636172,0.7107324981757533,-0.21539824945201988,-0.0016478802999158257
BNB,2024-02-15 10:00:00+00:00,2024-02-15 10:00:00+00:00,2024-02-15 14:30:00+00:00,-1,344.97,355.0067107698025,-9691.740769802484,355.0067107698025,stop,-0.9118069806929212,-0.9804984817344772,18,4.5,10.036710769802482,0.5227920962966937,0.064833586951739,-1.0453320686862162
BNB,2024-02-15 15:00:00+00:00,2024-02-15 15:00:00+00:00,2024-02-17 15:00:00+00:00,-1,363.41,375.32666878746494,-11553.258787464914,349.68,tempo,0.6069599432118086,0.5468937655335221,192,48.0,11.916668787464914,0.5340021647961881,-0.5663780503245285,1.1132718158580506
BNB,2024-02-21 13:00:00+00:00,2024-02-21 13:00:00+00:00,2024-02-22 01:00:00+00:00,-1,371.44,385.80367970077134,-13992.239700771343,385.80367970077134,stop,-0.9300576771502871,-0.9843150829843953,48,12.0,14.363679700771343,0.5946246769131177,0.04995248647268961,-1.0342675694570849
BNB,2024-02-22 01:00:00+00:00,2024-02-22 01:00:00+00:00,2024-02-24 01:00:00+00:00,-1,384.25,399.45674302461254,-14822.493024612535,376.64,tempo,0.3122949863966228,0.26040286165406157,192,48.0,15.206743024612535,0.5896235542991177,-0.20750939861649778,0.4679122602705593
BNB,2024-02-27 14:00:00+00:00,2024-02-27 14:00:00+00:00,2024-02-29 14:00:00+00:00,1,397.47,381.82317495908694,16044.295040913084,409.56,tempo,-0.6562840927268236,-0.7079818389361896,192,48.0,15.646825040913086,0.5502806983932538,-1.4471369371595582,0.7391550982233686
BNB,2024-03-06 20:00:00+00:00,2024-03-06 20:00:00+00:00,2024-03-07 16:00:00+00:00,-1,424.66,451.0488182875722,-25964.15828757218,451.0488182875722,stop,-0.9218774270889311,-0.9566573102882131,80,20.0,26.388818287572178,0.6314359830342445,0.06491283831351456,-1.0215701486017277
BNB,2024-03-07 17:00:00+00:00,2024-03-07 17:00:00+00:00,2024-03-08 13:15:00+00:00,-1,457.5,485.6358317865582,-27678.331786558185,485.6358317865582,stop,-0.9638188631368467,-0.999028556934676,81,20.25,28.135831786558185,0.6349150589166559,0.022759968647643607,-1.0217885255823196
BNB,2024-03-08 14:00:00+00:00,2024-03-08 14:00:00+00:00,2024-03-10 09:00:00+00:00,-1,483.12,512.5286807532032,-28925.560753203157,512.5286807532032,stop,-0.7113120514370919,-0.7467330983726275,172,43.0,29.408680753203157,0.6281519781385976,0.27527304491277266,-1.0220061432854002
BNB,2024-03-10 11:00:00+00:00,2024-03-10 11:00:00+00:00,2024-03-12 11:00:00+00:00,-1,536.87,570.410291047093,-33003.421047092976,528.13,tempo,0.5687289915865641,0.5346375945095936,192,48.0,33.54029104709298,0.6464612979844822,0.2946948346599431,0.2399427598496504
BNB,2024-03-13 11:00:00+00:00,2024-03-13 11:00:00+00:00,2024-03-13 23:15:00+00:00,-1,587.03,625.021522756561,-37404.49275656104,625.021522756561,stop,-1.0238490891214023,-1.057820455694103,49,12.25,37.99152275656104,0.6588451860361991,-0.03708336929617221,-1.0207370863979308
BNB,2024-03-14 00:00:00+00:00,2024-03-14 00:00:00+00:00,2024-03-16 00:00:00+00:00,-1,631.01,673.0523298129389,-41411.31981293887,633.01,tempo,-0.5395571795730592,-0.5721810564184564,192,48.0,42.042329812938874,0.6704401735811696,-0.5050674351573524,-0.06711362126110398
BNB,2024-03-29 21:00:00+00:00,2024-03-29 21:00:00+00:00,2024-03-31 21:00:00+00:00,-1,614.33,655.873398122608,-40929.06812260798,606.49,tempo,0.4322856358593366,0.3957860022712128,192,48.0,41.54339812260798,0.9050332626047155,0.2261689916645303,0.1696170106066825
BNB,2024-05-09 00:00:00+00:00,2024-05-09 00:00:00+00:00,2024-05-11 00:00:00+00:00,-1,588.22,615.308891703382,-26500.67170338193,585.26,tempo,-0.013907783702715101,-0.0678508686154598,192,48.0,27.088891703381933,0.9134420995646279,-0.14896300949074415,0.08111214087528434
BNB,2024-05-15 09:00:00+00:00,2024-05-15 09:00:00+00:00,2024-05-17 09:00:00+00:00,1,566.03,543.8932814598054,22702.748540194578,574.75,tempo,-0.886720794624784,-0.9460764997117065,192,48.0,22.13671854019458,0.7779331311115577,-1.3064954563656992,0.3604189566539927
BNB,2024-05-21 08:00:00+00:00,2024-05-21 08:00:00+00:00,2024-05-23 08:00:00+00:00,-1,630.89,656.3538651400013,-24832.975140001305,615.1,tempo,0.32743167122055306,0.2722768207218655,192,48.0,25.463865140001303,0.7249370241496614,-0.31601197273658105,0.5882887934584465
BNB,2024-06-03 09:00:00+00:00,2024-06-03 09:00:00+00:00,2024-06-04 10:45:00+00:00,-1,628.0,647.8508156605672,-19222.81566056715,647.8508156605672,stop,-1.0579544117485942,-1.1261204317581395,103,25.75,19.85081566056715,0.6416561334451775,-0.08434365823105724,-1.0417767735270822
BNB,2024-06-04 15:00:00+00:00,2024-06-04 15:00:00+00:00,2024-06-04 22:45:00+00:00,-1,663.32,686.5405476131655,-22557.22761316542,686.5405476131655,stop,-0.7615928274490558,-0.8234853859533711,31,7.75,23.220547613165422,0.649146885482262,0.2143005168842989,-1.03778590283767
BNB,2024-06-04 23:00:00+00:00,2024-06-04 23:00:00+00:00,2024-06-05 01:30:00+00:00,-1,682.95,706.9583545442199,-23325.404544219855,706.9583545442199,stop,-0.8871158790287867,-0.948387040613574,10,2.5,24.008354544219856,0.6392847096701679,0.08924321133850122,-1.0376302519520753
BNB,2024-06-05 02:00:00+00:00,2024-06-05 02:00:00+00:00,2024-06-07 02:00:00+00:00,-1,705.49,731.0366251815276,-24841.13518152759,703.49,tempo,0.04059823170410163,-0.018342310559438114,192,48.0,25.546625181527588,0.643191738205563,-0.06078091026864523,0.04243859970920712
BNB,2024-06-10 07:00:00+00:00,2024-06-10 07:00:00+00:00,2024-06-10 21:00:00+00:00,1,650.59,625.849451570733,25391.138429267052,625.849451570733,stop,-1.0484610284720337,-1.1048350950860666,56,14.0,24.74054842926705,0.6680796031273742,-0.07129963624637911,-1.0335354588396874
BNB,2024-06-10 21:00:00+00:00,2024-06-10 21:00:00+00:00,2024-06-12 01:45:00+00:00,1,620.43,593.320016769459,27730.413230540933,593.320016769459,stop,-0.4116241415934928,-0.46062352348179647,115,28.75,27.109983230540934,0.6688102301240679,0.5684778412881885,-1.029101364769985
BNB,2024-07-04 03:00:00+00:00,2024-07-04 03:00:00+00:00,2024-07-04 13:00:00+00:00,1,538.81,519.9258738304825,19422.93616951746,519.9258738304825,stop,-0.28856643363984713,-0.3567233669041624,40,10.0,18.884126169517458,0.8550264030575879,0.6797187915421555,-1.036442158446318
BNB,2024-07-04 13:00:00+00:00,2024-07-04 13:00:00+00:00,2024-07-05 03:00:00+00:00,1,517.56,499.1192331699196,18958.32683008035,499.1192331699196,stop,-0.3858765078012286,-0.4526303377634846,56,14.0,18.44076683008035,0.8473938536867479,0.5832055636201006,-1.0358359013835852
BNB,2024-07-05 03:00:00+00:00,2024-07-05 03:00:00+00:00,2024-07-05 04:30:00+00:00,1,477.82,455.29739919736096,23000.420802639033,455.29739919736096,stop,-0.5275774450655573,-0.5803624165162946,6,1.5,22.522600802639033,0.9374765052906514,0.4465672580267633,-1.0269296745430578
BNB,2024-07-05 05:00:00+00:00,2024-07-05 05:00:00+00:00,2024-07-07 05:00:00+00:00,1,470.02,447.5289209743979,22961.099025602063,511.38,tempo,0.5592734018782939,0.5063833971112544,192,48.0,22.491079025602062,0.9028147360013405,-1.3042051457347876,1.810588542846042
BNB,2024-07-31 00:00:00+00:00,2024-07-31 00:00:00+00:00,2024-08-02 00:00:00+00:00,-1,588.32,609.8152315827643,-20906.91158276429,575.37,tempo,0.29227668425402253,0.2249609941484521,192,48.0,21.49523158276429,0.9029202422188212,-0.3423090747061373,0.5672700688545894
BNB,2024-08-04 16:00:00+00:00,2024-08-04 16:00:00+00:00,2024-08-05 01:00:00+00:00,1,501.94,480.4297456690129,22012.194330987095,480.4297456690129,stop,-0.005431156795311698,-0.06121832840304775,36,9.0,21.510254330987095,0.8604398242572158,0.9684670637294382,-1.029685392132486
BNB,2024-08-05 01:00:00+00:00,2024-08-05 01:00:00+00:00,2024-08-05 01:15:00+00:00,1,476.76,453.8330033524153,23403.7566475847,453.8330033524153,stop,-0.2749039921242591,-0.325126349689688,1,0.25,22.9269966475847,0.881853748954998,0.7012567593357496,-1.0263831090254376
BNB,2024-08-05 02:00:00+00:00,2024-08-05 02:00:00+00:00,2024-08-05 05:15:00+00:00,1,452.7,428.32441340277035,24828.286597229642,428.32441340277035,stop,-0.5292262534902448,-0.5747755659806568,13,3.25,24.375586597229642,0.913536460455242,0.448717852995233,-1.0234934189758897
BNB,2024-08-05 06:00:00+00:00,2024-08-05 06:00:00+00:00,2024-08-05 06:30:00+00:00,1,433.48,409.6046896072188,24308.790392781215,409.6046896072188,stop,-0.14988185556465838,-0.19451256593808408,2,0.5,23.875310392781216,0.9184471557043982,0.8284402266844731,-1.0229527926225572
BNB,2024-08-05 07:00:00+00:00,2024-08-05 07:00:00+00:00,2024-08-07 07:00:00+00:00,1,422.64,398.8744803566952,24188.1596433048,490.88,tempo,1.2018320500261455,1.155520191196426,192,48.0,23.7655196433048,0.9224751939014472,-1.690881360938675,2.846401552135101
BNB,2024-08-17 20:00:00+00:00,2024-08-17 20:00:00+00:00,2024-08-19 20:00:00+00:00,-1,544.63,575.4562639918217,-30281.633991821745,553.3,tempo,-0.4271615188726545,-0.4722838649375739,192,48.0,30.826263991821747,0.9566111244578831,-0.16787933176127154,-0.3044045331763024
BNB,2024-08-19 20:00:00+00:00,2024-08-19 20:00:00+00:00,2024-08-21 20:00:00+00:00,-1,553.3,582.6081803731048,-28754.880373104847,571.3,tempo,0.17881675610937042,0.13052939695299282,192,48.0,29.308180373104847,0.9512500269654939,0.7696338982064659,-0.6391045012534731
BNB,2024-08-22 14:00:00+00:00,2024-08-22 14:00:00+00:00,2024-08-24 14:00:00+00:00,-1,587.99,617.9283266300852,-29350.336630085156,581.88,tempo,1.2439912577780792,1.1945814727011679,192,48.0,29.938326630085157,0.9404016347149852,1.0158946487480818,0.17868682395308602
BNB,2024-08-24 14:00:00+00:00,2024-08-24 14:00:00+00:00,2024-08-26 14:00:00+00:00,1,581.88,553.5514443526845,28910.435647315513,562.12,tempo,-0.5599733809733544,-0.6109965720595347,192,48.0,28.32855564731551,0.9277795950374012,0.11278194511110563,-0.7237785171706403
BNB,2024-09-03 07:00:00+00:00,2024-09-03 07:00:00+00:00,2024-09-05 07:00:00+00:00,-1,533.39,557.4215331743072,-23498.143174307243,504.54,tempo,0.47727472485418976,0.4213506955476465,192,48.0,24.031533174307242,0.965213309818228,-0.751081595627308,1.1724322911749545
BNB,2024-09-12 01:00:00+00:00,2024-09-12 01:00:00+00:00,2024-09-14 01:00:00+00:00,-1,538.47,562.2294845658563,-23221.01456585627,556.47,tempo,0.10578205997614987,0.05259141738898232,192,48.0,23.75948456585627,0.7886608233267541,0.8401384261692061,-0.7875470087802238
BNB,2024-09-16 23:00:00+00:00,2024-09-16 23:00:00+00:00,2024-09-18 23:00:00+00:00,1,529.87,508.63111735139023,21768.752648609774,552.07,tempo,0.08040704331195503,0.02043737544527624,192,48.0,21.238882648609774,0.8281098532099965,-0.9917033927700964,1.0121407682153727
BNB,2024-09-21 10:00:00+00:00,2024-09-21 10:00:00+00:00,2024-09-23 10:00:00+00:00,-1,587.37,610.0764044251482,-22119.03442514821,592.64,tempo,-0.054047087598000115,-0.11614424541553539,192,48.0,22.706404425148207,0.8420805115072401,0.14972816604005232,-0.2658724114555877
BNB,2024-09-23 17:00:00+00:00,2024-09-23 17:00:00+00:00,2024-09-25 17:00:00+00:00,-1,607.01,630.0140742528689,-22397.06425286892,593.47,tempo,0.6722714931625322,0.6089195686416621,192,48.0,23.004074252868918,0.8579764567815327,0.05424878033951337,0.5546707883021487
BNB,2024-10-08 19:00:00+00:00,2024-10-08 19:00:00+00:00,2024-10-10 19:00:00+00:00,-1,580.17,601.0743119667434,-20324.141966743424,557.96,tempo,0.09802867988940123,0.032975801133559135,192,48.0,20.90431196674342,0.8221743651354954,-0.9940953377853775,1.0270711389189366
BNB,2024-10-30 01:00:00+00:00,2024-10-30 01:00:00+00:00,2024-10-31 08:15:00+00:00,1,602.65,586.1999754130809,17052.674586919085,586.1999754130809,stop,-1.0036441822440518,-1.0866767787750204,125,31.25,16.450024586919085,0.7570866754292399,-0.03970101409239558,-1.0469757646826248
BNB,2024-10-31 09:00:00+00:00,2024-10-31 09:00:00+00:00,2024-11-01 16:00:00+00:00,1,584.3,568.5546767995315,16329.623200468419,568.5546767995315,stop,0.10338997170235409,0.020005577058556767,124,31.0,15.74532320046842,0.7419248589664176,1.0675978386068876,-1.0475922615483308
BNB,2024-11-07 04:00:00+00:00,2024-11-07 04:00:00+00:00,2024-11-09 01:45:00+00:00,-1,605.43,625.3931125911776,-19357.682591177603,625.3931125911776,stop,-0.6424284170867818,-0.7086426858686432,183,45.75,19.963112591177605,0.662984451801624,0.3314329796634856,-1.0400756655321288
BNB,2024-11-09 02:00:00+00:00,2024-11-09 02:00:00+00:00,2024-11-11 02:00:00+00:00,-1,628.5,652.2357539311712,-23107.253931171188,640.47,tempo,0.6329140481043685,0.5753570871815202,192,48.0,23.73575393117119,0.6625388427767744,1.1144101350477227,-0.5390530478662025
BNB,2024-11-11 12:00:00+00:00,2024-11-11 12:00:00+00:00,2024-11-13 04:45:00+00:00,1,626.72,601.1724041214037,26174.315878596328,601.1724041214037,stop,-1.9167678336763152,-1.9695012581610996,163,40.75,25.547595878596326,0.6739387425532138,-0.938260351326982,-1.0312409068341175
BNB,2024-11-13 05:00:00+00:00,2024-11-13 05:00:00+00:00,2024-11-15 05:00:00+00:00,1,606.39,577.0008491237264,29995.54087627356,612.31,tempo,0.15573612404351975,0.11054323472850593,192,48.0,29.38915087627356,0.6799706746403025,-0.0639376484241873,0.17448088315269322
BNB,2024-11-23 08:00:00+00:00,2024-11-23 08:00:00+00:00,2024-11-25 08:00:00+00:00,-1,664.61,699.3107072953237,-34036.09729532369,661.75,tempo,0.017691489806461097,-0.024168998164530192,192,48.0,34.700707295323696,0.6834019955263378,-0.08174321366962015,0.057574215505089954
BNB,2024-12-03 19:00:00+00:00,2024-12-03 19:00:00+00:00,2024-12-03 21:00:00+00:00,-1,678.45,715.8893425642057,-36760.89256420562,715.8893425642057,stop,-0.9818758715997623,-1.024107966034543,8,2.0,37.43934256420562,0.7651165020730429,9.973929875635099e-05,-1.0242077053332992
BNB,2024-12-03 21:00:00+00:00,2024-12-03 21:00:00+00:00,2024-12-04 00:30:00+00:00,-1,714.2,755.4687413800987,-40554.54138009862,755.4687413800987,stop,-0.9492182949332668,-0.9895618822257652,14,3.5,41.26874138009862,0.7643241371976004,0.03358601736968355,-1.0231478995954488
BNB,2024-12-04 01:00:00+00:00,2024-12-04 01:00:00+00:00,2024-12-06 01:00:00+00:00,-1,760.3,807.4814910001232,-46421.19100012328,730.89,tempo,0.8528791455002696,0.8163674490100539,192,48.0,47.18149100012329,0.762252531240046,0.21357330458749518,0.6027941444225586
BNB,2024-12-23 19:00:00+00:00,2024-12-23 19:00:00+00:00,2024-12-25 19:00:00+00:00,-1,680.94,724.2571742916947,-42636.234291694636,702.56,tempo,0.4722738083079268,0.4320514522027501,192,48.0,43.31717429169464,0.9523529801909005,0.951920888938322,-0.519869436735572
BNB,2025-01-18 06:00:00+00:00,2025-01-18 06:00:00+00:00,2025-01-20 06:00:00+00:00,1,697.2,670.7981888288333,27099.01117116674,689.97,tempo,-0.1825406636376114,-0.24389246480297222,192,48.0,26.40181117116674,0.7923321521016201,0.06410384830150732,-0.30799631310447956
BNB,2025-02-02 18:00:00+00:00,2025-02-02 18:00:00+00:00,2025-02-02 22:45:00+00:00,1,621.64,599.1478714700648,23113.768529935143,599.1478714700648,stop,-0.9890605765715667,-1.0459395370137863,19,4.75,22.492128529935144,0.6011601724222808,-0.010659989531232992,-1.0352795474825534
BNB,2025-02-02 23:00:00+00:00,2025-02-02 23:00:00+00:00,2025-02-03 00:45:00+00:00,1,617.86,594.9682727616721,23509.587238327917,594.9682727616721,stop,-0.6033685501801731,-0.6590333268517348,7,1.75,22.891727238327917,0.6049721334092943,0.37540437062244963,-1.0344376974741845
BNB,2025-02-03 01:00:00+00:00,2025-02-03 01:00:00+00:00,2025-02-03 02:00:00+00:00,1,603.73,580.5214081891882,23812.321810811867,580.5214081891882,stop,-0.4950387292888965,-0.5489264585999144,4,1.0,23.208591810811868,0.6127228267704532,0.48424071593604234,-1.0331671745359567
BNB,2025-02-03 02:00:00+00:00,2025-02-03 02:00:00+00:00,2025-02-03 02:15:00+00:00,1,550.42,518.4614448934027,32508.97510659726,518.4614448934027,stop,-1.0776533162040516,-1.1150932828230598,1,0.25,31.95855510659726,0.7012187856574219,-0.09335347209434236,-1.0217398107287174
BNB,2025-02-03 03:00:00+00:00,2025-02-03 03:00:00+00:00,2025-02-05 03:00:00+00:00,1,541.8,510.14882989587005,32192.9701041299,574.54,tempo,0.47153315671425466,0.43303096207907477,192,48.0,31.651170104129903,0.6999723312326326,-0.5784444081734365,1.0114753702525112
BNB,2025-02-08 17:00:00+00:00,2025-02-08 17:00:00+00:00,2025-02-10 17:00:00+00:00,-1,611.16,649.1879294362781,-37416.7694362781,610.62,tempo,0.1684442133105456,0.1312578757834036,192,48.0,38.0279294362781,0.7803098514750977,0.13794130566685062,-0.006683429883447037
BNB,2025-02-12 19:00:00+00:00,2025-02-12 19:00:00+00:00,2025-02-14 19:00:00+00:00,-1,687.95,731.5228940105105,-42884.94401051049,667.47,tempo,0.6357625904253589,0.5990698205259359,192,48.0,43.57289401051048,0.8025931823976518,0.14927236169126615,0.4497974588346698
BNB,2025-02-25 20:00:00+00:00,2025-02-25 20:00:00+00:00,2025-02-27 20:00:00+00:00,-1,619.3,652.4463261224184,-32527.026122418483,604.83,tempo,-0.4658238736646436,-0.5167547844859428,192,48.0,33.146326122418486,1.108556906426108,-0.9292987101535088,0.41254392566756604
BNB,2025-03-02 21:00:00+00:00,2025-03-02 21:00:00+00:00,2025-03-03 15:00:00+00:00,1,618.11,586.0578132674514,32670.29673254865,586.0578132674514,stop,0.004452935018099291,-0.044432596705410665,72,18.0,32.05218673254865,0.9759018654857617,0.9799872372720637,-1.0244198339774744
BNB,2025-03-03 15:00:00+00:00,2025-03-03 15:00:00+00:00,2025-03-04 01:45:00+00:00,1,587.83,556.1504966914521,32267.333308547968,556.1504966914521,stop,0.1271342985641335,0.08076657731088499,43,10.75,31.679503308547964,0.9491481132073386,1.1042387673767187,-1.0234721900658337
BNB,2025-03-09 18:00:00+00:00,2025-03-09 18:00:00+00:00,2025-03-10 19:15:00+00:00,1,551.92,523.5995576968278,28872.36230317217,523.5995576968278,stop,-0.2689821475320915,-0.31166738191869336,101,25.25,28.32044230317217,0.7104945604438277,0.7130175331338032,-1.0246849150524966
BNB,2025-03-13 14:00:00+00:00,2025-03-13 14:00:00+00:00,2025-03-15 14:00:00+00:00,-1,584.06,616.9545236507998,-32310.4636507999,599.13,tempo,-0.05689535403917162,-0.09620685596862216,192,48.0,32.8945236507999,0.6902078421431638,0.3853040991114308,-0.481510955080053
BNB,2025-03-17 10:00:00+00:00,2025-03-17 10:00:00+00:00,2025-03-19 10:00:00+00:00,-1,636.82,669.6728489118499,-32216.028911849833,614.39,tempo,0.6629004553172242,0.6213472845168948,192,48.0,32.85284891184983,0.666597664491006,-0.03663868065774306,0.6579859651746378
XRP,2023-01-03 02:00:00+00:00,2023-01-03 02:00:00+00:00,2023-01-05 02:00:00+00:00,-1,0.344,0.35846023744658817,-14.1162374465882,0.345,tempo,0.13328747252453227,0.07393833059821389,192,48.0,0.014460237446588198,0.9176043929021167,0.17406462557420765,-0.10012629497599376
XRP,2023-01-11 15:00:00+00:00,2023-01-11 15:00:00+00:00,2023-01-13 15:00:00+00:00,-1,0.3722,0.3889630155089315,-16.3908155089315,0.3717,tempo,2.085832594280714,2.027618602247942,192,48.0,0.0167630155089315,1.0174576350228737,2.0266363804041916,0.0009822218437504707
XRP,2023-01-23 21:00:00+00:00,2023-01-23 21:00:00+00:00,2023-01-25 21:00:00+00:00,-1,0.4293,0.45164573249950524,-21.91643249950522,0.4144,tempo,0.6098871749740485,0.566166335171557,192,48.0,0.022345732499505222,0.7679212866745465,-0.07608582641311233,0.6422521615846694
XRP,2023-02-16 11:00:00+00:00,2023-02-16 11:00:00+00:00,2023-02-17 00:15:00+00:00,1,0.4001,0.38295754165311924,17.54255834688077,0.38295754165311924,stop,-0.15061022681148695,-0.20510949188821104,53,13.25,0.017142458346880773,0.8176109423390876,0.8245821306186123,-1.0296916225068233
XRP,2023-03-07 16:00:00+00:00,2023-03-07 16:00:00+00:00,2023-03-08 13:15:00+00:00,-1,0.3785,0.39338657042844916,-14.508070428449152,0.39338657042844916,stop,-1.28224081033125,-1.3411130634378305,85,21.25,0.014886570428449153,0.7614666626849032,-0.3074097821353983,-1.0337032813024323
XRP,2023-03-08 14:00:00+00:00,2023-03-08 14:00:00+00:00,2023-03-10 14:00:00+00:00,-1,0.3952,0.4114445692657571,-15.849369265757126,0.3708,tempo,-0.02120677307611829,-0.07592204860118001,192,48.0,0.016244569265757125,0.7609118716168078,-1.5473122473172893,1.4713901987161093
XRP,2023-03-13 02:00:00+00:00,2023-03-13 02:00:00+00:00,2023-03-15 02:00:00+00:00,1,0.37,0.35225796212743005,18.11203787256995,0.3734,tempo,-1.5883876649370743,-1.6351615719534214,192,48.0,0.01774203787256995,0.720695280108309,-1.799561514110546,0.16439994215712464
XRP,2023-03-20 11:00:00+00:00,2023-03-20 11:00:00+00:00,2023-03-22 11:00:00+00:00,1,0.3812,0.3623193501517465,19.261849848253494,0.45,tempo,3.6215254966276698,3.5751897652255553,192,48.0,0.018880649848253495,0.6751326177779551,-0.040137066669175145,3.6153268318947305
XRP,2023-03-22 11:00:00+00:00,2023-03-22 11:00:00+00:00,2023-03-24 11:00:00+00:00,-1,0.45,0.4816103292897883,-31.160329289788297,0.4311,tempo,0.5612087510329427,0.5309643573133378,192,48.0,0.0316103292897883,0.6552482814473733,-0.048823497219409824,0.5797878545327476
XRP,2023-03-25 15:00:00+00:00,2023-03-25 15:00:00+00:00,2023-03-27 15:00:00+00:00,-1,0.4594,0.495612121585969,-35.752721585969034,0.4626,tempo,-0.27383417889379624,-0.30184618009146896,192,48.0,0.03621212158596904,0.6950102026664123,-0.19692827322483192,-0.10491790686663703
XRP,2023-03-28 02:00:00+00:00,2023-03-28 02:00:00+00:00,2023-03-28 19:00:00+00:00,-1,0.479,0.5167110388299174,-37.23203882991744,0.5167110388299174,stop,-0.9070812910490532,-0.9361158969564226,68,17.0,0.03771103882991744,0.7189866316761024,0.08104650947206307,-1.0171624064284857
XRP,2023-03-28 19:00:00+00:00,2023-03-28 19:00:00+00:00,2023-03-29 08:15:00+00:00,-1,0.5213,0.5634070116278634,-41.58571162786346,0.5634070116278634,stop,-0.6646289377115238,-0.6932320495383474,53,13.25,0.042107011627863455,0.7368147747894034,0.323512419620123,-1.0167444691584704
XRP,2023-03-29 09:00:00+00:00,2023-03-29 09:00:00+00:00,2023-03-31 09:00:00+00:00,-1,0.5708,0.6175463150850845,-46.175515085084534,0.5338,tempo,0.5667354076586564,0.5396986518268311,192,48.0,0.04674631508508453,0.7356459314767381,-0.23644830080380555,0.7761469526306366
XRP,2023-05-08 18:00:00+00:00,2023-05-08 18:00:00+00:00,2023-05-10 18:00:00+00:00,1,0.4188,0.3995988970125671,19.619902987432884,0.422,tempo,0.19743829766510118,0.14388586271603215,192,48.0,0.019201102987432883,0.8848464820455408,0.005691718257941264,0.1381941444580909
XRP,2023-05-12 05:00:00+00:00,2023-05-12 05:00:00+00:00,2023-05-14 05:00:00+00:00,-1,0.4379,0.45954121127422815,-21.203311274228135,0.4262,tempo,0.6570787165466576,0.6071883159071777,192,48.0,0.021641211274228134,0.9099789217680063,0.09250663479146788,0.5146816811157098
XRP,2023-05-17 01:00:00+00:00,2023-05-17 01:00:00+00:00,2023-05-18 10:30:00+00:00,-1,0.4462,0.4661236883237849,-19.477488323784936,0.4661236883237849,stop,-0.809278285932215,-0.8648830886970917,134,33.5,0.019923688323784938,0.887567427822084,0.1648809985428459,-1.0297640872399376
XRP,2023-05-30 05:00:00+00:00,2023-05-30 05:00:00+00:00,2023-05-30 16:15:00+00:00,-1,0.5032,0.5225410783163461,-18.837878316346128,0.5225410783163461,stop,-1.0975646515289181,-1.155578414711628,45,11.25,0.019341078316346128,0.6960331359867925,-0.12110610194806609,-1.0344723127635618
XRP,2023-05-30 17:00:00+00:00,2023-05-30 17:00:00+00:00,2023-06-01 17:00:00+00:00,-1,0.5185,0.5396628365018538,-20.6443365018538,0.5065,tempo,0.1831735449773303,0.12925447895109016,192,48.0,0.0211628365018538,0.7044438523046958,-0.4062951860953326,0.5355496650464228
XRP,2023-06-13 12:00:00+00:00,2023-06-13 12:00:00+00:00,2023-06-15 12:00:00+00:00,-1,0.5613,0.5948107782249973,-32.94947822499726,0.4762,tempo,1.720250666913679,1.6763201426657843,192,48.0,0.03351077822499726,1.0933013408146763,-0.8430371946407831,2.5193573373065674
XRP,2023-06-16 17:00:00+00:00,2023-06-16 17:00:00+00:00,2023-06-18 17:00:00+00:00,1,0.4644,0.43184322748354814,33.021172516451834,0.4935,tempo,0.42883005995201856,0.38593067912918105,192,48.0,0.03255677251645184,1.2821016076090868,-0.48876797183843607,0.8746986509676171
XRP,2023-06-20 17:00:00+00:00,2023-06-20 17:00:00+00:00,2023-06-22 17:00:00+00:00,1,0.4804,0.4511964380597129,29.683961940287116,0.4933,tempo,-1.5856312890722282,-1.6350987070566219,192,48.0,0.029203561940287115,1.2997498961335332,-2.055153460140602,0.4200547530839801
XRP,2023-07-13 16:00:00+00:00,2023-07-13 16:00:00+00:00,2023-07-13 17:45:00+00:00,-1,0.5919,0.6578481457463323,-65.35624574633235,0.6578481457463323,stop,-0.929723084128316,-0.9558523290589597,7,1.75,0.06594814574633234,1.1837225079503884,0.056465474353735924,-1.0123178034126956
XRP,2023-07-13 18:00:00+00:00,2023-07-13 18:00:00+00:00,2023-07-13 18:30:00+00:00,-1,0.7444,0.8524360104649683,-107.29161046496836,0.8524360104649683,stop,-0.9411313277395993,-0.9622824778186847,2,0.5,0.10803601046496836,1.2887430914809577,0.0473249058891652,-1.0096073837078499
XRP,2023-07-13 19:00:00+00:00,2023-07-13 19:00:00+00:00,2023-07-15 19:00:00+00:00,-1,0.7884,0.9045645712508084,-115.37617125080837,0.725,tempo,0.27608441010185203,0.25604385412386654,192,48.0,0.11616457125080837,1.3116073379488213,-0.2812653213668118,0.5373091754906784
XRP,2023-08-29 17:00:00+00:00,2023-08-29 17:00:00+00:00,2023-08-31 17:00:00+00:00,1,0.5393,0.5036927149266598,36.146585073340205,0.5076,tempo,0.6053502848012515,0.5554078732269341,192,48.0,0.03560728507334021,1.565888382628209,1.4647859663139517,-0.9093780930870177
XRP,2023-09-11 11:00:00+00:00,2023-09-11 11:00:00+00:00,2023-09-13 11:00:00+00:00,1,0.4721,0.45245105057464224,20.12104942535778,0.4807,tempo,-0.17332098608861912,-0.25069966601448235,192,48.0,0.019648949425357776,1.4682185463709356,-0.6568628570958641,0.40616319108138177
XRP,2023-09-29 13:00:00+00:00,2023-09-29 13:00:00+00:00,2023-10-01 13:00:00+00:00,-1,0.537,0.5576112358931513,-20.074235893151283,0.5205,tempo,0.9271378021877252,0.870123335580522,192,48.0,0.02061123589315128,0.6987016481353131,0.10293862710535957,0.7671847084751624
XRP,2023-10-04 00:00:00+00:00,2023-10-04 00:00:00+00:00,2023-10-06 00:00:00+00:00,-1,0.5387,0.5605602193487307,-21.321519348730725,0.5223,tempo,0.7417921501398944,0.6881576335054564,192,48.0,0.021860219348730725,0.6894265372363134,-0.030515393026281732,0.7186730265317381
XRP,2023-10-20 00:00:00+00:00,2023-10-20 00:00:00+00:00,2023-10-22 00:00:00+00:00,-1,0.5193,0.5369545548863957,-17.135254886395668,0.5205,tempo,0.7308344236237088,0.6676846298929074,192,48.0,0.017654554886395668,0.6503006998844553,0.7739387955782454,-0.10625416568533799
XRP,2023-10-31 11:00:00+00:00,2023-10-31 11:00:00+00:00,2023-11-02 11:00:00+00:00,-1,0.6011,0.6287869312238742,-27.085831223874223,0.6172,tempo,-0.20487867285613065,-0.25178841737730007,192,48.0,0.027686931223874223,0.6486721399064909,0.3583151316008638,-0.6101035489781639
XRP,2023-11-05 15:00:00+00:00,2023-11-05 15:00:00+00:00,2023-11-06 00:45:00+00:00,-1,0.6475,0.677366173175309,-29.21867317530904,0.677366173175309,stop,-0.9377841372339821,-0.9858220623026017,39,9.75,0.02986617317530904,0.6813733014766352,0.043011997136787515,-1.0288340594393892
XRP,2023-11-06 01:00:00+00:00,2023-11-06 01:00:00+00:00,2023-11-06 12:45:00+00:00,-1,0.6849,0.7183803399457164,-32.795439945716424,0.7183803399457164,stop,-0.9514612429317076,-0.9967872369955066,47,11.75,0.03348033994571642,0.6799392035544765,0.030456579000496035,-1.0272438159960027
XRP,2023-11-06 13:00:00+00:00,2023-11-06 13:00:00+00:00,2023-11-08 13:00:00+00:00,-1,0.7128,0.7482922978731791,-34.77949787317909,0.691,tempo,0.6809813676950287,0.6373387513867925,192,48.0,0.03549229787317909,0.6868975416308208,0.04882994097853817,0.5885088104082543
XRP,2023-11-09 17:00:00+00:00,2023-11-09 17:00:00+00:00,2023-11-11 17:00:00+00:00,1,0.6548,0.616083936707007,39.37086329299304,0.6779,tempo,0.3120712136387019,0.27278285156381854,192,48.0,0.03871606329299304,0.7692727230501534,-0.3014941567089682,0.5742770082727867
XRP,2023-12-04 12:00:00+00:00,2023-12-04 12:00:00+00:00,2023-12-06 12:00:00+00:00,1,0.6201,0.5921251204944096,28.594979505590413,0.621,tempo,-1.2793146994894111,-1.339715069519011,192,48.0,0.02797487950559041,1.0953296288081726,-1.343049668332256,0.0033345988132449447
XRP,2023-12-09 12:00:00+00:00,2023-12-09 12:00:00+00:00,2023-12-11 12:00:00+00:00,-1,0.6871,0.718656613350168,-30.869513350167907,0.6268,tempo,1.1493901927492516,1.0932334102924604,192,48.0,0.031556613350167906,1.0278235963620277,-0.79055444553218,1.8837878558246404
XRP,2023-12-25 10:00:00+00:00,2023-12-25 10:00:00+00:00,2023-12-27 10:00:00+00:00,-1,0.6422,0.6684649620726023,-25.622762072602317,0.6296,tempo,0.2848168426018475,0.22651130921890963,192,48.0,0.026264962072602316,0.8441207183548267,-0.22174100378484754,0.4482523130037572
XRP,2024-01-02 18:00:00+00:00,2024-01-02 18:00:00+00:00,2024-01-03 12:15:00+00:00,1,0.6236,0.5993471954402685,24.876404559731554,0.5993471954402685,stop,0.457926620982817,0.39721171388046606,73,18.25,0.024252804559731556,0.8358305358210426,1.4299879511638036,-1.0327762372833376
XRP,2024-01-09 01:00:00+00:00,2024-01-09 01:00:00+00:00,2024-01-11 01:00:00+00:00,1,0.5713,0.5367700210132934,35.101278986706625,0.5983,tempo,0.7839958605460697,0.7420715298224433,192,48.0,0.03452997898670662,0.9255628309504075,-0.01784089323758307,0.7599124230600264
XRP,2024-01-30 20:00:00+00:00,2024-01-30 20:00:00+00:00,2024-01-31 14:15:00+00:00,1,0.5143,0.4938605158875267,20.953784112473258,0.4938605158875267,stop,-0.6023332717728418,-0.6595882799639368,73,18.25,0.02043948411247326,0.7702156702231799,0.3724724282085848,-1.0320607081725215
XRP,2024-02-15 21:00:00+00:00,2024-02-15 21:00:00+00:00,2024-02-17 21:00:00+00:00,-1,0.5603,0.5799335780009464,-19.07327800094634,0.5508,tempo,0.4267832672090931,0.3660639198624982,192,48.0,0.01963357800094634,0.6451530667580891,-0.08101633212096476,0.44708025198346296
XRP,2024-02-21 11:00:00+00:00,2024-02-21 11:00:00+00:00,2024-02-23 11:00:00+00:00,1,0.5413,0.520348166283539,21.49313371646103,0.5366,tempo,-0.1950058426479488,-0.250713605778333,192,48.0,0.020951833716461032,0.6629976123347056,0.007050706075524965,-0.25776431185385795
XRP,2024-02-27 20:00:00+00:00,2024-02-27 20:00:00+00:00,2024-02-29 16:15:00+00:00,-1,0.5942,0.6177370828516849,-22.942882851684985,0.6177370828516849,stop,0.596852994225243,0.5409345283699831,177,44.25,0.023537082851684987,0.6840463712305782,1.5744033787291176,-1.0334688503591345
XRP,2024-02-29 19:00:00+00:00,2024-02-29 19:00:00+00:00,2024-03-02 03:15:00+00:00,-1,0.6053,0.636151905072503,-30.246605072503016,0.636151905072503,stop,-0.7257466997615767,-0.7694609164990187,129,32.25,0.030851905072503016,0.6884356476829812,0.2566944776784487,-1.0261553941774675
XRP,2024-03-02 08:00:00+00:00,2024-03-02 08:00:00+00:00,2024-03-04 08:00:00+00:00,-1,0.6314,0.664805162339679,-32.77376233967905,0.6378,tempo,0.243131145876361,0.20131243249422184,192,48.0,0.03340516233967905,0.6968408534963424,0.417595769977607,-0.21628333748338516
XRP,2024-03-11 16:00:00+00:00,2024-03-11 16:00:00+00:00,2024-03-13 16:00:00+00:00,-1,0.6938,0.7503863307244184,-55.89253072441843,0.6776,tempo,0.3695219334113734,0.34096327101715707,192,48.0,0.05658633072441843,0.8034014627205109,0.07042814700364775,0.2705351240135093
XRP,2024-04-09 13:00:00+00:00,2024-04-09 13:00:00+00:00,2024-04-11 13:00:00+00:00,-1,0.6308,0.6631096278781556,-31.67882787815561,0.6144,tempo,0.5507304550453369,0.5028940361219473,192,48.0,0.03230962787815561,0.897757297739475,0.02035613569193878,0.4825379004300085
XRP,2024-04-12 19:00:00+00:00,2024-04-12 19:00:00+00:00,2024-04-13 20:00:00+00:00,1,0.5284,0.4944201585009322,34.50824149906779,0.4944201585009322,stop,-0.6202930832628832,-0.6586913972608266,100,25.0,0.0339798414990678,0.9316012351597611,0.36087411787095675,-1.0195655151317833
XRP,2024-04-13 21:00:00+00:00,2024-04-13 21:00:00+00:00,2024-04-15 21:00:00+00:00,1,0.4311,0.3891095293111797,42.42157068882028,0.4922,tempo,1.2241845247937793,1.195198373318044,192,48.0,0.04199047068882028,1.10093525315127,-0.24560126544637173,1.4407996387644157
XRP,2024-05-01 08:00:00+00:00,2024-05-01 08:00:00+00:00,2024-05-01 19:30:00+00:00,-1,0.4905,0.5203980829262674,-29.407582926267445,0.5203980829262674,stop,-0.8159726562295055,-0.8625815591378231,46,11.5,0.029898082926267444,1.1549174160639155,0.15939589525356798,-1.021977454391391
XRP,2024-05-01 20:00:00+00:00,2024-05-01 20:00:00+00:00,2024-05-03 20:00:00+00:00,-1,0.5105,0.5416868146383297,-30.67631463832973,0.5302,tempo,0.9951047718554006,0.9497872288293221,192,48.0,0.03118681463832973,1.1103063575963874,1.6031548534586308,-0.6533676246293088
XRP,2024-05-06 16:00:00+00:00,2024-05-06 16:00:00+00:00,2024-05-08 16:00:00+00:00,-1,0.5592,0.5915836659374347,-31.82446593743469,0.5273,tempo,0.5904081746797947,0.5443955769048932,192,48.0,0.03238366593743469,1.0782320832727508,-0.41886087035053726,0.9632564472554305
XRP,2024-06-07 19:00:00+00:00,2024-06-07 19:00:00+00:00,2024-06-09 19:00:00+00:00,1,0.4903,0.4726896011236246,18.10069887637539,0.4967,tempo,0.22128648470716952,0.16283011184549553,192,48.0,0.017610398876375388,0.6085599757765333,-0.16416134589627132,0.32699145774176686
XRP,2024-06-15 19:00:00+00:00,2024-06-15 19:00:00+00:00,2024-06-15 19:45:00+00:00,-1,0.4876,0.5045765633465812,-16.488963346581208,0.5045765633465812,stop,-0.9911140811379564,-1.0539087171738961,3,0.75,0.016976563346581208,0.664356582183323,-0.015920182450515127,-1.037988534723381
XRP,2024-06-15 20:00:00+00:00,2024-06-15 20:00:00+00:00,2024-06-17 14:30:00+00:00,-1,0.494,0.5114424528887797,-16.94845288877966,0.5114424528887797,stop,-1.1761042568268405,-1.238039648325488,170,42.5,0.017442452888779658,0.6645399470345315,-0.20057143221248291,-1.037468216113005
XRP,2024-06-17 15:00:00+00:00,2024-06-17 15:00:00+00:00,2024-06-19 15:00:00+00:00,-1,0.514,0.5338225725966529,-19.308572596652876,0.4913,tempo,1.0040948108893766,0.9483438951653451,192,48.0,0.019822572596652877,0.6759676358417958,-0.16385054339721813,1.1121944385625633
XRP,2024-07-05 01:00:00+00:00,2024-07-05 01:00:00+00:00,2024-07-05 03:00:00+00:00,1,0.4285,0.4124025959049481,16.525904095051892,0.4124025959049481,stop,-0.43641607722263087,-0.49652242032466,8,2.0,0.016097404095051893,0.7557120657947758,0.5374325381339048,-1.0339549584585648
XRP,2024-07-05 03:00:00+00:00,2024-07-05 03:00:00+00:00,2024-07-07 03:00:00+00:00,1,0.3981,0.37876308847383366,19.735011526166346,0.4461,tempo,1.6762100588446807,1.6252072533702722,192,48.0,0.019336911526166345,0.8453746392381319,-0.828714611855714,2.453921865225986
XRP,2024-07-12 08:00:00+00:00,2024-07-12 08:00:00+00:00,2024-07-13 03:00:00+00:00,-1,0.4625,0.4851575596576511,-22.195059657651097,0.4851575596576511,stop,-0.7568631164071848,-0.8055732111867566,76,19.0,0.022657559657651094,0.8111009806578148,0.2216131858959261,-1.0271863970826827
XRP,2024-07-13 03:00:00+00:00,2024-07-13 03:00:00+00:00,2024-07-13 05:30:00+00:00,-1,0.4854,0.5095722888920297,-23.68688889202966,0.5095722888920297,stop,-1.0010426970785837,-1.048454783371947,10,2.5,0.02417228889202966,0.7913008447865365,-0.02169968414784889,-1.0267550992240981
XRP,2024-07-13 06:00:00+00:00,2024-07-13 06:00:00+00:00,2024-07-13 15:30:00+00:00,-1,0.5064,0.5321811746660998,-25.27477466609986,0.5321811746660998,stop,-0.8092820608275476,-0.8557913766911487,38,9.5,0.02578117466609986,0.7959457898094302,0.1703935342865748,-1.0261849109777235
XRP,2024-07-13 16:00:00+00:00,2024-07-13 16:00:00+00:00,2024-07-13 20:00:00+00:00,-1,0.536,0.564302487454748,-27.766487454747946,0.564302487454748,stop,-1.0536757822501055,-1.0983111229692772,16,4.0,0.02830248745474795,0.7865880509431339,-0.07304137881731557,-1.0252697441519616
XRP,2024-07-13 20:00:00+00:00,2024-07-13 20:00:00+00:00,2024-07-15 20:00:00+00:00,-1,0.5605,0.591751141286909,-30.690641286908978,0.535,tempo,1.9525224572432602,1.911367697520451,192,48.0,0.03125114128690898,0.7878380714009598,1.1181830655600316,0.7931846319604194
XRP,2024-07-16 15:00:00+00:00,2024-07-16 15:00:00+00:00,2024-07-17 07:15:00+00:00,-1,0.5785,0.6148162948463226,-35.73779484632259,0.6148162948463226,stop,-0.7075601751529967,-0.7436520829004816,65,16.25,0.036316294846322594,0.7114803160346025,0.27770625210953,-1.0213583350100115
XRP,2024-07-17 08:00:00+00:00,2024-07-17 08:00:00+00:00,2024-07-19 08:00:00+00:00,-1,0.6088,0.6483584279498764,-38.9496279498764,0.549,tempo,1.2541565885521098,1.2210647260942091,192,48.0,0.03955842794987641,0.7031386545639351,-0.2715989883187507,1.4926637144129598
XRP,2024-07-31 02:00:00+00:00,2024-07-31 02:00:00+00:00,2024-08-02 02:00:00+00:00,-1,0.6491,0.6893362768437004,-39.58717684370035,0.5873,tempo,1.2374806536260703,1.2018353470699223,192,48.0,0.04023627684370035,0.7472766111322683,-0.3141185329807352,1.5159538800506576
XRP,2024-08-07 21:00:00+00:00,2024-08-07 21:00:00+00:00,2024-08-09 21:00:00+00:00,-1,0.6016,0.6644142733103781,-62.21267331037804,0.5784,tempo,1.2690352184111118,1.24527670455138,192,48.0,0.06281427331037803,0.9274930736415726,0.888144498481686,0.35713220606969387
XRP,2024-09-12 13:00:00+00:00,2024-09-12 13:00:00+00:00,2024-09-14 13:00:00+00:00,-1,0.5767,0.6071201680998822,-29.84346809988224,0.5852,tempo,0.151416143349842,0.11119182894097418,192,48.0,0.03042016809988224,0.624768785290677,0.4154385040287391,-0.30424667508776493
XRP,2024-09-28 11:00:00+00:00,2024-09-28 11:00:00+00:00,2024-09-29 15:15:00+00:00,-1,0.6192,0.645699924478752,-25.880724478752047,0.645699924478752,stop,-1.012651937972061,-1.0628125100743335,113,28.25,0.026499924478752046,0.6299274766572537,-0.031786574450613954,-1.0310259356237195
XRP,2024-09-29 16:00:00+00:00,2024-09-29 16:00:00+00:00,2024-10-01 16:00:00+00:00,-1,0.6597,0.6893236751564207,-28.963975156420723,0.6115,tempo,0.9716596253551295,0.9257398220884203,192,48.0,0.029623675156420726,0.6226995198513783,-0.673444605564608,1.5991844276530283
XRP,2024-10-02 19:00:00+00:00,2024-10-02 19:00:00+00:00,2024-10-02 22:00:00+00:00,1,0.5689,0.5387060113374409,30.762888662559067,0.5387060113374409,stop,-1.0125397177491735,-1.052001376282653,12,3.0,0.030193988662559068,0.6376150506325573,-0.028157427892287683,-1.0238439483903654
XRP,2024-10-02 22:00:00+00:00,2024-10-02 22:00:00+00:00,2024-10-03 09:15:00+00:00,1,0.5409,0.5091321527046664,32.30874729533366,0.5091321527046664,stop,-0.9284280340133859,-0.9637651869786994,45,11.25,0.03176784729533366,0.6258292873642103,0.0577194573194457,-1.0214846442981451
XRP,2024-10-03 10:00:00+00:00,2024-10-03 10:00:00+00:00,2024-10-05 10:00:00+00:00,1,0.5192,0.4880393057006445,31.679894299355475,0.5325,tempo,0.16072150217459358,0.1250268028093709,192,48.0,0.031160694299355474,0.6350992874053308,-0.2798549010062253,0.4048817038155962
XRP,2024-10-26 00:00:00+00:00,2024-10-26 00:00:00+00:00,2024-10-28 00:00:00+00:00,1,0.5017,0.4828004871210092,19.401212878990833,0.5167,tempo,0.4050775146631736,0.34472997853068177,192,48.0,0.018899512878990832,0.7337805865463494,-0.4139160295332899,0.7586460080639716
XRP,2024-11-07 04:00:00+00:00,2024-11-07 04:00:00+00:00,2024-11-09 04:00:00+00:00,-1,0.5601,0.5807796002415038,-20.11950024150373,0.5466,tempo,0.9145790303643752,0.8596361481627115,192,48.0,0.020679600241503726,0.5724827160622888,0.24160461705267308,0.6180315311100384
XRP,2024-11-10 13:00:00+00:00,2024-11-10 13:00:00+00:00,2024-11-11 20:45:00+00:00,-1,0.6073,0.6319039816622241,-23.99668166222411,0.6319039816622241,stop,0.2538540262435829,0.20329619205759286,127,31.75,0.024603981662224106,0.5553476764916854,1.236034087863992,-1.032737895806399
XRP,2024-11-12 09:00:00+00:00,2024-11-12 09:00:00+00:00,2024-11-12 20:30:00+00:00,-1,0.6864,0.73506089577299,-47.974495772990046,0.73506089577299,stop,-0.9976372501731373,-1.0280279693359893,46,11.5,0.04866089577299004,0.6218509451735947,-0.009040452407349048,-1.0189875169286402
XRP,2024-11-12 21:00:00+00:00,2024-11-12 21:00:00+00:00,2024-11-14 17:30:00+00:00,-1,0.705,0.7612636889501887,-55.55868895018874,0.7612636889501887,stop,-1.0861822492680606,-1.1146476037246325,178,44.5,0.05626368895018874,0.7075771425900648,-0.09770823455775465,-1.0169393691668778
XRP,2024-11-14 19:00:00+00:00,2024-11-14 19:00:00+00:00,2024-11-14 22:30:00+00:00,-1,0.7742,0.8449769737423354,-70.00277374233539,0.8449769737423354,stop,-1.131553525501917,-1.157673824955479,14,3.5,0.07077697374233538,0.7911399515471887,-0.14280366341446665,-1.0148701615410123
XRP,2024-11-14 23:00:00+00:00,2024-11-14 23:00:00+00:00,2024-11-15 13:00:00+00:00,-1,0.7939,0.8700637470566168,-75.36984705661678,0.8700637470566168,stop,-0.7933453371820806,-0.8184934219111832,56,14.0,0.07616374705661677,0.8078869928192317,0.1957072506841764,-1.0142006725953596
XRP,2024-11-15 13:00:00+00:00,2024-11-15 13:00:00+00:00,2024-11-16 05:15:00+00:00,-1,0.8658,0.9525795369637557,-85.91373696375574,0.9525795369637557,stop,-0.8458084843366964,-0.8703402936142196,65,16.25,0.08677953696375573,0.8412960454183789,0.1432798147705495,-1.0136201083847691
XRP,2024-11-16 06:00:00+00:00,2024-11-16 06:00:00+00:00,2024-11-16 13:45:00+00:00,-1,0.983,1.0910407281366288,-107.0577281366288,1.0910407281366288,stop,-1.0353103274465678,-1.057701418534678,31,7.75,0.1080407281366288,0.8381119897051483,-0.045223471592447634,-1.0124779469422305
XRP,2024-11-16 14:00:00+00:00,2024-11-16 14:00:00+00:00,2024-11-16 15:15:00+00:00,-1,1.1165,1.2452160497420177,-127.59954974201767,1.2452160497420177,stop,-1.0176601497645166,-1.0389568181833801,5,1.25,0.12871604974201767,0.8309673769054234,-0.02703044664378494,-1.0119263715395952
XRP,2024-11-16 16:00:00+00:00,2024-11-16 16:00:00+00:00,2024-11-18 16:00:00+00:00,-1,1.1106,1.248289522299686,-136.5789222996859,1.1678,tempo,-0.27583390708985744,-0.2955723280220679,192,48.0,0.1376895222996859,0.856649731334535,0.13061086311631684,-0.4261831911383847
XRP,2024-11-22 03:00:00+00:00,2024-11-22 03:00:00+00:00,2024-11-23 00:30:00+00:00,-1,1.3603,1.533397346139259,-171.73704613925887,1.533397346139259,stop,-0.9845341767723944,-1.0048452719773808,86,21.5,0.17309734613925887,0.9245095268433057,0.00602088696117003,-1.0108661589385508
XRP,2024-11-23 01:00:00+00:00,2024-11-23 01:00:00+00:00,2024-11-25 01:00:00+00:00,-1,1.5823,1.790636843228241,-206.75454322824086,1.4011,tempo,0.8067883099415859,0.7885090180737154,192,48.0,0.20833684322824086,0.9086286098618785,-0.0719282777127676,0.860437295786483
XRP,2024-11-30 02:00:00+00:00,2024-11-30 02:00:00+00:00,2024-12-01 19:30:00+00:00,-1,1.8363,2.0622302409916986,-224.09394099169856,2.0622302409916986,stop,-0.9419247318656737,-0.9644819116195115,166,41.5,0.22593024099169856,1.0733558708075384,0.046734137394209105,-1.0112160490137205
XRP,2024-12-02 01:00:00+00:00,2024-12-02 01:00:00+00:00,2024-12-02 15:15:00+00:00,-1,2.4243,2.7368127779322875,-310.08847793228733,2.7368127779322875,stop,-1.0906017791220413,-1.1125407672613705,57,14.25,0.3125127779322874,1.1110235858056754,-0.10180609161753859,-1.010734675643832
XRP,2024-12-02 16:00:00+00:00,2024-12-02 16:00:00+00:00,2024-12-04 16:00:00+00:00,-1,2.7005,3.076387508947845,-373.1870089478453,2.5145,tempo,0.3830324306811513,0.3631045555777121,192,48.0,0.3758875089478453,1.1681282187787307,-0.12270634702755985,0.48581090260527193
XRP,2024-12-05 04:00:00+00:00,2024-12-05 04:00:00+00:00,2024-12-07 04:00:00+00:00,1,2.2569,1.9014955516917849,357.661348308215,2.4174,tempo,0.7371052201417265,0.7182203662398204,192,48.0,0.35540444830821505,1.2520462316888679,0.27517102977387436,0.4430493364659461
XRP,2025-01-01 19:00:00+00:00,2025-01-01 19:00:00+00:00,2025-01-03 19:00:00+00:00,-1,2.3206,2.5323578589355438,-209.43725893554353,2.4512,tempo,0.15275295299006908,0.11543589499959117,192,48.0,0.21175785893554355,1.5912695993201726,0.7468253068121509,-0.6313894118125597
XRP,2025-01-11 18:00:00+00:00,2025-01-11 18:00:00+00:00,2025-01-13 18:00:00+00:00,-1,2.4815,2.6647039469365943,-180.72244693659425,2.4451,tempo,-0.24983474958924717,-0.2925554283848716,192,48.0,0.18320394693659425,1.4334713715863105,-0.47376173182488157,0.18120630344000999
XRP,2025-01-15 03:00:00+00:00,2025-01-15 03:00:00+00:00,2025-01-15 22:00:00+00:00,-1,2.8474,3.063798443322122,-213.55104332212198,3.063798443322122,stop,-0.44820095659886783,-0.49034529423625994,76,19.0,0.216398443322122,1.4257784622446903,0.5274102816781191,-1.017755575914379
XRP,2025-01-15 23:00:00+00:00,2025-01-15 23:00:00+00:00,2025-01-16 13:00:00+00:00,-1,3.081,3.3285903573670144,-244.50935736701442,3.3285903573670144,stop,-1.0604476410467096,-1.1004275627468934,56,14.0,0.2475903573670144,1.43120599429885,-0.08360043839280241,-1.016827124354091
XRP,2025-01-16 13:00:00+00:00,2025-01-16 13:00:00+00:00,2025-01-18 13:00:00+00:00,-1,3.3383,3.628422783560617,-286.78448356061705,3.1669,tempo,1.2785822391367776,1.2421927287273768,192,48.0,0.29012278356061705,1.4583761086097229,0.6659828290830367,0.5762098996443401
XRP,2025-02-02 18:00:00+00:00,2025-02-02 18:00:00+00:00,2025-02-03 00:45:00+00:00,1,2.5744,2.3717695441914413,205.20485580855853,2.3717695441914413,stop,-0.749661337389836,-0.7851494035187122,27,6.75,0.20263045580855854,1.1880147761790685,0.2307169685471037,-1.0158663720658159
XRP,2025-02-03 01:00:00+00:00,2025-02-03 01:00:00+00:00,2025-02-03 02:00:00+00:00,1,2.3939,2.181010579787771,215.2833202122291,2.181010579787771,stop,-0.5628885312084506,-0.5947931871031593,4,1.0,0.21288942021222912,1.2269877665454687,0.41917505929394944,-1.0139682463971087
XRP,2025-02-03 02:00:00+00:00,2025-02-03 02:00:00+00:00,2025-02-03 02:15:00+00:00,1,2.0977,1.8701681784726638,229.62952152733632,1.8701681784726638,stop,-1.0794287032518486,-1.1068229923781276,1,0.25,0.2275318215273363,1.3399137474162481,-0.09548781166057094,-1.0113351807175568
XRP,2025-02-03 03:00:00+00:00,2025-02-03 03:00:00+00:00,2025-02-05 03:00:00+00:00,1,2.1518,1.9174031605239006,236.54863947609957,2.5174,tempo,0.9813815422206856,0.9524279670312641,192,48.0,0.23439683947609957,1.341147846144548,-0.5943719847529358,1.5467999517842
XRP,2025-02-14 10:00:00+00:00,2025-02-14 10:00:00+00:00,2025-02-16 10:00:00+00:00,-1,2.7541,3.02727662826743,-270.4225282674299,2.7596,tempo,0.023612421835348663,-0.010712809307736094,192,48.0,0.27317662826742994,1.617992170601055,0.022540053712107624,-0.03325286301984372
XRP,2025-02-25 20:00:00+00:00,2025-02-25 20:00:00+00:00,2025-02-27 20:00:00+00:00,-1,2.261,2.455392216968267,-192.13121696826704,2.189,tempo,-0.7077732949638357,-0.7548239301325723,192,48.0,0.19439221696826703,2.127641710684806,-1.1103294183552892,0.3555054882227168
XRP,2025-02-28 09:00:00+00:00,2025-02-28 09:00:00+00:00,2025-03-01 02:30:00+00:00,-1,2.016,2.18933246833221,-171.31646833221018,2.18933246833221,stop,0.8536210943070621,0.8065530459424053,70,17.5,0.17333246833221017,2.0699614233096226,1.8223231213974953,-1.01577007545509
XRP,2025-03-02 16:00:00+00:00,2025-03-02 16:00:00+00:00,2025-03-02 16:45:00+00:00,-1,2.5973,2.8820967133027535,-282.1994133027533,2.8820967133027535,stop,-0.06922173457285241,-0.10725883949888604,3,0.75,0.28479671330275336,2.153489156739561,0.9052469504111984,-1.0125057899100844
XRP,2025-03-02 17:00:00+00:00,2025-03-02 17:00:00+00:00,2025-03-04 17:00:00+00:00,-1,2.8464,3.181332941703516,-332.0865417035158,2.3907,tempo,-0.17762365630200172,-0.21159200390956556,192,48.0,0.33493294170351584,2.1546794842091916,-1.5619992905131466,1.350407286603581
DOGE,2023-01-09 12:00:00+00:00,2023-01-09 12:00:00+00:00,2023-01-11 12:00:00+00:00,-1,0.07788,0.08151299156602589,-3.555111566025881,0.07679,tempo,0.7363963663294639,0.6589755639304725,192,48.0,0.003632991566025881,1.7851292140817436,0.38662026609465067,0.27235529783582185
DOGE,2023-01-12 01:00:00+00:00,2023-01-12 01:00:00+00:00,2023-01-12 13:45:00+00:00,1,0.07952,0.07556227017991007,4.03724982008992,0.07556227017991007,stop,-0.788658472567408,-0.8581451346430555,51,12.75,0.00395772982008992,1.6851683077151367,0.16732488989102226,-1.0254700245340778
DOGE,2023-01-12 18:00:00+00:00,2023-01-12 18:00:00+00:00,2023-01-14 18:00:00+00:00,1,0.07998,0.07577232889755683,4.287651102443161,0.08625,tempo,-1.4001040022289533,-1.462536933757631,192,48.0,0.004207671102443161,1.4873693599749025,-2.9269932446185476,1.4644563108609165
DOGE,2023-01-15 09:00:00+00:00,2023-01-15 09:00:00+00:00,2023-01-17 09:00:00+00:00,1,0.08323,0.07795440047890251,5.3588295210974906,0.08447,tempo,-0.32521108588436987,-0.37206825662383736,192,48.0,0.00527559952109749,1.2772268460255443,-0.5864505264449406,0.2143822698211032
DOGE,2023-01-28 06:00:00+00:00,2023-01-28 06:00:00+00:00,2023-01-30 06:00:00+00:00,-1,0.09236,0.09832038656026183,-5.868026560261835,0.08922,tempo,1.0145344815774824,0.9731192595982556,192,48.0,0.005960386560261835,1.0729231141956528,0.46610969412013153,0.5070095654781241
DOGE,2023-01-31 03:00:00+00:00,2023-01-31 03:00:00+00:00,2023-01-31 20:00:00+00:00,-1,0.09183,0.09765416811593787,-5.732338115937875,0.09765416811593787,stop,-0.7739707800007043,-0.8172342006451441,68,17.0,0.005824168115937875,1.078989820893077,0.20391297553926568,-1.0211471761844098
DOGE,2023-01-31 20:00:00+00:00,2023-01-31 20:00:00+00:00,2023-02-02 20:00:00+00:00,-1,0.09707,0.10352069140576092,-6.353621405760919,0.09291,tempo,1.1056134806995153,1.065144466068117,192,48.0,0.006450691405760919,1.0901421248930079,0.43939557403537954,0.6257488920327375
DOGE,2023-02-04 18:00:00+00:00,2023-02-04 18:00:00+00:00,2023-02-06 18:00:00+00:00,-1,0.09887,0.10554600916600469,-6.577139166004693,0.09216,tempo,0.7214095821282969,0.6816134999089221,192,48.0,0.006676009166004693,1.1009757153342192,-0.3048786297807878,0.9864921296897099
DOGE,2023-02-16 04:00:00+00:00,2023-02-16 04:00:00+00:00,2023-02-16 22:45:00+00:00,1,0.09001,0.08458064349066713,5.519366509332878,0.08458064349066713,stop,-0.5266458641316751,-0.5723435896955239,75,18.75,0.005429356509332878,1.1505159724377327,0.4485583197800941,-1.020901909475618
DOGE,2023-03-13 14:00:00+00:00,2023-03-13 14:00:00+00:00,2023-03-15 14:00:00+00:00,1,0.06922,0.0648756634821342,4.41355651786581,0.0725,tempo,-0.9509661648093409,-0.9935296092282325,192,48.0,0.00434433651786581,1.031181805115711,-1.727331419214643,0.7338018099864104
DOGE,2023-03-15 17:00:00+00:00,2023-03-15 17:00:00+00:00,2023-03-17 17:00:00+00:00,1,0.06771,0.06318467307650481,4.593036923495193,0.07358,tempo,-0.05511749643335362,-0.09410588000545617,192,48.0,0.004525326923495193,0.961074740492743,-1.3709553977718243,1.2768495177663681
DOGE,2023-03-21 03:00:00+00:00,2023-03-21 03:00:00+00:00,2023-03-23 03:00:00+00:00,1,0.07162,0.06698144646131633,4.710173538683671,0.07373,tempo,0.6992882529804072,0.6584129757388122,192,48.0,0.004638553538683671,1.0216813298141514,0.22389767195038895,0.43451530378842323
DOGE,2023-04-01 19:00:00+00:00,2023-04-01 19:00:00+00:00,2023-04-03 17:45:00+00:00,-1,0.08128,0.08619133015408414,-4.83005015408414,0.08619133015408414,stop,-1.2183023571082143,-1.261092550520037,187,46.75,0.00491133015408414,0.9587030833814979,-0.23892821597420477,-1.0221643345458322
DOGE,2023-04-03 18:00:00+00:00,2023-04-03 18:00:00+00:00,2023-04-03 19:00:00+00:00,-1,0.09383,0.10450090711359342,-10.577077113593418,0.10450090711359342,stop,-0.9519409265914264,-0.9744496485649322,4,1.0,0.01067090711359342,0.9122340058628431,0.037631338388802435,-1.0120809869537346
DOGE,2023-04-03 19:00:00+00:00,2023-04-03 19:00:00+00:00,2023-04-05 19:00:00+00:00,-1,0.10007,0.11181180655005778,-11.64173655005777,0.09266,tempo,0.596488129525471,0.5756057194166936,192,48.0,0.01174180655005777,0.9218371739492847,-0.044803539494505114,0.6204092589111987
DOGE,2023-06-05 17:00:00+00:00,2023-06-05 17:00:00+00:00,2023-06-07 17:00:00+00:00,1,0.06587,0.06331037708692971,2.6254929130702833,0.06744,tempo,0.11672561328584957,0.05063812804593748,192,48.0,0.0025596229130702836,0.9635242083739906,-0.5288802425802718,0.5795183706262093
DOGE,2023-06-07 19:00:00+00:00,2023-06-07 19:00:00+00:00,2023-06-09 19:00:00+00:00,1,0.06758,0.06464488343548055,3.0026965645194466,0.06876,tempo,0.4147596747052046,0.358024936103742,192,48.0,0.0029351165645194466,0.8867219597608972,-0.013810040807536911,0.37183497691127887
DOGE,2023-06-10 05:00:00+00:00,2023-06-10 05:00:00+00:00,2023-06-12 05:00:00+00:00,1,0.05997,0.055605369764940966,4.424600235059036,0.06094,tempo,0.19130693437395677,0.15295328727562987,192,48.0,0.004364630235059036,1.1391335122707738,-0.05128131038621339,0.20423459766184326
DOGE,2023-06-20 19:00:00+00:00,2023-06-20 19:00:00+00:00,2023-06-22 19:00:00+00:00,1,0.06249,0.05918997441744649,3.3625155825535034,0.06629,tempo,-0.4368392812038684,-0.4901499242102354,192,48.0,0.0033000255825535035,1.1351906858129677,-1.6162905879818175,1.126140663771582
DOGE,2023-06-30 18:00:00+00:00,2023-06-30 18:00:00+00:00,2023-07-01 01:15:00+00:00,-1,0.06595,0.06961793494937912,-3.6019849493791285,0.06961793494937912,stop,-0.9849793629743321,-1.0371765991873152,29,7.25,0.0036679349493791286,1.2053059922960494,-0.013152411481365601,-1.0240241877059495
DOGE,2023-07-01 02:00:00+00:00,2023-07-01 02:00:00+00:00,2023-07-03 02:00:00+00:00,-1,0.06894,0.0728807478020624,-3.871807802062397,0.06795,tempo,0.4085054101335325,0.35850157464179705,192,48.0,0.003940747802062397,1.205887001057173,0.12985931046836943,0.22864226417342762
DOGE,2023-07-04 17:00:00+00:00,2023-07-04 17:00:00+00:00,2023-07-06 17:00:00+00:00,-1,0.07156,0.07537772235007778,-3.746162350077782,0.06556,tempo,1.100266415502515,1.0474476677643325,192,48.0,0.003817722350077782,1.2095209371713855,-0.5008241702543694,1.548271838018702
DOGE,2023-07-13 17:00:00+00:00,2023-07-13 17:00:00+00:00,2023-07-14 01:15:00+00:00,-1,0.06883,0.0719598925113464,-3.0610625113463907,0.0719598925113464,stop,-0.5948403121560044,-0.6538484398304626,33,8.25,0.003129892511346391,1.0413132330991999,0.37539008187615297,-1.0292385217066156
DOGE,2023-07-14 02:00:00+00:00,2023-07-14 02:00:00+00:00,2023-07-15 07:30:00+00:00,-1,0.07059,0.07389676602158059,-3.236176021580587,0.07389676602158059,stop,-1.7794700661879297,-1.8368033565683684,118,29.5,0.003306766021580587,1.042546652079948,-0.8084020734714964,-1.028401283096872
DOGE,2023-07-15 08:00:00+00:00,2023-07-15 08:00:00+00:00,2023-07-17 08:00:00+00:00,-1,0.07315,0.07727172503527394,-4.048575035273929,0.07106,tempo,0.4741569226813064,0.4266596443121245,192,48.0,0.004121725035273929,1.072971463921676,-0.05766754464780994,0.48432718895993443
DOGE,2023-07-24 12:00:00+00:00,2023-07-24 12:00:00+00:00,2023-07-25 16:45:00+00:00,-1,0.0761,0.08125657130305777,-5.080471303057772,0.08125657130305777,stop,-1.0215684266056135,-1.0668822702452168,115,28.75,0.005156571303057772,1.3280328959490235,-0.04704704149809638,-1.0198352287471204
DOGE,2023-07-25 18:00:00+00:00,2023-07-25 18:00:00+00:00,2023-07-27 18:00:00+00:00,-1,0.08146,0.08706783397078899,-5.526373970788984,0.07812,tempo,0.5625192758488486,0.5192065751226619,192,48.0,0.0056078339707889835,1.3141271270366472,-0.0578920010580249,0.5770985761806868
DOGE,2023-08-16 09:00:00+00:00,2023-08-16 09:00:00+00:00,2023-08-16 20:30:00+00:00,1,0.07014,0.06737914477731217,2.830995222687819,0.06737914477731217,stop,-0.7580470223891398,-0.8359592955281842,46,11.5,0.002760855222687819,1.37874867958761,0.19641742722449618,-1.0323767227526803
DOGE,2023-08-18 11:00:00+00:00,2023-08-18 11:00:00+00:00,2023-08-20 11:00:00+00:00,-1,0.06268,0.06663579121432232,-3.893111214322324,0.06437,tempo,-0.7070548974853244,-0.759683067888283,192,48.0,0.003955791214322324,1.5414505191925,-0.3115849747477272,-0.4480980931405558
DOGE,2023-10-02 14:00:00+00:00,2023-10-02 14:00:00+00:00,2023-10-02 18:45:00+00:00,1,0.06343,0.06182247421598283,1.6709557840171694,0.06182247421598283,stop,-0.13524767688121242,-0.2238087116477243,19,4.75,0.0016075257840171692,0.7391556847162799,0.8268368885969803,-1.0506456002447047
DOGE,2023-10-02 19:00:00+00:00,2023-10-02 19:00:00+00:00,2023-10-04 00:45:00+00:00,1,0.06161,0.05996501004706791,1.7065999529320868,0.05996501004706791,stop,-0.4606799131182161,-0.5451171459987055,119,29.75,0.0016449899529320869,0.747563996993465,0.5029219051758865,-1.048039051174592
DOGE,2023-10-09 10:00:00+00:00,2023-10-09 10:00:00+00:00,2023-10-11 10:00:00+00:00,1,0.05876,0.057312460321301426,1.506299678698574,0.05898,tempo,0.4124773139066995,0.3231603627359336,192,48.0,0.0014475396786985742,0.6906690946230644,0.22404805368407726,0.09911230905185639
DOGE,2023-10-14 20:00:00+00:00,2023-10-14 20:00:00+00:00,2023-10-16 13:30:00+00:00,-1,0.05954,0.060938651367932785,-1.3391113679327822,0.060938651367932785,stop,1.925184383284917,1.8301493966106333,166,41.5,0.0013986513679327822,0.7055333289101594,2.8861398494029546,-1.0559904527923214
DOGE,2023-10-16 16:00:00+00:00,2023-10-16 16:00:00+00:00,2023-10-17 14:00:00+00:00,1,0.05967,0.05825479811122903,1.4748718887709713,0.05825479811122903,stop,-1.2302381036123669,-1.3221564415194236,88,22.0,0.0014152018887709714,0.6888126573907278,-0.2679937673592962,-1.0541626741601273
DOGE,2023-10-17 15:00:00+00:00,2023-10-17 15:00:00+00:00,2023-10-19 01:45:00+00:00,1,0.05897,0.05757596280862463,1.4530071913753746,0.05757596280862463,stop,-0.659926438353173,-0.7511310238805983,139,34.75,0.0013940371913753746,0.6703240033863516,0.30321105271125026,-1.0543420765918485
DOGE,2023-10-23 09:00:00+00:00,2023-10-23 09:00:00+00:00,2023-10-23 22:45:00+00:00,-1,0.06428,0.06602568635541713,-1.6814063554171224,0.06602568635541713,stop,1.605328586758247,1.5257559353029924,55,13.75,0.0017456863554171226,0.6487266739119655,2.574274786279967,-1.0485188509769745
DOGE,2023-10-26 02:00:00+00:00,2023-10-26 02:00:00+00:00,2023-10-26 11:45:00+00:00,-1,0.07068,0.07380704185036986,-3.056361850369855,0.07380704185036986,stop,-1.2609597160794273,-1.3100621494468023,39,9.75,0.003127041850369855,0.6489572383879532,-0.2800284685123331,-1.0300336809344692
DOGE,2023-10-26 12:00:00+00:00,2023-10-26 12:00:00+00:00,2023-10-28 12:00:00+00:00,-1,0.07397,0.07752842995897903,-3.484459958979037,0.06915,tempo,1.3852783562133648,1.3417470984303719,192,48.0,0.003558429958979037,0.6434514184237013,0.013360125947646524,1.3283869724827253
DOGE,2023-11-06 18:00:00+00:00,2023-11-06 18:00:00+00:00,2023-11-08 18:00:00+00:00,-1,0.07468,0.07832581377890178,-3.571133778901788,0.07535,tempo,-0.031188088918265494,-0.07911281039680249,192,48.0,0.003645813778901788,0.7952403065024172,0.1314079530172851,-0.2105207634140876
DOGE,2023-11-09 17:00:00+00:00,2023-11-09 17:00:00+00:00,2023-11-11 17:00:00+00:00,1,0.0714,0.06718151461871347,4.289885381286537,0.08044,tempo,1.8206124344596395,1.7780585377735314,192,48.0,0.004218485381286538,0.8706851011325615,-0.34149461740964626,2.1195531551831777
DOGE,2023-11-11 17:00:00+00:00,2023-11-11 17:00:00+00:00,2023-11-13 17:00:00+00:00,-1,0.08043,0.08545850569628967,-4.948075696289668,0.07661,tempo,0.6593278100972775,0.6206489048855144,192,48.0,0.005028505696289667,0.883913342549168,-0.11872064633987461,0.739369551225389
DOGE,2023-11-16 11:00:00+00:00,2023-11-16 11:00:00+00:00,2023-11-18 11:00:00+00:00,-1,0.08283,0.08833660962287995,-5.423779622879951,0.08424,tempo,-0.5785320558459794,-0.6169103618101017,192,48.0,0.005506609622879952,0.9541214993811885,-0.341133503815623,-0.27577685799447876
DOGE,2023-11-19 02:00:00+00:00,2023-11-19 02:00:00+00:00,2023-11-21 02:00:00+00:00,1,0.07823,0.07232869352280123,5.979536477198761,0.07834,tempo,-0.3883514763385054,-0.4227356444337253,192,48.0,0.005901306477198762,0.9945133569987131,-0.4241301661437584,0.0013945217100331427
DOGE,2023-12-06 07:00:00+00:00,2023-12-06 07:00:00+00:00,2023-12-08 07:00:00+00:00,-1,0.1042,0.11090704247751088,-6.602842477510875,0.09722,tempo,0.9252965706977763,0.8833778746093359,192,48.0,0.0067070424775108745,1.1090172395322537,-0.13779904844808866,1.0211769230574246
DOGE,2024-01-02 13:00:00+00:00,2024-01-02 13:00:00+00:00,2024-01-03 12:15:00+00:00,1,0.09238,0.08789715375767394,4.575226242326061,0.08789715375767394,stop,0.8649564875255227,0.8065380363223134,93,23.25,0.004482846242326061,1.2048960357413887,1.83267771268152,-1.0261396763592066
DOGE,2024-01-04 12:00:00+00:00,2024-01-04 12:00:00+00:00,2024-01-06 12:00:00+00:00,1,0.08263,0.07785956082567733,4.853069174322669,0.08063,tempo,-0.657476480268559,-0.7075287177605655,192,48.0,0.004770439174322669,1.2349040159968843,-0.26603498457633734,-0.44149373318422813
DOGE,2024-01-08 19:00:00+00:00,2024-01-08 19:00:00+00:00,2024-01-09 13:00:00+00:00,1,0.08081,0.07623251723717067,4.658292762829335,0.07623251723717067,stop,-0.6516249130598575,-0.700702413163617,72,18.0,0.004577482762829335,1.1667803352931752,0.3215975367199881,-1.0222999498836052
DOGE,2024-01-09 15:00:00+00:00,2024-01-09 15:00:00+00:00,2024-01-11 15:00:00+00:00,1,0.07753,0.07305823823431931,4.549291765680691,0.08717,tempo,1.2821437670092874,1.232000605198131,192,48.0,0.00447176176568069,1.162560138482073,-0.8998090706129177,2.1318096758110485
DOGE,2024-01-11 18:00:00+00:00,2024-01-11 18:00:00+00:00,2024-01-13 18:00:00+00:00,-1,0.08479,0.09024591806865348,-5.371128068653476,0.0808,tempo,-0.4402834908117108,-0.47959280860225206,192,48.0,0.005455918068653476,0.9692263891773816,-1.1911809320210809,0.7115881234188288
DOGE,2024-01-20 21:00:00+00:00,2024-01-20 21:00:00+00:00,2024-01-20 23:30:00+00:00,-1,0.08473,0.08942945955962801,-4.614729559628013,0.08942945955962801,stop,-1.0087790827881566,-1.0538575980116116,10,2.5,0.004699459559628014,0.8955234326861262,-0.029768945417116482,-1.0240886525944952
DOGE,2024-01-21 00:00:00+00:00,2024-01-21 00:00:00+00:00,2024-01-23 00:00:00+00:00,-1,0.08776,0.09280473953142929,-4.9569795314292815,0.08055,tempo,0.6356586934233183,0.5937305155575412,192,48.0,0.005044739531429282,0.895056766358286,-0.813794780002814,1.4075252955603552
DOGE,2024-02-19 20:00:00+00:00,2024-02-19 20:00:00+00:00,2024-02-21 20:00:00+00:00,-1,0.08916,0.0927449280081354,-3.495768008135396,0.08342,tempo,1.310862346557027,1.2541457736562927,192,48.0,0.0035849280081353962,0.7863808427140118,-0.3157108558851104,1.5698566295414031
DOGE,2024-02-27 11:00:00+00:00,2024-02-27 11:00:00+00:00,2024-02-27 20:45:00+00:00,-1,0.09611,0.10039464092781106,-4.188530927811056,0.10039464092781106,stop,-0.8927417061765421,-0.9459558653176646,39,9.75,0.004284640927811056,0.8025703528171008,0.08385480464396769,-1.0298106699616323
DOGE,2024-02-27 21:00:00+00:00,2024-02-27 21:00:00+00:00,2024-02-28 16:30:00+00:00,-1,0.09858,0.10352153274981057,-4.842952749810573,0.10352153274981057,stop,0.2887486257133649,0.24077648232040327,78,19.5,0.004941532749810573,0.8247102811270227,1.267360540939141,-1.0265840586187378
DOGE,2024-02-29 04:00:00+00:00,2024-02-29 04:00:00+00:00,2024-03-01 18:30:00+00:00,-1,0.12437,0.13868892205569242,-14.19455205569242,0.13868892205569242,stop,-0.8948742620072688,-0.9193622206557646,154,38.5,0.01431892205569242,1.1111563625573093,0.09257920193674306,-1.0119414225925076
DOGE,2024-03-01 23:00:00+00:00,2024-03-01 23:00:00+00:00,2024-03-03 23:00:00+00:00,-1,0.1399,0.1570290075586275,-16.989107558627506,0.15111,tempo,-0.5957921734953007,-0.6199418042097865,192,48.0,0.017129007558627507,1.2344130810276126,0.04554663468453175,-0.6654884388943183
DOGE,2024-03-04 08:00:00+00:00,2024-03-04 08:00:00+00:00,2024-03-04 17:00:00+00:00,-1,0.1639,0.18488773690550803,-20.823836905508035,0.18488773690550803,stop,-0.6041299335056076,-0.6281414731578014,36,9.0,0.020987736905508037,1.301149143135296,0.38266064571805897,-1.0108021188758605
DOGE,2024-03-04 17:00:00+00:00,2024-03-04 17:00:00+00:00,2024-03-05 02:15:00+00:00,-1,0.18213,0.20628451238207457,-23.97238238207458,0.20628451238207457,stop,-0.7590506237401933,-0.7826302731887803,37,9.25,0.024154512382074583,1.3392188230829383,0.22782199465479291,-1.0104522678435732
DOGE,2024-03-28 01:00:00+00:00,2024-03-28 01:00:00+00:00,2024-03-28 20:00:00+00:00,-1,0.20368,0.22831182852499812,-24.428148524998125,0.22831182852499812,stop,-0.7705682725185965,-0.8010531312218142,76,19.0,0.024631828524998123,1.775421187251518,0.21034653763574862,-1.0113996688575628
DOGE,2024-03-28 20:00:00+00:00,2024-03-28 20:00:00+00:00,2024-03-30 20:00:00+00:00,-1,0.22738,0.2553299870454585,-27.722607045458506,0.20124,tempo,0.7509750324607103,0.7219923147129865,192,48.0,0.027949987045458508,1.7979511951902303,-0.20328170984875732,0.9252740245617438
DOGE,2024-04-13 17:00:00+00:00,2024-04-13 17:00:00+00:00,2024-04-13 20:00:00+00:00,1,0.16596,0.14854029848193498,17.585661518065017,0.14854029848193498,stop,-0.3735121415678204,-0.40581043665487215,12,3.0,0.017419701518065017,1.6602771100801286,0.6059248501869409,-1.011735286841813
DOGE,2024-05-04 13:00:00+00:00,2024-05-04 13:00:00+00:00,2024-05-06 13:00:00+00:00,-1,0.16486,0.1796324847324226,-14.607624732422597,0.15814,tempo,0.32606952090398456,0.28874080838796856,192,48.0,0.014772484732422597,1.5933698323231769,-0.1519467345621872,0.4406875429501558
DOGE,2024-05-14 08:00:00+00:00,2024-05-14 08:00:00+00:00,2024-05-16 08:00:00+00:00,-1,0.1523,0.16366475031949654,-11.212450319496547,0.15604,tempo,0.9127870330399497,0.8707255704116487,192,48.0,0.011364750319496547,1.402075967692683,1.21744862980347,-0.34672305939182124
DOGE,2024-05-21 17:00:00+00:00,2024-05-21 17:00:00+00:00,2024-05-23 17:00:00+00:00,-1,0.16814,0.1795293041265643,-11.221164126564277,0.15985,tempo,0.21646004905016314,0.17286385376879454,192,48.0,0.011389304126564276,1.296249585146964,-0.536293300193033,0.7091571539618275
DOGE,2024-06-08 13:00:00+00:00,2024-06-08 13:00:00+00:00,2024-06-10 13:00:00+00:00,1,0.14566,0.13705148889297697,8.754171107023042,0.14448,tempo,-0.14057739760769697,-0.19045531824541168,192,48.0,0.008608511107023042,1.2715788812988142,-0.03147416773223142,-0.15898115051318026
DOGE,2024-06-18 00:00:00+00:00,2024-06-18 00:00:00+00:00,2024-06-18 01:45:00+00:00,1,0.12869,0.12147678305638482,7.3419069436151805,0.12147678305638482,stop,-0.33407748080538446,-0.3874575587289456,7,1.75,0.0072132169436151805,1.329573593926247,0.6350855604171636,-1.0225431191461092
DOGE,2024-06-18 02:00:00+00:00,2024-06-18 02:00:00+00:00,2024-06-20 02:00:00+00:00,1,0.11864,0.11100718281001186,7.751457189988137,0.12268,tempo,0.5190703213160446,0.4707880872366999,192,48.0,0.007632817189988136,1.3724224950195345,-0.037954871404241516,0.5087429586409414
DOGE,2024-06-25 06:00:00+00:00,2024-06-25 06:00:00+00:00,2024-06-27 06:00:00+00:00,-1,0.12271,0.1299996065445053,-7.166896544505293,0.12095,tempo,0.16581913052717856,0.11520766259104077,192,48.0,0.007289606544505292,1.3199268312048396,-0.10450529313868324,0.21971295572972402
DOGE,2024-07-04 19:00:00+00:00,2024-07-04 19:00:00+00:00,2024-07-05 00:45:00+00:00,1,0.1077,0.10182701606227541,5.980683937724591,0.10182701606227541,stop,-0.4823959260126368,-0.5374735376987985,23,5.75,0.005872983937724591,1.3375999451509262,0.48571613247306383,-1.0231896701718624
DOGE,2024-07-05 01:00:00+00:00,2024-07-05 01:00:00+00:00,2024-07-05 03:00:00+00:00,1,0.10339,0.0975507890889424,5.942600911057602,0.0975507890889424,stop,-0.33612382990311795,-0.38929697631072413,8,2.0,0.005839210911057602,1.3383060686626775,0.6330710310959746,-1.0223680074066988
DOGE,2024-07-05 03:00:00+00:00,2024-07-05 03:00:00+00:00,2024-07-07 03:00:00+00:00,1,0.09475,0.08831600952523982,6.528740474760176,0.11228,tempo,1.7506858246034316,1.702434624273201,192,48.0,0.006433990474760176,1.427873053139413,-1.0012421325141037,2.7036767567873046
DOGE,2024-07-20 16:00:00+00:00,2024-07-20 16:00:00+00:00,2024-07-21 20:45:00+00:00,-1,0.13477,0.1432160756963555,-8.311305696355499,0.1432160756963555,stop,-0.6488016820454812,-0.6958075681389395,115,28.75,0.008446075696355498,1.2347208230374367,0.32558591159042166,-1.0213934797293611
DOGE,2024-07-22 18:00:00+00:00,2024-07-22 18:00:00+00:00,2024-07-24 18:00:00+00:00,-1,0.14149,0.15136531399947267,-9.73382399947267,0.13197,tempo,0.7299910299090662,0.688365406979937,192,48.0,0.009875313999472668,1.268462010627549,-0.25765524618601476,0.9460206531659517
DOGE,2024-09-05 23:00:00+00:00,2024-09-05 23:00:00+00:00,2024-09-07 23:00:00+00:00,-1,0.09856,0.10415688116272834,-5.498321162728343,0.09482,tempo,-0.06133216728664381,-0.10860507369105976,192,48.0,0.005596881162728343,1.0839460489689636,-0.7543759762553208,0.6457709025642611
DOGE,2024-09-22 02:00:00+00:00,2024-09-22 02:00:00+00:00,2024-09-24 02:00:00+00:00,-1,0.10915,0.11430582579289043,-5.046675792890437,0.10773,tempo,0.23732317224722205,0.17994740003060355,192,48.0,0.005155825792890437,1.0912821895165314,-0.06812692431210234,0.24807432434270588
DOGE,2024-09-26 09:00:00+00:00,2024-09-26 09:00:00+00:00,2024-09-26 17:00:00+00:00,-1,0.11375,0.1191782737311088,-5.314523731108796,0.1191782737311088,stop,-0.42180094728518636,-0.4791783277577968,32,8.0,0.005428273731108796,1.0823786931806298,0.5487132977248212,-1.027891625482618
DOGE,2024-09-26 17:00:00+00:00,2024-09-26 17:00:00+00:00,2024-09-27 08:30:00+00:00,-1,0.11919,0.1250898080817664,-5.780618081766392,0.1250898080817664,stop,-0.9072071234840905,-0.9627392435241178,62,15.5,0.005899808081766392,1.089707934691385,0.0641738141639569,-1.0269130576880747
DOGE,2024-09-27 09:00:00+00:00,2024-09-27 09:00:00+00:00,2024-09-28 14:30:00+00:00,-1,0.12349,0.12981591490604594,-6.202424906045934,0.12981591490604594,stop,-1.006330956788838,-1.0599467010431631,118,29.5,0.006325914906045935,1.0871001145421413,-0.033919028029166645,-1.0260276730139966
DOGE,2024-10-01 18:00:00+00:00,2024-10-01 18:00:00+00:00,2024-10-03 09:15:00+00:00,1,0.10778,0.10134698358333027,6.5407964166697266,0.10134698358333027,stop,-0.4666409549901651,-0.5125438284053365,157,39.25,0.006433016416669726,1.137369562805608,0.5085866227741329,-1.0211304511794694
DOGE,2024-10-16 10:00:00+00:00,2024-10-16 10:00:00+00:00,2024-10-18 00:45:00+00:00,-1,0.12709,0.13526122244958821,-8.044132449588204,0.13526122244958821,stop,-1.0434560341402834,-1.0899138568535394,155,38.75,0.008171222449588206,1.265541132700102,-0.06904448318952583,-1.0208693736640135
DOGE,2024-10-18 01:00:00+00:00,2024-10-18 01:00:00+00:00,2024-10-19 01:45:00+00:00,-1,0.13392,0.1428642081787408,-8.810288178740782,0.1428642081787408,stop,-0.6487317756572539,-0.6938911837353744,99,24.75,0.008944208178740781,1.28667753287402,0.3262234794881186,-1.020114663223493
DOGE,2024-10-19 03:00:00+00:00,2024-10-19 03:00:00+00:00,2024-10-21 03:00:00+00:00,-1,0.14553,0.155860240913386,-10.184710913385995,0.1439,tempo,0.23402951412944722,0.1918664693067053,192,48.0,0.010330240913385996,1.3078186927401494,0.052288843567928296,0.13957762573877702
DOGE,2024-10-28 20:00:00+00:00,2024-10-28 20:00:00+00:00,2024-10-29 14:15:00+00:00,-1,0.15851,0.16984954648768066,-11.181036487680652,0.16984954648768066,stop,-0.43574223348704355,-0.4799645872644781,73,18.25,0.011339546487680652,1.3977653981398237,0.5388574798657081,-1.0188220671301862
DOGE,2024-10-29 17:00:00+00:00,2024-10-29 17:00:00+00:00,2024-10-31 17:00:00+00:00,-1,0.17819,0.19165613993309852,-13.287949933098531,0.16504,tempo,0.4042352912168512,0.3640498502288976,192,48.0,0.013466139933098531,1.372965208343114,-0.5959060513303062,0.9599559015592037
DOGE,2024-11-04 18:00:00+00:00,2024-11-04 18:00:00+00:00,2024-11-05 09:15:00+00:00,-1,0.15715,0.16984385106632952,-12.536701066329504,0.16984385106632952,stop,-0.6873748302281659,-0.7280114362922623,61,15.25,0.012693851066329503,1.4845640961630333,0.28873257638619854,-1.0167440126784608
DOGE,2024-11-05 10:00:00+00:00,2024-11-05 10:00:00+00:00,2024-11-06 01:00:00+00:00,-1,0.16776,0.1821187213053565,-14.19096130535651,0.1821187213053565,stop,-0.40555872970416595,-0.44441146235603546,60,15.0,0.014358721305356509,1.5152341772644038,0.5714270767458859,-1.0158385391019213
DOGE,2024-11-06 04:00:00+00:00,2024-11-06 04:00:00+00:00,2024-11-08 04:00:00+00:00,-1,0.21143,0.23489811792370183,-23.25668792370182,0.19487,tempo,1.0291182516632862,0.9974689185067556,192,48.0,0.02346811792370182,1.7414575572347373,0.3030840916970251,0.6943848268097305
DOGE,2024-11-10 01:00:00+00:00,2024-11-10 01:00:00+00:00,2024-11-10 16:30:00+00:00,-1,0.22671,0.2509265536555749,-23.98984365557493,0.2509265536555749,stop,-0.3750204628044964,-0.40951274526192794,62,15.5,0.02421655365557493,1.7807244394143478,0.6033075661784099,-1.0128203114403378
DOGE,2024-11-10 17:00:00+00:00,2024-11-10 17:00:00+00:00,2024-11-10 19:00:00+00:00,-1,0.26392,0.29351822513371656,-29.334305133716573,0.29351822513371656,stop,-0.843855638234328,-0.8764640650559783,8,2.0,0.02959822513371657,1.7569913726380137,0.1357777110876921,-1.0122417761436704
DOGE,2024-11-10 19:00:00+00:00,2024-11-10 19:00:00+00:00,2024-11-11 15:30:00+00:00,-1,0.27798,0.3093933272163791,-31.135347216379074,0.3093933272163791,stop,-0.38740728697336546,-0.41994810976649133,82,20.5,0.03141332721637907,1.7721885127320212,0.5922057337299588,-1.01215384349645
DOGE,2024-11-11 16:00:00+00:00,2024-11-11 16:00:00+00:00,2024-11-12 00:00:00+00:00,-1,0.31005,0.34854572040065057,-38.18567040065058,0.34854572040065057,stop,-0.16764718401062506,-0.1984902847918535,32,8.0,0.03849572040065058,1.8836668172697502,0.8126300998588307,-1.0111203846506842
DOGE,2024-11-12 06:00:00+00:00,2024-11-12 06:00:00+00:00,2024-11-14 06:00:00+00:00,-1,0.39993,0.45415179724565047,-53.821867245650466,0.39456,tempo,0.3440105065163811,0.31619907504432954,192,48.0,0.05422179724565046,1.9071939481503144,0.22668559990054263,0.08951347514378691
DOGE,2024-11-23 05:00:00+00:00,2024-11-23 05:00:00+00:00,2024-11-25 05:00:00+00:00,-1,0.45705,0.5162616017948161,-58.754551794816045,0.42172,tempo,0.4763838787797322,0.446225708787224,192,48.0,0.05921160179481605,2.044066972064602,-0.14080113133185457,0.5870268401190786
DOGE,2024-12-10 16:00:00+00:00,2024-12-10 16:00:00+00:00,2024-12-12 16:00:00+00:00,1,0.37283,0.3319159491055247,41.28688089447531,0.41482,tempo,-0.05996346144321807,-0.09462429188273136,192,48.0,0.04091405089447531,1.8695723987361221,-1.1084087154045996,1.0137844235218683
DOGE,2024-12-19 19:00:00+00:00,2024-12-19 19:00:00+00:00,2024-12-20 10:15:00+00:00,1,0.31894,0.28704426231180735,32.21467768819265,0.28704426231180735,stop,-0.16145668593406526,-0.19596519798776657,61,15.25,0.03189573768819265,1.7046482771585008,0.8163840937688085,-1.012349291756575
DOGE,2024-12-20 11:00:00+00:00,2024-12-20 11:00:00+00:00,2024-12-22 11:00:00+00:00,1,0.28389,0.2538851206197054,30.288769380294557,0.32047,tempo,0.7765567242586514,0.7425209106542376,192,48.0,0.030004879380294558,1.7027355714987786,-0.4635217979781993,1.206042708632437
DOGE,2025-01-03 17:00:00+00:00,2025-01-03 17:00:00+00:00,2025-01-05 17:00:00+00:00,-1,0.37249,0.40328588397901527,-30.423393979015284,0.38254,tempo,-0.2906700820141761,-0.3327828944780845,192,48.0,0.03079588397901528,1.6647463673130147,0.009495622585514663,-0.3422785170635992
DOGE,2025-01-19 10:00:00+00:00,2025-01-19 10:00:00+00:00,2025-01-21 01:00:00+00:00,1,0.37755,0.3442275543930955,33.6999956069045,0.3442275543930955,stop,-0.24567165439612948,-0.28491630663398093,156,39.0,0.033322445606904505,1.708530463009843,0.7291629544109618,-1.0140792610449427
DOGE,2025-02-02 17:00:00+00:00,2025-02-02 17:00:00+00:00,2025-02-02 22:45:00+00:00,1,0.28047,0.25680399590390884,23.946474096091155,0.25680399590390884,stop,-0.8074483758632759,-0.8449220104677801,23,5.75,0.023666004096091153,1.474511445645038,0.16983451944405314,-1.0147565299118333
DOGE,2025-02-02 23:00:00+00:00,2025-02-02 23:00:00+00:00,2025-02-03 02:00:00+00:00,1,0.26488,0.242067878601287,23.077001398712998,0.242067878601287,stop,-0.20283811658428375,-0.23953241489656962,12,3.0,0.022812121398712998,1.4739872530075078,0.7749123671266152,-1.0144447820231848
DOGE,2025-02-03 02:00:00+00:00,2025-02-03 02:00:00+00:00,2025-02-03 02:15:00+00:00,1,0.22885,0.20544189237860702,23.636957621392977,0.20544189237860702,stop,-1.0980034702240864,-1.1298775601857878,1,0.25,0.023408107621392976,1.5590406820435712,-0.1178180748736088,-1.012059485312179
DOGE,2025-02-03 03:00:00+00:00,2025-02-03 03:00:00+00:00,2025-02-05 03:00:00+00:00,1,0.22783,0.20457022110196502,23.48760889803499,0.26556,tempo,0.9050652450859126,0.871433976015154,192,48.0,0.02325977889803499,1.558356205693737,-0.7368915658566301,1.6083255418717841
DOGE,2025-02-24 22:00:00+00:00,2025-02-24 22:00:00+00:00,2025-02-25 07:30:00+00:00,1,0.21919,0.2034506069951731,15.958583004826906,0.2034506069951731,stop,0.3590128924810325,0.305389253008131,38,9.5,0.015739393004826907,1.9978702757575393,1.3228433183880737,-1.0174540653799427
DOGE,2025-02-25 20:00:00+00:00,2025-02-25 20:00:00+00:00,2025-02-27 20:00:00+00:00,-1,0.2085,0.22487058450655487,-16.162084506554873,0.20493,tempo,-0.866736022616428,-0.9155208105861099,192,48.0,0.016370584506554875,1.9550119686111058,-1.1171794928816714,0.20165868229556144
DOGE,2025-03-03 11:00:00+00:00,2025-03-03 11:00:00+00:00,2025-03-03 20:00:00+00:00,1,0.22007,0.20026971696703239,20.020353032967602,0.20026971696703239,stop,0.5135943220440264,0.47361657595341766,36,9.0,0.019800283032967603,1.8118356452513154,1.4874154098172396,-1.013798833863822
DOGE,2025-03-09 18:00:00+00:00,2025-03-09 18:00:00+00:00,2025-03-10 19:00:00+00:00,1,0.16795,0.15257466629327657,15.54328370672342,0.15257466629327657,stop,-0.15439448337488082,-0.18718460634488454,100,25.0,0.01537533370672342,1.3548814888024092,0.8263657358502592,-1.0135503421951437
DOGE,2025-03-11 01:00:00+00:00,2025-03-11 01:00:00+00:00,2025-03-13 01:00:00+00:00,1,0.14811,0.13361981512917132,14.638294870828677,0.17132,tempo,0.5609811749694469,0.5284854396871075,192,48.0,0.014490184870828676,1.3671736274733908,-1.0589594897635775,1.587444929450685
DOGE,2025-03-25 02:00:00+00:00,2025-03-25 02:00:00+00:00,2025-03-26 07:45:00+00:00,-1,0.18534,0.1984060406218722,-12.880700621872194,0.1984060406218722,stop,-0.7531647319099608,-0.7970980919522815,119,29.75,0.013066040621872194,1.3472127755396852,0.22199223032841528,-1.0190903222806968
DOGE,2025-03-26 08:00:00+00:00,2025-03-26 08:00:00+00:00,2025-03-28 08:00:00+00:00,-1,0.20115,0.21557028430740646,-14.219134307406467,0.18151,tempo,0.7341270245037854,0.6923483993632448,192,48.0,0.014420284307406467,1.352724344630504,-0.6523734234957089,1.3447218228589537
