activo,sinal_em,entrada_em,saida_em,lado,entrada,stop,alvo,saida,motivo,R_bruto,R_liquido,duracao,duracao_h,R_preco
ETH,2020-10-19 22:00:00+00:00,2020-10-19 22:00:00+00:00,2020-10-21 22:00:00+00:00,1,379.36,363.26514521452424,16474.214785475775,395.7,tempo,1.015231278429764,0.9839300329873616,192,48.0,16.094854785475775
ETH,2020-10-21 22:00:00+00:00,2020-10-21 22:00:00+00:00,2020-10-23 22:00:00+00:00,1,395.71,378.65475240132054,17450.957598679444,408.9,tempo,0.7733690128908639,0.7427041693009946,192,48.0,17.055247598679443
ETH,2020-10-26 17:00:00+00:00,2020-10-26 17:00:00+00:00,2020-10-28 17:00:00+00:00,1,386.97,369.486465930302,17870.50406969801,385.1,tempo,-0.10695778053483124,-0.1356616740382497,192,48.0,17.48353406969801
ETH,2020-11-03 04:00:00+00:00,2020-11-03 04:00:00+00:00,2020-11-05 04:00:00+00:00,1,374.16,356.9892689151804,17544.891084819636,405.2,tempo,1.8077273382635364,1.7782245758303246,192,48.0,17.170731084819636
ETH,2020-11-05 22:00:00+00:00,2020-11-05 22:00:00+00:00,2020-11-07 22:00:00+00:00,1,413.97,393.1455381215872,21238.43187841282,435.84,tempo,1.050207209564006,1.023681842271197,192,48.0,20.82446187841282
ETH,2020-11-12 17:00:00+00:00,2020-11-12 17:00:00+00:00,2020-11-14 17:00:00+00:00,1,457.16,431.1407732639449,26476.386736055145,456.59,tempo,-0.021906877009922603,-0.04473374677146605,192,48.0,26.019226736055145
ETH,2020-11-18 09:00:00+00:00,2020-11-18 09:00:00+00:00,2020-11-20 09:00:00+00:00,1,479.9,452.98359758124985,27396.302418750125,502.63,tempo,0.844466494681554,0.8207395310976273,192,48.0,26.916402418750124
ETH,2020-11-20 14:00:00+00:00,2020-11-20 14:00:00+00:00,2020-11-21 15:15:00+00:00,-1,508.23,536.4981643103073,-27759.93431030727,536.4981643103073,stop,-1.0,-1.0240225470372724,101,25.25,28.26816431030727
ETH,2020-11-21 16:00:00+00:00,2020-11-21 16:00:00+00:00,2020-11-22 18:30:00+00:00,-1,537.52,567.9614489884277,-29903.928988427735,567.9614489884277,stop,-1.0,-1.0236047548891525,106,26.5,30.441448988427737
ETH,2020-11-22 20:00:00+00:00,2020-11-22 20:00:00+00:00,2020-11-23 22:45:00+00:00,-1,574.77,610.425557267565,-35080.78726756498,610.425557267565,stop,-1.0,-1.0216060881181266,107,26.75,35.65555726756497
ETH,2020-11-23 23:00:00+00:00,2020-11-23 23:00:00+00:00,2020-11-25 23:00:00+00:00,-1,610.73,650.144631912455,-38803.901912454974,569.89,tempo,1.0361634250628289,1.0166934221029003,192,48.0,39.41463191245498
ETH,2020-11-26 08:00:00+00:00,2020-11-26 08:00:00+00:00,2020-11-26 08:45:00+00:00,1,516.52,480.4559843159081,36580.53568409188,480.4559843159081,stop,-1.0,-1.0179690025504062,3,0.75,36.064015684091885
ETH,2020-12-17 06:00:00+00:00,2020-12-17 06:00:00+00:00,2020-12-19 06:00:00+00:00,1,648.33,609.9710100310231,39007.319968976975,653.08,tempo,0.12383016351164582,0.101777536456446,192,48.0,38.35898996897697
ETH,2020-12-23 17:00:00+00:00,2020-12-23 17:00:00+00:00,2020-12-23 22:30:00+00:00,1,596.98,557.7795428887538,39797.43711124624,557.7795428887538,stop,-1.0,-1.0191475752629005,22,5.5,39.20045711124624
ETH,2020-12-23 23:00:00+00:00,2020-12-23 23:00:00+00:00,2020-12-25 23:00:00+00:00,1,584.89,545.8104714038088,39664.41859619115,622.51,tempo,0.9626523489760468,0.9425699675300103,192,48.0,39.07952859619115
ETH,2020-12-27 01:00:00+00:00,2020-12-27 01:00:00+00:00,2020-12-29 01:00:00+00:00,1,638.81,596.3497754375804,43099.03456241951,720.64,tempo,1.9272154314611358,1.9064043663029433,192,48.0,42.46022456241951
ETH,2021-01-03 15:00:00+00:00,2021-01-03 15:00:00+00:00,2021-01-03 22:30:00+00:00,-1,914.45,986.3743938157893,-71009.94381578924,986.3743938157893,stop,-1.0,-1.0171782588692326,30,7.5,71.92439381578924
ETH,2021-01-03 23:00:00+00:00,2021-01-03 23:00:00+00:00,2021-01-04 06:00:00+00:00,-1,995.44,1077.5817158736822,-81146.27587368219,1077.5817158736822,stop,-1.0,-1.0164041388834637,28,7.0,82.14171587368219
ETH,2021-01-04 06:00:00+00:00,2021-01-04 06:00:00+00:00,2021-01-06 06:00:00+00:00,-1,1086.48,1182.153514630791,-94587.03463079104,1104.55,tempo,-0.18887149771525574,-0.20375722137133698,192,48.0,95.67351463079103
ETH,2021-01-11 18:00:00+00:00,2021-01-11 18:00:00+00:00,2021-01-13 18:00:00+00:00,1,998.17,863.9025386887049,135265.63131129506,1075.28,tempo,0.5743014669892567,0.564263722275552,192,48.0,134.26746131129505
ETH,2021-01-19 10:00:00+00:00,2021-01-19 10:00:00+00:00,2021-01-21 10:00:00+00:00,-1,1383.97,1557.8327752150599,-172478.80521505987,1262.47,tempo,0.6988269907098306,0.688933061443648,192,48.0,173.86277521505986
ETH,2021-01-24 22:00:00+00:00,2021-01-24 22:00:00+00:00,2021-01-26 22:00:00+00:00,-1,1353.7,1519.362442646659,-164308.74264665897,1335.22,tempo,0.11155214003101455,0.10100178249627824,192,48.0,165.66244264665897
ETH,2021-01-29 14:00:00+00:00,2021-01-29 14:00:00+00:00,2021-01-31 14:00:00+00:00,1,1429.74,1257.5362130780104,173633.5269219896,1350.1,tempo,-0.46247531151029786,-0.4729680888893374,192,48.0,172.2037869219896
ETH,2021-02-06 16:00:00+00:00,2021-02-06 16:00:00+00:00,2021-02-07 16:30:00+00:00,1,1677.13,1505.171921936353,173635.208063647,1505.171921936353,stop,-1.0,-1.01202907285631,98,24.5,171.958078063647
ETH,2021-02-09 05:00:00+00:00,2021-02-09 05:00:00+00:00,2021-02-11 05:00:00+00:00,1,1740.96,1567.5901543685845,175110.80563141548,1725.28,tempo,-0.09044248694398542,-0.10343814943531623,192,48.0,173.3698456314155
ETH,2021-02-22 16:00:00+00:00,2021-02-22 16:00:00+00:00,2021-02-23 05:00:00+00:00,1,1732.71,1598.0138220460442,136428.88795395583,1598.0138220460442,stop,-1.0,-1.0160729912104114,52,13.0,134.69617795395584
ETH,2021-02-23 07:00:00+00:00,2021-02-23 07:00:00+00:00,2021-02-23 09:00:00+00:00,1,1579.63,1449.3979716287604,131811.65837123973,1449.3979716287604,stop,-1.0,-1.0151181564641398,8,2.0,130.23202837123972
ETH,2021-02-23 09:00:00+00:00,2021-02-23 09:00:00+00:00,2021-02-25 09:00:00+00:00,1,1444.44,1309.4323249104275,136452.11508957256,1599.82,tempo,1.1508975315433811,1.1362408166663405,192,48.0,135.00767508957256
ETH,2021-03-06 20:00:00+00:00,2021-03-06 20:00:00+00:00,2021-03-08 19:45:00+00:00,-1,1622.17,1777.4968054643723,-153704.6354643722,1777.4968054643723,stop,-1.0,-1.0142266714167292,191,47.75,155.32680546437223
ETH,2021-03-31 21:00:00+00:00,2021-03-31 21:00:00+00:00,2021-04-02 14:45:00+00:00,-1,1944.51,2060.23880877634,-113784.2987763402,2060.23880877634,stop,-1.0,-1.0224929881611018,167,41.75,115.7288087763402
ETH,2021-04-02 15:00:00+00:00,2021-04-02 15:00:00+00:00,2021-04-04 15:00:00+00:00,-1,2073.94,2196.167802196605,-120153.8621966049,2086.33,tempo,-0.10136809937947185,-0.12349216159283229,192,48.0,122.2278021966049
ETH,2021-04-14 07:00:00+00:00,2021-04-14 07:00:00+00:00,2021-04-15 22:30:00+00:00,-1,2393.7,2528.9333858041464,-132839.68580414655,2528.9333858041464,stop,-1.0,-1.0236606639828327,158,39.5,135.23338580414656
ETH,2021-04-21 00:00:00+00:00,2021-04-21 00:00:00+00:00,2021-04-22 10:30:00+00:00,-1,2330.07,2505.00848227873,-172608.41227872967,2505.00848227873,stop,-1.0,-1.017965178230332,138,34.5,174.93848227872968
ETH,2021-04-22 11:00:00+00:00,2021-04-22 11:00:00+00:00,2021-04-24 11:00:00+00:00,-1,2510.71,2707.519717229593,-194299.00722959294,2188.87,tempo,1.6352851095484795,1.6197638891382269,192,48.0,196.80971722959293
ETH,2021-04-26 00:00:00+00:00,2021-04-26 00:00:00+00:00,2021-04-26 22:15:00+00:00,-1,2320.71,2536.7814462988085,-213750.7362988085,2536.7814462988085,stop,-1.0,-1.0146126176974253,89,22.25,216.0714462988085
ETH,2021-04-30 16:00:00+00:00,2021-04-30 16:00:00+00:00,2021-05-02 16:00:00+00:00,1,2739.0,2504.766182106656,236972.81789334415,2931.07,tempo,0.819992611346399,0.8042581391290774,192,48.0,234.23381789334417
ETH,2021-05-03 17:00:00+00:00,2021-05-03 17:00:00+00:00,2021-05-04 13:30:00+00:00,-1,3257.05,3515.841641821765,-255534.59182176465,3515.841641821765,stop,-1.0,-1.0170112896080938,82,20.5,258.79164182176464
ETH,2021-05-04 14:00:00+00:00,2021-05-04 14:00:00+00:00,2021-05-06 14:00:00+00:00,-1,3483.47,3777.7230476153136,-290769.5776153138,3484.3,tempo,-0.0028207014565418092,-0.018212387410873776,192,48.0,294.2530476153138
ETH,2021-05-08 22:00:00+00:00,2021-05-08 22:00:00+00:00,2021-05-10 22:00:00+00:00,-1,3902.84,4240.834217829807,-334091.37782980694,4014.53,tempo,-0.3304494399849178,-0.34567541199427143,192,48.0,337.994217829807
ETH,2021-05-12 23:00:00+00:00,2021-05-12 23:00:00+00:00,2021-05-14 23:00:00+00:00,-1,4238.61,4617.624391012363,-374775.7810123634,4075.05,tempo,0.43154034221002496,0.4172826276531555,192,48.0,379.0143910123634
ETH,2021-05-19 13:00:00+00:00,2021-05-19 13:00:00+00:00,2021-05-19 13:15:00+00:00,1,2332.92,2004.2892194049155,330963.7005950846,2004.2892194049155,stop,-1.0,-1.0085785816760933,1,0.25,328.6307805950846
ETH,2021-05-19 19:00:00+00:00,2021-05-19 19:00:00+00:00,2021-05-20 01:00:00+00:00,1,2608.63,2215.901834014302,395336.79598569806,2215.901834014302,stop,-1.0,-1.0079850287392513,24,6.0,392.72816598569807
ETH,2021-05-20 01:00:00+00:00,2021-05-20 01:00:00+00:00,2021-05-22 01:00:00+00:00,1,2231.64,1871.804980730025,362066.659269975,2447.83,tempo,0.6008031137119488,0.5923501968552992,192,48.0,359.83501926997496
ETH,2021-06-09 15:00:00+00:00,2021-06-09 15:00:00+00:00,2021-06-11 15:00:00+00:00,1,2455.23,2155.1842052059933,302501.0247940067,2446.38,tempo,-0.029495497532554267,-0.04011403162061688,192,48.0,300.0457947940067
ETH,2021-06-14 02:00:00+00:00,2021-06-14 02:00:00+00:00,2021-06-16 02:00:00+00:00,1,2500.47,2229.5529964815587,273417.4735184411,2525.49,tempo,0.09235300728659096,0.08029442861647207,192,48.0,270.9170035184411
ETH,2021-06-28 15:00:00+00:00,2021-06-28 15:00:00+00:00,2021-06-30 15:00:00+00:00,-1,2045.3,2248.6714902151984,-201326.1902151985,2123.85,tempo,-0.38623899503751435,-0.399564105145782,192,48.0,203.3714902151985
ETH,2021-06-30 21:00:00+00:00,2021-06-30 21:00:00+00:00,2021-07-02 21:00:00+00:00,-1,2237.84,2455.8528430902506,-215775.0030902505,2090.17,tempo,0.6773454164756216,0.6644415597113877,192,48.0,218.0128430902505
ETH,2021-07-08 22:00:00+00:00,2021-07-08 22:00:00+00:00,2021-07-10 22:00:00+00:00,1,2105.07,1926.4213741806614,180753.6958193388,2105.67,tempo,0.003358548084252651,-0.011961922406059512,192,48.0,178.6486258193388
ETH,2021-07-26 01:00:00+00:00,2021-07-26 01:00:00+00:00,2021-07-28 01:00:00+00:00,1,2259.84,2107.496612319921,154603.2276800791,2278.77,tempo,0.12425875706369881,0.10489397500833847,192,48.0,152.3433876800791
ETH,2021-07-28 06:00:00+00:00,2021-07-28 06:00:00+00:00,2021-07-30 06:00:00+00:00,1,2297.34,2136.2166514051564,163420.68859484373,2404.2,tempo,0.6632185895584063,0.6442517481499365,192,48.0,161.12334859484372
ETH,2021-07-30 06:00:00+00:00,2021-07-30 06:00:00+00:00,2021-08-01 01:00:00+00:00,-1,2404.2,2571.8226958998157,-165218.49589981587,2571.8226958998157,stop,-1.0,-1.0192958043955338,172,43.0,167.62269589981588
ETH,2021-08-01 01:00:00+00:00,2021-08-01 01:00:00+00:00,2021-08-03 01:00:00+00:00,-1,2569.99,2743.9427427385162,-171382.7527385165,2607.3,tempo,-0.21448353968229356,-0.2338292449987,192,48.0,173.95274273851646
ETH,2021-08-04 17:00:00+00:00,2021-08-04 17:00:00+00:00,2021-08-06 17:00:00+00:00,-1,2710.94,2894.3971261051465,-180746.18610514648,2861.7,tempo,-0.8217723846474805,-0.84151659451766,192,48.0,183.45712610514647
ETH,2021-08-30 18:00:00+00:00,2021-08-30 18:00:00+00:00,2021-08-31 14:15:00+00:00,-1,3295.12,3472.353252993431,-173938.13299343106,3472.353252993431,stop,-1.0,-1.0248195953081602,81,20.25,177.23325299343105
ETH,2021-08-31 15:00:00+00:00,2021-08-31 15:00:00+00:00,2021-09-01 15:45:00+00:00,-1,3380.76,3577.106159901648,-192965.39990164773,3577.106159901648,stop,-1.0,-1.023033875509465,99,24.75,196.34615990164775
ETH,2021-09-01 16:00:00+00:00,2021-09-01 16:00:00+00:00,2021-09-01 17:00:00+00:00,-1,3580.86,3785.9993700911095,-201558.51009110943,3785.9993700911095,stop,-1.0,-1.0233424651174101,4,1.0,205.1393700911094
ETH,2021-09-01 17:00:00+00:00,2021-09-01 17:00:00+00:00,2021-09-03 10:15:00+00:00,-1,3752.51,3982.4626240119146,-226200.11401191438,3982.4626240119146,stop,-1.0,-1.021864208887424,165,41.25,229.9526240119144
ETH,2021-09-03 11:00:00+00:00,2021-09-03 11:00:00+00:00,2021-09-05 11:00:00+00:00,-1,3955.02,4196.346985528484,-237371.96552848388,3925.81,tempo,0.12103909530064708,0.09981254457412095,192,48.0,241.32698552848387
ETH,2021-09-16 12:00:00+00:00,2021-09-16 12:00:00+00:00,2021-09-18 12:00:00+00:00,-1,3620.0,3884.589340274086,-260969.34027408622,3498.23,tempo,0.4602226222487244,0.44273571406411244,192,48.0,264.5893402740862
ETH,2021-10-06 11:00:00+00:00,2021-10-06 11:00:00+00:00,2021-10-08 11:00:00+00:00,1,3376.37,3138.5022959832004,241244.0740167995,3630.56,tempo,1.0686192186142587,1.0494720018080699,192,48.0,237.8677040167995
ETH,2021-10-11 21:00:00+00:00,2021-10-11 21:00:00+00:00,2021-10-13 21:00:00+00:00,1,3492.01,3267.070811780424,228431.1982195764,3576.81,tempo,0.37699077991346464,0.3565642235789819,192,48.0,224.9391882195764
ETH,2021-10-14 16:00:00+00:00,2021-10-14 16:00:00+00:00,2021-10-16 16:00:00+00:00,-1,3812.04,4050.61872516756,-234766.68516756015,3911.38,tempo,-0.41638247471659945,-0.43742468204868307,192,48.0,238.57872516756015
ETH,2021-10-21 02:00:00+00:00,2021-10-21 02:00:00+00:00,2021-10-23 02:00:00+00:00,-1,4201.84,4443.658301244772,-237616.46124477164,4011.54,tempo,0.7869544985653342,0.7648771910475872,192,48.0,241.81830124477165
ETH,2021-10-29 00:00:00+00:00,2021-10-29 00:00:00+00:00,2021-10-31 00:00:00+00:00,-1,4288.91,4540.451240853001,-247252.330853001,4324.82,tempo,-0.14275989049837523,-0.16501836581245694,192,48.0,251.541240853001
ETH,2021-11-19 15:00:00+00:00,2021-11-19 15:00:00+00:00,2021-11-21 15:00:00+00:00,-1,4232.62,4464.769019458417,-227916.39945841668,4331.97,tempo,-0.4279578704737811,-0.45193808591034546,192,48.0,232.14901945841666
ETH,2021-11-23 20:00:00+00:00,2021-11-23 20:00:00+00:00,2021-11-25 20:00:00+00:00,-1,4358.26,4603.0927610914505,-240474.50109145025,4506.36,tempo,-0.6049027072185039,-0.6284371516054125,192,48.0,244.83276109145027
ETH,2021-11-30 11:00:00+00:00,2021-11-30 11:00:00+00:00,2021-11-30 15:30:00+00:00,-1,4492.18,4756.672007405295,-259999.82740529435,4756.672007405295,stop,-1.0,-1.0227294346766453,18,4.5,264.4920074052943
ETH,2021-11-30 16:00:00+00:00,2021-11-30 16:00:00+00:00,2021-12-02 16:00:00+00:00,-1,4619.13,4897.553606014502,-273804.4760145022,4544.76,tempo,0.26711097189124905,0.24571720939652097,192,48.0,278.4236060145022
ETH,2021-12-04 15:00:00+00:00,2021-12-04 15:00:00+00:00,2021-12-06 15:00:00+00:00,-1,4024.71,4291.237033687335,-262502.32368733454,4017.91,tempo,0.025513359398946854,0.005899202712189633,192,48.0,266.52703368733455
ETH,2021-12-10 15:00:00+00:00,2021-12-10 15:00:00+00:00,2021-12-12 15:00:00+00:00,1,4029.25,3762.635945602786,270643.3043972142,4045.81,tempo,0.0621122545000125,0.04242541161445289,192,48.0,266.6140543972142
ETH,2021-12-16 15:00:00+00:00,2021-12-16 15:00:00+00:00,2021-12-18 15:00:00+00:00,-1,4062.54,4336.8089870070835,-270206.44700708357,3958.63,tempo,0.37886164649492865,0.3598519853702994,192,48.0,274.2689870070835
ETH,2022-01-06 09:00:00+00:00,2022-01-06 09:00:00+00:00,2022-01-07 03:45:00+00:00,1,3405.06,3238.363339851088,170101.72014891208,3238.363339851088,stop,-1.0,-1.0259046891944066,75,18.75,166.6966601489121
ETH,2022-01-07 04:00:00+00:00,2022-01-07 04:00:00+00:00,2022-01-07 16:00:00+00:00,1,3238.05,3064.109173163588,177178.87683641227,3064.109173163588,stop,-1.0,-1.0235505576066333,48,12.0,173.94082683641227
ETH,2022-01-07 16:00:00+00:00,2022-01-07 16:00:00+00:00,2022-01-09 16:00:00+00:00,1,3130.13,2952.6902477071003,180569.88229289983,3096.81,tempo,-0.18778204753689487,-0.2105926688756734,192,48.0,177.4397522928998
ETH,2022-01-21 21:00:00+00:00,2022-01-21 21:00:00+00:00,2022-01-21 22:00:00+00:00,1,2744.24,2579.3205356516523,167663.70434834744,2579.3205356516523,stop,-1.0,-1.0209818432399502,4,1.0,164.91946434834745
ETH,2022-01-21 22:00:00+00:00,2022-01-21 22:00:00+00:00,2022-01-22 07:45:00+00:00,1,2606.86,2438.3156643323046,171151.19566769557,2438.3156643323046,stop,-1.0,-1.0194569824540507,39,9.75,168.54433566769558
ETH,2022-01-22 08:00:00+00:00,2022-01-22 08:00:00+00:00,2022-01-22 10:15:00+00:00,1,2461.6,2298.1633435050076,165898.25649499235,2298.1633435050076,stop,-1.0,-1.0189299404407055,9,2.25,163.43665649499235
ETH,2022-01-22 11:00:00+00:00,2022-01-22 11:00:00+00:00,2022-01-24 10:15:00+00:00,1,2449.39,2280.7740454661616,171065.34453383827,2280.7740454661616,stop,-1.0,-1.0182343754958014,189,47.25,168.61595453383825
ETH,2022-01-24 11:00:00+00:00,2022-01-24 11:00:00+00:00,2022-01-26 11:00:00+00:00,1,2215.14,2032.7974820939864,184557.65790601345,2523.89,tempo,1.6932419467803006,1.6763486322896686,192,48.0,182.34251790601343
ETH,2022-02-05 09:00:00+00:00,2022-02-05 09:00:00+00:00,2022-02-07 09:00:00+00:00,1,3007.08,2774.089503086173,235997.57691382695,3070.92,tempo,0.27400259171777197,0.2570461061429067,192,48.0,232.99049691382697
ETH,2022-02-19 12:00:00+00:00,2022-02-19 12:00:00+00:00,2022-02-21 12:00:00+00:00,1,2721.43,2548.762269282787,175389.16071721262,2624.73,tempo,-0.5600351588472005,-0.5801605406169488,192,48.0,172.66773071721263
ETH,2022-02-26 05:00:00+00:00,2022-02-26 05:00:00+00:00,2022-02-28 05:00:00+00:00,-1,2805.9,3023.2190856458815,-214513.1856458814,2609.02,tempo,0.9059489617069966,0.8897529705010732,192,48.0,217.3190856458814
ETH,2022-02-28 18:00:00+00:00,2022-02-28 18:00:00+00:00,2022-03-02 18:00:00+00:00,1,2821.29,2591.864442848422,232246.8471515778,2944.42,tempo,0.5366882466309109,0.5203530503845574,192,48.0,229.42555715157778
ETH,2022-03-09 20:00:00+00:00,2022-03-09 20:00:00+00:00,2022-03-11 03:00:00+00:00,1,2713.27,2523.0047276373357,192978.54236266427,2523.0047276373357,stop,-1.0,-1.0178885959098027,124,31.0,190.2652723626643
ETH,2022-03-21 16:00:00+00:00,2022-03-21 16:00:00+00:00,2022-03-23 16:00:00+00:00,-1,2954.13,3116.82076929694,-159736.63929693983,3029.63,tempo,-0.4640705820389782,-0.48797755609047505,192,48.0,162.69076929693983
ETH,2022-04-01 17:00:00+00:00,2022-04-01 17:00:00+00:00,2022-04-03 17:00:00+00:00,-1,3408.71,3575.9298402155073,-163811.13021550726,3487.17,tempo,-0.4692026968742672,-0.4960076620878647,192,48.0,167.21984021550725
ETH,2022-04-06 17:00:00+00:00,2022-04-06 17:00:00+00:00,2022-04-08 17:00:00+00:00,1,3210.93,3059.4984424269423,154642.48757305747,3265.25,tempo,0.35870990743652437,0.3309117584412653,192,48.0,151.4315575730575
ETH,2022-04-11 11:00:00+00:00,2022-04-11 11:00:00+00:00,2022-04-13 11:00:00+00:00,1,3076.92,2937.258634279458,142738.28572054213,3031.66,tempo,-0.3240695790599959,-0.35249961036833205,192,48.0,139.6613657205421
ETH,2022-05-05 17:00:00+00:00,2022-05-05 17:00:00+00:00,2022-05-07 17:00:00+00:00,-1,2757.76,2887.739999144304,-127222.23914430375,2689.58,tempo,0.5245422407204887,0.4973013496348607,192,48.0,129.97999914430375
ETH,2022-05-10 05:00:00+00:00,2022-05-10 05:00:00+00:00,2022-05-12 05:00:00+00:00,-1,2343.95,2473.578241549768,-127284.29154976807,1899.65,tempo,3.427493844614254,3.406214993902228,192,48.0,129.62824154976806
ETH,2022-05-12 05:00:00+00:00,2022-05-12 05:00:00+00:00,2022-05-14 05:00:00+00:00,1,1899.65,1713.4324765751644,188117.1734248357,2022.47,tempo,0.659551248137905,0.6458609253738982,192,48.0,186.2175234248357
ETH,2022-05-26 09:00:00+00:00,2022-05-26 09:00:00+00:00,2022-05-28 09:00:00+00:00,1,1833.01,1691.6115023545708,143231.5076454292,1759.93,tempo,-0.5168371744886237,-0.5333536936800529,192,48.0,141.3984976454292
ETH,2022-06-07 01:00:00+00:00,2022-06-07 01:00:00+00:00,2022-06-09 01:00:00+00:00,1,1757.85,1641.603160814452,118004.68918554798,1790.57,tempo,0.28147001870540184,0.26162885127100377,192,48.0,116.24683918554797
ETH,2022-06-11 04:00:00+00:00,2022-06-11 04:00:00+00:00,2022-06-11 09:15:00+00:00,1,1668.4,1564.0120540480152,106056.34595198487,1564.0120540480152,stop,-1.0,-1.020127494759765,21,5.25,104.38794595198488
ETH,2022-06-11 10:00:00+00:00,2022-06-11 10:00:00+00:00,2022-06-12 02:30:00+00:00,1,1595.25,1487.8635712915882,108981.67870841181,1487.8635712915882,stop,-1.0,-1.0186617978215953,66,16.5,107.38642870841181
ETH,2022-06-12 03:00:00+00:00,2022-06-12 03:00:00+00:00,2022-06-13 01:30:00+00:00,1,1452.01,1348.265285037835,105196.72496216506,1348.265285037835,stop,-1.0,-1.0175447870856689,90,22.5,103.74471496216506
ETH,2022-06-14 01:00:00+00:00,2022-06-14 01:00:00+00:00,2022-06-16 01:00:00+00:00,-1,1171.69,1274.8329835552147,-101971.29355521464,1234.14,tempo,-0.6054701720604119,-0.6206315475228821,192,48.0,103.14298355521464
ETH,2022-06-24 20:00:00+00:00,2022-06-24 20:00:00+00:00,2022-06-26 20:00:00+00:00,-1,1227.16,1365.883397981775,-137496.23798177496,1225.17,tempo,0.014345092673273828,0.002854496831544111,192,48.0,138.72339798177495
ETH,2022-07-08 16:00:00+00:00,2022-07-08 16:00:00+00:00,2022-07-10 16:00:00+00:00,1,1235.0,1132.9328412719635,103302.15872803648,1163.13,tempo,-0.70414422127201,-0.7194163667831187,192,48.0,102.06715872803647
ETH,2022-07-14 20:00:00+00:00,2022-07-14 20:00:00+00:00,2022-07-15 20:30:00+00:00,-1,1193.66,1288.887341655083,-94033.68165508291,1288.887341655083,stop,-1.0,-1.0169452989449241,98,24.5,95.22734165508291
ETH,2022-07-16 17:00:00+00:00,2022-07-16 17:00:00+00:00,2022-07-18 08:00:00+00:00,-1,1358.64,1473.2920786939708,-113293.43869397067,1473.2920786939708,stop,-1.0,-1.0160551458998353,156,39.0,114.65207869397068
ETH,2022-07-18 20:00:00+00:00,2022-07-18 20:00:00+00:00,2022-07-19 00:00:00+00:00,-1,1472.21,1595.782581237731,-122100.3712377309,1595.782581237731,stop,-1.0,-1.016137845125757,16,4.0,123.5725812377309
ETH,2022-07-19 00:00:00+00:00,2022-07-19 00:00:00+00:00,2022-07-21 00:00:00+00:00,-1,1580.12,1716.3972723335773,-134697.15233357745,1521.34,tempo,0.4313265080337033,0.41653351309419945,192,48.0,136.27727233357746
ETH,2022-07-22 07:00:00+00:00,2022-07-22 07:00:00+00:00,2022-07-24 07:00:00+00:00,-1,1595.96,1731.0538334599973,-133497.87345999732,1610.45,tempo,-0.10725878175846308,-0.12268632901669632,192,48.0,135.0938334599973
ETH,2022-07-27 22:00:00+00:00,2022-07-27 22:00:00+00:00,2022-07-28 16:00:00+00:00,-1,1606.88,1740.9716109637525,-132484.73096375237,1740.9716109637525,stop,-1.0,-1.016228483881178,72,18.0,134.09161096375237
ETH,2022-08-10 22:00:00+00:00,2022-08-10 22:00:00+00:00,2022-08-12 22:00:00+00:00,-1,1860.0,1991.949327521236,-130089.327521236,1921.75,tempo,-0.4679826806245899,-0.4866120859135588,192,48.0,131.949327521236
ETH,2022-08-19 10:00:00+00:00,2022-08-19 10:00:00+00:00,2022-08-21 10:00:00+00:00,-1,1736.35,1846.2969605167473,-108210.61051674736,1616.1,tempo,1.0937091797247387,1.0738896914027485,192,48.0,109.94696051674737
ETH,2022-08-30 05:00:00+00:00,2022-08-30 05:00:00+00:00,2022-09-01 05:00:00+00:00,-1,1581.42,1679.7976959532084,-96796.27595320833,1550.8,tempo,0.3112494118033014,0.29055424324631096,192,48.0,98.37769595320833
ETH,2022-09-06 00:00:00+00:00,2022-09-06 00:00:00+00:00,2022-09-08 00:00:00+00:00,-1,1616.93,1709.669978094765,-91123.04809476488,1629.35,tempo,-0.1339228265431405,-0.1566754952772634,192,48.0,92.73997809476487
ETH,2022-09-08 04:00:00+00:00,2022-09-08 04:00:00+00:00,2022-09-09 12:45:00+00:00,-1,1628.81,1732.1040413086828,-101665.23130868284,1732.1040413086828,stop,-1.0,-1.0211492754003324,131,32.75,103.29404130868284
ETH,2022-09-09 13:00:00+00:00,2022-09-09 13:00:00+00:00,2022-09-11 13:00:00+00:00,1,1727.1,1618.971698384816,109855.401615184,1771.65,tempo,0.41201054057566194,0.3909782348238009,192,48.0,108.128301615184
ETH,2022-09-12 11:00:00+00:00,2022-09-12 11:00:00+00:00,2022-09-13 12:45:00+00:00,1,1743.12,1640.2198141303918,104643.30586960808,1640.2198141303918,stop,-1.0,-1.0213718844198345,103,25.75,102.9001858696081
ETH,2022-09-13 20:00:00+00:00,2022-09-13 20:00:00+00:00,2022-09-15 20:00:00+00:00,-1,1602.36,1709.1287333523828,-105166.37335238293,1496.65,tempo,0.9900838633264587,0.9712173240620867,192,48.0,106.76873335238292
ETH,2022-09-15 21:00:00+00:00,2022-09-15 21:00:00+00:00,2022-09-17 21:00:00+00:00,1,1503.4,1396.6249676898892,108278.43231011086,1461.41,tempo,-0.3932567295137577,-0.4113052045018333,192,48.0,106.77503231011087
ETH,2022-09-22 09:00:00+00:00,2022-09-22 09:00:00+00:00,2022-09-24 09:00:00+00:00,1,1288.51,1192.1432419651833,97655.2680348167,1328.64,tempo,0.4164299061041504,0.3987770605099738,192,48.0,96.36675803481671
ETH,2022-10-25 17:00:00+00:00,2022-10-25 17:00:00+00:00,2022-10-25 17:15:00+00:00,-1,1427.85,1484.37559312621,-55097.743126210196,1484.37559312621,stop,-1.0,-1.0334883108843365,1,0.25,56.5255931262102
ETH,2022-10-25 18:00:00+00:00,2022-10-25 18:00:00+00:00,2022-10-26 08:45:00+00:00,-1,1481.56,1545.5234375980465,-62481.87759804654,1545.5234375980465,stop,-1.0,-1.0307613897614976,59,14.75,63.96343759804654
ETH,2022-10-26 09:00:00+00:00,2022-10-26 09:00:00+00:00,2022-10-28 09:00:00+00:00,-1,1536.12,1604.679067888207,-67022.94788820721,1501.78,tempo,0.5008819556297777,0.4720800033742445,192,48.0,68.55906788820721
ETH,2022-10-29 09:00:00+00:00,2022-10-29 09:00:00+00:00,2022-10-31 09:00:00+00:00,-1,1628.18,1708.8209224459135,-79012.74244591348,1582.0,tempo,0.5726621000767119,0.546786689221888,192,48.0,80.64092244591347
ETH,2022-11-09 08:00:00+00:00,2022-11-09 08:00:00+00:00,2022-11-09 10:15:00+00:00,1,1273.11,1175.9124038331586,98470.70616684132,1175.9124038331586,stop,-1.0,-1.0163776124643977,9,2.25,97.19759616684132
ETH,2022-11-09 11:00:00+00:00,2022-11-09 11:00:00+00:00,2022-11-09 23:15:00+00:00,1,1193.72,1099.9158440722902,94997.87592770987,1099.9158440722902,stop,-1.0,-1.0158933608420924,49,12.25,93.80415592770987
ETH,2022-11-10 09:00:00+00:00,2022-11-10 09:00:00+00:00,2022-11-10 13:45:00+00:00,-1,1215.35,1323.4552136653542,-106889.8636653543,1323.4552136653542,stop,-1.0,-1.0152649750454297,19,4.75,108.10521366535431
ETH,2022-11-10 14:00:00+00:00,2022-11-10 14:00:00+00:00,2022-11-12 14:00:00+00:00,-1,1298.87,1421.947349633128,-121778.47963312805,1265.1,tempo,0.27438029906121975,0.2608393794284215,192,48.0,123.07734963312805
ETH,2022-11-30 01:00:00+00:00,2022-11-30 01:00:00+00:00,2022-12-02 01:00:00+00:00,-1,1274.47,1353.331980831826,-77587.51083182603,1282.07,tempo,-0.09637089913081166,-0.11744253570996,192,48.0,78.86198083182603
SOL,2020-10-06 17:00:00+00:00,2020-10-06 17:00:00+00:00,2020-10-06 23:00:00+00:00,1,2.4066,2.159460987911392,249.54561208860812,2.159460987911392,stop,-1.0,-1.0120091911716402,24,6.0,0.2471390120886081
SOL,2020-10-06 23:00:00+00:00,2020-10-06 23:00:00+00:00,2020-10-08 23:00:00+00:00,1,2.1519,1.926917283592073,227.134616407927,2.3709,tempo,0.9734081066161563,0.9603412362052325,192,48.0,0.224982716407927
SOL,2020-10-19 15:00:00+00:00,2020-10-19 15:00:00+00:00,2020-10-20 11:00:00+00:00,1,2.0959,1.9057509681663056,192.24493183369424,1.9057509681663056,stop,-1.0,-1.0136791289664995,80,20.0,0.19014903183369425
SOL,2020-10-20 11:00:00+00:00,2020-10-20 11:00:00+00:00,2020-10-22 11:00:00+00:00,1,1.9023,1.7290825511775345,175.1197488224656,2.0022,tempo,0.5767317362027993,0.5620800656161877,192,48.0,0.1732174488224656
SOL,2020-10-27 08:00:00+00:00,2020-10-27 08:00:00+00:00,2020-10-28 08:15:00+00:00,1,1.6594,1.5025109442493498,158.54845575065016,1.5025109442493498,stop,-1.0,-1.0130999712116857,97,24.25,0.15688905575065015
SOL,2020-10-30 03:00:00+00:00,2020-10-30 03:00:00+00:00,2020-11-01 03:00:00+00:00,1,1.3909,1.2515450979037743,140.74580209622567,1.5541,tempo,1.1711105784230618,1.1573740684675082,192,48.0,0.1393549020962257
SOL,2020-11-04 04:00:00+00:00,2020-11-04 04:00:00+00:00,2020-11-06 04:00:00+00:00,1,1.3536,1.2275866878068729,127.36691219312706,1.5361,tempo,1.4482596864075914,1.4333540786800418,192,48.0,0.12601331219312706
SOL,2020-11-06 10:00:00+00:00,2020-11-06 10:00:00+00:00,2020-11-06 18:15:00+00:00,-1,1.6608,1.836973356603379,-174.51255660337895,1.836973356603379,stop,-1.0,-1.0129052015902194,33,8.25,0.17617335660337896
SOL,2020-11-06 19:00:00+00:00,2020-11-06 19:00:00+00:00,2020-11-07 00:15:00+00:00,-1,1.8048,2.00517932823615,-198.5745282361499,2.00517932823615,stop,-1.0,-1.0123589922431266,21,5.25,0.2003793282361499
SOL,2020-11-07 01:00:00+00:00,2020-11-07 01:00:00+00:00,2020-11-07 02:00:00+00:00,-1,2.0536,2.2925496661078064,-236.89606610780655,2.2925496661078064,stop,-1.0,-1.0118225621696224,4,1.0,0.23894966610780655
SOL,2020-11-07 02:00:00+00:00,2020-11-07 02:00:00+00:00,2020-11-09 02:00:00+00:00,-1,2.2329,2.50729887903523,-272.1659790352301,2.1461,tempo,0.3163278228583999,0.3059547848561763,192,48.0,0.2743988790352301
SOL,2020-11-12 17:00:00+00:00,2020-11-12 17:00:00+00:00,2020-11-14 17:00:00+00:00,1,1.8585,1.590212231697451,270.14626830254906,1.8962,tempo,0.14052075589777036,0.13142397517071247,192,48.0,0.2682877683025491
SOL,2020-11-18 05:00:00+00:00,2020-11-18 05:00:00+00:00,2020-11-20 05:00:00+00:00,1,2.146,1.8581928806000547,289.9531193999452,2.0923,tempo,-0.18658329269950058,-0.196155310951668,192,48.0,0.2878071193999452
SOL,2020-12-15 12:00:00+00:00,2020-12-15 12:00:00+00:00,2020-12-17 12:00:00+00:00,-1,1.7706,1.9631348928619532,-190.76429286195324,1.7413,tempo,0.15218020777671643,0.1403239932170173,192,48.0,0.19253489286195324
SOL,2020-12-17 16:00:00+00:00,2020-12-17 16:00:00+00:00,2020-12-19 16:00:00+00:00,1,1.7417,1.5501188031046527,193.32289689534738,1.7021,tempo,-0.20670086961421308,-0.2183850538466708,192,48.0,0.19158119689534736
SOL,2020-12-23 06:00:00+00:00,2020-12-23 06:00:00+00:00,2020-12-23 21:15:00+00:00,1,1.3911,1.251328173007532,141.16292699246793,1.251328173007532,stop,-1.0,-1.0122884443125113,61,15.25,0.13977182699246793
SOL,2020-12-23 22:00:00+00:00,2020-12-23 22:00:00+00:00,2020-12-23 22:30:00+00:00,1,1.2404,1.1106384469536863,131.00195304631364,1.1106384469536863,stop,-1.0,-1.0117767933154629,2,0.5,0.12976155304631365
SOL,2020-12-23 23:00:00+00:00,2020-12-23 23:00:00+00:00,2020-12-25 23:00:00+00:00,1,1.1806,1.0543171134946907,127.46348650530939,1.436,tempo,2.022443476450484,2.008975380756231,192,48.0,0.1262828865053094
SOL,2020-12-26 21:00:00+00:00,2020-12-26 21:00:00+00:00,2020-12-28 21:00:00+00:00,1,1.3428,1.1985792968957427,145.56350310425728,1.4386,tempo,0.6642596932199547,0.651723975662864,192,48.0,0.14422070310425728
SOL,2020-12-29 06:00:00+00:00,2020-12-29 06:00:00+00:00,2020-12-29 21:30:00+00:00,-1,1.5526,1.7286561321845892,-174.50353218458926,1.7286561321845892,stop,-1.0,-1.0121144118040932,62,15.5,0.17605613218458926
SOL,2020-12-31 01:00:00+00:00,2020-12-31 01:00:00+00:00,2021-01-02 01:00:00+00:00,1,1.4744,1.302904890846115,172.96950915388499,1.7733,tempo,1.7429068471672446,1.7305974290712116,192,48.0,0.171495109153885
SOL,2021-01-02 02:00:00+00:00,2021-01-02 02:00:00+00:00,2021-01-03 06:45:00+00:00,-1,1.8446,2.062855724279911,-216.411124279911,2.062855724279911,stop,-1.0,-1.0116370199643636,115,28.75,0.21825572427991102
SOL,2021-01-04 01:00:00+00:00,2021-01-04 01:00:00+00:00,2021-01-06 01:00:00+00:00,-1,2.2135,2.5281394851937975,-312.42598519379766,2.0261,tempo,0.5956022966557215,0.5868438917838643,192,48.0,0.3146394851937977
SOL,2021-01-06 01:00:00+00:00,2021-01-06 01:00:00+00:00,2021-01-06 20:15:00+00:00,1,2.0262,1.6778181092383002,350.40809076169955,1.6778181092383002,stop,-1.0,-1.0069108407608125,77,19.25,0.34838189076169956
SOL,2021-01-06 21:00:00+00:00,2021-01-06 21:00:00+00:00,2021-01-08 21:00:00+00:00,1,1.8647,1.5333860498557506,333.1786501442495,3.0696,tempo,3.636731865577659,3.6270513344723327,192,48.0,0.33131395014424947
SOL,2021-01-09 00:00:00+00:00,2021-01-09 00:00:00+00:00,2021-01-11 00:00:00+00:00,-1,3.222,3.960848793370133,-735.6267933701331,3.446,tempo,-0.3031743463750713,-0.3090404992860482,192,48.0,0.7388487933701331
SOL,2021-01-29 14:00:00+00:00,2021-01-29 14:00:00+00:00,2021-01-31 14:00:00+00:00,1,3.7914,3.2040527515539763,591.1386484460236,4.4939,tempo,1.1960556584859168,1.1868865596023372,192,48.0,0.5873472484460236
SOL,2021-02-02 09:00:00+00:00,2021-02-02 09:00:00+00:00,2021-02-04 03:00:00+00:00,-1,5.2789,6.074837263967288,-790.6583639672874,6.074837263967288,stop,-1.0,-1.0092719986306384,168,42.0,0.7959372639672875
SOL,2021-02-05 17:00:00+00:00,2021-02-05 17:00:00+00:00,2021-02-07 17:00:00+00:00,-1,7.0095,7.993027423139116,-976.5179231391162,6.4141,tempo,0.6053720374157606,0.5965005613443041,192,48.0,0.9835274231391162
SOL,2021-02-08 07:00:00+00:00,2021-02-08 07:00:00+00:00,2021-02-09 02:30:00+00:00,-1,7.2433,8.306853394481642,-1056.3100944816426,8.306853394481642,stop,-1.0,-1.0095036128499588,78,19.5,1.0635533944816427
SOL,2021-02-19 13:00:00+00:00,2021-02-19 13:00:00+00:00,2021-02-21 13:00:00+00:00,-1,10.8282,12.349268083464327,-1510.2398834643268,10.8296,tempo,-0.0009204058748047141,-0.010175461682653542,192,48.0,1.5210680834643266
SOL,2021-02-22 21:00:00+00:00,2021-02-22 21:00:00+00:00,2021-02-23 13:45:00+00:00,-1,13.1135,15.130040846176492,-2003.4273461764917,15.130040846176492,stop,-1.0,-1.0091038580174676,67,16.75,2.0165408461764915
SOL,2021-02-23 14:00:00+00:00,2021-02-23 14:00:00+00:00,2021-02-25 14:00:00+00:00,-1,15.7027,18.577634076157928,-2859.231376157928,16.0921,tempo,-0.1354465840553791,-0.14263513845437908,192,48.0,2.8749340761579276
SOL,2021-03-22 06:00:00+00:00,2021-03-22 06:00:00+00:00,2021-03-24 06:00:00+00:00,-1,16.1165,17.746995614300374,-1614.3791143003757,14.3896,tempo,1.0591258172386984,1.0469645057784964,192,48.0,1.6304956143003757
SOL,2021-03-27 03:00:00+00:00,2021-03-27 03:00:00+00:00,2021-03-27 23:15:00+00:00,-1,14.9598,16.523344505722363,-1548.5847057223637,16.523344505722363,stop,-1.0,-1.013088238840547,81,20.25,1.5635445057223638
SOL,2021-03-28 03:00:00+00:00,2021-03-28 03:00:00+00:00,2021-03-28 17:15:00+00:00,-1,17.4596,19.305736592582935,-1828.676992582937,19.305736592582935,stop,-1.0,-1.0129445832346262,57,14.25,1.846136592582937
SOL,2021-03-28 18:00:00+00:00,2021-03-28 18:00:00+00:00,2021-03-30 18:00:00+00:00,-1,19.0478,21.060312288449527,-1993.4644884495283,19.6423,tempo,-0.2954019229656542,-0.30789802803012306,192,48.0,2.0125122884495283
SOL,2021-04-03 04:00:00+00:00,2021-04-03 04:00:00+00:00,2021-04-03 22:00:00+00:00,-1,21.1054,23.181503382362305,-2054.9979823623053,23.181503382362305,stop,-1.0,-1.013865632821127,72,18.0,2.076103382362305
SOL,2021-04-03 22:00:00+00:00,2021-04-03 22:00:00+00:00,2021-04-05 22:00:00+00:00,-1,23.3239,25.832573178023384,-2485.3492780233864,23.136,tempo,0.07490015106234274,0.06286233949543545,192,48.0,2.508673178023386
SOL,2021-04-07 14:00:00+00:00,2021-04-07 14:00:00+00:00,2021-04-09 14:00:00+00:00,-1,26.3293,29.40493297224917,-3049.3036722491706,28.3853,tempo,-0.6684802830997337,-0.6800435906598007,192,48.0,3.0756329722491706
SOL,2021-04-18 09:00:00+00:00,2021-04-18 09:00:00+00:00,2021-04-18 20:15:00+00:00,-1,27.5635,30.894179396652046,-3303.1158966520443,30.894179396652046,stop,-1.0,-1.0114083305784454,45,11.25,3.3306793966520445
SOL,2021-04-18 21:00:00+00:00,2021-04-18 21:00:00+00:00,2021-04-19 17:45:00+00:00,-1,31.1942,35.2511396204991,-4025.7454204991045,35.2511396204991,stop,-1.0,-1.010645825374155,83,20.75,4.056939620499104
SOL,2021-04-19 18:00:00+00:00,2021-04-19 18:00:00+00:00,2021-04-21 18:00:00+00:00,-1,35.4057,40.86943747326515,-5428.331773265148,33.8407,tempo,0.28643396716218056,0.2781959871676729,192,48.0,5.463737473265148
SOL,2021-04-22 08:00:00+00:00,2021-04-22 08:00:00+00:00,2021-04-24 08:00:00+00:00,-1,37.8113,43.909076397801435,-6059.965097801432,35.9212,tempo,0.3099654491564308,0.30210584233036225,192,48.0,6.097776397801432
SOL,2021-04-25 16:00:00+00:00,2021-04-25 16:00:00+00:00,2021-04-27 16:00:00+00:00,-1,46.5892,54.93478816191997,-8298.99896191997,43.9076,tempo,0.3213194741906689,0.3142710890009464,192,48.0,8.34558816191997
SOL,2021-05-12 16:00:00+00:00,2021-05-12 16:00:00+00:00,2021-05-14 16:00:00+00:00,-1,47.472,53.295889103347434,-5776.417103347433,44.605,tempo,0.49228272536166956,0.48200607878788787,192,48.0,5.823889103347433
SOL,2021-05-16 03:00:00+00:00,2021-05-16 03:00:00+00:00,2021-05-18 03:00:00+00:00,-1,47.426,54.11207996386456,-6638.653963864557,47.168,tempo,0.0385876330217981,0.02939149711969905,192,48.0,6.686079963864557
SOL,2021-05-19 00:00:00+00:00,2021-05-19 00:00:00+00:00,2021-05-21 00:00:00+00:00,-1,55.968,65.60663304077079,-9582.665040770784,44.431,tempo,1.196953961334481,1.1901833591418303,192,48.0,9.638633040770785
SOL,2021-05-23 07:00:00+00:00,2021-05-23 07:00:00+00:00,2021-05-23 16:30:00+00:00,1,27.823,20.428856921816333,7421.966078183667,20.428856921816333,stop,-1.0,-1.004241695983909,38,9.5,7.394143078183667
SOL,2021-06-10 02:00:00+00:00,2021-06-10 02:00:00+00:00,2021-06-12 02:00:00+00:00,1,40.872,33.3110360668887,7601.835933111303,34.819,tempo,-0.8005593008442264,-0.8070662952480147,192,48.0,7.560963933111303
SOL,2021-06-22 06:00:00+00:00,2021-06-22 06:00:00+00:00,2021-06-22 11:45:00+00:00,1,26.546,22.715100714447832,3857.445285552167,22.715100714447832,stop,-1.0,-1.0083582764979362,23,5.75,3.8308992855521673
SOL,2021-06-22 12:00:00+00:00,2021-06-22 12:00:00+00:00,2021-06-24 12:00:00+00:00,1,22.015,18.67732937895585,3359.68562104415,30.69,tempo,2.5991180631497217,2.5888539436814915,192,48.0,3.3376706210441505
SOL,2021-07-08 05:00:00+00:00,2021-07-08 05:00:00+00:00,2021-07-10 05:00:00+00:00,-1,36.592,41.12684228907666,-4498.250289076665,33.032,tempo,0.7850328132855203,0.7750532821099798,192,48.0,4.534842289076664
SOL,2021-07-26 03:00:00+00:00,2021-07-26 03:00:00+00:00,2021-07-28 03:00:00+00:00,1,29.803,26.700643036226836,3132.1599637731647,28.355,tempo,-0.46674190523804404,-0.47892706008689917,192,48.0,3.1023569637731647
SOL,2021-07-28 04:00:00+00:00,2021-07-28 04:00:00+00:00,2021-07-30 04:00:00+00:00,1,27.953,25.093791184659427,2887.1618153405725,32.74,tempo,1.6742393819983388,1.660441701399309,192,48.0,2.8592088153405726
SOL,2021-07-30 04:00:00+00:00,2021-07-30 04:00:00+00:00,2021-07-31 22:00:00+00:00,-1,32.74,36.02717096137141,-3254.430961371409,36.02717096137141,stop,-1.0,-1.0135979118975433,168,42.0,3.287170961371409
SOL,2021-08-01 00:00:00+00:00,2021-08-01 00:00:00+00:00,2021-08-03 00:00:00+00:00,-1,36.747,40.52478070500506,-3741.033705005057,33.194,tempo,0.9404992712501138,0.9284653143982061,192,48.0,3.777780705005057
SOL,2021-08-05 14:00:00+00:00,2021-08-05 14:00:00+00:00,2021-08-07 14:00:00+00:00,-1,37.476,40.98711659726402,-3473.640597264021,38.864,tempo,-0.395315838010499,-0.4094483792193744,192,48.0,3.511116597264021
SOL,2021-08-15 13:00:00+00:00,2021-08-15 13:00:00+00:00,2021-08-15 17:45:00+00:00,-1,46.996,51.154742976658795,-4111.746976658793,51.154742976658795,stop,-1.0,-1.01534068907189,19,4.75,4.158742976658793
SOL,2021-08-15 18:00:00+00:00,2021-08-15 18:00:00+00:00,2021-08-16 01:15:00+00:00,-1,51.91,56.72536157457617,-4763.451574576173,56.72536157457617,stop,-1.0,-1.0146641085887076,29,7.25,4.815361574576173
SOL,2021-08-16 02:00:00+00:00,2021-08-16 02:00:00+00:00,2021-08-16 04:15:00+00:00,-1,55.766,60.963400140275276,-5141.634140275278,60.963400140275276,stop,-1.0,-1.0145984738606562,9,2.25,5.197400140275278
SOL,2021-08-16 05:00:00+00:00,2021-08-16 05:00:00+00:00,2021-08-16 14:30:00+00:00,-1,62.081,68.22931467638722,-6086.233676387215,68.22931467638722,stop,-1.0,-1.0137764101217772,38,9.5,6.148314676387216
SOL,2021-08-16 15:00:00+00:00,2021-08-16 15:00:00+00:00,2021-08-17 03:15:00+00:00,-1,67.006,73.90784105702869,-6834.83505702869,73.90784105702869,stop,-1.0,-1.013270951320125,49,12.25,6.90184105702869
SOL,2021-08-17 04:00:00+00:00,2021-08-17 04:00:00+00:00,2021-08-18 14:45:00+00:00,-1,71.969,80.49517998033372,-8454.210980333724,80.49517998033372,stop,-1.0,-1.0116232260186628,139,34.75,8.526179980333723
SOL,2021-08-18 17:00:00+00:00,2021-08-18 17:00:00+00:00,2021-08-20 17:00:00+00:00,-1,78.133,88.74732342442223,-10536.190424422239,76.434,tempo,0.1600667260704352,0.15060135121961482,192,48.0,10.614323424422238
SOL,2021-08-27 03:00:00+00:00,2021-08-27 03:00:00+00:00,2021-08-28 12:00:00+00:00,-1,82.121,92.79383400551755,-10590.713005517558,92.79383400551755,stop,-1.0,-1.0106527134259569,132,33.0,10.672834005517558
SOL,2021-08-30 16:00:00+00:00,2021-08-30 16:00:00+00:00,2021-08-31 05:30:00+00:00,-1,105.661,118.15856330404387,-12391.902304043866,118.15856330404387,stop,-1.0,-1.0116408865158981,54,13.5,12.497563304043865
SOL,2021-08-31 06:00:00+00:00,2021-08-31 06:00:00+00:00,2021-09-02 06:00:00+00:00,-1,117.934,132.6034424558637,-14551.508455863703,113.275,tempo,0.3175989826482932,0.3073541590667448,192,48.0,14.669442455863702
SOL,2021-09-03 01:00:00+00:00,2021-09-03 01:00:00+00:00,2021-09-04 03:30:00+00:00,-1,133.716,150.94961002663388,-17099.89402663387,150.94961002663388,stop,-1.0,-1.0107367316674423,106,26.5,17.23361002663387
SOL,2021-09-06 21:00:00+00:00,2021-09-06 21:00:00+00:00,2021-09-07 05:15:00+00:00,-1,163.879,183.8650613682842,-19822.182368284197,183.8650613682842,stop,-1.0,-1.0113095639868332,33,8.25,19.986061368284197
SOL,2021-09-07 06:00:00+00:00,2021-09-07 06:00:00+00:00,2021-09-09 01:00:00+00:00,-1,186.054,209.01310447154765,-22773.050471547645,209.01310447154765,stop,-1.0,-1.0111848272751554,172,43.0,22.959104471547647
SOL,2021-09-09 01:00:00+00:00,2021-09-09 01:00:00+00:00,2021-09-11 01:00:00+00:00,-1,210.167,247.79267279818197,-37415.50579818196,182.258,tempo,0.741754178050167,0.7349748640597384,192,48.0,37.62567279818197
SOL,2021-09-14 22:00:00+00:00,2021-09-14 22:00:00+00:00,2021-09-16 22:00:00+00:00,1,148.806,124.70410609041804,24250.699909581974,151.53,tempo,0.1130201639016025,0.1049204518734789,192,48.0,24.101893909581975
SOL,2021-10-06 04:00:00+00:00,2021-10-06 04:00:00+00:00,2021-10-08 04:00:00+00:00,1,158.131,140.62632958105087,17662.801418949133,154.549,tempo,-0.2046311021156052,-0.21624183200286928,192,48.0,17.504670418949132
SOL,2021-10-11 19:00:00+00:00,2021-10-11 19:00:00+00:00,2021-10-13 19:00:00+00:00,1,143.505,129.4323261773493,14216.1788226507,145.404,tempo,0.13494237299406894,0.12159801126390926,192,48.0,14.0726738226507
SOL,2021-10-21 01:00:00+00:00,2021-10-21 01:00:00+00:00,2021-10-22 00:45:00+00:00,-1,185.694,201.88663885368817,-16006.944853688181,201.88663885368817,stop,-1.0,-1.0155581445082076,95,23.75,16.19263885368818
SOL,2021-10-22 01:00:00+00:00,2021-10-22 01:00:00+00:00,2021-10-24 01:00:00+00:00,-1,200.267,218.54614785793353,-18078.88085793354,197.342,tempo,0.1600184003506745,0.14587956565177856,192,48.0,18.279147857933538
SOL,2021-11-01 07:00:00+00:00,2021-11-01 07:00:00+00:00,2021-11-03 01:30:00+00:00,-1,207.579,225.50246142247906,-17715.882422479048,225.50246142247906,stop,-1.0,-1.0157058362382814,170,42.5,17.92346142247905
SOL,2021-11-03 08:00:00+00:00,2021-11-03 08:00:00+00:00,2021-11-05 08:00:00+00:00,-1,232.592,252.65072432605854,-19826.132326058523,242.911,tempo,-0.5144394943697618,-0.5298480988740111,192,48.0,20.058724326058524
SOL,2021-11-19 15:00:00+00:00,2021-11-19 15:00:00+00:00,2021-11-21 15:00:00+00:00,-1,215.353,233.78528201333975,-18216.929013339744,211.987,tempo,0.1826143934627294,0.1675445828012512,192,48.0,18.432282013339744
SOL,2021-11-24 20:00:00+00:00,2021-11-24 20:00:00+00:00,2021-11-26 11:15:00+00:00,1,202.257,184.87660350505135,17582.653494948656,184.87660350505135,stop,-1.0,-1.01447819917983,157,39.25,17.380396494948656
SOL,2021-12-01 10:00:00+00:00,2021-12-01 10:00:00+00:00,2021-12-02 22:00:00+00:00,-1,223.442,242.48254404611797,-18817.102046117958,242.48254404611797,stop,-1.0,-1.0159055829968116,144,36.0,19.040544046117958
SOL,2021-12-11 01:00:00+00:00,2021-12-11 01:00:00+00:00,2021-12-13 01:00:00+00:00,1,165.127,149.9683040299659,15323.822970034103,170.57,tempo,0.35906782554117933,0.3446732463220073,192,48.0,15.158695970034103
SOL,2021-12-15 21:00:00+00:00,2021-12-15 21:00:00+00:00,2021-12-17 21:00:00+00:00,-1,180.5,196.9717584071711,-16291.25840717111,174.56,tempo,0.3606172366766849,0.3466060428323456,192,48.0,16.47175840717111
SOL,2022-01-08 11:00:00+00:00,2022-01-08 11:00:00+00:00,2022-01-10 11:00:00+00:00,-1,146.57,157.14528624774226,-10428.71624774227,140.8,tempo,0.5456117087357163,0.5279487825865656,192,48.0,10.57528624774227
SOL,2022-01-22 06:00:00+00:00,2022-01-22 06:00:00+00:00,2022-01-22 10:15:00+00:00,1,104.22,94.91325078403344,9410.969215966561,94.91325078403344,stop,-1.0,-1.0139078221628195,17,4.25,9.306749215966562
SOL,2022-01-22 11:00:00+00:00,2022-01-22 11:00:00+00:00,2022-01-22 18:45:00+00:00,1,99.06,89.9856620049035,9173.397995096499,89.9856620049035,stop,-1.0,-1.0135414484637433,31,7.75,9.0743379950965
SOL,2022-01-22 19:00:00+00:00,2022-01-22 19:00:00+00:00,2022-01-24 12:45:00+00:00,1,89.94,81.15063228324793,8879.307716752068,81.15063228324793,stop,-1.0,-1.0126526633732882,167,41.75,8.789367716752068
SOL,2022-01-24 13:00:00+00:00,2022-01-24 13:00:00+00:00,2022-01-26 13:00:00+00:00,1,81.84,72.40811852903286,9513.721470967143,96.22,tempo,1.524616275582339,1.5123452350316,192,48.0,9.431881470967141
SOL,2022-02-01 04:00:00+00:00,2022-02-01 04:00:00+00:00,2022-02-03 04:00:00+00:00,-1,106.8,118.81226719258319,-11905.467192583195,97.35,tempo,0.7866957876057545,0.7756489554072556,192,48.0,12.012267192583195
SOL,2022-02-20 18:00:00+00:00,2022-02-20 18:00:00+00:00,2022-02-22 18:00:00+00:00,-1,90.95,98.56642547303481,-7525.4754730348095,84.77,tempo,0.8114042501800454,0.7964079766125592,192,48.0,7.616425473034809
SOL,2022-03-01 09:00:00+00:00,2022-03-01 09:00:00+00:00,2022-03-03 09:00:00+00:00,1,96.91,87.46209020507624,9544.81979492376,100.31,tempo,0.3598679574424792,0.34629955948117813,192,48.0,9.44790979492376
SOL,2022-03-24 11:00:00+00:00,2022-03-24 11:00:00+00:00,2022-03-26 11:00:00+00:00,-1,100.88,107.69512773532075,-6714.247735320758,100.52,tempo,0.052823661416385156,0.03361492387188796,192,48.0,6.8151277353207576
SOL,2022-03-30 16:00:00+00:00,2022-03-30 16:00:00+00:00,2022-04-01 15:00:00+00:00,-1,122.7,131.97017762153672,-9147.477621536716,131.97017762153672,stop,-1.0,-1.0178567900435287,188,47.0,9.270177621536718
SOL,2022-04-01 20:00:00+00:00,2022-04-01 20:00:00+00:00,2022-04-03 20:00:00+00:00,-1,137.39,148.6825998440689,-11155.209844068917,135.25,tempo,0.18950463396823133,0.1738115249900471,192,48.0,11.292599844068917
SOL,2022-04-06 17:00:00+00:00,2022-04-06 17:00:00+00:00,2022-04-08 17:00:00+00:00,1,116.18,106.98979681499173,9306.383185008272,114.81,tempo,-0.1490717857288344,-0.16540912854677392,192,48.0,9.190203185008272
SOL,2022-04-30 23:00:00+00:00,2022-04-30 23:00:00+00:00,2022-05-02 23:00:00+00:00,1,85.32,79.81635825337845,5588.9617466215395,87.53,tempo,0.4015522996853195,0.3811380893910233,192,48.0,5.50364174662154
SOL,2022-05-11 11:00:00+00:00,2022-05-11 11:00:00+00:00,2022-05-11 12:45:00+00:00,1,64.68,58.014977002269575,6729.702997730432,58.014977002269575,stop,-1.0,-1.0119657104076958,7,1.75,6.665022997730432
SOL,2022-05-11 13:00:00+00:00,2022-05-11 13:00:00+00:00,2022-05-12 05:15:00+00:00,1,49.45,42.19380232084331,7305.647679156692,42.19380232084331,stop,-1.0,-1.0082093231389848,65,16.25,7.256197679156692
SOL,2022-05-12 06:00:00+00:00,2022-05-12 06:00:00+00:00,2022-05-14 06:00:00+00:00,1,42.05,34.540260695522626,7551.789304477371,51.87,tempo,1.3076352722584168,1.2995060952624053,192,48.0,7.509739304477371
SOL,2022-05-27 02:00:00+00:00,2022-05-27 02:00:00+00:00,2022-05-29 02:00:00+00:00,1,41.68,36.10518669212732,5616.493307872681,43.2,tempo,0.27265487040677727,0.26275821612382816,192,48.0,5.574813307872681
SOL,2022-05-30 22:00:00+00:00,2022-05-30 22:00:00+00:00,2022-06-01 17:30:00+00:00,1,47.43,41.648680332266494,5828.749667733506,41.648680332266494,stop,-1.0,-1.0100152120179635,174,43.5,5.781319667733506
SOL,2022-06-13 19:00:00+00:00,2022-06-13 19:00:00+00:00,2022-06-14 06:45:00+00:00,-1,28.18,31.35154953062999,-3143.3695306299887,31.35154953062999,stop,-1.0,-1.0122008207096242,47,11.75,3.1715495306299886
SOL,2022-06-14 07:00:00+00:00,2022-06-14 07:00:00+00:00,2022-06-15 22:15:00+00:00,-1,30.67,34.57658035423944,-3875.9103542394378,34.57658035423944,stop,-1.0,-1.010856112862041,157,39.25,3.9065803542394377
SOL,2022-06-15 23:00:00+00:00,2022-06-15 23:00:00+00:00,2022-06-17 23:00:00+00:00,-1,34.12,38.69888098908244,-4544.760989082442,30.88,tempo,0.7075964646657609,0.6983693194089311,192,48.0,4.5788809890824425
SOL,2022-06-18 23:00:00+00:00,2022-06-18 23:00:00+00:00,2022-06-20 11:00:00+00:00,-1,31.65,36.01187664987454,-4330.226649874539,36.01187664987454,stop,-1.0,-1.0100828664707158,144,36.0,4.361876649874539
SOL,2022-07-19 09:00:00+00:00,2022-07-19 09:00:00+00:00,2022-07-21 09:00:00+00:00,-1,44.57,48.768119201136486,-4153.549201136486,41.1,tempo,0.8265606176834199,0.8132962253848579,192,48.0,4.198119201136485
SOL,2022-08-20 00:00:00+00:00,2022-08-20 00:00:00+00:00,2022-08-22 00:00:00+00:00,-1,35.79,38.61669728921129,-2790.907289211289,36.45,tempo,-0.23348803655737693,-0.25009964904917714,192,48.0,2.826697289211289
SOL,2022-09-06 12:00:00+00:00,2022-09-06 12:00:00+00:00,2022-09-08 12:00:00+00:00,-1,33.22,35.19475835374327,-1941.5383537432688,32.89,tempo,0.1671090538113001,0.14534866985417186,192,48.0,1.974758353743269
SOL,2022-09-09 14:00:00+00:00,2022-09-09 14:00:00+00:00,2022-09-11 14:00:00+00:00,1,35.13,32.84149561926514,2323.634380734864,34.78,tempo,-0.15293831331343688,-0.17279473149752977,192,48.0,2.2885043807348637
SOL,2022-09-13 04:00:00+00:00,2022-09-13 04:00:00+00:00,2022-09-15 04:00:00+00:00,-1,38.75,41.42794185975935,-2639.1918597593503,33.05,tempo,2.128500280626789,2.11107271780278,192,48.0,2.6779418597593505
SOL,2022-09-24 10:00:00+00:00,2022-09-24 10:00:00+00:00,2022-09-26 10:00:00+00:00,-1,34.13,36.53214307509851,-2368.013075098507,32.75,tempo,0.5744870129950154,0.5563898394957985,192,48.0,2.4021430750985076
SOL,2022-10-13 08:00:00+00:00,2022-10-13 08:00:00+00:00,2022-10-13 10:45:00+00:00,1,29.69,28.297914700996632,1421.7752990033696,28.297914700996632,stop,-1.0,-1.0270760308887916,11,2.75,1.3920852990033694
SOL,2022-10-13 11:00:00+00:00,2022-10-13 11:00:00+00:00,2022-10-13 12:45:00+00:00,1,28.88,27.50602010693128,1402.859893068718,27.50602010693128,stop,-1.0,-1.0266749995792495,7,1.75,1.373979893068718
SOL,2022-10-13 13:00:00+00:00,2022-10-13 13:00:00+00:00,2022-10-15 13:00:00+00:00,1,28.54,27.182206802655354,1386.3331973446445,29.85,tempo,0.9648008272260395,0.9368484850915941,192,48.0,1.3577931973446447
SOL,2022-10-20 20:00:00+00:00,2022-10-20 20:00:00+00:00,2022-10-21 12:15:00+00:00,1,28.26,26.92800404823034,1360.2559517696632,26.92800404823034,stop,-1.0,-1.0269311649060875,65,16.25,1.3319959517696631
SOL,2022-10-21 13:00:00+00:00,2022-10-21 13:00:00+00:00,2022-10-23 13:00:00+00:00,1,27.3,26.025804654691683,1301.4953453083176,28.04,tempo,0.5807586746606269,0.5525283094089817,192,48.0,1.2741953453083177
SOL,2022-10-25 17:00:00+00:00,2022-10-25 17:00:00+00:00,2022-10-27 17:00:00+00:00,-1,31.36,33.02187200593869,-1630.5120059386902,31.24,tempo,0.07220772693154567,0.047723290191174265,192,48.0,1.6618720059386902
SOL,2022-10-29 08:00:00+00:00,2022-10-29 08:00:00+00:00,2022-10-31 08:00:00+00:00,-1,33.27,35.126724786439624,-1823.4547864396209,33.41,tempo,-0.07540158941296395,-0.09874484432965563,192,48.0,1.8567247864396208
SOL,2022-11-05 16:00:00+00:00,2022-11-05 16:00:00+00:00,2022-11-07 16:00:00+00:00,-1,37.21,39.836511142101166,-2589.301142101165,32.8,tempo,1.6790334254862809,1.6617075899813167,192,48.0,2.6265111421011653
SOL,2022-11-08 02:00:00+00:00,2022-11-08 02:00:00+00:00,2022-11-08 03:30:00+00:00,1,29.12,26.684543180385834,2464.576819614167,26.684543180385834,stop,-1.0,-1.0148936958254087,6,1.5,2.435456819614167
SOL,2022-11-08 04:00:00+00:00,2022-11-08 04:00:00+00:00,2022-11-08 18:15:00+00:00,1,26.43,24.069037996206717,2387.3920037932826,24.069037996206717,stop,-1.0,-1.0139029660980552,57,14.25,2.360962003793283
SOL,2022-11-08 19:00:00+00:00,2022-11-08 19:00:00+00:00,2022-11-08 19:30:00+00:00,1,23.19,20.270037046061585,2943.1529539384164,20.270037046061585,stop,-1.0,-1.0096744460548166,2,0.5,2.919962953938416
SOL,2022-11-08 20:00:00+00:00,2022-11-08 20:00:00+00:00,2022-11-09 05:30:00+00:00,1,22.74,19.87579490900713,2886.9450909928682,19.87579490900713,stop,-1.0,-1.0096711882741791,38,9.5,2.8642050909928685
SOL,2022-11-09 06:00:00+00:00,2022-11-09 06:00:00+00:00,2022-11-09 08:15:00+00:00,1,19.29,16.69382656926259,2615.4634307374085,16.69382656926259,stop,-1.0,-1.0090092160227435,9,2.25,2.5961734307374087
SOL,2022-11-09 09:00:00+00:00,2022-11-09 09:00:00+00:00,2022-11-09 16:00:00+00:00,1,15.39,12.97251451674096,2432.8754832590407,12.97251451674096,stop,-1.0,-1.0076259545563138,28,7.0,2.417485483259041
SOL,2022-11-09 16:00:00+00:00,2022-11-09 16:00:00+00:00,2022-11-09 18:45:00+00:00,1,12.92,10.347190282701701,2585.7297172982985,10.347190282701701,stop,-1.0,-1.005878271363044,11,2.75,2.5728097172982984
SOL,2022-11-09 19:00:00+00:00,2022-11-09 19:00:00+00:00,2022-11-11 19:00:00+00:00,1,11.029,8.701947638261965,2338.0813617380354,16.248,tempo,2.242751424854927,2.235132322555588,192,48.0,2.327052361738035
SOL,2022-12-28 06:00:00+00:00,2022-12-28 06:00:00+00:00,2022-12-29 18:30:00+00:00,1,9.919,9.234216492735781,694.7025072642194,9.234216492735781,stop,-1.0,-1.0181803308464827,146,36.5,0.6847835072642194
SOL,2022-12-29 19:00:00+00:00,2022-12-29 19:00:00+00:00,2022-12-29 20:45:00+00:00,1,9.143,8.478433815660168,673.709184339833,8.478433815660168,stop,-1.0,-1.0172352013239392,7,1.75,0.6645661843398329
SOL,2022-12-29 21:00:00+00:00,2022-12-29 21:00:00+00:00,2022-12-31 21:00:00+00:00,1,8.246,7.582302435602714,671.9435643972862,10.069,tempo,2.7467329967610987,2.7287959865344438,192,48.0,0.6636975643972862
BNB,2020-09-29 08:00:00+00:00,2020-09-29 08:00:00+00:00,2020-10-01 08:00:00+00:00,-1,27.749,30.206473090932818,-2429.724090932819,28.959,tempo,-0.4923756864172635,-0.5073749147449309,192,48.0,2.457473090932819
BNB,2020-10-12 10:00:00+00:00,2020-10-12 10:00:00+00:00,2020-10-14 10:00:00+00:00,-1,30.24,32.14842837884219,-1878.1883788421922,30.83,tempo,-0.3091549080599723,-0.3299550074716581,192,48.0,1.908428378842192
BNB,2020-10-19 22:00:00+00:00,2020-10-19 22:00:00+00:00,2020-10-21 22:00:00+00:00,1,29.942,28.301763756774275,1670.1782432257255,29.978,tempo,0.02194805787805478,-0.0017973020729020288,192,48.0,1.6402362432257256
BNB,2020-10-21 23:00:00+00:00,2020-10-21 23:00:00+00:00,2020-10-23 23:00:00+00:00,1,29.948,28.3759939489197,1601.954051080301,30.498,tempo,0.34987142678110833,0.3248779479245864,192,48.0,1.572006051080301
BNB,2020-10-30 03:00:00+00:00,2020-10-30 03:00:00+00:00,2020-10-30 07:30:00+00:00,1,28.887,27.50712929136651,1408.75770863349,27.50712929136651,stop,-1.0,-1.026564941055738,18,4.5,1.37987070863349
BNB,2020-10-30 08:00:00+00:00,2020-10-30 08:00:00+00:00,2020-11-01 08:00:00+00:00,1,28.092,26.720104888196257,1399.9871118037418,28.392,tempo,0.21867560968678312,0.1919136512220953,192,48.0,1.3718951118037417
BNB,2020-11-03 03:00:00+00:00,2020-11-03 03:00:00+00:00,2020-11-05 03:00:00+00:00,1,26.013,24.643822184773217,1395.1908152267843,27.384,tempo,1.0013308605740976,0.9759813043557541,192,48.0,1.3691778152267844
BNB,2020-11-18 07:00:00+00:00,2020-11-18 07:00:00+00:00,2020-11-20 07:00:00+00:00,1,28.18,26.97879672027538,1229.38327972462,28.277,tempo,0.0807523602684792,0.05020211900672297,192,48.0,1.20120327972462
BNB,2020-11-21 22:00:00+00:00,2020-11-21 22:00:00+00:00,2020-11-23 22:00:00+00:00,-1,30.434,31.74961128016866,-1285.1772801686604,30.603,tempo,-0.1284573966090765,-0.1586137585968772,192,48.0,1.3156112801686604
BNB,2020-11-24 04:00:00+00:00,2020-11-24 04:00:00+00:00,2020-11-24 08:45:00+00:00,-1,33.068,34.71144395392091,-1610.3759539209152,34.71144395392091,stop,-1.0,-1.0268075089904578,19,4.75,1.6434439539209151
BNB,2020-11-24 09:00:00+00:00,2020-11-24 09:00:00+00:00,2020-11-26 09:00:00+00:00,-1,34.963,36.97381540187329,-1975.8524018732876,27.818,tempo,3.5532848979293052,3.5329908172484115,192,48.0,2.0108154018732876
BNB,2020-11-26 09:00:00+00:00,2020-11-26 09:00:00+00:00,2020-11-28 09:00:00+00:00,1,27.817,25.87007598038606,1974.7410196139417,27.948,tempo,0.0672856252633713,0.048667923886823734,192,48.0,1.9469240196139417
BNB,2020-12-17 06:00:00+00:00,2020-12-17 06:00:00+00:00,2020-12-19 06:00:00+00:00,1,30.673,29.19256211830121,1511.1108816987871,32.427,tempo,1.1847845976403308,1.1570799566641516,192,48.0,1.480437881698787
BNB,2020-12-19 06:00:00+00:00,2020-12-19 06:00:00+00:00,2020-12-19 15:15:00+00:00,-1,32.422,34.038984755198385,-1584.5627551983878,34.038984755198385,stop,-1.0,-1.0267161702990693,37,9.25,1.6169847551983878
BNB,2020-12-19 16:00:00+00:00,2020-12-19 16:00:00+00:00,2020-12-20 14:30:00+00:00,-1,33.916,35.670049859544946,-1720.1338595449492,35.670049859544946,stop,-1.0,-1.0257865716658923,90,22.5,1.7540498595449492
BNB,2020-12-22 02:00:00+00:00,2020-12-22 02:00:00+00:00,2020-12-24 02:00:00+00:00,1,31.875,29.78435311350008,2122.5218864999183,31.391,tempo,-0.23150729237221698,-0.251177232937286,192,48.0,2.0906468864999184
BNB,2020-12-27 09:00:00+00:00,2020-12-27 09:00:00+00:00,2020-12-29 09:00:00+00:00,1,33.222,30.938382578782985,2316.8394212170165,38.433,tempo,2.2819058707403284,2.2615102696351403,192,48.0,2.2836174212170164
BNB,2020-12-29 09:00:00+00:00,2020-12-29 09:00:00+00:00,2020-12-31 09:00:00+00:00,-1,38.438,41.40640100717587,-2929.9630071758706,37.581,tempo,0.28870762337307887,0.27206150653086325,192,48.0,2.9684010071758706
BNB,2021-01-04 01:00:00+00:00,2021-01-04 01:00:00+00:00,2021-01-06 01:00:00+00:00,-1,41.866,44.84682943003148,-2938.963430031477,41.192,tempo,0.2261115625099294,0.2079999257097553,192,48.0,2.980829430031477
BNB,2021-01-17 21:00:00+00:00,2021-01-17 21:00:00+00:00,2021-01-19 21:00:00+00:00,-1,46.658,50.60795659647067,-3903.2985964706704,42.484,tempo,1.0567204722526609,1.0420513743563011,192,48.0,3.9499565964706704
BNB,2021-01-20 14:00:00+00:00,2021-01-20 14:00:00+00:00,2021-01-22 00:30:00+00:00,1,41.665,38.05297539950833,3653.689600491672,38.05297539950833,stop,-1.0,-1.0143456066170278,138,34.5,3.6120246004916723
BNB,2021-02-01 13:00:00+00:00,2021-02-01 13:00:00+00:00,2021-02-01 22:00:00+00:00,-1,48.133,51.561869776853975,-3380.736776853972,51.561869776853975,stop,-1.0,-1.018898841184459,36,9.0,3.428869776853972
BNB,2021-02-01 22:00:00+00:00,2021-02-01 22:00:00+00:00,2021-02-03 22:00:00+00:00,-1,51.428,55.32124431417296,-3841.816314172961,51.94,tempo,-0.13150985622353994,-0.14876775081684984,192,48.0,3.8932443141729607
BNB,2021-02-05 03:00:00+00:00,2021-02-05 03:00:00+00:00,2021-02-05 16:00:00+00:00,-1,56.883,61.26252896975974,-4322.64596975974,61.26252896975974,stop,-1.0,-1.0175348980131433,52,13.0,4.37952896975974
BNB,2021-02-05 16:00:00+00:00,2021-02-05 16:00:00+00:00,2021-02-05 22:00:00+00:00,-1,60.765,65.42166034667713,-4595.895346677128,65.42166034667713,stop,-1.0,-1.0176137667596625,24,6.0,4.656660346677128
BNB,2021-02-05 22:00:00+00:00,2021-02-05 22:00:00+00:00,2021-02-06 07:30:00+00:00,-1,66.042,71.30537656149923,-5197.334561499228,71.30537656149923,stop,-1.0,-1.0169616963030943,38,9.5,5.2633765614992285
BNB,2021-02-06 08:00:00+00:00,2021-02-06 08:00:00+00:00,2021-02-08 08:00:00+00:00,-1,70.325,76.35589842535303,-5960.57342535303,73.297,tempo,-0.4927955655008437,-0.5082749009855124,192,48.0,6.03089842535303
BNB,2021-02-09 07:00:00+00:00,2021-02-09 07:00:00+00:00,2021-02-09 15:30:00+00:00,-1,94.0,103.97483171756312,-9880.83171756312,103.97483171756312,stop,-1.0,-1.012900833243115,34,8.5,9.97483171756312
BNB,2021-02-09 16:00:00+00:00,2021-02-09 16:00:00+00:00,2021-02-10 04:00:00+00:00,-1,105.141,117.27101998687962,-12024.878986879618,117.27101998687962,stop,-1.0,-1.0119181842361218,48,12.0,12.130019986879617
BNB,2021-02-10 04:00:00+00:00,2021-02-10 04:00:00+00:00,2021-02-10 05:45:00+00:00,-1,117.686,132.81608283645238,-15012.396836452373,132.81608283645238,stop,-1.0,-1.0107617622192657,7,1.75,15.130082836452374
BNB,2021-02-10 06:00:00+00:00,2021-02-10 06:00:00+00:00,2021-02-12 06:00:00+00:00,-1,131.402,149.21390419758188,-17680.502197581896,125.262,tempo,0.34471328454784406,0.33534698669729485,192,48.0,17.811904197581896
BNB,2021-02-17 19:00:00+00:00,2021-02-17 19:00:00+00:00,2021-02-18 08:15:00+00:00,-1,160.8,183.346666464746,-22385.866464745985,183.346666464746,stop,-1.0,-1.0099214371025471,53,13.25,22.546666464745982
BNB,2021-02-18 09:00:00+00:00,2021-02-18 09:00:00+00:00,2021-02-19 01:30:00+00:00,-1,189.285,216.38590795133166,-26911.622951331665,216.38590795133166,stop,-1.0,-1.009729788044072,66,16.5,27.100907951331664
BNB,2021-02-19 02:00:00+00:00,2021-02-19 02:00:00+00:00,2021-02-19 05:15:00+00:00,-1,216.107,247.61483797984314,-31291.730979843145,247.61483797984314,stop,-1.0,-1.0095664829456,13,3.25,31.507837979843146
BNB,2021-02-19 06:00:00+00:00,2021-02-19 06:00:00+00:00,2021-02-19 15:00:00+00:00,-1,271.572,314.66742790971256,-42823.855909712554,314.66742790971256,stop,-1.0,-1.0088421358511546,36,9.0,43.095427909712555
BNB,2021-02-19 15:00:00+00:00,2021-02-19 15:00:00+00:00,2021-02-21 15:00:00+00:00,-1,321.174,377.0945306629585,-55599.356662958526,303.576,tempo,0.31469658444526855,0.3074347166627979,192,48.0,55.92053066295853
BNB,2021-03-30 20:00:00+00:00,2021-03-30 20:00:00+00:00,2021-04-01 20:00:00+00:00,-1,311.74,340.45984830447446,-28408.108304474452,327.93,tempo,-0.5637216404613687,-0.5781989279314151,192,48.0,28.719848304474453
BNB,2021-04-01 22:00:00+00:00,2021-04-01 22:00:00+00:00,2021-04-03 22:00:00+00:00,-1,332.152,362.0453221497245,-29561.170149724498,323.418,tempo,0.2921722770140647,0.2779175716365318,192,48.0,29.893322149724497
BNB,2021-04-06 06:00:00+00:00,2021-04-06 06:00:00+00:00,2021-04-08 06:00:00+00:00,-1,388.732,423.8462393427091,-34725.50734270908,396.61,tempo,-0.2243534289070604,-0.23889090172593241,192,48.0,35.114239342709084
BNB,2021-04-10 01:00:00+00:00,2021-04-10 01:00:00+00:00,2021-04-11 18:30:00+00:00,-1,464.677,509.291012686889,-44149.335686889,509.291012686889,stop,-1.0,-1.0141901427403441,166,41.5,44.614012686889
BNB,2021-04-12 01:00:00+00:00,2021-04-12 01:00:00+00:00,2021-04-12 04:45:00+00:00,-1,521.756,571.4208685903818,-49143.11259038184,571.4208685903818,stop,-1.0,-1.014307195100912,15,3.75,49.66486859038184
BNB,2021-04-12 05:00:00+00:00,2021-04-12 05:00:00+00:00,2021-04-12 09:30:00+00:00,-1,573.729,630.7300105775967,-56427.281577596616,630.7300105775967,stop,-1.0,-1.0137348153820829,18,4.5,57.00101057759662
BNB,2021-04-12 10:00:00+00:00,2021-04-12 10:00:00+00:00,2021-04-14 10:00:00+00:00,-1,562.462,622.1524034420875,-59127.941442087475,573.04,tempo,-0.17721441622124248,-0.18957949096422178,192,48.0,59.69040344208747
BNB,2021-04-19 12:00:00+00:00,2021-04-19 12:00:00+00:00,2021-04-21 00:15:00+00:00,-1,531.008,594.0796915126605,-62540.683512660435,594.0796915126605,stop,-1.0,-1.0115948531257708,145,36.25,63.071691512660436
BNB,2021-04-21 01:00:00+00:00,2021-04-21 01:00:00+00:00,2021-04-23 01:00:00+00:00,-1,579.0,653.1672730922633,-73588.27309226326,504.428,tempo,1.0054569473955617,0.9959618133473683,192,48.0,74.16727309226326
BNB,2021-05-19 12:00:00+00:00,2021-05-19 12:00:00+00:00,2021-05-19 12:45:00+00:00,1,394.45,347.5453321753953,47299.1178246047,347.5453321753953,stop,-1.0,-1.0102824940092852,3,0.75,46.9046678246047
BNB,2021-05-19 13:00:00+00:00,2021-05-19 13:00:00+00:00,2021-05-19 13:15:00+00:00,1,335.61,288.2765611162818,47669.048883718206,288.2765611162818,stop,-1.0,-1.008567437192168,1,0.25,47.3334388837182
BNB,2021-05-19 14:00:00+00:00,2021-05-19 14:00:00+00:00,2021-05-20 00:45:00+00:00,1,352.06,301.8895643546678,50522.49564533219,301.8895643546678,stop,-1.0,-1.00847246413875,43,10.75,50.17043564533219
BNB,2021-05-20 01:00:00+00:00,2021-05-20 01:00:00+00:00,2021-05-22 01:00:00+00:00,1,302.6,251.93335496605405,50969.24503394597,329.11,tempo,0.5232239076070391,0.5151197298047612,192,48.0,50.66664503394597
BNB,2021-05-22 06:00:00+00:00,2021-05-22 06:00:00+00:00,2021-05-23 12:45:00+00:00,1,298.15,242.9716229492593,55476.52705074067,242.9716229492593,stop,-1.0,-1.0063744001494204,123,30.75,55.178377050740664
BNB,2021-05-23 13:00:00+00:00,2021-05-23 13:00:00+00:00,2021-05-25 13:00:00+00:00,1,241.46,196.30043389223545,45401.02610776456,319.28,tempo,1.723222933858523,1.7151519750027573,192,48.0,45.15956610776456
BNB,2021-06-02 14:00:00+00:00,2021-06-02 14:00:00+00:00,2021-06-04 14:00:00+00:00,-1,406.1,470.12809559973044,-63621.99559973042,386.36,tempo,0.30830215728114085,0.30025726706263234,192,48.0,64.02809559973042
BNB,2021-06-09 18:00:00+00:00,2021-06-09 18:00:00+00:00,2021-06-11 18:00:00+00:00,1,372.89,321.7276339023641,51535.256097635865,356.66,tempo,-0.3172253599262276,-0.3264940379833574,192,48.0,51.16236609763587
BNB,2021-06-14 04:00:00+00:00,2021-06-14 04:00:00+00:00,2021-06-16 04:00:00+00:00,1,359.32,316.39594239730087,43283.37760269912,360.99,tempo,0.038905921137683964,0.027998250098435363,192,48.0,42.92405760269912
BNB,2021-06-22 06:00:00+00:00,2021-06-22 06:00:00+00:00,2021-06-22 12:15:00+00:00,1,280.74,250.71575967785344,30304.98032214657,250.71575967785344,stop,-1.0,-1.0115055781623157,25,6.25,30.024240322146568
BNB,2021-06-22 13:00:00+00:00,2021-06-22 13:00:00+00:00,2021-06-24 13:00:00+00:00,1,240.69,213.54888809463287,27381.801905367123,306.78,tempo,2.4350513063147847,2.421939997491448,192,48.0,27.141111905367126
BNB,2021-07-06 19:00:00+00:00,2021-07-06 19:00:00+00:00,2021-07-08 19:00:00+00:00,-1,317.75,347.36668582350734,-29298.935823507338,315.53,tempo,0.07495774555024554,0.06105909387621928,192,48.0,29.61668582350734
BNB,2021-07-15 10:00:00+00:00,2021-07-15 10:00:00+00:00,2021-07-17 10:00:00+00:00,-1,319.44,344.17669812752774,-24417.258127527748,300.21,tempo,0.7773875034113907,0.7611051160885741,192,48.0,24.736698127527745
BNB,2021-07-20 02:00:00+00:00,2021-07-20 02:00:00+00:00,2021-07-22 02:00:00+00:00,1,271.38,251.3197000557785,20331.679944221498,289.87,tempo,0.9217210137142628,0.9035352188351047,192,48.0,20.060299944221498
BNB,2021-07-26 01:00:00+00:00,2021-07-26 01:00:00+00:00,2021-07-28 01:00:00+00:00,1,309.28,287.6228310821162,21966.44891788378,309.59,tempo,0.014313966944405851,-0.004260275216480756,192,48.0,21.65716891788378
BNB,2021-07-28 04:00:00+00:00,2021-07-28 04:00:00+00:00,2021-07-30 04:00:00+00:00,1,311.31,288.8449092617912,22776.400738208802,321.71,tempo,0.46294048491473827,0.4446248233046928,192,48.0,22.4650907382088
BNB,2021-08-01 02:00:00+00:00,2021-08-01 02:00:00+00:00,2021-08-03 02:00:00+00:00,-1,338.97,362.5637709639059,-23254.80096390585,327.25,tempo,0.4967412804815932,0.4783871563925497,192,48.0,23.593770963905854
BNB,2021-08-10 15:00:00+00:00,2021-08-10 15:00:00+00:00,2021-08-11 13:30:00+00:00,-1,370.99,393.44123027271706,-22080.240272717052,393.44123027271706,stop,-1.0,-1.0221315399486628,90,22.5,22.451230272717055
BNB,2021-08-11 14:00:00+00:00,2021-08-11 14:00:00+00:00,2021-08-13 14:00:00+00:00,-1,394.59,418.39501305356544,-23410.42305356546,401.86,tempo,-0.3053978581587526,-0.3271450632048116,192,48.0,23.80501305356546
BNB,2021-08-16 16:00:00+00:00,2021-08-16 16:00:00+00:00,2021-08-18 16:00:00+00:00,-1,426.66,453.1498892153248,-26063.22921532475,408.56,tempo,0.6832795657570713,0.66278521806135,192,48.0,26.48988921532475
BNB,2021-08-23 10:00:00+00:00,2021-08-23 10:00:00+00:00,2021-08-25 10:00:00+00:00,-1,503.57,537.8391105235465,-33765.540523546544,473.69,tempo,0.8719222513659711,0.8533860538897181,192,48.0,34.269110523546544
BNB,2021-09-07 10:00:00+00:00,2021-09-07 10:00:00+00:00,2021-09-07 15:00:00+00:00,1,468.7,440.8441436536881,28324.556346311896,440.8441436536881,stop,-1.0,-1.0212236768464371,20,5.0,27.855856346311896
BNB,2021-09-07 15:00:00+00:00,2021-09-07 15:00:00+00:00,2021-09-07 15:15:00+00:00,1,395.27,355.86274146432504,39802.52853567494,355.86274146432504,stop,-1.0,-1.0123895013277773,1,0.25,39.40725853567494
BNB,2021-09-29 11:00:00+00:00,2021-09-29 11:00:00+00:00,2021-10-01 08:15:00+00:00,-1,368.41,400.1212769522712,-31342.86695227119,400.1212769522712,stop,-1.0,-1.0157529238185787,181,45.25,31.71127695227119
BNB,2021-10-06 11:00:00+00:00,2021-10-06 11:00:00+00:00,2021-10-08 11:00:00+00:00,1,421.22,390.9055613928401,30735.6586071599,435.03,tempo,0.45555849405498117,0.4371988434867352,192,48.0,30.3144386071599
BNB,2021-10-08 12:00:00+00:00,2021-10-08 12:00:00+00:00,2021-10-10 12:00:00+00:00,1,425.27,395.27611674965226,30419.15325034772,419.55,tempo,-0.19070554993687447,-0.2090137161525189,192,48.0,29.99388325034772
BNB,2021-10-12 09:00:00+00:00,2021-10-12 09:00:00+00:00,2021-10-14 09:00:00+00:00,1,404.19,378.8381290740344,25756.060925965612,477.95,tempo,2.9094499658585096,2.8868326607422734,192,48.0,25.351870925965613
BNB,2021-10-29 00:00:00+00:00,2021-10-29 00:00:00+00:00,2021-10-29 15:30:00+00:00,-1,492.09,521.572102481026,-28990.01248102606,521.572102481026,stop,-1.0,-1.0223484864092276,62,15.5,29.48210248102606
BNB,2021-10-29 17:00:00+00:00,2021-10-29 17:00:00+00:00,2021-10-31 17:00:00+00:00,-1,528.09,559.7403465015632,-31122.256501563148,516.35,tempo,0.3709280086213335,0.3494784488205752,192,48.0,31.65034650156315
BNB,2021-11-05 06:00:00+00:00,2021-11-05 06:00:00+00:00,2021-11-06 06:00:00+00:00,-1,588.59,621.3656409576434,-32187.050957643416,621.3656409576434,stop,-1.0,-1.0239955998919699,96,24.0,32.77564095764342
BNB,2021-11-06 07:00:00+00:00,2021-11-06 07:00:00+00:00,2021-11-07 04:45:00+00:00,-1,620.53,655.4312936922139,-34280.76369221393,655.4312936922139,stop,-1.0,-1.023763441212638,87,21.75,34.901293692213926
BNB,2021-11-07 05:00:00+00:00,2021-11-07 05:00:00+00:00,2021-11-09 05:00:00+00:00,-1,657.06,694.0801326368448,-36363.072636844896,646.38,tempo,0.28849167302470724,0.26560585550722016,192,48.0,37.02013263684489
BNB,2021-11-17 09:00:00+00:00,2021-11-17 09:00:00+00:00,2021-11-18 16:30:00+00:00,1,567.51,535.3245208496652,32752.989150334797,535.3245208496652,stop,-1.0,-1.0222722313750245,126,31.5,32.1854791503348
BNB,2021-11-19 17:00:00+00:00,2021-11-19 17:00:00+00:00,2021-11-21 17:00:00+00:00,-1,580.45,617.4829597973824,-36452.50979738232,593.53,tempo,-0.3531988820651729,-0.3738044994442607,192,48.0,37.03295979738232
BNB,2021-11-25 12:00:00+00:00,2021-11-25 12:00:00+00:00,2021-11-27 12:00:00+00:00,-1,639.96,679.4751034559208,-38875.14345592078,599.03,tempo,1.0358064744954447,1.0154258243245964,192,48.0,39.51510345592078
BNB,2021-12-09 01:00:00+00:00,2021-12-09 01:00:00+00:00,2021-12-11 01:00:00+00:00,-1,611.69,653.7068760000999,-41405.18600009984,555.8,tempo,1.3301798067963762,1.3121187662754628,192,48.0,42.01687600009984
BNB,2021-12-27 23:00:00+00:00,2021-12-27 23:00:00+00:00,2021-12-29 23:00:00+00:00,-1,570.99,597.9566977396456,-26395.707739645608,519.95,tempo,1.8927048648215656,1.8664090607581156,192,48.0,26.96669773964561
BNB,2022-01-06 03:00:00+00:00,2022-01-06 03:00:00+00:00,2022-01-07 04:30:00+00:00,1,465.88,445.53362338409636,20812.25661590364,445.53362338409636,stop,-1.0,-1.0291166759754462,102,25.5,20.346376615903637
BNB,2022-01-08 19:00:00+00:00,2022-01-08 19:00:00+00:00,2022-01-10 19:00:00+00:00,1,417.33,395.65424357631764,22093.086423682347,419.46,tempo,0.09826646684739523,0.07317329411706622,192,48.0,21.675756423682344
BNB,2022-01-11 15:00:00+00:00,2022-01-11 15:00:00+00:00,2022-01-12 13:45:00+00:00,-1,450.26,475.251205905072,-24540.945905072036,475.251205905072,stop,-1.0,-1.0240717589268553,91,22.75,24.991205905072036
BNB,2022-01-17 16:00:00+00:00,2022-01-17 16:00:00+00:00,2022-01-19 16:00:00+00:00,1,471.36,447.79404814808197,24037.311851918043,465.9,tempo,-0.2316901958515902,-0.2575418569187164,192,48.0,23.565951851918044
BNB,2022-01-21 02:00:00+00:00,2022-01-21 02:00:00+00:00,2022-01-21 21:45:00+00:00,1,424.05,400.50443262759075,23969.617372409266,400.50443262759075,stop,-1.0,-1.0227626870370503,79,19.75,23.545567372409266
BNB,2022-01-22 04:00:00+00:00,2022-01-22 04:00:00+00:00,2022-01-22 06:45:00+00:00,1,382.58,358.32069634015227,24641.883659847717,358.32069634015227,stop,-1.0,-1.019851577744096,11,2.75,24.259303659847717
BNB,2022-01-22 07:00:00+00:00,2022-01-22 07:00:00+00:00,2022-01-24 07:00:00+00:00,1,359.15,335.3246655631927,24184.484436807285,368.96,tempo,0.41174658118732343,0.3918823689448773,192,48.0,23.82533443680728
BNB,2022-02-08 21:00:00+00:00,2022-02-08 21:00:00+00:00,2022-02-10 21:00:00+00:00,1,414.19,387.1380807568237,27466.109243176314,418.45,tempo,0.15747496366915079,0.13746839795620167,192,48.0,27.051919243176314
BNB,2022-02-24 07:00:00+00:00,2022-02-24 07:00:00+00:00,2022-02-26 07:00:00+00:00,1,330.76,310.12113469707526,20969.625302924727,375.29,tempo,2.1575798546293963,2.1353435304292008,192,48.0,20.638865302924728
BNB,2022-03-09 10:00:00+00:00,2022-03-09 10:00:00+00:00,2022-03-10 13:45:00+00:00,1,393.29,370.02440196275955,23658.888037240467,370.02440196275955,stop,-1.0,-1.0213256654946765,111,27.75,23.265598037240466
BNB,2022-03-30 17:00:00+00:00,2022-03-30 17:00:00+00:00,2022-04-01 17:00:00+00:00,-1,445.74,463.0849354762428,-16899.195476242767,441.86,tempo,0.22369642166235806,0.19043368622063617,192,48.0,17.344935476242767
BNB,2022-04-01 17:00:00+00:00,2022-04-01 17:00:00+00:00,2022-04-03 17:00:00+00:00,-1,441.86,460.7364631526805,-18434.603152680513,446.02,tempo,-0.2203802675507692,-0.25095389754342207,192,48.0,18.876463152680515
BNB,2022-04-08 00:00:00+00:00,2022-04-08 00:00:00+00:00,2022-04-10 00:00:00+00:00,-1,435.75,453.5911821435924,-17405.432143592392,426.48,tempo,0.519584404519365,0.48817115535855854,192,48.0,17.84118214359239
BNB,2022-04-12 12:00:00+00:00,2022-04-12 12:00:00+00:00,2022-04-14 12:00:00+00:00,-1,411.24,428.33998125477746,-16688.741254777444,417.15,tempo,-0.3456144139543319,-0.37710295724437587,192,48.0,17.099981254777447
BNB,2022-04-22 22:00:00+00:00,2022-04-22 22:00:00+00:00,2022-04-24 22:00:00+00:00,-1,407.96,423.264009802148,-14896.049802148016,401.25,tempo,0.4384471838915176,0.4040779887067253,192,48.0,15.304009802148016
BNB,2022-04-29 01:00:00+00:00,2022-04-29 01:00:00+00:00,2022-05-01 01:00:00+00:00,-1,408.14,423.88051993781926,-15332.379937819273,378.82,tempo,1.8627084820466264,1.8302112073682355,192,48.0,15.740519937819272
BNB,2022-05-05 11:00:00+00:00,2022-05-05 11:00:00+00:00,2022-05-07 11:00:00+00:00,-1,409.14,425.19522029149334,-15646.080291493356,375.83,tempo,2.0747146034270774,2.042934877535036,192,48.0,16.055220291493356
BNB,2022-05-09 11:00:00+00:00,2022-05-09 11:00:00+00:00,2022-05-09 17:00:00+00:00,1,327.42,311.4448048937533,16302.615106246702,311.4448048937533,stop,-1.0,-1.0259941816309062,24,6.0,15.975195106246701
BNB,2022-05-09 17:00:00+00:00,2022-05-09 17:00:00+00:00,2022-05-10 00:00:00+00:00,1,313.46,296.900627504374,16872.832495626008,296.900627504374,stop,-1.0,-1.023958299626549,28,7.0,16.559372495626008
BNB,2022-05-10 00:00:00+00:00,2022-05-10 00:00:00+00:00,2022-05-11 13:00:00+00:00,1,295.47,278.72206917422625,17043.40082577378,278.72206917422625,stop,-1.0,-1.0222848332039254,148,37.0,16.74793082577378
BNB,2022-05-11 13:00:00+00:00,2022-05-11 13:00:00+00:00,2022-05-12 04:15:00+00:00,1,275.01,251.27384340899923,24011.16659100076,251.27384340899923,stop,-1.0,-1.0144119582673106,61,15.25,23.736156591000764
BNB,2022-05-12 05:00:00+00:00,2022-05-12 05:00:00+00:00,2022-05-12 07:30:00+00:00,1,241.99,217.4930174975175,24738.9725024825,217.4930174975175,stop,-1.0,-1.0121918673593011,10,2.5,24.496982502482496
BNB,2022-05-12 08:00:00+00:00,2022-05-12 08:00:00+00:00,2022-05-14 08:00:00+00:00,1,245.64,219.45637110024109,26429.2688997589,286.82,tempo,1.572738452628283,1.5595203077590214,192,48.0,26.1836288997589
BNB,2022-05-27 00:00:00+00:00,2022-05-27 00:00:00+00:00,2022-05-29 00:00:00+00:00,1,302.58,277.2844960002713,25598.083999728682,307.26,tempo,0.18501311537616347,0.16934250450380245,192,48.0,25.29550399972868
BNB,2022-06-06 16:00:00+00:00,2022-06-06 16:00:00+00:00,2022-06-07 00:45:00+00:00,1,303.39,285.01934228861745,18674.047711382533,285.01934228861745,stop,-1.0,-1.0208194000724657,35,8.75,18.370657711382535
BNB,2022-06-07 01:00:00+00:00,2022-06-07 01:00:00+00:00,2022-06-09 01:00:00+00:00,1,286.02,268.1602701620088,18145.749837991152,287.75,tempo,0.09686596693752715,0.07598376416161164,192,48.0,17.859729837991154
BNB,2022-06-12 04:00:00+00:00,2022-06-12 04:00:00+00:00,2022-06-13 02:00:00+00:00,1,257.3,241.1834368475255,16373.863152474498,241.1834368475255,stop,-1.0,-1.020104424925183,88,22.0,16.116563152474498
BNB,2022-06-14 01:00:00+00:00,2022-06-14 01:00:00+00:00,2022-06-15 23:30:00+00:00,-1,217.17,233.3787545310844,-15991.584531084423,233.3787545310844,stop,-1.0,-1.018067809582999,186,46.5,16.208754531084423
BNB,2022-06-29 17:00:00+00:00,2022-06-29 17:00:00+00:00,2022-07-01 17:00:00+00:00,1,216.65,200.2885306339385,16578.1193660615,215.91,tempo,-0.04522821168708642,-0.06241273183679967,192,48.0,16.3614693660615
BNB,2022-07-08 02:00:00+00:00,2022-07-08 02:00:00+00:00,2022-07-10 02:00:00+00:00,1,243.7,228.65116429667953,15292.535703320464,241.31,tempo,-0.15881627304048795,-0.17976516943454188,192,48.0,15.048835703320464
BNB,2022-07-17 04:00:00+00:00,2022-07-17 04:00:00+00:00,2022-07-19 04:00:00+00:00,-1,253.78,268.2479513450145,-14214.171345014483,258.21,tempo,-0.30619400731718066,-0.32919612365445167,192,48.0,14.467951345014484
BNB,2022-07-20 21:00:00+00:00,2022-07-20 21:00:00+00:00,2022-07-22 21:00:00+00:00,1,259.45,244.75228821516137,14957.161784838618,262.69,tempo,0.22044247753872967,0.19735105997874608,192,48.0,14.697711784838617
BNB,2022-07-27 13:00:00+00:00,2022-07-27 13:00:00+00:00,2022-07-27 22:15:00+00:00,-1,256.56,270.4623452681979,-13645.785268197906,270.4623452681979,stop,-1.0,-1.0246407723168807,37,9.25,13.902345268197905
BNB,2022-07-29 10:00:00+00:00,2022-07-29 10:00:00+00:00,2022-07-31 10:00:00+00:00,-1,291.25,308.69002311261374,-17148.773112613744,293.21,tempo,-0.1123851721608317,-0.13416834283365223,192,48.0,17.440023112613744
BNB,2022-08-03 22:00:00+00:00,2022-08-03 22:00:00+00:00,2022-08-05 09:00:00+00:00,-1,302.07,319.6845099966383,-17312.43999663833,319.6845099966383,stop,-1.0,-1.0229436090799542,140,35.0,17.614509996638333
BNB,2022-08-05 09:00:00+00:00,2022-08-05 09:00:00+00:00,2022-08-07 09:00:00+00:00,-1,320.81,339.96202107130046,-18831.21107130045,311.18,tempo,0.5028189956636312,0.4813699016765961,192,48.0,19.152021071300453
BNB,2022-08-20 02:00:00+00:00,2022-08-20 02:00:00+00:00,2022-08-21 08:15:00+00:00,-1,284.81,299.58582122022045,-14491.011220220451,299.58582122022045,stop,-1.0,-1.0257080319348555,121,30.25,14.77582122022045
BNB,2022-08-21 20:00:00+00:00,2022-08-21 20:00:00+00:00,2022-08-23 20:00:00+00:00,-1,298.91,314.1779326689177,-14969.022668917694,298.15,tempo,0.04977753154146718,0.024358962543578708,192,48.0,15.267932668917695
BNB,2022-09-08 00:00:00+00:00,2022-09-08 00:00:00+00:00,2022-09-09 11:00:00+00:00,-1,278.96,291.86016736547765,-12621.207365477672,291.86016736547765,stop,-1.0,-1.0287618833365284,140,35.0,12.900167365477671
BNB,2022-09-09 14:00:00+00:00,2022-09-09 14:00:00+00:00,2022-09-11 14:00:00+00:00,1,291.41,278.2465458610523,13454.864138947712,294.23,tempo,0.2142294849234324,0.18531108736745244,192,48.0,13.163454138947714
BNB,2022-09-13 19:00:00+00:00,2022-09-13 19:00:00+00:00,2022-09-15 19:00:00+00:00,-1,280.13,293.2327862107263,-12822.656210726322,270.55,tempo,0.7311422048661312,0.7038241982800986,192,48.0,13.102786210726322
BNB,2022-10-06 22:00:00+00:00,2022-10-06 22:00:00+00:00,2022-10-08 22:00:00+00:00,1,279.49,268.72406851014074,11045.421489859269,276.49,tempo,-0.27865679832959955,-0.31222444645557923,192,48.0,10.76593148985927
BNB,2022-10-25 18:00:00+00:00,2022-10-25 18:00:00+00:00,2022-10-27 18:00:00+00:00,-1,287.69,295.6000369805564,-7622.346980556414,287.58,tempo,0.01390638252013279,-0.03336589963469691,192,48.0,7.910036980556413
BNB,2022-10-28 15:00:00+00:00,2022-10-28 15:00:00+00:00,2022-10-29 03:45:00+00:00,-1,293.89,302.0262881390044,-7842.39813900442,302.0262881390044,stop,-1.0,-1.047607161972726,51,12.75,8.13628813900442
BNB,2022-10-29 04:00:00+00:00,2022-10-29 04:00:00+00:00,2022-10-30 07:30:00+00:00,-1,304.68,313.74558091565956,-8760.900915659553,313.74558091565956,stop,-1.0,-1.0443409673726278,110,27.5,9.065580915659552
BNB,2022-10-30 08:00:00+00:00,2022-10-30 08:00:00+00:00,2022-10-31 09:45:00+00:00,-1,313.73,324.10365160658887,-10059.92160658885,324.10365160658887,stop,-1.0,-1.039965856698036,103,25.75,10.37365160658885
BNB,2022-10-31 10:00:00+00:00,2022-10-31 10:00:00+00:00,2022-11-02 10:00:00+00:00,-1,327.67,341.337915187202,-13340.24518720197,317.33,tempo,0.7565162541893696,0.7258422271517592,192,48.0,13.66791518720197
BNB,2022-11-03 10:00:00+00:00,2022-11-03 10:00:00+00:00,2022-11-04 08:45:00+00:00,-1,335.19,350.3363572871617,-14811.16728716172,350.3363572871617,stop,-1.0,-1.0294190955480989,91,22.75,15.14635728716172
BNB,2022-11-04 13:00:00+00:00,2022-11-04 13:00:00+00:00,2022-11-06 13:00:00+00:00,-1,353.47,371.2149083676435,-17391.43836764346,351.33,tempo,0.12059797411533418,0.09478099098369129,192,48.0,17.74490836764346
BNB,2022-11-08 17:00:00+00:00,2022-11-08 17:00:00+00:00,2022-11-10 17:00:00+00:00,-1,375.92,409.40480973940373,-33108.88973940372,309.09,tempo,1.9958303636815027,1.9825330953540068,192,48.0,33.484809739403715
BNB,2022-11-23 09:00:00+00:00,2022-11-23 09:00:00+00:00,2022-11-25 09:00:00+00:00,-1,294.82,318.69104871771987,-23576.228717719874,295.43,tempo,-0.025553967369150422,-0.04162626082122657,192,48.0,23.871048717719873
BNB,2022-12-12 19:00:00+00:00,2022-12-12 19:00:00+00:00,2022-12-13 06:45:00+00:00,1,274.93,262.57159461852774,12633.335381472267,262.57159461852774,stop,-1.0,-1.0282703168991225,47,11.75,12.358405381472267
BNB,2022-12-13 07:00:00+00:00,2022-12-13 07:00:00+00:00,2022-12-15 07:00:00+00:00,1,260.56,248.3375999187015,12482.960081298503,264.47,tempo,0.3199044356257587,0.291982791944484,192,48.0,12.222400081298503
BNB,2022-12-16 23:00:00+00:00,2022-12-16 23:00:00+00:00,2022-12-18 23:00:00+00:00,1,229.72,216.31737561396903,13632.344386030964,250.88,tempo,1.5787952710257436,1.5554871493473064,192,48.0,13.402624386030965
XRP,2020-09-25 23:00:00+00:00,2020-09-25 23:00:00+00:00,2020-09-27 23:00:00+00:00,-1,0.2416,0.25386070267274635,-12.019102672746342,0.242,tempo,-0.03262455755403988,-0.058262566107883176,192,48.0,0.012260702672746343
XRP,2020-10-04 18:00:00+00:00,2020-10-04 18:00:00+00:00,2020-10-06 02:45:00+00:00,-1,0.2449,0.25538260117188283,-10.237701171882822,0.25538260117188283,stop,-1.0,-1.0310212785385706,131,32.75,0.010482601171882822
XRP,2020-10-15 03:00:00+00:00,2020-10-15 03:00:00+00:00,2020-10-17 03:00:00+00:00,1,0.2459,0.2360092646656045,10.136635334395496,0.2398,tempo,-0.6167387756082158,-0.6486580403874603,192,48.0,0.009890735334395495
XRP,2020-10-20 12:00:00+00:00,2020-10-20 12:00:00+00:00,2020-10-22 12:00:00+00:00,1,0.2428,0.2335949739993334,9.447826000666584,0.2618,tempo,2.0640897699391725,2.0284581486948383,192,48.0,0.009205026000666583
XRP,2020-10-30 10:00:00+00:00,2020-10-30 10:00:00+00:00,2020-11-01 10:00:00+00:00,1,0.2346,0.2258356740056153,8.998925994384702,0.2382,tempo,0.4107560584015827,0.37569118288270087,192,48.0,0.008764325994384703
XRP,2020-11-06 13:00:00+00:00,2020-11-06 13:00:00+00:00,2020-11-08 13:00:00+00:00,-1,0.258,0.26933601158519516,-11.07801158519515,0.2532,tempo,0.42342934849050745,0.39411745184125224,192,48.0,0.01133601158519515
XRP,2020-11-14 01:00:00+00:00,2020-11-14 01:00:00+00:00,2020-11-16 01:00:00+00:00,-1,0.2727,0.285858718416256,-12.886018416255988,0.2709,tempo,0.13679143690591813,0.10993927784128676,192,48.0,0.013158718416255988
XRP,2020-11-17 03:00:00+00:00,2020-11-17 03:00:00+00:00,2020-11-18 00:15:00+00:00,-1,0.2931,0.308316104249605,-14.923004249604956,0.308316104249605,stop,-1.0,-1.0256912322201257,85,21.25,0.015216104249604956
XRP,2020-11-18 06:00:00+00:00,2020-11-18 06:00:00+00:00,2020-11-20 06:00:00+00:00,1,0.2898,0.2735981303625031,16.491669637496923,0.2997,tempo,0.6110405910863446,0.5873905427540709,192,48.0,0.016201869637496924
XRP,2020-11-21 01:00:00+00:00,2020-11-21 01:00:00+00:00,2020-11-21 06:45:00+00:00,-1,0.34,0.3605922573317798,-20.252257331779774,0.3605922573317798,stop,-1.0,-1.022114378231029,23,5.75,0.020592257331779773
XRP,2020-11-21 07:00:00+00:00,2020-11-21 07:00:00+00:00,2020-11-21 09:00:00+00:00,-1,0.3567,0.3794613546846545,-22.404654684654457,0.3794613546846545,stop,-1.0,-1.0210226889908107,8,2.0,0.022761354684654456
XRP,2020-11-21 09:00:00+00:00,2020-11-21 09:00:00+00:00,2020-11-21 13:15:00+00:00,-1,0.3814,0.40814669133279824,-26.365291332798222,0.40814669133279824,stop,-1.0,-1.0191876199930943,17,4.25,0.026746691332798223
XRP,2020-11-21 14:00:00+00:00,2020-11-21 14:00:00+00:00,2020-11-21 23:15:00+00:00,-1,0.4182,0.4520780431075906,-33.45984310759057,0.4520780431075906,stop,-1.0,-1.0166975620824212,37,9.25,0.03387804310759057
XRP,2020-11-22 00:00:00+00:00,2020-11-22 00:00:00+00:00,2020-11-23 13:00:00+00:00,-1,0.4638,0.5047385658596039,-40.47476585960387,0.5047385658596039,stop,-1.0,-1.0153779218834325,148,37.0,0.04093856585960387
XRP,2020-11-23 14:00:00+00:00,2020-11-23 14:00:00+00:00,2020-11-23 21:30:00+00:00,-1,0.5146,0.5740268189969727,-58.912218996972776,0.5740268189969727,stop,-1.0,-1.0119072069528756,30,7.5,0.059426818996972774
XRP,2020-11-23 22:00:00+00:00,2020-11-23 22:00:00+00:00,2020-11-24 03:45:00+00:00,-1,0.5731,0.6425890116450469,-68.91591164504685,0.6425890116450469,stop,-1.0,-1.0113715512548322,23,5.75,0.06948901164504684
XRP,2020-11-24 04:00:00+00:00,2020-11-24 04:00:00+00:00,2020-11-24 05:45:00+00:00,-1,0.6375,0.7185621121241433,-80.42461212414338,0.7185621121241433,stop,-1.0,-1.010873641825799,7,1.75,0.08106211212414338
XRP,2020-11-24 06:00:00+00:00,2020-11-24 06:00:00+00:00,2020-11-26 06:00:00+00:00,-1,0.7346,0.8340072201657862,-98.67262016578618,0.5623,tempo,1.7332745017177529,1.7247943832857706,192,48.0,0.09940722016578618
XRP,2020-11-26 08:00:00+00:00,2020-11-26 08:00:00+00:00,2020-11-28 08:00:00+00:00,1,0.51,0.4209705143936613,89.53948560633873,0.5521,tempo,0.4728770441980695,0.4651227030907583,192,48.0,0.08902948560633872
XRP,2020-12-12 19:00:00+00:00,2020-12-12 19:00:00+00:00,2020-12-14 19:00:00+00:00,1,0.507,0.43678958935312634,70.71741064687367,0.4977,tempo,-0.13245898883535645,-0.14176038721749337,192,48.0,0.07021041064687367
XRP,2020-12-22 18:00:00+00:00,2020-12-22 18:00:00+00:00,2020-12-22 21:45:00+00:00,1,0.4709,0.4103179251870616,61.052974812938366,0.4103179251870616,stop,-1.0,-1.0094548041337346,15,3.75,0.06058207481293837
XRP,2020-12-22 22:00:00+00:00,2020-12-22 22:00:00+00:00,2020-12-23 05:30:00+00:00,1,0.425,0.3684245234239527,57.00047657604728,0.3684245234239527,stop,-1.0,-1.0091157153494297,30,7.5,0.05657547657604728
XRP,2020-12-23 06:00:00+00:00,2020-12-23 06:00:00+00:00,2020-12-23 11:00:00+00:00,1,0.3685,0.3163686946098915,52.49980539010851,0.3163686946098915,stop,-1.0,-1.0085392960748858,20,5.0,0.05213130539010852
XRP,2020-12-23 11:00:00+00:00,2020-12-23 11:00:00+00:00,2020-12-23 21:00:00+00:00,1,0.3142,0.26655522076910454,47.95897923089544,0.26655522076910454,stop,-1.0,-1.0079230274458935,40,10.0,0.04764477923089544
XRP,2020-12-23 21:00:00+00:00,2020-12-23 21:00:00+00:00,2020-12-23 22:15:00+00:00,1,0.2696,0.22067174633540382,49.19785366459619,0.22067174633540382,stop,-1.0,-1.0065131414111474,5,1.25,0.04892825366459619
XRP,2020-12-23 23:00:00+00:00,2020-12-23 23:00:00+00:00,2020-12-25 23:00:00+00:00,1,0.2556,0.20914373269097125,46.71186730902875,0.3091,tempo,1.1516207198506951,1.1437196330595774,192,48.0,0.04645626730902874
XRP,2020-12-26 16:00:00+00:00,2020-12-26 16:00:00+00:00,2020-12-28 16:00:00+00:00,1,0.2951,0.22718546440189208,68.2096355981079,0.2892,tempo,-0.08687389154678009,-0.09246614063830713,192,48.0,0.0679145355981079
XRP,2020-12-29 10:00:00+00:00,2020-12-29 10:00:00+00:00,2020-12-31 10:00:00+00:00,1,0.2176,0.16889530563138422,48.922294368615766,0.2159,tempo,-0.03490423299104864,-0.040689609609315024,192,48.0,0.04870469436861577
XRP,2021-01-07 11:00:00+00:00,2021-01-07 11:00:00+00:00,2021-01-09 11:00:00+00:00,-1,0.3248,0.390685909545287,-65.56110954528701,0.3216,tempo,0.048568806624737344,0.042191722314909294,192,48.0,0.065885909545287
XRP,2021-01-30 11:00:00+00:00,2021-01-30 11:00:00+00:00,2021-01-30 16:00:00+00:00,-1,0.3351,0.3794372239855712,-44.00212398557122,0.3794372239855712,stop,-1.0,-1.0104753783354088,20,5.0,0.04433722398557122
XRP,2021-01-30 16:00:00+00:00,2021-01-30 16:00:00+00:00,2021-01-30 16:30:00+00:00,-1,0.3823,0.4376164048782565,-54.934104878256505,0.4376164048782565,stop,-1.0,-1.0096344956680356,2,0.5,0.05531640487825651
XRP,2021-01-30 17:00:00+00:00,2021-01-30 17:00:00+00:00,2021-01-31 10:00:00+00:00,-1,0.422,0.4859375551516684,-63.51555515166844,0.4859375551516684,stop,-1.0,-1.0092302467532368,68,17.0,0.06393755515166843
XRP,2021-01-31 10:00:00+00:00,2021-01-31 10:00:00+00:00,2021-02-01 03:30:00+00:00,-1,0.4671,0.5466346180616783,-79.06751806167833,0.5466346180616783,stop,-1.0,-1.0082847886593118,70,17.5,0.07953461806167833
XRP,2021-02-01 04:00:00+00:00,2021-02-01 04:00:00+00:00,2021-02-01 08:30:00+00:00,-1,0.5588,0.6642274969828322,-104.86869698283226,0.6642274969828322,stop,-1.0,-1.007540422525333,18,4.5,0.10542749698283227
XRP,2021-02-01 09:00:00+00:00,2021-02-01 09:00:00+00:00,2021-02-03 09:00:00+00:00,-1,0.6559,0.7818026570175101,-125.24675701751002,0.3876,tempo,2.1310114206937345,2.1256241237449047,192,48.0,0.12590265701751002
XRP,2021-03-16 04:00:00+00:00,2021-03-16 04:00:00+00:00,2021-03-16 06:45:00+00:00,-1,0.4567,0.5047136060786028,-47.556906078602836,0.5047136060786028,stop,-1.0,-1.0130154532223228,11,2.75,0.04801360607860283
XRP,2021-03-16 07:00:00+00:00,2021-03-16 07:00:00+00:00,2021-03-18 07:00:00+00:00,-1,0.4961,0.5504156129772978,-53.81951297729781,0.476,tempo,0.3700593420238332,0.3584261307726945,192,48.0,0.05431561297729781
XRP,2021-03-20 23:00:00+00:00,2021-03-20 23:00:00+00:00,2021-03-22 12:45:00+00:00,-1,0.5361,0.5886194500284074,-51.983350028407415,0.5886194500284074,stop,-1.0,-1.01391994093851,151,37.75,0.05251945002840741
XRP,2021-03-22 15:00:00+00:00,2021-03-22 15:00:00+00:00,2021-03-24 15:00:00+00:00,-1,0.5802,0.6395285034753679,-58.74830347536789,0.5534,tempo,0.4517221643914702,0.43930250171944746,192,48.0,0.05932850347536789
XRP,2021-04-03 06:00:00+00:00,2021-04-03 06:00:00+00:00,2021-04-05 02:30:00+00:00,-1,0.6377,0.6964806088627057,-58.14290886270564,0.6964806088627057,stop,-1.0,-1.0147534605806199,178,44.5,0.05878060886270564
XRP,2021-04-05 03:00:00+00:00,2021-04-05 03:00:00+00:00,2021-04-05 16:00:00+00:00,-1,0.6915,0.7585097757583661,-66.31827575836608,0.7585097757583661,stop,-1.0,-1.0140652068086538,52,13.0,0.06700977575836609
XRP,2021-04-05 16:00:00+00:00,2021-04-05 16:00:00+00:00,2021-04-05 16:45:00+00:00,-1,0.7704,0.8513391635998813,-80.1687635998813,0.8513391635998813,stop,-1.0,-1.0130237379465763,3,0.75,0.08093916359988129
XRP,2021-04-05 17:00:00+00:00,2021-04-05 17:00:00+00:00,2021-04-05 21:45:00+00:00,-1,0.8381,0.9321193464935503,-93.18124649355038,0.9321193464935503,stop,-1.0,-1.0122383596369684,19,4.75,0.09401934649355037
XRP,2021-04-05 22:00:00+00:00,2021-04-05 22:00:00+00:00,2021-04-06 09:00:00+00:00,-1,0.9016,1.0058926323044937,-103.3910323044937,1.0058926323044937,stop,-1.0,-1.0118883777655356,44,11.0,0.1042926323044937
XRP,2021-04-06 09:00:00+00:00,2021-04-06 09:00:00+00:00,2021-04-07 00:00:00+00:00,-1,0.9858,1.108565055184974,-121.77925518497393,1.108565055184974,stop,-1.0,-1.0110889640689613,60,15.0,0.12276505518497394
XRP,2021-04-07 00:00:00+00:00,2021-04-07 00:00:00+00:00,2021-04-09 00:00:00+00:00,-1,1.1006,1.2504667799555287,-148.76617995552868,1.0588,tempo,0.27891437990730006,0.26954866189816884,192,48.0,0.14986677995552866
XRP,2021-04-10 14:00:00+00:00,2021-04-10 14:00:00+00:00,2021-04-11 00:15:00+00:00,-1,1.2517,1.431724278022845,-178.77257802284493,1.431724278022845,stop,-1.0,-1.0096888364162389,41,10.25,0.18002427802284493
XRP,2021-04-11 01:00:00+00:00,2021-04-11 01:00:00+00:00,2021-04-13 01:00:00+00:00,-1,1.4634,1.6832251134595657,-218.36171345956566,1.449,tempo,0.06550661920913183,0.056894955281351314,192,48.0,0.21982511345956568
XRP,2021-04-13 15:00:00+00:00,2021-04-13 15:00:00+00:00,2021-04-15 15:00:00+00:00,-1,1.7215,1.9796980329452514,-256.47653294525134,1.708,tempo,0.052285448676762866,0.04365186237646492,192,48.0,0.25819803294525134
XRP,2021-04-27 04:00:00+00:00,2021-04-27 04:00:00+00:00,2021-04-29 04:00:00+00:00,-1,1.4174,1.6805940421069288,-261.77664210692876,1.3827,tempo,0.1318418901971279,0.12492659308238334,192,48.0,0.26319404210692876
XRP,2021-05-13 18:00:00+00:00,2021-05-13 18:00:00+00:00,2021-05-15 14:45:00+00:00,-1,1.2762,1.4588182502543108,-181.34205025431078,1.4588182502543108,stop,-1.0,-1.0097348532262773,179,44.75,0.18261825025431078
XRP,2021-05-15 16:00:00+00:00,2021-05-15 16:00:00+00:00,2021-05-17 16:00:00+00:00,-1,1.5207,1.739803025699044,-217.58232569904405,1.4721,tempo,0.22181345896498963,0.21293489604330704,192,48.0,0.21910302569904405
XRP,2021-05-17 16:00:00+00:00,2021-05-17 16:00:00+00:00,2021-05-18 11:30:00+00:00,-1,1.4721,1.687478664511094,-213.906564511094,1.687478664511094,stop,-1.0,-1.0095354204957772,78,19.5,0.215378664511094
XRP,2021-05-19 06:00:00+00:00,2021-05-19 06:00:00+00:00,2021-05-21 06:00:00+00:00,-1,1.4363,1.6470865939342572,-209.35029393425725,1.122,tempo,1.491081544294167,1.4831925463794389,192,48.0,0.21078659393425725
XRP,2021-05-22 17:00:00+00:00,2021-05-22 17:00:00+00:00,2021-05-23 12:45:00+00:00,1,0.8951,0.7153802365776245,180.61486342237552,0.7153802365776245,stop,-1.0,-1.0058246913630486,79,19.75,0.1797197634223755
XRP,2021-06-09 18:00:00+00:00,2021-06-09 18:00:00+00:00,2021-06-11 18:00:00+00:00,1,0.8913,0.7727548879021126,119.43641209788743,0.8521,tempo,-0.33067580186377493,-0.34023511628801084,192,48.0,0.11854511209788743
XRP,2021-06-14 04:00:00+00:00,2021-06-14 04:00:00+00:00,2021-06-16 04:00:00+00:00,1,0.8707,0.7719132184061493,99.65748159385068,0.8642,tempo,-0.06579827680512952,-0.07721361984805133,192,48.0,0.09878678159385068
XRP,2021-06-21 23:00:00+00:00,2021-06-21 23:00:00+00:00,2021-06-22 12:30:00+00:00,1,0.6047,0.5408523626775416,64.45233732245846,0.5408523626775416,stop,-1.0,-1.0116622801871242,54,13.5,0.06384763732245846
XRP,2021-06-22 13:00:00+00:00,2021-06-22 13:00:00+00:00,2021-06-24 13:00:00+00:00,1,0.5415,0.4800073965688299,62.03410343117008,0.6572,tempo,1.8815271031662433,1.8688563922754267,192,48.0,0.06149260343117008
XRP,2021-07-26 19:00:00+00:00,2021-07-26 19:00:00+00:00,2021-07-26 21:45:00+00:00,1,0.6617,0.6162778976536089,46.0838023463911,0.6162778976536089,stop,-1.0,-1.0182881370646386,11,2.75,0.0454221023463911
XRP,2021-07-28 06:00:00+00:00,2021-07-28 06:00:00+00:00,2021-07-30 06:00:00+00:00,1,0.6422,0.5968101692590169,46.03203074098313,0.7495,tempo,2.3639656338951127,2.344035949531183,192,48.0,0.04538983074098313
XRP,2021-08-11 02:00:00+00:00,2021-08-11 02:00:00+00:00,2021-08-11 15:30:00+00:00,-1,0.8743,0.943698908246283,-68.52460824628302,0.943698908246283,stop,-1.0,-1.017027635163459,54,13.5,0.06939890824628303
XRP,2021-08-11 16:00:00+00:00,2021-08-11 16:00:00+00:00,2021-08-11 19:45:00+00:00,-1,0.9375,1.0122971508061132,-73.85965080611315,1.0122971508061132,stop,-1.0,-1.0169440698524628,15,3.75,0.07479715080611316
XRP,2021-08-11 20:00:00+00:00,2021-08-11 20:00:00+00:00,2021-08-13 20:00:00+00:00,-1,1.0647,1.1608558117129364,-95.09111171293641,1.0193,tempo,0.47215034839014264,0.4580627963652684,192,48.0,0.09615581171293641
XRP,2021-08-14 12:00:00+00:00,2021-08-14 12:00:00+00:00,2021-08-14 22:30:00+00:00,-1,1.1561,1.2695060660552266,-112.24996605522675,1.2695060660552266,stop,-1.0,-1.0139026420523933,42,10.5,0.11340606605522674
XRP,2021-08-14 23:00:00+00:00,2021-08-14 23:00:00+00:00,2021-08-16 23:00:00+00:00,-1,1.2902,1.423887743554665,-132.39754355466508,1.2101,tempo,0.5991573937161044,0.587000744521592,192,48.0,0.13368774355466506
XRP,2021-09-07 15:00:00+00:00,2021-09-07 15:00:00+00:00,2021-09-07 15:15:00+00:00,1,1.0778,0.95419699984855,124.68080015145009,0.95419699984855,stop,-1.0,-1.01068580898751,1,0.25,0.1236030001514501
XRP,2021-10-06 13:00:00+00:00,2021-10-06 13:00:00+00:00,2021-10-08 13:00:00+00:00,1,1.0506,0.9712849598676446,80.36564013235535,1.0718,tempo,0.2672885238994148,0.2498951014451377,192,48.0,0.07931504013235535
XRP,2021-10-09 17:00:00+00:00,2021-10-09 17:00:00+00:00,2021-10-11 17:00:00+00:00,-1,1.1977,1.2860819730755715,-87.1842730755715,1.1489,tempo,0.5521487957535554,0.5348908646741508,192,48.0,0.0883819730755715
XRP,2021-10-11 19:00:00+00:00,2021-10-11 19:00:00+00:00,2021-10-13 19:00:00+00:00,1,1.1398,1.0547880610993694,86.15173890063052,1.1037,tempo,-0.4246462375384344,-0.44180000463113134,192,48.0,0.08501193890063052
XRP,2021-10-15 18:00:00+00:00,2021-10-15 18:00:00+00:00,2021-10-17 18:00:00+00:00,1,1.1359,1.0550987318494292,81.93716815057077,1.1206,tempo,-0.18935346375367246,-0.2075057159840063,192,48.0,0.08080126815057076
XRP,2021-10-26 21:00:00+00:00,2021-10-26 21:00:00+00:00,2021-10-28 21:00:00+00:00,-1,1.1604,1.2281473064622577,-66.58690646225757,1.0635,tempo,1.4303151676441008,1.4089780093792874,192,48.0,0.06774730646225757
XRP,2021-11-03 05:00:00+00:00,2021-11-03 05:00:00+00:00,2021-11-05 05:00:00+00:00,-1,1.2059,1.284659797613353,-77.55389761335294,1.1924,tempo,0.1714072459438529,0.15161421641306466,192,48.0,0.07875979761335294
XRP,2021-12-04 06:00:00+00:00,2021-12-04 06:00:00+00:00,2021-12-06 06:00:00+00:00,1,0.7441,0.6810798231933832,63.76427680661676,0.7844,tempo,0.6394777362123925,0.6237125471833499,192,48.0,0.06302017680661676
XRP,2021-12-08 18:00:00+00:00,2021-12-08 18:00:00+00:00,2021-12-10 18:00:00+00:00,-1,0.8707,0.9475495666896663,-75.97886668966625,0.8183,tempo,0.6818515999133941,0.6675658980247505,192,48.0,0.07684956668966625
XRP,2021-12-20 03:00:00+00:00,2021-12-20 03:00:00+00:00,2021-12-22 03:00:00+00:00,-1,0.8948,0.9625767200534198,-66.88192005341972,0.9534,tempo,-0.8646036567395574,-0.8823284743325768,192,48.0,0.06777672005341973
XRP,2021-12-22 04:00:00+00:00,2021-12-22 04:00:00+00:00,2021-12-24 04:00:00+00:00,-1,0.9716,1.047210752288566,-74.63915228856607,0.9735,tempo,-0.025128701176635862,-0.04185006634934016,192,48.0,0.07561075228856606
XRP,2021-12-24 04:00:00+00:00,2021-12-24 04:00:00+00:00,2021-12-24 20:15:00+00:00,1,0.9735,0.8986198007539825,75.85369924601753,0.8986198007539825,stop,-1.0,-1.0162509966952953,65,16.25,0.07488019924601752
XRP,2021-12-24 21:00:00+00:00,2021-12-24 21:00:00+00:00,2021-12-26 21:00:00+00:00,1,0.9296,0.856599086930521,73.93051306947898,0.9163,tempo,-0.1821895020318669,-0.19862539234543122,192,48.0,0.07300091306947898
XRP,2022-01-22 08:00:00+00:00,2022-01-22 08:00:00+00:00,2022-01-22 10:15:00+00:00,1,0.599,0.56035445823787,39.24454176212997,0.56035445823787,stop,-1.0,-1.0194998016198875,9,2.25,0.038645541762129976
XRP,2022-01-22 11:00:00+00:00,2022-01-22 11:00:00+00:00,2022-01-24 11:00:00+00:00,1,0.5878,0.5468402556152031,41.54754438479688,0.5612,tempo,-0.64941811526229,-0.6676518716300961,192,48.0,0.04095974438479688
XRP,2022-02-04 21:00:00+00:00,2022-02-04 21:00:00+00:00,2022-02-06 21:00:00+00:00,1,0.6381,0.5969497003129438,41.78839968705619,0.6702,tempo,0.780067222939255,0.759401638327061,192,48.0,0.04115029968705619
XRP,2022-02-07 06:00:00+00:00,2022-02-07 06:00:00+00:00,2022-02-07 18:15:00+00:00,-1,0.7439,0.7928766426863658,-48.23274268636581,0.7928766426863658,stop,-1.0,-1.020395534747918,49,12.25,0.04897664268636581
XRP,2022-02-07 19:00:00+00:00,2022-02-07 19:00:00+00:00,2022-02-07 22:45:00+00:00,-1,0.7836,0.8354512114577969,-51.06761145779692,0.8354512114577969,stop,-1.0,-1.020296214068289,15,3.75,0.05185121145779692
XRP,2022-02-07 23:00:00+00:00,2022-02-07 23:00:00+00:00,2022-02-08 04:00:00+00:00,-1,0.8246,0.880311319836779,-54.88671983677902,0.880311319836779,stop,-1.0,-1.019891690973049,20,5.0,0.055711319836779016
XRP,2022-02-08 04:00:00+00:00,2022-02-08 04:00:00+00:00,2022-02-10 04:00:00+00:00,-1,0.8728,0.9351787390164721,-61.50593901647206,0.8618,tempo,0.17634213473111873,0.15826722623221065,192,48.0,0.06237873901647206
XRP,2022-02-12 23:00:00+00:00,2022-02-12 23:00:00+00:00,2022-02-14 23:00:00+00:00,-1,0.8271,0.8989592892637671,-71.03218926376717,0.8024,tempo,0.34372730725649076,0.3289877375940051,192,48.0,0.07185928926376717
XRP,2022-02-19 16:00:00+00:00,2022-02-19 16:00:00+00:00,2022-02-21 16:00:00+00:00,-1,0.8309,0.8973424251757407,-65.61152517574072,0.7818,tempo,0.7389856687219054,0.7232087762134313,192,48.0,0.06644242517574073
XRP,2022-02-22 04:00:00+00:00,2022-02-22 04:00:00+00:00,2022-02-24 04:00:00+00:00,1,0.6787,0.6215206884772746,57.85801152272537,0.6387,tempo,-0.6995537185525975,-0.7145295896709419,192,48.0,0.05717931152272537
XRP,2022-02-26 01:00:00+00:00,2022-02-26 01:00:00+00:00,2022-02-28 01:00:00+00:00,-1,0.7802,0.8502263046940258,-69.24610469402583,0.7152,tempo,0.9282226198285375,0.9143419787716216,192,48.0,0.07002630469402582
XRP,2022-03-01 00:00:00+00:00,2022-03-01 00:00:00+00:00,2022-03-03 00:00:00+00:00,1,0.7808,0.7130484795762086,68.5323204237914,0.7686,tempo,-0.18006975967016067,-0.1949345183309323,192,48.0,0.0677515204237914
XRP,2022-03-05 13:00:00+00:00,2022-03-05 13:00:00+00:00,2022-03-07 13:00:00+00:00,-1,0.7423,0.7994149477237695,-56.372647723769575,0.7422,tempo,0.0017508551436241954,-0.015143583850993434,192,48.0,0.05711494772376957
XRP,2022-03-11 22:00:00+00:00,2022-03-11 22:00:00+00:00,2022-03-13 22:00:00+00:00,-1,0.8078,0.8675221407340542,-58.91434073405424,0.7862,tempo,0.36167491209308555,0.34432623725884265,192,48.0,0.05972214073405424
XRP,2022-04-15 03:00:00+00:00,2022-04-15 03:00:00+00:00,2022-04-17 03:00:00+00:00,-1,0.7622,0.8010171208846332,-38.054920884633184,0.7729,tempo,-0.27565156189200857,-0.30135710051156683,192,48.0,0.03881712088463318
XRP,2022-04-25 07:00:00+00:00,2022-04-25 07:00:00+00:00,2022-04-27 07:00:00+00:00,1,0.6542,0.6222970184386775,32.557181561322544,0.6597,tempo,0.17239767980394202,0.14562792480914913,192,48.0,0.03190298156132254
XRP,2022-05-11 12:00:00+00:00,2022-05-11 12:00:00+00:00,2022-05-11 13:00:00+00:00,1,0.4912,0.45453567592774097,37.155524072259055,0.45453567592774097,stop,-1.0,-1.016766385441649,4,1.0,0.03666432407225906
XRP,2022-05-11 13:00:00+00:00,2022-05-11 13:00:00+00:00,2022-05-11 21:00:00+00:00,1,0.4192,0.37496613872760254,44.65306127239748,0.37496613872760254,stop,-1.0,-1.0116699735298726,32,8.0,0.04423386127239748
XRP,2022-05-11 21:00:00+00:00,2022-05-11 21:00:00+00:00,2022-05-13 21:00:00+00:00,1,0.3713,0.3223732735466991,49.29802645330093,0.4249,tempo,1.0955157617413778,1.084938107409773,192,48.0,0.04892672645330093
XRP,2022-06-06 18:00:00+00:00,2022-06-06 18:00:00+00:00,2022-06-08 18:00:00+00:00,1,0.3974,0.37166011985859754,26.13728014140244,0.4005,tempo,0.12043568124521747,0.10028659752179411,192,48.0,0.025739880141402438
XRP,2022-06-12 02:00:00+00:00,2022-06-12 02:00:00+00:00,2022-06-13 02:00:00+00:00,1,0.3503,0.3284126183979051,22.237681602094913,0.3284126183979051,stop,-1.0,-1.0201560520111008,96,24.0,0.021887381602094913
XRP,2022-06-14 02:00:00+00:00,2022-06-14 02:00:00+00:00,2022-06-14 03:45:00+00:00,-1,0.2939,0.31597459459156346,-21.780694591563467,0.31597459459156346,stop,-1.0,-1.0179581321342146,7,1.75,0.022074594591563468
XRP,2022-06-14 04:00:00+00:00,2022-06-14 04:00:00+00:00,2022-06-15 22:15:00+00:00,-1,0.3141,0.338675032699615,-24.26093269961503,0.338675032699615,stop,-1.0,-1.0172656442187114,169,42.25,0.02457503269961503
XRP,2022-06-24 02:00:00+00:00,2022-06-24 02:00:00+00:00,2022-06-26 02:00:00+00:00,-1,0.3608,0.3891398280897992,-27.97902808979918,0.3648,tempo,-0.1411441165883356,-0.15778641937526622,192,48.0,0.02833982808979918
XRP,2022-07-15 03:00:00+00:00,2022-07-15 03:00:00+00:00,2022-07-17 03:00:00+00:00,-1,0.3435,0.3649815464855666,-21.13804648556655,0.35,tempo,-0.30258529125765227,-0.3235695812063706,192,48.0,0.02148154648556655
XRP,2022-07-30 15:00:00+00:00,2022-07-30 15:00:00+00:00,2022-08-01 15:00:00+00:00,-1,0.397,0.42290835605285326,-25.511356052853245,0.3798,tempo,0.6638784786233393,0.6443897855171477,192,48.0,0.025908356052853243
XRP,2022-08-17 02:00:00+00:00,2022-08-17 02:00:00+00:00,2022-08-19 02:00:00+00:00,-1,0.3855,0.40302399464651356,-17.13849464651355,0.3616,tempo,1.363844287909264,1.3361328551112281,192,48.0,0.017523994646513552
XRP,2022-08-26 09:00:00+00:00,2022-08-26 09:00:00+00:00,2022-08-28 09:00:00+00:00,-1,0.3699,0.3901528436259537,-19.882943625953697,0.3335,tempo,1.7972784796182382,1.7747033781438906,192,48.0,0.020252843625953698
XRP,2022-09-09 18:00:00+00:00,2022-09-09 18:00:00+00:00,2022-09-11 18:00:00+00:00,1,0.3447,0.32893673946164265,16.10796053835736,0.3555,tempo,0.6851374418204859,0.6562646081264342,192,48.0,0.01576326053835736
XRP,2022-09-16 17:00:00+00:00,2022-09-16 17:00:00+00:00,2022-09-16 23:00:00+00:00,-1,0.3388,0.3552734417681451,-16.134641768145137,0.3552734417681451,stop,-1.0,-1.0273863679186752,24,6.0,0.016473441768145136
XRP,2022-09-16 23:00:00+00:00,2022-09-16 23:00:00+00:00,2022-09-17 14:15:00+00:00,-1,0.3544,0.372313742440739,-17.559342440739012,0.372313742440739,stop,-1.0,-1.0263688022840074,61,15.25,0.01791374244073901
XRP,2022-09-17 15:00:00+00:00,2022-09-17 15:00:00+00:00,2022-09-18 09:30:00+00:00,-1,0.3726,0.3926797732052385,-19.70717320523852,0.3926797732052385,stop,-1.0,-1.0247727824163688,74,18.5,0.020079773205238516
XRP,2022-09-18 10:00:00+00:00,2022-09-18 10:00:00+00:00,2022-09-20 10:00:00+00:00,-1,0.38,0.4018718827384986,-21.491882738498607,0.377,tempo,0.13716240324932985,0.11466548307638562,192,48.0,0.021871882738498605
XRP,2022-09-20 15:00:00+00:00,2022-09-20 15:00:00+00:00,2022-09-21 19:00:00+00:00,-1,0.3957,0.42540839602305613,-29.312696023056137,0.42540839602305613,stop,-1.0,-1.01796530708022,112,28.0,0.02970839602305614
XRP,2022-09-22 17:00:00+00:00,2022-09-22 17:00:00+00:00,2022-09-22 19:45:00+00:00,-1,0.4355,0.47433792772071437,-38.40242772071437,0.47433792772071437,stop,-1.0,-1.0152272453172893,11,2.75,0.03883792772071437
XRP,2022-09-22 20:00:00+00:00,2022-09-22 20:00:00+00:00,2022-09-23 03:45:00+00:00,-1,0.4831,0.5281468613007894,-44.56376130078939,0.5281468613007894,stop,-1.0,-1.0145917038582661,31,7.75,0.04504686130078939
XRP,2022-09-23 04:00:00+00:00,2022-09-23 04:00:00+00:00,2022-09-25 04:00:00+00:00,-1,0.5382,0.5923276248157933,-53.58942481579325,0.4853,tempo,0.9773198099866548,0.9650289510719313,192,48.0,0.05412762481579325
XRP,2022-11-04 10:00:00+00:00,2022-11-04 10:00:00+00:00,2022-11-06 10:00:00+00:00,-1,0.4991,0.5258145504781577,-26.21545047815774,0.4892,tempo,0.3705845624501288,0.3465379291172852,192,48.0,0.02671455047815774
XRP,2022-11-09 09:00:00+00:00,2022-11-09 09:00:00+00:00,2022-11-09 18:15:00+00:00,1,0.3773,0.35121249590981574,26.46480409018429,0.35121249590981574,stop,-1.0,-1.018151722016195,37,9.25,0.026087504090184288
XRP,2022-11-11 00:00:00+00:00,2022-11-11 00:00:00+00:00,2022-11-13 00:00:00+00:00,-1,0.3941,0.42906902779774425,-34.574927797744245,0.3634,tempo,0.8779197459410174,0.8638394288430464,192,48.0,0.034969027797744245
XRP,2022-11-14 21:00:00+00:00,2022-11-14 21:00:00+00:00,2022-11-16 21:00:00+00:00,-1,0.3681,0.4013124433662944,-32.844343366294424,0.3728,tempo,-0.141513225876354,-0.156013363511176,192,48.0,0.03321244336629442
XRP,2022-11-21 03:00:00+00:00,2022-11-21 03:00:00+00:00,2022-11-23 03:00:00+00:00,1,0.3488,0.32228827404596927,26.86052595403073,0.3755,tempo,1.007101538628444,0.9893435472846771,192,48.0,0.02651172595403073
XRP,2022-11-25 07:00:00+00:00,2022-11-25 07:00:00+00:00,2022-11-27 07:00:00+00:00,-1,0.4155,0.4461544953497725,-30.23899534977249,0.3995,tempo,0.5219462860972757,0.5046649707810237,192,48.0,0.030654495349772493
XRP,2022-12-26 18:00:00+00:00,2022-12-26 18:00:00+00:00,2022-12-28 18:00:00+00:00,-1,0.3644,0.378336824560077,-13.572424560077,0.358,tempo,0.45921507961959,0.42552304324675033,192,48.0,0.013936824560076999
XRP,2022-12-29 21:00:00+00:00,2022-12-29 21:00:00+00:00,2022-12-31 21:00:00+00:00,1,0.3401,0.3268048482960746,13.635251703925423,0.3428,tempo,0.20308154883278234,0.1696945661277304,192,48.0,0.013295151703925423
DOGE,2020-10-21 13:00:00+00:00,2020-10-21 13:00:00+00:00,2020-10-23 13:00:00+00:00,1,0.002607,0.0025356224875012164,0.0739845124987835,0.002679,tempo,1.0087210590482139,0.9605840495095506,192,48.0,7.13775124987835e-05
DOGE,2020-10-26 04:00:00+00:00,2020-10-26 04:00:00+00:00,2020-10-28 04:00:00+00:00,-1,0.002863,0.0029808824232620225,-0.11501942326202236,0.002677,tempo,1.577843370139836,1.547295983172774,192,48.0,0.00011788242326202236
DOGE,2020-11-06 12:00:00+00:00,2020-11-06 12:00:00+00:00,2020-11-08 12:00:00+00:00,-1,0.002803,0.0029119116841484494,-0.10610868414844943,0.002728,tempo,0.6886313492111007,0.6556215759428835,192,48.0,0.00010891168414844943
DOGE,2020-11-21 04:00:00+00:00,2020-11-21 04:00:00+00:00,2020-11-21 14:30:00+00:00,-1,0.003261,0.0034534537574445923,-0.1891927574445923,0.0034534537574445923,stop,-1.0,-1.0226776291629198,42,10.5,0.00019245375744459227
DOGE,2020-11-21 15:00:00+00:00,2020-11-21 15:00:00+00:00,2020-11-23 15:00:00+00:00,-1,0.003496,0.0037187581824747423,-0.21926218247474233,0.003443,tempo,0.23792616464721586,0.21767842357709194,192,48.0,0.00022275818247474233
DOGE,2020-11-24 01:00:00+00:00,2020-11-24 01:00:00+00:00,2020-11-24 05:45:00+00:00,-1,0.00375,0.004054410755533531,-0.30066075553353133,0.004054410755533531,stop,-1.0,-1.0166645458443337,19,4.75,0.0003044107555335313
DOGE,2020-11-24 06:00:00+00:00,2020-11-24 06:00:00+00:00,2020-11-26 06:00:00+00:00,-1,0.004119,0.004493574342290999,-0.3704553422909984,0.003354,tempo,2.0423182093067354,2.0293502895867395,192,48.0,0.0003745743422909984
DOGE,2020-11-26 08:00:00+00:00,2020-11-26 08:00:00+00:00,2020-11-28 08:00:00+00:00,1,0.003274,0.0028813955656126706,0.39587843438732945,0.003283,tempo,0.02292383684877287,0.01206799919973803,192,48.0,0.00039260443438732945
DOGE,2020-12-17 09:00:00+00:00,2020-12-17 09:00:00+00:00,2020-12-19 09:00:00+00:00,1,0.003455,0.0032220440300910693,0.23641096990893093,0.003962,tempo,2.176376935942877,2.155681823463533,192,48.0,0.00023295596990893092
DOGE,2020-12-20 10:00:00+00:00,2020-12-20 10:00:00+00:00,2020-12-21 03:15:00+00:00,-1,0.004649,0.005130579140518243,-0.47693014051824223,0.005130579140518243,stop,-1.0,-1.0131997545294344,69,17.25,0.0004815791405182422
DOGE,2020-12-21 04:00:00+00:00,2020-12-21 04:00:00+00:00,2020-12-23 04:00:00+00:00,-1,0.00502,0.005586206463083194,-0.5611864630831939,0.004621,tempo,0.7046899426532582,0.6936221601241153,192,48.0,0.0005662064630831938
DOGE,2020-12-23 23:00:00+00:00,2020-12-23 23:00:00+00:00,2020-12-25 23:00:00+00:00,1,0.003782,0.0032805974266873544,0.5051845733126458,0.004535,tempo,1.5017872665174223,1.4910054112024735,192,48.0,0.0005014025733126458
DOGE,2021-01-01 23:00:00+00:00,2021-01-01 23:00:00+00:00,2021-01-02 03:00:00+00:00,-1,0.005433,0.006040144456520945,-0.6017114565209447,0.006040144456520945,stop,-1.0,-1.0122829811202951,16,4.0,0.0006071444565209447
DOGE,2021-01-02 03:00:00+00:00,2021-01-02 03:00:00+00:00,2021-01-02 04:30:00+00:00,-1,0.006313,0.0070830479419067985,-0.7637349419067985,0.0070830479419067985,stop,-1.0,-1.0113076481195158,6,1.5,0.0007700479419067985
DOGE,2021-01-02 05:00:00+00:00,2021-01-02 05:00:00+00:00,2021-01-02 15:45:00+00:00,-1,0.007731,0.008836457469967748,-1.0977264699677478,0.008836457469967748,stop,-1.0,-1.0097415302243995,43,10.75,0.0011054574699677477
DOGE,2021-01-02 16:00:00+00:00,2021-01-02 16:00:00+00:00,2021-01-02 18:15:00+00:00,-1,0.008599,0.010009251300143355,-1.401652300143354,0.010009251300143355,stop,-1.0,-1.008576743268284,9,2.25,0.0014102513001433541
DOGE,2021-01-02 19:00:00+00:00,2021-01-02 19:00:00+00:00,2021-01-02 19:15:00+00:00,-1,0.011292,0.013360204164611318,-2.056912164611318,0.013360204164611318,stop,-1.0,-1.0077477518811635,1,0.25,0.002068204164611318
DOGE,2021-01-02 20:00:00+00:00,2021-01-02 20:00:00+00:00,2021-01-03 12:15:00+00:00,-1,0.011733,0.013890628269546039,-2.1458952695460383,0.013890628269546039,stop,-1.0,-1.00771929002335,65,16.25,0.0021576282695460382
DOGE,2021-01-03 13:00:00+00:00,2021-01-03 13:00:00+00:00,2021-01-05 13:00:00+00:00,-1,0.013179,0.01642515587721597,-3.2329768772159704,0.009443,tempo,1.1508997538356471,1.146369996006331,192,48.0,0.0032461558772159706
DOGE,2021-01-28 05:00:00+00:00,2021-01-28 05:00:00+00:00,2021-01-28 05:30:00+00:00,-1,0.011685,0.014382702598571651,-2.686017598571652,0.014382702598571651,stop,-1.0,-1.006280902386365,2,0.5,0.002697702598571652
DOGE,2021-01-28 06:00:00+00:00,2021-01-28 06:00:00+00:00,2021-01-28 15:00:00+00:00,-1,0.012477,0.015381220123797555,-2.8917431237975544,0.015381220123797555,stop,-1.0,-1.0062350105393494,36,9.0,0.0029042201237975546
DOGE,2021-01-28 15:00:00+00:00,2021-01-28 15:00:00+00:00,2021-01-28 15:30:00+00:00,-1,0.017668,0.02276166393253159,-5.075995932531592,0.02276166393253159,stop,-1.0,-1.0051592099330127,2,0.5,0.005093663932531592
DOGE,2021-01-28 16:00:00+00:00,2021-01-28 16:00:00+00:00,2021-01-28 19:15:00+00:00,-1,0.018092,0.02330004404138944,-5.189952041389438,0.02330004404138944,stop,-1.0,-1.005166014037724,13,3.25,0.005208044041389439
DOGE,2021-01-28 20:00:00+00:00,2021-01-28 20:00:00+00:00,2021-01-28 23:15:00+00:00,-1,0.021825,0.028261808413083688,-6.414983413083688,0.028261808413083688,stop,-1.0,-1.0050578521806441,13,3.25,0.0064368084130836875
DOGE,2021-01-29 00:00:00+00:00,2021-01-29 00:00:00+00:00,2021-01-29 00:45:00+00:00,-1,0.036367,0.04840745462971818,-12.004087629718185,0.04840745462971818,stop,-1.0,-1.0045765211699988,3,0.75,0.012040454629718186
DOGE,2021-01-29 01:00:00+00:00,2021-01-29 01:00:00+00:00,2021-01-29 03:15:00+00:00,-1,0.041728,0.05579840547309468,-14.028677473094675,0.05579840547309468,stop,-1.0,-1.0045053544248408,9,2.25,0.014070405473094676
DOGE,2021-01-29 04:00:00+00:00,2021-01-29 04:00:00+00:00,2021-01-31 04:00:00+00:00,-1,0.081901,0.11787443264821852,-35.89153164821852,0.02789,tempo,1.5014135717369397,1.499429770227146,192,48.0,0.03597343264821852
DOGE,2021-04-01 11:00:00+00:00,2021-04-01 11:00:00+00:00,2021-04-01 11:45:00+00:00,-1,0.062671,0.06898689000009782,-6.253219000097816,0.06898689000009782,stop,-1.0,-1.01354957551489,3,0.75,0.006315890000097815
DOGE,2021-04-01 12:00:00+00:00,2021-04-01 12:00:00+00:00,2021-04-03 12:00:00+00:00,-1,0.066511,0.07344857617764079,-6.871065177640792,0.058611,tempo,1.1387262348860419,1.1270032212689638,192,48.0,0.006937576177640792
DOGE,2021-04-11 11:00:00+00:00,2021-04-11 11:00:00+00:00,2021-04-13 11:00:00+00:00,-1,0.075528,0.08386299790002756,-8.259469900027563,0.077502,tempo,-0.23683269314242728,-0.24876664935850157,192,48.0,0.008334997900027563
DOGE,2021-04-13 17:00:00+00:00,2021-04-13 17:00:00+00:00,2021-04-14 01:00:00+00:00,-1,0.091663,0.10335728556043222,-11.602622560432227,0.10335728556043222,stop,-1.0,-1.0108397545928915,32,8.0,0.011694285560432227
DOGE,2021-04-14 01:00:00+00:00,2021-04-14 01:00:00+00:00,2021-04-14 01:15:00+00:00,-1,0.105416,0.11997671928330615,-14.455303283306156,0.11997671928330615,stop,-1.0,-1.0100616779077747,1,0.25,0.014560719283306156
DOGE,2021-04-14 02:00:00+00:00,2021-04-14 02:00:00+00:00,2021-04-14 06:00:00+00:00,-1,0.108729,0.12379589465038424,-14.95816565038423,0.12379589465038424,stop,-1.0,-1.0100313425579635,16,4.0,0.01506689465038423
DOGE,2021-04-14 06:00:00+00:00,2021-04-14 06:00:00+00:00,2021-04-14 08:30:00+00:00,-1,0.122233,0.14003840034903167,-17.683167349031677,0.14003840034903167,stop,-1.0,-1.0095744216296794,10,2.5,0.017805400349031678
DOGE,2021-04-14 09:00:00+00:00,2021-04-14 09:00:00+00:00,2021-04-15 19:15:00+00:00,-1,0.133313,0.153255426641038,-19.809113641038014,0.153255426641038,stop,-1.0,-1.009340361665584,137,34.25,0.019942426641038014
DOGE,2021-04-15 20:00:00+00:00,2021-04-15 20:00:00+00:00,2021-04-16 00:30:00+00:00,-1,0.167842,0.19871889614058416,-30.70905414058417,0.19871889614058416,stop,-1.0,-1.007716597594737,18,4.5,0.03087689614058417
DOGE,2021-04-16 01:00:00+00:00,2021-04-16 01:00:00+00:00,2021-04-16 02:30:00+00:00,-1,0.21946,0.26512552479436935,-45.44606479436936,0.26512552479436935,stop,-1.0,-1.006897557676928,6,1.5,0.04566552479436936
DOGE,2021-04-16 03:00:00+00:00,2021-04-16 03:00:00+00:00,2021-04-16 13:00:00+00:00,-1,0.272571,0.33320648715693985,-60.36291615693984,0.33320648715693985,stop,-1.0,-1.0064938105573866,40,10.0,0.06063548715693984
DOGE,2021-04-16 13:00:00+00:00,2021-04-16 13:00:00+00:00,2021-04-16 13:45:00+00:00,-1,0.34028,0.4245942136392533,-83.97393363925327,0.4245942136392533,stop,-1.0,-1.0058966124145177,3,0.75,0.08431421363925329
DOGE,2021-04-16 14:00:00+00:00,2021-04-16 14:00:00+00:00,2021-04-18 14:00:00+00:00,-1,0.384304,0.481847732305558,-97.15942830555802,0.306016,tempo,0.8025938535421321,0.797993783507961,192,48.0,0.09754373230555802
DOGE,2021-05-04 09:00:00+00:00,2021-05-04 09:00:00+00:00,2021-05-04 13:45:00+00:00,-1,0.484137,0.5867884833781087,-102.16734637810875,0.5867884833781087,stop,-1.0,-1.0067812129088456,19,4.75,0.10265148337810875
DOGE,2021-05-04 14:00:00+00:00,2021-05-04 14:00:00+00:00,2021-05-06 14:00:00+00:00,-1,0.577331,0.7021135828094498,-124.20525180944976,0.598661,tempo,-0.17093731769098022,-0.17706313094784537,192,48.0,0.12478258280944976
DOGE,2021-05-09 05:00:00+00:00,2021-05-09 05:00:00+00:00,2021-05-11 05:00:00+00:00,1,0.54,0.41131298762555785,129.22701237444218,0.48503,tempo,-0.4271604335646019,-0.43233787523261846,192,48.0,0.1286870123744422
DOGE,2021-05-14 19:00:00+00:00,2021-05-14 19:00:00+00:00,2021-05-16 19:00:00+00:00,-1,0.57312,0.7152111500277945,-141.5180300277945,0.51022,tempo,0.44267359358901714,0.43771782400124015,192,48.0,0.1420911500277945
DOGE,2021-06-02 11:00:00+00:00,2021-06-02 11:00:00+00:00,2021-06-04 11:00:00+00:00,-1,0.42934,0.5142066470157354,-84.43730701573539,0.36188,tempo,0.7948941353543998,0.7888341221680105,192,48.0,0.08486664701573537
DOGE,2021-06-21 13:00:00+00:00,2021-06-21 13:00:00+00:00,2021-06-21 21:45:00+00:00,1,0.22274,0.19647927226005063,26.483467739949365,0.19647927226005063,stop,-1.0,-1.0103764270993336,35,8.75,0.026260727739949363
DOGE,2021-06-21 22:00:00+00:00,2021-06-21 22:00:00+00:00,2021-06-22 14:00:00+00:00,1,0.18992,0.16466837592792083,25.44154407207918,0.16466837592792083,stop,-1.0,-1.0091274305246765,64,16.0,0.025251624072079176
DOGE,2021-06-22 14:00:00+00:00,2021-06-22 14:00:00+00:00,2021-06-24 14:00:00+00:00,1,0.16939,0.1414674071230235,28.091982876976516,0.23936,tempo,2.505856111152683,2.496340966868963,192,48.0,0.027922592876976515
DOGE,2021-07-17 20:00:00+00:00,2021-07-17 20:00:00+00:00,2021-07-19 20:00:00+00:00,-1,0.19889,0.22011114903816756,-21.022259038167547,0.17412,tempo,1.1672318004764795,1.1558065708829297,192,48.0,0.021221149038167547
DOGE,2021-08-07 15:00:00+00:00,2021-08-07 15:00:00+00:00,2021-08-08 00:15:00+00:00,-1,0.2443,0.26741744491346553,-22.87314491346554,0.26741744491346553,stop,-1.0,-1.014388109950681,37,9.25,0.02311744491346554
DOGE,2021-08-08 01:00:00+00:00,2021-08-08 01:00:00+00:00,2021-08-10 01:00:00+00:00,-1,0.27384,0.30166573610977276,-27.55189610977279,0.25619,tempo,0.6343048726678994,0.6219235470260236,192,48.0,0.027825736109772792
DOGE,2021-08-15 20:00:00+00:00,2021-08-15 20:00:00+00:00,2021-08-17 20:00:00+00:00,-1,0.32196,0.3577217110715866,-35.4397510715866,0.31308,tempo,0.24831026631316133,0.23676786558256657,192,48.0,0.0357617110715866
DOGE,2021-09-07 10:00:00+00:00,2021-09-07 10:00:00+00:00,2021-09-07 15:00:00+00:00,1,0.28345,0.26097624344690484,22.757206553095134,0.26097624344690484,stop,-1.0,-1.0157462352768858,20,5.0,0.022473756553095137
DOGE,2021-09-07 15:00:00+00:00,2021-09-07 15:00:00+00:00,2021-09-07 15:15:00+00:00,1,0.23307,0.20471282274411284,28.590247255887157,0.20471282274411284,stop,-1.0,-1.0100348081974413,1,0.25,0.028357177255887156
DOGE,2021-09-08 15:00:00+00:00,2021-09-08 15:00:00+00:00,2021-09-10 15:00:00+00:00,-1,0.24517,0.27642123185779255,-31.00606185779255,0.23911,tempo,0.19391235608169916,0.18383972913910684,192,48.0,0.03125123185779255
DOGE,2021-10-05 16:00:00+00:00,2021-10-05 16:00:00+00:00,2021-10-07 16:00:00+00:00,-1,0.26005,0.28303388953584857,-22.72383953584857,0.24413,tempo,0.6926590895404867,0.6784005368490961,192,48.0,0.022983889535848567
DOGE,2021-10-11 20:00:00+00:00,2021-10-11 20:00:00+00:00,2021-10-13 20:00:00+00:00,1,0.22789,0.20892448568001115,19.193404319988858,0.22921,tempo,0.06960001072097281,0.053933944671456124,192,48.0,0.018965514319988858
DOGE,2021-10-15 18:00:00+00:00,2021-10-15 18:00:00+00:00,2021-10-17 18:00:00+00:00,1,0.23326,0.21488232231754192,18.610937682458072,0.23691,tempo,0.1986105134210742,0.18198107278768488,192,48.0,0.01837767768245807
DOGE,2021-10-18 10:00:00+00:00,2021-10-18 10:00:00+00:00,2021-10-20 10:00:00+00:00,-1,0.26384,0.2848236236670921,-20.719783667092056,0.24457,tempo,0.918335188703395,0.9025864074040878,192,48.0,0.020983623667092055
DOGE,2021-10-25 00:00:00+00:00,2021-10-25 00:00:00+00:00,2021-10-27 00:00:00+00:00,-1,0.27603,0.2980238842919159,-21.717854291915902,0.25603,tempo,0.9093436945720063,0.8936193688726519,192,48.0,0.0219938842919159
DOGE,2021-10-28 07:00:00+00:00,2021-10-28 07:00:00+00:00,2021-10-28 08:00:00+00:00,-1,0.29397,0.3263209294863427,-32.05695948634271,0.3263209294863427,stop,-1.0,-1.012462983616478,4,1.0,0.03235092948634272
DOGE,2021-10-28 08:00:00+00:00,2021-10-28 08:00:00+00:00,2021-10-30 08:00:00+00:00,-1,0.32851,0.3685311598398636,-39.69264983986359,0.28895,tempo,0.9884770995716068,0.9784486795656421,192,48.0,0.040021159839863596
DOGE,2021-11-30 05:00:00+00:00,2021-11-30 05:00:00+00:00,2021-12-02 05:00:00+00:00,-1,0.22362,0.24204070624386687,-18.197086243866853,0.20524,tempo,0.9977901909227613,0.9826572749362849,192,48.0,0.018420706243866852
DOGE,2021-12-14 11:00:00+00:00,2021-12-14 11:00:00+00:00,2021-12-14 12:00:00+00:00,-1,0.18753,0.20940018241074748,-21.68265241074748,0.20940018241074748,stop,-1.0,-1.0117970949542787,4,1.0,0.02187018241074748
DOGE,2021-12-14 12:00:00+00:00,2021-12-14 12:00:00+00:00,2021-12-16 12:00:00+00:00,-1,0.21092,0.23809539825253195,-26.964478252531954,0.18269,tempo,1.038807223271136,1.0293925866346274,192,48.0,0.027175398252531957
DOGE,2022-01-13 06:00:00+00:00,2022-01-13 06:00:00+00:00,2022-01-14 05:00:00+00:00,-1,0.17495,0.18955940757607415,-14.43445757607415,0.18955940757607415,stop,-1.0,-1.0162177086025357,92,23.0,0.014609407576074152
DOGE,2022-01-14 05:00:00+00:00,2022-01-14 05:00:00+00:00,2022-01-14 06:30:00+00:00,-1,0.18965,0.20776105877545886,-17.92140877545885,0.20776105877545886,stop,-1.0,-1.0142629534477619,6,1.5,0.01811105877545885
DOGE,2022-01-14 07:00:00+00:00,2022-01-14 07:00:00+00:00,2022-01-16 07:00:00+00:00,-1,0.19962,0.21916958983444595,-19.349969834445965,0.18179,tempo,0.9120395952545205,0.8993581782990008,192,48.0,0.019549589834445963
DOGE,2022-02-13 13:00:00+00:00,2022-02-13 13:00:00+00:00,2022-02-15 13:00:00+00:00,-1,0.15233,0.16271016614951686,-10.227836149516868,0.1497,tempo,0.25336781339693715,0.23445486950257208,192,48.0,0.010380166149516867
DOGE,2022-02-24 06:00:00+00:00,2022-02-24 06:00:00+00:00,2022-02-26 06:00:00+00:00,1,0.11161,0.10331756351372186,8.404046486278144,0.12703,tempo,1.8595258493105316,1.8408201287112027,192,48.0,0.008292436486278143
DOGE,2022-03-01 13:00:00+00:00,2022-03-01 13:00:00+00:00,2022-03-03 13:00:00+00:00,1,0.13348,0.12372703189941915,9.886448100580836,0.13251,tempo,-0.0994569027599127,-0.11718417288086216,192,48.0,0.009752968100580836
DOGE,2022-03-19 15:00:00+00:00,2022-03-19 15:00:00+00:00,2022-03-21 15:00:00+00:00,-1,0.12445,0.13098891595899861,-6.414465958998608,0.11924,tempo,0.7967681543345424,0.7725441849498285,192,48.0,0.006538915958998609
DOGE,2022-03-23 17:00:00+00:00,2022-03-23 17:00:00+00:00,2022-03-24 03:30:00+00:00,-1,0.13041,0.1371671196257222,-6.626709625722202,0.1371671196257222,stop,-1.0,-1.0257395365763011,42,10.5,0.006757119625722202
DOGE,2022-03-24 04:00:00+00:00,2022-03-24 04:00:00+00:00,2022-03-24 10:00:00+00:00,-1,0.13647,0.14385346087446932,-7.246990874469311,0.14385346087446932,stop,-1.0,-1.0246781628109463,24,6.0,0.007383460874469311
DOGE,2022-03-24 10:00:00+00:00,2022-03-24 10:00:00+00:00,2022-03-26 10:00:00+00:00,-1,0.14016,0.14783762370938824,-7.537463709388238,0.13296,tempo,0.937790164318136,0.9146673848332652,192,48.0,0.007677623709388237
DOGE,2022-03-27 04:00:00+00:00,2022-03-27 04:00:00+00:00,2022-03-28 03:15:00+00:00,-1,0.14113,0.14914839302468014,-7.877263024680131,0.14914839302468014,stop,-1.0,-1.0235310186075057,93,23.25,0.008018393024680132
DOGE,2022-04-04 11:00:00+00:00,2022-04-04 11:00:00+00:00,2022-04-05 13:30:00+00:00,-1,0.15006,0.15995456613907116,-9.744506139071165,0.15995456613907116,stop,-1.0,-1.020365669920047,106,26.5,0.009894566139071165
DOGE,2022-04-05 15:00:00+00:00,2022-04-05 15:00:00+00:00,2022-04-05 17:15:00+00:00,-1,0.16262,0.1744127154339128,-11.630095433912803,0.1744127154339128,stop,-1.0,-1.0185768295910924,9,2.25,0.011792715433912804
DOGE,2022-04-05 18:00:00+00:00,2022-04-05 18:00:00+00:00,2022-04-07 18:00:00+00:00,-1,0.16992,0.18316637651437154,-13.07645651437155,0.14399,tempo,1.957516455301375,1.9421128843868214,192,48.0,0.01324637651437155
DOGE,2022-04-25 17:00:00+00:00,2022-04-25 17:00:00+00:00,2022-04-25 19:15:00+00:00,-1,0.14615,0.1583004328277525,-12.004282827752494,0.1583004328277525,stop,-1.0,-1.016286891515999,9,2.25,0.012150432827752494
DOGE,2022-04-25 20:00:00+00:00,2022-04-25 20:00:00+00:00,2022-04-27 20:00:00+00:00,-1,0.16202,0.17621144033112354,-14.029420331123545,0.13829,tempo,1.6721347126378174,1.6583798367798752,192,48.0,0.014191440331123545
DOGE,2022-05-05 20:00:00+00:00,2022-05-05 20:00:00+00:00,2022-05-07 20:00:00+00:00,-1,0.12919,0.1391543513482198,-9.835161348219797,0.12888,tempo,0.03111090618612003,0.01427634323888223,192,48.0,0.009964351348219797
DOGE,2022-05-11 11:00:00+00:00,2022-05-11 11:00:00+00:00,2022-05-11 12:45:00+00:00,1,0.10609,0.09618055037664291,10.015539623357089,0.09618055037664291,stop,-1.0,-1.0132677255288651,7,1.75,0.009909449623357089
DOGE,2022-05-11 13:00:00+00:00,2022-05-11 13:00:00+00:00,2022-05-12 04:15:00+00:00,1,0.08652,0.07609855066886362,10.507969331136382,0.07609855066886362,stop,-1.0,-1.0101427406664976,61,15.25,0.010421449331136381
DOGE,2022-05-12 05:00:00+00:00,2022-05-12 05:00:00+00:00,2022-05-14 05:00:00+00:00,1,0.07489,0.06420598489981853,10.758905100181465,0.08904,tempo,1.3244084613620268,1.314435197659115,192,48.0,0.010684015100181465
DOGE,2022-06-06 20:00:00+00:00,2022-06-06 20:00:00+00:00,2022-06-08 20:00:00+00:00,1,0.0819,0.0761300167127997,5.851883287200297,0.07933,tempo,-0.44540856915497484,-0.46357144672040546,192,48.0,0.005769983287200298
DOGE,2022-06-11 16:00:00+00:00,2022-06-11 16:00:00+00:00,2022-06-12 05:15:00+00:00,1,0.06911,0.06430337957254874,4.875730427451266,0.06430337957254874,stop,-1.0,-1.018041511292819,53,13.25,0.004806620427451266
DOGE,2022-06-12 06:00:00+00:00,2022-06-12 06:00:00+00:00,2022-06-13 02:15:00+00:00,1,0.06478,0.05999615691007908,4.84862308992092,0.05999615691007908,stop,-1.0,-1.0169538382566163,81,20.25,0.004783843089920921
DOGE,2022-06-14 06:00:00+00:00,2022-06-14 06:00:00+00:00,2022-06-16 00:00:00+00:00,-1,0.05779,0.06362810756657847,-5.780317566578467,0.06362810756657847,stop,-1.0,-1.0135183822871099,168,42.0,0.005838107566578467
DOGE,2022-06-16 00:00:00+00:00,2022-06-16 00:00:00+00:00,2022-06-18 00:00:00+00:00,-1,0.06283,0.0696775815208678,-6.784751520867799,0.05688,tempo,0.8689199218538035,0.8575565668118997,192,48.0,0.006847581520867799
DOGE,2022-06-19 08:00:00+00:00,2022-06-19 08:00:00+00:00,2022-06-19 20:45:00+00:00,-1,0.05595,0.06228596249456059,-6.280012494560587,0.06228596249456059,stop,-1.0,-1.0121297081047185,51,12.75,0.0063359624945605875
DOGE,2022-06-26 14:00:00+00:00,2022-06-26 14:00:00+00:00,2022-06-28 14:00:00+00:00,-1,0.07404,0.08186424293226174,-7.7502029322617485,0.07202,tempo,0.2581719429583296,0.24603798944718064,192,48.0,0.007824242932261749
DOGE,2022-08-14 09:00:00+00:00,2022-08-14 09:00:00+00:00,2022-08-16 08:45:00+00:00,-1,0.07989,0.08517050293321445,-5.200612933214443,0.08517050293321445,stop,-1.0,-1.0203180129361804,191,47.75,0.005280502933214443
DOGE,2022-08-16 09:00:00+00:00,2022-08-16 09:00:00+00:00,2022-08-18 09:00:00+00:00,-1,0.08613,0.09267198408165853,-6.455854081658528,0.08108,tempo,0.7719370663341204,0.7553233756489475,192,48.0,0.006541984081658528
DOGE,2022-09-09 16:00:00+00:00,2022-09-09 16:00:00+00:00,2022-09-11 16:00:00+00:00,1,0.06365,0.060102866266014514,3.6107837339854845,0.06418,tempo,0.14941641329223465,0.12599200749554584,192,48.0,0.0035471337339854844
DOGE,2022-09-14 06:00:00+00:00,2022-09-14 06:00:00+00:00,2022-09-16 06:00:00+00:00,-1,0.06061,0.06400254511712222,-3.3319351171222253,0.05944,tempo,0.34487382174963277,0.3218726538046086,192,48.0,0.0033925451171222254
DOGE,2022-09-23 18:00:00+00:00,2022-09-23 18:00:00+00:00,2022-09-24 01:15:00+00:00,-1,0.06173,0.06523084992726978,-3.439119927269782,0.06523084992726978,stop,-1.0,-1.023572719244519,29,7.25,0.003500849927269782
DOGE,2022-09-24 02:00:00+00:00,2022-09-24 02:00:00+00:00,2022-09-26 02:00:00+00:00,-1,0.06692,0.07095587996183329,-3.9689599618332996,0.06162,tempo,1.3132204253152429,1.2925183725311835,192,48.0,0.0040358799618333
DOGE,2022-10-25 18:00:00+00:00,2022-10-25 18:00:00+00:00,2022-10-26 03:30:00+00:00,-1,0.06377,0.06653522689234592,-2.701456892345929,0.06653522689234592,stop,-1.0,-1.0306298183756522,38,9.5,0.002765226892345929
DOGE,2022-10-26 04:00:00+00:00,2022-10-26 04:00:00+00:00,2022-10-26 10:45:00+00:00,-1,0.06577,0.06874007575862216,-2.9043057586221677,0.06874007575862216,stop,-1.0,-1.0294374811784817,27,6.75,0.0029700757586221677
DOGE,2022-10-26 11:00:00+00:00,2022-10-26 11:00:00+00:00,2022-10-26 19:45:00+00:00,-1,0.06843,0.07169310728849,-3.1946772884899968,0.07169310728849,stop,-1.0,-1.0279120518221347,35,8.75,0.003263107288489997
DOGE,2022-10-26 20:00:00+00:00,2022-10-26 20:00:00+00:00,2022-10-27 03:45:00+00:00,-1,0.07256,0.07633162755069157,-3.6990675506915753,0.07633162755069157,stop,-1.0,-1.0256598926079548,31,7.75,0.0037716275506915753
DOGE,2022-10-27 04:00:00+00:00,2022-10-27 04:00:00+00:00,2022-10-27 05:45:00+00:00,-1,0.07621,0.08028828625012513,-4.00207625012513,0.08028828625012513,stop,-1.0,-1.02494280190839,7,1.75,0.004078286250125129
DOGE,2022-10-27 06:00:00+00:00,2022-10-27 06:00:00+00:00,2022-10-27 19:45:00+00:00,-1,0.08013,0.08461735191971566,-4.407221919715652,0.08461735191971566,stop,-1.0,-1.0238639136541359,55,13.75,0.004487351919715651
DOGE,2022-10-27 20:00:00+00:00,2022-10-27 20:00:00+00:00,2022-10-28 16:45:00+00:00,-1,0.08285,0.08810127993906061,-5.168429939060619,0.08810127993906061,stop,-1.0,-1.0211602377420137,83,20.75,0.0052512799390606185
DOGE,2022-10-28 17:00:00+00:00,2022-10-28 17:00:00+00:00,2022-10-29 08:15:00+00:00,-1,0.08719,0.09422589042608982,-6.94870042608982,0.09422589042608982,stop,-1.0,-1.016759830190035,61,15.25,0.007035890426089819
DOGE,2022-10-29 09:00:00+00:00,2022-10-29 09:00:00+00:00,2022-10-29 14:15:00+00:00,-1,0.10245,0.1128706743273453,-10.318224327345295,0.1128706743273453,stop,-1.0,-1.0134308427570282,21,5.25,0.010420674327345295
DOGE,2022-10-29 15:00:00+00:00,2022-10-29 15:00:00+00:00,2022-10-29 15:45:00+00:00,-1,0.1147,0.1276020655428582,-12.787365542858193,0.1276020655428582,stop,-1.0,-1.0122070642161665,3,0.75,0.012902065542858193
DOGE,2022-10-29 16:00:00+00:00,2022-10-29 16:00:00+00:00,2022-10-29 17:45:00+00:00,-1,0.13217,0.14944904011617346,-17.146870116173456,0.14944904011617346,stop,-1.0,-1.0105938972792923,7,1.75,0.017279040116173455
DOGE,2022-10-29 18:00:00+00:00,2022-10-29 18:00:00+00:00,2022-10-31 18:00:00+00:00,-1,0.13661,0.15445925634773242,-17.712646347732406,0.12739,tempo,0.5165481306548285,0.5069342847524024,192,48.0,0.017849256347732406
DOGE,2022-11-01 07:00:00+00:00,2022-11-01 07:00:00+00:00,2022-11-03 07:00:00+00:00,-1,0.14746,0.17127457190048914,-23.667111900489136,0.13197,tempo,0.6504420933840869,0.6428152714215107,192,48.0,0.023814571900489134
DOGE,2022-11-25 18:00:00+00:00,2022-11-25 18:00:00+00:00,2022-11-27 10:15:00+00:00,-1,0.08949,0.09971513697320214,-10.13564697320214,0.09971513697320214,stop,-1.0,-1.0120275492988402,161,40.25,0.01022513697320214
DOGE,2022-11-27 11:00:00+00:00,2022-11-27 11:00:00+00:00,2022-11-29 11:00:00+00:00,-1,0.10401,0.11584834803558848,-11.734338035588474,0.10198,tempo,0.17147662781136458,0.1601664771385267,192,48.0,0.011838348035588475
