activo,sinal_em,entrada_em,saida_em,lado,entrada,stop,alvo,saida,motivo,R_bruto,R_liquido,duracao,duracao_h,R_preco
ETH,2025-04-06 19:00:00+00:00,2025-04-06 19:00:00+00:00,2025-04-07 03:45:00+00:00,1,1617.6,1526.0278598530267,93189.7401469732,1526.0278598530267,stop,-1.0,-1.0223141897265355,35,8.75,91.5721401469732
ETH,2025-04-07 04:00:00+00:00,2025-04-07 04:00:00+00:00,2025-04-07 07:00:00+00:00,1,1542.78,1450.8629563206964,93459.82367930356,1450.8629563206964,stop,-1.0,-1.0211698270931944,12,3.0,91.91704367930356
ETH,2025-04-07 07:00:00+00:00,2025-04-07 07:00:00+00:00,2025-04-09 07:00:00+00:00,1,1430.49,1332.2368573545473,99683.63264545273,1459.19,tempo,0.2921026160309623,0.2729857516800903,192,48.0,98.25314264545273
ETH,2025-04-21 19:00:00+00:00,2025-04-21 19:00:00+00:00,2025-04-23 19:00:00+00:00,1,1566.81,1468.0801802498727,100296.62975012726,1797.55,tempo,2.3370851945640525,2.3149355136922085,192,48.0,98.72981975012726
ETH,2025-05-08 14:00:00+00:00,2025-05-08 14:00:00+00:00,2025-05-08 15:45:00+00:00,-1,1975.37,2070.060870469863,-92715.50046986307,2070.060870469863,stop,-1.0,-1.0277696260764897,7,1.75,94.69087046986306
ETH,2025-05-08 16:00:00+00:00,2025-05-08 16:00:00+00:00,2025-05-08 20:45:00+00:00,-1,2050.56,2153.0603069303966,-100449.74693039662,2153.0603069303966,stop,-1.0,-1.0266570245624744,19,4.75,102.50030693039662
ETH,2025-05-08 21:00:00+00:00,2025-05-08 21:00:00+00:00,2025-05-09 07:15:00+00:00,-1,2184.46,2300.412724888188,-113768.26488818818,2300.412724888188,stop,-1.0,-1.0251409984024815,41,10.25,115.95272488818819
ETH,2025-05-09 08:00:00+00:00,2025-05-09 08:00:00+00:00,2025-05-10 17:45:00+00:00,-1,2363.71,2499.648457762085,-133574.7477620849,2499.648457762085,stop,-1.0,-1.0232545156800141,135,33.75,135.9384577620849
ETH,2025-05-10 19:00:00+00:00,2025-05-10 19:00:00+00:00,2025-05-12 19:00:00+00:00,-1,2494.45,2644.956860839889,-148012.4108398892,2434.19,tempo,0.40038041896379056,0.37909490425620496,192,48.0,150.5068608398892
ETH,2025-05-14 01:00:00+00:00,2025-05-14 01:00:00+00:00,2025-05-16 01:00:00+00:00,-1,2694.96,2861.108880388707,-163453.92038870687,2543.69,tempo,0.9104485064606057,0.8899541011294733,192,48.0,166.14888038870686
ETH,2025-05-29 03:00:00+00:00,2025-05-29 03:00:00+00:00,2025-05-31 03:00:00+00:00,-1,2770.2,2928.843450813039,-155873.25081303917,2489.09,tempo,1.771960951172746,1.7504123875069901,192,48.0,158.64345081303918
ETH,2025-06-03 09:00:00+00:00,2025-06-03 09:00:00+00:00,2025-06-05 09:00:00+00:00,-1,2606.2,2741.886387974922,-133080.18797492213,2604.23,tempo,0.014518773986112003,-0.010441574288660792,192,48.0,135.68638797492213
ETH,2025-06-06 18:00:00+00:00,2025-06-06 18:00:00+00:00,2025-06-08 18:00:00+00:00,1,2498.41,2360.7406169705846,140167.79302941528,2522.21,tempo,0.1728779447999337,0.14917330598926423,192,48.0,137.66938302941526
ETH,2025-06-10 12:00:00+00:00,2025-06-10 12:00:00+00:00,2025-06-12 12:00:00+00:00,-1,2772.99,2915.6693490449343,-139906.3590449345,2728.76,tempo,0.3099958073545041,0.2849316510912613,192,48.0,142.6793490449345
ETH,2025-06-13 05:00:00+00:00,2025-06-13 05:00:00+00:00,2025-06-15 05:00:00+00:00,1,2506.93,2366.930848825446,142506.08117455384,2542.62,tempo,0.25493011707978874,0.23148563564927152,192,48.0,139.99915117455384
ETH,2025-06-22 02:00:00+00:00,2025-06-22 02:00:00+00:00,2025-06-22 20:15:00+00:00,1,2265.27,2140.7609468596575,126774.32314034253,2140.7609468596575,stop,-1.0,-1.0230017018299116,73,18.25,124.50905314034253
ETH,2025-07-14 08:00:00+00:00,2025-07-14 08:00:00+00:00,2025-07-16 08:00:00+00:00,1,3043.65,2901.3178267931,145375.82320690027,3160.55,tempo,0.8213181697863148,0.7929849411905717,192,48.0,142.33217320690028
ETH,2025-07-16 08:00:00+00:00,2025-07-16 08:00:00+00:00,2025-07-16 18:00:00+00:00,-1,3160.55,3314.593616579856,-150883.066579856,3314.593616579856,stop,-1.0,-1.0273224132503735,40,10.0,154.043616579856
ETH,2025-07-16 18:00:00+00:00,2025-07-16 18:00:00+00:00,2025-07-17 09:30:00+00:00,-1,3316.13,3479.7984315738117,-160352.30157381162,3479.7984315738117,stop,-1.0,-1.0269896487553913,62,15.5,163.66843157381163
ETH,2025-07-17 10:00:00+00:00,2025-07-17 10:00:00+00:00,2025-07-18 05:15:00+00:00,-1,3465.65,3638.2903090898812,-169174.65908988117,3638.2903090898812,stop,-1.0,-1.0267467153253553,77,19.25,172.64030908988116
ETH,2025-07-18 06:00:00+00:00,2025-07-18 06:00:00+00:00,2025-07-20 06:00:00+00:00,-1,3670.04,3858.0079703449633,-184297.9303449633,3646.47,tempo,0.12539370381423992,0.10009294916294392,192,48.0,187.9679703449633
ETH,2025-07-20 11:00:00+00:00,2025-07-20 11:00:00+00:00,2025-07-22 11:00:00+00:00,-1,3698.38,3880.921209602476,-178842.8296024761,3697.62,tempo,0.004163443430967103,-0.02217252755590856,192,48.0,182.5412096024761
ETH,2025-07-22 20:00:00+00:00,2025-07-22 20:00:00+00:00,2025-07-24 20:00:00+00:00,1,3668.9,3483.18613126125,189382.76873875008,3730.81,tempo,0.3333622869441739,0.3074632437942726,192,48.0,185.71386873875008
ETH,2025-07-25 06:00:00+00:00,2025-07-25 06:00:00+00:00,2025-07-27 06:00:00+00:00,-1,3632.16,3826.40696482996,-190614.80482996022,3789.84,tempo,-0.8117501353909446,-0.8365860446893117,192,48.0,194.24696482996023
ETH,2025-08-04 18:00:00+00:00,2025-08-04 18:00:00+00:00,2025-08-06 18:00:00+00:00,-1,3679.58,3852.475798229047,-169216.21822904717,3680.75,tempo,-0.006767081745098814,-0.034438167734487726,192,48.0,172.89579822904716
ETH,2025-08-07 13:00:00+00:00,2025-08-07 13:00:00+00:00,2025-08-08 18:00:00+00:00,-1,3848.48,4030.3825315067133,-178054.05150671332,4030.3825315067133,stop,-1.0,-1.0281538723131534,116,29.0,181.90253150671333
ETH,2025-08-08 18:00:00+00:00,2025-08-08 18:00:00+00:00,2025-08-09 10:00:00+00:00,-1,4031.84,4228.075753142621,-192203.91314262053,4228.075753142621,stop,-1.0,-1.0273596689367848,64,16.0,196.23575314262052
ETH,2025-08-09 10:00:00+00:00,2025-08-09 10:00:00+00:00,2025-08-11 10:00:00+00:00,-1,4217.98,4424.993438487615,-202795.4584876155,4264.96,tempo,-0.22694178862601244,-0.25357731064952527,192,48.0,207.01343848761553
ETH,2025-08-12 12:00:00+00:00,2025-08-12 12:00:00+00:00,2025-08-12 17:15:00+00:00,-1,4289.35,4495.208988476829,-201569.63847682893,4495.208988476829,stop,-1.0,-1.0277372554133222,21,5.25,205.85898847682893
ETH,2025-08-12 18:00:00+00:00,2025-08-12 18:00:00+00:00,2025-08-13 12:45:00+00:00,-1,4498.55,4722.110741586912,-219062.19158691174,4722.110741586912,stop,-1.0,-1.0268089533049858,75,18.75,223.56074158691172
ETH,2025-08-22 17:00:00+00:00,2025-08-22 17:00:00+00:00,2025-08-24 17:00:00+00:00,-1,4744.87,5043.894047052891,-294279.1770528916,4819.77,tempo,-0.25048152728249373,-0.2712725508181371,192,48.0,299.02404705289155
ETH,2025-08-25 20:00:00+00:00,2025-08-25 20:00:00+00:00,2025-08-27 20:00:00+00:00,1,4418.77,4144.016933988645,279171.8360113553,4563.23,tempo,0.525781211824689,0.5045319494060534,192,48.0,274.75306601135526
ETH,2025-09-02 04:00:00+00:00,2025-09-02 04:00:00+00:00,2025-09-04 04:00:00+00:00,1,4365.23,4123.796301404039,245798.92859596078,4396.12,tempo,0.12794402844192324,0.10435627936994976,192,48.0,241.43369859596078
ETH,2025-09-12 23:00:00+00:00,2025-09-12 23:00:00+00:00,2025-09-14 23:00:00+00:00,-1,4693.35,4898.207842895524,-200164.49289552338,4626.98,tempo,0.3239807617902587,0.2944079887181061,192,48.0,204.8578428955234
ETH,2025-09-22 06:00:00+00:00,2025-09-22 06:00:00+00:00,2025-09-22 06:15:00+00:00,1,4217.7,4060.1449171277495,161772.7828722503,4060.1449171277495,stop,-1.0,-1.0341505910062945,1,0.25,157.5550828722503
ETH,2025-09-22 15:00:00+00:00,2025-09-22 15:00:00+00:00,2025-09-24 15:00:00+00:00,1,4187.99,4031.483172873569,160694.81712643083,4191.77,tempo,0.024152301017175814,-0.010650295776891697,192,48.0,156.50682712643084
ETH,2025-09-25 04:00:00+00:00,2025-09-25 04:00:00+00:00,2025-09-25 12:30:00+00:00,1,4059.76,3912.1020605206677,151717.69947933254,3912.1020605206677,stop,-1.0,-1.0350926632026023,34,8.5,147.65793947933253
ETH,2025-09-26 18:00:00+00:00,2025-09-26 18:00:00+00:00,2025-09-28 18:00:00+00:00,-1,4042.26,4211.190655089313,-164888.3950893125,4038.01,tempo,0.025158252051725328,-0.005932466783309144,192,48.0,168.9306550893125
ETH,2025-10-08 13:00:00+00:00,2025-10-08 13:00:00+00:00,2025-10-09 15:45:00+00:00,1,4476.34,4296.858813082885,183957.52691711535,4296.858813082885,stop,-1.0,-1.031772573641032,107,26.75,179.48118691711534
ETH,2025-10-12 18:00:00+00:00,2025-10-12 18:00:00+00:00,2025-10-14 18:00:00+00:00,-1,4125.22,4365.406622732167,-236061.40273216704,4099.36,tempo,0.10766627927000397,0.08540868249301228,192,48.0,240.18662273216705
ETH,2025-11-05 15:00:00+00:00,2025-11-05 15:00:00+00:00,2025-11-07 15:00:00+00:00,1,3347.2,3152.92986836248,197617.33163751964,3286.69,tempo,-0.3114735110845696,-0.3336695556522731,192,48.0,194.27013163751963
ETH,2025-11-14 05:00:00+00:00,2025-11-14 05:00:00+00:00,2025-11-16 05:00:00+00:00,1,3161.5,2980.972285176202,183689.21482379784,3193.38,tempo,0.17659338363151741,0.15371228748496896,192,48.0,180.52771482379785
ETH,2025-12-04 01:00:00+00:00,2025-12-04 01:00:00+00:00,2025-12-06 01:00:00+00:00,-1,3196.49,3384.649754136916,-184963.26413691606,3024.7,tempo,0.9130007678209205,0.8915095965630249,192,48.0,188.15975413691604
ETH,2025-12-10 12:00:00+00:00,2025-12-10 12:00:00+00:00,2025-12-12 12:00:00+00:00,-1,3316.76,3514.6745291797088,-194597.76917970856,3241.17,tempo,0.38193254589896025,0.3603946905546997,192,48.0,197.91452917970855
ETH,2025-12-12 17:00:00+00:00,2025-12-12 17:00:00+00:00,2025-12-14 17:00:00+00:00,1,3067.89,2879.3621007335682,191595.78926643165,3096.95,tempo,0.1541416422347747,0.13288671914067596,192,48.0,188.52789926643163
ETH,2025-12-16 17:00:00+00:00,2025-12-16 17:00:00+00:00,2025-12-18 17:00:00+00:00,1,2937.12,2773.868928997395,166188.19100260493,2942.56,tempo,0.03332290542775827,0.009912388262213814,192,48.0,163.25107100260493
ETH,2026-01-06 15:00:00+00:00,2026-01-06 15:00:00+00:00,2026-01-08 15:00:00+00:00,-1,3276.67,3391.582445624153,-111635.77562415296,3075.75,tempo,1.748461612740836,1.7125292733186548,192,48.0,114.91244562415295
ETH,2026-01-14 07:00:00+00:00,2026-01-14 07:00:00+00:00,2026-01-16 07:00:00+00:00,-1,3333.33,3456.6394049203423,-119976.07492034233,3312.61,tempo,0.16803260070377346,0.13299990386454516,192,48.0,123.30940492034233
ETH,2026-01-20 15:00:00+00:00,2026-01-20 15:00:00+00:00,2026-01-20 22:45:00+00:00,1,3046.16,2937.406747786353,111799.41221364665,2937.406747786353,stop,-1.0,-1.035762777727516,31,7.75,108.75325221364665
ETH,2026-01-20 23:00:00+00:00,2026-01-20 23:00:00+00:00,2026-01-22 23:00:00+00:00,1,2950.0,2843.342025513286,109607.97448671401,2950.3,tempo,0.002812729207018194,-0.03314515409666048,192,48.0,106.65797448671401
ETH,2026-01-30 21:00:00+00:00,2026-01-30 21:00:00+00:00,2026-01-31 14:30:00+00:00,1,2678.82,2554.67893925983,126819.88074017037,2554.67893925983,stop,-1.0,-1.0274024910874482,70,17.5,124.14106074017036
ETH,2026-01-31 15:00:00+00:00,2026-01-31 15:00:00+00:00,2026-01-31 17:15:00+00:00,1,2536.82,2414.0006080054786,125356.21199452155,2414.0006080054786,stop,-1.0,-1.0262013460817907,9,2.25,122.81939199452154
ETH,2026-01-31 18:00:00+00:00,2026-01-31 18:00:00+00:00,2026-01-31 18:45:00+00:00,1,2401.43,2277.9161144157306,125915.31558426924,2277.9161144157306,stop,-1.0,-1.024625368718524,3,0.75,123.51388558426925
ETH,2026-01-31 19:00:00+00:00,2026-01-31 19:00:00+00:00,2026-02-01 23:15:00+00:00,1,2378.76,2256.201814817566,124936.94518243404,2256.201814817566,stop,-1.0,-1.0245819989513294,113,28.25,122.55818518243404
ETH,2026-02-02 00:00:00+00:00,2026-02-02 00:00:00+00:00,2026-02-03 18:30:00+00:00,1,2269.03,2144.3063900363204,126992.63996367979,2144.3063900363204,stop,-1.0,-1.0230002054491445,170,42.5,124.72360996367979
ETH,2026-02-05 22:00:00+00:00,2026-02-05 22:00:00+00:00,2026-02-06 14:45:00+00:00,-1,1848.74,1985.2090954049759,-134620.35540497588,1985.2090954049759,stop,-1.0,-1.0182610348857224,67,16.75,136.46909540497586
ETH,2026-02-15 20:00:00+00:00,2026-02-15 20:00:00+00:00,2026-02-17 20:00:00+00:00,1,1941.18,1814.3439632160507,128777.21678394933,1997.3,tempo,0.44246100259024873,0.4222773697291819,192,48.0,126.83603678394934
ETH,2026-02-25 18:00:00+00:00,2026-02-25 18:00:00+00:00,2026-02-27 18:00:00+00:00,-1,2073.1,2190.3875399379854,-115214.43993798544,1930.99,tempo,1.2116376562688504,1.1894472471139126,192,48.0,117.28753993798546
ETH,2026-03-16 04:00:00+00:00,2026-03-16 04:00:00+00:00,2026-03-16 21:15:00+00:00,-1,2235.14,2353.480876717639,-116105.73671763927,2353.480876717639,stop,-1.0,-1.02520349394557,69,17.25,118.34087671763928
ETH,2026-03-16 22:00:00+00:00,2026-03-16 22:00:00+00:00,2026-03-18 22:00:00+00:00,-1,2359.63,2483.8001097172864,-121810.47971728632,2201.55,tempo,1.273092214864918,1.2492155588262766,192,48.0,124.17010971728632
ETH,2026-04-23 10:00:00+00:00,2026-04-23 10:00:00+00:00,2026-04-25 10:00:00+00:00,1,2314.77,2218.550027909858,98534.74209014217,2317.8,tempo,0.031490343783945315,0.0001956922205564593,192,48.0,96.21997209014216
ETH,2026-05-12 09:00:00+00:00,2026-05-12 09:00:00+00:00,2026-05-14 09:00:00+00:00,1,2286.99,2215.552463828764,73724.52617123594,2265.17,tempo,-0.3054416651170208,-0.34686112271012004,192,48.0,71.43753617123593
ETH,2026-05-18 19:00:00+00:00,2026-05-18 19:00:00+00:00,2026-05-20 19:00:00+00:00,1,2080.37,2011.4813039488988,70969.06605110108,2131.15,tempo,0.737131095678339,0.6973932554096053,192,48.0,68.88869605110108
ETH,2026-06-01 16:00:00+00:00,2026-06-01 16:00:00+00:00,2026-06-03 16:00:00+00:00,-1,1967.61,2032.6952686495922,-63117.65864959231,1835.99,tempo,2.0222702115377125,1.9842840427579438,192,48.0,65.08526864959231
ETH,2026-06-03 17:00:00+00:00,2026-06-03 17:00:00+00:00,2026-06-04 01:30:00+00:00,1,1831.78,1765.3447003572523,68267.07964274762,1765.3447003572523,stop,-1.0,-1.0351941071660005,34,8.5,66.43529964274762
ETH,2026-06-04 02:00:00+00:00,2026-06-04 02:00:00+00:00,2026-06-06 02:00:00+00:00,-1,1759.17,1834.4203784965748,-73491.20849657473,1582.13,tempo,2.352679196265551,2.3238176138603697,192,48.0,75.25037849657474
ETH,2026-06-06 02:00:00+00:00,2026-06-06 02:00:00+00:00,2026-06-08 02:00:00+00:00,1,1582.13,1497.8315950980004,85880.53490199968,1686.4,tempo,1.2369154567185239,1.2117127912295402,192,48.0,84.29840490199967
ETH,2026-06-15 14:00:00+00:00,2026-06-15 14:00:00+00:00,2026-06-17 14:00:00+00:00,-1,1813.3,1904.373155279306,-89259.8552793061,1760.14,tempo,0.5837065800231369,0.5582025114216203,192,48.0,91.07315527930609
ETH,2026-07-03 03:00:00+00:00,2026-07-03 03:00:00+00:00,2026-07-04 15:15:00+00:00,-1,1704.06,1790.9171218604763,-85153.06186047636,1790.9171218604763,stop,-1.0,-1.026154851560227,145,36.25,86.85712186047635
ETH,2026-07-14 14:00:00+00:00,2026-07-14 14:00:00+00:00,2026-07-16 14:00:00+00:00,-1,1870.52,1950.8927099851426,-78502.18998514258,1881.94,tempo,-0.14208802965721987,-0.17243538263873415,192,48.0,80.37270998514259
ETH,2026-07-27 00:00:00+00:00,2026-07-27 00:00:00+00:00,2026-07-29 00:00:00+00:00,-1,1953.8,2018.0205762276469,-62266.776227646915,1921.13,tempo,0.508715460356387,0.4694958729912444,192,48.0,64.22057622764692
ETH,2026-08-12 16:00:00+00:00,2026-08-12 16:00:00+00:00,2026-08-14 16:00:00+00:00,-1,1891.64,1943.355372744189,-49823.73274418893,1880.72,tempo,0.21115578251782233,0.16374175705717192,192,48.0,51.715372744188926
ETH,2026-08-18 03:00:00+00:00,2026-08-18 03:00:00+00:00,2026-08-20 03:00:00+00:00,1,1892.13,1847.2097315476267,46812.39845237342,2251.29,tempo,7.9954998572815335,7.935544227166467,192,48.0,44.92026845237342
ETH,2026-08-20 03:00:00+00:00,2026-08-20 03:00:00+00:00,2026-08-20 16:45:00+00:00,-1,2251.28,2356.6672258256585,-103135.94582565833,2356.6672258256585,stop,-1.0,-1.028420576339504,55,13.75,105.38722582565833
ETH,2026-08-20 22:00:00+00:00,2026-08-20 22:00:00+00:00,2026-08-22 22:00:00+00:00,1,2317.61,2208.273374535428,111654.23546457208,2406.39,tempo,0.8119877453943078,0.7839038349301518,192,48.0,109.33662546457208
SOL,2025-04-03 12:00:00+00:00,2025-04-03 12:00:00+00:00,2025-04-05 12:00:00+00:00,1,115.68,107.68585190848638,8109.828091513623,120.22,tempo,0.567915423635889,0.5487345180228473,192,48.0,7.9941480915136225
SOL,2025-04-07 08:00:00+00:00,2025-04-07 08:00:00+00:00,2025-04-09 08:00:00+00:00,1,97.07,89.7281335029075,7438.936497092496,107.32,tempo,1.3961027490841973,1.3780074186865916,192,48.0,7.3418664970924965
SOL,2025-04-12 22:00:00+00:00,2025-04-12 22:00:00+00:00,2025-04-14 22:00:00+00:00,-1,132.65,144.35081126237372,-11568.16126237372,129.51,tempo,0.26835746082814854,0.2537940261928111,192,48.0,11.700811262373719
SOL,2025-04-21 17:00:00+00:00,2025-04-21 17:00:00+00:00,2025-04-23 17:00:00+00:00,1,135.51,125.41400604792486,10231.503952075134,151.01,tempo,1.5352624093850735,1.5168156867657796,192,48.0,10.095993952075133
SOL,2025-05-09 11:00:00+00:00,2025-05-09 11:00:00+00:00,2025-05-11 11:00:00+00:00,-1,173.96,183.76601306412246,-9632.053064122454,174.55,tempo,-0.060167164385967795,-0.08326844913020472,192,48.0,9.806013064122453
SOL,2025-05-14 05:00:00+00:00,2025-05-14 05:00:00+00:00,2025-05-16 05:00:00+00:00,-1,181.59,192.0217308089071,-10250.140808907105,171.86,tempo,0.9327311237452616,0.9107076930980832,192,48.0,10.431730808907105
SOL,2025-05-19 16:00:00+00:00,2025-05-19 16:00:00+00:00,2025-05-21 16:00:00+00:00,1,164.09,154.1663955958459,10087.694404154105,172.12,tempo,0.8091817925187118,0.7871599049968232,192,48.0,9.923604404154105
SOL,2025-05-23 04:00:00+00:00,2025-05-23 04:00:00+00:00,2025-05-25 04:00:00+00:00,-1,184.94,196.22719356939956,-11102.253569399561,173.53,tempo,1.0108801563334018,0.9902368052145111,192,48.0,11.287193569399562
SOL,2025-06-11 08:00:00+00:00,2025-06-11 08:00:00+00:00,2025-06-13 08:00:00+00:00,-1,166.59,175.69579842278756,-8939.208422787558,144.92,tempo,2.379802296717895,2.3575657513213613,192,48.0,9.105798422787558
SOL,2025-06-13 08:00:00+00:00,2025-06-13 08:00:00+00:00,2025-06-15 08:00:00+00:00,1,144.92,136.3034224418636,8761.497558136385,145.81,tempo,0.1032892693177947,0.0813577659192607,192,48.0,8.616577558136385
SOL,2025-06-15 19:00:00+00:00,2025-06-15 19:00:00+00:00,2025-06-17 19:00:00+00:00,-1,152.64,161.27414173255272,-8481.501732552735,148.06,tempo,0.5304522605567514,0.5078148049700439,192,48.0,8.634141732552735
SOL,2025-06-28 18:00:00+00:00,2025-06-28 18:00:00+00:00,2025-06-30 18:00:00+00:00,-1,152.1,160.98904966497182,-8736.949664971822,156.69,tempo,-0.5163656603345745,-0.5389455206756559,192,48.0,8.889049664971822
SOL,2025-07-11 07:00:00+00:00,2025-07-11 07:00:00+00:00,2025-07-13 07:00:00+00:00,1,163.58,155.69008085427245,8053.499145727561,161.53,tempo,-0.2598252228110726,-0.2866089573585213,192,48.0,7.889919145727561
SOL,2025-07-16 20:00:00+00:00,2025-07-16 20:00:00+00:00,2025-07-18 05:15:00+00:00,-1,174.13,182.78971813330554,-8485.588133305546,182.78971813330554,stop,-1.0,-1.0267904582129963,133,33.25,8.659718133305546
SOL,2025-07-21 10:00:00+00:00,2025-07-21 10:00:00+00:00,2025-07-22 01:45:00+00:00,-1,191.69,201.57352036339913,-9691.830363399127,201.57352036339913,stop,-1.0,-1.025863384587422,63,15.75,9.883520363399128
SOL,2025-07-22 02:00:00+00:00,2025-07-22 02:00:00+00:00,2025-07-24 02:00:00+00:00,-1,202.14,212.83225595360256,-10490.11595360257,191.52,tempo,0.9932422162435939,0.9693109709469654,192,48.0,10.692255953602569
SOL,2025-07-24 05:00:00+00:00,2025-07-24 05:00:00+00:00,2025-07-26 05:00:00+00:00,1,186.04,175.0743246784574,11151.715321542591,185.93,tempo,-0.010031301928471745,-0.032080149164082555,192,48.0,10.96567532154259
SOL,2025-08-08 18:00:00+00:00,2025-08-08 18:00:00+00:00,2025-08-10 18:00:00+00:00,-1,179.3,189.08910514724587,-9609.805147245863,181.61,tempo,-0.23597662557030705,-0.2599411755951887,192,48.0,9.789105147245863
SOL,2025-08-11 02:00:00+00:00,2025-08-11 02:00:00+00:00,2025-08-11 22:30:00+00:00,1,183.63,173.6980481462434,10115.581853756601,173.6980481462434,stop,-1.0,-1.0233854568281266,82,20.5,9.931951853756601
SOL,2025-08-12 19:00:00+00:00,2025-08-12 19:00:00+00:00,2025-08-13 03:00:00+00:00,-1,188.15,198.38835699467177,-10050.206994671762,198.38835699467177,stop,-1.0,-1.0245400636232251,32,8.0,10.238356994671761
SOL,2025-08-13 03:00:00+00:00,2025-08-13 03:00:00+00:00,2025-08-14 04:30:00+00:00,-1,198.6,209.57589813486933,-10777.29813486934,209.57589813486933,stop,-1.0,-1.0241724486258474,102,25.5,10.97589813486934
SOL,2025-08-23 05:00:00+00:00,2025-08-23 05:00:00+00:00,2025-08-25 05:00:00+00:00,-1,204.68,218.02389470805403,-13139.214708054024,207.41,tempo,-0.20458794525351237,-0.22466143248196957,192,48.0,13.343894708054023
SOL,2025-08-26 03:00:00+00:00,2025-08-26 03:00:00+00:00,2025-08-28 03:00:00+00:00,1,187.43,174.82430816834795,12793.121831652054,206.17,tempo,1.4866300279485722,1.4663344342265678,192,48.0,12.605691831652052
SOL,2025-09-12 06:00:00+00:00,2025-09-12 06:00:00+00:00,2025-09-14 06:00:00+00:00,-1,238.49,251.38974793158707,-12661.257931587059,247.57,tempo,-0.7038897231290991,-0.7283815970537341,192,48.0,12.899747931587058
SOL,2025-09-15 18:00:00+00:00,2025-09-15 18:00:00+00:00,2025-09-17 18:00:00+00:00,1,233.19,221.03176689709613,12391.423102903866,232.44,tempo,-0.061686594890245236,-0.08657997351182414,192,48.0,12.158233102903864
SOL,2025-09-18 18:00:00+00:00,2025-09-18 18:00:00+00:00,2025-09-20 18:00:00+00:00,-1,251.3,263.7695442892772,-12218.244289277167,238.98,tempo,0.9880072370081927,0.962450408899082,192,48.0,12.469544289277167
SOL,2025-09-27 00:00:00+00:00,2025-09-27 00:00:00+00:00,2025-09-29 00:00:00+00:00,-1,205.0,216.08141618082408,-10876.416180824079,210.7,tempo,-0.5143746888474053,-0.5387583051281094,192,48.0,11.081416180824078
SOL,2025-10-11 04:00:00+00:00,2025-10-11 04:00:00+00:00,2025-10-11 21:15:00+00:00,1,184.01,172.44159666463236,11752.413335367635,172.44159666463236,stop,-1.0,-1.020028134489715,69,17.25,11.568403335367634
SOL,2025-10-14 01:00:00+00:00,2025-10-14 01:00:00+00:00,2025-10-16 01:00:00+00:00,-1,209.18,223.73964453204596,-14350.464532045951,193.78,tempo,1.0577181308310393,1.0397284059154686,192,48.0,14.55964453204595
SOL,2025-10-31 05:00:00+00:00,2025-10-31 05:00:00+00:00,2025-11-02 05:00:00+00:00,1,186.52,174.9073987818228,11799.121218177219,187.71,tempo,0.1024748872059164,0.08152785773079403,192,48.0,11.612601218177218
SOL,2025-11-03 20:00:00+00:00,2025-11-03 20:00:00+00:00,2025-11-04 08:00:00+00:00,1,166.65,155.91468314950896,10901.966850491046,155.91468314950896,stop,-1.0,-1.0195305874029783,48,12.0,10.735316850491046
SOL,2025-11-04 08:00:00+00:00,2025-11-04 08:00:00+00:00,2025-11-04 21:45:00+00:00,1,157.01,146.38698817579902,10780.021824200972,146.38698817579902,stop,-1.0,-1.0185642307076226,55,13.75,10.623011824200972
SOL,2025-11-12 04:00:00+00:00,2025-11-12 04:00:00+00:00,2025-11-13 18:45:00+00:00,1,154.45,144.5274310047482,10077.018995251794,144.5274310047482,stop,-1.0,-1.0195851830555254,155,38.75,9.922568995251794
SOL,2025-11-18 19:00:00+00:00,2025-11-18 19:00:00+00:00,2025-11-20 19:00:00+00:00,-1,141.39,150.7597531157126,-9228.363115712627,132.47,tempo,0.9519994699797987,0.9330012106018127,192,48.0,9.369753115712626
SOL,2026-01-05 17:00:00+00:00,2026-01-05 17:00:00+00:00,2026-01-07 17:00:00+00:00,1,135.35,129.7313038362242,5754.046163775781,135.62,tempo,0.04805385308796791,0.016706633934967866,192,48.0,5.61869616377578
SOL,2026-01-19 01:00:00+00:00,2026-01-19 01:00:00+00:00,2026-01-20 15:15:00+00:00,1,133.71,127.66726405667914,6176.445943320864,127.66726405667914,stop,-1.0,-1.028115612403125,153,38.25,6.042735943320864
SOL,2026-01-31 16:00:00+00:00,2026-01-31 16:00:00+00:00,2026-01-31 17:15:00+00:00,1,108.58,102.8068951308175,5881.6848691825035,102.8068951308175,stop,-1.0,-1.023800274713265,5,1.25,5.773104869182504
SOL,2026-01-31 18:00:00+00:00,2026-01-31 18:00:00+00:00,2026-01-31 18:45:00+00:00,1,103.26,97.52223732544903,5841.022674550979,97.52223732544903,stop,-1.0,-1.0227455302116961,3,0.75,5.737762674550979
SOL,2026-01-31 19:00:00+00:00,2026-01-31 19:00:00+00:00,2026-02-02 03:45:00+00:00,1,101.85,96.16378123617092,5788.068763829076,96.16378123617092,stop,-1.0,-1.02263524552067,131,32.75,5.686218763829075
SOL,2026-02-04 19:00:00+00:00,2026-02-04 19:00:00+00:00,2026-02-05 15:15:00+00:00,1,92.23,86.354685638462,5967.544361538002,86.354685638462,stop,-1.0,-1.0197572484674018,81,20.25,5.875314361538003
SOL,2026-02-25 12:00:00+00:00,2026-02-25 12:00:00+00:00,2026-02-25 17:15:00+00:00,-1,83.34,88.36639279912828,-4943.052799128274,88.36639279912828,stop,-1.0,-1.0222046226349022,21,5.25,5.026392799128274
SOL,2026-02-25 18:00:00+00:00,2026-02-25 18:00:00+00:00,2026-02-27 18:00:00+00:00,-1,88.51,93.93796363498974,-5339.453634989737,81.78,tempo,1.2398756610337403,1.2194833910327991,192,48.0,5.427963634989737
SOL,2026-04-02 02:00:00+00:00,2026-04-02 02:00:00+00:00,2026-04-04 02:00:00+00:00,1,79.27,75.29899231396938,4050.277686030617,80.1,tempo,0.20901495681305482,0.1829282533386659,192,48.0,3.9710076860306174
SOL,2026-04-15 01:00:00+00:00,2026-04-15 01:00:00+00:00,2026-04-17 01:00:00+00:00,1,83.72,79.84475704680428,3958.962953195723,88.77,tempo,1.303144102445373,1.2742121099602202,192,48.0,3.8752429531957233
SOL,2026-04-17 01:00:00+00:00,2026-04-17 01:00:00+00:00,2026-04-19 01:00:00+00:00,-1,88.78,92.88948222858195,-4020.7022285819535,85.97,tempo,0.6837844389388297,0.6561440955374189,192,48.0,4.109482228581953
SOL,2026-05-06 06:00:00+00:00,2026-05-06 06:00:00+00:00,2026-05-06 11:30:00+00:00,-1,87.36,90.07427543611779,-2626.9154361177875,90.07427543611779,stop,-1.0,-1.0424910005443058,22,5.5,2.714275436117788
SOL,2026-05-06 12:00:00+00:00,2026-05-06 12:00:00+00:00,2026-05-08 12:00:00+00:00,-1,89.84,92.68957141496023,-2759.7314149602234,88.59,tempo,0.43866245760239997,0.39796177560120194,192,48.0,2.8495714149602236
SOL,2026-05-08 18:00:00+00:00,2026-05-08 18:00:00+00:00,2026-05-10 09:15:00+00:00,-1,91.61,94.70149615094395,-2999.8861509439535,94.70149615094395,stop,-1.0,-1.0391727715595365,157,39.25,3.0914961509439536
SOL,2026-05-14 04:00:00+00:00,2026-05-14 04:00:00+00:00,2026-05-16 04:00:00+00:00,1,89.89,86.62289225881746,3356.997741182542,89.01,tempo,-0.2693513865206894,-0.3049440296815514,192,48.0,3.267107741182542
SOL,2026-06-01 19:00:00+00:00,2026-06-01 19:00:00+00:00,2026-06-03 19:00:00+00:00,-1,80.82,83.72607171248741,-2825.251712487417,73.05,tempo,2.673712409302301,2.639296362523334,192,48.0,2.9060717124874174
SOL,2026-06-05 00:00:00+00:00,2026-06-05 00:00:00+00:00,2026-06-05 06:30:00+00:00,1,68.81,65.33128497663013,3547.5250233698725,65.33128497663013,stop,-1.0,-1.0250643799934913,26,6.5,3.4787150233698725
SOL,2026-06-05 07:00:00+00:00,2026-06-05 07:00:00+00:00,2026-06-05 19:30:00+00:00,1,64.99,61.534669130356804,3520.320869643191,61.534669130356804,stop,-1.0,-1.0238012040054574,50,12.5,3.4553308696431912
SOL,2026-06-06 15:00:00+00:00,2026-06-06 15:00:00+00:00,2026-06-08 15:00:00+00:00,1,62.3,58.34083401821145,4021.4659817885445,67.25,tempo,1.2502633187820662,1.2289943191019974,192,48.0,3.9591659817885443
SOL,2026-06-15 14:00:00+00:00,2026-06-15 14:00:00+00:00,2026-06-17 14:00:00+00:00,-1,73.59,77.79303192432366,-4129.441924323653,72.38,tempo,0.2878874159859539,0.26531311683516456,192,48.0,4.203031924323653
SOL,2026-06-20 23:00:00+00:00,2026-06-20 23:00:00+00:00,2026-06-22 23:00:00+00:00,-1,73.54,77.64970955406844,-4036.1695540684304,72.06,tempo,0.36012277279664917,0.3370943814334905,192,48.0,4.109709554068431
SOL,2026-06-23 09:00:00+00:00,2026-06-23 09:00:00+00:00,2026-06-24 18:00:00+00:00,1,68.64,64.90646611469822,3802.1738853017814,64.90646611469822,stop,-1.0,-1.0232501446729303,132,33.0,3.7335338853017817
SOL,2026-06-26 07:00:00+00:00,2026-06-26 07:00:00+00:00,2026-06-28 07:00:00+00:00,-1,69.98,74.60739129220636,-4557.411292206355,70.4,tempo,-0.09076388260214416,-0.11048276830642467,192,48.0,4.6273912922063545
SOL,2026-06-29 15:00:00+00:00,2026-06-29 15:00:00+00:00,2026-07-01 15:00:00+00:00,-1,73.7,78.2967102690326,-4523.010269032599,76.95,tempo,-0.707027376055176,-0.7283301108957184,192,48.0,4.596710269032599
SOL,2026-08-08 12:00:00+00:00,2026-08-08 12:00:00+00:00,2026-08-09 22:15:00+00:00,-1,75.58,77.86062992755436,-2205.049927554358,77.86062992755436,stop,-1.0,-1.043731956793123,137,34.25,2.280629927554358
SOL,2026-08-19 15:00:00+00:00,2026-08-19 15:00:00+00:00,2026-08-19 21:00:00+00:00,-1,80.84,83.23622072654221,-2315.3807265422106,83.23622072654221,stop,-1.0,-1.0445073954544035,24,6.0,2.396220726542211
SOL,2026-08-19 22:00:00+00:00,2026-08-19 22:00:00+00:00,2026-08-21 02:15:00+00:00,-1,86.63,89.6563500570365,-2939.7200570365094,89.6563500570365,stop,-1.0,-1.0378628134146781,113,28.25,3.0263500570365096
SOL,2026-08-21 08:00:00+00:00,2026-08-21 08:00:00+00:00,2026-08-22 05:15:00+00:00,1,90.41,87.13252802193304,3367.8819780669555,87.13252802193304,stop,-1.0,-1.0352108710574912,85,21.25,3.2774719780669557
SOL,2026-08-27 06:00:00+00:00,2026-08-27 06:00:00+00:00,2026-08-27 14:45:00+00:00,-1,102.01,107.5166397100129,-5404.62971001289,107.5166397100129,stop,-1.0,-1.0247323818124265,35,8.75,5.506639710012891
SOL,2026-08-27 15:00:00+00:00,2026-08-27 15:00:00+00:00,2026-08-29 15:00:00+00:00,-1,106.73,112.6371623030503,-5800.432303050299,105.31,tempo,0.24038614941505027,0.21705413432400894,192,48.0,5.907162303050299
BNB,2025-04-07 07:00:00+00:00,2025-04-07 07:00:00+00:00,2025-04-09 07:00:00+00:00,1,522.25,499.4506869915812,23321.56300841878,551.26,tempo,1.2724067602075502,1.2418013862762243,192,48.0,22.79931300841878
BNB,2025-04-23 10:00:00+00:00,2025-04-23 10:00:00+00:00,2025-04-25 10:00:00+00:00,1,611.82,592.47497768693,19956.842313070105,609.29,tempo,-0.13078299725148101,-0.1718127509087687,192,48.0,19.345022313070103
BNB,2025-05-05 15:00:00+00:00,2025-05-05 15:00:00+00:00,2025-05-07 15:00:00+00:00,-1,596.03,610.4523477919807,-13826.31779198077,602.93,tempo,-0.4784241858206034,-0.5324600481670465,192,48.0,14.42234779198077
BNB,2025-05-09 23:00:00+00:00,2025-05-09 23:00:00+00:00,2025-05-09 23:30:00+00:00,-1,644.19,660.9252984016885,-16091.108401688396,660.9252984016885,stop,-1.0,-1.0506907569616752,2,0.5,16.735298401688397
BNB,2025-05-10 00:00:00+00:00,2025-05-10 00:00:00+00:00,2025-05-12 00:00:00+00:00,-1,666.72,687.1081722763818,-19721.452276381737,651.36,tempo,0.7533779777696646,0.7113559667533811,192,48.0,20.388172276381738
BNB,2025-05-12 13:00:00+00:00,2025-05-12 13:00:00+00:00,2025-05-14 13:00:00+00:00,-1,689.11,711.9487861977451,-22149.676197745095,655.89,tempo,1.4545431492011553,1.41626396954465,192,48.0,22.838786197745094
BNB,2025-06-05 21:00:00+00:00,2025-06-05 21:00:00+00:00,2025-06-07 21:00:00+00:00,1,625.51,607.1538045186585,18981.705481341498,651.79,tempo,1.4316692163532891,1.3864395280530137,192,48.0,18.3561954813415
BNB,2025-07-16 22:00:00+00:00,2025-07-16 22:00:00+00:00,2025-07-18 01:15:00+00:00,-1,712.83,729.73266383053,-16189.833830529946,729.73266383053,stop,-1.0,-1.0554744353251713,109,27.25,16.902663830529946
BNB,2025-07-18 05:00:00+00:00,2025-07-18 05:00:00+00:00,2025-07-18 13:15:00+00:00,-1,744.11,764.4027415376426,-19548.63153764254,764.4027415376426,stop,-1.0,-1.0483194091927206,33,8.25,20.29274153764254
BNB,2025-07-18 14:00:00+00:00,2025-07-18 14:00:00+00:00,2025-07-20 14:00:00+00:00,-1,757.08,778.9855089645126,-21148.42896451259,749.71,tempo,0.3364450473138774,0.2917342167375748,192,48.0,21.90550896451259
BNB,2025-07-20 22:00:00+00:00,2025-07-20 22:00:00+00:00,2025-07-22 22:00:00+00:00,-1,759.72,783.834279827024,-23354.559827024004,777.01,tempo,-0.717002544717246,-0.7584250755647398,192,48.0,24.114279827024006
BNB,2025-07-23 05:00:00+00:00,2025-07-23 05:00:00+00:00,2025-07-25 05:00:00+00:00,-1,800.46,829.267801936284,-28007.34193628391,765.09,tempo,1.2277923903472447,1.1924683658954414,192,48.0,28.80780193628391
BNB,2025-07-27 18:00:00+00:00,2025-07-27 18:00:00+00:00,2025-07-28 07:45:00+00:00,-1,823.38,857.6437435576543,-33440.363557654266,857.6437435576543,stop,-1.0,-1.0318898438950166,55,13.75,34.263743557654266
BNB,2025-07-28 08:00:00+00:00,2025-07-28 08:00:00+00:00,2025-07-30 08:00:00+00:00,-1,856.21,891.5704891766477,-34504.279176647666,800.94,tempo,1.5630439874259634,1.532582092664865,192,48.0,35.36048917664766
BNB,2025-08-13 08:00:00+00:00,2025-08-13 08:00:00+00:00,2025-08-15 08:00:00+00:00,-1,847.31,880.0553535089026,-31898.043508902665,848.59,tempo,-0.039089515391919204,-0.07275337550875385,192,48.0,32.74535350890267
BNB,2025-08-21 01:00:00+00:00,2025-08-21 01:00:00+00:00,2025-08-23 01:00:00+00:00,-1,875.34,911.9061723685622,-35690.83236856221,891.33,tempo,-0.4372894116133255,-0.46869372400417564,192,48.0,36.566172368562206
BNB,2025-09-13 11:00:00+00:00,2025-09-13 11:00:00+00:00,2025-09-15 11:00:00+00:00,-1,941.64,967.2277298461016,-24646.08984610164,919.64,tempo,0.8597870984381899,0.8125053736710229,192,48.0,25.587729846101638
BNB,2025-09-17 01:00:00+00:00,2025-09-17 01:00:00+00:00,2025-09-17 22:45:00+00:00,-1,960.29,987.7972417928142,-26546.95179281428,987.7972417928142,stop,-1.0,-1.046033576056183,87,21.75,27.507241792814284
BNB,2025-09-17 23:00:00+00:00,2025-09-17 23:00:00+00:00,2025-09-19 23:00:00+00:00,-1,992.91,1024.5214936574403,-30618.583657440293,984.84,tempo,0.255286893034886,0.21462011803428657,192,48.0,31.611493657440292
BNB,2025-09-20 16:00:00+00:00,2025-09-20 16:00:00+00:00,2025-09-21 00:45:00+00:00,-1,1021.63,1053.4027707053767,-30751.14070537673,1053.4027707053767,stop,-1.0,-1.042450540856679,35,8.75,31.77277070537673
BNB,2025-09-21 01:00:00+00:00,2025-09-21 01:00:00+00:00,2025-09-23 01:00:00+00:00,-1,1062.06,1097.2374879687459,-34115.427968745935,991.8,tempo,1.997300093242125,1.9593494299887935,192,48.0,35.177487968745936
BNB,2025-09-23 03:00:00+00:00,2025-09-23 03:00:00+00:00,2025-09-25 03:00:00+00:00,1,971.13,935.2198025191431,36881.32748085693,1010.48,tempo,1.0957890170605935,1.0599204730157818,192,48.0,35.91019748085694
BNB,2025-09-25 23:00:00+00:00,2025-09-25 23:00:00+00:00,2025-09-27 23:00:00+00:00,1,946.3,907.1207311014672,40125.56889853277,972.56,tempo,0.6702524252815603,0.6384177577376055,192,48.0,39.17926889853277
BNB,2025-10-02 23:00:00+00:00,2025-10-02 23:00:00+00:00,2025-10-03 13:30:00+00:00,-1,1093.51,1135.9746598400063,-41371.149840006336,1135.9746598400063,stop,-1.0,-1.0341263778953136,58,14.5,42.464659840006334
BNB,2025-10-03 14:00:00+00:00,2025-10-03 14:00:00+00:00,2025-10-03 23:00:00+00:00,-1,1138.3,1185.1583806277713,-45720.080627771335,1185.1583806277713,stop,-1.0,-1.0322300499329031,36,9.0,46.85838062777134
BNB,2025-10-03 23:00:00+00:00,2025-10-03 23:00:00+00:00,2025-10-05 23:00:00+00:00,-1,1183.45,1236.9866229271872,-52353.17292718719,1162.46,tempo,0.3920680620544107,0.3635858490079533,192,48.0,53.53662292718718
BNB,2025-10-07 11:00:00+00:00,2025-10-07 11:00:00+00:00,2025-10-07 12:15:00+00:00,-1,1292.42,1352.0759006521353,-58363.480652135186,1352.0759006521353,stop,-1.0,-1.0288139532993936,5,1.25,59.65590065213519
BNB,2025-10-07 13:00:00+00:00,2025-10-07 13:00:00+00:00,2025-10-09 13:00:00+00:00,-1,1320.88,1382.5551969557912,-60354.31695579108,1283.21,tempo,0.6107803762183689,0.5833356564031521,192,48.0,61.67519695579108
BNB,2025-10-12 12:00:00+00:00,2025-10-12 12:00:00+00:00,2025-10-13 01:00:00+00:00,-1,1228.82,1322.4685313172413,-92419.71131724134,1322.4685313172413,stop,-1.0,-1.0177080998711925,52,13.0,93.64853131724135
BNB,2025-10-13 01:00:00+00:00,2025-10-13 01:00:00+00:00,2025-10-15 01:00:00+00:00,-1,1312.78,1414.7919561105714,-100699.17611057142,1209.13,tempo,1.0160573716246843,0.9999882600960003,192,48.0,102.01195611057142
BNB,2025-11-14 19:00:00+00:00,2025-11-14 19:00:00+00:00,2025-11-16 19:00:00+00:00,-1,921.56,970.2351583799924,-47753.59837999247,916.19,tempo,0.1103232157577773,0.08578220675530829,192,48.0,48.67515837999247
BNB,2025-12-13 11:00:00+00:00,2025-12-13 11:00:00+00:00,2025-12-15 11:00:00+00:00,-1,893.39,930.1473422096052,-35863.95220960521,890.78,tempo,0.07100622197102117,0.039455777072506415,192,48.0,36.75734220960521
BNB,2025-12-17 15:00:00+00:00,2025-12-17 15:00:00+00:00,2025-12-17 19:15:00+00:00,1,869.77,835.9319709293143,34707.7990706857,835.9319709293143,stop,-1.0,-1.0327650963000248,17,4.25,33.83802907068571
BNB,2025-12-18 06:00:00+00:00,2025-12-18 06:00:00+00:00,2025-12-20 06:00:00+00:00,1,831.36,798.325170095034,33866.18990496604,854.71,tempo,0.7068297329567867,0.6736542783486416,192,48.0,33.034829904966045
BNB,2025-12-28 17:00:00+00:00,2025-12-28 17:00:00+00:00,2025-12-30 17:00:00+00:00,-1,864.53,891.9529382622073,-26558.40826220737,861.03,tempo,0.12763037886510828,0.08672980179070555,192,48.0,27.422938262207367
BNB,2026-01-21 02:00:00+00:00,2026-01-21 02:00:00+00:00,2026-01-23 02:00:00+00:00,1,880.24,855.984258844901,25135.98115509903,892.3,tempo,0.4972018757491027,0.44970173989950013,192,48.0,24.25574115509903
BNB,2026-01-30 10:00:00+00:00,2026-01-30 10:00:00+00:00,2026-01-31 14:45:00+00:00,1,834.51,808.1911423580424,27153.367641957604,808.1911423580424,stop,-1.0,-1.0405699881453254,115,28.75,26.318857641957607
BNB,2026-01-31 15:00:00+00:00,2026-01-31 15:00:00+00:00,2026-01-31 17:15:00+00:00,1,812.17,785.1798858847167,27802.284115283288,785.1798858847167,stop,-1.0,-1.0384688045923132,9,2.25,26.99011411528329
BNB,2026-01-31 18:00:00+00:00,2026-01-31 18:00:00+00:00,2026-01-31 18:45:00+00:00,1,781.57,754.4804763038159,27871.093696184187,754.4804763038159,stop,-1.0,-1.036856787177034,3,0.75,27.089523696184187
BNB,2026-01-31 19:00:00+00:00,2026-01-31 19:00:00+00:00,2026-02-01 15:45:00+00:00,1,772.41,745.3499027172896,27832.507282710332,745.3499027172896,stop,-1.0,-1.036457516263128,83,20.75,27.06009728271033
BNB,2026-02-01 16:00:00+00:00,2026-02-01 16:00:00+00:00,2026-02-03 16:00:00+00:00,1,749.98,722.794808718903,27935.17128109699,776.96,tempo,0.9924520935322736,0.9559428415009982,192,48.0,27.18519128109699
BNB,2026-02-04 19:00:00+00:00,2026-02-04 19:00:00+00:00,2026-02-05 11:30:00+00:00,1,711.34,678.6158326225207,33435.50737747937,678.6158326225207,stop,-1.0,-1.0276086869005077,66,16.5,32.724167377479375
BNB,2026-02-06 17:00:00+00:00,2026-02-06 17:00:00+00:00,2026-02-08 17:00:00+00:00,1,659.39,620.946026803681,39103.363196319006,634.71,tempo,-0.6419731871617018,-0.6638534698188685,192,48.0,38.44397319631901
BNB,2026-02-11 12:00:00+00:00,2026-02-11 12:00:00+00:00,2026-02-13 12:00:00+00:00,1,592.58,560.5265038363765,32646.07616362355,601.48,tempo,0.2776608191059137,0.25344695500703224,192,48.0,32.05349616362355
BNB,2026-04-02 03:00:00+00:00,2026-04-02 03:00:00+00:00,2026-04-02 11:15:00+00:00,1,597.45,578.6748069859455,19372.643014054596,578.6748069859455,stop,-1.0,-1.0407176173352037,33,8.25,18.775193014054594
BNB,2026-04-02 12:00:00+00:00,2026-04-02 12:00:00+00:00,2026-04-04 12:00:00+00:00,1,581.44,562.9670616556373,19054.378344362773,589.65,tempo,0.4444338982220063,0.40322721600340344,192,48.0,18.472938344362774
BNB,2026-04-08 15:00:00+00:00,2026-04-08 15:00:00+00:00,2026-04-10 15:00:00+00:00,1,602.94,585.0451590298107,18497.780970189306,607.35,tempo,0.2464397424568627,0.2024779938550992,192,48.0,17.894840970189307
BNB,2026-04-19 05:00:00+00:00,2026-04-19 05:00:00+00:00,2026-04-21 05:00:00+00:00,1,622.37,605.0570712301385,17935.298769861514,630.96,tempo,0.49616099703208927,0.44910572921292197,192,48.0,17.312928769861514
BNB,2026-05-01 19:00:00+00:00,2026-05-01 19:00:00+00:00,2026-05-03 19:00:00+00:00,1,619.71,605.8816120091273,14448.097990872782,619.98,tempo,0.019525052390646776,-0.038746273271596354,192,48.0,13.828387990872784
BNB,2026-05-06 09:00:00+00:00,2026-05-06 09:00:00+00:00,2026-05-06 12:45:00+00:00,-1,646.69,661.0201351272608,-13683.445127260746,661.0201351272608,stop,-1.0,-1.0593163693352556,15,3.75,14.330135127260746
BNB,2026-05-06 13:00:00+00:00,2026-05-06 13:00:00+00:00,2026-05-08 13:00:00+00:00,-1,657.63,672.6425472690688,-14354.91726906882,639.92,tempo,1.1796798826065267,1.1234997097895045,192,48.0,15.012547269068818
BNB,2026-05-13 03:00:00+00:00,2026-05-13 03:00:00+00:00,2026-05-15 03:00:00+00:00,-1,680.85,699.0095772533991,-17478.72725339911,680.12,tempo,0.04019917368194113,-0.008515093597293848,192,48.0,18.159577253399107
BNB,2026-05-30 02:00:00+00:00,2026-05-30 02:00:00+00:00,2026-05-30 07:30:00+00:00,-1,653.81,671.6206593615824,-17156.849361582452,671.6206593615824,stop,-1.0,-1.048371590916131,22,5.5,17.810659361582452
BNB,2026-05-30 08:00:00+00:00,2026-05-30 08:00:00+00:00,2026-05-30 15:45:00+00:00,-1,673.45,692.248973318975,-18125.52331897496,692.248973318975,stop,-1.0,-1.0472208943326347,31,7.75,18.79897331897496
BNB,2026-05-30 16:00:00+00:00,2026-05-30 16:00:00+00:00,2026-05-30 18:00:00+00:00,-1,694.99,715.2877772503899,-19602.787250389913,715.2877772503899,stop,-1.0,-1.0451616225710203,8,2.0,20.297777250389913
BNB,2026-05-30 18:00:00+00:00,2026-05-30 18:00:00+00:00,2026-05-31 02:30:00+00:00,-1,713.69,735.6334225192821,-21229.732519282083,735.6334225192821,stop,-1.0,-1.042931325950167,34,8.5,21.94342251928208
BNB,2026-05-31 03:00:00+00:00,2026-05-31 03:00:00+00:00,2026-06-02 03:00:00+00:00,-1,740.07,763.5795390683373,-22769.46906833729,691.6,tempo,2.061716304139691,2.0221329887333366,192,48.0,23.50953906833729
BNB,2026-06-26 11:00:00+00:00,2026-06-26 11:00:00+00:00,2026-06-28 11:00:00+00:00,-1,564.4,588.2311622503412,-23266.762250341206,555.38,tempo,0.37849601732583715,0.3479537805539156,192,48.0,23.831162250341208
BNB,2026-07-05 19:00:00+00:00,2026-07-05 19:00:00+00:00,2026-07-07 19:00:00+00:00,-1,590.95,611.404970961254,-19864.020961253933,582.79,tempo,0.3989250346752805,0.36162696168142716,192,48.0,20.454970961253935
BNB,2026-07-30 11:00:00+00:00,2026-07-30 11:00:00+00:00,2026-08-01 11:00:00+00:00,-1,587.76,601.4974206018481,-13149.660601848156,581.09,tempo,0.48553510832321856,0.43022978412736573,192,48.0,13.737420601848157
BNB,2026-08-02 01:00:00+00:00,2026-08-02 01:00:00+00:00,2026-08-04 01:00:00+00:00,1,574.87,561.7429491831687,13701.920816831343,589.45,tempo,1.1106835955343255,1.0530310419973474,192,48.0,13.127050816831343
BNB,2026-08-11 13:00:00+00:00,2026-08-11 13:00:00+00:00,2026-08-13 13:00:00+00:00,-1,612.58,625.298173381095,-12105.59338109497,610.05,tempo,0.19892793754178764,0.13644180245093393,192,48.0,12.71817338109497
BNB,2026-08-20 16:00:00+00:00,2026-08-20 16:00:00+00:00,2026-08-21 06:45:00+00:00,-1,653.03,668.4198201198003,-14736.790119800333,668.4198201198003,stop,-1.0,-1.0558123731396163,59,14.75,15.389820119800333
BNB,2026-08-22 03:00:00+00:00,2026-08-22 03:00:00+00:00,2026-08-24 03:00:00+00:00,-1,713.23,736.1730704105894,-22229.84041058937,700.58,tempo,0.551364737745013,0.5113100945105205,192,48.0,22.94307041058937
BNB,2026-09-03 12:00:00+00:00,2026-09-03 12:00:00+00:00,2026-09-05 07:15:00+00:00,-1,711.92,733.5192818804952,-20887.361880495257,733.5192818804952,stop,-1.0,-1.0434984615887044,173,43.25,21.599281880495255
BNB,2026-09-05 08:00:00+00:00,2026-09-05 08:00:00+00:00,2026-09-05 13:00:00+00:00,-1,738.75,762.2564677711669,-22767.717771166856,762.2564677711669,stop,-1.0,-1.0415057767738292,20,5.0,23.506467771166854
BNB,2026-09-05 13:00:00+00:00,2026-09-05 13:00:00+00:00,2026-09-07 13:00:00+00:00,-1,763.55,789.2634634477123,-24949.913447712344,747.57,tempo,0.6214643170296689,0.5832653399841481,192,48.0,25.713463447712343
XRP,2025-04-07 06:00:00+00:00,2025-04-07 06:00:00+00:00,2025-04-07 07:00:00+00:00,1,1.7631,1.634473000471925,130.3900995280749,1.634473000471925,stop,-1.0,-1.0171691982119564,4,1.0,0.12862699952807488
XRP,2025-04-07 07:00:00+00:00,2025-04-07 07:00:00+00:00,2025-04-09 07:00:00+00:00,1,1.6546,1.5243329449424823,131.92165505751777,1.8009,tempo,1.123077511312457,1.1058354311947458,192,48.0,0.1302670550575178
XRP,2025-04-28 01:00:00+00:00,2025-04-28 01:00:00+00:00,2025-04-30 01:00:00+00:00,-1,2.2582,2.394422498802935,-133.96429880293505,2.243,tempo,0.11158215517679673,0.09010420531014107,192,48.0,0.13622249880293502
XRP,2025-04-30 16:00:00+00:00,2025-04-30 16:00:00+00:00,2025-05-02 16:00:00+00:00,1,2.1562,2.028550829745845,129.80537025415512,2.2156,tempo,0.4653379248900064,0.4430763622465352,192,48.0,0.12764917025415512
XRP,2025-05-12 13:00:00+00:00,2025-05-12 13:00:00+00:00,2025-05-14 13:00:00+00:00,-1,2.5611,2.697070452448536,-133.40935244853588,2.5913,tempo,-0.22210707882604366,-0.24673787132316802,192,48.0,0.1359704524485359
XRP,2025-05-15 23:00:00+00:00,2025-05-15 23:00:00+00:00,2025-05-17 23:00:00+00:00,1,2.3823,2.2380747629323134,146.6075370676864,2.3419,tempo,-0.28011741094271764,-0.30140862226212684,192,48.0,0.14422523706768642
XRP,2025-06-08 18:00:00+00:00,2025-06-08 18:00:00+00:00,2025-06-10 18:00:00+00:00,-1,2.2794,2.3806055246576965,-98.92612465769662,2.2869,tempo,-0.07410662634640978,-0.10343402729649495,192,48.0,0.10120552465769661
XRP,2025-06-16 17:00:00+00:00,2025-06-16 17:00:00+00:00,2025-06-18 17:00:00+00:00,-1,2.3093,2.403813396654447,-92.20409665444714,2.14,tempo,1.7912804532777706,1.760681140351015,192,48.0,0.09451339665444713
XRP,2025-06-22 11:00:00+00:00,2025-06-22 11:00:00+00:00,2025-06-22 13:30:00+00:00,1,2.0334,1.9492141356758732,86.21926432412667,1.9492141356758732,stop,-1.0,-1.030749808283995,10,2.5,0.08418586432412667
XRP,2025-06-22 14:00:00+00:00,2025-06-22 14:00:00+00:00,2025-06-24 14:00:00+00:00,1,1.9609,1.875435453387717,87.42544661228297,2.1728,tempo,2.4793906760109774,2.447951850129301,192,48.0,0.08546454661228298
XRP,2025-06-24 16:00:00+00:00,2025-06-24 16:00:00+00:00,2025-06-26 16:00:00+00:00,-1,2.1873,2.2965691306602096,-107.0818306602096,2.1187,tempo,0.6278076853500648,0.6021929487534716,192,48.0,0.1092691306602096
XRP,2025-06-27 01:00:00+00:00,2025-06-27 01:00:00+00:00,2025-06-29 01:00:00+00:00,1,2.0828,1.9828786226255093,102.00417737449092,2.1797,tempo,0.9697624527015128,0.9420344021801905,192,48.0,0.09992137737449092
XRP,2025-06-30 20:00:00+00:00,2025-06-30 20:00:00+00:00,2025-07-02 20:00:00+00:00,-1,2.3193,2.428590189271799,-106.9708892717988,2.2638,tempo,0.5078223431562995,0.4805644985148985,192,48.0,0.10929018927179879
XRP,2025-07-11 14:00:00+00:00,2025-07-11 14:00:00+00:00,2025-07-11 15:30:00+00:00,-1,2.8003,2.936315795885165,-133.2154958851649,2.936315795885165,stop,-1.0,-1.0274144649381274,6,1.5,0.13601579588516488
XRP,2025-07-11 16:00:00+00:00,2025-07-11 16:00:00+00:00,2025-07-13 16:00:00+00:00,-1,2.7773,2.9137959939494413,-133.71869394944144,2.8377,tempo,-0.44250382925063986,-0.46924270923089684,192,48.0,0.13649599394944145
XRP,2025-07-17 06:00:00+00:00,2025-07-17 06:00:00+00:00,2025-07-17 18:15:00+00:00,-1,3.1439,3.3287354802413582,-181.6915802413583,3.3287354802413582,stop,-1.0,-1.0227619343248553,49,12.25,0.18483548024135832
XRP,2025-07-17 19:00:00+00:00,2025-07-17 19:00:00+00:00,2025-07-18 00:30:00+00:00,-1,3.3563,3.556249459851613,-196.59315985161294,3.556249459851613,stop,-1.0,-1.0224714643002188,22,5.5,0.19994945985161294
XRP,2025-07-18 01:00:00+00:00,2025-07-18 01:00:00+00:00,2025-07-20 01:00:00+00:00,-1,3.6557,3.902209947530794,-242.8542475307939,3.4282,tempo,0.9228836494380448,0.9042047480544615,192,48.0,0.24650994753079392
XRP,2025-07-23 17:00:00+00:00,2025-07-23 17:00:00+00:00,2025-07-24 06:45:00+00:00,1,3.2305,3.0157938761773373,217.93662382266285,3.0157938761773373,stop,-1.0,-1.018909991700417,55,13.75,0.21470612382266285
XRP,2025-07-24 07:00:00+00:00,2025-07-24 07:00:00+00:00,2025-07-26 07:00:00+00:00,1,3.0125,2.806536169550899,208.97633044910114,3.1564,tempo,0.698666361400582,0.6791979674051085,192,48.0,0.20596383044910116
XRP,2025-08-02 19:00:00+00:00,2025-08-02 19:00:00+00:00,2025-08-04 19:00:00+00:00,1,2.7596,2.581390949951398,180.968650048602,3.0433,tempo,1.5919505767110487,1.5707850691289629,192,48.0,0.178209050048602
XRP,2025-08-07 23:00:00+00:00,2025-08-07 23:00:00+00:00,2025-08-09 23:00:00+00:00,-1,3.3237,3.5321135887486776,-205.08988874867754,3.2247,tempo,0.4750170110998983,0.4545938706244814,192,48.0,0.20841358874867755
XRP,2025-08-10 13:00:00+00:00,2025-08-10 13:00:00+00:00,2025-08-12 13:00:00+00:00,1,3.1871,2.9933849813693847,196.90211863061535,3.1837,tempo,-0.017551556012718586,-0.038928422036185184,192,48.0,0.19371501863061535
XRP,2025-08-26 20:00:00+00:00,2025-08-26 20:00:00+00:00,2025-08-28 20:00:00+00:00,-1,3.0595,3.2342049354838474,-171.64543548384745,2.9421,tempo,0.6719901740317707,0.6496608678264479,192,48.0,0.17470493548384747
XRP,2025-10-04 09:00:00+00:00,2025-10-04 09:00:00+00:00,2025-10-06 09:00:00+00:00,1,2.9994,2.8814140558819825,120.98534411801755,2.9865,tempo,-0.10933505763276918,-0.1423121637540553,192,48.0,0.11798594411801755
XRP,2025-10-10 22:00:00+00:00,2025-10-10 22:00:00+00:00,2025-10-10 22:15:00+00:00,1,2.3266,2.185591940265112,143.33465973488796,2.185591940265112,stop,-1.0,-1.0207996958945933,1,0.25,0.14100805973488795
XRP,2025-10-10 23:00:00+00:00,2025-10-10 23:00:00+00:00,2025-10-12 23:00:00+00:00,1,2.3505,2.2078864634178452,144.9640365821546,2.531,tempo,1.2656582560521574,1.2434094914815363,192,48.0,0.1426135365821546
XRP,2025-10-25 02:00:00+00:00,2025-10-25 02:00:00+00:00,2025-10-27 02:00:00+00:00,-1,2.5451,2.691689612181576,-144.04451218157575,2.658,tempo,-0.7701773564975004,-0.793248670690015,192,48.0,0.14658961218157573
XRP,2025-11-10 10:00:00+00:00,2025-11-10 10:00:00+00:00,2025-11-12 10:00:00+00:00,-1,2.5378,2.6889037752478293,-148.56597524782947,2.4184,tempo,0.7901854192866359,0.7688654357540188,192,48.0,0.15110377524782947
XRP,2025-11-13 10:00:00+00:00,2025-11-13 10:00:00+00:00,2025-11-15 10:00:00+00:00,-1,2.4977,2.644970519294559,-144.77281929455913,2.2561,tempo,1.6405184225416516,1.6195368301985182,192,48.0,0.14727051929455914
XRP,2025-11-24 18:00:00+00:00,2025-11-24 18:00:00+00:00,2025-11-26 18:00:00+00:00,-1,2.2045,2.3567615483278352,-150.05704832783533,2.2333,tempo,-0.18914821447888122,-0.20809305007052523,192,48.0,0.15226154832783534
XRP,2025-11-27 09:00:00+00:00,2025-11-27 09:00:00+00:00,2025-11-29 09:00:00+00:00,1,2.1987,2.0568397228203947,144.05897717960536,2.1799,tempo,-0.1325247657326793,-0.15258739395098345,192,48.0,0.14186027717960537
XRP,2025-12-18 05:00:00+00:00,2025-12-18 05:00:00+00:00,2025-12-20 05:00:00+00:00,1,1.8528,1.762006372748159,92.64642725184103,1.9033,tempo,0.5562064379245956,0.5293161695886041,192,48.0,0.09079362725184104
XRP,2025-12-20 10:00:00+00:00,2025-12-20 10:00:00+00:00,2025-12-22 10:00:00+00:00,-1,1.948,2.048085322028285,-98.13732202828491,1.9215,tempo,0.2647740893765707,0.2396437810653361,192,48.0,0.1000853220282849
XRP,2026-01-02 18:00:00+00:00,2026-01-02 18:00:00+00:00,2026-01-04 04:30:00+00:00,-1,1.9918,2.0664158392471204,-72.62403924712034,2.0664158392471204,stop,-1.0,-1.0353522834042563,138,34.5,0.07461583924712034
XRP,2026-01-04 13:00:00+00:00,2026-01-04 13:00:00+00:00,2026-01-05 18:00:00+00:00,-1,2.1166,2.1981582591946074,-79.44165919460735,2.1981582591946074,stop,-1.0,-1.0343876009146347,116,29.0,0.08155825919460735
XRP,2026-01-05 19:00:00+00:00,2026-01-05 19:00:00+00:00,2026-01-05 23:30:00+00:00,-1,2.2659,2.360894753953283,-92.72885395328316,2.360894753953283,stop,-1.0,-1.031658764983471,18,4.5,0.09499475395328316
XRP,2026-01-06 00:00:00+00:00,2026-01-06 00:00:00+00:00,2026-01-08 00:00:00+00:00,-1,2.3471,2.4469432488243794,-97.49614882437923,2.1648,tempo,1.8258620602446485,1.7964886671055833,192,48.0,0.09984324882437923
XRP,2026-01-08 09:00:00+00:00,2026-01-08 09:00:00+00:00,2026-01-10 09:00:00+00:00,1,2.1117,2.0076522504894654,106.15944951053453,2.0927,tempo,-0.18260846668362044,-0.20887390743419915,192,48.0,0.10404774951053453
XRP,2026-01-15 02:00:00+00:00,2026-01-15 02:00:00+00:00,2026-01-17 02:00:00+00:00,1,2.1184,2.0185765549538495,101.94184504615036,2.0655,tempo,-0.529935627602744,-0.5571790772627182,192,48.0,0.09982344504615037
XRP,2026-01-26 17:00:00+00:00,2026-01-26 17:00:00+00:00,2026-01-28 17:00:00+00:00,-1,1.9182,2.006913298279934,-86.79509827993412,1.9069,tempo,0.12737661905369366,0.09935021209772127,192,48.0,0.08871329827993413
XRP,2026-01-30 22:00:00+00:00,2026-01-30 22:00:00+00:00,2026-01-31 14:30:00+00:00,1,1.7272,1.6434853988033549,85.4418011966452,1.6434853988033549,stop,-1.0,-1.026171605405796,66,16.5,0.0837146011966452
XRP,2026-01-31 15:00:00+00:00,2026-01-31 15:00:00+00:00,2026-01-31 17:15:00+00:00,1,1.6397,1.559380036494089,81.95966350591087,1.559380036494089,stop,-1.0,-1.0258889811817224,9,2.25,0.08031996350591086
XRP,2026-01-31 18:00:00+00:00,2026-01-31 18:00:00+00:00,2026-02-02 18:00:00+00:00,1,1.5671,1.4874660043610906,81.20109563890938,1.6408,tempo,0.9254841403938054,0.899300159754999,192,48.0,0.07963399563890938
XRP,2026-02-05 10:00:00+00:00,2026-02-05 10:00:00+00:00,2026-02-05 15:15:00+00:00,1,1.4131,1.32941318991863,85.09991008137014,1.32941318991863,stop,-1.0,-1.0213012489269675,21,5.25,0.08368681008137013
XRP,2026-02-05 16:00:00+00:00,2026-02-05 16:00:00+00:00,2026-02-05 20:00:00+00:00,1,1.296,1.212516855143153,84.77914485684694,1.212516855143153,stop,-1.0,-1.0195313192697641,16,4.0,0.08348314485684694
XRP,2026-02-05 20:00:00+00:00,2026-02-05 20:00:00+00:00,2026-02-06 00:30:00+00:00,1,1.2127,1.1305431117627387,83.3695882372612,1.1305431117627387,stop,-1.0,-1.0185390179122558,18,4.5,0.0821568882372612
XRP,2026-02-06 11:00:00+00:00,2026-02-06 11:00:00+00:00,2026-02-06 15:00:00+00:00,-1,1.358,1.4660576337302234,-106.69963373022325,1.4660576337302234,stop,-1.0,-1.016987577818958,16,4.0,0.10805763373022326
XRP,2026-02-06 15:00:00+00:00,2026-02-06 15:00:00+00:00,2026-02-08 15:00:00+00:00,-1,1.4779,1.5995689174450165,-120.19101744501651,1.4605,tempo,0.14301105299028677,0.12731304202653235,192,48.0,0.12166891744501651
XRP,2026-02-15 01:00:00+00:00,2026-02-15 01:00:00+00:00,2026-02-15 07:45:00+00:00,-1,1.5203,1.6243495932313596,-102.52929323135965,1.6243495932313596,stop,-1.0,-1.01964469222917,27,6.75,0.10404959323135965
XRP,2026-02-15 08:00:00+00:00,2026-02-15 08:00:00+00:00,2026-02-17 08:00:00+00:00,-1,1.6481,1.7661804077837258,-116.43230778372586,1.472,tempo,1.4913566382878842,1.474181350379711,192,48.0,0.11808040778372586
XRP,2026-03-16 19:00:00+00:00,2026-03-16 19:00:00+00:00,2026-03-18 19:00:00+00:00,-1,1.5348,1.610733128209204,-74.39832820920394,1.4515,tempo,1.0970178888258029,1.0714546722722575,192,48.0,0.07593312820920395
XRP,2026-04-09 10:00:00+00:00,2026-04-09 10:00:00+00:00,2026-04-11 10:00:00+00:00,1,1.3371,1.2862280284122471,52.20907158775281,1.347,tempo,0.19460617882526493,0.16031096781716592,192,48.0,0.05087197158775281
XRP,2026-04-16 03:00:00+00:00,2026-04-16 03:00:00+00:00,2026-04-16 19:45:00+00:00,-1,1.4059,1.45713461526266,-49.828715262660154,1.45713461526266,stop,-1.0,-1.0363225622048733,67,16.75,0.051234615262660155
XRP,2026-04-16 20:00:00+00:00,2026-04-16 20:00:00+00:00,2026-04-18 20:00:00+00:00,-1,1.4636,1.5184151045519965,-53.351504551996456,1.4267,tempo,0.6731721174589272,0.6388988087540627,192,48.0,0.05481510455199645
XRP,2026-04-23 01:00:00+00:00,2026-04-23 01:00:00+00:00,2026-04-25 01:00:00+00:00,1,1.4283,1.3772170863828068,52.511213617193086,1.4326,tempo,0.08417687433069465,0.04777360622552307,192,48.0,0.05108291361719308
XRP,2026-05-08 19:00:00+00:00,2026-05-08 19:00:00+00:00,2026-05-10 16:30:00+00:00,-1,1.4186,1.458358550562364,-38.33995056236388,1.458358550562364,stop,-1.0,-1.0470344877118265,182,45.5,0.03975855056236388
XRP,2026-05-10 17:00:00+00:00,2026-05-10 17:00:00+00:00,2026-05-12 17:00:00+00:00,-1,1.4716,1.5130372695362972,-39.96566953629723,1.4218,tempo,1.2018166389167475,1.1564297198208215,192,48.0,0.04143726953629723
XRP,2026-05-14 19:00:00+00:00,2026-05-14 19:00:00+00:00,2026-05-16 19:00:00+00:00,-1,1.5353,1.5925401099818086,-55.70480998180851,1.4148,tempo,2.105167164044517,2.071666791655131,192,48.0,0.05724010998180851
XRP,2026-05-30 02:00:00+00:00,2026-05-30 02:00:00+00:00,2026-06-01 02:00:00+00:00,-1,1.356,1.4020984906575586,-44.742490657558555,1.3211,tempo,0.7570746786321899,0.7193269134629049,192,48.0,0.046098490657558555
XRP,2026-06-04 00:00:00+00:00,2026-06-04 00:00:00+00:00,2026-06-06 00:00:00+00:00,-1,1.2005,1.248112597929236,-46.41209792923611,1.097,tempo,2.173794426295034,2.142429303093407,192,48.0,0.04761259792923611
XRP,2026-06-15 12:00:00+00:00,2026-06-15 12:00:00+00:00,2026-06-17 12:00:00+00:00,-1,1.2315,1.2952142943169607,-62.482794316960636,1.1923,tempo,0.6152465537009826,0.590519449416307,192,48.0,0.06371429431696063
XRP,2026-07-04 15:00:00+00:00,2026-07-04 15:00:00+00:00,2026-07-06 15:00:00+00:00,-1,1.173,1.2258698790833598,-51.69687908335972,1.123,tempo,0.9457180698515548,0.9174902769026256,192,48.0,0.05286987908335972
XRP,2026-07-21 18:00:00+00:00,2026-07-21 18:00:00+00:00,2026-07-23 18:00:00+00:00,-1,1.1574,1.195585337835447,-37.027937835447084,1.1024,tempo,1.4403434175968965,1.4018765587640682,192,48.0,0.038185337835447086
XRP,2026-07-28 12:00:00+00:00,2026-07-28 12:00:00+00:00,2026-07-30 12:00:00+00:00,1,1.0487,1.0174362195843667,32.31248041563327,1.0834,tempo,1.1099105590777634,1.0655824266006364,192,48.0,0.03126378041563327
XRP,2026-08-06 03:00:00+00:00,2026-08-06 03:00:00+00:00,2026-08-07 04:15:00+00:00,1,1.0465,1.0178945095868213,29.651990413178723,1.0178945095868213,stop,-1.0,-1.0469090517886466,101,25.25,0.028605490413178725
XRP,2026-08-07 16:00:00+00:00,2026-08-07 16:00:00+00:00,2026-08-09 16:00:00+00:00,1,1.0273,0.9988888563665964,29.43844363340369,1.0429,tempo,0.5490803257091885,0.5017175719473896,192,48.0,0.02841114363340369
XRP,2026-08-18 04:00:00+00:00,2026-08-18 04:00:00+00:00,2026-08-20 04:00:00+00:00,1,0.9905,0.9673001503418589,24.190349658141148,1.0937,tempo,4.448304688206699,4.389910775316638,192,48.0,0.023199849658141147
XRP,2026-08-20 12:00:00+00:00,2026-08-20 12:00:00+00:00,2026-08-20 14:15:00+00:00,-1,1.1904,1.2405892530076923,-48.9988530076924,1.2405892530076923,stop,-1.0,-1.031483692618673,9,2.25,0.05018925300769239
XRP,2026-08-20 15:00:00+00:00,2026-08-20 15:00:00+00:00,2026-08-20 16:45:00+00:00,-1,1.2273,1.2805366684717079,-52.00936847170783,1.2805366684717079,stop,-1.0,-1.0306197566696516,7,1.75,0.053236668471707826
XRP,2026-08-20 17:00:00+00:00,2026-08-20 17:00:00+00:00,2026-08-21 09:00:00+00:00,-1,1.3145,1.3791257891836994,-63.31128918369944,1.3791257891836994,stop,-1.0,-1.0270922302858474,64,16.0,0.06462578918369943
XRP,2026-08-21 09:00:00+00:00,2026-08-21 09:00:00+00:00,2026-08-22 01:45:00+00:00,-1,1.3994,1.4911137962931191,-90.31439629311916,1.4911137962931191,stop,-1.0,-1.0204858379385555,67,16.75,0.09171379629311915
XRP,2026-08-22 02:00:00+00:00,2026-08-22 02:00:00+00:00,2026-08-22 03:30:00+00:00,-1,1.4754,1.5780095502693758,-101.1341502693758,1.5780095502693758,stop,-1.0,-1.0193424121094452,6,1.5,0.1026095502693758
XRP,2026-08-22 04:00:00+00:00,2026-08-22 04:00:00+00:00,2026-08-22 05:15:00+00:00,-1,1.5637,1.6780088958711814,-112.74519587118132,1.6780088958711814,stop,-1.0,-1.018433480318897,5,1.25,0.11430889587118132
XRP,2026-08-22 06:00:00+00:00,2026-08-22 06:00:00+00:00,2026-08-24 06:00:00+00:00,-1,1.5277,1.6618013232239561,-132.57362322395605,1.4799,tempo,0.35644689292268666,0.3418688115659863,192,48.0,0.13410132322395607
ADA,2025-05-08 21:00:00+00:00,2025-05-08 21:00:00+00:00,2025-05-09 08:30:00+00:00,-1,0.76,0.8054032049150148,-44.64320491501482,0.8054032049150148,stop,-1.0,-1.0224105783963782,46,11.5,0.045403204915014816
ADA,2025-05-09 09:00:00+00:00,2025-05-09 09:00:00+00:00,2025-05-10 17:30:00+00:00,-1,0.7898,0.8384457831065493,-47.855983106549324,0.8384457831065493,stop,-1.0,-1.021756454340577,130,32.5,0.04864578310654932
ADA,2025-05-10 23:00:00+00:00,2025-05-10 23:00:00+00:00,2025-05-12 23:00:00+00:00,-1,0.8287,0.8800127838025013,-50.48408380250126,0.8196,tempo,0.17734372071928817,0.15646403108631654,192,48.0,0.05131278380250126
ADA,2025-05-23 04:00:00+00:00,2025-05-23 04:00:00+00:00,2025-05-25 04:00:00+00:00,-1,0.8379,0.8942976028563224,-55.55970285632245,0.7438,tempo,1.6685106322644152,1.6502810454037966,192,48.0,0.05639760285632245
ADA,2025-06-22 03:00:00+00:00,2025-06-22 03:00:00+00:00,2025-06-22 20:15:00+00:00,1,0.5494,0.5191647137238066,30.784686276193426,0.5191647137238066,stop,-1.0,-1.0229720683831383,69,17.25,0.03023528627619343
ADA,2025-06-25 13:00:00+00:00,2025-06-25 13:00:00+00:00,2025-06-27 13:00:00+00:00,1,0.5767,0.5427281603359535,34.54853966404649,0.5493,tempo,-0.8065503743972482,-0.8280946889600711,192,48.0,0.03397183966404649
ADA,2025-06-30 20:00:00+00:00,2025-06-30 20:00:00+00:00,2025-07-02 20:00:00+00:00,-1,0.5894,0.622283789429953,-32.29438942995296,0.5955,tempo,-0.185501735224094,-0.2089231539033676,192,48.0,0.03288378942995296
ADA,2025-07-03 08:00:00+00:00,2025-07-03 08:00:00+00:00,2025-07-05 08:00:00+00:00,-1,0.608,0.6419974024335117,-33.389402433511684,0.5788,tempo,0.8588891476960953,0.8361985906304884,192,48.0,0.03399740243351168
ADA,2025-07-11 13:00:00+00:00,2025-07-11 13:00:00+00:00,2025-07-13 13:00:00+00:00,-1,0.7479,0.7898174961469941,-41.16959614699414,0.739,tempo,0.21232184214414795,0.1892650021885652,192,48.0,0.04191749614699414
ADA,2025-07-17 10:00:00+00:00,2025-07-17 10:00:00+00:00,2025-07-18 01:15:00+00:00,-1,0.809,0.8618838758141819,-52.07487581418186,0.8618838758141819,stop,-1.0,-1.0205369690204886,61,15.25,0.05288387581418186
ADA,2025-07-18 02:00:00+00:00,2025-07-18 02:00:00+00:00,2025-07-20 02:00:00+00:00,-1,0.8563,0.9156712210037316,-58.5149210037316,0.8319,tempo,0.4109735253459987,0.3924910016341985,192,48.0,0.0593712210037316
ADA,2025-07-21 13:00:00+00:00,2025-07-21 13:00:00+00:00,2025-07-23 13:00:00+00:00,-1,0.9219,0.9851688057818611,-62.346905781861004,0.8347,tempo,1.3782463399206448,1.3601996898236495,192,48.0,0.063268805781861
ADA,2025-07-23 21:00:00+00:00,2025-07-23 21:00:00+00:00,2025-07-25 21:00:00+00:00,1,0.8067,0.7482061902342333,59.30050976576668,0.8075,tempo,0.013676660884349174,-0.004260792740257417,192,48.0,0.05849380976576668
ADA,2025-08-08 20:00:00+00:00,2025-08-08 20:00:00+00:00,2025-08-10 20:00:00+00:00,-1,0.7991,0.8488115591461491,-48.912459146149104,0.8055,tempo,-0.12874269304618532,-0.14972352764309807,192,48.0,0.04971155914614911
ADA,2025-08-11 02:00:00+00:00,2025-08-11 02:00:00+00:00,2025-08-13 02:00:00+00:00,1,0.8107,0.7601657073751501,51.34499262484987,0.8379,tempo,0.5382483574455853,0.517043153131059,192,48.0,0.050534292624849875
ADA,2025-08-13 02:00:00+00:00,2025-08-13 02:00:00+00:00,2025-08-13 22:45:00+00:00,-1,0.8378,0.8904738744629713,-51.83607446297134,0.8904738744629713,stop,-1.0,-1.0213270436217985,83,20.75,0.05267387446297134
ADA,2025-08-14 03:00:00+00:00,2025-08-14 03:00:00+00:00,2025-08-16 03:00:00+00:00,-1,0.9778,1.043199603996424,-64.42180399642398,0.9603,tempo,0.2675857181177558,0.24832313970720632,192,48.0,0.06539960399642397
ADA,2025-09-13 10:00:00+00:00,2025-09-13 10:00:00+00:00,2025-09-15 10:00:00+00:00,-1,0.9533,1.002576929543384,-48.323629543383916,0.8612,tempo,1.8690287900124596,1.8450941615579488,192,48.0,0.04927692954338392
ADA,2025-09-22 06:00:00+00:00,2025-09-22 06:00:00+00:00,2025-09-22 06:15:00+00:00,1,0.8333,0.793172133136446,40.96116686355408,0.793172133136446,stop,-1.0,-1.0263459528046555,1,0.25,0.040127866863554074
ADA,2025-09-22 07:00:00+00:00,2025-09-22 07:00:00+00:00,2025-09-24 07:00:00+00:00,1,0.8237,0.7838617199809945,40.66198001900547,0.8151,tempo,-0.21587277352077394,-0.24261137768470423,192,48.0,0.03983828001900547
ADA,2025-09-29 18:00:00+00:00,2025-09-29 18:00:00+00:00,2025-10-01 18:00:00+00:00,1,0.8002,0.7616707173549481,39.329482645051954,0.8352,tempo,0.9083999907923237,0.8808103258148338,192,48.0,0.038529282645051954
ADA,2025-10-04 05:00:00+00:00,2025-10-04 05:00:00+00:00,2025-10-06 05:00:00+00:00,1,0.855,0.8138193555277081,42.03564447229186,0.8383,tempo,-0.4055303216839267,-0.43225756245696906,192,48.0,0.04118064447229186
ADA,2025-10-10 22:00:00+00:00,2025-10-10 22:00:00+00:00,2025-10-10 22:15:00+00:00,1,0.6185,0.5618001045474786,57.31839545252141,0.5618001045474786,stop,-1.0,-1.0135308021616773,1,0.25,0.05669989545252141
ADA,2025-10-10 23:00:00+00:00,2025-10-10 23:00:00+00:00,2025-10-12 23:00:00+00:00,1,0.6177,0.5611976835332273,57.120016466772725,0.6991,tempo,1.4406488988441537,1.4255004933711968,192,48.0,0.05650231646677273
ADA,2025-11-07 16:00:00+00:00,2025-11-07 16:00:00+00:00,2025-11-07 18:15:00+00:00,-1,0.544,0.5817659358712032,-37.221935871203144,0.5817659358712032,stop,-1.0,-1.0193758698529762,9,2.25,0.03776593587120314
ADA,2025-11-07 19:00:00+00:00,2025-11-07 19:00:00+00:00,2025-11-09 19:00:00+00:00,-1,0.5796,0.6214951033133679,-41.31550331336788,0.5768,tempo,0.06683358623217911,0.04889211000815079,192,48.0,0.041895103313367876
ADA,2025-12-09 13:00:00+00:00,2025-12-09 13:00:00+00:00,2025-12-09 16:45:00+00:00,-1,0.4475,0.47734711289251724,-29.399612892517233,0.47734711289251724,stop,-1.0,-1.0201409974071847,15,3.75,0.029847112892517236
ADA,2025-12-09 22:00:00+00:00,2025-12-09 22:00:00+00:00,2025-12-11 22:00:00+00:00,-1,0.4701,0.5021331038077017,-31.563003807701694,0.4254,tempo,1.3954314345665386,1.377260388654339,192,48.0,0.03203310380770169
ADA,2025-12-11 22:00:00+00:00,2025-12-11 22:00:00+00:00,2025-12-13 22:00:00+00:00,1,0.4254,0.3969422209049225,28.88317909507752,0.4092,tempo,-0.5692643809580413,-0.5883273583670492,192,48.0,0.028457779095077518
ADA,2025-12-18 06:00:00+00:00,2025-12-18 06:00:00+00:00,2025-12-20 06:00:00+00:00,1,0.361,0.3382138838969932,23.147116103006795,0.3731,tempo,0.5310251183352531,0.5100840769641423,192,48.0,0.022786116103006793
ADA,2025-12-21 15:00:00+00:00,2025-12-21 15:00:00+00:00,2025-12-23 15:00:00+00:00,1,0.3608,0.33804530817341794,23.115491826582076,0.3579,tempo,-0.1274462437066376,-0.14797629542345622,192,48.0,0.022754691826582074
ADA,2025-12-28 00:00:00+00:00,2025-12-28 00:00:00+00:00,2025-12-30 00:00:00+00:00,-1,0.3698,0.3910902403514631,-20.920440351463096,0.3528,tempo,0.7984879324686323,0.7764266502920916,192,48.0,0.021290240351463097
ADA,2025-12-30 11:00:00+00:00,2025-12-30 11:00:00+00:00,2025-12-31 16:45:00+00:00,1,0.3538,0.33441568593054694,19.73811406945307,0.33441568593054694,stop,-1.0,-1.0230774323121292,119,29.75,0.019384314069453068
ADA,2025-12-31 19:00:00+00:00,2025-12-31 19:00:00+00:00,2026-01-02 19:00:00+00:00,1,0.333,0.3150309039331673,18.30209606683272,0.3819,tempo,2.721338893070943,2.6954786606879844,192,48.0,0.017969096066832724
ADA,2026-01-02 19:00:00+00:00,2026-01-02 19:00:00+00:00,2026-01-04 10:15:00+00:00,-1,0.3818,0.4038980275171426,-21.716227517142627,0.4038980275171426,stop,-1.0,-1.0231108282171322,157,39.25,0.022098027517142627
ADA,2026-01-14 22:00:00+00:00,2026-01-14 22:00:00+00:00,2026-01-15 18:45:00+00:00,1,0.4139,0.39057378191639,23.740118083610017,0.39057378191639,stop,-1.0,-1.0224171769453305,83,20.75,0.023326218083610017
ADA,2026-01-31 02:00:00+00:00,2026-01-31 02:00:00+00:00,2026-01-31 14:30:00+00:00,1,0.3209,0.3029618980501135,18.259001949886546,0.3029618980501135,stop,-1.0,-1.0226060836796136,50,12.5,0.017938101949886542
ADA,2026-01-31 15:00:00+00:00,2026-01-31 15:00:00+00:00,2026-01-31 17:15:00+00:00,1,0.2982,0.2811185560820742,17.379643917925822,0.2811185560820742,stop,-1.0,-1.0220448027264357,9,2.25,0.01708144391792582
ADA,2026-01-31 18:00:00+00:00,2026-01-31 18:00:00+00:00,2026-02-02 18:00:00+00:00,1,0.2841,0.2673684046138003,17.015695386199727,0.3003,tempo,0.9682280515438356,0.9455248967500429,192,48.0,0.016731595386199727
ADA,2026-02-04 09:00:00+00:00,2026-02-04 09:00:00+00:00,2026-02-06 09:00:00+00:00,-1,0.302,0.32275328598744474,-20.45128598744475,0.2507,tempo,2.471897704827819,2.454586952197255,192,48.0,0.020753285987444747
ADA,2026-02-14 19:00:00+00:00,2026-02-14 19:00:00+00:00,2026-02-16 19:00:00+00:00,-1,0.2933,0.31237622171321816,-18.78292171321816,0.2814,tempo,0.6238132570955789,0.6042310250573992,192,48.0,0.019076221713218156
ADA,2026-02-25 15:00:00+00:00,2026-02-25 15:00:00+00:00,2026-02-25 20:15:00+00:00,-1,0.2872,0.30503511738817346,-17.547917388173452,0.30503511738817346,stop,-1.0,-1.0215839805213491,21,5.25,0.01783511738817345
ADA,2026-02-25 21:00:00+00:00,2026-02-25 21:00:00+00:00,2026-02-27 21:00:00+00:00,-1,0.3073,0.32662861846476665,-19.021318464766633,0.2772,tempo,1.557276328614386,1.5376202419317009,192,48.0,0.019328618464766634
ADA,2026-03-03 14:00:00+00:00,2026-03-03 14:00:00+00:00,2026-03-05 14:00:00+00:00,1,0.2634,0.24598830733311525,17.675092666884776,0.2745,tempo,0.6375026375873863,0.6174221659934345,192,48.0,0.017411692666884776
ADA,2026-03-16 07:00:00+00:00,2026-03-16 07:00:00+00:00,2026-03-18 07:00:00+00:00,-1,0.2899,0.3063773091936797,-16.187409193679734,0.2882,tempo,0.1031721854592651,0.08036718765391143,192,48.0,0.016477309193679734
ADA,2026-03-31 17:00:00+00:00,2026-03-31 17:00:00+00:00,2026-04-02 17:00:00+00:00,1,0.2396,0.22861138510890466,11.228214891095343,0.2406,tempo,0.09100328020507424,0.06259842635466445,192,48.0,0.010988614891095344
ADA,2026-04-03 18:00:00+00:00,2026-04-03 18:00:00+00:00,2026-04-05 18:00:00+00:00,-1,0.249,0.260950913194251,-11.701913194251011,0.2439,tempo,0.42674563166046164,0.39993722005270926,192,48.0,0.011950913194251012
ADA,2026-04-07 03:00:00+00:00,2026-04-07 03:00:00+00:00,2026-04-09 03:00:00+00:00,1,0.2446,0.23355250920086554,11.292090799134474,0.2494,tempo,0.4344878024588225,0.40542237884017085,192,48.0,0.011047490799134474
ADA,2026-04-09 03:00:00+00:00,2026-04-09 03:00:00+00:00,2026-04-11 03:00:00+00:00,1,0.2493,0.237070339346536,12.47896065346398,0.2531,tempo,0.3107199870606115,0.2840176925936343,192,48.0,0.01222966065346398
ADA,2026-04-14 13:00:00+00:00,2026-04-14 13:00:00+00:00,2026-04-16 13:00:00+00:00,1,0.2433,0.23165981231936839,11.883487680631603,0.2503,tempo,0.601364874180466,0.5738017447187432,192,48.0,0.011640187680631603
ADA,2026-04-16 19:00:00+00:00,2026-04-16 19:00:00+00:00,2026-04-18 19:00:00+00:00,-1,0.259,0.27171963780056085,-12.460637800560846,0.2476,tempo,0.8962519356877726,0.8703636199068405,192,48.0,0.012719637800560846
ADA,2026-04-22 23:00:00+00:00,2026-04-22 23:00:00+00:00,2026-04-24 23:00:00+00:00,1,0.2502,0.23901702951976697,11.433170480233006,0.2502,tempo,0.0,-0.029085295411887997,192,48.0,0.011182970480233007
ADA,2026-05-05 22:00:00+00:00,2026-05-05 22:00:00+00:00,2026-05-06 10:00:00+00:00,-1,0.264,0.2732672758764092,-9.003275876409187,0.2732672758764092,stop,-1.0,-1.037683536562093,48,12.0,0.009267275876409187
ADA,2026-05-06 10:00:00+00:00,2026-05-06 10:00:00+00:00,2026-05-08 10:00:00+00:00,-1,0.273,0.2831982881923438,-9.925288192343752,0.2633,tempo,0.9511400165453459,0.9169582996311578,192,48.0,0.010198288192343752
ADA,2026-05-08 22:00:00+00:00,2026-05-08 22:00:00+00:00,2026-05-10 17:30:00+00:00,-1,0.276,0.28667312264198747,-10.397122641987442,0.28667312264198747,stop,-1.0,-1.034267153295747,174,43.5,0.010673122641987443
ADA,2026-05-10 18:00:00+00:00,2026-05-10 18:00:00+00:00,2026-05-12 18:00:00+00:00,-1,0.2867,0.29787468208728324,-10.887982087283227,0.2702,tempo,1.4765520729021,1.4441587576227384,192,48.0,0.011174682087283228
ADA,2026-06-04 08:00:00+00:00,2026-06-04 08:00:00+00:00,2026-06-04 20:15:00+00:00,1,0.1947,0.18514598559590412,9.748714404095894,0.18514598559590412,stop,-1.0,-1.0258425286161899,49,12.25,0.009554014404095895
ADA,2026-06-04 21:00:00+00:00,2026-06-04 21:00:00+00:00,2026-06-05 00:15:00+00:00,1,0.1844,0.1750599282803247,9.524471719675297,0.1750599282803247,stop,-1.0,-1.0250157558094568,13,3.25,0.009340071719675297
ADA,2026-06-05 01:00:00+00:00,2026-06-05 01:00:00+00:00,2026-06-05 03:00:00+00:00,1,0.1745,0.16517865300469517,9.495846995304818,0.16517865300469517,stop,-1.0,-1.0236866114483523,8,2.0,0.009321346995304819
ADA,2026-06-05 03:00:00+00:00,2026-06-05 03:00:00+00:00,2026-06-06 03:30:00+00:00,1,0.1636,0.15397326993694985,9.790330063050149,0.15397326993694985,stop,-1.0,-1.0214426522928404,98,24.5,0.009626730063050148
ADA,2026-06-15 14:00:00+00:00,2026-06-15 14:00:00+00:00,2026-06-17 14:00:00+00:00,-1,0.1892,0.20339216653170936,-14.00296653170935,0.168,tempo,1.4937817952342334,1.477422066120201,192,48.0,0.01419216653170935
ADA,2026-07-01 06:00:00+00:00,2026-07-01 06:00:00+00:00,2026-07-02 12:15:00+00:00,-1,0.1515,0.16111532279380839,-9.463822793808388,0.16111532279380839,stop,-1.0,-1.0211329316938609,121,30.25,0.00961532279380839
ADA,2026-07-03 03:00:00+00:00,2026-07-03 03:00:00+00:00,2026-07-03 18:30:00+00:00,-1,0.1679,0.17852345981492143,-10.455559814921438,0.17852345981492143,stop,-1.0,-1.0211960371482203,62,15.5,0.010623459814921438
ADA,2026-07-03 19:00:00+00:00,2026-07-03 19:00:00+00:00,2026-07-04 15:45:00+00:00,-1,0.1786,0.18993081886165789,-11.152218861657877,0.18993081886165789,stop,-1.0,-1.0211410168307138,83,20.75,0.011330818861657876
ADA,2026-07-04 16:00:00+00:00,2026-07-04 16:00:00+00:00,2026-07-06 16:00:00+00:00,-1,0.1909,0.20360695622620925,-12.516056226209265,0.1858,tempo,0.4013549672486299,0.38208560048281354,192,48.0,0.012706956226209265
ADA,2026-07-21 06:00:00+00:00,2026-07-21 06:00:00+00:00,2026-07-23 06:00:00+00:00,-1,0.1757,0.18478302215708797,-8.907322157087977,0.1741,tempo,0.17615282362285367,0.15112040643089839,192,48.0,0.009083022157087978
ADA,2026-07-29 03:00:00+00:00,2026-07-29 03:00:00+00:00,2026-07-30 15:00:00+00:00,-1,0.1658,0.17381834365441282,-7.8525436544128135,0.17381834365441282,stop,-1.0,-1.027530863341568,144,36.0,0.008018343654412813
ADA,2026-07-31 12:00:00+00:00,2026-07-31 12:00:00+00:00,2026-08-02 02:30:00+00:00,-1,0.1699,0.1785325182760708,-8.462618276070812,0.1785325182760708,stop,-1.0,-1.0262358131933815,154,38.5,0.00863251827607081
ADA,2026-08-02 05:00:00+00:00,2026-08-02 05:00:00+00:00,2026-08-03 14:00:00+00:00,-1,0.1831,0.19257565086393624,-9.292550863936231,0.19257565086393624,stop,-1.0,-1.0257701741619596,132,33.0,0.00947565086393623
ADA,2026-08-06 16:00:00+00:00,2026-08-06 16:00:00+00:00,2026-08-08 16:00:00+00:00,-1,0.2088,0.22170263592694184,-12.693835926941825,0.1995,tempo,0.7207829510697729,0.7002138982419059,192,48.0,0.012902635926941824
ADA,2026-08-21 23:00:00+00:00,2026-08-21 23:00:00+00:00,2026-08-22 03:30:00+00:00,-1,0.2319,0.2464352764166429,-14.303376416642902,0.2464352764166429,stop,-1.0,-1.0213905756422228,18,4.5,0.0145352764166429
ADA,2026-08-22 04:00:00+00:00,2026-08-22 04:00:00+00:00,2026-08-24 04:00:00+00:00,-1,0.244,0.26041967599645144,-16.175675996451446,0.2182,tempo,1.5712855726005668,1.5529886220355904,192,48.0,0.016419675996451444
DOGE,2025-04-04 15:00:00+00:00,2025-04-04 15:00:00+00:00,2025-04-06 15:00:00+00:00,-1,0.16798,0.17991187461033653,-11.763894610336541,0.16265,tempo,0.44670264933748477,0.42869127166060034,192,48.0,0.01193187461033654
DOGE,2025-04-07 07:00:00+00:00,2025-04-07 07:00:00+00:00,2025-04-09 07:00:00+00:00,1,0.13153,0.12115587135711657,10.505658642883438,0.14439,tempo,1.2396221834806176,1.2223341773093204,192,48.0,0.010374128642883437
DOGE,2025-04-15 11:00:00+00:00,2025-04-15 11:00:00+00:00,2025-04-17 11:00:00+00:00,1,0.15933,0.1462506620289609,13.238667971039106,0.15601,tempo,-0.25383547755637875,-0.2695068364931886,192,48.0,0.013079337971039107
DOGE,2025-04-23 05:00:00+00:00,2025-04-23 05:00:00+00:00,2025-04-25 05:00:00+00:00,-1,0.18513,0.19780854622718397,-12.49341622718398,0.17979,tempo,0.4211839357852029,0.40247532394992597,192,48.0,0.012678546227183979
DOGE,2025-04-27 02:00:00+00:00,2025-04-27 02:00:00+00:00,2025-04-29 02:00:00+00:00,1,0.1779,0.16558265046452117,12.495249535478832,0.17862,tempo,0.05845413397794014,0.03964018383935691,192,48.0,0.012317349535478833
DOGE,2025-05-08 16:00:00+00:00,2025-05-08 16:00:00+00:00,2025-05-09 07:15:00+00:00,-1,0.18928,0.19977701423640712,-10.307734236407114,0.19977701423640712,stop,-1.0,-1.024091332407321,61,15.25,0.010497014236407115
DOGE,2025-05-09 08:00:00+00:00,2025-05-09 08:00:00+00:00,2025-05-10 06:15:00+00:00,-1,0.20577,0.21817549397484565,-12.19972397484564,0.21817549397484565,stop,-1.0,-1.0222131074862804,89,22.25,0.012405493974845638
DOGE,2025-05-10 07:00:00+00:00,2025-05-10 07:00:00+00:00,2025-05-10 22:15:00+00:00,-1,0.22607,0.24131846501045026,-15.022395010450268,0.24131846501045026,stop,-1.0,-1.019923480956843,61,15.25,0.015248465010450268
DOGE,2025-05-10 23:00:00+00:00,2025-05-10 23:00:00+00:00,2025-05-12 23:00:00+00:00,-1,0.24567,0.26280609950433914,-16.890429504339142,0.23106,tempo,0.8525860856667248,0.8345029448725473,192,48.0,0.017136099504339142
DOGE,2025-05-30 18:00:00+00:00,2025-05-30 18:00:00+00:00,2025-06-01 18:00:00+00:00,1,0.19694,0.18273708190968269,14.399858090317318,0.19266,tempo,-0.3013465241989848,-0.319176662934534,192,48.0,0.014202918090317318
DOGE,2025-06-06 09:00:00+00:00,2025-06-06 09:00:00+00:00,2025-06-08 09:00:00+00:00,1,0.17499,0.16301025932193616,12.154730678063844,0.18281,tempo,0.6527687209723354,0.633355112092983,192,48.0,0.011979740678063844
DOGE,2025-06-11 08:00:00+00:00,2025-06-11 08:00:00+00:00,2025-06-13 08:00:00+00:00,-1,0.20239,0.2154522839755369,-12.85989397553691,0.17428,tempo,2.151997311698666,2.133253614160125,192,48.0,0.013062283975536909
DOGE,2025-07-11 18:00:00+00:00,2025-07-11 18:00:00+00:00,2025-07-13 18:00:00+00:00,-1,0.21078,0.22299531182793683,-12.004531827936837,0.2007,tempo,0.8251938339344478,0.8032981996872479,192,48.0,0.012215311827936837
DOGE,2025-07-16 22:00:00+00:00,2025-07-16 22:00:00+00:00,2025-07-18 01:15:00+00:00,-1,0.21624,0.2295528645127479,-13.096624512747908,0.2295528645127479,stop,-1.0,-1.0217658161889815,109,27.25,0.013312864512747907
DOGE,2025-07-18 04:00:00+00:00,2025-07-18 04:00:00+00:00,2025-07-18 13:45:00+00:00,-1,0.23641,0.2523320391521881,-15.685629152188096,0.2523320391521881,stop,-1.0,-1.0199523642928152,39,9.75,0.015922039152188094
DOGE,2025-07-18 14:00:00+00:00,2025-07-18 14:00:00+00:00,2025-07-20 14:00:00+00:00,-1,0.24883,0.2664864254946543,-17.40759549465429,0.25507,tempo,-0.3534124164536736,-0.3719628869381533,192,48.0,0.017656425494654293
DOGE,2025-07-20 19:00:00+00:00,2025-07-20 19:00:00+00:00,2025-07-22 19:00:00+00:00,-1,0.27261,0.29383840646621684,-20.95579646621682,0.26628,tempo,0.29818535885270764,0.28168489752239356,192,48.0,0.02122840646621682
DOGE,2025-07-23 22:00:00+00:00,2025-07-23 22:00:00+00:00,2025-07-25 22:00:00+00:00,1,0.23787,0.21861340625295358,19.494463747046414,0.23456,tempo,-0.17188917435139311,-0.18783589390282468,192,48.0,0.019256593747046413
DOGE,2025-08-08 20:00:00+00:00,2025-08-08 20:00:00+00:00,2025-08-09 17:45:00+00:00,-1,0.22905,0.24533446671457176,-16.05541671457176,0.24533446671457176,stop,-1.0,-1.018935216532977,87,21.75,0.01628446671457176
DOGE,2025-08-09 18:00:00+00:00,2025-08-09 18:00:00+00:00,2025-08-11 18:00:00+00:00,-1,0.24481,0.2622489943896496,-17.194184389649603,0.23014,tempo,0.8412182303761122,0.8235155181037102,192,48.0,0.017438994389649604
DOGE,2025-08-13 08:00:00+00:00,2025-08-13 08:00:00+00:00,2025-08-15 08:00:00+00:00,-1,0.24484,0.26244198632470617,-17.357146324706164,0.23048,tempo,0.8158170183239094,0.7982645674640683,192,48.0,0.017601986324706165
DOGE,2025-09-02 16:00:00+00:00,2025-09-02 16:00:00+00:00,2025-09-04 16:00:00+00:00,1,0.20926,0.1951975027753803,14.27175722461969,0.2122,tempo,0.20906670792815094,0.18958588630563084,192,48.0,0.014062497224619691
DOGE,2025-09-08 03:00:00+00:00,2025-09-08 03:00:00+00:00,2025-09-09 12:15:00+00:00,-1,0.23213,0.2458940281426549,-13.5318981426549,0.2458940281426549,stop,-1.0,-1.022574468394889,133,33.25,0.0137640281426549
DOGE,2025-09-12 16:00:00+00:00,2025-09-12 16:00:00+00:00,2025-09-13 01:30:00+00:00,-1,0.26625,0.28194378463547193,-15.427534635471941,0.28194378463547193,stop,-1.0,-1.0227049095096965,38,9.5,0.01569378463547194
DOGE,2025-09-13 02:00:00+00:00,2025-09-13 02:00:00+00:00,2025-09-13 09:45:00+00:00,-1,0.27712,0.2935849127726515,-16.187792772651495,0.2935849127726515,stop,-1.0,-1.0225302252386292,31,7.75,0.016464912772651497
DOGE,2025-09-13 10:00:00+00:00,2025-09-13 10:00:00+00:00,2025-09-15 10:00:00+00:00,-1,0.29849,0.31715264017821815,-18.364150178218168,0.26328,tempo,1.8866569608460224,1.867091106469953,192,48.0,0.01866264017821817
DOGE,2025-09-15 10:00:00+00:00,2025-09-15 10:00:00+00:00,2025-09-17 10:00:00+00:00,1,0.26329,0.24564396443547204,17.909325564527986,0.26648,tempo,0.18077714897121144,0.16126282243929554,192,48.0,0.017646035564527984
DOGE,2025-09-22 04:00:00+00:00,2025-09-22 04:00:00+00:00,2025-09-22 06:15:00+00:00,1,0.24864,0.23318716298983713,15.701477010162867,0.23318716298983713,stop,-1.0,-1.0202673240996083,9,2.25,0.015452837010162868
DOGE,2025-09-22 07:00:00+00:00,2025-09-22 07:00:00+00:00,2025-09-24 07:00:00+00:00,1,0.24016,0.2250526276977113,15.347532302288702,0.23868,tempo,-0.0979654151884372,-0.11856767438826162,192,48.0,0.015107372302288702
DOGE,2025-09-29 18:00:00+00:00,2025-09-29 18:00:00+00:00,2025-10-01 18:00:00+00:00,1,0.23313,0.21983929242672845,13.523837573271553,0.24324,tempo,0.7606818481456812,0.7373843300644989,192,48.0,0.013290707573271554
DOGE,2025-10-04 04:00:00+00:00,2025-10-04 04:00:00+00:00,2025-10-06 04:00:00+00:00,1,0.2531,0.23884264879336803,14.510451206631963,0.25378,tempo,0.04769469378601717,0.024585772975625513,192,48.0,0.014257351206631963
DOGE,2025-10-10 22:00:00+00:00,2025-10-10 22:00:00+00:00,2025-10-12 22:00:00+00:00,1,0.18603,0.16730584300146453,18.91018699853547,0.2067,tempo,1.1039215277684715,1.0902880969005309,192,48.0,0.01872415699853547
DOGE,2025-11-04 22:00:00+00:00,2025-11-04 22:00:00+00:00,2025-11-06 22:00:00+00:00,-1,0.15905,0.17068229634324167,-11.473246343241671,0.16229,tempo,-0.27853485712495824,-0.2964909849467321,192,48.0,0.011632296343241671
DOGE,2025-11-07 16:00:00+00:00,2025-11-07 16:00:00+00:00,2025-11-07 18:15:00+00:00,-1,0.16893,0.18102489945336264,-11.925969453362645,0.18102489945336264,stop,-1.0,-1.0188071579695062,9,2.25,0.012094899453362645
DOGE,2025-11-07 19:00:00+00:00,2025-11-07 19:00:00+00:00,2025-11-09 19:00:00+00:00,-1,0.17925,0.19251097247903307,-13.081722479033074,0.17872,tempo,0.039966902943052315,0.02242064075391866,192,48.0,0.013260972479033073
DOGE,2025-11-14 20:00:00+00:00,2025-11-14 20:00:00+00:00,2025-11-16 20:00:00+00:00,-1,0.16322,0.17431474154880966,-10.931521548809656,0.15579,tempo,0.6696866229206709,0.6509970032402335,192,48.0,0.011094741548809656
DOGE,2025-11-27 11:00:00+00:00,2025-11-27 11:00:00+00:00,2025-11-29 11:00:00+00:00,1,0.15312,0.14248939659167947,10.783723408320531,0.14897,tempo,-0.3903823556009836,-0.40885341434129097,192,48.0,0.010630603408320533
DOGE,2025-12-18 04:00:00+00:00,2025-12-18 04:00:00+00:00,2025-12-20 04:00:00+00:00,1,0.12534,0.11819854044310119,7.266799556898821,0.1314,tempo,0.8485660321559725,0.8251981199427346,192,48.0,0.0071414595568988215
DOGE,2025-12-26 03:00:00+00:00,2025-12-26 03:00:00+00:00,2025-12-28 03:00:00+00:00,1,0.12623,0.119511562330196,6.844667669804011,0.12401,tempo,-0.3304339653216988,-0.3546443558907825,192,48.0,0.006718437669804012
DOGE,2025-12-31 18:00:00+00:00,2025-12-31 18:00:00+00:00,2026-01-02 18:00:00+00:00,1,0.11793,0.11246561390875755,5.582316091242446,0.13928,tempo,3.9071177701401423,3.876522109949157,192,48.0,0.005464386091242446
DOGE,2026-01-02 18:00:00+00:00,2026-01-02 18:00:00+00:00,2026-01-04 00:45:00+00:00,-1,0.13928,0.14657344253798676,-7.154162537986777,0.14657344253798676,stop,-1.0,-1.0254755880617357,123,30.75,0.007293442537986777
DOGE,2026-01-04 13:00:00+00:00,2026-01-04 13:00:00+00:00,2026-01-06 13:00:00+00:00,-1,0.15288,0.16122624885636164,-8.19336885636165,0.15177,tempo,0.1329938777411291,0.1092679496735681,192,48.0,0.008346248856361649
DOGE,2026-01-15 04:00:00+00:00,2026-01-15 04:00:00+00:00,2026-01-17 04:00:00+00:00,1,0.14263,0.1347991003985524,7.973529601447615,0.13734,tempo,-0.6755290284940073,-0.6987678017208226,192,48.0,0.007830899601447616
DOGE,2026-01-31 15:00:00+00:00,2026-01-31 15:00:00+00:00,2026-01-31 17:15:00+00:00,1,0.10689,0.10109945565823858,5.89743434176142,0.10109945565823858,stop,-1.0,-1.0233472257871927,9,2.25,0.005790544341761419
DOGE,2026-01-31 18:00:00+00:00,2026-01-31 18:00:00+00:00,2026-01-31 18:45:00+00:00,1,0.10206,0.09633130677019414,5.830753229805862,0.09633130677019414,stop,-1.0,-1.0225102556949093,3,0.75,0.005728693229805862
DOGE,2026-02-01 15:00:00+00:00,2026-02-01 15:00:00+00:00,2026-02-03 15:00:00+00:00,-1,0.10529,0.11115909516863787,-5.763805168637872,0.10574,tempo,-0.07667280680753455,-0.10004429697061448,192,48.0,0.005869095168637872
DOGE,2026-02-03 20:00:00+00:00,2026-02-03 20:00:00+00:00,2026-02-05 20:00:00+00:00,-1,0.10636,0.11347915320594529,-7.012793205945292,0.09114,tempo,2.1378947129961454,2.1198623717490443,192,48.0,0.007119153205945292
DOGE,2026-02-14 15:00:00+00:00,2026-02-14 15:00:00+00:00,2026-02-14 21:15:00+00:00,-1,0.10322,0.1099399786944784,-6.616758694478393,0.1099399786944784,stop,-1.0,-1.0206182180704317,25,6.25,0.006719978694478393
DOGE,2026-02-14 22:00:00+00:00,2026-02-14 22:00:00+00:00,2026-02-16 22:00:00+00:00,-1,0.11077,0.11802959580926276,-7.148825809262762,0.10113,tempo,1.327897620374401,1.3089248010027965,192,48.0,0.007259595809262762
DOGE,2026-02-25 22:00:00+00:00,2026-02-25 22:00:00+00:00,2026-02-27 22:00:00+00:00,-1,0.10529,0.11174881040889256,-6.353520408892567,0.09304,tempo,1.896634089635771,1.8766746091991708,192,48.0,0.006458810408892568
DOGE,2026-03-03 19:00:00+00:00,2026-03-03 19:00:00+00:00,2026-03-05 19:00:00+00:00,1,0.08972,0.08402677428796296,5.782945712037036,0.09367,tempo,0.6938070260675997,0.6728692473759924,192,48.0,0.005693225712037037
DOGE,2026-03-05 21:00:00+00:00,2026-03-05 21:00:00+00:00,2026-03-07 21:00:00+00:00,1,0.09431,0.08800764886146865,6.396661138531351,0.09,tempo,-0.6838717655145403,-0.7028807825252805,192,48.0,0.006302351138531351
DOGE,2026-03-10 17:00:00+00:00,2026-03-10 17:00:00+00:00,2026-03-12 17:00:00+00:00,-1,0.09978,0.10582832049253765,-5.948540492537659,0.09468,tempo,0.8432092853366994,0.8223110872078222,192,48.0,0.006048320492537659
DOGE,2026-04-16 23:00:00+00:00,2026-04-16 23:00:00+00:00,2026-04-18 23:00:00+00:00,-1,0.09887,0.10308586058888203,-4.116990588882029,0.09507,tempo,0.9013580785904712,0.8714564731312098,192,48.0,0.004215860588882028
DOGE,2026-04-28 06:00:00+00:00,2026-04-28 06:00:00+00:00,2026-04-29 07:45:00+00:00,-1,0.10024,0.1038037354827816,-3.463495482781605,0.1038037354827816,stop,-1.0,-1.0372161258052428,103,25.75,0.003563735482781605
DOGE,2026-04-29 08:00:00+00:00,2026-04-29 08:00:00+00:00,2026-04-29 10:00:00+00:00,-1,0.10492,0.108854885251496,-3.8299652514960036,0.108854885251496,stop,-1.0,-1.0353132725689125,8,2.0,0.003934885251496004
DOGE,2026-04-29 10:00:00+00:00,2026-04-29 10:00:00+00:00,2026-05-01 10:00:00+00:00,-1,0.10942,0.11394619991426902,-4.416779914269016,0.10767,tempo,0.38663780503443085,0.35546187319917316,192,48.0,0.004526199914269016
DOGE,2026-05-13 17:00:00+00:00,2026-05-13 17:00:00+00:00,2026-05-14 18:15:00+00:00,-1,0.11193,0.11721069938226417,-5.1687693822641645,0.11721069938226417,stop,-1.0,-1.0282048728429247,101,25.25,0.005280699382264165
DOGE,2026-06-01 16:00:00+00:00,2026-06-01 16:00:00+00:00,2026-06-03 16:00:00+00:00,-1,0.09826,0.10219638142738803,-3.838121427388031,0.09277,tempo,1.3946819182212384,1.3631378460091124,192,48.0,0.00393638142738803
DOGE,2026-06-04 00:00:00+00:00,2026-06-04 00:00:00+00:00,2026-06-06 00:00:00+00:00,-1,0.09136,0.0954521172722523,-4.000757272252296,0.08143,tempo,2.4266166728243674,2.399170367518903,192,48.0,0.004092117272252296
DOGE,2026-07-07 11:00:00+00:00,2026-07-07 11:00:00+00:00,2026-07-08 08:45:00+00:00,1,0.07462,0.07103774438294691,3.6568756170530956,0.07103774438294691,stop,-1.0,-1.0264295862635289,87,21.75,0.0035822556170530956
DOGE,2026-07-21 15:00:00+00:00,2026-07-21 15:00:00+00:00,2026-07-23 13:00:00+00:00,1,0.07326,0.07065812158565783,2.6751384143421735,0.07065812158565783,stop,-1.0,-1.0359535551373291,184,46.0,0.0026018784143421736
DOGE,2026-07-23 16:00:00+00:00,2026-07-23 16:00:00+00:00,2026-07-25 16:00:00+00:00,1,0.06971,0.06724751634457161,2.53219365542838,0.07118,tempo,0.5969582769654056,0.5597687915456258,192,48.0,0.0024624836554283797
DOGE,2026-07-25 17:00:00+00:00,2026-07-25 17:00:00+00:00,2026-07-27 17:00:00+00:00,-1,0.07216,0.07468015520643788,-2.447995206437877,0.07209,tempo,0.02777606705379959,-0.00942898276236985,192,48.0,0.002520155206437877
DOGE,2026-08-11 21:00:00+00:00,2026-08-11 21:00:00+00:00,2026-08-13 21:00:00+00:00,-1,0.07167,0.07370040953143665,-1.9587395314366554,0.07014,tempo,0.7535425618877106,0.7081445776028463,192,48.0,0.0020304095314366555
DOGE,2026-08-20 16:00:00+00:00,2026-08-20 16:00:00+00:00,2026-08-20 17:00:00+00:00,-1,0.08022,0.08296622588786307,-2.6660058878630655,0.08296622588786307,stop,-1.0,-1.0386242979122335,4,1.0,0.0027462258878630658
DOGE,2026-08-20 17:00:00+00:00,2026-08-20 17:00:00+00:00,2026-08-21 20:45:00+00:00,-1,0.08319,0.0863722532818873,-3.099063281887301,0.0863722532818873,stop,-1.0,-1.0346344099197098,111,27.75,0.003182253281887301
DOGE,2026-08-21 22:00:00+00:00,2026-08-21 22:00:00+00:00,2026-08-22 03:30:00+00:00,-1,0.09174,0.09661368663898108,-4.781946638981079,0.09661368663898108,stop,-1.0,-1.0251205925584361,22,5.5,0.0048736866389810785
DOGE,2026-08-22 04:00:00+00:00,2026-08-22 04:00:00+00:00,2026-08-24 04:00:00+00:00,-1,0.09572,0.10122862390004768,-5.412903900047679,0.09121,tempo,0.8187162677707883,0.7966591256959866,192,48.0,0.005508623900047679
DOGE,2026-09-05 18:00:00+00:00,2026-09-05 18:00:00+00:00,2026-09-07 18:00:00+00:00,-1,0.0942,0.10043422608198141,-6.140026081981404,0.09005,tempo,0.6656800612340033,0.6464695772982111,192,48.0,0.006234226081981403
LTC,2025-04-06 19:00:00+00:00,2025-04-06 19:00:00+00:00,2025-04-06 23:30:00+00:00,1,73.07,68.47027942115945,4672.790578840546,68.47027942115945,stop,-1.0,-1.0200014718387402,18,4.5,4.599720578840547
LTC,2025-04-07 00:00:00+00:00,2025-04-07 00:00:00+00:00,2025-04-07 06:30:00+00:00,1,70.56,66.0409442658881,4589.615734111902,66.0409442658881,stop,-1.0,-1.0196480457416348,26,6.5,4.519055734111902
LTC,2025-04-07 07:00:00+00:00,2025-04-07 07:00:00+00:00,2025-04-09 07:00:00+00:00,1,63.75,59.264329268852265,4549.420731147735,69.9,tempo,1.3710324204796065,1.3516657515449537,192,48.0,4.485670731147735
LTC,2025-05-01 21:00:00+00:00,2025-05-01 21:00:00+00:00,2025-05-03 21:00:00+00:00,-1,90.18,94.97756191450547,-4707.381914505465,86.88,tempo,0.6878493824170223,0.6638603225464186,192,48.0,4.797561914505465
LTC,2025-05-05 09:00:00+00:00,2025-05-05 09:00:00+00:00,2025-05-07 00:15:00+00:00,-1,88.44,92.90804054366181,-4379.600543661815,92.90804054366181,stop,-1.0,-1.0263820852119605,157,39.25,4.4680405436618145
LTC,2025-05-07 01:00:00+00:00,2025-05-07 01:00:00+00:00,2025-05-09 01:00:00+00:00,-1,92.79,98.41595472131758,-5533.164721317569,94.58,tempo,-0.31816822009203505,-0.3398161902647273,192,48.0,5.625954721317569
LTC,2025-05-09 22:00:00+00:00,2025-05-09 22:00:00+00:00,2025-05-10 00:30:00+00:00,-1,100.14,106.11853123612461,-5878.391236124609,106.11853123612461,stop,-1.0,-1.0224249134124097,10,2.5,5.97853123612461
LTC,2025-05-10 01:00:00+00:00,2025-05-10 01:00:00+00:00,2025-05-12 01:00:00+00:00,-1,103.56,109.88009138189508,-6216.531381895082,101.12,tempo,0.38607036711364173,0.3650197221212101,192,48.0,6.320091381895082
LTC,2025-05-20 19:00:00+00:00,2025-05-20 19:00:00+00:00,2025-05-22 19:00:00+00:00,1,93.08,87.14909344818619,6023.986551813806,100.39,tempo,1.2325265852931773,1.2113231657313666,192,48.0,5.9309065518138055
LTC,2025-05-30 18:00:00+00:00,2025-05-30 18:00:00+00:00,2025-06-01 18:00:00+00:00,1,87.59,82.4458168091488,5231.773190851209,88.01,tempo,0.08164561494368248,0.059457447111130386,192,48.0,5.144183190851209
LTC,2025-06-28 18:00:00+00:00,2025-06-28 18:00:00+00:00,2025-06-30 18:00:00+00:00,-1,87.16,91.06928174295908,-3822.121742959081,85.97,tempo,0.3044037442794395,0.2756172542285028,192,48.0,3.909281742959081
LTC,2025-07-03 07:00:00+00:00,2025-07-03 07:00:00+00:00,2025-07-05 07:00:00+00:00,-1,90.09,93.88028694016803,-3700.1969401680303,86.85,tempo,0.8548165484949732,0.8244729355138143,192,48.0,3.7902869401680306
LTC,2025-07-12 14:00:00+00:00,2025-07-12 14:00:00+00:00,2025-07-14 14:00:00+00:00,1,92.54,88.84966508041447,3782.8749195855385,97.1,tempo,1.2356602041183085,1.2022578158023332,192,48.0,3.6903349195855384
LTC,2025-07-16 01:00:00+00:00,2025-07-16 01:00:00+00:00,2025-07-17 10:00:00+00:00,-1,96.99,101.20075523781996,-4113.765237819967,101.20075523781996,stop,-1.0,-1.0305940344733215,132,33.0,4.210755237819967
LTC,2025-07-18 02:00:00+00:00,2025-07-18 02:00:00+00:00,2025-07-18 05:15:00+00:00,-1,104.28,109.05869356029747,-4674.413560297469,109.05869356029747,stop,-1.0,-1.0290184229359878,13,3.25,4.778693560297469
LTC,2025-07-18 06:00:00+00:00,2025-07-18 06:00:00+00:00,2025-07-19 22:45:00+00:00,-1,108.96,114.2337649479279,-5164.804947927902,114.2337649479279,stop,-1.0,-1.0275089900002379,163,40.75,5.273764947927901
LTC,2025-07-19 23:00:00+00:00,2025-07-19 23:00:00+00:00,2025-07-20 17:30:00+00:00,-1,113.56,121.18320745149458,-7509.647451494579,121.18320745149458,stop,-1.0,-1.0200156018072888,74,18.5,7.623207451494579
LTC,2025-07-20 18:00:00+00:00,2025-07-20 18:00:00+00:00,2025-07-22 18:00:00+00:00,-1,118.34,126.3124803702988,-7854.140370298797,118.92,tempo,-0.07275025751844663,-0.0920941746981662,192,48.0,7.972480370298797
LTC,2025-08-04 14:00:00+00:00,2025-08-04 14:00:00+00:00,2025-08-05 09:30:00+00:00,-1,118.44,125.82615206988645,-7267.71206988645,125.82615206988645,stop,-1.0,-1.021496037089833,78,19.5,7.38615206988645
LTC,2025-08-05 10:00:00+00:00,2025-08-05 10:00:00+00:00,2025-08-07 10:00:00+00:00,-1,127.26,135.47594714381688,-8088.687143816876,117.99,tempo,1.1282935293682346,1.1088907146702396,192,48.0,8.215947143816877
LTC,2025-08-13 01:00:00+00:00,2025-08-13 01:00:00+00:00,2025-08-15 01:00:00+00:00,-1,130.91,139.09559768004516,-8054.687680045163,121.38,tempo,1.1642399703117856,1.1442061858027117,192,48.0,8.185597680045163
LTC,2025-08-25 18:00:00+00:00,2025-08-25 18:00:00+00:00,2025-08-27 18:00:00+00:00,1,111.68,105.24169261201442,6549.987387985589,114.02,tempo,0.36344956197130657,0.34066329359993874,192,48.0,6.4383073879855885
LTC,2025-09-14 12:00:00+00:00,2025-09-14 12:00:00+00:00,2025-09-16 12:00:00+00:00,1,115.45,110.75246200600573,4812.987993994274,114.3,tempo,-0.24480908967000628,-0.27659967873834923,192,48.0,4.697537993994274
LTC,2025-09-22 07:00:00+00:00,2025-09-22 07:00:00+00:00,2025-09-24 07:00:00+00:00,1,106.85,102.58167909854248,4375.170901457514,106.89,tempo,0.009371366615464023,-0.023177966765856695,192,48.0,4.268320901457514
LTC,2025-09-29 19:00:00+00:00,2025-09-29 19:00:00+00:00,2025-10-01 19:00:00+00:00,1,105.8,101.85403469019805,4051.765309801949,111.26,tempo,1.3836918399756661,1.3479365839298187,192,48.0,3.9459653098019487
LTC,2025-10-02 01:00:00+00:00,2025-10-02 01:00:00+00:00,2025-10-03 17:45:00+00:00,-1,117.97,122.99363179225112,-4905.661792251123,122.99363179225112,stop,-1.0,-1.03117791413506,163,40.75,5.023631792251123
LTC,2025-10-09 23:00:00+00:00,2025-10-09 23:00:00+00:00,2025-10-10 13:15:00+00:00,-1,126.61,133.40731668992535,-6670.706689925353,133.40731668992535,stop,-1.0,-1.0248644080536886,57,14.25,6.797316689925353
LTC,2025-10-10 14:00:00+00:00,2025-10-10 14:00:00+00:00,2025-10-12 14:00:00+00:00,-1,133.79,141.3004292131348,-7376.639213134813,94.84,tempo,5.186121710844601,5.166334626007945,192,48.0,7.510429213134813
LTC,2025-11-03 20:00:00+00:00,2025-11-03 20:00:00+00:00,2025-11-04 20:30:00+00:00,1,87.36,81.12137516817569,6325.98483182431,81.12137516817569,stop,-1.0,-1.0175540117912958,98,24.5,6.2386248318243105
LTC,2025-11-07 16:00:00+00:00,2025-11-07 16:00:00+00:00,2025-11-07 16:30:00+00:00,-1,93.05,99.98029480596482,-6837.24480596482,99.98029480596482,stop,-1.0,-1.0181045244303153,2,0.5,6.93029480596482
LTC,2025-11-07 17:00:00+00:00,2025-11-07 17:00:00+00:00,2025-11-09 17:00:00+00:00,-1,103.27,112.47487239925387,-9101.602399253872,105.66,tempo,-0.2596450984148057,-0.2743986435058825,192,48.0,9.204872399253873
LTC,2025-11-15 02:00:00+00:00,2025-11-15 02:00:00+00:00,2025-11-17 02:00:00+00:00,-1,101.8,110.9435103826915,-9041.710382691503,96.37,tempo,0.5938638195543456,0.57977617765219,192,48.0,9.143510382691503
LTC,2025-12-18 06:00:00+00:00,2025-12-18 06:00:00+00:00,2025-12-20 06:00:00+00:00,1,74.9,70.96806449166186,4006.8355083381425,76.71,tempo,0.460333084345271,0.4352699825240381,192,48.0,3.9319355083381424
LTC,2025-12-28 00:00:00+00:00,2025-12-28 00:00:00+00:00,2025-12-30 00:00:00+00:00,-1,80.28,83.94973660592544,-3589.456605925436,78.3,tempo,0.5395482598949868,0.5114598679832719,192,48.0,3.6697366059254364
LTC,2026-01-12 00:00:00+00:00,2026-01-12 00:00:00+00:00,2026-01-12 13:15:00+00:00,1,78.76,75.96800776181604,2870.752238183966,75.96800776181604,stop,-1.0,-1.03602202171973,53,13.25,2.7919922381839655
LTC,2026-01-12 14:00:00+00:00,2026-01-12 14:00:00+00:00,2026-01-14 14:00:00+00:00,1,76.14,73.3537797762681,2862.3602237319024,78.58,tempo,0.8757383853641789,0.8396436075202015,192,48.0,2.7862202237319025
LTC,2026-01-15 01:00:00+00:00,2026-01-15 01:00:00+00:00,2026-01-15 03:30:00+00:00,1,76.23,73.2728388199428,3033.3911800571987,73.2728388199428,stop,-1.0,-1.0328615314878045,10,2.5,2.9571611800571986
LTC,2026-01-15 04:00:00+00:00,2026-01-15 04:00:00+00:00,2026-01-15 16:00:00+00:00,1,73.9,70.92153756642023,3052.362433579779,70.92153756642023,stop,-1.0,-1.0316048973312162,48,12.0,2.9784624335797787
LTC,2026-01-15 16:00:00+00:00,2026-01-15 16:00:00+00:00,2026-01-17 16:00:00+00:00,1,72.28,69.13578943147257,3216.4905685274275,74.86,tempo,0.8205557305305816,0.7901376023818703,192,48.0,3.144210568527427
LTC,2026-01-19 10:00:00+00:00,2026-01-19 10:00:00+00:00,2026-01-20 22:45:00+00:00,1,70.1,66.66974107254431,3500.358927455682,66.66974107254431,stop,-1.0,-1.0259165076390002,147,36.75,3.4302589274556823
LTC,2026-01-31 15:00:00+00:00,2026-01-31 15:00:00+00:00,2026-01-31 17:15:00+00:00,1,60.31,57.2822767465487,3088.033253451299,57.2822767465487,stop,-1.0,-1.0252450351260236,9,2.25,3.027723253451299
LTC,2026-01-31 18:00:00+00:00,2026-01-31 18:00:00+00:00,2026-01-31 18:45:00+00:00,1,58.17,55.15039063101187,3077.779368988135,55.15039063101187,stop,-1.0,-1.0243933055270789,3,0.75,3.019609368988135
LTC,2026-01-31 19:00:00+00:00,2026-01-31 19:00:00+00:00,2026-02-02 19:00:00+00:00,1,57.74,54.74227313866343,3055.4668613365734,60.33,tempo,0.863987988166878,0.8383867564503293,192,48.0,2.9977268613365737
LTC,2026-02-05 06:00:00+00:00,2026-02-05 06:00:00+00:00,2026-02-07 06:00:00+00:00,-1,58.15,61.58081572446005,-3372.6657244600538,54.56,tempo,1.0463983752916357,1.0250444158009873,192,48.0,3.4308157244600537
LTC,2026-02-20 18:00:00+00:00,2026-02-20 18:00:00+00:00,2026-02-22 18:00:00+00:00,-1,55.2,58.125675618512716,-2870.4756185127135,53.26,tempo,0.6630947011775068,0.6389980448175516,192,48.0,2.925675618512713
LTC,2026-02-25 15:00:00+00:00,2026-02-25 15:00:00+00:00,2026-02-27 15:00:00+00:00,-1,57.03,60.1321304843198,-3045.1004843198007,54.55,tempo,0.7994505751887446,0.7760708365328116,192,48.0,3.102130484319801
LTC,2026-03-27 16:00:00+00:00,2026-03-27 16:00:00+00:00,2026-03-29 16:00:00+00:00,-1,54.29,56.19984566813326,-1855.5556681332578,53.5,tempo,0.413645988878342,0.3769605638887499,192,48.0,1.9098456681332578
LTC,2026-04-02 18:00:00+00:00,2026-04-02 18:00:00+00:00,2026-04-04 18:00:00+00:00,1,51.6,49.859285479453646,1792.314520546355,53.64,tempo,1.1719325460442003,1.1326348902869945,192,48.0,1.740714520546355
LTC,2026-04-13 17:00:00+00:00,2026-04-13 17:00:00+00:00,2026-04-15 17:00:00+00:00,1,53.08,51.54927647929505,1583.8035207049459,55.01,tempo,1.260841669899457,1.214942786757161,192,48.0,1.5307235207049459
LTC,2026-04-29 10:00:00+00:00,2026-04-29 10:00:00+00:00,2026-05-01 10:00:00+00:00,-1,57.25,58.84752695316043,-1540.2769531604326,54.99,tempo,1.414686616416065,1.3690185293420603,192,48.0,1.5975269531604326
LTC,2026-05-01 10:00:00+00:00,2026-05-01 10:00:00+00:00,2026-05-03 10:00:00+00:00,1,54.99,53.4148593521285,1630.1306478714998,55.03,tempo,0.025394557656836212,-0.02000646738599796,192,48.0,1.5751406478714998
LTC,2026-05-05 04:00:00+00:00,2026-05-05 04:00:00+00:00,2026-05-07 04:00:00+00:00,1,55.06,53.583110345215864,1531.949654784138,56.17,tempo,0.7515795079235198,0.7026256136594509,192,48.0,1.476889654784138
LTC,2026-05-08 16:00:00+00:00,2026-05-08 16:00:00+00:00,2026-05-10 16:00:00+00:00,-1,57.8,59.39743918275644,-1539.639182756446,59.04,tempo,-0.7762423843018122,-0.8237847263326069,192,48.0,1.597439182756446
LTC,2026-05-18 08:00:00+00:00,2026-05-18 08:00:00+00:00,2026-05-20 08:00:00+00:00,1,53.68,51.84201431214615,1891.665687853852,54.11,tempo,0.23395176732964382,0.1958320472126659,192,48.0,1.8379856878538519
LTC,2026-06-03 23:00:00+00:00,2026-06-03 23:00:00+00:00,2026-06-05 23:00:00+00:00,-1,47.62,49.373783643657795,-1706.1636436577978,43.55,tempo,2.3206967488369097,2.2869066629193546,192,48.0,1.7537836436577976
LTC,2026-06-06 05:00:00+00:00,2026-06-06 05:00:00+00:00,2026-06-08 05:00:00+00:00,1,40.95,38.68898778144111,2301.962218558896,42.13,tempo,0.5218901473925238,0.4980061543929551,192,48.0,2.2610122185588963
LTC,2026-06-24 04:00:00+00:00,2026-06-24 04:00:00+00:00,2026-06-24 17:30:00+00:00,1,41.76,39.99806466659161,1803.6953334083883,39.99806466659161,stop,-1.0,-1.0301615734843583,54,13.5,1.7619353334083883
LTC,2026-07-18 17:00:00+00:00,2026-07-18 17:00:00+00:00,2026-07-20 17:00:00+00:00,-1,47.15,48.88865759562842,-1691.5075956284245,47.35,tempo,-0.11503127499219554,-0.15036025532417308,192,48.0,1.7386575956284247
LTC,2026-07-27 19:00:00+00:00,2026-07-27 19:00:00+00:00,2026-07-29 15:00:00+00:00,1,46.37,44.84312029719659,1573.2497028034056,44.84312029719659,stop,-1.0,-1.038829862027979,176,44.0,1.5268797028034058
LTC,2026-07-29 15:00:00+00:00,2026-07-29 15:00:00+00:00,2026-07-31 15:00:00+00:00,1,44.93,43.39977976892779,1575.1502310722067,44.85,tempo,-0.05228005640988243,-0.0904163970587771,192,48.0,1.5302202310722066
LTC,2026-08-21 16:00:00+00:00,2026-08-21 16:00:00+00:00,2026-08-21 22:45:00+00:00,-1,51.83,53.62702258278394,-1745.1925827839386,53.62702258278394,stop,-1.0,-1.0381447986995338,27,6.75,1.7970225827839386
LTC,2026-08-21 23:00:00+00:00,2026-08-21 23:00:00+00:00,2026-08-23 23:00:00+00:00,-1,53.81,55.768537484966686,-1904.7274849666835,52.35,tempo,0.7454542030503117,0.7102217908398435,192,48.0,1.9585374849666835
LTC,2026-08-25 10:00:00+00:00,2026-08-25 10:00:00+00:00,2026-08-27 10:00:00+00:00,1,51.26,48.680402965140914,2630.8570348590843,50.23,tempo,-0.3992871700816895,-0.4248603503530817,192,48.0,2.579597034859084
LTC,2026-09-01 22:00:00+00:00,2026-09-01 22:00:00+00:00,2026-09-03 22:00:00+00:00,-1,49.93,52.07167569955687,-2091.7456995568705,51.69,tempo,-0.8217864172265464,-0.8526281548498789,192,48.0,2.1416756995568704
LTC,2026-09-05 05:00:00+00:00,2026-09-05 05:00:00+00:00,2026-09-05 17:15:00+00:00,-1,52.57,54.75793425963039,-2135.3642596303885,54.75793425963039,stop,-1.0,-1.0318853991895283,49,12.25,2.1879342596303886
LTC,2026-09-05 18:00:00+00:00,2026-09-05 18:00:00+00:00,2026-09-07 12:45:00+00:00,-1,54.9,57.25007830962072,-2295.17830962072,57.25007830962072,stop,-1.0,-1.0310192007657049,171,42.75,2.35007830962072
LTC,2026-09-07 13:00:00+00:00,2026-09-07 13:00:00+00:00,2026-09-09 13:00:00+00:00,-1,59.07,62.077384228690505,-2948.3142286905045,54.18,tempo,1.6259977535791084,1.6015205021199381,192,48.0,3.007384228690505
LINK,2025-04-02 14:00:00+00:00,2025-04-02 14:00:00+00:00,2025-04-03 12:45:00+00:00,1,13.522,12.623410321812443,912.1116781875571,12.623410321812443,stop,-1.0,-1.0189124325837526,91,22.75,0.8985896781875571
LINK,2025-04-15 11:00:00+00:00,2025-04-15 11:00:00+00:00,2025-04-17 11:00:00+00:00,1,12.59,11.5085919159561,1093.9980840439005,12.427,tempo,-0.15072940770931315,-0.16576633062484397,192,48.0,1.0814080840439004
LINK,2025-04-21 17:00:00+00:00,2025-04-21 17:00:00+00:00,2025-04-23 17:00:00+00:00,1,13.108,12.171522486842262,949.5855131577384,14.806,tempo,1.813177546863307,1.7938027089787119,192,48.0,0.9364775131577385
LINK,2025-04-23 23:00:00+00:00,2025-04-23 23:00:00+00:00,2025-04-25 23:00:00+00:00,-1,15.135,16.18622784892946,-1036.092848929459,15.008,tempo,0.12081110686834819,0.10217294957451992,192,48.0,1.051227848929459
LINK,2025-05-08 15:00:00+00:00,2025-05-08 15:00:00+00:00,2025-05-08 20:45:00+00:00,-1,14.893,15.723796960416195,-815.903960416194,15.723796960416195,stop,-1.0,-1.0239540091893222,23,5.75,0.830796960416194
LINK,2025-05-08 21:00:00+00:00,2025-05-08 21:00:00+00:00,2025-05-09 08:45:00+00:00,-1,15.83,16.73440568389072,-888.5756838907206,16.73440568389072,stop,-1.0,-1.0234041692478866,47,11.75,0.9044056838907206
LINK,2025-05-10 17:00:00+00:00,2025-05-10 17:00:00+00:00,2025-05-12 07:45:00+00:00,-1,16.897,17.909773079259548,-995.8760792595492,17.909773079259548,stop,-1.0,-1.0223390638681467,155,38.75,1.0127730792595493
LINK,2025-05-12 09:00:00+00:00,2025-05-12 09:00:00+00:00,2025-05-14 09:00:00+00:00,-1,17.575,18.64271205776761,-1050.1370577676114,16.856,tempo,0.6734025290519747,0.6524416811930559,192,48.0,1.0677120577676114
LINK,2025-05-15 23:00:00+00:00,2025-05-15 23:00:00+00:00,2025-05-17 23:00:00+00:00,1,15.926,14.868320180083023,1073.6058199169772,15.221,tempo,-0.6665533242898963,-0.6856947975588004,192,48.0,1.0576798199169772
LINK,2025-05-30 03:00:00+00:00,2025-05-30 03:00:00+00:00,2025-05-31 00:30:00+00:00,1,14.661,13.675528794972205,1000.1322050277943,13.675528794972205,stop,-1.0,-1.01869029112445,86,21.5,0.9854712050277943
LINK,2025-06-10 12:00:00+00:00,2025-06-10 12:00:00+00:00,2025-06-12 12:00:00+00:00,-1,15.159,16.061801885024348,-887.6428850243474,14.113,tempo,1.1586152148672042,1.137539937649006,192,48.0,0.9028018850243473
LINK,2025-06-24 16:00:00+00:00,2025-06-24 16:00:00+00:00,2025-06-26 16:00:00+00:00,-1,13.347,14.238916639428767,-878.5696394287679,13.108,tempo,0.2679622617569593,0.24868271337784947,192,48.0,0.8919166394287679
LINK,2025-07-09 06:00:00+00:00,2025-07-09 06:00:00+00:00,2025-07-10 21:00:00+00:00,-1,14.068,14.77596385500442,-693.8958550044205,14.77596385500442,stop,-1.0,-1.026482392248169,156,39.0,0.7079638550044205
LINK,2025-07-16 01:00:00+00:00,2025-07-16 01:00:00+00:00,2025-07-17 09:15:00+00:00,-1,16.212,17.13606594270501,-907.8539427050098,17.13606594270501,stop,-1.0,-1.0234574632188105,129,32.25,0.9240659427050097
LINK,2025-07-17 13:00:00+00:00,2025-07-17 13:00:00+00:00,2025-07-18 00:45:00+00:00,-1,17.254,18.230655044531822,-959.401044531821,18.230655044531822,stop,-1.0,-1.0236163483802025,47,11.75,0.976655044531821
LINK,2025-07-18 01:00:00+00:00,2025-07-18 01:00:00+00:00,2025-07-20 01:00:00+00:00,-1,18.394,19.481739876934288,-1069.3458769342897,18.425,tempo,-0.028499460815368333,-0.05050136633293699,192,48.0,1.0877398769342896
LINK,2025-07-20 09:00:00+00:00,2025-07-20 09:00:00+00:00,2025-07-21 11:15:00+00:00,-1,19.106,20.255444919771083,-1130.3389197710815,20.255444919771083,stop,-1.0,-1.0222585169221912,105,26.25,1.1494449197710814
LINK,2025-07-24 05:00:00+00:00,2025-07-24 05:00:00+00:00,2025-07-26 05:00:00+00:00,1,17.956,16.73785009016085,1236.1059098391484,18.354,tempo,0.32672497595353756,0.3073501027877903,192,48.0,1.2181499098391484
LINK,2025-08-07 17:00:00+00:00,2025-08-07 17:00:00+00:00,2025-08-08 03:30:00+00:00,-1,17.945,19.047533926233818,-1084.588926233818,19.047533926233818,stop,-1.0,-1.0218089860818964,42,10.5,1.1025339262338179
LINK,2025-08-08 04:00:00+00:00,2025-08-08 04:00:00+00:00,2025-08-09 02:15:00+00:00,-1,19.196,20.402553815212634,-1187.357815212633,20.402553815212634,stop,-1.0,-1.021332707795841,89,22.25,1.206553815212633
LINK,2025-08-09 03:00:00+00:00,2025-08-09 03:00:00+00:00,2025-08-10 00:00:00+00:00,-1,20.605,21.952776270561543,-1327.1712705615425,21.952776270561543,stop,-1.0,-1.0205245894144876,84,21.0,1.3477762705615426
LINK,2025-08-10 00:00:00+00:00,2025-08-10 00:00:00+00:00,2025-08-12 00:00:00+00:00,-1,21.939,23.38246483821505,-1421.5258382150498,21.062,tempo,0.607565890613916,0.588202308446883,192,48.0,1.44346483821505
LINK,2025-08-12 15:00:00+00:00,2025-08-12 15:00:00+00:00,2025-08-14 15:00:00+00:00,-1,23.264,25.00563187852157,-1718.3678785215702,22.969,tempo,0.16938137366342687,0.15212660796316307,192,48.0,1.74163187852157
LINK,2025-08-17 05:00:00+00:00,2025-08-17 05:00:00+00:00,2025-08-17 16:00:00+00:00,-1,24.208,26.107494995470198,-1875.2869954701994,26.107494995470198,stop,-1.0,-1.017217771999952,44,11.0,1.8994949954701994
LINK,2025-08-17 16:00:00+00:00,2025-08-17 16:00:00+00:00,2025-08-19 16:00:00+00:00,-1,26.29,28.397734240192097,-2081.444240192098,24.274,tempo,0.9564773212662052,0.940883989159495,192,48.0,2.107734240192098
LINK,2025-09-22 07:00:00+00:00,2025-09-22 07:00:00+00:00,2025-09-24 07:00:00+00:00,1,21.322,20.214965663061484,1128.356336938515,21.738,tempo,0.3757787686608181,0.3504959033818575,192,48.0,1.107034336938515
LINK,2025-09-29 17:00:00+00:00,2025-09-29 17:00:00+00:00,2025-10-01 17:00:00+00:00,1,21.29,20.20986788325169,1101.4221167483095,22.404,tempo,1.0313553154531216,1.0050612172038258,192,48.0,1.0801321167483096
LINK,2025-10-03 18:00:00+00:00,2025-10-03 18:00:00+00:00,2025-10-05 18:00:00+00:00,1,22.321,21.1710931689268,1172.2278310732027,22.251,tempo,-0.060874497053530506,-0.08606940782118006,192,48.0,1.1499068310732028
LINK,2025-10-07 01:00:00+00:00,2025-10-07 01:00:00+00:00,2025-10-09 01:00:00+00:00,-1,23.556,24.743621580062698,-1164.0655800626964,22.519,tempo,0.8731737595617433,0.8479563414019798,192,48.0,1.1876215800626966
LINK,2025-10-10 13:00:00+00:00,2025-10-10 13:00:00+00:00,2025-10-12 13:00:00+00:00,-1,22.592,23.78697371506071,-1172.381715060712,17.53,tempo,4.236076439340606,4.214252277293096,192,48.0,1.194973715060712
LINK,2025-10-29 21:00:00+00:00,2025-10-29 21:00:00+00:00,2025-10-31 21:00:00+00:00,-1,18.426,19.73024501858929,-1285.8190185892918,17.175,tempo,0.9591756013399343,0.9414330378873788,192,48.0,1.3042450185892918
LINK,2025-11-03 21:00:00+00:00,2025-11-03 21:00:00+00:00,2025-11-04 20:30:00+00:00,1,15.141,13.985944328617652,1170.1966713823479,13.985944328617652,stop,-1.0,-1.0163909968001312,94,23.5,1.1550556713823479
LINK,2025-11-07 17:00:00+00:00,2025-11-07 17:00:00+00:00,2025-11-09 17:00:00+00:00,-1,15.484,16.704258081828115,-1204.7740818281154,15.932,tempo,-0.3671354500097508,-0.38386994274050773,192,48.0,1.2202580818281152
LINK,2025-11-21 02:00:00+00:00,2025-11-21 02:00:00+00:00,2025-11-23 02:00:00+00:00,-1,13.115,14.086735572841906,-958.6205728419061,12.304,tempo,0.8345891852329496,0.8175862572124395,192,48.0,0.9717355728419061
LINK,2025-12-03 05:00:00+00:00,2025-12-03 05:00:00+00:00,2025-12-05 05:00:00+00:00,-1,14.155,15.158048048962254,-988.8930489622544,14.239,tempo,-0.08374474192627875,-0.10214475777705931,192,48.0,1.0030480489622544
LINK,2025-12-18 06:00:00+00:00,2025-12-18 06:00:00+00:00,2025-12-20 06:00:00+00:00,1,12.073,11.289405342598094,795.6676574019061,12.494,tempo,0.5372675732576725,0.5168889886806088,192,48.0,0.7835946574019061
LINK,2026-01-02 04:00:00+00:00,2026-01-02 04:00:00+00:00,2026-01-04 04:00:00+00:00,-1,12.924,13.532786871051627,-595.8628710516275,13.36,tempo,-0.7161783880898204,-0.744241739670461,192,48.0,0.6087868710516275
LINK,2026-01-15 06:00:00+00:00,2026-01-15 06:00:00+00:00,2026-01-17 06:00:00+00:00,1,13.863,13.237423554889554,639.4394451104451,13.702,tempo,-0.25736263131131026,-0.28600381519865553,192,48.0,0.6255764451104451
LINK,2026-01-19 08:00:00+00:00,2026-01-19 08:00:00+00:00,2026-01-20 22:45:00+00:00,1,12.763,12.160177532410476,615.5854675895242,12.160177532410476,stop,-1.0,-1.0268736921184196,155,38.75,0.6028224675895242
LINK,2026-01-28 15:00:00+00:00,2026-01-28 15:00:00+00:00,2026-01-29 15:00:00+00:00,1,11.82,11.264535275921485,567.2847240785152,11.264535275921485,stop,-1.0,-1.0270133228608556,96,24.0,0.5554647240785151
LINK,2026-01-31 09:00:00+00:00,2026-01-31 09:00:00+00:00,2026-01-31 14:30:00+00:00,1,10.461,9.938876671392988,532.5843286070124,9.938876671392988,stop,-1.0,-1.0253961451440639,22,5.5,0.5221233286070124
LINK,2026-01-31 15:00:00+00:00,2026-01-31 15:00:00+00:00,2026-01-31 17:15:00+00:00,1,10.08,9.563578096594886,526.5019034051137,9.563578096594886,stop,-1.0,-1.0247246014907512,9,2.25,0.5164219034051136
LINK,2026-01-31 18:00:00+00:00,2026-01-31 18:00:00+00:00,2026-01-31 18:45:00+00:00,1,9.602,9.085384760752397,526.2172392476028,9.085384760752397,stop,-1.0,-1.023512276006762,3,0.75,0.5166152392476029
LINK,2026-02-04 09:00:00+00:00,2026-02-04 09:00:00+00:00,2026-02-06 09:00:00+00:00,-1,9.707,10.333275866136946,-616.568866136945,8.027,tempo,2.6825239336823548,2.6641181469942894,192,48.0,0.626275866136945
LINK,2026-02-25 15:00:00+00:00,2026-02-25 15:00:00+00:00,2026-02-27 15:00:00+00:00,-1,9.12,9.661645909272071,-532.5259092720718,8.763,tempo,0.6591021807582345,0.6376417583660084,192,48.0,0.5416459092720718
LINK,2026-03-16 16:00:00+00:00,2026-03-16 16:00:00+00:00,2026-03-18 16:00:00+00:00,-1,9.714,10.2234121274853,-499.69812748529984,9.2,tempo,1.009006209839073,0.9848723124764611,192,48.0,0.5094121274852998
LINK,2026-03-30 12:00:00+00:00,2026-03-30 12:00:00+00:00,2026-04-01 12:00:00+00:00,-1,8.865,9.258759549441674,-384.8945494416737,9.017,tempo,-0.3860223840044659,-0.41554116016235493,192,48.0,0.3937595494416737
LINK,2026-04-07 14:00:00+00:00,2026-04-07 14:00:00+00:00,2026-04-09 14:00:00+00:00,1,8.614,8.248009706030803,374.60429396919744,8.735,tempo,0.33060986040843554,0.2997979777278826,192,48.0,0.36599029396919747
LINK,2026-04-09 14:00:00+00:00,2026-04-09 14:00:00+00:00,2026-04-11 14:00:00+00:00,1,8.735,8.337287386300954,406.44761369904563,8.983,tempo,0.6235658398998277,0.5946084983338022,192,48.0,0.39771261369904565
LINK,2026-04-15 00:00:00+00:00,2026-04-15 00:00:00+00:00,2026-04-17 00:00:00+00:00,1,9.014,8.58779229759161,435.22170240838904,9.596,tempo,1.3655313986848898,1.3371496966845604,192,48.0,0.426207702408389
LINK,2026-04-17 00:00:00+00:00,2026-04-17 00:00:00+00:00,2026-04-19 00:00:00+00:00,-1,9.595,10.048698317080069,-444.1033170800681,9.277,tempo,0.7009062807342993,0.6738689311603638,192,48.0,0.45369831708006814
LINK,2026-04-22 14:00:00+00:00,2026-04-22 14:00:00+00:00,2026-04-24 14:00:00+00:00,1,9.522,9.115398137376827,416.1238626231731,9.333,tempo,-0.46482817068440196,-0.49497006408580596,192,48.0,0.4066018626231731
LINK,2026-05-01 18:00:00+00:00,2026-05-01 18:00:00+00:00,2026-05-03 18:00:00+00:00,1,9.216,8.897487457634528,327.72854236547175,9.149,tempo,-0.2103527839199568,-0.24783089988784482,192,48.0,0.3185125423654718
LINK,2026-05-04 11:00:00+00:00,2026-05-04 11:00:00+00:00,2026-05-05 12:00:00+00:00,-1,9.418,9.733467880939447,-306.0498809394476,9.733467880939447,stop,-1.0,-1.0394602901745171,100,25.0,0.31546788093944755
LINK,2026-05-05 23:00:00+00:00,2026-05-05 23:00:00+00:00,2026-05-06 09:15:00+00:00,-1,9.788,10.117955654880882,-320.16765488088197,10.117955654880882,stop,-1.0,-1.0392139700722622,41,10.25,0.32995565488088197
LINK,2026-05-06 10:00:00+00:00,2026-05-06 10:00:00+00:00,2026-05-08 10:00:00+00:00,-1,10.163,10.517773584608111,-344.610584608111,9.869,tempo,0.8286975489586067,0.7919958311168372,192,48.0,0.35477358460811104
LINK,2026-05-08 18:00:00+00:00,2026-05-08 18:00:00+00:00,2026-05-10 16:30:00+00:00,-1,10.293,10.666255726332832,-362.9627263328324,10.666255726332832,stop,-1.0,-1.0364991486023933,186,46.5,0.37325572633283244
LINK,2026-05-22 12:00:00+00:00,2026-05-22 12:00:00+00:00,2026-05-24 12:00:00+00:00,-1,9.887,10.279281985674762,-382.3949856747619,9.592,tempo,0.7520100610599597,0.7197339166985987,192,48.0,0.3922819856747619
LINK,2026-06-01 17:00:00+00:00,2026-06-01 17:00:00+00:00,2026-06-03 17:00:00+00:00,-1,9.003,9.387064664382658,-375.06166438265774,8.322,tempo,1.7731389090288598,1.7438176747567582,192,48.0,0.38406466438265774
LINK,2026-06-03 23:00:00+00:00,2026-06-03 23:00:00+00:00,2026-06-05 23:00:00+00:00,-1,8.387,8.803115656818603,-407.72865681860264,7.45,tempo,2.251777804189826,2.227039369499089,192,48.0,0.41611565681860263
LINK,2026-07-26 23:00:00+00:00,2026-07-26 23:00:00+00:00,2026-07-28 23:00:00+00:00,-1,8.787,9.104785818466551,-308.9988184665503,8.373,tempo,1.3027642391272365,1.2676651272353883,192,48.0,0.3177858184665503
LINK,2026-08-04 07:00:00+00:00,2026-08-04 07:00:00+00:00,2026-08-06 07:00:00+00:00,1,8.142,7.843679903191046,306.4620968089532,8.195,tempo,0.17766151381327314,0.1420653534687673,192,48.0,0.2983200968089532
LINK,2026-08-11 00:00:00+00:00,2026-08-11 00:00:00+00:00,2026-08-11 09:30:00+00:00,-1,8.296,8.567742216192517,-263.44621619251785,8.567742216192517,stop,-1.0,-1.0403376133237958,38,9.5,0.2717422161925178
LINK,2026-08-11 10:00:00+00:00,2026-08-11 10:00:00+00:00,2026-08-13 10:00:00+00:00,-1,8.675,8.969315246707495,-285.64024670749455,8.706,tempo,-0.10532923573207943,-0.14371545637945277,192,48.0,0.29431524670749454
LINK,2026-08-15 01:00:00+00:00,2026-08-15 01:00:00+00:00,2026-08-15 02:15:00+00:00,-1,9.083,9.395229348439418,-303.14634843941803,9.395229348439418,stop,-1.0,-1.0384680336314256,5,1.25,0.3122293484394181
LINK,2026-08-15 03:00:00+00:00,2026-08-15 03:00:00+00:00,2026-08-17 03:00:00+00:00,-1,9.722,10.124933894528782,-393.21189452878264,9.528,tempo,0.4814685551010183,0.4504150741953404,192,48.0,0.4029338945287826
LINK,2026-08-20 22:00:00+00:00,2026-08-20 22:00:00+00:00,2026-08-22 05:15:00+00:00,1,10.568,10.06254580966484,516.0221903351595,10.06254580966484,stop,-1.0,-1.02653030686597,125,31.25,0.5054541903351595
LINK,2026-08-23 05:00:00+00:00,2026-08-23 05:00:00+00:00,2026-08-25 05:00:00+00:00,1,11.275,10.560238860821356,726.0361391786448,11.753,tempo,0.6687548801957602,0.6478133387778812,192,48.0,0.7147611391786448
LINK,2026-09-06 02:00:00+00:00,2026-09-06 02:00:00+00:00,2026-09-06 21:00:00+00:00,-1,12.358,13.017762914382978,-647.4049143829772,13.017762914382978,stop,-1.0,-1.025000262268113,76,19.0,0.6597629143829771
LINK,2026-09-06 21:00:00+00:00,2026-09-06 21:00:00+00:00,2026-09-08 21:00:00+00:00,-1,13.093,13.867932832473393,-761.8398324733931,12.512,tempo,0.7497423978612339,0.7282653752051168,192,48.0,0.7749328324733931
DOT,2025-04-10 11:00:00+00:00,2025-04-10 11:00:00+00:00,2025-04-12 11:00:00+00:00,1,3.479,3.2022334987024914,280.24550129750867,3.577,tempo,0.35408909510568004,0.3375177254547342,192,48.0,0.2767665012975087
DOT,2025-04-20 05:00:00+00:00,2025-04-20 05:00:00+00:00,2025-04-22 05:00:00+00:00,-1,3.937,4.189517388704101,-248.58038870410144,3.722,tempo,0.8514265140446852,0.8317116341088975,192,48.0,0.25251738870410145
DOT,2025-04-22 05:00:00+00:00,2025-04-22 05:00:00+00:00,2025-04-24 05:00:00+00:00,1,3.722,3.4941952159902403,231.5267840097597,3.996,tempo,1.2027842224255538,1.1807622968465674,192,48.0,0.22780478400975968
DOT,2025-04-25 02:00:00+00:00,2025-04-25 02:00:00+00:00,2025-04-27 02:00:00+00:00,-1,4.311,4.570977422303318,-255.66642230331777,4.154,tempo,0.6038985947665365,0.5827342569126883,192,48.0,0.2599774223033178
DOT,2025-05-08 17:00:00+00:00,2025-05-08 17:00:00+00:00,2025-05-09 03:15:00+00:00,-1,4.323,4.542646325997494,-215.3233259974939,4.542646325997494,stop,-1.0,-1.0262361324994989,41,10.25,0.2196463259974939
DOT,2025-05-09 12:00:00+00:00,2025-05-09 12:00:00+00:00,2025-05-10 02:15:00+00:00,-1,4.685,4.931362203860334,-241.67720386033437,4.931362203860334,stop,-1.0,-1.0253717304625705,57,14.25,0.24636220386033436
DOT,2025-05-10 03:00:00+00:00,2025-05-10 03:00:00+00:00,2025-05-11 00:00:00+00:00,-1,5.022,5.301362212817633,-274.34021281763273,5.301362212817633,stop,-1.0,-1.0240196602491543,84,21.0,0.27936221281763274
DOT,2025-05-11 00:00:00+00:00,2025-05-11 00:00:00+00:00,2025-05-13 00:00:00+00:00,-1,5.306,5.611016782654471,-299.7107826544712,5.068,tempo,0.7802849335985927,0.758177625465195,192,48.0,0.3050167826544712
DOT,2025-05-19 16:00:00+00:00,2025-05-19 16:00:00+00:00,2025-05-21 16:00:00+00:00,1,4.555,4.2496860043534666,309.86899564653316,4.757,tempo,0.6616139544217244,0.6417891180686363,192,48.0,0.30531399564653317
DOT,2025-05-23 04:00:00+00:00,2025-05-23 04:00:00+00:00,2025-05-25 04:00:00+00:00,-1,5.103,5.440079852760878,-331.97685276087805,4.515,tempo,1.7443937843924566,1.725847140477684,192,48.0,0.33707985276087804
DOT,2025-05-30 01:00:00+00:00,2025-05-30 01:00:00+00:00,2025-06-01 01:00:00+00:00,1,4.155,3.8886412900126373,270.513709987363,4.066,tempo,-0.3341358726516692,-0.35419772833588364,192,48.0,0.266358709987363
DOT,2025-06-19 06:00:00+00:00,2025-06-19 06:00:00+00:00,2025-06-20 17:30:00+00:00,1,3.584,3.399508845977673,188.07515402232684,3.399508845977673,stop,-1.0,-1.0246043273670247,142,35.5,0.18449115402232685
DOT,2025-06-22 04:00:00+00:00,2025-06-22 04:00:00+00:00,2025-06-22 20:15:00+00:00,1,3.257,3.08569306982729,174.56393017270995,3.08569306982729,stop,-1.0,-1.0240664548201945,65,16.25,0.17130693017270993
DOT,2025-06-25 16:00:00+00:00,2025-06-25 16:00:00+00:00,2025-06-27 16:00:00+00:00,1,3.36,3.1598272128160847,203.5327871839152,3.356,tempo,-0.019982736196428513,-0.04179089534440075,192,48.0,0.20017278718391518
DOT,2025-07-03 07:00:00+00:00,2025-07-03 07:00:00+00:00,2025-07-05 07:00:00+00:00,-1,3.638,3.8364825395204383,-194.84453952043836,3.385,tempo,1.2746713167379033,1.2516720644559165,192,48.0,0.19848253952043837
DOT,2025-07-16 00:00:00+00:00,2025-07-16 00:00:00+00:00,2025-07-18 00:00:00+00:00,-1,4.083,4.326866697193102,-239.78369719310206,4.26,tempo,-0.7258063607588243,-0.7480437144541751,192,48.0,0.24386669719310206
DOT,2025-07-18 06:00:00+00:00,2025-07-18 06:00:00+00:00,2025-07-20 06:00:00+00:00,-1,4.619,4.907119790787479,-283.5007907874791,4.407,tempo,0.7358050601819773,0.7154423492971582,192,48.0,0.28811979078747907
DOT,2025-07-20 12:00:00+00:00,2025-07-20 12:00:00+00:00,2025-07-22 12:00:00+00:00,-1,4.491,4.775067089038944,-279.57608903894453,4.409,tempo,0.2886642035070735,0.2682992959791659,192,48.0,0.2840670890389445
DOT,2025-07-23 22:00:00+00:00,2025-07-23 22:00:00+00:00,2025-07-25 22:00:00+00:00,1,4.1,3.82602073455315,278.0792654468496,4.086,tempo,-0.051098757335398676,-0.0705195700429655,192,48.0,0.2739792654468496
DOT,2025-07-29 05:00:00+00:00,2025-07-29 05:00:00+00:00,2025-07-30 19:15:00+00:00,1,3.967,3.714673957360295,256.29304263970516,3.714673957360295,stop,-1.0,-1.019788239137146,153,38.25,0.25232604263970515
DOT,2025-08-08 18:00:00+00:00,2025-08-08 18:00:00+00:00,2025-08-10 18:00:00+00:00,-1,3.976,4.206590025728812,-226.61402572881227,4.054,tempo,-0.3382626796344304,-0.36089809061330097,192,48.0,0.23059002572881226
DOT,2025-08-10 22:00:00+00:00,2025-08-10 22:00:00+00:00,2025-08-12 22:00:00+00:00,1,4.041,3.8145286586537974,230.51234134620296,4.166,tempo,0.5519462164924196,0.5283911389789024,192,48.0,0.22647134134620295
DOT,2025-08-12 22:00:00+00:00,2025-08-12 22:00:00+00:00,2025-08-14 22:00:00+00:00,-1,4.166,4.408509159033813,-238.34315903381287,3.946,tempo,0.9071822312877088,0.8854395473371005,192,48.0,0.24250915903381287
DOT,2025-08-23 13:00:00+00:00,2025-08-23 13:00:00+00:00,2025-08-25 13:00:00+00:00,-1,4.148,4.400638341684269,-248.49034168426945,3.908,tempo,0.9499745699721848,0.9292477081463416,192,48.0,0.25263834168426946
DOT,2025-08-25 19:00:00+00:00,2025-08-25 19:00:00+00:00,2025-08-27 19:00:00+00:00,1,3.841,3.604801941289562,240.0390587104382,3.881,tempo,0.16934940201619825,0.14809901567770045,192,48.0,0.2361980587104382
DOT,2025-09-07 14:00:00+00:00,2025-09-07 14:00:00+00:00,2025-09-09 14:00:00+00:00,-1,4.074,4.292370140372521,-214.29614037252088,4.171,tempo,-0.4441999251112202,-0.46874197097361503,192,48.0,0.2183701403725209
DOT,2025-09-13 09:00:00+00:00,2025-09-13 09:00:00+00:00,2025-09-15 09:00:00+00:00,-1,4.501,4.720946128438674,-215.4451284386732,4.142,tempo,1.6322178642035003,1.6066754732558624,192,48.0,0.21994612843867323
DOT,2025-09-18 06:00:00+00:00,2025-09-18 06:00:00+00:00,2025-09-19 00:45:00+00:00,-1,4.458,4.687454561535461,-224.99656153546042,4.687454561535461,stop,-1.0,-1.0259072882457356,75,18.75,0.2294545615354604
DOT,2025-09-19 01:00:00+00:00,2025-09-19 01:00:00+00:00,2025-09-21 01:00:00+00:00,-1,4.801,5.074520155405673,-268.7191554056728,4.365,tempo,1.5940324374024444,1.572250130386848,192,48.0,0.27352015540567276
DOT,2025-09-30 03:00:00+00:00,2025-09-30 03:00:00+00:00,2025-10-02 03:00:00+00:00,1,3.929,3.731693319857915,201.23568014208465,4.178,tempo,1.2619947779806038,1.2352873700195288,192,48.0,0.19730668014208463
DOT,2025-10-10 13:00:00+00:00,2025-10-10 13:00:00+00:00,2025-10-12 13:00:00+00:00,-1,4.233,4.454364736690953,-217.131736690953,3.036,tempo,5.407365318854419,5.386021133368379,192,48.0,0.22136473669095302
DOT,2025-11-03 21:00:00+00:00,2025-11-03 21:00:00+00:00,2025-11-05 21:00:00+00:00,1,2.533,2.33077839140011,204.7546085998898,2.652,tempo,0.5884633240923842,0.5717972020921964,192,48.0,0.2022216085998898
DOT,2025-11-07 01:00:00+00:00,2025-11-07 01:00:00+00:00,2025-11-07 16:45:00+00:00,-1,2.786,3.019161826273424,-230.37582627342385,3.019161826273424,stop,-1.0,-1.0161834175318767,63,15.75,0.23316182627342386
DOT,2025-11-07 17:00:00+00:00,2025-11-07 17:00:00+00:00,2025-11-08 02:00:00+00:00,-1,3.103,3.3858190700879622,-279.716070087962,3.3858190700879622,stop,-1.0,-1.0149131824605935,36,9.0,0.28281907008796203
DOT,2025-11-08 02:00:00+00:00,2025-11-08 02:00:00+00:00,2025-11-10 02:00:00+00:00,-1,3.379,3.7025927297785417,-320.2137297785417,3.212,tempo,0.5160808158894367,0.5028414887793006,192,48.0,0.3235927297785417
DOT,2025-12-11 17:00:00+00:00,2025-12-11 17:00:00+00:00,2025-12-13 17:00:00+00:00,1,2.019,1.8740764339297182,146.9425660702819,2.046,tempo,0.18630510366344294,0.16807307921326747,192,48.0,0.1449235660702819
DOT,2025-12-18 06:00:00+00:00,2025-12-18 06:00:00+00:00,2025-12-20 06:00:00+00:00,1,1.774,1.6544124859212346,121.36151407876545,1.834,tempo,0.5017246195157254,0.48211387655425414,192,48.0,0.11958751407876544
DOT,2025-12-27 12:00:00+00:00,2025-12-27 12:00:00+00:00,2025-12-27 21:30:00+00:00,-1,1.765,1.8728081111470571,-106.04311114705725,1.8728081111470571,stop,-1.0,-1.021933185240767,38,9.5,0.10780811114705724
DOT,2025-12-27 22:00:00+00:00,2025-12-27 22:00:00+00:00,2025-12-29 22:00:00+00:00,-1,1.881,1.996411945102606,-113.53094510260588,1.834,tempo,0.40723687620215593,0.3863139986104717,192,48.0,0.11541194510260588
DOT,2026-01-01 17:00:00+00:00,2026-01-01 17:00:00+00:00,2026-01-01 20:15:00+00:00,-1,1.905,2.010304704003947,-103.39970400394675,2.010304704003947,stop,-1.0,-1.0241674679367332,13,3.25,0.10530470400394676
DOT,2026-01-01 21:00:00+00:00,2026-01-01 21:00:00+00:00,2026-01-02 19:45:00+00:00,-1,1.99,2.102566738384691,-110.57673838469111,2.102566738384691,stop,-1.0,-1.0236319219879948,91,22.75,0.11256673838469111
DOT,2026-01-03 00:00:00+00:00,2026-01-03 00:00:00+00:00,2026-01-05 00:00:00+00:00,-1,2.163,2.2896285026506136,-124.46550265061377,2.141,tempo,0.17373655645839042,0.15164358416984508,192,48.0,0.12662850265061376
DOT,2026-01-13 17:00:00+00:00,2026-01-13 17:00:00+00:00,2026-01-15 17:00:00+00:00,-1,2.264,2.3963699233351736,-130.10592333517383,2.163,tempo,0.7630132091582309,0.7412745095541391,192,48.0,0.13236992333517383
DOT,2026-01-19 01:00:00+00:00,2026-01-19 01:00:00+00:00,2026-01-21 01:00:00+00:00,1,1.953,1.820410293793316,134.5427062066841,1.93,tempo,-0.17346746333495278,-0.19250325481687675,192,48.0,0.1325897062066841
DOT,2026-02-05 06:00:00+00:00,2026-02-05 06:00:00+00:00,2026-02-07 06:00:00+00:00,-1,1.443,1.544139355716651,-99.6963557166509,1.368,tempo,0.7415510952048953,0.7234854274235136,192,48.0,0.10113935571665089
DOT,2026-02-14 19:00:00+00:00,2026-02-14 19:00:00+00:00,2026-02-16 19:00:00+00:00,-1,1.414,1.505473866250683,-90.0598662506831,1.349,tempo,0.7105854673494195,0.690951990886555,192,48.0,0.0914738662506831
DOT,2026-02-21 09:00:00+00:00,2026-02-21 09:00:00+00:00,2026-02-23 09:00:00+00:00,-1,1.372,1.454498148874767,-81.12614887476691,1.271,tempo,1.2242698942653767,1.2034457906529687,192,48.0,0.08249814887476692
DOT,2026-02-25 12:00:00+00:00,2026-02-25 12:00:00+00:00,2026-02-25 13:45:00+00:00,-1,1.382,1.4699026438223979,-86.52064382239799,1.4699026438223979,stop,-1.0,-1.0210885206391507,7,1.75,0.08790264382239799
DOT,2026-02-25 14:00:00+00:00,2026-02-25 14:00:00+00:00,2026-02-25 18:00:00+00:00,-1,1.466,1.5636034906323557,-96.13749063235575,1.5636034906323557,stop,-1.0,-1.020175941005313,16,4.0,0.09760349063235574
DOT,2026-02-25 18:00:00+00:00,2026-02-25 18:00:00+00:00,2026-02-25 21:15:00+00:00,-1,1.576,1.6842015058252546,-106.62550582525456,1.6842015058252546,stop,-1.0,-1.0195850414707612,13,3.25,0.10820150582525456
DOT,2026-02-25 22:00:00+00:00,2026-02-25 22:00:00+00:00,2026-02-27 22:00:00+00:00,-1,1.726,1.8515011275714186,-123.77512757141862,1.624,tempo,0.8127417017982964,0.7953912600760827,192,48.0,0.12550112757141862
DOT,2026-03-03 02:00:00+00:00,2026-03-03 02:00:00+00:00,2026-03-05 02:00:00+00:00,1,1.496,1.3718219455130396,125.6740544869604,1.518,tempo,0.17716495954855035,0.16138841990075195,192,48.0,0.1241780544869604
DOT,2026-03-16 07:00:00+00:00,2026-03-16 07:00:00+00:00,2026-03-18 07:00:00+00:00,-1,1.577,1.6748993702372614,-96.32237023726148,1.626,tempo,-0.5005139448930801,-0.5217801695373688,192,48.0,0.09789937023726147
DOT,2026-03-24 12:00:00+00:00,2026-03-24 12:00:00+00:00,2026-03-26 06:30:00+00:00,1,1.395,1.3178493875177095,78.5456124822905,1.3178493875177095,stop,-1.0,-1.0228559702269542,170,42.5,0.07715061248229049
DOT,2026-04-09 06:00:00+00:00,2026-04-09 06:00:00+00:00,2026-04-11 06:00:00+00:00,1,1.25,1.1889011169698604,62.34888303013955,1.285,tempo,0.5728418960250832,0.545873317905788,192,48.0,0.06109888303013955
DOT,2026-04-13 15:00:00+00:00,2026-04-13 15:00:00+00:00,2026-04-15 15:00:00+00:00,1,1.18,1.1185371231446182,62.642876855381765,1.172,tempo,-0.13015986900228405,-0.1550334199686205,192,48.0,0.061462876855381765
DOT,2026-04-16 07:00:00+00:00,2026-04-16 07:00:00+00:00,2026-04-16 15:45:00+00:00,-1,1.251,1.3182471529678186,-65.99615296781869,1.3182471529678186,stop,-1.0,-1.0248339234558863,35,8.75,0.06724715296781869
DOT,2026-04-16 16:00:00+00:00,2026-04-16 16:00:00+00:00,2026-04-18 16:00:00+00:00,-1,1.326,1.4013932348469436,-74.06723484694349,1.295,tempo,0.41117747584293907,0.38858062078746103,192,48.0,0.07539323484694349
DOT,2026-05-06 05:00:00+00:00,2026-05-06 05:00:00+00:00,2026-05-08 05:00:00+00:00,-1,1.302,1.3587313879265366,-55.429387926536535,1.313,tempo,-0.19389619048707543,-0.22385755864893084,192,48.0,0.056731387926536536
DOT,2026-05-08 19:00:00+00:00,2026-05-08 19:00:00+00:00,2026-05-10 19:00:00+00:00,-1,1.37,1.4318777677994003,-60.50776779940024,1.408,tempo,-0.6141139435280039,-0.6432956684708597,192,48.0,0.06187776779940024
DOT,2026-05-13 10:00:00+00:00,2026-05-13 10:00:00+00:00,2026-05-15 10:00:00+00:00,-1,1.431,1.4995671538957618,-67.13615389576174,1.33,tempo,1.4730084925727533,1.4468348817688357,192,48.0,0.06856715389576173
DOT,2026-05-22 06:00:00+00:00,2026-05-22 06:00:00+00:00,2026-05-24 06:00:00+00:00,-1,1.323,1.3874180591297973,-63.09505912979737,1.277,tempo,0.7140854695313565,0.6878505903246611,192,48.0,0.06441805912979737
DOT,2026-05-24 21:00:00+00:00,2026-05-24 21:00:00+00:00,2026-05-26 21:00:00+00:00,1,1.25,1.1835527346911554,67.69726530884459,1.251,tempo,0.015049528304166084,-0.009415737383504201,192,48.0,0.0664472653088446
DOT,2026-06-01 20:00:00+00:00,2026-06-01 20:00:00+00:00,2026-06-03 20:00:00+00:00,-1,1.168,1.2291440637855353,-59.97606378553539,1.096,tempo,1.1775468547943095,1.153479105467708,192,48.0,0.061144063785535385
DOT,2026-06-03 21:00:00+00:00,2026-06-03 21:00:00+00:00,2026-06-05 21:00:00+00:00,-1,1.083,1.144640943375037,-60.55794337503712,0.953,tempo,2.1089878396093207,2.0875183434020976,192,48.0,0.061640943375037116
DOT,2026-06-27 19:00:00+00:00,2026-06-27 19:00:00+00:00,2026-06-29 19:00:00+00:00,1,0.834,0.777114055596529,57.71994440347095,0.831,tempo,-0.0527371045951547,-0.07176201507785675,192,48.0,0.056885944403470945
DOT,2026-07-10 22:00:00+00:00,2026-07-10 22:00:00+00:00,2026-07-12 22:00:00+00:00,-1,0.88,0.9277727881779823,-46.89278817798225,0.849,tempo,0.6489049767098889,0.6253800780622951,192,48.0,0.04777278817798225
DOT,2026-07-17 07:00:00+00:00,2026-07-17 07:00:00+00:00,2026-07-19 07:00:00+00:00,-1,0.851,0.8935721217931951,-41.72112179319514,0.838,tempo,0.3053641550484799,0.2795761521546358,192,48.0,0.04257212179319514
DOT,2026-07-27 23:00:00+00:00,2026-07-27 23:00:00+00:00,2026-07-29 23:00:00+00:00,1,0.7544,0.7207062126106833,34.44818738931661,0.7622,tempo,0.23149668245586422,0.20223936007148402,192,48.0,0.03369378738931661
DOT,2026-08-02 09:00:00+00:00,2026-08-02 09:00:00+00:00,2026-08-03 14:00:00+00:00,-1,0.7955,0.8284986926637758,-32.203192663775866,0.8284986926637758,stop,-1.0,-1.0319891203262799,116,29.0,0.032998692663775864
DOT,2026-08-04 02:00:00+00:00,2026-08-04 02:00:00+00:00,2026-08-06 02:00:00+00:00,-1,0.8368,0.871324463777794,-33.68766377779406,0.8403,tempo,-0.10137738916168886,-0.1329525356148296,192,48.0,0.03452446377779406
DOT,2026-08-18 03:00:00+00:00,2026-08-18 03:00:00+00:00,2026-08-20 03:00:00+00:00,1,0.7279,0.7007112886673799,27.91661133262013,0.7893,tempo,2.2582901870135452,2.2220185157329424,192,48.0,0.02718871133262013
DOT,2026-08-20 11:00:00+00:00,2026-08-20 11:00:00+00:00,2026-08-22 11:00:00+00:00,1,0.8077,0.7747691063483825,33.73859365161749,0.9197,tempo,3.401061665221429,3.366965718361364,192,48.0,0.0329308936516175
DOT,2026-08-23 03:00:00+00:00,2026-08-23 03:00:00+00:00,2026-08-25 03:00:00+00:00,1,0.9084,0.8552631699557454,54.04523004425462,0.9122,tempo,0.07151348691360067,0.04924286973499927,192,48.0,0.053136830044254624
DOT,2026-09-01 18:00:00+00:00,2026-09-01 18:00:00+00:00,2026-09-03 18:00:00+00:00,-1,0.8745,0.923545660797353,-48.171160797352954,0.8883,tempo,-0.2813704571545853,-0.304732768547112,192,48.0,0.04904566079735295
DOT,2026-09-05 13:00:00+00:00,2026-09-05 13:00:00+00:00,2026-09-06 11:15:00+00:00,-1,0.9175,0.9734130799369792,-54.995579936979254,0.9734130799369792,stop,-1.0,-1.0219822178163744,89,22.25,0.05591307993697925
DOT,2026-09-06 12:00:00+00:00,2026-09-06 12:00:00+00:00,2026-09-07 13:30:00+00:00,-1,0.9843,1.0444795076769042,-59.19520767690428,1.0444795076769042,stop,-1.0,-1.0219128858127247,102,25.5,0.060179507676904276
DOT,2026-09-07 14:00:00+00:00,2026-09-07 14:00:00+00:00,2026-09-08 15:00:00+00:00,-1,1.056,1.1322701226125191,-75.21412261251909,1.1322701226125191,stop,-1.0,-1.0186491843854026,100,25.0,0.07627012261251909
DOT,2026-09-08 16:00:00+00:00,2026-09-08 16:00:00+00:00,2026-09-10 05:00:00+00:00,-1,1.1954,1.2944464948348609,-97.85109483486083,1.1056,fim_dados,0.906644906008261,0.8915444221143717,148,37.0,0.09904649483486083
AVAX,2025-05-07 15:00:00+00:00,2025-05-07 15:00:00+00:00,2025-05-09 15:00:00+00:00,1,19.44,18.30416730200609,1155.2726979939123,23.101,tempo,3.223185955524957,3.198841128994749,192,48.0,1.1358326979939122
AVAX,2025-05-09 16:00:00+00:00,2025-05-09 16:00:00+00:00,2025-05-10 10:15:00+00:00,-1,23.141,24.540304202345453,-1376.163202345455,24.540304202345453,stop,-1.0,-1.0221487562744225,73,18.25,1.399304202345455
AVAX,2025-05-10 15:00:00+00:00,2025-05-10 15:00:00+00:00,2025-05-12 07:15:00+00:00,-1,24.74,26.261749559753753,-1497.0095597537543,26.261749559753753,stop,-1.0,-1.0217848837223942,161,40.25,1.5217495597537543
AVAX,2025-05-14 03:00:00+00:00,2025-05-14 03:00:00+00:00,2025-05-16 03:00:00+00:00,-1,26.227,27.980937952190192,-1727.710952190192,23.845,tempo,1.3580868108963207,1.3395303961956992,192,48.0,1.753937952190192
AVAX,2025-05-23 03:00:00+00:00,2025-05-23 03:00:00+00:00,2025-05-25 03:00:00+00:00,-1,25.648,27.466014497765947,-1792.3664977659475,22.799,tempo,1.5670942137705564,1.549772817247758,192,48.0,1.8180144977659474
AVAX,2025-05-30 03:00:00+00:00,2025-05-30 03:00:00+00:00,2025-05-31 00:30:00+00:00,1,21.705,20.15561420835704,1571.0907916429583,20.15561420835704,stop,-1.0,-1.0175614100646808,86,21.5,1.5493857916429583
AVAX,2025-06-05 02:00:00+00:00,2025-06-05 02:00:00+00:00,2025-06-05 20:45:00+00:00,1,20.028,18.746555677660414,1301.472322339585,18.746555677660414,stop,-1.0,-1.0196680111270573,75,18.75,1.2814443223395848
AVAX,2025-06-07 12:00:00+00:00,2025-06-07 12:00:00+00:00,2025-06-09 12:00:00+00:00,-1,21.019,22.39965969246311,-1359.6406924631121,20.798,tempo,0.16006840875156833,0.14038140684343794,192,48.0,1.3806596924631123
AVAX,2025-06-13 13:00:00+00:00,2025-06-13 13:00:00+00:00,2025-06-15 13:00:00+00:00,1,19.073,17.77160844743306,1320.4645525669405,19.012,tempo,-0.04687290299347648,-0.06589504122018566,192,48.0,1.3013915525669404
AVAX,2025-06-25 15:00:00+00:00,2025-06-25 15:00:00+00:00,2025-06-27 15:00:00+00:00,1,17.794,16.607990041404406,1203.8039585955944,17.385,tempo,-0.34485376538010987,-0.36413383114538983,192,48.0,1.1860099585955943
AVAX,2025-07-15 21:00:00+00:00,2025-07-15 21:00:00+00:00,2025-07-16 18:45:00+00:00,-1,21.569,22.801352771880516,-1210.7837718805174,22.801352771880516,stop,-1.0,-1.0234029816460044,87,21.75,1.2323527718805174
AVAX,2025-07-18 05:00:00+00:00,2025-07-18 05:00:00+00:00,2025-07-20 05:00:00+00:00,-1,24.556,26.065908681976556,-1485.3526819765545,24.588,tempo,-0.02119333465790146,-0.042349316063468354,192,48.0,1.5099086819765546
AVAX,2025-07-24 05:00:00+00:00,2025-07-24 05:00:00+00:00,2025-07-26 05:00:00+00:00,1,23.608,22.03027744511724,1601.3305548827616,24.074,tempo,0.29536245048777215,0.27571812208283086,192,48.0,1.5777225548827616
AVAX,2025-07-28 10:00:00+00:00,2025-07-28 10:00:00+00:00,2025-07-30 10:00:00+00:00,-1,27.094,28.946541331597725,-1825.4473315977239,23.681,tempo,1.842334063908015,1.8245186719180637,192,48.0,1.852541331597724
AVAX,2025-08-05 00:00:00+00:00,2025-08-05 00:00:00+00:00,2025-08-07 00:00:00+00:00,-1,23.096,24.572337641529373,-1453.2416415293728,22.22,tempo,0.5933602011884844,0.5734085321587045,192,48.0,1.4763376415293727
AVAX,2025-08-10 12:00:00+00:00,2025-08-10 12:00:00+00:00,2025-08-12 12:00:00+00:00,1,23.525,22.088852134668308,1459.672865331691,22.97,tempo,-0.38645045778194825,-0.40749407782243763,192,48.0,1.4361478653316908
AVAX,2025-08-12 23:00:00+00:00,2025-08-12 23:00:00+00:00,2025-08-14 23:00:00+00:00,-1,24.66,26.182111035500967,-1497.4510355009663,23.538,tempo,0.7371341339961578,0.7165517327985416,192,48.0,1.5221110355009664
AVAX,2025-08-23 10:00:00+00:00,2025-08-23 10:00:00+00:00,2025-08-25 10:00:00+00:00,-1,25.826,27.619457431533807,-1767.631431533806,24.311,tempo,0.8447370834468804,0.8265660081668114,192,48.0,1.793457431533806
AVAX,2025-09-10 07:00:00+00:00,2025-09-10 07:00:00+00:00,2025-09-10 13:30:00+00:00,-1,26.971,28.487290900827883,-1489.319900827883,28.487290900827883,stop,-1.0,-1.023773729081838,26,6.5,1.516290900827883
AVAX,2025-09-10 14:00:00+00:00,2025-09-10 14:00:00+00:00,2025-09-12 14:00:00+00:00,-1,28.376,30.069637202528195,-1665.261202528194,28.469,tempo,-0.054911405973589435,-0.07672791422272546,192,48.0,1.693637202528194
AVAX,2025-09-13 05:00:00+00:00,2025-09-13 05:00:00+00:00,2025-09-15 05:00:00+00:00,-1,30.713,32.5953265883267,-1851.6135883266984,29.776,tempo,0.49778821901089493,0.47690031876880584,192,48.0,1.8823265883266984
AVAX,2025-09-18 02:00:00+00:00,2025-09-18 02:00:00+00:00,2025-09-18 18:15:00+00:00,-1,32.511,34.68295177705491,-2139.4407770549074,34.68295177705491,stop,-1.0,-1.0201091336909465,65,16.25,2.1719517770549075
AVAX,2025-09-18 19:00:00+00:00,2025-09-18 19:00:00+00:00,2025-09-20 19:00:00+00:00,-1,34.756,37.10016432537654,-2309.4083253765393,33.188,tempo,0.6688950868442777,0.6500552813230047,192,48.0,2.344164325376539
AVAX,2025-09-23 01:00:00+00:00,2025-09-23 01:00:00+00:00,2025-09-23 15:15:00+00:00,-1,33.489,35.79511871520514,-2272.6297152051443,35.79511871520514,stop,-1.0,-1.0195283429547457,57,14.25,2.3061187152051446
AVAX,2025-09-23 16:00:00+00:00,2025-09-23 16:00:00+00:00,2025-09-25 16:00:00+00:00,-1,35.14,37.82063265561794,-2645.4926556179416,30.237,tempo,1.8290458372670086,1.813193217583763,192,48.0,2.6806326556179414
AVAX,2025-09-25 16:00:00+00:00,2025-09-25 16:00:00+00:00,2025-09-26 02:45:00+00:00,1,30.237,27.942401386823335,2324.835613176664,27.942401386823335,stop,-1.0,-1.016480708514454,43,10.75,2.294598613176664
AVAX,2025-10-10 22:00:00+00:00,2025-10-10 22:00:00+00:00,2025-10-10 22:15:00+00:00,1,21.858,19.853719807020802,2026.1381929791985,19.853719807020802,stop,-1.0,-1.0135273590835934,1,0.25,2.0042801929791985
AVAX,2025-10-10 23:00:00+00:00,2025-10-10 23:00:00+00:00,2025-10-12 23:00:00+00:00,1,20.752,18.78625862903864,1986.4933709613572,22.589,tempo,0.9345074724156639,0.9201761618901991,192,48.0,1.9657413709613571
AVAX,2025-10-30 20:00:00+00:00,2025-10-30 20:00:00+00:00,2025-11-01 20:00:00+00:00,1,17.578,16.340373602214516,1255.2043977854833,18.636,tempo,0.8548621796473527,0.8358426273477902,192,48.0,1.2376263977854833
AVAX,2025-11-05 06:00:00+00:00,2025-11-05 06:00:00+00:00,2025-11-07 06:00:00+00:00,-1,16.509,17.846246590226137,-1320.7375902261367,16.658,tempo,-0.11142297994179523,-0.1275445764802125,192,48.0,1.3372465902261368
AVAX,2025-11-07 16:00:00+00:00,2025-11-07 16:00:00+00:00,2025-11-08 02:15:00+00:00,-1,16.803,18.100875455808186,-1281.0724558081852,18.100875455808186,stop,-1.0,-1.0174805055020844,41,10.25,1.2978754558081853
AVAX,2025-11-08 03:00:00+00:00,2025-11-08 03:00:00+00:00,2025-11-10 03:00:00+00:00,-1,18.076,19.49654852776779,-1402.4725277677887,17.989,tempo,0.0612439478830823,0.044741695730643335,192,48.0,1.4205485277677887
AVAX,2025-11-21 03:00:00+00:00,2025-11-21 03:00:00+00:00,2025-11-23 03:00:00+00:00,-1,13.7,14.720895810389147,-1007.1958103891471,13.345,tempo,0.34773382003074244,0.3305143840989806,192,48.0,1.0208958103891472
AVAX,2025-11-30 06:00:00+00:00,2025-11-30 06:00:00+00:00,2025-12-01 00:45:00+00:00,1,14.028,13.218562437131375,823.4655628686255,13.218562437131375,stop,-1.0,-1.0218797179628911,75,18.75,0.8094375628686254
AVAX,2025-12-03 22:00:00+00:00,2025-12-03 22:00:00+00:00,2025-12-05 22:00:00+00:00,-1,14.898,15.801210565004984,-888.3125650049847,13.278,tempo,1.793601694629268,1.7733246953230222,192,48.0,0.9032105650049846
AVAX,2025-12-11 02:00:00+00:00,2025-12-11 02:00:00+00:00,2025-12-13 02:00:00+00:00,1,13.589,12.77473944670195,827.8495532980501,13.133,tempo,-0.5600173042314726,-0.5813486826577614,192,48.0,0.81426055329805
AVAX,2025-12-16 14:00:00+00:00,2025-12-16 14:00:00+00:00,2025-12-18 14:00:00+00:00,1,11.985,11.284447044809628,712.5379551903713,12.163,tempo,0.2540850033979663,0.23167955940731944,192,48.0,0.7005529551903713
AVAX,2026-01-01 19:00:00+00:00,2026-01-01 19:00:00+00:00,2026-01-01 20:00:00+00:00,-1,12.946,13.544938294565817,-585.9922945658175,13.544938294565817,stop,-1.0,-1.0287493887896253,4,1.0,0.5989382945658175
AVAX,2026-01-01 20:00:00+00:00,2026-01-01 20:00:00+00:00,2026-01-03 04:00:00+00:00,-1,13.547,14.236356436899317,-675.8094368993168,14.236356436899317,stop,-1.0,-1.0261971611742884,128,32.0,0.6893564368993168
AVAX,2026-01-15 04:00:00+00:00,2026-01-15 04:00:00+00:00,2026-01-16 16:00:00+00:00,1,14.14,13.453748574128666,700.3914258713351,13.453748574128666,stop,-1.0,-1.0261361009930294,144,36.0,0.686251425871335
AVAX,2026-01-19 01:00:00+00:00,2026-01-19 01:00:00+00:00,2026-01-21 01:00:00+00:00,1,12.558,11.873665859675874,696.8921403241254,12.25,tempo,-0.4500725330671357,-0.47363587595744144,192,48.0,0.6843341403241254
AVAX,2026-01-31 15:00:00+00:00,2026-01-31 15:00:00+00:00,2026-01-31 17:15:00+00:00,1,10.115,9.555836660212481,569.2783397875189,9.555836660212481,stop,-1.0,-1.0228663843269783,9,2.25,0.5591633397875189
AVAX,2026-02-22 14:00:00+00:00,2026-02-22 14:00:00+00:00,2026-02-23 01:30:00+00:00,1,8.899,8.441150305744747,466.7486942552519,8.441150305744747,stop,-1.0,-1.0246174625431779,46,11.5,0.4578496942552519
AVAX,2026-02-25 13:00:00+00:00,2026-02-25 13:00:00+00:00,2026-02-27 13:00:00+00:00,-1,9.308,9.865258410121363,-547.9504101213636,9.015,tempo,0.5257883859234851,0.5044159852855007,192,48.0,0.5572584101213636
AVAX,2026-03-26 20:00:00+00:00,2026-03-26 20:00:00+00:00,2026-03-28 20:00:00+00:00,1,9.008,8.567697101732069,449.3108982679302,8.878,tempo,-0.2952512929426421,-0.32165561607050275,192,48.0,0.44030289826793023
AVAX,2026-04-02 07:00:00+00:00,2026-04-02 07:00:00+00:00,2026-04-04 07:00:00+00:00,1,8.702,8.267357648586806,443.34435141319386,8.897,tempo,0.4486447290881303,0.4223257337973903,192,48.0,0.43464235141319385
AVAX,2026-04-07 01:00:00+00:00,2026-04-07 01:00:00+00:00,2026-04-09 01:00:00+00:00,1,8.816,8.371600955946619,453.21504405338203,8.961,tempo,0.3262833301292653,0.3002818115512641,192,48.0,0.44439904405338204
AVAX,2026-05-02 01:00:00+00:00,2026-05-02 01:00:00+00:00,2026-05-04 01:00:00+00:00,1,9.088,8.734079262285087,363.0087377149119,9.045,tempo,-0.12149613011554121,-0.15479864320392134,192,48.0,0.35392073771491184
AVAX,2026-05-08 16:00:00+00:00,2026-05-08 16:00:00+00:00,2026-05-10 16:00:00+00:00,-1,9.778,10.159735807252465,-371.9578072524648,10.159735807252465,stop,-1.0,-1.0339489459162607,192,48.0,0.3817358072524648
AVAX,2026-05-10 19:00:00+00:00,2026-05-10 19:00:00+00:00,2026-05-12 19:00:00+00:00,-1,10.395,10.798145705814312,-392.7507058143122,9.824,tempo,1.4163613595899265,1.3837618557121565,192,48.0,0.4031457058143122
AVAX,2026-05-24 22:00:00+00:00,2026-05-24 22:00:00+00:00,2026-05-26 22:00:00+00:00,1,9.073,8.695058613876125,387.01438612387585,9.141,tempo,0.17992207918111305,0.14859685142180235,192,48.0,0.37794138612387584
AVAX,2026-06-01 16:00:00+00:00,2026-06-01 16:00:00+00:00,2026-06-03 16:00:00+00:00,-1,8.727,9.083174361509672,-347.44736150967134,8.188,tempo,1.5133037586293647,1.4824347484249303,192,48.0,0.3561743615096713
AVAX,2026-06-04 00:00:00+00:00,2026-06-04 00:00:00+00:00,2026-06-06 00:00:00+00:00,-1,8.044,8.434797300714731,-382.7533007147305,6.723,tempo,3.3802689977234213,3.3557075435310684,192,48.0,0.3907973007147305
AVAX,2026-06-06 00:00:00+00:00,2026-06-06 00:00:00+00:00,2026-06-06 04:30:00+00:00,1,6.724,6.280843128853567,449.8808711464333,6.280843128853567,stop,-1.0,-1.0190748436595076,18,4.5,0.4431568711464333
AVAX,2026-06-06 05:00:00+00:00,2026-06-06 05:00:00+00:00,2026-06-08 05:00:00+00:00,1,6.301,5.860010447823896,447.29055217610403,6.583,tempo,0.6394709321534825,0.6204804595704593,192,48.0,0.440989552176104
AVAX,2026-06-19 04:00:00+00:00,2026-06-19 04:00:00+00:00,2026-06-19 18:45:00+00:00,1,6.144,5.740480383851541,409.66361614845954,5.740480383851541,stop,-1.0,-1.0191438332620277,59,14.75,0.40351961614845955
AVAX,2026-06-19 19:00:00+00:00,2026-06-19 19:00:00+00:00,2026-06-21 19:00:00+00:00,1,5.914,5.525602251156185,394.3117488438148,6.262,tempo,0.8959887152691506,0.8756116661653398,192,48.0,0.38839774884381484
AVAX,2026-06-23 15:00:00+00:00,2026-06-23 15:00:00+00:00,2026-06-25 15:00:00+00:00,-1,6.323,6.713832093528012,-384.50909352801165,6.12,tempo,0.5194046327350825,0.49871045195020713,192,48.0,0.3908320935280116
AVAX,2026-06-27 03:00:00+00:00,2026-06-27 03:00:00+00:00,2026-06-29 03:00:00+00:00,-1,6.65,7.15019730847647,-493.5473084764693,6.518,tempo,0.2638958622189592,0.2467842147651372,192,48.0,0.5001973084764693
AVAX,2026-07-08 03:00:00+00:00,2026-07-08 03:00:00+00:00,2026-07-10 03:00:00+00:00,1,6.401,6.037034361043202,370.366638956798,6.785,tempo,1.0550446495461083,1.031495998017997,192,48.0,0.363965638956798
AVAX,2026-07-12 17:00:00+00:00,2026-07-12 17:00:00+00:00,2026-07-14 17:00:00+00:00,1,6.418,6.081945020784926,342.47297921507425,6.641,tempo,0.6635818952031671,0.6383230818392757,192,48.0,0.3360549792150742
AVAX,2026-07-24 02:00:00+00:00,2026-07-24 02:00:00+00:00,2026-07-26 02:00:00+00:00,1,6.231,5.961549913369136,275.68108663086423,6.78,tempo,2.0374831081502243,2.006096404565356,192,48.0,0.2694500866308642
AVAX,2026-07-26 02:00:00+00:00,2026-07-26 02:00:00+00:00,2026-07-28 02:00:00+00:00,-1,6.781,7.070606350945276,-282.8253509452764,6.37,tempo,1.4191677725937077,1.3896513273496762,192,48.0,0.2896063509452764
AVAX,2026-08-01 19:00:00+00:00,2026-08-01 19:00:00+00:00,2026-08-03 19:00:00+00:00,1,6.097,5.833606276096661,269.4907239033397,6.566,tempo,1.7806043099649298,1.7493547043250453,192,48.0,0.2633937239033397
AVAX,2026-08-04 03:00:00+00:00,2026-08-04 03:00:00+00:00,2026-08-06 03:00:00+00:00,-1,6.917,7.246878227024715,-322.9612270247154,6.647,tempo,0.8184838461004899,0.7917570139614913,192,48.0,0.32987822702471536
AVAX,2026-08-15 03:00:00+00:00,2026-08-15 03:00:00+00:00,2026-08-17 03:00:00+00:00,-1,6.764,7.069755803969099,-298.99180396909884,6.37,tempo,1.288610043980783,1.2606887424415234,192,48.0,0.30575580396909885
AVAX,2026-08-22 05:00:00+00:00,2026-08-22 05:00:00+00:00,2026-08-24 05:00:00+00:00,-1,8.247,8.683893110796541,-428.6461107965412,7.505,tempo,1.6983559174169385,1.674920436868086,192,48.0,0.43689311079654125
AVAX,2026-09-07 13:00:00+00:00,2026-09-07 13:00:00+00:00,2026-09-09 13:00:00+00:00,-1,8.041,8.415373818690693,-366.3328186906924,7.978,tempo,0.16828099844249847,0.14046828964674082,192,48.0,0.3743738186906924
NEAR,2025-04-22 01:00:00+00:00,2025-04-22 01:00:00+00:00,2025-04-24 01:00:00+00:00,1,2.186,2.014772088034948,173.41391196505194,2.46,tempo,1.600206396582843,1.5825696692213813,192,48.0,0.17122791196505194
NEAR,2025-05-08 16:00:00+00:00,2025-05-08 16:00:00+00:00,2025-05-09 01:00:00+00:00,-1,2.586,2.759954378712519,-171.36837871251927,2.759954378712519,stop,-1.0,-1.0199757567005874,36,9.0,0.1739543787125193
NEAR,2025-05-09 01:00:00+00:00,2025-05-09 01:00:00+00:00,2025-05-09 08:15:00+00:00,-1,2.734,2.9198394639383665,-183.10546393836646,2.9198394639383665,stop,-1.0,-1.0197751089767388,29,7.25,0.18583946393836648
NEAR,2025-05-09 09:00:00+00:00,2025-05-09 09:00:00+00:00,2025-05-10 20:00:00+00:00,-1,2.891,3.089793574038728,-195.9025740387279,3.089793574038728,stop,-1.0,-1.0195555406754135,140,35.0,0.19879357403872788
NEAR,2025-05-10 21:00:00+00:00,2025-05-10 21:00:00+00:00,2025-05-11 00:00:00+00:00,-1,3.133,3.353754765254582,-217.62176525458182,3.353754765254582,stop,-1.0,-1.0190998848543678,12,3.0,0.22075476525458182
NEAR,2025-05-11 00:00:00+00:00,2025-05-11 00:00:00+00:00,2025-05-13 00:00:00+00:00,-1,3.348,3.5910310809019297,-239.6830809019298,3.185,tempo,0.6706961076545395,0.6532232396401246,192,48.0,0.24303108090192982
NEAR,2025-05-15 08:00:00+00:00,2025-05-15 08:00:00+00:00,2025-05-17 08:00:00+00:00,1,2.863,2.6425849956319127,223.27800436808724,2.773,tempo,-0.40832065973921733,-0.42494112534909123,192,48.0,0.22041500436808725
NEAR,2025-05-23 04:00:00+00:00,2025-05-23 04:00:00+00:00,2025-05-25 04:00:00+00:00,-1,3.152,3.411025777533046,-255.87377753304582,2.763,tempo,1.5017810339373374,1.4869379166359735,192,48.0,0.2590257775330458
NEAR,2025-05-30 03:00:00+00:00,2025-05-30 03:00:00+00:00,2025-05-30 23:00:00+00:00,1,2.65,2.435677812562398,216.972187437602,2.435677812562398,stop,-1.0,-1.0154239307543835,80,20.0,0.214322187437602
NEAR,2025-05-30 23:00:00+00:00,2025-05-30 23:00:00+00:00,2025-06-01 23:00:00+00:00,1,2.435,2.23693164102963,200.50335897037002,2.45,tempo,0.07573142968405189,0.05970034821043297,192,48.0,0.19806835897037
NEAR,2025-06-06 18:00:00+00:00,2025-06-06 18:00:00+00:00,2025-06-08 18:00:00+00:00,1,2.333,2.1622288580288287,173.1041419711715,2.43,tempo,0.568011660988804,0.549882426949234,192,48.0,0.1707711419711715
NEAR,2025-06-13 08:00:00+00:00,2025-06-13 08:00:00+00:00,2025-06-15 08:00:00+00:00,1,2.238,2.074387036299517,165.85096370048305,2.238,tempo,0.0,-0.01778220951565961,192,48.0,0.16361296370048306
NEAR,2025-06-22 04:00:00+00:00,2025-06-22 04:00:00+00:00,2025-06-22 20:30:00+00:00,1,1.933,1.8013794923254423,133.55350767455778,1.8013794923254423,stop,-1.0,-1.0184420096297861,66,16.5,0.1316205076745578
NEAR,2025-06-24 06:00:00+00:00,2025-06-24 06:00:00+00:00,2025-06-26 06:00:00+00:00,-1,2.204,2.3725496155062546,-166.34561550625446,2.129,tempo,0.4449728335168887,0.42826291702410685,192,48.0,0.16854961550625447
NEAR,2025-07-04 08:00:00+00:00,2025-07-04 08:00:00+00:00,2025-07-06 08:00:00+00:00,1,2.17,2.0251979382393177,146.9720617606822,2.122,tempo,-0.3314869927703845,-0.35075329302935987,192,48.0,0.14480206176068222
NEAR,2025-07-09 09:00:00+00:00,2025-07-09 09:00:00+00:00,2025-07-10 16:45:00+00:00,-1,2.268,2.4039632502749217,-133.69525027492196,2.4039632502749217,stop,-1.0,-1.0223352715276977,127,31.75,0.13596325027492195
NEAR,2025-07-15 21:00:00+00:00,2025-07-15 21:00:00+00:00,2025-07-16 18:00:00+00:00,-1,2.602,2.774613409675859,-170.01140967585914,2.774613409675859,stop,-1.0,-1.020246391765576,84,21.0,0.17261340967585914
NEAR,2025-07-17 13:00:00+00:00,2025-07-17 13:00:00+00:00,2025-07-18 06:00:00+00:00,-1,2.831,3.022573075954419,-188.7420759544192,3.022573075954419,stop,-1.0,-1.0198609459101426,68,17.0,0.1915730759544192
NEAR,2025-07-18 06:00:00+00:00,2025-07-18 06:00:00+00:00,2025-07-20 06:00:00+00:00,-1,3.028,3.238244548593646,-207.21654859364594,2.941,tempo,0.41380383264134496,0.3953498464336034,192,48.0,0.21024454859364594
NEAR,2025-07-24 00:00:00+00:00,2025-07-24 00:00:00+00:00,2025-07-26 00:00:00+00:00,1,2.752,2.5476825526661857,207.06944733381408,2.853,tempo,0.4943288070498772,0.4764974859975558,192,48.0,0.20431744733381407
NEAR,2025-07-29 03:00:00+00:00,2025-07-29 03:00:00+00:00,2025-07-31 03:00:00+00:00,1,2.685,2.487865939326488,199.81906067351213,2.697,tempo,0.060872281324707615,0.043126489511522245,192,48.0,0.19713406067351213
NEAR,2025-08-10 20:00:00+00:00,2025-08-10 20:00:00+00:00,2025-08-12 20:00:00+00:00,1,2.735,2.5549315520840064,182.80344791599353,2.792,tempo,0.3165462948100262,0.29659527039915323,192,48.0,0.18006844791599352
NEAR,2025-08-13 04:00:00+00:00,2025-08-13 04:00:00+00:00,2025-08-13 22:45:00+00:00,-1,2.827,3.0131182417926548,-183.2912417926548,3.0131182417926548,stop,-1.0,-1.020396049417844,75,18.75,0.1861182417926548
NEAR,2025-08-23 13:00:00+00:00,2025-08-23 13:00:00+00:00,2025-08-25 13:00:00+00:00,-1,2.677,2.8603182486520877,-180.64124865208768,2.515,tempo,0.8837090752893522,0.8652995605530157,192,48.0,0.18331824865208768
NEAR,2025-08-25 19:00:00+00:00,2025-08-25 19:00:00+00:00,2025-08-27 19:00:00+00:00,1,2.46,2.2934245480500866,169.0354519499134,2.54,tempo,0.48026284223472976,0.4607521642689439,192,48.0,0.1665754519499134
NEAR,2025-09-09 02:00:00+00:00,2025-09-09 02:00:00+00:00,2025-09-09 09:45:00+00:00,-1,2.598,2.7415147158580577,-140.91671585805784,2.7415147158580577,stop,-1.0,-1.0241834751548433,31,7.75,0.14351471585805786
NEAR,2025-09-09 10:00:00+00:00,2025-09-09 10:00:00+00:00,2025-09-11 10:00:00+00:00,-1,2.748,2.9005287022344963,-149.78070223449612,2.726,tempo,0.14423514838654866,0.12090773559226807,192,48.0,0.1525287022344961
NEAR,2025-09-13 12:00:00+00:00,2025-09-13 12:00:00+00:00,2025-09-15 12:00:00+00:00,-1,2.88,3.0266767202831217,-143.79672028312186,2.628,tempo,1.7180640493841035,1.6936552679967822,192,48.0,0.14667672028312184
NEAR,2025-09-18 02:00:00+00:00,2025-09-18 02:00:00+00:00,2025-09-18 16:15:00+00:00,-1,2.849,3.002374230169929,-150.52523016992882,3.002374230169929,stop,-1.0,-1.0247981244658673,57,14.25,0.1533742301699288
NEAR,2025-09-18 17:00:00+00:00,2025-09-18 17:00:00+00:00,2025-09-18 18:45:00+00:00,-1,2.988,3.1489772957457034,-157.9892957457034,3.1489772957457034,stop,-1.0,-1.0247801109079147,7,1.75,0.1609772957457034
NEAR,2025-09-18 19:00:00+00:00,2025-09-18 19:00:00+00:00,2025-09-20 19:00:00+00:00,-1,3.18,3.3635540285519387,-180.37402855193858,3.157,tempo,0.1253037058431656,0.10286317412345743,192,48.0,0.1835540285519386
NEAR,2025-09-23 09:00:00+00:00,2025-09-23 09:00:00+00:00,2025-09-25 09:00:00+00:00,-1,3.097,3.311385942612903,-211.28894261290287,2.866,tempo,1.077496020422829,1.0594167100316694,192,48.0,0.2143859426129029
NEAR,2025-09-30 03:00:00+00:00,2025-09-30 03:00:00+00:00,2025-10-02 03:00:00+00:00,1,2.719,2.5388205844009297,182.89841559907012,2.908,tempo,1.0489544511597109,1.02865496252035,192,48.0,0.18017941559907014
NEAR,2025-10-10 10:00:00+00:00,2025-10-10 10:00:00+00:00,2025-10-12 10:00:00+00:00,-1,3.035,3.2400806052932665,-202.04560529326633,2.307,tempo,3.549823733740967,3.5328923423252134,192,48.0,0.20508060529326633
NEAR,2025-11-04 00:00:00+00:00,2025-11-04 00:00:00+00:00,2025-11-04 20:30:00+00:00,1,1.91,1.7614447822416825,150.46521775831738,1.7614447822416825,stop,-1.0,-1.016064323720622,82,20.5,0.14855521775831737
NEAR,2025-11-06 18:00:00+00:00,2025-11-06 18:00:00+00:00,2025-11-07 01:45:00+00:00,-1,1.997,2.1624520101341185,-163.45501013411834,2.1624520101341185,stop,-1.0,-1.0163409547239441,31,7.75,0.16545201013411837
NEAR,2025-11-07 02:00:00+00:00,2025-11-07 02:00:00+00:00,2025-11-07 09:00:00+00:00,-1,2.102,2.279198206403055,-175.09620640305528,2.279198206403055,stop,-1.0,-1.0160711493189971,28,7.0,0.17719820640305528
NEAR,2025-11-07 09:00:00+00:00,2025-11-07 09:00:00+00:00,2025-11-07 15:00:00+00:00,-1,2.278,2.4780523061375703,-197.7743061375703,2.4780523061375703,stop,-1.0,-1.0154531285276138,24,6.0,0.2000523061375703
NEAR,2025-11-07 15:00:00+00:00,2025-11-07 15:00:00+00:00,2025-11-07 16:45:00+00:00,-1,2.459,2.681864089069363,-220.40508906936293,2.681864089069363,stop,-1.0,-1.0149937195886911,7,1.75,0.22286408906936295
NEAR,2025-11-07 17:00:00+00:00,2025-11-07 17:00:00+00:00,2025-11-08 11:15:00+00:00,-1,2.72,2.9867195003952727,-263.99950039527243,2.9867195003952727,stop,-1.0,-1.0139073733632513,73,18.25,0.2667195003952725
NEAR,2025-11-08 12:00:00+00:00,2025-11-08 12:00:00+00:00,2025-11-10 12:00:00+00:00,-1,3.005,3.3405519803745025,-332.54698037450265,2.881,tempo,0.3695403611136679,0.35813855089121,192,48.0,0.3355519803745026
NEAR,2026-01-01 17:00:00+00:00,2026-01-01 17:00:00+00:00,2026-01-02 19:30:00+00:00,-1,1.583,1.679066375279188,-94.48337527918794,1.679066375279188,stop,-1.0,-1.0220716472102682,106,26.5,0.09606637527918793
NEAR,2026-01-14 17:00:00+00:00,2026-01-14 17:00:00+00:00,2026-01-15 16:00:00+00:00,1,1.831,1.7219112095534619,110.91979044653807,1.7219112095534619,stop,-1.0,-1.0211698404277525,92,23.0,0.10908879044653808
NEAR,2026-01-19 01:00:00+00:00,2026-01-19 01:00:00+00:00,2026-01-21 01:00:00+00:00,1,1.567,1.4644484190559228,104.11858094407712,1.527,tempo,-0.390047619273784,-0.40965823845182164,192,48.0,0.10255158094407713
NEAR,2026-02-05 06:00:00+00:00,2026-02-05 06:00:00+00:00,2026-02-07 06:00:00+00:00,-1,1.133,1.2147866335072746,-80.65363350727456,1.093,tempo,0.4890774724997357,0.471386317625739,192,48.0,0.08178663350727455
NEAR,2026-02-08 19:00:00+00:00,2026-02-08 19:00:00+00:00,2026-02-10 19:00:00+00:00,1,1.048,0.962132162207271,86.915837792729,0.986,tempo,-0.7220398416186743,-0.7374367589509977,192,48.0,0.085867837792729
NEAR,2026-02-21 06:00:00+00:00,2026-02-21 06:00:00+00:00,2026-02-23 06:00:00+00:00,-1,1.069,1.1371214113533152,-67.05241135331528,0.992,tempo,1.1303347724349897,1.1106691493454763,192,48.0,0.06812141135331529
NEAR,2026-02-25 15:00:00+00:00,2026-02-25 15:00:00+00:00,2026-02-25 18:15:00+00:00,-1,1.092,1.162740429906641,-69.64842990664098,1.162740429906641,stop,-1.0,-1.0207177321564698,13,3.25,0.07074042990664098
NEAR,2026-02-25 19:00:00+00:00,2026-02-25 19:00:00+00:00,2026-02-25 21:00:00+00:00,-1,1.166,1.2439904394064452,-76.82443940644524,1.2439904394064452,stop,-1.0,-1.0200857156022733,8,2.0,0.07799043940644523
NEAR,2026-02-25 21:00:00+00:00,2026-02-25 21:00:00+00:00,2026-02-27 21:00:00+00:00,-1,1.232,1.3168104192276457,-83.57841922764577,1.088,tempo,1.6979045889807374,1.6801237548128003,192,48.0,0.08481041922764576
NEAR,2026-03-01 07:00:00+00:00,2026-03-01 07:00:00+00:00,2026-03-02 14:45:00+00:00,-1,1.184,1.2749859043936138,-89.80190439361387,1.2749859043936138,stop,-1.0,-1.017566906088456,127,31.75,0.09098590439361387
NEAR,2026-03-02 15:00:00+00:00,2026-03-02 15:00:00+00:00,2026-03-02 22:30:00+00:00,-1,1.298,1.405933456768766,-106.63545676876598,1.405933456768766,stop,-1.0,-1.0162837066421864,30,7.5,0.10793345676876598
NEAR,2026-03-02 23:00:00+00:00,2026-03-02 23:00:00+00:00,2026-03-04 23:00:00+00:00,-1,1.373,1.487868197196836,-113.49519719683593,1.311,tempo,0.5397490472820605,0.524561205541927,192,48.0,0.11486819719683594
NEAR,2026-03-04 23:00:00+00:00,2026-03-04 23:00:00+00:00,2026-03-06 23:00:00+00:00,1,1.311,1.1967138209363022,115.59717906369775,1.238,tempo,-0.6387474023373656,-0.6532447808793199,192,48.0,0.11428617906369776
NEAR,2026-03-16 23:00:00+00:00,2026-03-16 23:00:00+00:00,2026-03-18 23:00:00+00:00,-1,1.507,1.6110135271010697,-102.5065271010698,1.385,tempo,1.1729243628230455,1.154851713501449,192,48.0,0.10401352710106981
NEAR,2026-04-03 11:00:00+00:00,2026-04-03 11:00:00+00:00,2026-04-04 19:15:00+00:00,-1,1.222,1.285527263840246,-62.305263840245985,1.285527263840246,stop,-1.0,-1.0256565862114715,129,32.25,0.06352726384024598
NEAR,2026-04-08 09:00:00+00:00,2026-04-08 09:00:00+00:00,2026-04-10 09:00:00+00:00,-1,1.365,1.4361999845401423,-69.83498454014232,1.355,tempo,0.1404494686984383,0.11561800263255444,192,48.0,0.07119998454014231
NEAR,2026-05-01 18:00:00+00:00,2026-05-01 18:00:00+00:00,2026-05-03 18:00:00+00:00,1,1.287,1.2345840180131658,53.70298198683417,1.27,tempo,-0.3243285607864784,-0.3560374010485472,192,48.0,0.05241598198683417
NEAR,2026-05-06 08:00:00+00:00,2026-05-06 08:00:00+00:00,2026-05-06 08:45:00+00:00,-1,1.357,1.4162295684376731,-57.87256843767313,1.4162295684376731,stop,-1.0,-1.0304341103106525,3,0.75,0.05922956843767313
NEAR,2026-05-06 09:00:00+00:00,2026-05-06 09:00:00+00:00,2026-05-06 12:30:00+00:00,-1,1.425,1.494957539291124,-68.53253929112402,1.494957539291124,stop,-1.0,-1.0271303482050866,14,3.5,0.06995753929112403
NEAR,2026-05-06 13:00:00+00:00,2026-05-06 13:00:00+00:00,2026-05-08 10:15:00+00:00,-1,1.498,1.5756599239358522,-76.16192393585219,1.5756599239358522,stop,-1.0,-1.0257259967471584,181,45.25,0.0776599239358522
NEAR,2026-05-08 20:00:00+00:00,2026-05-08 20:00:00+00:00,2026-05-10 20:00:00+00:00,-1,1.569,1.6600251984116818,-89.45619841168188,1.621,tempo,-0.5712703834472118,-0.5940497899871694,192,48.0,0.09102519841168188
NEAR,2026-05-13 02:00:00+00:00,2026-05-13 02:00:00+00:00,2026-05-15 02:00:00+00:00,-1,1.666,1.7742632559687996,-106.59725596879971,1.561,tempo,0.9698581394065946,0.9504836066417155,192,48.0,0.10826325596879971
NEAR,2026-05-18 23:00:00+00:00,2026-05-18 23:00:00+00:00,2026-05-20 21:45:00+00:00,-1,1.615,1.718940300818215,-102.32530081821493,1.718940300818215,stop,-1.0,-1.0208490948984446,187,46.75,0.10394030081821493
NEAR,2026-05-21 05:00:00+00:00,2026-05-21 05:00:00+00:00,2026-05-21 20:00:00+00:00,-1,1.774,1.8953251947289163,-119.55119472891623,1.8953251947289163,stop,-1.0,-1.0196584178735741,60,15.0,0.12132519472891623
NEAR,2026-05-21 20:00:00+00:00,2026-05-21 20:00:00+00:00,2026-05-22 02:15:00+00:00,-1,1.923,2.070342280343256,-145.4192803432558,2.070342280343256,stop,-1.0,-1.017616616738767,25,6.25,0.1473422803432558
NEAR,2026-05-22 03:00:00+00:00,2026-05-22 03:00:00+00:00,2026-05-22 07:30:00+00:00,-1,2.064,2.2253352573583762,-159.27125735837618,2.2253352573583762,stop,-1.0,-1.0172812066186485,18,4.5,0.16133525735837617
NEAR,2026-05-22 08:00:00+00:00,2026-05-22 08:00:00+00:00,2026-05-23 17:30:00+00:00,-1,2.24,2.4190627133794322,-176.822713379432,2.4190627133794322,stop,-1.0,-1.0169124588058682,134,33.5,0.17906271337943203
NEAR,2026-05-23 19:00:00+00:00,2026-05-23 19:00:00+00:00,2026-05-25 14:00:00+00:00,-1,2.39,2.605889416771398,-213.49941677139807,2.605889416771398,stop,-1.0,-1.0150416271879596,172,43.0,0.21588941677139806
NEAR,2026-05-25 17:00:00+00:00,2026-05-25 17:00:00+00:00,2026-05-27 17:00:00+00:00,-1,2.781,3.0423602585744303,-258.5792585744301,2.562,tempo,0.8379238725677703,0.8246358921420432,192,48.0,0.2613602585744301
NEAR,2026-06-01 17:00:00+00:00,2026-06-01 17:00:00+00:00,2026-06-01 23:00:00+00:00,-1,2.449,2.700651519139979,-249.20251913997927,2.700651519139979,stop,-1.0,-1.013301225038817,24,6.0,0.2516515191399793
NEAR,2026-06-01 23:00:00+00:00,2026-06-01 23:00:00+00:00,2026-06-03 12:45:00+00:00,-1,2.693,2.977053488155509,-281.360488155509,2.977053488155509,stop,-1.0,-1.0129747914423899,151,37.75,0.284053488155509
NEAR,2026-06-03 13:00:00+00:00,2026-06-03 13:00:00+00:00,2026-06-05 13:00:00+00:00,-1,2.975,3.3225091538278906,-344.53415382789046,2.038,tempo,2.6963318510569785,2.6869552635222114,192,48.0,0.3475091538278905
NEAR,2026-06-15 15:00:00+00:00,2026-06-15 15:00:00+00:00,2026-06-17 15:00:00+00:00,-1,2.53,2.8235847272658097,-291.0547272658099,2.302,tempo,0.7766071557038794,0.7659090515168849,192,48.0,0.29358472726580986
NEAR,2026-07-22 04:00:00+00:00,2026-07-22 04:00:00+00:00,2026-07-24 04:00:00+00:00,1,1.911,1.8016272539511884,111.28374604881165,1.902,tempo,-0.08228741002793818,-0.10494799129279826,192,48.0,0.10937274604881164
NEAR,2026-07-28 03:00:00+00:00,2026-07-28 03:00:00+00:00,2026-07-29 04:30:00+00:00,1,1.675,1.5889607549984723,87.7142450015277,1.5889607549984723,stop,-1.0,-1.0246582183596722,102,25.5,0.08603924500152771
NEAR,2026-07-29 08:00:00+00:00,2026-07-29 08:00:00+00:00,2026-07-31 08:00:00+00:00,1,1.606,1.5214619155579294,86.14408444207066,1.655,tempo,0.5796204198780605,0.55454710512307,192,48.0,0.08453808444207067
NEAR,2026-08-07 22:00:00+00:00,2026-08-07 22:00:00+00:00,2026-08-09 22:00:00+00:00,1,1.589,1.515645973234249,74.94302676575087,1.638,tempo,0.6679933217092061,0.6393984361591827,192,48.0,0.07335402676575087
NEAR,2026-08-12 15:00:00+00:00,2026-08-12 15:00:00+00:00,2026-08-14 15:00:00+00:00,-1,1.618,1.695111360929696,-75.49336092969584,1.584,tempo,0.4409207617409138,0.41392992699352077,192,48.0,0.07711136092969584
NEAR,2026-08-22 01:00:00+00:00,2026-08-22 01:00:00+00:00,2026-08-22 03:30:00+00:00,-1,1.992,2.102299112014742,-108.30711201474185,2.102299112014742,stop,-1.0,-1.0241279768639833,10,2.5,0.11029911201474185
NEAR,2026-08-22 04:00:00+00:00,2026-08-22 04:00:00+00:00,2026-08-24 04:00:00+00:00,-1,2.097,2.2178269341471526,-118.72993414715263,1.977,tempo,0.9931560446105036,0.9712395735960613,192,48.0,0.12082693414715262
NEAR,2026-08-24 05:00:00+00:00,2026-08-24 05:00:00+00:00,2026-08-26 05:00:00+00:00,-1,2.002,2.1572725351154016,-153.27053511540183,1.865,tempo,0.8823195930830812,0.8661316046656069,192,48.0,0.15527253511540184
NEAR,2026-09-01 14:00:00+00:00,2026-09-01 14:00:00+00:00,2026-09-03 14:00:00+00:00,-1,2.014,2.161857029215329,-145.84302921532938,1.908,tempo,0.7169087635707082,0.6996671078068326,192,48.0,0.1478570292153294
NEAR,2026-09-04 20:00:00+00:00,2026-09-04 20:00:00+00:00,2026-09-06 08:15:00+00:00,-1,2.166,2.34477675946185,-176.6107594618499,2.34477675946185,stop,-1.0,-1.0164003693907198,145,36.25,0.1787767594618499
NEAR,2026-09-06 14:00:00+00:00,2026-09-06 14:00:00+00:00,2026-09-08 14:00:00+00:00,-1,2.468,2.6855077329215034,-215.0397329215034,2.293,tempo,0.8045690957716698,0.7903413257589281,192,48.0,0.21750773292150338
TRX,2025-04-10 06:00:00+00:00,2025-04-10 06:00:00+00:00,2025-04-12 06:00:00+00:00,-1,0.24219,0.25051061694400206,-8.078426944002073,0.24578,tempo,-0.4314583911458471,-0.46957822073716604,192,48.0,0.008320616944002074
TRX,2025-04-12 07:00:00+00:00,2025-04-12 07:00:00+00:00,2025-04-14 01:30:00+00:00,-1,0.2474,0.25599946810213847,-8.352068102138462,0.25599946810213847,stop,-1.0,-1.0380499875550468,170,42.5,0.008599468102138463
TRX,2025-04-14 02:00:00+00:00,2025-04-14 02:00:00+00:00,2025-04-16 02:00:00+00:00,-1,0.2567,0.2653381707576174,-8.381470757617413,0.25211,tempo,0.5313624989355964,0.49307586287803123,192,48.0,0.008638170757617414
TRX,2025-04-17 09:00:00+00:00,2025-04-17 09:00:00+00:00,2025-04-19 09:00:00+00:00,1,0.24419,0.2359630408597121,8.471149140287897,0.24212,tempo,-0.2516118002656751,-0.29003444156117303,192,48.0,0.008226959140287898
TRX,2025-04-26 12:00:00+00:00,2025-04-26 12:00:00+00:00,2025-04-28 12:00:00+00:00,-1,0.25176,0.2589125283005732,-6.900768300573224,0.24686,tempo,0.6850724378968606,0.6397593700724347,192,48.0,0.007152528300573224
TRX,2025-05-09 12:00:00+00:00,2025-05-09 12:00:00+00:00,2025-05-11 12:00:00+00:00,-1,0.26316,0.26991512884885765,-6.49196884885765,0.2628,tempo,0.05329283986358099,0.002683294487135092,192,48.0,0.00675512884885765
TRX,2025-05-12 13:00:00+00:00,2025-05-12 13:00:00+00:00,2025-05-14 13:00:00+00:00,-1,0.27541,0.284055065329806,-8.369655329806022,0.27482,tempo,0.06824702619259648,0.026876662134511932,192,48.0,0.008645065329806023
TRX,2025-05-19 02:00:00+00:00,2025-05-19 02:00:00+00:00,2025-05-21 02:00:00+00:00,1,0.26271,0.25347319052552486,9.499519474475138,0.26994,tempo,0.7827378078956039,0.7452548977027774,192,48.0,0.009236809474475138
TRX,2025-06-12 04:00:00+00:00,2025-06-12 04:00:00+00:00,2025-06-14 04:00:00+00:00,1,0.27442,0.26473655818875386,9.95786181124614,0.27125,tempo,-0.3273629419984159,-0.36399098261803076,192,48.0,0.00968344181124614
TRX,2025-07-11 19:00:00+00:00,2025-07-11 19:00:00+00:00,2025-07-13 19:00:00+00:00,-1,0.30335,0.309398809282762,-5.745459282761969,0.30444,tempo,-0.18020075506534586,-0.2455133614862262,192,48.0,0.006048809282761969
TRX,2025-07-17 00:00:00+00:00,2025-07-17 00:00:00+00:00,2025-07-17 15:15:00+00:00,-1,0.30984,0.3165829332723155,-6.433093272315509,0.3165829332723155,stop,-1.0,-1.060385427258897,61,15.25,0.00674293327231551
TRX,2025-07-17 16:00:00+00:00,2025-07-17 16:00:00+00:00,2025-07-18 03:30:00+00:00,-1,0.31694,0.3242524980820135,-6.995558082013508,0.3242524980820135,stop,-1.0,-1.0569949036675232,46,11.5,0.007312498082013508
TRX,2025-07-18 04:00:00+00:00,2025-07-18 04:00:00+00:00,2025-07-18 14:00:00+00:00,-1,0.32601,0.3340206469137384,-7.684636913738373,0.3340206469137384,stop,-1.0,-1.0535562140128976,40,10.0,0.008010646913738373
TRX,2025-07-18 14:00:00+00:00,2025-07-18 14:00:00+00:00,2025-07-20 14:00:00+00:00,-1,0.33456,0.34306813242727385,-8.173572427273829,0.31731,tempo,2.0274719684314175,1.977670733716061,192,48.0,0.008508132427273829
TRX,2025-07-24 06:00:00+00:00,2025-07-24 06:00:00+00:00,2025-07-26 06:00:00+00:00,1,0.30155,0.2925053184207446,9.346231579255365,0.31789,tempo,1.8065865400366332,1.7620702133454345,192,48.0,0.009044681579255365
TRX,2025-07-29 10:00:00+00:00,2025-07-29 10:00:00+00:00,2025-07-29 11:15:00+00:00,-1,0.33848,0.3490452169749046,-10.22673697490459,0.3490452169749046,stop,-1.0,-1.0422983637813765,5,1.25,0.01056521697490459
TRX,2025-07-29 12:00:00+00:00,2025-07-29 12:00:00+00:00,2025-07-31 12:00:00+00:00,-1,0.34024,0.3519054291499708,-11.32518914997082,0.32967,tempo,0.9060961122057314,0.8687685956264473,192,48.0,0.011665429149970818
TRX,2025-08-25 17:00:00+00:00,2025-08-25 17:00:00+00:00,2025-08-25 22:15:00+00:00,1,0.35163,0.34228195977708875,9.699670222911248,0.34228195977708875,stop,-1.0,-1.0482499821459519,21,5.25,0.009348040222911247
TRX,2025-08-25 23:00:00+00:00,2025-08-25 23:00:00+00:00,2025-08-27 23:00:00+00:00,1,0.34378,0.33439032139159963,9.733458608400342,0.34604,tempo,0.24068981423689656,0.19293706159221494,192,48.0,0.009389678608400343
TRX,2025-09-06 21:00:00+00:00,2025-09-06 21:00:00+00:00,2025-09-06 22:00:00+00:00,1,0.32171,0.3137789787800613,8.252731219938717,0.3137789787800613,stop,-1.0,-1.0520825534003844,4,1.0,0.007931021219938716
TRX,2025-09-06 22:00:00+00:00,2025-09-06 22:00:00+00:00,2025-09-08 22:00:00+00:00,1,0.30454,0.2936695157236685,11.17502427633147,0.33142,tempo,2.472750920446699,2.434723727775987,192,48.0,0.010870484276331471
TRX,2025-10-11 03:00:00+00:00,2025-10-11 03:00:00+00:00,2025-10-11 21:15:00+00:00,1,0.31857,0.3116820030899208,7.206566910079242,0.3116820030899208,stop,-1.0,-1.0594750269717725,73,18.25,0.0068879969100792415
TRX,2025-10-16 16:00:00+00:00,2025-10-16 16:00:00+00:00,2025-10-18 16:00:00+00:00,-1,0.31754,0.32568838794838195,-7.830847948381963,0.3136,tempo,0.4835312242076508,0.4331849468091303,192,48.0,0.008148387948381963
TRX,2025-10-24 00:00:00+00:00,2025-10-24 00:00:00+00:00,2025-10-24 16:15:00+00:00,1,0.31359,0.3051315212062873,8.772068793712698,0.3051315212062873,stop,-1.0,-1.0475462548990517,65,16.25,0.008458478793712698
TRX,2025-10-24 17:00:00+00:00,2025-10-24 17:00:00+00:00,2025-10-25 01:15:00+00:00,1,0.30451,0.2962551393027802,8.559370697219812,0.2962551393027802,stop,-1.0,-1.047305139949645,33,8.25,0.008254860697219812
TRX,2025-10-25 02:00:00+00:00,2025-10-25 02:00:00+00:00,2025-10-27 02:00:00+00:00,1,0.29798,0.28956985988886946,8.70812011113056,0.30063,tempo,0.315095820638326,0.2688306580062501,192,48.0,0.00841014011113056
TRX,2025-11-03 19:00:00+00:00,2025-11-03 19:00:00+00:00,2025-11-05 19:00:00+00:00,1,0.2836,0.2759533775244527,7.930222475547316,0.28872,tempo,0.669576668179043,0.620926692168115,192,48.0,0.0076466224755473156
TRX,2025-11-11 16:00:00+00:00,2025-11-11 16:00:00+00:00,2025-11-13 16:00:00+00:00,-1,0.29939,0.30689734261087537,-7.207952610875378,0.29681,tempo,0.3436635483056948,0.29204341850921905,192,48.0,0.007507342610875378
TRX,2025-11-14 20:00:00+00:00,2025-11-14 20:00:00+00:00,2025-11-16 20:00:00+00:00,-1,0.29598,0.3039754112486453,-7.699431248645279,0.29157,tempo,0.5515663751188838,0.5038005394259782,192,48.0,0.007995411248645279
TRX,2025-12-05 00:00:00+00:00,2025-12-05 00:00:00+00:00,2025-12-07 00:00:00+00:00,-1,0.28614,0.29209359664762125,-5.66745664762124,0.28684,tempo,-0.11757598665668147,-0.1801326262887612,192,48.0,0.00595359664762124
TRX,2025-12-09 01:00:00+00:00,2025-12-09 01:00:00+00:00,2025-12-11 01:00:00+00:00,1,0.2803,0.27474709661911,5.833203380889984,0.27938,tempo,-0.16567909378112114,-0.23119292952549414,192,48.0,0.005552903380889984
TRX,2025-12-12 15:00:00+00:00,2025-12-12 15:00:00+00:00,2025-12-13 12:45:00+00:00,1,0.27695,0.2718148317230397,5.412118276960256,0.2718148317230397,stop,-1.0,-1.069461626451533,87,21.75,0.005135168276960256
TRX,2025-12-14 19:00:00+00:00,2025-12-14 19:00:00+00:00,2025-12-15 03:30:00+00:00,-1,0.27676,0.2817472252407469,-4.710465240746906,0.2817472252407469,stop,-1.0,-1.0727919191297879,34,8.5,0.004987225240746906
TRX,2025-12-15 04:00:00+00:00,2025-12-15 04:00:00+00:00,2025-12-17 04:00:00+00:00,-1,0.28183,0.2869536555463413,-4.841825546341254,0.28044,tempo,0.27129068053620153,0.1999596754179941,192,48.0,0.005123655546341255
TRX,2025-12-21 10:00:00+00:00,2025-12-21 10:00:00+00:00,2025-12-23 10:00:00+00:00,-1,0.28466,0.28938043850013495,-4.435778500134927,0.28365,tempo,0.21396317311858665,0.13570741361881955,192,48.0,0.004720438500134927
TRX,2026-01-03 14:00:00+00:00,2026-01-03 14:00:00+00:00,2026-01-03 22:15:00+00:00,-1,0.29067,0.2946688654019868,-3.7081954019867953,0.2946688654019868,stop,-1.0,-1.0951445533331177,33,8.25,0.003998865401986795
TRX,2026-01-03 23:00:00+00:00,2026-01-03 23:00:00+00:00,2026-01-05 23:00:00+00:00,-1,0.29502,0.2990711509389306,-3.7561309389306032,0.29231,tempo,0.6689456998398975,0.5747096405681154,192,48.0,0.004051150938930603
TRX,2026-01-07 14:00:00+00:00,2026-01-07 14:00:00+00:00,2026-01-09 14:00:00+00:00,-1,0.29679,0.30068505844159915,-3.598268441599153,0.29493,tempo,0.4775281367116875,0.3787830201064302,192,48.0,0.003895058441599153
TRX,2026-01-10 10:00:00+00:00,2026-01-10 10:00:00+00:00,2026-01-10 23:30:00+00:00,-1,0.29786,0.3019541350870935,-3.7962750870934983,0.3019541350870935,stop,-1.0,-1.0952287063110546,54,13.5,0.004094135087093498
TRX,2026-01-15 19:00:00+00:00,2026-01-15 19:00:00+00:00,2026-01-17 14:15:00+00:00,-1,0.30874,0.31390721623401224,-4.858476234012228,0.31390721623401224,stop,-1.0,-1.0783247056486838,173,43.25,0.0051672162340122285
TRX,2026-01-17 16:00:00+00:00,2026-01-17 16:00:00+00:00,2026-01-18 04:00:00+00:00,-1,0.31456,0.320204770210742,-5.330210210742001,0.320204770210742,stop,-1.0,-1.0730936929641193,48,12.0,0.005644770210742001
TRX,2026-01-18 04:00:00+00:00,2026-01-18 04:00:00+00:00,2026-01-20 04:00:00+00:00,-1,0.32029,0.32607504256024405,-5.464752560244036,0.31024,tempo,1.7372387316673525,1.6663931854622938,192,48.0,0.005785042560244036
TRX,2026-01-20 08:00:00+00:00,2026-01-20 08:00:00+00:00,2026-01-20 15:15:00+00:00,1,0.30658,0.29977385902536774,7.11272097463228,0.29977385902536774,stop,-1.0,-1.0579079995309357,29,7.25,0.00680614097463228
TRX,2026-01-20 16:00:00+00:00,2026-01-20 16:00:00+00:00,2026-01-22 16:00:00+00:00,1,0.29777,0.29080091264457913,7.266857355420845,0.3003,tempo,0.3630317530791307,0.30725034581959654,192,48.0,0.006969087355420844
TRX,2026-01-23 04:00:00+00:00,2026-01-23 04:00:00+00:00,2026-01-25 04:00:00+00:00,-1,0.30917,0.31629944902729723,-6.8202790272972305,0.29565,tempo,1.8963597254478726,1.8412175961620367,192,48.0,0.00712944902729723
TRX,2026-02-06 18:00:00+00:00,2026-02-06 18:00:00+00:00,2026-02-08 18:00:00+00:00,1,0.27311,0.2669668178533816,6.416292146618409,0.27912,tempo,0.9783203324531471,0.9198897843376906,192,48.0,0.006143182146618409
TRX,2026-02-19 21:00:00+00:00,2026-02-19 21:00:00+00:00,2026-02-21 21:00:00+00:00,-1,0.28457,0.289332205162182,-4.477635162182009,0.28899,tempo,-0.928141449070796,-1.0064274504721256,192,48.0,0.004762205162182009
TRX,2026-02-23 18:00:00+00:00,2026-02-23 18:00:00+00:00,2026-02-25 18:00:00+00:00,1,0.28164,0.2767998944068227,5.121745593177324,0.28507,tempo,0.7086622252280945,0.6325561376833833,192,48.0,0.004840105593177324
TRX,2026-03-05 01:00:00+00:00,2026-03-05 01:00:00+00:00,2026-03-07 01:00:00+00:00,-1,0.28732,0.29166186630347835,-4.054546303478325,0.28463,tempo,0.6195492472545807,0.5339253532847982,192,48.0,0.004341866303478326
TRX,2026-03-09 21:00:00+00:00,2026-03-09 21:00:00+00:00,2026-03-11 21:00:00+00:00,1,0.28586,0.28159967860085067,4.5461813991493365,0.29128,tempo,1.2722044869859346,1.1841498627327256,192,48.0,0.004260321399149336
TRX,2026-03-11 21:00:00+00:00,2026-03-11 21:00:00+00:00,2026-03-13 21:00:00+00:00,-1,0.29129,0.2955088412485104,-3.927551248510408,0.29162,tempo,-0.07822053036873897,-0.16802990637542786,192,48.0,0.004218841248510408
TRX,2026-03-14 06:00:00+00:00,2026-03-14 06:00:00+00:00,2026-03-14 16:30:00+00:00,-1,0.29445,0.29850403094184336,-3.759580941843367,0.29850403094184336,stop,-1.0,-1.0950708382943293,42,10.5,0.004054030941843367
TRX,2026-03-14 17:00:00+00:00,2026-03-14 17:00:00+00:00,2026-03-16 17:00:00+00:00,-1,0.29866,0.3029195991102122,-3.960939110212231,0.29854,tempo,0.028171665195501128,-0.06295897643444776,192,48.0,0.004259599110212231
TRX,2026-03-17 15:00:00+00:00,2026-03-17 15:00:00+00:00,2026-03-18 02:00:00+00:00,-1,0.30466,0.30922305047421444,-4.258390474214458,0.30922305047421444,stop,-1.0,-1.0874467606841303,44,11.0,0.004563050474214458
TRX,2026-03-18 02:00:00+00:00,2026-03-18 02:00:00+00:00,2026-03-20 02:00:00+00:00,-1,0.30911,0.31382819991265776,-4.409089912657761,0.30389,tempo,1.1063541385764593,1.0219045587841624,192,48.0,0.004718199912657761
TRX,2026-03-20 16:00:00+00:00,2026-03-20 16:00:00+00:00,2026-03-21 23:45:00+00:00,-1,0.30792,0.31341154821410966,-5.183628214109631,0.31341154821410966,stop,-1.0,-1.0735431048937174,127,31.75,0.005491548214109632
TRX,2026-03-22 17:00:00+00:00,2026-03-22 17:00:00+00:00,2026-03-24 17:00:00+00:00,-1,0.31691,0.3231009196532539,-5.874009653253857,0.31005,tempo,1.1080744678045558,1.0422483833413514,192,48.0,0.006190919653253857
TRX,2026-03-26 05:00:00+00:00,2026-03-26 05:00:00+00:00,2026-03-28 05:00:00+00:00,-1,0.3156,0.3222147577380515,-6.299157738051536,0.31027,tempo,0.805774029990405,0.7442728358257593,192,48.0,0.0066147577380515354
TRX,2026-05-02 16:00:00+00:00,2026-05-02 16:00:00+00:00,2026-05-03 05:30:00+00:00,-1,0.33227,0.3366733597808815,-4.071089780881466,0.3366733597808815,stop,-1.0,-1.0987457772007292,54,13.5,0.004403359780881466
TRX,2026-05-03 06:00:00+00:00,2026-05-03 06:00:00+00:00,2026-05-05 06:00:00+00:00,-1,0.34031,0.3472093026109068,-6.558992610906821,0.33893,tempo,0.20002021621988397,0.1360273715949734,192,48.0,0.006899302610906821
TRX,2026-05-26 02:00:00+00:00,2026-05-26 02:00:00+00:00,2026-05-28 02:00:00+00:00,-1,0.37359,0.3799778815206725,-6.014291520672545,0.36724,tempo,0.9940697834563799,0.918686497394853,192,48.0,0.006387881520672545
TRX,2026-05-28 07:00:00+00:00,2026-05-28 07:00:00+00:00,2026-05-28 09:30:00+00:00,1,0.36024,0.3537283304379122,6.871909562087819,0.3537283304379122,stop,-1.0,-1.0712688827895387,10,2.5,0.0065116695620878184
TRX,2026-05-28 10:00:00+00:00,2026-05-28 10:00:00+00:00,2026-05-29 08:00:00+00:00,1,0.35382,0.34697423053383253,7.199589466167494,0.34697423053383253,stop,-1.0,-1.0665398173424039,88,22.0,0.006845769466167495
TRX,2026-05-29 08:00:00+00:00,2026-05-29 08:00:00+00:00,2026-05-29 08:45:00+00:00,1,0.34642,0.33926230639433125,7.504113605668758,0.33926230639433125,stop,-1.0,-1.0622677532331553,3,0.75,0.007157693605668758
TRX,2026-05-29 09:00:00+00:00,2026-05-29 09:00:00+00:00,2026-05-31 09:00:00+00:00,1,0.34264,0.335357882927599,7.624757072401007,0.34812,tempo,0.7525284124817234,0.6908713427675227,192,48.0,0.0072821170724010065
TRX,2026-06-02 07:00:00+00:00,2026-06-02 07:00:00+00:00,2026-06-02 23:00:00+00:00,1,0.33972,0.3325695117906455,7.4902082093545435,0.3325695117906455,stop,-1.0,-1.0611130554823145,64,16.0,0.007150488209354544
TRX,2026-06-11 19:00:00+00:00,2026-06-11 19:00:00+00:00,2026-06-13 19:00:00+00:00,1,0.31347,0.30612110443052226,7.662365569477765,0.31719,tempo,0.5061985117124689,0.45041747684478595,192,48.0,0.007348895569477765
TRX,2026-07-14 00:00:00+00:00,2026-07-14 00:00:00+00:00,2026-07-16 00:00:00+00:00,1,0.32423,0.319661958575922,4.892271424078018,0.32433,tempo,0.021891220047369056,-0.07039428283313198,192,48.0,0.004568041424078018
TRX,2026-07-24 13:00:00+00:00,2026-07-24 13:00:00+00:00,2026-07-26 13:00:00+00:00,-1,0.33093,0.3348115628534361,-3.5506328534361047,0.33259,tempo,-0.4276627901389,-0.5387747355807232,192,48.0,0.0038815628534361046
TRX,2026-07-28 00:00:00+00:00,2026-07-28 00:00:00+00:00,2026-07-30 00:00:00+00:00,1,0.32469,0.32084839256055037,4.166297439449613,0.32555,tempo,0.22386462270159485,0.11384401110559224,192,48.0,0.0038416074394496125
TRX,2026-08-11 10:00:00+00:00,2026-08-11 10:00:00+00:00,2026-08-13 06:30:00+00:00,-1,0.33481,0.33841843294060364,-3.2736229406036452,0.33841843294060364,stop,-1.0,-1.1212710582722338,178,44.5,0.0036084329406036453
TRX,2026-08-20 20:00:00+00:00,2026-08-20 20:00:00+00:00,2026-08-21 23:00:00+00:00,-1,0.33938,0.34334100906641557,-3.6216290664155553,0.34334100906641557,stop,-1.0,-1.112034243914203,108,27.0,0.003961009066415555
TRX,2026-08-22 03:00:00+00:00,2026-08-22 03:00:00+00:00,2026-08-22 04:45:00+00:00,-1,0.34579,0.35016596120669613,-4.030171206696144,0.35016596120669613,stop,-1.0,-1.1033764591176285,7,1.75,0.004375961206696144
TRX,2026-08-22 05:00:00+00:00,2026-08-22 05:00:00+00:00,2026-08-24 05:00:00+00:00,-1,0.35054,0.35527424092794674,-4.3837009279467205,0.34381,tempo,1.4215584087138697,1.3262258080141955,192,48.0,0.00473424092794672
TRX,2026-08-25 22:00:00+00:00,2026-08-25 22:00:00+00:00,2026-08-27 22:00:00+00:00,1,0.33731,0.33243778720020806,5.209522799791943,0.33748,tempo,0.034891743646185365,-0.05513172577590763,192,48.0,0.004872212799791942
TRX,2026-08-31 10:00:00+00:00,2026-08-31 10:00:00+00:00,2026-09-01 09:00:00+00:00,1,0.33428,0.3295677678189638,5.046512181036224,0.3295677678189638,stop,-1.0,-1.0915704134483966,92,23.0,0.004712232181036224
TRX,2026-09-01 09:00:00+00:00,2026-09-01 09:00:00+00:00,2026-09-01 12:30:00+00:00,1,0.32963,0.32484900027404207,5.110629725957913,0.32484900027404207,stop,-1.0,-1.0889795805401123,14,3.5,0.004780999725957913
TRX,2026-09-01 13:00:00+00:00,2026-09-01 13:00:00+00:00,2026-09-03 13:00:00+00:00,1,0.32554,0.3206139210393058,5.251618960694191,0.32768,tempo,0.43442259392822613,0.3482297002722613,192,48.0,0.004926078960694191
TRX,2026-09-03 17:00:00+00:00,2026-09-03 17:00:00+00:00,2026-09-05 17:00:00+00:00,-1,0.33188,0.3369188077459024,-4.706927745902374,0.33444,tempo,-0.5080566929908832,-0.5940111532205297,192,48.0,0.005038807745902374
TRX,2026-09-08 17:00:00+00:00,2026-09-08 17:00:00+00:00,2026-09-10 03:15:00+00:00,-1,0.3396,0.3443804081406347,-4.440808140634684,0.33943,fim_dados,0.03556181710824234,-0.056767014869146176,137,34.25,0.004780408140634684
BCH,2025-04-12 16:00:00+00:00,2025-04-12 16:00:00+00:00,2025-04-14 16:00:00+00:00,-1,348.04,376.6131115650029,-28225.071565002876,330.27,tempo,0.6219133663330254,0.6064827227716141,192,48.0,28.573111565002876
BCH,2025-04-15 01:00:00+00:00,2025-04-15 01:00:00+00:00,2025-04-17 01:00:00+00:00,1,323.67,297.857364424715,26136.305575285012,322.43,tempo,-0.04803848860700143,-0.06430823366171047,192,48.0,25.812635575285015
BCH,2025-05-08 06:00:00+00:00,2025-05-08 06:00:00+00:00,2025-05-10 06:00:00+00:00,-1,417.21,445.5312968553892,-27904.08685538922,416.03,tempo,0.04166475871585895,0.022541128792925583,192,48.0,28.32129685538922
BCH,2025-05-22 22:00:00+00:00,2025-05-22 22:00:00+00:00,2025-05-24 22:00:00+00:00,-1,439.19,464.9629087138662,-25333.71871386623,424.6,tempo,0.5660983074118571,0.5443132808852267,192,48.0,25.77290871386623
BCH,2025-06-11 07:00:00+00:00,2025-06-11 07:00:00+00:00,2025-06-13 07:00:00+00:00,-1,444.37,464.7430925721407,-19928.72257214071,420.79,tempo,1.1574089656002733,1.1298061852168477,192,48.0,20.373092572140706
BCH,2025-06-14 01:00:00+00:00,2025-06-14 01:00:00+00:00,2025-06-16 01:00:00+00:00,-1,445.99,470.37258392891573,-23936.59392891572,459.72,tempo,-0.5631068487256339,-0.5872516031009828,192,48.0,24.38258392891572
BCH,2025-06-16 01:00:00+00:00,2025-06-16 01:00:00+00:00,2025-06-18 01:00:00+00:00,-1,459.71,484.7451374780392,-24575.427478039248,463.85,tempo,-0.16536757601717345,-0.18934643375368854,192,48.0,25.035137478039246
BCH,2025-06-19 18:00:00+00:00,2025-06-19 18:00:00+00:00,2025-06-21 18:00:00+00:00,-1,493.01,520.8695275048505,-27366.517504850464,474.86,tempo,0.6514826928360499,0.6289009925580941,192,48.0,27.859527504850462
BCH,2025-07-01 10:00:00+00:00,2025-07-01 10:00:00+00:00,2025-07-03 10:00:00+00:00,-1,522.25,551.5686560040829,-28796.40600408287,504.97,tempo,0.5893858162391069,0.5666121597690758,192,48.0,29.318656004082868
BCH,2025-07-12 21:00:00+00:00,2025-07-12 21:00:00+00:00,2025-07-14 21:00:00+00:00,1,502.13,479.67202785325173,22960.10214674826,502.42,tempo,0.012913009157953301,-0.01616163283257669,192,48.0,22.45797214674826
BCH,2025-07-18 06:00:00+00:00,2025-07-18 06:00:00+00:00,2025-07-20 06:00:00+00:00,-1,534.49,559.4806638175302,-24456.17381753016,524.99,tempo,0.3801419629892364,0.35258519198754235,192,48.0,24.990663817530162
BCH,2025-07-20 13:00:00+00:00,2025-07-20 13:00:00+00:00,2025-07-22 13:00:00+00:00,-1,537.53,563.3824915059135,-25314.961505913576,519.01,tempo,0.7163719595754886,0.6898077500932841,192,48.0,25.852491505913576
BCH,2025-07-25 06:00:00+00:00,2025-07-25 06:00:00+00:00,2025-07-25 10:15:00+00:00,-1,522.38,551.4872311148216,-28584.851114821617,551.4872311148216,stop,-1.0,-1.0239807660670686,17,4.25,29.107231114821616
BCH,2025-07-25 11:00:00+00:00,2025-07-25 11:00:00+00:00,2025-07-27 10:30:00+00:00,-1,558.45,591.1880931187843,-32179.643118784265,591.1880931187843,stop,-1.0,-1.0228255432537225,190,47.5,32.73809311878426
BCH,2025-07-27 13:00:00+00:00,2025-07-27 13:00:00+00:00,2025-07-29 13:00:00+00:00,-1,602.16,636.9813855248001,-34219.22552480012,569.4,tempo,0.9408011630286224,0.9189320159937452,192,48.0,34.82138552480012
BCH,2025-08-12 03:00:00+00:00,2025-08-12 03:00:00+00:00,2025-08-13 13:45:00+00:00,-1,597.83,629.1864278578756,-30758.597857875586,629.1864278578756,stop,-1.0,-1.0254353168582404,139,34.75,31.356427857875588
BCH,2025-08-25 20:00:00+00:00,2025-08-25 20:00:00+00:00,2025-08-27 20:00:00+00:00,1,551.98,525.4839935912447,27047.986408755307,555.28,tempo,0.1245470713242848,0.09738377022536232,192,48.0,26.496006408755306
BCH,2025-09-02 17:00:00+00:00,2025-09-02 17:00:00+00:00,2025-09-04 17:00:00+00:00,-1,579.77,608.117445680177,-27767.675680176973,586.02,tempo,-0.22047841877938756,-0.24720969850558508,192,48.0,28.347445680176975
BCH,2025-09-18 04:00:00+00:00,2025-09-18 04:00:00+00:00,2025-09-20 04:00:00+00:00,-1,644.12,672.2686127591342,-27504.492759134155,603.82,tempo,1.43168689501129,1.4028698088216063,192,48.0,28.148612759134153
BCH,2025-10-01 11:00:00+00:00,2025-10-01 11:00:00+00:00,2025-10-03 11:00:00+00:00,-1,592.08,615.1347341408564,-22462.65414085634,598.82,tempo,-0.2923477650542823,-0.32592373237060923,192,48.0,23.05473414085634
BCH,2025-10-04 09:00:00+00:00,2025-10-04 09:00:00+00:00,2025-10-06 09:00:00+00:00,1,588.48,566.2363503008955,22832.12969910448,597.77,tempo,0.41764728925640177,0.38298290142300395,192,48.0,22.24364969910448
BCH,2025-10-10 11:00:00+00:00,2025-10-10 11:00:00+00:00,2025-10-12 11:00:00+00:00,-1,593.01,614.7611410212113,-21158.131021211313,520.37,tempo,3.3395949173040074,3.306323237473774,192,48.0,21.75114102121131
BCH,2025-10-12 21:00:00+00:00,2025-10-12 21:00:00+00:00,2025-10-14 21:00:00+00:00,-1,542.07,572.1788274212425,-29566.757421242495,536.07,tempo,0.19927710621393568,0.17600183912380732,192,48.0,30.108827421242495
BCH,2025-10-17 09:00:00+00:00,2025-10-17 09:00:00+00:00,2025-10-19 09:00:00+00:00,1,454.5,427.28844481818675,27666.05518181325,459.59,tempo,0.18705288859792396,0.1652181020144249,192,48.0,27.211555181813253
BCH,2025-10-26 12:00:00+00:00,2025-10-26 12:00:00+00:00,2025-10-27 14:00:00+00:00,-1,538.76,569.5319187440272,-30233.158744027176,569.5319187440272,stop,-1.0,-1.0234106216507362,104,26.0,30.771918744027175
BCH,2025-11-07 17:00:00+00:00,2025-11-07 17:00:00+00:00,2025-11-09 17:00:00+00:00,-1,502.26,532.9449199287246,-30182.65992872464,498.75,tempo,0.11438843601850902,0.09318399743723346,192,48.0,30.68491992872464
BCH,2025-11-17 17:00:00+00:00,2025-11-17 17:00:00+00:00,2025-11-19 17:00:00+00:00,-1,511.53,541.9448459854,-29903.315985400008,482.87,tempo,0.9423029797276496,0.9210515158764018,192,48.0,30.414845985400007
BCH,2025-11-19 23:00:00+00:00,2025-11-19 23:00:00+00:00,2025-11-21 07:45:00+00:00,1,485.18,453.5350708312645,32130.10916873553,453.5350708312645,stop,-1.0,-1.0192815977810168,131,32.75,31.64492916873553
BCH,2025-11-21 16:00:00+00:00,2025-11-21 16:00:00+00:00,2025-11-21 21:30:00+00:00,-1,487.79,523.2134266361318,-34935.63663613175,523.2134266361318,stop,-1.0,-1.018551345528024,22,5.5,35.42342663613175
BCH,2025-11-21 22:00:00+00:00,2025-11-21 22:00:00+00:00,2025-11-23 22:00:00+00:00,-1,538.53,580.8376515785671,-41769.121578567174,554.14,tempo,-0.3689639915609959,-0.38575139226748656,192,48.0,42.307651578567175
BCH,2025-12-03 17:00:00+00:00,2025-12-03 17:00:00+00:00,2025-12-05 17:00:00+00:00,-1,598.62,639.7972549419892,-40578.634941989185,564.79,tempo,0.8215700645334417,0.8032051565019238,192,48.0,41.17725494198919
BCH,2025-12-19 05:00:00+00:00,2025-12-19 05:00:00+00:00,2025-12-19 20:30:00+00:00,-1,589.6,627.2868615498177,-37097.26154981765,627.2868615498177,stop,-1.0,-1.020988122318485,62,15.5,37.68686154981765
BCH,2025-12-19 23:00:00+00:00,2025-12-19 23:00:00+00:00,2025-12-21 23:00:00+00:00,-1,627.34,667.21062960344,-39243.28960343997,587.93,tempo,0.9884468941669248,0.968634678812998,192,48.0,39.870629603439966
BCH,2026-01-03 02:00:00+00:00,2026-01-03 02:00:00+00:00,2026-01-05 02:00:00+00:00,-1,637.21,668.1904143967956,-30343.204396795598,649.78,tempo,-0.4057402150598764,-0.4327425491566897,192,48.0,30.980414396795595
BCH,2026-01-12 08:00:00+00:00,2026-01-12 08:00:00+00:00,2026-01-14 08:00:00+00:00,1,618.01,587.5379900287932,31090.019971206828,613.98,tempo,-0.1322525164506031,-0.15853215802189013,192,48.0,30.47200997120683
BCH,2026-01-31 15:00:00+00:00,2026-01-31 15:00:00+00:00,2026-01-31 17:15:00+00:00,1,520.55,498.1230026029468,22947.547397053127,498.1230026029468,stop,-1.0,-1.0295241239818809,9,2.25,22.42699739705313
BCH,2026-01-31 18:00:00+00:00,2026-01-31 18:00:00+00:00,2026-02-02 18:00:00+00:00,1,487.5,463.8282189401627,24159.281059837314,537.51,tempo,2.1126420472369682,2.08449644643423,192,48.0,23.671781059837315
BCH,2026-02-05 03:00:00+00:00,2026-02-05 03:00:00+00:00,2026-02-07 03:00:00+00:00,-1,533.84,563.5869449899286,-29213.10498992858,527.19,tempo,0.22355236822643357,0.20036781935146503,192,48.0,29.74694498992858
BCH,2026-02-07 03:00:00+00:00,2026-02-07 03:00:00+00:00,2026-02-09 03:00:00+00:00,-1,527.2,565.0826440148315,-37355.444014831504,526.92,tempo,0.007391247556281001,-0.010695610365561641,192,48.0,37.8826440148315
BCH,2026-02-13 19:00:00+00:00,2026-02-13 19:00:00+00:00,2026-02-15 19:00:00+00:00,-1,556.65,591.3787161092398,-34172.06610923982,552.5,tempo,0.11949765107774427,0.09873824558367861,192,48.0,34.728716109239826
BCH,2026-02-23 20:00:00+00:00,2026-02-23 20:00:00+00:00,2026-02-24 08:15:00+00:00,1,509.6,480.38458516501225,29725.014834987767,480.38458516501225,stop,-1.0,-1.0220257006101665,49,12.25,29.21541483498777
BCH,2026-02-24 09:00:00+00:00,2026-02-24 09:00:00+00:00,2026-02-26 09:00:00+00:00,1,484.32,455.7935278745591,29010.792125440876,497.65,tempo,0.4672852619624085,0.44491023790779505,192,48.0,28.526472125440876
BCH,2026-03-27 17:00:00+00:00,2026-03-27 17:00:00+00:00,2026-03-29 17:00:00+00:00,-1,468.71,486.32514786073193,-17146.437860731952,451.33,tempo,0.9866508153896254,0.9527012848646429,192,48.0,17.615147860731952
BCH,2026-03-29 17:00:00+00:00,2026-03-29 17:00:00+00:00,2026-03-31 17:00:00+00:00,1,451.34,432.8616640515215,18929.675948478503,473.5,tempo,1.1992421861896427,1.166709711313327,192,48.0,18.478335948478502
BCH,2026-04-05 16:00:00+00:00,2026-04-05 16:00:00+00:00,2026-04-07 16:00:00+00:00,1,421.06,406.36388245305176,15117.177546948244,432.85,tempo,0.8022527012549855,0.764484801112185,192,48.0,14.696117546948244
BCH,2026-04-22 06:00:00+00:00,2026-04-22 06:00:00+00:00,2026-04-24 06:00:00+00:00,-1,465.34,480.01410373856964,-14208.763738569669,456.99,tempo,0.5690296422024522,0.5281743701748853,192,48.0,14.67410373856967
BCH,2026-05-05 23:00:00+00:00,2026-05-05 23:00:00+00:00,2026-05-06 04:45:00+00:00,-1,463.98,476.78927302350155,-12345.293023501534,476.78927302350155,stop,-1.0,-1.047738854995388,23,5.75,12.809273023501532
BCH,2026-05-06 05:00:00+00:00,2026-05-06 05:00:00+00:00,2026-05-08 05:00:00+00:00,-1,483.95,501.8530563930225,-17419.106393022495,450.12,tempo,1.889621484585438,1.8557085321447235,192,48.0,17.903056393022496
BCH,2026-05-18 02:00:00+00:00,2026-05-18 02:00:00+00:00,2026-05-18 05:30:00+00:00,1,390.69,377.40372530312493,13676.96469687507,377.40372530312493,stop,-1.0,-1.0375771939717953,14,3.5,13.286274696875068
BCH,2026-05-18 06:00:00+00:00,2026-05-18 06:00:00+00:00,2026-05-18 10:30:00+00:00,1,374.89,361.2441698931134,14020.72010688659,361.2441698931134,stop,-1.0,-1.035064719894838,18,4.5,13.645830106886592
BCH,2026-05-18 11:00:00+00:00,2026-05-18 11:00:00+00:00,2026-05-20 11:00:00+00:00,1,359.02,345.3972360388313,13981.783961168687,368.08,tempo,0.6650632739307003,0.6303702409054511,192,48.0,13.622763961168687
BCH,2026-05-23 10:00:00+00:00,2026-05-23 10:00:00+00:00,2026-05-25 10:00:00+00:00,1,343.91,325.42846963756466,18825.440362435365,351.38,tempo,0.40418730773416467,0.379733786237991,192,48.0,18.481530362435365
BCH,2026-05-28 12:00:00+00:00,2026-05-28 12:00:00+00:00,2026-05-30 12:00:00+00:00,1,301.02,283.86725587937974,17453.764120620242,303.36,tempo,0.13642132031731247,0.11351845432470797,192,48.0,17.15274412062024
BCH,2026-06-03 04:00:00+00:00,2026-06-03 04:00:00+00:00,2026-06-04 02:15:00+00:00,1,247.08,230.89279151179815,16434.288488201862,230.89279151179815,stop,-1.0,-1.0191930754897678,89,22.25,16.18720848820186
BCH,2026-06-05 12:00:00+00:00,2026-06-05 12:00:00+00:00,2026-06-06 04:30:00+00:00,1,222.76,205.36477000980253,17617.989990197464,205.36477000980253,stop,-1.0,-1.0159975522406537,66,16.5,17.395229990197464
BCH,2026-06-06 05:00:00+00:00,2026-06-06 05:00:00+00:00,2026-06-08 05:00:00+00:00,1,203.36,186.2450976639099,17318.262336090127,220.2,tempo,0.9839378378741628,0.9678516227971742,192,48.0,17.114902336090125
BCH,2026-06-08 09:00:00+00:00,2026-06-08 09:00:00+00:00,2026-06-10 09:00:00+00:00,1,201.75,182.95498044241188,18996.76955758812,196.45,tempo,-0.28198959749739877,-0.2957607989163142,192,48.0,18.79501955758812
BCH,2026-07-05 13:00:00+00:00,2026-07-05 13:00:00+00:00,2026-07-07 13:00:00+00:00,-1,241.34,256.7778458492095,-15196.505849209481,239.65,tempo,0.10947123170597903,0.08921947488357175,192,48.0,15.43784584920948
BCH,2026-07-16 01:00:00+00:00,2026-07-16 01:00:00+00:00,2026-07-18 01:00:00+00:00,1,220.85,208.97892256938263,12091.927430617363,219.53,tempo,-0.1111946247267756,-0.13530760029053734,192,48.0,11.871077430617362
BCH,2026-08-13 19:00:00+00:00,2026-08-13 19:00:00+00:00,2026-08-15 19:00:00+00:00,1,205.43,198.41975184090128,7215.678159098723,203.08,tempo,-0.3352235108752732,-0.37310112861058287,192,48.0,7.0102481590987225
BCH,2026-08-20 16:00:00+00:00,2026-08-20 16:00:00+00:00,2026-08-21 05:00:00+00:00,-1,222.36,230.08293317573063,-7500.573175730618,230.08293317573063,stop,-1.0,-1.0380798201761474,52,13.0,7.722933175730617
BCH,2026-08-21 06:00:00+00:00,2026-08-21 06:00:00+00:00,2026-08-21 06:30:00+00:00,-1,238.46,247.9127305445514,-9214.2705445514,247.9127305445514,stop,-1.0,-1.0334445452945005,2,0.5,9.4527305445514
BCH,2026-08-21 07:00:00+00:00,2026-08-21 07:00:00+00:00,2026-08-21 08:00:00+00:00,-1,250.53,262.0327189384345,-11252.188938434525,262.0327189384345,stop,-1.0,-1.0289640883249578,4,1.0,11.502718938434526
BCH,2026-08-21 08:00:00+00:00,2026-08-21 08:00:00+00:00,2026-08-21 15:00:00+00:00,-1,262.52,275.86544395133967,-13082.92395133969,275.86544395133967,stop,-1.0,-1.0262224726164497,28,7.0,13.34544395133969
BCH,2026-08-21 15:00:00+00:00,2026-08-21 15:00:00+00:00,2026-08-21 16:45:00+00:00,-1,277.93,292.89294644626466,-14685.016446264652,292.89294644626466,stop,-1.0,-1.0247969152681622,7,1.75,14.962946446264652
BCH,2026-08-21 17:00:00+00:00,2026-08-21 17:00:00+00:00,2026-08-23 17:00:00+00:00,-1,297.35,314.6546542197484,-17007.30421974839,273.7,tempo,1.3666843439732084,1.3452344787932153,192,48.0,17.304654219748386
APT,2025-04-22 00:00:00+00:00,2025-04-22 00:00:00+00:00,2025-04-24 00:00:00+00:00,1,4.9143,4.578231961338509,340.982338661491,5.3511,tempo,1.2997368084739904,1.279882168245257,192,48.0,0.33606803866149093
APT,2025-05-06 05:00:00+00:00,2025-05-06 05:00:00+00:00,2025-05-06 21:30:00+00:00,1,4.9133,4.635724199404445,282.4891005955549,4.635724199404445,stop,-1.0,-1.0223609756913092,66,16.5,0.27757580059555487
APT,2025-05-06 22:00:00+00:00,2025-05-06 22:00:00+00:00,2025-05-08 22:00:00+00:00,1,4.6439,4.382348618899746,266.1952811002543,5.4271,tempo,2.9944403149597374,2.969412154250118,192,48.0,0.26155138110025433
APT,2025-05-08 22:00:00+00:00,2025-05-08 22:00:00+00:00,2025-05-09 08:15:00+00:00,-1,5.4271,5.736783456343994,-304.2563563439934,5.736783456343994,stop,-1.0,-1.023432069417887,41,10.25,0.3096834563439934
APT,2025-05-09 09:00:00+00:00,2025-05-09 09:00:00+00:00,2025-05-10 23:15:00+00:00,-1,5.6864,6.00940328588472,-317.3168858847203,6.00940328588472,stop,-1.0,-1.0235362068066958,153,38.25,0.32300328588472027
APT,2025-05-11 00:00:00+00:00,2025-05-11 00:00:00+00:00,2025-05-13 00:00:00+00:00,-1,6.0741,6.433427122828742,-353.25302282874225,5.8462,tempo,0.634241017504873,0.6126779500163861,192,48.0,0.35932712282874224
APT,2025-05-14 23:00:00+00:00,2025-05-14 23:00:00+00:00,2025-05-15 19:00:00+00:00,1,5.7127,5.33350678185108,384.90591814892014,5.33350678185108,stop,-1.0,-1.0189350285409993,80,20.0,0.37919321814892015
APT,2025-05-15 20:00:00+00:00,2025-05-15 20:00:00+00:00,2025-05-17 20:00:00+00:00,1,5.3684,4.983691728289809,390.0766717101911,5.0606,tempo,-0.8000867738863504,-0.8177075283605527,192,48.0,0.38470827171019106
APT,2025-05-23 02:00:00+00:00,2025-05-23 02:00:00+00:00,2025-05-25 02:00:00+00:00,-1,5.8145,6.211781469393961,-391.46696939396145,5.2262,tempo,1.4808140961052871,1.4627501904040032,192,48.0,0.3972814693939615
APT,2025-05-30 03:00:00+00:00,2025-05-30 03:00:00+00:00,2025-05-31 00:30:00+00:00,1,4.9794,4.635973127620668,348.40627237933234,4.635973127620668,stop,-1.0,-1.0181989035675985,86,21.5,0.34342687237933234
APT,2025-06-13 02:00:00+00:00,2025-06-13 02:00:00+00:00,2025-06-15 02:00:00+00:00,1,4.3962,4.117092406621307,283.50379337869356,4.4796,tempo,0.298809498481978,0.27813908271090926,192,48.0,0.2791075933786935
APT,2025-06-21 05:00:00+00:00,2025-06-21 05:00:00+00:00,2025-06-23 05:00:00+00:00,-1,4.4881,4.743102336877353,-250.51423687735286,3.9527,tempo,2.099588602035081,2.0780730345026988,192,48.0,0.25500233687735285
APT,2025-06-24 15:00:00+00:00,2025-06-24 15:00:00+00:00,2025-06-26 15:00:00+00:00,-1,4.7911,5.195090571623841,-399.19947162384096,4.6766,tempo,0.2834224559740775,0.26818941482842906,192,48.0,0.403990571623841
APT,2025-07-23 21:00:00+00:00,2025-07-23 21:00:00+00:00,2025-07-24 07:00:00+00:00,1,4.8008,4.4504714045180505,355.12939548194925,4.4504714045180505,stop,-1.0,-1.0171648175184334,40,10.0,0.3503285954819493
APT,2025-07-24 07:00:00+00:00,2025-07-24 07:00:00+00:00,2025-07-26 07:00:00+00:00,1,4.514,4.179900732200501,338.61326779949917,4.76,tempo,0.7363081087254281,0.7182652676270226,192,48.0,0.33409926779949917
APT,2025-08-08 08:00:00+00:00,2025-08-08 08:00:00+00:00,2025-08-10 08:00:00+00:00,-1,4.6501,4.926127898521595,-271.3777985215949,4.6847,tempo,-0.12534964829757334,-0.14733155676587734,192,48.0,0.2760278985215949
APT,2025-08-10 12:00:00+00:00,2025-08-10 12:00:00+00:00,2025-08-12 12:00:00+00:00,1,4.6101,4.343800332201631,270.90976779836865,4.549,tempo,-0.2294407668817002,-0.2517968405832554,192,48.0,0.26629966779836867
APT,2025-08-13 10:00:00+00:00,2025-08-13 10:00:00+00:00,2025-08-15 10:00:00+00:00,-1,4.9704,5.265804561282824,-290.4341612828242,4.7608,tempo,0.7095354218289345,0.6881231593623977,192,48.0,0.2954045612828242
APT,2025-08-23 15:00:00+00:00,2025-08-23 15:00:00+00:00,2025-08-25 15:00:00+00:00,-1,4.734,5.012484416355185,-273.75041635518477,4.4372,tempo,1.0657687919652041,1.0443626390535925,192,48.0,0.2784844163551847
APT,2025-09-13 12:00:00+00:00,2025-09-13 12:00:00+00:00,2025-09-15 12:00:00+00:00,-1,4.7337,4.93407287234525,-195.63917234525002,4.4055,tempo,1.6379462756540157,1.6082991486229457,192,48.0,0.20037287234525003
APT,2025-09-16 04:00:00+00:00,2025-09-16 04:00:00+00:00,2025-09-18 04:00:00+00:00,1,4.3567,4.1670157255504465,194.0409744495535,4.6356,tempo,1.4703380172623302,1.4395236810873275,192,48.0,0.1896842744495535
APT,2025-09-18 09:00:00+00:00,2025-09-18 09:00:00+00:00,2025-09-20 09:00:00+00:00,-1,4.6293,4.829937291206913,-196.0079912069132,4.6469,tempo,-0.08772048253905756,-0.11777237350972396,192,48.0,0.2006372912069132
APT,2025-09-22 08:00:00+00:00,2025-09-22 08:00:00+00:00,2025-09-24 08:00:00+00:00,1,4.2735,4.071657318662547,206.1161813374532,4.3074,tempo,0.16795258453450637,0.1403192566226806,192,48.0,0.2018426813374532
APT,2025-10-01 01:00:00+00:00,2025-10-01 01:00:00+00:00,2025-10-01 18:15:00+00:00,-1,4.4479,4.660821968067718,-208.47406806771812,4.660821968067718,stop,-1.0,-1.0278067563106545,69,17.25,0.21292196806771813
APT,2025-10-01 19:00:00+00:00,2025-10-01 19:00:00+00:00,2025-10-02 11:00:00+00:00,-1,4.7648,5.004487224133657,-234.9224241336565,5.004487224133657,stop,-1.0,-1.026493012794649,64,16.0,0.2396872241336565
APT,2025-10-02 11:00:00+00:00,2025-10-02 11:00:00+00:00,2025-10-03 12:30:00+00:00,-1,5.0057,5.263978271805493,-253.2725718054926,5.263978271805493,stop,-1.0,-1.0258453443644717,102,25.5,0.25827827180549257
APT,2025-10-09 14:00:00+00:00,2025-10-09 14:00:00+00:00,2025-10-10 21:00:00+00:00,1,4.8339,4.540325084295757,298.40881570424267,4.540325084295757,stop,-1.0,-1.02075533698162,124,31.0,0.29357491570424266
APT,2025-10-10 22:00:00+00:00,2025-10-10 22:00:00+00:00,2025-10-12 22:00:00+00:00,1,3.7876,3.3792627517247062,412.12484827529363,3.8819,tempo,0.23093656137983448,0.21872808659323092,192,48.0,0.4083372482752936
APT,2025-11-03 17:00:00+00:00,2025-11-03 17:00:00+00:00,2025-11-04 06:00:00+00:00,1,2.883,2.636201418634035,249.68158136596523,2.636201418634035,stop,-1.0,-1.014536067842272,52,13.0,0.24679858136596522
APT,2025-11-04 06:00:00+00:00,2025-11-04 06:00:00+00:00,2025-11-04 21:45:00+00:00,1,2.6416,2.4049256568806587,239.31594311934123,2.4049256568806587,stop,-1.0,-1.0138597265497358,63,15.75,0.2366743431193412
APT,2025-11-07 01:00:00+00:00,2025-11-07 01:00:00+00:00,2025-11-07 06:15:00+00:00,-1,2.8526,3.1145618651300326,-259.10926513003284,3.1145618651300326,stop,-1.0,-1.0148061826113859,21,5.25,0.26196186513003283
APT,2025-11-07 07:00:00+00:00,2025-11-07 07:00:00+00:00,2025-11-09 07:00:00+00:00,-1,3.1217,3.422686666174979,-297.86496617497875,2.995,tempo,0.42094887992926217,0.4077394741754251,192,48.0,0.3009866661749787
APT,2025-11-14 18:00:00+00:00,2025-11-14 18:00:00+00:00,2025-11-16 18:00:00+00:00,-1,3.0658,3.350471175783196,-281.60537578319634,2.7765,tempo,1.0162602490542592,1.0029203139886445,192,48.0,0.28467117578319634
APT,2025-11-21 21:00:00+00:00,2025-11-21 21:00:00+00:00,2025-11-23 21:00:00+00:00,1,2.4062,2.18864464833736,219.9615516626403,2.3584,tempo,-0.21971419978729267,-0.2339496114943899,192,48.0,0.21755535166264028
APT,2025-11-27 10:00:00+00:00,2025-11-27 10:00:00+00:00,2025-11-29 09:45:00+00:00,1,2.2665,2.0787255620198035,190.04093798019667,2.0787255620198035,stop,-1.0,-1.015041432932478,191,47.75,0.18777443798019666
APT,2025-12-05 18:00:00+00:00,2025-12-05 18:00:00+00:00,2025-12-07 18:00:00+00:00,1,1.7399,1.6041421185259035,137.4977814740965,1.7633,tempo,0.1723656832731657,0.15559258711642815,192,48.0,0.1357578814740965
APT,2025-12-18 06:00:00+00:00,2025-12-18 06:00:00+00:00,2025-12-20 06:00:00+00:00,1,1.4637,1.3576479361084772,107.51576389152278,1.6302,tempo,1.5699835900441086,1.551020875635674,192,48.0,0.10605206389152277
APT,2025-12-20 06:00:00+00:00,2025-12-20 06:00:00+00:00,2025-12-22 06:00:00+00:00,-1,1.6303,1.7620004766949828,-130.07017669498273,1.5971,tempo,0.25208716652477314,0.23615852258479325,192,48.0,0.13170047669498275
APT,2026-01-01 17:00:00+00:00,2026-01-01 17:00:00+00:00,2026-01-02 22:45:00+00:00,-1,1.7902,1.9074287148263378,-115.4385148263378,1.9074287148263378,stop,-1.0,-1.020502303281219,119,29.75,0.11722871482633779
APT,2026-01-13 17:00:00+00:00,2026-01-13 17:00:00+00:00,2026-01-15 17:00:00+00:00,-1,1.9501,2.0668412141912986,-114.79111419129867,1.8539,tempo,0.8240448813763505,0.8028647007766502,192,48.0,0.11674121419129868
APT,2026-01-17 16:00:00+00:00,2026-01-17 16:00:00+00:00,2026-01-19 16:00:00+00:00,-1,1.897,2.010508277077927,-111.61127707792699,1.584,tempo,2.757508157621982,2.737574369018649,192,48.0,0.11350827707792699
APT,2026-01-19 16:00:00+00:00,2026-01-19 16:00:00+00:00,2026-01-21 16:00:00+00:00,1,1.584,1.472373503915474,113.21049608452613,1.5765,tempo,-0.06718834920985867,-0.0855919099419309,192,48.0,0.11162649608452613
APT,2026-01-31 12:00:00+00:00,2026-01-31 12:00:00+00:00,2026-01-31 14:45:00+00:00,1,1.3639,1.2748306208153934,90.43327918460645,1.2748306208153934,stop,-1.0,-1.01925661679953,11,2.75,0.08906937918460645
APT,2026-01-31 15:00:00+00:00,2026-01-31 15:00:00+00:00,2026-01-31 17:15:00+00:00,1,1.2948,1.2062474388754822,89.8473611245177,1.2062474388754822,stop,-1.0,-1.0183583717356646,9,2.25,0.0885525611245177
APT,2026-01-31 18:00:00+00:00,2026-01-31 18:00:00+00:00,2026-01-31 18:45:00+00:00,1,1.2275,1.1403176874019878,88.40981259801224,1.1403176874019878,stop,-1.0,-1.0176535979712746,3,0.75,0.08718231259801223
APT,2026-01-31 19:00:00+00:00,2026-01-31 19:00:00+00:00,2026-02-02 19:00:00+00:00,1,1.2101,1.1239447481682667,87.36535183173322,1.284,tempo,0.8577538621131484,0.8389370753760352,192,48.0,0.08615525183173323
APT,2026-02-08 16:00:00+00:00,2026-02-08 16:00:00+00:00,2026-02-10 16:00:00+00:00,1,1.0716,0.9846628335611718,88.00876643882832,0.9846628335611718,stop,-1.0,-1.0153739867143612,192,48.0,0.08693716643882832
APT,2026-02-22 13:00:00+00:00,2026-02-22 13:00:00+00:00,2026-02-24 13:00:00+00:00,1,0.8335,0.7787157078221606,55.61779217783942,0.8117,tempo,-0.397924279631713,-0.4174441083543075,192,48.0,0.05478429217783942
APT,2026-02-25 16:00:00+00:00,2026-02-25 16:00:00+00:00,2026-02-25 19:45:00+00:00,-1,0.954,1.0224337854605419,-67.47978546054192,1.0224337854605419,stop,-1.0,-1.0187726274661524,15,3.75,0.06843378546054191
APT,2026-02-25 20:00:00+00:00,2026-02-25 20:00:00+00:00,2026-02-27 20:00:00+00:00,-1,1.0561,1.1379398606085653,-80.78376060856529,0.9321,tempo,1.5151540957906062,1.4993631353663073,192,48.0,0.0818398606085653
APT,2026-03-04 19:00:00+00:00,2026-03-04 19:00:00+00:00,2026-03-06 19:00:00+00:00,1,1.0087,0.9283343505564332,81.37434944356673,0.9558,tempo,-0.6582414298430659,-0.6741303700661728,192,48.0,0.08036564944356672
APT,2026-03-23 21:00:00+00:00,2026-03-23 21:00:00+00:00,2026-03-25 21:00:00+00:00,-1,1.0615,1.135754551794781,-73.1930517947808,1.0627,tempo,-0.016160625456555694,-0.03475517577874952,192,48.0,0.0742545517947808
APT,2026-04-15 17:00:00+00:00,2026-04-15 17:00:00+00:00,2026-04-16 15:45:00+00:00,-1,0.9145,0.9624867856262231,-47.07228562622316,0.9624867856262231,stop,-1.0,-1.0254245287475627,91,22.75,0.04798678562622316
APT,2026-04-16 16:00:00+00:00,2026-04-16 16:00:00+00:00,2026-04-18 16:00:00+00:00,-1,0.987,1.0459439414953906,-57.956941495390616,0.9435,tempo,0.7379893318366173,0.7167008844039303,192,48.0,0.05894394149539062
APT,2026-04-30 02:00:00+00:00,2026-04-30 02:00:00+00:00,2026-05-02 02:00:00+00:00,-1,1.0238,1.0791154221715349,-54.29162217153485,1.0085,tempo,0.27659555688745024,0.25271442305277475,192,48.0,0.055315422171534845
APT,2026-05-08 16:00:00+00:00,2026-05-08 16:00:00+00:00,2026-05-08 21:00:00+00:00,-1,1.0759,1.1381106373007723,-61.13473730077226,1.1381106373007723,stop,-1.0,-1.0231328109899887,20,5.0,0.062210637300772254
APT,2026-05-08 21:00:00+00:00,2026-05-08 21:00:00+00:00,2026-05-10 17:30:00+00:00,-1,1.1348,1.2021389463559882,-66.20414635598814,1.2021389463559882,stop,-1.0,-1.0225576786886614,178,44.5,0.06733894635598814
APT,2026-05-10 19:00:00+00:00,2026-05-10 19:00:00+00:00,2026-05-12 19:00:00+00:00,-1,1.196,1.2674578719705825,-70.26187197058252,1.0797,tempo,1.627532373870268,1.606831995322626,192,48.0,0.07145787197058251
APT,2026-06-01 16:00:00+00:00,2026-06-01 16:00:00+00:00,2026-06-03 16:00:00+00:00,-1,0.9114,0.9667559937162532,-54.444593716253216,0.843,tempo,1.235638553443887,1.2150380741923479,192,48.0,0.055355993716253216
APT,2026-06-04 00:00:00+00:00,2026-06-04 00:00:00+00:00,2026-06-06 00:00:00+00:00,-1,0.8109,0.8683208315218834,-56.60993152188349,0.6659,tempo,2.5252159565947663,2.50849867865646,192,48.0,0.057420831521883486
APT,2026-06-06 05:00:00+00:00,2026-06-06 05:00:00+00:00,2026-06-08 05:00:00+00:00,1,0.6231,0.5675578450277498,56.16525497225024,0.657,tempo,0.6103472221583234,0.5953664386360471,192,48.0,0.055542154972250235
APT,2026-06-10 22:00:00+00:00,2026-06-10 22:00:00+00:00,2026-06-12 22:00:00+00:00,1,0.6119,0.5599639708860542,52.54792911394579,0.6406,tempo,0.5526028941687701,0.5369273599800889,192,48.0,0.05193602911394579
APT,2026-07-29 14:00:00+00:00,2026-07-29 14:00:00+00:00,2026-07-31 14:00:00+00:00,1,0.5679,0.5419663550760327,26.501544923967217,0.5576,tempo,-0.3971674645117462,-0.42537695847778323,192,48.0,0.025933644923967214
APT,2026-08-09 01:00:00+00:00,2026-08-09 01:00:00+00:00,2026-08-11 01:00:00+00:00,-1,0.6074,0.6315565275882622,-23.549127588262145,0.5884,tempo,0.7865368865859791,0.7543604904893115,192,48.0,0.024156527588262144
APT,2026-08-12 22:00:00+00:00,2026-08-12 22:00:00+00:00,2026-08-14 12:15:00+00:00,1,0.5552,0.5336837530466578,22.0714469533422,0.5336837530466578,stop,-1.0,-1.0328948836205092,153,38.25,0.0215162469533422
APT,2026-08-17 13:00:00+00:00,2026-08-17 13:00:00+00:00,2026-08-19 13:00:00+00:00,1,0.5175,0.49796028720797675,20.05721279202321,0.532,tempo,0.742078461149105,0.7071662284432851,192,48.0,0.01953971279202321
APT,2026-08-21 12:00:00+00:00,2026-08-21 12:00:00+00:00,2026-08-22 01:45:00+00:00,-1,0.6344,0.6636931436310185,-28.658743631018538,0.6636931436310185,stop,-1.0,-1.0288040284780737,55,13.75,0.029293143631018537
APT,2026-08-22 02:00:00+00:00,2026-08-22 02:00:00+00:00,2026-08-22 04:45:00+00:00,-1,0.6593,0.6923804753891014,-32.421175389101414,0.6923804753891014,stop,-1.0,-1.0265592407203548,11,2.75,0.033080475389101416
APT,2026-08-22 05:00:00+00:00,2026-08-22 05:00:00+00:00,2026-08-24 05:00:00+00:00,-1,0.705,0.7427242790975592,-37.01927909755927,0.6242,tempo,2.1418567016494077,2.1189542096557066,192,48.0,0.037724279097559266
APT,2026-08-24 15:00:00+00:00,2026-08-24 15:00:00+00:00,2026-08-25 20:45:00+00:00,1,0.6178,0.5748231302972653,43.594669702734734,0.5748231302972653,stop,-1.0,-1.0180377268064242,119,29.75,0.04297686970273473
APT,2026-09-01 15:00:00+00:00,2026-09-01 15:00:00+00:00,2026-09-03 03:00:00+00:00,-1,0.5562,0.5912214997599724,-34.465299759972375,0.5912214997599724,stop,-1.0,-1.0212961746343148,144,36.0,0.035021499759972374
APT,2026-09-03 06:00:00+00:00,2026-09-03 06:00:00+00:00,2026-09-05 06:00:00+00:00,-1,0.6022,0.6418107276708166,-39.00852767081663,0.6058,tempo,-0.09088447023537924,-0.11070738302116225,192,48.0,0.03961072767081664
ARB,2025-04-02 09:00:00+00:00,2025-04-02 09:00:00+00:00,2025-04-02 22:45:00+00:00,1,0.3234,0.3033270999144801,20.39630008551993,0.3033270999144801,stop,-1.0,-1.0202946566369988,55,13.75,0.02007290008551993
ARB,2025-04-02 23:00:00+00:00,2025-04-02 23:00:00+00:00,2025-04-04 23:00:00+00:00,1,0.304,0.28298315549562303,21.32084450437696,0.3132,tempo,0.4377441151112859,0.4186556168395092,192,48.0,0.021016844504376964
ARB,2025-04-06 21:00:00+00:00,2025-04-06 21:00:00+00:00,2025-04-07 07:00:00+00:00,1,0.266,0.24676382503031152,19.50217496968849,0.24676382503031152,stop,-1.0,-1.0173265468210233,40,10.0,0.01923617496968849
ARB,2025-04-22 01:00:00+00:00,2025-04-22 01:00:00+00:00,2025-04-24 01:00:00+00:00,1,0.2964,0.2764917654862024,20.204634513797583,0.3394,tempo,2.159910260761618,2.1391515139368518,192,48.0,0.019908234513797585
ARB,2025-05-08 14:00:00+00:00,2025-05-08 14:00:00+00:00,2025-05-08 20:00:00+00:00,-1,0.3352,0.3552131464338511,-19.677946433851105,0.3552131464338511,stop,-1.0,-1.0224236876827593,24,6.0,0.020013146433851103
ARB,2025-05-08 20:00:00+00:00,2025-05-08 20:00:00+00:00,2025-05-09 07:30:00+00:00,-1,0.3541,0.37548940148007043,-21.035301480070405,0.37548940148007043,stop,-1.0,-1.0221714063109206,46,11.5,0.021389401480070402
ARB,2025-05-09 08:00:00+00:00,2025-05-09 08:00:00+00:00,2025-05-10 10:45:00+00:00,-1,0.377,0.4001220764377352,-22.745076437735175,0.4001220764377352,stop,-1.0,-1.021846193227705,107,26.75,0.023122076437735173
ARB,2025-05-10 14:00:00+00:00,2025-05-10 14:00:00+00:00,2025-05-10 19:00:00+00:00,-1,0.4117,0.43757392190605815,-25.46222190605814,0.43757392190605815,stop,-1.0,-1.0213353063073785,20,5.0,0.02587392190605814
ARB,2025-05-10 19:00:00+00:00,2025-05-10 19:00:00+00:00,2025-05-10 21:15:00+00:00,-1,0.4351,0.4633525045827684,-27.817404582768404,0.4633525045827684,stop,-1.0,-1.0206705259092317,9,2.25,0.0282525045827684
ARB,2025-05-10 22:00:00+00:00,2025-05-10 22:00:00+00:00,2025-05-10 22:45:00+00:00,-1,0.4581,0.4889745120032941,-30.416412003294106,0.4889745120032941,stop,-1.0,-1.019938725921772,3,0.75,0.030874512003294108
ARB,2025-05-10 23:00:00+00:00,2025-05-10 23:00:00+00:00,2025-05-12 23:00:00+00:00,-1,0.4858,0.5211329677193274,-34.84716771932737,0.4312,tempo,1.545299008951728,1.5284294947706716,192,48.0,0.03533296771932737
ARB,2025-05-29 02:00:00+00:00,2025-05-29 02:00:00+00:00,2025-05-31 02:00:00+00:00,-1,0.4283,0.46255043881776314,-33.822138817763125,0.3241,tempo,3.042296787916168,3.0280178467731904,192,48.0,0.03425043881776313
ARB,2025-05-31 02:00:00+00:00,2025-05-31 02:00:00+00:00,2025-06-02 02:00:00+00:00,1,0.324,0.2958817542732286,28.442245726771407,0.3424,tempo,0.6543793726961179,0.638974428724539,192,48.0,0.028118245726771407
ARB,2025-06-10 12:00:00+00:00,2025-06-10 12:00:00+00:00,2025-06-11 15:45:00+00:00,-1,0.3916,0.4221603697453912,-30.16876974539117,0.4221603697453912,stop,-1.0,-1.017308175416113,111,27.75,0.03056036974539117
ARB,2025-06-13 02:00:00+00:00,2025-06-13 02:00:00+00:00,2025-06-15 02:00:00+00:00,1,0.3327,0.3047835583663928,28.24914163360718,0.3328,tempo,0.003582118427285664,-0.011913230359547004,192,48.0,0.02791644163360718
ARB,2025-06-24 06:00:00+00:00,2025-06-24 06:00:00+00:00,2025-06-26 06:00:00+00:00,-1,0.3134,0.3388862431601965,-25.172843160196486,0.304,tempo,0.3688264269047157,0.3530802850556592,192,48.0,0.025486243160196487
ARB,2025-06-29 17:00:00+00:00,2025-06-29 17:00:00+00:00,2025-06-29 21:45:00+00:00,-1,0.3316,0.35806554745335123,-26.133947453351222,0.35806554745335123,stop,-1.0,-1.0169383462267247,19,4.75,0.026465547453351224
ARB,2025-06-29 22:00:00+00:00,2025-06-29 22:00:00+00:00,2025-07-01 22:00:00+00:00,-1,0.3703,0.40201607012248874,-31.345770122488727,0.3283,tempo,1.3242498152449016,1.309932467659079,192,48.0,0.031716070122488726
ARB,2025-07-15 18:00:00+00:00,2025-07-15 18:00:00+00:00,2025-07-17 18:00:00+00:00,-1,0.4293,0.4634122467698622,-33.68294676986219,0.442,tempo,-0.3723003086158578,-0.38890270375625524,192,48.0,0.03411224676986219
ARB,2025-07-18 15:00:00+00:00,2025-07-18 15:00:00+00:00,2025-07-20 15:00:00+00:00,-1,0.491,0.5314101075443803,-39.919107544380346,0.4899,tempo,0.027220912460871733,0.011443052941448949,192,48.0,0.04041010754438035
ARB,2025-07-20 17:00:00+00:00,2025-07-20 17:00:00+00:00,2025-07-22 17:00:00+00:00,-1,0.5046,0.547171226003143,-42.066626003143,0.4787,tempo,0.6083921566667555,0.5933786120732122,192,48.0,0.042571226003143
ARB,2025-07-24 06:00:00+00:00,2025-07-24 06:00:00+00:00,2025-07-26 06:00:00+00:00,1,0.4166,0.3800435948516312,36.973005148368834,0.4482,tempo,0.8644175999184639,0.8490408144353573,192,48.0,0.03655640514836883
ARB,2025-08-08 19:00:00+00:00,2025-08-08 19:00:00+00:00,2025-08-09 10:15:00+00:00,-1,0.4323,0.46434051428048173,-31.608214280481715,0.46434051428048173,stop,-1.0,-1.018189980634529,61,15.25,0.03204051428048171
ARB,2025-08-09 11:00:00+00:00,2025-08-09 11:00:00+00:00,2025-08-11 11:00:00+00:00,-1,0.4638,0.4982029251209385,-33.93912512093851,0.4567,tempo,0.20637779999930156,0.1889861102549942,192,48.0,0.03440292512093851
ARB,2025-08-13 04:00:00+00:00,2025-08-13 04:00:00+00:00,2025-08-13 13:45:00+00:00,-1,0.4818,0.5174577699938986,-35.17596999389858,0.5174577699938986,stop,-1.0,-1.0182153160617495,39,9.75,0.03565776999389858
ARB,2025-08-13 14:00:00+00:00,2025-08-13 14:00:00+00:00,2025-08-13 21:15:00+00:00,-1,0.5249,0.5659446166787209,-40.51971667872083,0.5659446166787209,stop,-1.0,-1.0172750791264855,29,7.25,0.041044616678720836
ARB,2025-08-13 22:00:00+00:00,2025-08-13 22:00:00+00:00,2025-08-15 22:00:00+00:00,-1,0.5648,0.6101744807259223,-44.80968072592232,0.482,tempo,1.824814271707942,1.8098186180031652,192,48.0,0.04537448072592232
ARB,2025-08-17 12:00:00+00:00,2025-08-17 12:00:00+00:00,2025-08-19 12:00:00+00:00,-1,0.5298,0.5749401392801943,-44.610339280194225,0.5035,tempo,0.5826300144257539,0.567750906591572,192,48.0,0.045140139280194225
ARB,2025-08-22 20:00:00+00:00,2025-08-22 20:00:00+00:00,2025-08-24 20:00:00+00:00,-1,0.5973,0.6556201064195776,-57.72280641957752,0.5838,tempo,0.23148105908579483,0.21831724565793928,192,48.0,0.05832010641957752
ARB,2025-09-14 12:00:00+00:00,2025-09-14 12:00:00+00:00,2025-09-15 16:00:00+00:00,1,0.5204,0.4874833104077051,33.43708959229488,0.4874833104077051,stop,-1.0,-1.0199024920148216,112,28.0,0.03291668959229488
ARB,2025-09-16 04:00:00+00:00,2025-09-16 04:00:00+00:00,2025-09-18 04:00:00+00:00,1,0.4882,0.4578824417760666,30.80575822393345,0.5246,tempo,1.2006243949839221,1.1789102452117843,192,48.0,0.03031755822393345
ARB,2025-09-22 06:00:00+00:00,2025-09-22 06:00:00+00:00,2025-09-22 06:15:00+00:00,1,0.4497,0.4232632357462968,26.88646425370317,0.4232632357462968,stop,-1.0,-1.021463523212967,1,0.25,0.02643676425370317
ARB,2025-09-22 07:00:00+00:00,2025-09-22 07:00:00+00:00,2025-09-24 07:00:00+00:00,1,0.4387,0.4124645868512676,26.674113148732403,0.441,tempo,0.0876677636811354,0.06587260471953058,192,48.0,0.0262354131487324
ARB,2025-09-29 14:00:00+00:00,2025-09-29 14:00:00+00:00,2025-10-01 14:00:00+00:00,1,0.4168,0.3929512961666464,24.265503833353577,0.4313,tempo,0.6079994997347006,0.5848844070297868,192,48.0,0.02384870383335358
ARB,2025-10-04 05:00:00+00:00,2025-10-04 05:00:00+00:00,2025-10-06 05:00:00+00:00,1,0.4422,0.4161835131459494,26.45868685405056,0.4326,tempo,-0.368996784764018,-0.39085292557157175,192,48.0,0.026016486854050558
ARB,2025-10-10 22:00:00+00:00,2025-10-10 22:00:00+00:00,2025-10-12 22:00:00+00:00,1,0.2824,0.24315087699299287,39.53152300700712,0.3373,tempo,1.3987573681633283,1.3884945910834916,192,48.0,0.039249123007007114
ARB,2025-11-03 21:00:00+00:00,2025-11-03 21:00:00+00:00,2025-11-04 21:45:00+00:00,1,0.2579,0.2350094985457173,23.14840145428273,0.2350094985457173,stop,-1.0,-1.0139966865599082,99,24.75,0.02289050145428273
ARB,2025-11-04 23:00:00+00:00,2025-11-04 23:00:00+00:00,2025-11-06 23:00:00+00:00,-1,0.2544,0.2779340465632653,-23.2796465632653,0.2651,tempo,-0.4546604414687359,-0.4690088026437785,192,48.0,0.0235340465632653
ARB,2025-11-07 08:00:00+00:00,2025-11-07 08:00:00+00:00,2025-11-07 18:30:00+00:00,-1,0.2788,0.3036588346391035,-24.580034639103488,0.3036588346391035,stop,-1.0,-1.015229927227557,42,10.5,0.02485883463910349
ARB,2025-11-07 19:00:00+00:00,2025-11-07 19:00:00+00:00,2025-11-09 19:00:00+00:00,-1,0.2997,0.3273701070382844,-27.370407038284373,0.3002,tempo,-0.01807004213276805,-0.03216232589084986,192,48.0,0.027670107038284375
ARB,2025-12-13 17:00:00+00:00,2025-12-13 17:00:00+00:00,2025-12-15 17:00:00+00:00,-1,0.2128,0.22881143058188813,-15.798630581888142,0.1961,tempo,1.0430048654672213,1.0264051619840953,192,48.0,0.016011430581888142
ARB,2025-12-18 03:00:00+00:00,2025-12-18 03:00:00+00:00,2025-12-20 03:00:00+00:00,1,0.1838,0.16979839956241632,14.185400437583667,0.1908,tempo,0.49994284804830746,0.48255269318098143,192,48.0,0.014001600437583667
ARB,2026-01-01 18:00:00+00:00,2026-01-01 18:00:00+00:00,2026-01-02 20:15:00+00:00,-1,0.1968,0.2082833195787141,-11.286519578714097,0.2082833195787141,stop,-1.0,-1.022929271968903,105,26.25,0.011483319578714096
ARB,2026-01-14 19:00:00+00:00,2026-01-14 19:00:00+00:00,2026-01-16 15:45:00+00:00,1,0.2174,0.2049231396971089,12.694260302891108,0.2049231396971089,stop,-1.0,-1.0220015319671016,179,44.75,0.012476860302891107
ARB,2026-01-17 16:00:00+00:00,2026-01-17 16:00:00+00:00,2026-01-19 16:00:00+00:00,-1,0.222,0.23458839285884361,-12.366392858843613,0.1912,tempo,2.4466983470699635,2.4253628197304815,192,48.0,0.012588392858843611
ARB,2026-01-19 16:00:00+00:00,2026-01-19 16:00:00+00:00,2026-01-21 16:00:00+00:00,1,0.1913,0.17820673275353618,13.284567246463814,0.1901,tempo,-0.09165015709307382,-0.11058431579719366,192,48.0,0.013093267246463813
ARB,2026-01-31 15:00:00+00:00,2026-01-31 15:00:00+00:00,2026-01-31 18:45:00+00:00,1,0.1411,0.13184602782901078,9.395072170989222,0.13184602782901078,stop,-1.0,-1.0191717583336857,15,3.75,0.009253972170989222
ARB,2026-02-04 17:00:00+00:00,2026-02-04 17:00:00+00:00,2026-02-06 17:00:00+00:00,-1,0.1307,0.14031536105019124,-9.48466105019123,0.1191,tempo,1.2064029566283747,1.189516435243224,192,48.0,0.009615361050191229
ARB,2026-02-08 17:00:00+00:00,2026-02-08 17:00:00+00:00,2026-02-10 17:00:00+00:00,1,0.1153,0.1059053490746831,9.509950925316897,0.1102,tempo,-0.5428621074420561,-0.5584640708534913,192,48.0,0.009394650925316897
ARB,2026-02-19 09:00:00+00:00,2026-02-19 09:00:00+00:00,2026-02-19 22:15:00+00:00,1,0.1043,0.09733347917977248,7.070820820227529,0.09733347917977248,stop,-1.0,-1.0188130868835288,53,13.25,0.006966520820227529
ARB,2026-02-19 23:00:00+00:00,2026-02-19 23:00:00+00:00,2026-02-21 23:00:00+00:00,1,0.0975,0.09092027415859028,6.6772258414097285,0.0984,tempo,0.13678381465923967,0.11743118461520152,192,48.0,0.006579725841409728
ARB,2026-02-22 09:00:00+00:00,2026-02-22 09:00:00+00:00,2026-02-23 01:30:00+00:00,1,0.0955,0.08926595220234998,6.329547797650022,0.08926595220234998,stop,-1.0,-1.0192648296628075,66,16.5,0.006234047797650022
ARB,2026-02-27 08:00:00+00:00,2026-02-27 08:00:00+00:00,2026-03-01 08:00:00+00:00,-1,0.1071,0.11495999293181626,-7.752892931816259,0.1021,tempo,0.6361328875705009,0.6188326175601335,192,48.0,0.00785999293181626
ARB,2026-03-05 04:00:00+00:00,2026-03-05 04:00:00+00:00,2026-03-07 04:00:00+00:00,1,0.1031,0.09468484080295411,8.518259197045884,0.0997,tempo,-0.4040327604489716,-0.4196973482379079,192,48.0,0.008415159197045885
ARB,2026-04-06 12:00:00+00:00,2026-04-06 12:00:00+00:00,2026-04-08 04:30:00+00:00,-1,0.0986,0.10333924564712854,-4.640645647128548,0.10333924564712854,stop,-1.0,-1.027696498439612,162,40.5,0.004739245647128548
ARB,2026-04-08 05:00:00+00:00,2026-04-08 05:00:00+00:00,2026-04-09 22:30:00+00:00,-1,0.1033,0.10854066309250635,-5.137363092506343,0.10854066309250635,stop,-1.0,-1.0262746199439956,166,41.5,0.0052406630925063424
ARB,2026-04-10 02:00:00+00:00,2026-04-10 02:00:00+00:00,2026-04-10 22:45:00+00:00,-1,0.1097,0.1157964029582253,-5.986702958225291,0.1157964029582253,stop,-1.0,-1.0240424825798449,83,20.75,0.0060964029582252915
ARB,2026-04-11 03:00:00+00:00,2026-04-11 03:00:00+00:00,2026-04-13 03:00:00+00:00,-1,0.1189,0.12604561088098049,-7.026710880980479,0.111,tempo,1.1055737755084716,1.08466093789542,192,48.0,0.00714561088098048
ARB,2026-04-15 16:00:00+00:00,2026-04-15 16:00:00+00:00,2026-04-16 13:15:00+00:00,-1,0.1154,0.12223290152593153,-6.717501525931523,0.12223290152593153,stop,-1.0,-1.0226055337407776,85,21.25,0.006832901525931523
ARB,2026-04-16 14:00:00+00:00,2026-04-16 14:00:00+00:00,2026-04-16 19:45:00+00:00,-1,0.1233,0.13062692796724945,-7.203627967249444,0.13062692796724945,stop,-1.0,-1.0225268357920916,23,5.75,0.007326927967249444
ARB,2026-04-16 20:00:00+00:00,2026-04-16 20:00:00+00:00,2026-04-18 20:00:00+00:00,-1,0.1323,0.14114010838635385,-8.70780838635385,0.1265,tempo,0.6561005529019582,0.6370713744521018,192,48.0,0.008840108386353851
ARB,2026-05-06 22:00:00+00:00,2026-05-06 22:00:00+00:00,2026-05-08 12:15:00+00:00,-1,0.1283,0.13591333057129884,-7.485030571298843,0.13591333057129884,stop,-1.0,-1.0225576261615086,153,38.25,0.007613330571298843
ARB,2026-05-08 15:00:00+00:00,2026-05-08 15:00:00+00:00,2026-05-08 18:45:00+00:00,-1,0.1351,0.1435283067679461,-8.293206767946092,0.1435283067679461,stop,-1.0,-1.0214881119524437,15,3.75,0.008428306767946092
ARB,2026-05-08 19:00:00+00:00,2026-05-08 19:00:00+00:00,2026-05-10 19:00:00+00:00,-1,0.1444,0.15384162300528006,-9.297223005280065,0.1452,tempo,-0.08473119500244916,-0.10466844518652557,192,48.0,0.009441623005280064
ARB,2026-05-26 10:00:00+00:00,2026-05-26 10:00:00+00:00,2026-05-28 10:00:00+00:00,-1,0.111,0.1174551647400566,-6.344164740056599,0.1027,tempo,1.285792126805927,1.2642736984476164,192,48.0,0.006455164740056599
ARB,2026-06-01 17:00:00+00:00,2026-06-01 17:00:00+00:00,2026-06-03 17:00:00+00:00,-1,0.1012,0.1069825790188451,-5.681379018845101,0.0942,tempo,1.2105325283385464,1.1885682802779352,192,48.0,0.005782579018845102
ARB,2026-06-03 22:00:00+00:00,2026-06-03 22:00:00+00:00,2026-06-05 22:00:00+00:00,-1,0.0949,0.10102515722700667,-6.030257227006669,0.0817,tempo,2.15504672138037,2.1363059779601237,192,48.0,0.0061251572270066695
ARB,2026-07-01 09:00:00+00:00,2026-07-01 09:00:00+00:00,2026-07-03 09:00:00+00:00,-1,0.07783,0.08310687815545242,-5.199048155452428,0.07834,tempo,-0.09664805306771086,-0.11588490050090627,192,48.0,0.0052768781554524274
ARB,2026-07-09 02:00:00+00:00,2026-07-09 02:00:00+00:00,2026-07-09 04:45:00+00:00,-1,0.07767,0.08229116444912621,-4.5434944491262055,0.08229116444912621,stop,-1.0,-1.0224996876948607,11,2.75,0.0046211644491262055
ARB,2026-07-09 05:00:00+00:00,2026-07-09 05:00:00+00:00,2026-07-09 17:45:00+00:00,-1,0.0837,0.08908163703826044,-5.297937038260445,0.08908163703826044,stop,-1.0,-1.0208687548558963,51,12.75,0.005381637038260445
ARB,2026-07-09 18:00:00+00:00,2026-07-09 18:00:00+00:00,2026-07-10 09:15:00+00:00,-1,0.08838,0.09423491616852653,-5.766536168526528,0.09423491616852653,stop,-1.0,-1.020273508978253,61,15.25,0.005854916168526528
ARB,2026-07-11 17:00:00+00:00,2026-07-11 17:00:00+00:00,2026-07-13 17:00:00+00:00,-1,0.09848,0.10561957739221867,-7.041097392218668,0.09069,tempo,1.0911009954861208,1.073878617571426,192,48.0,0.007139577392218668
ARB,2026-08-06 11:00:00+00:00,2026-08-06 11:00:00+00:00,2026-08-08 11:00:00+00:00,1,0.07743,0.07392270944246362,3.5847205575363748,0.07953,tempo,0.5987527880995145,0.5696636669313885,192,48.0,0.0035072905575363744
ARB,2026-08-11 01:00:00+00:00,2026-08-11 01:00:00+00:00,2026-08-13 01:00:00+00:00,-1,0.0808,0.08433267642478465,-3.4518764247846505,0.07394,tempo,1.9418704616905784,1.91339884756415,192,48.0,0.0035326764247846504
ARB,2026-08-13 01:00:00+00:00,2026-08-13 01:00:00+00:00,2026-08-15 01:00:00+00:00,1,0.07394,0.07059631046387478,3.4176295361252245,0.07474,tempo,0.23925666284408123,0.21035385983085894,192,48.0,0.0033436895361252245
ARB,2026-08-19 22:00:00+00:00,2026-08-19 22:00:00+00:00,2026-08-21 07:45:00+00:00,-1,0.08911,0.09387807462708955,-4.678964627089558,0.09387807462708955,stop,-1.0,-1.0249455509424799,135,33.75,0.004768074627089558
ARB,2026-08-22 04:00:00+00:00,2026-08-22 04:00:00+00:00,2026-08-24 04:00:00+00:00,-1,0.10445,0.11078203290630244,-6.2275829063024375,0.09942,tempo,0.7943736355181472,0.7734458384013471,192,48.0,0.006332032906302437
ARB,2026-08-31 21:00:00+00:00,2026-08-31 21:00:00+00:00,2026-08-31 22:15:00+00:00,-1,0.10024,0.10819661122280523,-7.856371222805235,0.10819661122280523,stop,-1.0,-1.017027826734389,5,1.25,0.007956611222805235
ARB,2026-08-31 23:00:00+00:00,2026-08-31 23:00:00+00:00,2026-09-01 00:45:00+00:00,-1,0.10714,0.1161336046363943,-8.886464636394301,0.1161336046363943,stop,-1.0,-1.016136782622884,7,1.75,0.0089936046363943
ARB,2026-09-01 01:00:00+00:00,2026-09-01 01:00:00+00:00,2026-09-02 23:45:00+00:00,-1,0.11697,0.12748037497873127,-10.393404978731265,0.12748037497873127,stop,-1.0,-1.0151177045593245,187,46.75,0.010510374978731266
ARB,2026-09-03 01:00:00+00:00,2026-09-03 01:00:00+00:00,2026-09-03 06:15:00+00:00,-1,0.12292,0.13526147853842654,-12.218558538426542,0.13526147853842654,stop,-1.0,-1.013597881366277,21,5.25,0.012341478538426542
ARB,2026-09-03 07:00:00+00:00,2026-09-03 07:00:00+00:00,2026-09-05 07:00:00+00:00,-1,0.13494,0.14924042831060624,-14.16548831060624,0.13364,tempo,0.09090636810058486,0.07869855192835729,192,48.0,0.014300428310606239
ARB,2026-09-05 21:00:00+00:00,2026-09-05 21:00:00+00:00,2026-09-05 22:30:00+00:00,-1,0.16161,0.18205229990212218,-20.28068990212218,0.18205229990212218,stop,-1.0,-1.0109273660990166,6,1.5,0.02044229990212218
ARB,2026-09-05 23:00:00+00:00,2026-09-05 23:00:00+00:00,2026-09-06 04:15:00+00:00,-1,0.17904,0.20244860612790214,-23.22956612790213,0.20244860612790214,stop,-1.0,-1.0105930097942726,21,5.25,0.023408606127902132
ARB,2026-09-06 05:00:00+00:00,2026-09-06 05:00:00+00:00,2026-09-08 05:00:00+00:00,-1,0.19378,0.22051841548854556,-26.544635488545552,0.17086,tempo,0.8571936512026554,0.8483294011837441,192,48.0,0.026738415488545553
OP,2025-04-06 16:00:00+00:00,2025-04-06 16:00:00+00:00,2025-04-06 20:45:00+00:00,1,0.6402,0.5956927754003295,45.147424599670494,0.5956927754003295,stop,-1.0,-1.0180494360463035,19,4.75,0.04450722459967049
OP,2025-04-06 21:00:00+00:00,2025-04-06 21:00:00+00:00,2025-04-07 07:00:00+00:00,1,0.5921,0.5499235530632155,42.76854693678446,0.5499235530632155,stop,-1.0,-1.0176002333862713,40,10.0,0.04217644693678446
OP,2025-04-20 06:00:00+00:00,2025-04-20 06:00:00+00:00,2025-04-22 06:00:00+00:00,-1,0.7122,0.7624352420854965,-49.523042085496456,0.6918,tempo,0.4060894135889876,0.3879228842340215,192,48.0,0.05023524208549646
OP,2025-04-22 06:00:00+00:00,2025-04-22 06:00:00+00:00,2025-04-24 06:00:00+00:00,1,0.6918,0.6453501896382854,47.141610361714584,0.7568,tempo,1.399359857313328,1.379088730420287,192,48.0,0.04644981036171458
OP,2025-04-27 18:00:00+00:00,2025-04-27 18:00:00+00:00,2025-04-29 18:00:00+00:00,1,0.7819,0.7289850431123662,53.696856887633814,0.782,tempo,0.001889824841251244,-0.017320906108764206,192,48.0,0.05291495688763381
OP,2025-05-06 05:00:00+00:00,2025-05-06 05:00:00+00:00,2025-05-06 21:00:00+00:00,1,0.6338,0.5946251354408442,39.808664559155865,0.5946251354408442,stop,-1.0,-1.020382363717705,64,16.0,0.039174864559155864
OP,2025-05-06 21:00:00+00:00,2025-05-06 21:00:00+00:00,2025-05-08 21:00:00+00:00,1,0.5982,0.5609260028709271,37.872197129072866,0.6904,tempo,2.4735742636006743,2.451103102348513,192,48.0,0.03727399712907287
OP,2025-05-08 21:00:00+00:00,2025-05-08 21:00:00+00:00,2025-05-09 07:30:00+00:00,-1,0.6905,0.7365544008032225,-45.36390080322254,0.7365544008032225,stop,-1.0,-1.0201410797740134,42,10.5,0.04605440080322254
OP,2025-05-09 08:00:00+00:00,2025-05-09 08:00:00+00:00,2025-05-10 08:15:00+00:00,-1,0.7393,0.7890509021389264,-49.01160213892641,0.7890509021389264,stop,-1.0,-1.0199680416571384,97,24.25,0.04975090213892641
OP,2025-05-10 19:00:00+00:00,2025-05-10 19:00:00+00:00,2025-05-10 22:15:00+00:00,-1,0.8151,0.8719430184358136,-56.02791843581352,0.8719430184358136,stop,-1.0,-1.0192913394143825,13,3.25,0.05684301843581352
OP,2025-05-10 23:00:00+00:00,2025-05-10 23:00:00+00:00,2025-05-12 23:00:00+00:00,-1,0.8927,0.9586506507098206,-65.05795070982053,0.8224,tempo,1.065948542483931,1.0490447668880671,192,48.0,0.06595065070982054
OP,2025-05-13 04:00:00+00:00,2025-05-13 04:00:00+00:00,2025-05-15 04:00:00+00:00,1,0.7729,0.7097218283527532,63.95107164724681,0.8085,tempo,0.5634857589543958,0.5472157407946538,192,48.0,0.06317817164724682
OP,2025-05-15 22:00:00+00:00,2025-05-15 22:00:00+00:00,2025-05-17 22:00:00+00:00,1,0.7497,0.6819977624748043,68.45193752519577,0.7013,tempo,-0.7148951315233513,-0.728825985723687,192,48.0,0.06770223752519577
OP,2025-05-23 04:00:00+00:00,2025-05-23 04:00:00+00:00,2025-05-25 04:00:00+00:00,-1,0.8387,0.9151990981295606,-75.66039812956056,0.7282,tempo,1.4444614734261938,1.4311477870573026,192,48.0,0.07649909812956057
OP,2025-05-30 01:00:00+00:00,2025-05-30 01:00:00+00:00,2025-05-30 22:45:00+00:00,1,0.695,0.6338751669404727,61.819833059527205,0.6338751669404727,stop,-1.0,-1.0141312264635571,87,21.75,0.061124833059527206
OP,2025-05-30 23:00:00+00:00,2025-05-30 23:00:00+00:00,2025-06-01 23:00:00+00:00,1,0.6256,0.5697277202754937,56.49787972450637,0.6455,tempo,0.3561694653971941,0.3413818998266843,192,48.0,0.05587227972450637
OP,2025-06-06 17:00:00+00:00,2025-06-06 17:00:00+00:00,2025-06-08 17:00:00+00:00,1,0.5988,0.5501360727705229,49.26272722947709,0.62,tempo,0.43564096050099643,0.41936155098552,192,48.0,0.0486639272294771
OP,2025-06-10 12:00:00+00:00,2025-06-10 12:00:00+00:00,2025-06-12 12:00:00+00:00,-1,0.6992,0.7564571025145479,-56.557902514547855,0.6668,tempo,0.5658686621763286,0.550361415721194,192,48.0,0.05725710251454785
OP,2025-06-13 02:00:00+00:00,2025-06-13 02:00:00+00:00,2025-06-15 02:00:00+00:00,1,0.5817,0.5315280585463169,50.75364145368309,0.5997,tempo,0.3587662641402259,0.3434606973682303,192,48.0,0.05017194145368309
OP,2025-06-22 10:00:00+00:00,2025-06-22 10:00:00+00:00,2025-06-24 10:00:00+00:00,1,0.4909,0.45285470779533044,38.53619220466957,0.553,tempo,1.6322650294266388,1.6144301026675083,192,48.0,0.03804529220466957
OP,2025-06-25 17:00:00+00:00,2025-06-25 17:00:00+00:00,2025-06-27 17:00:00+00:00,1,0.5403,0.49695265704997055,43.88764295002946,0.535,tempo,-0.1222681631515403,-0.13839245018813534,192,48.0,0.043347342950029455
OP,2025-06-29 23:00:00+00:00,2025-06-29 23:00:00+00:00,2025-07-01 23:00:00+00:00,-1,0.614,0.6600124277131055,-45.39842771310554,0.529,tempo,1.847326998914029,1.8311802742805798,192,48.0,0.04601242771310554
OP,2025-07-12 15:00:00+00:00,2025-07-12 15:00:00+00:00,2025-07-14 15:00:00+00:00,1,0.6386,0.5931966828675985,46.041917132401416,0.6795,tempo,0.9008152395722724,0.8819451425372569,192,48.0,0.04540331713240142
OP,2025-07-15 18:00:00+00:00,2025-07-15 18:00:00+00:00,2025-07-17 18:00:00+00:00,-1,0.6919,0.7428112995349057,-50.2193995349057,0.7136,tempo,-0.426231508491001,-0.4441759532084971,192,48.0,0.050911299534905696
OP,2025-07-18 05:00:00+00:00,2025-07-18 05:00:00+00:00,2025-07-20 05:00:00+00:00,-1,0.7721,0.8322011483407287,-59.32904834072866,0.7647,tempo,0.12312576721575243,0.10650511973100107,192,48.0,0.06010114834072866
OP,2025-07-23 16:00:00+00:00,2025-07-23 16:00:00+00:00,2025-07-24 06:00:00+00:00,1,0.7251,0.6621887243434964,63.63637565650356,0.6621887243434964,stop,-1.0,-1.014333482534145,56,14.0,0.06291127565650356
OP,2025-07-24 06:00:00+00:00,2025-07-24 06:00:00+00:00,2025-07-26 06:00:00+00:00,1,0.661,0.6023401978382981,59.32080216170197,0.7213,tempo,1.0279611893980936,1.0126441414898308,192,48.0,0.05865980216170197
OP,2025-07-28 08:00:00+00:00,2025-07-28 08:00:00+00:00,2025-07-30 08:00:00+00:00,-1,0.8216,0.8996040095534754,-77.18240955347541,0.7115,tempo,1.4114659057945123,1.3986907291631514,192,48.0,0.07800400955347542
OP,2025-08-08 18:00:00+00:00,2025-08-08 18:00:00+00:00,2025-08-10 18:00:00+00:00,-1,0.7635,0.8252140931755615,-60.950593175561536,0.78,tempo,-0.2673619452377206,-0.28361876678974324,192,48.0,0.061714093175561535
OP,2025-08-23 15:00:00+00:00,2025-08-23 15:00:00+00:00,2025-08-25 15:00:00+00:00,-1,0.7909,0.8519891164430516,-60.298216443051594,0.732,tempo,0.9641651971658116,0.9479612469757186,192,48.0,0.061089116443051594
OP,2025-08-25 19:00:00+00:00,2025-08-25 19:00:00+00:00,2025-08-27 19:00:00+00:00,1,0.7168,0.6615793278577627,55.93747214223725,0.7054,tempo,-0.20644442665666723,-0.22318507765089737,192,48.0,0.05522067214223725
OP,2025-09-13 12:00:00+00:00,2025-09-13 12:00:00+00:00,2025-09-15 12:00:00+00:00,-1,0.8318,0.8803832182642198,-47.75141826421985,0.7498,tempo,1.6878256099471,1.6666652167757583,192,48.0,0.04858321826421985
OP,2025-09-16 02:00:00+00:00,2025-09-16 02:00:00+00:00,2025-09-18 02:00:00+00:00,1,0.739,0.6952013606096031,44.537639390396855,0.814,tempo,1.7123819608068511,1.6893344412023648,192,48.0,0.043798639390396854
OP,2025-09-22 03:00:00+00:00,2025-09-22 03:00:00+00:00,2025-09-22 06:15:00+00:00,1,0.7399,0.697206793505714,43.43310649428599,0.697206793505714,stop,-1.0,-1.0218798139676797,13,3.25,0.042693206494285985
OP,2025-09-22 07:00:00+00:00,2025-09-22 07:00:00+00:00,2025-09-24 04:15:00+00:00,1,0.7159,0.6735913734365152,43.02452656348477,0.6735913734365152,stop,-1.0,-1.0213471687949622,181,45.25,0.042308626563484775
OP,2025-09-29 17:00:00+00:00,2025-09-29 17:00:00+00:00,2025-10-01 17:00:00+00:00,1,0.6661,0.6283198918071292,38.44620819287081,0.6959,tempo,0.7887748718947095,0.7653419056501327,192,48.0,0.03778010819287081
OP,2025-10-10 13:00:00+00:00,2025-10-10 13:00:00+00:00,2025-10-12 13:00:00+00:00,-1,0.7262,0.7679964376296682,-41.07023762966823,0.4588,tempo,6.3976744230994536,6.379245819044135,192,48.0,0.041796437629668226
OP,2025-11-03 21:00:00+00:00,2025-11-03 21:00:00+00:00,2025-11-05 21:00:00+00:00,1,0.3456,0.3123864651716622,33.55913482833783,0.372,tempo,0.7948566792558155,0.7808130069273275,192,48.0,0.03321353482833783
OP,2025-11-07 08:00:00+00:00,2025-11-07 08:00:00+00:00,2025-11-07 17:45:00+00:00,-1,0.3869,0.4238012966867077,-36.51439668670766,0.4238012966867077,stop,-1.0,-1.0142801443353122,39,9.75,0.03690129668670766
OP,2025-11-07 18:00:00+00:00,2025-11-07 18:00:00+00:00,2025-11-09 18:00:00+00:00,-1,0.43,0.4726593745241502,-42.229374524150195,0.4271,tempo,0.06798036849692381,0.05492075367100535,192,48.0,0.042659374524150195
OP,2025-11-14 22:00:00+00:00,2025-11-14 22:00:00+00:00,2025-11-16 22:00:00+00:00,-1,0.3855,0.42236326701739135,-36.47776701739134,0.373,tempo,0.33909094367850695,0.32571651867793927,192,48.0,0.036863267017391343
OP,2025-11-21 04:00:00+00:00,2025-11-21 04:00:00+00:00,2025-11-23 04:00:00+00:00,-1,0.3609,0.3950527577257544,-33.791857725754376,0.3042,tempo,1.6601880426552746,1.647529767634807,192,48.0,0.03415275772575438
OP,2025-12-13 17:00:00+00:00,2025-12-13 17:00:00+00:00,2025-12-15 17:00:00+00:00,-1,0.3165,0.34177901135294403,-24.962511352944023,0.2879,tempo,1.1313733595308988,1.115832403655888,192,48.0,0.025279011352944025
OP,2025-12-18 03:00:00+00:00,2025-12-18 03:00:00+00:00,2025-12-20 03:00:00+00:00,1,0.2728,0.251730705296663,21.34209470333696,0.2783,tempo,0.26104338457655696,0.24404162893908582,192,48.0,0.02106929470333696
OP,2025-12-27 00:00:00+00:00,2025-12-27 00:00:00+00:00,2025-12-29 00:00:00+00:00,-1,0.2677,0.28692008930458884,-18.95238930458885,0.2738,tempo,-0.3173762568597224,-0.33568912702500125,192,48.0,0.01922008930458885
OP,2026-01-01 17:00:00+00:00,2026-01-01 17:00:00+00:00,2026-01-02 04:00:00+00:00,-1,0.2835,0.30099187045182985,-17.20837045182987,0.30099187045182985,stop,-1.0,-1.0217197878774562,44,11.0,0.017491870451829872
OP,2026-01-02 04:00:00+00:00,2026-01-02 04:00:00+00:00,2026-01-04 04:00:00+00:00,-1,0.2995,0.31797657255860823,-18.17707255860824,0.3146,tempo,-0.8172511407135902,-0.8388549851892816,192,48.0,0.01847657255860824
OP,2026-01-13 16:00:00+00:00,2026-01-13 16:00:00+00:00,2026-01-13 18:15:00+00:00,-1,0.3438,0.3646823304443031,-20.5385304443031,0.3646823304443031,stop,-1.0,-1.0220527836209214,9,2.25,0.0208823304443031
OP,2026-01-13 19:00:00+00:00,2026-01-13 19:00:00+00:00,2026-01-15 19:00:00+00:00,-1,0.3569,0.3792232446640593,-21.966344664059328,0.3394,tempo,0.7839362182046595,0.7636616117658974,192,48.0,0.022323244664059327
OP,2026-01-19 01:00:00+00:00,2026-01-19 01:00:00+00:00,2026-01-21 01:00:00+00:00,1,0.304,0.28207777600397316,22.226223996026835,0.305,tempo,0.045615809791070466,0.027558791485275236,192,48.0,0.021922223996026835
OP,2026-01-31 16:00:00+00:00,2026-01-31 16:00:00+00:00,2026-01-31 18:45:00+00:00,1,0.2385,0.2210950305018172,17.643469498182792,0.2210950305018172,stop,-1.0,-1.017163877814171,11,2.75,0.017404969498182793
OP,2026-02-04 17:00:00+00:00,2026-02-04 17:00:00+00:00,2026-02-06 17:00:00+00:00,-1,0.2188,0.23625159572944313,-17.23279572944313,0.1946,tempo,1.3866926770009589,1.3712952311647222,192,48.0,0.01745159572944313
OP,2026-02-06 20:00:00+00:00,2026-02-06 20:00:00+00:00,2026-02-08 20:00:00+00:00,1,0.1943,0.1759948050242192,18.499494975780813,0.1923,tempo,-0.10925860132307556,-0.12298639828631339,192,48.0,0.018305194975780814
OP,2026-02-18 22:00:00+00:00,2026-02-18 22:00:00+00:00,2026-02-19 05:00:00+00:00,1,0.1672,0.15480415506197384,12.563044938026145,0.15480415506197384,stop,-1.0,-1.0168849079539721,28,7.0,0.012395844938026146
OP,2026-02-19 05:00:00+00:00,2026-02-19 05:00:00+00:00,2026-02-19 08:30:00+00:00,1,0.1547,0.14287945011381037,11.975249886189635,0.14287945011381037,stop,-1.0,-1.0163635909019735,14,3.5,0.011820549886189635
OP,2026-02-19 09:00:00+00:00,2026-02-19 09:00:00+00:00,2026-02-20 03:00:00+00:00,1,0.1416,0.13042494879540273,11.316651204597274,0.13042494879540273,stop,-1.0,-1.0158224077438027,72,18.0,0.011175051204597275
OP,2026-02-20 03:00:00+00:00,2026-02-20 03:00:00+00:00,2026-02-22 03:00:00+00:00,1,0.1304,0.11966072203183281,10.869677968167176,0.1252,tempo,-0.4842038743585517,-0.4996741881443075,192,48.0,0.010739277968167177
OP,2026-03-24 00:00:00+00:00,2026-03-24 00:00:00+00:00,2026-03-26 00:00:00+00:00,1,0.1134,0.10696526403825098,6.548135961749025,0.1134,tempo,0.0,-0.02291003094397828,192,48.0,0.006434735961749025
OP,2026-04-08 03:00:00+00:00,2026-04-08 03:00:00+00:00,2026-04-10 03:00:00+00:00,-1,0.1196,0.12600594517329008,-6.286345173290087,0.1143,tempo,0.8273564410289707,0.8036230190456047,192,48.0,0.006405945173290087
OP,2026-04-15 17:00:00+00:00,2026-04-15 17:00:00+00:00,2026-04-16 13:15:00+00:00,-1,0.1193,0.12619981035184888,-6.780510351848876,0.12619981035184888,stop,-1.0,-1.0231274293917285,81,20.25,0.006899810351848876
OP,2026-04-16 14:00:00+00:00,2026-04-16 14:00:00+00:00,2026-04-17 01:15:00+00:00,-1,0.1268,0.13413427353884558,-7.207473538845581,0.13413427353884558,stop,-1.0,-1.023125300263473,45,11.25,0.0073342735388455815
OP,2026-04-17 02:00:00+00:00,2026-04-17 02:00:00+00:00,2026-04-19 02:00:00+00:00,-1,0.1316,0.13995226539628214,-8.220665396282143,0.1241,tempo,0.8979599718345251,0.8780605802186908,192,48.0,0.008352265396282144
OP,2026-04-23 03:00:00+00:00,2026-04-23 03:00:00+00:00,2026-04-25 03:00:00+00:00,1,0.1184,0.11144869222956585,7.069707770434151,0.1271,tempo,1.2515630565234803,1.2286069444838557,192,48.0,0.006951307770434151
OP,2026-04-25 04:00:00+00:00,2026-04-25 04:00:00+00:00,2026-04-27 04:00:00+00:00,-1,0.1281,0.13541446094486598,-7.186360944865986,0.1282,tempo,-0.013671547466557554,-0.03644766196846529,192,48.0,0.007314460944865986
OP,2026-05-06 16:00:00+00:00,2026-05-06 16:00:00+00:00,2026-05-06 21:30:00+00:00,-1,0.1362,0.14397159092655257,-7.63539092655258,0.14397159092655257,stop,-1.0,-1.0234329799166415,22,5.5,0.0077715909265525795
OP,2026-05-06 22:00:00+00:00,2026-05-06 22:00:00+00:00,2026-05-08 17:30:00+00:00,-1,0.1475,0.15668388956007887,-9.036389560078872,0.15668388956007887,stop,-1.0,-1.021528953165281,174,43.5,0.009183889560078873
OP,2026-05-08 18:00:00+00:00,2026-05-08 18:00:00+00:00,2026-05-08 21:30:00+00:00,-1,0.1595,0.17081288104445724,-11.153381044457241,0.17081288104445724,stop,-1.0,-1.01897866439461,14,3.5,0.01131288104445724
OP,2026-05-08 22:00:00+00:00,2026-05-08 22:00:00+00:00,2026-05-10 22:00:00+00:00,-1,0.1748,0.18794401966759383,-12.969219667593821,0.1615,tempo,1.0118670190969625,0.9952362618759475,192,48.0,0.01314401966759382
OP,2026-05-28 16:00:00+00:00,2026-05-28 16:00:00+00:00,2026-05-30 16:00:00+00:00,1,0.1149,0.10787057745228762,7.144322547712383,0.1211,tempo,0.8820070152160211,0.8601844545492247,192,48.0,0.007029422547712383
OP,2026-06-01 17:00:00+00:00,2026-06-01 17:00:00+00:00,2026-06-03 08:00:00+00:00,-1,0.1192,0.12658245964482592,-7.263259644825923,0.12658245964482592,stop,-1.0,-1.0216402942183511,156,39.0,0.007382459644825923
OP,2026-06-03 08:00:00+00:00,2026-06-03 08:00:00+00:00,2026-06-05 08:00:00+00:00,-1,0.1265,0.1362822979465782,-9.6557979465782,0.1067,tempo,2.0240642953352226,2.0085689586742674,192,48.0,0.0097822979465782
OP,2026-06-05 19:00:00+00:00,2026-06-05 19:00:00+00:00,2026-06-07 19:00:00+00:00,1,0.0927,0.08324235984989398,9.55034015010603,0.0941,tempo,0.1480284698698653,0.13519017214729454,192,48.0,0.009457640150106028
OP,2026-06-13 10:00:00+00:00,2026-06-13 10:00:00+00:00,2026-06-15 10:00:00+00:00,-1,0.1081,0.11815000427538222,-9.941904275382218,0.1099,tempo,-0.17910440141892767,-0.1932038979084066,192,48.0,0.010050004275382218
OP,2026-06-24 19:00:00+00:00,2026-06-24 19:00:00+00:00,2026-06-24 23:15:00+00:00,-1,0.0986,0.10638697275459197,-7.688372754591975,0.10638697275459197,stop,-1.0,-1.0171108255402477,17,4.25,0.007786972754591975
OP,2026-06-25 00:00:00+00:00,2026-06-25 00:00:00+00:00,2026-06-27 00:00:00+00:00,-1,0.1044,0.11271757750500425,-8.21317750500424,0.1056,tempo,-0.14427277645179948,-0.16068380477319177,192,48.0,0.00831757750500424
OP,2026-07-27 23:00:00+00:00,2026-07-27 23:00:00+00:00,2026-07-29 23:00:00+00:00,1,0.0867,0.0823396319786212,4.447068021378804,0.0884,tempo,0.3898753480589111,0.3637731935063671,192,48.0,0.004360368021378805
OP,2026-08-10 19:00:00+00:00,2026-08-10 19:00:00+00:00,2026-08-12 19:00:00+00:00,-1,0.0926,0.09679135226932749,-4.098752269327487,0.0897,tempo,0.6919008028082814,0.6636294974190513,192,48.0,0.004191352269327486
OP,2026-08-12 23:00:00+00:00,2026-08-12 23:00:00+00:00,2026-08-14 23:00:00+00:00,1,0.0855,0.08139522193165546,4.190278068344542,0.0851,tempo,-0.09744741209878165,-0.12446227091786562,192,48.0,0.004104778068344542
OP,2026-08-18 03:00:00+00:00,2026-08-18 03:00:00+00:00,2026-08-20 03:00:00+00:00,1,0.0811,0.07742870898903131,3.7523910109686915,0.08871,tempo,2.0728403107418196,2.042775546148049,192,48.0,0.0036712910109686914
OP,2026-08-22 02:00:00+00:00,2026-08-22 02:00:00+00:00,2026-08-22 03:30:00+00:00,-1,0.10823,0.1144061974127453,-6.067967412745291,0.1144061974127453,stop,-1.0,-1.0234308456558807,6,1.5,0.006176197412745291
OP,2026-08-22 04:00:00+00:00,2026-08-22 04:00:00+00:00,2026-08-24 04:00:00+00:00,-1,0.11665,0.12389595931852997,-7.1293093185299625,0.10871,tempo,1.095783132496367,1.0755671757733698,192,48.0,0.0072459593185299626
OP,2026-09-01 01:00:00+00:00,2026-09-01 01:00:00+00:00,2026-09-03 01:00:00+00:00,-1,0.09728,0.10423751756897029,-6.860237568970284,0.09767,tempo,-0.056054475771553335,-0.0742675091909938,192,48.0,0.006957517568970284
OP,2026-09-05 22:00:00+00:00,2026-09-05 22:00:00+00:00,2026-09-07 22:00:00+00:00,-1,0.11068,0.11946613585590506,-8.675455855905055,0.10939,tempo,0.14682222323400634,0.13054140282034737,192,48.0,0.008786135855905056
SUI,2025-04-04 03:00:00+00:00,2025-04-04 03:00:00+00:00,2025-04-06 03:00:00+00:00,1,2.2033,2.0076008302724158,197.90246972758428,2.1869,tempo,-0.08380209288996462,-0.09838381034932987,192,48.0,0.19569916972758428
SUI,2025-04-07 21:00:00+00:00,2025-04-07 21:00:00+00:00,2025-04-09 18:30:00+00:00,-1,2.0601,2.264731370491152,-202.57127049115198,2.264731370491152,stop,-1.0,-1.0137375827766388,182,45.5,0.204631370491152
SUI,2025-04-15 13:00:00+00:00,2025-04-15 13:00:00+00:00,2025-04-17 13:00:00+00:00,1,2.1937,1.9738936803426197,222.0000196573805,2.1078,tempo,-0.39079859093175895,-0.4035187666044065,192,48.0,0.2198063196573805
SUI,2025-04-22 23:00:00+00:00,2025-04-22 23:00:00+00:00,2025-04-23 05:00:00+00:00,-1,2.6749,2.9142000050686403,-236.62510506864024,2.9142000050686403,stop,-1.0,-1.0151814246817612,24,6.0,0.23930000506864024
SUI,2025-04-23 05:00:00+00:00,2025-04-23 05:00:00+00:00,2025-04-24 15:15:00+00:00,-1,2.9298,3.1984061997834607,-265.67639978346057,3.1984061997834607,stop,-1.0,-1.0148296429236199,137,34.25,0.26860619978346056
SUI,2025-04-24 17:00:00+00:00,2025-04-24 17:00:00+00:00,2025-04-25 09:00:00+00:00,-1,3.3369,3.655973862202501,-315.7369622025009,3.655973862202501,stop,-1.0,-1.014245504094431,64,16.0,0.3190738622025009
SUI,2025-04-25 09:00:00+00:00,2025-04-25 09:00:00+00:00,2025-04-27 09:00:00+00:00,-1,3.6967,4.059172018023488,-358.7753180234879,3.6197,tempo,0.2124301909423817,0.1993101161130694,192,48.0,0.36247201802348794
SUI,2025-05-05 06:00:00+00:00,2025-05-05 06:00:00+00:00,2025-05-07 06:00:00+00:00,-1,3.3882,3.6808330069530384,-289.2448069530385,3.3706,tempo,0.06014359139884815,0.04513086250082258,192,48.0,0.2926330069530385
SUI,2025-05-08 16:00:00+00:00,2025-05-08 16:00:00+00:00,2025-05-10 16:00:00+00:00,-1,3.8918,4.234798734950541,-339.106934950541,3.9556,tempo,-0.18600651693132272,-0.20087773795998196,192,48.0,0.342998734950541
SUI,2025-05-22 13:00:00+00:00,2025-05-22 13:00:00+00:00,2025-05-23 12:15:00+00:00,1,3.9218,3.5914609508310735,334.26084916892665,3.5914609508310735,stop,-1.0,-1.0147836582757215,93,23.25,0.33033904916892665
SUI,2025-05-28 08:00:00+00:00,2025-05-28 08:00:00+00:00,2025-05-30 08:00:00+00:00,-1,3.7139,3.9995454920755757,-281.9315920755755,3.4397,tempo,0.959931130043714,0.9436527705771842,192,48.0,0.28564549207557555
SUI,2025-05-31 03:00:00+00:00,2025-05-31 03:00:00+00:00,2025-06-02 03:00:00+00:00,1,3.0907,2.8423823223403555,251.40837765964451,3.2822,tempo,0.7711895576861773,0.754507761049541,192,48.0,0.24831767765964452
SUI,2025-06-24 06:00:00+00:00,2025-06-24 06:00:00+00:00,2025-06-26 06:00:00+00:00,-1,2.8747,3.1008502928552777,-223.2755928552779,2.7099,tempo,0.728718932526262,0.7126677041410616,192,48.0,0.22615029285527788
SUI,2025-06-26 08:00:00+00:00,2025-06-26 08:00:00+00:00,2025-06-28 08:00:00+00:00,1,2.7142,2.5066059175658877,210.30828243411227,2.7227,tempo,0.04094529044534767,0.023921756062465434,192,48.0,0.20759408243411226
SUI,2025-07-03 08:00:00+00:00,2025-07-03 08:00:00+00:00,2025-07-05 08:00:00+00:00,-1,3.031,3.242207838214351,-208.17683821435074,2.9047,tempo,0.5979891706093817,0.5797218324621848,192,48.0,0.21120783821435074
SUI,2025-07-10 12:00:00+00:00,2025-07-10 12:00:00+00:00,2025-07-10 18:00:00+00:00,-1,3.229,3.4233899063784827,-191.16090637848262,3.4233899063784827,stop,-1.0,-1.0222442282097042,24,6.0,0.19438990637848264
SUI,2025-07-10 18:00:00+00:00,2025-07-10 18:00:00+00:00,2025-07-12 18:00:00+00:00,-1,3.4298,3.6452340814459157,-212.00428144591547,3.3776,tempo,0.2423014949614868,0.22176245132316236,192,48.0,0.21543408144591547
SUI,2025-07-14 03:00:00+00:00,2025-07-14 03:00:00+00:00,2025-07-15 12:45:00+00:00,-1,3.7671,4.0109031210949855,-240.03602109498536,4.0109031210949855,stop,-1.0,-1.0207368224246074,135,33.75,0.24380312109498536
SUI,2025-07-15 13:00:00+00:00,2025-07-15 13:00:00+00:00,2025-07-17 13:00:00+00:00,-1,3.9677,4.223696043449677,-252.0283434496773,4.0157,tempo,-0.18750289790879401,-0.2077735627599876,192,48.0,0.2559960434496773
SUI,2025-07-24 06:00:00+00:00,2025-07-24 06:00:00+00:00,2025-07-26 06:00:00+00:00,1,3.5899,3.346631188020751,246.85871197924922,4.0106,tempo,1.7293626609065107,1.7090545706099978,192,48.0,0.2432688119792492
SUI,2025-07-26 15:00:00+00:00,2025-07-26 15:00:00+00:00,2025-07-27 13:15:00+00:00,-1,4.1312,4.428101893753832,-292.77069375383195,4.428101893753832,stop,-1.0,-1.018738668725208,89,22.25,0.2969018937538319
SUI,2025-07-28 21:00:00+00:00,2025-07-28 21:00:00+00:00,2025-07-30 19:15:00+00:00,1,3.9411,3.6514839357647695,293.5571642352306,3.6514839357647695,stop,-1.0,-1.0170404206385413,185,46.25,0.28961606423523056
SUI,2025-08-01 09:00:00+00:00,2025-08-01 09:00:00+00:00,2025-08-03 09:00:00+00:00,1,3.4654,3.2250792182782795,243.7861817217203,3.4437,tempo,-0.09029597791974205,-0.10898314666073033,192,48.0,0.24032078172172033
SUI,2025-08-13 10:00:00+00:00,2025-08-13 10:00:00+00:00,2025-08-15 10:00:00+00:00,-1,3.9934,4.254679562656494,-257.2861626564943,3.83,tempo,0.6253837779682089,0.6059210616795815,192,48.0,0.2612795626564943
SUI,2025-08-23 13:00:00+00:00,2025-08-23 13:00:00+00:00,2025-08-25 13:00:00+00:00,-1,3.7381,4.0006522351395954,-258.8141351395953,3.4862,tempo,0.9594281300483631,0.9415429461819858,192,48.0,0.26255223513959525
SUI,2025-09-13 12:00:00+00:00,2025-09-13 12:00:00+00:00,2025-09-15 12:00:00+00:00,-1,3.832,4.026177152124977,-190.34515212497735,3.5335,tempo,1.5372560403392754,1.5126003331790498,192,48.0,0.19417715212497733
SUI,2025-09-15 17:00:00+00:00,2025-09-15 17:00:00+00:00,2025-09-17 17:00:00+00:00,1,3.4745,3.294469759941323,183.50474005867684,3.5589,tempo,0.4688101286344546,0.443416005966452,192,48.0,0.18003024005867685
SUI,2025-09-18 00:00:00+00:00,2025-09-18 00:00:00+00:00,2025-09-18 16:00:00+00:00,-1,3.7706,3.965852160044519,-191.48156004451894,3.965852160044519,stop,-1.0,-1.0257548695127487,64,16.0,0.19525216004451895
SUI,2025-09-18 16:00:00+00:00,2025-09-18 16:00:00+00:00,2025-09-20 16:00:00+00:00,-1,3.9531,4.158003468019334,-200.95036801933423,3.6921,tempo,1.2737705345981394,1.2495182364402033,192,48.0,0.20490346801933423
SUI,2025-09-30 03:00:00+00:00,2025-09-30 03:00:00+00:00,2025-10-02 03:00:00+00:00,1,3.2491,3.0792448285618605,173.10427143813934,3.5667,tempo,1.8698282619888846,1.8437456295762855,192,48.0,0.16985517143813933
SUI,2025-10-04 05:00:00+00:00,2025-10-04 05:00:00+00:00,2025-10-06 05:00:00+00:00,1,3.5448,3.3532319062391647,195.11289376083528,3.5559,tempo,0.05794284310130356,0.03384981743408466,192,48.0,0.19156809376083528
SUI,2025-10-10 22:00:00+00:00,2025-10-10 22:00:00+00:00,2025-10-10 22:15:00+00:00,1,2.5221,2.2428083442261344,281.81375577386564,2.2428083442261344,stop,-1.0,-1.011089448466211,1,0.25,0.2792916557738656
SUI,2025-10-10 23:00:00+00:00,2025-10-10 23:00:00+00:00,2025-10-12 23:00:00+00:00,1,2.5644,2.2803838634855786,286.58053651442134,2.7876,tempo,0.7858708407881836,0.7736222409632107,192,48.0,0.28401613651442137
SUI,2025-11-07 16:00:00+00:00,2025-11-07 16:00:00+00:00,2025-11-09 16:00:00+00:00,-1,2.0586,2.231824970773465,-171.166370773465,2.1219,tempo,-0.36542075728089174,-0.38110743910203393,192,48.0,0.173224970773465
SUI,2025-11-24 19:00:00+00:00,2025-11-24 19:00:00+00:00,2025-11-26 19:00:00+00:00,-1,1.5277,1.6678509254831109,-138.62322548311082,1.5529,tempo,-0.17980616191533227,-0.19409354527079434,192,48.0,0.1401509254831108
SUI,2025-11-27 00:00:00+00:00,2025-11-27 00:00:00+00:00,2025-11-29 00:00:00+00:00,1,1.5425,1.4052174832737365,138.82501672626344,1.5204,tempo,-0.1609818972365333,-0.17548399879670323,192,48.0,0.13728251672626346
SUI,2025-12-02 21:00:00+00:00,2025-12-02 21:00:00+00:00,2025-12-03 05:15:00+00:00,-1,1.6039,1.7555747199615703,-150.0708199615702,1.7555747199615703,stop,-1.0,-1.0143969843394356,33,8.25,0.15167471996157023
SUI,2025-12-03 06:00:00+00:00,2025-12-03 06:00:00+00:00,2025-12-05 06:00:00+00:00,-1,1.7394,1.9085273037706283,-167.38790377062824,1.6313,tempo,0.6391635034080964,0.6262090309417736,192,48.0,0.16912730377062823
SUI,2025-12-18 12:00:00+00:00,2025-12-18 12:00:00+00:00,2025-12-20 12:00:00+00:00,1,1.4005,1.2918245461715283,110.07595382847177,1.4732,tempo,0.6689643101444623,0.6517763902030539,192,48.0,0.10867545382847177
SUI,2026-01-02 04:00:00+00:00,2026-01-02 04:00:00+00:00,2026-01-02 17:15:00+00:00,-1,1.4975,1.5792627485588733,-80.26524855887322,1.5792627485588733,stop,-1.0,-1.024459742631123,53,13.25,0.08176274855887322
SUI,2026-01-02 18:00:00+00:00,2026-01-02 18:00:00+00:00,2026-01-03 01:45:00+00:00,-1,1.5761,1.663675984013353,-85.99988401335298,1.663675984013353,stop,-1.0,-1.0240460260119668,31,7.75,0.08757598401335298
SUI,2026-01-03 02:00:00+00:00,2026-01-03 02:00:00+00:00,2026-01-05 02:00:00+00:00,-1,1.6621,1.756891425085541,-93.12932508554107,1.7224,tempo,-0.6361334893486883,-0.6593415484955443,192,48.0,0.09479142508554106
SUI,2026-01-05 18:00:00+00:00,2026-01-05 18:00:00+00:00,2026-01-07 18:00:00+00:00,1,1.7357,1.639013814895027,98.42188510497294,1.8482,tempo,1.1635581637423993,1.1394643907026336,192,48.0,0.09668618510497295
SUI,2026-01-19 01:00:00+00:00,2026-01-19 01:00:00+00:00,2026-01-20 22:45:00+00:00,1,1.5873,1.474847511385687,114.03978861431301,1.474847511385687,stop,-1.0,-1.017699882918797,183,45.75,0.112452488614313
SUI,2026-01-28 16:00:00+00:00,2026-01-28 16:00:00+00:00,2026-01-29 15:15:00+00:00,1,1.4035,1.3159731238579422,88.93037614205778,1.3159731238579422,stop,-1.0,-1.0201955971516534,93,23.25,0.08752687614205779
SUI,2026-01-30 02:00:00+00:00,2026-01-30 02:00:00+00:00,2026-02-01 02:00:00+00:00,-1,1.3005,1.3835694050921603,-81.76890509216032,1.1581,tempo,1.7142292019789496,1.6949911925309824,192,48.0,0.08306940509216032
SUI,2026-02-25 20:00:00+00:00,2026-02-25 20:00:00+00:00,2026-02-27 20:00:00+00:00,-1,0.9988,1.069955444189695,-70.15664418969499,0.8934,tempo,1.4812640297629465,1.4639789152645941,192,48.0,0.071155444189695
SUI,2026-02-28 10:00:00+00:00,2026-02-28 10:00:00+00:00,2026-03-02 10:00:00+00:00,1,0.8348,0.7725355502188129,63.09924978118706,0.8909,tempo,0.9009956756568083,0.8829804999997206,192,48.0,0.06226444978118706
SUI,2026-03-09 20:00:00+00:00,2026-03-09 20:00:00+00:00,2026-03-11 20:00:00+00:00,-1,0.9718,1.0406162393598895,-67.84443935988945,0.9917,tempo,-0.28917592976751694,-0.3077220609114384,192,48.0,0.06881623935988945
SUI,2026-03-29 14:00:00+00:00,2026-03-29 14:00:00+00:00,2026-03-31 14:00:00+00:00,1,0.8479,0.8054597593586421,43.28814064135788,0.8705,tempo,0.532513474440021,0.5061950562802633,192,48.0,0.042440240641357874
SUI,2026-04-07 23:00:00+00:00,2026-04-07 23:00:00+00:00,2026-04-09 23:00:00+00:00,-1,0.9524,1.0015692966877612,-48.21689668776116,0.938,tempo,0.2928656899740528,0.26787529794540593,192,48.0,0.049169296687761155
SUI,2026-04-16 23:00:00+00:00,2026-04-16 23:00:00+00:00,2026-04-18 23:00:00+00:00,-1,1.0038,1.0558977124303384,-51.09391243033834,0.9602,tempo,0.836888952817248,0.812384997836365,192,48.0,0.05209771243033834
SUI,2026-04-23 01:00:00+00:00,2026-04-23 01:00:00+00:00,2026-04-25 01:00:00+00:00,1,0.9437,0.8975153080585893,47.128391941410726,0.9465,tempo,0.06062614867177347,0.034023611156559046,192,48.0,0.04618469194141073
SUI,2026-05-06 02:00:00+00:00,2026-05-06 02:00:00+00:00,2026-05-06 09:45:00+00:00,-1,0.9844,1.0231703775653485,-37.785977565348404,1.0231703775653485,stop,-1.0,-1.0336576744247075,31,7.75,0.0387703775653484
SUI,2026-05-06 10:00:00+00:00,2026-05-06 10:00:00+00:00,2026-05-08 10:00:00+00:00,-1,1.0303,1.0726813516418263,-41.35105164182633,0.9771,tempo,1.2552690732849758,1.2244817116399953,192,48.0,0.042381351641826326
SUI,2026-05-08 18:00:00+00:00,2026-05-08 18:00:00+00:00,2026-05-09 01:00:00+00:00,-1,1.0242,1.0711615937609267,-45.937393760926675,1.0711615937609267,stop,-1.0,-1.0290021042062207,28,7.0,0.04696159376092668
SUI,2026-05-09 01:00:00+00:00,2026-05-09 01:00:00+00:00,2026-05-10 10:30:00+00:00,-1,1.0836,1.141328112274304,-56.644512274304084,1.141328112274304,stop,-1.0,-1.025051975822567,134,33.5,0.05772811227430408
SUI,2026-05-10 11:00:00+00:00,2026-05-10 11:00:00+00:00,2026-05-10 15:45:00+00:00,-1,1.1404,1.2039907850534037,-62.45038505340365,1.2039907850534037,stop,-1.0,-1.0239634407564708,19,4.75,0.06359078505340365
SUI,2026-05-10 16:00:00+00:00,2026-05-10 16:00:00+00:00,2026-05-10 17:30:00+00:00,-1,1.2241,1.3036058708193765,-78.28177081937653,1.3036058708193765,stop,-1.0,-1.020665251497782,6,1.5,0.07950587081937655
SUI,2026-05-10 18:00:00+00:00,2026-05-10 18:00:00+00:00,2026-05-12 18:00:00+00:00,-1,1.33,1.4235577093744838,-92.22770937448371,1.2396,tempo,0.9662485390504346,0.9483960284324745,192,48.0,0.09355770937448371
SUI,2026-05-15 15:00:00+00:00,2026-05-15 15:00:00+00:00,2026-05-17 15:00:00+00:00,1,1.0868,1.0089357190495822,78.95108095041775,1.062,tempo,-0.3185029091296948,-0.33644078748613143,192,48.0,0.07786428095041775
SUI,2026-05-21 19:00:00+00:00,2026-05-21 19:00:00+00:00,2026-05-23 19:00:00+00:00,-1,1.1531,1.2323002119522144,-78.0471119522144,1.0501,tempo,1.3005015701491462,1.2824198003571152,192,48.0,0.07920021195221438
SUI,2026-06-03 22:00:00+00:00,2026-06-03 22:00:00+00:00,2026-06-05 22:00:00+00:00,-1,0.84,0.8972533865709921,-56.4133865709921,0.7143,tempo,2.1955033147975715,2.177857284396431,192,48.0,0.057253386570992104
SUI,2026-07-24 12:00:00+00:00,2026-07-24 12:00:00+00:00,2026-07-26 12:00:00+00:00,1,0.7306,0.7007385880426952,30.59201195730485,0.7174,tempo,-0.4420420581207962,-0.47356099638619725,192,48.0,0.02986141195730485
SUI,2026-08-06 10:00:00+00:00,2026-08-06 10:00:00+00:00,2026-08-08 10:00:00+00:00,1,0.6773,0.6542716286631494,23.70567133685065,0.6931,tempo,0.6861101798682754,0.6474291986138789,192,48.0,0.02302837133685065
SUI,2026-08-08 13:00:00+00:00,2026-08-08 13:00:00+00:00,2026-08-10 13:00:00+00:00,-1,0.6929,0.7158165121739125,-22.22361217391255,0.6923,tempo,0.02618199468778479,-0.013107579273865657,192,48.0,0.02291651217391255
SUI,2026-08-18 03:00:00+00:00,2026-08-18 03:00:00+00:00,2026-08-20 03:00:00+00:00,1,0.6482,0.6262760213932629,22.572178606737115,0.7035,tempo,2.522352397434225,2.4822773264008124,192,48.0,0.021923978606737116
SUI,2026-08-21 22:00:00+00:00,2026-08-21 22:00:00+00:00,2026-08-22 02:45:00+00:00,-1,0.8467,0.8935057117753414,-45.95901177534143,0.8935057117753414,stop,-1.0,-1.024166574329287,19,4.75,0.04680571177534143
SUI,2026-08-22 03:00:00+00:00,2026-08-22 03:00:00+00:00,2026-08-24 03:00:00+00:00,-1,0.9072,0.9631443331143154,-55.037133114315345,0.8289,tempo,1.3996055657684512,1.3794343538300744,192,48.0,0.05594433311431535
