activo,sinal_em,entrada_em,saida_em,lado,entrada,stop,alvo,saida,motivo,R_bruto,R_liquido,duracao,duracao_h,R_preco
ETH,2023-01-04 08:00:00+00:00,2023-01-04 08:00:00+00:00,2023-01-06 08:00:00+00:00,-1,1251.78,1285.1974891283505,-32165.709128350558,1247.45,tempo,0.12957287076145002,0.080960615850239,192,48.0,33.41748912835055
ETH,2023-01-09 04:00:00+00:00,2023-01-09 04:00:00+00:00,2023-01-09 16:30:00+00:00,-1,1309.69,1342.7911151672286,-31791.4251672285,1342.7911151672286,stop,-1.0,-1.0520862428999262,50,12.5,33.1011151672285
ETH,2023-01-09 17:00:00+00:00,2023-01-09 17:00:00+00:00,2023-01-11 17:00:00+00:00,-1,1337.66,1371.4520775225028,-32454.417522502725,1324.59,tempo,0.3867770482976854,0.3355679298631158,192,48.0,33.79207752250272
ETH,2023-01-12 18:00:00+00:00,2023-01-12 18:00:00+00:00,2023-01-14 18:00:00+00:00,1,1428.74,1380.83568753887,49333.05246113007,1530.18,tempo,2.1175546582013727,2.077405913731643,192,48.0,47.904312461130075
ETH,2023-01-21 09:00:00+00:00,2023-01-21 09:00:00+00:00,2023-01-23 09:00:00+00:00,1,1647.76,1576.170638889702,73237.12111029789,1632.31,tempo,-0.21581419027048163,-0.24559578724150574,192,48.0,71.58936111029789
ETH,2023-01-24 23:00:00+00:00,2023-01-24 23:00:00+00:00,2023-01-26 23:00:00+00:00,1,1561.45,1492.5503493898514,70461.10061014869,1601.0,tempo,0.5740232301580696,0.5441886449055107,192,48.0,68.89965061014868
ETH,2023-02-02 13:00:00+00:00,2023-02-02 13:00:00+00:00,2023-02-04 13:00:00+00:00,-1,1677.0,1751.8284136566908,-73151.41365669083,1665.56,tempo,0.1528831020324208,0.12384782126370002,192,48.0,74.82841365669083
ETH,2023-02-16 00:00:00+00:00,2023-02-16 00:00:00+00:00,2023-02-18 00:00:00+00:00,1,1674.99,1601.57057753926,75094.41246073996,1694.12,tempo,0.2605577565014134,0.23073020642539596,192,48.0,73.41942246073995
ETH,2023-03-13 18:00:00+00:00,2023-03-13 18:00:00+00:00,2023-03-15 18:00:00+00:00,1,1669.47,1580.3855264798574,90753.94352014264,1630.15,tempo,-0.44137882221540437,-0.4654543194962527,192,48.0,89.08447352014264
ETH,2023-03-20 09:00:00+00:00,2023-03-20 09:00:00+00:00,2023-03-22 09:00:00+00:00,1,1788.09,1695.6916027622965,94186.48723770342,1785.01,tempo,-0.033333911540438764,-0.058469791268147844,192,48.0,92.39839723770342
ETH,2023-03-28 20:00:00+00:00,2023-03-28 20:00:00+00:00,2023-03-30 20:00:00+00:00,-1,1785.42,1875.9426728197466,-88737.2528197465,1780.72,tempo,0.051920694049312176,0.02631394904504451,192,48.0,90.5226728197465
ETH,2023-04-04 12:00:00+00:00,2023-04-04 12:00:00+00:00,2023-04-06 12:00:00+00:00,-1,1864.18,1947.2518661295849,-81207.6861295848,1867.75,tempo,-0.042974838129085126,-0.07217551235272705,192,48.0,83.0718661295848
ETH,2023-04-12 00:00:00+00:00,2023-04-12 00:00:00+00:00,2023-04-14 00:00:00+00:00,1,1888.89,1821.35198490159,69426.90509841013,2011.8,tempo,1.819863965811059,1.7823229084331424,192,48.0,67.53801509841014
ETH,2023-04-14 00:00:00+00:00,2023-04-14 00:00:00+00:00,2023-04-14 00:45:00+00:00,-1,2011.8,2084.9428360170505,-71131.03601705052,2084.9428360170505,stop,-1.0,-1.0364066118900603,3,0.75,73.14283601705051
ETH,2023-04-14 01:00:00+00:00,2023-04-14 01:00:00+00:00,2023-04-16 01:00:00+00:00,-1,2099.43,2186.516191905176,-84986.7619051763,2089.61,tempo,0.11276184875200658,0.08149539949717177,192,48.0,87.08619190517629
ETH,2023-04-19 09:00:00+00:00,2023-04-19 09:00:00+00:00,2023-04-21 07:00:00+00:00,1,1986.62,1901.1626076243178,87444.01237568204,1901.1626076243178,stop,-1.0,-1.0295709782934461,184,46.0,85.45739237568205
ETH,2023-05-05 17:00:00+00:00,2023-05-05 17:00:00+00:00,2023-05-07 17:00:00+00:00,-1,1991.56,2076.722185594536,-83170.62559453592,1913.81,tempo,0.9129638871667065,0.8831561681388511,192,48.0,85.16218559453591
ETH,2023-05-29 19:00:00+00:00,2023-05-29 19:00:00+00:00,2023-05-31 19:00:00+00:00,-1,1890.81,1943.2428145964645,-50542.0045964646,1863.0,tempo,0.530393041343142,0.48385774624638556,192,48.0,52.432814596464596
ETH,2023-06-10 07:00:00+00:00,2023-06-10 07:00:00+00:00,2023-06-12 07:00:00+00:00,1,1743.25,1691.2804187474003,53712.83125259971,1739.96,tempo,-0.06330626340837384,-0.10687187324069747,192,48.0,51.96958125259971
ETH,2023-06-14 21:00:00+00:00,2023-06-14 21:00:00+00:00,2023-06-16 21:00:00+00:00,1,1637.21,1575.0017993821584,63845.41061784161,1726.91,tempo,1.4419320782326832,1.4067811177759866,192,48.0,62.20820061784161
ETH,2023-06-20 22:00:00+00:00,2023-06-20 22:00:00+00:00,2023-06-22 22:00:00+00:00,1,1776.4,1715.9711556840587,62205.24431594143,1879.07,tempo,1.6990230602989538,1.659703170486446,192,48.0,60.42884431594143
ETH,2023-06-30 17:00:00+00:00,2023-06-30 17:00:00+00:00,2023-07-02 17:00:00+00:00,-1,1897.96,1969.6129706869103,-69755.01068691029,1916.87,tempo,-0.2639109002560081,-0.2985171346693007,192,48.0,71.6529706869103
ETH,2023-07-13 17:00:00+00:00,2023-07-13 17:00:00+00:00,2023-07-14 00:45:00+00:00,-1,1962.58,2022.9918625061568,-58449.28250615692,2022.9918625061568,stop,-1.0,-1.042882665806984,31,7.75,60.41186250615692
ETH,2023-07-14 01:00:00+00:00,2023-07-14 01:00:00+00:00,2023-07-16 01:00:00+00:00,-1,2023.03,2087.2241139964235,-62171.08399642354,1932.86,tempo,1.4046459151227437,1.3645903969463693,192,48.0,64.19411399642354
ETH,2023-08-17 22:00:00+00:00,2023-08-17 22:00:00+00:00,2023-08-19 22:00:00+00:00,1,1618.41,1562.6388155346244,57389.59446537566,1668.2,tempo,0.8927549320906214,0.8544502677647943,192,48.0,55.771184465375654
ETH,2023-08-22 22:00:00+00:00,2023-08-22 22:00:00+00:00,2023-08-24 22:00:00+00:00,1,1603.4,1544.741313749127,60262.08625087319,1653.02,tempo,0.8459105235971979,0.809825961611828,192,48.0,58.65868625087319
ETH,2023-08-29 17:00:00+00:00,2023-08-29 17:00:00+00:00,2023-08-31 16:45:00+00:00,1,1734.32,1669.8479311532417,66206.38884675826,1669.8479311532417,stop,-1.0,-1.0343204304566203,191,47.75,64.47206884675825
ETH,2023-09-11 10:00:00+00:00,2023-09-11 10:00:00+00:00,2023-09-11 15:00:00+00:00,1,1593.0,1551.6315175116501,42961.48248834985,1551.6315175116501,stop,-1.0,-1.0494098493208739,20,5.0,41.368482488349855
ETH,2023-09-11 15:00:00+00:00,2023-09-11 15:00:00+00:00,2023-09-13 15:00:00+00:00,1,1558.26,1515.6300422154693,44188.217784530694,1603.03,tempo,1.0502004300892331,1.0019986816759225,192,48.0,42.62995778453069
ETH,2023-09-29 08:00:00+00:00,2023-09-29 08:00:00+00:00,2023-10-01 08:00:00+00:00,-1,1685.6,1728.1511811899666,-40865.58118996666,1677.52,tempo,0.18988897074154898,0.13851488572518628,192,48.0,42.551181189966655
ETH,2023-10-02 14:00:00+00:00,2023-10-02 14:00:00+00:00,2023-10-02 16:15:00+00:00,1,1727.21,1679.422234854652,49514.97514534798,1679.422234854652,stop,-1.0,-1.046336357139126,9,2.25,47.787765145347976
ETH,2023-10-02 17:00:00+00:00,2023-10-02 17:00:00+00:00,2023-10-02 18:45:00+00:00,1,1686.06,1637.9683388603369,49777.721139663074,1637.9683388603369,stop,-1.0,-1.044927090665148,7,1.75,48.091661139663074
ETH,2023-10-02 19:00:00+00:00,2023-10-02 19:00:00+00:00,2023-10-04 19:00:00+00:00,1,1657.51,1608.3110359773693,50856.47402263067,1643.05,tempo,-0.2939086276968899,-0.3375145052314894,192,48.0,49.19896402263066
ETH,2023-10-09 17:00:00+00:00,2023-10-09 17:00:00+00:00,2023-10-11 17:00:00+00:00,1,1568.67,1525.9409279258448,44297.74207415528,1553.21,tempo,-0.36181455036443516,-0.40930498021693307,192,48.0,42.72907207415528
ETH,2023-10-11 18:00:00+00:00,2023-10-11 18:00:00+00:00,2023-10-13 18:00:00+00:00,-1,1552.83,1594.1487829539149,-39765.95295391493,1543.95,tempo,0.2149143649730493,0.16619785262453451,192,48.0,41.31878295391493
ETH,2023-10-16 14:00:00+00:00,2023-10-16 14:00:00+00:00,2023-10-18 14:00:00+00:00,1,1578.82,1539.5728928330855,40825.92716691447,1572.6,tempo,-0.15848301821448693,-0.21067598599904844,192,48.0,39.247107166914475
ETH,2023-10-19 11:00:00+00:00,2023-10-19 11:00:00+00:00,2023-10-21 11:00:00+00:00,1,1552.0,1513.7077068011135,39844.29319888646,1604.12,tempo,1.3611093942400803,1.3075352196837322,192,48.0,38.292293198886455
ETH,2023-10-24 01:00:00+00:00,2023-10-24 01:00:00+00:00,2023-10-26 01:00:00+00:00,1,1776.37,1716.6920687962725,61454.30120372744,1791.76,tempo,0.25788427463180646,0.21902092174374357,192,48.0,59.67793120372744
ETH,2023-11-09 17:00:00+00:00,2023-11-09 17:00:00+00:00,2023-11-09 22:30:00+00:00,-1,2018.57,2096.4561826760673,-75867.61267606738,2096.4561826760673,stop,-1.0,-1.0343419965754894,22,5.5,77.88618267606739
ETH,2023-11-09 23:00:00+00:00,2023-11-09 23:00:00+00:00,2023-11-11 23:00:00+00:00,-1,2096.33,2180.616289529813,-82189.95952981307,2046.5,tempo,0.5911993549363026,0.559250629763776,192,48.0,84.28628952981308
ETH,2023-11-22 19:00:00+00:00,2023-11-22 19:00:00+00:00,2023-11-24 19:00:00+00:00,-1,2063.64,2148.369456958363,-82665.81695836324,2092.13,tempo,-0.336246696517841,-0.3681275865526658,192,48.0,84.72945695836324
ETH,2023-12-04 23:00:00+00:00,2023-12-04 23:00:00+00:00,2023-12-06 23:00:00+00:00,1,2228.4,2150.6828117457053,79945.5882542948,2233.27,tempo,0.0626631007810652,0.0253472178323568,192,48.0,77.7171882542948
ETH,2023-12-07 17:00:00+00:00,2023-12-07 17:00:00+00:00,2023-12-09 17:00:00+00:00,-1,2347.73,2437.3012704198245,-87223.5404198245,2356.9,tempo,-0.10237657629527726,-0.13651709351320857,192,48.0,89.57127041982449
ETH,2023-12-22 08:00:00+00:00,2023-12-22 08:00:00+00:00,2023-12-24 08:00:00+00:00,-1,2275.27,2367.2333974326525,-89688.12743265253,2296.11,tempo,-0.22661189757872835,-0.2589225459774681,192,48.0,91.96339743265253
ETH,2023-12-27 15:00:00+00:00,2023-12-27 15:00:00+00:00,2023-12-28 00:45:00+00:00,-1,2329.22,2417.815428874231,-86266.20887423141,2417.815428874231,stop,-1.0,-1.0348276775447238,39,9.75,88.5954288742314
ETH,2023-12-28 01:00:00+00:00,2023-12-28 01:00:00+00:00,2023-12-30 01:00:00+00:00,-1,2435.2,2531.5057078857894,-93870.50788578962,2304.12,tempo,1.3610823582279221,1.3290950745286705,192,48.0,96.30570788578962
ETH,2024-01-02 16:00:00+00:00,2024-01-02 16:00:00+00:00,2024-01-03 12:15:00+00:00,1,2359.61,2267.628381166653,94341.22883334705,2267.628381166653,stop,-1.0,-1.0326989781861493,81,20.25,91.98161883334706
ETH,2024-01-09 14:00:00+00:00,2024-01-09 14:00:00+00:00,2024-01-11 14:00:00+00:00,1,2275.17,2181.5154926302716,95929.67736972844,2636.4,tempo,3.8570487437827143,3.8229604698740536,192,48.0,93.65450736972844
ETH,2024-01-11 14:00:00+00:00,2024-01-11 14:00:00+00:00,2024-01-13 14:00:00+00:00,-1,2636.39,2771.7044379536073,-132678.04795360746,2542.99,tempo,0.6902441558529199,0.6653643495963677,192,48.0,135.31443795360747
ETH,2024-01-23 17:00:00+00:00,2024-01-23 17:00:00+00:00,2024-01-25 17:00:00+00:00,1,2216.24,2116.110280426775,102345.95957322499,2185.32,tempo,-0.30879942670155774,-0.3373725018304433,192,48.0,100.12971957322497
ETH,2024-02-13 00:00:00+00:00,2024-02-13 00:00:00+00:00,2024-02-14 10:30:00+00:00,-1,2660.91,2752.7054512253076,-89134.54122530771,2752.7054512253076,stop,-1.0,-1.038333599283254,138,34.5,91.79545122530772
ETH,2024-02-19 07:00:00+00:00,2024-02-19 07:00:00+00:00,2024-02-20 23:30:00+00:00,-1,2923.0,3030.1945246867745,-104271.52468677446,3030.1945246867745,stop,-1.0,-1.036098638921656,162,40.5,107.19452468677446
ETH,2024-02-25 21:00:00+00:00,2024-02-25 21:00:00+00:00,2024-02-27 02:00:00+00:00,-1,3102.71,3227.286237233458,-121473.52723345795,3227.286237233458,stop,-1.0,-1.0330279485524283,116,29.0,124.57623723345796
ETH,2024-02-27 02:00:00+00:00,2024-02-27 02:00:00+00:00,2024-02-29 02:00:00+00:00,1,3226.65,3092.534842139276,137341.80786072413,3423.62,tempo,1.4686632230232255,1.436432149601316,192,48.0,134.11515786072414
ETH,2024-03-05 12:00:00+00:00,2024-03-05 12:00:00+00:00,2024-03-07 12:00:00+00:00,-1,3737.95,3907.5816801867854,-165893.7301867856,3791.67,tempo,-0.3166861280914499,-0.34553836250079384,192,48.0,169.63168018678562
ETH,2024-04-05 00:00:00+00:00,2024-04-05 00:00:00+00:00,2024-04-07 00:00:00+00:00,1,3329.65,3151.7854670857864,181194.18291421366,3353.15,tempo,0.13212302427563988,0.10770095468802243,192,48.0,177.86453291421367
ETH,2024-04-08 15:00:00+00:00,2024-04-08 15:00:00+00:00,2024-04-10 15:00:00+00:00,-1,3648.4,3833.78647821744,-181738.07821744008,3488.41,tempo,0.8630079255961037,0.8379849220598965,192,48.0,185.38647821744007
ETH,2024-04-12 20:00:00+00:00,2024-04-12 20:00:00+00:00,2024-04-13 20:00:00+00:00,1,3206.93,3036.416369041253,173720.56095874694,3036.416369041253,stop,-1.0,-1.023799711008785,96,24.0,170.51363095874694
ETH,2024-04-27 18:00:00+00:00,2024-04-27 18:00:00+00:00,2024-04-29 18:00:00+00:00,-1,3256.79,3432.519293279976,-172472.503279976,3172.1,tempo,0.4819344482599721,0.4581548129925482,192,48.0,175.729293279976
ETH,2024-04-29 18:00:00+00:00,2024-04-29 18:00:00+00:00,2024-04-30 11:45:00+00:00,1,3172.1,3006.1626369245973,169109.46307540257,3006.1626369245973,stop,-1.0,-1.0242011240842495,71,17.75,165.93736307540257
ETH,2024-05-01 16:00:00+00:00,2024-05-01 16:00:00+00:00,2024-05-03 13:00:00+00:00,-1,2884.32,3044.1684876138593,-156964.1676138591,3044.1684876138593,stop,-1.0,-1.024107312959118,180,45.0,159.8484876138591
ETH,2024-05-16 15:00:00+00:00,2024-05-16 15:00:00+00:00,2024-05-18 15:00:00+00:00,1,2940.48,2815.917511463991,127502.9685360089,3104.36,tempo,1.3156448777323935,1.2841013043325722,192,48.0,124.56248853600891
ETH,2024-05-20 20:00:00+00:00,2024-05-20 20:00:00+00:00,2024-05-20 22:00:00+00:00,-1,3438.29,3635.674231744141,-193945.94174414081,3635.674231744141,stop,-1.0,-1.0232950560944196,8,2.0,197.38423174414083
ETH,2024-05-20 22:00:00+00:00,2024-05-20 22:00:00+00:00,2024-05-22 22:00:00+00:00,-1,3651.23,3874.3388192244824,-219457.58922448242,3776.71,tempo,-0.5624161359293801,-0.5840565220727092,192,48.0,223.10881922448243
ETH,2024-06-15 18:00:00+00:00,2024-06-15 18:00:00+00:00,2024-06-17 18:00:00+00:00,-1,3570.08,3711.819056478334,-138168.97647833408,3553.08,tempo,0.11993871288820511,0.08727267069038831,192,48.0,141.73905647833408
ETH,2024-06-18 02:00:00+00:00,2024-06-18 02:00:00+00:00,2024-06-20 02:00:00+00:00,1,3406.56,3271.9910436859013,137975.5163140986,3557.27,tempo,1.1199462649336929,1.0863093131137302,192,48.0,134.5689563140986
ETH,2024-06-24 21:00:00+00:00,2024-06-24 21:00:00+00:00,2024-06-26 21:00:00+00:00,-1,3310.75,3434.8225556185707,-120761.80561857074,3390.93,tempo,-0.6462347744854445,-0.6813440053567074,192,48.0,124.07255561857073
ETH,2024-07-05 03:00:00+00:00,2024-07-05 03:00:00+00:00,2024-07-07 03:00:00+00:00,1,2926.66,2791.121712963894,138464.94703610588,3065.94,tempo,1.0276063173418857,0.9988676481054775,192,48.0,135.53828703610588
ETH,2024-07-23 21:00:00+00:00,2024-07-23 21:00:00+00:00,2024-07-25 21:00:00+00:00,-1,3480.11,3626.1764391948623,-142586.32919486216,3153.61,tempo,2.235284174788623,2.2057639234306254,192,48.0,146.06643919486214
ETH,2024-07-25 21:00:00+00:00,2024-07-25 21:00:00+00:00,2024-07-27 21:00:00+00:00,1,3153.61,3014.802755243768,141960.85475623218,3241.23,tempo,0.6312350638028633,0.6012896095342497,192,48.0,138.8072447562322
ETH,2024-07-30 00:00:00+00:00,2024-07-30 00:00:00+00:00,2024-08-01 00:00:00+00:00,-1,3316.86,3454.8939195419644,-134717.05954196423,3231.48,tempo,0.6185436179984979,0.587707566873354,192,48.0,138.03391954196422
ETH,2024-08-02 16:00:00+00:00,2024-08-02 16:00:00+00:00,2024-08-03 17:45:00+00:00,1,3037.5,2900.5185253724276,140018.97462757243,2900.5185253724276,stop,-1.0,-1.0281768907217996,103,25.75,136.98147462757242
ETH,2024-08-04 19:00:00+00:00,2024-08-04 19:00:00+00:00,2024-08-05 01:00:00+00:00,1,2728.17,2595.3745486261887,135523.6213738114,2595.3745486261887,stop,-1.0,-1.0260573982076124,24,6.0,132.79545137381137
ETH,2024-08-05 01:00:00+00:00,2024-08-05 01:00:00+00:00,2024-08-05 01:15:00+00:00,1,2526.04,2382.3049404703147,146261.09952968528,2382.3049404703147,stop,-1.0,-1.0221965623539941,1,0.25,143.73505952968526
ETH,2024-08-05 02:00:00+00:00,2024-08-05 02:00:00+00:00,2024-08-05 06:30:00+00:00,1,2317.37,2155.5308251548004,164156.5448451995,2155.5308251548004,stop,-1.0,-1.0179646586750801,18,4.5,161.83917484519952
ETH,2024-08-05 07:00:00+00:00,2024-08-05 07:00:00+00:00,2024-08-07 07:00:00+00:00,1,2267.36,2108.1390840097356,161488.27599026452,2499.15,tempo,1.4557760741319479,1.4363173775107738,192,48.0,159.22091599026453
ETH,2024-08-13 00:00:00+00:00,2024-08-13 00:00:00+00:00,2024-08-15 00:00:00+00:00,-1,2721.15,2928.2012282014766,-204330.07820147654,2659.82,tempo,0.29620688818286645,0.27931430304641636,192,48.0,207.05122820147653
ETH,2024-08-28 22:00:00+00:00,2024-08-28 22:00:00+00:00,2024-08-30 22:00:00+00:00,-1,2529.49,2666.7271857913543,-134707.6957913545,2517.15,tempo,0.08991732035922492,0.06601478999848759,192,48.0,137.23718579135448
ETH,2024-09-16 00:00:00+00:00,2024-09-16 00:00:00+00:00,2024-09-18 00:00:00+00:00,1,2314.85,2213.4713195196687,103693.53048033125,2340.59,tempo,0.25389953664857695,0.22405069677748501,192,48.0,101.37868048033124
ETH,2024-09-20 12:00:00+00:00,2024-09-20 12:00:00+00:00,2024-09-22 12:00:00+00:00,-1,2543.97,2656.996313999364,-110482.34399936399,2579.58,tempo,-0.31505937635195735,-0.3445242627324753,192,48.0,113.02631399936399
ETH,2024-09-23 19:00:00+00:00,2024-09-23 19:00:00+00:00,2024-09-25 19:00:00+00:00,-1,2678.38,2791.7612917166934,-110702.91171669334,2581.5,tempo,0.8544619534065185,0.8243077547002374,192,48.0,113.38129171669334
ETH,2024-10-02 07:00:00+00:00,2024-10-02 07:00:00+00:00,2024-10-02 19:00:00+00:00,1,2484.7,2389.6504611149853,97534.23888501449,2389.6504611149853,stop,-1.0,-1.0333334368255862,48,12.0,95.0495388850145
ETH,2024-10-02 21:00:00+00:00,2024-10-02 21:00:00+00:00,2024-10-04 21:00:00+00:00,1,2384.9,2289.0984225498464,98186.47745015367,2428.34,tempo,0.4534372100772791,0.42078006514010063,192,48.0,95.80157745015367
ETH,2024-10-15 17:00:00+00:00,2024-10-15 17:00:00+00:00,2024-10-17 17:00:00+00:00,1,2591.87,2472.961813587196,121500.05641280384,2612.12,tempo,0.17029946054092296,0.14185235692219544,192,48.0,118.90818641280384
ETH,2024-10-21 09:00:00+00:00,2024-10-21 09:00:00+00:00,2024-10-23 09:00:00+00:00,-1,2716.45,2825.763046718992,-106596.59671899215,2575.86,tempo,1.2861227842401126,1.2546535168173216,192,48.0,109.31304671899215
ETH,2024-10-23 17:00:00+00:00,2024-10-23 17:00:00+00:00,2024-10-25 17:00:00+00:00,1,2491.49,2393.1903701438523,100791.11985614749,2531.19,tempo,0.4038672379346453,0.37065508846086137,192,48.0,98.29962985614748
ETH,2024-10-31 15:00:00+00:00,2024-10-31 15:00:00+00:00,2024-11-02 15:00:00+00:00,1,2556.05,2456.5336113446465,102072.43865535369,2489.66,tempo,-0.6671262984624868,-0.7000827948176583,192,48.0,99.5163886553537
ETH,2024-11-07 02:00:00+00:00,2024-11-07 02:00:00+00:00,2024-11-08 00:30:00+00:00,-1,2815.3,2949.7927022572067,-131677.4022572065,2949.7927022572067,stop,-1.0,-1.0278625545741564,90,22.5,134.49270225720647
ETH,2024-11-08 01:00:00+00:00,2024-11-08 01:00:00+00:00,2024-11-09 06:00:00+00:00,-1,2907.63,3049.38273051551,-138845.10051550993,3049.38273051551,stop,-1.0,-1.02731558158177,116,29.0,141.75273051550994
ETH,2024-11-09 20:00:00+00:00,2024-11-09 20:00:00+00:00,2024-11-10 05:30:00+00:00,-1,3070.71,3219.5897511994735,-145809.04119947352,3219.5897511994735,stop,-1.0,-1.0274630687204838,38,9.5,148.8797511994735
ETH,2024-11-12 01:00:00+00:00,2024-11-12 01:00:00+00:00,2024-11-13 04:45:00+00:00,1,3346.05,3176.597652228896,172798.39777110406,3176.597652228896,stop,-1.0,-1.0250201371047145,111,27.75,169.4523477711041
ETH,2024-11-13 09:00:00+00:00,2024-11-13 09:00:00+00:00,2024-11-15 09:00:00+00:00,1,3161.42,2992.193807320244,172387.61267975598,3071.75,tempo,-0.5298825115665858,-0.553824198345932,192,48.0,169.22619267975597
ETH,2024-11-22 05:00:00+00:00,2024-11-22 05:00:00+00:00,2024-11-24 05:00:00+00:00,-1,3393.06,3595.8540799814614,-199401.01998146143,3416.38,tempo,-0.11499349488965348,-0.13681926021970955,192,48.0,202.79407998146144
ETH,2024-11-25 16:00:00+00:00,2024-11-25 16:00:00+00:00,2024-11-27 16:00:00+00:00,-1,3521.18,3726.2149062560866,-201513.72625608675,3555.07,tempo,-0.16528892869427816,-0.18772199916011967,192,48.0,205.03490625608674
ETH,2024-12-04 16:00:00+00:00,2024-12-04 16:00:00+00:00,2024-12-06 15:15:00+00:00,-1,3824.38,4024.853286268623,-196648.9062686228,4024.853286268623,stop,-1.0,-1.0254497830161682,189,47.25,200.47328626862281
ETH,2024-12-10 18:00:00+00:00,2024-12-10 18:00:00+00:00,2024-12-12 18:00:00+00:00,1,3527.71,3331.9061710611854,199331.5389388146,3960.5,tempo,2.210324498481792,2.1854662690672844,192,48.0,195.8038289388146
ETH,2024-12-19 18:00:00+00:00,2024-12-19 18:00:00+00:00,2024-12-20 09:00:00+00:00,1,3478.67,3282.146737923674,200001.93207632587,3282.146737923674,stop,-1.0,-1.0223613776467013,60,15.0,196.52326207632586
ETH,2024-12-20 10:00:00+00:00,2024-12-20 10:00:00+00:00,2024-12-22 10:00:00+00:00,1,3265.61,3067.142096931478,201733.51306852198,3381.82,tempo,0.5855354856038257,0.5637645622797243,192,48.0,198.467903068522
ETH,2024-12-23 21:00:00+00:00,2024-12-23 21:00:00+00:00,2024-12-25 21:00:00+00:00,-1,3402.56,3629.1137558267455,-223151.1958267456,3472.01,tempo,-0.30654976231385617,-0.3262734278240286,192,48.0,226.5537558267456
ETH,2025-01-13 15:00:00+00:00,2025-01-13 15:00:00+00:00,2025-01-15 15:00:00+00:00,1,3033.7,2887.6486849394023,149085.01506059754,3328.36,tempo,2.017510077726751,1.9891957897089798,192,48.0,146.05131506059752
ETH,2025-01-16 21:00:00+00:00,2025-01-16 21:00:00+00:00,2025-01-18 21:00:00+00:00,1,3335.61,3164.4012519557423,174544.35804425782,3264.87,tempo,-0.41317982175603424,-0.43823877492874797,192,48.0,171.20874804425785
ETH,2025-01-18 21:00:00+00:00,2025-01-18 21:00:00+00:00,2025-01-20 21:00:00+00:00,1,3264.87,3089.58325593488,178551.61406511982,3320.27,tempo,0.31605356295179254,0.29163448310163664,192,48.0,175.28674406511982
ETH,2025-01-31 16:00:00+00:00,2025-01-31 16:00:00+00:00,2025-02-02 16:00:00+00:00,-1,3426.21,3615.3511190409386,-185714.90904093854,3079.48,tempo,1.8331814983338037,1.810824125587771,192,48.0,189.14111904093852
ETH,2025-02-02 19:00:00+00:00,2025-02-02 19:00:00+00:00,2025-02-02 22:45:00+00:00,1,2927.15,2763.959849299585,166117.30070041495,2763.959849299585,stop,-1.0,-1.0226681658554,15,3.75,163.19015070041496
ETH,2025-02-02 23:00:00+00:00,2025-02-02 23:00:00+00:00,2025-02-03 02:00:00+00:00,1,2874.41,2712.8729284864444,164411.48151355548,2712.8729284864444,stop,-1.0,-1.0224823557186464,12,3.0,161.53707151355547
ETH,2025-02-03 02:00:00+00:00,2025-02-03 02:00:00+00:00,2025-02-03 02:15:00+00:00,1,2496.0,2294.109270034088,204386.7299659122,2294.109270034088,stop,-1.0,-1.0154220603692297,1,0.25,201.89072996591221
ETH,2025-02-03 03:00:00+00:00,2025-02-03 03:00:00+00:00,2025-02-05 03:00:00+00:00,1,2484.9,2284.253337052998,203131.56294700192,2738.23,tempo,1.2625677211831507,1.2456472578665156,192,48.0,200.64666294700191
ETH,2025-02-24 23:00:00+00:00,2025-02-24 23:00:00+00:00,2025-02-25 07:30:00+00:00,1,2506.66,2353.4136830972543,155752.97690274555,2353.4136830972543,stop,-1.0,-1.0206141847834296,34,8.5,153.24631690274555
ETH,2025-02-25 23:00:00+00:00,2025-02-25 23:00:00+00:00,2025-02-27 23:00:00+00:00,-1,2509.56,2672.482234672834,-160412.67467283385,2290.97,tempo,1.3416830455275393,1.3225306903792933,192,48.0,162.92223467283384
ETH,2025-03-01 09:00:00+00:00,2025-03-01 09:00:00+00:00,2025-03-03 09:00:00+00:00,1,2233.61,2080.9156594710566,154927.95052894347,2344.19,tempo,0.7241918699602313,0.7047047691961007,192,48.0,152.69434052894348
ETH,2025-03-11 04:00:00+00:00,2025-03-11 04:00:00+00:00,2025-03-13 04:00:00+00:00,1,1848.96,1691.2221392642944,159586.82073570567,1886.02,tempo,0.2349467643795109,0.21955580504560854,192,48.0,157.73786073570568
ETH,2025-03-28 13:00:00+00:00,2025-03-28 13:00:00+00:00,2025-03-30 13:00:00+00:00,1,1883.11,1783.7231357621692,101269.97423783065,1833.15,tempo,-0.5026821238714866,-0.5269868347457486,192,48.0,99.38686423783065
SOL,2023-01-03 01:00:00+00:00,2023-01-03 01:00:00+00:00,2023-01-03 14:45:00+00:00,-1,11.279,12.39537452777857,-1105.0955277785697,12.39537452777857,stop,-1.0,-1.0137842122514895,55,13.75,1.1163745277785697
SOL,2023-01-03 16:00:00+00:00,2023-01-03 16:00:00+00:00,2023-01-04 08:00:00+00:00,-1,12.819,14.13071223230291,-1298.8932323029094,14.13071223230291,stop,-1.0,-1.0133545396006887,64,16.0,1.3117122323029093
SOL,2023-01-04 08:00:00+00:00,2023-01-04 08:00:00+00:00,2023-01-06 08:00:00+00:00,-1,14.109,15.541393737724611,-1418.2847377246114,13.109,tempo,0.6981320663887582,0.6857809233098282,192,48.0,1.4323937377246114
SOL,2023-01-09 01:00:00+00:00,2023-01-09 01:00:00+00:00,2023-01-09 02:15:00+00:00,-1,14.957,16.362836637112782,-1390.879637112781,16.362836637112782,stop,-1.0,-1.0144809811301638,5,1.25,1.405836637112781
SOL,2023-01-09 03:00:00+00:00,2023-01-09 03:00:00+00:00,2023-01-11 03:00:00+00:00,-1,15.983,17.52021996882313,-1521.2369688231306,15.993,tempo,-0.006505249868472381,-0.020026021405100403,192,48.0,1.5372199688231305
SOL,2023-01-12 23:00:00+00:00,2023-01-12 23:00:00+00:00,2023-01-14 23:00:00+00:00,1,16.377,14.834781883451615,1558.5951165483834,23.662,tempo,4.723715745412494,4.70684047354223,192,48.0,1.5422181165483835
SOL,2023-01-14 23:00:00+00:00,2023-01-14 23:00:00+00:00,2023-01-16 23:00:00+00:00,-1,23.663,26.415859402888902,-2729.196402888902,23.679,tempo,-0.005812138456183974,-0.016990442719637087,192,48.0,2.7528594028889017
SOL,2023-02-16 01:00:00+00:00,2023-02-16 01:00:00+00:00,2023-02-18 01:00:00+00:00,1,23.653,21.86761234617644,1809.0406538235588,23.324,tempo,-0.18427370621467876,-0.20137646254583552,192,48.0,1.785387653823559
SOL,2023-02-20 00:00:00+00:00,2023-02-20 00:00:00+00:00,2023-02-20 05:15:00+00:00,-1,24.851,26.724927780618145,-1849.0767806181461,26.724927780618145,stop,-1.0,-1.0178898853008855,21,5.25,1.8739277806181462
SOL,2023-02-20 06:00:00+00:00,2023-02-20 06:00:00+00:00,2023-02-22 06:00:00+00:00,-1,26.48,28.543823068826878,-2037.3430688268777,24.028,tempo,1.1880863418169718,1.172178873538375,192,48.0,2.0638230688268777
SOL,2023-03-08 14:00:00+00:00,2023-03-08 14:00:00+00:00,2023-03-09 19:15:00+00:00,1,18.753,17.60079487864246,1170.9581213575395,17.60079487864246,stop,-1.0,-1.020508472174882,117,29.25,1.1522051213575395
SOL,2023-03-10 16:00:00+00:00,2023-03-10 16:00:00+00:00,2023-03-12 16:00:00+00:00,-1,17.647,18.929935014440595,-1265.2880144405965,17.827,tempo,-0.1403032873636935,-0.15827621642125306,192,48.0,1.2829350144405964
SOL,2023-03-13 17:00:00+00:00,2023-03-13 17:00:00+00:00,2023-03-15 16:45:00+00:00,1,20.557,18.83546007228085,1742.0969277191496,18.83546007228085,stop,-1.0,-1.014873369263591,191,47.75,1.7215399277191494
SOL,2023-03-15 19:00:00+00:00,2023-03-15 19:00:00+00:00,2023-03-17 19:00:00+00:00,1,19.122,17.455129356929817,1685.9926430701832,20.186,tempo,0.63832187843937,0.6229936343994249,192,48.0,1.6668706430701832
SOL,2023-04-11 15:00:00+00:00,2023-04-11 15:00:00+00:00,2023-04-13 09:30:00+00:00,-1,23.168,24.54580640326078,-1354.638403260781,24.54580640326078,stop,-1.0,-1.0225096748634064,170,42.5,1.3778064032607809
SOL,2023-04-17 04:00:00+00:00,2023-04-17 04:00:00+00:00,2023-04-19 04:00:00+00:00,-1,25.832,27.48754933342778,-1629.7173334277784,24.624,tempo,0.7296671718618403,0.709857191369084,192,48.0,1.6555493334277784
SOL,2023-04-19 09:00:00+00:00,2023-04-19 09:00:00+00:00,2023-04-21 09:00:00+00:00,1,22.823,21.251453336863452,1594.369663136548,22.169,tempo,-0.4161505447727042,-0.43475947359803874,192,48.0,1.571546663136548
SOL,2023-04-28 19:00:00+00:00,2023-04-28 19:00:00+00:00,2023-04-30 19:00:00+00:00,-1,23.257,24.871312198619133,-1591.0551986191317,23.438,tempo,-0.11212205430574282,-0.1309237148680322,192,48.0,1.6143121986191318
SOL,2023-05-12 15:00:00+00:00,2023-05-12 15:00:00+00:00,2023-05-14 15:00:00+00:00,-1,20.374,21.472443784849332,-1078.0697848493335,21.114,tempo,-0.6736803559788023,-0.6982307247568449,192,48.0,1.0984437848493336
SOL,2023-05-27 23:00:00+00:00,2023-05-27 23:00:00+00:00,2023-05-28 22:15:00+00:00,-1,20.363,21.151682915941254,-768.319915941255,21.151682915941254,stop,-1.0,-1.034214693066043,93,23.25,0.788682915941255
SOL,2023-05-30 19:00:00+00:00,2023-05-30 19:00:00+00:00,2023-06-01 19:00:00+00:00,-1,21.358,22.170352607222306,-790.9946072223051,20.775,tempo,0.7176686512935146,0.6839561356241884,192,48.0,0.8123526072223051
SOL,2023-06-04 14:00:00+00:00,2023-06-04 14:00:00+00:00,2023-06-06 14:00:00+00:00,-1,22.04,22.852248426058136,-790.2084260581366,19.745,tempo,2.8254902396520416,2.792051886152473,192,48.0,0.8122484260581366
SOL,2023-06-06 21:00:00+00:00,2023-06-06 21:00:00+00:00,2023-06-07 16:15:00+00:00,1,20.238,19.18609208531524,1072.145914684758,19.18609208531524,stop,-1.0,-1.0243611246742397,77,19.25,1.051907914684758
SOL,2023-06-07 17:00:00+00:00,2023-06-07 17:00:00+00:00,2023-06-09 17:00:00+00:00,1,19.026,18.030155931196695,1014.8700688033043,18.507,tempo,-0.521165929746085,-0.54566419284195,192,48.0,0.9958440688033043
SOL,2023-06-09 20:00:00+00:00,2023-06-09 20:00:00+00:00,2023-06-10 02:45:00+00:00,1,17.383,16.43180321962724,968.5797803727579,16.43180321962724,stop,-1.0,-1.023107334408916,27,6.75,0.9511967803727579
SOL,2023-06-10 03:00:00+00:00,2023-06-10 03:00:00+00:00,2023-06-10 04:30:00+00:00,1,16.445,15.488392632330974,973.0523676690259,15.488392632330974,stop,-1.0,-1.0216982493680695,6,1.5,0.9566073676690259
SOL,2023-06-10 05:00:00+00:00,2023-06-10 05:00:00+00:00,2023-06-10 06:45:00+00:00,1,14.556,13.41316046358672,1157.3955364132787,13.41316046358672,stop,-1.0,-1.0159077050820169,7,1.75,1.1428395364132786
SOL,2023-06-10 07:00:00+00:00,2023-06-10 07:00:00+00:00,2023-06-12 07:00:00+00:00,1,14.024,12.913654604857106,1124.3693951428932,15.154,tempo,1.0177013431523965,1.0006204419454714,192,48.0,1.1103453951428932
SOL,2023-06-21 03:00:00+00:00,2023-06-21 03:00:00+00:00,2023-06-23 03:00:00+00:00,1,16.83,15.61967544320516,1227.1545567948376,16.737,tempo,-0.07683889373134847,-0.09486591786922066,192,48.0,1.2103245567948377
SOL,2023-06-23 16:00:00+00:00,2023-06-23 16:00:00+00:00,2023-06-25 16:00:00+00:00,1,16.961,15.771674929940467,1206.2860700595318,17.104,tempo,0.12023626138885882,0.10161876936971584,192,48.0,1.1893250700595317
SOL,2023-06-29 12:00:00+00:00,2023-06-29 12:00:00+00:00,2023-06-30 13:00:00+00:00,-1,18.045,19.33193325289027,-1268.8882528902682,19.33193325289027,stop,-1.0,-1.0188782180892564,100,25.0,1.2869332528902682
SOL,2023-06-30 18:00:00+00:00,2023-06-30 18:00:00+00:00,2023-07-02 18:00:00+00:00,-1,19.524,21.124509123226087,-1580.9851232260858,19.159,tempo,0.22805243325591623,0.21234246344998456,192,48.0,1.600509123226086
SOL,2023-07-06 18:00:00+00:00,2023-07-06 18:00:00+00:00,2023-07-07 15:15:00+00:00,-1,20.062,21.581852565944487,-1499.7905659444862,21.581852565944487,stop,-1.0,-1.0178099539221046,85,21.25,1.5198525659444861
SOL,2023-07-07 17:00:00+00:00,2023-07-07 17:00:00+00:00,2023-07-09 17:00:00+00:00,-1,21.46,23.230979552194587,-1749.5195521945857,21.272,tempo,0.10615594051723187,0.09047207789692074,192,48.0,1.7709795521945857
SOL,2023-07-13 17:00:00+00:00,2023-07-13 17:00:00+00:00,2023-07-14 00:45:00+00:00,-1,25.306,27.37039648246295,-2039.0904824629497,27.37039648246295,stop,-1.0,-1.016585795415012,31,7.75,2.06439648246295
SOL,2023-07-14 01:00:00+00:00,2023-07-14 01:00:00+00:00,2023-07-16 01:00:00+00:00,-1,29.378,32.3578393414067,-2950.461341406702,27.57,tempo,0.6067441203546536,0.5943219070206537,192,48.0,2.979839341406702
SOL,2023-08-16 05:00:00+00:00,2023-08-16 05:00:00+00:00,2023-08-16 20:30:00+00:00,1,23.529,22.458614533940136,1093.9144660598645,22.458614533940136,stop,-1.0,-1.0279263409256618,62,15.5,1.0703854660598644
SOL,2023-08-17 16:00:00+00:00,2023-08-17 16:00:00+00:00,2023-08-19 16:00:00+00:00,-1,22.852,23.91221707035733,-1037.3650703573285,21.96,tempo,0.8413371421187981,0.8138637116163228,192,48.0,1.0602170703573286
SOL,2023-08-29 17:00:00+00:00,2023-08-29 17:00:00+00:00,2023-08-31 14:15:00+00:00,1,21.695,20.422094257605053,1294.600742394947,20.422094257605053,stop,-1.0,-1.0215067858959734,181,45.25,1.272905742394947
SOL,2023-09-05 16:00:00+00:00,2023-09-05 16:00:00+00:00,2023-09-07 16:00:00+00:00,-1,20.384,21.41612740939836,-1011.7434093983597,19.512,tempo,0.8448569353548123,0.8197317427052766,192,48.0,1.0321274093983597
SOL,2023-09-10 05:00:00+00:00,2023-09-10 05:00:00+00:00,2023-09-11 10:30:00+00:00,1,18.363,17.463594952860497,917.7680471395029,17.463594952860497,stop,-1.0,-1.0258918790743092,118,29.5,0.8994050471395028
SOL,2023-09-29 15:00:00+00:00,2023-09-29 15:00:00+00:00,2023-09-30 15:00:00+00:00,-1,20.347,21.205190405886086,-837.8434058860844,21.205190405886086,stop,-1.0,-1.0314719479250518,96,24.0,0.8581904058860843
SOL,2023-09-30 16:00:00+00:00,2023-09-30 16:00:00+00:00,2023-10-01 10:15:00+00:00,-1,21.414,22.336688623458663,-901.2746234586616,22.336688623458663,stop,-1.0,-1.0308207415613835,73,18.25,0.9226886234586615
SOL,2023-10-01 11:00:00+00:00,2023-10-01 11:00:00+00:00,2023-10-01 22:30:00+00:00,-1,23.076,24.242066223151433,-1142.9902231514322,24.242066223151433,stop,-1.0,-1.0263764976931795,46,11.5,1.1660662231514323
SOL,2023-10-01 23:00:00+00:00,2023-10-01 23:00:00+00:00,2023-10-03 23:00:00+00:00,-1,24.376,25.78354103439345,-1383.16503439345,23.539,tempo,0.5946540665940068,0.572527002985221,192,48.0,1.40754103439345
SOL,2023-10-20 02:00:00+00:00,2023-10-20 02:00:00+00:00,2023-10-20 05:15:00+00:00,-1,25.018,26.26414673655938,-1221.1287365593782,26.26414673655938,stop,-1.0,-1.0267491735931495,13,3.25,1.2461467365593784
SOL,2023-10-20 06:00:00+00:00,2023-10-20 06:00:00+00:00,2023-10-21 06:45:00+00:00,-1,26.342,27.683090045072646,-1314.748045072647,27.683090045072646,stop,-1.0,-1.0261848998568883,99,24.75,1.3410900450726473
SOL,2023-10-21 12:00:00+00:00,2023-10-21 12:00:00+00:00,2023-10-23 04:15:00+00:00,-1,29.513,31.252926560102157,-1710.4135601021555,31.252926560102157,stop,-1.0,-1.0227008732263663,161,40.25,1.7399265601021554
SOL,2023-10-24 02:00:00+00:00,2023-10-24 02:00:00+00:00,2023-10-26 02:00:00+00:00,1,31.57,29.252079519102146,2349.490480897854,32.245,tempo,0.2912092996988981,0.273314056811216,192,48.0,2.317920480897854
SOL,2023-10-30 19:00:00+00:00,2023-10-30 19:00:00+00:00,2023-10-31 21:00:00+00:00,-1,34.899,37.47185925091064,-2537.9602509106394,37.47185925091064,stop,-1.0,-1.0182835724482178,104,26.0,2.572859250910639
SOL,2023-10-31 23:00:00+00:00,2023-10-31 23:00:00+00:00,2023-11-01 14:45:00+00:00,-1,37.904,40.68123547806099,-2739.3314780609876,40.68123547806099,stop,-1.0,-1.0183925358379777,63,15.75,2.7772354780609874
SOL,2023-11-01 15:00:00+00:00,2023-11-01 15:00:00+00:00,2023-11-01 18:00:00+00:00,-1,40.129,43.03789796689556,-2868.768966895559,43.03789796689556,stop,-1.0,-1.0185838363166015,12,3.0,2.908897966895559
SOL,2023-11-01 18:00:00+00:00,2023-11-01 18:00:00+00:00,2023-11-03 18:00:00+00:00,-1,44.462,48.04348833533121,-3537.0263353312084,39.003,tempo,1.524226659109073,1.509078696887668,192,48.0,3.5814883353312084
SOL,2023-11-10 07:00:00+00:00,2023-11-10 07:00:00+00:00,2023-11-10 18:15:00+00:00,-1,48.86,53.28256694092886,-4373.706940928861,53.28256694092886,stop,-1.0,-1.015012247275936,45,11.25,4.42256694092886
SOL,2023-11-10 19:00:00+00:00,2023-11-10 19:00:00+00:00,2023-11-11 13:30:00+00:00,-1,53.446,58.50583912356083,-5006.393123560834,58.50583912356083,stop,-1.0,-1.0143816223506932,74,18.5,5.059839123560835
SOL,2023-11-11 14:00:00+00:00,2023-11-11 14:00:00+00:00,2023-11-13 14:00:00+00:00,-1,59.718,65.75549704106487,-5977.779041064868,57.356,tempo,0.39122172382603815,0.3786174774831566,192,48.0,6.037497041064867
SOL,2023-11-15 00:00:00+00:00,2023-11-15 00:00:00+00:00,2023-11-15 11:45:00+00:00,-1,56.842,63.207627937774745,-6308.785937774747,63.207627937774745,stop,-1.0,-1.012258375595045,47,11.75,6.365627937774747
SOL,2023-11-15 12:00:00+00:00,2023-11-15 12:00:00+00:00,2023-11-17 12:00:00+00:00,-1,63.042,70.22299380670638,-7117.951806706382,58.175,tempo,0.6777613420937193,0.6667891769420914,192,48.0,7.1809938067063825
SOL,2023-12-04 08:00:00+00:00,2023-12-04 08:00:00+00:00,2023-12-06 08:00:00+00:00,1,63.774,58.999893491313216,4837.880508686785,63.427,tempo,-0.07268375755099162,-0.09000231754741343,192,48.0,4.774106508686785
SOL,2023-12-07 23:00:00+00:00,2023-12-07 23:00:00+00:00,2023-12-08 11:45:00+00:00,-1,67.988,73.41165475387129,-5355.666753871289,73.41165475387129,stop,-1.0,-1.0169460962692016,51,12.75,5.42365475387129
SOL,2023-12-08 12:00:00+00:00,2023-12-08 12:00:00+00:00,2023-12-10 12:00:00+00:00,-1,73.015,78.90193627058504,-5813.921270585039,71.496,tempo,0.25802895261324926,0.24207291951172819,192,48.0,5.886936270585039
SOL,2023-12-21 05:00:00+00:00,2023-12-21 05:00:00+00:00,2023-12-21 17:30:00+00:00,-1,84.866,92.12567814469728,-7174.8121446972755,92.12567814469728,stop,-1.0,-1.0158470649112847,50,12.5,7.259678144697276
SOL,2023-12-21 18:00:00+00:00,2023-12-21 18:00:00+00:00,2023-12-23 18:00:00+00:00,-1,92.589,100.74305640989073,-8061.467409890728,98.278,tempo,-0.6976895564641115,-0.7129045051673745,192,48.0,8.154056409890728
SOL,2023-12-23 23:00:00+00:00,2023-12-23 23:00:00+00:00,2023-12-25 15:00:00+00:00,-1,108.861,119.26817546593881,-10298.314465938805,119.26817546593881,stop,-1.0,-1.0142482429106892,160,40.0,10.407175465938806
SOL,2024-02-20 16:00:00+00:00,2024-02-20 16:00:00+00:00,2024-02-21 18:30:00+00:00,1,106.649,100.4534415556692,6302.2074443308,100.4534415556692,stop,-1.0,-1.021727918188612,106,26.5,6.1955584443308
SOL,2024-02-27 14:00:00+00:00,2024-02-27 14:00:00+00:00,2024-02-29 14:00:00+00:00,1,110.368,103.91967345380178,6558.694546198218,132.92,tempo,3.4973414944837318,3.4728177364409207,192,48.0,6.448326546198217
SOL,2024-02-29 14:00:00+00:00,2024-02-29 14:00:00+00:00,2024-03-02 14:00:00+00:00,-1,132.912,142.53399934574526,-9489.08734574525,129.406,tempo,0.3643733359377453,0.34665282964033045,192,48.0,9.621999345745252
SOL,2024-03-04 18:00:00+00:00,2024-03-04 18:00:00+00:00,2024-03-05 20:00:00+00:00,1,127.545,117.65488503866095,10017.659961339052,117.65488503866095,stop,-1.0,-1.0161150730702477,104,26.0,9.890114961339052
SOL,2024-03-07 03:00:00+00:00,2024-03-07 03:00:00+00:00,2024-03-09 03:00:00+00:00,-1,141.213,155.0249112137922,-13670.6982137922,146.489,tempo,-0.3819891337508411,-0.3955286285466997,192,48.0,13.8119112137922
SOL,2024-03-14 04:00:00+00:00,2024-03-14 04:00:00+00:00,2024-03-15 01:30:00+00:00,-1,167.589,182.5465680597328,-14789.979059732806,182.5465680597328,stop,-1.0,-1.0152155830633667,86,21.5,14.957568059732807
SOL,2024-03-15 02:00:00+00:00,2024-03-15 02:00:00+00:00,2024-03-17 02:00:00+00:00,-1,184.137,201.1815402567092,-16860.403256709214,187.054,tempo,-0.17113984631247464,-0.18529535572288702,192,48.0,17.04454025670921
SOL,2024-04-05 07:00:00+00:00,2024-04-05 07:00:00+00:00,2024-04-07 07:00:00+00:00,1,175.34,161.31355821211466,14201.781787885346,179.629,tempo,0.3057796171588151,0.2893299819990783,192,48.0,14.026441787885346
SOL,2024-04-12 19:00:00+00:00,2024-04-12 19:00:00+00:00,2024-04-13 17:45:00+00:00,1,151.054,139.37790508934043,11827.148910659573,139.37790508934043,stop,-1.0,-1.0161681400975702,91,22.75,11.676094910659572
SOL,2024-04-13 18:00:00+00:00,2024-04-13 18:00:00+00:00,2024-04-13 20:00:00+00:00,1,139.389,127.96816203666428,11560.226963335728,127.96816203666428,stop,-1.0,-1.0152162350855274,8,2.0,11.420837963335728
SOL,2024-04-13 21:00:00+00:00,2024-04-13 21:00:00+00:00,2024-04-15 21:00:00+00:00,1,124.355,112.48653254855503,11992.82245144497,136.123,tempo,0.991534926320015,0.9772693355272134,192,48.0,11.868467451444971
SOL,2024-05-01 17:00:00+00:00,2024-05-01 17:00:00+00:00,2024-05-01 19:00:00+00:00,-1,124.476,134.69998642328468,-10099.510423284684,134.69998642328468,stop,-1.0,-1.0164773684354143,8,2.0,10.223986423284686
SOL,2024-05-01 19:00:00+00:00,2024-05-01 19:00:00+00:00,2024-05-03 19:00:00+00:00,-1,133.917,145.46062224103224,-11409.70524103224,141.516,tempo,-0.6582855746083807,-0.673794696984512,192,48.0,11.543622241032239
SOL,2024-05-06 20:00:00+00:00,2024-05-06 20:00:00+00:00,2024-05-08 20:00:00+00:00,-1,153.455,165.97165835323332,-12363.20335323331,145.429,tempo,0.6412254591838986,0.6257041759054576,192,48.0,12.51665835323331
SOL,2024-05-13 06:00:00+00:00,2024-05-13 06:00:00+00:00,2024-05-15 06:00:00+00:00,1,138.191,128.17099694448976,10158.194055510245,143.966,tempo,0.5763471296372701,0.5580435374143972,192,48.0,10.020003055510244
SOL,2024-05-21 07:00:00+00:00,2024-05-21 07:00:00+00:00,2024-05-23 07:00:00+00:00,1,181.895,169.59341805108141,12483.476948918596,177.834,tempo,-0.3301201436419322,-0.3491277681060813,192,48.0,12.301581948918596
SOL,2024-05-24 22:00:00+00:00,2024-05-24 22:00:00+00:00,2024-05-26 22:00:00+00:00,1,167.502,156.2286457807046,11440.856219295414,163.403,tempo,-0.3636007456400324,-0.38268009379285245,192,48.0,11.273354219295413
SOL,2024-06-18 00:00:00+00:00,2024-06-18 00:00:00+00:00,2024-06-18 01:45:00+00:00,1,143.197,135.86812181831496,7472.075181685042,135.86812181831496,stop,-1.0,-1.02475035396757,7,1.75,7.328878181685042
SOL,2024-06-18 02:00:00+00:00,2024-06-18 02:00:00+00:00,2024-06-20 02:00:00+00:00,1,132.556,124.63203881836122,8056.517181638787,134.943,tempo,0.3012382248326884,0.2792953674644699,192,48.0,7.923961181638788
SOL,2024-06-24 18:00:00+00:00,2024-06-24 18:00:00+00:00,2024-06-25 03:45:00+00:00,-1,128.124,135.48711384522085,-7234.989845220852,135.48711384522085,stop,-1.0,-1.0232710273942878,39,9.75,7.363113845220852
SOL,2024-06-25 04:00:00+00:00,2024-06-25 04:00:00+00:00,2024-06-27 04:00:00+00:00,-1,135.709,143.84953271191821,-8004.823711918212,137.488,tempo,-0.21853606673620232,-0.24035012440100545,192,48.0,8.140532711918212
SOL,2024-06-27 15:00:00+00:00,2024-06-27 15:00:00+00:00,2024-06-29 15:00:00+00:00,-1,148.053,157.5835873287806,-9382.534328780599,141.785,tempo,0.6576719549142379,0.6379045792530252,192,48.0,9.530587328780598
SOL,2024-07-02 19:00:00+00:00,2024-07-02 19:00:00+00:00,2024-07-04 19:00:00+00:00,-1,152.887,161.5677121769875,-8527.825176987497,134.01,tempo,2.1745911643105496,2.1531087045540374,192,48.0,8.680712176987498
SOL,2024-07-06 01:00:00+00:00,2024-07-06 01:00:00+00:00,2024-07-08 01:00:00+00:00,-1,134.953,144.6652316025459,-9577.278602545899,129.116,tempo,0.6009947290043945,0.5833216691944322,192,48.0,9.712231602545899
SOL,2024-08-01 10:00:00+00:00,2024-08-01 10:00:00+00:00,2024-08-01 18:45:00+00:00,1,168.195,157.99606229292021,10367.132707079778,157.99606229292021,stop,-1.0,-1.0207888504253946,35,8.75,10.198937707079779
SOL,2024-08-01 21:00:00+00:00,2024-08-01 21:00:00+00:00,2024-08-02 15:15:00+00:00,1,164.759,154.4496288712145,10474.1301287855,154.4496288712145,stop,-1.0,-1.0201259229272437,73,18.25,10.3093711287855
SOL,2024-08-02 17:00:00+00:00,2024-08-02 17:00:00+00:00,2024-08-03 17:30:00+00:00,1,154.304,143.95399977656888,10504.304223431123,143.95399977656888,stop,-1.0,-1.0187311783255693,98,24.5,10.350000223431124
SOL,2024-08-05 16:00:00+00:00,2024-08-05 16:00:00+00:00,2024-08-06 06:15:00+00:00,-1,130.371,143.38227032785835,-12880.899327858342,143.38227032785835,stop,-1.0,-1.0136758072985481,57,14.25,13.011270327858341
SOL,2024-08-06 07:00:00+00:00,2024-08-06 07:00:00+00:00,2024-08-08 07:00:00+00:00,-1,141.437,156.46346337927798,-14885.026379277972,154.037,tempo,-0.8385206606483229,-0.8513019848463278,192,48.0,15.02646337927797
SOL,2024-08-24 17:00:00+00:00,2024-08-24 17:00:00+00:00,2024-08-26 17:00:00+00:00,-1,161.101,171.76036342182653,-10498.262421826526,157.684,tempo,0.32056323297911204,0.30112396237729466,192,48.0,10.659363421826527
SOL,2024-09-17 16:00:00+00:00,2024-09-17 16:00:00+00:00,2024-09-18 15:30:00+00:00,1,134.605,127.59172759624482,7147.877403755167,127.59172759624482,stop,-1.0,-1.024300763342132,94,23.5,7.013272403755167
SOL,2024-09-19 16:00:00+00:00,2024-09-19 16:00:00+00:00,2024-09-20 07:00:00+00:00,-1,142.893,150.41166418983084,-7375.7711898308435,150.41166418983084,stop,-1.0,-1.0253566360871982,60,15.0,7.518664189830844
SOL,2024-09-20 07:00:00+00:00,2024-09-20 07:00:00+00:00,2024-09-22 07:00:00+00:00,-1,151.344,159.55082668335407,-8055.48268335408,146.481,tempo,0.592555464813657,0.5689670234502429,192,48.0,8.20682668335408
SOL,2024-10-03 09:00:00+00:00,2024-10-03 09:00:00+00:00,2024-10-05 09:00:00+00:00,1,136.043,128.69674700313942,7482.295996860585,144.419,tempo,1.1401730928106453,1.1153576800991711,192,48.0,7.346252996860585
SOL,2024-10-15 23:00:00+00:00,2024-10-15 23:00:00+00:00,2024-10-17 23:00:00+00:00,1,152.93,144.71311600706412,8369.813992935891,150.83,tempo,-0.2555713335864761,-0.2796003937715467,192,48.0,8.216883992935891
SOL,2024-10-20 05:00:00+00:00,2024-10-20 05:00:00+00:00,2024-10-20 23:00:00+00:00,-1,159.4,167.17712622495483,-7617.726224954828,167.17712622495483,stop,-1.0,-1.0272948034924627,72,18.0,7.777126224954827
SOL,2024-10-21 01:00:00+00:00,2024-10-21 01:00:00+00:00,2024-10-23 01:00:00+00:00,-1,168.78,177.08090455716393,-8132.124557163933,166.09,tempo,0.3240610684625263,0.2978391671623664,192,48.0,8.300904557163932
SOL,2024-10-23 20:00:00+00:00,2024-10-23 20:00:00+00:00,2024-10-25 20:00:00+00:00,-1,173.03,182.1451917653006,-8942.161765300607,167.9,tempo,0.5627967169630703,0.5384851604203329,192,48.0,9.115191765300608
SOL,2024-10-25 23:00:00+00:00,2024-10-25 23:00:00+00:00,2024-10-27 23:00:00+00:00,1,163.73,154.91564879002345,8978.081209976535,177.69,tempo,1.58378077608246,1.5586033132478936,192,48.0,8.814351209976536
SOL,2024-10-29 20:00:00+00:00,2024-10-29 20:00:00+00:00,2024-10-31 18:15:00+00:00,1,178.14,169.1720448494952,9146.095150504792,169.1720448494952,stop,-1.0,-1.0251732781178622,185,46.25,8.967955150504793
SOL,2024-11-06 08:00:00+00:00,2024-11-06 08:00:00+00:00,2024-11-07 17:45:00+00:00,-1,184.07,195.12493905506022,-10870.869055060231,195.12493905506022,stop,-1.0,-1.0222956191036592,135,33.75,11.054939055060231
SOL,2024-11-07 21:00:00+00:00,2024-11-07 21:00:00+00:00,2024-11-09 21:00:00+00:00,-1,197.19,209.01145113062552,-11624.261130625518,198.54,tempo,-0.11419917784057705,-0.13595830852239457,192,48.0,11.821451130625519
SOL,2024-11-11 22:00:00+00:00,2024-11-11 22:00:00+00:00,2024-11-12 14:00:00+00:00,1,219.06,205.48015279108262,13798.907208917384,205.48015279108262,stop,-1.0,-1.0203206335880566,64,16.0,13.579847208917386
SOL,2024-11-12 14:00:00+00:00,2024-11-12 14:00:00+00:00,2024-11-14 14:00:00+00:00,1,209.79,196.08539155282833,13914.398447171667,214.39,tempo,0.33565351521949793,0.3155349542943296,192,48.0,13.704608447171665
SOL,2024-11-17 05:00:00+00:00,2024-11-17 05:00:00+00:00,2024-11-19 05:00:00+00:00,-1,235.38,253.0313869551692,-17416.006955169214,240.03,tempo,-0.26343538962745655,-0.28094203093472814,192,48.0,17.651386955169215
SOL,2024-12-05 01:00:00+00:00,2024-12-05 01:00:00+00:00,2024-12-07 01:00:00+00:00,1,226.42,210.73751654366944,15908.903456330545,236.66,tempo,0.6529578066199987,0.6337642904375541,192,48.0,15.682483456330544
SOL,2024-12-17 01:00:00+00:00,2024-12-17 01:00:00+00:00,2024-12-19 01:00:00+00:00,1,211.63,197.81680151462413,14024.828485375863,208.09,tempo,-0.25627663308739224,-0.2760271637330522,192,48.0,13.813198485375864
SOL,2024-12-23 20:00:00+00:00,2024-12-23 20:00:00+00:00,2024-12-25 20:00:00+00:00,-1,187.33,202.26890782598522,-14751.57782598521,199.14,tempo,-0.7905531071995293,-0.8073686269768885,192,48.0,14.938907825985211
SOL,2025-01-02 14:00:00+00:00,2025-01-02 14:00:00+00:00,2025-01-04 14:00:00+00:00,-1,208.1,221.89435445092278,-13586.254450922781,216.91,tempo,-0.6386670743704611,-0.658693854237751,192,48.0,13.794354450922782
SOL,2025-01-16 12:00:00+00:00,2025-01-16 12:00:00+00:00,2025-01-18 03:30:00+00:00,-1,212.66,226.9273908234929,-14054.730823492917,226.9273908234929,stop,-1.0,-1.0200269136501665,158,39.5,14.267390823492917
SOL,2025-01-18 07:00:00+00:00,2025-01-18 07:00:00+00:00,2025-01-18 15:45:00+00:00,-1,236.17,253.24900268823222,-16842.83268823224,253.24900268823222,stop,-1.0,-1.018626518044086,35,8.75,17.079002688232237
SOL,2025-01-18 16:00:00+00:00,2025-01-18 16:00:00+00:00,2025-01-19 09:15:00+00:00,-1,257.68,278.1402338907798,-20202.553890779818,278.1402338907798,stop,-1.0,-1.0170224423576095,69,17.25,20.46023389077982
SOL,2025-01-19 10:00:00+00:00,2025-01-19 10:00:00+00:00,2025-01-21 10:00:00+00:00,-1,273.77,299.5799778095694,-25536.20780956943,238.32,tempo,1.3734998248179964,1.360603320122956,192,48.0,25.809977809569432
SOL,2025-02-18 07:00:00+00:00,2025-02-18 07:00:00+00:00,2025-02-20 07:00:00+00:00,1,165.28,152.51306401629162,12932.21598370838,171.71,tempo,0.5036447279288622,0.4864876355552874,192,48.0,12.766935983708379
SOL,2025-02-24 09:00:00+00:00,2025-02-24 09:00:00+00:00,2025-02-24 22:15:00+00:00,1,157.88,146.68522245894283,11352.657541057162,146.68522245894283,stop,-1.0,-1.017683906077835,53,13.25,11.194777541057164
SOL,2025-02-24 23:00:00+00:00,2025-02-24 23:00:00+00:00,2025-02-26 23:00:00+00:00,1,140.17,129.24556916083736,11064.600839162626,135.71,tempo,-0.4082592553940179,-0.4246740235993467,192,48.0,10.924430839162625
SOL,2025-02-28 09:00:00+00:00,2025-02-28 09:00:00+00:00,2025-02-28 14:15:00+00:00,-1,130.94,142.07845292719364,-11007.51292719364,142.07845292719364,stop,-1.0,-1.0159323736934254,21,5.25,11.13845292719364
SOL,2025-02-28 15:00:00+00:00,2025-02-28 15:00:00+00:00,2025-03-02 15:00:00+00:00,-1,144.3,157.08688296765672,-12642.58296765671,140.69,tempo,0.28232056312169196,0.2678335688738712,192,48.0,12.786882967656709
BNB,2023-01-04 18:00:00+00:00,2023-01-04 18:00:00+00:00,2023-01-06 18:00:00+00:00,-1,259.45,268.47795572172606,-8768.505721726073,258.26,tempo,0.13181278649121234,0.09453840119597058,192,48.0,9.027955721726073
BNB,2023-01-08 23:00:00+00:00,2023-01-08 23:00:00+00:00,2023-01-09 01:45:00+00:00,-1,271.7,280.47943428544096,-8507.734285440969,280.47943428544096,stop,-1.0,-1.0408815215896918,11,2.75,8.77943428544097
BNB,2023-01-09 02:00:00+00:00,2023-01-09 02:00:00+00:00,2023-01-11 02:00:00+00:00,-1,278.2,287.4210756723557,-8942.875672355709,276.77,tempo,0.155079521176371,0.11595930214580272,192,48.0,9.22107567235571
BNB,2023-01-12 11:00:00+00:00,2023-01-12 11:00:00+00:00,2023-01-14 11:00:00+00:00,1,283.16,273.5264032502487,9916.756749751348,302.99,tempo,2.0584212226354413,2.0188723905743697,192,48.0,9.633596749751348
BNB,2023-01-15 07:00:00+00:00,2023-01-15 07:00:00+00:00,2023-01-17 07:00:00+00:00,1,297.28,285.03200511152943,12545.274888470545,298.32,tempo,0.08491185777510472,0.053303418718322615,192,48.0,12.247994888470544
BNB,2023-01-24 04:00:00+00:00,2023-01-24 04:00:00+00:00,2023-01-26 04:00:00+00:00,-1,322.34,336.61948088130356,-13957.140881303585,305.76,tempo,1.1611066353055255,1.1325156099458746,192,48.0,14.279480881303584
BNB,2023-02-02 06:00:00+00:00,2023-02-02 06:00:00+00:00,2023-02-04 06:00:00+00:00,-1,331.28,345.2864227490655,-13675.142749065506,328.91,tempo,0.16920808706549081,0.13857046404867657,192,48.0,14.006422749065507
BNB,2023-02-13 10:00:00+00:00,2023-02-13 10:00:00+00:00,2023-02-15 10:00:00+00:00,1,290.84,277.86187351288294,13268.966487117039,298.13,tempo,0.5617143589436091,0.5322162260366735,192,48.0,12.978126487117038
BNB,2023-03-13 04:00:00+00:00,2023-03-13 04:00:00+00:00,2023-03-15 04:00:00+00:00,1,286.44,274.74027627028005,11986.16372971995,309.96,tempo,2.010303879249204,1.9771697635251502,192,48.0,11.699723729719949
BNB,2023-03-16 16:00:00+00:00,2023-03-16 16:00:00+00:00,2023-03-18 01:15:00+00:00,-1,326.21,344.2650408450714,-17728.830845071403,344.2650408450714,stop,-1.0,-1.0241377895674084,133,33.25,18.055040845071403
BNB,2023-03-27 18:00:00+00:00,2023-03-27 18:00:00+00:00,2023-03-29 18:00:00+00:00,1,306.22,291.58227174172407,14943.948258275956,315.99,tempo,0.6674532979170568,0.6398235665226829,192,48.0,14.637728258275956
BNB,2023-04-12 07:00:00+00:00,2023-04-12 07:00:00+00:00,2023-04-14 07:00:00+00:00,1,318.85,308.1467229755999,11022.127024400108,334.26,tempo,1.4397459735808025,1.4000832143125685,192,48.0,10.703277024400109
BNB,2023-04-16 15:00:00+00:00,2023-04-16 15:00:00+00:00,2023-04-18 15:00:00+00:00,-1,346.9,358.26414340474867,-11017.243404748688,343.28,tempo,0.3185457866087232,0.2790692520366112,192,48.0,11.364143404748688
BNB,2023-04-19 07:00:00+00:00,2023-04-19 07:00:00+00:00,2023-04-19 08:30:00+00:00,1,336.0,324.90418088641866,11431.819113581343,324.90418088641866,stop,-1.0,-1.0387161788759114,6,1.5,11.095819113581342
BNB,2023-04-19 09:00:00+00:00,2023-04-19 09:00:00+00:00,2023-04-20 18:30:00+00:00,1,327.83,316.20839093893215,11949.43906106783,316.20839093893215,stop,-1.0,-1.036021255913064,134,33.5,11.62160906106783
BNB,2023-04-28 06:00:00+00:00,2023-04-28 06:00:00+00:00,2023-04-30 06:00:00+00:00,1,324.92,311.93209527807574,13312.82472192428,322.15,tempo,-0.21327535574880913,-0.2456589856725806,192,48.0,12.98790472192428
BNB,2023-04-30 21:00:00+00:00,2023-04-30 21:00:00+00:00,2023-05-02 21:00:00+00:00,-1,334.94,347.93241460382217,-12657.47460382217,322.88,tempo,0.9282339247742398,0.8953237219337138,192,48.0,12.99241460382217
BNB,2023-05-02 22:00:00+00:00,2023-05-02 22:00:00+00:00,2023-05-04 22:00:00+00:00,1,321.21,309.3432578477734,12187.952152226606,323.45,tempo,0.1887628441964342,0.153451636231797,192,48.0,11.866742152226607
BNB,2023-06-05 16:00:00+00:00,2023-06-05 16:00:00+00:00,2023-06-07 14:30:00+00:00,1,275.75,263.57887465090806,12446.875349091937,263.57887465090806,stop,-1.0,-1.0288029051109266,186,46.5,12.171125349091938
BNB,2023-06-07 15:00:00+00:00,2023-06-07 15:00:00+00:00,2023-06-09 15:00:00+00:00,1,256.44,243.4092516471039,13287.188352896097,262.19,tempo,0.44126398916467885,0.4153936791202771,192,48.0,13.030748352896097
BNB,2023-06-10 05:00:00+00:00,2023-06-10 05:00:00+00:00,2023-06-12 03:00:00+00:00,1,237.86,224.76961473390887,13328.245266091148,224.76961473390887,stop,-1.0,-1.022971764655085,184,46.0,13.090385266091147
BNB,2023-06-12 03:00:00+00:00,2023-06-12 03:00:00+00:00,2023-06-14 03:00:00+00:00,1,223.98,211.16375717921002,13040.222820789966,249.21,tempo,1.9685956604281076,1.94459693441294,192,48.0,12.816242820789967
BNB,2023-06-14 03:00:00+00:00,2023-06-14 03:00:00+00:00,2023-06-16 03:00:00+00:00,-1,249.21,264.3489529071652,-14889.742907165191,237.57,tempo,0.7688774825695416,0.7479772920517254,192,48.0,15.13895290716519
BNB,2023-06-20 19:00:00+00:00,2023-06-20 19:00:00+00:00,2023-06-22 19:00:00+00:00,1,243.29,230.4150328029708,13118.25719702918,244.53,tempo,0.09631092499296866,0.07168305642075475,192,48.0,12.874967197029179
BNB,2023-07-10 15:00:00+00:00,2023-07-10 15:00:00+00:00,2023-07-12 15:00:00+00:00,-1,244.63,254.33251203799858,-9457.882037998588,246.73,tempo,-0.21643879355940254,-0.2493564543413913,192,48.0,9.702512037998588
BNB,2023-08-02 17:00:00+00:00,2023-08-02 17:00:00+00:00,2023-08-04 17:00:00+00:00,1,237.44,230.8723582054902,6805.081794509796,243.3,tempo,0.8922532901990279,0.8446744164149524,192,48.0,6.567641794509797
BNB,2023-08-18 16:00:00+00:00,2023-08-18 16:00:00+00:00,2023-08-20 16:00:00+00:00,-1,216.74,224.31743938037926,-7360.699380379247,216.08,tempo,0.08710066380853897,0.04997295009452712,192,48.0,7.577439380379246
BNB,2023-08-21 11:00:00+00:00,2023-08-21 11:00:00+00:00,2023-08-23 11:00:00+00:00,1,208.65,201.5159748086348,7342.675191365197,214.69,tempo,0.8466468561550107,0.8080752233644427,192,48.0,7.134025191365197
BNB,2023-08-23 12:00:00+00:00,2023-08-23 12:00:00+00:00,2023-08-25 12:00:00+00:00,-1,214.65,222.34239370272013,-7477.743702720125,216.17,tempo,-0.19759779058922727,-0.23400167354453894,192,48.0,7.692393702720125
BNB,2023-09-11 12:00:00+00:00,2023-09-11 12:00:00+00:00,2023-09-13 12:00:00+00:00,1,206.89,201.17593576016975,5920.9542398302365,212.14,tempo,0.9187856103199807,0.8711191003599716,192,48.0,5.714064239830236
BNB,2023-10-02 14:00:00+00:00,2023-10-02 14:00:00+00:00,2023-10-02 18:45:00+00:00,1,219.18,214.09316388012184,5306.016119878172,214.09316388012184,stop,-1.0,-1.0553639924473965,19,4.75,5.086836119878171
BNB,2023-10-09 18:00:00+00:00,2023-10-09 18:00:00+00:00,2023-10-11 18:00:00+00:00,1,206.22,201.7825603592649,4643.659640735107,205.28,tempo,-0.21183386729836784,-0.2721107435277626,192,48.0,4.437439640735107
BNB,2023-10-17 15:00:00+00:00,2023-10-17 15:00:00+00:00,2023-10-19 15:00:00+00:00,1,210.81,206.25086860109027,4769.9413989097275,211.27,tempo,0.10089641200295578,0.04072003716418524,192,48.0,4.559131398909727
BNB,2023-10-24 05:00:00+00:00,2023-10-24 05:00:00+00:00,2023-10-24 15:45:00+00:00,1,231.06,223.93680494444231,7354.255055557688,223.93680494444231,stop,-1.0,-1.041518998273554,43,10.75,7.123195055557687
BNB,2023-10-24 16:00:00+00:00,2023-10-24 16:00:00+00:00,2023-10-26 16:00:00+00:00,1,224.02,216.5140139434851,7730.0060565149,221.15,tempo,-0.382361488336227,-0.42091211950198126,192,48.0,7.5059860565148995
BNB,2023-11-04 18:00:00+00:00,2023-11-04 18:00:00+00:00,2023-11-05 07:45:00+00:00,-1,237.11,244.54930838904636,-7202.198389046346,244.54930838904636,stop,-1.0,-1.042084362427273,55,13.75,7.439308389046346
BNB,2023-11-05 08:00:00+00:00,2023-11-05 08:00:00+00:00,2023-11-06 13:15:00+00:00,-1,244.67,252.4947648126095,-7580.094812609515,252.4947648126095,stop,-1.0,-1.0412992728685508,117,29.25,7.824764812609516
BNB,2023-11-06 14:00:00+00:00,2023-11-06 14:00:00+00:00,2023-11-08 14:00:00+00:00,-1,249.5,257.80647478859566,-8056.974788595664,246.73,tempo,0.3334747977328564,0.294643704133097,192,48.0,8.306474788595665
BNB,2023-11-11 05:00:00+00:00,2023-11-11 05:00:00+00:00,2023-11-13 05:00:00+00:00,1,247.87,238.6016127684587,9516.257231541313,244.95,tempo,-0.3150494176659931,-0.34961130982667804,192,48.0,9.268387231541311
BNB,2023-11-15 14:00:00+00:00,2023-11-15 14:00:00+00:00,2023-11-17 14:00:00+00:00,-1,253.91,264.09922500535345,-9935.31500535345,243.41,tempo,1.0305003564533386,0.9987748817651106,192,48.0,10.18922500535345
BNB,2023-11-20 18:00:00+00:00,2023-11-20 18:00:00+00:00,2023-11-22 18:00:00+00:00,-1,261.26,272.8943490275082,-11373.089027508222,232.9,tempo,2.437609524430261,2.410001275851802,192,48.0,11.634349027508222
BNB,2023-12-05 23:00:00+00:00,2023-12-05 23:00:00+00:00,2023-12-07 23:00:00+00:00,1,230.64,220.69484240933218,10175.797590667804,232.28,tempo,0.1649043753252271,0.13464864561387968,192,48.0,9.945157590667804
BNB,2023-12-11 14:00:00+00:00,2023-12-11 14:00:00+00:00,2023-12-12 15:15:00+00:00,-1,245.16,255.8781293532958,-10472.969353295808,255.8781293532958,stop,-1.0,-1.0303854127287144,101,25.25,10.718129353295808
BNB,2023-12-12 20:00:00+00:00,2023-12-12 20:00:00+00:00,2023-12-14 20:00:00+00:00,-1,255.11,266.8105894605943,-11445.4794605943,251.87,tempo,0.2769091258959052,0.24874498928468342,192,48.0,11.700589460594301
BNB,2023-12-19 19:00:00+00:00,2023-12-19 19:00:00+00:00,2023-12-21 08:30:00+00:00,-1,252.48,262.9447792703441,-10212.29927034411,262.9447792703441,stop,-1.0,-1.032014636703819,150,37.5,10.46477927034411
BNB,2023-12-21 15:00:00+00:00,2023-12-21 15:00:00+00:00,2023-12-23 15:00:00+00:00,-1,273.44,285.06714422674196,-11353.704226741962,268.9,tempo,0.39046561317767126,0.3601468183708419,192,48.0,11.627144226741962
BNB,2023-12-26 09:00:00+00:00,2023-12-26 09:00:00+00:00,2023-12-26 12:00:00+00:00,-1,277.83,289.74148852521773,-11633.658525217748,289.74148852521773,stop,-1.0,-1.030971903029613,12,3.0,11.911488525217749
BNB,2023-12-26 12:00:00+00:00,2023-12-26 12:00:00+00:00,2023-12-27 10:45:00+00:00,-1,289.78,304.42633740015646,-14356.557400156482,304.42633740015646,stop,-1.0,-1.0263706965610375,91,22.75,14.646337400156483
BNB,2023-12-28 00:00:00+00:00,2023-12-28 00:00:00+00:00,2023-12-30 00:00:00+00:00,-1,323.75,342.3660177476883,-18292.26774768832,313.29,tempo,0.5618817161526863,0.5396387205984187,192,48.0,18.616017747688318
BNB,2024-01-03 16:00:00+00:00,2024-01-03 16:00:00+00:00,2024-01-05 16:00:00+00:00,-1,317.05,335.4178863269667,-18050.8363269667,313.36,tempo,0.20089410040514827,0.17858524609792165,192,48.0,18.367886326966698
BNB,2024-01-24 05:00:00+00:00,2024-01-24 05:00:00+00:00,2024-01-26 05:00:00+00:00,1,293.35,280.24892706336385,13394.422936636172,293.71,tempo,0.027478665430007928,-0.0016478802999158257,192,48.0,13.101072936636172
BNB,2024-02-15 10:00:00+00:00,2024-02-15 10:00:00+00:00,2024-02-15 14:30:00+00:00,-1,344.97,355.0067107698025,-9691.740769802484,355.0067107698025,stop,-1.0,-1.0453320686862162,18,4.5,10.036710769802482
BNB,2024-02-15 15:00:00+00:00,2024-02-15 15:00:00+00:00,2024-02-17 15:00:00+00:00,-1,363.41,375.32666878746494,-11553.258787464914,349.68,tempo,1.1521676271176169,1.1132718158580506,192,48.0,11.916668787464914
BNB,2024-02-21 13:00:00+00:00,2024-02-21 13:00:00+00:00,2024-02-22 01:00:00+00:00,-1,371.44,385.80367970077134,-13992.239700771343,385.80367970077134,stop,-1.0,-1.0342675694570849,48,12.0,14.363679700771343
BNB,2024-02-22 01:00:00+00:00,2024-02-22 01:00:00+00:00,2024-02-24 01:00:00+00:00,-1,384.25,399.45674302461254,-14822.493024612535,376.64,tempo,0.5004358913465571,0.4679122602705593,192,48.0,15.206743024612535
BNB,2024-02-27 14:00:00+00:00,2024-02-27 14:00:00+00:00,2024-02-29 14:00:00+00:00,1,397.47,381.82317495908694,16044.295040913084,409.56,tempo,0.7726807175505077,0.7391550982233686,192,48.0,15.646825040913086
BNB,2024-03-06 20:00:00+00:00,2024-03-06 20:00:00+00:00,2024-03-07 16:00:00+00:00,-1,424.66,451.0488182875722,-25964.15828757218,451.0488182875722,stop,-1.0,-1.0215701486017277,80,20.0,26.388818287572178
BNB,2024-03-07 17:00:00+00:00,2024-03-07 17:00:00+00:00,2024-03-08 13:15:00+00:00,-1,457.5,485.6358317865582,-27678.331786558185,485.6358317865582,stop,-1.0,-1.0217885255823196,81,20.25,28.135831786558185
BNB,2024-03-08 14:00:00+00:00,2024-03-08 14:00:00+00:00,2024-03-10 09:00:00+00:00,-1,483.12,512.5286807532032,-28925.560753203157,512.5286807532032,stop,-1.0,-1.0220061432854002,172,43.0,29.408680753203157
BNB,2024-03-10 11:00:00+00:00,2024-03-10 11:00:00+00:00,2024-03-12 11:00:00+00:00,-1,536.87,570.410291047093,-33003.421047092976,528.13,tempo,0.2605821156330582,0.2399427598496504,192,48.0,33.54029104709298
BNB,2024-03-13 11:00:00+00:00,2024-03-13 11:00:00+00:00,2024-03-13 23:15:00+00:00,-1,587.03,625.021522756561,-37404.49275656104,625.021522756561,stop,-1.0,-1.0207370863979308,49,12.25,37.99152275656104
BNB,2024-03-14 00:00:00+00:00,2024-03-14 00:00:00+00:00,2024-03-16 00:00:00+00:00,-1,631.01,673.0523298129389,-41411.31981293887,633.01,tempo,-0.047571102955014724,-0.06711362126110398,192,48.0,42.042329812938874
BNB,2024-03-29 21:00:00+00:00,2024-03-29 21:00:00+00:00,2024-03-31 21:00:00+00:00,-1,614.33,655.873398122608,-40929.06812260798,606.49,tempo,0.18871831275962694,0.1696170106066825,192,48.0,41.54339812260798
BNB,2024-05-09 00:00:00+00:00,2024-05-09 00:00:00+00:00,2024-05-11 00:00:00+00:00,-1,588.22,615.308891703382,-26500.67170338193,585.26,tempo,0.10926988200224128,0.08111214087528434,192,48.0,27.088891703381933
BNB,2024-05-15 09:00:00+00:00,2024-05-15 09:00:00+00:00,2024-05-17 09:00:00+00:00,1,566.03,543.8932814598054,22702.748540194578,574.75,tempo,0.3939156557538893,0.3604189566539927,192,48.0,22.13671854019458
BNB,2024-05-21 08:00:00+00:00,2024-05-21 08:00:00+00:00,2024-05-23 08:00:00+00:00,-1,630.89,656.3538651400013,-24832.975140001305,615.1,tempo,0.6200943931012021,0.5882887934584465,192,48.0,25.463865140001303
BNB,2024-06-03 09:00:00+00:00,2024-06-03 09:00:00+00:00,2024-06-04 10:45:00+00:00,-1,628.0,647.8508156605672,-19222.81566056715,647.8508156605672,stop,-1.0,-1.0417767735270822,103,25.75,19.85081566056715
BNB,2024-06-04 15:00:00+00:00,2024-06-04 15:00:00+00:00,2024-06-04 22:45:00+00:00,-1,663.32,686.5405476131655,-22557.22761316542,686.5405476131655,stop,-1.0,-1.03778590283767,31,7.75,23.220547613165422
BNB,2024-06-04 23:00:00+00:00,2024-06-04 23:00:00+00:00,2024-06-05 01:30:00+00:00,-1,682.95,706.9583545442199,-23325.404544219855,706.9583545442199,stop,-1.0,-1.0376302519520753,10,2.5,24.008354544219856
BNB,2024-06-05 02:00:00+00:00,2024-06-05 02:00:00+00:00,2024-06-07 02:00:00+00:00,-1,705.49,731.0366251815276,-24841.13518152759,703.49,tempo,0.07828822734073589,0.04243859970920712,192,48.0,25.546625181527588
BNB,2024-06-10 07:00:00+00:00,2024-06-10 07:00:00+00:00,2024-06-10 21:00:00+00:00,1,650.59,625.849451570733,25391.138429267052,625.849451570733,stop,-1.0,-1.0335354588396874,56,14.0,24.74054842926705
BNB,2024-06-10 21:00:00+00:00,2024-06-10 21:00:00+00:00,2024-06-12 01:45:00+00:00,1,620.43,593.320016769459,27730.413230540933,593.320016769459,stop,-1.0,-1.029101364769985,115,28.75,27.109983230540934
BNB,2024-07-04 03:00:00+00:00,2024-07-04 03:00:00+00:00,2024-07-04 13:00:00+00:00,1,538.81,519.9258738304825,19422.93616951746,519.9258738304825,stop,-1.0,-1.036442158446318,40,10.0,18.884126169517458
BNB,2024-07-04 13:00:00+00:00,2024-07-04 13:00:00+00:00,2024-07-05 03:00:00+00:00,1,517.56,499.1192331699196,18958.32683008035,499.1192331699196,stop,-1.0,-1.0358359013835852,56,14.0,18.44076683008035
BNB,2024-07-05 03:00:00+00:00,2024-07-05 03:00:00+00:00,2024-07-05 04:30:00+00:00,1,477.82,455.29739919736096,23000.420802639033,455.29739919736096,stop,-1.0,-1.0269296745430578,6,1.5,22.522600802639033
BNB,2024-07-05 05:00:00+00:00,2024-07-05 05:00:00+00:00,2024-07-07 05:00:00+00:00,1,470.02,447.5289209743979,22961.099025602063,511.38,tempo,1.838951343904802,1.810588542846042,192,48.0,22.491079025602062
BNB,2024-07-31 00:00:00+00:00,2024-07-31 00:00:00+00:00,2024-08-02 00:00:00+00:00,-1,588.32,609.8152315827643,-20906.91158276429,575.37,tempo,0.6024591989222324,0.5672700688545894,192,48.0,21.49523158276429
BNB,2024-08-04 16:00:00+00:00,2024-08-04 16:00:00+00:00,2024-08-05 01:00:00+00:00,1,501.94,480.4297456690129,22012.194330987095,480.4297456690129,stop,-1.0,-1.029685392132486,36,9.0,21.510254330987095
BNB,2024-08-05 01:00:00+00:00,2024-08-05 01:00:00+00:00,2024-08-05 01:15:00+00:00,1,476.76,453.8330033524153,23403.7566475847,453.8330033524153,stop,-1.0,-1.0263831090254376,1,0.25,22.9269966475847
BNB,2024-08-05 02:00:00+00:00,2024-08-05 02:00:00+00:00,2024-08-05 05:15:00+00:00,1,452.7,428.32441340277035,24828.286597229642,428.32441340277035,stop,-1.0,-1.0234934189758897,13,3.25,24.375586597229642
BNB,2024-08-05 06:00:00+00:00,2024-08-05 06:00:00+00:00,2024-08-05 06:30:00+00:00,1,433.48,409.6046896072188,24308.790392781215,409.6046896072188,stop,-1.0,-1.0229527926225572,2,0.5,23.875310392781216
BNB,2024-08-05 07:00:00+00:00,2024-08-05 07:00:00+00:00,2024-08-07 07:00:00+00:00,1,422.64,398.8744803566952,24188.1596433048,490.88,tempo,2.8713868252918475,2.846401552135101,192,48.0,23.7655196433048
BNB,2024-08-17 20:00:00+00:00,2024-08-17 20:00:00+00:00,2024-08-19 20:00:00+00:00,-1,544.63,575.4562639918217,-30281.633991821745,553.3,tempo,-0.28125367388990513,-0.3044045331763024,192,48.0,30.826263991821747
BNB,2024-08-19 20:00:00+00:00,2024-08-19 20:00:00+00:00,2024-08-21 20:00:00+00:00,-1,553.3,582.6081803731048,-28754.880373104847,571.3,tempo,-0.6141630005975399,-0.6391045012534731,192,48.0,29.308180373104847
BNB,2024-08-22 14:00:00+00:00,2024-08-22 14:00:00+00:00,2024-08-24 14:00:00+00:00,-1,587.99,617.9283266300852,-29350.336630085156,581.88,tempo,0.2040862228371858,0.17868682395308602,192,48.0,29.938326630085157
BNB,2024-08-24 14:00:00+00:00,2024-08-24 14:00:00+00:00,2024-08-26 14:00:00+00:00,1,581.88,553.5514443526845,28910.435647315513,562.12,tempo,-0.6975293850490574,-0.7237785171706403,192,48.0,28.32855564731551
BNB,2024-09-03 07:00:00+00:00,2024-09-03 07:00:00+00:00,2024-09-05 07:00:00+00:00,-1,533.39,557.4215331743072,-23498.143174307243,504.54,tempo,1.200506009780694,1.1724322911749545,192,48.0,24.031533174307242
BNB,2024-09-12 01:00:00+00:00,2024-09-12 01:00:00+00:00,2024-09-14 01:00:00+00:00,-1,538.47,562.2294845658563,-23221.01456585627,556.47,tempo,-0.7575921922930526,-0.7875470087802238,192,48.0,23.75948456585627
BNB,2024-09-16 23:00:00+00:00,2024-09-16 23:00:00+00:00,2024-09-18 23:00:00+00:00,1,529.87,508.63111735139023,21768.752648609774,552.07,tempo,1.0452527266754865,1.0121407682153727,192,48.0,21.238882648609774
BNB,2024-09-21 10:00:00+00:00,2024-09-21 10:00:00+00:00,2024-09-23 10:00:00+00:00,-1,587.37,610.0764044251482,-22119.03442514821,592.64,tempo,-0.23209310912137443,-0.2658724114555877,192,48.0,22.706404425148207
BNB,2024-09-23 17:00:00+00:00,2024-09-23 17:00:00+00:00,2024-09-25 17:00:00+00:00,-1,607.01,630.0140742528689,-22397.06425286892,593.47,tempo,0.58859138825425,0.5546707883021487,192,48.0,23.004074252868918
BNB,2024-10-08 19:00:00+00:00,2024-10-08 19:00:00+00:00,2024-10-10 19:00:00+00:00,-1,580.17,601.0743119667434,-20324.141966743424,557.96,tempo,1.0624602252077808,1.0270711389189366,192,48.0,20.90431196674342
BNB,2024-10-30 01:00:00+00:00,2024-10-30 01:00:00+00:00,2024-10-31 08:15:00+00:00,1,602.65,586.1999754130809,17052.674586919085,586.1999754130809,stop,-1.0,-1.0469757646826248,125,31.25,16.450024586919085
BNB,2024-10-31 09:00:00+00:00,2024-10-31 09:00:00+00:00,2024-11-01 16:00:00+00:00,1,584.3,568.5546767995315,16329.623200468419,568.5546767995315,stop,-1.0,-1.0475922615483308,124,31.0,15.74532320046842
BNB,2024-11-07 04:00:00+00:00,2024-11-07 04:00:00+00:00,2024-11-09 01:45:00+00:00,-1,605.43,625.3931125911776,-19357.682591177603,625.3931125911776,stop,-1.0,-1.0400756655321288,183,45.75,19.963112591177605
BNB,2024-11-09 02:00:00+00:00,2024-11-09 02:00:00+00:00,2024-11-11 02:00:00+00:00,-1,628.5,652.2357539311712,-23107.253931171188,640.47,tempo,-0.5043024980251551,-0.5390530478662025,192,48.0,23.73575393117119
BNB,2024-11-11 12:00:00+00:00,2024-11-11 12:00:00+00:00,2024-11-13 04:45:00+00:00,1,626.72,601.1724041214037,26174.315878596328,601.1724041214037,stop,-1.0,-1.0312409068341175,163,40.75,25.547595878596326
BNB,2024-11-13 05:00:00+00:00,2024-11-13 05:00:00+00:00,2024-11-15 05:00:00+00:00,1,606.39,577.0008491237264,29995.54087627356,612.31,tempo,0.20143487727572595,0.17448088315269322,192,48.0,29.38915087627356
BNB,2024-11-23 08:00:00+00:00,2024-11-23 08:00:00+00:00,2024-11-25 08:00:00+00:00,-1,664.61,699.3107072953237,-34036.09729532369,661.75,tempo,0.0824190693192421,0.057574215505089954,192,48.0,34.700707295323696
BNB,2024-12-03 19:00:00+00:00,2024-12-03 19:00:00+00:00,2024-12-03 21:00:00+00:00,-1,678.45,715.8893425642057,-36760.89256420562,715.8893425642057,stop,-1.0,-1.0242077053332992,8,2.0,37.43934256420562
BNB,2024-12-03 21:00:00+00:00,2024-12-03 21:00:00+00:00,2024-12-04 00:30:00+00:00,-1,714.2,755.4687413800987,-40554.54138009862,755.4687413800987,stop,-1.0,-1.0231478995954488,14,3.5,41.26874138009862
BNB,2024-12-04 01:00:00+00:00,2024-12-04 01:00:00+00:00,2024-12-06 01:00:00+00:00,-1,760.3,807.4814910001232,-46421.19100012328,730.89,tempo,0.6233376558600727,0.6027941444225586,192,48.0,47.18149100012329
BNB,2024-12-23 19:00:00+00:00,2024-12-23 19:00:00+00:00,2024-12-25 19:00:00+00:00,-1,680.94,724.2571742916947,-42636.234291694636,702.56,tempo,-0.499109195221563,-0.519869436735572,192,48.0,43.31717429169464
BNB,2025-01-18 06:00:00+00:00,2025-01-18 06:00:00+00:00,2025-01-20 06:00:00+00:00,1,697.2,670.7981888288333,27099.01117116674,689.97,tempo,-0.2738448492463978,-0.30799631310447956,192,48.0,26.40181117116674
BNB,2025-02-02 18:00:00+00:00,2025-02-02 18:00:00+00:00,2025-02-02 22:45:00+00:00,1,621.64,599.1478714700648,23113.768529935143,599.1478714700648,stop,-1.0,-1.0352795474825534,19,4.75,22.492128529935144
BNB,2025-02-02 23:00:00+00:00,2025-02-02 23:00:00+00:00,2025-02-03 00:45:00+00:00,1,617.86,594.9682727616721,23509.587238327917,594.9682727616721,stop,-1.0,-1.0344376974741845,7,1.75,22.891727238327917
BNB,2025-02-03 01:00:00+00:00,2025-02-03 01:00:00+00:00,2025-02-03 02:00:00+00:00,1,603.73,580.5214081891882,23812.321810811867,580.5214081891882,stop,-1.0,-1.0331671745359567,4,1.0,23.208591810811868
BNB,2025-02-03 02:00:00+00:00,2025-02-03 02:00:00+00:00,2025-02-03 02:15:00+00:00,1,550.42,518.4614448934027,32508.97510659726,518.4614448934027,stop,-1.0,-1.0217398107287174,1,0.25,31.95855510659726
BNB,2025-02-03 03:00:00+00:00,2025-02-03 03:00:00+00:00,2025-02-05 03:00:00+00:00,1,541.8,510.14882989587005,32192.9701041299,574.54,tempo,1.034400936593748,1.0114753702525112,192,48.0,31.651170104129903
BNB,2025-02-08 17:00:00+00:00,2025-02-08 17:00:00+00:00,2025-02-10 17:00:00+00:00,-1,611.16,649.1879294362781,-37416.7694362781,610.62,tempo,0.014200089460690209,-0.006683429883447037,192,48.0,38.0279294362781
BNB,2025-02-12 19:00:00+00:00,2025-02-12 19:00:00+00:00,2025-02-14 19:00:00+00:00,-1,687.95,731.5228940105105,-42884.94401051049,667.47,tempo,0.47001697879098675,0.4497974588346698,192,48.0,43.57289401051048
BNB,2025-02-25 20:00:00+00:00,2025-02-25 20:00:00+00:00,2025-02-27 20:00:00+00:00,-1,619.3,652.4463261224184,-32527.026122418483,604.83,tempo,0.4365491350853856,0.41254392566756604,192,48.0,33.146326122418486
BNB,2025-03-02 21:00:00+00:00,2025-03-02 21:00:00+00:00,2025-03-03 15:00:00+00:00,1,618.11,586.0578132674514,32670.29673254865,586.0578132674514,stop,-1.0,-1.0244198339774744,72,18.0,32.05218673254865
BNB,2025-03-03 15:00:00+00:00,2025-03-03 15:00:00+00:00,2025-03-04 01:45:00+00:00,1,587.83,556.1504966914521,32267.333308547968,556.1504966914521,stop,-1.0,-1.0234721900658337,43,10.75,31.679503308547964
BNB,2025-03-09 18:00:00+00:00,2025-03-09 18:00:00+00:00,2025-03-10 19:15:00+00:00,1,551.92,523.5995576968278,28872.36230317217,523.5995576968278,stop,-1.0,-1.0246849150524966,101,25.25,28.32044230317217
BNB,2025-03-13 14:00:00+00:00,2025-03-13 14:00:00+00:00,2025-03-15 14:00:00+00:00,-1,584.06,616.9545236507998,-32310.4636507999,599.13,tempo,-0.45813096915399754,-0.481510955080053,192,48.0,32.8945236507999
BNB,2025-03-17 10:00:00+00:00,2025-03-17 10:00:00+00:00,2025-03-19 10:00:00+00:00,-1,636.82,669.6728489118499,-32216.028911849833,614.39,tempo,0.6827413981717029,0.6579859651746378,192,48.0,32.85284891184983
XRP,2023-01-03 02:00:00+00:00,2023-01-03 02:00:00+00:00,2023-01-05 02:00:00+00:00,-1,0.344,0.35846023744658817,-14.1162374465882,0.345,tempo,-0.06915515763096577,-0.10012629497599376,192,48.0,0.014460237446588198
XRP,2023-01-11 15:00:00+00:00,2023-01-11 15:00:00+00:00,2023-01-13 15:00:00+00:00,-1,0.3722,0.3889630155089315,-16.3908155089315,0.3717,tempo,0.02982756889615687,0.0009822218437504707,192,48.0,0.0167630155089315
XRP,2023-01-23 21:00:00+00:00,2023-01-23 21:00:00+00:00,2023-01-25 21:00:00+00:00,-1,0.4293,0.45164573249950524,-21.91643249950522,0.4144,tempo,0.6667939840562371,0.6422521615846694,192,48.0,0.022345732499505222
XRP,2023-02-16 11:00:00+00:00,2023-02-16 11:00:00+00:00,2023-02-17 00:15:00+00:00,1,0.4001,0.38295754165311924,17.54255834688077,0.38295754165311924,stop,-1.0,-1.0296916225068233,53,13.25,0.017142458346880773
XRP,2023-03-07 16:00:00+00:00,2023-03-07 16:00:00+00:00,2023-03-08 13:15:00+00:00,-1,0.3785,0.39338657042844916,-14.508070428449152,0.39338657042844916,stop,-1.0,-1.0337032813024323,85,21.25,0.014886570428449153
XRP,2023-03-08 14:00:00+00:00,2023-03-08 14:00:00+00:00,2023-03-10 14:00:00+00:00,-1,0.3952,0.4114445692657571,-15.849369265757126,0.3708,tempo,1.5020404419976934,1.4713901987161093,192,48.0,0.016244569265757125
XRP,2023-03-13 02:00:00+00:00,2023-03-13 02:00:00+00:00,2023-03-15 02:00:00+00:00,1,0.37,0.35225796212743005,18.11203787256995,0.3734,tempo,0.19163525770940773,0.16439994215712464,192,48.0,0.01774203787256995
XRP,2023-03-20 11:00:00+00:00,2023-03-20 11:00:00+00:00,2023-03-22 11:00:00+00:00,1,0.3812,0.3623193501517465,19.261849848253494,0.45,tempo,3.643942372373597,3.6153268318947305,192,48.0,0.018880649848253495
XRP,2023-03-22 11:00:00+00:00,2023-03-22 11:00:00+00:00,2023-03-24 11:00:00+00:00,-1,0.45,0.4816103292897883,-31.160329289788297,0.4311,tempo,0.5979058246035313,0.5797878545327476,192,48.0,0.0316103292897883
XRP,2023-03-25 15:00:00+00:00,2023-03-25 15:00:00+00:00,2023-03-27 15:00:00+00:00,-1,0.4594,0.495612121585969,-35.752721585969034,0.4626,tempo,-0.0883681999245227,-0.10491790686663703,192,48.0,0.03621212158596904
XRP,2023-03-28 02:00:00+00:00,2023-03-28 02:00:00+00:00,2023-03-28 19:00:00+00:00,-1,0.479,0.5167110388299174,-37.23203882991744,0.5167110388299174,stop,-1.0,-1.0171624064284857,68,17.0,0.03771103882991744
XRP,2023-03-28 19:00:00+00:00,2023-03-28 19:00:00+00:00,2023-03-29 08:15:00+00:00,-1,0.5213,0.5634070116278634,-41.58571162786346,0.5634070116278634,stop,-1.0,-1.0167444691584704,53,13.25,0.042107011627863455
XRP,2023-03-29 09:00:00+00:00,2023-03-29 09:00:00+00:00,2023-03-31 09:00:00+00:00,-1,0.5708,0.6175463150850845,-46.175515085084534,0.5338,tempo,0.7915062381420863,0.7761469526306366,192,48.0,0.04674631508508453
XRP,2023-05-08 18:00:00+00:00,2023-05-08 18:00:00+00:00,2023-05-10 18:00:00+00:00,1,0.4188,0.3995988970125671,19.619902987432884,0.422,tempo,0.16665709267297715,0.1381941444580909,192,48.0,0.019201102987432883
XRP,2023-05-12 05:00:00+00:00,2023-05-12 05:00:00+00:00,2023-05-14 05:00:00+00:00,-1,0.4379,0.45954121127422815,-21.203311274228135,0.4262,tempo,0.5406351729458492,0.5146816811157098,192,48.0,0.021641211274228134
XRP,2023-05-17 01:00:00+00:00,2023-05-17 01:00:00+00:00,2023-05-18 10:30:00+00:00,-1,0.4462,0.4661236883237849,-19.477488323784936,0.4661236883237849,stop,-1.0,-1.0297640872399376,134,33.5,0.019923688323784938
XRP,2023-05-30 05:00:00+00:00,2023-05-30 05:00:00+00:00,2023-05-30 16:15:00+00:00,-1,0.5032,0.5225410783163461,-18.837878316346128,0.5225410783163461,stop,-1.0,-1.0344723127635618,45,11.25,0.019341078316346128
XRP,2023-05-30 17:00:00+00:00,2023-05-30 17:00:00+00:00,2023-06-01 17:00:00+00:00,-1,0.5185,0.5396628365018538,-20.6443365018538,0.5065,tempo,0.5670317397646033,0.5355496650464228,192,48.0,0.0211628365018538
XRP,2023-06-13 12:00:00+00:00,2023-06-13 12:00:00+00:00,2023-06-15 12:00:00+00:00,-1,0.5613,0.5948107782249973,-32.94947822499726,0.4762,tempo,2.5394814596254265,2.5193573373065674,192,48.0,0.03351077822499726
XRP,2023-06-16 17:00:00+00:00,2023-06-16 17:00:00+00:00,2023-06-18 17:00:00+00:00,1,0.4644,0.43184322748354814,33.021172516451834,0.4935,tempo,0.8938232432374855,0.8746986509676171,192,48.0,0.03255677251645184
XRP,2023-06-20 17:00:00+00:00,2023-06-20 17:00:00+00:00,2023-06-22 17:00:00+00:00,1,0.4804,0.4511964380597129,29.683961940287116,0.4933,tempo,0.441726938185719,0.4200547530839801,192,48.0,0.029203561940287115
XRP,2023-07-13 16:00:00+00:00,2023-07-13 16:00:00+00:00,2023-07-13 17:45:00+00:00,-1,0.5919,0.6578481457463323,-65.35624574633235,0.6578481457463323,stop,-1.0,-1.0123178034126956,7,1.75,0.06594814574633234
XRP,2023-07-13 18:00:00+00:00,2023-07-13 18:00:00+00:00,2023-07-13 18:30:00+00:00,-1,0.7444,0.8524360104649683,-107.29161046496836,0.8524360104649683,stop,-1.0,-1.0096073837078499,2,0.5,0.10803601046496836
XRP,2023-07-13 19:00:00+00:00,2023-07-13 19:00:00+00:00,2023-07-15 19:00:00+00:00,-1,0.7884,0.9045645712508084,-115.37617125080837,0.725,tempo,0.5457774200630798,0.5373091754906784,192,48.0,0.11616457125080837
XRP,2023-08-29 17:00:00+00:00,2023-08-29 17:00:00+00:00,2023-08-31 17:00:00+00:00,1,0.5393,0.5036927149266598,36.146585073340205,0.5076,tempo,-0.8902672566781646,-0.9093780930870177,192,48.0,0.03560728507334021
XRP,2023-09-11 11:00:00+00:00,2023-09-11 11:00:00+00:00,2023-09-13 11:00:00+00:00,1,0.4721,0.45245105057464224,20.12104942535778,0.4807,tempo,0.4376824334893622,0.40616319108138177,192,48.0,0.019648949425357776
XRP,2023-09-29 13:00:00+00:00,2023-09-29 13:00:00+00:00,2023-10-01 13:00:00+00:00,-1,0.537,0.5576112358931513,-20.074235893151283,0.5205,tempo,0.8005342370314972,0.7671847084751624,192,48.0,0.02061123589315128
XRP,2023-10-04 00:00:00+00:00,2023-10-04 00:00:00+00:00,2023-10-06 00:00:00+00:00,-1,0.5387,0.5605602193487307,-21.321519348730725,0.5223,tempo,0.7502212003628503,0.7186730265317381,192,48.0,0.021860219348730725
XRP,2023-10-20 00:00:00+00:00,2023-10-20 00:00:00+00:00,2023-10-22 00:00:00+00:00,-1,0.5193,0.5369545548863957,-17.135254886395668,0.5205,tempo,-0.06797112743548582,-0.10625416568533799,192,48.0,0.017654554886395668
XRP,2023-10-31 11:00:00+00:00,2023-10-31 11:00:00+00:00,2023-11-02 11:00:00+00:00,-1,0.6011,0.6287869312238742,-27.085831223874223,0.6172,tempo,-0.5815017876057387,-0.6101035489781639,192,48.0,0.027686931223874223
XRP,2023-11-05 15:00:00+00:00,2023-11-05 15:00:00+00:00,2023-11-06 00:45:00+00:00,-1,0.6475,0.677366173175309,-29.21867317530904,0.677366173175309,stop,-1.0,-1.0288340594393892,39,9.75,0.02986617317530904
XRP,2023-11-06 01:00:00+00:00,2023-11-06 01:00:00+00:00,2023-11-06 12:45:00+00:00,-1,0.6849,0.7183803399457164,-32.795439945716424,0.7183803399457164,stop,-1.0,-1.0272438159960027,47,11.75,0.03348033994571642
XRP,2023-11-06 13:00:00+00:00,2023-11-06 13:00:00+00:00,2023-11-08 13:00:00+00:00,-1,0.7128,0.7482922978731791,-34.77949787317909,0.691,tempo,0.6142177685394081,0.5885088104082543,192,48.0,0.03549229787317909
XRP,2023-11-09 17:00:00+00:00,2023-11-09 17:00:00+00:00,2023-11-11 17:00:00+00:00,1,0.6548,0.616083936707007,39.37086329299304,0.6779,tempo,0.596651571343531,0.5742770082727867,192,48.0,0.03871606329299304
XRP,2023-12-04 12:00:00+00:00,2023-12-04 12:00:00+00:00,2023-12-06 12:00:00+00:00,1,0.6201,0.5921251204944096,28.594979505590413,0.621,tempo,0.03217172034003431,0.0033345988132449447,192,48.0,0.02797487950559041
XRP,2023-12-09 12:00:00+00:00,2023-12-09 12:00:00+00:00,2023-12-11 12:00:00+00:00,-1,0.6871,0.718656613350168,-30.869513350167907,0.6268,tempo,1.9108514380450516,1.8837878558246404,192,48.0,0.031556613350167906
XRP,2023-12-25 10:00:00+00:00,2023-12-25 10:00:00+00:00,2023-12-27 10:00:00+00:00,-1,0.6422,0.6684649620726023,-25.622762072602317,0.6296,tempo,0.47972656366952615,0.4482523130037572,192,48.0,0.026264962072602316
XRP,2024-01-02 18:00:00+00:00,2024-01-02 18:00:00+00:00,2024-01-03 12:15:00+00:00,1,0.6236,0.5993471954402685,24.876404559731554,0.5993471954402685,stop,-1.0,-1.0327762372833376,73,18.25,0.024252804559731556
XRP,2024-01-09 01:00:00+00:00,2024-01-09 01:00:00+00:00,2024-01-11 01:00:00+00:00,1,0.5713,0.5367700210132934,35.101278986706625,0.5983,tempo,0.7819292334465221,0.7599124230600264,192,48.0,0.03452997898670662
XRP,2024-01-30 20:00:00+00:00,2024-01-30 20:00:00+00:00,2024-01-31 14:15:00+00:00,1,0.5143,0.4938605158875267,20.953784112473258,0.4938605158875267,stop,-1.0,-1.0320607081725215,73,18.25,0.02043948411247326
XRP,2024-02-15 21:00:00+00:00,2024-02-15 21:00:00+00:00,2024-02-17 21:00:00+00:00,-1,0.5603,0.5799335780009464,-19.07327800094634,0.5508,tempo,0.48386493789069746,0.44708025198346296,192,48.0,0.01963357800094634
XRP,2024-02-21 11:00:00+00:00,2024-02-21 11:00:00+00:00,2024-02-23 11:00:00+00:00,1,0.5413,0.520348166283539,21.49313371646103,0.5366,tempo,-0.22432404073097584,-0.25776431185385795,192,48.0,0.020951833716461032
XRP,2024-02-27 20:00:00+00:00,2024-02-27 20:00:00+00:00,2024-02-29 16:15:00+00:00,-1,0.5942,0.6177370828516849,-22.942882851684985,0.6177370828516849,stop,-1.0,-1.0334688503591345,177,44.25,0.023537082851684987
XRP,2024-02-29 19:00:00+00:00,2024-02-29 19:00:00+00:00,2024-03-02 03:15:00+00:00,-1,0.6053,0.636151905072503,-30.246605072503016,0.636151905072503,stop,-1.0,-1.0261553941774675,129,32.25,0.030851905072503016
XRP,2024-03-02 08:00:00+00:00,2024-03-02 08:00:00+00:00,2024-03-04 08:00:00+00:00,-1,0.6314,0.664805162339679,-32.77376233967905,0.6378,tempo,-0.1915871545518004,-0.21628333748338516,192,48.0,0.03340516233967905
XRP,2024-03-11 16:00:00+00:00,2024-03-11 16:00:00+00:00,2024-03-13 16:00:00+00:00,-1,0.6938,0.7503863307244184,-55.89253072441843,0.6776,tempo,0.28628822177737145,0.2705351240135093,192,48.0,0.05658633072441843
XRP,2024-04-09 13:00:00+00:00,2024-04-09 13:00:00+00:00,2024-04-11 13:00:00+00:00,-1,0.6308,0.6631096278781556,-31.67882787815561,0.6144,tempo,0.5075886377226908,0.4825379004300085,192,48.0,0.03230962787815561
XRP,2024-04-12 19:00:00+00:00,2024-04-12 19:00:00+00:00,2024-04-13 20:00:00+00:00,1,0.5284,0.4944201585009322,34.50824149906779,0.4944201585009322,stop,-1.0,-1.0195655151317833,100,25.0,0.0339798414990678
XRP,2024-04-13 21:00:00+00:00,2024-04-13 21:00:00+00:00,2024-04-15 21:00:00+00:00,1,0.4311,0.3891095293111797,42.42157068882028,0.4922,tempo,1.4550920482124428,1.4407996387644157,192,48.0,0.04199047068882028
XRP,2024-05-01 08:00:00+00:00,2024-05-01 08:00:00+00:00,2024-05-01 19:30:00+00:00,-1,0.4905,0.5203980829262674,-29.407582926267445,0.5203980829262674,stop,-1.0,-1.021977454391391,46,11.5,0.029898082926267444
XRP,2024-05-01 20:00:00+00:00,2024-05-01 20:00:00+00:00,2024-05-03 20:00:00+00:00,-1,0.5105,0.5416868146383297,-30.67631463832973,0.5302,tempo,-0.6316772080912693,-0.6533676246293088,192,48.0,0.03118681463832973
XRP,2024-05-06 16:00:00+00:00,2024-05-06 16:00:00+00:00,2024-05-08 16:00:00+00:00,-1,0.5592,0.5915836659374347,-31.82446593743469,0.5273,tempo,0.9850645094236985,0.9632564472554305,192,48.0,0.03238366593743469
XRP,2024-06-07 19:00:00+00:00,2024-06-07 19:00:00+00:00,2024-06-09 19:00:00+00:00,1,0.4903,0.4726896011236246,18.10069887637539,0.4967,tempo,0.36342163768849417,0.32699145774176686,192,48.0,0.017610398876375388
XRP,2024-06-15 19:00:00+00:00,2024-06-15 19:00:00+00:00,2024-06-15 19:45:00+00:00,-1,0.4876,0.5045765633465812,-16.488963346581208,0.5045765633465812,stop,-1.0,-1.037988534723381,3,0.75,0.016976563346581208
XRP,2024-06-15 20:00:00+00:00,2024-06-15 20:00:00+00:00,2024-06-17 14:30:00+00:00,-1,0.494,0.5114424528887797,-16.94845288877966,0.5114424528887797,stop,-1.0,-1.037468216113005,170,42.5,0.017442452888779658
XRP,2024-06-17 15:00:00+00:00,2024-06-17 15:00:00+00:00,2024-06-19 15:00:00+00:00,-1,0.514,0.5338225725966529,-19.308572596652876,0.4913,tempo,1.1451591305476156,1.1121944385625633,192,48.0,0.019822572596652877
XRP,2024-07-05 01:00:00+00:00,2024-07-05 01:00:00+00:00,2024-07-05 03:00:00+00:00,1,0.4285,0.4124025959049481,16.525904095051892,0.4124025959049481,stop,-1.0,-1.0339549584585648,8,2.0,0.016097404095051893
XRP,2024-07-05 03:00:00+00:00,2024-07-05 03:00:00+00:00,2024-07-07 03:00:00+00:00,1,0.3981,0.37876308847383366,19.735011526166346,0.4461,tempo,2.4822991993859667,2.453921865225986,192,48.0,0.019336911526166345
XRP,2024-07-12 08:00:00+00:00,2024-07-12 08:00:00+00:00,2024-07-13 03:00:00+00:00,-1,0.4625,0.4851575596576511,-22.195059657651097,0.4851575596576511,stop,-1.0,-1.0271863970826827,76,19.0,0.022657559657651094
XRP,2024-07-13 03:00:00+00:00,2024-07-13 03:00:00+00:00,2024-07-13 05:30:00+00:00,-1,0.4854,0.5095722888920297,-23.68688889202966,0.5095722888920297,stop,-1.0,-1.0267550992240981,10,2.5,0.02417228889202966
XRP,2024-07-13 06:00:00+00:00,2024-07-13 06:00:00+00:00,2024-07-13 15:30:00+00:00,-1,0.5064,0.5321811746660998,-25.27477466609986,0.5321811746660998,stop,-1.0,-1.0261849109777235,38,9.5,0.02578117466609986
XRP,2024-07-13 16:00:00+00:00,2024-07-13 16:00:00+00:00,2024-07-13 20:00:00+00:00,-1,0.536,0.564302487454748,-27.766487454747946,0.564302487454748,stop,-1.0,-1.0252697441519616,16,4.0,0.02830248745474795
XRP,2024-07-13 20:00:00+00:00,2024-07-13 20:00:00+00:00,2024-07-15 20:00:00+00:00,-1,0.5605,0.591751141286909,-30.690641286908978,0.535,tempo,0.81597019980457,0.7931846319604194,192,48.0,0.03125114128690898
XRP,2024-07-16 15:00:00+00:00,2024-07-16 15:00:00+00:00,2024-07-17 07:15:00+00:00,-1,0.5785,0.6148162948463226,-35.73779484632259,0.6148162948463226,stop,-1.0,-1.0213583350100115,65,16.25,0.036316294846322594
XRP,2024-07-17 08:00:00+00:00,2024-07-17 08:00:00+00:00,2024-07-19 08:00:00+00:00,-1,0.6088,0.6483584279498764,-38.9496279498764,0.549,tempo,1.5116879790008642,1.4926637144129598,192,48.0,0.03955842794987641
XRP,2024-07-31 02:00:00+00:00,2024-07-31 02:00:00+00:00,2024-08-02 02:00:00+00:00,-1,0.6491,0.6893362768437004,-39.58717684370035,0.5873,tempo,1.535927398055861,1.5159538800506576,192,48.0,0.04023627684370035
XRP,2024-08-07 21:00:00+00:00,2024-08-07 21:00:00+00:00,2024-08-09 21:00:00+00:00,-1,0.6016,0.6644142733103781,-62.21267331037804,0.5784,tempo,0.36934280661600755,0.35713220606969387,192,48.0,0.06281427331037803
XRP,2024-09-12 13:00:00+00:00,2024-09-12 13:00:00+00:00,2024-09-14 13:00:00+00:00,-1,0.5767,0.6071201680998822,-29.84346809988224,0.5852,tempo,-0.2794198892028137,-0.30424667508776493,192,48.0,0.03042016809988224
XRP,2024-09-28 11:00:00+00:00,2024-09-28 11:00:00+00:00,2024-09-29 15:15:00+00:00,-1,0.6192,0.645699924478752,-25.880724478752047,0.645699924478752,stop,-1.0,-1.0310259356237195,113,28.25,0.026499924478752046
XRP,2024-09-29 16:00:00+00:00,2024-09-29 16:00:00+00:00,2024-10-01 16:00:00+00:00,-1,0.6597,0.6893236751564207,-28.963975156420723,0.6115,tempo,1.6270769830377678,1.5991844276530283,192,48.0,0.029623675156420726
XRP,2024-10-02 19:00:00+00:00,2024-10-02 19:00:00+00:00,2024-10-02 22:00:00+00:00,1,0.5689,0.5387060113374409,30.762888662559067,0.5387060113374409,stop,-1.0,-1.0238439483903654,12,3.0,0.030193988662559068
XRP,2024-10-02 22:00:00+00:00,2024-10-02 22:00:00+00:00,2024-10-03 09:15:00+00:00,1,0.5409,0.5091321527046664,32.30874729533366,0.5091321527046664,stop,-1.0,-1.0214846442981451,45,11.25,0.03176784729533366
XRP,2024-10-03 10:00:00+00:00,2024-10-03 10:00:00+00:00,2024-10-05 10:00:00+00:00,1,0.5192,0.4880393057006445,31.679894299355475,0.5325,tempo,0.4268197580011905,0.4048817038155962,192,48.0,0.031160694299355474
XRP,2024-10-26 00:00:00+00:00,2024-10-26 00:00:00+00:00,2024-10-28 00:00:00+00:00,1,0.5017,0.4828004871210092,19.401212878990833,0.5167,tempo,0.7936712494148136,0.7586460080639716,192,48.0,0.018899512878990832
XRP,2024-11-07 04:00:00+00:00,2024-11-07 04:00:00+00:00,2024-11-09 04:00:00+00:00,-1,0.5601,0.5807796002415038,-20.11950024150373,0.5466,tempo,0.6528172615689988,0.6180315311100384,192,48.0,0.020679600241503726
XRP,2024-11-10 13:00:00+00:00,2024-11-10 13:00:00+00:00,2024-11-11 20:45:00+00:00,-1,0.6073,0.6319039816622241,-23.99668166222411,0.6319039816622241,stop,-1.0,-1.032737895806399,127,31.75,0.024603981662224106
XRP,2024-11-12 09:00:00+00:00,2024-11-12 09:00:00+00:00,2024-11-12 20:30:00+00:00,-1,0.6864,0.73506089577299,-47.974495772990046,0.73506089577299,stop,-1.0,-1.0189875169286402,46,11.5,0.04866089577299004
XRP,2024-11-12 21:00:00+00:00,2024-11-12 21:00:00+00:00,2024-11-14 17:30:00+00:00,-1,0.705,0.7612636889501887,-55.55868895018874,0.7612636889501887,stop,-1.0,-1.0169393691668778,178,44.5,0.05626368895018874
XRP,2024-11-14 19:00:00+00:00,2024-11-14 19:00:00+00:00,2024-11-14 22:30:00+00:00,-1,0.7742,0.8449769737423354,-70.00277374233539,0.8449769737423354,stop,-1.0,-1.0148701615410123,14,3.5,0.07077697374233538
XRP,2024-11-14 23:00:00+00:00,2024-11-14 23:00:00+00:00,2024-11-15 13:00:00+00:00,-1,0.7939,0.8700637470566168,-75.36984705661678,0.8700637470566168,stop,-1.0,-1.0142006725953596,56,14.0,0.07616374705661677
XRP,2024-11-15 13:00:00+00:00,2024-11-15 13:00:00+00:00,2024-11-16 05:15:00+00:00,-1,0.8658,0.9525795369637557,-85.91373696375574,0.9525795369637557,stop,-1.0,-1.0136201083847691,65,16.25,0.08677953696375573
XRP,2024-11-16 06:00:00+00:00,2024-11-16 06:00:00+00:00,2024-11-16 13:45:00+00:00,-1,0.983,1.0910407281366288,-107.0577281366288,1.0910407281366288,stop,-1.0,-1.0124779469422305,31,7.75,0.1080407281366288
XRP,2024-11-16 14:00:00+00:00,2024-11-16 14:00:00+00:00,2024-11-16 15:15:00+00:00,-1,1.1165,1.2452160497420177,-127.59954974201767,1.2452160497420177,stop,-1.0,-1.0119263715395952,5,1.25,0.12871604974201767
XRP,2024-11-16 16:00:00+00:00,2024-11-16 16:00:00+00:00,2024-11-18 16:00:00+00:00,-1,1.1106,1.248289522299686,-136.5789222996859,1.1678,tempo,-0.41542739813928753,-0.4261831911383847,192,48.0,0.1376895222996859
XRP,2024-11-22 03:00:00+00:00,2024-11-22 03:00:00+00:00,2024-11-23 00:30:00+00:00,-1,1.3603,1.533397346139259,-171.73704613925887,1.533397346139259,stop,-1.0,-1.0108661589385508,86,21.5,0.17309734613925887
XRP,2024-11-23 01:00:00+00:00,2024-11-23 01:00:00+00:00,2024-11-25 01:00:00+00:00,-1,1.5823,1.790636843228241,-206.75454322824086,1.4011,tempo,0.8697453469691321,0.860437295786483,192,48.0,0.20833684322824086
XRP,2024-11-30 02:00:00+00:00,2024-11-30 02:00:00+00:00,2024-12-01 19:30:00+00:00,-1,1.8363,2.0622302409916986,-224.09394099169856,2.0622302409916986,stop,-1.0,-1.0112160490137205,166,41.5,0.22593024099169856
XRP,2024-12-02 01:00:00+00:00,2024-12-02 01:00:00+00:00,2024-12-02 15:15:00+00:00,-1,2.4243,2.7368127779322875,-310.08847793228733,2.7368127779322875,stop,-1.0,-1.010734675643832,57,14.25,0.3125127779322874
XRP,2024-12-02 16:00:00+00:00,2024-12-02 16:00:00+00:00,2024-12-04 16:00:00+00:00,-1,2.7005,3.076387508947845,-373.1870089478453,2.5145,tempo,0.4948288931458151,0.48581090260527193,192,48.0,0.3758875089478453
XRP,2024-12-05 04:00:00+00:00,2024-12-05 04:00:00+00:00,2024-12-07 04:00:00+00:00,1,2.2569,1.9014955516917849,357.661348308215,2.4174,tempo,0.4515981743166336,0.4430493364659461,192,48.0,0.35540444830821505
XRP,2025-01-01 19:00:00+00:00,2025-01-01 19:00:00+00:00,2025-01-03 19:00:00+00:00,-1,2.3206,2.5323578589355438,-209.43725893554353,2.4512,tempo,-0.6167421632259364,-0.6313894118125597,192,48.0,0.21175785893554355
XRP,2025-01-11 18:00:00+00:00,2025-01-11 18:00:00+00:00,2025-01-13 18:00:00+00:00,-1,2.4815,2.6647039469365943,-180.72244693659425,2.4451,tempo,0.1986856757654779,0.18120630344000999,192,48.0,0.18320394693659425
XRP,2025-01-15 03:00:00+00:00,2025-01-15 03:00:00+00:00,2025-01-15 22:00:00+00:00,-1,2.8474,3.063798443322122,-213.55104332212198,3.063798443322122,stop,-1.0,-1.017755575914379,76,19.0,0.216398443322122
XRP,2025-01-15 23:00:00+00:00,2025-01-15 23:00:00+00:00,2025-01-16 13:00:00+00:00,-1,3.081,3.3285903573670144,-244.50935736701442,3.3285903573670144,stop,-1.0,-1.016827124354091,56,14.0,0.2475903573670144
XRP,2025-01-16 13:00:00+00:00,2025-01-16 13:00:00+00:00,2025-01-18 13:00:00+00:00,-1,3.3383,3.628422783560617,-286.78448356061705,3.1669,tempo,0.5907843496344649,0.5762098996443401,192,48.0,0.29012278356061705
XRP,2025-02-02 18:00:00+00:00,2025-02-02 18:00:00+00:00,2025-02-03 00:45:00+00:00,1,2.5744,2.3717695441914413,205.20485580855853,2.3717695441914413,stop,-1.0,-1.0158663720658159,27,6.75,0.20263045580855854
XRP,2025-02-03 01:00:00+00:00,2025-02-03 01:00:00+00:00,2025-02-03 02:00:00+00:00,1,2.3939,2.181010579787771,215.2833202122291,2.181010579787771,stop,-1.0,-1.0139682463971087,4,1.0,0.21288942021222912
XRP,2025-02-03 02:00:00+00:00,2025-02-03 02:00:00+00:00,2025-02-03 02:15:00+00:00,1,2.0977,1.8701681784726638,229.62952152733632,1.8701681784726638,stop,-1.0,-1.0113351807175568,1,0.25,0.2275318215273363
XRP,2025-02-03 03:00:00+00:00,2025-02-03 03:00:00+00:00,2025-02-05 03:00:00+00:00,1,2.1518,1.9174031605239006,236.54863947609957,2.5174,tempo,1.5597479932628457,1.5467999517842,192,48.0,0.23439683947609957
XRP,2025-02-14 10:00:00+00:00,2025-02-14 10:00:00+00:00,2025-02-16 10:00:00+00:00,-1,2.7541,3.02727662826743,-270.4225282674299,2.7596,tempo,-0.020133493977439815,-0.03325286301984372,192,48.0,0.27317662826742994
XRP,2025-02-25 20:00:00+00:00,2025-02-25 20:00:00+00:00,2025-02-27 20:00:00+00:00,-1,2.261,2.455392216968267,-192.13121696826704,2.189,tempo,0.37038519917571333,0.3555054882227168,192,48.0,0.19439221696826703
XRP,2025-02-28 09:00:00+00:00,2025-02-28 09:00:00+00:00,2025-03-01 02:30:00+00:00,-1,2.016,2.18933246833221,-171.31646833221018,2.18933246833221,stop,-1.0,-1.01577007545509,70,17.5,0.17333246833221017
XRP,2025-03-02 16:00:00+00:00,2025-03-02 16:00:00+00:00,2025-03-02 16:45:00+00:00,-1,2.5973,2.8820967133027535,-282.1994133027533,2.8820967133027535,stop,-1.0,-1.0125057899100844,3,0.75,0.28479671330275336
XRP,2025-03-02 17:00:00+00:00,2025-03-02 17:00:00+00:00,2025-03-04 17:00:00+00:00,-1,2.8464,3.181332941703516,-332.0865417035158,2.3907,tempo,1.3605708584000313,1.350407286603581,192,48.0,0.33493294170351584
DOGE,2023-01-09 12:00:00+00:00,2023-01-09 12:00:00+00:00,2023-01-11 12:00:00+00:00,-1,0.07788,0.08151299156602589,-3.555111566025881,0.07679,tempo,0.300028221973649,0.27235529783582185,192,48.0,0.003632991566025881
DOGE,2023-01-12 01:00:00+00:00,2023-01-12 01:00:00+00:00,2023-01-12 13:45:00+00:00,1,0.07952,0.07556227017991007,4.03724982008992,0.07556227017991007,stop,-1.0,-1.0254700245340778,51,12.75,0.00395772982008992
DOGE,2023-01-12 18:00:00+00:00,2023-01-12 18:00:00+00:00,2023-01-14 18:00:00+00:00,1,0.07998,0.07577232889755683,4.287651102443161,0.08625,tempo,1.490135480494033,1.4644563108609165,192,48.0,0.004207671102443161
DOGE,2023-01-15 09:00:00+00:00,2023-01-15 09:00:00+00:00,2023-01-17 09:00:00+00:00,1,0.08323,0.07795440047890251,5.3588295210974906,0.08447,tempo,0.2350443764810347,0.2143822698211032,192,48.0,0.00527559952109749
DOGE,2023-01-28 06:00:00+00:00,2023-01-28 06:00:00+00:00,2023-01-30 06:00:00+00:00,-1,0.09236,0.09832038656026183,-5.868026560261835,0.08922,tempo,0.5268114690638566,0.5070095654781241,192,48.0,0.005960386560261835
DOGE,2023-01-31 03:00:00+00:00,2023-01-31 03:00:00+00:00,2023-01-31 20:00:00+00:00,-1,0.09183,0.09765416811593787,-5.732338115937875,0.09765416811593787,stop,-1.0,-1.0211471761844098,68,17.0,0.005824168115937875
DOGE,2023-01-31 20:00:00+00:00,2023-01-31 20:00:00+00:00,2023-02-02 20:00:00+00:00,-1,0.09707,0.10352069140576092,-6.353621405760919,0.09291,tempo,0.6448921112990812,0.6257488920327375,192,48.0,0.006450691405760919
DOGE,2023-02-04 18:00:00+00:00,2023-02-04 18:00:00+00:00,2023-02-06 18:00:00+00:00,-1,0.09887,0.10554600916600469,-6.577139166004693,0.09216,tempo,1.0050914900129837,0.9864921296897099,192,48.0,0.006676009166004693
DOGE,2023-02-16 04:00:00+00:00,2023-02-16 04:00:00+00:00,2023-02-16 22:45:00+00:00,1,0.09001,0.08458064349066713,5.519366509332878,0.08458064349066713,stop,-1.0,-1.020901909475618,75,18.75,0.005429356509332878
DOGE,2023-03-13 14:00:00+00:00,2023-03-13 14:00:00+00:00,2023-03-15 14:00:00+00:00,1,0.06922,0.0648756634821342,4.41355651786581,0.0725,tempo,0.7550059684628937,0.7338018099864104,192,48.0,0.00434433651786581
DOGE,2023-03-15 17:00:00+00:00,2023-03-15 17:00:00+00:00,2023-03-17 17:00:00+00:00,1,0.06771,0.06318467307650481,4.593036923495193,0.07358,tempo,1.2971438526404258,1.2768495177663681,192,48.0,0.004525326923495193
DOGE,2023-03-21 03:00:00+00:00,2023-03-21 03:00:00+00:00,2023-03-23 03:00:00+00:00,1,0.07162,0.06698144646131633,4.710173538683671,0.07373,tempo,0.4548831833897032,0.43451530378842323,192,48.0,0.004638553538683671
DOGE,2023-04-01 19:00:00+00:00,2023-04-01 19:00:00+00:00,2023-04-03 17:45:00+00:00,-1,0.08128,0.08619133015408414,-4.83005015408414,0.08619133015408414,stop,-1.0,-1.0221643345458322,187,46.75,0.00491133015408414
DOGE,2023-04-03 18:00:00+00:00,2023-04-03 18:00:00+00:00,2023-04-03 19:00:00+00:00,-1,0.09383,0.10450090711359342,-10.577077113593418,0.10450090711359342,stop,-1.0,-1.0120809869537346,4,1.0,0.01067090711359342
DOGE,2023-04-03 19:00:00+00:00,2023-04-03 19:00:00+00:00,2023-04-05 19:00:00+00:00,-1,0.10007,0.11181180655005778,-11.64173655005777,0.09266,tempo,0.6310783582074551,0.6204092589111987,192,48.0,0.01174180655005777
DOGE,2023-06-05 17:00:00+00:00,2023-06-05 17:00:00+00:00,2023-06-07 17:00:00+00:00,1,0.06587,0.06331037708692971,2.6254929130702833,0.06744,tempo,0.6133715993801514,0.5795183706262093,192,48.0,0.0025596229130702836
DOGE,2023-06-07 19:00:00+00:00,2023-06-07 19:00:00+00:00,2023-06-09 19:00:00+00:00,1,0.06758,0.06464488343548055,3.0026965645194466,0.06876,tempo,0.4020283263241358,0.37183497691127887,192,48.0,0.0029351165645194466
DOGE,2023-06-10 05:00:00+00:00,2023-06-10 05:00:00+00:00,2023-06-12 05:00:00+00:00,1,0.05997,0.055605369764940966,4.424600235059036,0.06094,tempo,0.22224104855628815,0.20423459766184326,192,48.0,0.004364630235059036
DOGE,2023-06-20 19:00:00+00:00,2023-06-20 19:00:00+00:00,2023-06-22 19:00:00+00:00,1,0.06249,0.05918997441744649,3.3625155825535034,0.06629,tempo,1.1515062247061822,1.126140663771582,192,48.0,0.0033000255825535035
DOGE,2023-06-30 18:00:00+00:00,2023-06-30 18:00:00+00:00,2023-07-01 01:15:00+00:00,-1,0.06595,0.06961793494937912,-3.6019849493791285,0.06961793494937912,stop,-1.0,-1.0240241877059495,29,7.25,0.0036679349493791286
DOGE,2023-07-01 02:00:00+00:00,2023-07-01 02:00:00+00:00,2023-07-03 02:00:00+00:00,-1,0.06894,0.0728807478020624,-3.871807802062397,0.06795,tempo,0.25122135435357895,0.22864226417342762,192,48.0,0.003940747802062397
DOGE,2023-07-04 17:00:00+00:00,2023-07-04 17:00:00+00:00,2023-07-06 17:00:00+00:00,-1,0.07156,0.07537772235007778,-3.746162350077782,0.06556,tempo,1.5716176950054428,1.548271838018702,192,48.0,0.003817722350077782
DOGE,2023-07-13 17:00:00+00:00,2023-07-13 17:00:00+00:00,2023-07-14 01:15:00+00:00,-1,0.06883,0.0719598925113464,-3.0610625113463907,0.0719598925113464,stop,-1.0,-1.0292385217066156,33,8.25,0.003129892511346391
DOGE,2023-07-14 02:00:00+00:00,2023-07-14 02:00:00+00:00,2023-07-15 07:30:00+00:00,-1,0.07059,0.07389676602158059,-3.236176021580587,0.07389676602158059,stop,-1.0,-1.028401283096872,118,29.5,0.003306766021580587
DOGE,2023-07-15 08:00:00+00:00,2023-07-15 08:00:00+00:00,2023-07-17 08:00:00+00:00,-1,0.07315,0.07727172503527394,-4.048575035273929,0.07106,tempo,0.5070692445793167,0.48432718895993443,192,48.0,0.004121725035273929
DOGE,2023-07-24 12:00:00+00:00,2023-07-24 12:00:00+00:00,2023-07-25 16:45:00+00:00,-1,0.0761,0.08125657130305777,-5.080471303057772,0.08125657130305777,stop,-1.0,-1.0198352287471204,115,28.75,0.005156571303057772
DOGE,2023-07-25 18:00:00+00:00,2023-07-25 18:00:00+00:00,2023-07-27 18:00:00+00:00,-1,0.08146,0.08706783397078899,-5.526373970788984,0.07812,tempo,0.5955953791424561,0.5770985761806868,192,48.0,0.0056078339707889835
DOGE,2023-08-16 09:00:00+00:00,2023-08-16 09:00:00+00:00,2023-08-16 20:30:00+00:00,1,0.07014,0.06737914477731217,2.830995222687819,0.06737914477731217,stop,-1.0,-1.0323767227526803,46,11.5,0.002760855222687819
DOGE,2023-08-18 11:00:00+00:00,2023-08-18 11:00:00+00:00,2023-08-20 11:00:00+00:00,-1,0.06268,0.06663579121432232,-3.893111214322324,0.06437,tempo,-0.427221738569313,-0.4480980931405558,192,48.0,0.003955791214322324
DOGE,2023-10-02 14:00:00+00:00,2023-10-02 14:00:00+00:00,2023-10-02 18:45:00+00:00,1,0.06343,0.06182247421598283,1.6709557840171694,0.06182247421598283,stop,-1.0,-1.0506456002447047,19,4.75,0.0016075257840171692
DOGE,2023-10-02 19:00:00+00:00,2023-10-02 19:00:00+00:00,2023-10-04 00:45:00+00:00,1,0.06161,0.05996501004706791,1.7065999529320868,0.05996501004706791,stop,-1.0,-1.048039051174592,119,29.75,0.0016449899529320869
DOGE,2023-10-09 10:00:00+00:00,2023-10-09 10:00:00+00:00,2023-10-11 10:00:00+00:00,1,0.05876,0.057312460321301426,1.506299678698574,0.05898,tempo,0.1519820169612147,0.09911230905185639,192,48.0,0.0014475396786985742
DOGE,2023-10-14 20:00:00+00:00,2023-10-14 20:00:00+00:00,2023-10-16 13:30:00+00:00,-1,0.05954,0.060938651367932785,-1.3391113679327822,0.060938651367932785,stop,-1.0,-1.0559904527923214,166,41.5,0.0013986513679327822
DOGE,2023-10-16 16:00:00+00:00,2023-10-16 16:00:00+00:00,2023-10-17 14:00:00+00:00,1,0.05967,0.05825479811122903,1.4748718887709713,0.05825479811122903,stop,-1.0,-1.0541626741601273,88,22.0,0.0014152018887709714
DOGE,2023-10-17 15:00:00+00:00,2023-10-17 15:00:00+00:00,2023-10-19 01:45:00+00:00,1,0.05897,0.05757596280862463,1.4530071913753746,0.05757596280862463,stop,-1.0,-1.0543420765918485,139,34.75,0.0013940371913753746
DOGE,2023-10-23 09:00:00+00:00,2023-10-23 09:00:00+00:00,2023-10-23 22:45:00+00:00,-1,0.06428,0.06602568635541713,-1.6814063554171224,0.06602568635541713,stop,-1.0,-1.0485188509769745,55,13.75,0.0017456863554171226
DOGE,2023-10-26 02:00:00+00:00,2023-10-26 02:00:00+00:00,2023-10-26 11:45:00+00:00,-1,0.07068,0.07380704185036986,-3.056361850369855,0.07380704185036986,stop,-1.0,-1.0300336809344692,39,9.75,0.003127041850369855
DOGE,2023-10-26 12:00:00+00:00,2023-10-26 12:00:00+00:00,2023-10-28 12:00:00+00:00,-1,0.07397,0.07752842995897903,-3.484459958979037,0.06915,tempo,1.3545299628105976,1.3283869724827253,192,48.0,0.003558429958979037
DOGE,2023-11-06 18:00:00+00:00,2023-11-06 18:00:00+00:00,2023-11-08 18:00:00+00:00,-1,0.07468,0.07832581377890178,-3.571133778901788,0.07535,tempo,-0.18377241423499832,-0.2105207634140876,192,48.0,0.003645813778901788
DOGE,2023-11-09 17:00:00+00:00,2023-11-09 17:00:00+00:00,2023-11-11 17:00:00+00:00,1,0.0714,0.06718151461871347,4.289885381286537,0.08044,tempo,2.1429492300961837,2.1195531551831777,192,48.0,0.004218485381286538
DOGE,2023-11-11 17:00:00+00:00,2023-11-11 17:00:00+00:00,2023-11-13 17:00:00+00:00,-1,0.08043,0.08545850569628967,-4.948075696289668,0.07661,tempo,0.7596690211206539,0.739369551225389,192,48.0,0.005028505696289667
DOGE,2023-11-16 11:00:00+00:00,2023-11-16 11:00:00+00:00,2023-11-18 11:00:00+00:00,-1,0.08283,0.08833660962287995,-5.423779622879951,0.08424,tempo,-0.2560559212589626,-0.27577685799447876,192,48.0,0.005506609622879952
DOGE,2023-11-19 02:00:00+00:00,2023-11-19 02:00:00+00:00,2023-11-21 02:00:00+00:00,1,0.07823,0.07232869352280123,5.979536477198761,0.07834,tempo,0.018639940227647315,0.0013945217100331427,192,48.0,0.005901306477198762
DOGE,2023-12-06 07:00:00+00:00,2023-12-06 07:00:00+00:00,2023-12-08 07:00:00+00:00,-1,0.1042,0.11090704247751088,-6.602842477510875,0.09722,tempo,1.040697151300945,1.0211769230574246,192,48.0,0.0067070424775108745
DOGE,2024-01-02 13:00:00+00:00,2024-01-02 13:00:00+00:00,2024-01-03 12:15:00+00:00,1,0.09238,0.08789715375767394,4.575226242326061,0.08789715375767394,stop,-1.0,-1.0261396763592066,93,23.25,0.004482846242326061
DOGE,2024-01-04 12:00:00+00:00,2024-01-04 12:00:00+00:00,2024-01-06 12:00:00+00:00,1,0.08263,0.07785956082567733,4.853069174322669,0.08063,tempo,-0.4192486114832335,-0.44149373318422813,192,48.0,0.004770439174322669
DOGE,2024-01-08 19:00:00+00:00,2024-01-08 19:00:00+00:00,2024-01-09 13:00:00+00:00,1,0.08081,0.07623251723717067,4.658292762829335,0.07623251723717067,stop,-1.0,-1.0222999498836052,72,18.0,0.004577482762829335
DOGE,2024-01-09 15:00:00+00:00,2024-01-09 15:00:00+00:00,2024-01-11 15:00:00+00:00,1,0.07753,0.07305823823431931,4.549291765680691,0.08717,tempo,2.155749904653652,2.1318096758110485,192,48.0,0.00447176176568069
DOGE,2024-01-11 18:00:00+00:00,2024-01-11 18:00:00+00:00,2024-01-13 18:00:00+00:00,-1,0.08479,0.09024591806865348,-5.371128068653476,0.0808,tempo,0.7313159673207377,0.7115881234188288,192,48.0,0.005455918068653476
DOGE,2024-01-20 21:00:00+00:00,2024-01-20 21:00:00+00:00,2024-01-20 23:30:00+00:00,-1,0.08473,0.08942945955962801,-4.614729559628013,0.08942945955962801,stop,-1.0,-1.0240886525944952,10,2.5,0.004699459559628014
DOGE,2024-01-21 00:00:00+00:00,2024-01-21 00:00:00+00:00,2024-01-23 00:00:00+00:00,-1,0.08776,0.09280473953142929,-4.9569795314292815,0.08055,tempo,1.4292115489969135,1.4075252955603552,192,48.0,0.005044739531429282
DOGE,2024-02-19 20:00:00+00:00,2024-02-19 20:00:00+00:00,2024-02-21 20:00:00+00:00,-1,0.08916,0.0927449280081354,-3.495768008135396,0.08342,tempo,1.6011479134236548,1.5698566295414031,192,48.0,0.0035849280081353962
DOGE,2024-02-27 11:00:00+00:00,2024-02-27 11:00:00+00:00,2024-02-27 20:45:00+00:00,-1,0.09611,0.10039464092781106,-4.188530927811056,0.10039464092781106,stop,-1.0,-1.0298106699616323,39,9.75,0.004284640927811056
DOGE,2024-02-27 21:00:00+00:00,2024-02-27 21:00:00+00:00,2024-02-28 16:30:00+00:00,-1,0.09858,0.10352153274981057,-4.842952749810573,0.10352153274981057,stop,-1.0,-1.0265840586187378,78,19.5,0.004941532749810573
DOGE,2024-02-29 04:00:00+00:00,2024-02-29 04:00:00+00:00,2024-03-01 18:30:00+00:00,-1,0.12437,0.13868892205569242,-14.19455205569242,0.13868892205569242,stop,-1.0,-1.0119414225925076,154,38.5,0.01431892205569242
DOGE,2024-03-01 23:00:00+00:00,2024-03-01 23:00:00+00:00,2024-03-03 23:00:00+00:00,-1,0.1399,0.1570290075586275,-16.989107558627506,0.15111,tempo,-0.654445388130719,-0.6654884388943183,192,48.0,0.017129007558627507
DOGE,2024-03-04 08:00:00+00:00,2024-03-04 08:00:00+00:00,2024-03-04 17:00:00+00:00,-1,0.1639,0.18488773690550803,-20.823836905508035,0.18488773690550803,stop,-1.0,-1.0108021188758605,36,9.0,0.020987736905508037
DOGE,2024-03-04 17:00:00+00:00,2024-03-04 17:00:00+00:00,2024-03-05 02:15:00+00:00,-1,0.18213,0.20628451238207457,-23.97238238207458,0.20628451238207457,stop,-1.0,-1.0104522678435732,37,9.25,0.024154512382074583
DOGE,2024-03-28 01:00:00+00:00,2024-03-28 01:00:00+00:00,2024-03-28 20:00:00+00:00,-1,0.20368,0.22831182852499812,-24.428148524998125,0.22831182852499812,stop,-1.0,-1.0113996688575628,76,19.0,0.024631828524998123
DOGE,2024-03-28 20:00:00+00:00,2024-03-28 20:00:00+00:00,2024-03-30 20:00:00+00:00,-1,0.22738,0.2553299870454585,-27.722607045458506,0.20124,tempo,0.9352419361585139,0.9252740245617438,192,48.0,0.027949987045458508
DOGE,2024-04-13 17:00:00+00:00,2024-04-13 17:00:00+00:00,2024-04-13 20:00:00+00:00,1,0.16596,0.14854029848193498,17.585661518065017,0.14854029848193498,stop,-1.0,-1.011735286841813,12,3.0,0.017419701518065017
DOGE,2024-05-04 13:00:00+00:00,2024-05-04 13:00:00+00:00,2024-05-06 13:00:00+00:00,-1,0.16486,0.1796324847324226,-14.607624732422597,0.15814,tempo,0.4548997762882077,0.4406875429501558,192,48.0,0.014772484732422597
DOGE,2024-05-14 08:00:00+00:00,2024-05-14 08:00:00+00:00,2024-05-16 08:00:00+00:00,-1,0.1523,0.16366475031949654,-11.212450319496547,0.15604,tempo,-0.3290877401489363,-0.34672305939182124,192,48.0,0.011364750319496547
DOGE,2024-05-21 17:00:00+00:00,2024-05-21 17:00:00+00:00,2024-05-23 17:00:00+00:00,-1,0.16814,0.1795293041265643,-11.221164126564277,0.15985,tempo,0.7278759007466069,0.7091571539618275,192,48.0,0.011389304126564276
DOGE,2024-06-08 13:00:00+00:00,2024-06-08 13:00:00+00:00,2024-06-10 13:00:00+00:00,1,0.14566,0.13705148889297697,8.754171107023042,0.14448,tempo,-0.1370736455270808,-0.15898115051318026,192,48.0,0.008608511107023042
DOGE,2024-06-18 00:00:00+00:00,2024-06-18 00:00:00+00:00,2024-06-18 01:45:00+00:00,1,0.12869,0.12147678305638482,7.3419069436151805,0.12147678305638482,stop,-1.0,-1.0225431191461092,7,1.75,0.0072132169436151805
DOGE,2024-06-18 02:00:00+00:00,2024-06-18 02:00:00+00:00,2024-06-20 02:00:00+00:00,1,0.11864,0.11100718281001186,7.751457189988137,0.12268,tempo,0.5292934311723351,0.5087429586409414,192,48.0,0.007632817189988136
DOGE,2024-06-25 06:00:00+00:00,2024-06-25 06:00:00+00:00,2024-06-27 06:00:00+00:00,-1,0.12271,0.1299996065445053,-7.166896544505293,0.12095,tempo,0.24143964276462054,0.21971295572972402,192,48.0,0.007289606544505292
DOGE,2024-07-04 19:00:00+00:00,2024-07-04 19:00:00+00:00,2024-07-05 00:45:00+00:00,1,0.1077,0.10182701606227541,5.980683937724591,0.10182701606227541,stop,-1.0,-1.0231896701718624,23,5.75,0.005872983937724591
DOGE,2024-07-05 01:00:00+00:00,2024-07-05 01:00:00+00:00,2024-07-05 03:00:00+00:00,1,0.10339,0.0975507890889424,5.942600911057602,0.0975507890889424,stop,-1.0,-1.0223680074066988,8,2.0,0.005839210911057602
DOGE,2024-07-05 03:00:00+00:00,2024-07-05 03:00:00+00:00,2024-07-07 03:00:00+00:00,1,0.09475,0.08831600952523982,6.528740474760176,0.11228,tempo,2.724592159215689,2.7036767567873046,192,48.0,0.006433990474760176
DOGE,2024-07-20 16:00:00+00:00,2024-07-20 16:00:00+00:00,2024-07-21 20:45:00+00:00,-1,0.13477,0.1432160756963555,-8.311305696355499,0.1432160756963555,stop,-1.0,-1.0213934797293611,115,28.75,0.008446075696355498
DOGE,2024-07-22 18:00:00+00:00,2024-07-22 18:00:00+00:00,2024-07-24 18:00:00+00:00,-1,0.14149,0.15136531399947267,-9.73382399947267,0.13197,tempo,0.9640199795680785,0.9460206531659517,192,48.0,0.009875313999472668
DOGE,2024-09-05 23:00:00+00:00,2024-09-05 23:00:00+00:00,2024-09-07 23:00:00+00:00,-1,0.09856,0.10415688116272834,-5.498321162728343,0.09482,tempo,0.6682293032959153,0.6457709025642611,192,48.0,0.005596881162728343
DOGE,2024-09-22 02:00:00+00:00,2024-09-22 02:00:00+00:00,2024-09-24 02:00:00+00:00,-1,0.10915,0.11430582579289043,-5.046675792890437,0.10773,tempo,0.27541659804683133,0.24807432434270588,192,48.0,0.005155825792890437
DOGE,2024-09-26 09:00:00+00:00,2024-09-26 09:00:00+00:00,2024-09-26 17:00:00+00:00,-1,0.11375,0.1191782737311088,-5.314523731108796,0.1191782737311088,stop,-1.0,-1.027891625482618,32,8.0,0.005428273731108796
DOGE,2024-09-26 17:00:00+00:00,2024-09-26 17:00:00+00:00,2024-09-27 08:30:00+00:00,-1,0.11919,0.1250898080817664,-5.780618081766392,0.1250898080817664,stop,-1.0,-1.0269130576880747,62,15.5,0.005899808081766392
DOGE,2024-09-27 09:00:00+00:00,2024-09-27 09:00:00+00:00,2024-09-28 14:30:00+00:00,-1,0.12349,0.12981591490604594,-6.202424906045934,0.12981591490604594,stop,-1.0,-1.0260276730139966,118,29.5,0.006325914906045935
DOGE,2024-10-01 18:00:00+00:00,2024-10-01 18:00:00+00:00,2024-10-03 09:15:00+00:00,1,0.10778,0.10134698358333027,6.5407964166697266,0.10134698358333027,stop,-1.0,-1.0211304511794694,157,39.25,0.006433016416669726
DOGE,2024-10-16 10:00:00+00:00,2024-10-16 10:00:00+00:00,2024-10-18 00:45:00+00:00,-1,0.12709,0.13526122244958821,-8.044132449588204,0.13526122244958821,stop,-1.0,-1.0208693736640135,155,38.75,0.008171222449588206
DOGE,2024-10-18 01:00:00+00:00,2024-10-18 01:00:00+00:00,2024-10-19 01:45:00+00:00,-1,0.13392,0.1428642081787408,-8.810288178740782,0.1428642081787408,stop,-1.0,-1.020114663223493,99,24.75,0.008944208178740781
DOGE,2024-10-19 03:00:00+00:00,2024-10-19 03:00:00+00:00,2024-10-21 03:00:00+00:00,-1,0.14553,0.155860240913386,-10.184710913385995,0.1439,tempo,0.15778915648403005,0.13957762573877702,192,48.0,0.010330240913385996
DOGE,2024-10-28 20:00:00+00:00,2024-10-28 20:00:00+00:00,2024-10-29 14:15:00+00:00,-1,0.15851,0.16984954648768066,-11.181036487680652,0.16984954648768066,stop,-1.0,-1.0188220671301862,73,18.25,0.011339546487680652
DOGE,2024-10-29 17:00:00+00:00,2024-10-29 17:00:00+00:00,2024-10-31 17:00:00+00:00,-1,0.17819,0.19165613993309852,-13.287949933098531,0.16504,tempo,0.9765233441306003,0.9599559015592037,192,48.0,0.013466139933098531
DOGE,2024-11-04 18:00:00+00:00,2024-11-04 18:00:00+00:00,2024-11-05 09:15:00+00:00,-1,0.15715,0.16984385106632952,-12.536701066329504,0.16984385106632952,stop,-1.0,-1.0167440126784608,61,15.25,0.012693851066329503
DOGE,2024-11-05 10:00:00+00:00,2024-11-05 10:00:00+00:00,2024-11-06 01:00:00+00:00,-1,0.16776,0.1821187213053565,-14.19096130535651,0.1821187213053565,stop,-1.0,-1.0158385391019213,60,15.0,0.014358721305356509
DOGE,2024-11-06 04:00:00+00:00,2024-11-06 04:00:00+00:00,2024-11-08 04:00:00+00:00,-1,0.21143,0.23489811792370183,-23.25668792370182,0.19487,tempo,0.7056381791602944,0.6943848268097305,192,48.0,0.02346811792370182
DOGE,2024-11-10 01:00:00+00:00,2024-11-10 01:00:00+00:00,2024-11-10 16:30:00+00:00,-1,0.22671,0.2509265536555749,-23.98984365557493,0.2509265536555749,stop,-1.0,-1.0128203114403378,62,15.5,0.02421655365557493
DOGE,2024-11-10 17:00:00+00:00,2024-11-10 17:00:00+00:00,2024-11-10 19:00:00+00:00,-1,0.26392,0.29351822513371656,-29.334305133716573,0.29351822513371656,stop,-1.0,-1.0122417761436704,8,2.0,0.02959822513371657
DOGE,2024-11-10 19:00:00+00:00,2024-11-10 19:00:00+00:00,2024-11-11 15:30:00+00:00,-1,0.27798,0.3093933272163791,-31.135347216379074,0.3093933272163791,stop,-1.0,-1.01215384349645,82,20.5,0.03141332721637907
DOGE,2024-11-11 16:00:00+00:00,2024-11-11 16:00:00+00:00,2024-11-12 00:00:00+00:00,-1,0.31005,0.34854572040065057,-38.18567040065058,0.34854572040065057,stop,-1.0,-1.0111203846506842,32,8.0,0.03849572040065058
DOGE,2024-11-12 06:00:00+00:00,2024-11-12 06:00:00+00:00,2024-11-14 06:00:00+00:00,-1,0.39993,0.45415179724565047,-53.821867245650466,0.39456,tempo,0.09903766147166496,0.08951347514378691,192,48.0,0.05422179724565046
DOGE,2024-11-23 05:00:00+00:00,2024-11-23 05:00:00+00:00,2024-11-25 05:00:00+00:00,-1,0.45705,0.5162616017948161,-58.754551794816045,0.42172,tempo,0.5966736066764057,0.5870268401190786,192,48.0,0.05921160179481605
DOGE,2024-12-10 16:00:00+00:00,2024-12-10 16:00:00+00:00,2024-12-12 16:00:00+00:00,1,0.37283,0.3319159491055247,41.28688089447531,0.41482,tempo,1.026297789683544,1.0137844235218683,192,48.0,0.04091405089447531
DOGE,2024-12-19 19:00:00+00:00,2024-12-19 19:00:00+00:00,2024-12-20 10:15:00+00:00,1,0.31894,0.28704426231180735,32.21467768819265,0.28704426231180735,stop,-1.0,-1.012349291756575,61,15.25,0.03189573768819265
DOGE,2024-12-20 11:00:00+00:00,2024-12-20 11:00:00+00:00,2024-12-22 11:00:00+00:00,1,0.28389,0.2538851206197054,30.288769380294557,0.32047,tempo,1.2191350458826906,1.206042708632437,192,48.0,0.030004879380294558
DOGE,2025-01-03 17:00:00+00:00,2025-01-03 17:00:00+00:00,2025-01-05 17:00:00+00:00,-1,0.37249,0.40328588397901527,-30.423393979015284,0.38254,tempo,-0.3263423127210183,-0.3422785170635992,192,48.0,0.03079588397901528
DOGE,2025-01-19 10:00:00+00:00,2025-01-19 10:00:00+00:00,2025-01-21 01:00:00+00:00,1,0.37755,0.3442275543930955,33.6999956069045,0.3442275543930955,stop,-1.0,-1.0140792610449427,156,39.0,0.033322445606904505
DOGE,2025-02-02 17:00:00+00:00,2025-02-02 17:00:00+00:00,2025-02-02 22:45:00+00:00,1,0.28047,0.25680399590390884,23.946474096091155,0.25680399590390884,stop,-1.0,-1.0147565299118333,23,5.75,0.023666004096091153
DOGE,2025-02-02 23:00:00+00:00,2025-02-02 23:00:00+00:00,2025-02-03 02:00:00+00:00,1,0.26488,0.242067878601287,23.077001398712998,0.242067878601287,stop,-1.0,-1.0144447820231848,12,3.0,0.022812121398712998
DOGE,2025-02-03 02:00:00+00:00,2025-02-03 02:00:00+00:00,2025-02-03 02:15:00+00:00,1,0.22885,0.20544189237860702,23.636957621392977,0.20544189237860702,stop,-1.0,-1.012059485312179,1,0.25,0.023408107621392976
DOGE,2025-02-03 03:00:00+00:00,2025-02-03 03:00:00+00:00,2025-02-05 03:00:00+00:00,1,0.22783,0.20457022110196502,23.48760889803499,0.26556,tempo,1.622113441636691,1.6083255418717841,192,48.0,0.02325977889803499
DOGE,2025-02-24 22:00:00+00:00,2025-02-24 22:00:00+00:00,2025-02-25 07:30:00+00:00,1,0.21919,0.2034506069951731,15.958583004826906,0.2034506069951731,stop,-1.0,-1.0174540653799427,38,9.5,0.015739393004826907
DOGE,2025-02-25 20:00:00+00:00,2025-02-25 20:00:00+00:00,2025-02-27 20:00:00+00:00,-1,0.2085,0.22487058450655487,-16.162084506554873,0.20493,tempo,0.2180740705116877,0.20165868229556144,192,48.0,0.016370584506554875
DOGE,2025-03-03 11:00:00+00:00,2025-03-03 11:00:00+00:00,2025-03-03 20:00:00+00:00,1,0.22007,0.20026971696703239,20.020353032967602,0.20026971696703239,stop,-1.0,-1.013798833863822,36,9.0,0.019800283032967603
DOGE,2025-03-09 18:00:00+00:00,2025-03-09 18:00:00+00:00,2025-03-10 19:00:00+00:00,1,0.16795,0.15257466629327657,15.54328370672342,0.15257466629327657,stop,-1.0,-1.0135503421951437,100,25.0,0.01537533370672342
DOGE,2025-03-11 01:00:00+00:00,2025-03-11 01:00:00+00:00,2025-03-13 01:00:00+00:00,1,0.14811,0.13361981512917132,14.638294870828677,0.17132,tempo,1.6017739046743202,1.587444929450685,192,48.0,0.014490184870828676
DOGE,2025-03-25 02:00:00+00:00,2025-03-25 02:00:00+00:00,2025-03-26 07:45:00+00:00,-1,0.18534,0.1984060406218722,-12.880700621872194,0.1984060406218722,stop,-1.0,-1.0190903222806968,119,29.75,0.013066040621872194
DOGE,2025-03-26 08:00:00+00:00,2025-03-26 08:00:00+00:00,2025-03-28 08:00:00+00:00,-1,0.20115,0.21557028430740646,-14.219134307406467,0.18151,tempo,1.36197037321328,1.3447218228589537,192,48.0,0.014420284307406467
